ISO-10303-21;
HEADER;
FILE_DESCRIPTION(('FreeCAD Model'),'2;1');
FILE_NAME('C:/Users/mspitzbart/Desktop/RLS-686.step',
  '2019-06-18T12:39:02',('Author'),(''),
  'Open CASCADE STEP processor 7.3','FreeCAD','Unknown');
FILE_SCHEMA(('AUTOMOTIVE_DESIGN { 1 0 10303 214 1 1 1 1 }'));
ENDSEC;
DATA;
#1 = APPLICATION_PROTOCOL_DEFINITION('international standard',
  'automotive_design',2000,#2);
#2 = APPLICATION_CONTEXT(
  'core data for automotive mechanical design processes');
#3 = SHAPE_DEFINITION_REPRESENTATION(#4,#10);
#4 = PRODUCT_DEFINITION_SHAPE('','',#5);
#5 = PRODUCT_DEFINITION('design','',#6,#9);
#6 = PRODUCT_DEFINITION_FORMATION('','',#7);
#7 = PRODUCT('RLS-686','RLS-686','',(#8));
#8 = PRODUCT_CONTEXT('',#2,'mechanical');
#9 = PRODUCT_DEFINITION_CONTEXT('part definition',#2,'design');
#10 = SHAPE_REPRESENTATION('',(#11,#15,#976,#4675,#4712,#4749,#5990,
    #7239,#7310,#7381,#7452,#7523,#7594,#7665,#7736,#7807,#7878,#7949,
    #8020,#8091,#8162,#8233,#8304,#8375,#8446,#8517,#8588,#8659,#8684,
    #8692,#8701,#8709,#8717,#8725,#8733,#8741,#8749,#8757,#8765,#8773,
    #8781,#8789,#8797,#8805,#8830,#8838,#8847,#8855,#8863,#8871,#8879,
    #8887,#8895,#8903,#8911,#8919,#8927,#8935,#8943,#8951,#8959,#8967,
    #8975,#8983,#8991,#8999,#9007,#9015,#9023,#9031,#9039,#9048,#9057,
    #9066,#9074,#9083,#9091,#9100,#9109,#9118,#9126,#9135,#9143,#9151,
    #9159,#9167,#9175,#9183,#9191,#9199,#9207,#9215,#9223,#9231,#9239,
    #9247,#9255,#9263,#9271,#9280,#9289,#9298,#9306,#9315,#9323,#9332,
    #9341,#9350,#9358,#9367,#9375,#9383,#9391,#9399,#9407,#9416,#9425,
    #9433,#9442,#9450,#9459,#9468,#9476,#9485,#9493,#9502,#9510,#9519,
    #9527,#9536,#9544,#9553,#9561,#9570,#9578,#9587,#9595,#9604,#9612,
    #9621,#9629,#9638,#9646,#9655,#9664,#9672,#9681,#9689,#9698,#9707,
    #9715,#9724,#9733,#9741,#9750,#9758,#9767,#9775,#9784,#9792,#9801,
    #9809,#9818,#9826,#9835,#9843,#9852,#9861,#9869,#9878,#9887,#9895,
    #9904,#9912,#9921,#9929,#9938,#9946,#9955,#9963,#9972,#9980,#9989,
    #9997,#10006,#10014,#10022,#10030,#10038,#10046,#10054,#10062,#10070
    ,#10078,#10086,#10094,#10102,#10110,#10118,#10126,#10134,#10142,
    #10150,#10158,#10166,#10174,#10182,#10190,#10198,#10206,#10215,
    #10223,#10232,#10241,#10250,#10259,#10267,#10276,#10285,#10294,
    #10302,#10311,#10320,#10328,#10336,#10344,#10353,#10361,#10369,
    #10377,#10385,#10394,#10402,#10411,#10420,#10429,#10437,#10446,
    #10455,#10464,#10472,#10481,#10489,#10498,#10506,#10515,#10524,
    #10532,#10541,#10549,#10558,#10567,#10574,#10583,#10590,#10598,
    #10607,#10615,#10624,#10632,#10641,#10649,#10658,#10667,#10676,
    #10685,#10694,#10707,#10716,#10729,#10738,#10751,#10760,#10773,
    #10782,#10795,#10804,#10817,#10826,#10839,#10848,#10861,#10870,
    #10883,#10892,#10905,#10914,#10927,#10936,#10949,#10958,#10971,
    #10980,#10993,#11002,#11015,#11024,#11037,#11046,#11059,#11068,
    #11081,#11090,#11103,#11112,#11125,#11134,#11147,#11156,#11169,
    #11178,#11191,#11200,#11213,#11222,#11235,#11244,#11257,#11266,
    #11279,#11288,#11301,#11310,#11323,#11332,#11345,#11354,#11367,
    #11376,#11389,#11398,#11411,#11420,#11433,#11442,#11455,#11464,
    #11477,#11486,#11499,#11508,#11521,#11530,#11539,#11548,#11561,
    #11570,#11583,#11591,#11600,#11608,#11617,#11625,#11634,#11642,
    #11651,#11660,#11671,#11683,#11692,#11701,#11713,#11725,#11733,
    #11758,#11766,#11774,#11782,#11790,#11798,#11807,#11815,#11826,
    #11834,#11842,#11850,#11858,#11866,#11875,#11884,#11893,#11901,
    #11909,#11921,#11929,#11938,#11946,#11954,#11963,#11972,#11981,
    #11989,#11998,#12006,#12015,#12023,#12031,#12040,#12048,#12057,
    #12066,#12074,#12083,#12091,#12116,#12124,#12133,#12141,#12149,
    #12157,#12165,#12173,#12181,#12189,#12197,#12205,#12214,#12222,
    #12230,#12239,#12247,#12255,#12263,#12271,#12279,#12287,#12295,
    #12303,#12312,#12321,#12333,#12342,#12353,#12365,#12373,#12382,
    #12390,#12399,#12407,#12416,#12424,#12433,#12441,#12449,#12457,
    #12465,#12474,#12483,#12491,#12499,#12507,#12515,#12523,#12531,
    #12539,#12547,#12556,#12564,#12572,#12580,#12592,#12600,#12608,
    #12617,#12626,#12635,#12643,#12651,#12676,#12684,#12696,#12704,
    #12715,#12723,#12731,#12739,#12747,#12755,#12764,#12773,#12782,
    #12790,#12798,#12807,#12816,#12824,#12833,#12841,#12849,#12858,
    #12866,#12875,#12884,#12892,#12901,#12909,#12917,#12942,#12950,
    #12959,#12967,#12975,#12983,#12991,#12999,#13007,#13015),#13023);
#11 = AXIS2_PLACEMENT_3D('',#12,#13,#14);
#12 = CARTESIAN_POINT('',(0.,0.,0.));
#13 = DIRECTION('',(0.,0.,1.));
#14 = DIRECTION('',(1.,0.,-0.));
#15 = GEOMETRIC_CURVE_SET('',(#16,#17,#18,#19,#20,#21,#22,#23,#24,#25,
    #26,#27,#28,#29,#30,#31,#32,#33,#34,#35,#36,#37,#38,#39,#40,#41,#42,
    #43,#44,#45,#46,#47,#48,#49,#50,#51,#52,#53,#54,#55,#56,#57,#58,#59,
    #60,#61,#62,#63,#64,#65,#66,#67,#68,#69,#70,#71,#72,#73,#74,#75,#76,
    #77,#78,#79,#80,#81,#82,#83,#84,#85,#86,#87,#88,#89,#90,#91,#92,#93,
    #94,#95,#96,#97,#98,#99,#100,#101,#102,#103,#104,#105,#106,#107,#108
    ,#109,#110,#111,#112,#113,#114,#115,#116,#117,#118,#119,#120,#121,
    #122,#123,#124,#125,#126,#127,#128,#129,#130,#131,#132,#133,#134,
    #135,#136,#137,#138,#139,#140,#141,#142,#143,#144,#145,#146,#147,
    #148,#149,#150,#151,#152,#153,#154,#155,#156,#157,#158,#159,#160,
    #161,#162,#163,#164,#165,#166,#167,#168,#169,#170,#171,#172,#173,
    #174,#175,#176,#177,#178,#179,#180,#181,#182,#183,#184,#185,#186,
    #187,#188,#189,#190,#191,#192,#193,#194,#195,#196,#197,#198,#199,
    #200,#201,#202,#203,#204,#205,#206,#207,#208,#209,#210,#211,#212,
    #213,#214,#215,#216,#217,#218,#219,#220,#221,#222,#223,#224,#225,
    #226,#227,#228,#229,#230,#231,#232,#233,#234,#235,#236,#237,#238,
    #239,#240,#241,#242,#243,#244,#245,#246,#247,#248,#249,#250,#251,
    #252,#253,#254,#255,#256,#257,#258,#259,#260,#261,#262,#263,#264,
    #265,#266,#267,#268,#269,#270,#271,#272,#273,#274,#275,#276,#277,
    #278,#279,#280,#281,#282,#283,#284,#285,#286,#287,#288,#289,#290,
    #291,#292,#293,#294,#295,#296,#297,#298,#299,#300,#301,#302,#303,
    #304,#305,#306,#307,#308,#309,#310,#311,#312,#313,#314,#315,#316,
    #317,#318,#319,#320,#321,#322,#323,#324,#325,#326,#327,#328,#329,
    #330,#331,#332,#333,#334,#335,#336,#337,#338,#339,#340,#341,#342,
    #343,#344,#345,#346,#347,#348,#349,#350,#351,#352,#353,#354,#355,
    #356,#357,#358,#359,#360,#361,#362,#363,#364,#365,#366,#367,#368,
    #369,#370,#371,#372,#373,#374,#375,#376,#377,#378,#379,#380,#381,
    #382,#383,#384,#385,#386,#387,#388,#389,#390,#391,#392,#393,#394,
    #395,#396,#397,#398,#399,#400,#401,#402,#403,#404,#405,#406,#407,
    #408,#409,#410,#411,#412,#413,#414,#415,#416,#417,#418,#419,#420,
    #421,#422,#423,#424,#425,#426,#427,#428,#429,#430,#431,#432,#433,
    #434,#435,#436,#437,#438,#439,#440,#441,#442,#443,#444,#445,#446,
    #447,#448,#449,#450,#451,#452,#453,#454,#455,#456,#457,#458,#459,
    #460,#461,#462,#463,#464,#465,#466,#467,#468,#469,#470,#471,#472,
    #473,#474,#475,#476,#477,#478,#479,#480,#481,#482,#483,#484,#485,
    #486,#487,#488,#489,#490,#491,#492,#493,#494,#495,#496,#497,#498,
    #499,#500,#501,#502,#503,#504,#505,#506,#507,#508,#509,#510,#511,
    #512,#513,#514,#515,#516,#517,#518,#519,#520,#521,#522,#523,#524,
    #525,#526,#527,#528,#529,#530,#531,#532,#533,#534,#535,#536,#537,
    #538,#539,#540,#541,#542,#543,#544,#545,#546,#547,#548,#549,#550,
    #551,#552,#553,#554,#555,#556,#557,#558,#559,#560,#561,#562,#563,
    #564,#565,#566,#567,#568,#569,#570,#571,#572,#573,#574,#575,#576,
    #577,#578,#579,#580,#581,#582,#583,#584,#585,#586,#587,#588,#589,
    #590,#591,#592,#593,#594,#595,#596,#597,#598,#599,#600,#601,#602,
    #603,#604,#605,#606,#607,#608,#609,#610,#611,#612,#613,#614,#615,
    #616,#617,#618,#619,#620,#621,#622,#623,#624,#625,#626,#627,#628,
    #629,#630,#631,#632,#633,#634,#635,#636,#637,#638,#639,#640,#641,
    #642,#643,#644,#645,#646,#647,#648,#649,#650,#651,#652,#653,#654,
    #655,#656,#657,#658,#659,#660,#661,#662,#663,#664,#665,#666,#667,
    #668,#669,#670,#671,#672,#673,#674,#675,#676,#677,#678,#679,#680,
    #681,#682,#683,#684,#685,#686,#687,#688,#689,#690,#691,#692,#693,
    #694,#695,#696,#697,#698,#699,#700,#701,#702,#703,#704,#705,#706,
    #707,#708,#709,#710,#711,#712,#713,#714,#715,#716,#717,#718,#719,
    #720,#721,#722,#723,#724,#725,#726,#727,#728,#729,#730,#731,#732,
    #733,#734,#735,#736,#737,#738,#739,#740,#741,#742,#743,#744,#745,
    #746,#747,#748,#749,#750,#751,#752,#753,#754,#755,#756,#757,#758,
    #759,#760,#761,#762,#763,#764,#765,#766,#767,#768,#769,#770,#771,
    #772,#773,#774,#775,#776,#777,#778,#779,#780,#781,#782,#783,#784,
    #785,#786,#787,#788,#789,#790,#791,#792,#793,#794,#795,#796,#797,
    #798,#799,#800,#801,#802,#803,#804,#805,#806,#807,#808,#809,#810,
    #811,#812,#813,#814,#815,#816,#817,#818,#819,#820,#821,#822,#823,
    #824,#825,#826,#827,#828,#829,#830,#831,#832,#833,#834,#835,#836,
    #837,#838,#839,#840,#841,#842,#843,#844,#845,#846,#847,#848,#849,
    #850,#851,#852,#853,#854,#855,#856,#857,#858,#859,#860,#861,#862,
    #863,#864,#865,#866,#867,#868,#869,#870,#871,#872,#873,#874,#875,
    #876,#877,#878,#879,#880,#881,#882,#883,#884,#885,#886,#887,#888,
    #889,#890,#891,#892,#893,#894,#895,#896,#897,#898,#899,#900,#901,
    #902,#903,#904,#905,#906,#907,#908,#909,#910,#911,#912,#913,#914,
    #915,#916,#917,#918,#919,#920,#921,#922,#923,#924,#925,#926,#927,
    #928,#929,#930,#931,#932,#933,#934,#935,#936,#937,#938,#939,#940,
    #941,#942,#943,#944,#945,#946,#947,#948,#949,#950,#951,#952,#953,
    #954,#955,#956,#957,#958,#959,#960,#961,#962,#963,#964,#965,#966,
    #967,#968,#969,#970,#971,#972,#973,#974,#975));
#16 = CARTESIAN_POINT('',(-1.5,0.6,0.));
#17 = CARTESIAN_POINT('',(-1.5,0.6,0.));
#18 = CARTESIAN_POINT('',(-1.5,0.,-2.));
#19 = CARTESIAN_POINT('',(-1.5,0.6,0.));
#20 = CARTESIAN_POINT('',(-1.5,0.,-2.));
#21 = CARTESIAN_POINT('',(-1.5,0.,2.));
#22 = CARTESIAN_POINT('',(-1.5,0.6,0.));
#23 = CARTESIAN_POINT('',(-1.5,0.,2.));
#24 = CARTESIAN_POINT('',(-0.75,0.6,0.));
#25 = CARTESIAN_POINT('',(-0.75,0.,-2.));
#26 = CARTESIAN_POINT('',(-0.75,0.6,0.));
#27 = CARTESIAN_POINT('',(-1.5,0.6,0.));
#28 = CARTESIAN_POINT('',(-1.5,0.,-2.));
#29 = CARTESIAN_POINT('',(-1.5,0.6,0.));
#30 = CARTESIAN_POINT('',(-0.75,0.,-2.));
#31 = CARTESIAN_POINT('',(-1.5,0.,-2.));
#32 = CARTESIAN_POINT('',(-0.75,0.,2.));
#33 = CARTESIAN_POINT('',(-0.75,0.6,0.));
#34 = CARTESIAN_POINT('',(-1.5,0.,2.));
#35 = CARTESIAN_POINT('',(-0.75,0.,2.));
#36 = CARTESIAN_POINT('',(-1.5,0.6,0.));
#37 = CARTESIAN_POINT('',(-1.5,0.,2.));
#38 = CARTESIAN_POINT('',(-0.75,0.6,0.));
#39 = CARTESIAN_POINT('',(-1.5,0.6,0.));
#40 = CARTESIAN_POINT('',(-0.75,0.,2.));
#41 = CARTESIAN_POINT('',(-0.75,0.6,0.));
#42 = CARTESIAN_POINT('',(-0.75,0.6,0.));
#43 = CARTESIAN_POINT('',(-0.75,0.,-2.));
#44 = CARTESIAN_POINT('',(-0.75,0.,2.));
#45 = CARTESIAN_POINT('',(-0.75,0.,-2.));
#46 = CARTESIAN_POINT('',(1.5,0.6,0.));
#47 = CARTESIAN_POINT('',(1.5,0.,2.));
#48 = CARTESIAN_POINT('',(1.5,0.6,0.));
#49 = CARTESIAN_POINT('',(1.5,0.6,0.));
#50 = CARTESIAN_POINT('',(1.5,0.,-2.));
#51 = CARTESIAN_POINT('',(1.5,0.6,0.));
#52 = CARTESIAN_POINT('',(1.5,0.,2.));
#53 = CARTESIAN_POINT('',(1.5,0.,-2.));
#54 = CARTESIAN_POINT('',(0.75,0.6,0.));
#55 = CARTESIAN_POINT('',(0.75,0.,-2.));
#56 = CARTESIAN_POINT('',(1.5,0.,-2.));
#57 = CARTESIAN_POINT('',(0.75,0.,-2.));
#58 = CARTESIAN_POINT('',(1.5,0.,-2.));
#59 = CARTESIAN_POINT('',(1.5,0.6,0.));
#60 = CARTESIAN_POINT('',(0.75,0.6,0.));
#61 = CARTESIAN_POINT('',(1.5,0.6,0.));
#62 = CARTESIAN_POINT('',(0.75,0.,2.));
#63 = CARTESIAN_POINT('',(0.75,0.6,0.));
#64 = CARTESIAN_POINT('',(0.75,0.6,0.));
#65 = CARTESIAN_POINT('',(1.5,0.6,0.));
#66 = CARTESIAN_POINT('',(1.5,0.6,0.));
#67 = CARTESIAN_POINT('',(1.5,0.,2.));
#68 = CARTESIAN_POINT('',(0.75,0.,2.));
#69 = CARTESIAN_POINT('',(1.5,0.,2.));
#70 = CARTESIAN_POINT('',(0.75,0.,2.));
#71 = CARTESIAN_POINT('',(0.75,0.6,0.));
#72 = CARTESIAN_POINT('',(0.75,0.,-2.));
#73 = CARTESIAN_POINT('',(0.75,0.,2.));
#74 = CARTESIAN_POINT('',(0.75,0.6,0.));
#75 = CARTESIAN_POINT('',(0.75,0.,-2.));
#76 = CARTESIAN_POINT('',(-3.867815921163,3.8,0.5));
#77 = CARTESIAN_POINT('',(-3.8,3.8,0.5));
#78 = CARTESIAN_POINT('',(-3.867815921163,4.65,0.5));
#79 = CARTESIAN_POINT('',(-3.867815921163,3.8,0.5));
#80 = CARTESIAN_POINT('',(-3.8,4.717246420653,0.5));
#81 = CARTESIAN_POINT('',(-3.867815921163,4.65,0.5));
#82 = CARTESIAN_POINT('',(-3.8,3.8,0.5));
#83 = CARTESIAN_POINT('',(-3.8,4.717246420653,0.5));
#84 = CARTESIAN_POINT('',(-3.8,1.4,0.5));
#85 = CARTESIAN_POINT('',(-3.867815921163,1.4,0.5));
#86 = CARTESIAN_POINT('',(-3.8,0.182753579347,0.5));
#87 = CARTESIAN_POINT('',(-3.8,1.4,0.5));
#88 = CARTESIAN_POINT('',(-3.867815921163,0.25,0.5));
#89 = CARTESIAN_POINT('',(-3.8,0.182753579347,0.5));
#90 = CARTESIAN_POINT('',(-3.867815921163,1.4,0.5));
#91 = CARTESIAN_POINT('',(-3.867815921163,0.25,0.5));
#92 = CARTESIAN_POINT('',(-3.8,3.8,-0.5));
#93 = CARTESIAN_POINT('',(-3.867815921163,3.8,-0.5));
#94 = CARTESIAN_POINT('',(-3.8,3.8,-0.5));
#95 = CARTESIAN_POINT('',(-3.8,4.717246420653,-0.5));
#96 = CARTESIAN_POINT('',(-3.867815921163,4.65,-0.5));
#97 = CARTESIAN_POINT('',(-3.8,4.717246420653,-0.5));
#98 = CARTESIAN_POINT('',(-3.867815921163,3.8,-0.5));
#99 = CARTESIAN_POINT('',(-3.867815921163,4.65,-0.5));
#100 = CARTESIAN_POINT('',(-3.8,3.8,-0.5));
#101 = CARTESIAN_POINT('',(-3.8,4.717246420653,-0.5));
#102 = CARTESIAN_POINT('',(-3.8,4.717246420653,-0.5));
#103 = CARTESIAN_POINT('',(-3.620065789474,4.9,-0.466501532562));
#104 = CARTESIAN_POINT('',(-3.620065789474,4.9,-0.466501532562));
#105 = CARTESIAN_POINT('',(-3.620065789474,4.9,0.466501532562));
#106 = CARTESIAN_POINT('',(-3.620065789474,4.9,0.466501532562));
#107 = CARTESIAN_POINT('',(-3.8,4.717246420653,0.5));
#108 = CARTESIAN_POINT('',(-3.8,3.8,0.5));
#109 = CARTESIAN_POINT('',(-3.8,4.717246420653,0.5));
#110 = CARTESIAN_POINT('',(-3.8,3.8,0.5));
#111 = CARTESIAN_POINT('',(-3.8,3.8,-0.5));
#112 = CARTESIAN_POINT('',(-3.8,0.182753579347,0.5));
#113 = CARTESIAN_POINT('',(-3.8,1.4,0.5));
#114 = CARTESIAN_POINT('',(-3.8,0.182753579347,0.5));
#115 = CARTESIAN_POINT('',(-3.620065789474,2.465190328816E-31,
    0.466501532562));
#116 = CARTESIAN_POINT('',(-3.620065789474,2.465190328816E-31,
    0.466501532562));
#117 = CARTESIAN_POINT('',(-3.620065789474,2.465190328816E-31,
    -0.466501532562));
#118 = CARTESIAN_POINT('',(-3.620065789474,2.465190328816E-31,
    -0.466501532562));
#119 = CARTESIAN_POINT('',(-3.8,0.182753579347,-0.5));
#120 = CARTESIAN_POINT('',(-3.8,0.182753579347,-0.5));
#121 = CARTESIAN_POINT('',(-3.8,1.4,-0.5));
#122 = CARTESIAN_POINT('',(-3.8,1.4,-0.5));
#123 = CARTESIAN_POINT('',(-3.8,1.4,0.5));
#124 = CARTESIAN_POINT('',(-3.867815921163,1.4,-0.5));
#125 = CARTESIAN_POINT('',(-3.8,1.4,-0.5));
#126 = CARTESIAN_POINT('',(-3.867815921163,0.25,-0.5));
#127 = CARTESIAN_POINT('',(-3.867815921163,1.4,-0.5));
#128 = CARTESIAN_POINT('',(-3.8,0.182753579347,-0.5));
#129 = CARTESIAN_POINT('',(-3.867815921163,0.25,-0.5));
#130 = CARTESIAN_POINT('',(-3.8,0.182753579347,-0.5));
#131 = CARTESIAN_POINT('',(-3.8,1.4,-0.5));
#132 = CARTESIAN_POINT('',(3.867815921163,1.4,0.5));
#133 = CARTESIAN_POINT('',(3.8,1.4,0.5));
#134 = CARTESIAN_POINT('',(3.867815921163,0.25,0.5));
#135 = CARTESIAN_POINT('',(3.867815921163,1.4,0.5));
#136 = CARTESIAN_POINT('',(3.8,0.182753579347,0.5));
#137 = CARTESIAN_POINT('',(3.867815921163,0.25,0.5));
#138 = CARTESIAN_POINT('',(3.8,0.182753579347,0.5));
#139 = CARTESIAN_POINT('',(3.8,1.4,0.5));
#140 = CARTESIAN_POINT('',(3.8,3.8,0.5));
#141 = CARTESIAN_POINT('',(3.867815921163,3.8,0.5));
#142 = CARTESIAN_POINT('',(3.8,3.8,0.5));
#143 = CARTESIAN_POINT('',(3.8,4.717246420653,0.5));
#144 = CARTESIAN_POINT('',(3.867815921163,4.65,0.5));
#145 = CARTESIAN_POINT('',(3.8,4.717246420653,0.5));
#146 = CARTESIAN_POINT('',(3.867815921163,3.8,0.5));
#147 = CARTESIAN_POINT('',(3.867815921163,4.65,0.5));
#148 = CARTESIAN_POINT('',(3.8,1.4,-0.5));
#149 = CARTESIAN_POINT('',(3.867815921163,1.4,-0.5));
#150 = CARTESIAN_POINT('',(3.8,0.182753579347,-0.5));
#151 = CARTESIAN_POINT('',(3.8,1.4,-0.5));
#152 = CARTESIAN_POINT('',(3.867815921163,0.25,-0.5));
#153 = CARTESIAN_POINT('',(3.8,0.182753579347,-0.5));
#154 = CARTESIAN_POINT('',(3.867815921163,1.4,-0.5));
#155 = CARTESIAN_POINT('',(3.867815921163,0.25,-0.5));
#156 = CARTESIAN_POINT('',(3.8,0.182753579347,-0.5));
#157 = CARTESIAN_POINT('',(3.8,1.4,-0.5));
#158 = CARTESIAN_POINT('',(3.8,0.182753579347,-0.5));
#159 = CARTESIAN_POINT('',(3.620065789474,1.174230417617E-31,
    -0.466501532562));
#160 = CARTESIAN_POINT('',(3.620065789474,1.174230417617E-31,
    -0.466501532562));
#161 = CARTESIAN_POINT('',(3.620065789474,1.174230417617E-31,
    0.466501532562));
#162 = CARTESIAN_POINT('',(3.620065789474,1.174230417617E-31,
    0.466501532562));
#163 = CARTESIAN_POINT('',(3.8,0.182753579347,0.5));
#164 = CARTESIAN_POINT('',(3.8,0.182753579347,0.5));
#165 = CARTESIAN_POINT('',(3.8,1.4,0.5));
#166 = CARTESIAN_POINT('',(3.8,1.4,0.5));
#167 = CARTESIAN_POINT('',(3.8,1.4,-0.5));
#168 = CARTESIAN_POINT('',(3.8,3.8,0.5));
#169 = CARTESIAN_POINT('',(3.8,4.717246420653,0.5));
#170 = CARTESIAN_POINT('',(3.8,4.717246420653,0.5));
#171 = CARTESIAN_POINT('',(3.620065789474,4.9,0.466501532562));
#172 = CARTESIAN_POINT('',(3.620065789474,4.9,0.466501532562));
#173 = CARTESIAN_POINT('',(3.620065789474,4.9,-0.466501532562));
#174 = CARTESIAN_POINT('',(3.620065789474,4.9,-0.466501532562));
#175 = CARTESIAN_POINT('',(3.8,4.717246420653,-0.5));
#176 = CARTESIAN_POINT('',(3.8,3.8,-0.5));
#177 = CARTESIAN_POINT('',(3.8,4.717246420653,-0.5));
#178 = CARTESIAN_POINT('',(3.8,3.8,-0.5));
#179 = CARTESIAN_POINT('',(3.8,3.8,0.5));
#180 = CARTESIAN_POINT('',(3.867815921163,3.8,-0.5));
#181 = CARTESIAN_POINT('',(3.8,3.8,-0.5));
#182 = CARTESIAN_POINT('',(3.867815921163,4.65,-0.5));
#183 = CARTESIAN_POINT('',(3.867815921163,3.8,-0.5));
#184 = CARTESIAN_POINT('',(3.8,4.717246420653,-0.5));
#185 = CARTESIAN_POINT('',(3.867815921163,4.65,-0.5));
#186 = CARTESIAN_POINT('',(3.8,3.8,-0.5));
#187 = CARTESIAN_POINT('',(3.8,4.717246420653,-0.5));
#188 = CARTESIAN_POINT('',(-3.867815921163,0.25,0.5));
#189 = CARTESIAN_POINT('',(-3.8,0.182753579347,0.5));
#190 = CARTESIAN_POINT('',(-3.8,0.182753579347,0.5));
#191 = CARTESIAN_POINT('',(-3.620065789474,2.465190328816E-31,
    0.466501532562));
#192 = CARTESIAN_POINT('',(-1.03561575886,-2.775557561563E-16,3.5));
#193 = CARTESIAN_POINT('',(-3.620065789474,2.465190328816E-31,
    0.466501532562));
#194 = CARTESIAN_POINT('',(-1.03561575886,-2.775557561563E-16,3.5));
#195 = CARTESIAN_POINT('',(-1.720465053409,0.25,3.5));
#196 = CARTESIAN_POINT('',(-1.720465053409,0.25,3.5));
#197 = CARTESIAN_POINT('',(-3.867815921163,0.25,0.5));
#198 = CARTESIAN_POINT('',(-3.867815921163,4.65,-0.5));
#199 = CARTESIAN_POINT('',(-3.8,4.717246420653,-0.5));
#200 = CARTESIAN_POINT('',(-3.8,4.717246420653,-0.5));
#201 = CARTESIAN_POINT('',(-3.620065789474,4.9,-0.466501532562));
#202 = CARTESIAN_POINT('',(-3.620065789474,4.9,-0.466501532562));
#203 = CARTESIAN_POINT('',(-1.03561575886,4.9,-3.5));
#204 = CARTESIAN_POINT('',(-1.03561575886,4.9,-3.5));
#205 = CARTESIAN_POINT('',(-1.720465053409,4.65,-3.5));
#206 = CARTESIAN_POINT('',(-3.867815921163,4.65,-0.5));
#207 = CARTESIAN_POINT('',(-1.720465053409,4.65,-3.5));
#208 = CARTESIAN_POINT('',(-3.867815921163,3.8,-0.5));
#209 = CARTESIAN_POINT('',(-3.867815921163,4.65,-0.5));
#210 = CARTESIAN_POINT('',(-3.867815921163,4.65,-0.5));
#211 = CARTESIAN_POINT('',(-1.720465053409,4.65,-3.5));
#212 = CARTESIAN_POINT('',(-1.720465053409,4.65,-3.5));
#213 = CARTESIAN_POINT('',(-1.720465053409,3.8,-3.5));
#214 = CARTESIAN_POINT('',(-3.867815921163,3.8,-0.5));
#215 = CARTESIAN_POINT('',(-1.720465053409,3.8,-3.5));
#216 = CARTESIAN_POINT('',(-3.867815921163,1.4,0.5));
#217 = CARTESIAN_POINT('',(-3.867815921163,0.25,0.5));
#218 = CARTESIAN_POINT('',(-1.720465053409,0.25,3.5));
#219 = CARTESIAN_POINT('',(-3.867815921163,0.25,0.5));
#220 = CARTESIAN_POINT('',(-1.720465053409,0.25,3.5));
#221 = CARTESIAN_POINT('',(-1.720465053409,1.4,3.5));
#222 = CARTESIAN_POINT('',(-1.720465053409,1.4,3.5));
#223 = CARTESIAN_POINT('',(-3.867815921163,1.4,0.5));
#224 = CARTESIAN_POINT('',(-3.867815921163,3.8,0.5));
#225 = CARTESIAN_POINT('',(-3.8,3.8,0.5));
#226 = CARTESIAN_POINT('',(-3.8,3.8,0.5));
#227 = CARTESIAN_POINT('',(-3.8,3.8,-0.5));
#228 = CARTESIAN_POINT('',(-3.8,3.8,-0.5));
#229 = CARTESIAN_POINT('',(-3.867815921163,3.8,-0.5));
#230 = CARTESIAN_POINT('',(-3.867815921163,3.8,-0.5));
#231 = CARTESIAN_POINT('',(-1.720465053409,3.8,-3.5));
#232 = CARTESIAN_POINT('',(-1.720465053409,3.8,-3.5));
#233 = CARTESIAN_POINT('',(1.720465053409,3.8,-3.5));
#234 = CARTESIAN_POINT('',(1.720465053409,3.8,-3.5));
#235 = CARTESIAN_POINT('',(3.867815921163,3.8,-0.5));
#236 = CARTESIAN_POINT('',(3.867815921163,3.8,-0.5));
#237 = CARTESIAN_POINT('',(3.8,3.8,-0.5));
#238 = CARTESIAN_POINT('',(3.8,3.8,-0.5));
#239 = CARTESIAN_POINT('',(3.8,3.8,0.5));
#240 = CARTESIAN_POINT('',(3.8,3.8,0.5));
#241 = CARTESIAN_POINT('',(3.867815921163,3.8,0.5));
#242 = CARTESIAN_POINT('',(3.867815921163,3.8,0.5));
#243 = CARTESIAN_POINT('',(1.720465053409,3.8,3.5));
#244 = CARTESIAN_POINT('',(1.720465053409,3.8,3.5));
#245 = CARTESIAN_POINT('',(-1.720465053409,3.8,3.5));
#246 = CARTESIAN_POINT('',(-1.720465053409,3.8,3.5));
#247 = CARTESIAN_POINT('',(-3.867815921163,3.8,0.5));
#248 = CARTESIAN_POINT('',(3.1,3.8,0.));
#249 = CARTESIAN_POINT('',(3.1,3.8,0.));
#250 = CARTESIAN_POINT('',(3.8,4.717246420653,-0.5));
#251 = CARTESIAN_POINT('',(3.867815921163,4.65,-0.5));
#252 = CARTESIAN_POINT('',(1.720465053409,4.65,-3.5));
#253 = CARTESIAN_POINT('',(3.867815921163,4.65,-0.5));
#254 = CARTESIAN_POINT('',(1.720465053409,4.65,-3.5));
#255 = CARTESIAN_POINT('',(1.03561575886,4.9,-3.5));
#256 = CARTESIAN_POINT('',(1.03561575886,4.9,-3.5));
#257 = CARTESIAN_POINT('',(3.620065789474,4.9,-0.466501532562));
#258 = CARTESIAN_POINT('',(3.620065789474,4.9,-0.466501532562));
#259 = CARTESIAN_POINT('',(3.8,4.717246420653,-0.5));
#260 = CARTESIAN_POINT('',(3.867815921163,4.65,0.5));
#261 = CARTESIAN_POINT('',(3.8,4.717246420653,0.5));
#262 = CARTESIAN_POINT('',(3.8,4.717246420653,0.5));
#263 = CARTESIAN_POINT('',(3.620065789474,4.9,0.466501532562));
#264 = CARTESIAN_POINT('',(3.620065789474,4.9,0.466501532562));
#265 = CARTESIAN_POINT('',(1.03561575886,4.9,3.5));
#266 = CARTESIAN_POINT('',(1.03561575886,4.9,3.5));
#267 = CARTESIAN_POINT('',(1.720465053409,4.65,3.5));
#268 = CARTESIAN_POINT('',(3.867815921163,4.65,0.5));
#269 = CARTESIAN_POINT('',(1.720465053409,4.65,3.5));
#270 = CARTESIAN_POINT('',(-3.867815921163,1.4,-0.5));
#271 = CARTESIAN_POINT('',(-3.8,1.4,-0.5));
#272 = CARTESIAN_POINT('',(-3.8,1.4,-0.5));
#273 = CARTESIAN_POINT('',(-3.8,1.4,0.5));
#274 = CARTESIAN_POINT('',(-3.8,1.4,0.5));
#275 = CARTESIAN_POINT('',(-3.867815921163,1.4,0.5));
#276 = CARTESIAN_POINT('',(-1.720465053409,1.4,3.5));
#277 = CARTESIAN_POINT('',(-3.867815921163,1.4,0.5));
#278 = CARTESIAN_POINT('',(-1.720465053409,1.4,3.5));
#279 = CARTESIAN_POINT('',(1.720465053409,1.4,3.5));
#280 = CARTESIAN_POINT('',(3.867815921163,1.4,0.5));
#281 = CARTESIAN_POINT('',(1.720465053409,1.4,3.5));
#282 = CARTESIAN_POINT('',(3.867815921163,1.4,0.5));
#283 = CARTESIAN_POINT('',(3.8,1.4,0.5));
#284 = CARTESIAN_POINT('',(3.8,1.4,0.5));
#285 = CARTESIAN_POINT('',(3.8,1.4,-0.5));
#286 = CARTESIAN_POINT('',(3.8,1.4,-0.5));
#287 = CARTESIAN_POINT('',(3.867815921163,1.4,-0.5));
#288 = CARTESIAN_POINT('',(1.720465053409,1.4,-3.5));
#289 = CARTESIAN_POINT('',(3.867815921163,1.4,-0.5));
#290 = CARTESIAN_POINT('',(1.720465053409,1.4,-3.5));
#291 = CARTESIAN_POINT('',(-1.720465053409,1.4,-3.5));
#292 = CARTESIAN_POINT('',(-3.867815921163,1.4,-0.5));
#293 = CARTESIAN_POINT('',(-1.720465053409,1.4,-3.5));
#294 = CARTESIAN_POINT('',(3.1,1.4,0.));
#295 = CARTESIAN_POINT('',(3.1,1.4,0.));
#296 = CARTESIAN_POINT('',(3.867815921163,0.25,-0.5));
#297 = CARTESIAN_POINT('',(3.8,0.182753579347,-0.5));
#298 = CARTESIAN_POINT('',(3.8,0.182753579347,-0.5));
#299 = CARTESIAN_POINT('',(3.620065789474,1.174230417617E-31,
    -0.466501532562));
#300 = CARTESIAN_POINT('',(1.03561575886,-2.775557561563E-16,-3.5));
#301 = CARTESIAN_POINT('',(3.620065789474,1.174230417617E-31,
    -0.466501532562));
#302 = CARTESIAN_POINT('',(1.03561575886,-2.775557561563E-16,-3.5));
#303 = CARTESIAN_POINT('',(1.720465053409,0.25,-3.5));
#304 = CARTESIAN_POINT('',(1.720465053409,0.25,-3.5));
#305 = CARTESIAN_POINT('',(3.867815921163,0.25,-0.5));
#306 = CARTESIAN_POINT('',(3.867815921163,4.65,-0.5));
#307 = CARTESIAN_POINT('',(3.867815921163,3.8,-0.5));
#308 = CARTESIAN_POINT('',(1.720465053409,3.8,-3.5));
#309 = CARTESIAN_POINT('',(3.867815921163,3.8,-0.5));
#310 = CARTESIAN_POINT('',(1.720465053409,3.8,-3.5));
#311 = CARTESIAN_POINT('',(1.720465053409,4.65,-3.5));
#312 = CARTESIAN_POINT('',(1.720465053409,4.65,-3.5));
#313 = CARTESIAN_POINT('',(3.867815921163,4.65,-0.5));
#314 = CARTESIAN_POINT('',(3.867815921163,3.8,0.5));
#315 = CARTESIAN_POINT('',(3.867815921163,4.65,0.5));
#316 = CARTESIAN_POINT('',(3.867815921163,4.65,0.5));
#317 = CARTESIAN_POINT('',(1.720465053409,4.65,3.5));
#318 = CARTESIAN_POINT('',(1.720465053409,4.65,3.5));
#319 = CARTESIAN_POINT('',(1.720465053409,3.8,3.5));
#320 = CARTESIAN_POINT('',(3.867815921163,3.8,0.5));
#321 = CARTESIAN_POINT('',(1.720465053409,3.8,3.5));
#322 = CARTESIAN_POINT('',(3.867815921163,1.4,-0.5));
#323 = CARTESIAN_POINT('',(3.867815921163,0.25,-0.5));
#324 = CARTESIAN_POINT('',(1.720465053409,0.25,-3.5));
#325 = CARTESIAN_POINT('',(3.867815921163,0.25,-0.5));
#326 = CARTESIAN_POINT('',(1.720465053409,0.25,-3.5));
#327 = CARTESIAN_POINT('',(1.720465053409,1.4,-3.5));
#328 = CARTESIAN_POINT('',(1.720465053409,1.4,-3.5));
#329 = CARTESIAN_POINT('',(3.867815921163,1.4,-0.5));
#330 = CARTESIAN_POINT('',(-1.720465053409,0.25,-3.5));
#331 = CARTESIAN_POINT('',(-1.03561575886,-3.989863994747E-16,-3.5));
#332 = CARTESIAN_POINT('',(-1.720465053409,1.4,-3.5));
#333 = CARTESIAN_POINT('',(-1.720465053409,0.25,-3.5));
#334 = CARTESIAN_POINT('',(1.720465053409,1.4,-3.5));
#335 = CARTESIAN_POINT('',(-1.720465053409,1.4,-3.5));
#336 = CARTESIAN_POINT('',(1.720465053409,0.25,-3.5));
#337 = CARTESIAN_POINT('',(1.720465053409,1.4,-3.5));
#338 = CARTESIAN_POINT('',(1.03561575886,-2.775557561563E-16,-3.5));
#339 = CARTESIAN_POINT('',(1.720465053409,0.25,-3.5));
#340 = CARTESIAN_POINT('',(-1.03561575886,-3.989863994747E-16,-3.5));
#341 = CARTESIAN_POINT('',(1.03561575886,-2.775557561563E-16,-3.5));
#342 = CARTESIAN_POINT('',(-1.03561575886,4.9,-3.5));
#343 = CARTESIAN_POINT('',(-1.720465053409,4.65,-3.5));
#344 = CARTESIAN_POINT('',(1.03561575886,4.9,-3.5));
#345 = CARTESIAN_POINT('',(-1.03561575886,4.9,-3.5));
#346 = CARTESIAN_POINT('',(1.720465053409,4.65,-3.5));
#347 = CARTESIAN_POINT('',(1.03561575886,4.9,-3.5));
#348 = CARTESIAN_POINT('',(1.720465053409,3.8,-3.5));
#349 = CARTESIAN_POINT('',(1.720465053409,4.65,-3.5));
#350 = CARTESIAN_POINT('',(-1.720465053409,3.8,-3.5));
#351 = CARTESIAN_POINT('',(1.720465053409,3.8,-3.5));
#352 = CARTESIAN_POINT('',(-1.720465053409,4.65,-3.5));
#353 = CARTESIAN_POINT('',(-1.720465053409,3.8,-3.5));
#354 = CARTESIAN_POINT('',(1.720465053409,0.25,3.5));
#355 = CARTESIAN_POINT('',(1.03561575886,-1.214306433184E-16,3.5));
#356 = CARTESIAN_POINT('',(1.720465053409,1.4,3.5));
#357 = CARTESIAN_POINT('',(1.720465053409,0.25,3.5));
#358 = CARTESIAN_POINT('',(-1.720465053409,1.4,3.5));
#359 = CARTESIAN_POINT('',(1.720465053409,1.4,3.5));
#360 = CARTESIAN_POINT('',(-1.720465053409,0.25,3.5));
#361 = CARTESIAN_POINT('',(-1.720465053409,1.4,3.5));
#362 = CARTESIAN_POINT('',(-1.03561575886,-2.775557561563E-16,3.5));
#363 = CARTESIAN_POINT('',(-1.720465053409,0.25,3.5));
#364 = CARTESIAN_POINT('',(1.03561575886,-1.214306433184E-16,3.5));
#365 = CARTESIAN_POINT('',(-1.03561575886,-2.775557561563E-16,3.5));
#366 = CARTESIAN_POINT('',(1.03561575886,4.9,3.5));
#367 = CARTESIAN_POINT('',(1.720465053409,4.65,3.5));
#368 = CARTESIAN_POINT('',(-1.03561575886,4.9,3.5));
#369 = CARTESIAN_POINT('',(1.03561575886,4.9,3.5));
#370 = CARTESIAN_POINT('',(-1.720465053409,4.65,3.5));
#371 = CARTESIAN_POINT('',(-1.03561575886,4.9,3.5));
#372 = CARTESIAN_POINT('',(-1.720465053409,3.8,3.5));
#373 = CARTESIAN_POINT('',(-1.720465053409,4.65,3.5));
#374 = CARTESIAN_POINT('',(1.720465053409,3.8,3.5));
#375 = CARTESIAN_POINT('',(-1.720465053409,3.8,3.5));
#376 = CARTESIAN_POINT('',(1.720465053409,4.65,3.5));
#377 = CARTESIAN_POINT('',(1.720465053409,3.8,3.5));
#378 = CARTESIAN_POINT('',(3.8,0.182753579347,0.5));
#379 = CARTESIAN_POINT('',(3.867815921163,0.25,0.5));
#380 = CARTESIAN_POINT('',(3.867815921163,0.25,0.5));
#381 = CARTESIAN_POINT('',(1.720465053409,0.25,3.5));
#382 = CARTESIAN_POINT('',(1.720465053409,0.25,3.5));
#383 = CARTESIAN_POINT('',(1.03561575886,-1.214306433184E-16,3.5));
#384 = CARTESIAN_POINT('',(3.620065789474,1.174230417617E-31,
    0.466501532562));
#385 = CARTESIAN_POINT('',(1.03561575886,-1.214306433184E-16,3.5));
#386 = CARTESIAN_POINT('',(3.620065789474,1.174230417617E-31,
    0.466501532562));
#387 = CARTESIAN_POINT('',(3.8,0.182753579347,0.5));
#388 = CARTESIAN_POINT('',(-3.620065789474,2.465190328816E-31,
    0.466501532562));
#389 = CARTESIAN_POINT('',(-3.620065789474,2.465190328816E-31,
    -0.466501532562));
#390 = CARTESIAN_POINT('',(-3.620065789474,2.465190328816E-31,
    -0.466501532562));
#391 = CARTESIAN_POINT('',(-1.03561575886,-3.989863994747E-16,-3.5));
#392 = CARTESIAN_POINT('',(-1.03561575886,-3.989863994747E-16,-3.5));
#393 = CARTESIAN_POINT('',(1.03561575886,-2.775557561563E-16,-3.5));
#394 = CARTESIAN_POINT('',(1.03561575886,-2.775557561563E-16,-3.5));
#395 = CARTESIAN_POINT('',(3.620065789474,1.174230417617E-31,
    -0.466501532562));
#396 = CARTESIAN_POINT('',(3.620065789474,1.174230417617E-31,
    -0.466501532562));
#397 = CARTESIAN_POINT('',(3.620065789474,1.174230417617E-31,
    0.466501532562));
#398 = CARTESIAN_POINT('',(3.620065789474,1.174230417617E-31,
    0.466501532562));
#399 = CARTESIAN_POINT('',(1.03561575886,-1.214306433184E-16,3.5));
#400 = CARTESIAN_POINT('',(1.03561575886,-1.214306433184E-16,3.5));
#401 = CARTESIAN_POINT('',(-1.03561575886,-2.775557561563E-16,3.5));
#402 = CARTESIAN_POINT('',(-1.03561575886,-2.775557561563E-16,3.5));
#403 = CARTESIAN_POINT('',(-3.620065789474,2.465190328816E-31,
    0.466501532562));
#404 = CARTESIAN_POINT('',(-1.5,0.,-2.));
#405 = CARTESIAN_POINT('',(-1.5,0.,2.));
#406 = CARTESIAN_POINT('',(-1.5,0.,2.));
#407 = CARTESIAN_POINT('',(-0.75,0.,2.));
#408 = CARTESIAN_POINT('',(-0.75,0.,2.));
#409 = CARTESIAN_POINT('',(-0.75,0.,-2.));
#410 = CARTESIAN_POINT('',(-0.75,0.,-2.));
#411 = CARTESIAN_POINT('',(-1.5,0.,-2.));
#412 = CARTESIAN_POINT('',(1.5,0.,2.));
#413 = CARTESIAN_POINT('',(1.5,0.,-2.));
#414 = CARTESIAN_POINT('',(1.5,0.,-2.));
#415 = CARTESIAN_POINT('',(0.75,0.,-2.));
#416 = CARTESIAN_POINT('',(0.75,0.,-2.));
#417 = CARTESIAN_POINT('',(0.75,0.,2.));
#418 = CARTESIAN_POINT('',(0.75,0.,2.));
#419 = CARTESIAN_POINT('',(1.5,0.,2.));
#420 = CARTESIAN_POINT('',(3.867815921163,0.25,0.5));
#421 = CARTESIAN_POINT('',(3.867815921163,1.4,0.5));
#422 = CARTESIAN_POINT('',(3.867815921163,1.4,0.5));
#423 = CARTESIAN_POINT('',(1.720465053409,1.4,3.5));
#424 = CARTESIAN_POINT('',(1.720465053409,1.4,3.5));
#425 = CARTESIAN_POINT('',(1.720465053409,0.25,3.5));
#426 = CARTESIAN_POINT('',(3.867815921163,0.25,0.5));
#427 = CARTESIAN_POINT('',(1.720465053409,0.25,3.5));
#428 = CARTESIAN_POINT('',(-3.620065789474,4.9,-0.466501532562));
#429 = CARTESIAN_POINT('',(-3.620065789474,4.9,0.466501532562));
#430 = CARTESIAN_POINT('',(-1.03561575886,4.9,3.5));
#431 = CARTESIAN_POINT('',(-3.620065789474,4.9,0.466501532562));
#432 = CARTESIAN_POINT('',(-1.03561575886,4.9,3.5));
#433 = CARTESIAN_POINT('',(1.03561575886,4.9,3.5));
#434 = CARTESIAN_POINT('',(3.620065789474,4.9,0.466501532562));
#435 = CARTESIAN_POINT('',(1.03561575886,4.9,3.5));
#436 = CARTESIAN_POINT('',(3.620065789474,4.9,0.466501532562));
#437 = CARTESIAN_POINT('',(3.620065789474,4.9,-0.466501532562));
#438 = CARTESIAN_POINT('',(1.03561575886,4.9,-3.5));
#439 = CARTESIAN_POINT('',(3.620065789474,4.9,-0.466501532562));
#440 = CARTESIAN_POINT('',(1.03561575886,4.9,-3.5));
#441 = CARTESIAN_POINT('',(-1.03561575886,4.9,-3.5));
#442 = CARTESIAN_POINT('',(-3.620065789474,4.9,-0.466501532562));
#443 = CARTESIAN_POINT('',(-1.03561575886,4.9,-3.5));
#444 = CARTESIAN_POINT('',(-3.8,4.717246420653,0.5));
#445 = CARTESIAN_POINT('',(-3.867815921163,4.65,0.5));
#446 = CARTESIAN_POINT('',(-1.720465053409,4.65,3.5));
#447 = CARTESIAN_POINT('',(-3.867815921163,4.65,0.5));
#448 = CARTESIAN_POINT('',(-1.720465053409,4.65,3.5));
#449 = CARTESIAN_POINT('',(-1.03561575886,4.9,3.5));
#450 = CARTESIAN_POINT('',(-1.03561575886,4.9,3.5));
#451 = CARTESIAN_POINT('',(-3.620065789474,4.9,0.466501532562));
#452 = CARTESIAN_POINT('',(-3.620065789474,4.9,0.466501532562));
#453 = CARTESIAN_POINT('',(-3.8,4.717246420653,0.5));
#454 = CARTESIAN_POINT('',(-3.867815921163,4.65,0.5));
#455 = CARTESIAN_POINT('',(-3.867815921163,3.8,0.5));
#456 = CARTESIAN_POINT('',(-1.720465053409,3.8,3.5));
#457 = CARTESIAN_POINT('',(-3.867815921163,3.8,0.5));
#458 = CARTESIAN_POINT('',(-1.720465053409,3.8,3.5));
#459 = CARTESIAN_POINT('',(-1.720465053409,4.65,3.5));
#460 = CARTESIAN_POINT('',(-1.720465053409,4.65,3.5));
#461 = CARTESIAN_POINT('',(-3.867815921163,4.65,0.5));
#462 = CARTESIAN_POINT('',(3.1,1.4,0.));
#463 = CARTESIAN_POINT('',(3.1,1.4,0.));
#464 = CARTESIAN_POINT('',(3.1,1.4,0.));
#465 = CARTESIAN_POINT('',(3.1,3.8,0.));
#466 = CARTESIAN_POINT('',(3.1,3.8,0.));
#467 = CARTESIAN_POINT('',(3.1,3.8,0.));
#468 = CARTESIAN_POINT('',(3.1,1.4,0.));
#469 = CARTESIAN_POINT('',(3.1,3.8,0.));
#470 = CARTESIAN_POINT('',(-3.867815921163,0.25,-0.5));
#471 = CARTESIAN_POINT('',(-3.867815921163,1.4,-0.5));
#472 = CARTESIAN_POINT('',(-3.867815921163,1.4,-0.5));
#473 = CARTESIAN_POINT('',(-1.720465053409,1.4,-3.5));
#474 = CARTESIAN_POINT('',(-1.720465053409,1.4,-3.5));
#475 = CARTESIAN_POINT('',(-1.720465053409,0.25,-3.5));
#476 = CARTESIAN_POINT('',(-3.867815921163,0.25,-0.5));
#477 = CARTESIAN_POINT('',(-1.720465053409,0.25,-3.5));
#478 = CARTESIAN_POINT('',(-3.8,0.182753579347,-0.5));
#479 = CARTESIAN_POINT('',(-3.867815921163,0.25,-0.5));
#480 = CARTESIAN_POINT('',(-3.867815921163,0.25,-0.5));
#481 = CARTESIAN_POINT('',(-1.720465053409,0.25,-3.5));
#482 = CARTESIAN_POINT('',(-1.720465053409,0.25,-3.5));
#483 = CARTESIAN_POINT('',(-1.03561575886,-3.989863994747E-16,-3.5));
#484 = CARTESIAN_POINT('',(-3.620065789474,2.465190328816E-31,
    -0.466501532562));
#485 = CARTESIAN_POINT('',(-1.03561575886,-3.989863994747E-16,-3.5));
#486 = CARTESIAN_POINT('',(-3.620065789474,2.465190328816E-31,
    -0.466501532562));
#487 = CARTESIAN_POINT('',(-3.8,0.182753579347,-0.5));
#488 = CARTESIAN_POINT('',(-3.918869757272E-16,3.6,3.2));
#489 = CARTESIAN_POINT('',(-3.918869757272E-16,3.6,3.2));
#490 = CARTESIAN_POINT('',(-3.918869757272E-16,3.6,3.2));
#491 = CARTESIAN_POINT('',(-3.918869757272E-16,3.6,3.2));
#492 = CARTESIAN_POINT('',(-3.918869757272E-16,3.6,3.2));
#493 = CARTESIAN_POINT('',(-3.918869757272E-16,3.6,3.2));
#494 = CARTESIAN_POINT('',(-3.918869757272E-16,3.6,3.2));
#495 = CARTESIAN_POINT('',(-3.918869757272E-16,3.4,3.2));
#496 = CARTESIAN_POINT('',(-3.918869757272E-16,3.4,3.2));
#497 = CARTESIAN_POINT('',(-3.918869757272E-16,3.4,3.2));
#498 = CARTESIAN_POINT('',(-3.918869757272E-16,3.6,3.2));
#499 = CARTESIAN_POINT('',(-3.918869757272E-16,3.4,3.2));
#500 = CARTESIAN_POINT('',(-3.918869757272E-16,3.2,3.2));
#501 = CARTESIAN_POINT('',(-3.918869757272E-16,3.2,3.2));
#502 = CARTESIAN_POINT('',(-3.918869757272E-16,3.2,3.2));
#503 = CARTESIAN_POINT('',(-3.918869757272E-16,3.4,3.2));
#504 = CARTESIAN_POINT('',(-3.918869757272E-16,3.4,3.2));
#505 = CARTESIAN_POINT('',(-3.918869757272E-16,3.4,3.2));
#506 = CARTESIAN_POINT('',(-3.918869757272E-16,3.2,3.2));
#507 = CARTESIAN_POINT('',(-3.918869757272E-16,3.4,3.2));
#508 = CARTESIAN_POINT('',(-3.918869757272E-16,3.4,3.2));
#509 = CARTESIAN_POINT('',(-3.918869757272E-16,3.4,3.2));
#510 = CARTESIAN_POINT('',(-3.918869757272E-16,3.4,3.2));
#511 = CARTESIAN_POINT('',(-3.918869757272E-16,3.2,3.2));
#512 = CARTESIAN_POINT('',(-3.918869757272E-16,3.2,3.2));
#513 = CARTESIAN_POINT('',(-3.918869757272E-16,3.2,3.2));
#514 = CARTESIAN_POINT('',(-3.918869757272E-16,3.4,3.2));
#515 = CARTESIAN_POINT('',(-3.918869757272E-16,3.2,3.2));
#516 = CARTESIAN_POINT('',(-3.918869757272E-16,3.,3.2));
#517 = CARTESIAN_POINT('',(-3.918869757272E-16,3.,3.2));
#518 = CARTESIAN_POINT('',(-3.918869757272E-16,3.,3.2));
#519 = CARTESIAN_POINT('',(-3.918869757272E-16,3.2,3.2));
#520 = CARTESIAN_POINT('',(-3.918869757272E-16,3.2,3.2));
#521 = CARTESIAN_POINT('',(-3.918869757272E-16,3.2,3.2));
#522 = CARTESIAN_POINT('',(-3.918869757272E-16,3.,3.2));
#523 = CARTESIAN_POINT('',(-3.918869757272E-16,3.2,3.2));
#524 = CARTESIAN_POINT('',(-3.918869757272E-16,3.2,3.2));
#525 = CARTESIAN_POINT('',(-3.918869757272E-16,3.2,3.2));
#526 = CARTESIAN_POINT('',(-3.918869757272E-16,3.2,3.2));
#527 = CARTESIAN_POINT('',(-3.918869757272E-16,3.,3.2));
#528 = CARTESIAN_POINT('',(-3.918869757272E-16,3.,3.2));
#529 = CARTESIAN_POINT('',(-3.918869757272E-16,3.,3.2));
#530 = CARTESIAN_POINT('',(-3.918869757272E-16,3.2,3.2));
#531 = CARTESIAN_POINT('',(-3.918869757272E-16,3.,3.2));
#532 = CARTESIAN_POINT('',(-3.918869757272E-16,2.8,3.2));
#533 = CARTESIAN_POINT('',(-3.918869757272E-16,2.8,3.2));
#534 = CARTESIAN_POINT('',(-3.918869757272E-16,2.8,3.2));
#535 = CARTESIAN_POINT('',(-3.918869757272E-16,3.,3.2));
#536 = CARTESIAN_POINT('',(-3.918869757272E-16,3.,3.2));
#537 = CARTESIAN_POINT('',(-3.918869757272E-16,3.,3.2));
#538 = CARTESIAN_POINT('',(-3.918869757272E-16,2.8,3.2));
#539 = CARTESIAN_POINT('',(-3.918869757272E-16,3.,3.2));
#540 = CARTESIAN_POINT('',(-3.918869757272E-16,3.,3.2));
#541 = CARTESIAN_POINT('',(-3.918869757272E-16,3.,3.2));
#542 = CARTESIAN_POINT('',(-3.918869757272E-16,3.,3.2));
#543 = CARTESIAN_POINT('',(-3.918869757272E-16,2.8,3.2));
#544 = CARTESIAN_POINT('',(-3.918869757272E-16,2.8,3.2));
#545 = CARTESIAN_POINT('',(-3.918869757272E-16,2.8,3.2));
#546 = CARTESIAN_POINT('',(-3.918869757272E-16,3.,3.2));
#547 = CARTESIAN_POINT('',(-3.918869757272E-16,2.8,3.2));
#548 = CARTESIAN_POINT('',(-3.918869757272E-16,2.6,3.2));
#549 = CARTESIAN_POINT('',(-3.918869757272E-16,2.6,3.2));
#550 = CARTESIAN_POINT('',(-3.918869757272E-16,2.6,3.2));
#551 = CARTESIAN_POINT('',(-3.918869757272E-16,2.8,3.2));
#552 = CARTESIAN_POINT('',(-3.918869757272E-16,2.8,3.2));
#553 = CARTESIAN_POINT('',(-3.918869757272E-16,2.8,3.2));
#554 = CARTESIAN_POINT('',(-3.918869757272E-16,2.6,3.2));
#555 = CARTESIAN_POINT('',(-3.918869757272E-16,2.8,3.2));
#556 = CARTESIAN_POINT('',(-3.918869757272E-16,2.8,3.2));
#557 = CARTESIAN_POINT('',(-3.918869757272E-16,2.8,3.2));
#558 = CARTESIAN_POINT('',(-3.918869757272E-16,2.8,3.2));
#559 = CARTESIAN_POINT('',(-3.918869757272E-16,2.6,3.2));
#560 = CARTESIAN_POINT('',(-3.918869757272E-16,2.6,3.2));
#561 = CARTESIAN_POINT('',(-3.918869757272E-16,2.6,3.2));
#562 = CARTESIAN_POINT('',(-3.918869757272E-16,2.8,3.2));
#563 = CARTESIAN_POINT('',(-3.918869757272E-16,2.6,3.2));
#564 = CARTESIAN_POINT('',(-3.918869757272E-16,2.4,3.2));
#565 = CARTESIAN_POINT('',(-3.918869757272E-16,2.4,3.2));
#566 = CARTESIAN_POINT('',(-3.918869757272E-16,2.4,3.2));
#567 = CARTESIAN_POINT('',(-3.918869757272E-16,2.6,3.2));
#568 = CARTESIAN_POINT('',(-3.918869757272E-16,2.6,3.2));
#569 = CARTESIAN_POINT('',(-3.918869757272E-16,2.6,3.2));
#570 = CARTESIAN_POINT('',(-3.918869757272E-16,2.4,3.2));
#571 = CARTESIAN_POINT('',(-3.918869757272E-16,2.6,3.2));
#572 = CARTESIAN_POINT('',(-3.918869757272E-16,2.6,3.2));
#573 = CARTESIAN_POINT('',(-3.918869757272E-16,2.6,3.2));
#574 = CARTESIAN_POINT('',(-3.918869757272E-16,2.6,3.2));
#575 = CARTESIAN_POINT('',(-3.918869757272E-16,2.4,3.2));
#576 = CARTESIAN_POINT('',(-3.918869757272E-16,2.4,3.2));
#577 = CARTESIAN_POINT('',(-3.918869757272E-16,2.4,3.2));
#578 = CARTESIAN_POINT('',(-3.918869757272E-16,2.6,3.2));
#579 = CARTESIAN_POINT('',(-3.918869757272E-16,2.4,3.2));
#580 = CARTESIAN_POINT('',(-3.918869757272E-16,2.2,3.2));
#581 = CARTESIAN_POINT('',(-3.918869757272E-16,2.2,3.2));
#582 = CARTESIAN_POINT('',(-3.918869757272E-16,2.2,3.2));
#583 = CARTESIAN_POINT('',(-3.918869757272E-16,2.4,3.2));
#584 = CARTESIAN_POINT('',(-3.918869757272E-16,2.4,3.2));
#585 = CARTESIAN_POINT('',(-3.918869757272E-16,2.4,3.2));
#586 = CARTESIAN_POINT('',(-3.918869757272E-16,2.2,3.2));
#587 = CARTESIAN_POINT('',(-3.918869757272E-16,2.4,3.2));
#588 = CARTESIAN_POINT('',(-3.918869757272E-16,2.4,3.2));
#589 = CARTESIAN_POINT('',(-3.918869757272E-16,2.4,3.2));
#590 = CARTESIAN_POINT('',(-3.918869757272E-16,2.4,3.2));
#591 = CARTESIAN_POINT('',(-3.918869757272E-16,2.2,3.2));
#592 = CARTESIAN_POINT('',(-3.918869757272E-16,2.2,3.2));
#593 = CARTESIAN_POINT('',(-3.918869757272E-16,2.2,3.2));
#594 = CARTESIAN_POINT('',(-3.918869757272E-16,2.4,3.2));
#595 = CARTESIAN_POINT('',(-3.918869757272E-16,2.2,3.2));
#596 = CARTESIAN_POINT('',(-3.918869757272E-16,2.,3.2));
#597 = CARTESIAN_POINT('',(-3.918869757272E-16,2.,3.2));
#598 = CARTESIAN_POINT('',(-3.918869757272E-16,2.,3.2));
#599 = CARTESIAN_POINT('',(-3.918869757272E-16,2.2,3.2));
#600 = CARTESIAN_POINT('',(-3.918869757272E-16,2.2,3.2));
#601 = CARTESIAN_POINT('',(-3.918869757272E-16,2.2,3.2));
#602 = CARTESIAN_POINT('',(-3.918869757272E-16,2.,3.2));
#603 = CARTESIAN_POINT('',(-3.918869757272E-16,2.2,3.2));
#604 = CARTESIAN_POINT('',(-3.918869757272E-16,2.2,3.2));
#605 = CARTESIAN_POINT('',(-3.918869757272E-16,2.2,3.2));
#606 = CARTESIAN_POINT('',(-3.918869757272E-16,2.2,3.2));
#607 = CARTESIAN_POINT('',(-3.918869757272E-16,2.,3.2));
#608 = CARTESIAN_POINT('',(-3.918869757272E-16,2.,3.2));
#609 = CARTESIAN_POINT('',(-3.918869757272E-16,2.,3.2));
#610 = CARTESIAN_POINT('',(-3.918869757272E-16,2.2,3.2));
#611 = CARTESIAN_POINT('',(-3.918869757272E-16,2.,3.2));
#612 = CARTESIAN_POINT('',(-3.918869757272E-16,1.8,3.2));
#613 = CARTESIAN_POINT('',(-3.918869757272E-16,1.8,3.2));
#614 = CARTESIAN_POINT('',(-3.918869757272E-16,1.8,3.2));
#615 = CARTESIAN_POINT('',(-3.918869757272E-16,2.,3.2));
#616 = CARTESIAN_POINT('',(-3.918869757272E-16,2.,3.2));
#617 = CARTESIAN_POINT('',(-3.918869757272E-16,2.,3.2));
#618 = CARTESIAN_POINT('',(-3.918869757272E-16,1.8,3.2));
#619 = CARTESIAN_POINT('',(-3.918869757272E-16,2.,3.2));
#620 = CARTESIAN_POINT('',(-3.918869757272E-16,2.,3.2));
#621 = CARTESIAN_POINT('',(-3.918869757272E-16,2.,3.2));
#622 = CARTESIAN_POINT('',(-3.918869757272E-16,2.,3.2));
#623 = CARTESIAN_POINT('',(-3.918869757272E-16,1.8,3.2));
#624 = CARTESIAN_POINT('',(-3.918869757272E-16,1.8,3.2));
#625 = CARTESIAN_POINT('',(-3.918869757272E-16,1.8,3.2));
#626 = CARTESIAN_POINT('',(-3.918869757272E-16,2.,3.2));
#627 = CARTESIAN_POINT('',(-3.918869757272E-16,1.8,3.2));
#628 = CARTESIAN_POINT('',(-3.918869757272E-16,1.6,3.2));
#629 = CARTESIAN_POINT('',(-3.918869757272E-16,1.6,3.2));
#630 = CARTESIAN_POINT('',(-3.918869757272E-16,1.6,3.2));
#631 = CARTESIAN_POINT('',(-3.918869757272E-16,1.8,3.2));
#632 = CARTESIAN_POINT('',(-3.918869757272E-16,1.8,3.2));
#633 = CARTESIAN_POINT('',(-3.918869757272E-16,1.8,3.2));
#634 = CARTESIAN_POINT('',(-3.918869757272E-16,1.6,3.2));
#635 = CARTESIAN_POINT('',(-3.918869757272E-16,1.8,3.2));
#636 = CARTESIAN_POINT('',(-3.918869757272E-16,1.8,3.2));
#637 = CARTESIAN_POINT('',(-3.918869757272E-16,1.8,3.2));
#638 = CARTESIAN_POINT('',(-3.918869757272E-16,1.8,3.2));
#639 = CARTESIAN_POINT('',(-3.918869757272E-16,1.6,3.2));
#640 = CARTESIAN_POINT('',(-3.918869757272E-16,1.6,3.2));
#641 = CARTESIAN_POINT('',(-3.918869757272E-16,1.6,3.2));
#642 = CARTESIAN_POINT('',(-3.918869757272E-16,1.8,3.2));
#643 = CARTESIAN_POINT('',(-3.918869757272E-16,1.6,3.2));
#644 = CARTESIAN_POINT('',(-3.918869757272E-16,1.6,3.2));
#645 = CARTESIAN_POINT('',(-3.918869757272E-16,1.6,3.2));
#646 = CARTESIAN_POINT('',(-3.918869757272E-16,1.6,3.2));
#647 = CARTESIAN_POINT('',(-3.918869757272E-16,1.6,3.2));
#648 = CARTESIAN_POINT('',(-3.918869757272E-16,3.4,3.2));
#649 = CARTESIAN_POINT('',(-3.918869757272E-16,3.4,3.2));
#650 = CARTESIAN_POINT('',(-3.918869757272E-16,3.4,3.2));
#651 = CARTESIAN_POINT('',(-3.918869757272E-16,3.6,3.2));
#652 = CARTESIAN_POINT('',(-3.918869757272E-16,3.6,3.2));
#653 = CARTESIAN_POINT('',(-3.918869757272E-16,3.6,3.2));
#654 = CARTESIAN_POINT('',(-3.918869757272E-16,3.4,3.2));
#655 = CARTESIAN_POINT('',(-3.918869757272E-16,3.6,3.2));
#656 = CARTESIAN_POINT('',(1.515095684745,-5.782628522115E-02,
    -1.844744067107));
#657 = CARTESIAN_POINT('',(1.4,-5.782628522115E-02,-1.844744067107));
#658 = CARTESIAN_POINT('',(1.4,-5.782628522115E-02,-1.844744067107));
#659 = CARTESIAN_POINT('',(1.4,-0.1,-2.132091952673));
#660 = CARTESIAN_POINT('',(1.4,-0.1,-2.132091952673));
#661 = CARTESIAN_POINT('',(1.616927371403,-0.1,-2.132091952672));
#662 = CARTESIAN_POINT('',(1.616927371403,-0.1,-2.132091952672));
#663 = CARTESIAN_POINT('',(1.515095684745,-5.782628522115E-02,
    -1.844744067107));
#664 = CARTESIAN_POINT('',(1.616927371402,-0.1,2.132091952673));
#665 = CARTESIAN_POINT('',(1.4,-0.1,2.132091952673));
#666 = CARTESIAN_POINT('',(1.4,-0.1,2.132091952673));
#667 = CARTESIAN_POINT('',(1.4,-5.782628522115E-02,1.844744067107));
#668 = CARTESIAN_POINT('',(1.4,-5.782628522115E-02,1.844744067107));
#669 = CARTESIAN_POINT('',(1.515095684745,-5.782628522115E-02,
    1.844744067107));
#670 = CARTESIAN_POINT('',(1.515095684745,-5.782628522115E-02,
    1.844744067107));
#671 = CARTESIAN_POINT('',(1.616927371402,-0.1,2.132091952673));
#672 = CARTESIAN_POINT('',(1.616927371403,-0.1,-2.132091952672));
#673 = CARTESIAN_POINT('',(1.515095684745,-5.782628522115E-02,
    -1.844744067107));
#674 = CARTESIAN_POINT('',(1.499999998039,-2.883300103837E-02,
    -1.748099789929));
#675 = CARTESIAN_POINT('',(1.515095684745,-5.782628522115E-02,
    -1.844744067107));
#676 = CARTESIAN_POINT('',(1.49999999804,-2.883300103859E-02,
    1.748099789928));
#677 = CARTESIAN_POINT('',(1.499999998039,-2.883300103837E-02,
    -1.748099789929));
#678 = CARTESIAN_POINT('',(1.515095684745,-5.782628522115E-02,
    1.844744067107));
#679 = CARTESIAN_POINT('',(1.49999999804,-2.883300103859E-02,
    1.748099789928));
#680 = CARTESIAN_POINT('',(1.515095684745,-5.782628522115E-02,
    1.844744067107));
#681 = CARTESIAN_POINT('',(1.616927371402,-0.1,2.132091952673));
#682 = CARTESIAN_POINT('',(1.616927371403,-0.1,-2.132091952672));
#683 = CARTESIAN_POINT('',(1.616927371402,-0.1,2.132091952673));
#684 = CARTESIAN_POINT('',(1.49999999804,-2.883300103859E-02,
    1.748099789928));
#685 = CARTESIAN_POINT('',(1.499999998039,-2.883300103837E-02,
    -1.748099789929));
#686 = CARTESIAN_POINT('',(1.5,0.495596934911,0.));
#687 = CARTESIAN_POINT('',(1.49999999804,-2.883300103859E-02,
    1.748099789928));
#688 = CARTESIAN_POINT('',(1.5,0.495596934911,0.));
#689 = CARTESIAN_POINT('',(1.5,0.495596934911,0.));
#690 = CARTESIAN_POINT('',(1.499999998039,-2.883300103837E-02,
    -1.748099789929));
#691 = CARTESIAN_POINT('',(1.5,0.495596934911,0.));
#692 = CARTESIAN_POINT('',(1.4,-5.782628522115E-02,1.844744067107));
#693 = CARTESIAN_POINT('',(1.515095684745,-5.782628522115E-02,
    1.844744067107));
#694 = CARTESIAN_POINT('',(1.4,0.495596934911,-3.775736084661E-19));
#695 = CARTESIAN_POINT('',(1.4,-5.782628522115E-02,1.844744067107));
#696 = CARTESIAN_POINT('',(1.4,0.495596934911,-3.775736084661E-19));
#697 = CARTESIAN_POINT('',(1.5,0.495596934911,0.));
#698 = CARTESIAN_POINT('',(1.5,0.495596934911,0.));
#699 = CARTESIAN_POINT('',(1.49999999804,-2.883300103859E-02,
    1.748099789928));
#700 = CARTESIAN_POINT('',(1.515095684745,-5.782628522115E-02,
    1.844744067107));
#701 = CARTESIAN_POINT('',(1.49999999804,-2.883300103859E-02,
    1.748099789928));
#702 = CARTESIAN_POINT('',(1.515095684745,-5.782628522115E-02,
    -1.844744067107));
#703 = CARTESIAN_POINT('',(1.4,-5.782628522115E-02,-1.844744067107));
#704 = CARTESIAN_POINT('',(1.499999998039,-2.883300103837E-02,
    -1.748099789929));
#705 = CARTESIAN_POINT('',(1.515095684745,-5.782628522115E-02,
    -1.844744067107));
#706 = CARTESIAN_POINT('',(1.499999998039,-2.883300103837E-02,
    -1.748099789929));
#707 = CARTESIAN_POINT('',(1.5,0.495596934911,0.));
#708 = CARTESIAN_POINT('',(1.4,0.495596934911,-3.775736084661E-19));
#709 = CARTESIAN_POINT('',(1.5,0.495596934911,0.));
#710 = CARTESIAN_POINT('',(1.4,-5.782628522115E-02,-1.844744067107));
#711 = CARTESIAN_POINT('',(1.4,0.495596934911,-3.775736084661E-19));
#712 = CARTESIAN_POINT('',(1.4,-0.1,-2.132091952673));
#713 = CARTESIAN_POINT('',(1.616927371403,-0.1,-2.132091952672));
#714 = CARTESIAN_POINT('',(1.4,-0.1,-2.132091952673));
#715 = CARTESIAN_POINT('',(1.4,-0.1,-3.370830758137));
#716 = CARTESIAN_POINT('',(1.4,-0.1,-3.370830758137));
#717 = CARTESIAN_POINT('',(3.620065789474,-0.1,-0.466501532562));
#718 = CARTESIAN_POINT('',(3.620065789474,-0.1,-0.466501532562));
#719 = CARTESIAN_POINT('',(3.620065789474,-0.1,0.466501532562));
#720 = CARTESIAN_POINT('',(3.620065789474,-0.1,0.466501532562));
#721 = CARTESIAN_POINT('',(1.4,-0.1,3.370830758137));
#722 = CARTESIAN_POINT('',(1.4,-0.1,3.370830758137));
#723 = CARTESIAN_POINT('',(1.4,-0.1,2.132091952673));
#724 = CARTESIAN_POINT('',(1.616927371402,-0.1,2.132091952673));
#725 = CARTESIAN_POINT('',(1.4,-0.1,2.132091952673));
#726 = CARTESIAN_POINT('',(1.616927371403,-0.1,-2.132091952672));
#727 = CARTESIAN_POINT('',(1.616927371402,-0.1,2.132091952673));
#728 = CARTESIAN_POINT('',(1.4,-3.469446951954E-17,-2.));
#729 = CARTESIAN_POINT('',(1.5,-3.469446951954E-17,-2.));
#730 = CARTESIAN_POINT('',(1.5,0.,2.));
#731 = CARTESIAN_POINT('',(1.5,-3.469446951954E-17,-2.));
#732 = CARTESIAN_POINT('',(1.4,0.,2.));
#733 = CARTESIAN_POINT('',(1.5,0.,2.));
#734 = CARTESIAN_POINT('',(1.4,0.,2.));
#735 = CARTESIAN_POINT('',(1.4,1.232595164408E-31,3.370830758137));
#736 = CARTESIAN_POINT('',(1.4,1.232595164408E-31,3.370830758137));
#737 = CARTESIAN_POINT('',(3.620065789474,1.232595164408E-31,
    0.466501532562));
#738 = CARTESIAN_POINT('',(3.620065789474,1.232595164408E-31,
    0.466501532562));
#739 = CARTESIAN_POINT('',(3.620065789474,1.232595164408E-31,
    -0.466501532562));
#740 = CARTESIAN_POINT('',(3.620065789474,1.232595164408E-31,
    -0.466501532562));
#741 = CARTESIAN_POINT('',(1.4,1.232595164408E-31,-3.370830758137));
#742 = CARTESIAN_POINT('',(1.4,1.232595164408E-31,-3.370830758137));
#743 = CARTESIAN_POINT('',(1.4,-3.469446951954E-17,-2.));
#744 = CARTESIAN_POINT('',(1.4,1.232595164408E-31,3.370830758137));
#745 = CARTESIAN_POINT('',(3.620065789474,1.232595164408E-31,
    0.466501532562));
#746 = CARTESIAN_POINT('',(1.4,1.232595164408E-31,3.370830758137));
#747 = CARTESIAN_POINT('',(1.4,-0.1,3.370830758137));
#748 = CARTESIAN_POINT('',(3.620065789474,-0.1,0.466501532562));
#749 = CARTESIAN_POINT('',(1.4,-0.1,3.370830758137));
#750 = CARTESIAN_POINT('',(3.620065789474,1.232595164408E-31,
    0.466501532562));
#751 = CARTESIAN_POINT('',(3.620065789474,-0.1,0.466501532562));
#752 = CARTESIAN_POINT('',(3.620065789474,1.232595164408E-31,
    -0.466501532562));
#753 = CARTESIAN_POINT('',(3.620065789474,-0.1,-0.466501532562));
#754 = CARTESIAN_POINT('',(3.620065789474,-0.1,-0.466501532562));
#755 = CARTESIAN_POINT('',(3.620065789474,-0.1,0.466501532562));
#756 = CARTESIAN_POINT('',(3.620065789474,1.232595164408E-31,
    0.466501532562));
#757 = CARTESIAN_POINT('',(3.620065789474,-0.1,0.466501532562));
#758 = CARTESIAN_POINT('',(3.620065789474,1.232595164408E-31,
    0.466501532562));
#759 = CARTESIAN_POINT('',(3.620065789474,1.232595164408E-31,
    -0.466501532562));
#760 = CARTESIAN_POINT('',(3.620065789474,1.232595164408E-31,
    -0.466501532562));
#761 = CARTESIAN_POINT('',(1.4,1.232595164408E-31,-3.370830758137));
#762 = CARTESIAN_POINT('',(3.620065789474,1.232595164408E-31,
    -0.466501532562));
#763 = CARTESIAN_POINT('',(3.620065789474,-0.1,-0.466501532562));
#764 = CARTESIAN_POINT('',(1.4,-0.1,-3.370830758137));
#765 = CARTESIAN_POINT('',(3.620065789474,-0.1,-0.466501532562));
#766 = CARTESIAN_POINT('',(1.4,1.232595164408E-31,-3.370830758137));
#767 = CARTESIAN_POINT('',(1.4,-0.1,-3.370830758137));
#768 = CARTESIAN_POINT('',(1.5,0.6,0.));
#769 = CARTESIAN_POINT('',(1.5,0.6,0.));
#770 = CARTESIAN_POINT('',(1.5,-3.469446951954E-17,-2.));
#771 = CARTESIAN_POINT('',(1.5,0.6,0.));
#772 = CARTESIAN_POINT('',(1.5,0.,2.));
#773 = CARTESIAN_POINT('',(1.5,-3.469446951954E-17,-2.));
#774 = CARTESIAN_POINT('',(1.5,0.6,0.));
#775 = CARTESIAN_POINT('',(1.5,0.,2.));
#776 = CARTESIAN_POINT('',(1.4,0.6,0.));
#777 = CARTESIAN_POINT('',(1.4,0.,2.));
#778 = CARTESIAN_POINT('',(1.4,0.,2.));
#779 = CARTESIAN_POINT('',(1.5,0.,2.));
#780 = CARTESIAN_POINT('',(1.5,0.6,0.));
#781 = CARTESIAN_POINT('',(1.5,0.,2.));
#782 = CARTESIAN_POINT('',(1.4,0.6,0.));
#783 = CARTESIAN_POINT('',(1.5,0.6,0.));
#784 = CARTESIAN_POINT('',(1.4,-3.469446951954E-17,-2.));
#785 = CARTESIAN_POINT('',(1.4,0.6,0.));
#786 = CARTESIAN_POINT('',(1.4,0.6,0.));
#787 = CARTESIAN_POINT('',(1.5,0.6,0.));
#788 = CARTESIAN_POINT('',(1.5,-3.469446951954E-17,-2.));
#789 = CARTESIAN_POINT('',(1.5,0.6,0.));
#790 = CARTESIAN_POINT('',(1.4,-3.469446951954E-17,-2.));
#791 = CARTESIAN_POINT('',(1.5,-3.469446951954E-17,-2.));
#792 = CARTESIAN_POINT('',(1.4,-5.782628522115E-02,-1.844744067107));
#793 = CARTESIAN_POINT('',(1.4,-0.1,-2.132091952673));
#794 = CARTESIAN_POINT('',(1.4,-5.782628522115E-02,-1.844744067107));
#795 = CARTESIAN_POINT('',(1.4,0.495596934911,-3.775736084661E-19));
#796 = CARTESIAN_POINT('',(1.4,0.495596934911,-3.775736084661E-19));
#797 = CARTESIAN_POINT('',(1.4,-5.782628522115E-02,1.844744067107));
#798 = CARTESIAN_POINT('',(1.4,-0.1,2.132091952673));
#799 = CARTESIAN_POINT('',(1.4,-5.782628522115E-02,1.844744067107));
#800 = CARTESIAN_POINT('',(1.4,-0.1,3.370830758137));
#801 = CARTESIAN_POINT('',(1.4,-0.1,2.132091952673));
#802 = CARTESIAN_POINT('',(1.4,1.232595164408E-31,3.370830758137));
#803 = CARTESIAN_POINT('',(1.4,-0.1,3.370830758137));
#804 = CARTESIAN_POINT('',(1.4,0.,2.));
#805 = CARTESIAN_POINT('',(1.4,1.232595164408E-31,3.370830758137));
#806 = CARTESIAN_POINT('',(1.4,0.6,0.));
#807 = CARTESIAN_POINT('',(1.4,0.,2.));
#808 = CARTESIAN_POINT('',(1.4,-3.469446951954E-17,-2.));
#809 = CARTESIAN_POINT('',(1.4,0.6,0.));
#810 = CARTESIAN_POINT('',(1.4,1.232595164408E-31,-3.370830758137));
#811 = CARTESIAN_POINT('',(1.4,-3.469446951954E-17,-2.));
#812 = CARTESIAN_POINT('',(1.4,1.232595164408E-31,-3.370830758137));
#813 = CARTESIAN_POINT('',(1.4,-0.1,-3.370830758137));
#814 = CARTESIAN_POINT('',(1.4,-0.1,-2.132091952673));
#815 = CARTESIAN_POINT('',(1.4,-0.1,-3.370830758137));
#816 = CARTESIAN_POINT('',(-1.515095684745,-5.782628522115E-02,
    -1.844744067107));
#817 = CARTESIAN_POINT('',(-1.49999999804,-2.883300103859E-02,
    -1.748099789928));
#818 = CARTESIAN_POINT('',(-1.616927371403,-0.1,-2.132091952673));
#819 = CARTESIAN_POINT('',(-1.515095684745,-5.782628522115E-02,
    -1.844744067107));
#820 = CARTESIAN_POINT('',(-1.616927371402,-0.1,2.132091952673));
#821 = CARTESIAN_POINT('',(-1.616927371403,-0.1,-2.132091952673));
#822 = CARTESIAN_POINT('',(-1.515095684745,-5.782628522115E-02,
    1.844744067107));
#823 = CARTESIAN_POINT('',(-1.616927371402,-0.1,2.132091952673));
#824 = CARTESIAN_POINT('',(-1.499999998039,-2.883300103837E-02,
    1.748099789929));
#825 = CARTESIAN_POINT('',(-1.515095684745,-5.782628522115E-02,
    1.844744067107));
#826 = CARTESIAN_POINT('',(-1.49999999804,-2.883300103859E-02,
    -1.748099789928));
#827 = CARTESIAN_POINT('',(-1.499999998039,-2.883300103837E-02,
    1.748099789929));
#828 = CARTESIAN_POINT('',(-1.515095684745,-5.782628522115E-02,
    1.844744067107));
#829 = CARTESIAN_POINT('',(-1.4,-5.782628522115E-02,1.844744067107));
#830 = CARTESIAN_POINT('',(-1.4,-5.782628522115E-02,1.844744067107));
#831 = CARTESIAN_POINT('',(-1.4,-0.1,2.132091952673));
#832 = CARTESIAN_POINT('',(-1.4,-0.1,2.132091952673));
#833 = CARTESIAN_POINT('',(-1.616927371402,-0.1,2.132091952673));
#834 = CARTESIAN_POINT('',(-1.515095684745,-5.782628522115E-02,
    1.844744067107));
#835 = CARTESIAN_POINT('',(-1.616927371402,-0.1,2.132091952673));
#836 = CARTESIAN_POINT('',(-1.616927371403,-0.1,-2.132091952673));
#837 = CARTESIAN_POINT('',(-1.4,-0.1,-2.132091952673));
#838 = CARTESIAN_POINT('',(-1.4,-0.1,-2.132091952673));
#839 = CARTESIAN_POINT('',(-1.4,-5.782628522115E-02,-1.844744067107));
#840 = CARTESIAN_POINT('',(-1.4,-5.782628522115E-02,-1.844744067107));
#841 = CARTESIAN_POINT('',(-1.515095684745,-5.782628522115E-02,
    -1.844744067107));
#842 = CARTESIAN_POINT('',(-1.616927371403,-0.1,-2.132091952673));
#843 = CARTESIAN_POINT('',(-1.515095684745,-5.782628522115E-02,
    -1.844744067107));
#844 = CARTESIAN_POINT('',(-1.4,-5.782628522115E-02,-1.844744067107));
#845 = CARTESIAN_POINT('',(-1.515095684745,-5.782628522115E-02,
    -1.844744067107));
#846 = CARTESIAN_POINT('',(-1.4,0.495596934911,-3.775736084661E-19));
#847 = CARTESIAN_POINT('',(-1.4,-5.782628522115E-02,-1.844744067107));
#848 = CARTESIAN_POINT('',(-1.4,0.495596934911,-3.775736084661E-19));
#849 = CARTESIAN_POINT('',(-1.5,0.495596934911,0.));
#850 = CARTESIAN_POINT('',(-1.49999999804,-2.883300103859E-02,
    -1.748099789928));
#851 = CARTESIAN_POINT('',(-1.5,0.495596934911,0.));
#852 = CARTESIAN_POINT('',(-1.515095684745,-5.782628522115E-02,
    -1.844744067107));
#853 = CARTESIAN_POINT('',(-1.49999999804,-2.883300103859E-02,
    -1.748099789928));
#854 = CARTESIAN_POINT('',(-1.4,-0.1,-2.132091952673));
#855 = CARTESIAN_POINT('',(-1.4,-5.782628522115E-02,-1.844744067107));
#856 = CARTESIAN_POINT('',(-1.4,-0.1,-2.132091952673));
#857 = CARTESIAN_POINT('',(-1.4,-0.1,-3.370830758137));
#858 = CARTESIAN_POINT('',(-1.4,1.232595164408E-31,-3.370830758137));
#859 = CARTESIAN_POINT('',(-1.4,-0.1,-3.370830758137));
#860 = CARTESIAN_POINT('',(-1.4,1.232595164408E-31,-3.370830758137));
#861 = CARTESIAN_POINT('',(-1.4,-3.469446951954E-17,-2.));
#862 = CARTESIAN_POINT('',(-1.4,-3.469446951954E-17,-2.));
#863 = CARTESIAN_POINT('',(-1.4,0.6,0.));
#864 = CARTESIAN_POINT('',(-1.4,0.6,0.));
#865 = CARTESIAN_POINT('',(-1.4,0.,2.));
#866 = CARTESIAN_POINT('',(-1.4,0.,2.));
#867 = CARTESIAN_POINT('',(-1.4,1.232595164408E-31,3.370830758137));
#868 = CARTESIAN_POINT('',(-1.4,1.232595164408E-31,3.370830758137));
#869 = CARTESIAN_POINT('',(-1.4,-0.1,3.370830758137));
#870 = CARTESIAN_POINT('',(-1.4,-0.1,3.370830758137));
#871 = CARTESIAN_POINT('',(-1.4,-0.1,2.132091952673));
#872 = CARTESIAN_POINT('',(-1.4,-5.782628522115E-02,1.844744067107));
#873 = CARTESIAN_POINT('',(-1.4,-0.1,2.132091952673));
#874 = CARTESIAN_POINT('',(-1.4,-5.782628522115E-02,1.844744067107));
#875 = CARTESIAN_POINT('',(-1.4,0.495596934911,-3.775736084661E-19));
#876 = CARTESIAN_POINT('',(-1.4,0.495596934911,-3.775736084661E-19));
#877 = CARTESIAN_POINT('',(-1.4,-5.782628522115E-02,-1.844744067107));
#878 = CARTESIAN_POINT('',(-1.616927371403,-0.1,-2.132091952673));
#879 = CARTESIAN_POINT('',(-1.4,-0.1,-2.132091952673));
#880 = CARTESIAN_POINT('',(-1.616927371402,-0.1,2.132091952673));
#881 = CARTESIAN_POINT('',(-1.616927371403,-0.1,-2.132091952673));
#882 = CARTESIAN_POINT('',(-1.4,-0.1,2.132091952673));
#883 = CARTESIAN_POINT('',(-1.616927371402,-0.1,2.132091952673));
#884 = CARTESIAN_POINT('',(-1.4,-0.1,3.370830758137));
#885 = CARTESIAN_POINT('',(-1.4,-0.1,2.132091952673));
#886 = CARTESIAN_POINT('',(-3.620065789474,-0.1,0.466501532562));
#887 = CARTESIAN_POINT('',(-1.4,-0.1,3.370830758137));
#888 = CARTESIAN_POINT('',(-3.620065789474,-0.1,-0.466501532562));
#889 = CARTESIAN_POINT('',(-3.620065789474,-0.1,0.466501532562));
#890 = CARTESIAN_POINT('',(-1.4,-0.1,-3.370830758137));
#891 = CARTESIAN_POINT('',(-3.620065789474,-0.1,-0.466501532562));
#892 = CARTESIAN_POINT('',(-1.4,-0.1,-2.132091952673));
#893 = CARTESIAN_POINT('',(-1.4,-0.1,-3.370830758137));
#894 = CARTESIAN_POINT('',(-1.5,0.495596934911,0.));
#895 = CARTESIAN_POINT('',(-1.499999998039,-2.883300103837E-02,
    1.748099789929));
#896 = CARTESIAN_POINT('',(-1.5,0.495596934911,0.));
#897 = CARTESIAN_POINT('',(-1.5,0.495596934911,0.));
#898 = CARTESIAN_POINT('',(-1.49999999804,-2.883300103859E-02,
    -1.748099789928));
#899 = CARTESIAN_POINT('',(-1.5,0.495596934911,0.));
#900 = CARTESIAN_POINT('',(-1.49999999804,-2.883300103859E-02,
    -1.748099789928));
#901 = CARTESIAN_POINT('',(-1.499999998039,-2.883300103837E-02,
    1.748099789929));
#902 = CARTESIAN_POINT('',(-1.515095684745,-5.782628522115E-02,
    1.844744067107));
#903 = CARTESIAN_POINT('',(-1.4,-5.782628522115E-02,1.844744067107));
#904 = CARTESIAN_POINT('',(-1.499999998039,-2.883300103837E-02,
    1.748099789929));
#905 = CARTESIAN_POINT('',(-1.515095684745,-5.782628522115E-02,
    1.844744067107));
#906 = CARTESIAN_POINT('',(-1.5,0.495596934911,0.));
#907 = CARTESIAN_POINT('',(-1.499999998039,-2.883300103837E-02,
    1.748099789929));
#908 = CARTESIAN_POINT('',(-1.4,0.495596934911,-3.775736084661E-19));
#909 = CARTESIAN_POINT('',(-1.5,0.495596934911,0.));
#910 = CARTESIAN_POINT('',(-1.4,-5.782628522115E-02,1.844744067107));
#911 = CARTESIAN_POINT('',(-1.4,0.495596934911,-3.775736084661E-19));
#912 = CARTESIAN_POINT('',(-1.4,-3.469446951954E-17,-2.));
#913 = CARTESIAN_POINT('',(-1.5,-3.469446951954E-17,-2.));
#914 = CARTESIAN_POINT('',(-1.4,1.232595164408E-31,-3.370830758137));
#915 = CARTESIAN_POINT('',(-1.4,-3.469446951954E-17,-2.));
#916 = CARTESIAN_POINT('',(-3.620065789474,1.232595164408E-31,
    -0.466501532562));
#917 = CARTESIAN_POINT('',(-1.4,1.232595164408E-31,-3.370830758137));
#918 = CARTESIAN_POINT('',(-3.620065789474,1.232595164408E-31,
    0.466501532562));
#919 = CARTESIAN_POINT('',(-3.620065789474,1.232595164408E-31,
    -0.466501532562));
#920 = CARTESIAN_POINT('',(-1.4,1.232595164408E-31,3.370830758137));
#921 = CARTESIAN_POINT('',(-3.620065789474,1.232595164408E-31,
    0.466501532562));
#922 = CARTESIAN_POINT('',(-1.4,0.,2.));
#923 = CARTESIAN_POINT('',(-1.4,1.232595164408E-31,3.370830758137));
#924 = CARTESIAN_POINT('',(-1.4,0.,2.));
#925 = CARTESIAN_POINT('',(-1.5,0.,2.));
#926 = CARTESIAN_POINT('',(-1.5,0.,2.));
#927 = CARTESIAN_POINT('',(-1.5,-3.469446951954E-17,-2.));
#928 = CARTESIAN_POINT('',(-1.4,1.232595164408E-31,3.370830758137));
#929 = CARTESIAN_POINT('',(-3.620065789474,1.232595164408E-31,
    0.466501532562));
#930 = CARTESIAN_POINT('',(-3.620065789474,1.232595164408E-31,
    0.466501532562));
#931 = CARTESIAN_POINT('',(-3.620065789474,-0.1,0.466501532562));
#932 = CARTESIAN_POINT('',(-3.620065789474,-0.1,0.466501532562));
#933 = CARTESIAN_POINT('',(-1.4,-0.1,3.370830758137));
#934 = CARTESIAN_POINT('',(-1.4,1.232595164408E-31,3.370830758137));
#935 = CARTESIAN_POINT('',(-1.4,-0.1,3.370830758137));
#936 = CARTESIAN_POINT('',(-3.620065789474,1.232595164408E-31,
    0.466501532562));
#937 = CARTESIAN_POINT('',(-3.620065789474,-0.1,0.466501532562));
#938 = CARTESIAN_POINT('',(-3.620065789474,-0.1,-0.466501532562));
#939 = CARTESIAN_POINT('',(-3.620065789474,-0.1,0.466501532562));
#940 = CARTESIAN_POINT('',(-3.620065789474,1.232595164408E-31,
    -0.466501532562));
#941 = CARTESIAN_POINT('',(-3.620065789474,-0.1,-0.466501532562));
#942 = CARTESIAN_POINT('',(-3.620065789474,1.232595164408E-31,
    0.466501532562));
#943 = CARTESIAN_POINT('',(-3.620065789474,1.232595164408E-31,
    -0.466501532562));
#944 = CARTESIAN_POINT('',(-3.620065789474,1.232595164408E-31,
    -0.466501532562));
#945 = CARTESIAN_POINT('',(-1.4,1.232595164408E-31,-3.370830758137));
#946 = CARTESIAN_POINT('',(-1.4,1.232595164408E-31,-3.370830758137));
#947 = CARTESIAN_POINT('',(-1.4,-0.1,-3.370830758137));
#948 = CARTESIAN_POINT('',(-1.4,-0.1,-3.370830758137));
#949 = CARTESIAN_POINT('',(-3.620065789474,-0.1,-0.466501532562));
#950 = CARTESIAN_POINT('',(-3.620065789474,1.232595164408E-31,
    -0.466501532562));
#951 = CARTESIAN_POINT('',(-3.620065789474,-0.1,-0.466501532562));
#952 = CARTESIAN_POINT('',(-1.5,0.6,0.));
#953 = CARTESIAN_POINT('',(-1.5,0.,2.));
#954 = CARTESIAN_POINT('',(-1.5,0.6,0.));
#955 = CARTESIAN_POINT('',(-1.5,0.6,0.));
#956 = CARTESIAN_POINT('',(-1.5,-3.469446951954E-17,-2.));
#957 = CARTESIAN_POINT('',(-1.5,0.6,0.));
#958 = CARTESIAN_POINT('',(-1.5,0.,2.));
#959 = CARTESIAN_POINT('',(-1.5,-3.469446951954E-17,-2.));
#960 = CARTESIAN_POINT('',(-1.4,0.6,0.));
#961 = CARTESIAN_POINT('',(-1.4,0.,2.));
#962 = CARTESIAN_POINT('',(-1.4,0.6,0.));
#963 = CARTESIAN_POINT('',(-1.5,0.6,0.));
#964 = CARTESIAN_POINT('',(-1.5,0.6,0.));
#965 = CARTESIAN_POINT('',(-1.5,0.,2.));
#966 = CARTESIAN_POINT('',(-1.4,0.,2.));
#967 = CARTESIAN_POINT('',(-1.5,0.,2.));
#968 = CARTESIAN_POINT('',(-1.4,-3.469446951954E-17,-2.));
#969 = CARTESIAN_POINT('',(-1.4,0.6,0.));
#970 = CARTESIAN_POINT('',(-1.4,-3.469446951954E-17,-2.));
#971 = CARTESIAN_POINT('',(-1.5,-3.469446951954E-17,-2.));
#972 = CARTESIAN_POINT('',(-1.5,-3.469446951954E-17,-2.));
#973 = CARTESIAN_POINT('',(-1.5,0.6,0.));
#974 = CARTESIAN_POINT('',(-1.4,0.6,0.));
#975 = CARTESIAN_POINT('',(-1.5,0.6,0.));
#976 = MANIFOLD_SOLID_BREP('',#977);
#977 = CLOSED_SHELL('',(#978,#1147,#1223,#1272,#1298,#1462,#1538,#1587,
    #1613,#1732,#1851,#1960,#2112,#2293,#2368,#2482,#2596,#2705,#2852,
    #3033,#3108,#3209,#3314,#3364,#3418,#3578,#3678,#3778,#3949,#4045,
    #4072,#4099,#4126,#4221,#4250,#4345,#4440,#4490,#4534,#4541,#4577,
    #4606,#4613,#4639,#4667));
#978 = ADVANCED_FACE('',(#979),#993,.F.);
#979 = FACE_BOUND('',#980,.F.);
#980 = EDGE_LOOP('',(#981,#1044,#1099));
#981 = ORIENTED_EDGE('',*,*,#982,.F.);
#982 = EDGE_CURVE('',#983,#985,#987,.T.);
#983 = VERTEX_POINT('',#984);
#984 = CARTESIAN_POINT('',(-1.5,0.,-2.));
#985 = VERTEX_POINT('',#986);
#986 = CARTESIAN_POINT('',(-1.5,0.6,0.));
#987 = SURFACE_CURVE('',#988,(#992,#1032),.PCURVE_S1.);
#988 = LINE('',#989,#990);
#989 = CARTESIAN_POINT('',(-1.5,0.6,0.));
#990 = VECTOR('',#991,1.);
#991 = DIRECTION('',(0.,0.287347885566,0.957826285221));
#992 = PCURVE('',#993,#1004);
#993 = ( BOUNDED_SURFACE() B_SPLINE_SURFACE(1,2,(
    (#994,#995,#996,#997,#998)
    ,(#999,#1000,#1001,#1002,#1003
)),.UNSPECIFIED.,.F.,.F.,.F.) B_SPLINE_SURFACE_WITH_KNOTS((2,2),(3,2,3),
  (0.345427116511,1.04218801244),(-3.070344487025,-1.570796326795,
-7.124816656501E-02),.UNSPECIFIED.) GEOMETRIC_REPRESENTATION_ITEM() 
RATIONAL_B_SPLINE_SURFACE((
    (1.,0.73184284595,1.,0.73184284595,1.)
,(1.,0.73184284595,1.,0.73184284595,1.
))) REPRESENTATION_ITEM('') SURFACE() );
#994 = CARTESIAN_POINT('',(-1.5,6.34258270904E-16,2.));
#995 = CARTESIAN_POINT('',(-2.99366884793,-0.296201308758,1.867086059912
    ));
#996 = CARTESIAN_POINT('',(-2.99366884793,-0.296201308758,
    1.692499182714E-15));
#997 = CARTESIAN_POINT('',(-2.99366884793,-0.296201308758,
    -1.867086059912));
#998 = CARTESIAN_POINT('',(-1.5,6.895525817008E-16,-2.));
#999 = CARTESIAN_POINT('',(-1.5,0.6,1.339838910819E-15));
#1000 = CARTESIAN_POINT('',(-1.5,0.6,1.338933434151E-15));
#1001 = CARTESIAN_POINT('',(-1.5,0.6,9.740061297544E-16));
#1002 = CARTESIAN_POINT('',(-1.5,0.6,6.090788253583E-16));
#1003 = CARTESIAN_POINT('',(-1.5,0.6,5.58027483416E-16));
#1004 = DEFINITIONAL_REPRESENTATION('',(#1005),#1031);
#1005 = B_SPLINE_CURVE_WITH_KNOTS('',3,(#1006,#1007,#1008,#1009,#1010,
    #1011,#1012,#1013,#1014,#1015,#1016,#1017,#1018,#1019,#1020,#1021,
    #1022,#1023,#1024,#1025,#1026,#1027,#1028,#1029,#1030),
  .UNSPECIFIED.,.F.,.F.,(4,1,1,1,1,1,1,1,1,1,1,1,1,1,1,1,1,1,1,1,1,1,4),
  (-2.088061301782,-1.993149424428,-1.898237547075,-1.803325669721,
    -1.708413792367,-1.613501915013,-1.51859003766,-1.423678160306,
    -1.328766282952,-1.233854405599,-1.138942528245,-1.044030650891,
    -0.949118773537,-0.854206896184,-0.75929501883,-0.664383141476,
    -0.569471264122,-0.474559386769,-0.379647509415,-0.284735632061,
    -0.189823754707,-9.491187735373E-02,0.),.UNSPECIFIED.);
#1006 = CARTESIAN_POINT('',(0.345427116511,-7.124816656501E-02));
#1007 = CARTESIAN_POINT('',(0.355984099783,-7.124816656501E-02));
#1008 = CARTESIAN_POINT('',(0.377098066326,-7.124816656501E-02));
#1009 = CARTESIAN_POINT('',(0.408769016141,-7.124816656501E-02));
#1010 = CARTESIAN_POINT('',(0.440439965956,-7.124816656501E-02));
#1011 = CARTESIAN_POINT('',(0.472110915771,-7.124816656501E-02));
#1012 = CARTESIAN_POINT('',(0.503781865586,-7.124816656501E-02));
#1013 = CARTESIAN_POINT('',(0.535452815401,-7.124816656501E-02));
#1014 = CARTESIAN_POINT('',(0.567123765216,-7.124816656501E-02));
#1015 = CARTESIAN_POINT('',(0.598794715031,-7.124816656501E-02));
#1016 = CARTESIAN_POINT('',(0.630465664846,-7.124816656501E-02));
#1017 = CARTESIAN_POINT('',(0.662136614661,-7.124816656501E-02));
#1018 = CARTESIAN_POINT('',(0.693807564476,-7.124816656501E-02));
#1019 = CARTESIAN_POINT('',(0.725478514291,-7.124816656501E-02));
#1020 = CARTESIAN_POINT('',(0.757149464106,-7.124816656501E-02));
#1021 = CARTESIAN_POINT('',(0.788820413921,-7.124816656501E-02));
#1022 = CARTESIAN_POINT('',(0.820491363736,-7.124816656501E-02));
#1023 = CARTESIAN_POINT('',(0.85216231355,-7.124816656501E-02));
#1024 = CARTESIAN_POINT('',(0.883833263365,-7.124816656501E-02));
#1025 = CARTESIAN_POINT('',(0.91550421318,-7.124816656501E-02));
#1026 = CARTESIAN_POINT('',(0.947175162995,-7.124816656501E-02));
#1027 = CARTESIAN_POINT('',(0.97884611281,-7.124816656501E-02));
#1028 = CARTESIAN_POINT('',(1.010517062625,-7.124816656501E-02));
#1029 = CARTESIAN_POINT('',(1.031631029168,-7.124816656501E-02));
#1030 = CARTESIAN_POINT('',(1.04218801244,-7.124816656501E-02));
#1031 = ( GEOMETRIC_REPRESENTATION_CONTEXT(2) 
PARAMETRIC_REPRESENTATION_CONTEXT() REPRESENTATION_CONTEXT('2D SPACE',''
  ) );
#1032 = PCURVE('',#1033,#1038);
#1033 = PLANE('',#1034);
#1034 = AXIS2_PLACEMENT_3D('',#1035,#1036,#1037);
#1035 = CARTESIAN_POINT('',(-0.75,-1.387778780781E-16,-2.));
#1036 = DIRECTION('',(0.,-0.957826285221,0.287347885566));
#1037 = DIRECTION('',(0.,0.287347885566,0.957826285221));
#1038 = DEFINITIONAL_REPRESENTATION('',(#1039),#1043);
#1039 = LINE('',#1040,#1041);
#1040 = CARTESIAN_POINT('',(2.088061301782,0.75));
#1041 = VECTOR('',#1042,1.);
#1042 = DIRECTION('',(1.,0.));
#1043 = ( GEOMETRIC_REPRESENTATION_CONTEXT(2) 
PARAMETRIC_REPRESENTATION_CONTEXT() REPRESENTATION_CONTEXT('2D SPACE',''
  ) );
#1044 = ORIENTED_EDGE('',*,*,#1045,.T.);
#1045 = EDGE_CURVE('',#983,#1046,#1048,.T.);
#1046 = VERTEX_POINT('',#1047);
#1047 = CARTESIAN_POINT('',(-1.5,0.,2.));
#1048 = SURFACE_CURVE('',#1049,(#1054,#1083),.PCURVE_S1.);
#1049 = CIRCLE('',#1050,2.5);
#1050 = AXIS2_PLACEMENT_3D('',#1051,#1052,#1053);
#1051 = CARTESIAN_POINT('',(0.,0.,1.665334536938E-15));
#1052 = DIRECTION('',(0.,1.,0.));
#1053 = DIRECTION('',(-0.55240691121,0.,-0.833574594411));
#1054 = PCURVE('',#993,#1055);
#1055 = DEFINITIONAL_REPRESENTATION('',(#1056),#1082);
#1056 = B_SPLINE_CURVE_WITH_KNOTS('',3,(#1057,#1058,#1059,#1060,#1061,
    #1062,#1063,#1064,#1065,#1066,#1067,#1068,#1069,#1070,#1071,#1072,
    #1073,#1074,#1075,#1076,#1077,#1078,#1079,#1080,#1081),
  .UNSPECIFIED.,.F.,.F.,(4,1,1,1,1,1,1,1,1,1,1,1,1,1,1,1,1,1,1,1,1,1,4),
  (5.825216674693E-02,0.14255173202,0.226851297293,0.311150862566,
    0.395450427838,0.479749993111,0.564049558384,0.648349123657,
    0.73264868893,0.816948254203,0.901247819476,0.985547384749,
    1.069846950021,1.154146515294,1.238446080567,1.32274564584,
    1.407045211113,1.491344776386,1.575644341659,1.659943906932,
    1.744243472204,1.828543037477,1.91284260275),.QUASI_UNIFORM_KNOTS.);
#1057 = CARTESIAN_POINT('',(0.345427116511,-7.124816656501E-02));
#1058 = CARTESIAN_POINT('',(0.358370693091,-0.109798155069));
#1059 = CARTESIAN_POINT('',(0.38343341579,-0.187441288076));
#1060 = CARTESIAN_POINT('',(0.418308848854,-0.306032519341));
#1061 = CARTESIAN_POINT('',(0.4502121395,-0.42723215788));
#1062 = CARTESIAN_POINT('',(0.478918257668,-0.551575238036));
#1063 = CARTESIAN_POINT('',(0.504222910165,-0.679646017823));
#1064 = CARTESIAN_POINT('',(0.525946489608,-0.812086166745));
#1065 = CARTESIAN_POINT('',(0.543934680699,-0.949637855609));
#1066 = CARTESIAN_POINT('',(0.55805973555,-1.093049528406));
#1067 = CARTESIAN_POINT('',(0.568221332919,-1.243514746307));
#1068 = CARTESIAN_POINT('',(0.574347303591,-1.401140418151));
#1069 = CARTESIAN_POINT('',(0.576394139483,-1.570796326795));
#1070 = CARTESIAN_POINT('',(0.574347303591,-1.740452235439));
#1071 = CARTESIAN_POINT('',(0.568221332919,-1.898077907282));
#1072 = CARTESIAN_POINT('',(0.55805973555,-2.048543125184));
#1073 = CARTESIAN_POINT('',(0.543934680699,-2.191954797981));
#1074 = CARTESIAN_POINT('',(0.525946489608,-2.329506486845));
#1075 = CARTESIAN_POINT('',(0.504222910165,-2.461946635767));
#1076 = CARTESIAN_POINT('',(0.478918257668,-2.590017415554));
#1077 = CARTESIAN_POINT('',(0.4502121395,-2.71436049571));
#1078 = CARTESIAN_POINT('',(0.418308848854,-2.835560134249));
#1079 = CARTESIAN_POINT('',(0.38343341579,-2.954151365514));
#1080 = CARTESIAN_POINT('',(0.358370693091,-3.031794498521));
#1081 = CARTESIAN_POINT('',(0.345427116511,-3.070344487025));
#1082 = ( GEOMETRIC_REPRESENTATION_CONTEXT(2) 
PARAMETRIC_REPRESENTATION_CONTEXT() REPRESENTATION_CONTEXT('2D SPACE',''
  ) );
#1083 = PCURVE('',#1084,#1089);
#1084 = PLANE('',#1085);
#1085 = AXIS2_PLACEMENT_3D('',#1086,#1087,#1088);
#1086 = CARTESIAN_POINT('',(1.825,1.232595164408E-31,0.));
#1087 = DIRECTION('',(0.,-1.,0.));
#1088 = DIRECTION('',(0.,0.,-1.));
#1089 = DEFINITIONAL_REPRESENTATION('',(#1090),#1098);
#1090 = ( BOUNDED_CURVE() B_SPLINE_CURVE(2,(#1091,#1092,#1093,#1094,
#1095,#1096,#1097),.UNSPECIFIED.,.T.,.F.) B_SPLINE_CURVE_WITH_KNOTS((1,2
    ,2,2,2,1),(-2.094395102393,0.,2.094395102393,4.188790204786,
6.28318530718,8.377580409573),.UNSPECIFIED.) CURVE() 
GEOMETRIC_REPRESENTATION_ITEM() RATIONAL_B_SPLINE_CURVE((1.,0.5,1.,0.5,
1.,0.5,1.)) REPRESENTATION_ITEM('') );
#1091 = CARTESIAN_POINT('',(2.083936486027,-3.206017278026));
#1092 = CARTESIAN_POINT('',(-0.308055605644,-6.815501151571));
#1093 = CARTESIAN_POINT('',(-2.237964288849,-2.93923329776));
#1094 = CARTESIAN_POINT('',(-4.167872972054,0.937034556052));
#1095 = CARTESIAN_POINT('',(0.154027802822,0.670250575785));
#1096 = CARTESIAN_POINT('',(4.475928577698,0.403466595519));
#1097 = CARTESIAN_POINT('',(2.083936486027,-3.206017278026));
#1098 = ( GEOMETRIC_REPRESENTATION_CONTEXT(2) 
PARAMETRIC_REPRESENTATION_CONTEXT() REPRESENTATION_CONTEXT('2D SPACE',''
  ) );
#1099 = ORIENTED_EDGE('',*,*,#1100,.F.);
#1100 = EDGE_CURVE('',#985,#1046,#1101,.T.);
#1101 = SURFACE_CURVE('',#1102,(#1106,#1135),.PCURVE_S1.);
#1102 = LINE('',#1103,#1104);
#1103 = CARTESIAN_POINT('',(-1.5,0.,2.));
#1104 = VECTOR('',#1105,1.);
#1105 = DIRECTION('',(0.,-0.287347885566,0.957826285221));
#1106 = PCURVE('',#993,#1107);
#1107 = DEFINITIONAL_REPRESENTATION('',(#1108),#1134);
#1108 = B_SPLINE_CURVE_WITH_KNOTS('',3,(#1109,#1110,#1111,#1112,#1113,
    #1114,#1115,#1116,#1117,#1118,#1119,#1120,#1121,#1122,#1123,#1124,
    #1125,#1126,#1127,#1128,#1129,#1130,#1131,#1132,#1133),
  .UNSPECIFIED.,.F.,.F.,(4,1,1,1,1,1,1,1,1,1,1,1,1,1,1,1,1,1,1,1,1,1,4),
  (-2.088061301782,-1.993149424428,-1.898237547075,-1.803325669721,
    -1.708413792367,-1.613501915013,-1.51859003766,-1.423678160306,
    -1.328766282952,-1.233854405599,-1.138942528245,-1.044030650891,
    -0.949118773537,-0.854206896184,-0.75929501883,-0.664383141476,
    -0.569471264122,-0.474559386769,-0.379647509415,-0.284735632061,
    -0.189823754707,-9.491187735373E-02,0.),.UNSPECIFIED.);
#1109 = CARTESIAN_POINT('',(1.04218801244,-3.070344487025));
#1110 = CARTESIAN_POINT('',(1.031631029168,-3.070344487025));
#1111 = CARTESIAN_POINT('',(1.010517062625,-3.070344487025));
#1112 = CARTESIAN_POINT('',(0.97884611281,-3.070344487025));
#1113 = CARTESIAN_POINT('',(0.947175162995,-3.070344487025));
#1114 = CARTESIAN_POINT('',(0.91550421318,-3.070344487025));
#1115 = CARTESIAN_POINT('',(0.883833263365,-3.070344487025));
#1116 = CARTESIAN_POINT('',(0.85216231355,-3.070344487025));
#1117 = CARTESIAN_POINT('',(0.820491363736,-3.070344487025));
#1118 = CARTESIAN_POINT('',(0.788820413921,-3.070344487025));
#1119 = CARTESIAN_POINT('',(0.757149464106,-3.070344487025));
#1120 = CARTESIAN_POINT('',(0.725478514291,-3.070344487025));
#1121 = CARTESIAN_POINT('',(0.693807564476,-3.070344487025));
#1122 = CARTESIAN_POINT('',(0.662136614661,-3.070344487025));
#1123 = CARTESIAN_POINT('',(0.630465664846,-3.070344487025));
#1124 = CARTESIAN_POINT('',(0.598794715031,-3.070344487025));
#1125 = CARTESIAN_POINT('',(0.567123765216,-3.070344487025));
#1126 = CARTESIAN_POINT('',(0.535452815401,-3.070344487025));
#1127 = CARTESIAN_POINT('',(0.503781865586,-3.070344487025));
#1128 = CARTESIAN_POINT('',(0.472110915771,-3.070344487025));
#1129 = CARTESIAN_POINT('',(0.440439965956,-3.070344487025));
#1130 = CARTESIAN_POINT('',(0.408769016141,-3.070344487025));
#1131 = CARTESIAN_POINT('',(0.377098066326,-3.070344487025));
#1132 = CARTESIAN_POINT('',(0.355984099783,-3.070344487025));
#1133 = CARTESIAN_POINT('',(0.345427116511,-3.070344487025));
#1134 = ( GEOMETRIC_REPRESENTATION_CONTEXT(2) 
PARAMETRIC_REPRESENTATION_CONTEXT() REPRESENTATION_CONTEXT('2D SPACE',''
  ) );
#1135 = PCURVE('',#1136,#1141);
#1136 = PLANE('',#1137);
#1137 = AXIS2_PLACEMENT_3D('',#1138,#1139,#1140);
#1138 = CARTESIAN_POINT('',(-0.75,0.6,-2.775557561563E-16));
#1139 = DIRECTION('',(0.,-0.957826285221,-0.287347885566));
#1140 = DIRECTION('',(0.,-0.287347885566,0.957826285221));
#1141 = DEFINITIONAL_REPRESENTATION('',(#1142),#1146);
#1142 = LINE('',#1143,#1144);
#1143 = CARTESIAN_POINT('',(2.088061301782,0.75));
#1144 = VECTOR('',#1145,1.);
#1145 = DIRECTION('',(1.,0.));
#1146 = ( GEOMETRIC_REPRESENTATION_CONTEXT(2) 
PARAMETRIC_REPRESENTATION_CONTEXT() REPRESENTATION_CONTEXT('2D SPACE',''
  ) );
#1147 = ADVANCED_FACE('',(#1148),#1033,.T.);
#1148 = FACE_BOUND('',#1149,.T.);
#1149 = EDGE_LOOP('',(#1150,#1180,#1201,#1202));
#1150 = ORIENTED_EDGE('',*,*,#1151,.F.);
#1151 = EDGE_CURVE('',#1152,#1154,#1156,.T.);
#1152 = VERTEX_POINT('',#1153);
#1153 = CARTESIAN_POINT('',(-0.75,0.6,0.));
#1154 = VERTEX_POINT('',#1155);
#1155 = CARTESIAN_POINT('',(-0.75,0.,-2.));
#1156 = SURFACE_CURVE('',#1157,(#1161,#1168),.PCURVE_S1.);
#1157 = LINE('',#1158,#1159);
#1158 = CARTESIAN_POINT('',(-0.75,0.6,0.));
#1159 = VECTOR('',#1160,1.);
#1160 = DIRECTION('',(0.,-0.287347885566,-0.957826285221));
#1161 = PCURVE('',#1033,#1162);
#1162 = DEFINITIONAL_REPRESENTATION('',(#1163),#1167);
#1163 = LINE('',#1164,#1165);
#1164 = CARTESIAN_POINT('',(2.088061301782,0.));
#1165 = VECTOR('',#1166,1.);
#1166 = DIRECTION('',(-1.,-0.));
#1167 = ( GEOMETRIC_REPRESENTATION_CONTEXT(2) 
PARAMETRIC_REPRESENTATION_CONTEXT() REPRESENTATION_CONTEXT('2D SPACE',''
  ) );
#1168 = PCURVE('',#1169,#1174);
#1169 = PLANE('',#1170);
#1170 = AXIS2_PLACEMENT_3D('',#1171,#1172,#1173);
#1171 = CARTESIAN_POINT('',(-0.75,0.153231163696,-9.547625470407E-17));
#1172 = DIRECTION('',(1.,0.,0.));
#1173 = DIRECTION('',(0.,0.,-1.));
#1174 = DEFINITIONAL_REPRESENTATION('',(#1175),#1179);
#1175 = LINE('',#1176,#1177);
#1176 = CARTESIAN_POINT('',(-9.547625470407E-17,0.446768836304));
#1177 = VECTOR('',#1178,1.);
#1178 = DIRECTION('',(0.957826285221,-0.287347885566));
#1179 = ( GEOMETRIC_REPRESENTATION_CONTEXT(2) 
PARAMETRIC_REPRESENTATION_CONTEXT() REPRESENTATION_CONTEXT('2D SPACE',''
  ) );
#1180 = ORIENTED_EDGE('',*,*,#1181,.T.);
#1181 = EDGE_CURVE('',#1152,#985,#1182,.T.);
#1182 = SURFACE_CURVE('',#1183,(#1187,#1194),.PCURVE_S1.);
#1183 = LINE('',#1184,#1185);
#1184 = CARTESIAN_POINT('',(-0.75,0.6,0.));
#1185 = VECTOR('',#1186,1.);
#1186 = DIRECTION('',(-1.,0.,0.));
#1187 = PCURVE('',#1033,#1188);
#1188 = DEFINITIONAL_REPRESENTATION('',(#1189),#1193);
#1189 = LINE('',#1190,#1191);
#1190 = CARTESIAN_POINT('',(2.088061301782,0.));
#1191 = VECTOR('',#1192,1.);
#1192 = DIRECTION('',(0.,1.));
#1193 = ( GEOMETRIC_REPRESENTATION_CONTEXT(2) 
PARAMETRIC_REPRESENTATION_CONTEXT() REPRESENTATION_CONTEXT('2D SPACE',''
  ) );
#1194 = PCURVE('',#1136,#1195);
#1195 = DEFINITIONAL_REPRESENTATION('',(#1196),#1200);
#1196 = LINE('',#1197,#1198);
#1197 = CARTESIAN_POINT('',(2.758012888733E-16,0.));
#1198 = VECTOR('',#1199,1.);
#1199 = DIRECTION('',(0.,1.));
#1200 = ( GEOMETRIC_REPRESENTATION_CONTEXT(2) 
PARAMETRIC_REPRESENTATION_CONTEXT() REPRESENTATION_CONTEXT('2D SPACE',''
  ) );
#1201 = ORIENTED_EDGE('',*,*,#982,.F.);
#1202 = ORIENTED_EDGE('',*,*,#1203,.F.);
#1203 = EDGE_CURVE('',#1154,#983,#1204,.T.);
#1204 = SURFACE_CURVE('',#1205,(#1209,#1216),.PCURVE_S1.);
#1205 = LINE('',#1206,#1207);
#1206 = CARTESIAN_POINT('',(0.5375,-3.469446951954E-17,-2.));
#1207 = VECTOR('',#1208,1.);
#1208 = DIRECTION('',(-1.,0.,0.));
#1209 = PCURVE('',#1033,#1210);
#1210 = DEFINITIONAL_REPRESENTATION('',(#1211),#1215);
#1211 = LINE('',#1212,#1213);
#1212 = CARTESIAN_POINT('',(2.469480058226E-18,-1.2875));
#1213 = VECTOR('',#1214,1.);
#1214 = DIRECTION('',(0.,1.));
#1215 = ( GEOMETRIC_REPRESENTATION_CONTEXT(2) 
PARAMETRIC_REPRESENTATION_CONTEXT() REPRESENTATION_CONTEXT('2D SPACE',''
  ) );
#1216 = PCURVE('',#1084,#1217);
#1217 = DEFINITIONAL_REPRESENTATION('',(#1218),#1222);
#1218 = LINE('',#1219,#1220);
#1219 = CARTESIAN_POINT('',(2.,-1.2875));
#1220 = VECTOR('',#1221,1.);
#1221 = DIRECTION('',(0.,-1.));
#1222 = ( GEOMETRIC_REPRESENTATION_CONTEXT(2) 
PARAMETRIC_REPRESENTATION_CONTEXT() REPRESENTATION_CONTEXT('2D SPACE',''
  ) );
#1223 = ADVANCED_FACE('',(#1224),#1136,.T.);
#1224 = FACE_BOUND('',#1225,.T.);
#1225 = EDGE_LOOP('',(#1226,#1249,#1270,#1271));
#1226 = ORIENTED_EDGE('',*,*,#1227,.F.);
#1227 = EDGE_CURVE('',#1228,#1152,#1230,.T.);
#1228 = VERTEX_POINT('',#1229);
#1229 = CARTESIAN_POINT('',(-0.75,0.,2.));
#1230 = SURFACE_CURVE('',#1231,(#1235,#1242),.PCURVE_S1.);
#1231 = LINE('',#1232,#1233);
#1232 = CARTESIAN_POINT('',(-0.75,0.,2.));
#1233 = VECTOR('',#1234,1.);
#1234 = DIRECTION('',(0.,0.287347885566,-0.957826285221));
#1235 = PCURVE('',#1136,#1236);
#1236 = DEFINITIONAL_REPRESENTATION('',(#1237),#1241);
#1237 = LINE('',#1238,#1239);
#1238 = CARTESIAN_POINT('',(2.088061301782,0.));
#1239 = VECTOR('',#1240,1.);
#1240 = DIRECTION('',(-1.,-0.));
#1241 = ( GEOMETRIC_REPRESENTATION_CONTEXT(2) 
PARAMETRIC_REPRESENTATION_CONTEXT() REPRESENTATION_CONTEXT('2D SPACE',''
  ) );
#1242 = PCURVE('',#1169,#1243);
#1243 = DEFINITIONAL_REPRESENTATION('',(#1244),#1248);
#1244 = LINE('',#1245,#1246);
#1245 = CARTESIAN_POINT('',(-2.,-0.153231163696));
#1246 = VECTOR('',#1247,1.);
#1247 = DIRECTION('',(0.957826285221,0.287347885566));
#1248 = ( GEOMETRIC_REPRESENTATION_CONTEXT(2) 
PARAMETRIC_REPRESENTATION_CONTEXT() REPRESENTATION_CONTEXT('2D SPACE',''
  ) );
#1249 = ORIENTED_EDGE('',*,*,#1250,.F.);
#1250 = EDGE_CURVE('',#1046,#1228,#1251,.T.);
#1251 = SURFACE_CURVE('',#1252,(#1256,#1263),.PCURVE_S1.);
#1252 = LINE('',#1253,#1254);
#1253 = CARTESIAN_POINT('',(0.5375,0.,2.));
#1254 = VECTOR('',#1255,1.);
#1255 = DIRECTION('',(1.,0.,0.));
#1256 = PCURVE('',#1136,#1257);
#1257 = DEFINITIONAL_REPRESENTATION('',(#1258),#1262);
#1258 = LINE('',#1259,#1260);
#1259 = CARTESIAN_POINT('',(2.088061301782,-1.2875));
#1260 = VECTOR('',#1261,1.);
#1261 = DIRECTION('',(0.,-1.));
#1262 = ( GEOMETRIC_REPRESENTATION_CONTEXT(2) 
PARAMETRIC_REPRESENTATION_CONTEXT() REPRESENTATION_CONTEXT('2D SPACE',''
  ) );
#1263 = PCURVE('',#1084,#1264);
#1264 = DEFINITIONAL_REPRESENTATION('',(#1265),#1269);
#1265 = LINE('',#1266,#1267);
#1266 = CARTESIAN_POINT('',(-2.,-1.2875));
#1267 = VECTOR('',#1268,1.);
#1268 = DIRECTION('',(0.,1.));
#1269 = ( GEOMETRIC_REPRESENTATION_CONTEXT(2) 
PARAMETRIC_REPRESENTATION_CONTEXT() REPRESENTATION_CONTEXT('2D SPACE',''
  ) );
#1270 = ORIENTED_EDGE('',*,*,#1100,.F.);
#1271 = ORIENTED_EDGE('',*,*,#1181,.F.);
#1272 = ADVANCED_FACE('',(#1273),#1169,.F.);
#1273 = FACE_BOUND('',#1274,.T.);
#1274 = EDGE_LOOP('',(#1275,#1276,#1277));
#1275 = ORIENTED_EDGE('',*,*,#1227,.T.);
#1276 = ORIENTED_EDGE('',*,*,#1151,.T.);
#1277 = ORIENTED_EDGE('',*,*,#1278,.F.);
#1278 = EDGE_CURVE('',#1228,#1154,#1279,.T.);
#1279 = SURFACE_CURVE('',#1280,(#1284,#1291),.PCURVE_S1.);
#1280 = LINE('',#1281,#1282);
#1281 = CARTESIAN_POINT('',(-0.75,0.,-4.773812735203E-17));
#1282 = VECTOR('',#1283,1.);
#1283 = DIRECTION('',(0.,0.,-1.));
#1284 = PCURVE('',#1169,#1285);
#1285 = DEFINITIONAL_REPRESENTATION('',(#1286),#1290);
#1286 = LINE('',#1287,#1288);
#1287 = CARTESIAN_POINT('',(-4.773812735203E-17,-0.153231163696));
#1288 = VECTOR('',#1289,1.);
#1289 = DIRECTION('',(1.,0.));
#1290 = ( GEOMETRIC_REPRESENTATION_CONTEXT(2) 
PARAMETRIC_REPRESENTATION_CONTEXT() REPRESENTATION_CONTEXT('2D SPACE',''
  ) );
#1291 = PCURVE('',#1084,#1292);
#1292 = DEFINITIONAL_REPRESENTATION('',(#1293),#1297);
#1293 = LINE('',#1294,#1295);
#1294 = CARTESIAN_POINT('',(4.773812735203E-17,-2.575));
#1295 = VECTOR('',#1296,1.);
#1296 = DIRECTION('',(1.,0.));
#1297 = ( GEOMETRIC_REPRESENTATION_CONTEXT(2) 
PARAMETRIC_REPRESENTATION_CONTEXT() REPRESENTATION_CONTEXT('2D SPACE',''
  ) );
#1298 = ADVANCED_FACE('',(#1299),#1313,.T.);
#1299 = FACE_BOUND('',#1300,.T.);
#1300 = EDGE_LOOP('',(#1301,#1364,#1414));
#1301 = ORIENTED_EDGE('',*,*,#1302,.F.);
#1302 = EDGE_CURVE('',#1303,#1305,#1307,.T.);
#1303 = VERTEX_POINT('',#1304);
#1304 = CARTESIAN_POINT('',(1.5,0.6,0.));
#1305 = VERTEX_POINT('',#1306);
#1306 = CARTESIAN_POINT('',(1.5,0.,2.));
#1307 = SURFACE_CURVE('',#1308,(#1312,#1352),.PCURVE_S1.);
#1308 = LINE('',#1309,#1310);
#1309 = CARTESIAN_POINT('',(1.5,0.,2.));
#1310 = VECTOR('',#1311,1.);
#1311 = DIRECTION('',(0.,-0.287347885566,0.957826285221));
#1312 = PCURVE('',#1313,#1324);
#1313 = ( BOUNDED_SURFACE() B_SPLINE_SURFACE(1,2,(
    (#1314,#1315,#1316,#1317,#1318)
    ,(#1319,#1320,#1321,#1322,#1323
)),.UNSPECIFIED.,.F.,.F.,.F.) B_SPLINE_SURFACE_WITH_KNOTS((2,2),(3,2,3),
  (0.345427116511,1.04218801244),(-3.070344487025,-1.570796326795,
-7.124816656501E-02),.UNSPECIFIED.) GEOMETRIC_REPRESENTATION_ITEM() 
RATIONAL_B_SPLINE_SURFACE((
    (1.,0.73184284595,1.,0.73184284595,1.)
,(1.,0.73184284595,1.,0.73184284595,1.
))) REPRESENTATION_ITEM('') SURFACE() );
#1314 = CARTESIAN_POINT('',(1.5,5.26922255828E-16,2.));
#1315 = CARTESIAN_POINT('',(2.99366884793,-0.296201308758,1.867086059912
    ));
#1316 = CARTESIAN_POINT('',(2.99366884793,-0.296201308758,
    1.692499182714E-15));
#1317 = CARTESIAN_POINT('',(2.99366884793,-0.296201308758,
    -1.867086059912));
#1318 = CARTESIAN_POINT('',(1.5,5.778797579348E-16,-2.));
#1319 = CARTESIAN_POINT('',(1.5,0.6,1.339838910819E-15));
#1320 = CARTESIAN_POINT('',(1.5,0.6,1.338933434151E-15));
#1321 = CARTESIAN_POINT('',(1.5,0.6,9.740061297544E-16));
#1322 = CARTESIAN_POINT('',(1.5,0.6,6.090788253583E-16));
#1323 = CARTESIAN_POINT('',(1.5,0.6,5.58027483416E-16));
#1324 = DEFINITIONAL_REPRESENTATION('',(#1325),#1351);
#1325 = B_SPLINE_CURVE_WITH_KNOTS('',3,(#1326,#1327,#1328,#1329,#1330,
    #1331,#1332,#1333,#1334,#1335,#1336,#1337,#1338,#1339,#1340,#1341,
    #1342,#1343,#1344,#1345,#1346,#1347,#1348,#1349,#1350),
  .UNSPECIFIED.,.F.,.F.,(4,1,1,1,1,1,1,1,1,1,1,1,1,1,1,1,1,1,1,1,1,1,4),
  (-2.088061301782,-1.993149424428,-1.898237547075,-1.803325669721,
    -1.708413792367,-1.613501915013,-1.51859003766,-1.423678160306,
    -1.328766282952,-1.233854405599,-1.138942528245,-1.044030650891,
    -0.949118773537,-0.854206896184,-0.75929501883,-0.664383141476,
    -0.569471264122,-0.474559386769,-0.379647509415,-0.284735632061,
    -0.189823754707,-9.491187735373E-02,0.),.UNSPECIFIED.);
#1326 = CARTESIAN_POINT('',(1.04218801244,-3.070344487025));
#1327 = CARTESIAN_POINT('',(1.031631029168,-3.070344487025));
#1328 = CARTESIAN_POINT('',(1.010517062625,-3.070344487025));
#1329 = CARTESIAN_POINT('',(0.97884611281,-3.070344487025));
#1330 = CARTESIAN_POINT('',(0.947175162995,-3.070344487025));
#1331 = CARTESIAN_POINT('',(0.91550421318,-3.070344487025));
#1332 = CARTESIAN_POINT('',(0.883833263365,-3.070344487025));
#1333 = CARTESIAN_POINT('',(0.85216231355,-3.070344487025));
#1334 = CARTESIAN_POINT('',(0.820491363736,-3.070344487025));
#1335 = CARTESIAN_POINT('',(0.788820413921,-3.070344487025));
#1336 = CARTESIAN_POINT('',(0.757149464106,-3.070344487025));
#1337 = CARTESIAN_POINT('',(0.725478514291,-3.070344487025));
#1338 = CARTESIAN_POINT('',(0.693807564476,-3.070344487025));
#1339 = CARTESIAN_POINT('',(0.662136614661,-3.070344487025));
#1340 = CARTESIAN_POINT('',(0.630465664846,-3.070344487025));
#1341 = CARTESIAN_POINT('',(0.598794715031,-3.070344487025));
#1342 = CARTESIAN_POINT('',(0.567123765216,-3.070344487025));
#1343 = CARTESIAN_POINT('',(0.535452815401,-3.070344487025));
#1344 = CARTESIAN_POINT('',(0.503781865586,-3.070344487025));
#1345 = CARTESIAN_POINT('',(0.472110915771,-3.070344487025));
#1346 = CARTESIAN_POINT('',(0.440439965956,-3.070344487025));
#1347 = CARTESIAN_POINT('',(0.408769016141,-3.070344487025));
#1348 = CARTESIAN_POINT('',(0.377098066326,-3.070344487025));
#1349 = CARTESIAN_POINT('',(0.355984099783,-3.070344487025));
#1350 = CARTESIAN_POINT('',(0.345427116511,-3.070344487025));
#1351 = ( GEOMETRIC_REPRESENTATION_CONTEXT(2) 
PARAMETRIC_REPRESENTATION_CONTEXT() REPRESENTATION_CONTEXT('2D SPACE',''
  ) );
#1352 = PCURVE('',#1353,#1358);
#1353 = PLANE('',#1354);
#1354 = AXIS2_PLACEMENT_3D('',#1355,#1356,#1357);
#1355 = CARTESIAN_POINT('',(0.75,0.6,-2.775557561563E-16));
#1356 = DIRECTION('',(0.,0.957826285221,0.287347885566));
#1357 = DIRECTION('',(0.,-0.287347885566,0.957826285221));
#1358 = DEFINITIONAL_REPRESENTATION('',(#1359),#1363);
#1359 = LINE('',#1360,#1361);
#1360 = CARTESIAN_POINT('',(2.088061301782,0.75));
#1361 = VECTOR('',#1362,1.);
#1362 = DIRECTION('',(1.,0.));
#1363 = ( GEOMETRIC_REPRESENTATION_CONTEXT(2) 
PARAMETRIC_REPRESENTATION_CONTEXT() REPRESENTATION_CONTEXT('2D SPACE',''
  ) );
#1364 = ORIENTED_EDGE('',*,*,#1365,.F.);
#1365 = EDGE_CURVE('',#1366,#1303,#1368,.T.);
#1366 = VERTEX_POINT('',#1367);
#1367 = CARTESIAN_POINT('',(1.5,0.,-2.));
#1368 = SURFACE_CURVE('',#1369,(#1373,#1402),.PCURVE_S1.);
#1369 = LINE('',#1370,#1371);
#1370 = CARTESIAN_POINT('',(1.5,0.6,0.));
#1371 = VECTOR('',#1372,1.);
#1372 = DIRECTION('',(0.,0.287347885566,0.957826285221));
#1373 = PCURVE('',#1313,#1374);
#1374 = DEFINITIONAL_REPRESENTATION('',(#1375),#1401);
#1375 = B_SPLINE_CURVE_WITH_KNOTS('',3,(#1376,#1377,#1378,#1379,#1380,
    #1381,#1382,#1383,#1384,#1385,#1386,#1387,#1388,#1389,#1390,#1391,
    #1392,#1393,#1394,#1395,#1396,#1397,#1398,#1399,#1400),
  .UNSPECIFIED.,.F.,.F.,(4,1,1,1,1,1,1,1,1,1,1,1,1,1,1,1,1,1,1,1,1,1,4),
  (-2.088061301782,-1.993149424428,-1.898237547075,-1.803325669721,
    -1.708413792367,-1.613501915013,-1.51859003766,-1.423678160306,
    -1.328766282952,-1.233854405599,-1.138942528245,-1.044030650891,
    -0.949118773537,-0.854206896184,-0.75929501883,-0.664383141476,
    -0.569471264122,-0.474559386769,-0.379647509415,-0.284735632061,
    -0.189823754707,-9.491187735373E-02,0.),.UNSPECIFIED.);
#1376 = CARTESIAN_POINT('',(0.345427116511,-7.124816656501E-02));
#1377 = CARTESIAN_POINT('',(0.355984099783,-7.124816656501E-02));
#1378 = CARTESIAN_POINT('',(0.377098066326,-7.124816656501E-02));
#1379 = CARTESIAN_POINT('',(0.408769016141,-7.124816656501E-02));
#1380 = CARTESIAN_POINT('',(0.440439965956,-7.124816656501E-02));
#1381 = CARTESIAN_POINT('',(0.472110915771,-7.124816656501E-02));
#1382 = CARTESIAN_POINT('',(0.503781865586,-7.124816656501E-02));
#1383 = CARTESIAN_POINT('',(0.535452815401,-7.124816656501E-02));
#1384 = CARTESIAN_POINT('',(0.567123765216,-7.124816656501E-02));
#1385 = CARTESIAN_POINT('',(0.598794715031,-7.124816656501E-02));
#1386 = CARTESIAN_POINT('',(0.630465664846,-7.124816656501E-02));
#1387 = CARTESIAN_POINT('',(0.662136614661,-7.124816656501E-02));
#1388 = CARTESIAN_POINT('',(0.693807564476,-7.124816656501E-02));
#1389 = CARTESIAN_POINT('',(0.725478514291,-7.124816656501E-02));
#1390 = CARTESIAN_POINT('',(0.757149464106,-7.124816656501E-02));
#1391 = CARTESIAN_POINT('',(0.788820413921,-7.124816656501E-02));
#1392 = CARTESIAN_POINT('',(0.820491363736,-7.124816656501E-02));
#1393 = CARTESIAN_POINT('',(0.85216231355,-7.124816656501E-02));
#1394 = CARTESIAN_POINT('',(0.883833263365,-7.124816656501E-02));
#1395 = CARTESIAN_POINT('',(0.91550421318,-7.124816656501E-02));
#1396 = CARTESIAN_POINT('',(0.947175162995,-7.124816656501E-02));
#1397 = CARTESIAN_POINT('',(0.97884611281,-7.124816656501E-02));
#1398 = CARTESIAN_POINT('',(1.010517062625,-7.124816656501E-02));
#1399 = CARTESIAN_POINT('',(1.031631029168,-7.124816656501E-02));
#1400 = CARTESIAN_POINT('',(1.04218801244,-7.124816656501E-02));
#1401 = ( GEOMETRIC_REPRESENTATION_CONTEXT(2) 
PARAMETRIC_REPRESENTATION_CONTEXT() REPRESENTATION_CONTEXT('2D SPACE',''
  ) );
#1402 = PCURVE('',#1403,#1408);
#1403 = PLANE('',#1404);
#1404 = AXIS2_PLACEMENT_3D('',#1405,#1406,#1407);
#1405 = CARTESIAN_POINT('',(0.75,-1.387778780781E-16,-2.));
#1406 = DIRECTION('',(0.,0.957826285221,-0.287347885566));
#1407 = DIRECTION('',(0.,0.287347885566,0.957826285221));
#1408 = DEFINITIONAL_REPRESENTATION('',(#1409),#1413);
#1409 = LINE('',#1410,#1411);
#1410 = CARTESIAN_POINT('',(2.088061301782,0.75));
#1411 = VECTOR('',#1412,1.);
#1412 = DIRECTION('',(1.,0.));
#1413 = ( GEOMETRIC_REPRESENTATION_CONTEXT(2) 
PARAMETRIC_REPRESENTATION_CONTEXT() REPRESENTATION_CONTEXT('2D SPACE',''
  ) );
#1414 = ORIENTED_EDGE('',*,*,#1415,.F.);
#1415 = EDGE_CURVE('',#1305,#1366,#1416,.T.);
#1416 = SURFACE_CURVE('',#1417,(#1422,#1451),.PCURVE_S1.);
#1417 = CIRCLE('',#1418,2.5);
#1418 = AXIS2_PLACEMENT_3D('',#1419,#1420,#1421);
#1419 = CARTESIAN_POINT('',(0.,0.,1.665334536938E-15));
#1420 = DIRECTION('',(0.,1.,0.));
#1421 = DIRECTION('',(0.55240691121,0.,-0.833574594411));
#1422 = PCURVE('',#1313,#1423);
#1423 = DEFINITIONAL_REPRESENTATION('',(#1424),#1450);
#1424 = B_SPLINE_CURVE_WITH_KNOTS('',3,(#1425,#1426,#1427,#1428,#1429,
    #1430,#1431,#1432,#1433,#1434,#1435,#1436,#1437,#1438,#1439,#1440,
    #1441,#1442,#1443,#1444,#1445,#1446,#1447,#1448,#1449),
  .UNSPECIFIED.,.F.,.F.,(4,1,1,1,1,1,1,1,1,1,1,1,1,1,1,1,1,1,1,1,1,1,4),
  (4.370342704429,4.454642269702,4.538941834975,4.623241400248,
    4.707540965521,4.791840530794,4.876140096067,4.96043966134,
    5.044739226612,5.129038791885,5.213338357158,5.297637922431,
    5.381937487704,5.466237052977,5.55053661825,5.634836183523,
    5.719135748795,5.803435314068,5.887734879341,5.972034444614,
    6.056334009887,6.14063357516,6.224933140433),.QUASI_UNIFORM_KNOTS.);
#1425 = CARTESIAN_POINT('',(0.345427116511,-3.070344487025));
#1426 = CARTESIAN_POINT('',(0.358370693091,-3.031794498521));
#1427 = CARTESIAN_POINT('',(0.38343341579,-2.954151365514));
#1428 = CARTESIAN_POINT('',(0.418308848854,-2.835560134249));
#1429 = CARTESIAN_POINT('',(0.4502121395,-2.71436049571));
#1430 = CARTESIAN_POINT('',(0.478918257668,-2.590017415554));
#1431 = CARTESIAN_POINT('',(0.504222910165,-2.461946635767));
#1432 = CARTESIAN_POINT('',(0.525946489608,-2.329506486845));
#1433 = CARTESIAN_POINT('',(0.543934680699,-2.191954797981));
#1434 = CARTESIAN_POINT('',(0.55805973555,-2.048543125184));
#1435 = CARTESIAN_POINT('',(0.568221332919,-1.898077907282));
#1436 = CARTESIAN_POINT('',(0.574347303591,-1.740452235439));
#1437 = CARTESIAN_POINT('',(0.576394139483,-1.570796326795));
#1438 = CARTESIAN_POINT('',(0.574347303591,-1.401140418151));
#1439 = CARTESIAN_POINT('',(0.568221332919,-1.243514746307));
#1440 = CARTESIAN_POINT('',(0.55805973555,-1.093049528406));
#1441 = CARTESIAN_POINT('',(0.543934680699,-0.949637855609));
#1442 = CARTESIAN_POINT('',(0.525946489608,-0.812086166745));
#1443 = CARTESIAN_POINT('',(0.504222910165,-0.679646017823));
#1444 = CARTESIAN_POINT('',(0.478918257668,-0.551575238036));
#1445 = CARTESIAN_POINT('',(0.4502121395,-0.42723215788));
#1446 = CARTESIAN_POINT('',(0.418308848854,-0.306032519341));
#1447 = CARTESIAN_POINT('',(0.38343341579,-0.187441288076));
#1448 = CARTESIAN_POINT('',(0.358370693091,-0.109798155069));
#1449 = CARTESIAN_POINT('',(0.345427116511,-7.124816656501E-02));
#1450 = ( GEOMETRIC_REPRESENTATION_CONTEXT(2) 
PARAMETRIC_REPRESENTATION_CONTEXT() REPRESENTATION_CONTEXT('2D SPACE',''
  ) );
#1451 = PCURVE('',#1084,#1452);
#1452 = DEFINITIONAL_REPRESENTATION('',(#1453),#1461);
#1453 = ( BOUNDED_CURVE() B_SPLINE_CURVE(2,(#1454,#1455,#1456,#1457,
#1458,#1459,#1460),.UNSPECIFIED.,.T.,.F.) B_SPLINE_CURVE_WITH_KNOTS((1,2
    ,2,2,2,1),(-2.094395102393,0.,2.094395102393,4.188790204786,
6.28318530718,8.377580409573),.UNSPECIFIED.) CURVE() 
GEOMETRIC_REPRESENTATION_ITEM() RATIONAL_B_SPLINE_CURVE((1.,0.5,1.,0.5,
1.,0.5,1.)) REPRESENTATION_ITEM('') );
#1454 = CARTESIAN_POINT('',(2.083936486027,-0.443982721974));
#1455 = CARTESIAN_POINT('',(4.475928577698,-4.053466595519));
#1456 = CARTESIAN_POINT('',(0.154027802822,-4.320250575785));
#1457 = CARTESIAN_POINT('',(-4.167872972054,-4.587034556052));
#1458 = CARTESIAN_POINT('',(-2.237964288849,-0.71076670224));
#1459 = CARTESIAN_POINT('',(-0.308055605644,3.165501151571));
#1460 = CARTESIAN_POINT('',(2.083936486027,-0.443982721974));
#1461 = ( GEOMETRIC_REPRESENTATION_CONTEXT(2) 
PARAMETRIC_REPRESENTATION_CONTEXT() REPRESENTATION_CONTEXT('2D SPACE',''
  ) );
#1462 = ADVANCED_FACE('',(#1463),#1403,.F.);
#1463 = FACE_BOUND('',#1464,.T.);
#1464 = EDGE_LOOP('',(#1465,#1495,#1516,#1517));
#1465 = ORIENTED_EDGE('',*,*,#1466,.T.);
#1466 = EDGE_CURVE('',#1467,#1469,#1471,.T.);
#1467 = VERTEX_POINT('',#1468);
#1468 = CARTESIAN_POINT('',(0.75,0.6,0.));
#1469 = VERTEX_POINT('',#1470);
#1470 = CARTESIAN_POINT('',(0.75,0.,-2.));
#1471 = SURFACE_CURVE('',#1472,(#1476,#1483),.PCURVE_S1.);
#1472 = LINE('',#1473,#1474);
#1473 = CARTESIAN_POINT('',(0.75,0.6,0.));
#1474 = VECTOR('',#1475,1.);
#1475 = DIRECTION('',(0.,-0.287347885566,-0.957826285221));
#1476 = PCURVE('',#1403,#1477);
#1477 = DEFINITIONAL_REPRESENTATION('',(#1478),#1482);
#1478 = LINE('',#1479,#1480);
#1479 = CARTESIAN_POINT('',(2.088061301782,0.));
#1480 = VECTOR('',#1481,1.);
#1481 = DIRECTION('',(-1.,0.));
#1482 = ( GEOMETRIC_REPRESENTATION_CONTEXT(2) 
PARAMETRIC_REPRESENTATION_CONTEXT() REPRESENTATION_CONTEXT('2D SPACE',''
  ) );
#1483 = PCURVE('',#1484,#1489);
#1484 = PLANE('',#1485);
#1485 = AXIS2_PLACEMENT_3D('',#1486,#1487,#1488);
#1486 = CARTESIAN_POINT('',(0.75,0.153231163696,-9.547625470407E-17));
#1487 = DIRECTION('',(1.,0.,0.));
#1488 = DIRECTION('',(0.,0.,-1.));
#1489 = DEFINITIONAL_REPRESENTATION('',(#1490),#1494);
#1490 = LINE('',#1491,#1492);
#1491 = CARTESIAN_POINT('',(-9.547625470407E-17,0.446768836304));
#1492 = VECTOR('',#1493,1.);
#1493 = DIRECTION('',(0.957826285221,-0.287347885566));
#1494 = ( GEOMETRIC_REPRESENTATION_CONTEXT(2) 
PARAMETRIC_REPRESENTATION_CONTEXT() REPRESENTATION_CONTEXT('2D SPACE',''
  ) );
#1495 = ORIENTED_EDGE('',*,*,#1496,.F.);
#1496 = EDGE_CURVE('',#1366,#1469,#1497,.T.);
#1497 = SURFACE_CURVE('',#1498,(#1502,#1509),.PCURVE_S1.);
#1498 = LINE('',#1499,#1500);
#1499 = CARTESIAN_POINT('',(1.2875,-3.469446951954E-17,-2.));
#1500 = VECTOR('',#1501,1.);
#1501 = DIRECTION('',(-1.,0.,0.));
#1502 = PCURVE('',#1403,#1503);
#1503 = DEFINITIONAL_REPRESENTATION('',(#1504),#1508);
#1504 = LINE('',#1505,#1506);
#1505 = CARTESIAN_POINT('',(2.469480058226E-18,0.5375));
#1506 = VECTOR('',#1507,1.);
#1507 = DIRECTION('',(0.,-1.));
#1508 = ( GEOMETRIC_REPRESENTATION_CONTEXT(2) 
PARAMETRIC_REPRESENTATION_CONTEXT() REPRESENTATION_CONTEXT('2D SPACE',''
  ) );
#1509 = PCURVE('',#1084,#1510);
#1510 = DEFINITIONAL_REPRESENTATION('',(#1511),#1515);
#1511 = LINE('',#1512,#1513);
#1512 = CARTESIAN_POINT('',(2.,-0.5375));
#1513 = VECTOR('',#1514,1.);
#1514 = DIRECTION('',(0.,-1.));
#1515 = ( GEOMETRIC_REPRESENTATION_CONTEXT(2) 
PARAMETRIC_REPRESENTATION_CONTEXT() REPRESENTATION_CONTEXT('2D SPACE',''
  ) );
#1516 = ORIENTED_EDGE('',*,*,#1365,.T.);
#1517 = ORIENTED_EDGE('',*,*,#1518,.F.);
#1518 = EDGE_CURVE('',#1467,#1303,#1519,.T.);
#1519 = SURFACE_CURVE('',#1520,(#1524,#1531),.PCURVE_S1.);
#1520 = LINE('',#1521,#1522);
#1521 = CARTESIAN_POINT('',(0.75,0.6,0.));
#1522 = VECTOR('',#1523,1.);
#1523 = DIRECTION('',(1.,0.,0.));
#1524 = PCURVE('',#1403,#1525);
#1525 = DEFINITIONAL_REPRESENTATION('',(#1526),#1530);
#1526 = LINE('',#1527,#1528);
#1527 = CARTESIAN_POINT('',(2.088061301782,0.));
#1528 = VECTOR('',#1529,1.);
#1529 = DIRECTION('',(0.,1.));
#1530 = ( GEOMETRIC_REPRESENTATION_CONTEXT(2) 
PARAMETRIC_REPRESENTATION_CONTEXT() REPRESENTATION_CONTEXT('2D SPACE',''
  ) );
#1531 = PCURVE('',#1353,#1532);
#1532 = DEFINITIONAL_REPRESENTATION('',(#1533),#1537);
#1533 = LINE('',#1534,#1535);
#1534 = CARTESIAN_POINT('',(2.758012888733E-16,0.));
#1535 = VECTOR('',#1536,1.);
#1536 = DIRECTION('',(0.,1.));
#1537 = ( GEOMETRIC_REPRESENTATION_CONTEXT(2) 
PARAMETRIC_REPRESENTATION_CONTEXT() REPRESENTATION_CONTEXT('2D SPACE',''
  ) );
#1538 = ADVANCED_FACE('',(#1539),#1353,.F.);
#1539 = FACE_BOUND('',#1540,.T.);
#1540 = EDGE_LOOP('',(#1541,#1564,#1565,#1566));
#1541 = ORIENTED_EDGE('',*,*,#1542,.T.);
#1542 = EDGE_CURVE('',#1543,#1467,#1545,.T.);
#1543 = VERTEX_POINT('',#1544);
#1544 = CARTESIAN_POINT('',(0.75,0.,2.));
#1545 = SURFACE_CURVE('',#1546,(#1550,#1557),.PCURVE_S1.);
#1546 = LINE('',#1547,#1548);
#1547 = CARTESIAN_POINT('',(0.75,0.,2.));
#1548 = VECTOR('',#1549,1.);
#1549 = DIRECTION('',(0.,0.287347885566,-0.957826285221));
#1550 = PCURVE('',#1353,#1551);
#1551 = DEFINITIONAL_REPRESENTATION('',(#1552),#1556);
#1552 = LINE('',#1553,#1554);
#1553 = CARTESIAN_POINT('',(2.088061301782,0.));
#1554 = VECTOR('',#1555,1.);
#1555 = DIRECTION('',(-1.,0.));
#1556 = ( GEOMETRIC_REPRESENTATION_CONTEXT(2) 
PARAMETRIC_REPRESENTATION_CONTEXT() REPRESENTATION_CONTEXT('2D SPACE',''
  ) );
#1557 = PCURVE('',#1484,#1558);
#1558 = DEFINITIONAL_REPRESENTATION('',(#1559),#1563);
#1559 = LINE('',#1560,#1561);
#1560 = CARTESIAN_POINT('',(-2.,-0.153231163696));
#1561 = VECTOR('',#1562,1.);
#1562 = DIRECTION('',(0.957826285221,0.287347885566));
#1563 = ( GEOMETRIC_REPRESENTATION_CONTEXT(2) 
PARAMETRIC_REPRESENTATION_CONTEXT() REPRESENTATION_CONTEXT('2D SPACE',''
  ) );
#1564 = ORIENTED_EDGE('',*,*,#1518,.T.);
#1565 = ORIENTED_EDGE('',*,*,#1302,.T.);
#1566 = ORIENTED_EDGE('',*,*,#1567,.F.);
#1567 = EDGE_CURVE('',#1543,#1305,#1568,.T.);
#1568 = SURFACE_CURVE('',#1569,(#1573,#1580),.PCURVE_S1.);
#1569 = LINE('',#1570,#1571);
#1570 = CARTESIAN_POINT('',(1.2875,0.,2.));
#1571 = VECTOR('',#1572,1.);
#1572 = DIRECTION('',(1.,0.,0.));
#1573 = PCURVE('',#1353,#1574);
#1574 = DEFINITIONAL_REPRESENTATION('',(#1575),#1579);
#1575 = LINE('',#1576,#1577);
#1576 = CARTESIAN_POINT('',(2.088061301782,0.5375));
#1577 = VECTOR('',#1578,1.);
#1578 = DIRECTION('',(0.,1.));
#1579 = ( GEOMETRIC_REPRESENTATION_CONTEXT(2) 
PARAMETRIC_REPRESENTATION_CONTEXT() REPRESENTATION_CONTEXT('2D SPACE',''
  ) );
#1580 = PCURVE('',#1084,#1581);
#1581 = DEFINITIONAL_REPRESENTATION('',(#1582),#1586);
#1582 = LINE('',#1583,#1584);
#1583 = CARTESIAN_POINT('',(-2.,-0.5375));
#1584 = VECTOR('',#1585,1.);
#1585 = DIRECTION('',(0.,1.));
#1586 = ( GEOMETRIC_REPRESENTATION_CONTEXT(2) 
PARAMETRIC_REPRESENTATION_CONTEXT() REPRESENTATION_CONTEXT('2D SPACE',''
  ) );
#1587 = ADVANCED_FACE('',(#1588),#1484,.T.);
#1588 = FACE_BOUND('',#1589,.T.);
#1589 = EDGE_LOOP('',(#1590,#1591,#1612));
#1590 = ORIENTED_EDGE('',*,*,#1542,.F.);
#1591 = ORIENTED_EDGE('',*,*,#1592,.F.);
#1592 = EDGE_CURVE('',#1469,#1543,#1593,.T.);
#1593 = SURFACE_CURVE('',#1594,(#1598,#1605),.PCURVE_S1.);
#1594 = LINE('',#1595,#1596);
#1595 = CARTESIAN_POINT('',(0.75,0.,-4.773812735203E-17));
#1596 = VECTOR('',#1597,1.);
#1597 = DIRECTION('',(0.,0.,1.));
#1598 = PCURVE('',#1484,#1599);
#1599 = DEFINITIONAL_REPRESENTATION('',(#1600),#1604);
#1600 = LINE('',#1601,#1602);
#1601 = CARTESIAN_POINT('',(-4.773812735203E-17,-0.153231163696));
#1602 = VECTOR('',#1603,1.);
#1603 = DIRECTION('',(-1.,0.));
#1604 = ( GEOMETRIC_REPRESENTATION_CONTEXT(2) 
PARAMETRIC_REPRESENTATION_CONTEXT() REPRESENTATION_CONTEXT('2D SPACE',''
  ) );
#1605 = PCURVE('',#1084,#1606);
#1606 = DEFINITIONAL_REPRESENTATION('',(#1607),#1611);
#1607 = LINE('',#1608,#1609);
#1608 = CARTESIAN_POINT('',(4.773812735203E-17,-1.075));
#1609 = VECTOR('',#1610,1.);
#1610 = DIRECTION('',(-1.,0.));
#1611 = ( GEOMETRIC_REPRESENTATION_CONTEXT(2) 
PARAMETRIC_REPRESENTATION_CONTEXT() REPRESENTATION_CONTEXT('2D SPACE',''
  ) );
#1612 = ORIENTED_EDGE('',*,*,#1466,.F.);
#1613 = ADVANCED_FACE('',(#1614),#1628,.F.);
#1614 = FACE_BOUND('',#1615,.T.);
#1615 = EDGE_LOOP('',(#1616,#1651,#1679,#1706));
#1616 = ORIENTED_EDGE('',*,*,#1617,.F.);
#1617 = EDGE_CURVE('',#1618,#1620,#1622,.T.);
#1618 = VERTEX_POINT('',#1619);
#1619 = CARTESIAN_POINT('',(-3.867815921163,3.8,0.5));
#1620 = VERTEX_POINT('',#1621);
#1621 = CARTESIAN_POINT('',(-3.8,3.8,0.5));
#1622 = SURFACE_CURVE('',#1623,(#1627,#1639),.PCURVE_S1.);
#1623 = LINE('',#1624,#1625);
#1624 = CARTESIAN_POINT('',(-0.2,3.8,0.5));
#1625 = VECTOR('',#1626,1.);
#1626 = DIRECTION('',(1.,0.,0.));
#1627 = PCURVE('',#1628,#1633);
#1628 = PLANE('',#1629);
#1629 = AXIS2_PLACEMENT_3D('',#1630,#1631,#1632);
#1630 = CARTESIAN_POINT('',(-3.9,1.232595164408E-31,0.5));
#1631 = DIRECTION('',(0.,0.,1.));
#1632 = DIRECTION('',(1.,0.,-0.));
#1633 = DEFINITIONAL_REPRESENTATION('',(#1634),#1638);
#1634 = LINE('',#1635,#1636);
#1635 = CARTESIAN_POINT('',(3.7,3.8));
#1636 = VECTOR('',#1637,1.);
#1637 = DIRECTION('',(1.,0.));
#1638 = ( GEOMETRIC_REPRESENTATION_CONTEXT(2) 
PARAMETRIC_REPRESENTATION_CONTEXT() REPRESENTATION_CONTEXT('2D SPACE',''
  ) );
#1639 = PCURVE('',#1640,#1645);
#1640 = PLANE('',#1641);
#1641 = AXIS2_PLACEMENT_3D('',#1642,#1643,#1644);
#1642 = CARTESIAN_POINT('',(3.5,3.8,0.));
#1643 = DIRECTION('',(0.,-1.,0.));
#1644 = DIRECTION('',(0.,0.,-1.));
#1645 = DEFINITIONAL_REPRESENTATION('',(#1646),#1650);
#1646 = LINE('',#1647,#1648);
#1647 = CARTESIAN_POINT('',(-0.5,-3.7));
#1648 = VECTOR('',#1649,1.);
#1649 = DIRECTION('',(0.,1.));
#1650 = ( GEOMETRIC_REPRESENTATION_CONTEXT(2) 
PARAMETRIC_REPRESENTATION_CONTEXT() REPRESENTATION_CONTEXT('2D SPACE',''
  ) );
#1651 = ORIENTED_EDGE('',*,*,#1652,.F.);
#1652 = EDGE_CURVE('',#1653,#1618,#1655,.T.);
#1653 = VERTEX_POINT('',#1654);
#1654 = CARTESIAN_POINT('',(-3.867815921163,4.65,0.5));
#1655 = SURFACE_CURVE('',#1656,(#1660,#1667),.PCURVE_S1.);
#1656 = LINE('',#1657,#1658);
#1657 = CARTESIAN_POINT('',(-3.867815921163,4.225,0.5));
#1658 = VECTOR('',#1659,1.);
#1659 = DIRECTION('',(0.,-1.,0.));
#1660 = PCURVE('',#1628,#1661);
#1661 = DEFINITIONAL_REPRESENTATION('',(#1662),#1666);
#1662 = LINE('',#1663,#1664);
#1663 = CARTESIAN_POINT('',(3.218407883726E-02,4.225));
#1664 = VECTOR('',#1665,1.);
#1665 = DIRECTION('',(0.,-1.));
#1666 = ( GEOMETRIC_REPRESENTATION_CONTEXT(2) 
PARAMETRIC_REPRESENTATION_CONTEXT() REPRESENTATION_CONTEXT('2D SPACE',''
  ) );
#1667 = PCURVE('',#1668,#1673);
#1668 = CYLINDRICAL_SURFACE('',#1669,3.9);
#1669 = AXIS2_PLACEMENT_3D('',#1670,#1671,#1672);
#1670 = CARTESIAN_POINT('',(0.,4.225,0.));
#1671 = DIRECTION('',(0.,-1.,0.));
#1672 = DIRECTION('',(1.,0.,0.));
#1673 = DEFINITIONAL_REPRESENTATION('',(#1674),#1678);
#1674 = LINE('',#1675,#1676);
#1675 = CARTESIAN_POINT('',(3.013033693548,0.));
#1676 = VECTOR('',#1677,1.);
#1677 = DIRECTION('',(0.,1.));
#1678 = ( GEOMETRIC_REPRESENTATION_CONTEXT(2) 
PARAMETRIC_REPRESENTATION_CONTEXT() REPRESENTATION_CONTEXT('2D SPACE',''
  ) );
#1679 = ORIENTED_EDGE('',*,*,#1680,.F.);
#1680 = EDGE_CURVE('',#1681,#1653,#1683,.T.);
#1681 = VERTEX_POINT('',#1682);
#1682 = CARTESIAN_POINT('',(-3.8,4.717246420653,0.5));
#1683 = SURFACE_CURVE('',#1684,(#1688,#1695),.PCURVE_S1.);
#1684 = LINE('',#1685,#1686);
#1685 = CARTESIAN_POINT('',(-3.8,4.717246420653,0.5));
#1686 = VECTOR('',#1687,1.);
#1687 = DIRECTION('',(-0.710082037621,-0.70411895291,0.));
#1688 = PCURVE('',#1628,#1689);
#1689 = DEFINITIONAL_REPRESENTATION('',(#1690),#1694);
#1690 = LINE('',#1691,#1692);
#1691 = CARTESIAN_POINT('',(0.1,4.717246420653));
#1692 = VECTOR('',#1693,1.);
#1693 = DIRECTION('',(-0.710082037621,-0.70411895291));
#1694 = ( GEOMETRIC_REPRESENTATION_CONTEXT(2) 
PARAMETRIC_REPRESENTATION_CONTEXT() REPRESENTATION_CONTEXT('2D SPACE',''
  ) );
#1695 = PCURVE('',#1696,#1701);
#1696 = CONICAL_SURFACE('',#1697,3.775,0.7853981634);
#1697 = AXIS2_PLACEMENT_3D('',#1698,#1699,#1700);
#1698 = CARTESIAN_POINT('',(0.,4.775,0.));
#1699 = DIRECTION('',(0.,-1.,0.));
#1700 = DIRECTION('',(1.,0.,0.));
#1701 = DEFINITIONAL_REPRESENTATION('',(#1702),#1705);
#1702 = B_SPLINE_CURVE_WITH_KNOTS('',1,(#1703,#1704),.UNSPECIFIED.,.F.,
  .F.,(2,2),(0.,9.550434677931E-02),.PIECEWISE_BEZIER_KNOTS.);
#1703 = CARTESIAN_POINT('',(3.010765257516,5.775357934721E-02));
#1704 = CARTESIAN_POINT('',(3.013033693548,0.125));
#1705 = ( GEOMETRIC_REPRESENTATION_CONTEXT(2) 
PARAMETRIC_REPRESENTATION_CONTEXT() REPRESENTATION_CONTEXT('2D SPACE',''
  ) );
#1706 = ORIENTED_EDGE('',*,*,#1707,.F.);
#1707 = EDGE_CURVE('',#1620,#1681,#1708,.T.);
#1708 = SURFACE_CURVE('',#1709,(#1713,#1720),.PCURVE_S1.);
#1709 = LINE('',#1710,#1711);
#1710 = CARTESIAN_POINT('',(-3.8,1.232595164408E-31,0.5));
#1711 = VECTOR('',#1712,1.);
#1712 = DIRECTION('',(0.,1.,0.));
#1713 = PCURVE('',#1628,#1714);
#1714 = DEFINITIONAL_REPRESENTATION('',(#1715),#1719);
#1715 = LINE('',#1716,#1717);
#1716 = CARTESIAN_POINT('',(0.1,0.));
#1717 = VECTOR('',#1718,1.);
#1718 = DIRECTION('',(0.,1.));
#1719 = ( GEOMETRIC_REPRESENTATION_CONTEXT(2) 
PARAMETRIC_REPRESENTATION_CONTEXT() REPRESENTATION_CONTEXT('2D SPACE',''
  ) );
#1720 = PCURVE('',#1721,#1726);
#1721 = CYLINDRICAL_SURFACE('',#1722,0.5);
#1722 = AXIS2_PLACEMENT_3D('',#1723,#1724,#1725);
#1723 = CARTESIAN_POINT('',(-3.8,1.232595164408E-31,0.));
#1724 = DIRECTION('',(0.,1.,0.));
#1725 = DIRECTION('',(0.,0.,-1.));
#1726 = DEFINITIONAL_REPRESENTATION('',(#1727),#1731);
#1727 = LINE('',#1728,#1729);
#1728 = CARTESIAN_POINT('',(3.14159265359,0.));
#1729 = VECTOR('',#1730,1.);
#1730 = DIRECTION('',(0.,1.));
#1731 = ( GEOMETRIC_REPRESENTATION_CONTEXT(2) 
PARAMETRIC_REPRESENTATION_CONTEXT() REPRESENTATION_CONTEXT('2D SPACE',''
  ) );
#1732 = ADVANCED_FACE('',(#1733),#1747,.F.);
#1733 = FACE_BOUND('',#1734,.T.);
#1734 = EDGE_LOOP('',(#1735,#1770,#1798,#1825));
#1735 = ORIENTED_EDGE('',*,*,#1736,.F.);
#1736 = EDGE_CURVE('',#1737,#1739,#1741,.T.);
#1737 = VERTEX_POINT('',#1738);
#1738 = CARTESIAN_POINT('',(-3.8,1.4,0.5));
#1739 = VERTEX_POINT('',#1740);
#1740 = CARTESIAN_POINT('',(-3.867815921163,1.4,0.5));
#1741 = SURFACE_CURVE('',#1742,(#1746,#1758),.PCURVE_S1.);
#1742 = LINE('',#1743,#1744);
#1743 = CARTESIAN_POINT('',(-0.2,1.4,0.5));
#1744 = VECTOR('',#1745,1.);
#1745 = DIRECTION('',(-1.,0.,0.));
#1746 = PCURVE('',#1747,#1752);
#1747 = PLANE('',#1748);
#1748 = AXIS2_PLACEMENT_3D('',#1749,#1750,#1751);
#1749 = CARTESIAN_POINT('',(-3.9,1.232595164408E-31,0.5));
#1750 = DIRECTION('',(0.,0.,1.));
#1751 = DIRECTION('',(1.,0.,-0.));
#1752 = DEFINITIONAL_REPRESENTATION('',(#1753),#1757);
#1753 = LINE('',#1754,#1755);
#1754 = CARTESIAN_POINT('',(3.7,1.4));
#1755 = VECTOR('',#1756,1.);
#1756 = DIRECTION('',(-1.,0.));
#1757 = ( GEOMETRIC_REPRESENTATION_CONTEXT(2) 
PARAMETRIC_REPRESENTATION_CONTEXT() REPRESENTATION_CONTEXT('2D SPACE',''
  ) );
#1758 = PCURVE('',#1759,#1764);
#1759 = PLANE('',#1760);
#1760 = AXIS2_PLACEMENT_3D('',#1761,#1762,#1763);
#1761 = CARTESIAN_POINT('',(3.5,1.4,0.));
#1762 = DIRECTION('',(0.,1.,0.));
#1763 = DIRECTION('',(0.,-0.,1.));
#1764 = DEFINITIONAL_REPRESENTATION('',(#1765),#1769);
#1765 = LINE('',#1766,#1767);
#1766 = CARTESIAN_POINT('',(0.5,-3.7));
#1767 = VECTOR('',#1768,1.);
#1768 = DIRECTION('',(0.,-1.));
#1769 = ( GEOMETRIC_REPRESENTATION_CONTEXT(2) 
PARAMETRIC_REPRESENTATION_CONTEXT() REPRESENTATION_CONTEXT('2D SPACE',''
  ) );
#1770 = ORIENTED_EDGE('',*,*,#1771,.F.);
#1771 = EDGE_CURVE('',#1772,#1737,#1774,.T.);
#1772 = VERTEX_POINT('',#1773);
#1773 = CARTESIAN_POINT('',(-3.8,0.182753579347,0.5));
#1774 = SURFACE_CURVE('',#1775,(#1779,#1786),.PCURVE_S1.);
#1775 = LINE('',#1776,#1777);
#1776 = CARTESIAN_POINT('',(-3.8,1.232595164408E-31,0.5));
#1777 = VECTOR('',#1778,1.);
#1778 = DIRECTION('',(0.,1.,0.));
#1779 = PCURVE('',#1747,#1780);
#1780 = DEFINITIONAL_REPRESENTATION('',(#1781),#1785);
#1781 = LINE('',#1782,#1783);
#1782 = CARTESIAN_POINT('',(0.1,0.));
#1783 = VECTOR('',#1784,1.);
#1784 = DIRECTION('',(0.,1.));
#1785 = ( GEOMETRIC_REPRESENTATION_CONTEXT(2) 
PARAMETRIC_REPRESENTATION_CONTEXT() REPRESENTATION_CONTEXT('2D SPACE',''
  ) );
#1786 = PCURVE('',#1787,#1792);
#1787 = CYLINDRICAL_SURFACE('',#1788,0.5);
#1788 = AXIS2_PLACEMENT_3D('',#1789,#1790,#1791);
#1789 = CARTESIAN_POINT('',(-3.8,1.232595164408E-31,0.));
#1790 = DIRECTION('',(0.,1.,0.));
#1791 = DIRECTION('',(0.,0.,-1.));
#1792 = DEFINITIONAL_REPRESENTATION('',(#1793),#1797);
#1793 = LINE('',#1794,#1795);
#1794 = CARTESIAN_POINT('',(3.14159265359,0.));
#1795 = VECTOR('',#1796,1.);
#1796 = DIRECTION('',(0.,1.));
#1797 = ( GEOMETRIC_REPRESENTATION_CONTEXT(2) 
PARAMETRIC_REPRESENTATION_CONTEXT() REPRESENTATION_CONTEXT('2D SPACE',''
  ) );
#1798 = ORIENTED_EDGE('',*,*,#1799,.F.);
#1799 = EDGE_CURVE('',#1800,#1772,#1802,.T.);
#1800 = VERTEX_POINT('',#1801);
#1801 = CARTESIAN_POINT('',(-3.867815921163,0.25,0.5));
#1802 = SURFACE_CURVE('',#1803,(#1807,#1814),.PCURVE_S1.);
#1803 = LINE('',#1804,#1805);
#1804 = CARTESIAN_POINT('',(-3.867815921163,0.25,0.5));
#1805 = VECTOR('',#1806,1.);
#1806 = DIRECTION('',(0.710082037621,-0.70411895291,0.));
#1807 = PCURVE('',#1747,#1808);
#1808 = DEFINITIONAL_REPRESENTATION('',(#1809),#1813);
#1809 = LINE('',#1810,#1811);
#1810 = CARTESIAN_POINT('',(3.218407883726E-02,0.25));
#1811 = VECTOR('',#1812,1.);
#1812 = DIRECTION('',(0.710082037621,-0.70411895291));
#1813 = ( GEOMETRIC_REPRESENTATION_CONTEXT(2) 
PARAMETRIC_REPRESENTATION_CONTEXT() REPRESENTATION_CONTEXT('2D SPACE',''
  ) );
#1814 = PCURVE('',#1815,#1820);
#1815 = CONICAL_SURFACE('',#1816,3.775,0.7853981634);
#1816 = AXIS2_PLACEMENT_3D('',#1817,#1818,#1819);
#1817 = CARTESIAN_POINT('',(0.,0.125,0.));
#1818 = DIRECTION('',(0.,1.,0.));
#1819 = DIRECTION('',(1.,0.,0.));
#1820 = DEFINITIONAL_REPRESENTATION('',(#1821),#1824);
#1821 = B_SPLINE_CURVE_WITH_KNOTS('',1,(#1822,#1823),.UNSPECIFIED.,.F.,
  .F.,(2,2),(0.,9.550434677931E-02),.PIECEWISE_BEZIER_KNOTS.);
#1822 = CARTESIAN_POINT('',(3.270151613631,0.125));
#1823 = CARTESIAN_POINT('',(3.272420049664,5.775357934721E-02));
#1824 = ( GEOMETRIC_REPRESENTATION_CONTEXT(2) 
PARAMETRIC_REPRESENTATION_CONTEXT() REPRESENTATION_CONTEXT('2D SPACE',''
  ) );
#1825 = ORIENTED_EDGE('',*,*,#1826,.F.);
#1826 = EDGE_CURVE('',#1739,#1800,#1827,.T.);
#1827 = SURFACE_CURVE('',#1828,(#1832,#1839),.PCURVE_S1.);
#1828 = LINE('',#1829,#1830);
#1829 = CARTESIAN_POINT('',(-3.867815921163,0.825,0.5));
#1830 = VECTOR('',#1831,1.);
#1831 = DIRECTION('',(0.,-1.,0.));
#1832 = PCURVE('',#1747,#1833);
#1833 = DEFINITIONAL_REPRESENTATION('',(#1834),#1838);
#1834 = LINE('',#1835,#1836);
#1835 = CARTESIAN_POINT('',(3.218407883726E-02,0.825));
#1836 = VECTOR('',#1837,1.);
#1837 = DIRECTION('',(0.,-1.));
#1838 = ( GEOMETRIC_REPRESENTATION_CONTEXT(2) 
PARAMETRIC_REPRESENTATION_CONTEXT() REPRESENTATION_CONTEXT('2D SPACE',''
  ) );
#1839 = PCURVE('',#1840,#1845);
#1840 = CYLINDRICAL_SURFACE('',#1841,3.9);
#1841 = AXIS2_PLACEMENT_3D('',#1842,#1843,#1844);
#1842 = CARTESIAN_POINT('',(0.,0.825,0.));
#1843 = DIRECTION('',(0.,-1.,0.));
#1844 = DIRECTION('',(1.,0.,0.));
#1845 = DEFINITIONAL_REPRESENTATION('',(#1846),#1850);
#1846 = LINE('',#1847,#1848);
#1847 = CARTESIAN_POINT('',(3.013033693548,0.));
#1848 = VECTOR('',#1849,1.);
#1849 = DIRECTION('',(0.,1.));
#1850 = ( GEOMETRIC_REPRESENTATION_CONTEXT(2) 
PARAMETRIC_REPRESENTATION_CONTEXT() REPRESENTATION_CONTEXT('2D SPACE',''
  ) );
#1851 = ADVANCED_FACE('',(#1852),#1866,.F.);
#1852 = FACE_BOUND('',#1853,.T.);
#1853 = EDGE_LOOP('',(#1854,#1884,#1907,#1934));
#1854 = ORIENTED_EDGE('',*,*,#1855,.F.);
#1855 = EDGE_CURVE('',#1856,#1858,#1860,.T.);
#1856 = VERTEX_POINT('',#1857);
#1857 = CARTESIAN_POINT('',(-3.8,3.8,-0.5));
#1858 = VERTEX_POINT('',#1859);
#1859 = CARTESIAN_POINT('',(-3.867815921163,3.8,-0.5));
#1860 = SURFACE_CURVE('',#1861,(#1865,#1877),.PCURVE_S1.);
#1861 = LINE('',#1862,#1863);
#1862 = CARTESIAN_POINT('',(-0.15,3.8,-0.5));
#1863 = VECTOR('',#1864,1.);
#1864 = DIRECTION('',(-1.,0.,0.));
#1865 = PCURVE('',#1866,#1871);
#1866 = PLANE('',#1867);
#1867 = AXIS2_PLACEMENT_3D('',#1868,#1869,#1870);
#1868 = CARTESIAN_POINT('',(-3.8,1.232595164408E-31,-0.5));
#1869 = DIRECTION('',(0.,0.,-1.));
#1870 = DIRECTION('',(-1.,0.,0.));
#1871 = DEFINITIONAL_REPRESENTATION('',(#1872),#1876);
#1872 = LINE('',#1873,#1874);
#1873 = CARTESIAN_POINT('',(-3.65,3.8));
#1874 = VECTOR('',#1875,1.);
#1875 = DIRECTION('',(1.,0.));
#1876 = ( GEOMETRIC_REPRESENTATION_CONTEXT(2) 
PARAMETRIC_REPRESENTATION_CONTEXT() REPRESENTATION_CONTEXT('2D SPACE',''
  ) );
#1877 = PCURVE('',#1640,#1878);
#1878 = DEFINITIONAL_REPRESENTATION('',(#1879),#1883);
#1879 = LINE('',#1880,#1881);
#1880 = CARTESIAN_POINT('',(0.5,-3.65));
#1881 = VECTOR('',#1882,1.);
#1882 = DIRECTION('',(0.,-1.));
#1883 = ( GEOMETRIC_REPRESENTATION_CONTEXT(2) 
PARAMETRIC_REPRESENTATION_CONTEXT() REPRESENTATION_CONTEXT('2D SPACE',''
  ) );
#1884 = ORIENTED_EDGE('',*,*,#1885,.T.);
#1885 = EDGE_CURVE('',#1856,#1886,#1888,.T.);
#1886 = VERTEX_POINT('',#1887);
#1887 = CARTESIAN_POINT('',(-3.8,4.717246420653,-0.5));
#1888 = SURFACE_CURVE('',#1889,(#1893,#1900),.PCURVE_S1.);
#1889 = LINE('',#1890,#1891);
#1890 = CARTESIAN_POINT('',(-3.8,1.232595164408E-31,-0.5));
#1891 = VECTOR('',#1892,1.);
#1892 = DIRECTION('',(0.,1.,0.));
#1893 = PCURVE('',#1866,#1894);
#1894 = DEFINITIONAL_REPRESENTATION('',(#1895),#1899);
#1895 = LINE('',#1896,#1897);
#1896 = CARTESIAN_POINT('',(0.,0.));
#1897 = VECTOR('',#1898,1.);
#1898 = DIRECTION('',(0.,1.));
#1899 = ( GEOMETRIC_REPRESENTATION_CONTEXT(2) 
PARAMETRIC_REPRESENTATION_CONTEXT() REPRESENTATION_CONTEXT('2D SPACE',''
  ) );
#1900 = PCURVE('',#1721,#1901);
#1901 = DEFINITIONAL_REPRESENTATION('',(#1902),#1906);
#1902 = LINE('',#1903,#1904);
#1903 = CARTESIAN_POINT('',(6.28318530718,0.));
#1904 = VECTOR('',#1905,1.);
#1905 = DIRECTION('',(0.,1.));
#1906 = ( GEOMETRIC_REPRESENTATION_CONTEXT(2) 
PARAMETRIC_REPRESENTATION_CONTEXT() REPRESENTATION_CONTEXT('2D SPACE',''
  ) );
#1907 = ORIENTED_EDGE('',*,*,#1908,.F.);
#1908 = EDGE_CURVE('',#1909,#1886,#1911,.T.);
#1909 = VERTEX_POINT('',#1910);
#1910 = CARTESIAN_POINT('',(-3.867815921163,4.65,-0.5));
#1911 = SURFACE_CURVE('',#1912,(#1916,#1923),.PCURVE_S1.);
#1912 = LINE('',#1913,#1914);
#1913 = CARTESIAN_POINT('',(-3.867815921163,4.65,-0.5));
#1914 = VECTOR('',#1915,1.);
#1915 = DIRECTION('',(0.710082037621,0.70411895291,7.265526793185E-16));
#1916 = PCURVE('',#1866,#1917);
#1917 = DEFINITIONAL_REPRESENTATION('',(#1918),#1922);
#1918 = LINE('',#1919,#1920);
#1919 = CARTESIAN_POINT('',(6.781592116274E-02,4.65));
#1920 = VECTOR('',#1921,1.);
#1921 = DIRECTION('',(-0.710082037621,0.70411895291));
#1922 = ( GEOMETRIC_REPRESENTATION_CONTEXT(2) 
PARAMETRIC_REPRESENTATION_CONTEXT() REPRESENTATION_CONTEXT('2D SPACE',''
  ) );
#1923 = PCURVE('',#1924,#1929);
#1924 = CONICAL_SURFACE('',#1925,3.775,0.7853981634);
#1925 = AXIS2_PLACEMENT_3D('',#1926,#1927,#1928);
#1926 = CARTESIAN_POINT('',(0.,4.775,0.));
#1927 = DIRECTION('',(0.,-1.,0.));
#1928 = DIRECTION('',(1.,0.,0.));
#1929 = DEFINITIONAL_REPRESENTATION('',(#1930),#1933);
#1930 = B_SPLINE_CURVE_WITH_KNOTS('',1,(#1931,#1932),.UNSPECIFIED.,.F.,
  .F.,(2,2),(0.,9.550434677931E-02),.PIECEWISE_BEZIER_KNOTS.);
#1931 = CARTESIAN_POINT('',(3.270151613631,0.125));
#1932 = CARTESIAN_POINT('',(3.272420049664,5.775357934721E-02));
#1933 = ( GEOMETRIC_REPRESENTATION_CONTEXT(2) 
PARAMETRIC_REPRESENTATION_CONTEXT() REPRESENTATION_CONTEXT('2D SPACE',''
  ) );
#1934 = ORIENTED_EDGE('',*,*,#1935,.F.);
#1935 = EDGE_CURVE('',#1858,#1909,#1936,.T.);
#1936 = SURFACE_CURVE('',#1937,(#1941,#1948),.PCURVE_S1.);
#1937 = LINE('',#1938,#1939);
#1938 = CARTESIAN_POINT('',(-3.867815921163,4.225,-0.5));
#1939 = VECTOR('',#1940,1.);
#1940 = DIRECTION('',(0.,1.,0.));
#1941 = PCURVE('',#1866,#1942);
#1942 = DEFINITIONAL_REPRESENTATION('',(#1943),#1947);
#1943 = LINE('',#1944,#1945);
#1944 = CARTESIAN_POINT('',(6.781592116274E-02,4.225));
#1945 = VECTOR('',#1946,1.);
#1946 = DIRECTION('',(0.,1.));
#1947 = ( GEOMETRIC_REPRESENTATION_CONTEXT(2) 
PARAMETRIC_REPRESENTATION_CONTEXT() REPRESENTATION_CONTEXT('2D SPACE',''
  ) );
#1948 = PCURVE('',#1949,#1954);
#1949 = CYLINDRICAL_SURFACE('',#1950,3.9);
#1950 = AXIS2_PLACEMENT_3D('',#1951,#1952,#1953);
#1951 = CARTESIAN_POINT('',(0.,4.225,0.));
#1952 = DIRECTION('',(0.,-1.,0.));
#1953 = DIRECTION('',(1.,0.,0.));
#1954 = DEFINITIONAL_REPRESENTATION('',(#1955),#1959);
#1955 = LINE('',#1956,#1957);
#1956 = CARTESIAN_POINT('',(3.270151613631,0.));
#1957 = VECTOR('',#1958,1.);
#1958 = DIRECTION('',(0.,-1.));
#1959 = ( GEOMETRIC_REPRESENTATION_CONTEXT(2) 
PARAMETRIC_REPRESENTATION_CONTEXT() REPRESENTATION_CONTEXT('2D SPACE',''
  ) );
#1960 = ADVANCED_FACE('',(#1961),#1721,.F.);
#1961 = FACE_BOUND('',#1962,.F.);
#1962 = EDGE_LOOP('',(#1963,#1964,#2009,#2042,#2085,#2086));
#1963 = ORIENTED_EDGE('',*,*,#1885,.T.);
#1964 = ORIENTED_EDGE('',*,*,#1965,.T.);
#1965 = EDGE_CURVE('',#1886,#1966,#1968,.T.);
#1966 = VERTEX_POINT('',#1967);
#1967 = CARTESIAN_POINT('',(-3.620065789474,4.9,-0.466501532562));
#1968 = SURFACE_CURVE('',#1969,(#1974,#1980),.PCURVE_S1.);
#1969 = ELLIPSE('',#1970,0.701047243308,0.4914248573);
#1970 = AXIS2_PLACEMENT_3D('',#1971,#1972,#1973);
#1971 = CARTESIAN_POINT('',(-3.798593335228,4.782493510809,
    -8.463918594414E-03));
#1972 = DIRECTION('',(0.701100088056,-0.707121500815,9.185776838719E-02)
  );
#1973 = DIRECTION('',(0.701022012135,0.707091821279,9.267844831929E-02)
  );
#1974 = PCURVE('',#1721,#1975);
#1975 = DEFINITIONAL_REPRESENTATION('',(#1976),#1979);
#1976 = B_SPLINE_CURVE_WITH_KNOTS('',1,(#1977,#1978),.UNSPECIFIED.,.F.,
  .F.,(2,2),(4.579803520043,4.95113891096),.PIECEWISE_BEZIER_KNOTS.);
#1977 = CARTESIAN_POINT('',(6.28318530718,4.717246420653));
#1978 = CARTESIAN_POINT('',(5.915058444927,4.9));
#1979 = ( GEOMETRIC_REPRESENTATION_CONTEXT(2) 
PARAMETRIC_REPRESENTATION_CONTEXT() REPRESENTATION_CONTEXT('2D SPACE',''
  ) );
#1980 = PCURVE('',#1924,#1981);
#1981 = DEFINITIONAL_REPRESENTATION('',(#1982),#2008);
#1982 = B_SPLINE_CURVE_WITH_KNOTS('',3,(#1983,#1984,#1985,#1986,#1987,
    #1988,#1989,#1990,#1991,#1992,#1993,#1994,#1995,#1996,#1997,#1998,
    #1999,#2000,#2001,#2002,#2003,#2004,#2005,#2006,#2007),
  .UNSPECIFIED.,.F.,.F.,(4,1,1,1,1,1,1,1,1,1,1,1,1,1,1,1,1,1,1,1,1,1,4),
  (4.579803520043,4.596682401449,4.613561282854,4.630440164259,
    4.647319045665,4.66419792707,4.681076808475,4.69795568988,
    4.714834571286,4.731713452691,4.748592334096,4.765471215502,
    4.782350096907,4.799228978312,4.816107859718,4.832986741123,
    4.849865622528,4.866744503933,4.883623385339,4.900502266744,
    4.917381148149,4.934260029555,4.95113891096),.QUASI_UNIFORM_KNOTS.);
#1983 = CARTESIAN_POINT('',(3.272420049664,5.775357934721E-02));
#1984 = CARTESIAN_POINT('',(3.272514972004,5.498890669846E-02));
#1985 = CARTESIAN_POINT('',(3.272693155156,4.945340045886E-02));
#1986 = CARTESIAN_POINT('',(3.272925151184,4.113398163665E-02));
#1987 = CARTESIAN_POINT('',(3.273121571853,3.280072231096E-02));
#1988 = CARTESIAN_POINT('',(3.273282129427,2.445595685559E-02));
#1989 = CARTESIAN_POINT('',(3.273406542393,1.610202906511E-02));
#1990 = CARTESIAN_POINT('',(3.273494536562,7.741293065844E-03));
#1991 = CARTESIAN_POINT('',(3.273545845159,-6.238876350952E-04));
#1992 = CARTESIAN_POINT('',(3.2735602092,-8.991140614022E-03));
#1993 = CARTESIAN_POINT('',(3.273537377792,-1.735808513754E-02));
#1994 = CARTESIAN_POINT('',(3.273477108461,-2.572233274364E-02));
#1995 = CARTESIAN_POINT('',(3.273379167487,-3.408148784227E-02));
#1996 = CARTESIAN_POINT('',(3.273243330243,-4.24331483235E-02));
#1997 = CARTESIAN_POINT('',(3.273069381532,-5.077490617659E-02));
#1998 = CARTESIAN_POINT('',(3.272857115941,-5.910434811924E-02));
#1999 = CARTESIAN_POINT('',(3.272606338193,-6.741905623729E-02));
#2000 = CARTESIAN_POINT('',(3.272316863508,-7.57166086352E-02));
#2001 = CARTESIAN_POINT('',(3.271988517956,-8.39945800966E-02));
#2002 = CARTESIAN_POINT('',(3.271621138858,-9.225054275785E-02));
#2003 = CARTESIAN_POINT('',(3.271214575037,-0.100482066784));
#2004 = CARTESIAN_POINT('',(3.270768687636,-0.108686721088));
#2005 = CARTESIAN_POINT('',(3.270283348843,-0.116862073941));
#2006 = CARTESIAN_POINT('',(3.269933415235,-0.122291154002));
#2007 = CARTESIAN_POINT('',(3.269751835619,-0.125));
#2008 = ( GEOMETRIC_REPRESENTATION_CONTEXT(2) 
PARAMETRIC_REPRESENTATION_CONTEXT() REPRESENTATION_CONTEXT('2D SPACE',''
  ) );
#2009 = ORIENTED_EDGE('',*,*,#2010,.T.);
#2010 = EDGE_CURVE('',#1966,#2011,#2013,.T.);
#2011 = VERTEX_POINT('',#2012);
#2012 = CARTESIAN_POINT('',(-3.620065789474,4.9,0.466501532562));
#2013 = SURFACE_CURVE('',#2014,(#2019,#2026),.PCURVE_S1.);
#2014 = CIRCLE('',#2015,0.5);
#2015 = AXIS2_PLACEMENT_3D('',#2016,#2017,#2018);
#2016 = CARTESIAN_POINT('',(-3.8,4.9,0.));
#2017 = DIRECTION('',(0.,-1.,0.));
#2018 = DIRECTION('',(0.,0.,-1.));
#2019 = PCURVE('',#1721,#2020);
#2020 = DEFINITIONAL_REPRESENTATION('',(#2021),#2025);
#2021 = LINE('',#2022,#2023);
#2022 = CARTESIAN_POINT('',(6.28318530718,4.9));
#2023 = VECTOR('',#2024,1.);
#2024 = DIRECTION('',(-1.,0.));
#2025 = ( GEOMETRIC_REPRESENTATION_CONTEXT(2) 
PARAMETRIC_REPRESENTATION_CONTEXT() REPRESENTATION_CONTEXT('2D SPACE',''
  ) );
#2026 = PCURVE('',#2027,#2032);
#2027 = PLANE('',#2028);
#2028 = AXIS2_PLACEMENT_3D('',#2029,#2030,#2031);
#2029 = CARTESIAN_POINT('',(1.825,4.9,0.));
#2030 = DIRECTION('',(0.,1.,0.));
#2031 = DIRECTION('',(0.,-0.,1.));
#2032 = DEFINITIONAL_REPRESENTATION('',(#2033),#2041);
#2033 = ( BOUNDED_CURVE() B_SPLINE_CURVE(2,(#2034,#2035,#2036,#2037,
#2038,#2039,#2040),.UNSPECIFIED.,.T.,.F.) B_SPLINE_CURVE_WITH_KNOTS((1,2
    ,2,2,2,1),(-2.094395102393,0.,2.094395102393,4.188790204786,
6.28318530718,8.377580409573),.UNSPECIFIED.) CURVE() 
GEOMETRIC_REPRESENTATION_ITEM() RATIONAL_B_SPLINE_CURVE((1.,0.5,1.,0.5,
1.,0.5,1.)) REPRESENTATION_ITEM('') );
#2034 = CARTESIAN_POINT('',(-0.5,-5.625));
#2035 = CARTESIAN_POINT('',(-0.5,-4.758974596216));
#2036 = CARTESIAN_POINT('',(0.25,-5.191987298108));
#2037 = CARTESIAN_POINT('',(1.,-5.625));
#2038 = CARTESIAN_POINT('',(0.25,-6.058012701892));
#2039 = CARTESIAN_POINT('',(-0.5,-6.491025403784));
#2040 = CARTESIAN_POINT('',(-0.5,-5.625));
#2041 = ( GEOMETRIC_REPRESENTATION_CONTEXT(2) 
PARAMETRIC_REPRESENTATION_CONTEXT() REPRESENTATION_CONTEXT('2D SPACE',''
  ) );
#2042 = ORIENTED_EDGE('',*,*,#2043,.T.);
#2043 = EDGE_CURVE('',#2011,#1681,#2044,.T.);
#2044 = SURFACE_CURVE('',#2045,(#2050,#2056),.PCURVE_S1.);
#2045 = ELLIPSE('',#2046,0.701047243272,0.491424857248);
#2046 = AXIS2_PLACEMENT_3D('',#2047,#2048,#2049);
#2047 = CARTESIAN_POINT('',(-3.798593335217,4.782493510811,
    8.463918645342E-03));
#2048 = DIRECTION('',(0.701100088056,-0.707121500815,-9.185776838444E-02
    ));
#2049 = DIRECTION('',(0.701022012134,0.707091821279,-9.267844832734E-02)
  );
#2050 = PCURVE('',#1721,#2051);
#2051 = DEFINITIONAL_REPRESENTATION('',(#2052),#2055);
#2052 = B_SPLINE_CURVE_WITH_KNOTS('',1,(#2053,#2054),.UNSPECIFIED.,.F.,
  .F.,(2,2),(1.332046396219,1.703381787155),.PIECEWISE_BEZIER_KNOTS.);
#2053 = CARTESIAN_POINT('',(3.509719515843,4.9));
#2054 = CARTESIAN_POINT('',(3.14159265359,4.717246420653));
#2055 = ( GEOMETRIC_REPRESENTATION_CONTEXT(2) 
PARAMETRIC_REPRESENTATION_CONTEXT() REPRESENTATION_CONTEXT('2D SPACE',''
  ) );
#2056 = PCURVE('',#1696,#2057);
#2057 = DEFINITIONAL_REPRESENTATION('',(#2058),#2084);
#2058 = B_SPLINE_CURVE_WITH_KNOTS('',3,(#2059,#2060,#2061,#2062,#2063,
    #2064,#2065,#2066,#2067,#2068,#2069,#2070,#2071,#2072,#2073,#2074,
    #2075,#2076,#2077,#2078,#2079,#2080,#2081,#2082,#2083),
  .UNSPECIFIED.,.F.,.F.,(4,1,1,1,1,1,1,1,1,1,1,1,1,1,1,1,1,1,1,1,1,1,4),
  (1.332046396219,1.348925277625,1.365804159031,1.382683040437,
    1.399561921843,1.41644080325,1.433319684656,1.450198566062,
    1.467077447468,1.483956328874,1.500835210281,1.517714091687,
    1.534592973093,1.551471854499,1.568350735905,1.585229617311,
    1.602108498718,1.618987380124,1.63586626153,1.652745142936,
    1.669624024342,1.686502905749,1.703381787155),
  .QUASI_UNIFORM_KNOTS.);
#2059 = CARTESIAN_POINT('',(3.01343347156,-0.125));
#2060 = CARTESIAN_POINT('',(3.013251891945,-0.122291154002));
#2061 = CARTESIAN_POINT('',(3.012901958337,-0.116862073941));
#2062 = CARTESIAN_POINT('',(3.012416619543,-0.108686721088));
#2063 = CARTESIAN_POINT('',(3.011970732142,-0.100482066784));
#2064 = CARTESIAN_POINT('',(3.011564168322,-9.225054275787E-02));
#2065 = CARTESIAN_POINT('',(3.011196789224,-8.399458009662E-02));
#2066 = CARTESIAN_POINT('',(3.010868443672,-7.571660863522E-02));
#2067 = CARTESIAN_POINT('',(3.010578968987,-6.741905623731E-02));
#2068 = CARTESIAN_POINT('',(3.010328191239,-5.910434811925E-02));
#2069 = CARTESIAN_POINT('',(3.010115925648,-5.07749061766E-02));
#2070 = CARTESIAN_POINT('',(3.009941976937,-4.24331483235E-02));
#2071 = CARTESIAN_POINT('',(3.009806139692,-3.408148784226E-02));
#2072 = CARTESIAN_POINT('',(3.009708198719,-2.572233274363E-02));
#2073 = CARTESIAN_POINT('',(3.009647929388,-1.735808513753E-02));
#2074 = CARTESIAN_POINT('',(3.009625097979,-8.991140614006E-03));
#2075 = CARTESIAN_POINT('',(3.00963946202,-6.238876350759E-04));
#2076 = CARTESIAN_POINT('',(3.009690770618,7.741293065866E-03));
#2077 = CARTESIAN_POINT('',(3.009778764786,1.610202906513E-02));
#2078 = CARTESIAN_POINT('',(3.009903177752,2.445595685562E-02));
#2079 = CARTESIAN_POINT('',(3.010063735327,3.280072231098E-02));
#2080 = CARTESIAN_POINT('',(3.010260155996,4.113398163666E-02));
#2081 = CARTESIAN_POINT('',(3.010492152024,4.945340045887E-02));
#2082 = CARTESIAN_POINT('',(3.010670335175,5.498890669846E-02));
#2083 = CARTESIAN_POINT('',(3.010765257516,5.775357934721E-02));
#2084 = ( GEOMETRIC_REPRESENTATION_CONTEXT(2) 
PARAMETRIC_REPRESENTATION_CONTEXT() REPRESENTATION_CONTEXT('2D SPACE',''
  ) );
#2085 = ORIENTED_EDGE('',*,*,#1707,.F.);
#2086 = ORIENTED_EDGE('',*,*,#2087,.T.);
#2087 = EDGE_CURVE('',#1620,#1856,#2088,.T.);
#2088 = SURFACE_CURVE('',#2089,(#2094,#2101),.PCURVE_S1.);
#2089 = CIRCLE('',#2090,0.5);
#2090 = AXIS2_PLACEMENT_3D('',#2091,#2092,#2093);
#2091 = CARTESIAN_POINT('',(-3.8,3.8,0.));
#2092 = DIRECTION('',(0.,1.,0.));
#2093 = DIRECTION('',(0.,0.,-1.));
#2094 = PCURVE('',#1721,#2095);
#2095 = DEFINITIONAL_REPRESENTATION('',(#2096),#2100);
#2096 = LINE('',#2097,#2098);
#2097 = CARTESIAN_POINT('',(0.,3.8));
#2098 = VECTOR('',#2099,1.);
#2099 = DIRECTION('',(1.,0.));
#2100 = ( GEOMETRIC_REPRESENTATION_CONTEXT(2) 
PARAMETRIC_REPRESENTATION_CONTEXT() REPRESENTATION_CONTEXT('2D SPACE',''
  ) );
#2101 = PCURVE('',#1640,#2102);
#2102 = DEFINITIONAL_REPRESENTATION('',(#2103),#2111);
#2103 = ( BOUNDED_CURVE() B_SPLINE_CURVE(2,(#2104,#2105,#2106,#2107,
#2108,#2109,#2110),.UNSPECIFIED.,.T.,.F.) B_SPLINE_CURVE_WITH_KNOTS((1,2
    ,2,2,2,1),(-2.094395102393,0.,2.094395102393,4.188790204786,
6.28318530718,8.377580409573),.UNSPECIFIED.) CURVE() 
GEOMETRIC_REPRESENTATION_ITEM() RATIONAL_B_SPLINE_CURVE((1.,0.5,1.,0.5,
1.,0.5,1.)) REPRESENTATION_ITEM('') );
#2104 = CARTESIAN_POINT('',(0.5,-7.3));
#2105 = CARTESIAN_POINT('',(0.5,-8.166025403784));
#2106 = CARTESIAN_POINT('',(-0.25,-7.733012701892));
#2107 = CARTESIAN_POINT('',(-1.,-7.3));
#2108 = CARTESIAN_POINT('',(-0.25,-6.866987298108));
#2109 = CARTESIAN_POINT('',(0.5,-6.433974596216));
#2110 = CARTESIAN_POINT('',(0.5,-7.3));
#2111 = ( GEOMETRIC_REPRESENTATION_CONTEXT(2) 
PARAMETRIC_REPRESENTATION_CONTEXT() REPRESENTATION_CONTEXT('2D SPACE',''
  ) );
#2112 = ADVANCED_FACE('',(#2113),#1787,.F.);
#2113 = FACE_BOUND('',#2114,.F.);
#2114 = EDGE_LOOP('',(#2115,#2116,#2161,#2189,#2239,#2267));
#2115 = ORIENTED_EDGE('',*,*,#1771,.F.);
#2116 = ORIENTED_EDGE('',*,*,#2117,.T.);
#2117 = EDGE_CURVE('',#1772,#2118,#2120,.T.);
#2118 = VERTEX_POINT('',#2119);
#2119 = CARTESIAN_POINT('',(-3.620065789474,2.465190328816E-31,
    0.466501532562));
#2120 = SURFACE_CURVE('',#2121,(#2126,#2132),.PCURVE_S1.);
#2121 = ELLIPSE('',#2122,0.701047243269,0.491424857245);
#2122 = AXIS2_PLACEMENT_3D('',#2123,#2124,#2125);
#2123 = CARTESIAN_POINT('',(-3.798593335217,0.117506489189,
    8.46391864843E-03));
#2124 = DIRECTION('',(0.701100088056,0.707121500815,-9.185776838443E-02)
  );
#2125 = DIRECTION('',(0.701022012134,-0.707091821279,-9.267844832796E-02
    ));
#2126 = PCURVE('',#1787,#2127);
#2127 = DEFINITIONAL_REPRESENTATION('',(#2128),#2131);
#2128 = B_SPLINE_CURVE_WITH_KNOTS('',1,(#2129,#2130),.UNSPECIFIED.,.F.,
  .F.,(2,2),(4.579803520023,4.951138910961),.PIECEWISE_BEZIER_KNOTS.);
#2129 = CARTESIAN_POINT('',(3.14159265359,0.182753579347));
#2130 = CARTESIAN_POINT('',(3.509719515843,-1.110223024625E-16));
#2131 = ( GEOMETRIC_REPRESENTATION_CONTEXT(2) 
PARAMETRIC_REPRESENTATION_CONTEXT() REPRESENTATION_CONTEXT('2D SPACE',''
  ) );
#2132 = PCURVE('',#1815,#2133);
#2133 = DEFINITIONAL_REPRESENTATION('',(#2134),#2160);
#2134 = B_SPLINE_CURVE_WITH_KNOTS('',3,(#2135,#2136,#2137,#2138,#2139,
    #2140,#2141,#2142,#2143,#2144,#2145,#2146,#2147,#2148,#2149,#2150,
    #2151,#2152,#2153,#2154,#2155,#2156,#2157,#2158,#2159),
  .UNSPECIFIED.,.F.,.F.,(4,1,1,1,1,1,1,1,1,1,1,1,1,1,1,1,1,1,1,1,1,1,4),
  (4.579803520023,4.59668240143,4.613561282836,4.630440164242,
    4.647319045648,4.664197927055,4.681076808461,4.697955689867,
    4.714834571273,4.73171345268,4.748592334086,4.765471215492,
    4.782350096898,4.799228978305,4.816107859711,4.832986741117,
    4.849865622523,4.86674450393,4.883623385336,4.900502266742,
    4.917381148148,4.934260029555,4.951138910961),
  .QUASI_UNIFORM_KNOTS.);
#2135 = CARTESIAN_POINT('',(3.272420049664,5.775357934721E-02));
#2136 = CARTESIAN_POINT('',(3.272514972004,5.498890669846E-02));
#2137 = CARTESIAN_POINT('',(3.272693155156,4.945340045887E-02));
#2138 = CARTESIAN_POINT('',(3.272925151184,4.113398163666E-02));
#2139 = CARTESIAN_POINT('',(3.273121571853,3.280072231098E-02));
#2140 = CARTESIAN_POINT('',(3.273282129427,2.445595685562E-02));
#2141 = CARTESIAN_POINT('',(3.273406542393,1.610202906513E-02));
#2142 = CARTESIAN_POINT('',(3.273494536562,7.741293065867E-03));
#2143 = CARTESIAN_POINT('',(3.273545845159,-6.238876350735E-04));
#2144 = CARTESIAN_POINT('',(3.2735602092,-8.991140614004E-03));
#2145 = CARTESIAN_POINT('',(3.273537377792,-1.735808513753E-02));
#2146 = CARTESIAN_POINT('',(3.273477108461,-2.572233274363E-02));
#2147 = CARTESIAN_POINT('',(3.273379167487,-3.408148784226E-02));
#2148 = CARTESIAN_POINT('',(3.273243330243,-4.24331483235E-02));
#2149 = CARTESIAN_POINT('',(3.273069381532,-5.07749061766E-02));
#2150 = CARTESIAN_POINT('',(3.272857115941,-5.910434811925E-02));
#2151 = CARTESIAN_POINT('',(3.272606338193,-6.741905623731E-02));
#2152 = CARTESIAN_POINT('',(3.272316863508,-7.571660863522E-02));
#2153 = CARTESIAN_POINT('',(3.271988517956,-8.399458009662E-02));
#2154 = CARTESIAN_POINT('',(3.271621138858,-9.225054275787E-02));
#2155 = CARTESIAN_POINT('',(3.271214575037,-0.100482066784));
#2156 = CARTESIAN_POINT('',(3.270768687636,-0.108686721088));
#2157 = CARTESIAN_POINT('',(3.270283348843,-0.116862073941));
#2158 = CARTESIAN_POINT('',(3.269933415235,-0.122291154002));
#2159 = CARTESIAN_POINT('',(3.269751835619,-0.125));
#2160 = ( GEOMETRIC_REPRESENTATION_CONTEXT(2) 
PARAMETRIC_REPRESENTATION_CONTEXT() REPRESENTATION_CONTEXT('2D SPACE',''
  ) );
#2161 = ORIENTED_EDGE('',*,*,#2162,.T.);
#2162 = EDGE_CURVE('',#2118,#2163,#2165,.T.);
#2163 = VERTEX_POINT('',#2164);
#2164 = CARTESIAN_POINT('',(-3.620065789474,2.465190328816E-31,
    -0.466501532562));
#2165 = SURFACE_CURVE('',#2166,(#2171,#2178),.PCURVE_S1.);
#2166 = CIRCLE('',#2167,0.5);
#2167 = AXIS2_PLACEMENT_3D('',#2168,#2169,#2170);
#2168 = CARTESIAN_POINT('',(-3.8,1.232595164408E-31,0.));
#2169 = DIRECTION('',(0.,1.,0.));
#2170 = DIRECTION('',(0.,0.,-1.));
#2171 = PCURVE('',#1787,#2172);
#2172 = DEFINITIONAL_REPRESENTATION('',(#2173),#2177);
#2173 = LINE('',#2174,#2175);
#2174 = CARTESIAN_POINT('',(0.,0.));
#2175 = VECTOR('',#2176,1.);
#2176 = DIRECTION('',(1.,0.));
#2177 = ( GEOMETRIC_REPRESENTATION_CONTEXT(2) 
PARAMETRIC_REPRESENTATION_CONTEXT() REPRESENTATION_CONTEXT('2D SPACE',''
  ) );
#2178 = PCURVE('',#1084,#2179);
#2179 = DEFINITIONAL_REPRESENTATION('',(#2180),#2188);
#2180 = ( BOUNDED_CURVE() B_SPLINE_CURVE(2,(#2181,#2182,#2183,#2184,
#2185,#2186,#2187),.UNSPECIFIED.,.T.,.F.) B_SPLINE_CURVE_WITH_KNOTS((1,2
    ,2,2,2,1),(-2.094395102393,0.,2.094395102393,4.188790204786,
6.28318530718,8.377580409573),.UNSPECIFIED.) CURVE() 
GEOMETRIC_REPRESENTATION_ITEM() RATIONAL_B_SPLINE_CURVE((1.,0.5,1.,0.5,
1.,0.5,1.)) REPRESENTATION_ITEM('') );
#2181 = CARTESIAN_POINT('',(0.5,-5.625));
#2182 = CARTESIAN_POINT('',(0.5,-6.491025403784));
#2183 = CARTESIAN_POINT('',(-0.25,-6.058012701892));
#2184 = CARTESIAN_POINT('',(-1.,-5.625));
#2185 = CARTESIAN_POINT('',(-0.25,-5.191987298108));
#2186 = CARTESIAN_POINT('',(0.5,-4.758974596216));
#2187 = CARTESIAN_POINT('',(0.5,-5.625));
#2188 = ( GEOMETRIC_REPRESENTATION_CONTEXT(2) 
PARAMETRIC_REPRESENTATION_CONTEXT() REPRESENTATION_CONTEXT('2D SPACE',''
  ) );
#2189 = ORIENTED_EDGE('',*,*,#2190,.T.);
#2190 = EDGE_CURVE('',#2163,#2191,#2193,.T.);
#2191 = VERTEX_POINT('',#2192);
#2192 = CARTESIAN_POINT('',(-3.8,0.182753579347,-0.5));
#2193 = SURFACE_CURVE('',#2194,(#2199,#2205),.PCURVE_S1.);
#2194 = ELLIPSE('',#2195,0.701047243284,0.491424857265);
#2195 = AXIS2_PLACEMENT_3D('',#2196,#2197,#2198);
#2196 = CARTESIAN_POINT('',(-3.798593335221,0.11750648919,
    -8.463918628406E-03));
#2197 = DIRECTION('',(0.701100088056,0.707121500815,9.185776838584E-02)
  );
#2198 = DIRECTION('',(0.701022012134,-0.707091821279,9.267844832459E-02)
  );
#2199 = PCURVE('',#1787,#2200);
#2200 = DEFINITIONAL_REPRESENTATION('',(#2201),#2204);
#2201 = B_SPLINE_CURVE_WITH_KNOTS('',1,(#2202,#2203),.UNSPECIFIED.,.F.,
  .F.,(2,2),(1.332046396219,1.703381787149),.PIECEWISE_BEZIER_KNOTS.);
#2202 = CARTESIAN_POINT('',(5.915058444927,-4.080069615497E-15));
#2203 = CARTESIAN_POINT('',(6.28318530718,0.182753579347));
#2204 = ( GEOMETRIC_REPRESENTATION_CONTEXT(2) 
PARAMETRIC_REPRESENTATION_CONTEXT() REPRESENTATION_CONTEXT('2D SPACE',''
  ) );
#2205 = PCURVE('',#2206,#2211);
#2206 = CONICAL_SURFACE('',#2207,3.775,0.7853981634);
#2207 = AXIS2_PLACEMENT_3D('',#2208,#2209,#2210);
#2208 = CARTESIAN_POINT('',(0.,0.125,0.));
#2209 = DIRECTION('',(0.,1.,0.));
#2210 = DIRECTION('',(1.,0.,0.));
#2211 = DEFINITIONAL_REPRESENTATION('',(#2212),#2238);
#2212 = B_SPLINE_CURVE_WITH_KNOTS('',3,(#2213,#2214,#2215,#2216,#2217,
    #2218,#2219,#2220,#2221,#2222,#2223,#2224,#2225,#2226,#2227,#2228,
    #2229,#2230,#2231,#2232,#2233,#2234,#2235,#2236,#2237),
  .UNSPECIFIED.,.F.,.F.,(4,1,1,1,1,1,1,1,1,1,1,1,1,1,1,1,1,1,1,1,1,1,4),
  (1.332046396219,1.348925277625,1.365804159031,1.382683040437,
    1.399561921842,1.416440803248,1.433319684654,1.45019856606,
    1.467077447466,1.483956328872,1.500835210278,1.517714091684,
    1.53459297309,1.551471854495,1.568350735901,1.585229617307,
    1.602108498713,1.618987380119,1.635866261525,1.652745142931,
    1.669624024337,1.686502905743,1.703381787149),
  .QUASI_UNIFORM_KNOTS.);
#2213 = CARTESIAN_POINT('',(3.01343347156,-0.125));
#2214 = CARTESIAN_POINT('',(3.013251891945,-0.122291154002));
#2215 = CARTESIAN_POINT('',(3.012901958337,-0.116862073941));
#2216 = CARTESIAN_POINT('',(3.012416619543,-0.108686721088));
#2217 = CARTESIAN_POINT('',(3.011970732142,-0.100482066784));
#2218 = CARTESIAN_POINT('',(3.011564168322,-9.225054275786E-02));
#2219 = CARTESIAN_POINT('',(3.011196789224,-8.399458009662E-02));
#2220 = CARTESIAN_POINT('',(3.010868443672,-7.571660863521E-02));
#2221 = CARTESIAN_POINT('',(3.010578968987,-6.74190562373E-02));
#2222 = CARTESIAN_POINT('',(3.010328191239,-5.910434811925E-02));
#2223 = CARTESIAN_POINT('',(3.010115925648,-5.07749061766E-02));
#2224 = CARTESIAN_POINT('',(3.009941976937,-4.24331483235E-02));
#2225 = CARTESIAN_POINT('',(3.009806139692,-3.408148784227E-02));
#2226 = CARTESIAN_POINT('',(3.009708198719,-2.572233274364E-02));
#2227 = CARTESIAN_POINT('',(3.009647929388,-1.735808513754E-02));
#2228 = CARTESIAN_POINT('',(3.009625097979,-8.991140614011E-03));
#2229 = CARTESIAN_POINT('',(3.00963946202,-6.23887635082E-04));
#2230 = CARTESIAN_POINT('',(3.009690770618,7.741293065857E-03));
#2231 = CARTESIAN_POINT('',(3.009778764786,1.610202906512E-02));
#2232 = CARTESIAN_POINT('',(3.009903177752,2.445595685561E-02));
#2233 = CARTESIAN_POINT('',(3.010063735327,3.280072231098E-02));
#2234 = CARTESIAN_POINT('',(3.010260155996,4.113398163666E-02));
#2235 = CARTESIAN_POINT('',(3.010492152024,4.945340045886E-02));
#2236 = CARTESIAN_POINT('',(3.010670335175,5.498890669846E-02));
#2237 = CARTESIAN_POINT('',(3.010765257516,5.775357934721E-02));
#2238 = ( GEOMETRIC_REPRESENTATION_CONTEXT(2) 
PARAMETRIC_REPRESENTATION_CONTEXT() REPRESENTATION_CONTEXT('2D SPACE',''
  ) );
#2239 = ORIENTED_EDGE('',*,*,#2240,.T.);
#2240 = EDGE_CURVE('',#2191,#2241,#2243,.T.);
#2241 = VERTEX_POINT('',#2242);
#2242 = CARTESIAN_POINT('',(-3.8,1.4,-0.5));
#2243 = SURFACE_CURVE('',#2244,(#2248,#2255),.PCURVE_S1.);
#2244 = LINE('',#2245,#2246);
#2245 = CARTESIAN_POINT('',(-3.8,1.232595164408E-31,-0.5));
#2246 = VECTOR('',#2247,1.);
#2247 = DIRECTION('',(0.,1.,0.));
#2248 = PCURVE('',#1787,#2249);
#2249 = DEFINITIONAL_REPRESENTATION('',(#2250),#2254);
#2250 = LINE('',#2251,#2252);
#2251 = CARTESIAN_POINT('',(6.28318530718,0.));
#2252 = VECTOR('',#2253,1.);
#2253 = DIRECTION('',(0.,1.));
#2254 = ( GEOMETRIC_REPRESENTATION_CONTEXT(2) 
PARAMETRIC_REPRESENTATION_CONTEXT() REPRESENTATION_CONTEXT('2D SPACE',''
  ) );
#2255 = PCURVE('',#2256,#2261);
#2256 = PLANE('',#2257);
#2257 = AXIS2_PLACEMENT_3D('',#2258,#2259,#2260);
#2258 = CARTESIAN_POINT('',(-3.8,1.232595164408E-31,-0.5));
#2259 = DIRECTION('',(0.,0.,-1.));
#2260 = DIRECTION('',(-1.,0.,0.));
#2261 = DEFINITIONAL_REPRESENTATION('',(#2262),#2266);
#2262 = LINE('',#2263,#2264);
#2263 = CARTESIAN_POINT('',(0.,0.));
#2264 = VECTOR('',#2265,1.);
#2265 = DIRECTION('',(0.,1.));
#2266 = ( GEOMETRIC_REPRESENTATION_CONTEXT(2) 
PARAMETRIC_REPRESENTATION_CONTEXT() REPRESENTATION_CONTEXT('2D SPACE',''
  ) );
#2267 = ORIENTED_EDGE('',*,*,#2268,.T.);
#2268 = EDGE_CURVE('',#2241,#1737,#2269,.T.);
#2269 = SURFACE_CURVE('',#2270,(#2275,#2282),.PCURVE_S1.);
#2270 = CIRCLE('',#2271,0.5);
#2271 = AXIS2_PLACEMENT_3D('',#2272,#2273,#2274);
#2272 = CARTESIAN_POINT('',(-3.8,1.4,0.));
#2273 = DIRECTION('',(0.,-1.,0.));
#2274 = DIRECTION('',(0.,0.,-1.));
#2275 = PCURVE('',#1787,#2276);
#2276 = DEFINITIONAL_REPRESENTATION('',(#2277),#2281);
#2277 = LINE('',#2278,#2279);
#2278 = CARTESIAN_POINT('',(6.28318530718,1.4));
#2279 = VECTOR('',#2280,1.);
#2280 = DIRECTION('',(-1.,0.));
#2281 = ( GEOMETRIC_REPRESENTATION_CONTEXT(2) 
PARAMETRIC_REPRESENTATION_CONTEXT() REPRESENTATION_CONTEXT('2D SPACE',''
  ) );
#2282 = PCURVE('',#1759,#2283);
#2283 = DEFINITIONAL_REPRESENTATION('',(#2284),#2292);
#2284 = ( BOUNDED_CURVE() B_SPLINE_CURVE(2,(#2285,#2286,#2287,#2288,
#2289,#2290,#2291),.UNSPECIFIED.,.T.,.F.) B_SPLINE_CURVE_WITH_KNOTS((1,2
    ,2,2,2,1),(-2.094395102393,0.,2.094395102393,4.188790204786,
6.28318530718,8.377580409573),.UNSPECIFIED.) CURVE() 
GEOMETRIC_REPRESENTATION_ITEM() RATIONAL_B_SPLINE_CURVE((1.,0.5,1.,0.5,
1.,0.5,1.)) REPRESENTATION_ITEM('') );
#2285 = CARTESIAN_POINT('',(-0.5,-7.3));
#2286 = CARTESIAN_POINT('',(-0.5,-6.433974596216));
#2287 = CARTESIAN_POINT('',(0.25,-6.866987298108));
#2288 = CARTESIAN_POINT('',(1.,-7.3));
#2289 = CARTESIAN_POINT('',(0.25,-7.733012701892));
#2290 = CARTESIAN_POINT('',(-0.5,-8.166025403784));
#2291 = CARTESIAN_POINT('',(-0.5,-7.3));
#2292 = ( GEOMETRIC_REPRESENTATION_CONTEXT(2) 
PARAMETRIC_REPRESENTATION_CONTEXT() REPRESENTATION_CONTEXT('2D SPACE',''
  ) );
#2293 = ADVANCED_FACE('',(#2294),#2256,.F.);
#2294 = FACE_BOUND('',#2295,.T.);
#2295 = EDGE_LOOP('',(#2296,#2319,#2347,#2367));
#2296 = ORIENTED_EDGE('',*,*,#2297,.F.);
#2297 = EDGE_CURVE('',#2298,#2241,#2300,.T.);
#2298 = VERTEX_POINT('',#2299);
#2299 = CARTESIAN_POINT('',(-3.867815921163,1.4,-0.5));
#2300 = SURFACE_CURVE('',#2301,(#2305,#2312),.PCURVE_S1.);
#2301 = LINE('',#2302,#2303);
#2302 = CARTESIAN_POINT('',(-0.15,1.4,-0.5));
#2303 = VECTOR('',#2304,1.);
#2304 = DIRECTION('',(1.,0.,0.));
#2305 = PCURVE('',#2256,#2306);
#2306 = DEFINITIONAL_REPRESENTATION('',(#2307),#2311);
#2307 = LINE('',#2308,#2309);
#2308 = CARTESIAN_POINT('',(-3.65,1.4));
#2309 = VECTOR('',#2310,1.);
#2310 = DIRECTION('',(-1.,0.));
#2311 = ( GEOMETRIC_REPRESENTATION_CONTEXT(2) 
PARAMETRIC_REPRESENTATION_CONTEXT() REPRESENTATION_CONTEXT('2D SPACE',''
  ) );
#2312 = PCURVE('',#1759,#2313);
#2313 = DEFINITIONAL_REPRESENTATION('',(#2314),#2318);
#2314 = LINE('',#2315,#2316);
#2315 = CARTESIAN_POINT('',(-0.5,-3.65));
#2316 = VECTOR('',#2317,1.);
#2317 = DIRECTION('',(0.,1.));
#2318 = ( GEOMETRIC_REPRESENTATION_CONTEXT(2) 
PARAMETRIC_REPRESENTATION_CONTEXT() REPRESENTATION_CONTEXT('2D SPACE',''
  ) );
#2319 = ORIENTED_EDGE('',*,*,#2320,.F.);
#2320 = EDGE_CURVE('',#2321,#2298,#2323,.T.);
#2321 = VERTEX_POINT('',#2322);
#2322 = CARTESIAN_POINT('',(-3.867815921163,0.25,-0.5));
#2323 = SURFACE_CURVE('',#2324,(#2328,#2335),.PCURVE_S1.);
#2324 = LINE('',#2325,#2326);
#2325 = CARTESIAN_POINT('',(-3.867815921163,0.825,-0.5));
#2326 = VECTOR('',#2327,1.);
#2327 = DIRECTION('',(0.,1.,0.));
#2328 = PCURVE('',#2256,#2329);
#2329 = DEFINITIONAL_REPRESENTATION('',(#2330),#2334);
#2330 = LINE('',#2331,#2332);
#2331 = CARTESIAN_POINT('',(6.781592116274E-02,0.825));
#2332 = VECTOR('',#2333,1.);
#2333 = DIRECTION('',(0.,1.));
#2334 = ( GEOMETRIC_REPRESENTATION_CONTEXT(2) 
PARAMETRIC_REPRESENTATION_CONTEXT() REPRESENTATION_CONTEXT('2D SPACE',''
  ) );
#2335 = PCURVE('',#2336,#2341);
#2336 = CYLINDRICAL_SURFACE('',#2337,3.9);
#2337 = AXIS2_PLACEMENT_3D('',#2338,#2339,#2340);
#2338 = CARTESIAN_POINT('',(0.,0.825,0.));
#2339 = DIRECTION('',(0.,-1.,0.));
#2340 = DIRECTION('',(1.,0.,0.));
#2341 = DEFINITIONAL_REPRESENTATION('',(#2342),#2346);
#2342 = LINE('',#2343,#2344);
#2343 = CARTESIAN_POINT('',(3.270151613631,0.));
#2344 = VECTOR('',#2345,1.);
#2345 = DIRECTION('',(0.,-1.));
#2346 = ( GEOMETRIC_REPRESENTATION_CONTEXT(2) 
PARAMETRIC_REPRESENTATION_CONTEXT() REPRESENTATION_CONTEXT('2D SPACE',''
  ) );
#2347 = ORIENTED_EDGE('',*,*,#2348,.F.);
#2348 = EDGE_CURVE('',#2191,#2321,#2349,.T.);
#2349 = SURFACE_CURVE('',#2350,(#2354,#2361),.PCURVE_S1.);
#2350 = LINE('',#2351,#2352);
#2351 = CARTESIAN_POINT('',(-3.8,0.182753579347,-0.5));
#2352 = VECTOR('',#2353,1.);
#2353 = DIRECTION('',(-0.710082037621,0.70411895291,0.));
#2354 = PCURVE('',#2256,#2355);
#2355 = DEFINITIONAL_REPRESENTATION('',(#2356),#2360);
#2356 = LINE('',#2357,#2358);
#2357 = CARTESIAN_POINT('',(0.,0.182753579347));
#2358 = VECTOR('',#2359,1.);
#2359 = DIRECTION('',(0.710082037621,0.70411895291));
#2360 = ( GEOMETRIC_REPRESENTATION_CONTEXT(2) 
PARAMETRIC_REPRESENTATION_CONTEXT() REPRESENTATION_CONTEXT('2D SPACE',''
  ) );
#2361 = PCURVE('',#2206,#2362);
#2362 = DEFINITIONAL_REPRESENTATION('',(#2363),#2366);
#2363 = B_SPLINE_CURVE_WITH_KNOTS('',1,(#2364,#2365),.UNSPECIFIED.,.F.,
  .F.,(2,2),(0.,9.550434677931E-02),.PIECEWISE_BEZIER_KNOTS.);
#2364 = CARTESIAN_POINT('',(3.010765257516,5.775357934721E-02));
#2365 = CARTESIAN_POINT('',(3.013033693548,0.125));
#2366 = ( GEOMETRIC_REPRESENTATION_CONTEXT(2) 
PARAMETRIC_REPRESENTATION_CONTEXT() REPRESENTATION_CONTEXT('2D SPACE',''
  ) );
#2367 = ORIENTED_EDGE('',*,*,#2240,.T.);
#2368 = ADVANCED_FACE('',(#2369),#2383,.F.);
#2369 = FACE_BOUND('',#2370,.T.);
#2370 = EDGE_LOOP('',(#2371,#2401,#2429,#2456));
#2371 = ORIENTED_EDGE('',*,*,#2372,.F.);
#2372 = EDGE_CURVE('',#2373,#2375,#2377,.T.);
#2373 = VERTEX_POINT('',#2374);
#2374 = CARTESIAN_POINT('',(3.867815921163,1.4,0.5));
#2375 = VERTEX_POINT('',#2376);
#2376 = CARTESIAN_POINT('',(3.8,1.4,0.5));
#2377 = SURFACE_CURVE('',#2378,(#2382,#2394),.PCURVE_S1.);
#2378 = LINE('',#2379,#2380);
#2379 = CARTESIAN_POINT('',(3.65,1.4,0.5));
#2380 = VECTOR('',#2381,1.);
#2381 = DIRECTION('',(-1.,0.,0.));
#2382 = PCURVE('',#2383,#2388);
#2383 = PLANE('',#2384);
#2384 = AXIS2_PLACEMENT_3D('',#2385,#2386,#2387);
#2385 = CARTESIAN_POINT('',(3.8,1.232595164408E-31,0.5));
#2386 = DIRECTION('',(0.,0.,1.));
#2387 = DIRECTION('',(1.,0.,-0.));
#2388 = DEFINITIONAL_REPRESENTATION('',(#2389),#2393);
#2389 = LINE('',#2390,#2391);
#2390 = CARTESIAN_POINT('',(-0.15,1.4));
#2391 = VECTOR('',#2392,1.);
#2392 = DIRECTION('',(-1.,0.));
#2393 = ( GEOMETRIC_REPRESENTATION_CONTEXT(2) 
PARAMETRIC_REPRESENTATION_CONTEXT() REPRESENTATION_CONTEXT('2D SPACE',''
  ) );
#2394 = PCURVE('',#1759,#2395);
#2395 = DEFINITIONAL_REPRESENTATION('',(#2396),#2400);
#2396 = LINE('',#2397,#2398);
#2397 = CARTESIAN_POINT('',(0.5,0.15));
#2398 = VECTOR('',#2399,1.);
#2399 = DIRECTION('',(0.,-1.));
#2400 = ( GEOMETRIC_REPRESENTATION_CONTEXT(2) 
PARAMETRIC_REPRESENTATION_CONTEXT() REPRESENTATION_CONTEXT('2D SPACE',''
  ) );
#2401 = ORIENTED_EDGE('',*,*,#2402,.F.);
#2402 = EDGE_CURVE('',#2403,#2373,#2405,.T.);
#2403 = VERTEX_POINT('',#2404);
#2404 = CARTESIAN_POINT('',(3.867815921163,0.25,0.5));
#2405 = SURFACE_CURVE('',#2406,(#2410,#2417),.PCURVE_S1.);
#2406 = LINE('',#2407,#2408);
#2407 = CARTESIAN_POINT('',(3.867815921163,0.825,0.5));
#2408 = VECTOR('',#2409,1.);
#2409 = DIRECTION('',(0.,1.,0.));
#2410 = PCURVE('',#2383,#2411);
#2411 = DEFINITIONAL_REPRESENTATION('',(#2412),#2416);
#2412 = LINE('',#2413,#2414);
#2413 = CARTESIAN_POINT('',(6.781592116274E-02,0.825));
#2414 = VECTOR('',#2415,1.);
#2415 = DIRECTION('',(0.,1.));
#2416 = ( GEOMETRIC_REPRESENTATION_CONTEXT(2) 
PARAMETRIC_REPRESENTATION_CONTEXT() REPRESENTATION_CONTEXT('2D SPACE',''
  ) );
#2417 = PCURVE('',#2418,#2423);
#2418 = CYLINDRICAL_SURFACE('',#2419,3.9);
#2419 = AXIS2_PLACEMENT_3D('',#2420,#2421,#2422);
#2420 = CARTESIAN_POINT('',(0.,0.825,0.));
#2421 = DIRECTION('',(0.,-1.,0.));
#2422 = DIRECTION('',(1.,0.,0.));
#2423 = DEFINITIONAL_REPRESENTATION('',(#2424),#2428);
#2424 = LINE('',#2425,#2426);
#2425 = CARTESIAN_POINT('',(0.128558960041,0.));
#2426 = VECTOR('',#2427,1.);
#2427 = DIRECTION('',(0.,-1.));
#2428 = ( GEOMETRIC_REPRESENTATION_CONTEXT(2) 
PARAMETRIC_REPRESENTATION_CONTEXT() REPRESENTATION_CONTEXT('2D SPACE',''
  ) );
#2429 = ORIENTED_EDGE('',*,*,#2430,.F.);
#2430 = EDGE_CURVE('',#2431,#2403,#2433,.T.);
#2431 = VERTEX_POINT('',#2432);
#2432 = CARTESIAN_POINT('',(3.8,0.182753579347,0.5));
#2433 = SURFACE_CURVE('',#2434,(#2438,#2445),.PCURVE_S1.);
#2434 = LINE('',#2435,#2436);
#2435 = CARTESIAN_POINT('',(3.8,0.182753579347,0.5));
#2436 = VECTOR('',#2437,1.);
#2437 = DIRECTION('',(0.710082037621,0.70411895291,0.));
#2438 = PCURVE('',#2383,#2439);
#2439 = DEFINITIONAL_REPRESENTATION('',(#2440),#2444);
#2440 = LINE('',#2441,#2442);
#2441 = CARTESIAN_POINT('',(0.,0.182753579347));
#2442 = VECTOR('',#2443,1.);
#2443 = DIRECTION('',(0.710082037621,0.70411895291));
#2444 = ( GEOMETRIC_REPRESENTATION_CONTEXT(2) 
PARAMETRIC_REPRESENTATION_CONTEXT() REPRESENTATION_CONTEXT('2D SPACE',''
  ) );
#2445 = PCURVE('',#2446,#2451);
#2446 = CONICAL_SURFACE('',#2447,3.775,0.7853981634);
#2447 = AXIS2_PLACEMENT_3D('',#2448,#2449,#2450);
#2448 = CARTESIAN_POINT('',(0.,0.125,0.));
#2449 = DIRECTION('',(0.,1.,0.));
#2450 = DIRECTION('',(1.,0.,0.));
#2451 = DEFINITIONAL_REPRESENTATION('',(#2452),#2455);
#2452 = B_SPLINE_CURVE_WITH_KNOTS('',1,(#2453,#2454),.UNSPECIFIED.,.F.,
  .F.,(2,2),(0.,9.550434677931E-02),.PIECEWISE_BEZIER_KNOTS.);
#2453 = CARTESIAN_POINT('',(6.152357911106,5.775357934721E-02));
#2454 = CARTESIAN_POINT('',(6.154626347138,0.125));
#2455 = ( GEOMETRIC_REPRESENTATION_CONTEXT(2) 
PARAMETRIC_REPRESENTATION_CONTEXT() REPRESENTATION_CONTEXT('2D SPACE',''
  ) );
#2456 = ORIENTED_EDGE('',*,*,#2457,.T.);
#2457 = EDGE_CURVE('',#2431,#2375,#2458,.T.);
#2458 = SURFACE_CURVE('',#2459,(#2463,#2470),.PCURVE_S1.);
#2459 = LINE('',#2460,#2461);
#2460 = CARTESIAN_POINT('',(3.8,1.232595164408E-31,0.5));
#2461 = VECTOR('',#2462,1.);
#2462 = DIRECTION('',(0.,1.,0.));
#2463 = PCURVE('',#2383,#2464);
#2464 = DEFINITIONAL_REPRESENTATION('',(#2465),#2469);
#2465 = LINE('',#2466,#2467);
#2466 = CARTESIAN_POINT('',(0.,0.));
#2467 = VECTOR('',#2468,1.);
#2468 = DIRECTION('',(0.,1.));
#2469 = ( GEOMETRIC_REPRESENTATION_CONTEXT(2) 
PARAMETRIC_REPRESENTATION_CONTEXT() REPRESENTATION_CONTEXT('2D SPACE',''
  ) );
#2470 = PCURVE('',#2471,#2476);
#2471 = CYLINDRICAL_SURFACE('',#2472,0.5);
#2472 = AXIS2_PLACEMENT_3D('',#2473,#2474,#2475);
#2473 = CARTESIAN_POINT('',(3.8,1.232595164408E-31,0.));
#2474 = DIRECTION('',(0.,1.,0.));
#2475 = DIRECTION('',(0.,0.,-1.));
#2476 = DEFINITIONAL_REPRESENTATION('',(#2477),#2481);
#2477 = LINE('',#2478,#2479);
#2478 = CARTESIAN_POINT('',(3.14159265359,0.));
#2479 = VECTOR('',#2480,1.);
#2480 = DIRECTION('',(0.,1.));
#2481 = ( GEOMETRIC_REPRESENTATION_CONTEXT(2) 
PARAMETRIC_REPRESENTATION_CONTEXT() REPRESENTATION_CONTEXT('2D SPACE',''
  ) );
#2482 = ADVANCED_FACE('',(#2483),#2497,.F.);
#2483 = FACE_BOUND('',#2484,.T.);
#2484 = EDGE_LOOP('',(#2485,#2515,#2543,#2570));
#2485 = ORIENTED_EDGE('',*,*,#2486,.F.);
#2486 = EDGE_CURVE('',#2487,#2489,#2491,.T.);
#2487 = VERTEX_POINT('',#2488);
#2488 = CARTESIAN_POINT('',(3.8,3.8,0.5));
#2489 = VERTEX_POINT('',#2490);
#2490 = CARTESIAN_POINT('',(3.867815921163,3.8,0.5));
#2491 = SURFACE_CURVE('',#2492,(#2496,#2508),.PCURVE_S1.);
#2492 = LINE('',#2493,#2494);
#2493 = CARTESIAN_POINT('',(3.65,3.8,0.5));
#2494 = VECTOR('',#2495,1.);
#2495 = DIRECTION('',(1.,0.,0.));
#2496 = PCURVE('',#2497,#2502);
#2497 = PLANE('',#2498);
#2498 = AXIS2_PLACEMENT_3D('',#2499,#2500,#2501);
#2499 = CARTESIAN_POINT('',(3.8,1.232595164408E-31,0.5));
#2500 = DIRECTION('',(0.,0.,1.));
#2501 = DIRECTION('',(1.,0.,-0.));
#2502 = DEFINITIONAL_REPRESENTATION('',(#2503),#2507);
#2503 = LINE('',#2504,#2505);
#2504 = CARTESIAN_POINT('',(-0.15,3.8));
#2505 = VECTOR('',#2506,1.);
#2506 = DIRECTION('',(1.,0.));
#2507 = ( GEOMETRIC_REPRESENTATION_CONTEXT(2) 
PARAMETRIC_REPRESENTATION_CONTEXT() REPRESENTATION_CONTEXT('2D SPACE',''
  ) );
#2508 = PCURVE('',#1640,#2509);
#2509 = DEFINITIONAL_REPRESENTATION('',(#2510),#2514);
#2510 = LINE('',#2511,#2512);
#2511 = CARTESIAN_POINT('',(-0.5,0.15));
#2512 = VECTOR('',#2513,1.);
#2513 = DIRECTION('',(0.,1.));
#2514 = ( GEOMETRIC_REPRESENTATION_CONTEXT(2) 
PARAMETRIC_REPRESENTATION_CONTEXT() REPRESENTATION_CONTEXT('2D SPACE',''
  ) );
#2515 = ORIENTED_EDGE('',*,*,#2516,.T.);
#2516 = EDGE_CURVE('',#2487,#2517,#2519,.T.);
#2517 = VERTEX_POINT('',#2518);
#2518 = CARTESIAN_POINT('',(3.8,4.717246420653,0.5));
#2519 = SURFACE_CURVE('',#2520,(#2524,#2531),.PCURVE_S1.);
#2520 = LINE('',#2521,#2522);
#2521 = CARTESIAN_POINT('',(3.8,1.232595164408E-31,0.5));
#2522 = VECTOR('',#2523,1.);
#2523 = DIRECTION('',(0.,1.,0.));
#2524 = PCURVE('',#2497,#2525);
#2525 = DEFINITIONAL_REPRESENTATION('',(#2526),#2530);
#2526 = LINE('',#2527,#2528);
#2527 = CARTESIAN_POINT('',(0.,0.));
#2528 = VECTOR('',#2529,1.);
#2529 = DIRECTION('',(0.,1.));
#2530 = ( GEOMETRIC_REPRESENTATION_CONTEXT(2) 
PARAMETRIC_REPRESENTATION_CONTEXT() REPRESENTATION_CONTEXT('2D SPACE',''
  ) );
#2531 = PCURVE('',#2532,#2537);
#2532 = CYLINDRICAL_SURFACE('',#2533,0.5);
#2533 = AXIS2_PLACEMENT_3D('',#2534,#2535,#2536);
#2534 = CARTESIAN_POINT('',(3.8,1.232595164408E-31,0.));
#2535 = DIRECTION('',(0.,1.,0.));
#2536 = DIRECTION('',(0.,0.,-1.));
#2537 = DEFINITIONAL_REPRESENTATION('',(#2538),#2542);
#2538 = LINE('',#2539,#2540);
#2539 = CARTESIAN_POINT('',(3.14159265359,0.));
#2540 = VECTOR('',#2541,1.);
#2541 = DIRECTION('',(0.,1.));
#2542 = ( GEOMETRIC_REPRESENTATION_CONTEXT(2) 
PARAMETRIC_REPRESENTATION_CONTEXT() REPRESENTATION_CONTEXT('2D SPACE',''
  ) );
#2543 = ORIENTED_EDGE('',*,*,#2544,.F.);
#2544 = EDGE_CURVE('',#2545,#2517,#2547,.T.);
#2545 = VERTEX_POINT('',#2546);
#2546 = CARTESIAN_POINT('',(3.867815921163,4.65,0.5));
#2547 = SURFACE_CURVE('',#2548,(#2552,#2559),.PCURVE_S1.);
#2548 = LINE('',#2549,#2550);
#2549 = CARTESIAN_POINT('',(3.867815921163,4.65,0.5));
#2550 = VECTOR('',#2551,1.);
#2551 = DIRECTION('',(-0.710082037621,0.70411895291,-7.265526793185E-16)
  );
#2552 = PCURVE('',#2497,#2553);
#2553 = DEFINITIONAL_REPRESENTATION('',(#2554),#2558);
#2554 = LINE('',#2555,#2556);
#2555 = CARTESIAN_POINT('',(6.781592116274E-02,4.65));
#2556 = VECTOR('',#2557,1.);
#2557 = DIRECTION('',(-0.710082037621,0.70411895291));
#2558 = ( GEOMETRIC_REPRESENTATION_CONTEXT(2) 
PARAMETRIC_REPRESENTATION_CONTEXT() REPRESENTATION_CONTEXT('2D SPACE',''
  ) );
#2559 = PCURVE('',#2560,#2565);
#2560 = CONICAL_SURFACE('',#2561,3.775,0.7853981634);
#2561 = AXIS2_PLACEMENT_3D('',#2562,#2563,#2564);
#2562 = CARTESIAN_POINT('',(0.,4.775,0.));
#2563 = DIRECTION('',(0.,-1.,0.));
#2564 = DIRECTION('',(1.,0.,0.));
#2565 = DEFINITIONAL_REPRESENTATION('',(#2566),#2569);
#2566 = B_SPLINE_CURVE_WITH_KNOTS('',1,(#2567,#2568),.UNSPECIFIED.,.F.,
  .F.,(2,2),(0.,9.550434677931E-02),.PIECEWISE_BEZIER_KNOTS.);
#2567 = CARTESIAN_POINT('',(0.128558960041,0.125));
#2568 = CARTESIAN_POINT('',(0.130827396074,5.775357934721E-02));
#2569 = ( GEOMETRIC_REPRESENTATION_CONTEXT(2) 
PARAMETRIC_REPRESENTATION_CONTEXT() REPRESENTATION_CONTEXT('2D SPACE',''
  ) );
#2570 = ORIENTED_EDGE('',*,*,#2571,.F.);
#2571 = EDGE_CURVE('',#2489,#2545,#2572,.T.);
#2572 = SURFACE_CURVE('',#2573,(#2577,#2584),.PCURVE_S1.);
#2573 = LINE('',#2574,#2575);
#2574 = CARTESIAN_POINT('',(3.867815921163,4.225,0.5));
#2575 = VECTOR('',#2576,1.);
#2576 = DIRECTION('',(0.,1.,0.));
#2577 = PCURVE('',#2497,#2578);
#2578 = DEFINITIONAL_REPRESENTATION('',(#2579),#2583);
#2579 = LINE('',#2580,#2581);
#2580 = CARTESIAN_POINT('',(6.781592116274E-02,4.225));
#2581 = VECTOR('',#2582,1.);
#2582 = DIRECTION('',(0.,1.));
#2583 = ( GEOMETRIC_REPRESENTATION_CONTEXT(2) 
PARAMETRIC_REPRESENTATION_CONTEXT() REPRESENTATION_CONTEXT('2D SPACE',''
  ) );
#2584 = PCURVE('',#2585,#2590);
#2585 = CYLINDRICAL_SURFACE('',#2586,3.9);
#2586 = AXIS2_PLACEMENT_3D('',#2587,#2588,#2589);
#2587 = CARTESIAN_POINT('',(0.,4.225,0.));
#2588 = DIRECTION('',(0.,-1.,0.));
#2589 = DIRECTION('',(1.,0.,0.));
#2590 = DEFINITIONAL_REPRESENTATION('',(#2591),#2595);
#2591 = LINE('',#2592,#2593);
#2592 = CARTESIAN_POINT('',(0.128558960041,0.));
#2593 = VECTOR('',#2594,1.);
#2594 = DIRECTION('',(0.,-1.));
#2595 = ( GEOMETRIC_REPRESENTATION_CONTEXT(2) 
PARAMETRIC_REPRESENTATION_CONTEXT() REPRESENTATION_CONTEXT('2D SPACE',''
  ) );
#2596 = ADVANCED_FACE('',(#2597),#2611,.F.);
#2597 = FACE_BOUND('',#2598,.T.);
#2598 = EDGE_LOOP('',(#2599,#2629,#2652,#2679));
#2599 = ORIENTED_EDGE('',*,*,#2600,.F.);
#2600 = EDGE_CURVE('',#2601,#2603,#2605,.T.);
#2601 = VERTEX_POINT('',#2602);
#2602 = CARTESIAN_POINT('',(3.8,1.4,-0.5));
#2603 = VERTEX_POINT('',#2604);
#2604 = CARTESIAN_POINT('',(3.867815921163,1.4,-0.5));
#2605 = SURFACE_CURVE('',#2606,(#2610,#2622),.PCURVE_S1.);
#2606 = LINE('',#2607,#2608);
#2607 = CARTESIAN_POINT('',(3.7,1.4,-0.5));
#2608 = VECTOR('',#2609,1.);
#2609 = DIRECTION('',(1.,0.,0.));
#2610 = PCURVE('',#2611,#2616);
#2611 = PLANE('',#2612);
#2612 = AXIS2_PLACEMENT_3D('',#2613,#2614,#2615);
#2613 = CARTESIAN_POINT('',(3.9,1.232595164408E-31,-0.5));
#2614 = DIRECTION('',(0.,0.,-1.));
#2615 = DIRECTION('',(-1.,0.,0.));
#2616 = DEFINITIONAL_REPRESENTATION('',(#2617),#2621);
#2617 = LINE('',#2618,#2619);
#2618 = CARTESIAN_POINT('',(0.2,1.4));
#2619 = VECTOR('',#2620,1.);
#2620 = DIRECTION('',(-1.,0.));
#2621 = ( GEOMETRIC_REPRESENTATION_CONTEXT(2) 
PARAMETRIC_REPRESENTATION_CONTEXT() REPRESENTATION_CONTEXT('2D SPACE',''
  ) );
#2622 = PCURVE('',#1759,#2623);
#2623 = DEFINITIONAL_REPRESENTATION('',(#2624),#2628);
#2624 = LINE('',#2625,#2626);
#2625 = CARTESIAN_POINT('',(-0.5,0.2));
#2626 = VECTOR('',#2627,1.);
#2627 = DIRECTION('',(0.,1.));
#2628 = ( GEOMETRIC_REPRESENTATION_CONTEXT(2) 
PARAMETRIC_REPRESENTATION_CONTEXT() REPRESENTATION_CONTEXT('2D SPACE',''
  ) );
#2629 = ORIENTED_EDGE('',*,*,#2630,.F.);
#2630 = EDGE_CURVE('',#2631,#2601,#2633,.T.);
#2631 = VERTEX_POINT('',#2632);
#2632 = CARTESIAN_POINT('',(3.8,0.182753579347,-0.5));
#2633 = SURFACE_CURVE('',#2634,(#2638,#2645),.PCURVE_S1.);
#2634 = LINE('',#2635,#2636);
#2635 = CARTESIAN_POINT('',(3.8,1.232595164408E-31,-0.5));
#2636 = VECTOR('',#2637,1.);
#2637 = DIRECTION('',(0.,1.,0.));
#2638 = PCURVE('',#2611,#2639);
#2639 = DEFINITIONAL_REPRESENTATION('',(#2640),#2644);
#2640 = LINE('',#2641,#2642);
#2641 = CARTESIAN_POINT('',(0.1,0.));
#2642 = VECTOR('',#2643,1.);
#2643 = DIRECTION('',(0.,1.));
#2644 = ( GEOMETRIC_REPRESENTATION_CONTEXT(2) 
PARAMETRIC_REPRESENTATION_CONTEXT() REPRESENTATION_CONTEXT('2D SPACE',''
  ) );
#2645 = PCURVE('',#2471,#2646);
#2646 = DEFINITIONAL_REPRESENTATION('',(#2647),#2651);
#2647 = LINE('',#2648,#2649);
#2648 = CARTESIAN_POINT('',(0.,0.));
#2649 = VECTOR('',#2650,1.);
#2650 = DIRECTION('',(0.,1.));
#2651 = ( GEOMETRIC_REPRESENTATION_CONTEXT(2) 
PARAMETRIC_REPRESENTATION_CONTEXT() REPRESENTATION_CONTEXT('2D SPACE',''
  ) );
#2652 = ORIENTED_EDGE('',*,*,#2653,.F.);
#2653 = EDGE_CURVE('',#2654,#2631,#2656,.T.);
#2654 = VERTEX_POINT('',#2655);
#2655 = CARTESIAN_POINT('',(3.867815921163,0.25,-0.5));
#2656 = SURFACE_CURVE('',#2657,(#2661,#2668),.PCURVE_S1.);
#2657 = LINE('',#2658,#2659);
#2658 = CARTESIAN_POINT('',(3.867815921163,0.25,-0.5));
#2659 = VECTOR('',#2660,1.);
#2660 = DIRECTION('',(-0.710082037621,-0.70411895291,0.));
#2661 = PCURVE('',#2611,#2662);
#2662 = DEFINITIONAL_REPRESENTATION('',(#2663),#2667);
#2663 = LINE('',#2664,#2665);
#2664 = CARTESIAN_POINT('',(3.218407883726E-02,0.25));
#2665 = VECTOR('',#2666,1.);
#2666 = DIRECTION('',(0.710082037621,-0.70411895291));
#2667 = ( GEOMETRIC_REPRESENTATION_CONTEXT(2) 
PARAMETRIC_REPRESENTATION_CONTEXT() REPRESENTATION_CONTEXT('2D SPACE',''
  ) );
#2668 = PCURVE('',#2669,#2674);
#2669 = CONICAL_SURFACE('',#2670,3.775,0.7853981634);
#2670 = AXIS2_PLACEMENT_3D('',#2671,#2672,#2673);
#2671 = CARTESIAN_POINT('',(0.,0.125,0.));
#2672 = DIRECTION('',(0.,1.,0.));
#2673 = DIRECTION('',(1.,0.,0.));
#2674 = DEFINITIONAL_REPRESENTATION('',(#2675),#2678);
#2675 = B_SPLINE_CURVE_WITH_KNOTS('',1,(#2676,#2677),.UNSPECIFIED.,.F.,
  .F.,(2,2),(0.,9.550434677931E-02),.PIECEWISE_BEZIER_KNOTS.);
#2676 = CARTESIAN_POINT('',(0.128558960041,0.125));
#2677 = CARTESIAN_POINT('',(0.130827396074,5.775357934721E-02));
#2678 = ( GEOMETRIC_REPRESENTATION_CONTEXT(2) 
PARAMETRIC_REPRESENTATION_CONTEXT() REPRESENTATION_CONTEXT('2D SPACE',''
  ) );
#2679 = ORIENTED_EDGE('',*,*,#2680,.F.);
#2680 = EDGE_CURVE('',#2603,#2654,#2681,.T.);
#2681 = SURFACE_CURVE('',#2682,(#2686,#2693),.PCURVE_S1.);
#2682 = LINE('',#2683,#2684);
#2683 = CARTESIAN_POINT('',(3.867815921163,0.825,-0.5));
#2684 = VECTOR('',#2685,1.);
#2685 = DIRECTION('',(0.,-1.,0.));
#2686 = PCURVE('',#2611,#2687);
#2687 = DEFINITIONAL_REPRESENTATION('',(#2688),#2692);
#2688 = LINE('',#2689,#2690);
#2689 = CARTESIAN_POINT('',(3.218407883726E-02,0.825));
#2690 = VECTOR('',#2691,1.);
#2691 = DIRECTION('',(0.,-1.));
#2692 = ( GEOMETRIC_REPRESENTATION_CONTEXT(2) 
PARAMETRIC_REPRESENTATION_CONTEXT() REPRESENTATION_CONTEXT('2D SPACE',''
  ) );
#2693 = PCURVE('',#2694,#2699);
#2694 = CYLINDRICAL_SURFACE('',#2695,3.9);
#2695 = AXIS2_PLACEMENT_3D('',#2696,#2697,#2698);
#2696 = CARTESIAN_POINT('',(0.,0.825,0.));
#2697 = DIRECTION('',(0.,-1.,0.));
#2698 = DIRECTION('',(1.,0.,0.));
#2699 = DEFINITIONAL_REPRESENTATION('',(#2700),#2704);
#2700 = LINE('',#2701,#2702);
#2701 = CARTESIAN_POINT('',(6.154626347138,0.));
#2702 = VECTOR('',#2703,1.);
#2703 = DIRECTION('',(0.,1.));
#2704 = ( GEOMETRIC_REPRESENTATION_CONTEXT(2) 
PARAMETRIC_REPRESENTATION_CONTEXT() REPRESENTATION_CONTEXT('2D SPACE',''
  ) );
#2705 = ADVANCED_FACE('',(#2706),#2471,.F.);
#2706 = FACE_BOUND('',#2707,.F.);
#2707 = EDGE_LOOP('',(#2708,#2709,#2754,#2782,#2825,#2826));
#2708 = ORIENTED_EDGE('',*,*,#2630,.F.);
#2709 = ORIENTED_EDGE('',*,*,#2710,.T.);
#2710 = EDGE_CURVE('',#2631,#2711,#2713,.T.);
#2711 = VERTEX_POINT('',#2712);
#2712 = CARTESIAN_POINT('',(3.620065789474,1.174230417617E-31,
    -0.466501532562));
#2713 = SURFACE_CURVE('',#2714,(#2719,#2725),.PCURVE_S1.);
#2714 = ELLIPSE('',#2715,0.701047243277,0.491424857256);
#2715 = AXIS2_PLACEMENT_3D('',#2716,#2717,#2718);
#2716 = CARTESIAN_POINT('',(3.798593335219,0.117506489189,
    -8.463918637317E-03));
#2717 = DIRECTION('',(-0.701100088056,0.707121500815,9.185776838442E-02)
  );
#2718 = DIRECTION('',(0.701022012134,0.707091821279,-9.267844832652E-02)
  );
#2719 = PCURVE('',#2471,#2720);
#2720 = DEFINITIONAL_REPRESENTATION('',(#2721),#2724);
#2721 = B_SPLINE_CURVE_WITH_KNOTS('',1,(#2722,#2723),.UNSPECIFIED.,.F.,
  .F.,(2,2),(1.438210866437,1.80954625737),.PIECEWISE_BEZIER_KNOTS.);
#2722 = CARTESIAN_POINT('',(0.,0.182753579347));
#2723 = CARTESIAN_POINT('',(0.368126862253,-3.788636071533E-15));
#2724 = ( GEOMETRIC_REPRESENTATION_CONTEXT(2) 
PARAMETRIC_REPRESENTATION_CONTEXT() REPRESENTATION_CONTEXT('2D SPACE',''
  ) );
#2725 = PCURVE('',#2669,#2726);
#2726 = DEFINITIONAL_REPRESENTATION('',(#2727),#2753);
#2727 = B_SPLINE_CURVE_WITH_KNOTS('',3,(#2728,#2729,#2730,#2731,#2732,
    #2733,#2734,#2735,#2736,#2737,#2738,#2739,#2740,#2741,#2742,#2743,
    #2744,#2745,#2746,#2747,#2748,#2749,#2750,#2751,#2752),
  .UNSPECIFIED.,.F.,.F.,(4,1,1,1,1,1,1,1,1,1,1,1,1,1,1,1,1,1,1,1,1,1,4),
  (1.438210866437,1.455089747843,1.471968629249,1.488847510655,
    1.505726392061,1.522605273468,1.539484154874,1.55636303628,
    1.573241917686,1.590120799092,1.606999680498,1.623878561904,
    1.64075744331,1.657636324716,1.674515206122,1.691394087528,
    1.708272968934,1.72515185034,1.742030731746,1.758909613152,
    1.775788494558,1.792667375964,1.80954625737),.QUASI_UNIFORM_KNOTS.);
#2728 = CARTESIAN_POINT('',(0.130827396074,5.775357934721E-02));
#2729 = CARTESIAN_POINT('',(0.130922318414,5.498890669846E-02));
#2730 = CARTESIAN_POINT('',(0.131100501566,4.945340045887E-02));
#2731 = CARTESIAN_POINT('',(0.131332497594,4.113398163666E-02));
#2732 = CARTESIAN_POINT('',(0.131528918263,3.280072231098E-02));
#2733 = CARTESIAN_POINT('',(0.131689475838,2.445595685561E-02));
#2734 = CARTESIAN_POINT('',(0.131813888804,1.610202906513E-02));
#2735 = CARTESIAN_POINT('',(0.131901882972,7.741293065864E-03));
#2736 = CARTESIAN_POINT('',(0.131953191569,-6.238876350756E-04));
#2737 = CARTESIAN_POINT('',(0.131967555611,-8.991140614006E-03));
#2738 = CARTESIAN_POINT('',(0.131944724202,-1.735808513753E-02));
#2739 = CARTESIAN_POINT('',(0.131884454871,-2.572233274363E-02));
#2740 = CARTESIAN_POINT('',(0.131786513898,-3.408148784226E-02));
#2741 = CARTESIAN_POINT('',(0.131650676653,-4.24331483235E-02));
#2742 = CARTESIAN_POINT('',(0.131476727942,-5.077490617659E-02));
#2743 = CARTESIAN_POINT('',(0.131264462351,-5.910434811925E-02));
#2744 = CARTESIAN_POINT('',(0.131013684603,-6.74190562373E-02));
#2745 = CARTESIAN_POINT('',(0.130724209918,-7.571660863521E-02));
#2746 = CARTESIAN_POINT('',(0.130395864366,-8.399458009662E-02));
#2747 = CARTESIAN_POINT('',(0.130028485268,-9.225054275786E-02));
#2748 = CARTESIAN_POINT('',(0.129621921447,-0.100482066784));
#2749 = CARTESIAN_POINT('',(0.129176034046,-0.108686721088));
#2750 = CARTESIAN_POINT('',(0.128690695253,-0.116862073941));
#2751 = CARTESIAN_POINT('',(0.128340761645,-0.122291154002));
#2752 = CARTESIAN_POINT('',(0.128159182029,-0.125));
#2753 = ( GEOMETRIC_REPRESENTATION_CONTEXT(2) 
PARAMETRIC_REPRESENTATION_CONTEXT() REPRESENTATION_CONTEXT('2D SPACE',''
  ) );
#2754 = ORIENTED_EDGE('',*,*,#2755,.T.);
#2755 = EDGE_CURVE('',#2711,#2756,#2758,.T.);
#2756 = VERTEX_POINT('',#2757);
#2757 = CARTESIAN_POINT('',(3.620065789474,1.174230417617E-31,
    0.466501532562));
#2758 = SURFACE_CURVE('',#2759,(#2764,#2771),.PCURVE_S1.);
#2759 = CIRCLE('',#2760,0.5);
#2760 = AXIS2_PLACEMENT_3D('',#2761,#2762,#2763);
#2761 = CARTESIAN_POINT('',(3.8,1.232595164408E-31,0.));
#2762 = DIRECTION('',(0.,1.,0.));
#2763 = DIRECTION('',(0.,0.,-1.));
#2764 = PCURVE('',#2471,#2765);
#2765 = DEFINITIONAL_REPRESENTATION('',(#2766),#2770);
#2766 = LINE('',#2767,#2768);
#2767 = CARTESIAN_POINT('',(5.551115123126E-17,0.));
#2768 = VECTOR('',#2769,1.);
#2769 = DIRECTION('',(1.,0.));
#2770 = ( GEOMETRIC_REPRESENTATION_CONTEXT(2) 
PARAMETRIC_REPRESENTATION_CONTEXT() REPRESENTATION_CONTEXT('2D SPACE',''
  ) );
#2771 = PCURVE('',#1084,#2772);
#2772 = DEFINITIONAL_REPRESENTATION('',(#2773),#2781);
#2773 = ( BOUNDED_CURVE() B_SPLINE_CURVE(2,(#2774,#2775,#2776,#2777,
#2778,#2779,#2780),.UNSPECIFIED.,.T.,.F.) B_SPLINE_CURVE_WITH_KNOTS((1,2
    ,2,2,2,1),(-2.094395102393,0.,2.094395102393,4.188790204786,
6.28318530718,8.377580409573),.UNSPECIFIED.) CURVE() 
GEOMETRIC_REPRESENTATION_ITEM() RATIONAL_B_SPLINE_CURVE((1.,0.5,1.,0.5,
1.,0.5,1.)) REPRESENTATION_ITEM('') );
#2774 = CARTESIAN_POINT('',(0.5,1.975));
#2775 = CARTESIAN_POINT('',(0.5,1.108974596216));
#2776 = CARTESIAN_POINT('',(-0.25,1.541987298108));
#2777 = CARTESIAN_POINT('',(-1.,1.975));
#2778 = CARTESIAN_POINT('',(-0.25,2.408012701892));
#2779 = CARTESIAN_POINT('',(0.5,2.841025403784));
#2780 = CARTESIAN_POINT('',(0.5,1.975));
#2781 = ( GEOMETRIC_REPRESENTATION_CONTEXT(2) 
PARAMETRIC_REPRESENTATION_CONTEXT() REPRESENTATION_CONTEXT('2D SPACE',''
  ) );
#2782 = ORIENTED_EDGE('',*,*,#2783,.T.);
#2783 = EDGE_CURVE('',#2756,#2431,#2784,.T.);
#2784 = SURFACE_CURVE('',#2785,(#2790,#2796),.PCURVE_S1.);
#2785 = ELLIPSE('',#2786,0.701047243282,0.491424857262);
#2786 = AXIS2_PLACEMENT_3D('',#2787,#2788,#2789);
#2787 = CARTESIAN_POINT('',(3.798593335221,0.117506489189,
    8.463918631004E-03));
#2788 = DIRECTION('',(-0.701100088056,0.707121500815,-9.185776838584E-02
    ));
#2789 = DIRECTION('',(0.701022012134,0.707091821279,9.267844832528E-02)
  );
#2790 = PCURVE('',#2471,#2791);
#2791 = DEFINITIONAL_REPRESENTATION('',(#2792),#2795);
#2792 = B_SPLINE_CURVE_WITH_KNOTS('',1,(#2793,#2794),.UNSPECIFIED.,.F.,
  .F.,(2,2),(4.473639049809,4.84497444074),.PIECEWISE_BEZIER_KNOTS.);
#2793 = CARTESIAN_POINT('',(2.773465791337,-4.329869796038E-15));
#2794 = CARTESIAN_POINT('',(3.14159265359,0.182753579347));
#2795 = ( GEOMETRIC_REPRESENTATION_CONTEXT(2) 
PARAMETRIC_REPRESENTATION_CONTEXT() REPRESENTATION_CONTEXT('2D SPACE',''
  ) );
#2796 = PCURVE('',#2446,#2797);
#2797 = DEFINITIONAL_REPRESENTATION('',(#2798),#2824);
#2798 = B_SPLINE_CURVE_WITH_KNOTS('',3,(#2799,#2800,#2801,#2802,#2803,
    #2804,#2805,#2806,#2807,#2808,#2809,#2810,#2811,#2812,#2813,#2814,
    #2815,#2816,#2817,#2818,#2819,#2820,#2821,#2822,#2823),
  .UNSPECIFIED.,.F.,.F.,(4,1,1,1,1,1,1,1,1,1,1,1,1,1,1,1,1,1,1,1,1,1,4),
  (4.473639049809,4.490517931215,4.507396812621,4.524275694027,
    4.541154575433,4.558033456839,4.574912338245,4.591791219651,
    4.608670101056,4.625548982462,4.642427863868,4.659306745274,
    4.67618562668,4.693064508086,4.709943389492,4.726822270898,
    4.743701152304,4.76058003371,4.777458915116,4.794337796522,
    4.811216677928,4.828095559334,4.84497444074),.QUASI_UNIFORM_KNOTS.);
#2799 = CARTESIAN_POINT('',(6.15502612515,-0.125));
#2800 = CARTESIAN_POINT('',(6.154844545535,-0.122291154002));
#2801 = CARTESIAN_POINT('',(6.154494611927,-0.116862073941));
#2802 = CARTESIAN_POINT('',(6.154009273133,-0.108686721088));
#2803 = CARTESIAN_POINT('',(6.153563385732,-0.100482066784));
#2804 = CARTESIAN_POINT('',(6.153156821912,-9.225054275786E-02));
#2805 = CARTESIAN_POINT('',(6.152789442814,-8.399458009662E-02));
#2806 = CARTESIAN_POINT('',(6.152461097262,-7.571660863521E-02));
#2807 = CARTESIAN_POINT('',(6.152171622577,-6.74190562373E-02));
#2808 = CARTESIAN_POINT('',(6.151920844829,-5.910434811925E-02));
#2809 = CARTESIAN_POINT('',(6.151708579238,-5.07749061766E-02));
#2810 = CARTESIAN_POINT('',(6.151534630527,-4.24331483235E-02));
#2811 = CARTESIAN_POINT('',(6.151398793282,-3.408148784226E-02));
#2812 = CARTESIAN_POINT('',(6.151300852309,-2.572233274363E-02));
#2813 = CARTESIAN_POINT('',(6.151240582978,-1.735808513753E-02));
#2814 = CARTESIAN_POINT('',(6.151217751569,-8.99114061401E-03));
#2815 = CARTESIAN_POINT('',(6.15123211561,-6.238876350796E-04));
#2816 = CARTESIAN_POINT('',(6.151283424208,7.74129306586E-03));
#2817 = CARTESIAN_POINT('',(6.151371418376,1.610202906512E-02));
#2818 = CARTESIAN_POINT('',(6.151495831342,2.445595685561E-02));
#2819 = CARTESIAN_POINT('',(6.151656388916,3.280072231098E-02));
#2820 = CARTESIAN_POINT('',(6.151852809585,4.113398163666E-02));
#2821 = CARTESIAN_POINT('',(6.152084805614,4.945340045886E-02));
#2822 = CARTESIAN_POINT('',(6.152262988765,5.498890669846E-02));
#2823 = CARTESIAN_POINT('',(6.152357911106,5.775357934721E-02));
#2824 = ( GEOMETRIC_REPRESENTATION_CONTEXT(2) 
PARAMETRIC_REPRESENTATION_CONTEXT() REPRESENTATION_CONTEXT('2D SPACE',''
  ) );
#2825 = ORIENTED_EDGE('',*,*,#2457,.T.);
#2826 = ORIENTED_EDGE('',*,*,#2827,.T.);
#2827 = EDGE_CURVE('',#2375,#2601,#2828,.T.);
#2828 = SURFACE_CURVE('',#2829,(#2834,#2841),.PCURVE_S1.);
#2829 = CIRCLE('',#2830,0.5);
#2830 = AXIS2_PLACEMENT_3D('',#2831,#2832,#2833);
#2831 = CARTESIAN_POINT('',(3.8,1.4,0.));
#2832 = DIRECTION('',(0.,-1.,0.));
#2833 = DIRECTION('',(0.,0.,-1.));
#2834 = PCURVE('',#2471,#2835);
#2835 = DEFINITIONAL_REPRESENTATION('',(#2836),#2840);
#2836 = LINE('',#2837,#2838);
#2837 = CARTESIAN_POINT('',(6.28318530718,1.4));
#2838 = VECTOR('',#2839,1.);
#2839 = DIRECTION('',(-1.,0.));
#2840 = ( GEOMETRIC_REPRESENTATION_CONTEXT(2) 
PARAMETRIC_REPRESENTATION_CONTEXT() REPRESENTATION_CONTEXT('2D SPACE',''
  ) );
#2841 = PCURVE('',#1759,#2842);
#2842 = DEFINITIONAL_REPRESENTATION('',(#2843),#2851);
#2843 = ( BOUNDED_CURVE() B_SPLINE_CURVE(2,(#2844,#2845,#2846,#2847,
#2848,#2849,#2850),.UNSPECIFIED.,.T.,.F.) B_SPLINE_CURVE_WITH_KNOTS((1,2
    ,2,2,2,1),(-2.094395102393,0.,2.094395102393,4.188790204786,
6.28318530718,8.377580409573),.UNSPECIFIED.) CURVE() 
GEOMETRIC_REPRESENTATION_ITEM() RATIONAL_B_SPLINE_CURVE((1.,0.5,1.,0.5,
1.,0.5,1.)) REPRESENTATION_ITEM('') );
#2844 = CARTESIAN_POINT('',(-0.5,0.3));
#2845 = CARTESIAN_POINT('',(-0.5,1.166025403784));
#2846 = CARTESIAN_POINT('',(0.25,0.733012701892));
#2847 = CARTESIAN_POINT('',(1.,0.3));
#2848 = CARTESIAN_POINT('',(0.25,-0.133012701892));
#2849 = CARTESIAN_POINT('',(-0.5,-0.566025403784));
#2850 = CARTESIAN_POINT('',(-0.5,0.3));
#2851 = ( GEOMETRIC_REPRESENTATION_CONTEXT(2) 
PARAMETRIC_REPRESENTATION_CONTEXT() REPRESENTATION_CONTEXT('2D SPACE',''
  ) );
#2852 = ADVANCED_FACE('',(#2853),#2532,.F.);
#2853 = FACE_BOUND('',#2854,.F.);
#2854 = EDGE_LOOP('',(#2855,#2856,#2901,#2929,#2979,#3007));
#2855 = ORIENTED_EDGE('',*,*,#2516,.T.);
#2856 = ORIENTED_EDGE('',*,*,#2857,.T.);
#2857 = EDGE_CURVE('',#2517,#2858,#2860,.T.);
#2858 = VERTEX_POINT('',#2859);
#2859 = CARTESIAN_POINT('',(3.620065789474,4.9,0.466501532562));
#2860 = SURFACE_CURVE('',#2861,(#2866,#2872),.PCURVE_S1.);
#2861 = ELLIPSE('',#2862,0.701047243306,0.491424857297);
#2862 = AXIS2_PLACEMENT_3D('',#2863,#2864,#2865);
#2863 = CARTESIAN_POINT('',(3.798593335228,4.782493510809,
    8.463918597248E-03));
#2864 = DIRECTION('',(-0.701100088056,-0.707121500815,
    -9.185776838724E-02));
#2865 = DIRECTION('',(0.701022012135,-0.707091821279,9.267844831956E-02)
  );
#2866 = PCURVE('',#2532,#2867);
#2867 = DEFINITIONAL_REPRESENTATION('',(#2868),#2871);
#2868 = B_SPLINE_CURVE_WITH_KNOTS('',1,(#2869,#2870),.UNSPECIFIED.,.F.,
  .F.,(2,2),(1.438210866453,1.80954625737),.PIECEWISE_BEZIER_KNOTS.);
#2869 = CARTESIAN_POINT('',(3.14159265359,4.717246420653));
#2870 = CARTESIAN_POINT('',(2.773465791337,4.9));
#2871 = ( GEOMETRIC_REPRESENTATION_CONTEXT(2) 
PARAMETRIC_REPRESENTATION_CONTEXT() REPRESENTATION_CONTEXT('2D SPACE',''
  ) );
#2872 = PCURVE('',#2560,#2873);
#2873 = DEFINITIONAL_REPRESENTATION('',(#2874),#2900);
#2874 = B_SPLINE_CURVE_WITH_KNOTS('',3,(#2875,#2876,#2877,#2878,#2879,
    #2880,#2881,#2882,#2883,#2884,#2885,#2886,#2887,#2888,#2889,#2890,
    #2891,#2892,#2893,#2894,#2895,#2896,#2897,#2898,#2899),
  .UNSPECIFIED.,.F.,.F.,(4,1,1,1,1,1,1,1,1,1,1,1,1,1,1,1,1,1,1,1,1,1,4),
  (1.438210866453,1.455089747858,1.471968629263,1.488847510669,
    1.505726392074,1.52260527348,1.539484154885,1.55636303629,
    1.573241917696,1.590120799101,1.606999680506,1.623878561912,
    1.640757443317,1.657636324722,1.674515206128,1.691394087533,
    1.708272968938,1.725151850344,1.742030731749,1.758909613154,
    1.77578849456,1.792667375965,1.80954625737),.QUASI_UNIFORM_KNOTS.);
#2875 = CARTESIAN_POINT('',(0.130827396074,5.775357934721E-02));
#2876 = CARTESIAN_POINT('',(0.130922318414,5.498890669846E-02));
#2877 = CARTESIAN_POINT('',(0.131100501566,4.945340045886E-02));
#2878 = CARTESIAN_POINT('',(0.131332497594,4.113398163665E-02));
#2879 = CARTESIAN_POINT('',(0.131528918263,3.280072231096E-02));
#2880 = CARTESIAN_POINT('',(0.131689475838,2.445595685559E-02));
#2881 = CARTESIAN_POINT('',(0.131813888804,1.610202906511E-02));
#2882 = CARTESIAN_POINT('',(0.131901882972,7.741293065843E-03));
#2883 = CARTESIAN_POINT('',(0.131953191569,-6.23887635095E-04));
#2884 = CARTESIAN_POINT('',(0.131967555611,-8.991140614022E-03));
#2885 = CARTESIAN_POINT('',(0.131944724202,-1.735808513754E-02));
#2886 = CARTESIAN_POINT('',(0.131884454871,-2.572233274364E-02));
#2887 = CARTESIAN_POINT('',(0.131786513898,-3.408148784227E-02));
#2888 = CARTESIAN_POINT('',(0.131650676653,-4.24331483235E-02));
#2889 = CARTESIAN_POINT('',(0.131476727942,-5.077490617659E-02));
#2890 = CARTESIAN_POINT('',(0.131264462351,-5.910434811924E-02));
#2891 = CARTESIAN_POINT('',(0.131013684603,-6.741905623729E-02));
#2892 = CARTESIAN_POINT('',(0.130724209918,-7.57166086352E-02));
#2893 = CARTESIAN_POINT('',(0.130395864366,-8.39945800966E-02));
#2894 = CARTESIAN_POINT('',(0.130028485268,-9.225054275785E-02));
#2895 = CARTESIAN_POINT('',(0.129621921447,-0.100482066784));
#2896 = CARTESIAN_POINT('',(0.129176034046,-0.108686721088));
#2897 = CARTESIAN_POINT('',(0.128690695253,-0.116862073941));
#2898 = CARTESIAN_POINT('',(0.128340761645,-0.122291154002));
#2899 = CARTESIAN_POINT('',(0.128159182029,-0.125));
#2900 = ( GEOMETRIC_REPRESENTATION_CONTEXT(2) 
PARAMETRIC_REPRESENTATION_CONTEXT() REPRESENTATION_CONTEXT('2D SPACE',''
  ) );
#2901 = ORIENTED_EDGE('',*,*,#2902,.T.);
#2902 = EDGE_CURVE('',#2858,#2903,#2905,.T.);
#2903 = VERTEX_POINT('',#2904);
#2904 = CARTESIAN_POINT('',(3.620065789474,4.9,-0.466501532562));
#2905 = SURFACE_CURVE('',#2906,(#2911,#2918),.PCURVE_S1.);
#2906 = CIRCLE('',#2907,0.5);
#2907 = AXIS2_PLACEMENT_3D('',#2908,#2909,#2910);
#2908 = CARTESIAN_POINT('',(3.8,4.9,0.));
#2909 = DIRECTION('',(0.,-1.,0.));
#2910 = DIRECTION('',(0.,0.,-1.));
#2911 = PCURVE('',#2532,#2912);
#2912 = DEFINITIONAL_REPRESENTATION('',(#2913),#2917);
#2913 = LINE('',#2914,#2915);
#2914 = CARTESIAN_POINT('',(6.28318530718,4.9));
#2915 = VECTOR('',#2916,1.);
#2916 = DIRECTION('',(-1.,0.));
#2917 = ( GEOMETRIC_REPRESENTATION_CONTEXT(2) 
PARAMETRIC_REPRESENTATION_CONTEXT() REPRESENTATION_CONTEXT('2D SPACE',''
  ) );
#2918 = PCURVE('',#2027,#2919);
#2919 = DEFINITIONAL_REPRESENTATION('',(#2920),#2928);
#2920 = ( BOUNDED_CURVE() B_SPLINE_CURVE(2,(#2921,#2922,#2923,#2924,
#2925,#2926,#2927),.UNSPECIFIED.,.T.,.F.) B_SPLINE_CURVE_WITH_KNOTS((1,2
    ,2,2,2,1),(-2.094395102393,0.,2.094395102393,4.188790204786,
6.28318530718,8.377580409573),.UNSPECIFIED.) CURVE() 
GEOMETRIC_REPRESENTATION_ITEM() RATIONAL_B_SPLINE_CURVE((1.,0.5,1.,0.5,
1.,0.5,1.)) REPRESENTATION_ITEM('') );
#2921 = CARTESIAN_POINT('',(-0.5,1.975));
#2922 = CARTESIAN_POINT('',(-0.5,2.841025403784));
#2923 = CARTESIAN_POINT('',(0.25,2.408012701892));
#2924 = CARTESIAN_POINT('',(1.,1.975));
#2925 = CARTESIAN_POINT('',(0.25,1.541987298108));
#2926 = CARTESIAN_POINT('',(-0.5,1.108974596216));
#2927 = CARTESIAN_POINT('',(-0.5,1.975));
#2928 = ( GEOMETRIC_REPRESENTATION_CONTEXT(2) 
PARAMETRIC_REPRESENTATION_CONTEXT() REPRESENTATION_CONTEXT('2D SPACE',''
  ) );
#2929 = ORIENTED_EDGE('',*,*,#2930,.T.);
#2930 = EDGE_CURVE('',#2903,#2931,#2933,.T.);
#2931 = VERTEX_POINT('',#2932);
#2932 = CARTESIAN_POINT('',(3.8,4.717246420653,-0.5));
#2933 = SURFACE_CURVE('',#2934,(#2939,#2945),.PCURVE_S1.);
#2934 = ELLIPSE('',#2935,0.701047243272,0.491424857248);
#2935 = AXIS2_PLACEMENT_3D('',#2936,#2937,#2938);
#2936 = CARTESIAN_POINT('',(3.798593335217,4.782493510811,
    -8.463918645342E-03));
#2937 = DIRECTION('',(-0.701100088056,-0.707121500815,9.185776838444E-02
    ));
#2938 = DIRECTION('',(0.701022012134,-0.707091821279,-9.267844832734E-02
    ));
#2939 = PCURVE('',#2532,#2940);
#2940 = DEFINITIONAL_REPRESENTATION('',(#2941),#2944);
#2941 = B_SPLINE_CURVE_WITH_KNOTS('',1,(#2942,#2943),.UNSPECIFIED.,.F.,
  .F.,(2,2),(4.473639049808,4.844974440745),.PIECEWISE_BEZIER_KNOTS.);
#2942 = CARTESIAN_POINT('',(0.368126862253,4.9));
#2943 = CARTESIAN_POINT('',(0.,4.717246420653));
#2944 = ( GEOMETRIC_REPRESENTATION_CONTEXT(2) 
PARAMETRIC_REPRESENTATION_CONTEXT() REPRESENTATION_CONTEXT('2D SPACE',''
  ) );
#2945 = PCURVE('',#2946,#2951);
#2946 = CONICAL_SURFACE('',#2947,3.775,0.7853981634);
#2947 = AXIS2_PLACEMENT_3D('',#2948,#2949,#2950);
#2948 = CARTESIAN_POINT('',(0.,4.775,0.));
#2949 = DIRECTION('',(0.,-1.,0.));
#2950 = DIRECTION('',(1.,0.,0.));
#2951 = DEFINITIONAL_REPRESENTATION('',(#2952),#2978);
#2952 = B_SPLINE_CURVE_WITH_KNOTS('',3,(#2953,#2954,#2955,#2956,#2957,
    #2958,#2959,#2960,#2961,#2962,#2963,#2964,#2965,#2966,#2967,#2968,
    #2969,#2970,#2971,#2972,#2973,#2974,#2975,#2976,#2977),
  .UNSPECIFIED.,.F.,.F.,(4,1,1,1,1,1,1,1,1,1,1,1,1,1,1,1,1,1,1,1,1,1,4),
  (4.473639049808,4.490517931215,4.507396812621,4.524275694027,
    4.541154575433,4.558033456839,4.574912338246,4.591791219652,
    4.608670101058,4.625548982464,4.64242786387,4.659306745276,
    4.676185626683,4.693064508089,4.709943389495,4.726822270901,
    4.743701152307,4.760580033714,4.77745891512,4.794337796526,
    4.811216677932,4.828095559338,4.844974440745),
  .QUASI_UNIFORM_KNOTS.);
#2953 = CARTESIAN_POINT('',(6.15502612515,-0.125));
#2954 = CARTESIAN_POINT('',(6.154844545535,-0.122291154002));
#2955 = CARTESIAN_POINT('',(6.154494611927,-0.116862073941));
#2956 = CARTESIAN_POINT('',(6.154009273133,-0.108686721088));
#2957 = CARTESIAN_POINT('',(6.153563385732,-0.100482066784));
#2958 = CARTESIAN_POINT('',(6.153156821912,-9.225054275787E-02));
#2959 = CARTESIAN_POINT('',(6.152789442814,-8.399458009662E-02));
#2960 = CARTESIAN_POINT('',(6.152461097262,-7.571660863522E-02));
#2961 = CARTESIAN_POINT('',(6.152171622577,-6.741905623731E-02));
#2962 = CARTESIAN_POINT('',(6.151920844829,-5.910434811925E-02));
#2963 = CARTESIAN_POINT('',(6.151708579238,-5.07749061766E-02));
#2964 = CARTESIAN_POINT('',(6.151534630527,-4.24331483235E-02));
#2965 = CARTESIAN_POINT('',(6.151398793282,-3.408148784226E-02));
#2966 = CARTESIAN_POINT('',(6.151300852309,-2.572233274363E-02));
#2967 = CARTESIAN_POINT('',(6.151240582978,-1.735808513753E-02));
#2968 = CARTESIAN_POINT('',(6.151217751569,-8.991140614006E-03));
#2969 = CARTESIAN_POINT('',(6.15123211561,-6.238876350754E-04));
#2970 = CARTESIAN_POINT('',(6.151283424208,7.741293065865E-03));
#2971 = CARTESIAN_POINT('',(6.151371418376,1.610202906513E-02));
#2972 = CARTESIAN_POINT('',(6.151495831342,2.445595685561E-02));
#2973 = CARTESIAN_POINT('',(6.151656388916,3.280072231098E-02));
#2974 = CARTESIAN_POINT('',(6.151852809585,4.113398163666E-02));
#2975 = CARTESIAN_POINT('',(6.152084805614,4.945340045887E-02));
#2976 = CARTESIAN_POINT('',(6.152262988765,5.498890669846E-02));
#2977 = CARTESIAN_POINT('',(6.152357911106,5.775357934721E-02));
#2978 = ( GEOMETRIC_REPRESENTATION_CONTEXT(2) 
PARAMETRIC_REPRESENTATION_CONTEXT() REPRESENTATION_CONTEXT('2D SPACE',''
  ) );
#2979 = ORIENTED_EDGE('',*,*,#2980,.F.);
#2980 = EDGE_CURVE('',#2981,#2931,#2983,.T.);
#2981 = VERTEX_POINT('',#2982);
#2982 = CARTESIAN_POINT('',(3.8,3.8,-0.5));
#2983 = SURFACE_CURVE('',#2984,(#2988,#2995),.PCURVE_S1.);
#2984 = LINE('',#2985,#2986);
#2985 = CARTESIAN_POINT('',(3.8,1.232595164408E-31,-0.5));
#2986 = VECTOR('',#2987,1.);
#2987 = DIRECTION('',(0.,1.,0.));
#2988 = PCURVE('',#2532,#2989);
#2989 = DEFINITIONAL_REPRESENTATION('',(#2990),#2994);
#2990 = LINE('',#2991,#2992);
#2991 = CARTESIAN_POINT('',(0.,0.));
#2992 = VECTOR('',#2993,1.);
#2993 = DIRECTION('',(0.,1.));
#2994 = ( GEOMETRIC_REPRESENTATION_CONTEXT(2) 
PARAMETRIC_REPRESENTATION_CONTEXT() REPRESENTATION_CONTEXT('2D SPACE',''
  ) );
#2995 = PCURVE('',#2996,#3001);
#2996 = PLANE('',#2997);
#2997 = AXIS2_PLACEMENT_3D('',#2998,#2999,#3000);
#2998 = CARTESIAN_POINT('',(3.9,1.232595164408E-31,-0.5));
#2999 = DIRECTION('',(0.,0.,-1.));
#3000 = DIRECTION('',(-1.,0.,0.));
#3001 = DEFINITIONAL_REPRESENTATION('',(#3002),#3006);
#3002 = LINE('',#3003,#3004);
#3003 = CARTESIAN_POINT('',(0.1,0.));
#3004 = VECTOR('',#3005,1.);
#3005 = DIRECTION('',(0.,1.));
#3006 = ( GEOMETRIC_REPRESENTATION_CONTEXT(2) 
PARAMETRIC_REPRESENTATION_CONTEXT() REPRESENTATION_CONTEXT('2D SPACE',''
  ) );
#3007 = ORIENTED_EDGE('',*,*,#3008,.T.);
#3008 = EDGE_CURVE('',#2981,#2487,#3009,.T.);
#3009 = SURFACE_CURVE('',#3010,(#3015,#3022),.PCURVE_S1.);
#3010 = CIRCLE('',#3011,0.5);
#3011 = AXIS2_PLACEMENT_3D('',#3012,#3013,#3014);
#3012 = CARTESIAN_POINT('',(3.8,3.8,0.));
#3013 = DIRECTION('',(0.,1.,0.));
#3014 = DIRECTION('',(0.,0.,-1.));
#3015 = PCURVE('',#2532,#3016);
#3016 = DEFINITIONAL_REPRESENTATION('',(#3017),#3021);
#3017 = LINE('',#3018,#3019);
#3018 = CARTESIAN_POINT('',(0.,3.8));
#3019 = VECTOR('',#3020,1.);
#3020 = DIRECTION('',(1.,0.));
#3021 = ( GEOMETRIC_REPRESENTATION_CONTEXT(2) 
PARAMETRIC_REPRESENTATION_CONTEXT() REPRESENTATION_CONTEXT('2D SPACE',''
  ) );
#3022 = PCURVE('',#1640,#3023);
#3023 = DEFINITIONAL_REPRESENTATION('',(#3024),#3032);
#3024 = ( BOUNDED_CURVE() B_SPLINE_CURVE(2,(#3025,#3026,#3027,#3028,
#3029,#3030,#3031),.UNSPECIFIED.,.T.,.F.) B_SPLINE_CURVE_WITH_KNOTS((1,2
    ,2,2,2,1),(-2.094395102393,0.,2.094395102393,4.188790204786,
6.28318530718,8.377580409573),.UNSPECIFIED.) CURVE() 
GEOMETRIC_REPRESENTATION_ITEM() RATIONAL_B_SPLINE_CURVE((1.,0.5,1.,0.5,
1.,0.5,1.)) REPRESENTATION_ITEM('') );
#3025 = CARTESIAN_POINT('',(0.5,0.3));
#3026 = CARTESIAN_POINT('',(0.5,-0.566025403784));
#3027 = CARTESIAN_POINT('',(-0.25,-0.133012701892));
#3028 = CARTESIAN_POINT('',(-1.,0.3));
#3029 = CARTESIAN_POINT('',(-0.25,0.733012701892));
#3030 = CARTESIAN_POINT('',(0.5,1.166025403784));
#3031 = CARTESIAN_POINT('',(0.5,0.3));
#3032 = ( GEOMETRIC_REPRESENTATION_CONTEXT(2) 
PARAMETRIC_REPRESENTATION_CONTEXT() REPRESENTATION_CONTEXT('2D SPACE',''
  ) );
#3033 = ADVANCED_FACE('',(#3034),#2996,.F.);
#3034 = FACE_BOUND('',#3035,.T.);
#3035 = EDGE_LOOP('',(#3036,#3059,#3087,#3107));
#3036 = ORIENTED_EDGE('',*,*,#3037,.F.);
#3037 = EDGE_CURVE('',#3038,#2981,#3040,.T.);
#3038 = VERTEX_POINT('',#3039);
#3039 = CARTESIAN_POINT('',(3.867815921163,3.8,-0.5));
#3040 = SURFACE_CURVE('',#3041,(#3045,#3052),.PCURVE_S1.);
#3041 = LINE('',#3042,#3043);
#3042 = CARTESIAN_POINT('',(3.7,3.8,-0.5));
#3043 = VECTOR('',#3044,1.);
#3044 = DIRECTION('',(-1.,0.,0.));
#3045 = PCURVE('',#2996,#3046);
#3046 = DEFINITIONAL_REPRESENTATION('',(#3047),#3051);
#3047 = LINE('',#3048,#3049);
#3048 = CARTESIAN_POINT('',(0.2,3.8));
#3049 = VECTOR('',#3050,1.);
#3050 = DIRECTION('',(1.,0.));
#3051 = ( GEOMETRIC_REPRESENTATION_CONTEXT(2) 
PARAMETRIC_REPRESENTATION_CONTEXT() REPRESENTATION_CONTEXT('2D SPACE',''
  ) );
#3052 = PCURVE('',#1640,#3053);
#3053 = DEFINITIONAL_REPRESENTATION('',(#3054),#3058);
#3054 = LINE('',#3055,#3056);
#3055 = CARTESIAN_POINT('',(0.5,0.2));
#3056 = VECTOR('',#3057,1.);
#3057 = DIRECTION('',(0.,-1.));
#3058 = ( GEOMETRIC_REPRESENTATION_CONTEXT(2) 
PARAMETRIC_REPRESENTATION_CONTEXT() REPRESENTATION_CONTEXT('2D SPACE',''
  ) );
#3059 = ORIENTED_EDGE('',*,*,#3060,.F.);
#3060 = EDGE_CURVE('',#3061,#3038,#3063,.T.);
#3061 = VERTEX_POINT('',#3062);
#3062 = CARTESIAN_POINT('',(3.867815921163,4.65,-0.5));
#3063 = SURFACE_CURVE('',#3064,(#3068,#3075),.PCURVE_S1.);
#3064 = LINE('',#3065,#3066);
#3065 = CARTESIAN_POINT('',(3.867815921163,4.225,-0.5));
#3066 = VECTOR('',#3067,1.);
#3067 = DIRECTION('',(0.,-1.,0.));
#3068 = PCURVE('',#2996,#3069);
#3069 = DEFINITIONAL_REPRESENTATION('',(#3070),#3074);
#3070 = LINE('',#3071,#3072);
#3071 = CARTESIAN_POINT('',(3.218407883726E-02,4.225));
#3072 = VECTOR('',#3073,1.);
#3073 = DIRECTION('',(0.,-1.));
#3074 = ( GEOMETRIC_REPRESENTATION_CONTEXT(2) 
PARAMETRIC_REPRESENTATION_CONTEXT() REPRESENTATION_CONTEXT('2D SPACE',''
  ) );
#3075 = PCURVE('',#3076,#3081);
#3076 = CYLINDRICAL_SURFACE('',#3077,3.9);
#3077 = AXIS2_PLACEMENT_3D('',#3078,#3079,#3080);
#3078 = CARTESIAN_POINT('',(0.,4.225,0.));
#3079 = DIRECTION('',(0.,-1.,0.));
#3080 = DIRECTION('',(1.,0.,0.));
#3081 = DEFINITIONAL_REPRESENTATION('',(#3082),#3086);
#3082 = LINE('',#3083,#3084);
#3083 = CARTESIAN_POINT('',(6.154626347138,0.));
#3084 = VECTOR('',#3085,1.);
#3085 = DIRECTION('',(0.,1.));
#3086 = ( GEOMETRIC_REPRESENTATION_CONTEXT(2) 
PARAMETRIC_REPRESENTATION_CONTEXT() REPRESENTATION_CONTEXT('2D SPACE',''
  ) );
#3087 = ORIENTED_EDGE('',*,*,#3088,.F.);
#3088 = EDGE_CURVE('',#2931,#3061,#3089,.T.);
#3089 = SURFACE_CURVE('',#3090,(#3094,#3101),.PCURVE_S1.);
#3090 = LINE('',#3091,#3092);
#3091 = CARTESIAN_POINT('',(3.8,4.717246420653,-0.5));
#3092 = VECTOR('',#3093,1.);
#3093 = DIRECTION('',(0.710082037621,-0.70411895291,-7.265526793185E-16)
  );
#3094 = PCURVE('',#2996,#3095);
#3095 = DEFINITIONAL_REPRESENTATION('',(#3096),#3100);
#3096 = LINE('',#3097,#3098);
#3097 = CARTESIAN_POINT('',(0.1,4.717246420653));
#3098 = VECTOR('',#3099,1.);
#3099 = DIRECTION('',(-0.710082037621,-0.70411895291));
#3100 = ( GEOMETRIC_REPRESENTATION_CONTEXT(2) 
PARAMETRIC_REPRESENTATION_CONTEXT() REPRESENTATION_CONTEXT('2D SPACE',''
  ) );
#3101 = PCURVE('',#2946,#3102);
#3102 = DEFINITIONAL_REPRESENTATION('',(#3103),#3106);
#3103 = B_SPLINE_CURVE_WITH_KNOTS('',1,(#3104,#3105),.UNSPECIFIED.,.F.,
  .F.,(2,2),(0.,9.550434677931E-02),.PIECEWISE_BEZIER_KNOTS.);
#3104 = CARTESIAN_POINT('',(6.152357911106,5.775357934721E-02));
#3105 = CARTESIAN_POINT('',(6.154626347138,0.125));
#3106 = ( GEOMETRIC_REPRESENTATION_CONTEXT(2) 
PARAMETRIC_REPRESENTATION_CONTEXT() REPRESENTATION_CONTEXT('2D SPACE',''
  ) );
#3107 = ORIENTED_EDGE('',*,*,#2980,.F.);
#3108 = ADVANCED_FACE('',(#3109),#1815,.T.);
#3109 = FACE_BOUND('',#3110,.T.);
#3110 = EDGE_LOOP('',(#3111,#3112,#3113,#3137,#3187));
#3111 = ORIENTED_EDGE('',*,*,#1799,.T.);
#3112 = ORIENTED_EDGE('',*,*,#2117,.T.);
#3113 = ORIENTED_EDGE('',*,*,#3114,.F.);
#3114 = EDGE_CURVE('',#3115,#2118,#3117,.T.);
#3115 = VERTEX_POINT('',#3116);
#3116 = CARTESIAN_POINT('',(-1.03561575886,-2.775557561563E-16,3.5));
#3117 = SURFACE_CURVE('',#3118,(#3123,#3130),.PCURVE_S1.);
#3118 = CIRCLE('',#3119,3.65);
#3119 = AXIS2_PLACEMENT_3D('',#3120,#3121,#3122);
#3120 = CARTESIAN_POINT('',(0.,2.465190328816E-31,0.));
#3121 = DIRECTION('',(0.,-1.,0.));
#3122 = DIRECTION('',(1.,0.,0.));
#3123 = PCURVE('',#1815,#3124);
#3124 = DEFINITIONAL_REPRESENTATION('',(#3125),#3129);
#3125 = LINE('',#3126,#3127);
#3126 = CARTESIAN_POINT('',(6.28318530718,-0.125));
#3127 = VECTOR('',#3128,1.);
#3128 = DIRECTION('',(-1.,0.));
#3129 = ( GEOMETRIC_REPRESENTATION_CONTEXT(2) 
PARAMETRIC_REPRESENTATION_CONTEXT() REPRESENTATION_CONTEXT('2D SPACE',''
  ) );
#3130 = PCURVE('',#1084,#3131);
#3131 = DEFINITIONAL_REPRESENTATION('',(#3132),#3136);
#3132 = CIRCLE('',#3133,3.65);
#3133 = AXIS2_PLACEMENT_2D('',#3134,#3135);
#3134 = CARTESIAN_POINT('',(0.,-1.825));
#3135 = DIRECTION('',(0.,1.));
#3136 = ( GEOMETRIC_REPRESENTATION_CONTEXT(2) 
PARAMETRIC_REPRESENTATION_CONTEXT() REPRESENTATION_CONTEXT('2D SPACE',''
  ) );
#3137 = ORIENTED_EDGE('',*,*,#3138,.T.);
#3138 = EDGE_CURVE('',#3115,#3139,#3141,.T.);
#3139 = VERTEX_POINT('',#3140);
#3140 = CARTESIAN_POINT('',(-1.720465053409,0.25,3.5));
#3141 = SURFACE_CURVE('',#3142,(#3146,#3175),.PCURVE_S1.);
#3142 = ( BOUNDED_CURVE() B_SPLINE_CURVE(2,(#3143,#3144,#3145),
.UNSPECIFIED.,.F.,.F.) B_SPLINE_CURVE_WITH_KNOTS((3,3),(0.,
7.294938705409E-02),.PIECEWISE_BEZIER_KNOTS.) CURVE() 
GEOMETRIC_REPRESENTATION_ITEM() RATIONAL_B_SPLINE_CURVE((1.,
1.00413958047,1.)) REPRESENTATION_ITEM('') );
#3143 = CARTESIAN_POINT('',(-1.03561575886,-2.775557561563E-16,3.5));
#3144 = CARTESIAN_POINT('',(-1.366701841655,9.393916846072E-02,3.5));
#3145 = CARTESIAN_POINT('',(-1.720465053409,0.25,3.5));
#3146 = PCURVE('',#1815,#3147);
#3147 = DEFINITIONAL_REPRESENTATION('',(#3148),#3174);
#3148 = B_SPLINE_CURVE_WITH_KNOTS('',3,(#3149,#3150,#3151,#3152,#3153,
    #3154,#3155,#3156,#3157,#3158,#3159,#3160,#3161,#3162,#3163,#3164,
    #3165,#3166,#3167,#3168,#3169,#3170,#3171,#3172,#3173),
  .UNSPECIFIED.,.F.,.F.,(4,1,1,1,1,1,1,1,1,1,1,1,1,1,1,1,1,1,1,1,1,1,4),
  (0.,3.315881229731E-03,6.631762459463E-03,9.947643689194E-03,
    1.326352491893E-02,1.657940614866E-02,1.989528737839E-02,
    2.321116860812E-02,2.652704983785E-02,2.984293106758E-02,
    3.315881229731E-02,3.647469352704E-02,3.979057475678E-02,
    4.310645598651E-02,4.642233721624E-02,4.973821844597E-02,
    5.30540996757E-02,5.636998090543E-02,5.968586213516E-02,
    6.30017433649E-02,6.631762459463E-02,6.963350582436E-02,
    7.294938705409E-02),.QUASI_UNIFORM_KNOTS.);
#3149 = CARTESIAN_POINT('',(4.424706880968,-0.125));
#3150 = CARTESIAN_POINT('',(4.422060188774,-0.122141570467));
#3151 = CARTESIAN_POINT('',(4.416774019657,-0.116342382838));
#3152 = CARTESIAN_POINT('',(4.408866567838,-0.107395934712));
#3153 = CARTESIAN_POINT('',(4.40098107533,-9.820115854341E-02));
#3154 = CARTESIAN_POINT('',(4.393117694642,-8.87573242544E-02));
#3155 = CARTESIAN_POINT('',(4.385276575057,-7.906365650883E-02));
#3156 = CARTESIAN_POINT('',(4.377457862179,-6.911932817855E-02));
#3157 = CARTESIAN_POINT('',(4.369661698065,-5.892346181375E-02));
#3158 = CARTESIAN_POINT('',(4.36188822121,-4.847512893636E-02));
#3159 = CARTESIAN_POINT('',(4.354137566561,-3.777334988394E-02));
#3160 = CARTESIAN_POINT('',(4.346409865533,-2.681709347323E-02));
#3161 = CARTESIAN_POINT('',(4.338705246022,-1.560527667882E-02));
#3162 = CARTESIAN_POINT('',(4.33102383242,-4.136764274324E-03));
#3163 = CARTESIAN_POINT('',(4.323365745634,7.589631549923E-03));
#3164 = CARTESIAN_POINT('',(4.3157311031,1.957515159783E-02));
#3165 = CARTESIAN_POINT('',(4.308120018805,3.182109010207E-02));
#3166 = CARTESIAN_POINT('',(4.300532603301,4.432879519903E-02));
#3167 = CARTESIAN_POINT('',(4.292968963734,5.709966938378E-02));
#3168 = CARTESIAN_POINT('',(4.28542920385,7.013517017204E-02));
#3169 = CARTESIAN_POINT('',(4.27791342405,8.343681012383E-02));
#3170 = CARTESIAN_POINT('',(4.270421721301,9.700615938548E-02));
#3171 = CARTESIAN_POINT('',(4.262954189574,0.110844838971));
#3172 = CARTESIAN_POINT('',(4.257992008736,0.120251312154));
#3173 = CARTESIAN_POINT('',(4.255514976852,0.125));
#3174 = ( GEOMETRIC_REPRESENTATION_CONTEXT(2) 
PARAMETRIC_REPRESENTATION_CONTEXT() REPRESENTATION_CONTEXT('2D SPACE',''
  ) );
#3175 = PCURVE('',#3176,#3181);
#3176 = PLANE('',#3177);
#3177 = AXIS2_PLACEMENT_3D('',#3178,#3179,#3180);
#3178 = CARTESIAN_POINT('',(-6.721372502013,4.9,3.5));
#3179 = DIRECTION('',(1.316456427344E-16,0.,-1.));
#3180 = DIRECTION('',(1.,0.,1.316456427344E-16));
#3181 = DEFINITIONAL_REPRESENTATION('',(#3182),#3186);
#3182 = ( BOUNDED_CURVE() B_SPLINE_CURVE(2,(#3183,#3184,#3185),
.UNSPECIFIED.,.F.,.F.) B_SPLINE_CURVE_WITH_KNOTS((3,3),(0.,
7.294938705409E-02),.PIECEWISE_BEZIER_KNOTS.) CURVE() 
GEOMETRIC_REPRESENTATION_ITEM() RATIONAL_B_SPLINE_CURVE((1.,
1.00413958047,1.)) REPRESENTATION_ITEM('') );
#3183 = CARTESIAN_POINT('',(5.685756743153,4.9));
#3184 = CARTESIAN_POINT('',(5.354670660358,4.806060831539));
#3185 = CARTESIAN_POINT('',(5.000907448605,4.65));
#3186 = ( GEOMETRIC_REPRESENTATION_CONTEXT(2) 
PARAMETRIC_REPRESENTATION_CONTEXT() REPRESENTATION_CONTEXT('2D SPACE',''
  ) );
#3187 = ORIENTED_EDGE('',*,*,#3188,.T.);
#3188 = EDGE_CURVE('',#3139,#1800,#3189,.T.);
#3189 = SURFACE_CURVE('',#3190,(#3195,#3202),.PCURVE_S1.);
#3190 = CIRCLE('',#3191,3.9);
#3191 = AXIS2_PLACEMENT_3D('',#3192,#3193,#3194);
#3192 = CARTESIAN_POINT('',(0.,0.25,0.));
#3193 = DIRECTION('',(0.,-1.,0.));
#3194 = DIRECTION('',(1.,0.,0.));
#3195 = PCURVE('',#1815,#3196);
#3196 = DEFINITIONAL_REPRESENTATION('',(#3197),#3201);
#3197 = LINE('',#3198,#3199);
#3198 = CARTESIAN_POINT('',(6.28318530718,0.125));
#3199 = VECTOR('',#3200,1.);
#3200 = DIRECTION('',(-1.,0.));
#3201 = ( GEOMETRIC_REPRESENTATION_CONTEXT(2) 
PARAMETRIC_REPRESENTATION_CONTEXT() REPRESENTATION_CONTEXT('2D SPACE',''
  ) );
#3202 = PCURVE('',#1840,#3203);
#3203 = DEFINITIONAL_REPRESENTATION('',(#3204),#3208);
#3204 = LINE('',#3205,#3206);
#3205 = CARTESIAN_POINT('',(0.,0.575));
#3206 = VECTOR('',#3207,1.);
#3207 = DIRECTION('',(1.,0.));
#3208 = ( GEOMETRIC_REPRESENTATION_CONTEXT(2) 
PARAMETRIC_REPRESENTATION_CONTEXT() REPRESENTATION_CONTEXT('2D SPACE',''
  ) );
#3209 = ADVANCED_FACE('',(#3210),#1924,.T.);
#3210 = FACE_BOUND('',#3211,.T.);
#3211 = EDGE_LOOP('',(#3212,#3213,#3214,#3242,#3292));
#3212 = ORIENTED_EDGE('',*,*,#1908,.T.);
#3213 = ORIENTED_EDGE('',*,*,#1965,.T.);
#3214 = ORIENTED_EDGE('',*,*,#3215,.T.);
#3215 = EDGE_CURVE('',#1966,#3216,#3218,.T.);
#3216 = VERTEX_POINT('',#3217);
#3217 = CARTESIAN_POINT('',(-1.03561575886,4.9,-3.5));
#3218 = SURFACE_CURVE('',#3219,(#3224,#3231),.PCURVE_S1.);
#3219 = CIRCLE('',#3220,3.65);
#3220 = AXIS2_PLACEMENT_3D('',#3221,#3222,#3223);
#3221 = CARTESIAN_POINT('',(0.,4.9,0.));
#3222 = DIRECTION('',(0.,-1.,0.));
#3223 = DIRECTION('',(1.,0.,0.));
#3224 = PCURVE('',#1924,#3225);
#3225 = DEFINITIONAL_REPRESENTATION('',(#3226),#3230);
#3226 = LINE('',#3227,#3228);
#3227 = CARTESIAN_POINT('',(-4.440892098501E-16,-0.125));
#3228 = VECTOR('',#3229,1.);
#3229 = DIRECTION('',(1.,0.));
#3230 = ( GEOMETRIC_REPRESENTATION_CONTEXT(2) 
PARAMETRIC_REPRESENTATION_CONTEXT() REPRESENTATION_CONTEXT('2D SPACE',''
  ) );
#3231 = PCURVE('',#2027,#3232);
#3232 = DEFINITIONAL_REPRESENTATION('',(#3233),#3241);
#3233 = ( BOUNDED_CURVE() B_SPLINE_CURVE(2,(#3234,#3235,#3236,#3237,
#3238,#3239,#3240),.UNSPECIFIED.,.T.,.F.) B_SPLINE_CURVE_WITH_KNOTS((1,2
    ,2,2,2,1),(-2.094395102393,0.,2.094395102393,4.188790204786,
6.28318530718,8.377580409573),.UNSPECIFIED.) CURVE() 
GEOMETRIC_REPRESENTATION_ITEM() RATIONAL_B_SPLINE_CURVE((1.,0.5,1.,0.5,
1.,0.5,1.)) REPRESENTATION_ITEM('') );
#3234 = CARTESIAN_POINT('',(0.,1.825));
#3235 = CARTESIAN_POINT('',(6.321985447626,1.825));
#3236 = CARTESIAN_POINT('',(3.160992723813,-3.65));
#3237 = CARTESIAN_POINT('',(8.939921633776E-16,-9.125));
#3238 = CARTESIAN_POINT('',(-3.160992723813,-3.65));
#3239 = CARTESIAN_POINT('',(-6.321985447626,1.825));
#3240 = CARTESIAN_POINT('',(0.,1.825));
#3241 = ( GEOMETRIC_REPRESENTATION_CONTEXT(2) 
PARAMETRIC_REPRESENTATION_CONTEXT() REPRESENTATION_CONTEXT('2D SPACE',''
  ) );
#3242 = ORIENTED_EDGE('',*,*,#3243,.T.);
#3243 = EDGE_CURVE('',#3216,#3244,#3246,.T.);
#3244 = VERTEX_POINT('',#3245);
#3245 = CARTESIAN_POINT('',(-1.720465053409,4.65,-3.5));
#3246 = SURFACE_CURVE('',#3247,(#3251,#3280),.PCURVE_S1.);
#3247 = ( BOUNDED_CURVE() B_SPLINE_CURVE(2,(#3248,#3249,#3250),
.UNSPECIFIED.,.F.,.F.) B_SPLINE_CURVE_WITH_KNOTS((3,3),(0.,
7.294938705409E-02),.PIECEWISE_BEZIER_KNOTS.) CURVE() 
GEOMETRIC_REPRESENTATION_ITEM() RATIONAL_B_SPLINE_CURVE((1.,
1.00413958047,1.)) REPRESENTATION_ITEM('') );
#3248 = CARTESIAN_POINT('',(-1.03561575886,4.9,-3.5));
#3249 = CARTESIAN_POINT('',(-1.366701841655,4.806060831539,-3.5));
#3250 = CARTESIAN_POINT('',(-1.720465053409,4.65,-3.5));
#3251 = PCURVE('',#1924,#3252);
#3252 = DEFINITIONAL_REPRESENTATION('',(#3253),#3279);
#3253 = B_SPLINE_CURVE_WITH_KNOTS('',3,(#3254,#3255,#3256,#3257,#3258,
    #3259,#3260,#3261,#3262,#3263,#3264,#3265,#3266,#3267,#3268,#3269,
    #3270,#3271,#3272,#3273,#3274,#3275,#3276,#3277,#3278),
  .UNSPECIFIED.,.F.,.F.,(4,1,1,1,1,1,1,1,1,1,1,1,1,1,1,1,1,1,1,1,1,1,4),
  (0.,3.315881229731E-03,6.631762459463E-03,9.947643689194E-03,
    1.326352491893E-02,1.657940614866E-02,1.989528737839E-02,
    2.321116860812E-02,2.652704983785E-02,2.984293106758E-02,
    3.315881229731E-02,3.647469352704E-02,3.979057475678E-02,
    4.310645598651E-02,4.642233721624E-02,4.973821844597E-02,
    5.30540996757E-02,5.636998090543E-02,5.968586213516E-02,
    6.30017433649E-02,6.631762459463E-02,6.963350582436E-02,
    7.294938705409E-02),.QUASI_UNIFORM_KNOTS.);
#3254 = CARTESIAN_POINT('',(4.424706880968,-0.125));
#3255 = CARTESIAN_POINT('',(4.422060188774,-0.122141570467));
#3256 = CARTESIAN_POINT('',(4.416774019657,-0.116342382838));
#3257 = CARTESIAN_POINT('',(4.408866567838,-0.107395934712));
#3258 = CARTESIAN_POINT('',(4.40098107533,-9.820115854341E-02));
#3259 = CARTESIAN_POINT('',(4.393117694642,-8.87573242544E-02));
#3260 = CARTESIAN_POINT('',(4.385276575057,-7.906365650883E-02));
#3261 = CARTESIAN_POINT('',(4.377457862179,-6.911932817855E-02));
#3262 = CARTESIAN_POINT('',(4.369661698065,-5.892346181375E-02));
#3263 = CARTESIAN_POINT('',(4.36188822121,-4.847512893636E-02));
#3264 = CARTESIAN_POINT('',(4.354137566561,-3.777334988394E-02));
#3265 = CARTESIAN_POINT('',(4.346409865533,-2.681709347323E-02));
#3266 = CARTESIAN_POINT('',(4.338705246022,-1.560527667882E-02));
#3267 = CARTESIAN_POINT('',(4.33102383242,-4.136764274324E-03));
#3268 = CARTESIAN_POINT('',(4.323365745634,7.589631549921E-03));
#3269 = CARTESIAN_POINT('',(4.3157311031,1.957515159783E-02));
#3270 = CARTESIAN_POINT('',(4.308120018805,3.182109010207E-02));
#3271 = CARTESIAN_POINT('',(4.300532603301,4.432879519903E-02));
#3272 = CARTESIAN_POINT('',(4.292968963734,5.709966938378E-02));
#3273 = CARTESIAN_POINT('',(4.28542920385,7.013517017203E-02));
#3274 = CARTESIAN_POINT('',(4.27791342405,8.343681012383E-02));
#3275 = CARTESIAN_POINT('',(4.270421721301,9.700615938547E-02));
#3276 = CARTESIAN_POINT('',(4.262954189574,0.110844838971));
#3277 = CARTESIAN_POINT('',(4.257992008736,0.120251312154));
#3278 = CARTESIAN_POINT('',(4.255514976852,0.125));
#3279 = ( GEOMETRIC_REPRESENTATION_CONTEXT(2) 
PARAMETRIC_REPRESENTATION_CONTEXT() REPRESENTATION_CONTEXT('2D SPACE',''
  ) );
#3280 = PCURVE('',#3281,#3286);
#3281 = PLANE('',#3282);
#3282 = AXIS2_PLACEMENT_3D('',#3283,#3284,#3285);
#3283 = CARTESIAN_POINT('',(5.928757820172,4.9,-3.5));
#3284 = DIRECTION('',(1.316456427344E-16,0.,1.));
#3285 = DIRECTION('',(-1.,0.,1.316456427344E-16));
#3286 = DEFINITIONAL_REPRESENTATION('',(#3287),#3291);
#3287 = ( BOUNDED_CURVE() B_SPLINE_CURVE(2,(#3288,#3289,#3290),
.UNSPECIFIED.,.F.,.F.) B_SPLINE_CURVE_WITH_KNOTS((3,3),(0.,
7.294938705409E-02),.PIECEWISE_BEZIER_KNOTS.) CURVE() 
GEOMETRIC_REPRESENTATION_ITEM() RATIONAL_B_SPLINE_CURVE((1.,
1.00413958047,1.)) REPRESENTATION_ITEM('') );
#3288 = CARTESIAN_POINT('',(6.964373579032,0.));
#3289 = CARTESIAN_POINT('',(7.295459661827,9.393916846072E-02));
#3290 = CARTESIAN_POINT('',(7.649222873581,0.25));
#3291 = ( GEOMETRIC_REPRESENTATION_CONTEXT(2) 
PARAMETRIC_REPRESENTATION_CONTEXT() REPRESENTATION_CONTEXT('2D SPACE',''
  ) );
#3292 = ORIENTED_EDGE('',*,*,#3293,.F.);
#3293 = EDGE_CURVE('',#1909,#3244,#3294,.T.);
#3294 = SURFACE_CURVE('',#3295,(#3300,#3307),.PCURVE_S1.);
#3295 = CIRCLE('',#3296,3.9);
#3296 = AXIS2_PLACEMENT_3D('',#3297,#3298,#3299);
#3297 = CARTESIAN_POINT('',(0.,4.65,0.));
#3298 = DIRECTION('',(0.,-1.,0.));
#3299 = DIRECTION('',(1.,0.,0.));
#3300 = PCURVE('',#1924,#3301);
#3301 = DEFINITIONAL_REPRESENTATION('',(#3302),#3306);
#3302 = LINE('',#3303,#3304);
#3303 = CARTESIAN_POINT('',(-4.440892098501E-16,0.125));
#3304 = VECTOR('',#3305,1.);
#3305 = DIRECTION('',(1.,0.));
#3306 = ( GEOMETRIC_REPRESENTATION_CONTEXT(2) 
PARAMETRIC_REPRESENTATION_CONTEXT() REPRESENTATION_CONTEXT('2D SPACE',''
  ) );
#3307 = PCURVE('',#1949,#3308);
#3308 = DEFINITIONAL_REPRESENTATION('',(#3309),#3313);
#3309 = LINE('',#3310,#3311);
#3310 = CARTESIAN_POINT('',(-4.440892098501E-16,-0.425));
#3311 = VECTOR('',#3312,1.);
#3312 = DIRECTION('',(1.,0.));
#3313 = ( GEOMETRIC_REPRESENTATION_CONTEXT(2) 
PARAMETRIC_REPRESENTATION_CONTEXT() REPRESENTATION_CONTEXT('2D SPACE',''
  ) );
#3314 = ADVANCED_FACE('',(#3315),#1949,.T.);
#3315 = FACE_BOUND('',#3316,.T.);
#3316 = EDGE_LOOP('',(#3317,#3318,#3319,#3342));
#3317 = ORIENTED_EDGE('',*,*,#1935,.T.);
#3318 = ORIENTED_EDGE('',*,*,#3293,.T.);
#3319 = ORIENTED_EDGE('',*,*,#3320,.T.);
#3320 = EDGE_CURVE('',#3244,#3321,#3323,.T.);
#3321 = VERTEX_POINT('',#3322);
#3322 = CARTESIAN_POINT('',(-1.720465053409,3.8,-3.5));
#3323 = SURFACE_CURVE('',#3324,(#3328,#3335),.PCURVE_S1.);
#3324 = LINE('',#3325,#3326);
#3325 = CARTESIAN_POINT('',(-1.720465053409,4.225,-3.5));
#3326 = VECTOR('',#3327,1.);
#3327 = DIRECTION('',(0.,-1.,0.));
#3328 = PCURVE('',#1949,#3329);
#3329 = DEFINITIONAL_REPRESENTATION('',(#3330),#3334);
#3330 = LINE('',#3331,#3332);
#3331 = CARTESIAN_POINT('',(4.255514976852,0.));
#3332 = VECTOR('',#3333,1.);
#3333 = DIRECTION('',(0.,1.));
#3334 = ( GEOMETRIC_REPRESENTATION_CONTEXT(2) 
PARAMETRIC_REPRESENTATION_CONTEXT() REPRESENTATION_CONTEXT('2D SPACE',''
  ) );
#3335 = PCURVE('',#3281,#3336);
#3336 = DEFINITIONAL_REPRESENTATION('',(#3337),#3341);
#3337 = LINE('',#3338,#3339);
#3338 = CARTESIAN_POINT('',(7.649222873581,0.675));
#3339 = VECTOR('',#3340,1.);
#3340 = DIRECTION('',(0.,1.));
#3341 = ( GEOMETRIC_REPRESENTATION_CONTEXT(2) 
PARAMETRIC_REPRESENTATION_CONTEXT() REPRESENTATION_CONTEXT('2D SPACE',''
  ) );
#3342 = ORIENTED_EDGE('',*,*,#3343,.F.);
#3343 = EDGE_CURVE('',#1858,#3321,#3344,.T.);
#3344 = SURFACE_CURVE('',#3345,(#3350,#3357),.PCURVE_S1.);
#3345 = CIRCLE('',#3346,3.9);
#3346 = AXIS2_PLACEMENT_3D('',#3347,#3348,#3349);
#3347 = CARTESIAN_POINT('',(0.,3.8,0.));
#3348 = DIRECTION('',(0.,-1.,0.));
#3349 = DIRECTION('',(1.,0.,0.));
#3350 = PCURVE('',#1949,#3351);
#3351 = DEFINITIONAL_REPRESENTATION('',(#3352),#3356);
#3352 = LINE('',#3353,#3354);
#3353 = CARTESIAN_POINT('',(-4.440892098501E-16,0.425));
#3354 = VECTOR('',#3355,1.);
#3355 = DIRECTION('',(1.,0.));
#3356 = ( GEOMETRIC_REPRESENTATION_CONTEXT(2) 
PARAMETRIC_REPRESENTATION_CONTEXT() REPRESENTATION_CONTEXT('2D SPACE',''
  ) );
#3357 = PCURVE('',#1640,#3358);
#3358 = DEFINITIONAL_REPRESENTATION('',(#3359),#3363);
#3359 = CIRCLE('',#3360,3.9);
#3360 = AXIS2_PLACEMENT_2D('',#3361,#3362);
#3361 = CARTESIAN_POINT('',(0.,-3.5));
#3362 = DIRECTION('',(0.,1.));
#3363 = ( GEOMETRIC_REPRESENTATION_CONTEXT(2) 
PARAMETRIC_REPRESENTATION_CONTEXT() REPRESENTATION_CONTEXT('2D SPACE',''
  ) );
#3364 = ADVANCED_FACE('',(#3365),#1840,.T.);
#3365 = FACE_BOUND('',#3366,.T.);
#3366 = EDGE_LOOP('',(#3367,#3368,#3369,#3392));
#3367 = ORIENTED_EDGE('',*,*,#1826,.T.);
#3368 = ORIENTED_EDGE('',*,*,#3188,.F.);
#3369 = ORIENTED_EDGE('',*,*,#3370,.T.);
#3370 = EDGE_CURVE('',#3139,#3371,#3373,.T.);
#3371 = VERTEX_POINT('',#3372);
#3372 = CARTESIAN_POINT('',(-1.720465053409,1.4,3.5));
#3373 = SURFACE_CURVE('',#3374,(#3378,#3385),.PCURVE_S1.);
#3374 = LINE('',#3375,#3376);
#3375 = CARTESIAN_POINT('',(-1.720465053409,0.825,3.5));
#3376 = VECTOR('',#3377,1.);
#3377 = DIRECTION('',(0.,1.,0.));
#3378 = PCURVE('',#1840,#3379);
#3379 = DEFINITIONAL_REPRESENTATION('',(#3380),#3384);
#3380 = LINE('',#3381,#3382);
#3381 = CARTESIAN_POINT('',(2.027670330328,0.));
#3382 = VECTOR('',#3383,1.);
#3383 = DIRECTION('',(0.,-1.));
#3384 = ( GEOMETRIC_REPRESENTATION_CONTEXT(2) 
PARAMETRIC_REPRESENTATION_CONTEXT() REPRESENTATION_CONTEXT('2D SPACE',''
  ) );
#3385 = PCURVE('',#3176,#3386);
#3386 = DEFINITIONAL_REPRESENTATION('',(#3387),#3391);
#3387 = LINE('',#3388,#3389);
#3388 = CARTESIAN_POINT('',(5.000907448605,4.075));
#3389 = VECTOR('',#3390,1.);
#3390 = DIRECTION('',(0.,-1.));
#3391 = ( GEOMETRIC_REPRESENTATION_CONTEXT(2) 
PARAMETRIC_REPRESENTATION_CONTEXT() REPRESENTATION_CONTEXT('2D SPACE',''
  ) );
#3392 = ORIENTED_EDGE('',*,*,#3393,.T.);
#3393 = EDGE_CURVE('',#3371,#1739,#3394,.T.);
#3394 = SURFACE_CURVE('',#3395,(#3400,#3407),.PCURVE_S1.);
#3395 = CIRCLE('',#3396,3.9);
#3396 = AXIS2_PLACEMENT_3D('',#3397,#3398,#3399);
#3397 = CARTESIAN_POINT('',(0.,1.4,0.));
#3398 = DIRECTION('',(0.,-1.,0.));
#3399 = DIRECTION('',(1.,0.,0.));
#3400 = PCURVE('',#1840,#3401);
#3401 = DEFINITIONAL_REPRESENTATION('',(#3402),#3406);
#3402 = LINE('',#3403,#3404);
#3403 = CARTESIAN_POINT('',(0.,-0.575));
#3404 = VECTOR('',#3405,1.);
#3405 = DIRECTION('',(1.,0.));
#3406 = ( GEOMETRIC_REPRESENTATION_CONTEXT(2) 
PARAMETRIC_REPRESENTATION_CONTEXT() REPRESENTATION_CONTEXT('2D SPACE',''
  ) );
#3407 = PCURVE('',#1759,#3408);
#3408 = DEFINITIONAL_REPRESENTATION('',(#3409),#3417);
#3409 = ( BOUNDED_CURVE() B_SPLINE_CURVE(2,(#3410,#3411,#3412,#3413,
#3414,#3415,#3416),.UNSPECIFIED.,.T.,.F.) B_SPLINE_CURVE_WITH_KNOTS((1,2
    ,2,2,2,1),(-2.094395102393,0.,2.094395102393,4.188790204786,
6.28318530718,8.377580409573),.UNSPECIFIED.) CURVE() 
GEOMETRIC_REPRESENTATION_ITEM() RATIONAL_B_SPLINE_CURVE((1.,0.5,1.,0.5,
1.,0.5,1.)) REPRESENTATION_ITEM('') );
#3410 = CARTESIAN_POINT('',(0.,0.4));
#3411 = CARTESIAN_POINT('',(6.754998149519,0.4));
#3412 = CARTESIAN_POINT('',(3.377499074759,-5.45));
#3413 = CARTESIAN_POINT('',(9.552245033349E-16,-11.3));
#3414 = CARTESIAN_POINT('',(-3.377499074759,-5.45));
#3415 = CARTESIAN_POINT('',(-6.754998149519,0.4));
#3416 = CARTESIAN_POINT('',(0.,0.4));
#3417 = ( GEOMETRIC_REPRESENTATION_CONTEXT(2) 
PARAMETRIC_REPRESENTATION_CONTEXT() REPRESENTATION_CONTEXT('2D SPACE',''
  ) );
#3418 = ADVANCED_FACE('',(#3419,#3547),#1640,.T.);
#3419 = FACE_BOUND('',#3420,.T.);
#3420 = EDGE_LOOP('',(#3421,#3422,#3423,#3424,#3425,#3448,#3470,#3471,
    #3472,#3473,#3497,#3525));
#3421 = ORIENTED_EDGE('',*,*,#1617,.T.);
#3422 = ORIENTED_EDGE('',*,*,#2087,.T.);
#3423 = ORIENTED_EDGE('',*,*,#1855,.T.);
#3424 = ORIENTED_EDGE('',*,*,#3343,.T.);
#3425 = ORIENTED_EDGE('',*,*,#3426,.T.);
#3426 = EDGE_CURVE('',#3321,#3427,#3429,.T.);
#3427 = VERTEX_POINT('',#3428);
#3428 = CARTESIAN_POINT('',(1.720465053409,3.8,-3.5));
#3429 = SURFACE_CURVE('',#3430,(#3434,#3441),.PCURVE_S1.);
#3430 = LINE('',#3431,#3432);
#3431 = CARTESIAN_POINT('',(4.714378910086,3.8,-3.5));
#3432 = VECTOR('',#3433,1.);
#3433 = DIRECTION('',(1.,0.,-1.316456427344E-16));
#3434 = PCURVE('',#1640,#3435);
#3435 = DEFINITIONAL_REPRESENTATION('',(#3436),#3440);
#3436 = LINE('',#3437,#3438);
#3437 = CARTESIAN_POINT('',(3.5,1.214378910086));
#3438 = VECTOR('',#3439,1.);
#3439 = DIRECTION('',(1.316456427344E-16,1.));
#3440 = ( GEOMETRIC_REPRESENTATION_CONTEXT(2) 
PARAMETRIC_REPRESENTATION_CONTEXT() REPRESENTATION_CONTEXT('2D SPACE',''
  ) );
#3441 = PCURVE('',#3281,#3442);
#3442 = DEFINITIONAL_REPRESENTATION('',(#3443),#3447);
#3443 = LINE('',#3444,#3445);
#3444 = CARTESIAN_POINT('',(1.214378910086,1.1));
#3445 = VECTOR('',#3446,1.);
#3446 = DIRECTION('',(-1.,0.));
#3447 = ( GEOMETRIC_REPRESENTATION_CONTEXT(2) 
PARAMETRIC_REPRESENTATION_CONTEXT() REPRESENTATION_CONTEXT('2D SPACE',''
  ) );
#3448 = ORIENTED_EDGE('',*,*,#3449,.T.);
#3449 = EDGE_CURVE('',#3427,#3038,#3450,.T.);
#3450 = SURFACE_CURVE('',#3451,(#3456,#3463),.PCURVE_S1.);
#3451 = CIRCLE('',#3452,3.9);
#3452 = AXIS2_PLACEMENT_3D('',#3453,#3454,#3455);
#3453 = CARTESIAN_POINT('',(0.,3.8,0.));
#3454 = DIRECTION('',(0.,-1.,0.));
#3455 = DIRECTION('',(1.,0.,0.));
#3456 = PCURVE('',#1640,#3457);
#3457 = DEFINITIONAL_REPRESENTATION('',(#3458),#3462);
#3458 = CIRCLE('',#3459,3.9);
#3459 = AXIS2_PLACEMENT_2D('',#3460,#3461);
#3460 = CARTESIAN_POINT('',(0.,-3.5));
#3461 = DIRECTION('',(0.,1.));
#3462 = ( GEOMETRIC_REPRESENTATION_CONTEXT(2) 
PARAMETRIC_REPRESENTATION_CONTEXT() REPRESENTATION_CONTEXT('2D SPACE',''
  ) );
#3463 = PCURVE('',#3076,#3464);
#3464 = DEFINITIONAL_REPRESENTATION('',(#3465),#3469);
#3465 = LINE('',#3466,#3467);
#3466 = CARTESIAN_POINT('',(0.,0.425));
#3467 = VECTOR('',#3468,1.);
#3468 = DIRECTION('',(1.,0.));
#3469 = ( GEOMETRIC_REPRESENTATION_CONTEXT(2) 
PARAMETRIC_REPRESENTATION_CONTEXT() REPRESENTATION_CONTEXT('2D SPACE',''
  ) );
#3470 = ORIENTED_EDGE('',*,*,#3037,.T.);
#3471 = ORIENTED_EDGE('',*,*,#3008,.T.);
#3472 = ORIENTED_EDGE('',*,*,#2486,.T.);
#3473 = ORIENTED_EDGE('',*,*,#3474,.T.);
#3474 = EDGE_CURVE('',#2489,#3475,#3477,.T.);
#3475 = VERTEX_POINT('',#3476);
#3476 = CARTESIAN_POINT('',(1.720465053409,3.8,3.5));
#3477 = SURFACE_CURVE('',#3478,(#3483,#3490),.PCURVE_S1.);
#3478 = CIRCLE('',#3479,3.9);
#3479 = AXIS2_PLACEMENT_3D('',#3480,#3481,#3482);
#3480 = CARTESIAN_POINT('',(0.,3.8,0.));
#3481 = DIRECTION('',(0.,-1.,0.));
#3482 = DIRECTION('',(1.,0.,0.));
#3483 = PCURVE('',#1640,#3484);
#3484 = DEFINITIONAL_REPRESENTATION('',(#3485),#3489);
#3485 = CIRCLE('',#3486,3.9);
#3486 = AXIS2_PLACEMENT_2D('',#3487,#3488);
#3487 = CARTESIAN_POINT('',(0.,-3.5));
#3488 = DIRECTION('',(0.,1.));
#3489 = ( GEOMETRIC_REPRESENTATION_CONTEXT(2) 
PARAMETRIC_REPRESENTATION_CONTEXT() REPRESENTATION_CONTEXT('2D SPACE',''
  ) );
#3490 = PCURVE('',#2585,#3491);
#3491 = DEFINITIONAL_REPRESENTATION('',(#3492),#3496);
#3492 = LINE('',#3493,#3494);
#3493 = CARTESIAN_POINT('',(0.,0.425));
#3494 = VECTOR('',#3495,1.);
#3495 = DIRECTION('',(1.,0.));
#3496 = ( GEOMETRIC_REPRESENTATION_CONTEXT(2) 
PARAMETRIC_REPRESENTATION_CONTEXT() REPRESENTATION_CONTEXT('2D SPACE',''
  ) );
#3497 = ORIENTED_EDGE('',*,*,#3498,.T.);
#3498 = EDGE_CURVE('',#3475,#3499,#3501,.T.);
#3499 = VERTEX_POINT('',#3500);
#3500 = CARTESIAN_POINT('',(-1.720465053409,3.8,3.5));
#3501 = SURFACE_CURVE('',#3502,(#3506,#3513),.PCURVE_S1.);
#3502 = LINE('',#3503,#3504);
#3503 = CARTESIAN_POINT('',(-1.610686251007,3.8,3.5));
#3504 = VECTOR('',#3505,1.);
#3505 = DIRECTION('',(-1.,0.,-1.316456427344E-16));
#3506 = PCURVE('',#1640,#3507);
#3507 = DEFINITIONAL_REPRESENTATION('',(#3508),#3512);
#3508 = LINE('',#3509,#3510);
#3509 = CARTESIAN_POINT('',(-3.5,-5.110686251007));
#3510 = VECTOR('',#3511,1.);
#3511 = DIRECTION('',(1.316456427344E-16,-1.));
#3512 = ( GEOMETRIC_REPRESENTATION_CONTEXT(2) 
PARAMETRIC_REPRESENTATION_CONTEXT() REPRESENTATION_CONTEXT('2D SPACE',''
  ) );
#3513 = PCURVE('',#3514,#3519);
#3514 = PLANE('',#3515);
#3515 = AXIS2_PLACEMENT_3D('',#3516,#3517,#3518);
#3516 = CARTESIAN_POINT('',(-6.721372502013,4.9,3.5));
#3517 = DIRECTION('',(1.316456427344E-16,0.,-1.));
#3518 = DIRECTION('',(1.,0.,1.316456427344E-16));
#3519 = DEFINITIONAL_REPRESENTATION('',(#3520),#3524);
#3520 = LINE('',#3521,#3522);
#3521 = CARTESIAN_POINT('',(5.110686251007,1.1));
#3522 = VECTOR('',#3523,1.);
#3523 = DIRECTION('',(-1.,-0.));
#3524 = ( GEOMETRIC_REPRESENTATION_CONTEXT(2) 
PARAMETRIC_REPRESENTATION_CONTEXT() REPRESENTATION_CONTEXT('2D SPACE',''
  ) );
#3525 = ORIENTED_EDGE('',*,*,#3526,.T.);
#3526 = EDGE_CURVE('',#3499,#1618,#3527,.T.);
#3527 = SURFACE_CURVE('',#3528,(#3533,#3540),.PCURVE_S1.);
#3528 = CIRCLE('',#3529,3.9);
#3529 = AXIS2_PLACEMENT_3D('',#3530,#3531,#3532);
#3530 = CARTESIAN_POINT('',(0.,3.8,0.));
#3531 = DIRECTION('',(0.,-1.,0.));
#3532 = DIRECTION('',(1.,0.,0.));
#3533 = PCURVE('',#1640,#3534);
#3534 = DEFINITIONAL_REPRESENTATION('',(#3535),#3539);
#3535 = CIRCLE('',#3536,3.9);
#3536 = AXIS2_PLACEMENT_2D('',#3537,#3538);
#3537 = CARTESIAN_POINT('',(0.,-3.5));
#3538 = DIRECTION('',(0.,1.));
#3539 = ( GEOMETRIC_REPRESENTATION_CONTEXT(2) 
PARAMETRIC_REPRESENTATION_CONTEXT() REPRESENTATION_CONTEXT('2D SPACE',''
  ) );
#3540 = PCURVE('',#1668,#3541);
#3541 = DEFINITIONAL_REPRESENTATION('',(#3542),#3546);
#3542 = LINE('',#3543,#3544);
#3543 = CARTESIAN_POINT('',(0.,0.425));
#3544 = VECTOR('',#3545,1.);
#3545 = DIRECTION('',(1.,0.));
#3546 = ( GEOMETRIC_REPRESENTATION_CONTEXT(2) 
PARAMETRIC_REPRESENTATION_CONTEXT() REPRESENTATION_CONTEXT('2D SPACE',''
  ) );
#3547 = FACE_BOUND('',#3548,.T.);
#3548 = EDGE_LOOP('',(#3549));
#3549 = ORIENTED_EDGE('',*,*,#3550,.F.);
#3550 = EDGE_CURVE('',#3551,#3551,#3553,.T.);
#3551 = VERTEX_POINT('',#3552);
#3552 = CARTESIAN_POINT('',(3.1,3.8,0.));
#3553 = SURFACE_CURVE('',#3554,(#3559,#3566),.PCURVE_S1.);
#3554 = CIRCLE('',#3555,3.1);
#3555 = AXIS2_PLACEMENT_3D('',#3556,#3557,#3558);
#3556 = CARTESIAN_POINT('',(0.,3.8,0.));
#3557 = DIRECTION('',(0.,-1.,0.));
#3558 = DIRECTION('',(1.,0.,0.));
#3559 = PCURVE('',#1640,#3560);
#3560 = DEFINITIONAL_REPRESENTATION('',(#3561),#3565);
#3561 = CIRCLE('',#3562,3.1);
#3562 = AXIS2_PLACEMENT_2D('',#3563,#3564);
#3563 = CARTESIAN_POINT('',(0.,-3.5));
#3564 = DIRECTION('',(0.,1.));
#3565 = ( GEOMETRIC_REPRESENTATION_CONTEXT(2) 
PARAMETRIC_REPRESENTATION_CONTEXT() REPRESENTATION_CONTEXT('2D SPACE',''
  ) );
#3566 = PCURVE('',#3567,#3572);
#3567 = CYLINDRICAL_SURFACE('',#3568,3.1);
#3568 = AXIS2_PLACEMENT_3D('',#3569,#3570,#3571);
#3569 = CARTESIAN_POINT('',(0.,2.6,0.));
#3570 = DIRECTION('',(0.,-1.,0.));
#3571 = DIRECTION('',(1.,0.,0.));
#3572 = DEFINITIONAL_REPRESENTATION('',(#3573),#3577);
#3573 = LINE('',#3574,#3575);
#3574 = CARTESIAN_POINT('',(0.,-1.2));
#3575 = VECTOR('',#3576,1.);
#3576 = DIRECTION('',(1.,0.));
#3577 = ( GEOMETRIC_REPRESENTATION_CONTEXT(2) 
PARAMETRIC_REPRESENTATION_CONTEXT() REPRESENTATION_CONTEXT('2D SPACE',''
  ) );
#3578 = ADVANCED_FACE('',(#3579),#2946,.T.);
#3579 = FACE_BOUND('',#3580,.T.);
#3580 = EDGE_LOOP('',(#3581,#3582,#3606,#3651,#3677));
#3581 = ORIENTED_EDGE('',*,*,#3088,.T.);
#3582 = ORIENTED_EDGE('',*,*,#3583,.F.);
#3583 = EDGE_CURVE('',#3584,#3061,#3586,.T.);
#3584 = VERTEX_POINT('',#3585);
#3585 = CARTESIAN_POINT('',(1.720465053409,4.65,-3.5));
#3586 = SURFACE_CURVE('',#3587,(#3592,#3599),.PCURVE_S1.);
#3587 = CIRCLE('',#3588,3.9);
#3588 = AXIS2_PLACEMENT_3D('',#3589,#3590,#3591);
#3589 = CARTESIAN_POINT('',(0.,4.65,0.));
#3590 = DIRECTION('',(0.,-1.,0.));
#3591 = DIRECTION('',(1.,0.,0.));
#3592 = PCURVE('',#2946,#3593);
#3593 = DEFINITIONAL_REPRESENTATION('',(#3594),#3598);
#3594 = LINE('',#3595,#3596);
#3595 = CARTESIAN_POINT('',(0.,0.125));
#3596 = VECTOR('',#3597,1.);
#3597 = DIRECTION('',(1.,-4.381890399554E-16));
#3598 = ( GEOMETRIC_REPRESENTATION_CONTEXT(2) 
PARAMETRIC_REPRESENTATION_CONTEXT() REPRESENTATION_CONTEXT('2D SPACE',''
  ) );
#3599 = PCURVE('',#3076,#3600);
#3600 = DEFINITIONAL_REPRESENTATION('',(#3601),#3605);
#3601 = LINE('',#3602,#3603);
#3602 = CARTESIAN_POINT('',(0.,-0.425));
#3603 = VECTOR('',#3604,1.);
#3604 = DIRECTION('',(1.,0.));
#3605 = ( GEOMETRIC_REPRESENTATION_CONTEXT(2) 
PARAMETRIC_REPRESENTATION_CONTEXT() REPRESENTATION_CONTEXT('2D SPACE',''
  ) );
#3606 = ORIENTED_EDGE('',*,*,#3607,.T.);
#3607 = EDGE_CURVE('',#3584,#3608,#3610,.T.);
#3608 = VERTEX_POINT('',#3609);
#3609 = CARTESIAN_POINT('',(1.03561575886,4.9,-3.5));
#3610 = SURFACE_CURVE('',#3611,(#3615,#3644),.PCURVE_S1.);
#3611 = ( BOUNDED_CURVE() B_SPLINE_CURVE(2,(#3612,#3613,#3614),
.UNSPECIFIED.,.F.,.F.) B_SPLINE_CURVE_WITH_KNOTS((3,3),(0.,
7.294938705409E-02),.PIECEWISE_BEZIER_KNOTS.) CURVE() 
GEOMETRIC_REPRESENTATION_ITEM() RATIONAL_B_SPLINE_CURVE((1.,
1.00413958047,1.)) REPRESENTATION_ITEM('') );
#3612 = CARTESIAN_POINT('',(1.720465053409,4.65,-3.5));
#3613 = CARTESIAN_POINT('',(1.366701841655,4.806060831539,-3.5));
#3614 = CARTESIAN_POINT('',(1.03561575886,4.9,-3.5));
#3615 = PCURVE('',#2946,#3616);
#3616 = DEFINITIONAL_REPRESENTATION('',(#3617),#3643);
#3617 = B_SPLINE_CURVE_WITH_KNOTS('',3,(#3618,#3619,#3620,#3621,#3622,
    #3623,#3624,#3625,#3626,#3627,#3628,#3629,#3630,#3631,#3632,#3633,
    #3634,#3635,#3636,#3637,#3638,#3639,#3640,#3641,#3642),
  .UNSPECIFIED.,.F.,.F.,(4,1,1,1,1,1,1,1,1,1,1,1,1,1,1,1,1,1,1,1,1,1,4),
  (0.,3.315881229731E-03,6.631762459463E-03,9.947643689194E-03,
    1.326352491893E-02,1.657940614866E-02,1.989528737839E-02,
    2.321116860812E-02,2.652704983785E-02,2.984293106758E-02,
    3.315881229731E-02,3.647469352704E-02,3.979057475678E-02,
    4.310645598651E-02,4.642233721624E-02,4.973821844597E-02,
    5.30540996757E-02,5.636998090543E-02,5.968586213516E-02,
    6.30017433649E-02,6.631762459463E-02,6.963350582436E-02,
    7.294938705409E-02),.QUASI_UNIFORM_KNOTS.);
#3618 = CARTESIAN_POINT('',(5.169262983917,0.125));
#3619 = CARTESIAN_POINT('',(5.166785952034,0.120251312154));
#3620 = CARTESIAN_POINT('',(5.161823771196,0.110844838971));
#3621 = CARTESIAN_POINT('',(5.154356239469,9.700615938547E-02));
#3622 = CARTESIAN_POINT('',(5.146864536719,8.343681012382E-02));
#3623 = CARTESIAN_POINT('',(5.139348756919,7.013517017203E-02));
#3624 = CARTESIAN_POINT('',(5.131808997035,5.709966938378E-02));
#3625 = CARTESIAN_POINT('',(5.124245357468,4.432879519903E-02));
#3626 = CARTESIAN_POINT('',(5.116657941965,3.182109010207E-02));
#3627 = CARTESIAN_POINT('',(5.109046857669,1.957515159783E-02));
#3628 = CARTESIAN_POINT('',(5.101412215135,7.58963154992E-03));
#3629 = CARTESIAN_POINT('',(5.093754128349,-4.136764274327E-03));
#3630 = CARTESIAN_POINT('',(5.086072714747,-1.560527667882E-02));
#3631 = CARTESIAN_POINT('',(5.078368095236,-2.681709347323E-02));
#3632 = CARTESIAN_POINT('',(5.070640394208,-3.777334988394E-02));
#3633 = CARTESIAN_POINT('',(5.062889739559,-4.847512893636E-02));
#3634 = CARTESIAN_POINT('',(5.055116262704,-5.892346181375E-02));
#3635 = CARTESIAN_POINT('',(5.047320098591,-6.911932817855E-02));
#3636 = CARTESIAN_POINT('',(5.039501385712,-7.906365650883E-02));
#3637 = CARTESIAN_POINT('',(5.031660266127,-8.875732425439E-02));
#3638 = CARTESIAN_POINT('',(5.02379688544,-9.820115854341E-02));
#3639 = CARTESIAN_POINT('',(5.015911392931,-0.107395934712));
#3640 = CARTESIAN_POINT('',(5.008003941112,-0.116342382838));
#3641 = CARTESIAN_POINT('',(5.002717771995,-0.122141570467));
#3642 = CARTESIAN_POINT('',(5.000071079801,-0.125));
#3643 = ( GEOMETRIC_REPRESENTATION_CONTEXT(2) 
PARAMETRIC_REPRESENTATION_CONTEXT() REPRESENTATION_CONTEXT('2D SPACE',''
  ) );
#3644 = PCURVE('',#3281,#3645);
#3645 = DEFINITIONAL_REPRESENTATION('',(#3646),#3650);
#3646 = ( BOUNDED_CURVE() B_SPLINE_CURVE(2,(#3647,#3648,#3649),
.UNSPECIFIED.,.F.,.F.) B_SPLINE_CURVE_WITH_KNOTS((3,3),(0.,
7.294938705409E-02),.PIECEWISE_BEZIER_KNOTS.) CURVE() 
GEOMETRIC_REPRESENTATION_ITEM() RATIONAL_B_SPLINE_CURVE((1.,
1.00413958047,1.)) REPRESENTATION_ITEM('') );
#3647 = CARTESIAN_POINT('',(4.208292766764,0.25));
#3648 = CARTESIAN_POINT('',(4.562055978517,9.393916846072E-02));
#3649 = CARTESIAN_POINT('',(4.893142061312,0.));
#3650 = ( GEOMETRIC_REPRESENTATION_CONTEXT(2) 
PARAMETRIC_REPRESENTATION_CONTEXT() REPRESENTATION_CONTEXT('2D SPACE',''
  ) );
#3651 = ORIENTED_EDGE('',*,*,#3652,.T.);
#3652 = EDGE_CURVE('',#3608,#2903,#3653,.T.);
#3653 = SURFACE_CURVE('',#3654,(#3659,#3666),.PCURVE_S1.);
#3654 = CIRCLE('',#3655,3.65);
#3655 = AXIS2_PLACEMENT_3D('',#3656,#3657,#3658);
#3656 = CARTESIAN_POINT('',(0.,4.9,0.));
#3657 = DIRECTION('',(0.,-1.,0.));
#3658 = DIRECTION('',(1.,0.,0.));
#3659 = PCURVE('',#2946,#3660);
#3660 = DEFINITIONAL_REPRESENTATION('',(#3661),#3665);
#3661 = LINE('',#3662,#3663);
#3662 = CARTESIAN_POINT('',(0.,-0.125));
#3663 = VECTOR('',#3664,1.);
#3664 = DIRECTION('',(1.,1.869230442673E-16));
#3665 = ( GEOMETRIC_REPRESENTATION_CONTEXT(2) 
PARAMETRIC_REPRESENTATION_CONTEXT() REPRESENTATION_CONTEXT('2D SPACE',''
  ) );
#3666 = PCURVE('',#2027,#3667);
#3667 = DEFINITIONAL_REPRESENTATION('',(#3668),#3676);
#3668 = ( BOUNDED_CURVE() B_SPLINE_CURVE(2,(#3669,#3670,#3671,#3672,
#3673,#3674,#3675),.UNSPECIFIED.,.T.,.F.) B_SPLINE_CURVE_WITH_KNOTS((1,2
    ,2,2,2,1),(-2.094395102393,0.,2.094395102393,4.188790204786,
6.28318530718,8.377580409573),.UNSPECIFIED.) CURVE() 
GEOMETRIC_REPRESENTATION_ITEM() RATIONAL_B_SPLINE_CURVE((1.,0.5,1.,0.5,
1.,0.5,1.)) REPRESENTATION_ITEM('') );
#3669 = CARTESIAN_POINT('',(0.,1.825));
#3670 = CARTESIAN_POINT('',(6.321985447626,1.825));
#3671 = CARTESIAN_POINT('',(3.160992723813,-3.65));
#3672 = CARTESIAN_POINT('',(8.939921633776E-16,-9.125));
#3673 = CARTESIAN_POINT('',(-3.160992723813,-3.65));
#3674 = CARTESIAN_POINT('',(-6.321985447626,1.825));
#3675 = CARTESIAN_POINT('',(0.,1.825));
#3676 = ( GEOMETRIC_REPRESENTATION_CONTEXT(2) 
PARAMETRIC_REPRESENTATION_CONTEXT() REPRESENTATION_CONTEXT('2D SPACE',''
  ) );
#3677 = ORIENTED_EDGE('',*,*,#2930,.T.);
#3678 = ADVANCED_FACE('',(#3679),#2560,.T.);
#3679 = FACE_BOUND('',#3680,.T.);
#3680 = EDGE_LOOP('',(#3681,#3682,#3683,#3711,#3756));
#3681 = ORIENTED_EDGE('',*,*,#2544,.T.);
#3682 = ORIENTED_EDGE('',*,*,#2857,.T.);
#3683 = ORIENTED_EDGE('',*,*,#3684,.T.);
#3684 = EDGE_CURVE('',#2858,#3685,#3687,.T.);
#3685 = VERTEX_POINT('',#3686);
#3686 = CARTESIAN_POINT('',(1.03561575886,4.9,3.5));
#3687 = SURFACE_CURVE('',#3688,(#3693,#3700),.PCURVE_S1.);
#3688 = CIRCLE('',#3689,3.65);
#3689 = AXIS2_PLACEMENT_3D('',#3690,#3691,#3692);
#3690 = CARTESIAN_POINT('',(0.,4.9,0.));
#3691 = DIRECTION('',(0.,-1.,0.));
#3692 = DIRECTION('',(1.,0.,0.));
#3693 = PCURVE('',#2560,#3694);
#3694 = DEFINITIONAL_REPRESENTATION('',(#3695),#3699);
#3695 = LINE('',#3696,#3697);
#3696 = CARTESIAN_POINT('',(0.,-0.125));
#3697 = VECTOR('',#3698,1.);
#3698 = DIRECTION('',(1.,-1.869230442673E-16));
#3699 = ( GEOMETRIC_REPRESENTATION_CONTEXT(2) 
PARAMETRIC_REPRESENTATION_CONTEXT() REPRESENTATION_CONTEXT('2D SPACE',''
  ) );
#3700 = PCURVE('',#2027,#3701);
#3701 = DEFINITIONAL_REPRESENTATION('',(#3702),#3710);
#3702 = ( BOUNDED_CURVE() B_SPLINE_CURVE(2,(#3703,#3704,#3705,#3706,
#3707,#3708,#3709),.UNSPECIFIED.,.T.,.F.) B_SPLINE_CURVE_WITH_KNOTS((1,2
    ,2,2,2,1),(-2.094395102393,0.,2.094395102393,4.188790204786,
6.28318530718,8.377580409573),.UNSPECIFIED.) CURVE() 
GEOMETRIC_REPRESENTATION_ITEM() RATIONAL_B_SPLINE_CURVE((1.,0.5,1.,0.5,
1.,0.5,1.)) REPRESENTATION_ITEM('') );
#3703 = CARTESIAN_POINT('',(0.,1.825));
#3704 = CARTESIAN_POINT('',(6.321985447626,1.825));
#3705 = CARTESIAN_POINT('',(3.160992723813,-3.65));
#3706 = CARTESIAN_POINT('',(8.939921633776E-16,-9.125));
#3707 = CARTESIAN_POINT('',(-3.160992723813,-3.65));
#3708 = CARTESIAN_POINT('',(-6.321985447626,1.825));
#3709 = CARTESIAN_POINT('',(0.,1.825));
#3710 = ( GEOMETRIC_REPRESENTATION_CONTEXT(2) 
PARAMETRIC_REPRESENTATION_CONTEXT() REPRESENTATION_CONTEXT('2D SPACE',''
  ) );
#3711 = ORIENTED_EDGE('',*,*,#3712,.T.);
#3712 = EDGE_CURVE('',#3685,#3713,#3715,.T.);
#3713 = VERTEX_POINT('',#3714);
#3714 = CARTESIAN_POINT('',(1.720465053409,4.65,3.5));
#3715 = SURFACE_CURVE('',#3716,(#3720,#3749),.PCURVE_S1.);
#3716 = ( BOUNDED_CURVE() B_SPLINE_CURVE(2,(#3717,#3718,#3719),
.UNSPECIFIED.,.F.,.F.) B_SPLINE_CURVE_WITH_KNOTS((3,3),(0.,
7.294938705409E-02),.PIECEWISE_BEZIER_KNOTS.) CURVE() 
GEOMETRIC_REPRESENTATION_ITEM() RATIONAL_B_SPLINE_CURVE((1.,
1.00413958047,1.)) REPRESENTATION_ITEM('') );
#3717 = CARTESIAN_POINT('',(1.03561575886,4.9,3.5));
#3718 = CARTESIAN_POINT('',(1.366701841655,4.806060831539,3.5));
#3719 = CARTESIAN_POINT('',(1.720465053409,4.65,3.5));
#3720 = PCURVE('',#2560,#3721);
#3721 = DEFINITIONAL_REPRESENTATION('',(#3722),#3748);
#3722 = B_SPLINE_CURVE_WITH_KNOTS('',3,(#3723,#3724,#3725,#3726,#3727,
    #3728,#3729,#3730,#3731,#3732,#3733,#3734,#3735,#3736,#3737,#3738,
    #3739,#3740,#3741,#3742,#3743,#3744,#3745,#3746,#3747),
  .UNSPECIFIED.,.F.,.F.,(4,1,1,1,1,1,1,1,1,1,1,1,1,1,1,1,1,1,1,1,1,1,4),
  (0.,3.315881229731E-03,6.631762459463E-03,9.947643689194E-03,
    1.326352491893E-02,1.657940614866E-02,1.989528737839E-02,
    2.321116860812E-02,2.652704983785E-02,2.984293106758E-02,
    3.315881229731E-02,3.647469352704E-02,3.979057475678E-02,
    4.310645598651E-02,4.642233721624E-02,4.973821844597E-02,
    5.30540996757E-02,5.636998090543E-02,5.968586213516E-02,
    6.30017433649E-02,6.631762459463E-02,6.963350582436E-02,
    7.294938705409E-02),.QUASI_UNIFORM_KNOTS.);
#3723 = CARTESIAN_POINT('',(1.283114227379,-0.125));
#3724 = CARTESIAN_POINT('',(1.280467535184,-0.122141570467));
#3725 = CARTESIAN_POINT('',(1.275181366067,-0.116342382838));
#3726 = CARTESIAN_POINT('',(1.267273914249,-0.107395934712));
#3727 = CARTESIAN_POINT('',(1.25938842174,-9.820115854341E-02));
#3728 = CARTESIAN_POINT('',(1.251525041052,-8.87573242544E-02));
#3729 = CARTESIAN_POINT('',(1.243683921467,-7.906365650883E-02));
#3730 = CARTESIAN_POINT('',(1.235865208589,-6.911932817855E-02));
#3731 = CARTESIAN_POINT('',(1.228069044475,-5.892346181375E-02));
#3732 = CARTESIAN_POINT('',(1.22029556762,-4.847512893636E-02));
#3733 = CARTESIAN_POINT('',(1.212544912971,-3.777334988394E-02));
#3734 = CARTESIAN_POINT('',(1.204817211944,-2.681709347323E-02));
#3735 = CARTESIAN_POINT('',(1.197112592432,-1.560527667882E-02));
#3736 = CARTESIAN_POINT('',(1.18943117883,-4.136764274326E-03));
#3737 = CARTESIAN_POINT('',(1.181773092044,7.589631549922E-03));
#3738 = CARTESIAN_POINT('',(1.17413844951,1.957515159783E-02));
#3739 = CARTESIAN_POINT('',(1.166527365215,3.182109010207E-02));
#3740 = CARTESIAN_POINT('',(1.158939949712,4.432879519903E-02));
#3741 = CARTESIAN_POINT('',(1.151376310145,5.709966938378E-02));
#3742 = CARTESIAN_POINT('',(1.14383655026,7.013517017203E-02));
#3743 = CARTESIAN_POINT('',(1.13632077046,8.343681012382E-02));
#3744 = CARTESIAN_POINT('',(1.128829067711,9.700615938547E-02));
#3745 = CARTESIAN_POINT('',(1.121361535984,0.110844838971));
#3746 = CARTESIAN_POINT('',(1.116399355146,0.120251312154));
#3747 = CARTESIAN_POINT('',(1.113922323262,0.125));
#3748 = ( GEOMETRIC_REPRESENTATION_CONTEXT(2) 
PARAMETRIC_REPRESENTATION_CONTEXT() REPRESENTATION_CONTEXT('2D SPACE',''
  ) );
#3749 = PCURVE('',#3514,#3750);
#3750 = DEFINITIONAL_REPRESENTATION('',(#3751),#3755);
#3751 = ( BOUNDED_CURVE() B_SPLINE_CURVE(2,(#3752,#3753,#3754),
.UNSPECIFIED.,.F.,.F.) B_SPLINE_CURVE_WITH_KNOTS((3,3),(0.,
7.294938705409E-02),.PIECEWISE_BEZIER_KNOTS.) CURVE() 
GEOMETRIC_REPRESENTATION_ITEM() RATIONAL_B_SPLINE_CURVE((1.,
1.00413958047,1.)) REPRESENTATION_ITEM('') );
#3752 = CARTESIAN_POINT('',(7.756988260874,0.));
#3753 = CARTESIAN_POINT('',(8.088074343668,9.393916846072E-02));
#3754 = CARTESIAN_POINT('',(8.441837555422,0.25));
#3755 = ( GEOMETRIC_REPRESENTATION_CONTEXT(2) 
PARAMETRIC_REPRESENTATION_CONTEXT() REPRESENTATION_CONTEXT('2D SPACE',''
  ) );
#3756 = ORIENTED_EDGE('',*,*,#3757,.F.);
#3757 = EDGE_CURVE('',#2545,#3713,#3758,.T.);
#3758 = SURFACE_CURVE('',#3759,(#3764,#3771),.PCURVE_S1.);
#3759 = CIRCLE('',#3760,3.9);
#3760 = AXIS2_PLACEMENT_3D('',#3761,#3762,#3763);
#3761 = CARTESIAN_POINT('',(0.,4.65,0.));
#3762 = DIRECTION('',(0.,-1.,0.));
#3763 = DIRECTION('',(1.,0.,0.));
#3764 = PCURVE('',#2560,#3765);
#3765 = DEFINITIONAL_REPRESENTATION('',(#3766),#3770);
#3766 = LINE('',#3767,#3768);
#3767 = CARTESIAN_POINT('',(0.,0.125));
#3768 = VECTOR('',#3769,1.);
#3769 = DIRECTION('',(1.,-2.190945199777E-16));
#3770 = ( GEOMETRIC_REPRESENTATION_CONTEXT(2) 
PARAMETRIC_REPRESENTATION_CONTEXT() REPRESENTATION_CONTEXT('2D SPACE',''
  ) );
#3771 = PCURVE('',#2585,#3772);
#3772 = DEFINITIONAL_REPRESENTATION('',(#3773),#3777);
#3773 = LINE('',#3774,#3775);
#3774 = CARTESIAN_POINT('',(0.,-0.425));
#3775 = VECTOR('',#3776,1.);
#3776 = DIRECTION('',(1.,0.));
#3777 = ( GEOMETRIC_REPRESENTATION_CONTEXT(2) 
PARAMETRIC_REPRESENTATION_CONTEXT() REPRESENTATION_CONTEXT('2D SPACE',''
  ) );
#3778 = ADVANCED_FACE('',(#3779,#3919),#1759,.T.);
#3779 = FACE_BOUND('',#3780,.T.);
#3780 = EDGE_LOOP('',(#3781,#3782,#3783,#3784,#3785,#3808,#3834,#3835,
    #3836,#3837,#3865,#3893));
#3781 = ORIENTED_EDGE('',*,*,#2297,.T.);
#3782 = ORIENTED_EDGE('',*,*,#2268,.T.);
#3783 = ORIENTED_EDGE('',*,*,#1736,.T.);
#3784 = ORIENTED_EDGE('',*,*,#3393,.F.);
#3785 = ORIENTED_EDGE('',*,*,#3786,.T.);
#3786 = EDGE_CURVE('',#3371,#3787,#3789,.T.);
#3787 = VERTEX_POINT('',#3788);
#3788 = CARTESIAN_POINT('',(1.720465053409,1.4,3.5));
#3789 = SURFACE_CURVE('',#3790,(#3794,#3801),.PCURVE_S1.);
#3790 = LINE('',#3791,#3792);
#3791 = CARTESIAN_POINT('',(-1.610686251007,1.4,3.5));
#3792 = VECTOR('',#3793,1.);
#3793 = DIRECTION('',(1.,0.,1.316456427344E-16));
#3794 = PCURVE('',#1759,#3795);
#3795 = DEFINITIONAL_REPRESENTATION('',(#3796),#3800);
#3796 = LINE('',#3797,#3798);
#3797 = CARTESIAN_POINT('',(3.5,-5.110686251007));
#3798 = VECTOR('',#3799,1.);
#3799 = DIRECTION('',(1.316456427344E-16,1.));
#3800 = ( GEOMETRIC_REPRESENTATION_CONTEXT(2) 
PARAMETRIC_REPRESENTATION_CONTEXT() REPRESENTATION_CONTEXT('2D SPACE',''
  ) );
#3801 = PCURVE('',#3176,#3802);
#3802 = DEFINITIONAL_REPRESENTATION('',(#3803),#3807);
#3803 = LINE('',#3804,#3805);
#3804 = CARTESIAN_POINT('',(5.110686251007,3.5));
#3805 = VECTOR('',#3806,1.);
#3806 = DIRECTION('',(1.,0.));
#3807 = ( GEOMETRIC_REPRESENTATION_CONTEXT(2) 
PARAMETRIC_REPRESENTATION_CONTEXT() REPRESENTATION_CONTEXT('2D SPACE',''
  ) );
#3808 = ORIENTED_EDGE('',*,*,#3809,.F.);
#3809 = EDGE_CURVE('',#2373,#3787,#3810,.T.);
#3810 = SURFACE_CURVE('',#3811,(#3816,#3827),.PCURVE_S1.);
#3811 = CIRCLE('',#3812,3.9);
#3812 = AXIS2_PLACEMENT_3D('',#3813,#3814,#3815);
#3813 = CARTESIAN_POINT('',(0.,1.4,0.));
#3814 = DIRECTION('',(0.,-1.,0.));
#3815 = DIRECTION('',(1.,0.,0.));
#3816 = PCURVE('',#1759,#3817);
#3817 = DEFINITIONAL_REPRESENTATION('',(#3818),#3826);
#3818 = ( BOUNDED_CURVE() B_SPLINE_CURVE(2,(#3819,#3820,#3821,#3822,
#3823,#3824,#3825),.UNSPECIFIED.,.T.,.F.) B_SPLINE_CURVE_WITH_KNOTS((1,2
    ,2,2,2,1),(-2.094395102393,0.,2.094395102393,4.188790204786,
6.28318530718,8.377580409573),.UNSPECIFIED.) CURVE() 
GEOMETRIC_REPRESENTATION_ITEM() RATIONAL_B_SPLINE_CURVE((1.,0.5,1.,0.5,
1.,0.5,1.)) REPRESENTATION_ITEM('') );
#3819 = CARTESIAN_POINT('',(0.,0.4));
#3820 = CARTESIAN_POINT('',(6.754998149519,0.4));
#3821 = CARTESIAN_POINT('',(3.377499074759,-5.45));
#3822 = CARTESIAN_POINT('',(9.552245033349E-16,-11.3));
#3823 = CARTESIAN_POINT('',(-3.377499074759,-5.45));
#3824 = CARTESIAN_POINT('',(-6.754998149519,0.4));
#3825 = CARTESIAN_POINT('',(0.,0.4));
#3826 = ( GEOMETRIC_REPRESENTATION_CONTEXT(2) 
PARAMETRIC_REPRESENTATION_CONTEXT() REPRESENTATION_CONTEXT('2D SPACE',''
  ) );
#3827 = PCURVE('',#2418,#3828);
#3828 = DEFINITIONAL_REPRESENTATION('',(#3829),#3833);
#3829 = LINE('',#3830,#3831);
#3830 = CARTESIAN_POINT('',(0.,-0.575));
#3831 = VECTOR('',#3832,1.);
#3832 = DIRECTION('',(1.,0.));
#3833 = ( GEOMETRIC_REPRESENTATION_CONTEXT(2) 
PARAMETRIC_REPRESENTATION_CONTEXT() REPRESENTATION_CONTEXT('2D SPACE',''
  ) );
#3834 = ORIENTED_EDGE('',*,*,#2372,.T.);
#3835 = ORIENTED_EDGE('',*,*,#2827,.T.);
#3836 = ORIENTED_EDGE('',*,*,#2600,.T.);
#3837 = ORIENTED_EDGE('',*,*,#3838,.F.);
#3838 = EDGE_CURVE('',#3839,#2603,#3841,.T.);
#3839 = VERTEX_POINT('',#3840);
#3840 = CARTESIAN_POINT('',(1.720465053409,1.4,-3.5));
#3841 = SURFACE_CURVE('',#3842,(#3847,#3858),.PCURVE_S1.);
#3842 = CIRCLE('',#3843,3.9);
#3843 = AXIS2_PLACEMENT_3D('',#3844,#3845,#3846);
#3844 = CARTESIAN_POINT('',(0.,1.4,0.));
#3845 = DIRECTION('',(0.,-1.,0.));
#3846 = DIRECTION('',(1.,0.,0.));
#3847 = PCURVE('',#1759,#3848);
#3848 = DEFINITIONAL_REPRESENTATION('',(#3849),#3857);
#3849 = ( BOUNDED_CURVE() B_SPLINE_CURVE(2,(#3850,#3851,#3852,#3853,
#3854,#3855,#3856),.UNSPECIFIED.,.T.,.F.) B_SPLINE_CURVE_WITH_KNOTS((1,2
    ,2,2,2,1),(-2.094395102393,0.,2.094395102393,4.188790204786,
6.28318530718,8.377580409573),.UNSPECIFIED.) CURVE() 
GEOMETRIC_REPRESENTATION_ITEM() RATIONAL_B_SPLINE_CURVE((1.,0.5,1.,0.5,
1.,0.5,1.)) REPRESENTATION_ITEM('') );
#3850 = CARTESIAN_POINT('',(0.,0.4));
#3851 = CARTESIAN_POINT('',(6.754998149519,0.4));
#3852 = CARTESIAN_POINT('',(3.377499074759,-5.45));
#3853 = CARTESIAN_POINT('',(9.552245033349E-16,-11.3));
#3854 = CARTESIAN_POINT('',(-3.377499074759,-5.45));
#3855 = CARTESIAN_POINT('',(-6.754998149519,0.4));
#3856 = CARTESIAN_POINT('',(0.,0.4));
#3857 = ( GEOMETRIC_REPRESENTATION_CONTEXT(2) 
PARAMETRIC_REPRESENTATION_CONTEXT() REPRESENTATION_CONTEXT('2D SPACE',''
  ) );
#3858 = PCURVE('',#2694,#3859);
#3859 = DEFINITIONAL_REPRESENTATION('',(#3860),#3864);
#3860 = LINE('',#3861,#3862);
#3861 = CARTESIAN_POINT('',(0.,-0.575));
#3862 = VECTOR('',#3863,1.);
#3863 = DIRECTION('',(1.,0.));
#3864 = ( GEOMETRIC_REPRESENTATION_CONTEXT(2) 
PARAMETRIC_REPRESENTATION_CONTEXT() REPRESENTATION_CONTEXT('2D SPACE',''
  ) );
#3865 = ORIENTED_EDGE('',*,*,#3866,.T.);
#3866 = EDGE_CURVE('',#3839,#3867,#3869,.T.);
#3867 = VERTEX_POINT('',#3868);
#3868 = CARTESIAN_POINT('',(-1.720465053409,1.4,-3.5));
#3869 = SURFACE_CURVE('',#3870,(#3874,#3881),.PCURVE_S1.);
#3870 = LINE('',#3871,#3872);
#3871 = CARTESIAN_POINT('',(4.714378910086,1.4,-3.5));
#3872 = VECTOR('',#3873,1.);
#3873 = DIRECTION('',(-1.,0.,1.316456427344E-16));
#3874 = PCURVE('',#1759,#3875);
#3875 = DEFINITIONAL_REPRESENTATION('',(#3876),#3880);
#3876 = LINE('',#3877,#3878);
#3877 = CARTESIAN_POINT('',(-3.5,1.214378910086));
#3878 = VECTOR('',#3879,1.);
#3879 = DIRECTION('',(1.316456427344E-16,-1.));
#3880 = ( GEOMETRIC_REPRESENTATION_CONTEXT(2) 
PARAMETRIC_REPRESENTATION_CONTEXT() REPRESENTATION_CONTEXT('2D SPACE',''
  ) );
#3881 = PCURVE('',#3882,#3887);
#3882 = PLANE('',#3883);
#3883 = AXIS2_PLACEMENT_3D('',#3884,#3885,#3886);
#3884 = CARTESIAN_POINT('',(5.928757820172,4.9,-3.5));
#3885 = DIRECTION('',(1.316456427344E-16,0.,1.));
#3886 = DIRECTION('',(-1.,0.,1.316456427344E-16));
#3887 = DEFINITIONAL_REPRESENTATION('',(#3888),#3892);
#3888 = LINE('',#3889,#3890);
#3889 = CARTESIAN_POINT('',(1.214378910086,3.5));
#3890 = VECTOR('',#3891,1.);
#3891 = DIRECTION('',(1.,0.));
#3892 = ( GEOMETRIC_REPRESENTATION_CONTEXT(2) 
PARAMETRIC_REPRESENTATION_CONTEXT() REPRESENTATION_CONTEXT('2D SPACE',''
  ) );
#3893 = ORIENTED_EDGE('',*,*,#3894,.F.);
#3894 = EDGE_CURVE('',#2298,#3867,#3895,.T.);
#3895 = SURFACE_CURVE('',#3896,(#3901,#3912),.PCURVE_S1.);
#3896 = CIRCLE('',#3897,3.9);
#3897 = AXIS2_PLACEMENT_3D('',#3898,#3899,#3900);
#3898 = CARTESIAN_POINT('',(0.,1.4,0.));
#3899 = DIRECTION('',(0.,-1.,0.));
#3900 = DIRECTION('',(1.,0.,0.));
#3901 = PCURVE('',#1759,#3902);
#3902 = DEFINITIONAL_REPRESENTATION('',(#3903),#3911);
#3903 = ( BOUNDED_CURVE() B_SPLINE_CURVE(2,(#3904,#3905,#3906,#3907,
#3908,#3909,#3910),.UNSPECIFIED.,.T.,.F.) B_SPLINE_CURVE_WITH_KNOTS((1,2
    ,2,2,2,1),(-2.094395102393,0.,2.094395102393,4.188790204786,
6.28318530718,8.377580409573),.UNSPECIFIED.) CURVE() 
GEOMETRIC_REPRESENTATION_ITEM() RATIONAL_B_SPLINE_CURVE((1.,0.5,1.,0.5,
1.,0.5,1.)) REPRESENTATION_ITEM('') );
#3904 = CARTESIAN_POINT('',(0.,0.4));
#3905 = CARTESIAN_POINT('',(6.754998149519,0.4));
#3906 = CARTESIAN_POINT('',(3.377499074759,-5.45));
#3907 = CARTESIAN_POINT('',(9.552245033349E-16,-11.3));
#3908 = CARTESIAN_POINT('',(-3.377499074759,-5.45));
#3909 = CARTESIAN_POINT('',(-6.754998149519,0.4));
#3910 = CARTESIAN_POINT('',(0.,0.4));
#3911 = ( GEOMETRIC_REPRESENTATION_CONTEXT(2) 
PARAMETRIC_REPRESENTATION_CONTEXT() REPRESENTATION_CONTEXT('2D SPACE',''
  ) );
#3912 = PCURVE('',#2336,#3913);
#3913 = DEFINITIONAL_REPRESENTATION('',(#3914),#3918);
#3914 = LINE('',#3915,#3916);
#3915 = CARTESIAN_POINT('',(-4.440892098501E-16,-0.575));
#3916 = VECTOR('',#3917,1.);
#3917 = DIRECTION('',(1.,0.));
#3918 = ( GEOMETRIC_REPRESENTATION_CONTEXT(2) 
PARAMETRIC_REPRESENTATION_CONTEXT() REPRESENTATION_CONTEXT('2D SPACE',''
  ) );
#3919 = FACE_BOUND('',#3920,.T.);
#3920 = EDGE_LOOP('',(#3921));
#3921 = ORIENTED_EDGE('',*,*,#3922,.T.);
#3922 = EDGE_CURVE('',#3923,#3923,#3925,.T.);
#3923 = VERTEX_POINT('',#3924);
#3924 = CARTESIAN_POINT('',(3.1,1.4,0.));
#3925 = SURFACE_CURVE('',#3926,(#3931,#3942),.PCURVE_S1.);
#3926 = CIRCLE('',#3927,3.1);
#3927 = AXIS2_PLACEMENT_3D('',#3928,#3929,#3930);
#3928 = CARTESIAN_POINT('',(0.,1.4,0.));
#3929 = DIRECTION('',(0.,-1.,0.));
#3930 = DIRECTION('',(1.,0.,0.));
#3931 = PCURVE('',#1759,#3932);
#3932 = DEFINITIONAL_REPRESENTATION('',(#3933),#3941);
#3933 = ( BOUNDED_CURVE() B_SPLINE_CURVE(2,(#3934,#3935,#3936,#3937,
#3938,#3939,#3940),.UNSPECIFIED.,.T.,.F.) B_SPLINE_CURVE_WITH_KNOTS((1,2
    ,2,2,2,1),(-2.094395102393,0.,2.094395102393,4.188790204786,
6.28318530718,8.377580409573),.UNSPECIFIED.) CURVE() 
GEOMETRIC_REPRESENTATION_ITEM() RATIONAL_B_SPLINE_CURVE((1.,0.5,1.,0.5,
1.,0.5,1.)) REPRESENTATION_ITEM('') );
#3934 = CARTESIAN_POINT('',(0.,-0.4));
#3935 = CARTESIAN_POINT('',(5.369357503464,-0.4));
#3936 = CARTESIAN_POINT('',(2.684678751732,-5.05));
#3937 = CARTESIAN_POINT('',(7.592810154714E-16,-9.7));
#3938 = CARTESIAN_POINT('',(-2.684678751732,-5.05));
#3939 = CARTESIAN_POINT('',(-5.369357503464,-0.4));
#3940 = CARTESIAN_POINT('',(0.,-0.4));
#3941 = ( GEOMETRIC_REPRESENTATION_CONTEXT(2) 
PARAMETRIC_REPRESENTATION_CONTEXT() REPRESENTATION_CONTEXT('2D SPACE',''
  ) );
#3942 = PCURVE('',#3567,#3943);
#3943 = DEFINITIONAL_REPRESENTATION('',(#3944),#3948);
#3944 = LINE('',#3945,#3946);
#3945 = CARTESIAN_POINT('',(0.,1.2));
#3946 = VECTOR('',#3947,1.);
#3947 = DIRECTION('',(1.,0.));
#3948 = ( GEOMETRIC_REPRESENTATION_CONTEXT(2) 
PARAMETRIC_REPRESENTATION_CONTEXT() REPRESENTATION_CONTEXT('2D SPACE',''
  ) );
#3949 = ADVANCED_FACE('',(#3950),#2669,.T.);
#3950 = FACE_BOUND('',#3951,.T.);
#3951 = EDGE_LOOP('',(#3952,#3953,#3954,#3978,#4023));
#3952 = ORIENTED_EDGE('',*,*,#2653,.T.);
#3953 = ORIENTED_EDGE('',*,*,#2710,.T.);
#3954 = ORIENTED_EDGE('',*,*,#3955,.F.);
#3955 = EDGE_CURVE('',#3956,#2711,#3958,.T.);
#3956 = VERTEX_POINT('',#3957);
#3957 = CARTESIAN_POINT('',(1.03561575886,-2.775557561563E-16,-3.5));
#3958 = SURFACE_CURVE('',#3959,(#3964,#3971),.PCURVE_S1.);
#3959 = CIRCLE('',#3960,3.65);
#3960 = AXIS2_PLACEMENT_3D('',#3961,#3962,#3963);
#3961 = CARTESIAN_POINT('',(0.,2.465190328816E-31,0.));
#3962 = DIRECTION('',(0.,-1.,0.));
#3963 = DIRECTION('',(1.,0.,0.));
#3964 = PCURVE('',#2669,#3965);
#3965 = DEFINITIONAL_REPRESENTATION('',(#3966),#3970);
#3966 = LINE('',#3967,#3968);
#3967 = CARTESIAN_POINT('',(6.28318530718,-0.125));
#3968 = VECTOR('',#3969,1.);
#3969 = DIRECTION('',(-1.,1.869230442673E-16));
#3970 = ( GEOMETRIC_REPRESENTATION_CONTEXT(2) 
PARAMETRIC_REPRESENTATION_CONTEXT() REPRESENTATION_CONTEXT('2D SPACE',''
  ) );
#3971 = PCURVE('',#1084,#3972);
#3972 = DEFINITIONAL_REPRESENTATION('',(#3973),#3977);
#3973 = CIRCLE('',#3974,3.65);
#3974 = AXIS2_PLACEMENT_2D('',#3975,#3976);
#3975 = CARTESIAN_POINT('',(0.,-1.825));
#3976 = DIRECTION('',(0.,1.));
#3977 = ( GEOMETRIC_REPRESENTATION_CONTEXT(2) 
PARAMETRIC_REPRESENTATION_CONTEXT() REPRESENTATION_CONTEXT('2D SPACE',''
  ) );
#3978 = ORIENTED_EDGE('',*,*,#3979,.T.);
#3979 = EDGE_CURVE('',#3956,#3980,#3982,.T.);
#3980 = VERTEX_POINT('',#3981);
#3981 = CARTESIAN_POINT('',(1.720465053409,0.25,-3.5));
#3982 = SURFACE_CURVE('',#3983,(#3987,#4016),.PCURVE_S1.);
#3983 = ( BOUNDED_CURVE() B_SPLINE_CURVE(2,(#3984,#3985,#3986),
.UNSPECIFIED.,.F.,.F.) B_SPLINE_CURVE_WITH_KNOTS((3,3),(0.,
7.294938705409E-02),.PIECEWISE_BEZIER_KNOTS.) CURVE() 
GEOMETRIC_REPRESENTATION_ITEM() RATIONAL_B_SPLINE_CURVE((1.,
1.00413958047,1.)) REPRESENTATION_ITEM('') );
#3984 = CARTESIAN_POINT('',(1.03561575886,-3.469446951954E-17,-3.5));
#3985 = CARTESIAN_POINT('',(1.366701841655,9.393916846072E-02,-3.5));
#3986 = CARTESIAN_POINT('',(1.720465053409,0.25,-3.5));
#3987 = PCURVE('',#2669,#3988);
#3988 = DEFINITIONAL_REPRESENTATION('',(#3989),#4015);
#3989 = B_SPLINE_CURVE_WITH_KNOTS('',3,(#3990,#3991,#3992,#3993,#3994,
    #3995,#3996,#3997,#3998,#3999,#4000,#4001,#4002,#4003,#4004,#4005,
    #4006,#4007,#4008,#4009,#4010,#4011,#4012,#4013,#4014),
  .UNSPECIFIED.,.F.,.F.,(4,1,1,1,1,1,1,1,1,1,1,1,1,1,1,1,1,1,1,1,1,1,4),
  (0.,3.315881229731E-03,6.631762459463E-03,9.947643689194E-03,
    1.326352491893E-02,1.657940614866E-02,1.989528737839E-02,
    2.321116860812E-02,2.652704983785E-02,2.984293106758E-02,
    3.315881229731E-02,3.647469352704E-02,3.979057475678E-02,
    4.310645598651E-02,4.642233721624E-02,4.973821844597E-02,
    5.30540996757E-02,5.636998090543E-02,5.968586213516E-02,
    6.30017433649E-02,6.631762459463E-02,6.963350582436E-02,
    7.294938705409E-02),.QUASI_UNIFORM_KNOTS.);
#3990 = CARTESIAN_POINT('',(1.283114227379,-0.125));
#3991 = CARTESIAN_POINT('',(1.280467535184,-0.122141570467));
#3992 = CARTESIAN_POINT('',(1.275181366067,-0.116342382838));
#3993 = CARTESIAN_POINT('',(1.267273914249,-0.107395934712));
#3994 = CARTESIAN_POINT('',(1.25938842174,-9.820115854341E-02));
#3995 = CARTESIAN_POINT('',(1.251525041052,-8.87573242544E-02));
#3996 = CARTESIAN_POINT('',(1.243683921467,-7.906365650883E-02));
#3997 = CARTESIAN_POINT('',(1.235865208589,-6.911932817855E-02));
#3998 = CARTESIAN_POINT('',(1.228069044475,-5.892346181375E-02));
#3999 = CARTESIAN_POINT('',(1.22029556762,-4.847512893636E-02));
#4000 = CARTESIAN_POINT('',(1.212544912971,-3.777334988394E-02));
#4001 = CARTESIAN_POINT('',(1.204817211944,-2.681709347323E-02));
#4002 = CARTESIAN_POINT('',(1.197112592432,-1.560527667882E-02));
#4003 = CARTESIAN_POINT('',(1.18943117883,-4.136764274326E-03));
#4004 = CARTESIAN_POINT('',(1.181773092044,7.589631549922E-03));
#4005 = CARTESIAN_POINT('',(1.17413844951,1.957515159783E-02));
#4006 = CARTESIAN_POINT('',(1.166527365215,3.182109010207E-02));
#4007 = CARTESIAN_POINT('',(1.158939949712,4.432879519903E-02));
#4008 = CARTESIAN_POINT('',(1.151376310145,5.709966938378E-02));
#4009 = CARTESIAN_POINT('',(1.14383655026,7.013517017203E-02));
#4010 = CARTESIAN_POINT('',(1.13632077046,8.343681012382E-02));
#4011 = CARTESIAN_POINT('',(1.128829067711,9.700615938547E-02));
#4012 = CARTESIAN_POINT('',(1.121361535984,0.110844838971));
#4013 = CARTESIAN_POINT('',(1.116399355146,0.120251312154));
#4014 = CARTESIAN_POINT('',(1.113922323262,0.125));
#4015 = ( GEOMETRIC_REPRESENTATION_CONTEXT(2) 
PARAMETRIC_REPRESENTATION_CONTEXT() REPRESENTATION_CONTEXT('2D SPACE',''
  ) );
#4016 = PCURVE('',#3882,#4017);
#4017 = DEFINITIONAL_REPRESENTATION('',(#4018),#4022);
#4018 = ( BOUNDED_CURVE() B_SPLINE_CURVE(2,(#4019,#4020,#4021),
.UNSPECIFIED.,.F.,.F.) B_SPLINE_CURVE_WITH_KNOTS((3,3),(0.,
7.294938705409E-02),.PIECEWISE_BEZIER_KNOTS.) CURVE() 
GEOMETRIC_REPRESENTATION_ITEM() RATIONAL_B_SPLINE_CURVE((1.,
1.00413958047,1.)) REPRESENTATION_ITEM('') );
#4019 = CARTESIAN_POINT('',(4.893142061312,4.9));
#4020 = CARTESIAN_POINT('',(4.562055978517,4.806060831539));
#4021 = CARTESIAN_POINT('',(4.208292766764,4.65));
#4022 = ( GEOMETRIC_REPRESENTATION_CONTEXT(2) 
PARAMETRIC_REPRESENTATION_CONTEXT() REPRESENTATION_CONTEXT('2D SPACE',''
  ) );
#4023 = ORIENTED_EDGE('',*,*,#4024,.T.);
#4024 = EDGE_CURVE('',#3980,#2654,#4025,.T.);
#4025 = SURFACE_CURVE('',#4026,(#4031,#4038),.PCURVE_S1.);
#4026 = CIRCLE('',#4027,3.9);
#4027 = AXIS2_PLACEMENT_3D('',#4028,#4029,#4030);
#4028 = CARTESIAN_POINT('',(0.,0.25,0.));
#4029 = DIRECTION('',(0.,-1.,0.));
#4030 = DIRECTION('',(1.,0.,0.));
#4031 = PCURVE('',#2669,#4032);
#4032 = DEFINITIONAL_REPRESENTATION('',(#4033),#4037);
#4033 = LINE('',#4034,#4035);
#4034 = CARTESIAN_POINT('',(6.28318530718,0.125));
#4035 = VECTOR('',#4036,1.);
#4036 = DIRECTION('',(-1.,-4.381890399554E-16));
#4037 = ( GEOMETRIC_REPRESENTATION_CONTEXT(2) 
PARAMETRIC_REPRESENTATION_CONTEXT() REPRESENTATION_CONTEXT('2D SPACE',''
  ) );
#4038 = PCURVE('',#2694,#4039);
#4039 = DEFINITIONAL_REPRESENTATION('',(#4040),#4044);
#4040 = LINE('',#4041,#4042);
#4041 = CARTESIAN_POINT('',(0.,0.575));
#4042 = VECTOR('',#4043,1.);
#4043 = DIRECTION('',(1.,0.));
#4044 = ( GEOMETRIC_REPRESENTATION_CONTEXT(2) 
PARAMETRIC_REPRESENTATION_CONTEXT() REPRESENTATION_CONTEXT('2D SPACE',''
  ) );
#4045 = ADVANCED_FACE('',(#4046),#3076,.T.);
#4046 = FACE_BOUND('',#4047,.T.);
#4047 = EDGE_LOOP('',(#4048,#4049,#4050,#4071));
#4048 = ORIENTED_EDGE('',*,*,#3060,.T.);
#4049 = ORIENTED_EDGE('',*,*,#3449,.F.);
#4050 = ORIENTED_EDGE('',*,*,#4051,.T.);
#4051 = EDGE_CURVE('',#3427,#3584,#4052,.T.);
#4052 = SURFACE_CURVE('',#4053,(#4057,#4064),.PCURVE_S1.);
#4053 = LINE('',#4054,#4055);
#4054 = CARTESIAN_POINT('',(1.720465053409,4.225,-3.5));
#4055 = VECTOR('',#4056,1.);
#4056 = DIRECTION('',(0.,1.,0.));
#4057 = PCURVE('',#3076,#4058);
#4058 = DEFINITIONAL_REPRESENTATION('',(#4059),#4063);
#4059 = LINE('',#4060,#4061);
#4060 = CARTESIAN_POINT('',(5.169262983917,0.));
#4061 = VECTOR('',#4062,1.);
#4062 = DIRECTION('',(0.,-1.));
#4063 = ( GEOMETRIC_REPRESENTATION_CONTEXT(2) 
PARAMETRIC_REPRESENTATION_CONTEXT() REPRESENTATION_CONTEXT('2D SPACE',''
  ) );
#4064 = PCURVE('',#3281,#4065);
#4065 = DEFINITIONAL_REPRESENTATION('',(#4066),#4070);
#4066 = LINE('',#4067,#4068);
#4067 = CARTESIAN_POINT('',(4.208292766764,0.675));
#4068 = VECTOR('',#4069,1.);
#4069 = DIRECTION('',(0.,-1.));
#4070 = ( GEOMETRIC_REPRESENTATION_CONTEXT(2) 
PARAMETRIC_REPRESENTATION_CONTEXT() REPRESENTATION_CONTEXT('2D SPACE',''
  ) );
#4071 = ORIENTED_EDGE('',*,*,#3583,.T.);
#4072 = ADVANCED_FACE('',(#4073),#2585,.T.);
#4073 = FACE_BOUND('',#4074,.T.);
#4074 = EDGE_LOOP('',(#4075,#4076,#4077,#4098));
#4075 = ORIENTED_EDGE('',*,*,#2571,.T.);
#4076 = ORIENTED_EDGE('',*,*,#3757,.T.);
#4077 = ORIENTED_EDGE('',*,*,#4078,.T.);
#4078 = EDGE_CURVE('',#3713,#3475,#4079,.T.);
#4079 = SURFACE_CURVE('',#4080,(#4084,#4091),.PCURVE_S1.);
#4080 = LINE('',#4081,#4082);
#4081 = CARTESIAN_POINT('',(1.720465053409,4.225,3.5));
#4082 = VECTOR('',#4083,1.);
#4083 = DIRECTION('',(0.,-1.,0.));
#4084 = PCURVE('',#2585,#4085);
#4085 = DEFINITIONAL_REPRESENTATION('',(#4086),#4090);
#4086 = LINE('',#4087,#4088);
#4087 = CARTESIAN_POINT('',(1.113922323262,0.));
#4088 = VECTOR('',#4089,1.);
#4089 = DIRECTION('',(0.,1.));
#4090 = ( GEOMETRIC_REPRESENTATION_CONTEXT(2) 
PARAMETRIC_REPRESENTATION_CONTEXT() REPRESENTATION_CONTEXT('2D SPACE',''
  ) );
#4091 = PCURVE('',#3514,#4092);
#4092 = DEFINITIONAL_REPRESENTATION('',(#4093),#4097);
#4093 = LINE('',#4094,#4095);
#4094 = CARTESIAN_POINT('',(8.441837555422,0.675));
#4095 = VECTOR('',#4096,1.);
#4096 = DIRECTION('',(0.,1.));
#4097 = ( GEOMETRIC_REPRESENTATION_CONTEXT(2) 
PARAMETRIC_REPRESENTATION_CONTEXT() REPRESENTATION_CONTEXT('2D SPACE',''
  ) );
#4098 = ORIENTED_EDGE('',*,*,#3474,.F.);
#4099 = ADVANCED_FACE('',(#4100),#2694,.T.);
#4100 = FACE_BOUND('',#4101,.T.);
#4101 = EDGE_LOOP('',(#4102,#4103,#4104,#4125));
#4102 = ORIENTED_EDGE('',*,*,#2680,.T.);
#4103 = ORIENTED_EDGE('',*,*,#4024,.F.);
#4104 = ORIENTED_EDGE('',*,*,#4105,.T.);
#4105 = EDGE_CURVE('',#3980,#3839,#4106,.T.);
#4106 = SURFACE_CURVE('',#4107,(#4111,#4118),.PCURVE_S1.);
#4107 = LINE('',#4108,#4109);
#4108 = CARTESIAN_POINT('',(1.720465053409,0.825,-3.5));
#4109 = VECTOR('',#4110,1.);
#4110 = DIRECTION('',(0.,1.,0.));
#4111 = PCURVE('',#2694,#4112);
#4112 = DEFINITIONAL_REPRESENTATION('',(#4113),#4117);
#4113 = LINE('',#4114,#4115);
#4114 = CARTESIAN_POINT('',(5.169262983917,0.));
#4115 = VECTOR('',#4116,1.);
#4116 = DIRECTION('',(0.,-1.));
#4117 = ( GEOMETRIC_REPRESENTATION_CONTEXT(2) 
PARAMETRIC_REPRESENTATION_CONTEXT() REPRESENTATION_CONTEXT('2D SPACE',''
  ) );
#4118 = PCURVE('',#3882,#4119);
#4119 = DEFINITIONAL_REPRESENTATION('',(#4120),#4124);
#4120 = LINE('',#4121,#4122);
#4121 = CARTESIAN_POINT('',(4.208292766764,4.075));
#4122 = VECTOR('',#4123,1.);
#4123 = DIRECTION('',(0.,-1.));
#4124 = ( GEOMETRIC_REPRESENTATION_CONTEXT(2) 
PARAMETRIC_REPRESENTATION_CONTEXT() REPRESENTATION_CONTEXT('2D SPACE',''
  ) );
#4125 = ORIENTED_EDGE('',*,*,#3838,.T.);
#4126 = ADVANCED_FACE('',(#4127),#3882,.F.);
#4127 = FACE_BOUND('',#4128,.T.);
#4128 = EDGE_LOOP('',(#4129,#4176,#4197,#4198,#4199,#4200));
#4129 = ORIENTED_EDGE('',*,*,#4130,.F.);
#4130 = EDGE_CURVE('',#4131,#4133,#4135,.T.);
#4131 = VERTEX_POINT('',#4132);
#4132 = CARTESIAN_POINT('',(-1.720465053409,0.25,-3.5));
#4133 = VERTEX_POINT('',#4134);
#4134 = CARTESIAN_POINT('',(-1.03561575886,-3.989863994747E-16,-3.5));
#4135 = SURFACE_CURVE('',#4136,(#4140,#4147),.PCURVE_S1.);
#4136 = ( BOUNDED_CURVE() B_SPLINE_CURVE(2,(#4137,#4138,#4139),
.UNSPECIFIED.,.F.,.F.) B_SPLINE_CURVE_WITH_KNOTS((3,3),(0.,
7.294938705409E-02),.PIECEWISE_BEZIER_KNOTS.) CURVE() 
GEOMETRIC_REPRESENTATION_ITEM() RATIONAL_B_SPLINE_CURVE((1.,
1.00413958047,1.)) REPRESENTATION_ITEM('') );
#4137 = CARTESIAN_POINT('',(-1.720465053409,0.25,-3.5));
#4138 = CARTESIAN_POINT('',(-1.366701841655,9.393916846072E-02,-3.5));
#4139 = CARTESIAN_POINT('',(-1.03561575886,-1.387778780781E-16,-3.5));
#4140 = PCURVE('',#3882,#4141);
#4141 = DEFINITIONAL_REPRESENTATION('',(#4142),#4146);
#4142 = ( BOUNDED_CURVE() B_SPLINE_CURVE(2,(#4143,#4144,#4145),
.UNSPECIFIED.,.F.,.F.) B_SPLINE_CURVE_WITH_KNOTS((3,3),(0.,
7.294938705409E-02),.PIECEWISE_BEZIER_KNOTS.) CURVE() 
GEOMETRIC_REPRESENTATION_ITEM() RATIONAL_B_SPLINE_CURVE((1.,
1.00413958047,1.)) REPRESENTATION_ITEM('') );
#4143 = CARTESIAN_POINT('',(7.649222873581,4.65));
#4144 = CARTESIAN_POINT('',(7.295459661827,4.806060831539));
#4145 = CARTESIAN_POINT('',(6.964373579032,4.9));
#4146 = ( GEOMETRIC_REPRESENTATION_CONTEXT(2) 
PARAMETRIC_REPRESENTATION_CONTEXT() REPRESENTATION_CONTEXT('2D SPACE',''
  ) );
#4147 = PCURVE('',#2206,#4148);
#4148 = DEFINITIONAL_REPRESENTATION('',(#4149),#4175);
#4149 = B_SPLINE_CURVE_WITH_KNOTS('',3,(#4150,#4151,#4152,#4153,#4154,
    #4155,#4156,#4157,#4158,#4159,#4160,#4161,#4162,#4163,#4164,#4165,
    #4166,#4167,#4168,#4169,#4170,#4171,#4172,#4173,#4174),
  .UNSPECIFIED.,.F.,.F.,(4,1,1,1,1,1,1,1,1,1,1,1,1,1,1,1,1,1,1,1,1,1,4),
  (0.,3.315881229731E-03,6.631762459463E-03,9.947643689194E-03,
    1.326352491893E-02,1.657940614866E-02,1.989528737839E-02,
    2.321116860812E-02,2.652704983785E-02,2.984293106758E-02,
    3.315881229731E-02,3.647469352704E-02,3.979057475678E-02,
    4.310645598651E-02,4.642233721624E-02,4.973821844597E-02,
    5.30540996757E-02,5.636998090543E-02,5.968586213516E-02,
    6.30017433649E-02,6.631762459463E-02,6.963350582436E-02,
    7.294938705409E-02),.QUASI_UNIFORM_KNOTS.);
#4150 = CARTESIAN_POINT('',(2.027670330328,0.125));
#4151 = CARTESIAN_POINT('',(2.025193298444,0.120251312154));
#4152 = CARTESIAN_POINT('',(2.020231117606,0.110844838971));
#4153 = CARTESIAN_POINT('',(2.012763585879,9.700615938548E-02));
#4154 = CARTESIAN_POINT('',(2.00527188313,8.343681012383E-02));
#4155 = CARTESIAN_POINT('',(1.997756103329,7.013517017204E-02));
#4156 = CARTESIAN_POINT('',(1.990216343445,5.709966938378E-02));
#4157 = CARTESIAN_POINT('',(1.982652703878,4.432879519903E-02));
#4158 = CARTESIAN_POINT('',(1.975065288375,3.182109010207E-02));
#4159 = CARTESIAN_POINT('',(1.96745420408,1.957515159783E-02));
#4160 = CARTESIAN_POINT('',(1.959819561546,7.589631549922E-03));
#4161 = CARTESIAN_POINT('',(1.952161474759,-4.136764274324E-03));
#4162 = CARTESIAN_POINT('',(1.944480061158,-1.560527667882E-02));
#4163 = CARTESIAN_POINT('',(1.936775441646,-2.681709347323E-02));
#4164 = CARTESIAN_POINT('',(1.929047740618,-3.777334988394E-02));
#4165 = CARTESIAN_POINT('',(1.92129708597,-4.847512893636E-02));
#4166 = CARTESIAN_POINT('',(1.913523609114,-5.892346181375E-02));
#4167 = CARTESIAN_POINT('',(1.905727445001,-6.911932817855E-02));
#4168 = CARTESIAN_POINT('',(1.897908732122,-7.906365650883E-02));
#4169 = CARTESIAN_POINT('',(1.890067612537,-8.87573242544E-02));
#4170 = CARTESIAN_POINT('',(1.88220423185,-9.820115854341E-02));
#4171 = CARTESIAN_POINT('',(1.874318739341,-0.107395934712));
#4172 = CARTESIAN_POINT('',(1.866411287522,-0.116342382838));
#4173 = CARTESIAN_POINT('',(1.861125118405,-0.122141570467));
#4174 = CARTESIAN_POINT('',(1.858478426211,-0.125));
#4175 = ( GEOMETRIC_REPRESENTATION_CONTEXT(2) 
PARAMETRIC_REPRESENTATION_CONTEXT() REPRESENTATION_CONTEXT('2D SPACE',''
  ) );
#4176 = ORIENTED_EDGE('',*,*,#4177,.F.);
#4177 = EDGE_CURVE('',#3867,#4131,#4178,.T.);
#4178 = SURFACE_CURVE('',#4179,(#4183,#4190),.PCURVE_S1.);
#4179 = LINE('',#4180,#4181);
#4180 = CARTESIAN_POINT('',(-1.720465053409,0.825,-3.5));
#4181 = VECTOR('',#4182,1.);
#4182 = DIRECTION('',(0.,-1.,0.));
#4183 = PCURVE('',#3882,#4184);
#4184 = DEFINITIONAL_REPRESENTATION('',(#4185),#4189);
#4185 = LINE('',#4186,#4187);
#4186 = CARTESIAN_POINT('',(7.649222873581,4.075));
#4187 = VECTOR('',#4188,1.);
#4188 = DIRECTION('',(0.,1.));
#4189 = ( GEOMETRIC_REPRESENTATION_CONTEXT(2) 
PARAMETRIC_REPRESENTATION_CONTEXT() REPRESENTATION_CONTEXT('2D SPACE',''
  ) );
#4190 = PCURVE('',#2336,#4191);
#4191 = DEFINITIONAL_REPRESENTATION('',(#4192),#4196);
#4192 = LINE('',#4193,#4194);
#4193 = CARTESIAN_POINT('',(4.255514976852,0.));
#4194 = VECTOR('',#4195,1.);
#4195 = DIRECTION('',(0.,1.));
#4196 = ( GEOMETRIC_REPRESENTATION_CONTEXT(2) 
PARAMETRIC_REPRESENTATION_CONTEXT() REPRESENTATION_CONTEXT('2D SPACE',''
  ) );
#4197 = ORIENTED_EDGE('',*,*,#3866,.F.);
#4198 = ORIENTED_EDGE('',*,*,#4105,.F.);
#4199 = ORIENTED_EDGE('',*,*,#3979,.F.);
#4200 = ORIENTED_EDGE('',*,*,#4201,.F.);
#4201 = EDGE_CURVE('',#4133,#3956,#4202,.T.);
#4202 = SURFACE_CURVE('',#4203,(#4207,#4214),.PCURVE_S1.);
#4203 = LINE('',#4204,#4205);
#4204 = CARTESIAN_POINT('',(3.876878910086,0.,-3.5));
#4205 = VECTOR('',#4206,1.);
#4206 = DIRECTION('',(1.,0.,-1.316456427344E-16));
#4207 = PCURVE('',#3882,#4208);
#4208 = DEFINITIONAL_REPRESENTATION('',(#4209),#4213);
#4209 = LINE('',#4210,#4211);
#4210 = CARTESIAN_POINT('',(2.051878910086,4.9));
#4211 = VECTOR('',#4212,1.);
#4212 = DIRECTION('',(-1.,0.));
#4213 = ( GEOMETRIC_REPRESENTATION_CONTEXT(2) 
PARAMETRIC_REPRESENTATION_CONTEXT() REPRESENTATION_CONTEXT('2D SPACE',''
  ) );
#4214 = PCURVE('',#1084,#4215);
#4215 = DEFINITIONAL_REPRESENTATION('',(#4216),#4220);
#4216 = LINE('',#4217,#4218);
#4217 = CARTESIAN_POINT('',(3.5,2.051878910086));
#4218 = VECTOR('',#4219,1.);
#4219 = DIRECTION('',(1.316456427344E-16,1.));
#4220 = ( GEOMETRIC_REPRESENTATION_CONTEXT(2) 
PARAMETRIC_REPRESENTATION_CONTEXT() REPRESENTATION_CONTEXT('2D SPACE',''
  ) );
#4221 = ADVANCED_FACE('',(#4222),#3281,.F.);
#4222 = FACE_BOUND('',#4223,.T.);
#4223 = EDGE_LOOP('',(#4224,#4225,#4246,#4247,#4248,#4249));
#4224 = ORIENTED_EDGE('',*,*,#3243,.F.);
#4225 = ORIENTED_EDGE('',*,*,#4226,.F.);
#4226 = EDGE_CURVE('',#3608,#3216,#4227,.T.);
#4227 = SURFACE_CURVE('',#4228,(#4232,#4239),.PCURVE_S1.);
#4228 = LINE('',#4229,#4230);
#4229 = CARTESIAN_POINT('',(3.876878910086,4.9,-3.5));
#4230 = VECTOR('',#4231,1.);
#4231 = DIRECTION('',(-1.,0.,1.316456427344E-16));
#4232 = PCURVE('',#3281,#4233);
#4233 = DEFINITIONAL_REPRESENTATION('',(#4234),#4238);
#4234 = LINE('',#4235,#4236);
#4235 = CARTESIAN_POINT('',(2.051878910086,0.));
#4236 = VECTOR('',#4237,1.);
#4237 = DIRECTION('',(1.,0.));
#4238 = ( GEOMETRIC_REPRESENTATION_CONTEXT(2) 
PARAMETRIC_REPRESENTATION_CONTEXT() REPRESENTATION_CONTEXT('2D SPACE',''
  ) );
#4239 = PCURVE('',#2027,#4240);
#4240 = DEFINITIONAL_REPRESENTATION('',(#4241),#4245);
#4241 = LINE('',#4242,#4243);
#4242 = CARTESIAN_POINT('',(-3.5,2.051878910086));
#4243 = VECTOR('',#4244,1.);
#4244 = DIRECTION('',(1.316456427344E-16,-1.));
#4245 = ( GEOMETRIC_REPRESENTATION_CONTEXT(2) 
PARAMETRIC_REPRESENTATION_CONTEXT() REPRESENTATION_CONTEXT('2D SPACE',''
  ) );
#4246 = ORIENTED_EDGE('',*,*,#3607,.F.);
#4247 = ORIENTED_EDGE('',*,*,#4051,.F.);
#4248 = ORIENTED_EDGE('',*,*,#3426,.F.);
#4249 = ORIENTED_EDGE('',*,*,#3320,.F.);
#4250 = ADVANCED_FACE('',(#4251),#3176,.F.);
#4251 = FACE_BOUND('',#4252,.T.);
#4252 = EDGE_LOOP('',(#4253,#4300,#4321,#4322,#4323,#4324));
#4253 = ORIENTED_EDGE('',*,*,#4254,.F.);
#4254 = EDGE_CURVE('',#4255,#4257,#4259,.T.);
#4255 = VERTEX_POINT('',#4256);
#4256 = CARTESIAN_POINT('',(1.720465053409,0.25,3.5));
#4257 = VERTEX_POINT('',#4258);
#4258 = CARTESIAN_POINT('',(1.03561575886,-1.214306433184E-16,3.5));
#4259 = SURFACE_CURVE('',#4260,(#4264,#4271),.PCURVE_S1.);
#4260 = ( BOUNDED_CURVE() B_SPLINE_CURVE(2,(#4261,#4262,#4263),
.UNSPECIFIED.,.F.,.F.) B_SPLINE_CURVE_WITH_KNOTS((3,3),(0.,
7.294938705409E-02),.PIECEWISE_BEZIER_KNOTS.) CURVE() 
GEOMETRIC_REPRESENTATION_ITEM() RATIONAL_B_SPLINE_CURVE((1.,
1.00413958047,1.)) REPRESENTATION_ITEM('') );
#4261 = CARTESIAN_POINT('',(1.720465053409,0.25,3.5));
#4262 = CARTESIAN_POINT('',(1.366701841655,9.393916846072E-02,3.5));
#4263 = CARTESIAN_POINT('',(1.03561575886,-1.387778780781E-16,3.5));
#4264 = PCURVE('',#3176,#4265);
#4265 = DEFINITIONAL_REPRESENTATION('',(#4266),#4270);
#4266 = ( BOUNDED_CURVE() B_SPLINE_CURVE(2,(#4267,#4268,#4269),
.UNSPECIFIED.,.F.,.F.) B_SPLINE_CURVE_WITH_KNOTS((3,3),(0.,
7.294938705409E-02),.PIECEWISE_BEZIER_KNOTS.) CURVE() 
GEOMETRIC_REPRESENTATION_ITEM() RATIONAL_B_SPLINE_CURVE((1.,
1.00413958047,1.)) REPRESENTATION_ITEM('') );
#4267 = CARTESIAN_POINT('',(8.441837555422,4.65));
#4268 = CARTESIAN_POINT('',(8.088074343668,4.806060831539));
#4269 = CARTESIAN_POINT('',(7.756988260874,4.9));
#4270 = ( GEOMETRIC_REPRESENTATION_CONTEXT(2) 
PARAMETRIC_REPRESENTATION_CONTEXT() REPRESENTATION_CONTEXT('2D SPACE',''
  ) );
#4271 = PCURVE('',#2446,#4272);
#4272 = DEFINITIONAL_REPRESENTATION('',(#4273),#4299);
#4273 = B_SPLINE_CURVE_WITH_KNOTS('',3,(#4274,#4275,#4276,#4277,#4278,
    #4279,#4280,#4281,#4282,#4283,#4284,#4285,#4286,#4287,#4288,#4289,
    #4290,#4291,#4292,#4293,#4294,#4295,#4296,#4297,#4298),
  .UNSPECIFIED.,.F.,.F.,(4,1,1,1,1,1,1,1,1,1,1,1,1,1,1,1,1,1,1,1,1,1,4),
  (0.,3.315881229731E-03,6.631762459463E-03,9.947643689194E-03,
    1.326352491893E-02,1.657940614866E-02,1.989528737839E-02,
    2.321116860812E-02,2.652704983785E-02,2.984293106758E-02,
    3.315881229731E-02,3.647469352704E-02,3.979057475678E-02,
    4.310645598651E-02,4.642233721624E-02,4.973821844597E-02,
    5.30540996757E-02,5.636998090543E-02,5.968586213516E-02,
    6.30017433649E-02,6.631762459463E-02,6.963350582436E-02,
    7.294938705409E-02),.QUASI_UNIFORM_KNOTS.);
#4274 = CARTESIAN_POINT('',(5.169262983917,0.125));
#4275 = CARTESIAN_POINT('',(5.166785952034,0.120251312154));
#4276 = CARTESIAN_POINT('',(5.161823771196,0.110844838971));
#4277 = CARTESIAN_POINT('',(5.154356239469,9.700615938547E-02));
#4278 = CARTESIAN_POINT('',(5.146864536719,8.343681012382E-02));
#4279 = CARTESIAN_POINT('',(5.139348756919,7.013517017203E-02));
#4280 = CARTESIAN_POINT('',(5.131808997035,5.709966938378E-02));
#4281 = CARTESIAN_POINT('',(5.124245357468,4.432879519903E-02));
#4282 = CARTESIAN_POINT('',(5.116657941965,3.182109010207E-02));
#4283 = CARTESIAN_POINT('',(5.109046857669,1.957515159783E-02));
#4284 = CARTESIAN_POINT('',(5.101412215135,7.589631549922E-03));
#4285 = CARTESIAN_POINT('',(5.093754128349,-4.136764274324E-03));
#4286 = CARTESIAN_POINT('',(5.086072714747,-1.560527667882E-02));
#4287 = CARTESIAN_POINT('',(5.078368095236,-2.681709347322E-02));
#4288 = CARTESIAN_POINT('',(5.070640394208,-3.777334988394E-02));
#4289 = CARTESIAN_POINT('',(5.062889739559,-4.847512893636E-02));
#4290 = CARTESIAN_POINT('',(5.055116262704,-5.892346181375E-02));
#4291 = CARTESIAN_POINT('',(5.047320098591,-6.911932817854E-02));
#4292 = CARTESIAN_POINT('',(5.039501385712,-7.906365650883E-02));
#4293 = CARTESIAN_POINT('',(5.031660266127,-8.875732425439E-02));
#4294 = CARTESIAN_POINT('',(5.02379688544,-9.820115854341E-02));
#4295 = CARTESIAN_POINT('',(5.015911392931,-0.107395934712));
#4296 = CARTESIAN_POINT('',(5.008003941112,-0.116342382838));
#4297 = CARTESIAN_POINT('',(5.002717771995,-0.122141570467));
#4298 = CARTESIAN_POINT('',(5.000071079801,-0.125));
#4299 = ( GEOMETRIC_REPRESENTATION_CONTEXT(2) 
PARAMETRIC_REPRESENTATION_CONTEXT() REPRESENTATION_CONTEXT('2D SPACE',''
  ) );
#4300 = ORIENTED_EDGE('',*,*,#4301,.F.);
#4301 = EDGE_CURVE('',#3787,#4255,#4302,.T.);
#4302 = SURFACE_CURVE('',#4303,(#4307,#4314),.PCURVE_S1.);
#4303 = LINE('',#4304,#4305);
#4304 = CARTESIAN_POINT('',(1.720465053409,0.825,3.5));
#4305 = VECTOR('',#4306,1.);
#4306 = DIRECTION('',(0.,-1.,0.));
#4307 = PCURVE('',#3176,#4308);
#4308 = DEFINITIONAL_REPRESENTATION('',(#4309),#4313);
#4309 = LINE('',#4310,#4311);
#4310 = CARTESIAN_POINT('',(8.441837555422,4.075));
#4311 = VECTOR('',#4312,1.);
#4312 = DIRECTION('',(0.,1.));
#4313 = ( GEOMETRIC_REPRESENTATION_CONTEXT(2) 
PARAMETRIC_REPRESENTATION_CONTEXT() REPRESENTATION_CONTEXT('2D SPACE',''
  ) );
#4314 = PCURVE('',#2418,#4315);
#4315 = DEFINITIONAL_REPRESENTATION('',(#4316),#4320);
#4316 = LINE('',#4317,#4318);
#4317 = CARTESIAN_POINT('',(1.113922323262,0.));
#4318 = VECTOR('',#4319,1.);
#4319 = DIRECTION('',(0.,1.));
#4320 = ( GEOMETRIC_REPRESENTATION_CONTEXT(2) 
PARAMETRIC_REPRESENTATION_CONTEXT() REPRESENTATION_CONTEXT('2D SPACE',''
  ) );
#4321 = ORIENTED_EDGE('',*,*,#3786,.F.);
#4322 = ORIENTED_EDGE('',*,*,#3370,.F.);
#4323 = ORIENTED_EDGE('',*,*,#3138,.F.);
#4324 = ORIENTED_EDGE('',*,*,#4325,.F.);
#4325 = EDGE_CURVE('',#4257,#3115,#4326,.T.);
#4326 = SURFACE_CURVE('',#4327,(#4331,#4338),.PCURVE_S1.);
#4327 = LINE('',#4328,#4329);
#4328 = CARTESIAN_POINT('',(-2.448186251007,0.,3.5));
#4329 = VECTOR('',#4330,1.);
#4330 = DIRECTION('',(-1.,0.,-1.316456427344E-16));
#4331 = PCURVE('',#3176,#4332);
#4332 = DEFINITIONAL_REPRESENTATION('',(#4333),#4337);
#4333 = LINE('',#4334,#4335);
#4334 = CARTESIAN_POINT('',(4.273186251007,4.9));
#4335 = VECTOR('',#4336,1.);
#4336 = DIRECTION('',(-1.,-0.));
#4337 = ( GEOMETRIC_REPRESENTATION_CONTEXT(2) 
PARAMETRIC_REPRESENTATION_CONTEXT() REPRESENTATION_CONTEXT('2D SPACE',''
  ) );
#4338 = PCURVE('',#1084,#4339);
#4339 = DEFINITIONAL_REPRESENTATION('',(#4340),#4344);
#4340 = LINE('',#4341,#4342);
#4341 = CARTESIAN_POINT('',(-3.5,-4.273186251007));
#4342 = VECTOR('',#4343,1.);
#4343 = DIRECTION('',(1.316456427344E-16,-1.));
#4344 = ( GEOMETRIC_REPRESENTATION_CONTEXT(2) 
PARAMETRIC_REPRESENTATION_CONTEXT() REPRESENTATION_CONTEXT('2D SPACE',''
  ) );
#4345 = ADVANCED_FACE('',(#4346),#3514,.F.);
#4346 = FACE_BOUND('',#4347,.T.);
#4347 = EDGE_LOOP('',(#4348,#4349,#4372,#4417,#4438,#4439));
#4348 = ORIENTED_EDGE('',*,*,#3712,.F.);
#4349 = ORIENTED_EDGE('',*,*,#4350,.F.);
#4350 = EDGE_CURVE('',#4351,#3685,#4353,.T.);
#4351 = VERTEX_POINT('',#4352);
#4352 = CARTESIAN_POINT('',(-1.03561575886,4.9,3.5));
#4353 = SURFACE_CURVE('',#4354,(#4358,#4365),.PCURVE_S1.);
#4354 = LINE('',#4355,#4356);
#4355 = CARTESIAN_POINT('',(-2.448186251007,4.9,3.5));
#4356 = VECTOR('',#4357,1.);
#4357 = DIRECTION('',(1.,0.,1.316456427344E-16));
#4358 = PCURVE('',#3514,#4359);
#4359 = DEFINITIONAL_REPRESENTATION('',(#4360),#4364);
#4360 = LINE('',#4361,#4362);
#4361 = CARTESIAN_POINT('',(4.273186251007,0.));
#4362 = VECTOR('',#4363,1.);
#4363 = DIRECTION('',(1.,0.));
#4364 = ( GEOMETRIC_REPRESENTATION_CONTEXT(2) 
PARAMETRIC_REPRESENTATION_CONTEXT() REPRESENTATION_CONTEXT('2D SPACE',''
  ) );
#4365 = PCURVE('',#2027,#4366);
#4366 = DEFINITIONAL_REPRESENTATION('',(#4367),#4371);
#4367 = LINE('',#4368,#4369);
#4368 = CARTESIAN_POINT('',(3.5,-4.273186251007));
#4369 = VECTOR('',#4370,1.);
#4370 = DIRECTION('',(1.316456427344E-16,1.));
#4371 = ( GEOMETRIC_REPRESENTATION_CONTEXT(2) 
PARAMETRIC_REPRESENTATION_CONTEXT() REPRESENTATION_CONTEXT('2D SPACE',''
  ) );
#4372 = ORIENTED_EDGE('',*,*,#4373,.F.);
#4373 = EDGE_CURVE('',#4374,#4351,#4376,.T.);
#4374 = VERTEX_POINT('',#4375);
#4375 = CARTESIAN_POINT('',(-1.720465053409,4.65,3.5));
#4376 = SURFACE_CURVE('',#4377,(#4381,#4388),.PCURVE_S1.);
#4377 = ( BOUNDED_CURVE() B_SPLINE_CURVE(2,(#4378,#4379,#4380),
.UNSPECIFIED.,.F.,.F.) B_SPLINE_CURVE_WITH_KNOTS((3,3),(0.,
7.294938705409E-02),.PIECEWISE_BEZIER_KNOTS.) CURVE() 
GEOMETRIC_REPRESENTATION_ITEM() RATIONAL_B_SPLINE_CURVE((1.,
1.00413958047,1.)) REPRESENTATION_ITEM('') );
#4378 = CARTESIAN_POINT('',(-1.720465053409,4.65,3.5));
#4379 = CARTESIAN_POINT('',(-1.366701841655,4.806060831539,3.5));
#4380 = CARTESIAN_POINT('',(-1.03561575886,4.9,3.5));
#4381 = PCURVE('',#3514,#4382);
#4382 = DEFINITIONAL_REPRESENTATION('',(#4383),#4387);
#4383 = ( BOUNDED_CURVE() B_SPLINE_CURVE(2,(#4384,#4385,#4386),
.UNSPECIFIED.,.F.,.F.) B_SPLINE_CURVE_WITH_KNOTS((3,3),(0.,
7.294938705409E-02),.PIECEWISE_BEZIER_KNOTS.) CURVE() 
GEOMETRIC_REPRESENTATION_ITEM() RATIONAL_B_SPLINE_CURVE((1.,
1.00413958047,1.)) REPRESENTATION_ITEM('') );
#4384 = CARTESIAN_POINT('',(5.000907448605,0.25));
#4385 = CARTESIAN_POINT('',(5.354670660358,9.393916846072E-02));
#4386 = CARTESIAN_POINT('',(5.685756743153,0.));
#4387 = ( GEOMETRIC_REPRESENTATION_CONTEXT(2) 
PARAMETRIC_REPRESENTATION_CONTEXT() REPRESENTATION_CONTEXT('2D SPACE',''
  ) );
#4388 = PCURVE('',#1696,#4389);
#4389 = DEFINITIONAL_REPRESENTATION('',(#4390),#4416);
#4390 = B_SPLINE_CURVE_WITH_KNOTS('',3,(#4391,#4392,#4393,#4394,#4395,
    #4396,#4397,#4398,#4399,#4400,#4401,#4402,#4403,#4404,#4405,#4406,
    #4407,#4408,#4409,#4410,#4411,#4412,#4413,#4414,#4415),
  .UNSPECIFIED.,.F.,.F.,(4,1,1,1,1,1,1,1,1,1,1,1,1,1,1,1,1,1,1,1,1,1,4),
  (0.,3.315881229731E-03,6.631762459463E-03,9.947643689194E-03,
    1.326352491893E-02,1.657940614866E-02,1.989528737839E-02,
    2.321116860812E-02,2.652704983785E-02,2.984293106758E-02,
    3.315881229731E-02,3.647469352704E-02,3.979057475678E-02,
    4.310645598651E-02,4.642233721624E-02,4.973821844597E-02,
    5.30540996757E-02,5.636998090543E-02,5.968586213516E-02,
    6.30017433649E-02,6.631762459463E-02,6.963350582436E-02,
    7.294938705409E-02),.QUASI_UNIFORM_KNOTS.);
#4391 = CARTESIAN_POINT('',(2.027670330328,0.125));
#4392 = CARTESIAN_POINT('',(2.025193298444,0.120251312154));
#4393 = CARTESIAN_POINT('',(2.020231117606,0.110844838971));
#4394 = CARTESIAN_POINT('',(2.012763585879,9.700615938548E-02));
#4395 = CARTESIAN_POINT('',(2.00527188313,8.343681012383E-02));
#4396 = CARTESIAN_POINT('',(1.997756103329,7.013517017203E-02));
#4397 = CARTESIAN_POINT('',(1.990216343445,5.709966938378E-02));
#4398 = CARTESIAN_POINT('',(1.982652703878,4.432879519903E-02));
#4399 = CARTESIAN_POINT('',(1.975065288375,3.182109010207E-02));
#4400 = CARTESIAN_POINT('',(1.96745420408,1.957515159783E-02));
#4401 = CARTESIAN_POINT('',(1.959819561546,7.589631549922E-03));
#4402 = CARTESIAN_POINT('',(1.952161474759,-4.136764274325E-03));
#4403 = CARTESIAN_POINT('',(1.944480061158,-1.560527667882E-02));
#4404 = CARTESIAN_POINT('',(1.936775441646,-2.681709347323E-02));
#4405 = CARTESIAN_POINT('',(1.929047740618,-3.777334988394E-02));
#4406 = CARTESIAN_POINT('',(1.92129708597,-4.847512893636E-02));
#4407 = CARTESIAN_POINT('',(1.913523609114,-5.892346181375E-02));
#4408 = CARTESIAN_POINT('',(1.905727445001,-6.911932817855E-02));
#4409 = CARTESIAN_POINT('',(1.897908732122,-7.906365650883E-02));
#4410 = CARTESIAN_POINT('',(1.890067612537,-8.87573242544E-02));
#4411 = CARTESIAN_POINT('',(1.88220423185,-9.820115854341E-02));
#4412 = CARTESIAN_POINT('',(1.874318739341,-0.107395934712));
#4413 = CARTESIAN_POINT('',(1.866411287522,-0.116342382838));
#4414 = CARTESIAN_POINT('',(1.861125118405,-0.122141570467));
#4415 = CARTESIAN_POINT('',(1.858478426211,-0.125));
#4416 = ( GEOMETRIC_REPRESENTATION_CONTEXT(2) 
PARAMETRIC_REPRESENTATION_CONTEXT() REPRESENTATION_CONTEXT('2D SPACE',''
  ) );
#4417 = ORIENTED_EDGE('',*,*,#4418,.F.);
#4418 = EDGE_CURVE('',#3499,#4374,#4419,.T.);
#4419 = SURFACE_CURVE('',#4420,(#4424,#4431),.PCURVE_S1.);
#4420 = LINE('',#4421,#4422);
#4421 = CARTESIAN_POINT('',(-1.720465053409,4.225,3.5));
#4422 = VECTOR('',#4423,1.);
#4423 = DIRECTION('',(0.,1.,0.));
#4424 = PCURVE('',#3514,#4425);
#4425 = DEFINITIONAL_REPRESENTATION('',(#4426),#4430);
#4426 = LINE('',#4427,#4428);
#4427 = CARTESIAN_POINT('',(5.000907448605,0.675));
#4428 = VECTOR('',#4429,1.);
#4429 = DIRECTION('',(0.,-1.));
#4430 = ( GEOMETRIC_REPRESENTATION_CONTEXT(2) 
PARAMETRIC_REPRESENTATION_CONTEXT() REPRESENTATION_CONTEXT('2D SPACE',''
  ) );
#4431 = PCURVE('',#1668,#4432);
#4432 = DEFINITIONAL_REPRESENTATION('',(#4433),#4437);
#4433 = LINE('',#4434,#4435);
#4434 = CARTESIAN_POINT('',(2.027670330328,0.));
#4435 = VECTOR('',#4436,1.);
#4436 = DIRECTION('',(0.,-1.));
#4437 = ( GEOMETRIC_REPRESENTATION_CONTEXT(2) 
PARAMETRIC_REPRESENTATION_CONTEXT() REPRESENTATION_CONTEXT('2D SPACE',''
  ) );
#4438 = ORIENTED_EDGE('',*,*,#3498,.F.);
#4439 = ORIENTED_EDGE('',*,*,#4078,.F.);
#4440 = ADVANCED_FACE('',(#4441),#2446,.T.);
#4441 = FACE_BOUND('',#4442,.T.);
#4442 = EDGE_LOOP('',(#4443,#4444,#4466,#4467,#4489));
#4443 = ORIENTED_EDGE('',*,*,#2430,.T.);
#4444 = ORIENTED_EDGE('',*,*,#4445,.T.);
#4445 = EDGE_CURVE('',#2403,#4255,#4446,.T.);
#4446 = SURFACE_CURVE('',#4447,(#4452,#4459),.PCURVE_S1.);
#4447 = CIRCLE('',#4448,3.9);
#4448 = AXIS2_PLACEMENT_3D('',#4449,#4450,#4451);
#4449 = CARTESIAN_POINT('',(0.,0.25,0.));
#4450 = DIRECTION('',(0.,-1.,0.));
#4451 = DIRECTION('',(1.,0.,0.));
#4452 = PCURVE('',#2446,#4453);
#4453 = DEFINITIONAL_REPRESENTATION('',(#4454),#4458);
#4454 = LINE('',#4455,#4456);
#4455 = CARTESIAN_POINT('',(6.28318530718,0.125));
#4456 = VECTOR('',#4457,1.);
#4457 = DIRECTION('',(-1.,2.190945199777E-16));
#4458 = ( GEOMETRIC_REPRESENTATION_CONTEXT(2) 
PARAMETRIC_REPRESENTATION_CONTEXT() REPRESENTATION_CONTEXT('2D SPACE',''
  ) );
#4459 = PCURVE('',#2418,#4460);
#4460 = DEFINITIONAL_REPRESENTATION('',(#4461),#4465);
#4461 = LINE('',#4462,#4463);
#4462 = CARTESIAN_POINT('',(0.,0.575));
#4463 = VECTOR('',#4464,1.);
#4464 = DIRECTION('',(1.,0.));
#4465 = ( GEOMETRIC_REPRESENTATION_CONTEXT(2) 
PARAMETRIC_REPRESENTATION_CONTEXT() REPRESENTATION_CONTEXT('2D SPACE',''
  ) );
#4466 = ORIENTED_EDGE('',*,*,#4254,.T.);
#4467 = ORIENTED_EDGE('',*,*,#4468,.F.);
#4468 = EDGE_CURVE('',#2756,#4257,#4469,.T.);
#4469 = SURFACE_CURVE('',#4470,(#4475,#4482),.PCURVE_S1.);
#4470 = CIRCLE('',#4471,3.65);
#4471 = AXIS2_PLACEMENT_3D('',#4472,#4473,#4474);
#4472 = CARTESIAN_POINT('',(0.,2.465190328816E-31,0.));
#4473 = DIRECTION('',(0.,-1.,0.));
#4474 = DIRECTION('',(1.,0.,0.));
#4475 = PCURVE('',#2446,#4476);
#4476 = DEFINITIONAL_REPRESENTATION('',(#4477),#4481);
#4477 = LINE('',#4478,#4479);
#4478 = CARTESIAN_POINT('',(6.28318530718,-0.125));
#4479 = VECTOR('',#4480,1.);
#4480 = DIRECTION('',(-1.,0.));
#4481 = ( GEOMETRIC_REPRESENTATION_CONTEXT(2) 
PARAMETRIC_REPRESENTATION_CONTEXT() REPRESENTATION_CONTEXT('2D SPACE',''
  ) );
#4482 = PCURVE('',#1084,#4483);
#4483 = DEFINITIONAL_REPRESENTATION('',(#4484),#4488);
#4484 = CIRCLE('',#4485,3.65);
#4485 = AXIS2_PLACEMENT_2D('',#4486,#4487);
#4486 = CARTESIAN_POINT('',(0.,-1.825));
#4487 = DIRECTION('',(0.,1.));
#4488 = ( GEOMETRIC_REPRESENTATION_CONTEXT(2) 
PARAMETRIC_REPRESENTATION_CONTEXT() REPRESENTATION_CONTEXT('2D SPACE',''
  ) );
#4489 = ORIENTED_EDGE('',*,*,#2783,.T.);
#4490 = ADVANCED_FACE('',(#4491,#4522,#4528),#1084,.T.);
#4491 = FACE_BOUND('',#4492,.T.);
#4492 = EDGE_LOOP('',(#4493,#4494,#4516,#4517,#4518,#4519,#4520,#4521));
#4493 = ORIENTED_EDGE('',*,*,#2162,.T.);
#4494 = ORIENTED_EDGE('',*,*,#4495,.T.);
#4495 = EDGE_CURVE('',#2163,#4133,#4496,.T.);
#4496 = SURFACE_CURVE('',#4497,(#4502,#4509),.PCURVE_S1.);
#4497 = CIRCLE('',#4498,3.65);
#4498 = AXIS2_PLACEMENT_3D('',#4499,#4500,#4501);
#4499 = CARTESIAN_POINT('',(0.,2.465190328816E-31,0.));
#4500 = DIRECTION('',(0.,-1.,0.));
#4501 = DIRECTION('',(1.,0.,0.));
#4502 = PCURVE('',#1084,#4503);
#4503 = DEFINITIONAL_REPRESENTATION('',(#4504),#4508);
#4504 = CIRCLE('',#4505,3.65);
#4505 = AXIS2_PLACEMENT_2D('',#4506,#4507);
#4506 = CARTESIAN_POINT('',(0.,-1.825));
#4507 = DIRECTION('',(0.,1.));
#4508 = ( GEOMETRIC_REPRESENTATION_CONTEXT(2) 
PARAMETRIC_REPRESENTATION_CONTEXT() REPRESENTATION_CONTEXT('2D SPACE',''
  ) );
#4509 = PCURVE('',#2206,#4510);
#4510 = DEFINITIONAL_REPRESENTATION('',(#4511),#4515);
#4511 = LINE('',#4512,#4513);
#4512 = CARTESIAN_POINT('',(6.28318530718,-0.125));
#4513 = VECTOR('',#4514,1.);
#4514 = DIRECTION('',(-1.,-1.869230442673E-16));
#4515 = ( GEOMETRIC_REPRESENTATION_CONTEXT(2) 
PARAMETRIC_REPRESENTATION_CONTEXT() REPRESENTATION_CONTEXT('2D SPACE',''
  ) );
#4516 = ORIENTED_EDGE('',*,*,#4201,.T.);
#4517 = ORIENTED_EDGE('',*,*,#3955,.T.);
#4518 = ORIENTED_EDGE('',*,*,#2755,.T.);
#4519 = ORIENTED_EDGE('',*,*,#4468,.T.);
#4520 = ORIENTED_EDGE('',*,*,#4325,.T.);
#4521 = ORIENTED_EDGE('',*,*,#3114,.T.);
#4522 = FACE_BOUND('',#4523,.T.);
#4523 = EDGE_LOOP('',(#4524,#4525,#4526,#4527));
#4524 = ORIENTED_EDGE('',*,*,#1045,.T.);
#4525 = ORIENTED_EDGE('',*,*,#1250,.T.);
#4526 = ORIENTED_EDGE('',*,*,#1278,.T.);
#4527 = ORIENTED_EDGE('',*,*,#1203,.T.);
#4528 = FACE_BOUND('',#4529,.T.);
#4529 = EDGE_LOOP('',(#4530,#4531,#4532,#4533));
#4530 = ORIENTED_EDGE('',*,*,#1415,.T.);
#4531 = ORIENTED_EDGE('',*,*,#1496,.T.);
#4532 = ORIENTED_EDGE('',*,*,#1592,.T.);
#4533 = ORIENTED_EDGE('',*,*,#1567,.T.);
#4534 = ADVANCED_FACE('',(#4535),#2418,.T.);
#4535 = FACE_BOUND('',#4536,.T.);
#4536 = EDGE_LOOP('',(#4537,#4538,#4539,#4540));
#4537 = ORIENTED_EDGE('',*,*,#2402,.T.);
#4538 = ORIENTED_EDGE('',*,*,#3809,.T.);
#4539 = ORIENTED_EDGE('',*,*,#4301,.T.);
#4540 = ORIENTED_EDGE('',*,*,#4445,.F.);
#4541 = ADVANCED_FACE('',(#4542),#2027,.T.);
#4542 = FACE_BOUND('',#4543,.T.);
#4543 = EDGE_LOOP('',(#4544,#4545,#4571,#4572,#4573,#4574,#4575,#4576));
#4544 = ORIENTED_EDGE('',*,*,#2010,.T.);
#4545 = ORIENTED_EDGE('',*,*,#4546,.F.);
#4546 = EDGE_CURVE('',#4351,#2011,#4547,.T.);
#4547 = SURFACE_CURVE('',#4548,(#4553,#4564),.PCURVE_S1.);
#4548 = CIRCLE('',#4549,3.65);
#4549 = AXIS2_PLACEMENT_3D('',#4550,#4551,#4552);
#4550 = CARTESIAN_POINT('',(0.,4.9,0.));
#4551 = DIRECTION('',(0.,-1.,0.));
#4552 = DIRECTION('',(1.,0.,0.));
#4553 = PCURVE('',#2027,#4554);
#4554 = DEFINITIONAL_REPRESENTATION('',(#4555),#4563);
#4555 = ( BOUNDED_CURVE() B_SPLINE_CURVE(2,(#4556,#4557,#4558,#4559,
#4560,#4561,#4562),.UNSPECIFIED.,.T.,.F.) B_SPLINE_CURVE_WITH_KNOTS((1,2
    ,2,2,2,1),(-2.094395102393,0.,2.094395102393,4.188790204786,
6.28318530718,8.377580409573),.UNSPECIFIED.) CURVE() 
GEOMETRIC_REPRESENTATION_ITEM() RATIONAL_B_SPLINE_CURVE((1.,0.5,1.,0.5,
1.,0.5,1.)) REPRESENTATION_ITEM('') );
#4556 = CARTESIAN_POINT('',(0.,1.825));
#4557 = CARTESIAN_POINT('',(6.321985447626,1.825));
#4558 = CARTESIAN_POINT('',(3.160992723813,-3.65));
#4559 = CARTESIAN_POINT('',(8.939921633776E-16,-9.125));
#4560 = CARTESIAN_POINT('',(-3.160992723813,-3.65));
#4561 = CARTESIAN_POINT('',(-6.321985447626,1.825));
#4562 = CARTESIAN_POINT('',(0.,1.825));
#4563 = ( GEOMETRIC_REPRESENTATION_CONTEXT(2) 
PARAMETRIC_REPRESENTATION_CONTEXT() REPRESENTATION_CONTEXT('2D SPACE',''
  ) );
#4564 = PCURVE('',#1696,#4565);
#4565 = DEFINITIONAL_REPRESENTATION('',(#4566),#4570);
#4566 = LINE('',#4567,#4568);
#4567 = CARTESIAN_POINT('',(0.,-0.125));
#4568 = VECTOR('',#4569,1.);
#4569 = DIRECTION('',(1.,-1.869230442673E-16));
#4570 = ( GEOMETRIC_REPRESENTATION_CONTEXT(2) 
PARAMETRIC_REPRESENTATION_CONTEXT() REPRESENTATION_CONTEXT('2D SPACE',''
  ) );
#4571 = ORIENTED_EDGE('',*,*,#4350,.T.);
#4572 = ORIENTED_EDGE('',*,*,#3684,.F.);
#4573 = ORIENTED_EDGE('',*,*,#2902,.T.);
#4574 = ORIENTED_EDGE('',*,*,#3652,.F.);
#4575 = ORIENTED_EDGE('',*,*,#4226,.T.);
#4576 = ORIENTED_EDGE('',*,*,#3215,.F.);
#4577 = ADVANCED_FACE('',(#4578),#1696,.T.);
#4578 = FACE_BOUND('',#4579,.T.);
#4579 = EDGE_LOOP('',(#4580,#4581,#4603,#4604,#4605));
#4580 = ORIENTED_EDGE('',*,*,#1680,.T.);
#4581 = ORIENTED_EDGE('',*,*,#4582,.F.);
#4582 = EDGE_CURVE('',#4374,#1653,#4583,.T.);
#4583 = SURFACE_CURVE('',#4584,(#4589,#4596),.PCURVE_S1.);
#4584 = CIRCLE('',#4585,3.9);
#4585 = AXIS2_PLACEMENT_3D('',#4586,#4587,#4588);
#4586 = CARTESIAN_POINT('',(0.,4.65,0.));
#4587 = DIRECTION('',(0.,-1.,0.));
#4588 = DIRECTION('',(1.,0.,0.));
#4589 = PCURVE('',#1696,#4590);
#4590 = DEFINITIONAL_REPRESENTATION('',(#4591),#4595);
#4591 = LINE('',#4592,#4593);
#4592 = CARTESIAN_POINT('',(0.,0.125));
#4593 = VECTOR('',#4594,1.);
#4594 = DIRECTION('',(1.,0.));
#4595 = ( GEOMETRIC_REPRESENTATION_CONTEXT(2) 
PARAMETRIC_REPRESENTATION_CONTEXT() REPRESENTATION_CONTEXT('2D SPACE',''
  ) );
#4596 = PCURVE('',#1668,#4597);
#4597 = DEFINITIONAL_REPRESENTATION('',(#4598),#4602);
#4598 = LINE('',#4599,#4600);
#4599 = CARTESIAN_POINT('',(0.,-0.425));
#4600 = VECTOR('',#4601,1.);
#4601 = DIRECTION('',(1.,0.));
#4602 = ( GEOMETRIC_REPRESENTATION_CONTEXT(2) 
PARAMETRIC_REPRESENTATION_CONTEXT() REPRESENTATION_CONTEXT('2D SPACE',''
  ) );
#4603 = ORIENTED_EDGE('',*,*,#4373,.T.);
#4604 = ORIENTED_EDGE('',*,*,#4546,.T.);
#4605 = ORIENTED_EDGE('',*,*,#2043,.T.);
#4606 = ADVANCED_FACE('',(#4607),#1668,.T.);
#4607 = FACE_BOUND('',#4608,.T.);
#4608 = EDGE_LOOP('',(#4609,#4610,#4611,#4612));
#4609 = ORIENTED_EDGE('',*,*,#1652,.T.);
#4610 = ORIENTED_EDGE('',*,*,#3526,.F.);
#4611 = ORIENTED_EDGE('',*,*,#4418,.T.);
#4612 = ORIENTED_EDGE('',*,*,#4582,.T.);
#4613 = ADVANCED_FACE('',(#4614),#3567,.T.);
#4614 = FACE_BOUND('',#4615,.T.);
#4615 = EDGE_LOOP('',(#4616,#4617,#4637,#4638));
#4616 = ORIENTED_EDGE('',*,*,#3922,.F.);
#4617 = ORIENTED_EDGE('',*,*,#4618,.F.);
#4618 = EDGE_CURVE('',#3551,#3923,#4619,.T.);
#4619 = SEAM_CURVE('',#4620,(#4623,#4630),.PCURVE_S1.);
#4620 = B_SPLINE_CURVE_WITH_KNOTS('',1,(#4621,#4622),.UNSPECIFIED.,.F.,
  .F.,(2,2),(-1.2,1.2),.PIECEWISE_BEZIER_KNOTS.);
#4621 = CARTESIAN_POINT('',(3.1,3.8,-7.592810154714E-16));
#4622 = CARTESIAN_POINT('',(3.1,1.4,-7.592810154714E-16));
#4623 = PCURVE('',#3567,#4624);
#4624 = DEFINITIONAL_REPRESENTATION('',(#4625),#4629);
#4625 = LINE('',#4626,#4627);
#4626 = CARTESIAN_POINT('',(0.,0.));
#4627 = VECTOR('',#4628,1.);
#4628 = DIRECTION('',(0.,1.));
#4629 = ( GEOMETRIC_REPRESENTATION_CONTEXT(2) 
PARAMETRIC_REPRESENTATION_CONTEXT() REPRESENTATION_CONTEXT('2D SPACE',''
  ) );
#4630 = PCURVE('',#3567,#4631);
#4631 = DEFINITIONAL_REPRESENTATION('',(#4632),#4636);
#4632 = LINE('',#4633,#4634);
#4633 = CARTESIAN_POINT('',(6.28318530718,0.));
#4634 = VECTOR('',#4635,1.);
#4635 = DIRECTION('',(0.,1.));
#4636 = ( GEOMETRIC_REPRESENTATION_CONTEXT(2) 
PARAMETRIC_REPRESENTATION_CONTEXT() REPRESENTATION_CONTEXT('2D SPACE',''
  ) );
#4637 = ORIENTED_EDGE('',*,*,#3550,.T.);
#4638 = ORIENTED_EDGE('',*,*,#4618,.T.);
#4639 = ADVANCED_FACE('',(#4640),#2336,.T.);
#4640 = FACE_BOUND('',#4641,.T.);
#4641 = EDGE_LOOP('',(#4642,#4643,#4644,#4645));
#4642 = ORIENTED_EDGE('',*,*,#2320,.T.);
#4643 = ORIENTED_EDGE('',*,*,#3894,.T.);
#4644 = ORIENTED_EDGE('',*,*,#4177,.T.);
#4645 = ORIENTED_EDGE('',*,*,#4646,.F.);
#4646 = EDGE_CURVE('',#2321,#4131,#4647,.T.);
#4647 = SURFACE_CURVE('',#4648,(#4653,#4660),.PCURVE_S1.);
#4648 = CIRCLE('',#4649,3.9);
#4649 = AXIS2_PLACEMENT_3D('',#4650,#4651,#4652);
#4650 = CARTESIAN_POINT('',(0.,0.25,0.));
#4651 = DIRECTION('',(0.,-1.,0.));
#4652 = DIRECTION('',(1.,0.,0.));
#4653 = PCURVE('',#2336,#4654);
#4654 = DEFINITIONAL_REPRESENTATION('',(#4655),#4659);
#4655 = LINE('',#4656,#4657);
#4656 = CARTESIAN_POINT('',(-4.440892098501E-16,0.575));
#4657 = VECTOR('',#4658,1.);
#4658 = DIRECTION('',(1.,0.));
#4659 = ( GEOMETRIC_REPRESENTATION_CONTEXT(2) 
PARAMETRIC_REPRESENTATION_CONTEXT() REPRESENTATION_CONTEXT('2D SPACE',''
  ) );
#4660 = PCURVE('',#2206,#4661);
#4661 = DEFINITIONAL_REPRESENTATION('',(#4662),#4666);
#4662 = LINE('',#4663,#4664);
#4663 = CARTESIAN_POINT('',(6.28318530718,0.125));
#4664 = VECTOR('',#4665,1.);
#4665 = DIRECTION('',(-1.,4.381890399554E-16));
#4666 = ( GEOMETRIC_REPRESENTATION_CONTEXT(2) 
PARAMETRIC_REPRESENTATION_CONTEXT() REPRESENTATION_CONTEXT('2D SPACE',''
  ) );
#4667 = ADVANCED_FACE('',(#4668),#2206,.T.);
#4668 = FACE_BOUND('',#4669,.T.);
#4669 = EDGE_LOOP('',(#4670,#4671,#4672,#4673,#4674));
#4670 = ORIENTED_EDGE('',*,*,#2348,.T.);
#4671 = ORIENTED_EDGE('',*,*,#4646,.T.);
#4672 = ORIENTED_EDGE('',*,*,#4130,.T.);
#4673 = ORIENTED_EDGE('',*,*,#4495,.F.);
#4674 = ORIENTED_EDGE('',*,*,#2190,.T.);
#4675 = MANIFOLD_SOLID_BREP('',#4676);
#4676 = CLOSED_SHELL('',(#4677));
#4677 = ADVANCED_FACE('',(#4678,#4709),#4691,.T.);
#4678 = FACE_BOUND('',#4679,.T.);
#4679 = EDGE_LOOP('',(#4680));
#4680 = ORIENTED_EDGE('',*,*,#4681,.T.);
#4681 = EDGE_CURVE('',#4682,#4682,#4684,.T.);
#4682 = VERTEX_POINT('',#4683);
#4683 = CARTESIAN_POINT('',(-3.918869757272E-16,3.6,3.2));
#4684 = SURFACE_CURVE('',#4685,(#4690,#4702),.PCURVE_S1.);
#4685 = CIRCLE('',#4686,3.2);
#4686 = AXIS2_PLACEMENT_3D('',#4687,#4688,#4689);
#4687 = CARTESIAN_POINT('',(0.,3.6,0.));
#4688 = DIRECTION('',(0.,-1.,0.));
#4689 = DIRECTION('',(0.,0.,-1.));
#4690 = PCURVE('',#4691,#4696);
#4691 = TOROIDAL_SURFACE('',#4692,3.2,0.1);
#4692 = AXIS2_PLACEMENT_3D('',#4693,#4694,#4695);
#4693 = CARTESIAN_POINT('',(0.,3.7,0.));
#4694 = DIRECTION('',(0.,-1.,0.));
#4695 = DIRECTION('',(0.,0.,-1.));
#4696 = DEFINITIONAL_REPRESENTATION('',(#4697),#4701);
#4697 = LINE('',#4698,#4699);
#4698 = CARTESIAN_POINT('',(6.28318530718,7.853981633974));
#4699 = VECTOR('',#4700,1.);
#4700 = DIRECTION('',(1.,0.));
#4701 = ( GEOMETRIC_REPRESENTATION_CONTEXT(2) 
PARAMETRIC_REPRESENTATION_CONTEXT() REPRESENTATION_CONTEXT('2D SPACE',''
  ) );
#4702 = PCURVE('',#4691,#4703);
#4703 = DEFINITIONAL_REPRESENTATION('',(#4704),#4708);
#4704 = LINE('',#4705,#4706);
#4705 = CARTESIAN_POINT('',(6.28318530718,7.853981633974));
#4706 = VECTOR('',#4707,1.);
#4707 = DIRECTION('',(1.,0.));
#4708 = ( GEOMETRIC_REPRESENTATION_CONTEXT(2) 
PARAMETRIC_REPRESENTATION_CONTEXT() REPRESENTATION_CONTEXT('2D SPACE',''
  ) );
#4709 = FACE_BOUND('',#4710,.T.);
#4710 = EDGE_LOOP('',(#4711));
#4711 = ORIENTED_EDGE('',*,*,#4681,.T.);
#4712 = MANIFOLD_SOLID_BREP('',#4713);
#4713 = CLOSED_SHELL('',(#4714));
#4714 = ADVANCED_FACE('',(#4715,#4746),#4728,.T.);
#4715 = FACE_BOUND('',#4716,.T.);
#4716 = EDGE_LOOP('',(#4717));
#4717 = ORIENTED_EDGE('',*,*,#4718,.T.);
#4718 = EDGE_CURVE('',#4719,#4719,#4721,.T.);
#4719 = VERTEX_POINT('',#4720);
#4720 = CARTESIAN_POINT('',(-3.918869757272E-16,1.6,3.2));
#4721 = SURFACE_CURVE('',#4722,(#4727,#4739),.PCURVE_S1.);
#4722 = CIRCLE('',#4723,3.2);
#4723 = AXIS2_PLACEMENT_3D('',#4724,#4725,#4726);
#4724 = CARTESIAN_POINT('',(0.,1.6,0.));
#4725 = DIRECTION('',(0.,-1.,0.));
#4726 = DIRECTION('',(0.,0.,-1.));
#4727 = PCURVE('',#4728,#4733);
#4728 = TOROIDAL_SURFACE('',#4729,3.2,0.1);
#4729 = AXIS2_PLACEMENT_3D('',#4730,#4731,#4732);
#4730 = CARTESIAN_POINT('',(0.,1.5,0.));
#4731 = DIRECTION('',(0.,-1.,0.));
#4732 = DIRECTION('',(0.,0.,-1.));
#4733 = DEFINITIONAL_REPRESENTATION('',(#4734),#4738);
#4734 = LINE('',#4735,#4736);
#4735 = CARTESIAN_POINT('',(6.28318530718,10.995574287564));
#4736 = VECTOR('',#4737,1.);
#4737 = DIRECTION('',(1.,0.));
#4738 = ( GEOMETRIC_REPRESENTATION_CONTEXT(2) 
PARAMETRIC_REPRESENTATION_CONTEXT() REPRESENTATION_CONTEXT('2D SPACE',''
  ) );
#4739 = PCURVE('',#4728,#4740);
#4740 = DEFINITIONAL_REPRESENTATION('',(#4741),#4745);
#4741 = LINE('',#4742,#4743);
#4742 = CARTESIAN_POINT('',(6.28318530718,10.995574287564));
#4743 = VECTOR('',#4744,1.);
#4744 = DIRECTION('',(1.,0.));
#4745 = ( GEOMETRIC_REPRESENTATION_CONTEXT(2) 
PARAMETRIC_REPRESENTATION_CONTEXT() REPRESENTATION_CONTEXT('2D SPACE',''
  ) );
#4746 = FACE_BOUND('',#4747,.T.);
#4747 = EDGE_LOOP('',(#4748));
#4748 = ORIENTED_EDGE('',*,*,#4718,.T.);
#4749 = MANIFOLD_SOLID_BREP('',#4750);
#4750 = CLOSED_SHELL('',(#4751,#4895,#5000,#5144,#5236,#5286,#5314,#5455
    ,#5706,#5753,#5780,#5807,#5899,#5948,#5975));
#4751 = ADVANCED_FACE('',(#4752),#4766,.T.);
#4752 = FACE_BOUND('',#4753,.T.);
#4753 = EDGE_LOOP('',(#4754,#4789,#4818,#4846));
#4754 = ORIENTED_EDGE('',*,*,#4755,.T.);
#4755 = EDGE_CURVE('',#4756,#4758,#4760,.T.);
#4756 = VERTEX_POINT('',#4757);
#4757 = CARTESIAN_POINT('',(1.515095684745,-5.782628522115E-02,
    -1.844744067107));
#4758 = VERTEX_POINT('',#4759);
#4759 = CARTESIAN_POINT('',(1.4,-5.782628522115E-02,-1.844744067107));
#4760 = SURFACE_CURVE('',#4761,(#4765,#4777),.PCURVE_S1.);
#4761 = LINE('',#4762,#4763);
#4762 = CARTESIAN_POINT('',(1.761385667501,-5.782628522115E-02,
    -1.844744067107));
#4763 = VECTOR('',#4764,1.);
#4764 = DIRECTION('',(-1.,-1.662917750523E-16,-5.543059168409E-16));
#4765 = PCURVE('',#4766,#4771);
#4766 = CYLINDRICAL_SURFACE('',#4767,1.);
#4767 = AXIS2_PLACEMENT_3D('',#4768,#4769,#4770);
#4768 = CARTESIAN_POINT('',(1.761385667501,0.9,-2.132091952673));
#4769 = DIRECTION('',(-1.,-1.662917750523E-16,-5.543059168409E-16));
#4770 = DIRECTION('',(8.40366427025E-17,-0.989400395497,0.145213144685)
  );
#4771 = DEFINITIONAL_REPRESENTATION('',(#4772),#4776);
#4772 = LINE('',#4773,#4774);
#4773 = CARTESIAN_POINT('',(0.145728397239,2.22044604925E-16));
#4774 = VECTOR('',#4775,1.);
#4775 = DIRECTION('',(1.929217462986E-15,1.));
#4776 = ( GEOMETRIC_REPRESENTATION_CONTEXT(2) 
PARAMETRIC_REPRESENTATION_CONTEXT() REPRESENTATION_CONTEXT('2D SPACE',''
  ) );
#4777 = PCURVE('',#4778,#4783);
#4778 = PLANE('',#4779);
#4779 = AXIS2_PLACEMENT_3D('',#4780,#4781,#4782);
#4780 = CARTESIAN_POINT('',(1.4,-0.1,-1.98532311637));
#4781 = DIRECTION('',(0.,0.957826285221,-0.287347885566));
#4782 = DIRECTION('',(0.,0.287347885566,0.957826285221));
#4783 = DEFINITIONAL_REPRESENTATION('',(#4784),#4788);
#4784 = LINE('',#4785,#4786);
#4785 = CARTESIAN_POINT('',(0.146768836304,0.361385667501));
#4786 = VECTOR('',#4787,1.);
#4787 = DIRECTION('',(-5.787123671522E-16,-1.));
#4788 = ( GEOMETRIC_REPRESENTATION_CONTEXT(2) 
PARAMETRIC_REPRESENTATION_CONTEXT() REPRESENTATION_CONTEXT('2D SPACE',''
  ) );
#4789 = ORIENTED_EDGE('',*,*,#4790,.T.);
#4790 = EDGE_CURVE('',#4758,#4791,#4793,.T.);
#4791 = VERTEX_POINT('',#4792);
#4792 = CARTESIAN_POINT('',(1.4,-0.1,-2.132091952673));
#4793 = SURFACE_CURVE('',#4794,(#4799,#4806),.PCURVE_S1.);
#4794 = CIRCLE('',#4795,1.);
#4795 = AXIS2_PLACEMENT_3D('',#4796,#4797,#4798);
#4796 = CARTESIAN_POINT('',(1.4,0.9,-2.132091952673));
#4797 = DIRECTION('',(1.,0.,0.));
#4798 = DIRECTION('',(0.,-0.989400395497,0.145213144685));
#4799 = PCURVE('',#4766,#4800);
#4800 = DEFINITIONAL_REPRESENTATION('',(#4801),#4805);
#4801 = LINE('',#4802,#4803);
#4802 = CARTESIAN_POINT('',(6.28318530718,0.361385667501));
#4803 = VECTOR('',#4804,1.);
#4804 = DIRECTION('',(-1.,0.));
#4805 = ( GEOMETRIC_REPRESENTATION_CONTEXT(2) 
PARAMETRIC_REPRESENTATION_CONTEXT() REPRESENTATION_CONTEXT('2D SPACE',''
  ) );
#4806 = PCURVE('',#4807,#4812);
#4807 = PLANE('',#4808);
#4808 = AXIS2_PLACEMENT_3D('',#4809,#4810,#4811);
#4809 = CARTESIAN_POINT('',(1.4,0.153231163696,1.273016729388E-16));
#4810 = DIRECTION('',(1.,0.,0.));
#4811 = DIRECTION('',(0.,0.,-1.));
#4812 = DEFINITIONAL_REPRESENTATION('',(#4813),#4817);
#4813 = CIRCLE('',#4814,1.);
#4814 = AXIS2_PLACEMENT_2D('',#4815,#4816);
#4815 = CARTESIAN_POINT('',(2.132091952673,0.746768836304));
#4816 = DIRECTION('',(-0.145213144685,-0.989400395497));
#4817 = ( GEOMETRIC_REPRESENTATION_CONTEXT(2) 
PARAMETRIC_REPRESENTATION_CONTEXT() REPRESENTATION_CONTEXT('2D SPACE',''
  ) );
#4818 = ORIENTED_EDGE('',*,*,#4819,.T.);
#4819 = EDGE_CURVE('',#4791,#4820,#4822,.T.);
#4820 = VERTEX_POINT('',#4821);
#4821 = CARTESIAN_POINT('',(1.616927371403,-0.1,-2.132091952672));
#4822 = SURFACE_CURVE('',#4823,(#4827,#4834),.PCURVE_S1.);
#4823 = LINE('',#4824,#4825);
#4824 = CARTESIAN_POINT('',(1.761385667501,-0.1,-2.132091952673));
#4825 = VECTOR('',#4826,1.);
#4826 = DIRECTION('',(1.,1.662917750523E-16,5.543059168409E-16));
#4827 = PCURVE('',#4766,#4828);
#4828 = DEFINITIONAL_REPRESENTATION('',(#4829),#4833);
#4829 = LINE('',#4830,#4831);
#4830 = CARTESIAN_POINT('',(-0.145728397239,2.22044604925E-16));
#4831 = VECTOR('',#4832,1.);
#4832 = DIRECTION('',(0.,-1.));
#4833 = ( GEOMETRIC_REPRESENTATION_CONTEXT(2) 
PARAMETRIC_REPRESENTATION_CONTEXT() REPRESENTATION_CONTEXT('2D SPACE',''
  ) );
#4834 = PCURVE('',#4835,#4840);
#4835 = PLANE('',#4836);
#4836 = AXIS2_PLACEMENT_3D('',#4837,#4838,#4839);
#4837 = CARTESIAN_POINT('',(2.122771335002,-0.1,6.200062095506E-16));
#4838 = DIRECTION('',(1.662917750523E-16,-1.,0.));
#4839 = DIRECTION('',(0.,0.,-1.));
#4840 = DEFINITIONAL_REPRESENTATION('',(#4841),#4845);
#4841 = LINE('',#4842,#4843);
#4842 = CARTESIAN_POINT('',(2.132091952673,-0.361385667501));
#4843 = VECTOR('',#4844,1.);
#4844 = DIRECTION('',(-5.543059168409E-16,1.));
#4845 = ( GEOMETRIC_REPRESENTATION_CONTEXT(2) 
PARAMETRIC_REPRESENTATION_CONTEXT() REPRESENTATION_CONTEXT('2D SPACE',''
  ) );
#4846 = ORIENTED_EDGE('',*,*,#4847,.T.);
#4847 = EDGE_CURVE('',#4820,#4756,#4848,.T.);
#4848 = SURFACE_CURVE('',#4849,(#4854,#4860),.PCURVE_S1.);
#4849 = CIRCLE('',#4850,1.122128908899);
#4850 = AXIS2_PLACEMENT_3D('',#4851,#4852,#4853);
#4851 = CARTESIAN_POINT('',(1.548220816599,1.01976885805,-2.155975044075
    ));
#4852 = DIRECTION('',(-0.943537580638,-6.482222637419E-02,
    -0.324861374885));
#4853 = DIRECTION('',(-2.951989882027E-02,-0.960313146489,0.277357596351
    ));
#4854 = PCURVE('',#4766,#4855);
#4855 = DEFINITIONAL_REPRESENTATION('',(#4856),#4859);
#4856 = B_SPLINE_CURVE_WITH_KNOTS('',1,(#4857,#4858),.UNSPECIFIED.,.F.,
  .F.,(2,2),(6.008052638002,6.28318530718),.PIECEWISE_BEZIER_KNOTS.);
#4857 = CARTESIAN_POINT('',(-0.145728397238,0.144458296098));
#4858 = CARTESIAN_POINT('',(0.145728397239,0.246289982755));
#4859 = ( GEOMETRIC_REPRESENTATION_CONTEXT(2) 
PARAMETRIC_REPRESENTATION_CONTEXT() REPRESENTATION_CONTEXT('2D SPACE',''
  ) );
#4860 = PCURVE('',#4861,#4890);
#4861 = B_SPLINE_SURFACE_WITH_KNOTS('',3,3,(
    (#4862,#4863,#4864,#4865,#4866,#4867,#4868)
    ,(#4869,#4870,#4871,#4872,#4873,#4874,#4875)
    ,(#4876,#4877,#4878,#4879,#4880,#4881,#4882)
    ,(#4883,#4884,#4885,#4886,#4887,#4888,#4889
  )),.UNSPECIFIED.,.F.,.F.,.F.,(4,4),(4,1,1,1,4),(0.,1.),(0.135243261076
    ,0.276667328002,0.347379361465,0.488803428391,0.630227495317),
  .UNSPECIFIED.);
#4862 = CARTESIAN_POINT('',(1.39831008483,-3.486168032876E-02,
    1.852377597187));
#4863 = CARTESIAN_POINT('',(1.698203877927,-1.836623531371E-02,
    1.562857502266));
#4864 = CARTESIAN_POINT('',(2.019687772059,1.712901940634E-02,
    1.016812056889));
#4865 = CARTESIAN_POINT('',(2.183492192482,8.269454868619E-02,
    8.96405854522E-02));
#4866 = CARTESIAN_POINT('',(2.118231649241,3.610983807471E-02,
    -0.828588058896));
#4867 = CARTESIAN_POINT('',(1.698203877928,-1.836623531363E-02,
    -1.562857502265));
#4868 = CARTESIAN_POINT('',(1.398310084831,-3.48616803287E-02,
    -1.852377597186));
#4869 = CARTESIAN_POINT('',(1.467954571699,-7.780952358711E-02,
    1.941485659331));
#4870 = CARTESIAN_POINT('',(1.789804470912,-7.209301473444E-02,
    1.650640837037));
#4871 = CARTESIAN_POINT('',(2.149515333718,-5.955517741749E-02,
    1.093597960462));
#4872 = CARTESIAN_POINT('',(2.35654416768,-3.552328039983E-02,
    0.100439516264));
#4873 = CARTESIAN_POINT('',(2.263839278558,-5.271585129973E-02,
    -0.903199250025));
#4874 = CARTESIAN_POINT('',(1.789804470913,-7.209301473441E-02,
    -1.650640837036));
#4875 = CARTESIAN_POINT('',(1.4679545717,-7.780952358709E-02,
    -1.94148565933));
#4876 = CARTESIAN_POINT('',(1.542430268425,-0.1,2.03677511167));
#4877 = CARTESIAN_POINT('',(1.889070018315,-0.100025941219,
    1.746186864433));
#4878 = CARTESIAN_POINT('',(2.294537407069,-9.996727474095E-02,
    1.182322435649));
#4879 = CARTESIAN_POINT('',(2.567498125851,-0.100220934679,
    0.114175496909));
#4880 = CARTESIAN_POINT('',(2.430165361343,-0.100010292262,
    -0.992581784189));
#4881 = CARTESIAN_POINT('',(1.889070018316,-0.100025941219,
    -1.746186864432));
#4882 = CARTESIAN_POINT('',(1.542430268426,-0.1,-2.036775111669));
#4883 = CARTESIAN_POINT('',(1.616927371402,-0.1,2.132091952673));
#4884 = CARTESIAN_POINT('',(1.988377604137,-0.1,1.841776348971));
#4885 = CARTESIAN_POINT('',(2.439635151328,-1.E-01,1.27116540094));
#4886 = CARTESIAN_POINT('',(2.778965859371,-0.1,0.127954754008));
#4887 = CARTESIAN_POINT('',(2.596650608182,-0.1,-1.082143289599));
#4888 = CARTESIAN_POINT('',(1.988377604138,-0.1,-1.84177634897));
#4889 = CARTESIAN_POINT('',(1.616927371403,-0.1,-2.132091952672));
#4890 = DEFINITIONAL_REPRESENTATION('',(#4891),#4894);
#4891 = B_SPLINE_CURVE_WITH_KNOTS('',1,(#4892,#4893),.UNSPECIFIED.,.F.,
  .F.,(2,2),(6.008052638002,6.28318530718),.PIECEWISE_BEZIER_KNOTS.);
#4892 = CARTESIAN_POINT('',(1.,0.630227495317));
#4893 = CARTESIAN_POINT('',(0.220325350811,0.619505944371));
#4894 = ( GEOMETRIC_REPRESENTATION_CONTEXT(2) 
PARAMETRIC_REPRESENTATION_CONTEXT() REPRESENTATION_CONTEXT('2D SPACE',''
  ) );
#4895 = ADVANCED_FACE('',(#4896),#4910,.T.);
#4896 = FACE_BOUND('',#4897,.T.);
#4897 = EDGE_LOOP('',(#4898,#4928,#4952,#4980));
#4898 = ORIENTED_EDGE('',*,*,#4899,.T.);
#4899 = EDGE_CURVE('',#4900,#4902,#4904,.T.);
#4900 = VERTEX_POINT('',#4901);
#4901 = CARTESIAN_POINT('',(1.616927371402,-0.1,2.132091952673));
#4902 = VERTEX_POINT('',#4903);
#4903 = CARTESIAN_POINT('',(1.4,-0.1,2.132091952673));
#4904 = SURFACE_CURVE('',#4905,(#4909,#4921),.PCURVE_S1.);
#4905 = LINE('',#4906,#4907);
#4906 = CARTESIAN_POINT('',(1.761385667501,-0.1,2.132091952673));
#4907 = VECTOR('',#4908,1.);
#4908 = DIRECTION('',(-1.,-1.662917750523E-16,5.543059168409E-16));
#4909 = PCURVE('',#4910,#4915);
#4910 = CYLINDRICAL_SURFACE('',#4911,1.);
#4911 = AXIS2_PLACEMENT_3D('',#4912,#4913,#4914);
#4912 = CARTESIAN_POINT('',(1.761385667501,0.9,2.132091952673));
#4913 = DIRECTION('',(1.,1.662917750523E-16,-5.543059168409E-16));
#4914 = DIRECTION('',(8.40366427025E-17,-0.989400395497,-0.145213144685)
  );
#4915 = DEFINITIONAL_REPRESENTATION('',(#4916),#4920);
#4916 = LINE('',#4917,#4918);
#4917 = CARTESIAN_POINT('',(-0.145728397239,-2.22044604925E-16));
#4918 = VECTOR('',#4919,1.);
#4919 = DIRECTION('',(0.,-1.));
#4920 = ( GEOMETRIC_REPRESENTATION_CONTEXT(2) 
PARAMETRIC_REPRESENTATION_CONTEXT() REPRESENTATION_CONTEXT('2D SPACE',''
  ) );
#4921 = PCURVE('',#4835,#4922);
#4922 = DEFINITIONAL_REPRESENTATION('',(#4923),#4927);
#4923 = LINE('',#4924,#4925);
#4924 = CARTESIAN_POINT('',(-2.132091952673,-0.361385667501));
#4925 = VECTOR('',#4926,1.);
#4926 = DIRECTION('',(-5.543059168409E-16,-1.));
#4927 = ( GEOMETRIC_REPRESENTATION_CONTEXT(2) 
PARAMETRIC_REPRESENTATION_CONTEXT() REPRESENTATION_CONTEXT('2D SPACE',''
  ) );
#4928 = ORIENTED_EDGE('',*,*,#4929,.T.);
#4929 = EDGE_CURVE('',#4902,#4930,#4932,.T.);
#4930 = VERTEX_POINT('',#4931);
#4931 = CARTESIAN_POINT('',(1.4,-5.782628522115E-02,1.844744067107));
#4932 = SURFACE_CURVE('',#4933,(#4938,#4945),.PCURVE_S1.);
#4933 = CIRCLE('',#4934,1.);
#4934 = AXIS2_PLACEMENT_3D('',#4935,#4936,#4937);
#4935 = CARTESIAN_POINT('',(1.4,0.9,2.132091952673));
#4936 = DIRECTION('',(1.,0.,0.));
#4937 = DIRECTION('',(0.,-0.989400395497,-0.145213144685));
#4938 = PCURVE('',#4910,#4939);
#4939 = DEFINITIONAL_REPRESENTATION('',(#4940),#4944);
#4940 = LINE('',#4941,#4942);
#4941 = CARTESIAN_POINT('',(-6.28318530718,-0.361385667501));
#4942 = VECTOR('',#4943,1.);
#4943 = DIRECTION('',(1.,0.));
#4944 = ( GEOMETRIC_REPRESENTATION_CONTEXT(2) 
PARAMETRIC_REPRESENTATION_CONTEXT() REPRESENTATION_CONTEXT('2D SPACE',''
  ) );
#4945 = PCURVE('',#4807,#4946);
#4946 = DEFINITIONAL_REPRESENTATION('',(#4947),#4951);
#4947 = CIRCLE('',#4948,1.);
#4948 = AXIS2_PLACEMENT_2D('',#4949,#4950);
#4949 = CARTESIAN_POINT('',(-2.132091952673,0.746768836304));
#4950 = DIRECTION('',(0.145213144685,-0.989400395497));
#4951 = ( GEOMETRIC_REPRESENTATION_CONTEXT(2) 
PARAMETRIC_REPRESENTATION_CONTEXT() REPRESENTATION_CONTEXT('2D SPACE',''
  ) );
#4952 = ORIENTED_EDGE('',*,*,#4953,.T.);
#4953 = EDGE_CURVE('',#4930,#4954,#4956,.T.);
#4954 = VERTEX_POINT('',#4955);
#4955 = CARTESIAN_POINT('',(1.515095684745,-5.782628522115E-02,
    1.844744067107));
#4956 = SURFACE_CURVE('',#4957,(#4961,#4968),.PCURVE_S1.);
#4957 = LINE('',#4958,#4959);
#4958 = CARTESIAN_POINT('',(1.761385667501,-5.782628522115E-02,
    1.844744067107));
#4959 = VECTOR('',#4960,1.);
#4960 = DIRECTION('',(1.,1.662917750523E-16,-5.543059168409E-16));
#4961 = PCURVE('',#4910,#4962);
#4962 = DEFINITIONAL_REPRESENTATION('',(#4963),#4967);
#4963 = LINE('',#4964,#4965);
#4964 = CARTESIAN_POINT('',(0.145728397239,-2.22044604925E-16));
#4965 = VECTOR('',#4966,1.);
#4966 = DIRECTION('',(-7.716869851944E-15,1.));
#4967 = ( GEOMETRIC_REPRESENTATION_CONTEXT(2) 
PARAMETRIC_REPRESENTATION_CONTEXT() REPRESENTATION_CONTEXT('2D SPACE',''
  ) );
#4968 = PCURVE('',#4969,#4974);
#4969 = PLANE('',#4970);
#4970 = AXIS2_PLACEMENT_3D('',#4971,#4972,#4973);
#4971 = CARTESIAN_POINT('',(1.4,0.495596934911,-2.775557561563E-16));
#4972 = DIRECTION('',(0.,0.957826285221,0.287347885566));
#4973 = DIRECTION('',(0.,-0.287347885566,0.957826285221));
#4974 = DEFINITIONAL_REPRESENTATION('',(#4975),#4979);
#4975 = LINE('',#4976,#4977);
#4976 = CARTESIAN_POINT('',(1.925969349109,0.361385667501));
#4977 = VECTOR('',#4978,1.);
#4978 = DIRECTION('',(-5.787123671522E-16,1.));
#4979 = ( GEOMETRIC_REPRESENTATION_CONTEXT(2) 
PARAMETRIC_REPRESENTATION_CONTEXT() REPRESENTATION_CONTEXT('2D SPACE',''
  ) );
#4980 = ORIENTED_EDGE('',*,*,#4981,.T.);
#4981 = EDGE_CURVE('',#4954,#4900,#4982,.T.);
#4982 = SURFACE_CURVE('',#4983,(#4988,#4994),.PCURVE_S1.);
#4983 = CIRCLE('',#4984,1.122128955713);
#4984 = AXIS2_PLACEMENT_3D('',#4985,#4986,#4987);
#4985 = CARTESIAN_POINT('',(1.548220788654,1.019768902897,2.15597506056)
  );
#4986 = DIRECTION('',(-0.943537580225,-6.482225199738E-02,0.324861370972
    ));
#4987 = DIRECTION('',(6.122877624517E-02,-0.997896807845,
    -2.128374619103E-02));
#4988 = PCURVE('',#4910,#4989);
#4989 = DEFINITIONAL_REPRESENTATION('',(#4990),#4993);
#4990 = B_SPLINE_CURVE_WITH_KNOTS('',1,(#4991,#4992),.UNSPECIFIED.,.F.,
  .F.,(2,2),(6.008052649553,6.28318530718),.PIECEWISE_BEZIER_KNOTS.);
#4991 = CARTESIAN_POINT('',(0.145728397239,-0.246289982755));
#4992 = CARTESIAN_POINT('',(-0.145728397239,-0.144458296099));
#4993 = ( GEOMETRIC_REPRESENTATION_CONTEXT(2) 
PARAMETRIC_REPRESENTATION_CONTEXT() REPRESENTATION_CONTEXT('2D SPACE',''
  ) );
#4994 = PCURVE('',#4861,#4995);
#4995 = DEFINITIONAL_REPRESENTATION('',(#4996),#4999);
#4996 = B_SPLINE_CURVE_WITH_KNOTS('',1,(#4997,#4998),.UNSPECIFIED.,.F.,
  .F.,(2,2),(6.008052649553,6.28318530718),.PIECEWISE_BEZIER_KNOTS.);
#4997 = CARTESIAN_POINT('',(0.220132985396,0.145963490952));
#4998 = CARTESIAN_POINT('',(1.,0.135243261076));
#4999 = ( GEOMETRIC_REPRESENTATION_CONTEXT(2) 
PARAMETRIC_REPRESENTATION_CONTEXT() REPRESENTATION_CONTEXT('2D SPACE',''
  ) );
#5000 = ADVANCED_FACE('',(#5001),#4861,.F.);
#5001 = FACE_BOUND('',#5002,.F.);
#5002 = EDGE_LOOP('',(#5003,#5004,#5032,#5092,#5114,#5115));
#5003 = ORIENTED_EDGE('',*,*,#4847,.T.);
#5004 = ORIENTED_EDGE('',*,*,#5005,.F.);
#5005 = EDGE_CURVE('',#5006,#4756,#5008,.T.);
#5006 = VERTEX_POINT('',#5007);
#5007 = CARTESIAN_POINT('',(1.499999998039,-2.883300103837E-02,
    -1.748099789929));
#5008 = SURFACE_CURVE('',#5009,(#5016,#5022),.PCURVE_S1.);
#5009 = B_SPLINE_CURVE_WITH_KNOTS('',3,(#5010,#5011,#5012,#5013,#5014,
    #5015),.UNSPECIFIED.,.F.,.F.,(4,2,4),(-4.369235236047E-02,
    -3.707938591105E-02,-3.344003452438E-02),.UNSPECIFIED.);
#5010 = CARTESIAN_POINT('',(1.5,-2.883300078597E-02,-1.748099785656));
#5011 = CARTESIAN_POINT('',(1.5,-3.515250157027E-02,-1.769164788271));
#5012 = CARTESIAN_POINT('',(1.501616502752,-4.155284261239E-02,
    -1.790499258412));
#5013 = CARTESIAN_POINT('',(1.508055311372,-5.118427730661E-02,
    -1.822604040726));
#5014 = CARTESIAN_POINT('',(1.511110897896,-5.455054678289E-02,
    -1.833824938979));
#5015 = CARTESIAN_POINT('',(1.515095684745,-5.782628522119E-02,
    -1.844744067107));
#5016 = PCURVE('',#4861,#5017);
#5017 = DEFINITIONAL_REPRESENTATION('',(#5018),#5021);
#5018 = B_SPLINE_CURVE_WITH_KNOTS('',1,(#5019,#5020),.UNSPECIFIED.,.F.,
  .F.,(2,2),(-4.369235236047E-02,-3.344003452438E-02),
  .PIECEWISE_BEZIER_KNOTS.);
#5019 = CARTESIAN_POINT('',(1.061149006199E-03,0.613701127068));
#5020 = CARTESIAN_POINT('',(0.220325350811,0.619505944371));
#5021 = ( GEOMETRIC_REPRESENTATION_CONTEXT(2) 
PARAMETRIC_REPRESENTATION_CONTEXT() REPRESENTATION_CONTEXT('2D SPACE',''
  ) );
#5022 = PCURVE('',#4778,#5023);
#5023 = DEFINITIONAL_REPRESENTATION('',(#5024),#5031);
#5024 = B_SPLINE_CURVE_WITH_KNOTS('',3,(#5025,#5026,#5027,#5028,#5029,
    #5030),.UNSPECIFIED.,.F.,.F.,(4,2,4),(-4.369235236047E-02,
    -3.707938591105E-02,-3.344003452438E-02),.UNSPECIFIED.);
#5025 = CARTESIAN_POINT('',(0.247668428371,0.1));
#5026 = CARTESIAN_POINT('',(0.225675919981,0.1));
#5027 = CARTESIAN_POINT('',(0.203402079232,0.101616502752));
#5028 = CARTESIAN_POINT('',(0.169883702456,0.108055311372));
#5029 = CARTESIAN_POINT('',(0.15816874075,0.111110897896));
#5030 = CARTESIAN_POINT('',(0.146768836303,0.115095684745));
#5031 = ( GEOMETRIC_REPRESENTATION_CONTEXT(2) 
PARAMETRIC_REPRESENTATION_CONTEXT() REPRESENTATION_CONTEXT('2D SPACE',''
  ) );
#5032 = ORIENTED_EDGE('',*,*,#5033,.F.);
#5033 = EDGE_CURVE('',#5034,#5006,#5036,.T.);
#5034 = VERTEX_POINT('',#5035);
#5035 = CARTESIAN_POINT('',(1.49999999804,-2.883300103859E-02,
    1.748099789928));
#5036 = SURFACE_CURVE('',#5037,(#5045,#5052),.PCURVE_S1.);
#5037 = B_SPLINE_CURVE_WITH_KNOTS('',3,(#5038,#5039,#5040,#5041,#5042,
    #5043,#5044),.UNSPECIFIED.,.F.,.F.,(4,1,1,1,4),(0.151764714848,
    0.276667328002,0.347379361465,0.488803428391,0.613701126795),
  .UNSPECIFIED.);
#5038 = CARTESIAN_POINT('',(1.49988753339,-2.879581197286E-02,
    1.747971490811));
#5039 = CARTESIAN_POINT('',(1.746925271726,-1.281407975778E-02,
    1.477741732163));
#5040 = CARTESIAN_POINT('',(2.027342161353,2.019282002961E-02,
    0.973486416674));
#5041 = CARTESIAN_POINT('',(2.183492192482,8.269454868619E-02,
    8.96405854522E-02));
#5042 = CARTESIAN_POINT('',(2.121282105393,3.828733476761E-02,
    -0.785667542483));
#5043 = CARTESIAN_POINT('',(1.746031301895,-1.205908100703E-02,
    -1.477052030641));
#5044 = CARTESIAN_POINT('',(1.499758619727,-2.86627843398E-02,
    -1.747824516995));
#5045 = PCURVE('',#4861,#5046);
#5046 = DEFINITIONAL_REPRESENTATION('',(#5047),#5051);
#5047 = LINE('',#5048,#5049);
#5048 = CARTESIAN_POINT('',(6.348685204017E-15,-5.551115123126E-17));
#5049 = VECTOR('',#5050,1.);
#5050 = DIRECTION('',(-2.543546514467E-14,1.));
#5051 = ( GEOMETRIC_REPRESENTATION_CONTEXT(2) 
PARAMETRIC_REPRESENTATION_CONTEXT() REPRESENTATION_CONTEXT('2D SPACE',''
  ) );
#5052 = PCURVE('',#5053,#5064);
#5053 = ( BOUNDED_SURFACE() B_SPLINE_SURFACE(1,2,(
    (#5054,#5055,#5056,#5057,#5058)
    ,(#5059,#5060,#5061,#5062,#5063
)),.UNSPECIFIED.,.F.,.F.,.F.) B_SPLINE_SURFACE_WITH_KNOTS((2,2),(3,2,3),
  (0.491642121452,1.041584546193),(-3.055477107238,-1.570796326795,
-8.611554635174E-02),.UNSPECIFIED.) GEOMETRIC_REPRESENTATION_ITEM() 
RATIONAL_B_SPLINE_SURFACE((
    (1.,0.736888440883,1.,0.736888440883,1.)
,(1.,0.736888440883,1.,0.736888440883,1.
))) REPRESENTATION_ITEM('') SURFACE() );
#5054 = CARTESIAN_POINT('',(1.499999996974,-2.883300129093E-02,
    1.748099789991));
#5055 = CARTESIAN_POINT('',(2.71061203439,-0.305555084032,1.609654754956
    ));
#5056 = CARTESIAN_POINT('',(2.71061203439,-0.305555084032,
    5.77894260264E-16));
#5057 = CARTESIAN_POINT('',(2.71061203439,-0.305555084032,
    -1.609654754957));
#5058 = CARTESIAN_POINT('',(1.499999996973,-2.883300129082E-02,
    -1.748099789991));
#5059 = CARTESIAN_POINT('',(1.5,0.495596934911,-8.823337855625E-17));
#5060 = CARTESIAN_POINT('',(1.5,0.495596934911,-6.280503265607E-17));
#5061 = CARTESIAN_POINT('',(1.5,0.495596934911,2.328419573463E-16));
#5062 = CARTESIAN_POINT('',(1.5,0.495596934911,5.284889473486E-16));
#5063 = CARTESIAN_POINT('',(1.5,0.495596934911,5.539172932488E-16));
#5064 = DEFINITIONAL_REPRESENTATION('',(#5065),#5091);
#5065 = B_SPLINE_CURVE_WITH_KNOTS('',3,(#5066,#5067,#5068,#5069,#5070,
    #5071,#5072,#5073,#5074,#5075,#5076,#5077,#5078,#5079,#5080,#5081,
    #5082,#5083,#5084,#5085,#5086,#5087,#5088,#5089,#5090),
  .UNSPECIFIED.,.F.,.F.,(4,1,1,1,1,1,1,1,1,1,1,1,1,1,1,1,1,1,1,1,1,1,4),
  (0.151764714848,0.172761824481,0.193758934115,0.214756043749,
    0.235753153383,0.256750263017,0.277747372651,0.298744482285,
    0.319741591919,0.340738701553,0.361735811187,0.382732920821,
    0.403730030455,0.424727140089,0.445724249723,0.466721359357,
    0.487718468991,0.508715578625,0.529712688259,0.550709797893,
    0.571706907527,0.592704017161,0.613701126795),
  .QUASI_UNIFORM_KNOTS.);
#5066 = CARTESIAN_POINT('',(0.49168217708,-3.055477107238));
#5067 = CARTESIAN_POINT('',(0.504478101971,-3.020966905624));
#5068 = CARTESIAN_POINT('',(0.529483492232,-2.951241184495));
#5069 = CARTESIAN_POINT('',(0.564994709323,-2.843715674343));
#5070 = CARTESIAN_POINT('',(0.598275738061,-2.732470550548));
#5071 = CARTESIAN_POINT('',(0.629078664484,-2.616589114413));
#5072 = CARTESIAN_POINT('',(0.657171883623,-2.495208951857));
#5073 = CARTESIAN_POINT('',(0.682354552103,-2.367519112892));
#5074 = CARTESIAN_POINT('',(0.704499747902,-2.232593682763));
#5075 = CARTESIAN_POINT('',(0.722975996622,-2.087431494893));
#5076 = CARTESIAN_POINT('',(0.736898902636,-1.929137441925));
#5077 = CARTESIAN_POINT('',(0.745095427714,-1.757585407525));
#5078 = CARTESIAN_POINT('',(0.747305755344,-1.569216737068));
#5079 = CARTESIAN_POINT('',(0.743883315795,-1.382242294487));
#5080 = CARTESIAN_POINT('',(0.735265157946,-1.212816611334));
#5081 = CARTESIAN_POINT('',(0.721982188217,-1.055604810494));
#5082 = CARTESIAN_POINT('',(0.704521090227,-0.910060604174));
#5083 = CARTESIAN_POINT('',(0.683262257555,-0.773886488434));
#5084 = CARTESIAN_POINT('',(0.658406841534,-0.645182417383));
#5085 = CARTESIAN_POINT('',(0.630248395037,-0.523335554328));
#5086 = CARTESIAN_POINT('',(0.599162945615,-0.407513977816));
#5087 = CARTESIAN_POINT('',(0.565528563872,-0.296718620628));
#5088 = CARTESIAN_POINT('',(0.529709794365,-0.189763854528));
#5089 = CARTESIAN_POINT('',(0.504569279685,-0.120441485088));
#5090 = CARTESIAN_POINT('',(0.491735855626,-8.611554635174E-02));
#5091 = ( GEOMETRIC_REPRESENTATION_CONTEXT(2) 
PARAMETRIC_REPRESENTATION_CONTEXT() REPRESENTATION_CONTEXT('2D SPACE',''
  ) );
#5092 = ORIENTED_EDGE('',*,*,#5093,.F.);
#5093 = EDGE_CURVE('',#4954,#5034,#5094,.T.);
#5094 = SURFACE_CURVE('',#5095,(#5100,#5106),.PCURVE_S1.);
#5095 = B_SPLINE_CURVE_WITH_KNOTS('',3,(#5096,#5097,#5098,#5099),
  .UNSPECIFIED.,.F.,.F.,(4,4),(-1.079227885491E-02,0.),
  .PIECEWISE_BEZIER_KNOTS.);
#5096 = CARTESIAN_POINT('',(1.515095684745,-5.782628522115E-02,
    1.844744067107));
#5097 = CARTESIAN_POINT('',(1.504312117395,-4.896153350237E-02,
    1.815194894711));
#5098 = CARTESIAN_POINT('',(1.5,-3.917012915063E-02,1.782556880205));
#5099 = CARTESIAN_POINT('',(1.5,-2.883300078597E-02,1.748099785656));
#5100 = PCURVE('',#4861,#5101);
#5101 = DEFINITIONAL_REPRESENTATION('',(#5102),#5105);
#5102 = B_SPLINE_CURVE_WITH_KNOTS('',1,(#5103,#5104),.UNSPECIFIED.,.F.,
  .F.,(2,2),(-1.079227885491E-02,0.),.PIECEWISE_BEZIER_KNOTS.);
#5103 = CARTESIAN_POINT('',(0.220132985396,0.145963490952));
#5104 = CARTESIAN_POINT('',(4.537183546536E-04,0.15176471533));
#5105 = ( GEOMETRIC_REPRESENTATION_CONTEXT(2) 
PARAMETRIC_REPRESENTATION_CONTEXT() REPRESENTATION_CONTEXT('2D SPACE',''
  ) );
#5106 = PCURVE('',#4969,#5107);
#5107 = DEFINITIONAL_REPRESENTATION('',(#5108),#5113);
#5108 = B_SPLINE_CURVE_WITH_KNOTS('',3,(#5109,#5110,#5111,#5112),
  .UNSPECIFIED.,.F.,.F.,(4,4),(-1.079227885491E-02,0.),
  .PIECEWISE_BEZIER_KNOTS.);
#5109 = CARTESIAN_POINT('',(1.925969349109,0.115095684745));
#5110 = CARTESIAN_POINT('',(1.895119107419,0.104312117395));
#5111 = CARTESIAN_POINT('',(1.861044019891,0.1));
#5112 = CARTESIAN_POINT('',(1.825069757041,0.1));
#5113 = ( GEOMETRIC_REPRESENTATION_CONTEXT(2) 
PARAMETRIC_REPRESENTATION_CONTEXT() REPRESENTATION_CONTEXT('2D SPACE',''
  ) );
#5114 = ORIENTED_EDGE('',*,*,#4981,.T.);
#5115 = ORIENTED_EDGE('',*,*,#5116,.F.);
#5116 = EDGE_CURVE('',#4820,#4900,#5117,.T.);
#5117 = SURFACE_CURVE('',#5118,(#5126,#5133),.PCURVE_S1.);
#5118 = B_SPLINE_CURVE_WITH_KNOTS('',3,(#5119,#5120,#5121,#5122,#5123,
    #5124,#5125),.UNSPECIFIED.,.F.,.F.,(4,1,1,1,4),(-0.630227495317,
    -0.488803428391,-0.347379361465,-0.276667328002,-0.135243261076),
  .UNSPECIFIED.);
#5119 = CARTESIAN_POINT('',(1.616927371403,-0.1,-2.132091952672));
#5120 = CARTESIAN_POINT('',(1.988377604138,-0.1,-1.84177634897));
#5121 = CARTESIAN_POINT('',(2.596650608182,-0.1,-1.082143289599));
#5122 = CARTESIAN_POINT('',(2.778965859371,-0.1,0.127954754008));
#5123 = CARTESIAN_POINT('',(2.439635151328,-1.E-01,1.27116540094));
#5124 = CARTESIAN_POINT('',(1.988377604137,-0.1,1.841776348971));
#5125 = CARTESIAN_POINT('',(1.616927371402,-0.1,2.132091952673));
#5126 = PCURVE('',#4861,#5127);
#5127 = DEFINITIONAL_REPRESENTATION('',(#5128),#5132);
#5128 = LINE('',#5129,#5130);
#5129 = CARTESIAN_POINT('',(1.,0.));
#5130 = VECTOR('',#5131,1.);
#5131 = DIRECTION('',(-1.345767741061E-15,-1.));
#5132 = ( GEOMETRIC_REPRESENTATION_CONTEXT(2) 
PARAMETRIC_REPRESENTATION_CONTEXT() REPRESENTATION_CONTEXT('2D SPACE',''
  ) );
#5133 = PCURVE('',#4835,#5134);
#5134 = DEFINITIONAL_REPRESENTATION('',(#5135),#5143);
#5135 = B_SPLINE_CURVE_WITH_KNOTS('',3,(#5136,#5137,#5138,#5139,#5140,
    #5141,#5142),.UNSPECIFIED.,.F.,.F.,(4,1,1,1,4),(-0.630227495317,
    -0.488803428391,-0.347379361465,-0.276667328002,-0.135243261076),
  .UNSPECIFIED.);
#5136 = CARTESIAN_POINT('',(2.132091952672,-0.505843963598));
#5137 = CARTESIAN_POINT('',(1.84177634897,-0.134393730863));
#5138 = CARTESIAN_POINT('',(1.082143289599,0.473879273181));
#5139 = CARTESIAN_POINT('',(-0.127954754008,0.656194524369));
#5140 = CARTESIAN_POINT('',(-1.27116540094,0.316863816327));
#5141 = CARTESIAN_POINT('',(-1.841776348971,-0.134393730864));
#5142 = CARTESIAN_POINT('',(-2.132091952673,-0.5058439636));
#5143 = ( GEOMETRIC_REPRESENTATION_CONTEXT(2) 
PARAMETRIC_REPRESENTATION_CONTEXT() REPRESENTATION_CONTEXT('2D SPACE',''
  ) );
#5144 = ADVANCED_FACE('',(#5145),#5053,.T.);
#5145 = FACE_BOUND('',#5146,.T.);
#5146 = EDGE_LOOP('',(#5147,#5148,#5193));
#5147 = ORIENTED_EDGE('',*,*,#5033,.F.);
#5148 = ORIENTED_EDGE('',*,*,#5149,.F.);
#5149 = EDGE_CURVE('',#5150,#5034,#5152,.T.);
#5150 = VERTEX_POINT('',#5151);
#5151 = CARTESIAN_POINT('',(1.5,0.495596934911,0.));
#5152 = SURFACE_CURVE('',#5153,(#5157,#5186),.PCURVE_S1.);
#5153 = LINE('',#5154,#5155);
#5154 = CARTESIAN_POINT('',(1.5,-0.1,1.98532311637));
#5155 = VECTOR('',#5156,1.);
#5156 = DIRECTION('',(0.,-0.287347885566,0.957826285221));
#5157 = PCURVE('',#5053,#5158);
#5158 = DEFINITIONAL_REPRESENTATION('',(#5159),#5185);
#5159 = B_SPLINE_CURVE_WITH_KNOTS('',3,(#5160,#5161,#5162,#5163,#5164,
    #5165,#5166,#5167,#5168,#5169,#5170,#5171,#5172,#5173,#5174,#5175,
    #5176,#5177,#5178,#5179,#5180,#5181,#5182,#5183,#5184),
  .UNSPECIFIED.,.F.,.F.,(4,1,1,1,1,1,1,1,1,1,1,1,1,1,1,1,1,1,1,1,1,1,4),
  (-2.072738185412,-1.989780468994,-1.906822752576,-1.823865036157,
    -1.740907319739,-1.65794960332,-1.574991886902,-1.492034170483,
    -1.409076454065,-1.326118737647,-1.243161021228,-1.16020330481,
    -1.077245588391,-0.994287871973,-0.911330155555,-0.828372439136,
    -0.745414722718,-0.662457006299,-0.579499289881,-0.496541573462,
    -0.413583857044,-0.330626140626,-0.247668424207),.UNSPECIFIED.);
#5160 = CARTESIAN_POINT('',(1.041584546193,-3.055477107238));
#5161 = CARTESIAN_POINT('',(1.033252085212,-3.055477107238));
#5162 = CARTESIAN_POINT('',(1.016587163252,-3.055477107238));
#5163 = CARTESIAN_POINT('',(0.991589780311,-3.055477107238));
#5164 = CARTESIAN_POINT('',(0.96659239737,-3.055477107238));
#5165 = CARTESIAN_POINT('',(0.941595014429,-3.055477107238));
#5166 = CARTESIAN_POINT('',(0.916597631488,-3.055477107238));
#5167 = CARTESIAN_POINT('',(0.891600248547,-3.055477107238));
#5168 = CARTESIAN_POINT('',(0.866602865606,-3.055477107238));
#5169 = CARTESIAN_POINT('',(0.841605482665,-3.055477107238));
#5170 = CARTESIAN_POINT('',(0.816608099724,-3.055477107238));
#5171 = CARTESIAN_POINT('',(0.791610716783,-3.055477107238));
#5172 = CARTESIAN_POINT('',(0.766613333842,-3.055477107238));
#5173 = CARTESIAN_POINT('',(0.741615950901,-3.055477107238));
#5174 = CARTESIAN_POINT('',(0.716618567961,-3.055477107238));
#5175 = CARTESIAN_POINT('',(0.69162118502,-3.055477107238));
#5176 = CARTESIAN_POINT('',(0.666623802079,-3.055477107238));
#5177 = CARTESIAN_POINT('',(0.641626419138,-3.055477107238));
#5178 = CARTESIAN_POINT('',(0.616629036197,-3.055477107238));
#5179 = CARTESIAN_POINT('',(0.591631653256,-3.055477107238));
#5180 = CARTESIAN_POINT('',(0.566634270316,-3.055477107238));
#5181 = CARTESIAN_POINT('',(0.541636887372,-3.055477107238));
#5182 = CARTESIAN_POINT('',(0.51663950444,-3.055477107238));
#5183 = CARTESIAN_POINT('',(0.499974582457,-3.055477107238));
#5184 = CARTESIAN_POINT('',(0.491642121452,-3.055477107238));
#5185 = ( GEOMETRIC_REPRESENTATION_CONTEXT(2) 
PARAMETRIC_REPRESENTATION_CONTEXT() REPRESENTATION_CONTEXT('2D SPACE',''
  ) );
#5186 = PCURVE('',#4969,#5187);
#5187 = DEFINITIONAL_REPRESENTATION('',(#5188),#5192);
#5188 = LINE('',#5189,#5190);
#5189 = CARTESIAN_POINT('',(2.072738185412,0.1));
#5190 = VECTOR('',#5191,1.);
#5191 = DIRECTION('',(1.,0.));
#5192 = ( GEOMETRIC_REPRESENTATION_CONTEXT(2) 
PARAMETRIC_REPRESENTATION_CONTEXT() REPRESENTATION_CONTEXT('2D SPACE',''
  ) );
#5193 = ORIENTED_EDGE('',*,*,#5194,.F.);
#5194 = EDGE_CURVE('',#5006,#5150,#5195,.T.);
#5195 = SURFACE_CURVE('',#5196,(#5200,#5229),.PCURVE_S1.);
#5196 = LINE('',#5197,#5198);
#5197 = CARTESIAN_POINT('',(1.5,0.495596934911,-3.775736084661E-19));
#5198 = VECTOR('',#5199,1.);
#5199 = DIRECTION('',(0.,0.287347885566,0.957826285221));
#5200 = PCURVE('',#5053,#5201);
#5201 = DEFINITIONAL_REPRESENTATION('',(#5202),#5228);
#5202 = B_SPLINE_CURVE_WITH_KNOTS('',3,(#5203,#5204,#5205,#5206,#5207,
    #5208,#5209,#5210,#5211,#5212,#5213,#5214,#5215,#5216,#5217,#5218,
    #5219,#5220,#5221,#5222,#5223,#5224,#5225,#5226,#5227),
  .UNSPECIFIED.,.F.,.F.,(4,1,1,1,1,1,1,1,1,1,1,1,1,1,1,1,1,1,1,1,1,1,4),
  (-1.825069761206,-1.742112044787,-1.659154328369,-1.576196611951,
    -1.493238895532,-1.410281179114,-1.327323462695,-1.244365746277,
    -1.161408029858,-1.07845031344,-0.995492597021,-0.912534880603,
    -0.829577164185,-0.746619447766,-0.663661731348,-0.580704014929,
    -0.497746298511,-0.414788582092,-0.331830865674,-0.248873149255,
    -0.165915432837,-8.295771641845E-02,0.),.UNSPECIFIED.);
#5203 = CARTESIAN_POINT('',(0.491642121452,-8.611554635174E-02));
#5204 = CARTESIAN_POINT('',(0.499974582457,-8.611554635174E-02));
#5205 = CARTESIAN_POINT('',(0.51663950444,-8.611554635174E-02));
#5206 = CARTESIAN_POINT('',(0.541636887372,-8.611554635174E-02));
#5207 = CARTESIAN_POINT('',(0.566634270315,-8.611554635174E-02));
#5208 = CARTESIAN_POINT('',(0.591631653256,-8.611554635174E-02));
#5209 = CARTESIAN_POINT('',(0.616629036197,-8.611554635174E-02));
#5210 = CARTESIAN_POINT('',(0.641626419138,-8.611554635174E-02));
#5211 = CARTESIAN_POINT('',(0.666623802079,-8.611554635174E-02));
#5212 = CARTESIAN_POINT('',(0.69162118502,-8.611554635174E-02));
#5213 = CARTESIAN_POINT('',(0.71661856796,-8.611554635174E-02));
#5214 = CARTESIAN_POINT('',(0.741615950901,-8.611554635174E-02));
#5215 = CARTESIAN_POINT('',(0.766613333842,-8.611554635174E-02));
#5216 = CARTESIAN_POINT('',(0.791610716783,-8.611554635174E-02));
#5217 = CARTESIAN_POINT('',(0.816608099724,-8.611554635174E-02));
#5218 = CARTESIAN_POINT('',(0.841605482665,-8.611554635174E-02));
#5219 = CARTESIAN_POINT('',(0.866602865606,-8.611554635174E-02));
#5220 = CARTESIAN_POINT('',(0.891600248547,-8.611554635174E-02));
#5221 = CARTESIAN_POINT('',(0.916597631488,-8.611554635174E-02));
#5222 = CARTESIAN_POINT('',(0.941595014429,-8.611554635174E-02));
#5223 = CARTESIAN_POINT('',(0.96659239737,-8.611554635174E-02));
#5224 = CARTESIAN_POINT('',(0.991589780311,-8.611554635174E-02));
#5225 = CARTESIAN_POINT('',(1.016587163252,-8.611554635174E-02));
#5226 = CARTESIAN_POINT('',(1.033252085212,-8.611554635174E-02));
#5227 = CARTESIAN_POINT('',(1.041584546193,-8.611554635174E-02));
#5228 = ( GEOMETRIC_REPRESENTATION_CONTEXT(2) 
PARAMETRIC_REPRESENTATION_CONTEXT() REPRESENTATION_CONTEXT('2D SPACE',''
  ) );
#5229 = PCURVE('',#4778,#5230);
#5230 = DEFINITIONAL_REPRESENTATION('',(#5231),#5235);
#5231 = LINE('',#5232,#5233);
#5232 = CARTESIAN_POINT('',(2.072738185412,0.1));
#5233 = VECTOR('',#5234,1.);
#5234 = DIRECTION('',(1.,0.));
#5235 = ( GEOMETRIC_REPRESENTATION_CONTEXT(2) 
PARAMETRIC_REPRESENTATION_CONTEXT() REPRESENTATION_CONTEXT('2D SPACE',''
  ) );
#5236 = ADVANCED_FACE('',(#5237),#4969,.F.);
#5237 = FACE_BOUND('',#5238,.T.);
#5238 = EDGE_LOOP('',(#5239,#5240,#5263,#5284,#5285));
#5239 = ORIENTED_EDGE('',*,*,#4953,.F.);
#5240 = ORIENTED_EDGE('',*,*,#5241,.F.);
#5241 = EDGE_CURVE('',#5242,#4930,#5244,.T.);
#5242 = VERTEX_POINT('',#5243);
#5243 = CARTESIAN_POINT('',(1.4,0.495596934911,-3.775736084661E-19));
#5244 = SURFACE_CURVE('',#5245,(#5249,#5256),.PCURVE_S1.);
#5245 = LINE('',#5246,#5247);
#5246 = CARTESIAN_POINT('',(1.4,0.481462568209,4.711455567171E-02));
#5247 = VECTOR('',#5248,1.);
#5248 = DIRECTION('',(0.,-0.287347885566,0.957826285221));
#5249 = PCURVE('',#4969,#5250);
#5250 = DEFINITIONAL_REPRESENTATION('',(#5251),#5255);
#5251 = LINE('',#5252,#5253);
#5252 = CARTESIAN_POINT('',(4.918904022438E-02,0.));
#5253 = VECTOR('',#5254,1.);
#5254 = DIRECTION('',(1.,0.));
#5255 = ( GEOMETRIC_REPRESENTATION_CONTEXT(2) 
PARAMETRIC_REPRESENTATION_CONTEXT() REPRESENTATION_CONTEXT('2D SPACE',''
  ) );
#5256 = PCURVE('',#4807,#5257);
#5257 = DEFINITIONAL_REPRESENTATION('',(#5258),#5262);
#5258 = LINE('',#5259,#5260);
#5259 = CARTESIAN_POINT('',(-4.711455567171E-02,0.328231404513));
#5260 = VECTOR('',#5261,1.);
#5261 = DIRECTION('',(-0.957826285221,-0.287347885566));
#5262 = ( GEOMETRIC_REPRESENTATION_CONTEXT(2) 
PARAMETRIC_REPRESENTATION_CONTEXT() REPRESENTATION_CONTEXT('2D SPACE',''
  ) );
#5263 = ORIENTED_EDGE('',*,*,#5264,.T.);
#5264 = EDGE_CURVE('',#5242,#5150,#5265,.T.);
#5265 = SURFACE_CURVE('',#5266,(#5270,#5277),.PCURVE_S1.);
#5266 = LINE('',#5267,#5268);
#5267 = CARTESIAN_POINT('',(1.4,0.495596934911,-3.775736084661E-19));
#5268 = VECTOR('',#5269,1.);
#5269 = DIRECTION('',(1.,0.,0.));
#5270 = PCURVE('',#4969,#5271);
#5271 = DEFINITIONAL_REPRESENTATION('',(#5272),#5276);
#5272 = LINE('',#5273,#5274);
#5273 = CARTESIAN_POINT('',(2.59518488018E-16,0.));
#5274 = VECTOR('',#5275,1.);
#5275 = DIRECTION('',(0.,1.));
#5276 = ( GEOMETRIC_REPRESENTATION_CONTEXT(2) 
PARAMETRIC_REPRESENTATION_CONTEXT() REPRESENTATION_CONTEXT('2D SPACE',''
  ) );
#5277 = PCURVE('',#4778,#5278);
#5278 = DEFINITIONAL_REPRESENTATION('',(#5279),#5283);
#5279 = LINE('',#5280,#5281);
#5280 = CARTESIAN_POINT('',(2.072738185412,0.));
#5281 = VECTOR('',#5282,1.);
#5282 = DIRECTION('',(0.,1.));
#5283 = ( GEOMETRIC_REPRESENTATION_CONTEXT(2) 
PARAMETRIC_REPRESENTATION_CONTEXT() REPRESENTATION_CONTEXT('2D SPACE',''
  ) );
#5284 = ORIENTED_EDGE('',*,*,#5149,.T.);
#5285 = ORIENTED_EDGE('',*,*,#5093,.F.);
#5286 = ADVANCED_FACE('',(#5287),#4778,.F.);
#5287 = FACE_BOUND('',#5288,.T.);
#5288 = EDGE_LOOP('',(#5289,#5290,#5291,#5292,#5293));
#5289 = ORIENTED_EDGE('',*,*,#4755,.F.);
#5290 = ORIENTED_EDGE('',*,*,#5005,.F.);
#5291 = ORIENTED_EDGE('',*,*,#5194,.T.);
#5292 = ORIENTED_EDGE('',*,*,#5264,.F.);
#5293 = ORIENTED_EDGE('',*,*,#5294,.F.);
#5294 = EDGE_CURVE('',#4758,#5242,#5295,.T.);
#5295 = SURFACE_CURVE('',#5296,(#5300,#5307),.PCURVE_S1.);
#5296 = LINE('',#5297,#5298);
#5297 = CARTESIAN_POINT('',(1.4,0.183664100754,-1.039776113857));
#5298 = VECTOR('',#5299,1.);
#5299 = DIRECTION('',(0.,0.287347885566,0.957826285221));
#5300 = PCURVE('',#4778,#5301);
#5301 = DEFINITIONAL_REPRESENTATION('',(#5302),#5306);
#5302 = LINE('',#5303,#5304);
#5303 = CARTESIAN_POINT('',(0.987180052482,0.));
#5304 = VECTOR('',#5305,1.);
#5305 = DIRECTION('',(1.,0.));
#5306 = ( GEOMETRIC_REPRESENTATION_CONTEXT(2) 
PARAMETRIC_REPRESENTATION_CONTEXT() REPRESENTATION_CONTEXT('2D SPACE',''
  ) );
#5307 = PCURVE('',#4807,#5308);
#5308 = DEFINITIONAL_REPRESENTATION('',(#5309),#5313);
#5309 = LINE('',#5310,#5311);
#5310 = CARTESIAN_POINT('',(1.039776113857,3.043293705745E-02));
#5311 = VECTOR('',#5312,1.);
#5312 = DIRECTION('',(-0.957826285221,0.287347885566));
#5313 = ( GEOMETRIC_REPRESENTATION_CONTEXT(2) 
PARAMETRIC_REPRESENTATION_CONTEXT() REPRESENTATION_CONTEXT('2D SPACE',''
  ) );
#5314 = ADVANCED_FACE('',(#5315),#4835,.T.);
#5315 = FACE_BOUND('',#5316,.T.);
#5316 = EDGE_LOOP('',(#5317,#5318,#5341,#5370,#5403,#5432,#5453,#5454));
#5317 = ORIENTED_EDGE('',*,*,#4819,.F.);
#5318 = ORIENTED_EDGE('',*,*,#5319,.T.);
#5319 = EDGE_CURVE('',#4791,#5320,#5322,.T.);
#5320 = VERTEX_POINT('',#5321);
#5321 = CARTESIAN_POINT('',(1.4,-0.1,-3.370830758137));
#5322 = SURFACE_CURVE('',#5323,(#5327,#5334),.PCURVE_S1.);
#5323 = LINE('',#5324,#5325);
#5324 = CARTESIAN_POINT('',(1.4,-0.1,-3.370830758137));
#5325 = VECTOR('',#5326,1.);
#5326 = DIRECTION('',(0.,0.,-1.));
#5327 = PCURVE('',#4835,#5328);
#5328 = DEFINITIONAL_REPRESENTATION('',(#5329),#5333);
#5329 = LINE('',#5330,#5331);
#5330 = CARTESIAN_POINT('',(3.370830758137,-0.722771335002));
#5331 = VECTOR('',#5332,1.);
#5332 = DIRECTION('',(1.,0.));
#5333 = ( GEOMETRIC_REPRESENTATION_CONTEXT(2) 
PARAMETRIC_REPRESENTATION_CONTEXT() REPRESENTATION_CONTEXT('2D SPACE',''
  ) );
#5334 = PCURVE('',#4807,#5335);
#5335 = DEFINITIONAL_REPRESENTATION('',(#5336),#5340);
#5336 = LINE('',#5337,#5338);
#5337 = CARTESIAN_POINT('',(3.370830758137,-0.253231163696));
#5338 = VECTOR('',#5339,1.);
#5339 = DIRECTION('',(1.,0.));
#5340 = ( GEOMETRIC_REPRESENTATION_CONTEXT(2) 
PARAMETRIC_REPRESENTATION_CONTEXT() REPRESENTATION_CONTEXT('2D SPACE',''
  ) );
#5341 = ORIENTED_EDGE('',*,*,#5342,.T.);
#5342 = EDGE_CURVE('',#5320,#5343,#5345,.T.);
#5343 = VERTEX_POINT('',#5344);
#5344 = CARTESIAN_POINT('',(3.620065789474,-0.1,-0.466501532562));
#5345 = SURFACE_CURVE('',#5346,(#5351,#5358),.PCURVE_S1.);
#5346 = CIRCLE('',#5347,3.65);
#5347 = AXIS2_PLACEMENT_3D('',#5348,#5349,#5350);
#5348 = CARTESIAN_POINT('',(0.,-0.1,0.));
#5349 = DIRECTION('',(0.,-1.,0.));
#5350 = DIRECTION('',(-0.283730344893,0.,0.958904109589));
#5351 = PCURVE('',#4835,#5352);
#5352 = DEFINITIONAL_REPRESENTATION('',(#5353),#5357);
#5353 = CIRCLE('',#5354,3.65);
#5354 = AXIS2_PLACEMENT_2D('',#5355,#5356);
#5355 = CARTESIAN_POINT('',(6.200062095506E-16,-2.122771335002));
#5356 = DIRECTION('',(-0.958904109589,-0.283730344893));
#5357 = ( GEOMETRIC_REPRESENTATION_CONTEXT(2) 
PARAMETRIC_REPRESENTATION_CONTEXT() REPRESENTATION_CONTEXT('2D SPACE',''
  ) );
#5358 = PCURVE('',#5359,#5364);
#5359 = CYLINDRICAL_SURFACE('',#5360,3.65);
#5360 = AXIS2_PLACEMENT_3D('',#5361,#5362,#5363);
#5361 = CARTESIAN_POINT('',(0.,1.232595164408E-31,0.));
#5362 = DIRECTION('',(0.,-1.,0.));
#5363 = DIRECTION('',(-0.283730344893,0.,0.958904109589));
#5364 = DEFINITIONAL_REPRESENTATION('',(#5365),#5369);
#5365 = LINE('',#5366,#5367);
#5366 = CARTESIAN_POINT('',(-4.440892098501E-16,0.1));
#5367 = VECTOR('',#5368,1.);
#5368 = DIRECTION('',(1.,0.));
#5369 = ( GEOMETRIC_REPRESENTATION_CONTEXT(2) 
PARAMETRIC_REPRESENTATION_CONTEXT() REPRESENTATION_CONTEXT('2D SPACE',''
  ) );
#5370 = ORIENTED_EDGE('',*,*,#5371,.T.);
#5371 = EDGE_CURVE('',#5343,#5372,#5374,.T.);
#5372 = VERTEX_POINT('',#5373);
#5373 = CARTESIAN_POINT('',(3.620065789474,-0.1,0.466501532562));
#5374 = SURFACE_CURVE('',#5375,(#5380,#5391),.PCURVE_S1.);
#5375 = CIRCLE('',#5376,0.5);
#5376 = AXIS2_PLACEMENT_3D('',#5377,#5378,#5379);
#5377 = CARTESIAN_POINT('',(3.8,-0.1,0.));
#5378 = DIRECTION('',(0.,1.,0.));
#5379 = DIRECTION('',(-0.359868421053,0.,0.933003065123));
#5380 = PCURVE('',#4835,#5381);
#5381 = DEFINITIONAL_REPRESENTATION('',(#5382),#5390);
#5382 = ( BOUNDED_CURVE() B_SPLINE_CURVE(2,(#5383,#5384,#5385,#5386,
#5387,#5388,#5389),.UNSPECIFIED.,.T.,.F.) B_SPLINE_CURVE_WITH_KNOTS((1,2
    ,2,2,2,1),(-2.094395102393,0.,2.094395102393,4.188790204786,
6.28318530718,8.377580409573),.UNSPECIFIED.) CURVE() 
GEOMETRIC_REPRESENTATION_ITEM() RATIONAL_B_SPLINE_CURVE((1.,0.5,1.,0.5,
1.,0.5,1.)) REPRESENTATION_ITEM('') );
#5383 = CARTESIAN_POINT('',(-0.466501532562,1.497294454472));
#5384 = CARTESIAN_POINT('',(-0.778156727213,2.305298810677));
#5385 = CARTESIAN_POINT('',(7.742316895508E-02,2.171197948364));
#5386 = CARTESIAN_POINT('',(0.933003065123,2.037097086051));
#5387 = CARTESIAN_POINT('',(0.389078363606,1.363193592159));
#5388 = CARTESIAN_POINT('',(-0.15484633791,0.689290098267));
#5389 = CARTESIAN_POINT('',(-0.466501532562,1.497294454472));
#5390 = ( GEOMETRIC_REPRESENTATION_CONTEXT(2) 
PARAMETRIC_REPRESENTATION_CONTEXT() REPRESENTATION_CONTEXT('2D SPACE',''
  ) );
#5391 = PCURVE('',#5392,#5397);
#5392 = CYLINDRICAL_SURFACE('',#5393,0.5);
#5393 = AXIS2_PLACEMENT_3D('',#5394,#5395,#5396);
#5394 = CARTESIAN_POINT('',(3.8,1.232595164408E-31,0.));
#5395 = DIRECTION('',(0.,-1.,0.));
#5396 = DIRECTION('',(-0.359868421053,0.,0.933003065123));
#5397 = DEFINITIONAL_REPRESENTATION('',(#5398),#5402);
#5398 = LINE('',#5399,#5400);
#5399 = CARTESIAN_POINT('',(6.28318530718,0.1));
#5400 = VECTOR('',#5401,1.);
#5401 = DIRECTION('',(-1.,0.));
#5402 = ( GEOMETRIC_REPRESENTATION_CONTEXT(2) 
PARAMETRIC_REPRESENTATION_CONTEXT() REPRESENTATION_CONTEXT('2D SPACE',''
  ) );
#5403 = ORIENTED_EDGE('',*,*,#5404,.T.);
#5404 = EDGE_CURVE('',#5372,#5405,#5407,.T.);
#5405 = VERTEX_POINT('',#5406);
#5406 = CARTESIAN_POINT('',(1.4,-0.1,3.370830758137));
#5407 = SURFACE_CURVE('',#5408,(#5413,#5420),.PCURVE_S1.);
#5408 = CIRCLE('',#5409,3.65);
#5409 = AXIS2_PLACEMENT_3D('',#5410,#5411,#5412);
#5410 = CARTESIAN_POINT('',(0.,-0.1,0.));
#5411 = DIRECTION('',(0.,-1.,0.));
#5412 = DIRECTION('',(-0.991798846431,-0.,-0.127808639058));
#5413 = PCURVE('',#4835,#5414);
#5414 = DEFINITIONAL_REPRESENTATION('',(#5415),#5419);
#5415 = CIRCLE('',#5416,3.65);
#5416 = AXIS2_PLACEMENT_2D('',#5417,#5418);
#5417 = CARTESIAN_POINT('',(6.200062095506E-16,-2.122771335002));
#5418 = DIRECTION('',(0.127808639058,-0.991798846431));
#5419 = ( GEOMETRIC_REPRESENTATION_CONTEXT(2) 
PARAMETRIC_REPRESENTATION_CONTEXT() REPRESENTATION_CONTEXT('2D SPACE',''
  ) );
#5420 = PCURVE('',#5421,#5426);
#5421 = CYLINDRICAL_SURFACE('',#5422,3.65);
#5422 = AXIS2_PLACEMENT_3D('',#5423,#5424,#5425);
#5423 = CARTESIAN_POINT('',(0.,1.232595164408E-31,0.));
#5424 = DIRECTION('',(0.,-1.,0.));
#5425 = DIRECTION('',(-0.991798846431,-0.,-0.127808639058));
#5426 = DEFINITIONAL_REPRESENTATION('',(#5427),#5431);
#5427 = LINE('',#5428,#5429);
#5428 = CARTESIAN_POINT('',(0.,0.1));
#5429 = VECTOR('',#5430,1.);
#5430 = DIRECTION('',(1.,0.));
#5431 = ( GEOMETRIC_REPRESENTATION_CONTEXT(2) 
PARAMETRIC_REPRESENTATION_CONTEXT() REPRESENTATION_CONTEXT('2D SPACE',''
  ) );
#5432 = ORIENTED_EDGE('',*,*,#5433,.T.);
#5433 = EDGE_CURVE('',#5405,#4902,#5434,.T.);
#5434 = SURFACE_CURVE('',#5435,(#5439,#5446),.PCURVE_S1.);
#5435 = LINE('',#5436,#5437);
#5436 = CARTESIAN_POINT('',(1.4,-0.1,-3.370830758137));
#5437 = VECTOR('',#5438,1.);
#5438 = DIRECTION('',(0.,0.,-1.));
#5439 = PCURVE('',#4835,#5440);
#5440 = DEFINITIONAL_REPRESENTATION('',(#5441),#5445);
#5441 = LINE('',#5442,#5443);
#5442 = CARTESIAN_POINT('',(3.370830758137,-0.722771335002));
#5443 = VECTOR('',#5444,1.);
#5444 = DIRECTION('',(1.,0.));
#5445 = ( GEOMETRIC_REPRESENTATION_CONTEXT(2) 
PARAMETRIC_REPRESENTATION_CONTEXT() REPRESENTATION_CONTEXT('2D SPACE',''
  ) );
#5446 = PCURVE('',#4807,#5447);
#5447 = DEFINITIONAL_REPRESENTATION('',(#5448),#5452);
#5448 = LINE('',#5449,#5450);
#5449 = CARTESIAN_POINT('',(3.370830758137,-0.253231163696));
#5450 = VECTOR('',#5451,1.);
#5451 = DIRECTION('',(1.,0.));
#5452 = ( GEOMETRIC_REPRESENTATION_CONTEXT(2) 
PARAMETRIC_REPRESENTATION_CONTEXT() REPRESENTATION_CONTEXT('2D SPACE',''
  ) );
#5453 = ORIENTED_EDGE('',*,*,#4899,.F.);
#5454 = ORIENTED_EDGE('',*,*,#5116,.F.);
#5455 = ADVANCED_FACE('',(#5456),#5470,.F.);
#5456 = FACE_BOUND('',#5457,.T.);
#5457 = EDGE_LOOP('',(#5458,#5493,#5554,#5582,#5605,#5633,#5657,#5685));
#5458 = ORIENTED_EDGE('',*,*,#5459,.T.);
#5459 = EDGE_CURVE('',#5460,#5462,#5464,.T.);
#5460 = VERTEX_POINT('',#5461);
#5461 = CARTESIAN_POINT('',(1.4,-3.469446951954E-17,-2.));
#5462 = VERTEX_POINT('',#5463);
#5463 = CARTESIAN_POINT('',(1.5,-3.469446951954E-17,-2.));
#5464 = SURFACE_CURVE('',#5465,(#5469,#5481),.PCURVE_S1.);
#5465 = LINE('',#5466,#5467);
#5466 = CARTESIAN_POINT('',(1.4,-3.469446951954E-17,-2.));
#5467 = VECTOR('',#5468,1.);
#5468 = DIRECTION('',(1.,0.,0.));
#5469 = PCURVE('',#5470,#5475);
#5470 = PLANE('',#5471);
#5471 = AXIS2_PLACEMENT_3D('',#5472,#5473,#5474);
#5472 = CARTESIAN_POINT('',(2.122771335002,1.232595164408E-31,
    6.200062095506E-16));
#5473 = DIRECTION('',(1.662917750523E-16,-1.,0.));
#5474 = DIRECTION('',(0.,0.,-1.));
#5475 = DEFINITIONAL_REPRESENTATION('',(#5476),#5480);
#5476 = LINE('',#5477,#5478);
#5477 = CARTESIAN_POINT('',(2.,-0.722771335002));
#5478 = VECTOR('',#5479,1.);
#5479 = DIRECTION('',(0.,1.));
#5480 = ( GEOMETRIC_REPRESENTATION_CONTEXT(2) 
PARAMETRIC_REPRESENTATION_CONTEXT() REPRESENTATION_CONTEXT('2D SPACE',''
  ) );
#5481 = PCURVE('',#5482,#5487);
#5482 = PLANE('',#5483);
#5483 = AXIS2_PLACEMENT_3D('',#5484,#5485,#5486);
#5484 = CARTESIAN_POINT('',(1.4,-3.469446951954E-17,-2.));
#5485 = DIRECTION('',(0.,0.957826285221,-0.287347885566));
#5486 = DIRECTION('',(0.,0.287347885566,0.957826285221));
#5487 = DEFINITIONAL_REPRESENTATION('',(#5488),#5492);
#5488 = LINE('',#5489,#5490);
#5489 = CARTESIAN_POINT('',(0.,0.));
#5490 = VECTOR('',#5491,1.);
#5491 = DIRECTION('',(0.,1.));
#5492 = ( GEOMETRIC_REPRESENTATION_CONTEXT(2) 
PARAMETRIC_REPRESENTATION_CONTEXT() REPRESENTATION_CONTEXT('2D SPACE',''
  ) );
#5493 = ORIENTED_EDGE('',*,*,#5494,.F.);
#5494 = EDGE_CURVE('',#5495,#5462,#5497,.T.);
#5495 = VERTEX_POINT('',#5496);
#5496 = CARTESIAN_POINT('',(1.5,0.,2.));
#5497 = SURFACE_CURVE('',#5498,(#5503,#5514),.PCURVE_S1.);
#5498 = CIRCLE('',#5499,2.5);
#5499 = AXIS2_PLACEMENT_3D('',#5500,#5501,#5502);
#5500 = CARTESIAN_POINT('',(-8.326672684689E-16,1.232595164408E-31,0.));
#5501 = DIRECTION('',(0.,1.,0.));
#5502 = DIRECTION('',(0.6,0.,-0.8));
#5503 = PCURVE('',#5470,#5504);
#5504 = DEFINITIONAL_REPRESENTATION('',(#5505),#5513);
#5505 = ( BOUNDED_CURVE() B_SPLINE_CURVE(2,(#5506,#5507,#5508,#5509,
#5510,#5511,#5512),.UNSPECIFIED.,.T.,.F.) B_SPLINE_CURVE_WITH_KNOTS((1,2
    ,2,2,2,1),(-2.094395102393,0.,2.094395102393,4.188790204786,
6.28318530718,8.377580409573),.UNSPECIFIED.) CURVE() 
GEOMETRIC_REPRESENTATION_ITEM() RATIONAL_B_SPLINE_CURVE((1.,0.5,1.,0.5,
1.,0.5,1.)) REPRESENTATION_ITEM('') );
#5506 = CARTESIAN_POINT('',(2.,-0.622771335002));
#5507 = CARTESIAN_POINT('',(4.598076211353,-4.086872950139));
#5508 = CARTESIAN_POINT('',(0.299038105677,-4.60482214257));
#5509 = CARTESIAN_POINT('',(-4.,-5.122771335002));
#5510 = CARTESIAN_POINT('',(-2.299038105677,-1.140720527433));
#5511 = CARTESIAN_POINT('',(-0.598076211353,2.841330280136));
#5512 = CARTESIAN_POINT('',(2.,-0.622771335002));
#5513 = ( GEOMETRIC_REPRESENTATION_CONTEXT(2) 
PARAMETRIC_REPRESENTATION_CONTEXT() REPRESENTATION_CONTEXT('2D SPACE',''
  ) );
#5514 = PCURVE('',#5515,#5526);
#5515 = ( BOUNDED_SURFACE() B_SPLINE_SURFACE(1,2,(
    (#5516,#5517,#5518,#5519,#5520)
    ,(#5521,#5522,#5523,#5524,#5525
)),.UNSPECIFIED.,.F.,.F.,.F.) B_SPLINE_SURFACE_WITH_KNOTS((2,2),(3,2,3),
  (0.345427116511,1.04218801244),(-3.070344487025,-1.570796326795,
-7.124816656501E-02),.UNSPECIFIED.) GEOMETRIC_REPRESENTATION_ITEM() 
RATIONAL_B_SPLINE_SURFACE((
    (1.,0.73184284595,1.,0.73184284595,1.)
,(1.,0.73184284595,1.,0.73184284595,1.
))) REPRESENTATION_ITEM('') SURFACE() );
#5516 = CARTESIAN_POINT('',(1.5,1.267432339636E-15,2.));
#5517 = CARTESIAN_POINT('',(2.99366884793,-0.296201308758,1.867086059912
    ));
#5518 = CARTESIAN_POINT('',(2.99366884793,-0.296201308758,
    1.692499182714E-15));
#5519 = CARTESIAN_POINT('',(2.99366884793,-0.296201308758,
    -1.867086059912));
#5520 = CARTESIAN_POINT('',(1.5,1.187201378872E-15,-2.));
#5521 = CARTESIAN_POINT('',(1.5,0.6,1.339838910819E-15));
#5522 = CARTESIAN_POINT('',(1.5,0.6,1.338933434151E-15));
#5523 = CARTESIAN_POINT('',(1.5,0.6,9.740061297544E-16));
#5524 = CARTESIAN_POINT('',(1.5,0.6,6.090788253583E-16));
#5525 = CARTESIAN_POINT('',(1.5,0.6,5.58027483416E-16));
#5526 = DEFINITIONAL_REPRESENTATION('',(#5527),#5553);
#5527 = B_SPLINE_CURVE_WITH_KNOTS('',3,(#5528,#5529,#5530,#5531,#5532,
    #5533,#5534,#5535,#5536,#5537,#5538,#5539,#5540,#5541,#5542,#5543,
    #5544,#5545,#5546,#5547,#5548,#5549,#5550,#5551,#5552),
  .UNSPECIFIED.,.F.,.F.,(4,1,1,1,1,1,1,1,1,1,1,1,1,1,1,1,1,1,1,1,1,1,4),
  (4.428594871176,4.512894436449,4.597194001722,4.681493566995,
    4.765793132268,4.850092697541,4.934392262814,5.018691828086,
    5.102991393359,5.187290958632,5.271590523905,5.355890089178,
    5.440189654451,5.524489219724,5.608788784997,5.693088350269,
    5.777387915542,5.861687480815,5.945987046088,6.030286611361,
    6.114586176634,6.198885741907,6.28318530718),.QUASI_UNIFORM_KNOTS.);
#5528 = CARTESIAN_POINT('',(0.345427116511,-3.070344487025));
#5529 = CARTESIAN_POINT('',(0.358370693091,-3.031794498521));
#5530 = CARTESIAN_POINT('',(0.38343341579,-2.954151365514));
#5531 = CARTESIAN_POINT('',(0.418308848854,-2.835560134249));
#5532 = CARTESIAN_POINT('',(0.4502121395,-2.71436049571));
#5533 = CARTESIAN_POINT('',(0.478918257668,-2.590017415554));
#5534 = CARTESIAN_POINT('',(0.504222910165,-2.461946635767));
#5535 = CARTESIAN_POINT('',(0.525946489608,-2.329506486845));
#5536 = CARTESIAN_POINT('',(0.543934680699,-2.191954797981));
#5537 = CARTESIAN_POINT('',(0.55805973555,-2.048543125184));
#5538 = CARTESIAN_POINT('',(0.568221332919,-1.898077907282));
#5539 = CARTESIAN_POINT('',(0.574347303591,-1.740452235439));
#5540 = CARTESIAN_POINT('',(0.576394139483,-1.570796326795));
#5541 = CARTESIAN_POINT('',(0.574347303591,-1.401140418151));
#5542 = CARTESIAN_POINT('',(0.568221332919,-1.243514746307));
#5543 = CARTESIAN_POINT('',(0.55805973555,-1.093049528406));
#5544 = CARTESIAN_POINT('',(0.543934680699,-0.949637855609));
#5545 = CARTESIAN_POINT('',(0.525946489608,-0.812086166745));
#5546 = CARTESIAN_POINT('',(0.504222910165,-0.679646017823));
#5547 = CARTESIAN_POINT('',(0.478918257668,-0.551575238036));
#5548 = CARTESIAN_POINT('',(0.4502121395,-0.42723215788));
#5549 = CARTESIAN_POINT('',(0.418308848854,-0.306032519341));
#5550 = CARTESIAN_POINT('',(0.38343341579,-0.187441288076));
#5551 = CARTESIAN_POINT('',(0.358370693091,-0.109798155069));
#5552 = CARTESIAN_POINT('',(0.345427116511,-7.124816656501E-02));
#5553 = ( GEOMETRIC_REPRESENTATION_CONTEXT(2) 
PARAMETRIC_REPRESENTATION_CONTEXT() REPRESENTATION_CONTEXT('2D SPACE',''
  ) );
#5554 = ORIENTED_EDGE('',*,*,#5555,.F.);
#5555 = EDGE_CURVE('',#5556,#5495,#5558,.T.);
#5556 = VERTEX_POINT('',#5557);
#5557 = CARTESIAN_POINT('',(1.4,0.,2.));
#5558 = SURFACE_CURVE('',#5559,(#5563,#5570),.PCURVE_S1.);
#5559 = LINE('',#5560,#5561);
#5560 = CARTESIAN_POINT('',(1.4,0.,2.));
#5561 = VECTOR('',#5562,1.);
#5562 = DIRECTION('',(1.,0.,0.));
#5563 = PCURVE('',#5470,#5564);
#5564 = DEFINITIONAL_REPRESENTATION('',(#5565),#5569);
#5565 = LINE('',#5566,#5567);
#5566 = CARTESIAN_POINT('',(-2.,-0.722771335002));
#5567 = VECTOR('',#5568,1.);
#5568 = DIRECTION('',(0.,1.));
#5569 = ( GEOMETRIC_REPRESENTATION_CONTEXT(2) 
PARAMETRIC_REPRESENTATION_CONTEXT() REPRESENTATION_CONTEXT('2D SPACE',''
  ) );
#5570 = PCURVE('',#5571,#5576);
#5571 = PLANE('',#5572);
#5572 = AXIS2_PLACEMENT_3D('',#5573,#5574,#5575);
#5573 = CARTESIAN_POINT('',(1.4,0.6,0.));
#5574 = DIRECTION('',(0.,0.957826285221,0.287347885566));
#5575 = DIRECTION('',(0.,-0.287347885566,0.957826285221));
#5576 = DEFINITIONAL_REPRESENTATION('',(#5577),#5581);
#5577 = LINE('',#5578,#5579);
#5578 = CARTESIAN_POINT('',(2.088061301782,0.));
#5579 = VECTOR('',#5580,1.);
#5580 = DIRECTION('',(0.,1.));
#5581 = ( GEOMETRIC_REPRESENTATION_CONTEXT(2) 
PARAMETRIC_REPRESENTATION_CONTEXT() REPRESENTATION_CONTEXT('2D SPACE',''
  ) );
#5582 = ORIENTED_EDGE('',*,*,#5583,.T.);
#5583 = EDGE_CURVE('',#5556,#5584,#5586,.T.);
#5584 = VERTEX_POINT('',#5585);
#5585 = CARTESIAN_POINT('',(1.4,1.232595164408E-31,3.370830758137));
#5586 = SURFACE_CURVE('',#5587,(#5591,#5598),.PCURVE_S1.);
#5587 = LINE('',#5588,#5589);
#5588 = CARTESIAN_POINT('',(1.4,1.232595164408E-31,-3.370830758137));
#5589 = VECTOR('',#5590,1.);
#5590 = DIRECTION('',(0.,0.,1.));
#5591 = PCURVE('',#5470,#5592);
#5592 = DEFINITIONAL_REPRESENTATION('',(#5593),#5597);
#5593 = LINE('',#5594,#5595);
#5594 = CARTESIAN_POINT('',(3.370830758137,-0.722771335002));
#5595 = VECTOR('',#5596,1.);
#5596 = DIRECTION('',(-1.,0.));
#5597 = ( GEOMETRIC_REPRESENTATION_CONTEXT(2) 
PARAMETRIC_REPRESENTATION_CONTEXT() REPRESENTATION_CONTEXT('2D SPACE',''
  ) );
#5598 = PCURVE('',#4807,#5599);
#5599 = DEFINITIONAL_REPRESENTATION('',(#5600),#5604);
#5600 = LINE('',#5601,#5602);
#5601 = CARTESIAN_POINT('',(3.370830758137,-0.153231163696));
#5602 = VECTOR('',#5603,1.);
#5603 = DIRECTION('',(-1.,0.));
#5604 = ( GEOMETRIC_REPRESENTATION_CONTEXT(2) 
PARAMETRIC_REPRESENTATION_CONTEXT() REPRESENTATION_CONTEXT('2D SPACE',''
  ) );
#5605 = ORIENTED_EDGE('',*,*,#5606,.T.);
#5606 = EDGE_CURVE('',#5584,#5607,#5609,.T.);
#5607 = VERTEX_POINT('',#5608);
#5608 = CARTESIAN_POINT('',(3.620065789474,1.232595164408E-31,
    0.466501532562));
#5609 = SURFACE_CURVE('',#5610,(#5615,#5626),.PCURVE_S1.);
#5610 = CIRCLE('',#5611,3.65);
#5611 = AXIS2_PLACEMENT_3D('',#5612,#5613,#5614);
#5612 = CARTESIAN_POINT('',(0.,1.232595164408E-31,0.));
#5613 = DIRECTION('',(0.,1.,0.));
#5614 = DIRECTION('',(-0.991798846431,0.,-0.127808639058));
#5615 = PCURVE('',#5470,#5616);
#5616 = DEFINITIONAL_REPRESENTATION('',(#5617),#5625);
#5617 = ( BOUNDED_CURVE() B_SPLINE_CURVE(2,(#5618,#5619,#5620,#5621,
#5622,#5623,#5624),.UNSPECIFIED.,.T.,.F.) B_SPLINE_CURVE_WITH_KNOTS((1,2
    ,2,2,2,1),(-2.094395102393,0.,2.094395102393,4.188790204786,
6.28318530718,8.377580409573),.UNSPECIFIED.) CURVE() 
GEOMETRIC_REPRESENTATION_ITEM() RATIONAL_B_SPLINE_CURVE((1.,0.5,1.,0.5,
1.,0.5,1.)) REPRESENTATION_ITEM('') );
#5618 = CARTESIAN_POINT('',(0.466501532562,-5.742837124475));
#5619 = CARTESIAN_POINT('',(-5.803636341549,-6.550841480681));
#5620 = CARTESIAN_POINT('',(-3.368319703336,-0.716740618367));
#5621 = CARTESIAN_POINT('',(-0.933003065123,5.117360243946));
#5622 = CARTESIAN_POINT('',(2.901818170774,9.126373783799E-02));
#5623 = CARTESIAN_POINT('',(6.736639406672,-4.93483276827));
#5624 = CARTESIAN_POINT('',(0.466501532562,-5.742837124475));
#5625 = ( GEOMETRIC_REPRESENTATION_CONTEXT(2) 
PARAMETRIC_REPRESENTATION_CONTEXT() REPRESENTATION_CONTEXT('2D SPACE',''
  ) );
#5626 = PCURVE('',#5421,#5627);
#5627 = DEFINITIONAL_REPRESENTATION('',(#5628),#5632);
#5628 = LINE('',#5629,#5630);
#5629 = CARTESIAN_POINT('',(6.28318530718,0.));
#5630 = VECTOR('',#5631,1.);
#5631 = DIRECTION('',(-1.,0.));
#5632 = ( GEOMETRIC_REPRESENTATION_CONTEXT(2) 
PARAMETRIC_REPRESENTATION_CONTEXT() REPRESENTATION_CONTEXT('2D SPACE',''
  ) );
#5633 = ORIENTED_EDGE('',*,*,#5634,.T.);
#5634 = EDGE_CURVE('',#5607,#5635,#5637,.T.);
#5635 = VERTEX_POINT('',#5636);
#5636 = CARTESIAN_POINT('',(3.620065789474,1.232595164408E-31,
    -0.466501532562));
#5637 = SURFACE_CURVE('',#5638,(#5643,#5650),.PCURVE_S1.);
#5638 = CIRCLE('',#5639,0.5);
#5639 = AXIS2_PLACEMENT_3D('',#5640,#5641,#5642);
#5640 = CARTESIAN_POINT('',(3.8,1.232595164408E-31,0.));
#5641 = DIRECTION('',(0.,-1.,0.));
#5642 = DIRECTION('',(-0.359868421053,0.,0.933003065123));
#5643 = PCURVE('',#5470,#5644);
#5644 = DEFINITIONAL_REPRESENTATION('',(#5645),#5649);
#5645 = CIRCLE('',#5646,0.5);
#5646 = AXIS2_PLACEMENT_2D('',#5647,#5648);
#5647 = CARTESIAN_POINT('',(6.200062095506E-16,1.677228664998));
#5648 = DIRECTION('',(-0.933003065123,-0.359868421053));
#5649 = ( GEOMETRIC_REPRESENTATION_CONTEXT(2) 
PARAMETRIC_REPRESENTATION_CONTEXT() REPRESENTATION_CONTEXT('2D SPACE',''
  ) );
#5650 = PCURVE('',#5392,#5651);
#5651 = DEFINITIONAL_REPRESENTATION('',(#5652),#5656);
#5652 = LINE('',#5653,#5654);
#5653 = CARTESIAN_POINT('',(0.,0.));
#5654 = VECTOR('',#5655,1.);
#5655 = DIRECTION('',(1.,0.));
#5656 = ( GEOMETRIC_REPRESENTATION_CONTEXT(2) 
PARAMETRIC_REPRESENTATION_CONTEXT() REPRESENTATION_CONTEXT('2D SPACE',''
  ) );
#5657 = ORIENTED_EDGE('',*,*,#5658,.T.);
#5658 = EDGE_CURVE('',#5635,#5659,#5661,.T.);
#5659 = VERTEX_POINT('',#5660);
#5660 = CARTESIAN_POINT('',(1.4,1.232595164408E-31,-3.370830758137));
#5661 = SURFACE_CURVE('',#5662,(#5667,#5678),.PCURVE_S1.);
#5662 = CIRCLE('',#5663,3.65);
#5663 = AXIS2_PLACEMENT_3D('',#5664,#5665,#5666);
#5664 = CARTESIAN_POINT('',(0.,1.232595164408E-31,0.));
#5665 = DIRECTION('',(0.,1.,0.));
#5666 = DIRECTION('',(-0.283730344893,0.,0.958904109589));
#5667 = PCURVE('',#5470,#5668);
#5668 = DEFINITIONAL_REPRESENTATION('',(#5669),#5677);
#5669 = ( BOUNDED_CURVE() B_SPLINE_CURVE(2,(#5670,#5671,#5672,#5673,
#5674,#5675,#5676),.UNSPECIFIED.,.T.,.F.) B_SPLINE_CURVE_WITH_KNOTS((1,2
    ,2,2,2,1),(-2.094395102393,0.,2.094395102393,4.188790204786,
6.28318530718,8.377580409573),.UNSPECIFIED.) CURVE() 
GEOMETRIC_REPRESENTATION_ITEM() RATIONAL_B_SPLINE_CURVE((1.,0.5,1.,0.5,
1.,0.5,1.)) REPRESENTATION_ITEM('') );
#5670 = CARTESIAN_POINT('',(-3.5,-3.158387093862));
#5671 = CARTESIAN_POINT('',(-5.293739111465,2.903790732629));
#5672 = CARTESIAN_POINT('',(0.853130444267,1.426125457674));
#5673 = CARTESIAN_POINT('',(7.,-5.153981728074E-02));
#5674 = CARTESIAN_POINT('',(2.646869555733,-4.636052368817));
#5675 = CARTESIAN_POINT('',(-1.706260888535,-9.220564920353));
#5676 = CARTESIAN_POINT('',(-3.5,-3.158387093862));
#5677 = ( GEOMETRIC_REPRESENTATION_CONTEXT(2) 
PARAMETRIC_REPRESENTATION_CONTEXT() REPRESENTATION_CONTEXT('2D SPACE',''
  ) );
#5678 = PCURVE('',#5359,#5679);
#5679 = DEFINITIONAL_REPRESENTATION('',(#5680),#5684);
#5680 = LINE('',#5681,#5682);
#5681 = CARTESIAN_POINT('',(6.28318530718,0.));
#5682 = VECTOR('',#5683,1.);
#5683 = DIRECTION('',(-1.,0.));
#5684 = ( GEOMETRIC_REPRESENTATION_CONTEXT(2) 
PARAMETRIC_REPRESENTATION_CONTEXT() REPRESENTATION_CONTEXT('2D SPACE',''
  ) );
#5685 = ORIENTED_EDGE('',*,*,#5686,.T.);
#5686 = EDGE_CURVE('',#5659,#5460,#5687,.T.);
#5687 = SURFACE_CURVE('',#5688,(#5692,#5699),.PCURVE_S1.);
#5688 = LINE('',#5689,#5690);
#5689 = CARTESIAN_POINT('',(1.4,1.232595164408E-31,-3.370830758137));
#5690 = VECTOR('',#5691,1.);
#5691 = DIRECTION('',(0.,0.,1.));
#5692 = PCURVE('',#5470,#5693);
#5693 = DEFINITIONAL_REPRESENTATION('',(#5694),#5698);
#5694 = LINE('',#5695,#5696);
#5695 = CARTESIAN_POINT('',(3.370830758137,-0.722771335002));
#5696 = VECTOR('',#5697,1.);
#5697 = DIRECTION('',(-1.,0.));
#5698 = ( GEOMETRIC_REPRESENTATION_CONTEXT(2) 
PARAMETRIC_REPRESENTATION_CONTEXT() REPRESENTATION_CONTEXT('2D SPACE',''
  ) );
#5699 = PCURVE('',#4807,#5700);
#5700 = DEFINITIONAL_REPRESENTATION('',(#5701),#5705);
#5701 = LINE('',#5702,#5703);
#5702 = CARTESIAN_POINT('',(3.370830758137,-0.153231163696));
#5703 = VECTOR('',#5704,1.);
#5704 = DIRECTION('',(-1.,0.));
#5705 = ( GEOMETRIC_REPRESENTATION_CONTEXT(2) 
PARAMETRIC_REPRESENTATION_CONTEXT() REPRESENTATION_CONTEXT('2D SPACE',''
  ) );
#5706 = ADVANCED_FACE('',(#5707),#5421,.T.);
#5707 = FACE_BOUND('',#5708,.T.);
#5708 = EDGE_LOOP('',(#5709,#5710,#5731,#5732));
#5709 = ORIENTED_EDGE('',*,*,#5606,.F.);
#5710 = ORIENTED_EDGE('',*,*,#5711,.T.);
#5711 = EDGE_CURVE('',#5584,#5405,#5712,.T.);
#5712 = SURFACE_CURVE('',#5713,(#5717,#5724),.PCURVE_S1.);
#5713 = LINE('',#5714,#5715);
#5714 = CARTESIAN_POINT('',(1.4,1.232595164408E-31,3.370830758137));
#5715 = VECTOR('',#5716,1.);
#5716 = DIRECTION('',(0.,-1.,0.));
#5717 = PCURVE('',#5421,#5718);
#5718 = DEFINITIONAL_REPRESENTATION('',(#5719),#5723);
#5719 = LINE('',#5720,#5721);
#5720 = CARTESIAN_POINT('',(4.190579960056,0.));
#5721 = VECTOR('',#5722,1.);
#5722 = DIRECTION('',(0.,1.));
#5723 = ( GEOMETRIC_REPRESENTATION_CONTEXT(2) 
PARAMETRIC_REPRESENTATION_CONTEXT() REPRESENTATION_CONTEXT('2D SPACE',''
  ) );
#5724 = PCURVE('',#4807,#5725);
#5725 = DEFINITIONAL_REPRESENTATION('',(#5726),#5730);
#5726 = LINE('',#5727,#5728);
#5727 = CARTESIAN_POINT('',(-3.370830758137,-0.153231163696));
#5728 = VECTOR('',#5729,1.);
#5729 = DIRECTION('',(0.,-1.));
#5730 = ( GEOMETRIC_REPRESENTATION_CONTEXT(2) 
PARAMETRIC_REPRESENTATION_CONTEXT() REPRESENTATION_CONTEXT('2D SPACE',''
  ) );
#5731 = ORIENTED_EDGE('',*,*,#5404,.F.);
#5732 = ORIENTED_EDGE('',*,*,#5733,.F.);
#5733 = EDGE_CURVE('',#5607,#5372,#5734,.T.);
#5734 = SURFACE_CURVE('',#5735,(#5739,#5746),.PCURVE_S1.);
#5735 = LINE('',#5736,#5737);
#5736 = CARTESIAN_POINT('',(3.620065789474,1.232595164408E-31,
    0.466501532562));
#5737 = VECTOR('',#5738,1.);
#5738 = DIRECTION('',(0.,-1.,0.));
#5739 = PCURVE('',#5421,#5740);
#5740 = DEFINITIONAL_REPRESENTATION('',(#5741),#5745);
#5741 = LINE('',#5742,#5743);
#5742 = CARTESIAN_POINT('',(3.14159265359,0.));
#5743 = VECTOR('',#5744,1.);
#5744 = DIRECTION('',(0.,1.));
#5745 = ( GEOMETRIC_REPRESENTATION_CONTEXT(2) 
PARAMETRIC_REPRESENTATION_CONTEXT() REPRESENTATION_CONTEXT('2D SPACE',''
  ) );
#5746 = PCURVE('',#5392,#5747);
#5747 = DEFINITIONAL_REPRESENTATION('',(#5748),#5752);
#5748 = LINE('',#5749,#5750);
#5749 = CARTESIAN_POINT('',(0.,0.));
#5750 = VECTOR('',#5751,1.);
#5751 = DIRECTION('',(0.,1.));
#5752 = ( GEOMETRIC_REPRESENTATION_CONTEXT(2) 
PARAMETRIC_REPRESENTATION_CONTEXT() REPRESENTATION_CONTEXT('2D SPACE',''
  ) );
#5753 = ADVANCED_FACE('',(#5754),#5392,.F.);
#5754 = FACE_BOUND('',#5755,.F.);
#5755 = EDGE_LOOP('',(#5756,#5777,#5778,#5779));
#5756 = ORIENTED_EDGE('',*,*,#5757,.T.);
#5757 = EDGE_CURVE('',#5635,#5343,#5758,.T.);
#5758 = SURFACE_CURVE('',#5759,(#5763,#5770),.PCURVE_S1.);
#5759 = LINE('',#5760,#5761);
#5760 = CARTESIAN_POINT('',(3.620065789474,1.232595164408E-31,
    -0.466501532562));
#5761 = VECTOR('',#5762,1.);
#5762 = DIRECTION('',(0.,-1.,0.));
#5763 = PCURVE('',#5392,#5764);
#5764 = DEFINITIONAL_REPRESENTATION('',(#5765),#5769);
#5765 = LINE('',#5766,#5767);
#5766 = CARTESIAN_POINT('',(2.405338929084,0.));
#5767 = VECTOR('',#5768,1.);
#5768 = DIRECTION('',(0.,1.));
#5769 = ( GEOMETRIC_REPRESENTATION_CONTEXT(2) 
PARAMETRIC_REPRESENTATION_CONTEXT() REPRESENTATION_CONTEXT('2D SPACE',''
  ) );
#5770 = PCURVE('',#5359,#5771);
#5771 = DEFINITIONAL_REPRESENTATION('',(#5772),#5776);
#5772 = LINE('',#5773,#5774);
#5773 = CARTESIAN_POINT('',(4.296547698939,0.));
#5774 = VECTOR('',#5775,1.);
#5775 = DIRECTION('',(0.,1.));
#5776 = ( GEOMETRIC_REPRESENTATION_CONTEXT(2) 
PARAMETRIC_REPRESENTATION_CONTEXT() REPRESENTATION_CONTEXT('2D SPACE',''
  ) );
#5777 = ORIENTED_EDGE('',*,*,#5371,.T.);
#5778 = ORIENTED_EDGE('',*,*,#5733,.F.);
#5779 = ORIENTED_EDGE('',*,*,#5634,.T.);
#5780 = ADVANCED_FACE('',(#5781),#5359,.T.);
#5781 = FACE_BOUND('',#5782,.T.);
#5782 = EDGE_LOOP('',(#5783,#5784,#5785,#5786));
#5783 = ORIENTED_EDGE('',*,*,#5658,.F.);
#5784 = ORIENTED_EDGE('',*,*,#5757,.T.);
#5785 = ORIENTED_EDGE('',*,*,#5342,.F.);
#5786 = ORIENTED_EDGE('',*,*,#5787,.F.);
#5787 = EDGE_CURVE('',#5659,#5320,#5788,.T.);
#5788 = SURFACE_CURVE('',#5789,(#5793,#5800),.PCURVE_S1.);
#5789 = LINE('',#5790,#5791);
#5790 = CARTESIAN_POINT('',(1.4,1.232595164408E-31,-3.370830758137));
#5791 = VECTOR('',#5792,1.);
#5792 = DIRECTION('',(0.,-1.,0.));
#5793 = PCURVE('',#5359,#5794);
#5794 = DEFINITIONAL_REPRESENTATION('',(#5795),#5799);
#5795 = LINE('',#5796,#5797);
#5796 = CARTESIAN_POINT('',(3.247560392473,0.));
#5797 = VECTOR('',#5798,1.);
#5798 = DIRECTION('',(0.,1.));
#5799 = ( GEOMETRIC_REPRESENTATION_CONTEXT(2) 
PARAMETRIC_REPRESENTATION_CONTEXT() REPRESENTATION_CONTEXT('2D SPACE',''
  ) );
#5800 = PCURVE('',#4807,#5801);
#5801 = DEFINITIONAL_REPRESENTATION('',(#5802),#5806);
#5802 = LINE('',#5803,#5804);
#5803 = CARTESIAN_POINT('',(3.370830758137,-0.153231163696));
#5804 = VECTOR('',#5805,1.);
#5805 = DIRECTION('',(0.,-1.));
#5806 = ( GEOMETRIC_REPRESENTATION_CONTEXT(2) 
PARAMETRIC_REPRESENTATION_CONTEXT() REPRESENTATION_CONTEXT('2D SPACE',''
  ) );
#5807 = ADVANCED_FACE('',(#5808),#5515,.F.);
#5808 = FACE_BOUND('',#5809,.F.);
#5809 = EDGE_LOOP('',(#5810,#5855,#5856));
#5810 = ORIENTED_EDGE('',*,*,#5811,.F.);
#5811 = EDGE_CURVE('',#5462,#5812,#5814,.T.);
#5812 = VERTEX_POINT('',#5813);
#5813 = CARTESIAN_POINT('',(1.5,0.6,0.));
#5814 = SURFACE_CURVE('',#5815,(#5819,#5848),.PCURVE_S1.);
#5815 = LINE('',#5816,#5817);
#5816 = CARTESIAN_POINT('',(1.5,-3.469446951954E-17,-2.));
#5817 = VECTOR('',#5818,1.);
#5818 = DIRECTION('',(0.,0.287347885566,0.957826285221));
#5819 = PCURVE('',#5515,#5820);
#5820 = DEFINITIONAL_REPRESENTATION('',(#5821),#5847);
#5821 = B_SPLINE_CURVE_WITH_KNOTS('',3,(#5822,#5823,#5824,#5825,#5826,
    #5827,#5828,#5829,#5830,#5831,#5832,#5833,#5834,#5835,#5836,#5837,
    #5838,#5839,#5840,#5841,#5842,#5843,#5844,#5845,#5846),
  .UNSPECIFIED.,.F.,.F.,(4,1,1,1,1,1,1,1,1,1,1,1,1,1,1,1,1,1,1,1,1,1,4),
  (0.,9.491187735373E-02,0.189823754707,0.284735632061,0.379647509415,
    0.474559386769,0.569471264122,0.664383141476,0.75929501883,
    0.854206896184,0.949118773537,1.044030650891,1.138942528245,
    1.233854405599,1.328766282952,1.423678160306,1.51859003766,
    1.613501915013,1.708413792367,1.803325669721,1.898237547075,
    1.993149424428,2.088061301782),.QUASI_UNIFORM_KNOTS.);
#5822 = CARTESIAN_POINT('',(0.345427116511,-7.124816656501E-02));
#5823 = CARTESIAN_POINT('',(0.355984099783,-7.124816656501E-02));
#5824 = CARTESIAN_POINT('',(0.377098066326,-7.124816656501E-02));
#5825 = CARTESIAN_POINT('',(0.408769016141,-7.124816656501E-02));
#5826 = CARTESIAN_POINT('',(0.440439965956,-7.124816656501E-02));
#5827 = CARTESIAN_POINT('',(0.472110915771,-7.124816656501E-02));
#5828 = CARTESIAN_POINT('',(0.503781865586,-7.124816656501E-02));
#5829 = CARTESIAN_POINT('',(0.535452815401,-7.124816656501E-02));
#5830 = CARTESIAN_POINT('',(0.567123765216,-7.124816656501E-02));
#5831 = CARTESIAN_POINT('',(0.598794715031,-7.124816656501E-02));
#5832 = CARTESIAN_POINT('',(0.630465664846,-7.124816656501E-02));
#5833 = CARTESIAN_POINT('',(0.662136614661,-7.124816656501E-02));
#5834 = CARTESIAN_POINT('',(0.693807564476,-7.124816656501E-02));
#5835 = CARTESIAN_POINT('',(0.725478514291,-7.124816656501E-02));
#5836 = CARTESIAN_POINT('',(0.757149464106,-7.124816656501E-02));
#5837 = CARTESIAN_POINT('',(0.788820413921,-7.124816656501E-02));
#5838 = CARTESIAN_POINT('',(0.820491363736,-7.124816656501E-02));
#5839 = CARTESIAN_POINT('',(0.85216231355,-7.124816656501E-02));
#5840 = CARTESIAN_POINT('',(0.883833263365,-7.124816656501E-02));
#5841 = CARTESIAN_POINT('',(0.91550421318,-7.124816656501E-02));
#5842 = CARTESIAN_POINT('',(0.947175162995,-7.124816656501E-02));
#5843 = CARTESIAN_POINT('',(0.97884611281,-7.124816656501E-02));
#5844 = CARTESIAN_POINT('',(1.010517062625,-7.124816656501E-02));
#5845 = CARTESIAN_POINT('',(1.031631029168,-7.124816656501E-02));
#5846 = CARTESIAN_POINT('',(1.04218801244,-7.124816656501E-02));
#5847 = ( GEOMETRIC_REPRESENTATION_CONTEXT(2) 
PARAMETRIC_REPRESENTATION_CONTEXT() REPRESENTATION_CONTEXT('2D SPACE',''
  ) );
#5848 = PCURVE('',#5482,#5849);
#5849 = DEFINITIONAL_REPRESENTATION('',(#5850),#5854);
#5850 = LINE('',#5851,#5852);
#5851 = CARTESIAN_POINT('',(0.,0.1));
#5852 = VECTOR('',#5853,1.);
#5853 = DIRECTION('',(1.,0.));
#5854 = ( GEOMETRIC_REPRESENTATION_CONTEXT(2) 
PARAMETRIC_REPRESENTATION_CONTEXT() REPRESENTATION_CONTEXT('2D SPACE',''
  ) );
#5855 = ORIENTED_EDGE('',*,*,#5494,.F.);
#5856 = ORIENTED_EDGE('',*,*,#5857,.F.);
#5857 = EDGE_CURVE('',#5812,#5495,#5858,.T.);
#5858 = SURFACE_CURVE('',#5859,(#5863,#5892),.PCURVE_S1.);
#5859 = LINE('',#5860,#5861);
#5860 = CARTESIAN_POINT('',(1.5,0.6,0.));
#5861 = VECTOR('',#5862,1.);
#5862 = DIRECTION('',(0.,-0.287347885566,0.957826285221));
#5863 = PCURVE('',#5515,#5864);
#5864 = DEFINITIONAL_REPRESENTATION('',(#5865),#5891);
#5865 = B_SPLINE_CURVE_WITH_KNOTS('',3,(#5866,#5867,#5868,#5869,#5870,
    #5871,#5872,#5873,#5874,#5875,#5876,#5877,#5878,#5879,#5880,#5881,
    #5882,#5883,#5884,#5885,#5886,#5887,#5888,#5889,#5890),
  .UNSPECIFIED.,.F.,.F.,(4,1,1,1,1,1,1,1,1,1,1,1,1,1,1,1,1,1,1,1,1,1,4),
  (0.,9.491187735373E-02,0.189823754707,0.284735632061,0.379647509415,
    0.474559386769,0.569471264122,0.664383141476,0.75929501883,
    0.854206896184,0.949118773537,1.044030650891,1.138942528245,
    1.233854405599,1.328766282952,1.423678160306,1.51859003766,
    1.613501915013,1.708413792367,1.803325669721,1.898237547075,
    1.993149424428,2.088061301782),.QUASI_UNIFORM_KNOTS.);
#5866 = CARTESIAN_POINT('',(1.04218801244,-3.070344487025));
#5867 = CARTESIAN_POINT('',(1.031631029168,-3.070344487025));
#5868 = CARTESIAN_POINT('',(1.010517062625,-3.070344487025));
#5869 = CARTESIAN_POINT('',(0.97884611281,-3.070344487025));
#5870 = CARTESIAN_POINT('',(0.947175162995,-3.070344487025));
#5871 = CARTESIAN_POINT('',(0.91550421318,-3.070344487025));
#5872 = CARTESIAN_POINT('',(0.883833263365,-3.070344487025));
#5873 = CARTESIAN_POINT('',(0.85216231355,-3.070344487025));
#5874 = CARTESIAN_POINT('',(0.820491363736,-3.070344487025));
#5875 = CARTESIAN_POINT('',(0.788820413921,-3.070344487025));
#5876 = CARTESIAN_POINT('',(0.757149464106,-3.070344487025));
#5877 = CARTESIAN_POINT('',(0.725478514291,-3.070344487025));
#5878 = CARTESIAN_POINT('',(0.693807564476,-3.070344487025));
#5879 = CARTESIAN_POINT('',(0.662136614661,-3.070344487025));
#5880 = CARTESIAN_POINT('',(0.630465664846,-3.070344487025));
#5881 = CARTESIAN_POINT('',(0.598794715031,-3.070344487025));
#5882 = CARTESIAN_POINT('',(0.567123765216,-3.070344487025));
#5883 = CARTESIAN_POINT('',(0.535452815401,-3.070344487025));
#5884 = CARTESIAN_POINT('',(0.503781865586,-3.070344487025));
#5885 = CARTESIAN_POINT('',(0.472110915771,-3.070344487025));
#5886 = CARTESIAN_POINT('',(0.440439965956,-3.070344487025));
#5887 = CARTESIAN_POINT('',(0.408769016141,-3.070344487025));
#5888 = CARTESIAN_POINT('',(0.377098066326,-3.070344487025));
#5889 = CARTESIAN_POINT('',(0.355984099783,-3.070344487025));
#5890 = CARTESIAN_POINT('',(0.345427116511,-3.070344487025));
#5891 = ( GEOMETRIC_REPRESENTATION_CONTEXT(2) 
PARAMETRIC_REPRESENTATION_CONTEXT() REPRESENTATION_CONTEXT('2D SPACE',''
  ) );
#5892 = PCURVE('',#5571,#5893);
#5893 = DEFINITIONAL_REPRESENTATION('',(#5894),#5898);
#5894 = LINE('',#5895,#5896);
#5895 = CARTESIAN_POINT('',(0.,0.1));
#5896 = VECTOR('',#5897,1.);
#5897 = DIRECTION('',(1.,0.));
#5898 = ( GEOMETRIC_REPRESENTATION_CONTEXT(2) 
PARAMETRIC_REPRESENTATION_CONTEXT() REPRESENTATION_CONTEXT('2D SPACE',''
  ) );
#5899 = ADVANCED_FACE('',(#5900),#5571,.T.);
#5900 = FACE_BOUND('',#5901,.T.);
#5901 = EDGE_LOOP('',(#5902,#5925,#5926,#5927));
#5902 = ORIENTED_EDGE('',*,*,#5903,.T.);
#5903 = EDGE_CURVE('',#5904,#5556,#5906,.T.);
#5904 = VERTEX_POINT('',#5905);
#5905 = CARTESIAN_POINT('',(1.4,0.6,0.));
#5906 = SURFACE_CURVE('',#5907,(#5911,#5918),.PCURVE_S1.);
#5907 = LINE('',#5908,#5909);
#5908 = CARTESIAN_POINT('',(1.4,0.6,0.));
#5909 = VECTOR('',#5910,1.);
#5910 = DIRECTION('',(0.,-0.287347885566,0.957826285221));
#5911 = PCURVE('',#5571,#5912);
#5912 = DEFINITIONAL_REPRESENTATION('',(#5913),#5917);
#5913 = LINE('',#5914,#5915);
#5914 = CARTESIAN_POINT('',(0.,0.));
#5915 = VECTOR('',#5916,1.);
#5916 = DIRECTION('',(1.,0.));
#5917 = ( GEOMETRIC_REPRESENTATION_CONTEXT(2) 
PARAMETRIC_REPRESENTATION_CONTEXT() REPRESENTATION_CONTEXT('2D SPACE',''
  ) );
#5918 = PCURVE('',#4807,#5919);
#5919 = DEFINITIONAL_REPRESENTATION('',(#5920),#5924);
#5920 = LINE('',#5921,#5922);
#5921 = CARTESIAN_POINT('',(1.273016729388E-16,0.446768836304));
#5922 = VECTOR('',#5923,1.);
#5923 = DIRECTION('',(-0.957826285221,-0.287347885566));
#5924 = ( GEOMETRIC_REPRESENTATION_CONTEXT(2) 
PARAMETRIC_REPRESENTATION_CONTEXT() REPRESENTATION_CONTEXT('2D SPACE',''
  ) );
#5925 = ORIENTED_EDGE('',*,*,#5555,.T.);
#5926 = ORIENTED_EDGE('',*,*,#5857,.F.);
#5927 = ORIENTED_EDGE('',*,*,#5928,.F.);
#5928 = EDGE_CURVE('',#5904,#5812,#5929,.T.);
#5929 = SURFACE_CURVE('',#5930,(#5934,#5941),.PCURVE_S1.);
#5930 = LINE('',#5931,#5932);
#5931 = CARTESIAN_POINT('',(1.4,0.6,0.));
#5932 = VECTOR('',#5933,1.);
#5933 = DIRECTION('',(1.,0.,0.));
#5934 = PCURVE('',#5571,#5935);
#5935 = DEFINITIONAL_REPRESENTATION('',(#5936),#5940);
#5936 = LINE('',#5937,#5938);
#5937 = CARTESIAN_POINT('',(0.,0.));
#5938 = VECTOR('',#5939,1.);
#5939 = DIRECTION('',(0.,1.));
#5940 = ( GEOMETRIC_REPRESENTATION_CONTEXT(2) 
PARAMETRIC_REPRESENTATION_CONTEXT() REPRESENTATION_CONTEXT('2D SPACE',''
  ) );
#5941 = PCURVE('',#5482,#5942);
#5942 = DEFINITIONAL_REPRESENTATION('',(#5943),#5947);
#5943 = LINE('',#5944,#5945);
#5944 = CARTESIAN_POINT('',(2.088061301782,0.));
#5945 = VECTOR('',#5946,1.);
#5946 = DIRECTION('',(0.,1.));
#5947 = ( GEOMETRIC_REPRESENTATION_CONTEXT(2) 
PARAMETRIC_REPRESENTATION_CONTEXT() REPRESENTATION_CONTEXT('2D SPACE',''
  ) );
#5948 = ADVANCED_FACE('',(#5949),#5482,.T.);
#5949 = FACE_BOUND('',#5950,.T.);
#5950 = EDGE_LOOP('',(#5951,#5972,#5973,#5974));
#5951 = ORIENTED_EDGE('',*,*,#5952,.T.);
#5952 = EDGE_CURVE('',#5460,#5904,#5953,.T.);
#5953 = SURFACE_CURVE('',#5954,(#5958,#5965),.PCURVE_S1.);
#5954 = LINE('',#5955,#5956);
#5955 = CARTESIAN_POINT('',(1.4,-3.469446951954E-17,-2.));
#5956 = VECTOR('',#5957,1.);
#5957 = DIRECTION('',(0.,0.287347885566,0.957826285221));
#5958 = PCURVE('',#5482,#5959);
#5959 = DEFINITIONAL_REPRESENTATION('',(#5960),#5964);
#5960 = LINE('',#5961,#5962);
#5961 = CARTESIAN_POINT('',(0.,0.));
#5962 = VECTOR('',#5963,1.);
#5963 = DIRECTION('',(1.,0.));
#5964 = ( GEOMETRIC_REPRESENTATION_CONTEXT(2) 
PARAMETRIC_REPRESENTATION_CONTEXT() REPRESENTATION_CONTEXT('2D SPACE',''
  ) );
#5965 = PCURVE('',#4807,#5966);
#5966 = DEFINITIONAL_REPRESENTATION('',(#5967),#5971);
#5967 = LINE('',#5968,#5969);
#5968 = CARTESIAN_POINT('',(2.,-0.153231163696));
#5969 = VECTOR('',#5970,1.);
#5970 = DIRECTION('',(-0.957826285221,0.287347885566));
#5971 = ( GEOMETRIC_REPRESENTATION_CONTEXT(2) 
PARAMETRIC_REPRESENTATION_CONTEXT() REPRESENTATION_CONTEXT('2D SPACE',''
  ) );
#5972 = ORIENTED_EDGE('',*,*,#5928,.T.);
#5973 = ORIENTED_EDGE('',*,*,#5811,.F.);
#5974 = ORIENTED_EDGE('',*,*,#5459,.F.);
#5975 = ADVANCED_FACE('',(#5976),#4807,.F.);
#5976 = FACE_BOUND('',#5977,.T.);
#5977 = EDGE_LOOP('',(#5978,#5979,#5980,#5981,#5982,#5983,#5984,#5985,
    #5986,#5987,#5988,#5989));
#5978 = ORIENTED_EDGE('',*,*,#4790,.F.);
#5979 = ORIENTED_EDGE('',*,*,#5294,.T.);
#5980 = ORIENTED_EDGE('',*,*,#5241,.T.);
#5981 = ORIENTED_EDGE('',*,*,#4929,.F.);
#5982 = ORIENTED_EDGE('',*,*,#5433,.F.);
#5983 = ORIENTED_EDGE('',*,*,#5711,.F.);
#5984 = ORIENTED_EDGE('',*,*,#5583,.F.);
#5985 = ORIENTED_EDGE('',*,*,#5903,.F.);
#5986 = ORIENTED_EDGE('',*,*,#5952,.F.);
#5987 = ORIENTED_EDGE('',*,*,#5686,.F.);
#5988 = ORIENTED_EDGE('',*,*,#5787,.T.);
#5989 = ORIENTED_EDGE('',*,*,#5319,.F.);
#5990 = MANIFOLD_SOLID_BREP('',#5991);
#5991 = CLOSED_SHELL('',(#5992,#6236,#6317,#6393,#6487,#6721,#6808,#6856
    ,#6864,#7052,#7079,#7106,#7113,#7205,#7232));
#5992 = ADVANCED_FACE('',(#5993),#6008,.F.);
#5993 = FACE_BOUND('',#5994,.F.);
#5994 = EDGE_LOOP('',(#5995,#6055,#6082,#6118,#6145,#6178));
#5995 = ORIENTED_EDGE('',*,*,#5996,.F.);
#5996 = EDGE_CURVE('',#5997,#5999,#6001,.T.);
#5997 = VERTEX_POINT('',#5998);
#5998 = CARTESIAN_POINT('',(-1.515095684745,-5.782628522115E-02,
    -1.844744067107));
#5999 = VERTEX_POINT('',#6000);
#6000 = CARTESIAN_POINT('',(-1.49999999804,-2.883300103859E-02,
    -1.748099789928));
#6001 = SURFACE_CURVE('',#6002,(#6007,#6042),.PCURVE_S1.);
#6002 = B_SPLINE_CURVE_WITH_KNOTS('',3,(#6003,#6004,#6005,#6006),
  .UNSPECIFIED.,.F.,.F.,(4,4),(-1.079227885489E-02,0.),
  .PIECEWISE_BEZIER_KNOTS.);
#6003 = CARTESIAN_POINT('',(-1.515095684745,-5.782628522115E-02,
    -1.844744067107));
#6004 = CARTESIAN_POINT('',(-1.504312117395,-4.896153350236E-02,
    -1.815194894711));
#6005 = CARTESIAN_POINT('',(-1.5,-3.917012915062E-02,-1.782556880205));
#6006 = CARTESIAN_POINT('',(-1.5,-2.883300078597E-02,-1.748099785656));
#6007 = PCURVE('',#6008,#6037);
#6008 = B_SPLINE_SURFACE_WITH_KNOTS('',3,3,(
    (#6009,#6010,#6011,#6012,#6013,#6014,#6015)
    ,(#6016,#6017,#6018,#6019,#6020,#6021,#6022)
    ,(#6023,#6024,#6025,#6026,#6027,#6028,#6029)
    ,(#6030,#6031,#6032,#6033,#6034,#6035,#6036
  )),.UNSPECIFIED.,.F.,.F.,.F.,(4,4),(4,1,1,1,4),(0.,1.),(0.135243261076
    ,0.276667328002,0.418091394928,0.488803428391,0.630227495317),
  .UNSPECIFIED.);
#6009 = CARTESIAN_POINT('',(-1.398310084831,-3.486168032873E-02,
    -1.852377597186));
#6010 = CARTESIAN_POINT('',(-1.698203877928,-1.836623531366E-02,
    -1.562857502265));
#6011 = CARTESIAN_POINT('',(-2.11823164924,3.610983807467E-02,
    -0.828588058896));
#6012 = CARTESIAN_POINT('',(-2.183492192482,8.26945486862E-02,
    8.964058545197E-02));
#6013 = CARTESIAN_POINT('',(-2.019687772059,1.712901940635E-02,
    1.016812056888));
#6014 = CARTESIAN_POINT('',(-1.698203877927,-1.83662353137E-02,
    1.562857502266));
#6015 = CARTESIAN_POINT('',(-1.39831008483,-3.486168032876E-02,
    1.852377597187));
#6016 = CARTESIAN_POINT('',(-1.467954571699,-7.78095235871E-02,
    -1.94148565933));
#6017 = CARTESIAN_POINT('',(-1.789804470913,-7.209301473442E-02,
    -1.650640837037));
#6018 = CARTESIAN_POINT('',(-2.263839278558,-5.271585129974E-02,
    -0.903199250026));
#6019 = CARTESIAN_POINT('',(-2.35654416768,-3.552328039983E-02,
    0.100439516264));
#6020 = CARTESIAN_POINT('',(-2.149515333719,-5.955517741749E-02,
    1.093597960462));
#6021 = CARTESIAN_POINT('',(-1.789804470912,-7.209301473444E-02,
    1.650640837037));
#6022 = CARTESIAN_POINT('',(-1.467954571699,-7.780952358711E-02,
    1.941485659331));
#6023 = CARTESIAN_POINT('',(-1.542430268426,-0.1,-2.036775111669));
#6024 = CARTESIAN_POINT('',(-1.889070018315,-0.100025941219,
    -1.746186864432));
#6025 = CARTESIAN_POINT('',(-2.430165361343,-0.100010292262,
    -0.99258178419));
#6026 = CARTESIAN_POINT('',(-2.567498125851,-0.100220934679,
    0.114175496909));
#6027 = CARTESIAN_POINT('',(-2.294537407069,-9.996727474095E-02,
    1.182322435649));
#6028 = CARTESIAN_POINT('',(-1.889070018315,-0.100025941219,
    1.746186864433));
#6029 = CARTESIAN_POINT('',(-1.542430268425,-0.1,2.03677511167));
#6030 = CARTESIAN_POINT('',(-1.616927371403,-0.1,-2.132091952673));
#6031 = CARTESIAN_POINT('',(-1.988377604138,-0.1,-1.841776348971));
#6032 = CARTESIAN_POINT('',(-2.596650608182,-1.E-01,-1.0821432896));
#6033 = CARTESIAN_POINT('',(-2.778965859371,-0.1,0.127954754008));
#6034 = CARTESIAN_POINT('',(-2.439635151329,-1.E-01,1.27116540094));
#6035 = CARTESIAN_POINT('',(-1.988377604137,-0.1,1.841776348971));
#6036 = CARTESIAN_POINT('',(-1.616927371402,-0.1,2.132091952673));
#6037 = DEFINITIONAL_REPRESENTATION('',(#6038),#6041);
#6038 = B_SPLINE_CURVE_WITH_KNOTS('',1,(#6039,#6040),.UNSPECIFIED.,.F.,
  .F.,(2,2),(-1.079227885489E-02,0.),.PIECEWISE_BEZIER_KNOTS.);
#6039 = CARTESIAN_POINT('',(0.220325350811,0.145964812023));
#6040 = CARTESIAN_POINT('',(1.061149006217E-03,0.151769629326));
#6041 = ( GEOMETRIC_REPRESENTATION_CONTEXT(2) 
PARAMETRIC_REPRESENTATION_CONTEXT() REPRESENTATION_CONTEXT('2D SPACE',''
  ) );
#6042 = PCURVE('',#6043,#6048);
#6043 = PLANE('',#6044);
#6044 = AXIS2_PLACEMENT_3D('',#6045,#6046,#6047);
#6045 = CARTESIAN_POINT('',(-1.4,-0.1,-1.98532311637));
#6046 = DIRECTION('',(0.,-0.957826285221,0.287347885566));
#6047 = DIRECTION('',(0.,0.287347885566,0.957826285221));
#6048 = DEFINITIONAL_REPRESENTATION('',(#6049),#6054);
#6049 = B_SPLINE_CURVE_WITH_KNOTS('',3,(#6050,#6051,#6052,#6053),
  .UNSPECIFIED.,.F.,.F.,(4,4),(-1.079227885489E-02,0.),
  .PIECEWISE_BEZIER_KNOTS.);
#6050 = CARTESIAN_POINT('',(0.146768836304,0.115095684745));
#6051 = CARTESIAN_POINT('',(0.177619077993,0.104312117395));
#6052 = CARTESIAN_POINT('',(0.211694165522,0.1));
#6053 = CARTESIAN_POINT('',(0.247668428371,0.1));
#6054 = ( GEOMETRIC_REPRESENTATION_CONTEXT(2) 
PARAMETRIC_REPRESENTATION_CONTEXT() REPRESENTATION_CONTEXT('2D SPACE',''
  ) );
#6055 = ORIENTED_EDGE('',*,*,#6056,.F.);
#6056 = EDGE_CURVE('',#6057,#5997,#6059,.T.);
#6057 = VERTEX_POINT('',#6058);
#6058 = CARTESIAN_POINT('',(-1.616927371403,-0.1,-2.132091952673));
#6059 = SURFACE_CURVE('',#6060,(#6065,#6071),.PCURVE_S1.);
#6060 = CIRCLE('',#6061,1.122129089087);
#6061 = AXIS2_PLACEMENT_3D('',#6062,#6063,#6064);
#6062 = CARTESIAN_POINT('',(-1.548220709362,1.019769030687,
    -2.155975107416));
#6063 = DIRECTION('',(-0.943537579046,6.482232469917E-02,0.32486135989)
  );
#6064 = DIRECTION('',(2.951979851415E-02,-0.960313146133,0.277357608261)
  );
#6065 = PCURVE('',#6008,#6066);
#6066 = DEFINITIONAL_REPRESENTATION('',(#6067),#6070);
#6067 = B_SPLINE_CURVE_WITH_KNOTS('',1,(#6068,#6069),.UNSPECIFIED.,.F.,
  .F.,(2,2),(6.008052682462,6.28318530718),.PIECEWISE_BEZIER_KNOTS.);
#6068 = CARTESIAN_POINT('',(1.000000000003,0.135243261076));
#6069 = CARTESIAN_POINT('',(0.22032535081,0.145964812023));
#6070 = ( GEOMETRIC_REPRESENTATION_CONTEXT(2) 
PARAMETRIC_REPRESENTATION_CONTEXT() REPRESENTATION_CONTEXT('2D SPACE',''
  ) );
#6071 = PCURVE('',#6072,#6077);
#6072 = CYLINDRICAL_SURFACE('',#6073,1.);
#6073 = AXIS2_PLACEMENT_3D('',#6074,#6075,#6076);
#6074 = CARTESIAN_POINT('',(-1.761385667501,0.9,-2.132091952673));
#6075 = DIRECTION('',(-1.,1.662917750523E-16,5.543059168409E-16));
#6076 = DIRECTION('',(-8.40366427025E-17,-0.989400395497,0.145213144685)
  );
#6077 = DEFINITIONAL_REPRESENTATION('',(#6078),#6081);
#6078 = B_SPLINE_CURVE_WITH_KNOTS('',1,(#6079,#6080),.UNSPECIFIED.,.F.,
  .F.,(2,2),(6.008052682462,6.28318530718),.PIECEWISE_BEZIER_KNOTS.);
#6079 = CARTESIAN_POINT('',(-0.145728397239,-0.144458296097));
#6080 = CARTESIAN_POINT('',(0.145728397239,-0.246289982755));
#6081 = ( GEOMETRIC_REPRESENTATION_CONTEXT(2) 
PARAMETRIC_REPRESENTATION_CONTEXT() REPRESENTATION_CONTEXT('2D SPACE',''
  ) );
#6082 = ORIENTED_EDGE('',*,*,#6083,.F.);
#6083 = EDGE_CURVE('',#6084,#6057,#6086,.T.);
#6084 = VERTEX_POINT('',#6085);
#6085 = CARTESIAN_POINT('',(-1.616927371402,-0.1,2.132091952673));
#6086 = SURFACE_CURVE('',#6087,(#6095,#6102),.PCURVE_S1.);
#6087 = B_SPLINE_CURVE_WITH_KNOTS('',3,(#6088,#6089,#6090,#6091,#6092,
    #6093,#6094),.UNSPECIFIED.,.F.,.F.,(4,1,1,1,4),(-0.630227495317,
    -0.488803428391,-0.418091394928,-0.276667328002,-0.135243261076),
  .UNSPECIFIED.);
#6088 = CARTESIAN_POINT('',(-1.616927371402,-0.1,2.132091952673));
#6089 = CARTESIAN_POINT('',(-1.988377604137,-0.1,1.841776348971));
#6090 = CARTESIAN_POINT('',(-2.439635151329,-1.E-01,1.27116540094));
#6091 = CARTESIAN_POINT('',(-2.778965859371,-0.1,0.127954754008));
#6092 = CARTESIAN_POINT('',(-2.596650608182,-1.E-01,-1.0821432896));
#6093 = CARTESIAN_POINT('',(-1.988377604138,-0.1,-1.841776348971));
#6094 = CARTESIAN_POINT('',(-1.616927371403,-0.1,-2.132091952673));
#6095 = PCURVE('',#6008,#6096);
#6096 = DEFINITIONAL_REPRESENTATION('',(#6097),#6101);
#6097 = LINE('',#6098,#6099);
#6098 = CARTESIAN_POINT('',(1.,0.));
#6099 = VECTOR('',#6100,1.);
#6100 = DIRECTION('',(3.364419352651E-15,-1.));
#6101 = ( GEOMETRIC_REPRESENTATION_CONTEXT(2) 
PARAMETRIC_REPRESENTATION_CONTEXT() REPRESENTATION_CONTEXT('2D SPACE',''
  ) );
#6102 = PCURVE('',#6103,#6108);
#6103 = PLANE('',#6104);
#6104 = AXIS2_PLACEMENT_3D('',#6105,#6106,#6107);
#6105 = CARTESIAN_POINT('',(-2.122771335002,-0.1,6.200062095506E-16));
#6106 = DIRECTION('',(1.662917750523E-16,1.,0.));
#6107 = DIRECTION('',(0.,0.,-1.));
#6108 = DEFINITIONAL_REPRESENTATION('',(#6109),#6117);
#6109 = B_SPLINE_CURVE_WITH_KNOTS('',3,(#6110,#6111,#6112,#6113,#6114,
    #6115,#6116),.UNSPECIFIED.,.F.,.F.,(4,1,1,1,4),(-0.630227495317,
    -0.488803428391,-0.418091394928,-0.276667328002,-0.135243261076),
  .UNSPECIFIED.);
#6110 = CARTESIAN_POINT('',(-2.132091952673,-0.5058439636));
#6111 = CARTESIAN_POINT('',(-1.841776348971,-0.134393730864));
#6112 = CARTESIAN_POINT('',(-1.27116540094,0.316863816327));
#6113 = CARTESIAN_POINT('',(-0.127954754008,0.656194524369));
#6114 = CARTESIAN_POINT('',(1.0821432896,0.473879273181));
#6115 = CARTESIAN_POINT('',(1.841776348971,-0.134393730864));
#6116 = CARTESIAN_POINT('',(2.132091952673,-0.505843963599));
#6117 = ( GEOMETRIC_REPRESENTATION_CONTEXT(2) 
PARAMETRIC_REPRESENTATION_CONTEXT() REPRESENTATION_CONTEXT('2D SPACE',''
  ) );
#6118 = ORIENTED_EDGE('',*,*,#6119,.F.);
#6119 = EDGE_CURVE('',#6120,#6084,#6122,.T.);
#6120 = VERTEX_POINT('',#6121);
#6121 = CARTESIAN_POINT('',(-1.515095684745,-5.782628522115E-02,
    1.844744067107));
#6122 = SURFACE_CURVE('',#6123,(#6128,#6134),.PCURVE_S1.);
#6123 = CIRCLE('',#6124,1.122128955714);
#6124 = AXIS2_PLACEMENT_3D('',#6125,#6126,#6127);
#6125 = CARTESIAN_POINT('',(-1.548220788653,1.019768902898,
    2.155975060561));
#6126 = DIRECTION('',(-0.943537580225,6.482225199807E-02,-0.324861370972
    ));
#6127 = DIRECTION('',(-6.122877624579E-02,-0.997896807845,
    -2.128374619135E-02));
#6128 = PCURVE('',#6008,#6129);
#6129 = DEFINITIONAL_REPRESENTATION('',(#6130),#6133);
#6130 = B_SPLINE_CURVE_WITH_KNOTS('',1,(#6131,#6132),.UNSPECIFIED.,.F.,
  .F.,(2,2),(6.008052649553,6.28318530718),.PIECEWISE_BEZIER_KNOTS.);
#6131 = CARTESIAN_POINT('',(0.220132985396,0.619507265442));
#6132 = CARTESIAN_POINT('',(1.,0.630227495317));
#6133 = ( GEOMETRIC_REPRESENTATION_CONTEXT(2) 
PARAMETRIC_REPRESENTATION_CONTEXT() REPRESENTATION_CONTEXT('2D SPACE',''
  ) );
#6134 = PCURVE('',#6135,#6140);
#6135 = CYLINDRICAL_SURFACE('',#6136,1.);
#6136 = AXIS2_PLACEMENT_3D('',#6137,#6138,#6139);
#6137 = CARTESIAN_POINT('',(-1.761385667501,0.9,2.132091952673));
#6138 = DIRECTION('',(1.,-1.662917750523E-16,5.543059168409E-16));
#6139 = DIRECTION('',(-8.40366427025E-17,-0.989400395497,-0.145213144685
    ));
#6140 = DEFINITIONAL_REPRESENTATION('',(#6141),#6144);
#6141 = B_SPLINE_CURVE_WITH_KNOTS('',1,(#6142,#6143),.UNSPECIFIED.,.F.,
  .F.,(2,2),(6.008052649553,6.28318530718),.PIECEWISE_BEZIER_KNOTS.);
#6142 = CARTESIAN_POINT('',(0.145728397239,0.246289982755));
#6143 = CARTESIAN_POINT('',(-0.145728397239,0.144458296099));
#6144 = ( GEOMETRIC_REPRESENTATION_CONTEXT(2) 
PARAMETRIC_REPRESENTATION_CONTEXT() REPRESENTATION_CONTEXT('2D SPACE',''
  ) );
#6145 = ORIENTED_EDGE('',*,*,#6146,.F.);
#6146 = EDGE_CURVE('',#6147,#6120,#6149,.T.);
#6147 = VERTEX_POINT('',#6148);
#6148 = CARTESIAN_POINT('',(-1.499999998039,-2.883300103837E-02,
    1.748099789929));
#6149 = SURFACE_CURVE('',#6150,(#6157,#6163),.PCURVE_S1.);
#6150 = B_SPLINE_CURVE_WITH_KNOTS('',3,(#6151,#6152,#6153,#6154,#6155,
    #6156),.UNSPECIFIED.,.F.,.F.,(4,2,4),(-4.369235236047E-02,
    -3.707938591104E-02,-3.344003452437E-02),.UNSPECIFIED.);
#6151 = CARTESIAN_POINT('',(-1.5,-2.883300078597E-02,1.748099785656));
#6152 = CARTESIAN_POINT('',(-1.5,-3.515250157027E-02,1.769164788271));
#6153 = CARTESIAN_POINT('',(-1.501616502752,-4.155284261239E-02,
    1.790499258412));
#6154 = CARTESIAN_POINT('',(-1.508055311372,-5.118427730662E-02,
    1.822604040726));
#6155 = CARTESIAN_POINT('',(-1.511110897896,-5.455054678289E-02,
    1.833824938979));
#6156 = CARTESIAN_POINT('',(-1.515095684745,-5.782628522119E-02,
    1.844744067107));
#6157 = PCURVE('',#6008,#6158);
#6158 = DEFINITIONAL_REPRESENTATION('',(#6159),#6162);
#6159 = B_SPLINE_CURVE_WITH_KNOTS('',1,(#6160,#6161),.UNSPECIFIED.,.F.,
  .F.,(2,2),(-4.369235236047E-02,-3.344003452437E-02),
  .PIECEWISE_BEZIER_KNOTS.);
#6160 = CARTESIAN_POINT('',(4.537183546544E-04,0.613706041063));
#6161 = CARTESIAN_POINT('',(0.220132985396,0.619507265442));
#6162 = ( GEOMETRIC_REPRESENTATION_CONTEXT(2) 
PARAMETRIC_REPRESENTATION_CONTEXT() REPRESENTATION_CONTEXT('2D SPACE',''
  ) );
#6163 = PCURVE('',#6164,#6169);
#6164 = PLANE('',#6165);
#6165 = AXIS2_PLACEMENT_3D('',#6166,#6167,#6168);
#6166 = CARTESIAN_POINT('',(-1.4,0.495596934911,-2.775557561563E-16));
#6167 = DIRECTION('',(0.,-0.957826285221,-0.287347885566));
#6168 = DIRECTION('',(0.,-0.287347885566,0.957826285221));
#6169 = DEFINITIONAL_REPRESENTATION('',(#6170),#6177);
#6170 = B_SPLINE_CURVE_WITH_KNOTS('',3,(#6171,#6172,#6173,#6174,#6175,
    #6176),.UNSPECIFIED.,.F.,.F.,(4,2,4),(-4.369235236047E-02,
    -3.707938591104E-02,-3.344003452437E-02),.UNSPECIFIED.);
#6171 = CARTESIAN_POINT('',(1.825069757041,0.1));
#6172 = CARTESIAN_POINT('',(1.847062265432,0.1));
#6173 = CARTESIAN_POINT('',(1.86933610618,0.101616502752));
#6174 = CARTESIAN_POINT('',(1.902854482956,0.108055311372));
#6175 = CARTESIAN_POINT('',(1.914569444663,0.111110897896));
#6176 = CARTESIAN_POINT('',(1.925969349109,0.115095684745));
#6177 = ( GEOMETRIC_REPRESENTATION_CONTEXT(2) 
PARAMETRIC_REPRESENTATION_CONTEXT() REPRESENTATION_CONTEXT('2D SPACE',''
  ) );
#6178 = ORIENTED_EDGE('',*,*,#6179,.F.);
#6179 = EDGE_CURVE('',#5999,#6147,#6180,.T.);
#6180 = SURFACE_CURVE('',#6181,(#6189,#6196),.PCURVE_S1.);
#6181 = B_SPLINE_CURVE_WITH_KNOTS('',3,(#6182,#6183,#6184,#6185,#6186,
    #6187,#6188),.UNSPECIFIED.,.F.,.F.,(4,1,1,1,4),(0.151769629599,
    0.276667328002,0.418091394928,0.488803428391,0.613706041546),
  .UNSPECIFIED.);
#6182 = CARTESIAN_POINT('',(-1.5000054488,-2.881229586761E-02,
    -1.748106007369));
#6183 = CARTESIAN_POINT('',(-1.746342686253,-1.224295818037E-02,
    -1.477326017795));
#6184 = CARTESIAN_POINT('',(-2.121749803539,3.80003268539E-02,
    -0.785892404664));
#6185 = CARTESIAN_POINT('',(-2.184043231099,8.231838327735E-02,
    8.967497374542E-02));
#6186 = CARTESIAN_POINT('',(-2.027761952149,1.994264271302E-02,
    0.973721087045));
#6187 = CARTESIAN_POINT('',(-1.747235630269,-1.29964480084E-02,
    1.478015212998));
#6188 = CARTESIAN_POINT('',(-1.500134177336,-2.894505752506E-02,
    1.748252894075));
#6189 = PCURVE('',#6008,#6190);
#6190 = DEFINITIONAL_REPRESENTATION('',(#6191),#6195);
#6191 = LINE('',#6192,#6193);
#6192 = CARTESIAN_POINT('',(1.061166008231E-03,4.163336342344E-16));
#6193 = VECTOR('',#6194,1.);
#6194 = DIRECTION('',(1.885939180685E-14,1.));
#6195 = ( GEOMETRIC_REPRESENTATION_CONTEXT(2) 
PARAMETRIC_REPRESENTATION_CONTEXT() REPRESENTATION_CONTEXT('2D SPACE',''
  ) );
#6196 = PCURVE('',#6197,#6208);
#6197 = ( BOUNDED_SURFACE() B_SPLINE_SURFACE(1,2,(
    (#6198,#6199,#6200,#6201,#6202)
    ,(#6203,#6204,#6205,#6206,#6207
)),.UNSPECIFIED.,.F.,.F.,.F.) B_SPLINE_SURFACE_WITH_KNOTS((2,2),(3,2,3),
  (0.491642121452,1.041584546193),(-3.055477107238,-1.570796326795,
-8.61155463521E-02),.UNSPECIFIED.) GEOMETRIC_REPRESENTATION_ITEM() 
RATIONAL_B_SPLINE_SURFACE((
    (1.,0.736888440883,1.,0.736888440883,1.)
,(1.,0.736888440883,1.,0.736888440883,1.
))) REPRESENTATION_ITEM('') SURFACE() );
#6198 = CARTESIAN_POINT('',(-1.499999996973,-2.883300129082E-02,
    1.748099789991));
#6199 = CARTESIAN_POINT('',(-2.71061203439,-0.305555084032,
    1.609654754957));
#6200 = CARTESIAN_POINT('',(-2.71061203439,-0.305555084032,
    8.330091798583E-16));
#6201 = CARTESIAN_POINT('',(-2.71061203439,-0.305555084032,
    -1.609654754956));
#6202 = CARTESIAN_POINT('',(-1.499999996974,-2.883300129093E-02,
    -1.748099789991));
#6203 = CARTESIAN_POINT('',(-1.5,0.495596934911,-8.823337855626E-17));
#6204 = CARTESIAN_POINT('',(-1.5,0.495596934911,-6.280503265613E-17));
#6205 = CARTESIAN_POINT('',(-1.5,0.495596934911,2.328419573463E-16));
#6206 = CARTESIAN_POINT('',(-1.5,0.495596934911,5.284889473486E-16));
#6207 = CARTESIAN_POINT('',(-1.5,0.495596934911,5.539172932488E-16));
#6208 = DEFINITIONAL_REPRESENTATION('',(#6209),#6235);
#6209 = B_SPLINE_CURVE_WITH_KNOTS('',3,(#6210,#6211,#6212,#6213,#6214,
    #6215,#6216,#6217,#6218,#6219,#6220,#6221,#6222,#6223,#6224,#6225,
    #6226,#6227,#6228,#6229,#6230,#6231,#6232,#6233,#6234),
  .UNSPECIFIED.,.F.,.F.,(4,1,1,1,1,1,1,1,1,1,1,1,1,1,1,1,1,1,1,1,1,1,4),
  (0.151769629599,0.17276659827,0.193763566941,0.214760535612,
    0.235757504283,0.256754472954,0.277751441626,0.298748410297,
    0.319745378968,0.340742347639,0.36173931631,0.382736284981,
    0.403733253652,0.424730222324,0.445727190995,0.466724159666,
    0.487721128337,0.508718097008,0.529715065679,0.55071203435,
    0.571709003022,0.592705971693,0.613702940364),
  .QUASI_UNIFORM_KNOTS.);
#6210 = CARTESIAN_POINT('',(0.49164211969,-8.611555276837E-02));
#6211 = CARTESIAN_POINT('',(0.504469941124,-0.120572598873));
#6212 = CARTESIAN_POINT('',(0.529601081955,-0.190023470145));
#6213 = CARTESIAN_POINT('',(0.565408165053,-0.296947985809));
#6214 = CARTESIAN_POINT('',(0.599028206083,-0.40777058403));
#6215 = CARTESIAN_POINT('',(0.630098312715,-0.523599130778));
#6216 = CARTESIAN_POINT('',(0.65824052749,-0.645450479239));
#6217 = CARTESIAN_POINT('',(0.683079635911,-0.774148560143));
#6218 = CARTESIAN_POINT('',(0.704322916182,-0.910305419832));
#6219 = CARTESIAN_POINT('',(0.721769862639,-1.055816996579));
#6220 = CARTESIAN_POINT('',(0.735041071861,-1.21297661515));
#6221 = CARTESIAN_POINT('',(0.743651078957,-1.382329387054));
#6222 = CARTESIAN_POINT('',(0.747070217871,-1.569204747704));
#6223 = CARTESIAN_POINT('',(0.744862298531,-1.757474408074));
#6224 = CARTESIAN_POINT('',(0.736674231095,-1.928950738785));
#6225 = CARTESIAN_POINT('',(0.722764748369,-2.087193440671));
#6226 = CARTESIAN_POINT('',(0.704304576587,-2.232326710831));
#6227 = CARTESIAN_POINT('',(0.682176459233,-2.367239344084));
#6228 = CARTESIAN_POINT('',(0.657010842541,-2.494926197236));
#6229 = CARTESIAN_POINT('',(0.628934122043,-2.616311646077));
#6230 = CARTESIAN_POINT('',(0.598146616485,-2.732202115206));
#6231 = CARTESIAN_POINT('',(0.564879776064,-2.843466722114));
#6232 = CARTESIAN_POINT('',(0.529380748461,-2.950988187139));
#6233 = CARTESIAN_POINT('',(0.504383591318,-3.020775028787));
#6234 = CARTESIAN_POINT('',(0.491592030221,-3.055344323884));
#6235 = ( GEOMETRIC_REPRESENTATION_CONTEXT(2) 
PARAMETRIC_REPRESENTATION_CONTEXT() REPRESENTATION_CONTEXT('2D SPACE',''
  ) );
#6236 = ADVANCED_FACE('',(#6237),#6135,.T.);
#6237 = FACE_BOUND('',#6238,.T.);
#6238 = EDGE_LOOP('',(#6239,#6262,#6295,#6316));
#6239 = ORIENTED_EDGE('',*,*,#6240,.T.);
#6240 = EDGE_CURVE('',#6120,#6241,#6243,.T.);
#6241 = VERTEX_POINT('',#6242);
#6242 = CARTESIAN_POINT('',(-1.4,-5.782628522115E-02,1.844744067107));
#6243 = SURFACE_CURVE('',#6244,(#6248,#6255),.PCURVE_S1.);
#6244 = LINE('',#6245,#6246);
#6245 = CARTESIAN_POINT('',(-1.761385667501,-5.782628522115E-02,
    1.844744067107));
#6246 = VECTOR('',#6247,1.);
#6247 = DIRECTION('',(1.,-1.662917750523E-16,5.543059168409E-16));
#6248 = PCURVE('',#6135,#6249);
#6249 = DEFINITIONAL_REPRESENTATION('',(#6250),#6254);
#6250 = LINE('',#6251,#6252);
#6251 = CARTESIAN_POINT('',(0.145728397239,2.22044604925E-16));
#6252 = VECTOR('',#6253,1.);
#6253 = DIRECTION('',(1.929217462986E-15,1.));
#6254 = ( GEOMETRIC_REPRESENTATION_CONTEXT(2) 
PARAMETRIC_REPRESENTATION_CONTEXT() REPRESENTATION_CONTEXT('2D SPACE',''
  ) );
#6255 = PCURVE('',#6164,#6256);
#6256 = DEFINITIONAL_REPRESENTATION('',(#6257),#6261);
#6257 = LINE('',#6258,#6259);
#6258 = CARTESIAN_POINT('',(1.925969349109,0.361385667501));
#6259 = VECTOR('',#6260,1.);
#6260 = DIRECTION('',(5.787123671522E-16,-1.));
#6261 = ( GEOMETRIC_REPRESENTATION_CONTEXT(2) 
PARAMETRIC_REPRESENTATION_CONTEXT() REPRESENTATION_CONTEXT('2D SPACE',''
  ) );
#6262 = ORIENTED_EDGE('',*,*,#6263,.T.);
#6263 = EDGE_CURVE('',#6241,#6264,#6266,.T.);
#6264 = VERTEX_POINT('',#6265);
#6265 = CARTESIAN_POINT('',(-1.4,-0.1,2.132091952673));
#6266 = SURFACE_CURVE('',#6267,(#6272,#6279),.PCURVE_S1.);
#6267 = CIRCLE('',#6268,1.);
#6268 = AXIS2_PLACEMENT_3D('',#6269,#6270,#6271);
#6269 = CARTESIAN_POINT('',(-1.4,0.9,2.132091952673));
#6270 = DIRECTION('',(-1.,0.,0.));
#6271 = DIRECTION('',(-0.,-0.989400395497,-0.145213144685));
#6272 = PCURVE('',#6135,#6273);
#6273 = DEFINITIONAL_REPRESENTATION('',(#6274),#6278);
#6274 = LINE('',#6275,#6276);
#6275 = CARTESIAN_POINT('',(6.28318530718,0.361385667501));
#6276 = VECTOR('',#6277,1.);
#6277 = DIRECTION('',(-1.,0.));
#6278 = ( GEOMETRIC_REPRESENTATION_CONTEXT(2) 
PARAMETRIC_REPRESENTATION_CONTEXT() REPRESENTATION_CONTEXT('2D SPACE',''
  ) );
#6279 = PCURVE('',#6280,#6285);
#6280 = PLANE('',#6281);
#6281 = AXIS2_PLACEMENT_3D('',#6282,#6283,#6284);
#6282 = CARTESIAN_POINT('',(-1.4,0.153231163696,1.273016729388E-16));
#6283 = DIRECTION('',(1.,0.,0.));
#6284 = DIRECTION('',(0.,0.,-1.));
#6285 = DEFINITIONAL_REPRESENTATION('',(#6286),#6294);
#6286 = ( BOUNDED_CURVE() B_SPLINE_CURVE(2,(#6287,#6288,#6289,#6290,
#6291,#6292,#6293),.UNSPECIFIED.,.T.,.F.) B_SPLINE_CURVE_WITH_KNOTS((1,2
    ,2,2,2,1),(-2.094395102393,0.,2.094395102393,4.188790204786,
6.28318530718,8.377580409573),.UNSPECIFIED.) CURVE() 
GEOMETRIC_REPRESENTATION_ITEM() RATIONAL_B_SPLINE_CURVE((1.,0.5,1.,0.5,
1.,0.5,1.)) REPRESENTATION_ITEM('') );
#6287 = CARTESIAN_POINT('',(-1.986878807988,-0.242631559194));
#6288 = CARTESIAN_POINT('',(-3.700570562018,-0.494148103716));
#6289 = CARTESIAN_POINT('',(-3.061544402031,1.115710761791));
#6290 = CARTESIAN_POINT('',(-2.422518242044,2.725569627298));
#6291 = CARTESIAN_POINT('',(-1.347852648001,1.367227306313));
#6292 = CARTESIAN_POINT('',(-0.273187053957,8.884985328008E-03));
#6293 = CARTESIAN_POINT('',(-1.986878807988,-0.242631559194));
#6294 = ( GEOMETRIC_REPRESENTATION_CONTEXT(2) 
PARAMETRIC_REPRESENTATION_CONTEXT() REPRESENTATION_CONTEXT('2D SPACE',''
  ) );
#6295 = ORIENTED_EDGE('',*,*,#6296,.T.);
#6296 = EDGE_CURVE('',#6264,#6084,#6297,.T.);
#6297 = SURFACE_CURVE('',#6298,(#6302,#6309),.PCURVE_S1.);
#6298 = LINE('',#6299,#6300);
#6299 = CARTESIAN_POINT('',(-1.761385667501,-0.1,2.132091952673));
#6300 = VECTOR('',#6301,1.);
#6301 = DIRECTION('',(-1.,1.662917750523E-16,-5.543059168409E-16));
#6302 = PCURVE('',#6135,#6303);
#6303 = DEFINITIONAL_REPRESENTATION('',(#6304),#6308);
#6304 = LINE('',#6305,#6306);
#6305 = CARTESIAN_POINT('',(-0.145728397239,2.22044604925E-16));
#6306 = VECTOR('',#6307,1.);
#6307 = DIRECTION('',(0.,-1.));
#6308 = ( GEOMETRIC_REPRESENTATION_CONTEXT(2) 
PARAMETRIC_REPRESENTATION_CONTEXT() REPRESENTATION_CONTEXT('2D SPACE',''
  ) );
#6309 = PCURVE('',#6103,#6310);
#6310 = DEFINITIONAL_REPRESENTATION('',(#6311),#6315);
#6311 = LINE('',#6312,#6313);
#6312 = CARTESIAN_POINT('',(-2.132091952673,-0.361385667501));
#6313 = VECTOR('',#6314,1.);
#6314 = DIRECTION('',(5.543059168409E-16,1.));
#6315 = ( GEOMETRIC_REPRESENTATION_CONTEXT(2) 
PARAMETRIC_REPRESENTATION_CONTEXT() REPRESENTATION_CONTEXT('2D SPACE',''
  ) );
#6316 = ORIENTED_EDGE('',*,*,#6119,.F.);
#6317 = ADVANCED_FACE('',(#6318),#6072,.T.);
#6318 = FACE_BOUND('',#6319,.T.);
#6319 = EDGE_LOOP('',(#6320,#6343,#6371,#6392));
#6320 = ORIENTED_EDGE('',*,*,#6321,.T.);
#6321 = EDGE_CURVE('',#6057,#6322,#6324,.T.);
#6322 = VERTEX_POINT('',#6323);
#6323 = CARTESIAN_POINT('',(-1.4,-0.1,-2.132091952673));
#6324 = SURFACE_CURVE('',#6325,(#6329,#6336),.PCURVE_S1.);
#6325 = LINE('',#6326,#6327);
#6326 = CARTESIAN_POINT('',(-1.761385667501,-0.1,-2.132091952673));
#6327 = VECTOR('',#6328,1.);
#6328 = DIRECTION('',(1.,-1.662917750523E-16,-5.543059168409E-16));
#6329 = PCURVE('',#6072,#6330);
#6330 = DEFINITIONAL_REPRESENTATION('',(#6331),#6335);
#6331 = LINE('',#6332,#6333);
#6332 = CARTESIAN_POINT('',(-0.145728397239,-2.22044604925E-16));
#6333 = VECTOR('',#6334,1.);
#6334 = DIRECTION('',(0.,-1.));
#6335 = ( GEOMETRIC_REPRESENTATION_CONTEXT(2) 
PARAMETRIC_REPRESENTATION_CONTEXT() REPRESENTATION_CONTEXT('2D SPACE',''
  ) );
#6336 = PCURVE('',#6103,#6337);
#6337 = DEFINITIONAL_REPRESENTATION('',(#6338),#6342);
#6338 = LINE('',#6339,#6340);
#6339 = CARTESIAN_POINT('',(2.132091952673,-0.361385667501));
#6340 = VECTOR('',#6341,1.);
#6341 = DIRECTION('',(5.543059168409E-16,-1.));
#6342 = ( GEOMETRIC_REPRESENTATION_CONTEXT(2) 
PARAMETRIC_REPRESENTATION_CONTEXT() REPRESENTATION_CONTEXT('2D SPACE',''
  ) );
#6343 = ORIENTED_EDGE('',*,*,#6344,.T.);
#6344 = EDGE_CURVE('',#6322,#6345,#6347,.T.);
#6345 = VERTEX_POINT('',#6346);
#6346 = CARTESIAN_POINT('',(-1.4,-5.782628522115E-02,-1.844744067107));
#6347 = SURFACE_CURVE('',#6348,(#6353,#6360),.PCURVE_S1.);
#6348 = CIRCLE('',#6349,1.);
#6349 = AXIS2_PLACEMENT_3D('',#6350,#6351,#6352);
#6350 = CARTESIAN_POINT('',(-1.4,0.9,-2.132091952673));
#6351 = DIRECTION('',(-1.,0.,0.));
#6352 = DIRECTION('',(0.,-0.989400395497,0.145213144685));
#6353 = PCURVE('',#6072,#6354);
#6354 = DEFINITIONAL_REPRESENTATION('',(#6355),#6359);
#6355 = LINE('',#6356,#6357);
#6356 = CARTESIAN_POINT('',(-6.28318530718,-0.361385667501));
#6357 = VECTOR('',#6358,1.);
#6358 = DIRECTION('',(1.,0.));
#6359 = ( GEOMETRIC_REPRESENTATION_CONTEXT(2) 
PARAMETRIC_REPRESENTATION_CONTEXT() REPRESENTATION_CONTEXT('2D SPACE',''
  ) );
#6360 = PCURVE('',#6280,#6361);
#6361 = DEFINITIONAL_REPRESENTATION('',(#6362),#6370);
#6362 = ( BOUNDED_CURVE() B_SPLINE_CURVE(2,(#6363,#6364,#6365,#6366,
#6367,#6368,#6369),.UNSPECIFIED.,.T.,.F.) B_SPLINE_CURVE_WITH_KNOTS((1,2
    ,2,2,2,1),(-2.094395102393,0.,2.094395102393,4.188790204786,
6.28318530718,8.377580409573),.UNSPECIFIED.) CURVE() 
GEOMETRIC_REPRESENTATION_ITEM() RATIONAL_B_SPLINE_CURVE((1.,0.5,1.,0.5,
1.,0.5,1.)) REPRESENTATION_ITEM('') );
#6363 = CARTESIAN_POINT('',(1.986878807988,-0.242631559194));
#6364 = CARTESIAN_POINT('',(0.273187053957,8.884985328006E-03));
#6365 = CARTESIAN_POINT('',(1.347852648001,1.367227306313));
#6366 = CARTESIAN_POINT('',(2.422518242044,2.725569627298));
#6367 = CARTESIAN_POINT('',(3.061544402031,1.115710761791));
#6368 = CARTESIAN_POINT('',(3.700570562018,-0.494148103716));
#6369 = CARTESIAN_POINT('',(1.986878807988,-0.242631559194));
#6370 = ( GEOMETRIC_REPRESENTATION_CONTEXT(2) 
PARAMETRIC_REPRESENTATION_CONTEXT() REPRESENTATION_CONTEXT('2D SPACE',''
  ) );
#6371 = ORIENTED_EDGE('',*,*,#6372,.T.);
#6372 = EDGE_CURVE('',#6345,#5997,#6373,.T.);
#6373 = SURFACE_CURVE('',#6374,(#6378,#6385),.PCURVE_S1.);
#6374 = LINE('',#6375,#6376);
#6375 = CARTESIAN_POINT('',(-1.761385667501,-5.782628522115E-02,
    -1.844744067107));
#6376 = VECTOR('',#6377,1.);
#6377 = DIRECTION('',(-1.,1.662917750523E-16,5.543059168409E-16));
#6378 = PCURVE('',#6072,#6379);
#6379 = DEFINITIONAL_REPRESENTATION('',(#6380),#6384);
#6380 = LINE('',#6381,#6382);
#6381 = CARTESIAN_POINT('',(0.145728397239,-2.22044604925E-16));
#6382 = VECTOR('',#6383,1.);
#6383 = DIRECTION('',(-7.716869851944E-15,1.));
#6384 = ( GEOMETRIC_REPRESENTATION_CONTEXT(2) 
PARAMETRIC_REPRESENTATION_CONTEXT() REPRESENTATION_CONTEXT('2D SPACE',''
  ) );
#6385 = PCURVE('',#6043,#6386);
#6386 = DEFINITIONAL_REPRESENTATION('',(#6387),#6391);
#6387 = LINE('',#6388,#6389);
#6388 = CARTESIAN_POINT('',(0.146768836304,0.361385667501));
#6389 = VECTOR('',#6390,1.);
#6390 = DIRECTION('',(5.787123671522E-16,1.));
#6391 = ( GEOMETRIC_REPRESENTATION_CONTEXT(2) 
PARAMETRIC_REPRESENTATION_CONTEXT() REPRESENTATION_CONTEXT('2D SPACE',''
  ) );
#6392 = ORIENTED_EDGE('',*,*,#6056,.F.);
#6393 = ADVANCED_FACE('',(#6394),#6043,.T.);
#6394 = FACE_BOUND('',#6395,.T.);
#6395 = EDGE_LOOP('',(#6396,#6397,#6420,#6443,#6486));
#6396 = ORIENTED_EDGE('',*,*,#6372,.F.);
#6397 = ORIENTED_EDGE('',*,*,#6398,.F.);
#6398 = EDGE_CURVE('',#6399,#6345,#6401,.T.);
#6399 = VERTEX_POINT('',#6400);
#6400 = CARTESIAN_POINT('',(-1.4,0.495596934911,-3.775736084661E-19));
#6401 = SURFACE_CURVE('',#6402,(#6406,#6413),.PCURVE_S1.);
#6402 = LINE('',#6403,#6404);
#6403 = CARTESIAN_POINT('',(-1.4,0.183664100754,-1.039776113857));
#6404 = VECTOR('',#6405,1.);
#6405 = DIRECTION('',(0.,-0.287347885566,-0.957826285221));
#6406 = PCURVE('',#6043,#6407);
#6407 = DEFINITIONAL_REPRESENTATION('',(#6408),#6412);
#6408 = LINE('',#6409,#6410);
#6409 = CARTESIAN_POINT('',(0.987180052482,0.));
#6410 = VECTOR('',#6411,1.);
#6411 = DIRECTION('',(-1.,-0.));
#6412 = ( GEOMETRIC_REPRESENTATION_CONTEXT(2) 
PARAMETRIC_REPRESENTATION_CONTEXT() REPRESENTATION_CONTEXT('2D SPACE',''
  ) );
#6413 = PCURVE('',#6280,#6414);
#6414 = DEFINITIONAL_REPRESENTATION('',(#6415),#6419);
#6415 = LINE('',#6416,#6417);
#6416 = CARTESIAN_POINT('',(1.039776113857,3.043293705745E-02));
#6417 = VECTOR('',#6418,1.);
#6418 = DIRECTION('',(0.957826285221,-0.287347885566));
#6419 = ( GEOMETRIC_REPRESENTATION_CONTEXT(2) 
PARAMETRIC_REPRESENTATION_CONTEXT() REPRESENTATION_CONTEXT('2D SPACE',''
  ) );
#6420 = ORIENTED_EDGE('',*,*,#6421,.T.);
#6421 = EDGE_CURVE('',#6399,#6422,#6424,.T.);
#6422 = VERTEX_POINT('',#6423);
#6423 = CARTESIAN_POINT('',(-1.5,0.495596934911,0.));
#6424 = SURFACE_CURVE('',#6425,(#6429,#6436),.PCURVE_S1.);
#6425 = LINE('',#6426,#6427);
#6426 = CARTESIAN_POINT('',(-1.4,0.495596934911,-3.775736084661E-19));
#6427 = VECTOR('',#6428,1.);
#6428 = DIRECTION('',(-1.,0.,0.));
#6429 = PCURVE('',#6043,#6430);
#6430 = DEFINITIONAL_REPRESENTATION('',(#6431),#6435);
#6431 = LINE('',#6432,#6433);
#6432 = CARTESIAN_POINT('',(2.072738185412,0.));
#6433 = VECTOR('',#6434,1.);
#6434 = DIRECTION('',(0.,1.));
#6435 = ( GEOMETRIC_REPRESENTATION_CONTEXT(2) 
PARAMETRIC_REPRESENTATION_CONTEXT() REPRESENTATION_CONTEXT('2D SPACE',''
  ) );
#6436 = PCURVE('',#6164,#6437);
#6437 = DEFINITIONAL_REPRESENTATION('',(#6438),#6442);
#6438 = LINE('',#6439,#6440);
#6439 = CARTESIAN_POINT('',(2.59518488018E-16,0.));
#6440 = VECTOR('',#6441,1.);
#6441 = DIRECTION('',(0.,1.));
#6442 = ( GEOMETRIC_REPRESENTATION_CONTEXT(2) 
PARAMETRIC_REPRESENTATION_CONTEXT() REPRESENTATION_CONTEXT('2D SPACE',''
  ) );
#6443 = ORIENTED_EDGE('',*,*,#6444,.F.);
#6444 = EDGE_CURVE('',#5999,#6422,#6445,.T.);
#6445 = SURFACE_CURVE('',#6446,(#6450,#6457),.PCURVE_S1.);
#6446 = LINE('',#6447,#6448);
#6447 = CARTESIAN_POINT('',(-1.5,0.495596934911,-3.775736084661E-19));
#6448 = VECTOR('',#6449,1.);
#6449 = DIRECTION('',(0.,0.287347885566,0.957826285221));
#6450 = PCURVE('',#6043,#6451);
#6451 = DEFINITIONAL_REPRESENTATION('',(#6452),#6456);
#6452 = LINE('',#6453,#6454);
#6453 = CARTESIAN_POINT('',(2.072738185412,0.1));
#6454 = VECTOR('',#6455,1.);
#6455 = DIRECTION('',(1.,0.));
#6456 = ( GEOMETRIC_REPRESENTATION_CONTEXT(2) 
PARAMETRIC_REPRESENTATION_CONTEXT() REPRESENTATION_CONTEXT('2D SPACE',''
  ) );
#6457 = PCURVE('',#6197,#6458);
#6458 = DEFINITIONAL_REPRESENTATION('',(#6459),#6485);
#6459 = B_SPLINE_CURVE_WITH_KNOTS('',3,(#6460,#6461,#6462,#6463,#6464,
    #6465,#6466,#6467,#6468,#6469,#6470,#6471,#6472,#6473,#6474,#6475,
    #6476,#6477,#6478,#6479,#6480,#6481,#6482,#6483,#6484),
  .UNSPECIFIED.,.F.,.F.,(4,1,1,1,1,1,1,1,1,1,1,1,1,1,1,1,1,1,1,1,1,1,4),
  (-1.825069761205,-1.742112044787,-1.659154328368,-1.57619661195,
    -1.493238895532,-1.410281179113,-1.327323462695,-1.244365746276,
    -1.161408029858,-1.07845031344,-0.995492597021,-0.912534880603,
    -0.829577164184,-0.746619447766,-0.663661731347,-0.580704014929,
    -0.497746298511,-0.414788582092,-0.331830865674,-0.248873149255,
    -0.165915432837,-8.295771641842E-02,0.),.UNSPECIFIED.);
#6460 = CARTESIAN_POINT('',(0.491642121452,-8.61155463521E-02));
#6461 = CARTESIAN_POINT('',(0.499974582457,-8.61155463521E-02));
#6462 = CARTESIAN_POINT('',(0.51663950444,-8.61155463521E-02));
#6463 = CARTESIAN_POINT('',(0.541636887372,-8.61155463521E-02));
#6464 = CARTESIAN_POINT('',(0.566634270316,-8.61155463521E-02));
#6465 = CARTESIAN_POINT('',(0.591631653256,-8.61155463521E-02));
#6466 = CARTESIAN_POINT('',(0.616629036197,-8.61155463521E-02));
#6467 = CARTESIAN_POINT('',(0.641626419138,-8.61155463521E-02));
#6468 = CARTESIAN_POINT('',(0.666623802079,-8.61155463521E-02));
#6469 = CARTESIAN_POINT('',(0.69162118502,-8.61155463521E-02));
#6470 = CARTESIAN_POINT('',(0.716618567961,-8.61155463521E-02));
#6471 = CARTESIAN_POINT('',(0.741615950901,-8.61155463521E-02));
#6472 = CARTESIAN_POINT('',(0.766613333842,-8.61155463521E-02));
#6473 = CARTESIAN_POINT('',(0.791610716783,-8.61155463521E-02));
#6474 = CARTESIAN_POINT('',(0.816608099724,-8.61155463521E-02));
#6475 = CARTESIAN_POINT('',(0.841605482665,-8.61155463521E-02));
#6476 = CARTESIAN_POINT('',(0.866602865606,-8.61155463521E-02));
#6477 = CARTESIAN_POINT('',(0.891600248547,-8.61155463521E-02));
#6478 = CARTESIAN_POINT('',(0.916597631488,-8.61155463521E-02));
#6479 = CARTESIAN_POINT('',(0.941595014429,-8.61155463521E-02));
#6480 = CARTESIAN_POINT('',(0.96659239737,-8.61155463521E-02));
#6481 = CARTESIAN_POINT('',(0.991589780311,-8.61155463521E-02));
#6482 = CARTESIAN_POINT('',(1.016587163252,-8.61155463521E-02));
#6483 = CARTESIAN_POINT('',(1.033252085212,-8.61155463521E-02));
#6484 = CARTESIAN_POINT('',(1.041584546193,-8.61155463521E-02));
#6485 = ( GEOMETRIC_REPRESENTATION_CONTEXT(2) 
PARAMETRIC_REPRESENTATION_CONTEXT() REPRESENTATION_CONTEXT('2D SPACE',''
  ) );
#6486 = ORIENTED_EDGE('',*,*,#5996,.F.);
#6487 = ADVANCED_FACE('',(#6488),#6280,.T.);
#6488 = FACE_BOUND('',#6489,.T.);
#6489 = EDGE_LOOP('',(#6490,#6491,#6514,#6542,#6570,#6598,#6626,#6649,
    #6677,#6698,#6699,#6720));
#6490 = ORIENTED_EDGE('',*,*,#6344,.F.);
#6491 = ORIENTED_EDGE('',*,*,#6492,.T.);
#6492 = EDGE_CURVE('',#6322,#6493,#6495,.T.);
#6493 = VERTEX_POINT('',#6494);
#6494 = CARTESIAN_POINT('',(-1.4,-0.1,-3.370830758137));
#6495 = SURFACE_CURVE('',#6496,(#6500,#6507),.PCURVE_S1.);
#6496 = LINE('',#6497,#6498);
#6497 = CARTESIAN_POINT('',(-1.4,-0.1,-3.370830758137));
#6498 = VECTOR('',#6499,1.);
#6499 = DIRECTION('',(0.,0.,-1.));
#6500 = PCURVE('',#6280,#6501);
#6501 = DEFINITIONAL_REPRESENTATION('',(#6502),#6506);
#6502 = LINE('',#6503,#6504);
#6503 = CARTESIAN_POINT('',(3.370830758137,-0.253231163696));
#6504 = VECTOR('',#6505,1.);
#6505 = DIRECTION('',(1.,0.));
#6506 = ( GEOMETRIC_REPRESENTATION_CONTEXT(2) 
PARAMETRIC_REPRESENTATION_CONTEXT() REPRESENTATION_CONTEXT('2D SPACE',''
  ) );
#6507 = PCURVE('',#6103,#6508);
#6508 = DEFINITIONAL_REPRESENTATION('',(#6509),#6513);
#6509 = LINE('',#6510,#6511);
#6510 = CARTESIAN_POINT('',(3.370830758137,-0.722771335002));
#6511 = VECTOR('',#6512,1.);
#6512 = DIRECTION('',(1.,0.));
#6513 = ( GEOMETRIC_REPRESENTATION_CONTEXT(2) 
PARAMETRIC_REPRESENTATION_CONTEXT() REPRESENTATION_CONTEXT('2D SPACE',''
  ) );
#6514 = ORIENTED_EDGE('',*,*,#6515,.F.);
#6515 = EDGE_CURVE('',#6516,#6493,#6518,.T.);
#6516 = VERTEX_POINT('',#6517);
#6517 = CARTESIAN_POINT('',(-1.4,1.232595164408E-31,-3.370830758137));
#6518 = SURFACE_CURVE('',#6519,(#6523,#6530),.PCURVE_S1.);
#6519 = LINE('',#6520,#6521);
#6520 = CARTESIAN_POINT('',(-1.4,1.232595164408E-31,-3.370830758137));
#6521 = VECTOR('',#6522,1.);
#6522 = DIRECTION('',(0.,-1.,0.));
#6523 = PCURVE('',#6280,#6524);
#6524 = DEFINITIONAL_REPRESENTATION('',(#6525),#6529);
#6525 = LINE('',#6526,#6527);
#6526 = CARTESIAN_POINT('',(3.370830758137,-0.153231163696));
#6527 = VECTOR('',#6528,1.);
#6528 = DIRECTION('',(0.,-1.));
#6529 = ( GEOMETRIC_REPRESENTATION_CONTEXT(2) 
PARAMETRIC_REPRESENTATION_CONTEXT() REPRESENTATION_CONTEXT('2D SPACE',''
  ) );
#6530 = PCURVE('',#6531,#6536);
#6531 = CYLINDRICAL_SURFACE('',#6532,3.65);
#6532 = AXIS2_PLACEMENT_3D('',#6533,#6534,#6535);
#6533 = CARTESIAN_POINT('',(0.,1.232595164408E-31,0.));
#6534 = DIRECTION('',(0.,1.,0.));
#6535 = DIRECTION('',(0.283730344893,-0.,0.958904109589));
#6536 = DEFINITIONAL_REPRESENTATION('',(#6537),#6541);
#6537 = LINE('',#6538,#6539);
#6538 = CARTESIAN_POINT('',(3.247560392473,0.));
#6539 = VECTOR('',#6540,1.);
#6540 = DIRECTION('',(0.,-1.));
#6541 = ( GEOMETRIC_REPRESENTATION_CONTEXT(2) 
PARAMETRIC_REPRESENTATION_CONTEXT() REPRESENTATION_CONTEXT('2D SPACE',''
  ) );
#6542 = ORIENTED_EDGE('',*,*,#6543,.T.);
#6543 = EDGE_CURVE('',#6516,#6544,#6546,.T.);
#6544 = VERTEX_POINT('',#6545);
#6545 = CARTESIAN_POINT('',(-1.4,-3.469446951954E-17,-2.));
#6546 = SURFACE_CURVE('',#6547,(#6551,#6558),.PCURVE_S1.);
#6547 = LINE('',#6548,#6549);
#6548 = CARTESIAN_POINT('',(-1.4,1.232595164408E-31,-3.370830758137));
#6549 = VECTOR('',#6550,1.);
#6550 = DIRECTION('',(0.,0.,1.));
#6551 = PCURVE('',#6280,#6552);
#6552 = DEFINITIONAL_REPRESENTATION('',(#6553),#6557);
#6553 = LINE('',#6554,#6555);
#6554 = CARTESIAN_POINT('',(3.370830758137,-0.153231163696));
#6555 = VECTOR('',#6556,1.);
#6556 = DIRECTION('',(-1.,0.));
#6557 = ( GEOMETRIC_REPRESENTATION_CONTEXT(2) 
PARAMETRIC_REPRESENTATION_CONTEXT() REPRESENTATION_CONTEXT('2D SPACE',''
  ) );
#6558 = PCURVE('',#6559,#6564);
#6559 = PLANE('',#6560);
#6560 = AXIS2_PLACEMENT_3D('',#6561,#6562,#6563);
#6561 = CARTESIAN_POINT('',(-2.122771335002,1.232595164408E-31,
    6.200062095506E-16));
#6562 = DIRECTION('',(1.662917750523E-16,1.,0.));
#6563 = DIRECTION('',(0.,0.,-1.));
#6564 = DEFINITIONAL_REPRESENTATION('',(#6565),#6569);
#6565 = LINE('',#6566,#6567);
#6566 = CARTESIAN_POINT('',(3.370830758137,-0.722771335002));
#6567 = VECTOR('',#6568,1.);
#6568 = DIRECTION('',(-1.,0.));
#6569 = ( GEOMETRIC_REPRESENTATION_CONTEXT(2) 
PARAMETRIC_REPRESENTATION_CONTEXT() REPRESENTATION_CONTEXT('2D SPACE',''
  ) );
#6570 = ORIENTED_EDGE('',*,*,#6571,.T.);
#6571 = EDGE_CURVE('',#6544,#6572,#6574,.T.);
#6572 = VERTEX_POINT('',#6573);
#6573 = CARTESIAN_POINT('',(-1.4,0.6,0.));
#6574 = SURFACE_CURVE('',#6575,(#6579,#6586),.PCURVE_S1.);
#6575 = LINE('',#6576,#6577);
#6576 = CARTESIAN_POINT('',(-1.4,-3.469446951954E-17,-2.));
#6577 = VECTOR('',#6578,1.);
#6578 = DIRECTION('',(0.,0.287347885566,0.957826285221));
#6579 = PCURVE('',#6280,#6580);
#6580 = DEFINITIONAL_REPRESENTATION('',(#6581),#6585);
#6581 = LINE('',#6582,#6583);
#6582 = CARTESIAN_POINT('',(2.,-0.153231163696));
#6583 = VECTOR('',#6584,1.);
#6584 = DIRECTION('',(-0.957826285221,0.287347885566));
#6585 = ( GEOMETRIC_REPRESENTATION_CONTEXT(2) 
PARAMETRIC_REPRESENTATION_CONTEXT() REPRESENTATION_CONTEXT('2D SPACE',''
  ) );
#6586 = PCURVE('',#6587,#6592);
#6587 = PLANE('',#6588);
#6588 = AXIS2_PLACEMENT_3D('',#6589,#6590,#6591);
#6589 = CARTESIAN_POINT('',(-1.4,-3.469446951954E-17,-2.));
#6590 = DIRECTION('',(0.,-0.957826285221,0.287347885566));
#6591 = DIRECTION('',(0.,0.287347885566,0.957826285221));
#6592 = DEFINITIONAL_REPRESENTATION('',(#6593),#6597);
#6593 = LINE('',#6594,#6595);
#6594 = CARTESIAN_POINT('',(0.,0.));
#6595 = VECTOR('',#6596,1.);
#6596 = DIRECTION('',(1.,0.));
#6597 = ( GEOMETRIC_REPRESENTATION_CONTEXT(2) 
PARAMETRIC_REPRESENTATION_CONTEXT() REPRESENTATION_CONTEXT('2D SPACE',''
  ) );
#6598 = ORIENTED_EDGE('',*,*,#6599,.T.);
#6599 = EDGE_CURVE('',#6572,#6600,#6602,.T.);
#6600 = VERTEX_POINT('',#6601);
#6601 = CARTESIAN_POINT('',(-1.4,0.,2.));
#6602 = SURFACE_CURVE('',#6603,(#6607,#6614),.PCURVE_S1.);
#6603 = LINE('',#6604,#6605);
#6604 = CARTESIAN_POINT('',(-1.4,0.6,0.));
#6605 = VECTOR('',#6606,1.);
#6606 = DIRECTION('',(0.,-0.287347885566,0.957826285221));
#6607 = PCURVE('',#6280,#6608);
#6608 = DEFINITIONAL_REPRESENTATION('',(#6609),#6613);
#6609 = LINE('',#6610,#6611);
#6610 = CARTESIAN_POINT('',(1.273016729388E-16,0.446768836304));
#6611 = VECTOR('',#6612,1.);
#6612 = DIRECTION('',(-0.957826285221,-0.287347885566));
#6613 = ( GEOMETRIC_REPRESENTATION_CONTEXT(2) 
PARAMETRIC_REPRESENTATION_CONTEXT() REPRESENTATION_CONTEXT('2D SPACE',''
  ) );
#6614 = PCURVE('',#6615,#6620);
#6615 = PLANE('',#6616);
#6616 = AXIS2_PLACEMENT_3D('',#6617,#6618,#6619);
#6617 = CARTESIAN_POINT('',(-1.4,0.6,0.));
#6618 = DIRECTION('',(0.,-0.957826285221,-0.287347885566));
#6619 = DIRECTION('',(0.,-0.287347885566,0.957826285221));
#6620 = DEFINITIONAL_REPRESENTATION('',(#6621),#6625);
#6621 = LINE('',#6622,#6623);
#6622 = CARTESIAN_POINT('',(0.,0.));
#6623 = VECTOR('',#6624,1.);
#6624 = DIRECTION('',(1.,0.));
#6625 = ( GEOMETRIC_REPRESENTATION_CONTEXT(2) 
PARAMETRIC_REPRESENTATION_CONTEXT() REPRESENTATION_CONTEXT('2D SPACE',''
  ) );
#6626 = ORIENTED_EDGE('',*,*,#6627,.T.);
#6627 = EDGE_CURVE('',#6600,#6628,#6630,.T.);
#6628 = VERTEX_POINT('',#6629);
#6629 = CARTESIAN_POINT('',(-1.4,1.232595164408E-31,3.370830758137));
#6630 = SURFACE_CURVE('',#6631,(#6635,#6642),.PCURVE_S1.);
#6631 = LINE('',#6632,#6633);
#6632 = CARTESIAN_POINT('',(-1.4,1.232595164408E-31,-3.370830758137));
#6633 = VECTOR('',#6634,1.);
#6634 = DIRECTION('',(0.,0.,1.));
#6635 = PCURVE('',#6280,#6636);
#6636 = DEFINITIONAL_REPRESENTATION('',(#6637),#6641);
#6637 = LINE('',#6638,#6639);
#6638 = CARTESIAN_POINT('',(3.370830758137,-0.153231163696));
#6639 = VECTOR('',#6640,1.);
#6640 = DIRECTION('',(-1.,0.));
#6641 = ( GEOMETRIC_REPRESENTATION_CONTEXT(2) 
PARAMETRIC_REPRESENTATION_CONTEXT() REPRESENTATION_CONTEXT('2D SPACE',''
  ) );
#6642 = PCURVE('',#6559,#6643);
#6643 = DEFINITIONAL_REPRESENTATION('',(#6644),#6648);
#6644 = LINE('',#6645,#6646);
#6645 = CARTESIAN_POINT('',(3.370830758137,-0.722771335002));
#6646 = VECTOR('',#6647,1.);
#6647 = DIRECTION('',(-1.,0.));
#6648 = ( GEOMETRIC_REPRESENTATION_CONTEXT(2) 
PARAMETRIC_REPRESENTATION_CONTEXT() REPRESENTATION_CONTEXT('2D SPACE',''
  ) );
#6649 = ORIENTED_EDGE('',*,*,#6650,.T.);
#6650 = EDGE_CURVE('',#6628,#6651,#6653,.T.);
#6651 = VERTEX_POINT('',#6652);
#6652 = CARTESIAN_POINT('',(-1.4,-0.1,3.370830758137));
#6653 = SURFACE_CURVE('',#6654,(#6658,#6665),.PCURVE_S1.);
#6654 = LINE('',#6655,#6656);
#6655 = CARTESIAN_POINT('',(-1.4,1.232595164408E-31,3.370830758137));
#6656 = VECTOR('',#6657,1.);
#6657 = DIRECTION('',(0.,-1.,0.));
#6658 = PCURVE('',#6280,#6659);
#6659 = DEFINITIONAL_REPRESENTATION('',(#6660),#6664);
#6660 = LINE('',#6661,#6662);
#6661 = CARTESIAN_POINT('',(-3.370830758137,-0.153231163696));
#6662 = VECTOR('',#6663,1.);
#6663 = DIRECTION('',(0.,-1.));
#6664 = ( GEOMETRIC_REPRESENTATION_CONTEXT(2) 
PARAMETRIC_REPRESENTATION_CONTEXT() REPRESENTATION_CONTEXT('2D SPACE',''
  ) );
#6665 = PCURVE('',#6666,#6671);
#6666 = CYLINDRICAL_SURFACE('',#6667,3.65);
#6667 = AXIS2_PLACEMENT_3D('',#6668,#6669,#6670);
#6668 = CARTESIAN_POINT('',(0.,1.232595164408E-31,0.));
#6669 = DIRECTION('',(0.,1.,0.));
#6670 = DIRECTION('',(0.991798846431,0.,-0.127808639058));
#6671 = DEFINITIONAL_REPRESENTATION('',(#6672),#6676);
#6672 = LINE('',#6673,#6674);
#6673 = CARTESIAN_POINT('',(4.190579960056,0.));
#6674 = VECTOR('',#6675,1.);
#6675 = DIRECTION('',(0.,-1.));
#6676 = ( GEOMETRIC_REPRESENTATION_CONTEXT(2) 
PARAMETRIC_REPRESENTATION_CONTEXT() REPRESENTATION_CONTEXT('2D SPACE',''
  ) );
#6677 = ORIENTED_EDGE('',*,*,#6678,.T.);
#6678 = EDGE_CURVE('',#6651,#6264,#6679,.T.);
#6679 = SURFACE_CURVE('',#6680,(#6684,#6691),.PCURVE_S1.);
#6680 = LINE('',#6681,#6682);
#6681 = CARTESIAN_POINT('',(-1.4,-0.1,-3.370830758137));
#6682 = VECTOR('',#6683,1.);
#6683 = DIRECTION('',(0.,0.,-1.));
#6684 = PCURVE('',#6280,#6685);
#6685 = DEFINITIONAL_REPRESENTATION('',(#6686),#6690);
#6686 = LINE('',#6687,#6688);
#6687 = CARTESIAN_POINT('',(3.370830758137,-0.253231163696));
#6688 = VECTOR('',#6689,1.);
#6689 = DIRECTION('',(1.,0.));
#6690 = ( GEOMETRIC_REPRESENTATION_CONTEXT(2) 
PARAMETRIC_REPRESENTATION_CONTEXT() REPRESENTATION_CONTEXT('2D SPACE',''
  ) );
#6691 = PCURVE('',#6103,#6692);
#6692 = DEFINITIONAL_REPRESENTATION('',(#6693),#6697);
#6693 = LINE('',#6694,#6695);
#6694 = CARTESIAN_POINT('',(3.370830758137,-0.722771335002));
#6695 = VECTOR('',#6696,1.);
#6696 = DIRECTION('',(1.,0.));
#6697 = ( GEOMETRIC_REPRESENTATION_CONTEXT(2) 
PARAMETRIC_REPRESENTATION_CONTEXT() REPRESENTATION_CONTEXT('2D SPACE',''
  ) );
#6698 = ORIENTED_EDGE('',*,*,#6263,.F.);
#6699 = ORIENTED_EDGE('',*,*,#6700,.T.);
#6700 = EDGE_CURVE('',#6241,#6399,#6701,.T.);
#6701 = SURFACE_CURVE('',#6702,(#6706,#6713),.PCURVE_S1.);
#6702 = LINE('',#6703,#6704);
#6703 = CARTESIAN_POINT('',(-1.4,0.481462568209,4.711455567171E-02));
#6704 = VECTOR('',#6705,1.);
#6705 = DIRECTION('',(0.,0.287347885566,-0.957826285221));
#6706 = PCURVE('',#6280,#6707);
#6707 = DEFINITIONAL_REPRESENTATION('',(#6708),#6712);
#6708 = LINE('',#6709,#6710);
#6709 = CARTESIAN_POINT('',(-4.711455567171E-02,0.328231404513));
#6710 = VECTOR('',#6711,1.);
#6711 = DIRECTION('',(0.957826285221,0.287347885566));
#6712 = ( GEOMETRIC_REPRESENTATION_CONTEXT(2) 
PARAMETRIC_REPRESENTATION_CONTEXT() REPRESENTATION_CONTEXT('2D SPACE',''
  ) );
#6713 = PCURVE('',#6164,#6714);
#6714 = DEFINITIONAL_REPRESENTATION('',(#6715),#6719);
#6715 = LINE('',#6716,#6717);
#6716 = CARTESIAN_POINT('',(4.918904022438E-02,0.));
#6717 = VECTOR('',#6718,1.);
#6718 = DIRECTION('',(-1.,-0.));
#6719 = ( GEOMETRIC_REPRESENTATION_CONTEXT(2) 
PARAMETRIC_REPRESENTATION_CONTEXT() REPRESENTATION_CONTEXT('2D SPACE',''
  ) );
#6720 = ORIENTED_EDGE('',*,*,#6398,.T.);
#6721 = ADVANCED_FACE('',(#6722),#6103,.F.);
#6722 = FACE_BOUND('',#6723,.T.);
#6723 = EDGE_LOOP('',(#6724,#6725,#6726,#6727,#6728,#6752,#6785,#6807));
#6724 = ORIENTED_EDGE('',*,*,#6321,.F.);
#6725 = ORIENTED_EDGE('',*,*,#6083,.F.);
#6726 = ORIENTED_EDGE('',*,*,#6296,.F.);
#6727 = ORIENTED_EDGE('',*,*,#6678,.F.);
#6728 = ORIENTED_EDGE('',*,*,#6729,.F.);
#6729 = EDGE_CURVE('',#6730,#6651,#6732,.T.);
#6730 = VERTEX_POINT('',#6731);
#6731 = CARTESIAN_POINT('',(-3.620065789474,-0.1,0.466501532562));
#6732 = SURFACE_CURVE('',#6733,(#6738,#6745),.PCURVE_S1.);
#6733 = CIRCLE('',#6734,3.65);
#6734 = AXIS2_PLACEMENT_3D('',#6735,#6736,#6737);
#6735 = CARTESIAN_POINT('',(0.,-0.1,0.));
#6736 = DIRECTION('',(0.,1.,0.));
#6737 = DIRECTION('',(0.991798846431,0.,-0.127808639058));
#6738 = PCURVE('',#6103,#6739);
#6739 = DEFINITIONAL_REPRESENTATION('',(#6740),#6744);
#6740 = CIRCLE('',#6741,3.65);
#6741 = AXIS2_PLACEMENT_2D('',#6742,#6743);
#6742 = CARTESIAN_POINT('',(6.200062095506E-16,-2.122771335002));
#6743 = DIRECTION('',(0.127808639058,-0.991798846431));
#6744 = ( GEOMETRIC_REPRESENTATION_CONTEXT(2) 
PARAMETRIC_REPRESENTATION_CONTEXT() REPRESENTATION_CONTEXT('2D SPACE',''
  ) );
#6745 = PCURVE('',#6666,#6746);
#6746 = DEFINITIONAL_REPRESENTATION('',(#6747),#6751);
#6747 = LINE('',#6748,#6749);
#6748 = CARTESIAN_POINT('',(0.,-0.1));
#6749 = VECTOR('',#6750,1.);
#6750 = DIRECTION('',(1.,0.));
#6751 = ( GEOMETRIC_REPRESENTATION_CONTEXT(2) 
PARAMETRIC_REPRESENTATION_CONTEXT() REPRESENTATION_CONTEXT('2D SPACE',''
  ) );
#6752 = ORIENTED_EDGE('',*,*,#6753,.F.);
#6753 = EDGE_CURVE('',#6754,#6730,#6756,.T.);
#6754 = VERTEX_POINT('',#6755);
#6755 = CARTESIAN_POINT('',(-3.620065789474,-0.1,-0.466501532562));
#6756 = SURFACE_CURVE('',#6757,(#6762,#6773),.PCURVE_S1.);
#6757 = CIRCLE('',#6758,0.5);
#6758 = AXIS2_PLACEMENT_3D('',#6759,#6760,#6761);
#6759 = CARTESIAN_POINT('',(-3.8,-0.1,0.));
#6760 = DIRECTION('',(0.,-1.,0.));
#6761 = DIRECTION('',(0.359868421053,0.,0.933003065123));
#6762 = PCURVE('',#6103,#6763);
#6763 = DEFINITIONAL_REPRESENTATION('',(#6764),#6772);
#6764 = ( BOUNDED_CURVE() B_SPLINE_CURVE(2,(#6765,#6766,#6767,#6768,
#6769,#6770,#6771),.UNSPECIFIED.,.T.,.F.) B_SPLINE_CURVE_WITH_KNOTS((1,2
    ,2,2,2,1),(-2.094395102393,0.,2.094395102393,4.188790204786,
6.28318530718,8.377580409573),.UNSPECIFIED.) CURVE() 
GEOMETRIC_REPRESENTATION_ITEM() RATIONAL_B_SPLINE_CURVE((1.,0.5,1.,0.5,
1.,0.5,1.)) REPRESENTATION_ITEM('') );
#6765 = CARTESIAN_POINT('',(-0.466501532562,1.497294454472));
#6766 = CARTESIAN_POINT('',(-0.778156727213,2.305298810677));
#6767 = CARTESIAN_POINT('',(7.742316895508E-02,2.171197948364));
#6768 = CARTESIAN_POINT('',(0.933003065123,2.037097086051));
#6769 = CARTESIAN_POINT('',(0.389078363606,1.363193592159));
#6770 = CARTESIAN_POINT('',(-0.15484633791,0.689290098267));
#6771 = CARTESIAN_POINT('',(-0.466501532562,1.497294454472));
#6772 = ( GEOMETRIC_REPRESENTATION_CONTEXT(2) 
PARAMETRIC_REPRESENTATION_CONTEXT() REPRESENTATION_CONTEXT('2D SPACE',''
  ) );
#6773 = PCURVE('',#6774,#6779);
#6774 = CYLINDRICAL_SURFACE('',#6775,0.5);
#6775 = AXIS2_PLACEMENT_3D('',#6776,#6777,#6778);
#6776 = CARTESIAN_POINT('',(-3.8,1.232595164408E-31,0.));
#6777 = DIRECTION('',(0.,1.,0.));
#6778 = DIRECTION('',(0.359868421053,-0.,0.933003065123));
#6779 = DEFINITIONAL_REPRESENTATION('',(#6780),#6784);
#6780 = LINE('',#6781,#6782);
#6781 = CARTESIAN_POINT('',(6.28318530718,-0.1));
#6782 = VECTOR('',#6783,1.);
#6783 = DIRECTION('',(-1.,0.));
#6784 = ( GEOMETRIC_REPRESENTATION_CONTEXT(2) 
PARAMETRIC_REPRESENTATION_CONTEXT() REPRESENTATION_CONTEXT('2D SPACE',''
  ) );
#6785 = ORIENTED_EDGE('',*,*,#6786,.F.);
#6786 = EDGE_CURVE('',#6493,#6754,#6787,.T.);
#6787 = SURFACE_CURVE('',#6788,(#6793,#6800),.PCURVE_S1.);
#6788 = CIRCLE('',#6789,3.65);
#6789 = AXIS2_PLACEMENT_3D('',#6790,#6791,#6792);
#6790 = CARTESIAN_POINT('',(0.,-0.1,0.));
#6791 = DIRECTION('',(0.,1.,0.));
#6792 = DIRECTION('',(0.283730344893,-0.,0.958904109589));
#6793 = PCURVE('',#6103,#6794);
#6794 = DEFINITIONAL_REPRESENTATION('',(#6795),#6799);
#6795 = CIRCLE('',#6796,3.65);
#6796 = AXIS2_PLACEMENT_2D('',#6797,#6798);
#6797 = CARTESIAN_POINT('',(6.200062095506E-16,-2.122771335002));
#6798 = DIRECTION('',(-0.958904109589,-0.283730344893));
#6799 = ( GEOMETRIC_REPRESENTATION_CONTEXT(2) 
PARAMETRIC_REPRESENTATION_CONTEXT() REPRESENTATION_CONTEXT('2D SPACE',''
  ) );
#6800 = PCURVE('',#6531,#6801);
#6801 = DEFINITIONAL_REPRESENTATION('',(#6802),#6806);
#6802 = LINE('',#6803,#6804);
#6803 = CARTESIAN_POINT('',(-4.440892098501E-16,-0.1));
#6804 = VECTOR('',#6805,1.);
#6805 = DIRECTION('',(1.,0.));
#6806 = ( GEOMETRIC_REPRESENTATION_CONTEXT(2) 
PARAMETRIC_REPRESENTATION_CONTEXT() REPRESENTATION_CONTEXT('2D SPACE',''
  ) );
#6807 = ORIENTED_EDGE('',*,*,#6492,.F.);
#6808 = ADVANCED_FACE('',(#6809),#6197,.F.);
#6809 = FACE_BOUND('',#6810,.F.);
#6810 = EDGE_LOOP('',(#6811,#6854,#6855));
#6811 = ORIENTED_EDGE('',*,*,#6812,.F.);
#6812 = EDGE_CURVE('',#6422,#6147,#6813,.T.);
#6813 = SURFACE_CURVE('',#6814,(#6818,#6847),.PCURVE_S1.);
#6814 = LINE('',#6815,#6816);
#6815 = CARTESIAN_POINT('',(-1.5,-0.1,1.98532311637));
#6816 = VECTOR('',#6817,1.);
#6817 = DIRECTION('',(0.,-0.287347885566,0.957826285221));
#6818 = PCURVE('',#6197,#6819);
#6819 = DEFINITIONAL_REPRESENTATION('',(#6820),#6846);
#6820 = B_SPLINE_CURVE_WITH_KNOTS('',3,(#6821,#6822,#6823,#6824,#6825,
    #6826,#6827,#6828,#6829,#6830,#6831,#6832,#6833,#6834,#6835,#6836,
    #6837,#6838,#6839,#6840,#6841,#6842,#6843,#6844,#6845),
  .UNSPECIFIED.,.F.,.F.,(4,1,1,1,1,1,1,1,1,1,1,1,1,1,1,1,1,1,1,1,1,1,4),
  (-2.072738185412,-1.989780468994,-1.906822752576,-1.823865036157,
    -1.740907319739,-1.65794960332,-1.574991886902,-1.492034170483,
    -1.409076454065,-1.326118737646,-1.243161021228,-1.16020330481,
    -1.077245588391,-0.994287871973,-0.911330155554,-0.828372439136,
    -0.745414722717,-0.662457006299,-0.57949928988,-0.496541573462,
    -0.413583857043,-0.330626140625,-0.247668424207),
  .QUASI_UNIFORM_KNOTS.);
#6821 = CARTESIAN_POINT('',(1.041584546193,-3.055477107238));
#6822 = CARTESIAN_POINT('',(1.033252085212,-3.055477107238));
#6823 = CARTESIAN_POINT('',(1.016587163252,-3.055477107238));
#6824 = CARTESIAN_POINT('',(0.991589780311,-3.055477107238));
#6825 = CARTESIAN_POINT('',(0.96659239737,-3.055477107238));
#6826 = CARTESIAN_POINT('',(0.941595014429,-3.055477107238));
#6827 = CARTESIAN_POINT('',(0.916597631488,-3.055477107238));
#6828 = CARTESIAN_POINT('',(0.891600248547,-3.055477107238));
#6829 = CARTESIAN_POINT('',(0.866602865606,-3.055477107238));
#6830 = CARTESIAN_POINT('',(0.841605482665,-3.055477107238));
#6831 = CARTESIAN_POINT('',(0.816608099724,-3.055477107238));
#6832 = CARTESIAN_POINT('',(0.791610716783,-3.055477107238));
#6833 = CARTESIAN_POINT('',(0.766613333842,-3.055477107238));
#6834 = CARTESIAN_POINT('',(0.741615950901,-3.055477107238));
#6835 = CARTESIAN_POINT('',(0.71661856796,-3.055477107238));
#6836 = CARTESIAN_POINT('',(0.69162118502,-3.055477107238));
#6837 = CARTESIAN_POINT('',(0.666623802079,-3.055477107238));
#6838 = CARTESIAN_POINT('',(0.641626419138,-3.055477107238));
#6839 = CARTESIAN_POINT('',(0.616629036197,-3.055477107238));
#6840 = CARTESIAN_POINT('',(0.591631653256,-3.055477107238));
#6841 = CARTESIAN_POINT('',(0.566634270315,-3.055477107238));
#6842 = CARTESIAN_POINT('',(0.541636887372,-3.055477107238));
#6843 = CARTESIAN_POINT('',(0.51663950444,-3.055477107238));
#6844 = CARTESIAN_POINT('',(0.499974582457,-3.055477107238));
#6845 = CARTESIAN_POINT('',(0.491642121452,-3.055477107238));
#6846 = ( GEOMETRIC_REPRESENTATION_CONTEXT(2) 
PARAMETRIC_REPRESENTATION_CONTEXT() REPRESENTATION_CONTEXT('2D SPACE',''
  ) );
#6847 = PCURVE('',#6164,#6848);
#6848 = DEFINITIONAL_REPRESENTATION('',(#6849),#6853);
#6849 = LINE('',#6850,#6851);
#6850 = CARTESIAN_POINT('',(2.072738185412,0.1));
#6851 = VECTOR('',#6852,1.);
#6852 = DIRECTION('',(1.,0.));
#6853 = ( GEOMETRIC_REPRESENTATION_CONTEXT(2) 
PARAMETRIC_REPRESENTATION_CONTEXT() REPRESENTATION_CONTEXT('2D SPACE',''
  ) );
#6854 = ORIENTED_EDGE('',*,*,#6444,.F.);
#6855 = ORIENTED_EDGE('',*,*,#6179,.T.);
#6856 = ADVANCED_FACE('',(#6857),#6164,.T.);
#6857 = FACE_BOUND('',#6858,.T.);
#6858 = EDGE_LOOP('',(#6859,#6860,#6861,#6862,#6863));
#6859 = ORIENTED_EDGE('',*,*,#6240,.F.);
#6860 = ORIENTED_EDGE('',*,*,#6146,.F.);
#6861 = ORIENTED_EDGE('',*,*,#6812,.F.);
#6862 = ORIENTED_EDGE('',*,*,#6421,.F.);
#6863 = ORIENTED_EDGE('',*,*,#6700,.F.);
#6864 = ADVANCED_FACE('',(#6865),#6559,.T.);
#6865 = FACE_BOUND('',#6866,.T.);
#6866 = EDGE_LOOP('',(#6867,#6890,#6891,#6919,#6943,#6969,#6970,#6993));
#6867 = ORIENTED_EDGE('',*,*,#6868,.F.);
#6868 = EDGE_CURVE('',#6544,#6869,#6871,.T.);
#6869 = VERTEX_POINT('',#6870);
#6870 = CARTESIAN_POINT('',(-1.5,-3.469446951954E-17,-2.));
#6871 = SURFACE_CURVE('',#6872,(#6876,#6883),.PCURVE_S1.);
#6872 = LINE('',#6873,#6874);
#6873 = CARTESIAN_POINT('',(-1.4,-3.469446951954E-17,-2.));
#6874 = VECTOR('',#6875,1.);
#6875 = DIRECTION('',(-1.,0.,0.));
#6876 = PCURVE('',#6559,#6877);
#6877 = DEFINITIONAL_REPRESENTATION('',(#6878),#6882);
#6878 = LINE('',#6879,#6880);
#6879 = CARTESIAN_POINT('',(2.,-0.722771335002));
#6880 = VECTOR('',#6881,1.);
#6881 = DIRECTION('',(0.,1.));
#6882 = ( GEOMETRIC_REPRESENTATION_CONTEXT(2) 
PARAMETRIC_REPRESENTATION_CONTEXT() REPRESENTATION_CONTEXT('2D SPACE',''
  ) );
#6883 = PCURVE('',#6587,#6884);
#6884 = DEFINITIONAL_REPRESENTATION('',(#6885),#6889);
#6885 = LINE('',#6886,#6887);
#6886 = CARTESIAN_POINT('',(0.,0.));
#6887 = VECTOR('',#6888,1.);
#6888 = DIRECTION('',(0.,1.));
#6889 = ( GEOMETRIC_REPRESENTATION_CONTEXT(2) 
PARAMETRIC_REPRESENTATION_CONTEXT() REPRESENTATION_CONTEXT('2D SPACE',''
  ) );
#6890 = ORIENTED_EDGE('',*,*,#6543,.F.);
#6891 = ORIENTED_EDGE('',*,*,#6892,.F.);
#6892 = EDGE_CURVE('',#6893,#6516,#6895,.T.);
#6893 = VERTEX_POINT('',#6894);
#6894 = CARTESIAN_POINT('',(-3.620065789474,1.232595164408E-31,
    -0.466501532562));
#6895 = SURFACE_CURVE('',#6896,(#6901,#6912),.PCURVE_S1.);
#6896 = CIRCLE('',#6897,3.65);
#6897 = AXIS2_PLACEMENT_3D('',#6898,#6899,#6900);
#6898 = CARTESIAN_POINT('',(0.,1.232595164408E-31,0.));
#6899 = DIRECTION('',(0.,-1.,0.));
#6900 = DIRECTION('',(0.283730344893,0.,0.958904109589));
#6901 = PCURVE('',#6559,#6902);
#6902 = DEFINITIONAL_REPRESENTATION('',(#6903),#6911);
#6903 = ( BOUNDED_CURVE() B_SPLINE_CURVE(2,(#6904,#6905,#6906,#6907,
#6908,#6909,#6910),.UNSPECIFIED.,.T.,.F.) B_SPLINE_CURVE_WITH_KNOTS((1,2
    ,2,2,2,1),(-2.094395102393,0.,2.094395102393,4.188790204786,
6.28318530718,8.377580409573),.UNSPECIFIED.) CURVE() 
GEOMETRIC_REPRESENTATION_ITEM() RATIONAL_B_SPLINE_CURVE((1.,0.5,1.,0.5,
1.,0.5,1.)) REPRESENTATION_ITEM('') );
#6904 = CARTESIAN_POINT('',(-3.5,-3.158387093862));
#6905 = CARTESIAN_POINT('',(-5.293739111465,2.903790732629));
#6906 = CARTESIAN_POINT('',(0.853130444267,1.426125457674));
#6907 = CARTESIAN_POINT('',(7.,-5.153981728074E-02));
#6908 = CARTESIAN_POINT('',(2.646869555733,-4.636052368817));
#6909 = CARTESIAN_POINT('',(-1.706260888535,-9.220564920353));
#6910 = CARTESIAN_POINT('',(-3.5,-3.158387093862));
#6911 = ( GEOMETRIC_REPRESENTATION_CONTEXT(2) 
PARAMETRIC_REPRESENTATION_CONTEXT() REPRESENTATION_CONTEXT('2D SPACE',''
  ) );
#6912 = PCURVE('',#6531,#6913);
#6913 = DEFINITIONAL_REPRESENTATION('',(#6914),#6918);
#6914 = LINE('',#6915,#6916);
#6915 = CARTESIAN_POINT('',(6.28318530718,0.));
#6916 = VECTOR('',#6917,1.);
#6917 = DIRECTION('',(-1.,0.));
#6918 = ( GEOMETRIC_REPRESENTATION_CONTEXT(2) 
PARAMETRIC_REPRESENTATION_CONTEXT() REPRESENTATION_CONTEXT('2D SPACE',''
  ) );
#6919 = ORIENTED_EDGE('',*,*,#6920,.F.);
#6920 = EDGE_CURVE('',#6921,#6893,#6923,.T.);
#6921 = VERTEX_POINT('',#6922);
#6922 = CARTESIAN_POINT('',(-3.620065789474,1.232595164408E-31,
    0.466501532562));
#6923 = SURFACE_CURVE('',#6924,(#6929,#6936),.PCURVE_S1.);
#6924 = CIRCLE('',#6925,0.5);
#6925 = AXIS2_PLACEMENT_3D('',#6926,#6927,#6928);
#6926 = CARTESIAN_POINT('',(-3.8,1.232595164408E-31,0.));
#6927 = DIRECTION('',(0.,1.,0.));
#6928 = DIRECTION('',(0.359868421053,-0.,0.933003065123));
#6929 = PCURVE('',#6559,#6930);
#6930 = DEFINITIONAL_REPRESENTATION('',(#6931),#6935);
#6931 = CIRCLE('',#6932,0.5);
#6932 = AXIS2_PLACEMENT_2D('',#6933,#6934);
#6933 = CARTESIAN_POINT('',(6.200062095506E-16,1.677228664998));
#6934 = DIRECTION('',(-0.933003065123,-0.359868421053));
#6935 = ( GEOMETRIC_REPRESENTATION_CONTEXT(2) 
PARAMETRIC_REPRESENTATION_CONTEXT() REPRESENTATION_CONTEXT('2D SPACE',''
  ) );
#6936 = PCURVE('',#6774,#6937);
#6937 = DEFINITIONAL_REPRESENTATION('',(#6938),#6942);
#6938 = LINE('',#6939,#6940);
#6939 = CARTESIAN_POINT('',(0.,0.));
#6940 = VECTOR('',#6941,1.);
#6941 = DIRECTION('',(1.,0.));
#6942 = ( GEOMETRIC_REPRESENTATION_CONTEXT(2) 
PARAMETRIC_REPRESENTATION_CONTEXT() REPRESENTATION_CONTEXT('2D SPACE',''
  ) );
#6943 = ORIENTED_EDGE('',*,*,#6944,.F.);
#6944 = EDGE_CURVE('',#6628,#6921,#6945,.T.);
#6945 = SURFACE_CURVE('',#6946,(#6951,#6962),.PCURVE_S1.);
#6946 = CIRCLE('',#6947,3.65);
#6947 = AXIS2_PLACEMENT_3D('',#6948,#6949,#6950);
#6948 = CARTESIAN_POINT('',(0.,1.232595164408E-31,0.));
#6949 = DIRECTION('',(0.,-1.,0.));
#6950 = DIRECTION('',(0.991798846431,0.,-0.127808639058));
#6951 = PCURVE('',#6559,#6952);
#6952 = DEFINITIONAL_REPRESENTATION('',(#6953),#6961);
#6953 = ( BOUNDED_CURVE() B_SPLINE_CURVE(2,(#6954,#6955,#6956,#6957,
#6958,#6959,#6960),.UNSPECIFIED.,.T.,.F.) B_SPLINE_CURVE_WITH_KNOTS((1,2
    ,2,2,2,1),(-2.094395102393,0.,2.094395102393,4.188790204786,
6.28318530718,8.377580409573),.UNSPECIFIED.) CURVE() 
GEOMETRIC_REPRESENTATION_ITEM() RATIONAL_B_SPLINE_CURVE((1.,0.5,1.,0.5,
1.,0.5,1.)) REPRESENTATION_ITEM('') );
#6954 = CARTESIAN_POINT('',(0.466501532562,-5.742837124475));
#6955 = CARTESIAN_POINT('',(-5.803636341549,-6.550841480681));
#6956 = CARTESIAN_POINT('',(-3.368319703336,-0.716740618367));
#6957 = CARTESIAN_POINT('',(-0.933003065123,5.117360243946));
#6958 = CARTESIAN_POINT('',(2.901818170774,9.126373783799E-02));
#6959 = CARTESIAN_POINT('',(6.736639406672,-4.93483276827));
#6960 = CARTESIAN_POINT('',(0.466501532562,-5.742837124475));
#6961 = ( GEOMETRIC_REPRESENTATION_CONTEXT(2) 
PARAMETRIC_REPRESENTATION_CONTEXT() REPRESENTATION_CONTEXT('2D SPACE',''
  ) );
#6962 = PCURVE('',#6666,#6963);
#6963 = DEFINITIONAL_REPRESENTATION('',(#6964),#6968);
#6964 = LINE('',#6965,#6966);
#6965 = CARTESIAN_POINT('',(6.28318530718,0.));
#6966 = VECTOR('',#6967,1.);
#6967 = DIRECTION('',(-1.,0.));
#6968 = ( GEOMETRIC_REPRESENTATION_CONTEXT(2) 
PARAMETRIC_REPRESENTATION_CONTEXT() REPRESENTATION_CONTEXT('2D SPACE',''
  ) );
#6969 = ORIENTED_EDGE('',*,*,#6627,.F.);
#6970 = ORIENTED_EDGE('',*,*,#6971,.T.);
#6971 = EDGE_CURVE('',#6600,#6972,#6974,.T.);
#6972 = VERTEX_POINT('',#6973);
#6973 = CARTESIAN_POINT('',(-1.5,0.,2.));
#6974 = SURFACE_CURVE('',#6975,(#6979,#6986),.PCURVE_S1.);
#6975 = LINE('',#6976,#6977);
#6976 = CARTESIAN_POINT('',(-1.4,0.,2.));
#6977 = VECTOR('',#6978,1.);
#6978 = DIRECTION('',(-1.,0.,0.));
#6979 = PCURVE('',#6559,#6980);
#6980 = DEFINITIONAL_REPRESENTATION('',(#6981),#6985);
#6981 = LINE('',#6982,#6983);
#6982 = CARTESIAN_POINT('',(-2.,-0.722771335002));
#6983 = VECTOR('',#6984,1.);
#6984 = DIRECTION('',(0.,1.));
#6985 = ( GEOMETRIC_REPRESENTATION_CONTEXT(2) 
PARAMETRIC_REPRESENTATION_CONTEXT() REPRESENTATION_CONTEXT('2D SPACE',''
  ) );
#6986 = PCURVE('',#6615,#6987);
#6987 = DEFINITIONAL_REPRESENTATION('',(#6988),#6992);
#6988 = LINE('',#6989,#6990);
#6989 = CARTESIAN_POINT('',(2.088061301782,0.));
#6990 = VECTOR('',#6991,1.);
#6991 = DIRECTION('',(0.,1.));
#6992 = ( GEOMETRIC_REPRESENTATION_CONTEXT(2) 
PARAMETRIC_REPRESENTATION_CONTEXT() REPRESENTATION_CONTEXT('2D SPACE',''
  ) );
#6993 = ORIENTED_EDGE('',*,*,#6994,.T.);
#6994 = EDGE_CURVE('',#6972,#6869,#6995,.T.);
#6995 = SURFACE_CURVE('',#6996,(#7001,#7012),.PCURVE_S1.);
#6996 = CIRCLE('',#6997,2.5);
#6997 = AXIS2_PLACEMENT_3D('',#6998,#6999,#7000);
#6998 = CARTESIAN_POINT('',(8.326672684689E-16,1.232595164408E-31,0.));
#6999 = DIRECTION('',(0.,-1.,0.));
#7000 = DIRECTION('',(-0.6,-0.,-0.8));
#7001 = PCURVE('',#6559,#7002);
#7002 = DEFINITIONAL_REPRESENTATION('',(#7003),#7011);
#7003 = ( BOUNDED_CURVE() B_SPLINE_CURVE(2,(#7004,#7005,#7006,#7007,
#7008,#7009,#7010),.UNSPECIFIED.,.T.,.F.) B_SPLINE_CURVE_WITH_KNOTS((1,2
    ,2,2,2,1),(-2.094395102393,0.,2.094395102393,4.188790204786,
6.28318530718,8.377580409573),.UNSPECIFIED.) CURVE() 
GEOMETRIC_REPRESENTATION_ITEM() RATIONAL_B_SPLINE_CURVE((1.,0.5,1.,0.5,
1.,0.5,1.)) REPRESENTATION_ITEM('') );
#7004 = CARTESIAN_POINT('',(2.,-0.622771335002));
#7005 = CARTESIAN_POINT('',(4.598076211353,-4.086872950139));
#7006 = CARTESIAN_POINT('',(0.299038105677,-4.60482214257));
#7007 = CARTESIAN_POINT('',(-4.,-5.122771335002));
#7008 = CARTESIAN_POINT('',(-2.299038105677,-1.140720527433));
#7009 = CARTESIAN_POINT('',(-0.598076211353,2.841330280136));
#7010 = CARTESIAN_POINT('',(2.,-0.622771335002));
#7011 = ( GEOMETRIC_REPRESENTATION_CONTEXT(2) 
PARAMETRIC_REPRESENTATION_CONTEXT() REPRESENTATION_CONTEXT('2D SPACE',''
  ) );
#7012 = PCURVE('',#7013,#7024);
#7013 = ( BOUNDED_SURFACE() B_SPLINE_SURFACE(1,2,(
    (#7014,#7015,#7016,#7017,#7018)
    ,(#7019,#7020,#7021,#7022,#7023
)),.UNSPECIFIED.,.F.,.F.,.F.) B_SPLINE_SURFACE_WITH_KNOTS((2,2),(3,2,3),
  (0.345427116511,1.04218801244),(-3.070344487025,-1.570796326795,
-7.124816656501E-02),.UNSPECIFIED.) GEOMETRIC_REPRESENTATION_ITEM() 
RATIONAL_B_SPLINE_SURFACE((
    (1.,0.73184284595,1.,0.73184284595,1.)
,(1.,0.73184284595,1.,0.73184284595,1.
))) REPRESENTATION_ITEM('') SURFACE() );
#7014 = CARTESIAN_POINT('',(-1.5,1.08637057683E-15,2.));
#7015 = CARTESIAN_POINT('',(-2.99366884793,-0.296201308758,
    1.867086059912));
#7016 = CARTESIAN_POINT('',(-2.99366884793,-0.296201308758,
    1.692499182714E-15));
#7017 = CARTESIAN_POINT('',(-2.99366884793,-0.296201308758,
    -1.867086059912));
#7018 = CARTESIAN_POINT('',(-1.5,1.007223818239E-15,-2.));
#7019 = CARTESIAN_POINT('',(-1.5,0.6,1.339838910819E-15));
#7020 = CARTESIAN_POINT('',(-1.5,0.6,1.338933434151E-15));
#7021 = CARTESIAN_POINT('',(-1.5,0.6,9.740061297544E-16));
#7022 = CARTESIAN_POINT('',(-1.5,0.6,6.090788253583E-16));
#7023 = CARTESIAN_POINT('',(-1.5,0.6,5.58027483416E-16));
#7024 = DEFINITIONAL_REPRESENTATION('',(#7025),#7051);
#7025 = B_SPLINE_CURVE_WITH_KNOTS('',3,(#7026,#7027,#7028,#7029,#7030,
    #7031,#7032,#7033,#7034,#7035,#7036,#7037,#7038,#7039,#7040,#7041,
    #7042,#7043,#7044,#7045,#7046,#7047,#7048,#7049,#7050),
  .UNSPECIFIED.,.F.,.F.,(4,1,1,1,1,1,1,1,1,1,1,1,1,1,1,1,1,1,1,1,1,1,4),
  (4.428594871176,4.512894436449,4.597194001722,4.681493566995,
    4.765793132268,4.850092697541,4.934392262814,5.018691828086,
    5.102991393359,5.187290958632,5.271590523905,5.355890089178,
    5.440189654451,5.524489219724,5.608788784997,5.693088350269,
    5.777387915542,5.861687480815,5.945987046088,6.030286611361,
    6.114586176634,6.198885741907,6.28318530718),.QUASI_UNIFORM_KNOTS.);
#7026 = CARTESIAN_POINT('',(0.345427116511,-3.070344487025));
#7027 = CARTESIAN_POINT('',(0.358370693091,-3.031794498521));
#7028 = CARTESIAN_POINT('',(0.38343341579,-2.954151365514));
#7029 = CARTESIAN_POINT('',(0.418308848854,-2.835560134249));
#7030 = CARTESIAN_POINT('',(0.4502121395,-2.71436049571));
#7031 = CARTESIAN_POINT('',(0.478918257668,-2.590017415554));
#7032 = CARTESIAN_POINT('',(0.504222910165,-2.461946635767));
#7033 = CARTESIAN_POINT('',(0.525946489608,-2.329506486845));
#7034 = CARTESIAN_POINT('',(0.543934680699,-2.191954797981));
#7035 = CARTESIAN_POINT('',(0.55805973555,-2.048543125184));
#7036 = CARTESIAN_POINT('',(0.568221332919,-1.898077907282));
#7037 = CARTESIAN_POINT('',(0.574347303591,-1.740452235439));
#7038 = CARTESIAN_POINT('',(0.576394139483,-1.570796326795));
#7039 = CARTESIAN_POINT('',(0.574347303591,-1.401140418151));
#7040 = CARTESIAN_POINT('',(0.568221332919,-1.243514746307));
#7041 = CARTESIAN_POINT('',(0.55805973555,-1.093049528406));
#7042 = CARTESIAN_POINT('',(0.543934680699,-0.949637855609));
#7043 = CARTESIAN_POINT('',(0.525946489608,-0.812086166745));
#7044 = CARTESIAN_POINT('',(0.504222910165,-0.679646017823));
#7045 = CARTESIAN_POINT('',(0.478918257668,-0.551575238036));
#7046 = CARTESIAN_POINT('',(0.4502121395,-0.42723215788));
#7047 = CARTESIAN_POINT('',(0.418308848854,-0.306032519341));
#7048 = CARTESIAN_POINT('',(0.38343341579,-0.187441288076));
#7049 = CARTESIAN_POINT('',(0.358370693091,-0.109798155069));
#7050 = CARTESIAN_POINT('',(0.345427116511,-7.124816656501E-02));
#7051 = ( GEOMETRIC_REPRESENTATION_CONTEXT(2) 
PARAMETRIC_REPRESENTATION_CONTEXT() REPRESENTATION_CONTEXT('2D SPACE',''
  ) );
#7052 = ADVANCED_FACE('',(#7053),#6666,.T.);
#7053 = FACE_BOUND('',#7054,.T.);
#7054 = EDGE_LOOP('',(#7055,#7056,#7077,#7078));
#7055 = ORIENTED_EDGE('',*,*,#6944,.T.);
#7056 = ORIENTED_EDGE('',*,*,#7057,.T.);
#7057 = EDGE_CURVE('',#6921,#6730,#7058,.T.);
#7058 = SURFACE_CURVE('',#7059,(#7063,#7070),.PCURVE_S1.);
#7059 = LINE('',#7060,#7061);
#7060 = CARTESIAN_POINT('',(-3.620065789474,1.232595164408E-31,
    0.466501532562));
#7061 = VECTOR('',#7062,1.);
#7062 = DIRECTION('',(0.,-1.,0.));
#7063 = PCURVE('',#6666,#7064);
#7064 = DEFINITIONAL_REPRESENTATION('',(#7065),#7069);
#7065 = LINE('',#7066,#7067);
#7066 = CARTESIAN_POINT('',(3.14159265359,0.));
#7067 = VECTOR('',#7068,1.);
#7068 = DIRECTION('',(0.,-1.));
#7069 = ( GEOMETRIC_REPRESENTATION_CONTEXT(2) 
PARAMETRIC_REPRESENTATION_CONTEXT() REPRESENTATION_CONTEXT('2D SPACE',''
  ) );
#7070 = PCURVE('',#6774,#7071);
#7071 = DEFINITIONAL_REPRESENTATION('',(#7072),#7076);
#7072 = LINE('',#7073,#7074);
#7073 = CARTESIAN_POINT('',(0.,0.));
#7074 = VECTOR('',#7075,1.);
#7075 = DIRECTION('',(0.,-1.));
#7076 = ( GEOMETRIC_REPRESENTATION_CONTEXT(2) 
PARAMETRIC_REPRESENTATION_CONTEXT() REPRESENTATION_CONTEXT('2D SPACE',''
  ) );
#7077 = ORIENTED_EDGE('',*,*,#6729,.T.);
#7078 = ORIENTED_EDGE('',*,*,#6650,.F.);
#7079 = ADVANCED_FACE('',(#7080),#6774,.F.);
#7080 = FACE_BOUND('',#7081,.F.);
#7081 = EDGE_LOOP('',(#7082,#7083,#7084,#7105));
#7082 = ORIENTED_EDGE('',*,*,#7057,.T.);
#7083 = ORIENTED_EDGE('',*,*,#6753,.F.);
#7084 = ORIENTED_EDGE('',*,*,#7085,.F.);
#7085 = EDGE_CURVE('',#6893,#6754,#7086,.T.);
#7086 = SURFACE_CURVE('',#7087,(#7091,#7098),.PCURVE_S1.);
#7087 = LINE('',#7088,#7089);
#7088 = CARTESIAN_POINT('',(-3.620065789474,1.232595164408E-31,
    -0.466501532562));
#7089 = VECTOR('',#7090,1.);
#7090 = DIRECTION('',(0.,-1.,0.));
#7091 = PCURVE('',#6774,#7092);
#7092 = DEFINITIONAL_REPRESENTATION('',(#7093),#7097);
#7093 = LINE('',#7094,#7095);
#7094 = CARTESIAN_POINT('',(2.405338929084,0.));
#7095 = VECTOR('',#7096,1.);
#7096 = DIRECTION('',(0.,-1.));
#7097 = ( GEOMETRIC_REPRESENTATION_CONTEXT(2) 
PARAMETRIC_REPRESENTATION_CONTEXT() REPRESENTATION_CONTEXT('2D SPACE',''
  ) );
#7098 = PCURVE('',#6531,#7099);
#7099 = DEFINITIONAL_REPRESENTATION('',(#7100),#7104);
#7100 = LINE('',#7101,#7102);
#7101 = CARTESIAN_POINT('',(4.296547698939,0.));
#7102 = VECTOR('',#7103,1.);
#7103 = DIRECTION('',(0.,-1.));
#7104 = ( GEOMETRIC_REPRESENTATION_CONTEXT(2) 
PARAMETRIC_REPRESENTATION_CONTEXT() REPRESENTATION_CONTEXT('2D SPACE',''
  ) );
#7105 = ORIENTED_EDGE('',*,*,#6920,.F.);
#7106 = ADVANCED_FACE('',(#7107),#6531,.T.);
#7107 = FACE_BOUND('',#7108,.T.);
#7108 = EDGE_LOOP('',(#7109,#7110,#7111,#7112));
#7109 = ORIENTED_EDGE('',*,*,#6892,.T.);
#7110 = ORIENTED_EDGE('',*,*,#6515,.T.);
#7111 = ORIENTED_EDGE('',*,*,#6786,.T.);
#7112 = ORIENTED_EDGE('',*,*,#7085,.F.);
#7113 = ADVANCED_FACE('',(#7114),#7013,.T.);
#7114 = FACE_BOUND('',#7115,.T.);
#7115 = EDGE_LOOP('',(#7116,#7161,#7204));
#7116 = ORIENTED_EDGE('',*,*,#7117,.F.);
#7117 = EDGE_CURVE('',#7118,#6972,#7120,.T.);
#7118 = VERTEX_POINT('',#7119);
#7119 = CARTESIAN_POINT('',(-1.5,0.6,0.));
#7120 = SURFACE_CURVE('',#7121,(#7125,#7154),.PCURVE_S1.);
#7121 = LINE('',#7122,#7123);
#7122 = CARTESIAN_POINT('',(-1.5,0.6,0.));
#7123 = VECTOR('',#7124,1.);
#7124 = DIRECTION('',(0.,-0.287347885566,0.957826285221));
#7125 = PCURVE('',#7013,#7126);
#7126 = DEFINITIONAL_REPRESENTATION('',(#7127),#7153);
#7127 = B_SPLINE_CURVE_WITH_KNOTS('',3,(#7128,#7129,#7130,#7131,#7132,
    #7133,#7134,#7135,#7136,#7137,#7138,#7139,#7140,#7141,#7142,#7143,
    #7144,#7145,#7146,#7147,#7148,#7149,#7150,#7151,#7152),
  .UNSPECIFIED.,.F.,.F.,(4,1,1,1,1,1,1,1,1,1,1,1,1,1,1,1,1,1,1,1,1,1,4),
  (0.,9.491187735373E-02,0.189823754707,0.284735632061,0.379647509415,
    0.474559386769,0.569471264122,0.664383141476,0.75929501883,
    0.854206896184,0.949118773537,1.044030650891,1.138942528245,
    1.233854405599,1.328766282952,1.423678160306,1.51859003766,
    1.613501915013,1.708413792367,1.803325669721,1.898237547075,
    1.993149424428,2.088061301782),.QUASI_UNIFORM_KNOTS.);
#7128 = CARTESIAN_POINT('',(1.04218801244,-3.070344487025));
#7129 = CARTESIAN_POINT('',(1.031631029168,-3.070344487025));
#7130 = CARTESIAN_POINT('',(1.010517062625,-3.070344487025));
#7131 = CARTESIAN_POINT('',(0.97884611281,-3.070344487025));
#7132 = CARTESIAN_POINT('',(0.947175162995,-3.070344487025));
#7133 = CARTESIAN_POINT('',(0.91550421318,-3.070344487025));
#7134 = CARTESIAN_POINT('',(0.883833263365,-3.070344487025));
#7135 = CARTESIAN_POINT('',(0.85216231355,-3.070344487025));
#7136 = CARTESIAN_POINT('',(0.820491363736,-3.070344487025));
#7137 = CARTESIAN_POINT('',(0.788820413921,-3.070344487025));
#7138 = CARTESIAN_POINT('',(0.757149464106,-3.070344487025));
#7139 = CARTESIAN_POINT('',(0.725478514291,-3.070344487025));
#7140 = CARTESIAN_POINT('',(0.693807564476,-3.070344487025));
#7141 = CARTESIAN_POINT('',(0.662136614661,-3.070344487025));
#7142 = CARTESIAN_POINT('',(0.630465664846,-3.070344487025));
#7143 = CARTESIAN_POINT('',(0.598794715031,-3.070344487025));
#7144 = CARTESIAN_POINT('',(0.567123765216,-3.070344487025));
#7145 = CARTESIAN_POINT('',(0.535452815401,-3.070344487025));
#7146 = CARTESIAN_POINT('',(0.503781865586,-3.070344487025));
#7147 = CARTESIAN_POINT('',(0.472110915771,-3.070344487025));
#7148 = CARTESIAN_POINT('',(0.440439965956,-3.070344487025));
#7149 = CARTESIAN_POINT('',(0.408769016141,-3.070344487025));
#7150 = CARTESIAN_POINT('',(0.377098066326,-3.070344487025));
#7151 = CARTESIAN_POINT('',(0.355984099783,-3.070344487025));
#7152 = CARTESIAN_POINT('',(0.345427116511,-3.070344487025));
#7153 = ( GEOMETRIC_REPRESENTATION_CONTEXT(2) 
PARAMETRIC_REPRESENTATION_CONTEXT() REPRESENTATION_CONTEXT('2D SPACE',''
  ) );
#7154 = PCURVE('',#6615,#7155);
#7155 = DEFINITIONAL_REPRESENTATION('',(#7156),#7160);
#7156 = LINE('',#7157,#7158);
#7157 = CARTESIAN_POINT('',(0.,0.1));
#7158 = VECTOR('',#7159,1.);
#7159 = DIRECTION('',(1.,0.));
#7160 = ( GEOMETRIC_REPRESENTATION_CONTEXT(2) 
PARAMETRIC_REPRESENTATION_CONTEXT() REPRESENTATION_CONTEXT('2D SPACE',''
  ) );
#7161 = ORIENTED_EDGE('',*,*,#7162,.F.);
#7162 = EDGE_CURVE('',#6869,#7118,#7163,.T.);
#7163 = SURFACE_CURVE('',#7164,(#7168,#7197),.PCURVE_S1.);
#7164 = LINE('',#7165,#7166);
#7165 = CARTESIAN_POINT('',(-1.5,-3.469446951954E-17,-2.));
#7166 = VECTOR('',#7167,1.);
#7167 = DIRECTION('',(0.,0.287347885566,0.957826285221));
#7168 = PCURVE('',#7013,#7169);
#7169 = DEFINITIONAL_REPRESENTATION('',(#7170),#7196);
#7170 = B_SPLINE_CURVE_WITH_KNOTS('',3,(#7171,#7172,#7173,#7174,#7175,
    #7176,#7177,#7178,#7179,#7180,#7181,#7182,#7183,#7184,#7185,#7186,
    #7187,#7188,#7189,#7190,#7191,#7192,#7193,#7194,#7195),
  .UNSPECIFIED.,.F.,.F.,(4,1,1,1,1,1,1,1,1,1,1,1,1,1,1,1,1,1,1,1,1,1,4),
  (0.,9.491187735373E-02,0.189823754707,0.284735632061,0.379647509415,
    0.474559386769,0.569471264122,0.664383141476,0.75929501883,
    0.854206896184,0.949118773537,1.044030650891,1.138942528245,
    1.233854405599,1.328766282952,1.423678160306,1.51859003766,
    1.613501915013,1.708413792367,1.803325669721,1.898237547075,
    1.993149424428,2.088061301782),.QUASI_UNIFORM_KNOTS.);
#7171 = CARTESIAN_POINT('',(0.345427116511,-7.124816656501E-02));
#7172 = CARTESIAN_POINT('',(0.355984099783,-7.124816656501E-02));
#7173 = CARTESIAN_POINT('',(0.377098066326,-7.124816656501E-02));
#7174 = CARTESIAN_POINT('',(0.408769016141,-7.124816656501E-02));
#7175 = CARTESIAN_POINT('',(0.440439965956,-7.124816656501E-02));
#7176 = CARTESIAN_POINT('',(0.472110915771,-7.124816656501E-02));
#7177 = CARTESIAN_POINT('',(0.503781865586,-7.124816656501E-02));
#7178 = CARTESIAN_POINT('',(0.535452815401,-7.124816656501E-02));
#7179 = CARTESIAN_POINT('',(0.567123765216,-7.124816656501E-02));
#7180 = CARTESIAN_POINT('',(0.598794715031,-7.124816656501E-02));
#7181 = CARTESIAN_POINT('',(0.630465664846,-7.124816656501E-02));
#7182 = CARTESIAN_POINT('',(0.662136614661,-7.124816656501E-02));
#7183 = CARTESIAN_POINT('',(0.693807564476,-7.124816656501E-02));
#7184 = CARTESIAN_POINT('',(0.725478514291,-7.124816656501E-02));
#7185 = CARTESIAN_POINT('',(0.757149464106,-7.124816656501E-02));
#7186 = CARTESIAN_POINT('',(0.788820413921,-7.124816656501E-02));
#7187 = CARTESIAN_POINT('',(0.820491363736,-7.124816656501E-02));
#7188 = CARTESIAN_POINT('',(0.85216231355,-7.124816656501E-02));
#7189 = CARTESIAN_POINT('',(0.883833263365,-7.124816656501E-02));
#7190 = CARTESIAN_POINT('',(0.91550421318,-7.124816656501E-02));
#7191 = CARTESIAN_POINT('',(0.947175162995,-7.124816656501E-02));
#7192 = CARTESIAN_POINT('',(0.97884611281,-7.124816656501E-02));
#7193 = CARTESIAN_POINT('',(1.010517062625,-7.124816656501E-02));
#7194 = CARTESIAN_POINT('',(1.031631029168,-7.124816656501E-02));
#7195 = CARTESIAN_POINT('',(1.04218801244,-7.124816656501E-02));
#7196 = ( GEOMETRIC_REPRESENTATION_CONTEXT(2) 
PARAMETRIC_REPRESENTATION_CONTEXT() REPRESENTATION_CONTEXT('2D SPACE',''
  ) );
#7197 = PCURVE('',#6587,#7198);
#7198 = DEFINITIONAL_REPRESENTATION('',(#7199),#7203);
#7199 = LINE('',#7200,#7201);
#7200 = CARTESIAN_POINT('',(0.,0.1));
#7201 = VECTOR('',#7202,1.);
#7202 = DIRECTION('',(1.,0.));
#7203 = ( GEOMETRIC_REPRESENTATION_CONTEXT(2) 
PARAMETRIC_REPRESENTATION_CONTEXT() REPRESENTATION_CONTEXT('2D SPACE',''
  ) );
#7204 = ORIENTED_EDGE('',*,*,#6994,.F.);
#7205 = ADVANCED_FACE('',(#7206),#6615,.F.);
#7206 = FACE_BOUND('',#7207,.T.);
#7207 = EDGE_LOOP('',(#7208,#7209,#7230,#7231));
#7208 = ORIENTED_EDGE('',*,*,#6599,.F.);
#7209 = ORIENTED_EDGE('',*,*,#7210,.T.);
#7210 = EDGE_CURVE('',#6572,#7118,#7211,.T.);
#7211 = SURFACE_CURVE('',#7212,(#7216,#7223),.PCURVE_S1.);
#7212 = LINE('',#7213,#7214);
#7213 = CARTESIAN_POINT('',(-1.4,0.6,0.));
#7214 = VECTOR('',#7215,1.);
#7215 = DIRECTION('',(-1.,0.,0.));
#7216 = PCURVE('',#6615,#7217);
#7217 = DEFINITIONAL_REPRESENTATION('',(#7218),#7222);
#7218 = LINE('',#7219,#7220);
#7219 = CARTESIAN_POINT('',(0.,0.));
#7220 = VECTOR('',#7221,1.);
#7221 = DIRECTION('',(0.,1.));
#7222 = ( GEOMETRIC_REPRESENTATION_CONTEXT(2) 
PARAMETRIC_REPRESENTATION_CONTEXT() REPRESENTATION_CONTEXT('2D SPACE',''
  ) );
#7223 = PCURVE('',#6587,#7224);
#7224 = DEFINITIONAL_REPRESENTATION('',(#7225),#7229);
#7225 = LINE('',#7226,#7227);
#7226 = CARTESIAN_POINT('',(2.088061301782,0.));
#7227 = VECTOR('',#7228,1.);
#7228 = DIRECTION('',(0.,1.));
#7229 = ( GEOMETRIC_REPRESENTATION_CONTEXT(2) 
PARAMETRIC_REPRESENTATION_CONTEXT() REPRESENTATION_CONTEXT('2D SPACE',''
  ) );
#7230 = ORIENTED_EDGE('',*,*,#7117,.T.);
#7231 = ORIENTED_EDGE('',*,*,#6971,.F.);
#7232 = ADVANCED_FACE('',(#7233),#6587,.F.);
#7233 = FACE_BOUND('',#7234,.T.);
#7234 = EDGE_LOOP('',(#7235,#7236,#7237,#7238));
#7235 = ORIENTED_EDGE('',*,*,#6571,.F.);
#7236 = ORIENTED_EDGE('',*,*,#6868,.T.);
#7237 = ORIENTED_EDGE('',*,*,#7162,.T.);
#7238 = ORIENTED_EDGE('',*,*,#7210,.F.);
#7239 = SHELL_BASED_SURFACE_MODEL('',(#7240));
#7240 = OPEN_SHELL('',(#7241));
#7241 = ADVANCED_FACE('',(#7242),#7255,.T.);
#7242 = FACE_BOUND('',#7243,.T.);
#7243 = EDGE_LOOP('',(#7244,#7266,#7294,#7309));
#7244 = ORIENTED_EDGE('',*,*,#7245,.T.);
#7245 = EDGE_CURVE('',#7246,#7246,#7248,.T.);
#7246 = VERTEX_POINT('',#7247);
#7247 = CARTESIAN_POINT('',(-3.918869757272E-16,3.6,3.2));
#7248 = SURFACE_CURVE('',#7249,(#7254),.PCURVE_S1.);
#7249 = CIRCLE('',#7250,3.2);
#7250 = AXIS2_PLACEMENT_3D('',#7251,#7252,#7253);
#7251 = CARTESIAN_POINT('',(0.,3.6,0.));
#7252 = DIRECTION('',(0.,-1.,0.));
#7253 = DIRECTION('',(0.,0.,-1.));
#7254 = PCURVE('',#7255,#7260);
#7255 = TOROIDAL_SURFACE('',#7256,3.2,0.1);
#7256 = AXIS2_PLACEMENT_3D('',#7257,#7258,#7259);
#7257 = CARTESIAN_POINT('',(0.,3.5,0.));
#7258 = DIRECTION('',(0.,-1.,0.));
#7259 = DIRECTION('',(0.,0.,-1.));
#7260 = DEFINITIONAL_REPRESENTATION('',(#7261),#7265);
#7261 = LINE('',#7262,#7263);
#7262 = CARTESIAN_POINT('',(0.,4.712388980385));
#7263 = VECTOR('',#7264,1.);
#7264 = DIRECTION('',(1.,0.));
#7265 = ( GEOMETRIC_REPRESENTATION_CONTEXT(2) 
PARAMETRIC_REPRESENTATION_CONTEXT() REPRESENTATION_CONTEXT('2D SPACE',''
  ) );
#7266 = ORIENTED_EDGE('',*,*,#7267,.T.);
#7267 = EDGE_CURVE('',#7246,#7268,#7270,.T.);
#7268 = VERTEX_POINT('',#7269);
#7269 = CARTESIAN_POINT('',(-3.918869757272E-16,3.4,3.2));
#7270 = SEAM_CURVE('',#7271,(#7280,#7287),.PCURVE_S1.);
#7271 = B_SPLINE_CURVE_WITH_KNOTS('',7,(#7272,#7273,#7274,#7275,#7276,
    #7277,#7278,#7279),.UNSPECIFIED.,.F.,.F.,(8,8),(4.712388980385,
    7.853981633974),.PIECEWISE_BEZIER_KNOTS.);
#7272 = CARTESIAN_POINT('',(3.918869757272E-16,3.6,3.2));
#7273 = CARTESIAN_POINT('',(3.973831777092E-16,3.6,3.244879895051));
#7274 = CARTESIAN_POINT('',(4.028745675427E-16,3.576495628732,
    3.289720495927));
#7275 = CARTESIAN_POINT('',(4.065884267678E-16,3.529537573824,
    3.320046457892));
#7276 = CARTESIAN_POINT('',(4.065884267677E-16,3.470462426176,
    3.320046457892));
#7277 = CARTESIAN_POINT('',(4.028745675427E-16,3.423504371268,
    3.289720495927));
#7278 = CARTESIAN_POINT('',(3.973831777092E-16,3.4,3.244879895051));
#7279 = CARTESIAN_POINT('',(3.918869757272E-16,3.4,3.2));
#7280 = PCURVE('',#7255,#7281);
#7281 = DEFINITIONAL_REPRESENTATION('',(#7282),#7286);
#7282 = LINE('',#7283,#7284);
#7283 = CARTESIAN_POINT('',(9.424777960769,0.));
#7284 = VECTOR('',#7285,1.);
#7285 = DIRECTION('',(0.,1.));
#7286 = ( GEOMETRIC_REPRESENTATION_CONTEXT(2) 
PARAMETRIC_REPRESENTATION_CONTEXT() REPRESENTATION_CONTEXT('2D SPACE',''
  ) );
#7287 = PCURVE('',#7255,#7288);
#7288 = DEFINITIONAL_REPRESENTATION('',(#7289),#7293);
#7289 = LINE('',#7290,#7291);
#7290 = CARTESIAN_POINT('',(3.14159265359,0.));
#7291 = VECTOR('',#7292,1.);
#7292 = DIRECTION('',(0.,1.));
#7293 = ( GEOMETRIC_REPRESENTATION_CONTEXT(2) 
PARAMETRIC_REPRESENTATION_CONTEXT() REPRESENTATION_CONTEXT('2D SPACE',''
  ) );
#7294 = ORIENTED_EDGE('',*,*,#7295,.F.);
#7295 = EDGE_CURVE('',#7268,#7268,#7296,.T.);
#7296 = SURFACE_CURVE('',#7297,(#7302),.PCURVE_S1.);
#7297 = CIRCLE('',#7298,3.2);
#7298 = AXIS2_PLACEMENT_3D('',#7299,#7300,#7301);
#7299 = CARTESIAN_POINT('',(0.,3.4,0.));
#7300 = DIRECTION('',(0.,-1.,0.));
#7301 = DIRECTION('',(0.,0.,-1.));
#7302 = PCURVE('',#7255,#7303);
#7303 = DEFINITIONAL_REPRESENTATION('',(#7304),#7308);
#7304 = LINE('',#7305,#7306);
#7305 = CARTESIAN_POINT('',(0.,7.853981633974));
#7306 = VECTOR('',#7307,1.);
#7307 = DIRECTION('',(1.,0.));
#7308 = ( GEOMETRIC_REPRESENTATION_CONTEXT(2) 
PARAMETRIC_REPRESENTATION_CONTEXT() REPRESENTATION_CONTEXT('2D SPACE',''
  ) );
#7309 = ORIENTED_EDGE('',*,*,#7267,.F.);
#7310 = SHELL_BASED_SURFACE_MODEL('',(#7311));
#7311 = OPEN_SHELL('',(#7312));
#7312 = ADVANCED_FACE('',(#7313),#7326,.T.);
#7313 = FACE_BOUND('',#7314,.T.);
#7314 = EDGE_LOOP('',(#7315,#7337,#7365,#7380));
#7315 = ORIENTED_EDGE('',*,*,#7316,.T.);
#7316 = EDGE_CURVE('',#7317,#7317,#7319,.T.);
#7317 = VERTEX_POINT('',#7318);
#7318 = CARTESIAN_POINT('',(-3.918869757272E-16,3.2,3.2));
#7319 = SURFACE_CURVE('',#7320,(#7325),.PCURVE_S1.);
#7320 = CIRCLE('',#7321,3.2);
#7321 = AXIS2_PLACEMENT_3D('',#7322,#7323,#7324);
#7322 = CARTESIAN_POINT('',(0.,3.2,0.));
#7323 = DIRECTION('',(0.,-1.,0.));
#7324 = DIRECTION('',(0.,0.,-1.));
#7325 = PCURVE('',#7326,#7331);
#7326 = TOROIDAL_SURFACE('',#7327,3.2,0.1);
#7327 = AXIS2_PLACEMENT_3D('',#7328,#7329,#7330);
#7328 = CARTESIAN_POINT('',(0.,3.3,0.));
#7329 = DIRECTION('',(0.,-1.,0.));
#7330 = DIRECTION('',(0.,0.,-1.));
#7331 = DEFINITIONAL_REPRESENTATION('',(#7332),#7336);
#7332 = LINE('',#7333,#7334);
#7333 = CARTESIAN_POINT('',(0.,1.570796326795));
#7334 = VECTOR('',#7335,1.);
#7335 = DIRECTION('',(1.,0.));
#7336 = ( GEOMETRIC_REPRESENTATION_CONTEXT(2) 
PARAMETRIC_REPRESENTATION_CONTEXT() REPRESENTATION_CONTEXT('2D SPACE',''
  ) );
#7337 = ORIENTED_EDGE('',*,*,#7338,.T.);
#7338 = EDGE_CURVE('',#7317,#7339,#7341,.T.);
#7339 = VERTEX_POINT('',#7340);
#7340 = CARTESIAN_POINT('',(-3.918869757272E-16,3.4,3.2));
#7341 = SEAM_CURVE('',#7342,(#7351,#7358),.PCURVE_S1.);
#7342 = B_SPLINE_CURVE_WITH_KNOTS('',7,(#7343,#7344,#7345,#7346,#7347,
    #7348,#7349,#7350),.UNSPECIFIED.,.F.,.F.,(8,8),(1.570796326795,
    4.712388980385),.PIECEWISE_BEZIER_KNOTS.);
#7343 = CARTESIAN_POINT('',(3.918869757272E-16,3.2,3.2));
#7344 = CARTESIAN_POINT('',(3.863907737451E-16,3.2,3.155120104949));
#7345 = CARTESIAN_POINT('',(3.808993839116E-16,3.223504371268,
    3.110279504073));
#7346 = CARTESIAN_POINT('',(3.771855246866E-16,3.270462426176,
    3.079953542108));
#7347 = CARTESIAN_POINT('',(3.771855246865E-16,3.329537573824,
    3.079953542108));
#7348 = CARTESIAN_POINT('',(3.808993839116E-16,3.376495628732,
    3.110279504073));
#7349 = CARTESIAN_POINT('',(3.863907737451E-16,3.4,3.155120104949));
#7350 = CARTESIAN_POINT('',(3.918869757272E-16,3.4,3.2));
#7351 = PCURVE('',#7326,#7352);
#7352 = DEFINITIONAL_REPRESENTATION('',(#7353),#7357);
#7353 = LINE('',#7354,#7355);
#7354 = CARTESIAN_POINT('',(9.424777960769,0.));
#7355 = VECTOR('',#7356,1.);
#7356 = DIRECTION('',(0.,1.));
#7357 = ( GEOMETRIC_REPRESENTATION_CONTEXT(2) 
PARAMETRIC_REPRESENTATION_CONTEXT() REPRESENTATION_CONTEXT('2D SPACE',''
  ) );
#7358 = PCURVE('',#7326,#7359);
#7359 = DEFINITIONAL_REPRESENTATION('',(#7360),#7364);
#7360 = LINE('',#7361,#7362);
#7361 = CARTESIAN_POINT('',(3.14159265359,0.));
#7362 = VECTOR('',#7363,1.);
#7363 = DIRECTION('',(0.,1.));
#7364 = ( GEOMETRIC_REPRESENTATION_CONTEXT(2) 
PARAMETRIC_REPRESENTATION_CONTEXT() REPRESENTATION_CONTEXT('2D SPACE',''
  ) );
#7365 = ORIENTED_EDGE('',*,*,#7366,.F.);
#7366 = EDGE_CURVE('',#7339,#7339,#7367,.T.);
#7367 = SURFACE_CURVE('',#7368,(#7373),.PCURVE_S1.);
#7368 = CIRCLE('',#7369,3.2);
#7369 = AXIS2_PLACEMENT_3D('',#7370,#7371,#7372);
#7370 = CARTESIAN_POINT('',(0.,3.4,0.));
#7371 = DIRECTION('',(0.,-1.,0.));
#7372 = DIRECTION('',(0.,0.,-1.));
#7373 = PCURVE('',#7326,#7374);
#7374 = DEFINITIONAL_REPRESENTATION('',(#7375),#7379);
#7375 = LINE('',#7376,#7377);
#7376 = CARTESIAN_POINT('',(0.,4.712388980385));
#7377 = VECTOR('',#7378,1.);
#7378 = DIRECTION('',(1.,0.));
#7379 = ( GEOMETRIC_REPRESENTATION_CONTEXT(2) 
PARAMETRIC_REPRESENTATION_CONTEXT() REPRESENTATION_CONTEXT('2D SPACE',''
  ) );
#7380 = ORIENTED_EDGE('',*,*,#7338,.F.);
#7381 = SHELL_BASED_SURFACE_MODEL('',(#7382));
#7382 = OPEN_SHELL('',(#7383));
#7383 = ADVANCED_FACE('',(#7384),#7397,.T.);
#7384 = FACE_BOUND('',#7385,.T.);
#7385 = EDGE_LOOP('',(#7386,#7408,#7436,#7451));
#7386 = ORIENTED_EDGE('',*,*,#7387,.T.);
#7387 = EDGE_CURVE('',#7388,#7388,#7390,.T.);
#7388 = VERTEX_POINT('',#7389);
#7389 = CARTESIAN_POINT('',(-3.918869757272E-16,3.4,3.2));
#7390 = SURFACE_CURVE('',#7391,(#7396),.PCURVE_S1.);
#7391 = CIRCLE('',#7392,3.2);
#7392 = AXIS2_PLACEMENT_3D('',#7393,#7394,#7395);
#7393 = CARTESIAN_POINT('',(0.,3.4,0.));
#7394 = DIRECTION('',(0.,-1.,0.));
#7395 = DIRECTION('',(0.,0.,-1.));
#7396 = PCURVE('',#7397,#7402);
#7397 = TOROIDAL_SURFACE('',#7398,3.2,0.1);
#7398 = AXIS2_PLACEMENT_3D('',#7399,#7400,#7401);
#7399 = CARTESIAN_POINT('',(0.,3.3,0.));
#7400 = DIRECTION('',(0.,-1.,0.));
#7401 = DIRECTION('',(0.,0.,-1.));
#7402 = DEFINITIONAL_REPRESENTATION('',(#7403),#7407);
#7403 = LINE('',#7404,#7405);
#7404 = CARTESIAN_POINT('',(0.,4.712388980385));
#7405 = VECTOR('',#7406,1.);
#7406 = DIRECTION('',(1.,0.));
#7407 = ( GEOMETRIC_REPRESENTATION_CONTEXT(2) 
PARAMETRIC_REPRESENTATION_CONTEXT() REPRESENTATION_CONTEXT('2D SPACE',''
  ) );
#7408 = ORIENTED_EDGE('',*,*,#7409,.T.);
#7409 = EDGE_CURVE('',#7388,#7410,#7412,.T.);
#7410 = VERTEX_POINT('',#7411);
#7411 = CARTESIAN_POINT('',(-3.918869757272E-16,3.2,3.2));
#7412 = SEAM_CURVE('',#7413,(#7422,#7429),.PCURVE_S1.);
#7413 = B_SPLINE_CURVE_WITH_KNOTS('',7,(#7414,#7415,#7416,#7417,#7418,
    #7419,#7420,#7421),.UNSPECIFIED.,.F.,.F.,(8,8),(4.712388980385,
    7.853981633974),.PIECEWISE_BEZIER_KNOTS.);
#7414 = CARTESIAN_POINT('',(3.918869757272E-16,3.4,3.2));
#7415 = CARTESIAN_POINT('',(3.973831777092E-16,3.4,3.244879895051));
#7416 = CARTESIAN_POINT('',(4.028745675427E-16,3.376495628732,
    3.289720495927));
#7417 = CARTESIAN_POINT('',(4.065884267678E-16,3.329537573824,
    3.320046457892));
#7418 = CARTESIAN_POINT('',(4.065884267677E-16,3.270462426176,
    3.320046457892));
#7419 = CARTESIAN_POINT('',(4.028745675427E-16,3.223504371268,
    3.289720495927));
#7420 = CARTESIAN_POINT('',(3.973831777092E-16,3.2,3.244879895051));
#7421 = CARTESIAN_POINT('',(3.918869757272E-16,3.2,3.2));
#7422 = PCURVE('',#7397,#7423);
#7423 = DEFINITIONAL_REPRESENTATION('',(#7424),#7428);
#7424 = LINE('',#7425,#7426);
#7425 = CARTESIAN_POINT('',(9.424777960769,0.));
#7426 = VECTOR('',#7427,1.);
#7427 = DIRECTION('',(0.,1.));
#7428 = ( GEOMETRIC_REPRESENTATION_CONTEXT(2) 
PARAMETRIC_REPRESENTATION_CONTEXT() REPRESENTATION_CONTEXT('2D SPACE',''
  ) );
#7429 = PCURVE('',#7397,#7430);
#7430 = DEFINITIONAL_REPRESENTATION('',(#7431),#7435);
#7431 = LINE('',#7432,#7433);
#7432 = CARTESIAN_POINT('',(3.14159265359,0.));
#7433 = VECTOR('',#7434,1.);
#7434 = DIRECTION('',(0.,1.));
#7435 = ( GEOMETRIC_REPRESENTATION_CONTEXT(2) 
PARAMETRIC_REPRESENTATION_CONTEXT() REPRESENTATION_CONTEXT('2D SPACE',''
  ) );
#7436 = ORIENTED_EDGE('',*,*,#7437,.F.);
#7437 = EDGE_CURVE('',#7410,#7410,#7438,.T.);
#7438 = SURFACE_CURVE('',#7439,(#7444),.PCURVE_S1.);
#7439 = CIRCLE('',#7440,3.2);
#7440 = AXIS2_PLACEMENT_3D('',#7441,#7442,#7443);
#7441 = CARTESIAN_POINT('',(0.,3.2,0.));
#7442 = DIRECTION('',(0.,-1.,0.));
#7443 = DIRECTION('',(0.,0.,-1.));
#7444 = PCURVE('',#7397,#7445);
#7445 = DEFINITIONAL_REPRESENTATION('',(#7446),#7450);
#7446 = LINE('',#7447,#7448);
#7447 = CARTESIAN_POINT('',(0.,7.853981633974));
#7448 = VECTOR('',#7449,1.);
#7449 = DIRECTION('',(1.,0.));
#7450 = ( GEOMETRIC_REPRESENTATION_CONTEXT(2) 
PARAMETRIC_REPRESENTATION_CONTEXT() REPRESENTATION_CONTEXT('2D SPACE',''
  ) );
#7451 = ORIENTED_EDGE('',*,*,#7409,.F.);
#7452 = SHELL_BASED_SURFACE_MODEL('',(#7453));
#7453 = OPEN_SHELL('',(#7454));
#7454 = ADVANCED_FACE('',(#7455),#7468,.T.);
#7455 = FACE_BOUND('',#7456,.T.);
#7456 = EDGE_LOOP('',(#7457,#7479,#7507,#7522));
#7457 = ORIENTED_EDGE('',*,*,#7458,.T.);
#7458 = EDGE_CURVE('',#7459,#7459,#7461,.T.);
#7459 = VERTEX_POINT('',#7460);
#7460 = CARTESIAN_POINT('',(-3.918869757272E-16,3.,3.2));
#7461 = SURFACE_CURVE('',#7462,(#7467),.PCURVE_S1.);
#7462 = CIRCLE('',#7463,3.2);
#7463 = AXIS2_PLACEMENT_3D('',#7464,#7465,#7466);
#7464 = CARTESIAN_POINT('',(0.,3.,0.));
#7465 = DIRECTION('',(0.,-1.,0.));
#7466 = DIRECTION('',(0.,0.,-1.));
#7467 = PCURVE('',#7468,#7473);
#7468 = TOROIDAL_SURFACE('',#7469,3.2,0.1);
#7469 = AXIS2_PLACEMENT_3D('',#7470,#7471,#7472);
#7470 = CARTESIAN_POINT('',(0.,3.1,0.));
#7471 = DIRECTION('',(0.,-1.,0.));
#7472 = DIRECTION('',(0.,0.,-1.));
#7473 = DEFINITIONAL_REPRESENTATION('',(#7474),#7478);
#7474 = LINE('',#7475,#7476);
#7475 = CARTESIAN_POINT('',(0.,1.570796326795));
#7476 = VECTOR('',#7477,1.);
#7477 = DIRECTION('',(1.,0.));
#7478 = ( GEOMETRIC_REPRESENTATION_CONTEXT(2) 
PARAMETRIC_REPRESENTATION_CONTEXT() REPRESENTATION_CONTEXT('2D SPACE',''
  ) );
#7479 = ORIENTED_EDGE('',*,*,#7480,.T.);
#7480 = EDGE_CURVE('',#7459,#7481,#7483,.T.);
#7481 = VERTEX_POINT('',#7482);
#7482 = CARTESIAN_POINT('',(-3.918869757272E-16,3.2,3.2));
#7483 = SEAM_CURVE('',#7484,(#7493,#7500),.PCURVE_S1.);
#7484 = B_SPLINE_CURVE_WITH_KNOTS('',7,(#7485,#7486,#7487,#7488,#7489,
    #7490,#7491,#7492),.UNSPECIFIED.,.F.,.F.,(8,8),(1.570796326795,
    4.712388980385),.PIECEWISE_BEZIER_KNOTS.);
#7485 = CARTESIAN_POINT('',(3.918869757272E-16,3.,3.2));
#7486 = CARTESIAN_POINT('',(3.863907737451E-16,3.,3.155120104949));
#7487 = CARTESIAN_POINT('',(3.808993839116E-16,3.023504371268,
    3.110279504073));
#7488 = CARTESIAN_POINT('',(3.771855246866E-16,3.070462426176,
    3.079953542108));
#7489 = CARTESIAN_POINT('',(3.771855246865E-16,3.129537573824,
    3.079953542108));
#7490 = CARTESIAN_POINT('',(3.808993839116E-16,3.176495628732,
    3.110279504073));
#7491 = CARTESIAN_POINT('',(3.863907737451E-16,3.2,3.155120104949));
#7492 = CARTESIAN_POINT('',(3.918869757272E-16,3.2,3.2));
#7493 = PCURVE('',#7468,#7494);
#7494 = DEFINITIONAL_REPRESENTATION('',(#7495),#7499);
#7495 = LINE('',#7496,#7497);
#7496 = CARTESIAN_POINT('',(9.424777960769,0.));
#7497 = VECTOR('',#7498,1.);
#7498 = DIRECTION('',(0.,1.));
#7499 = ( GEOMETRIC_REPRESENTATION_CONTEXT(2) 
PARAMETRIC_REPRESENTATION_CONTEXT() REPRESENTATION_CONTEXT('2D SPACE',''
  ) );
#7500 = PCURVE('',#7468,#7501);
#7501 = DEFINITIONAL_REPRESENTATION('',(#7502),#7506);
#7502 = LINE('',#7503,#7504);
#7503 = CARTESIAN_POINT('',(3.14159265359,0.));
#7504 = VECTOR('',#7505,1.);
#7505 = DIRECTION('',(0.,1.));
#7506 = ( GEOMETRIC_REPRESENTATION_CONTEXT(2) 
PARAMETRIC_REPRESENTATION_CONTEXT() REPRESENTATION_CONTEXT('2D SPACE',''
  ) );
#7507 = ORIENTED_EDGE('',*,*,#7508,.F.);
#7508 = EDGE_CURVE('',#7481,#7481,#7509,.T.);
#7509 = SURFACE_CURVE('',#7510,(#7515),.PCURVE_S1.);
#7510 = CIRCLE('',#7511,3.2);
#7511 = AXIS2_PLACEMENT_3D('',#7512,#7513,#7514);
#7512 = CARTESIAN_POINT('',(0.,3.2,0.));
#7513 = DIRECTION('',(0.,-1.,0.));
#7514 = DIRECTION('',(0.,0.,-1.));
#7515 = PCURVE('',#7468,#7516);
#7516 = DEFINITIONAL_REPRESENTATION('',(#7517),#7521);
#7517 = LINE('',#7518,#7519);
#7518 = CARTESIAN_POINT('',(0.,4.712388980385));
#7519 = VECTOR('',#7520,1.);
#7520 = DIRECTION('',(1.,0.));
#7521 = ( GEOMETRIC_REPRESENTATION_CONTEXT(2) 
PARAMETRIC_REPRESENTATION_CONTEXT() REPRESENTATION_CONTEXT('2D SPACE',''
  ) );
#7522 = ORIENTED_EDGE('',*,*,#7480,.F.);
#7523 = SHELL_BASED_SURFACE_MODEL('',(#7524));
#7524 = OPEN_SHELL('',(#7525));
#7525 = ADVANCED_FACE('',(#7526),#7539,.T.);
#7526 = FACE_BOUND('',#7527,.T.);
#7527 = EDGE_LOOP('',(#7528,#7550,#7578,#7593));
#7528 = ORIENTED_EDGE('',*,*,#7529,.T.);
#7529 = EDGE_CURVE('',#7530,#7530,#7532,.T.);
#7530 = VERTEX_POINT('',#7531);
#7531 = CARTESIAN_POINT('',(-3.918869757272E-16,3.2,3.2));
#7532 = SURFACE_CURVE('',#7533,(#7538),.PCURVE_S1.);
#7533 = CIRCLE('',#7534,3.2);
#7534 = AXIS2_PLACEMENT_3D('',#7535,#7536,#7537);
#7535 = CARTESIAN_POINT('',(0.,3.2,0.));
#7536 = DIRECTION('',(0.,-1.,0.));
#7537 = DIRECTION('',(0.,0.,-1.));
#7538 = PCURVE('',#7539,#7544);
#7539 = TOROIDAL_SURFACE('',#7540,3.2,0.1);
#7540 = AXIS2_PLACEMENT_3D('',#7541,#7542,#7543);
#7541 = CARTESIAN_POINT('',(0.,3.1,0.));
#7542 = DIRECTION('',(0.,-1.,0.));
#7543 = DIRECTION('',(0.,0.,-1.));
#7544 = DEFINITIONAL_REPRESENTATION('',(#7545),#7549);
#7545 = LINE('',#7546,#7547);
#7546 = CARTESIAN_POINT('',(0.,4.712388980385));
#7547 = VECTOR('',#7548,1.);
#7548 = DIRECTION('',(1.,0.));
#7549 = ( GEOMETRIC_REPRESENTATION_CONTEXT(2) 
PARAMETRIC_REPRESENTATION_CONTEXT() REPRESENTATION_CONTEXT('2D SPACE',''
  ) );
#7550 = ORIENTED_EDGE('',*,*,#7551,.T.);
#7551 = EDGE_CURVE('',#7530,#7552,#7554,.T.);
#7552 = VERTEX_POINT('',#7553);
#7553 = CARTESIAN_POINT('',(-3.918869757272E-16,3.,3.2));
#7554 = SEAM_CURVE('',#7555,(#7564,#7571),.PCURVE_S1.);
#7555 = B_SPLINE_CURVE_WITH_KNOTS('',7,(#7556,#7557,#7558,#7559,#7560,
    #7561,#7562,#7563),.UNSPECIFIED.,.F.,.F.,(8,8),(4.712388980385,
    7.853981633974),.PIECEWISE_BEZIER_KNOTS.);
#7556 = CARTESIAN_POINT('',(3.918869757272E-16,3.2,3.2));
#7557 = CARTESIAN_POINT('',(3.973831777092E-16,3.2,3.244879895051));
#7558 = CARTESIAN_POINT('',(4.028745675427E-16,3.176495628732,
    3.289720495927));
#7559 = CARTESIAN_POINT('',(4.065884267678E-16,3.129537573824,
    3.320046457892));
#7560 = CARTESIAN_POINT('',(4.065884267677E-16,3.070462426176,
    3.320046457892));
#7561 = CARTESIAN_POINT('',(4.028745675427E-16,3.023504371268,
    3.289720495927));
#7562 = CARTESIAN_POINT('',(3.973831777092E-16,3.,3.244879895051));
#7563 = CARTESIAN_POINT('',(3.918869757272E-16,3.,3.2));
#7564 = PCURVE('',#7539,#7565);
#7565 = DEFINITIONAL_REPRESENTATION('',(#7566),#7570);
#7566 = LINE('',#7567,#7568);
#7567 = CARTESIAN_POINT('',(9.424777960769,0.));
#7568 = VECTOR('',#7569,1.);
#7569 = DIRECTION('',(0.,1.));
#7570 = ( GEOMETRIC_REPRESENTATION_CONTEXT(2) 
PARAMETRIC_REPRESENTATION_CONTEXT() REPRESENTATION_CONTEXT('2D SPACE',''
  ) );
#7571 = PCURVE('',#7539,#7572);
#7572 = DEFINITIONAL_REPRESENTATION('',(#7573),#7577);
#7573 = LINE('',#7574,#7575);
#7574 = CARTESIAN_POINT('',(3.14159265359,0.));
#7575 = VECTOR('',#7576,1.);
#7576 = DIRECTION('',(0.,1.));
#7577 = ( GEOMETRIC_REPRESENTATION_CONTEXT(2) 
PARAMETRIC_REPRESENTATION_CONTEXT() REPRESENTATION_CONTEXT('2D SPACE',''
  ) );
#7578 = ORIENTED_EDGE('',*,*,#7579,.F.);
#7579 = EDGE_CURVE('',#7552,#7552,#7580,.T.);
#7580 = SURFACE_CURVE('',#7581,(#7586),.PCURVE_S1.);
#7581 = CIRCLE('',#7582,3.2);
#7582 = AXIS2_PLACEMENT_3D('',#7583,#7584,#7585);
#7583 = CARTESIAN_POINT('',(0.,3.,0.));
#7584 = DIRECTION('',(0.,-1.,0.));
#7585 = DIRECTION('',(0.,0.,-1.));
#7586 = PCURVE('',#7539,#7587);
#7587 = DEFINITIONAL_REPRESENTATION('',(#7588),#7592);
#7588 = LINE('',#7589,#7590);
#7589 = CARTESIAN_POINT('',(0.,7.853981633974));
#7590 = VECTOR('',#7591,1.);
#7591 = DIRECTION('',(1.,0.));
#7592 = ( GEOMETRIC_REPRESENTATION_CONTEXT(2) 
PARAMETRIC_REPRESENTATION_CONTEXT() REPRESENTATION_CONTEXT('2D SPACE',''
  ) );
#7593 = ORIENTED_EDGE('',*,*,#7551,.F.);
#7594 = SHELL_BASED_SURFACE_MODEL('',(#7595));
#7595 = OPEN_SHELL('',(#7596));
#7596 = ADVANCED_FACE('',(#7597),#7610,.T.);
#7597 = FACE_BOUND('',#7598,.T.);
#7598 = EDGE_LOOP('',(#7599,#7621,#7649,#7664));
#7599 = ORIENTED_EDGE('',*,*,#7600,.T.);
#7600 = EDGE_CURVE('',#7601,#7601,#7603,.T.);
#7601 = VERTEX_POINT('',#7602);
#7602 = CARTESIAN_POINT('',(-3.918869757272E-16,2.8,3.2));
#7603 = SURFACE_CURVE('',#7604,(#7609),.PCURVE_S1.);
#7604 = CIRCLE('',#7605,3.2);
#7605 = AXIS2_PLACEMENT_3D('',#7606,#7607,#7608);
#7606 = CARTESIAN_POINT('',(0.,2.8,0.));
#7607 = DIRECTION('',(0.,-1.,0.));
#7608 = DIRECTION('',(0.,0.,-1.));
#7609 = PCURVE('',#7610,#7615);
#7610 = TOROIDAL_SURFACE('',#7611,3.2,0.1);
#7611 = AXIS2_PLACEMENT_3D('',#7612,#7613,#7614);
#7612 = CARTESIAN_POINT('',(0.,2.9,0.));
#7613 = DIRECTION('',(0.,-1.,0.));
#7614 = DIRECTION('',(0.,0.,-1.));
#7615 = DEFINITIONAL_REPRESENTATION('',(#7616),#7620);
#7616 = LINE('',#7617,#7618);
#7617 = CARTESIAN_POINT('',(0.,1.570796326795));
#7618 = VECTOR('',#7619,1.);
#7619 = DIRECTION('',(1.,0.));
#7620 = ( GEOMETRIC_REPRESENTATION_CONTEXT(2) 
PARAMETRIC_REPRESENTATION_CONTEXT() REPRESENTATION_CONTEXT('2D SPACE',''
  ) );
#7621 = ORIENTED_EDGE('',*,*,#7622,.T.);
#7622 = EDGE_CURVE('',#7601,#7623,#7625,.T.);
#7623 = VERTEX_POINT('',#7624);
#7624 = CARTESIAN_POINT('',(-3.918869757272E-16,3.,3.2));
#7625 = SEAM_CURVE('',#7626,(#7635,#7642),.PCURVE_S1.);
#7626 = B_SPLINE_CURVE_WITH_KNOTS('',7,(#7627,#7628,#7629,#7630,#7631,
    #7632,#7633,#7634),.UNSPECIFIED.,.F.,.F.,(8,8),(1.570796326795,
    4.712388980385),.PIECEWISE_BEZIER_KNOTS.);
#7627 = CARTESIAN_POINT('',(3.918869757272E-16,2.8,3.2));
#7628 = CARTESIAN_POINT('',(3.863907737451E-16,2.8,3.155120104949));
#7629 = CARTESIAN_POINT('',(3.808993839116E-16,2.823504371268,
    3.110279504073));
#7630 = CARTESIAN_POINT('',(3.771855246866E-16,2.870462426176,
    3.079953542108));
#7631 = CARTESIAN_POINT('',(3.771855246865E-16,2.929537573824,
    3.079953542108));
#7632 = CARTESIAN_POINT('',(3.808993839116E-16,2.976495628732,
    3.110279504073));
#7633 = CARTESIAN_POINT('',(3.863907737451E-16,3.,3.155120104949));
#7634 = CARTESIAN_POINT('',(3.918869757272E-16,3.,3.2));
#7635 = PCURVE('',#7610,#7636);
#7636 = DEFINITIONAL_REPRESENTATION('',(#7637),#7641);
#7637 = LINE('',#7638,#7639);
#7638 = CARTESIAN_POINT('',(9.424777960769,0.));
#7639 = VECTOR('',#7640,1.);
#7640 = DIRECTION('',(0.,1.));
#7641 = ( GEOMETRIC_REPRESENTATION_CONTEXT(2) 
PARAMETRIC_REPRESENTATION_CONTEXT() REPRESENTATION_CONTEXT('2D SPACE',''
  ) );
#7642 = PCURVE('',#7610,#7643);
#7643 = DEFINITIONAL_REPRESENTATION('',(#7644),#7648);
#7644 = LINE('',#7645,#7646);
#7645 = CARTESIAN_POINT('',(3.14159265359,0.));
#7646 = VECTOR('',#7647,1.);
#7647 = DIRECTION('',(0.,1.));
#7648 = ( GEOMETRIC_REPRESENTATION_CONTEXT(2) 
PARAMETRIC_REPRESENTATION_CONTEXT() REPRESENTATION_CONTEXT('2D SPACE',''
  ) );
#7649 = ORIENTED_EDGE('',*,*,#7650,.F.);
#7650 = EDGE_CURVE('',#7623,#7623,#7651,.T.);
#7651 = SURFACE_CURVE('',#7652,(#7657),.PCURVE_S1.);
#7652 = CIRCLE('',#7653,3.2);
#7653 = AXIS2_PLACEMENT_3D('',#7654,#7655,#7656);
#7654 = CARTESIAN_POINT('',(0.,3.,0.));
#7655 = DIRECTION('',(0.,-1.,0.));
#7656 = DIRECTION('',(0.,0.,-1.));
#7657 = PCURVE('',#7610,#7658);
#7658 = DEFINITIONAL_REPRESENTATION('',(#7659),#7663);
#7659 = LINE('',#7660,#7661);
#7660 = CARTESIAN_POINT('',(0.,4.712388980385));
#7661 = VECTOR('',#7662,1.);
#7662 = DIRECTION('',(1.,0.));
#7663 = ( GEOMETRIC_REPRESENTATION_CONTEXT(2) 
PARAMETRIC_REPRESENTATION_CONTEXT() REPRESENTATION_CONTEXT('2D SPACE',''
  ) );
#7664 = ORIENTED_EDGE('',*,*,#7622,.F.);
#7665 = SHELL_BASED_SURFACE_MODEL('',(#7666));
#7666 = OPEN_SHELL('',(#7667));
#7667 = ADVANCED_FACE('',(#7668),#7681,.T.);
#7668 = FACE_BOUND('',#7669,.T.);
#7669 = EDGE_LOOP('',(#7670,#7692,#7720,#7735));
#7670 = ORIENTED_EDGE('',*,*,#7671,.T.);
#7671 = EDGE_CURVE('',#7672,#7672,#7674,.T.);
#7672 = VERTEX_POINT('',#7673);
#7673 = CARTESIAN_POINT('',(-3.918869757272E-16,3.,3.2));
#7674 = SURFACE_CURVE('',#7675,(#7680),.PCURVE_S1.);
#7675 = CIRCLE('',#7676,3.2);
#7676 = AXIS2_PLACEMENT_3D('',#7677,#7678,#7679);
#7677 = CARTESIAN_POINT('',(0.,3.,0.));
#7678 = DIRECTION('',(0.,-1.,0.));
#7679 = DIRECTION('',(0.,0.,-1.));
#7680 = PCURVE('',#7681,#7686);
#7681 = TOROIDAL_SURFACE('',#7682,3.2,0.1);
#7682 = AXIS2_PLACEMENT_3D('',#7683,#7684,#7685);
#7683 = CARTESIAN_POINT('',(0.,2.9,0.));
#7684 = DIRECTION('',(0.,-1.,0.));
#7685 = DIRECTION('',(0.,0.,-1.));
#7686 = DEFINITIONAL_REPRESENTATION('',(#7687),#7691);
#7687 = LINE('',#7688,#7689);
#7688 = CARTESIAN_POINT('',(0.,4.712388980385));
#7689 = VECTOR('',#7690,1.);
#7690 = DIRECTION('',(1.,0.));
#7691 = ( GEOMETRIC_REPRESENTATION_CONTEXT(2) 
PARAMETRIC_REPRESENTATION_CONTEXT() REPRESENTATION_CONTEXT('2D SPACE',''
  ) );
#7692 = ORIENTED_EDGE('',*,*,#7693,.T.);
#7693 = EDGE_CURVE('',#7672,#7694,#7696,.T.);
#7694 = VERTEX_POINT('',#7695);
#7695 = CARTESIAN_POINT('',(-3.918869757272E-16,2.8,3.2));
#7696 = SEAM_CURVE('',#7697,(#7706,#7713),.PCURVE_S1.);
#7697 = B_SPLINE_CURVE_WITH_KNOTS('',7,(#7698,#7699,#7700,#7701,#7702,
    #7703,#7704,#7705),.UNSPECIFIED.,.F.,.F.,(8,8),(4.712388980385,
    7.853981633974),.PIECEWISE_BEZIER_KNOTS.);
#7698 = CARTESIAN_POINT('',(3.918869757272E-16,3.,3.2));
#7699 = CARTESIAN_POINT('',(3.973831777092E-16,3.,3.244879895051));
#7700 = CARTESIAN_POINT('',(4.028745675427E-16,2.976495628732,
    3.289720495927));
#7701 = CARTESIAN_POINT('',(4.065884267678E-16,2.929537573824,
    3.320046457892));
#7702 = CARTESIAN_POINT('',(4.065884267677E-16,2.870462426176,
    3.320046457892));
#7703 = CARTESIAN_POINT('',(4.028745675427E-16,2.823504371268,
    3.289720495927));
#7704 = CARTESIAN_POINT('',(3.973831777092E-16,2.8,3.244879895051));
#7705 = CARTESIAN_POINT('',(3.918869757272E-16,2.8,3.2));
#7706 = PCURVE('',#7681,#7707);
#7707 = DEFINITIONAL_REPRESENTATION('',(#7708),#7712);
#7708 = LINE('',#7709,#7710);
#7709 = CARTESIAN_POINT('',(9.424777960769,0.));
#7710 = VECTOR('',#7711,1.);
#7711 = DIRECTION('',(0.,1.));
#7712 = ( GEOMETRIC_REPRESENTATION_CONTEXT(2) 
PARAMETRIC_REPRESENTATION_CONTEXT() REPRESENTATION_CONTEXT('2D SPACE',''
  ) );
#7713 = PCURVE('',#7681,#7714);
#7714 = DEFINITIONAL_REPRESENTATION('',(#7715),#7719);
#7715 = LINE('',#7716,#7717);
#7716 = CARTESIAN_POINT('',(3.14159265359,0.));
#7717 = VECTOR('',#7718,1.);
#7718 = DIRECTION('',(0.,1.));
#7719 = ( GEOMETRIC_REPRESENTATION_CONTEXT(2) 
PARAMETRIC_REPRESENTATION_CONTEXT() REPRESENTATION_CONTEXT('2D SPACE',''
  ) );
#7720 = ORIENTED_EDGE('',*,*,#7721,.F.);
#7721 = EDGE_CURVE('',#7694,#7694,#7722,.T.);
#7722 = SURFACE_CURVE('',#7723,(#7728),.PCURVE_S1.);
#7723 = CIRCLE('',#7724,3.2);
#7724 = AXIS2_PLACEMENT_3D('',#7725,#7726,#7727);
#7725 = CARTESIAN_POINT('',(0.,2.8,0.));
#7726 = DIRECTION('',(0.,-1.,0.));
#7727 = DIRECTION('',(0.,0.,-1.));
#7728 = PCURVE('',#7681,#7729);
#7729 = DEFINITIONAL_REPRESENTATION('',(#7730),#7734);
#7730 = LINE('',#7731,#7732);
#7731 = CARTESIAN_POINT('',(0.,7.853981633974));
#7732 = VECTOR('',#7733,1.);
#7733 = DIRECTION('',(1.,0.));
#7734 = ( GEOMETRIC_REPRESENTATION_CONTEXT(2) 
PARAMETRIC_REPRESENTATION_CONTEXT() REPRESENTATION_CONTEXT('2D SPACE',''
  ) );
#7735 = ORIENTED_EDGE('',*,*,#7693,.F.);
#7736 = SHELL_BASED_SURFACE_MODEL('',(#7737));
#7737 = OPEN_SHELL('',(#7738));
#7738 = ADVANCED_FACE('',(#7739),#7752,.T.);
#7739 = FACE_BOUND('',#7740,.T.);
#7740 = EDGE_LOOP('',(#7741,#7763,#7791,#7806));
#7741 = ORIENTED_EDGE('',*,*,#7742,.T.);
#7742 = EDGE_CURVE('',#7743,#7743,#7745,.T.);
#7743 = VERTEX_POINT('',#7744);
#7744 = CARTESIAN_POINT('',(-3.918869757272E-16,2.6,3.2));
#7745 = SURFACE_CURVE('',#7746,(#7751),.PCURVE_S1.);
#7746 = CIRCLE('',#7747,3.2);
#7747 = AXIS2_PLACEMENT_3D('',#7748,#7749,#7750);
#7748 = CARTESIAN_POINT('',(0.,2.6,0.));
#7749 = DIRECTION('',(0.,-1.,0.));
#7750 = DIRECTION('',(0.,0.,-1.));
#7751 = PCURVE('',#7752,#7757);
#7752 = TOROIDAL_SURFACE('',#7753,3.2,0.1);
#7753 = AXIS2_PLACEMENT_3D('',#7754,#7755,#7756);
#7754 = CARTESIAN_POINT('',(0.,2.7,0.));
#7755 = DIRECTION('',(0.,-1.,0.));
#7756 = DIRECTION('',(0.,0.,-1.));
#7757 = DEFINITIONAL_REPRESENTATION('',(#7758),#7762);
#7758 = LINE('',#7759,#7760);
#7759 = CARTESIAN_POINT('',(0.,1.570796326795));
#7760 = VECTOR('',#7761,1.);
#7761 = DIRECTION('',(1.,0.));
#7762 = ( GEOMETRIC_REPRESENTATION_CONTEXT(2) 
PARAMETRIC_REPRESENTATION_CONTEXT() REPRESENTATION_CONTEXT('2D SPACE',''
  ) );
#7763 = ORIENTED_EDGE('',*,*,#7764,.T.);
#7764 = EDGE_CURVE('',#7743,#7765,#7767,.T.);
#7765 = VERTEX_POINT('',#7766);
#7766 = CARTESIAN_POINT('',(-3.918869757272E-16,2.8,3.2));
#7767 = SEAM_CURVE('',#7768,(#7777,#7784),.PCURVE_S1.);
#7768 = B_SPLINE_CURVE_WITH_KNOTS('',7,(#7769,#7770,#7771,#7772,#7773,
    #7774,#7775,#7776),.UNSPECIFIED.,.F.,.F.,(8,8),(1.570796326795,
    4.712388980385),.PIECEWISE_BEZIER_KNOTS.);
#7769 = CARTESIAN_POINT('',(3.918869757272E-16,2.6,3.2));
#7770 = CARTESIAN_POINT('',(3.863907737451E-16,2.6,3.155120104949));
#7771 = CARTESIAN_POINT('',(3.808993839116E-16,2.623504371268,
    3.110279504073));
#7772 = CARTESIAN_POINT('',(3.771855246866E-16,2.670462426176,
    3.079953542108));
#7773 = CARTESIAN_POINT('',(3.771855246865E-16,2.729537573824,
    3.079953542108));
#7774 = CARTESIAN_POINT('',(3.808993839116E-16,2.776495628732,
    3.110279504073));
#7775 = CARTESIAN_POINT('',(3.863907737451E-16,2.8,3.155120104949));
#7776 = CARTESIAN_POINT('',(3.918869757272E-16,2.8,3.2));
#7777 = PCURVE('',#7752,#7778);
#7778 = DEFINITIONAL_REPRESENTATION('',(#7779),#7783);
#7779 = LINE('',#7780,#7781);
#7780 = CARTESIAN_POINT('',(9.424777960769,0.));
#7781 = VECTOR('',#7782,1.);
#7782 = DIRECTION('',(0.,1.));
#7783 = ( GEOMETRIC_REPRESENTATION_CONTEXT(2) 
PARAMETRIC_REPRESENTATION_CONTEXT() REPRESENTATION_CONTEXT('2D SPACE',''
  ) );
#7784 = PCURVE('',#7752,#7785);
#7785 = DEFINITIONAL_REPRESENTATION('',(#7786),#7790);
#7786 = LINE('',#7787,#7788);
#7787 = CARTESIAN_POINT('',(3.14159265359,0.));
#7788 = VECTOR('',#7789,1.);
#7789 = DIRECTION('',(0.,1.));
#7790 = ( GEOMETRIC_REPRESENTATION_CONTEXT(2) 
PARAMETRIC_REPRESENTATION_CONTEXT() REPRESENTATION_CONTEXT('2D SPACE',''
  ) );
#7791 = ORIENTED_EDGE('',*,*,#7792,.F.);
#7792 = EDGE_CURVE('',#7765,#7765,#7793,.T.);
#7793 = SURFACE_CURVE('',#7794,(#7799),.PCURVE_S1.);
#7794 = CIRCLE('',#7795,3.2);
#7795 = AXIS2_PLACEMENT_3D('',#7796,#7797,#7798);
#7796 = CARTESIAN_POINT('',(0.,2.8,0.));
#7797 = DIRECTION('',(0.,-1.,0.));
#7798 = DIRECTION('',(0.,0.,-1.));
#7799 = PCURVE('',#7752,#7800);
#7800 = DEFINITIONAL_REPRESENTATION('',(#7801),#7805);
#7801 = LINE('',#7802,#7803);
#7802 = CARTESIAN_POINT('',(0.,4.712388980385));
#7803 = VECTOR('',#7804,1.);
#7804 = DIRECTION('',(1.,0.));
#7805 = ( GEOMETRIC_REPRESENTATION_CONTEXT(2) 
PARAMETRIC_REPRESENTATION_CONTEXT() REPRESENTATION_CONTEXT('2D SPACE',''
  ) );
#7806 = ORIENTED_EDGE('',*,*,#7764,.F.);
#7807 = SHELL_BASED_SURFACE_MODEL('',(#7808));
#7808 = OPEN_SHELL('',(#7809));
#7809 = ADVANCED_FACE('',(#7810),#7823,.T.);
#7810 = FACE_BOUND('',#7811,.T.);
#7811 = EDGE_LOOP('',(#7812,#7834,#7862,#7877));
#7812 = ORIENTED_EDGE('',*,*,#7813,.T.);
#7813 = EDGE_CURVE('',#7814,#7814,#7816,.T.);
#7814 = VERTEX_POINT('',#7815);
#7815 = CARTESIAN_POINT('',(-3.918869757272E-16,2.8,3.2));
#7816 = SURFACE_CURVE('',#7817,(#7822),.PCURVE_S1.);
#7817 = CIRCLE('',#7818,3.2);
#7818 = AXIS2_PLACEMENT_3D('',#7819,#7820,#7821);
#7819 = CARTESIAN_POINT('',(0.,2.8,0.));
#7820 = DIRECTION('',(0.,-1.,0.));
#7821 = DIRECTION('',(0.,0.,-1.));
#7822 = PCURVE('',#7823,#7828);
#7823 = TOROIDAL_SURFACE('',#7824,3.2,0.1);
#7824 = AXIS2_PLACEMENT_3D('',#7825,#7826,#7827);
#7825 = CARTESIAN_POINT('',(0.,2.7,0.));
#7826 = DIRECTION('',(0.,-1.,0.));
#7827 = DIRECTION('',(0.,0.,-1.));
#7828 = DEFINITIONAL_REPRESENTATION('',(#7829),#7833);
#7829 = LINE('',#7830,#7831);
#7830 = CARTESIAN_POINT('',(0.,4.712388980385));
#7831 = VECTOR('',#7832,1.);
#7832 = DIRECTION('',(1.,0.));
#7833 = ( GEOMETRIC_REPRESENTATION_CONTEXT(2) 
PARAMETRIC_REPRESENTATION_CONTEXT() REPRESENTATION_CONTEXT('2D SPACE',''
  ) );
#7834 = ORIENTED_EDGE('',*,*,#7835,.T.);
#7835 = EDGE_CURVE('',#7814,#7836,#7838,.T.);
#7836 = VERTEX_POINT('',#7837);
#7837 = CARTESIAN_POINT('',(-3.918869757272E-16,2.6,3.2));
#7838 = SEAM_CURVE('',#7839,(#7848,#7855),.PCURVE_S1.);
#7839 = B_SPLINE_CURVE_WITH_KNOTS('',7,(#7840,#7841,#7842,#7843,#7844,
    #7845,#7846,#7847),.UNSPECIFIED.,.F.,.F.,(8,8),(4.712388980385,
    7.853981633974),.PIECEWISE_BEZIER_KNOTS.);
#7840 = CARTESIAN_POINT('',(3.918869757272E-16,2.8,3.2));
#7841 = CARTESIAN_POINT('',(3.973831777092E-16,2.8,3.244879895051));
#7842 = CARTESIAN_POINT('',(4.028745675427E-16,2.776495628732,
    3.289720495927));
#7843 = CARTESIAN_POINT('',(4.065884267678E-16,2.729537573824,
    3.320046457892));
#7844 = CARTESIAN_POINT('',(4.065884267677E-16,2.670462426176,
    3.320046457892));
#7845 = CARTESIAN_POINT('',(4.028745675427E-16,2.623504371268,
    3.289720495927));
#7846 = CARTESIAN_POINT('',(3.973831777092E-16,2.6,3.244879895051));
#7847 = CARTESIAN_POINT('',(3.918869757272E-16,2.6,3.2));
#7848 = PCURVE('',#7823,#7849);
#7849 = DEFINITIONAL_REPRESENTATION('',(#7850),#7854);
#7850 = LINE('',#7851,#7852);
#7851 = CARTESIAN_POINT('',(9.424777960769,0.));
#7852 = VECTOR('',#7853,1.);
#7853 = DIRECTION('',(0.,1.));
#7854 = ( GEOMETRIC_REPRESENTATION_CONTEXT(2) 
PARAMETRIC_REPRESENTATION_CONTEXT() REPRESENTATION_CONTEXT('2D SPACE',''
  ) );
#7855 = PCURVE('',#7823,#7856);
#7856 = DEFINITIONAL_REPRESENTATION('',(#7857),#7861);
#7857 = LINE('',#7858,#7859);
#7858 = CARTESIAN_POINT('',(3.14159265359,0.));
#7859 = VECTOR('',#7860,1.);
#7860 = DIRECTION('',(0.,1.));
#7861 = ( GEOMETRIC_REPRESENTATION_CONTEXT(2) 
PARAMETRIC_REPRESENTATION_CONTEXT() REPRESENTATION_CONTEXT('2D SPACE',''
  ) );
#7862 = ORIENTED_EDGE('',*,*,#7863,.F.);
#7863 = EDGE_CURVE('',#7836,#7836,#7864,.T.);
#7864 = SURFACE_CURVE('',#7865,(#7870),.PCURVE_S1.);
#7865 = CIRCLE('',#7866,3.2);
#7866 = AXIS2_PLACEMENT_3D('',#7867,#7868,#7869);
#7867 = CARTESIAN_POINT('',(0.,2.6,0.));
#7868 = DIRECTION('',(0.,-1.,0.));
#7869 = DIRECTION('',(0.,0.,-1.));
#7870 = PCURVE('',#7823,#7871);
#7871 = DEFINITIONAL_REPRESENTATION('',(#7872),#7876);
#7872 = LINE('',#7873,#7874);
#7873 = CARTESIAN_POINT('',(0.,7.853981633974));
#7874 = VECTOR('',#7875,1.);
#7875 = DIRECTION('',(1.,0.));
#7876 = ( GEOMETRIC_REPRESENTATION_CONTEXT(2) 
PARAMETRIC_REPRESENTATION_CONTEXT() REPRESENTATION_CONTEXT('2D SPACE',''
  ) );
#7877 = ORIENTED_EDGE('',*,*,#7835,.F.);
#7878 = SHELL_BASED_SURFACE_MODEL('',(#7879));
#7879 = OPEN_SHELL('',(#7880));
#7880 = ADVANCED_FACE('',(#7881),#7894,.T.);
#7881 = FACE_BOUND('',#7882,.T.);
#7882 = EDGE_LOOP('',(#7883,#7905,#7933,#7948));
#7883 = ORIENTED_EDGE('',*,*,#7884,.T.);
#7884 = EDGE_CURVE('',#7885,#7885,#7887,.T.);
#7885 = VERTEX_POINT('',#7886);
#7886 = CARTESIAN_POINT('',(-3.918869757272E-16,2.4,3.2));
#7887 = SURFACE_CURVE('',#7888,(#7893),.PCURVE_S1.);
#7888 = CIRCLE('',#7889,3.2);
#7889 = AXIS2_PLACEMENT_3D('',#7890,#7891,#7892);
#7890 = CARTESIAN_POINT('',(0.,2.4,0.));
#7891 = DIRECTION('',(0.,-1.,0.));
#7892 = DIRECTION('',(0.,0.,-1.));
#7893 = PCURVE('',#7894,#7899);
#7894 = TOROIDAL_SURFACE('',#7895,3.2,0.1);
#7895 = AXIS2_PLACEMENT_3D('',#7896,#7897,#7898);
#7896 = CARTESIAN_POINT('',(0.,2.5,0.));
#7897 = DIRECTION('',(0.,-1.,0.));
#7898 = DIRECTION('',(0.,0.,-1.));
#7899 = DEFINITIONAL_REPRESENTATION('',(#7900),#7904);
#7900 = LINE('',#7901,#7902);
#7901 = CARTESIAN_POINT('',(0.,1.570796326795));
#7902 = VECTOR('',#7903,1.);
#7903 = DIRECTION('',(1.,0.));
#7904 = ( GEOMETRIC_REPRESENTATION_CONTEXT(2) 
PARAMETRIC_REPRESENTATION_CONTEXT() REPRESENTATION_CONTEXT('2D SPACE',''
  ) );
#7905 = ORIENTED_EDGE('',*,*,#7906,.T.);
#7906 = EDGE_CURVE('',#7885,#7907,#7909,.T.);
#7907 = VERTEX_POINT('',#7908);
#7908 = CARTESIAN_POINT('',(-3.918869757272E-16,2.6,3.2));
#7909 = SEAM_CURVE('',#7910,(#7919,#7926),.PCURVE_S1.);
#7910 = B_SPLINE_CURVE_WITH_KNOTS('',7,(#7911,#7912,#7913,#7914,#7915,
    #7916,#7917,#7918),.UNSPECIFIED.,.F.,.F.,(8,8),(1.570796326795,
    4.712388980385),.PIECEWISE_BEZIER_KNOTS.);
#7911 = CARTESIAN_POINT('',(3.918869757272E-16,2.4,3.2));
#7912 = CARTESIAN_POINT('',(3.863907737451E-16,2.4,3.155120104949));
#7913 = CARTESIAN_POINT('',(3.808993839116E-16,2.423504371268,
    3.110279504073));
#7914 = CARTESIAN_POINT('',(3.771855246866E-16,2.470462426176,
    3.079953542108));
#7915 = CARTESIAN_POINT('',(3.771855246865E-16,2.529537573824,
    3.079953542108));
#7916 = CARTESIAN_POINT('',(3.808993839116E-16,2.576495628732,
    3.110279504073));
#7917 = CARTESIAN_POINT('',(3.863907737451E-16,2.6,3.155120104949));
#7918 = CARTESIAN_POINT('',(3.918869757272E-16,2.6,3.2));
#7919 = PCURVE('',#7894,#7920);
#7920 = DEFINITIONAL_REPRESENTATION('',(#7921),#7925);
#7921 = LINE('',#7922,#7923);
#7922 = CARTESIAN_POINT('',(9.424777960769,0.));
#7923 = VECTOR('',#7924,1.);
#7924 = DIRECTION('',(0.,1.));
#7925 = ( GEOMETRIC_REPRESENTATION_CONTEXT(2) 
PARAMETRIC_REPRESENTATION_CONTEXT() REPRESENTATION_CONTEXT('2D SPACE',''
  ) );
#7926 = PCURVE('',#7894,#7927);
#7927 = DEFINITIONAL_REPRESENTATION('',(#7928),#7932);
#7928 = LINE('',#7929,#7930);
#7929 = CARTESIAN_POINT('',(3.14159265359,0.));
#7930 = VECTOR('',#7931,1.);
#7931 = DIRECTION('',(0.,1.));
#7932 = ( GEOMETRIC_REPRESENTATION_CONTEXT(2) 
PARAMETRIC_REPRESENTATION_CONTEXT() REPRESENTATION_CONTEXT('2D SPACE',''
  ) );
#7933 = ORIENTED_EDGE('',*,*,#7934,.F.);
#7934 = EDGE_CURVE('',#7907,#7907,#7935,.T.);
#7935 = SURFACE_CURVE('',#7936,(#7941),.PCURVE_S1.);
#7936 = CIRCLE('',#7937,3.2);
#7937 = AXIS2_PLACEMENT_3D('',#7938,#7939,#7940);
#7938 = CARTESIAN_POINT('',(0.,2.6,0.));
#7939 = DIRECTION('',(0.,-1.,0.));
#7940 = DIRECTION('',(0.,0.,-1.));
#7941 = PCURVE('',#7894,#7942);
#7942 = DEFINITIONAL_REPRESENTATION('',(#7943),#7947);
#7943 = LINE('',#7944,#7945);
#7944 = CARTESIAN_POINT('',(0.,4.712388980385));
#7945 = VECTOR('',#7946,1.);
#7946 = DIRECTION('',(1.,0.));
#7947 = ( GEOMETRIC_REPRESENTATION_CONTEXT(2) 
PARAMETRIC_REPRESENTATION_CONTEXT() REPRESENTATION_CONTEXT('2D SPACE',''
  ) );
#7948 = ORIENTED_EDGE('',*,*,#7906,.F.);
#7949 = SHELL_BASED_SURFACE_MODEL('',(#7950));
#7950 = OPEN_SHELL('',(#7951));
#7951 = ADVANCED_FACE('',(#7952),#7965,.T.);
#7952 = FACE_BOUND('',#7953,.T.);
#7953 = EDGE_LOOP('',(#7954,#7976,#8004,#8019));
#7954 = ORIENTED_EDGE('',*,*,#7955,.T.);
#7955 = EDGE_CURVE('',#7956,#7956,#7958,.T.);
#7956 = VERTEX_POINT('',#7957);
#7957 = CARTESIAN_POINT('',(-3.918869757272E-16,2.6,3.2));
#7958 = SURFACE_CURVE('',#7959,(#7964),.PCURVE_S1.);
#7959 = CIRCLE('',#7960,3.2);
#7960 = AXIS2_PLACEMENT_3D('',#7961,#7962,#7963);
#7961 = CARTESIAN_POINT('',(0.,2.6,0.));
#7962 = DIRECTION('',(0.,-1.,0.));
#7963 = DIRECTION('',(0.,0.,-1.));
#7964 = PCURVE('',#7965,#7970);
#7965 = TOROIDAL_SURFACE('',#7966,3.2,0.1);
#7966 = AXIS2_PLACEMENT_3D('',#7967,#7968,#7969);
#7967 = CARTESIAN_POINT('',(0.,2.5,0.));
#7968 = DIRECTION('',(0.,-1.,0.));
#7969 = DIRECTION('',(0.,0.,-1.));
#7970 = DEFINITIONAL_REPRESENTATION('',(#7971),#7975);
#7971 = LINE('',#7972,#7973);
#7972 = CARTESIAN_POINT('',(0.,4.712388980385));
#7973 = VECTOR('',#7974,1.);
#7974 = DIRECTION('',(1.,0.));
#7975 = ( GEOMETRIC_REPRESENTATION_CONTEXT(2) 
PARAMETRIC_REPRESENTATION_CONTEXT() REPRESENTATION_CONTEXT('2D SPACE',''
  ) );
#7976 = ORIENTED_EDGE('',*,*,#7977,.T.);
#7977 = EDGE_CURVE('',#7956,#7978,#7980,.T.);
#7978 = VERTEX_POINT('',#7979);
#7979 = CARTESIAN_POINT('',(-3.918869757272E-16,2.4,3.2));
#7980 = SEAM_CURVE('',#7981,(#7990,#7997),.PCURVE_S1.);
#7981 = B_SPLINE_CURVE_WITH_KNOTS('',7,(#7982,#7983,#7984,#7985,#7986,
    #7987,#7988,#7989),.UNSPECIFIED.,.F.,.F.,(8,8),(4.712388980385,
    7.853981633974),.PIECEWISE_BEZIER_KNOTS.);
#7982 = CARTESIAN_POINT('',(3.918869757272E-16,2.6,3.2));
#7983 = CARTESIAN_POINT('',(3.973831777092E-16,2.6,3.244879895051));
#7984 = CARTESIAN_POINT('',(4.028745675427E-16,2.576495628732,
    3.289720495927));
#7985 = CARTESIAN_POINT('',(4.065884267678E-16,2.529537573824,
    3.320046457892));
#7986 = CARTESIAN_POINT('',(4.065884267677E-16,2.470462426176,
    3.320046457892));
#7987 = CARTESIAN_POINT('',(4.028745675427E-16,2.423504371268,
    3.289720495927));
#7988 = CARTESIAN_POINT('',(3.973831777092E-16,2.4,3.244879895051));
#7989 = CARTESIAN_POINT('',(3.918869757272E-16,2.4,3.2));
#7990 = PCURVE('',#7965,#7991);
#7991 = DEFINITIONAL_REPRESENTATION('',(#7992),#7996);
#7992 = LINE('',#7993,#7994);
#7993 = CARTESIAN_POINT('',(9.424777960769,0.));
#7994 = VECTOR('',#7995,1.);
#7995 = DIRECTION('',(0.,1.));
#7996 = ( GEOMETRIC_REPRESENTATION_CONTEXT(2) 
PARAMETRIC_REPRESENTATION_CONTEXT() REPRESENTATION_CONTEXT('2D SPACE',''
  ) );
#7997 = PCURVE('',#7965,#7998);
#7998 = DEFINITIONAL_REPRESENTATION('',(#7999),#8003);
#7999 = LINE('',#8000,#8001);
#8000 = CARTESIAN_POINT('',(3.14159265359,0.));
#8001 = VECTOR('',#8002,1.);
#8002 = DIRECTION('',(0.,1.));
#8003 = ( GEOMETRIC_REPRESENTATION_CONTEXT(2) 
PARAMETRIC_REPRESENTATION_CONTEXT() REPRESENTATION_CONTEXT('2D SPACE',''
  ) );
#8004 = ORIENTED_EDGE('',*,*,#8005,.F.);
#8005 = EDGE_CURVE('',#7978,#7978,#8006,.T.);
#8006 = SURFACE_CURVE('',#8007,(#8012),.PCURVE_S1.);
#8007 = CIRCLE('',#8008,3.2);
#8008 = AXIS2_PLACEMENT_3D('',#8009,#8010,#8011);
#8009 = CARTESIAN_POINT('',(0.,2.4,0.));
#8010 = DIRECTION('',(0.,-1.,0.));
#8011 = DIRECTION('',(0.,0.,-1.));
#8012 = PCURVE('',#7965,#8013);
#8013 = DEFINITIONAL_REPRESENTATION('',(#8014),#8018);
#8014 = LINE('',#8015,#8016);
#8015 = CARTESIAN_POINT('',(0.,7.853981633974));
#8016 = VECTOR('',#8017,1.);
#8017 = DIRECTION('',(1.,0.));
#8018 = ( GEOMETRIC_REPRESENTATION_CONTEXT(2) 
PARAMETRIC_REPRESENTATION_CONTEXT() REPRESENTATION_CONTEXT('2D SPACE',''
  ) );
#8019 = ORIENTED_EDGE('',*,*,#7977,.F.);
#8020 = SHELL_BASED_SURFACE_MODEL('',(#8021));
#8021 = OPEN_SHELL('',(#8022));
#8022 = ADVANCED_FACE('',(#8023),#8036,.T.);
#8023 = FACE_BOUND('',#8024,.T.);
#8024 = EDGE_LOOP('',(#8025,#8047,#8075,#8090));
#8025 = ORIENTED_EDGE('',*,*,#8026,.T.);
#8026 = EDGE_CURVE('',#8027,#8027,#8029,.T.);
#8027 = VERTEX_POINT('',#8028);
#8028 = CARTESIAN_POINT('',(-3.918869757272E-16,2.2,3.2));
#8029 = SURFACE_CURVE('',#8030,(#8035),.PCURVE_S1.);
#8030 = CIRCLE('',#8031,3.2);
#8031 = AXIS2_PLACEMENT_3D('',#8032,#8033,#8034);
#8032 = CARTESIAN_POINT('',(0.,2.2,0.));
#8033 = DIRECTION('',(0.,-1.,0.));
#8034 = DIRECTION('',(0.,0.,-1.));
#8035 = PCURVE('',#8036,#8041);
#8036 = TOROIDAL_SURFACE('',#8037,3.2,0.1);
#8037 = AXIS2_PLACEMENT_3D('',#8038,#8039,#8040);
#8038 = CARTESIAN_POINT('',(0.,2.3,0.));
#8039 = DIRECTION('',(0.,-1.,0.));
#8040 = DIRECTION('',(0.,0.,-1.));
#8041 = DEFINITIONAL_REPRESENTATION('',(#8042),#8046);
#8042 = LINE('',#8043,#8044);
#8043 = CARTESIAN_POINT('',(0.,1.570796326795));
#8044 = VECTOR('',#8045,1.);
#8045 = DIRECTION('',(1.,0.));
#8046 = ( GEOMETRIC_REPRESENTATION_CONTEXT(2) 
PARAMETRIC_REPRESENTATION_CONTEXT() REPRESENTATION_CONTEXT('2D SPACE',''
  ) );
#8047 = ORIENTED_EDGE('',*,*,#8048,.T.);
#8048 = EDGE_CURVE('',#8027,#8049,#8051,.T.);
#8049 = VERTEX_POINT('',#8050);
#8050 = CARTESIAN_POINT('',(-3.918869757272E-16,2.4,3.2));
#8051 = SEAM_CURVE('',#8052,(#8061,#8068),.PCURVE_S1.);
#8052 = B_SPLINE_CURVE_WITH_KNOTS('',7,(#8053,#8054,#8055,#8056,#8057,
    #8058,#8059,#8060),.UNSPECIFIED.,.F.,.F.,(8,8),(1.570796326795,
    4.712388980385),.PIECEWISE_BEZIER_KNOTS.);
#8053 = CARTESIAN_POINT('',(3.918869757272E-16,2.2,3.2));
#8054 = CARTESIAN_POINT('',(3.863907737451E-16,2.2,3.155120104949));
#8055 = CARTESIAN_POINT('',(3.808993839116E-16,2.223504371268,
    3.110279504073));
#8056 = CARTESIAN_POINT('',(3.771855246866E-16,2.270462426176,
    3.079953542108));
#8057 = CARTESIAN_POINT('',(3.771855246865E-16,2.329537573824,
    3.079953542108));
#8058 = CARTESIAN_POINT('',(3.808993839116E-16,2.376495628732,
    3.110279504073));
#8059 = CARTESIAN_POINT('',(3.863907737451E-16,2.4,3.155120104949));
#8060 = CARTESIAN_POINT('',(3.918869757272E-16,2.4,3.2));
#8061 = PCURVE('',#8036,#8062);
#8062 = DEFINITIONAL_REPRESENTATION('',(#8063),#8067);
#8063 = LINE('',#8064,#8065);
#8064 = CARTESIAN_POINT('',(9.424777960769,0.));
#8065 = VECTOR('',#8066,1.);
#8066 = DIRECTION('',(0.,1.));
#8067 = ( GEOMETRIC_REPRESENTATION_CONTEXT(2) 
PARAMETRIC_REPRESENTATION_CONTEXT() REPRESENTATION_CONTEXT('2D SPACE',''
  ) );
#8068 = PCURVE('',#8036,#8069);
#8069 = DEFINITIONAL_REPRESENTATION('',(#8070),#8074);
#8070 = LINE('',#8071,#8072);
#8071 = CARTESIAN_POINT('',(3.14159265359,0.));
#8072 = VECTOR('',#8073,1.);
#8073 = DIRECTION('',(0.,1.));
#8074 = ( GEOMETRIC_REPRESENTATION_CONTEXT(2) 
PARAMETRIC_REPRESENTATION_CONTEXT() REPRESENTATION_CONTEXT('2D SPACE',''
  ) );
#8075 = ORIENTED_EDGE('',*,*,#8076,.F.);
#8076 = EDGE_CURVE('',#8049,#8049,#8077,.T.);
#8077 = SURFACE_CURVE('',#8078,(#8083),.PCURVE_S1.);
#8078 = CIRCLE('',#8079,3.2);
#8079 = AXIS2_PLACEMENT_3D('',#8080,#8081,#8082);
#8080 = CARTESIAN_POINT('',(0.,2.4,0.));
#8081 = DIRECTION('',(0.,-1.,0.));
#8082 = DIRECTION('',(0.,0.,-1.));
#8083 = PCURVE('',#8036,#8084);
#8084 = DEFINITIONAL_REPRESENTATION('',(#8085),#8089);
#8085 = LINE('',#8086,#8087);
#8086 = CARTESIAN_POINT('',(0.,4.712388980385));
#8087 = VECTOR('',#8088,1.);
#8088 = DIRECTION('',(1.,0.));
#8089 = ( GEOMETRIC_REPRESENTATION_CONTEXT(2) 
PARAMETRIC_REPRESENTATION_CONTEXT() REPRESENTATION_CONTEXT('2D SPACE',''
  ) );
#8090 = ORIENTED_EDGE('',*,*,#8048,.F.);
#8091 = SHELL_BASED_SURFACE_MODEL('',(#8092));
#8092 = OPEN_SHELL('',(#8093));
#8093 = ADVANCED_FACE('',(#8094),#8107,.T.);
#8094 = FACE_BOUND('',#8095,.T.);
#8095 = EDGE_LOOP('',(#8096,#8118,#8146,#8161));
#8096 = ORIENTED_EDGE('',*,*,#8097,.T.);
#8097 = EDGE_CURVE('',#8098,#8098,#8100,.T.);
#8098 = VERTEX_POINT('',#8099);
#8099 = CARTESIAN_POINT('',(-3.918869757272E-16,2.4,3.2));
#8100 = SURFACE_CURVE('',#8101,(#8106),.PCURVE_S1.);
#8101 = CIRCLE('',#8102,3.2);
#8102 = AXIS2_PLACEMENT_3D('',#8103,#8104,#8105);
#8103 = CARTESIAN_POINT('',(0.,2.4,0.));
#8104 = DIRECTION('',(0.,-1.,0.));
#8105 = DIRECTION('',(0.,0.,-1.));
#8106 = PCURVE('',#8107,#8112);
#8107 = TOROIDAL_SURFACE('',#8108,3.2,0.1);
#8108 = AXIS2_PLACEMENT_3D('',#8109,#8110,#8111);
#8109 = CARTESIAN_POINT('',(0.,2.3,0.));
#8110 = DIRECTION('',(0.,-1.,0.));
#8111 = DIRECTION('',(0.,0.,-1.));
#8112 = DEFINITIONAL_REPRESENTATION('',(#8113),#8117);
#8113 = LINE('',#8114,#8115);
#8114 = CARTESIAN_POINT('',(0.,4.712388980385));
#8115 = VECTOR('',#8116,1.);
#8116 = DIRECTION('',(1.,0.));
#8117 = ( GEOMETRIC_REPRESENTATION_CONTEXT(2) 
PARAMETRIC_REPRESENTATION_CONTEXT() REPRESENTATION_CONTEXT('2D SPACE',''
  ) );
#8118 = ORIENTED_EDGE('',*,*,#8119,.T.);
#8119 = EDGE_CURVE('',#8098,#8120,#8122,.T.);
#8120 = VERTEX_POINT('',#8121);
#8121 = CARTESIAN_POINT('',(-3.918869757272E-16,2.2,3.2));
#8122 = SEAM_CURVE('',#8123,(#8132,#8139),.PCURVE_S1.);
#8123 = B_SPLINE_CURVE_WITH_KNOTS('',7,(#8124,#8125,#8126,#8127,#8128,
    #8129,#8130,#8131),.UNSPECIFIED.,.F.,.F.,(8,8),(4.712388980385,
    7.853981633974),.PIECEWISE_BEZIER_KNOTS.);
#8124 = CARTESIAN_POINT('',(3.918869757272E-16,2.4,3.2));
#8125 = CARTESIAN_POINT('',(3.973831777092E-16,2.4,3.244879895051));
#8126 = CARTESIAN_POINT('',(4.028745675427E-16,2.376495628732,
    3.289720495927));
#8127 = CARTESIAN_POINT('',(4.065884267678E-16,2.329537573824,
    3.320046457892));
#8128 = CARTESIAN_POINT('',(4.065884267677E-16,2.270462426176,
    3.320046457892));
#8129 = CARTESIAN_POINT('',(4.028745675427E-16,2.223504371268,
    3.289720495927));
#8130 = CARTESIAN_POINT('',(3.973831777092E-16,2.2,3.244879895051));
#8131 = CARTESIAN_POINT('',(3.918869757272E-16,2.2,3.2));
#8132 = PCURVE('',#8107,#8133);
#8133 = DEFINITIONAL_REPRESENTATION('',(#8134),#8138);
#8134 = LINE('',#8135,#8136);
#8135 = CARTESIAN_POINT('',(9.424777960769,0.));
#8136 = VECTOR('',#8137,1.);
#8137 = DIRECTION('',(0.,1.));
#8138 = ( GEOMETRIC_REPRESENTATION_CONTEXT(2) 
PARAMETRIC_REPRESENTATION_CONTEXT() REPRESENTATION_CONTEXT('2D SPACE',''
  ) );
#8139 = PCURVE('',#8107,#8140);
#8140 = DEFINITIONAL_REPRESENTATION('',(#8141),#8145);
#8141 = LINE('',#8142,#8143);
#8142 = CARTESIAN_POINT('',(3.14159265359,0.));
#8143 = VECTOR('',#8144,1.);
#8144 = DIRECTION('',(0.,1.));
#8145 = ( GEOMETRIC_REPRESENTATION_CONTEXT(2) 
PARAMETRIC_REPRESENTATION_CONTEXT() REPRESENTATION_CONTEXT('2D SPACE',''
  ) );
#8146 = ORIENTED_EDGE('',*,*,#8147,.F.);
#8147 = EDGE_CURVE('',#8120,#8120,#8148,.T.);
#8148 = SURFACE_CURVE('',#8149,(#8154),.PCURVE_S1.);
#8149 = CIRCLE('',#8150,3.2);
#8150 = AXIS2_PLACEMENT_3D('',#8151,#8152,#8153);
#8151 = CARTESIAN_POINT('',(0.,2.2,0.));
#8152 = DIRECTION('',(0.,-1.,0.));
#8153 = DIRECTION('',(0.,0.,-1.));
#8154 = PCURVE('',#8107,#8155);
#8155 = DEFINITIONAL_REPRESENTATION('',(#8156),#8160);
#8156 = LINE('',#8157,#8158);
#8157 = CARTESIAN_POINT('',(0.,7.853981633974));
#8158 = VECTOR('',#8159,1.);
#8159 = DIRECTION('',(1.,0.));
#8160 = ( GEOMETRIC_REPRESENTATION_CONTEXT(2) 
PARAMETRIC_REPRESENTATION_CONTEXT() REPRESENTATION_CONTEXT('2D SPACE',''
  ) );
#8161 = ORIENTED_EDGE('',*,*,#8119,.F.);
#8162 = SHELL_BASED_SURFACE_MODEL('',(#8163));
#8163 = OPEN_SHELL('',(#8164));
#8164 = ADVANCED_FACE('',(#8165),#8178,.T.);
#8165 = FACE_BOUND('',#8166,.T.);
#8166 = EDGE_LOOP('',(#8167,#8189,#8217,#8232));
#8167 = ORIENTED_EDGE('',*,*,#8168,.T.);
#8168 = EDGE_CURVE('',#8169,#8169,#8171,.T.);
#8169 = VERTEX_POINT('',#8170);
#8170 = CARTESIAN_POINT('',(-3.918869757272E-16,2.,3.2));
#8171 = SURFACE_CURVE('',#8172,(#8177),.PCURVE_S1.);
#8172 = CIRCLE('',#8173,3.2);
#8173 = AXIS2_PLACEMENT_3D('',#8174,#8175,#8176);
#8174 = CARTESIAN_POINT('',(0.,2.,0.));
#8175 = DIRECTION('',(0.,-1.,0.));
#8176 = DIRECTION('',(0.,0.,-1.));
#8177 = PCURVE('',#8178,#8183);
#8178 = TOROIDAL_SURFACE('',#8179,3.2,0.1);
#8179 = AXIS2_PLACEMENT_3D('',#8180,#8181,#8182);
#8180 = CARTESIAN_POINT('',(0.,2.1,0.));
#8181 = DIRECTION('',(0.,-1.,0.));
#8182 = DIRECTION('',(0.,0.,-1.));
#8183 = DEFINITIONAL_REPRESENTATION('',(#8184),#8188);
#8184 = LINE('',#8185,#8186);
#8185 = CARTESIAN_POINT('',(0.,1.570796326795));
#8186 = VECTOR('',#8187,1.);
#8187 = DIRECTION('',(1.,0.));
#8188 = ( GEOMETRIC_REPRESENTATION_CONTEXT(2) 
PARAMETRIC_REPRESENTATION_CONTEXT() REPRESENTATION_CONTEXT('2D SPACE',''
  ) );
#8189 = ORIENTED_EDGE('',*,*,#8190,.T.);
#8190 = EDGE_CURVE('',#8169,#8191,#8193,.T.);
#8191 = VERTEX_POINT('',#8192);
#8192 = CARTESIAN_POINT('',(-3.918869757272E-16,2.2,3.2));
#8193 = SEAM_CURVE('',#8194,(#8203,#8210),.PCURVE_S1.);
#8194 = B_SPLINE_CURVE_WITH_KNOTS('',7,(#8195,#8196,#8197,#8198,#8199,
    #8200,#8201,#8202),.UNSPECIFIED.,.F.,.F.,(8,8),(1.570796326795,
    4.712388980385),.PIECEWISE_BEZIER_KNOTS.);
#8195 = CARTESIAN_POINT('',(3.918869757272E-16,2.,3.2));
#8196 = CARTESIAN_POINT('',(3.863907737451E-16,2.,3.155120104949));
#8197 = CARTESIAN_POINT('',(3.808993839116E-16,2.023504371268,
    3.110279504073));
#8198 = CARTESIAN_POINT('',(3.771855246866E-16,2.070462426176,
    3.079953542108));
#8199 = CARTESIAN_POINT('',(3.771855246865E-16,2.129537573824,
    3.079953542108));
#8200 = CARTESIAN_POINT('',(3.808993839116E-16,2.176495628732,
    3.110279504073));
#8201 = CARTESIAN_POINT('',(3.863907737451E-16,2.2,3.155120104949));
#8202 = CARTESIAN_POINT('',(3.918869757272E-16,2.2,3.2));
#8203 = PCURVE('',#8178,#8204);
#8204 = DEFINITIONAL_REPRESENTATION('',(#8205),#8209);
#8205 = LINE('',#8206,#8207);
#8206 = CARTESIAN_POINT('',(9.424777960769,0.));
#8207 = VECTOR('',#8208,1.);
#8208 = DIRECTION('',(0.,1.));
#8209 = ( GEOMETRIC_REPRESENTATION_CONTEXT(2) 
PARAMETRIC_REPRESENTATION_CONTEXT() REPRESENTATION_CONTEXT('2D SPACE',''
  ) );
#8210 = PCURVE('',#8178,#8211);
#8211 = DEFINITIONAL_REPRESENTATION('',(#8212),#8216);
#8212 = LINE('',#8213,#8214);
#8213 = CARTESIAN_POINT('',(3.14159265359,0.));
#8214 = VECTOR('',#8215,1.);
#8215 = DIRECTION('',(0.,1.));
#8216 = ( GEOMETRIC_REPRESENTATION_CONTEXT(2) 
PARAMETRIC_REPRESENTATION_CONTEXT() REPRESENTATION_CONTEXT('2D SPACE',''
  ) );
#8217 = ORIENTED_EDGE('',*,*,#8218,.F.);
#8218 = EDGE_CURVE('',#8191,#8191,#8219,.T.);
#8219 = SURFACE_CURVE('',#8220,(#8225),.PCURVE_S1.);
#8220 = CIRCLE('',#8221,3.2);
#8221 = AXIS2_PLACEMENT_3D('',#8222,#8223,#8224);
#8222 = CARTESIAN_POINT('',(0.,2.2,0.));
#8223 = DIRECTION('',(0.,-1.,0.));
#8224 = DIRECTION('',(0.,0.,-1.));
#8225 = PCURVE('',#8178,#8226);
#8226 = DEFINITIONAL_REPRESENTATION('',(#8227),#8231);
#8227 = LINE('',#8228,#8229);
#8228 = CARTESIAN_POINT('',(0.,4.712388980385));
#8229 = VECTOR('',#8230,1.);
#8230 = DIRECTION('',(1.,0.));
#8231 = ( GEOMETRIC_REPRESENTATION_CONTEXT(2) 
PARAMETRIC_REPRESENTATION_CONTEXT() REPRESENTATION_CONTEXT('2D SPACE',''
  ) );
#8232 = ORIENTED_EDGE('',*,*,#8190,.F.);
#8233 = SHELL_BASED_SURFACE_MODEL('',(#8234));
#8234 = OPEN_SHELL('',(#8235));
#8235 = ADVANCED_FACE('',(#8236),#8249,.T.);
#8236 = FACE_BOUND('',#8237,.T.);
#8237 = EDGE_LOOP('',(#8238,#8260,#8288,#8303));
#8238 = ORIENTED_EDGE('',*,*,#8239,.T.);
#8239 = EDGE_CURVE('',#8240,#8240,#8242,.T.);
#8240 = VERTEX_POINT('',#8241);
#8241 = CARTESIAN_POINT('',(-3.918869757272E-16,2.2,3.2));
#8242 = SURFACE_CURVE('',#8243,(#8248),.PCURVE_S1.);
#8243 = CIRCLE('',#8244,3.2);
#8244 = AXIS2_PLACEMENT_3D('',#8245,#8246,#8247);
#8245 = CARTESIAN_POINT('',(0.,2.2,0.));
#8246 = DIRECTION('',(0.,-1.,0.));
#8247 = DIRECTION('',(0.,0.,-1.));
#8248 = PCURVE('',#8249,#8254);
#8249 = TOROIDAL_SURFACE('',#8250,3.2,0.1);
#8250 = AXIS2_PLACEMENT_3D('',#8251,#8252,#8253);
#8251 = CARTESIAN_POINT('',(0.,2.1,0.));
#8252 = DIRECTION('',(0.,-1.,0.));
#8253 = DIRECTION('',(0.,0.,-1.));
#8254 = DEFINITIONAL_REPRESENTATION('',(#8255),#8259);
#8255 = LINE('',#8256,#8257);
#8256 = CARTESIAN_POINT('',(0.,4.712388980385));
#8257 = VECTOR('',#8258,1.);
#8258 = DIRECTION('',(1.,0.));
#8259 = ( GEOMETRIC_REPRESENTATION_CONTEXT(2) 
PARAMETRIC_REPRESENTATION_CONTEXT() REPRESENTATION_CONTEXT('2D SPACE',''
  ) );
#8260 = ORIENTED_EDGE('',*,*,#8261,.T.);
#8261 = EDGE_CURVE('',#8240,#8262,#8264,.T.);
#8262 = VERTEX_POINT('',#8263);
#8263 = CARTESIAN_POINT('',(-3.918869757272E-16,2.,3.2));
#8264 = SEAM_CURVE('',#8265,(#8274,#8281),.PCURVE_S1.);
#8265 = B_SPLINE_CURVE_WITH_KNOTS('',7,(#8266,#8267,#8268,#8269,#8270,
    #8271,#8272,#8273),.UNSPECIFIED.,.F.,.F.,(8,8),(4.712388980385,
    7.853981633974),.PIECEWISE_BEZIER_KNOTS.);
#8266 = CARTESIAN_POINT('',(3.918869757272E-16,2.2,3.2));
#8267 = CARTESIAN_POINT('',(3.973831777092E-16,2.2,3.244879895051));
#8268 = CARTESIAN_POINT('',(4.028745675427E-16,2.176495628732,
    3.289720495927));
#8269 = CARTESIAN_POINT('',(4.065884267678E-16,2.129537573824,
    3.320046457892));
#8270 = CARTESIAN_POINT('',(4.065884267677E-16,2.070462426176,
    3.320046457892));
#8271 = CARTESIAN_POINT('',(4.028745675427E-16,2.023504371268,
    3.289720495927));
#8272 = CARTESIAN_POINT('',(3.973831777092E-16,2.,3.244879895051));
#8273 = CARTESIAN_POINT('',(3.918869757272E-16,2.,3.2));
#8274 = PCURVE('',#8249,#8275);
#8275 = DEFINITIONAL_REPRESENTATION('',(#8276),#8280);
#8276 = LINE('',#8277,#8278);
#8277 = CARTESIAN_POINT('',(9.424777960769,0.));
#8278 = VECTOR('',#8279,1.);
#8279 = DIRECTION('',(0.,1.));
#8280 = ( GEOMETRIC_REPRESENTATION_CONTEXT(2) 
PARAMETRIC_REPRESENTATION_CONTEXT() REPRESENTATION_CONTEXT('2D SPACE',''
  ) );
#8281 = PCURVE('',#8249,#8282);
#8282 = DEFINITIONAL_REPRESENTATION('',(#8283),#8287);
#8283 = LINE('',#8284,#8285);
#8284 = CARTESIAN_POINT('',(3.14159265359,0.));
#8285 = VECTOR('',#8286,1.);
#8286 = DIRECTION('',(0.,1.));
#8287 = ( GEOMETRIC_REPRESENTATION_CONTEXT(2) 
PARAMETRIC_REPRESENTATION_CONTEXT() REPRESENTATION_CONTEXT('2D SPACE',''
  ) );
#8288 = ORIENTED_EDGE('',*,*,#8289,.F.);
#8289 = EDGE_CURVE('',#8262,#8262,#8290,.T.);
#8290 = SURFACE_CURVE('',#8291,(#8296),.PCURVE_S1.);
#8291 = CIRCLE('',#8292,3.2);
#8292 = AXIS2_PLACEMENT_3D('',#8293,#8294,#8295);
#8293 = CARTESIAN_POINT('',(0.,2.,0.));
#8294 = DIRECTION('',(0.,-1.,0.));
#8295 = DIRECTION('',(0.,0.,-1.));
#8296 = PCURVE('',#8249,#8297);
#8297 = DEFINITIONAL_REPRESENTATION('',(#8298),#8302);
#8298 = LINE('',#8299,#8300);
#8299 = CARTESIAN_POINT('',(0.,7.853981633974));
#8300 = VECTOR('',#8301,1.);
#8301 = DIRECTION('',(1.,0.));
#8302 = ( GEOMETRIC_REPRESENTATION_CONTEXT(2) 
PARAMETRIC_REPRESENTATION_CONTEXT() REPRESENTATION_CONTEXT('2D SPACE',''
  ) );
#8303 = ORIENTED_EDGE('',*,*,#8261,.F.);
#8304 = SHELL_BASED_SURFACE_MODEL('',(#8305));
#8305 = OPEN_SHELL('',(#8306));
#8306 = ADVANCED_FACE('',(#8307),#8320,.T.);
#8307 = FACE_BOUND('',#8308,.T.);
#8308 = EDGE_LOOP('',(#8309,#8331,#8359,#8374));
#8309 = ORIENTED_EDGE('',*,*,#8310,.T.);
#8310 = EDGE_CURVE('',#8311,#8311,#8313,.T.);
#8311 = VERTEX_POINT('',#8312);
#8312 = CARTESIAN_POINT('',(-3.918869757272E-16,1.8,3.2));
#8313 = SURFACE_CURVE('',#8314,(#8319),.PCURVE_S1.);
#8314 = CIRCLE('',#8315,3.2);
#8315 = AXIS2_PLACEMENT_3D('',#8316,#8317,#8318);
#8316 = CARTESIAN_POINT('',(0.,1.8,0.));
#8317 = DIRECTION('',(0.,-1.,0.));
#8318 = DIRECTION('',(0.,0.,-1.));
#8319 = PCURVE('',#8320,#8325);
#8320 = TOROIDAL_SURFACE('',#8321,3.2,0.1);
#8321 = AXIS2_PLACEMENT_3D('',#8322,#8323,#8324);
#8322 = CARTESIAN_POINT('',(0.,1.9,0.));
#8323 = DIRECTION('',(0.,-1.,0.));
#8324 = DIRECTION('',(0.,0.,-1.));
#8325 = DEFINITIONAL_REPRESENTATION('',(#8326),#8330);
#8326 = LINE('',#8327,#8328);
#8327 = CARTESIAN_POINT('',(0.,1.570796326795));
#8328 = VECTOR('',#8329,1.);
#8329 = DIRECTION('',(1.,0.));
#8330 = ( GEOMETRIC_REPRESENTATION_CONTEXT(2) 
PARAMETRIC_REPRESENTATION_CONTEXT() REPRESENTATION_CONTEXT('2D SPACE',''
  ) );
#8331 = ORIENTED_EDGE('',*,*,#8332,.T.);
#8332 = EDGE_CURVE('',#8311,#8333,#8335,.T.);
#8333 = VERTEX_POINT('',#8334);
#8334 = CARTESIAN_POINT('',(-3.918869757272E-16,2.,3.2));
#8335 = SEAM_CURVE('',#8336,(#8345,#8352),.PCURVE_S1.);
#8336 = B_SPLINE_CURVE_WITH_KNOTS('',7,(#8337,#8338,#8339,#8340,#8341,
    #8342,#8343,#8344),.UNSPECIFIED.,.F.,.F.,(8,8),(1.570796326795,
    4.712388980385),.PIECEWISE_BEZIER_KNOTS.);
#8337 = CARTESIAN_POINT('',(3.918869757272E-16,1.8,3.2));
#8338 = CARTESIAN_POINT('',(3.863907737451E-16,1.8,3.155120104949));
#8339 = CARTESIAN_POINT('',(3.808993839116E-16,1.823504371268,
    3.110279504073));
#8340 = CARTESIAN_POINT('',(3.771855246866E-16,1.870462426176,
    3.079953542108));
#8341 = CARTESIAN_POINT('',(3.771855246865E-16,1.929537573824,
    3.079953542108));
#8342 = CARTESIAN_POINT('',(3.808993839116E-16,1.976495628732,
    3.110279504073));
#8343 = CARTESIAN_POINT('',(3.863907737451E-16,2.,3.155120104949));
#8344 = CARTESIAN_POINT('',(3.918869757272E-16,2.,3.2));
#8345 = PCURVE('',#8320,#8346);
#8346 = DEFINITIONAL_REPRESENTATION('',(#8347),#8351);
#8347 = LINE('',#8348,#8349);
#8348 = CARTESIAN_POINT('',(9.424777960769,0.));
#8349 = VECTOR('',#8350,1.);
#8350 = DIRECTION('',(0.,1.));
#8351 = ( GEOMETRIC_REPRESENTATION_CONTEXT(2) 
PARAMETRIC_REPRESENTATION_CONTEXT() REPRESENTATION_CONTEXT('2D SPACE',''
  ) );
#8352 = PCURVE('',#8320,#8353);
#8353 = DEFINITIONAL_REPRESENTATION('',(#8354),#8358);
#8354 = LINE('',#8355,#8356);
#8355 = CARTESIAN_POINT('',(3.14159265359,0.));
#8356 = VECTOR('',#8357,1.);
#8357 = DIRECTION('',(0.,1.));
#8358 = ( GEOMETRIC_REPRESENTATION_CONTEXT(2) 
PARAMETRIC_REPRESENTATION_CONTEXT() REPRESENTATION_CONTEXT('2D SPACE',''
  ) );
#8359 = ORIENTED_EDGE('',*,*,#8360,.F.);
#8360 = EDGE_CURVE('',#8333,#8333,#8361,.T.);
#8361 = SURFACE_CURVE('',#8362,(#8367),.PCURVE_S1.);
#8362 = CIRCLE('',#8363,3.2);
#8363 = AXIS2_PLACEMENT_3D('',#8364,#8365,#8366);
#8364 = CARTESIAN_POINT('',(0.,2.,0.));
#8365 = DIRECTION('',(0.,-1.,0.));
#8366 = DIRECTION('',(0.,0.,-1.));
#8367 = PCURVE('',#8320,#8368);
#8368 = DEFINITIONAL_REPRESENTATION('',(#8369),#8373);
#8369 = LINE('',#8370,#8371);
#8370 = CARTESIAN_POINT('',(0.,4.712388980385));
#8371 = VECTOR('',#8372,1.);
#8372 = DIRECTION('',(1.,0.));
#8373 = ( GEOMETRIC_REPRESENTATION_CONTEXT(2) 
PARAMETRIC_REPRESENTATION_CONTEXT() REPRESENTATION_CONTEXT('2D SPACE',''
  ) );
#8374 = ORIENTED_EDGE('',*,*,#8332,.F.);
#8375 = SHELL_BASED_SURFACE_MODEL('',(#8376));
#8376 = OPEN_SHELL('',(#8377));
#8377 = ADVANCED_FACE('',(#8378),#8391,.T.);
#8378 = FACE_BOUND('',#8379,.T.);
#8379 = EDGE_LOOP('',(#8380,#8402,#8430,#8445));
#8380 = ORIENTED_EDGE('',*,*,#8381,.T.);
#8381 = EDGE_CURVE('',#8382,#8382,#8384,.T.);
#8382 = VERTEX_POINT('',#8383);
#8383 = CARTESIAN_POINT('',(-3.918869757272E-16,2.,3.2));
#8384 = SURFACE_CURVE('',#8385,(#8390),.PCURVE_S1.);
#8385 = CIRCLE('',#8386,3.2);
#8386 = AXIS2_PLACEMENT_3D('',#8387,#8388,#8389);
#8387 = CARTESIAN_POINT('',(0.,2.,0.));
#8388 = DIRECTION('',(0.,-1.,0.));
#8389 = DIRECTION('',(0.,0.,-1.));
#8390 = PCURVE('',#8391,#8396);
#8391 = TOROIDAL_SURFACE('',#8392,3.2,0.1);
#8392 = AXIS2_PLACEMENT_3D('',#8393,#8394,#8395);
#8393 = CARTESIAN_POINT('',(0.,1.9,0.));
#8394 = DIRECTION('',(0.,-1.,0.));
#8395 = DIRECTION('',(0.,0.,-1.));
#8396 = DEFINITIONAL_REPRESENTATION('',(#8397),#8401);
#8397 = LINE('',#8398,#8399);
#8398 = CARTESIAN_POINT('',(0.,4.712388980385));
#8399 = VECTOR('',#8400,1.);
#8400 = DIRECTION('',(1.,0.));
#8401 = ( GEOMETRIC_REPRESENTATION_CONTEXT(2) 
PARAMETRIC_REPRESENTATION_CONTEXT() REPRESENTATION_CONTEXT('2D SPACE',''
  ) );
#8402 = ORIENTED_EDGE('',*,*,#8403,.T.);
#8403 = EDGE_CURVE('',#8382,#8404,#8406,.T.);
#8404 = VERTEX_POINT('',#8405);
#8405 = CARTESIAN_POINT('',(-3.918869757272E-16,1.8,3.2));
#8406 = SEAM_CURVE('',#8407,(#8416,#8423),.PCURVE_S1.);
#8407 = B_SPLINE_CURVE_WITH_KNOTS('',7,(#8408,#8409,#8410,#8411,#8412,
    #8413,#8414,#8415),.UNSPECIFIED.,.F.,.F.,(8,8),(4.712388980385,
    7.853981633974),.PIECEWISE_BEZIER_KNOTS.);
#8408 = CARTESIAN_POINT('',(3.918869757272E-16,2.,3.2));
#8409 = CARTESIAN_POINT('',(3.973831777092E-16,2.,3.244879895051));
#8410 = CARTESIAN_POINT('',(4.028745675427E-16,1.976495628732,
    3.289720495927));
#8411 = CARTESIAN_POINT('',(4.065884267678E-16,1.929537573824,
    3.320046457892));
#8412 = CARTESIAN_POINT('',(4.065884267677E-16,1.870462426176,
    3.320046457892));
#8413 = CARTESIAN_POINT('',(4.028745675427E-16,1.823504371268,
    3.289720495927));
#8414 = CARTESIAN_POINT('',(3.973831777092E-16,1.8,3.244879895051));
#8415 = CARTESIAN_POINT('',(3.918869757272E-16,1.8,3.2));
#8416 = PCURVE('',#8391,#8417);
#8417 = DEFINITIONAL_REPRESENTATION('',(#8418),#8422);
#8418 = LINE('',#8419,#8420);
#8419 = CARTESIAN_POINT('',(9.424777960769,0.));
#8420 = VECTOR('',#8421,1.);
#8421 = DIRECTION('',(0.,1.));
#8422 = ( GEOMETRIC_REPRESENTATION_CONTEXT(2) 
PARAMETRIC_REPRESENTATION_CONTEXT() REPRESENTATION_CONTEXT('2D SPACE',''
  ) );
#8423 = PCURVE('',#8391,#8424);
#8424 = DEFINITIONAL_REPRESENTATION('',(#8425),#8429);
#8425 = LINE('',#8426,#8427);
#8426 = CARTESIAN_POINT('',(3.14159265359,0.));
#8427 = VECTOR('',#8428,1.);
#8428 = DIRECTION('',(0.,1.));
#8429 = ( GEOMETRIC_REPRESENTATION_CONTEXT(2) 
PARAMETRIC_REPRESENTATION_CONTEXT() REPRESENTATION_CONTEXT('2D SPACE',''
  ) );
#8430 = ORIENTED_EDGE('',*,*,#8431,.F.);
#8431 = EDGE_CURVE('',#8404,#8404,#8432,.T.);
#8432 = SURFACE_CURVE('',#8433,(#8438),.PCURVE_S1.);
#8433 = CIRCLE('',#8434,3.2);
#8434 = AXIS2_PLACEMENT_3D('',#8435,#8436,#8437);
#8435 = CARTESIAN_POINT('',(0.,1.8,0.));
#8436 = DIRECTION('',(0.,-1.,0.));
#8437 = DIRECTION('',(0.,0.,-1.));
#8438 = PCURVE('',#8391,#8439);
#8439 = DEFINITIONAL_REPRESENTATION('',(#8440),#8444);
#8440 = LINE('',#8441,#8442);
#8441 = CARTESIAN_POINT('',(0.,7.853981633974));
#8442 = VECTOR('',#8443,1.);
#8443 = DIRECTION('',(1.,0.));
#8444 = ( GEOMETRIC_REPRESENTATION_CONTEXT(2) 
PARAMETRIC_REPRESENTATION_CONTEXT() REPRESENTATION_CONTEXT('2D SPACE',''
  ) );
#8445 = ORIENTED_EDGE('',*,*,#8403,.F.);
#8446 = SHELL_BASED_SURFACE_MODEL('',(#8447));
#8447 = OPEN_SHELL('',(#8448));
#8448 = ADVANCED_FACE('',(#8449),#8462,.T.);
#8449 = FACE_BOUND('',#8450,.T.);
#8450 = EDGE_LOOP('',(#8451,#8473,#8501,#8516));
#8451 = ORIENTED_EDGE('',*,*,#8452,.T.);
#8452 = EDGE_CURVE('',#8453,#8453,#8455,.T.);
#8453 = VERTEX_POINT('',#8454);
#8454 = CARTESIAN_POINT('',(-3.918869757272E-16,1.6,3.2));
#8455 = SURFACE_CURVE('',#8456,(#8461),.PCURVE_S1.);
#8456 = CIRCLE('',#8457,3.2);
#8457 = AXIS2_PLACEMENT_3D('',#8458,#8459,#8460);
#8458 = CARTESIAN_POINT('',(0.,1.6,0.));
#8459 = DIRECTION('',(0.,-1.,0.));
#8460 = DIRECTION('',(0.,0.,-1.));
#8461 = PCURVE('',#8462,#8467);
#8462 = TOROIDAL_SURFACE('',#8463,3.2,0.1);
#8463 = AXIS2_PLACEMENT_3D('',#8464,#8465,#8466);
#8464 = CARTESIAN_POINT('',(0.,1.7,0.));
#8465 = DIRECTION('',(0.,-1.,0.));
#8466 = DIRECTION('',(0.,0.,-1.));
#8467 = DEFINITIONAL_REPRESENTATION('',(#8468),#8472);
#8468 = LINE('',#8469,#8470);
#8469 = CARTESIAN_POINT('',(0.,1.570796326795));
#8470 = VECTOR('',#8471,1.);
#8471 = DIRECTION('',(1.,0.));
#8472 = ( GEOMETRIC_REPRESENTATION_CONTEXT(2) 
PARAMETRIC_REPRESENTATION_CONTEXT() REPRESENTATION_CONTEXT('2D SPACE',''
  ) );
#8473 = ORIENTED_EDGE('',*,*,#8474,.T.);
#8474 = EDGE_CURVE('',#8453,#8475,#8477,.T.);
#8475 = VERTEX_POINT('',#8476);
#8476 = CARTESIAN_POINT('',(-3.918869757272E-16,1.8,3.2));
#8477 = SEAM_CURVE('',#8478,(#8487,#8494),.PCURVE_S1.);
#8478 = B_SPLINE_CURVE_WITH_KNOTS('',7,(#8479,#8480,#8481,#8482,#8483,
    #8484,#8485,#8486),.UNSPECIFIED.,.F.,.F.,(8,8),(1.570796326795,
    4.712388980385),.PIECEWISE_BEZIER_KNOTS.);
#8479 = CARTESIAN_POINT('',(3.918869757272E-16,1.6,3.2));
#8480 = CARTESIAN_POINT('',(3.863907737451E-16,1.6,3.155120104949));
#8481 = CARTESIAN_POINT('',(3.808993839116E-16,1.623504371268,
    3.110279504073));
#8482 = CARTESIAN_POINT('',(3.771855246866E-16,1.670462426176,
    3.079953542108));
#8483 = CARTESIAN_POINT('',(3.771855246865E-16,1.729537573824,
    3.079953542108));
#8484 = CARTESIAN_POINT('',(3.808993839116E-16,1.776495628732,
    3.110279504073));
#8485 = CARTESIAN_POINT('',(3.863907737451E-16,1.8,3.155120104949));
#8486 = CARTESIAN_POINT('',(3.918869757272E-16,1.8,3.2));
#8487 = PCURVE('',#8462,#8488);
#8488 = DEFINITIONAL_REPRESENTATION('',(#8489),#8493);
#8489 = LINE('',#8490,#8491);
#8490 = CARTESIAN_POINT('',(9.424777960769,0.));
#8491 = VECTOR('',#8492,1.);
#8492 = DIRECTION('',(0.,1.));
#8493 = ( GEOMETRIC_REPRESENTATION_CONTEXT(2) 
PARAMETRIC_REPRESENTATION_CONTEXT() REPRESENTATION_CONTEXT('2D SPACE',''
  ) );
#8494 = PCURVE('',#8462,#8495);
#8495 = DEFINITIONAL_REPRESENTATION('',(#8496),#8500);
#8496 = LINE('',#8497,#8498);
#8497 = CARTESIAN_POINT('',(3.14159265359,0.));
#8498 = VECTOR('',#8499,1.);
#8499 = DIRECTION('',(0.,1.));
#8500 = ( GEOMETRIC_REPRESENTATION_CONTEXT(2) 
PARAMETRIC_REPRESENTATION_CONTEXT() REPRESENTATION_CONTEXT('2D SPACE',''
  ) );
#8501 = ORIENTED_EDGE('',*,*,#8502,.F.);
#8502 = EDGE_CURVE('',#8475,#8475,#8503,.T.);
#8503 = SURFACE_CURVE('',#8504,(#8509),.PCURVE_S1.);
#8504 = CIRCLE('',#8505,3.2);
#8505 = AXIS2_PLACEMENT_3D('',#8506,#8507,#8508);
#8506 = CARTESIAN_POINT('',(0.,1.8,0.));
#8507 = DIRECTION('',(0.,-1.,0.));
#8508 = DIRECTION('',(0.,0.,-1.));
#8509 = PCURVE('',#8462,#8510);
#8510 = DEFINITIONAL_REPRESENTATION('',(#8511),#8515);
#8511 = LINE('',#8512,#8513);
#8512 = CARTESIAN_POINT('',(0.,4.712388980385));
#8513 = VECTOR('',#8514,1.);
#8514 = DIRECTION('',(1.,0.));
#8515 = ( GEOMETRIC_REPRESENTATION_CONTEXT(2) 
PARAMETRIC_REPRESENTATION_CONTEXT() REPRESENTATION_CONTEXT('2D SPACE',''
  ) );
#8516 = ORIENTED_EDGE('',*,*,#8474,.F.);
#8517 = SHELL_BASED_SURFACE_MODEL('',(#8518));
#8518 = OPEN_SHELL('',(#8519));
#8519 = ADVANCED_FACE('',(#8520),#8533,.T.);
#8520 = FACE_BOUND('',#8521,.T.);
#8521 = EDGE_LOOP('',(#8522,#8544,#8572,#8587));
#8522 = ORIENTED_EDGE('',*,*,#8523,.T.);
#8523 = EDGE_CURVE('',#8524,#8524,#8526,.T.);
#8524 = VERTEX_POINT('',#8525);
#8525 = CARTESIAN_POINT('',(-3.918869757272E-16,1.8,3.2));
#8526 = SURFACE_CURVE('',#8527,(#8532),.PCURVE_S1.);
#8527 = CIRCLE('',#8528,3.2);
#8528 = AXIS2_PLACEMENT_3D('',#8529,#8530,#8531);
#8529 = CARTESIAN_POINT('',(0.,1.8,0.));
#8530 = DIRECTION('',(0.,-1.,0.));
#8531 = DIRECTION('',(0.,0.,-1.));
#8532 = PCURVE('',#8533,#8538);
#8533 = TOROIDAL_SURFACE('',#8534,3.2,0.1);
#8534 = AXIS2_PLACEMENT_3D('',#8535,#8536,#8537);
#8535 = CARTESIAN_POINT('',(0.,1.7,0.));
#8536 = DIRECTION('',(0.,-1.,0.));
#8537 = DIRECTION('',(0.,0.,-1.));
#8538 = DEFINITIONAL_REPRESENTATION('',(#8539),#8543);
#8539 = LINE('',#8540,#8541);
#8540 = CARTESIAN_POINT('',(0.,4.712388980385));
#8541 = VECTOR('',#8542,1.);
#8542 = DIRECTION('',(1.,0.));
#8543 = ( GEOMETRIC_REPRESENTATION_CONTEXT(2) 
PARAMETRIC_REPRESENTATION_CONTEXT() REPRESENTATION_CONTEXT('2D SPACE',''
  ) );
#8544 = ORIENTED_EDGE('',*,*,#8545,.T.);
#8545 = EDGE_CURVE('',#8524,#8546,#8548,.T.);
#8546 = VERTEX_POINT('',#8547);
#8547 = CARTESIAN_POINT('',(-3.918869757272E-16,1.6,3.2));
#8548 = SEAM_CURVE('',#8549,(#8558,#8565),.PCURVE_S1.);
#8549 = B_SPLINE_CURVE_WITH_KNOTS('',7,(#8550,#8551,#8552,#8553,#8554,
    #8555,#8556,#8557),.UNSPECIFIED.,.F.,.F.,(8,8),(4.712388980385,
    7.853981633974),.PIECEWISE_BEZIER_KNOTS.);
#8550 = CARTESIAN_POINT('',(3.918869757272E-16,1.8,3.2));
#8551 = CARTESIAN_POINT('',(3.973831777092E-16,1.8,3.244879895051));
#8552 = CARTESIAN_POINT('',(4.028745675427E-16,1.776495628732,
    3.289720495927));
#8553 = CARTESIAN_POINT('',(4.065884267678E-16,1.729537573824,
    3.320046457892));
#8554 = CARTESIAN_POINT('',(4.065884267677E-16,1.670462426176,
    3.320046457892));
#8555 = CARTESIAN_POINT('',(4.028745675427E-16,1.623504371268,
    3.289720495927));
#8556 = CARTESIAN_POINT('',(3.973831777092E-16,1.6,3.244879895051));
#8557 = CARTESIAN_POINT('',(3.918869757272E-16,1.6,3.2));
#8558 = PCURVE('',#8533,#8559);
#8559 = DEFINITIONAL_REPRESENTATION('',(#8560),#8564);
#8560 = LINE('',#8561,#8562);
#8561 = CARTESIAN_POINT('',(9.424777960769,0.));
#8562 = VECTOR('',#8563,1.);
#8563 = DIRECTION('',(0.,1.));
#8564 = ( GEOMETRIC_REPRESENTATION_CONTEXT(2) 
PARAMETRIC_REPRESENTATION_CONTEXT() REPRESENTATION_CONTEXT('2D SPACE',''
  ) );
#8565 = PCURVE('',#8533,#8566);
#8566 = DEFINITIONAL_REPRESENTATION('',(#8567),#8571);
#8567 = LINE('',#8568,#8569);
#8568 = CARTESIAN_POINT('',(3.14159265359,0.));
#8569 = VECTOR('',#8570,1.);
#8570 = DIRECTION('',(0.,1.));
#8571 = ( GEOMETRIC_REPRESENTATION_CONTEXT(2) 
PARAMETRIC_REPRESENTATION_CONTEXT() REPRESENTATION_CONTEXT('2D SPACE',''
  ) );
#8572 = ORIENTED_EDGE('',*,*,#8573,.F.);
#8573 = EDGE_CURVE('',#8546,#8546,#8574,.T.);
#8574 = SURFACE_CURVE('',#8575,(#8580),.PCURVE_S1.);
#8575 = CIRCLE('',#8576,3.2);
#8576 = AXIS2_PLACEMENT_3D('',#8577,#8578,#8579);
#8577 = CARTESIAN_POINT('',(0.,1.6,0.));
#8578 = DIRECTION('',(0.,-1.,0.));
#8579 = DIRECTION('',(0.,0.,-1.));
#8580 = PCURVE('',#8533,#8581);
#8581 = DEFINITIONAL_REPRESENTATION('',(#8582),#8586);
#8582 = LINE('',#8583,#8584);
#8583 = CARTESIAN_POINT('',(0.,7.853981633974));
#8584 = VECTOR('',#8585,1.);
#8585 = DIRECTION('',(1.,0.));
#8586 = ( GEOMETRIC_REPRESENTATION_CONTEXT(2) 
PARAMETRIC_REPRESENTATION_CONTEXT() REPRESENTATION_CONTEXT('2D SPACE',''
  ) );
#8587 = ORIENTED_EDGE('',*,*,#8545,.F.);
#8588 = SHELL_BASED_SURFACE_MODEL('',(#8589));
#8589 = OPEN_SHELL('',(#8590));
#8590 = ADVANCED_FACE('',(#8591),#8604,.T.);
#8591 = FACE_BOUND('',#8592,.T.);
#8592 = EDGE_LOOP('',(#8593,#8615,#8643,#8658));
#8593 = ORIENTED_EDGE('',*,*,#8594,.T.);
#8594 = EDGE_CURVE('',#8595,#8595,#8597,.T.);
#8595 = VERTEX_POINT('',#8596);
#8596 = CARTESIAN_POINT('',(-3.918869757272E-16,3.4,3.2));
#8597 = SURFACE_CURVE('',#8598,(#8603),.PCURVE_S1.);
#8598 = CIRCLE('',#8599,3.2);
#8599 = AXIS2_PLACEMENT_3D('',#8600,#8601,#8602);
#8600 = CARTESIAN_POINT('',(0.,3.4,0.));
#8601 = DIRECTION('',(0.,-1.,0.));
#8602 = DIRECTION('',(0.,0.,-1.));
#8603 = PCURVE('',#8604,#8609);
#8604 = TOROIDAL_SURFACE('',#8605,3.2,0.1);
#8605 = AXIS2_PLACEMENT_3D('',#8606,#8607,#8608);
#8606 = CARTESIAN_POINT('',(0.,3.5,0.));
#8607 = DIRECTION('',(0.,-1.,0.));
#8608 = DIRECTION('',(0.,0.,-1.));
#8609 = DEFINITIONAL_REPRESENTATION('',(#8610),#8614);
#8610 = LINE('',#8611,#8612);
#8611 = CARTESIAN_POINT('',(0.,1.570796326795));
#8612 = VECTOR('',#8613,1.);
#8613 = DIRECTION('',(1.,0.));
#8614 = ( GEOMETRIC_REPRESENTATION_CONTEXT(2) 
PARAMETRIC_REPRESENTATION_CONTEXT() REPRESENTATION_CONTEXT('2D SPACE',''
  ) );
#8615 = ORIENTED_EDGE('',*,*,#8616,.T.);
#8616 = EDGE_CURVE('',#8595,#8617,#8619,.T.);
#8617 = VERTEX_POINT('',#8618);
#8618 = CARTESIAN_POINT('',(-3.918869757272E-16,3.6,3.2));
#8619 = SEAM_CURVE('',#8620,(#8629,#8636),.PCURVE_S1.);
#8620 = B_SPLINE_CURVE_WITH_KNOTS('',7,(#8621,#8622,#8623,#8624,#8625,
    #8626,#8627,#8628),.UNSPECIFIED.,.F.,.F.,(8,8),(1.570796326795,
    4.712388980385),.PIECEWISE_BEZIER_KNOTS.);
#8621 = CARTESIAN_POINT('',(3.918869757272E-16,3.4,3.2));
#8622 = CARTESIAN_POINT('',(3.863907737451E-16,3.4,3.155120104949));
#8623 = CARTESIAN_POINT('',(3.808993839116E-16,3.423504371268,
    3.110279504073));
#8624 = CARTESIAN_POINT('',(3.771855246866E-16,3.470462426176,
    3.079953542108));
#8625 = CARTESIAN_POINT('',(3.771855246865E-16,3.529537573824,
    3.079953542108));
#8626 = CARTESIAN_POINT('',(3.808993839116E-16,3.576495628732,
    3.110279504073));
#8627 = CARTESIAN_POINT('',(3.863907737451E-16,3.6,3.155120104949));
#8628 = CARTESIAN_POINT('',(3.918869757272E-16,3.6,3.2));
#8629 = PCURVE('',#8604,#8630);
#8630 = DEFINITIONAL_REPRESENTATION('',(#8631),#8635);
#8631 = LINE('',#8632,#8633);
#8632 = CARTESIAN_POINT('',(9.424777960769,0.));
#8633 = VECTOR('',#8634,1.);
#8634 = DIRECTION('',(0.,1.));
#8635 = ( GEOMETRIC_REPRESENTATION_CONTEXT(2) 
PARAMETRIC_REPRESENTATION_CONTEXT() REPRESENTATION_CONTEXT('2D SPACE',''
  ) );
#8636 = PCURVE('',#8604,#8637);
#8637 = DEFINITIONAL_REPRESENTATION('',(#8638),#8642);
#8638 = LINE('',#8639,#8640);
#8639 = CARTESIAN_POINT('',(3.14159265359,0.));
#8640 = VECTOR('',#8641,1.);
#8641 = DIRECTION('',(0.,1.));
#8642 = ( GEOMETRIC_REPRESENTATION_CONTEXT(2) 
PARAMETRIC_REPRESENTATION_CONTEXT() REPRESENTATION_CONTEXT('2D SPACE',''
  ) );
#8643 = ORIENTED_EDGE('',*,*,#8644,.F.);
#8644 = EDGE_CURVE('',#8617,#8617,#8645,.T.);
#8645 = SURFACE_CURVE('',#8646,(#8651),.PCURVE_S1.);
#8646 = CIRCLE('',#8647,3.2);
#8647 = AXIS2_PLACEMENT_3D('',#8648,#8649,#8650);
#8648 = CARTESIAN_POINT('',(0.,3.6,0.));
#8649 = DIRECTION('',(0.,-1.,0.));
#8650 = DIRECTION('',(0.,0.,-1.));
#8651 = PCURVE('',#8604,#8652);
#8652 = DEFINITIONAL_REPRESENTATION('',(#8653),#8657);
#8653 = LINE('',#8654,#8655);
#8654 = CARTESIAN_POINT('',(0.,4.712388980385));
#8655 = VECTOR('',#8656,1.);
#8656 = DIRECTION('',(1.,0.));
#8657 = ( GEOMETRIC_REPRESENTATION_CONTEXT(2) 
PARAMETRIC_REPRESENTATION_CONTEXT() REPRESENTATION_CONTEXT('2D SPACE',''
  ) );
#8658 = ORIENTED_EDGE('',*,*,#8616,.F.);
#8659 = GEOMETRIC_CURVE_SET('',(#8660));
#8660 = B_SPLINE_CURVE_WITH_KNOTS('',1,(#8661,#8662,#8663,#8664,#8665,
    #8666,#8667,#8668,#8669,#8670,#8671,#8672,#8673,#8674,#8675,#8676,
    #8677,#8678,#8679,#8680,#8681,#8682,#8683),.UNSPECIFIED.,.T.,.F.,(2,
    1,1,1,1,1,1,1,1,1,1,1,1,1,1,1,1,1,1,1,1,1,2),(0.,0.136322560021,
    0.272645120042,0.408967680063,0.545290240084,0.681612800104,
    0.817935360125,0.954257920146,1.090580480167,1.226903040188,
    1.363225600209,1.49954816023,1.635870720251,1.772193280272,
    1.908515840293,2.044838400313,2.181160960334,2.317483520355,
    2.453806080376,2.590128640397,2.726451200418,2.862773760439,
    2.99909632046),.UNSPECIFIED.);
#8661 = CARTESIAN_POINT('',(-1.5,0.6,0.));
#8662 = CARTESIAN_POINT('',(-1.5,0.6,1.161714262726E-15));
#8663 = CARTESIAN_POINT('',(-1.5,0.6,1.206478659457E-15));
#8664 = CARTESIAN_POINT('',(-1.5,0.6,1.118144947011E-15));
#8665 = CARTESIAN_POINT('',(-1.5,0.6,1.267530955605E-15));
#8666 = CARTESIAN_POINT('',(-1.5,0.6,1.15244142234E-15));
#8667 = CARTESIAN_POINT('',(-1.5,0.6,1.15244142234E-15));
#8668 = CARTESIAN_POINT('',(-1.5,0.6,1.077401312265E-15));
#8669 = CARTESIAN_POINT('',(-1.5,0.6,1.056025783288E-15));
#8670 = CARTESIAN_POINT('',(-1.5,0.6,1.085830793512E-15));
#8671 = CARTESIAN_POINT('',(-1.5,0.6,1.074585693022E-15));
#8672 = CARTESIAN_POINT('',(-1.5,0.6,7.771561172376E-16));
#8673 = CARTESIAN_POINT('',(-1.5,0.6,7.260714142039E-16));
#8674 = CARTESIAN_POINT('',(-1.5,0.6,6.635632627016E-16));
#8675 = CARTESIAN_POINT('',(-1.5,0.6,6.211916372284E-16));
#8676 = CARTESIAN_POINT('',(-1.5,0.6,6.337654778027E-16));
#8677 = CARTESIAN_POINT('',(-1.5,0.6,5.121961877065E-16));
#8678 = CARTESIAN_POINT('',(-1.5,0.6,5.121961877065E-16));
#8679 = CARTESIAN_POINT('',(-1.5,0.6,3.802592866816E-16));
#8680 = CARTESIAN_POINT('',(-1.5,0.6,4.969533097827E-16));
#8681 = CARTESIAN_POINT('',(-1.5,0.6,3.619435978372E-16));
#8682 = CARTESIAN_POINT('',(-1.5,0.6,3.485142788179E-16));
#8683 = CARTESIAN_POINT('',(-1.5,0.6,0.));
#8684 = GEOMETRIC_CURVE_SET('',(#8685));
#8685 = TRIMMED_CURVE('',#8686,(#8690,PARAMETER_VALUE(-2.088061301782)),
  (#8691,PARAMETER_VALUE(0.)),.T.,.PARAMETER.);
#8686 = LINE('',#8687,#8688);
#8687 = CARTESIAN_POINT('',(-1.5,0.6,0.));
#8688 = VECTOR('',#8689,1.);
#8689 = DIRECTION('',(0.,0.287347885566,0.957826285221));
#8690 = CARTESIAN_POINT('',(-1.5,0.,-2.));
#8691 = CARTESIAN_POINT('',(-1.5,0.6,0.));
#8692 = GEOMETRIC_CURVE_SET('',(#8693));
#8693 = TRIMMED_CURVE('',#8694,(#8699,PARAMETER_VALUE(5.825216674693E-02
      )),(#8700,PARAMETER_VALUE(1.91284260275)),.T.,.PARAMETER.);
#8694 = CIRCLE('',#8695,2.5);
#8695 = AXIS2_PLACEMENT_3D('',#8696,#8697,#8698);
#8696 = CARTESIAN_POINT('',(0.,0.,1.665334536938E-15));
#8697 = DIRECTION('',(0.,1.,0.));
#8698 = DIRECTION('',(-0.55240691121,0.,-0.833574594411));
#8699 = CARTESIAN_POINT('',(-1.5,0.,-2.));
#8700 = CARTESIAN_POINT('',(-1.5,0.,2.));
#8701 = GEOMETRIC_CURVE_SET('',(#8702));
#8702 = TRIMMED_CURVE('',#8703,(#8707,PARAMETER_VALUE(-2.088061301782)),
  (#8708,PARAMETER_VALUE(0.)),.T.,.PARAMETER.);
#8703 = LINE('',#8704,#8705);
#8704 = CARTESIAN_POINT('',(-1.5,0.,2.));
#8705 = VECTOR('',#8706,1.);
#8706 = DIRECTION('',(0.,-0.287347885566,0.957826285221));
#8707 = CARTESIAN_POINT('',(-1.5,0.6,0.));
#8708 = CARTESIAN_POINT('',(-1.5,0.,2.));
#8709 = GEOMETRIC_CURVE_SET('',(#8710));
#8710 = TRIMMED_CURVE('',#8711,(#8715,PARAMETER_VALUE(0.)),(#8716,
    PARAMETER_VALUE(2.088061301782)),.T.,.PARAMETER.);
#8711 = LINE('',#8712,#8713);
#8712 = CARTESIAN_POINT('',(-0.75,0.6,0.));
#8713 = VECTOR('',#8714,1.);
#8714 = DIRECTION('',(0.,-0.287347885566,-0.957826285221));
#8715 = CARTESIAN_POINT('',(-0.75,0.6,0.));
#8716 = CARTESIAN_POINT('',(-0.75,0.,-2.));
#8717 = GEOMETRIC_CURVE_SET('',(#8718));
#8718 = TRIMMED_CURVE('',#8719,(#8723,PARAMETER_VALUE(0.)),(#8724,
    PARAMETER_VALUE(0.75)),.T.,.PARAMETER.);
#8719 = LINE('',#8720,#8721);
#8720 = CARTESIAN_POINT('',(-0.75,0.6,0.));
#8721 = VECTOR('',#8722,1.);
#8722 = DIRECTION('',(-1.,0.,0.));
#8723 = CARTESIAN_POINT('',(-0.75,0.6,0.));
#8724 = CARTESIAN_POINT('',(-1.5,0.6,0.));
#8725 = GEOMETRIC_CURVE_SET('',(#8726));
#8726 = TRIMMED_CURVE('',#8727,(#8731,PARAMETER_VALUE(-2.088061301782)),
  (#8732,PARAMETER_VALUE(0.)),.T.,.PARAMETER.);
#8727 = LINE('',#8728,#8729);
#8728 = CARTESIAN_POINT('',(-1.5,0.6,0.));
#8729 = VECTOR('',#8730,1.);
#8730 = DIRECTION('',(0.,0.287347885566,0.957826285221));
#8731 = CARTESIAN_POINT('',(-1.5,0.,-2.));
#8732 = CARTESIAN_POINT('',(-1.5,0.6,0.));
#8733 = GEOMETRIC_CURVE_SET('',(#8734));
#8734 = TRIMMED_CURVE('',#8735,(#8739,PARAMETER_VALUE(1.2875)),(#8740,
    PARAMETER_VALUE(2.0375)),.T.,.PARAMETER.);
#8735 = LINE('',#8736,#8737);
#8736 = CARTESIAN_POINT('',(0.5375,-3.469446951954E-17,-2.));
#8737 = VECTOR('',#8738,1.);
#8738 = DIRECTION('',(-1.,0.,0.));
#8739 = CARTESIAN_POINT('',(-0.75,0.,-2.));
#8740 = CARTESIAN_POINT('',(-1.5,0.,-2.));
#8741 = GEOMETRIC_CURVE_SET('',(#8742));
#8742 = TRIMMED_CURVE('',#8743,(#8747,PARAMETER_VALUE(0.)),(#8748,
    PARAMETER_VALUE(2.088061301782)),.T.,.PARAMETER.);
#8743 = LINE('',#8744,#8745);
#8744 = CARTESIAN_POINT('',(-0.75,0.,2.));
#8745 = VECTOR('',#8746,1.);
#8746 = DIRECTION('',(0.,0.287347885566,-0.957826285221));
#8747 = CARTESIAN_POINT('',(-0.75,0.,2.));
#8748 = CARTESIAN_POINT('',(-0.75,0.6,0.));
#8749 = GEOMETRIC_CURVE_SET('',(#8750));
#8750 = TRIMMED_CURVE('',#8751,(#8755,PARAMETER_VALUE(-2.0375)),(#8756,
    PARAMETER_VALUE(-1.2875)),.T.,.PARAMETER.);
#8751 = LINE('',#8752,#8753);
#8752 = CARTESIAN_POINT('',(0.5375,0.,2.));
#8753 = VECTOR('',#8754,1.);
#8754 = DIRECTION('',(1.,0.,0.));
#8755 = CARTESIAN_POINT('',(-1.5,0.,2.));
#8756 = CARTESIAN_POINT('',(-0.75,0.,2.));
#8757 = GEOMETRIC_CURVE_SET('',(#8758));
#8758 = TRIMMED_CURVE('',#8759,(#8763,PARAMETER_VALUE(-2.088061301782)),
  (#8764,PARAMETER_VALUE(0.)),.T.,.PARAMETER.);
#8759 = LINE('',#8760,#8761);
#8760 = CARTESIAN_POINT('',(-1.5,0.,2.));
#8761 = VECTOR('',#8762,1.);
#8762 = DIRECTION('',(0.,-0.287347885566,0.957826285221));
#8763 = CARTESIAN_POINT('',(-1.5,0.6,0.));
#8764 = CARTESIAN_POINT('',(-1.5,0.,2.));
#8765 = GEOMETRIC_CURVE_SET('',(#8766));
#8766 = TRIMMED_CURVE('',#8767,(#8771,PARAMETER_VALUE(0.)),(#8772,
    PARAMETER_VALUE(0.75)),.T.,.PARAMETER.);
#8767 = LINE('',#8768,#8769);
#8768 = CARTESIAN_POINT('',(-0.75,0.6,0.));
#8769 = VECTOR('',#8770,1.);
#8770 = DIRECTION('',(-1.,0.,0.));
#8771 = CARTESIAN_POINT('',(-0.75,0.6,0.));
#8772 = CARTESIAN_POINT('',(-1.5,0.6,0.));
#8773 = GEOMETRIC_CURVE_SET('',(#8774));
#8774 = TRIMMED_CURVE('',#8775,(#8779,PARAMETER_VALUE(0.)),(#8780,
    PARAMETER_VALUE(2.088061301782)),.T.,.PARAMETER.);
#8775 = LINE('',#8776,#8777);
#8776 = CARTESIAN_POINT('',(-0.75,0.,2.));
#8777 = VECTOR('',#8778,1.);
#8778 = DIRECTION('',(0.,0.287347885566,-0.957826285221));
#8779 = CARTESIAN_POINT('',(-0.75,0.,2.));
#8780 = CARTESIAN_POINT('',(-0.75,0.6,0.));
#8781 = GEOMETRIC_CURVE_SET('',(#8782));
#8782 = TRIMMED_CURVE('',#8783,(#8787,PARAMETER_VALUE(0.)),(#8788,
    PARAMETER_VALUE(2.088061301782)),.T.,.PARAMETER.);
#8783 = LINE('',#8784,#8785);
#8784 = CARTESIAN_POINT('',(-0.75,0.6,0.));
#8785 = VECTOR('',#8786,1.);
#8786 = DIRECTION('',(0.,-0.287347885566,-0.957826285221));
#8787 = CARTESIAN_POINT('',(-0.75,0.6,0.));
#8788 = CARTESIAN_POINT('',(-0.75,0.,-2.));
#8789 = GEOMETRIC_CURVE_SET('',(#8790));
#8790 = TRIMMED_CURVE('',#8791,(#8795,PARAMETER_VALUE(-2.)),(#8796,
    PARAMETER_VALUE(2.)),.T.,.PARAMETER.);
#8791 = LINE('',#8792,#8793);
#8792 = CARTESIAN_POINT('',(-0.75,0.,-4.773812735203E-17));
#8793 = VECTOR('',#8794,1.);
#8794 = DIRECTION('',(0.,0.,-1.));
#8795 = CARTESIAN_POINT('',(-0.75,0.,2.));
#8796 = CARTESIAN_POINT('',(-0.75,0.,-2.));
#8797 = GEOMETRIC_CURVE_SET('',(#8798));
#8798 = TRIMMED_CURVE('',#8799,(#8803,PARAMETER_VALUE(-2.088061301782)),
  (#8804,PARAMETER_VALUE(0.)),.T.,.PARAMETER.);
#8799 = LINE('',#8800,#8801);
#8800 = CARTESIAN_POINT('',(1.5,0.,2.));
#8801 = VECTOR('',#8802,1.);
#8802 = DIRECTION('',(0.,-0.287347885566,0.957826285221));
#8803 = CARTESIAN_POINT('',(1.5,0.6,0.));
#8804 = CARTESIAN_POINT('',(1.5,0.,2.));
#8805 = GEOMETRIC_CURVE_SET('',(#8806));
#8806 = B_SPLINE_CURVE_WITH_KNOTS('',1,(#8807,#8808,#8809,#8810,#8811,
    #8812,#8813,#8814,#8815,#8816,#8817,#8818,#8819,#8820,#8821,#8822,
    #8823,#8824,#8825,#8826,#8827,#8828,#8829),.UNSPECIFIED.,.T.,.F.,(2,
    1,1,1,1,1,1,1,1,1,1,1,1,1,1,1,1,1,1,1,1,1,2),(0.,0.136322560021,
    0.272645120042,0.408967680063,0.545290240084,0.681612800104,
    0.817935360125,0.954257920146,1.090580480167,1.226903040188,
    1.363225600209,1.49954816023,1.635870720251,1.772193280272,
    1.908515840293,2.044838400313,2.181160960334,2.317483520355,
    2.453806080376,2.590128640397,2.726451200418,2.862773760439,
    2.99909632046),.UNSPECIFIED.);
#8807 = CARTESIAN_POINT('',(1.5,0.6,0.));
#8808 = CARTESIAN_POINT('',(1.5,0.6,1.161714262726E-15));
#8809 = CARTESIAN_POINT('',(1.5,0.6,1.206478659457E-15));
#8810 = CARTESIAN_POINT('',(1.5,0.6,1.118144947011E-15));
#8811 = CARTESIAN_POINT('',(1.5,0.6,1.267530955605E-15));
#8812 = CARTESIAN_POINT('',(1.5,0.6,1.15244142234E-15));
#8813 = CARTESIAN_POINT('',(1.5,0.6,1.15244142234E-15));
#8814 = CARTESIAN_POINT('',(1.5,0.6,1.077401312265E-15));
#8815 = CARTESIAN_POINT('',(1.5,0.6,1.056025783288E-15));
#8816 = CARTESIAN_POINT('',(1.5,0.6,1.085830793512E-15));
#8817 = CARTESIAN_POINT('',(1.5,0.6,1.074585693022E-15));
#8818 = CARTESIAN_POINT('',(1.5,0.6,7.771561172376E-16));
#8819 = CARTESIAN_POINT('',(1.5,0.6,7.260714142039E-16));
#8820 = CARTESIAN_POINT('',(1.5,0.6,6.635632627016E-16));
#8821 = CARTESIAN_POINT('',(1.5,0.6,6.211916372284E-16));
#8822 = CARTESIAN_POINT('',(1.5,0.6,6.337654778027E-16));
#8823 = CARTESIAN_POINT('',(1.5,0.6,5.121961877065E-16));
#8824 = CARTESIAN_POINT('',(1.5,0.6,5.121961877065E-16));
#8825 = CARTESIAN_POINT('',(1.5,0.6,3.802592866816E-16));
#8826 = CARTESIAN_POINT('',(1.5,0.6,4.969533097827E-16));
#8827 = CARTESIAN_POINT('',(1.5,0.6,3.619435978372E-16));
#8828 = CARTESIAN_POINT('',(1.5,0.6,3.485142788179E-16));
#8829 = CARTESIAN_POINT('',(1.5,0.6,0.));
#8830 = GEOMETRIC_CURVE_SET('',(#8831));
#8831 = TRIMMED_CURVE('',#8832,(#8836,PARAMETER_VALUE(-2.088061301782)),
  (#8837,PARAMETER_VALUE(0.)),.T.,.PARAMETER.);
#8832 = LINE('',#8833,#8834);
#8833 = CARTESIAN_POINT('',(1.5,0.6,0.));
#8834 = VECTOR('',#8835,1.);
#8835 = DIRECTION('',(0.,0.287347885566,0.957826285221));
#8836 = CARTESIAN_POINT('',(1.5,0.,-2.));
#8837 = CARTESIAN_POINT('',(1.5,0.6,0.));
#8838 = GEOMETRIC_CURVE_SET('',(#8839));
#8839 = TRIMMED_CURVE('',#8840,(#8845,PARAMETER_VALUE(4.370342704429)),(
    #8846,PARAMETER_VALUE(6.224933140433)),.T.,.PARAMETER.);
#8840 = CIRCLE('',#8841,2.5);
#8841 = AXIS2_PLACEMENT_3D('',#8842,#8843,#8844);
#8842 = CARTESIAN_POINT('',(0.,0.,1.665334536938E-15));
#8843 = DIRECTION('',(0.,1.,0.));
#8844 = DIRECTION('',(0.55240691121,0.,-0.833574594411));
#8845 = CARTESIAN_POINT('',(1.5,0.,2.));
#8846 = CARTESIAN_POINT('',(1.5,0.,-2.));
#8847 = GEOMETRIC_CURVE_SET('',(#8848));
#8848 = TRIMMED_CURVE('',#8849,(#8853,PARAMETER_VALUE(0.)),(#8854,
    PARAMETER_VALUE(2.088061301782)),.T.,.PARAMETER.);
#8849 = LINE('',#8850,#8851);
#8850 = CARTESIAN_POINT('',(0.75,0.6,0.));
#8851 = VECTOR('',#8852,1.);
#8852 = DIRECTION('',(0.,-0.287347885566,-0.957826285221));
#8853 = CARTESIAN_POINT('',(0.75,0.6,0.));
#8854 = CARTESIAN_POINT('',(0.75,0.,-2.));
#8855 = GEOMETRIC_CURVE_SET('',(#8856));
#8856 = TRIMMED_CURVE('',#8857,(#8861,PARAMETER_VALUE(-0.2125)),(#8862,
    PARAMETER_VALUE(0.5375)),.T.,.PARAMETER.);
#8857 = LINE('',#8858,#8859);
#8858 = CARTESIAN_POINT('',(1.2875,-3.469446951954E-17,-2.));
#8859 = VECTOR('',#8860,1.);
#8860 = DIRECTION('',(-1.,0.,0.));
#8861 = CARTESIAN_POINT('',(1.5,0.,-2.));
#8862 = CARTESIAN_POINT('',(0.75,0.,-2.));
#8863 = GEOMETRIC_CURVE_SET('',(#8864));
#8864 = TRIMMED_CURVE('',#8865,(#8869,PARAMETER_VALUE(-2.088061301782)),
  (#8870,PARAMETER_VALUE(0.)),.T.,.PARAMETER.);
#8865 = LINE('',#8866,#8867);
#8866 = CARTESIAN_POINT('',(1.5,0.6,0.));
#8867 = VECTOR('',#8868,1.);
#8868 = DIRECTION('',(0.,0.287347885566,0.957826285221));
#8869 = CARTESIAN_POINT('',(1.5,0.,-2.));
#8870 = CARTESIAN_POINT('',(1.5,0.6,0.));
#8871 = GEOMETRIC_CURVE_SET('',(#8872));
#8872 = TRIMMED_CURVE('',#8873,(#8877,PARAMETER_VALUE(0.)),(#8878,
    PARAMETER_VALUE(0.75)),.T.,.PARAMETER.);
#8873 = LINE('',#8874,#8875);
#8874 = CARTESIAN_POINT('',(0.75,0.6,0.));
#8875 = VECTOR('',#8876,1.);
#8876 = DIRECTION('',(1.,0.,0.));
#8877 = CARTESIAN_POINT('',(0.75,0.6,0.));
#8878 = CARTESIAN_POINT('',(1.5,0.6,0.));
#8879 = GEOMETRIC_CURVE_SET('',(#8880));
#8880 = TRIMMED_CURVE('',#8881,(#8885,PARAMETER_VALUE(0.)),(#8886,
    PARAMETER_VALUE(2.088061301782)),.T.,.PARAMETER.);
#8881 = LINE('',#8882,#8883);
#8882 = CARTESIAN_POINT('',(0.75,0.,2.));
#8883 = VECTOR('',#8884,1.);
#8884 = DIRECTION('',(0.,0.287347885566,-0.957826285221));
#8885 = CARTESIAN_POINT('',(0.75,0.,2.));
#8886 = CARTESIAN_POINT('',(0.75,0.6,0.));
#8887 = GEOMETRIC_CURVE_SET('',(#8888));
#8888 = TRIMMED_CURVE('',#8889,(#8893,PARAMETER_VALUE(0.)),(#8894,
    PARAMETER_VALUE(0.75)),.T.,.PARAMETER.);
#8889 = LINE('',#8890,#8891);
#8890 = CARTESIAN_POINT('',(0.75,0.6,0.));
#8891 = VECTOR('',#8892,1.);
#8892 = DIRECTION('',(1.,0.,0.));
#8893 = CARTESIAN_POINT('',(0.75,0.6,0.));
#8894 = CARTESIAN_POINT('',(1.5,0.6,0.));
#8895 = GEOMETRIC_CURVE_SET('',(#8896));
#8896 = TRIMMED_CURVE('',#8897,(#8901,PARAMETER_VALUE(-2.088061301782)),
  (#8902,PARAMETER_VALUE(0.)),.T.,.PARAMETER.);
#8897 = LINE('',#8898,#8899);
#8898 = CARTESIAN_POINT('',(1.5,0.,2.));
#8899 = VECTOR('',#8900,1.);
#8900 = DIRECTION('',(0.,-0.287347885566,0.957826285221));
#8901 = CARTESIAN_POINT('',(1.5,0.6,0.));
#8902 = CARTESIAN_POINT('',(1.5,0.,2.));
#8903 = GEOMETRIC_CURVE_SET('',(#8904));
#8904 = TRIMMED_CURVE('',#8905,(#8909,PARAMETER_VALUE(-0.5375)),(#8910,
    PARAMETER_VALUE(0.2125)),.T.,.PARAMETER.);
#8905 = LINE('',#8906,#8907);
#8906 = CARTESIAN_POINT('',(1.2875,0.,2.));
#8907 = VECTOR('',#8908,1.);
#8908 = DIRECTION('',(1.,0.,0.));
#8909 = CARTESIAN_POINT('',(0.75,0.,2.));
#8910 = CARTESIAN_POINT('',(1.5,0.,2.));
#8911 = GEOMETRIC_CURVE_SET('',(#8912));
#8912 = TRIMMED_CURVE('',#8913,(#8917,PARAMETER_VALUE(0.)),(#8918,
    PARAMETER_VALUE(2.088061301782)),.T.,.PARAMETER.);
#8913 = LINE('',#8914,#8915);
#8914 = CARTESIAN_POINT('',(0.75,0.,2.));
#8915 = VECTOR('',#8916,1.);
#8916 = DIRECTION('',(0.,0.287347885566,-0.957826285221));
#8917 = CARTESIAN_POINT('',(0.75,0.,2.));
#8918 = CARTESIAN_POINT('',(0.75,0.6,0.));
#8919 = GEOMETRIC_CURVE_SET('',(#8920));
#8920 = TRIMMED_CURVE('',#8921,(#8925,PARAMETER_VALUE(-2.)),(#8926,
    PARAMETER_VALUE(2.)),.T.,.PARAMETER.);
#8921 = LINE('',#8922,#8923);
#8922 = CARTESIAN_POINT('',(0.75,0.,-4.773812735203E-17));
#8923 = VECTOR('',#8924,1.);
#8924 = DIRECTION('',(0.,0.,1.));
#8925 = CARTESIAN_POINT('',(0.75,0.,-2.));
#8926 = CARTESIAN_POINT('',(0.75,0.,2.));
#8927 = GEOMETRIC_CURVE_SET('',(#8928));
#8928 = TRIMMED_CURVE('',#8929,(#8933,PARAMETER_VALUE(0.)),(#8934,
    PARAMETER_VALUE(2.088061301782)),.T.,.PARAMETER.);
#8929 = LINE('',#8930,#8931);
#8930 = CARTESIAN_POINT('',(0.75,0.6,0.));
#8931 = VECTOR('',#8932,1.);
#8932 = DIRECTION('',(0.,-0.287347885566,-0.957826285221));
#8933 = CARTESIAN_POINT('',(0.75,0.6,0.));
#8934 = CARTESIAN_POINT('',(0.75,0.,-2.));
#8935 = GEOMETRIC_CURVE_SET('',(#8936));
#8936 = TRIMMED_CURVE('',#8937,(#8941,PARAMETER_VALUE(-3.667815921163)),
  (#8942,PARAMETER_VALUE(-3.6)),.T.,.PARAMETER.);
#8937 = LINE('',#8938,#8939);
#8938 = CARTESIAN_POINT('',(-0.2,3.8,0.5));
#8939 = VECTOR('',#8940,1.);
#8940 = DIRECTION('',(1.,0.,0.));
#8941 = CARTESIAN_POINT('',(-3.867815921163,3.8,0.5));
#8942 = CARTESIAN_POINT('',(-3.8,3.8,0.5));
#8943 = GEOMETRIC_CURVE_SET('',(#8944));
#8944 = TRIMMED_CURVE('',#8945,(#8949,PARAMETER_VALUE(-0.425)),(#8950,
    PARAMETER_VALUE(0.425)),.T.,.PARAMETER.);
#8945 = LINE('',#8946,#8947);
#8946 = CARTESIAN_POINT('',(-3.867815921163,4.225,0.5));
#8947 = VECTOR('',#8948,1.);
#8948 = DIRECTION('',(0.,-1.,0.));
#8949 = CARTESIAN_POINT('',(-3.867815921163,4.65,0.5));
#8950 = CARTESIAN_POINT('',(-3.867815921163,3.8,0.5));
#8951 = GEOMETRIC_CURVE_SET('',(#8952));
#8952 = TRIMMED_CURVE('',#8953,(#8957,PARAMETER_VALUE(0.)),(#8958,
    PARAMETER_VALUE(9.550434677931E-02)),.T.,.PARAMETER.);
#8953 = LINE('',#8954,#8955);
#8954 = CARTESIAN_POINT('',(-3.8,4.717246420653,0.5));
#8955 = VECTOR('',#8956,1.);
#8956 = DIRECTION('',(-0.710082037621,-0.70411895291,0.));
#8957 = CARTESIAN_POINT('',(-3.8,4.717246420653,0.5));
#8958 = CARTESIAN_POINT('',(-3.867815921163,4.65,0.5));
#8959 = GEOMETRIC_CURVE_SET('',(#8960));
#8960 = TRIMMED_CURVE('',#8961,(#8965,PARAMETER_VALUE(3.8)),(#8966,
    PARAMETER_VALUE(4.717246420653)),.T.,.PARAMETER.);
#8961 = LINE('',#8962,#8963);
#8962 = CARTESIAN_POINT('',(-3.8,1.232595164408E-31,0.5));
#8963 = VECTOR('',#8964,1.);
#8964 = DIRECTION('',(0.,1.,0.));
#8965 = CARTESIAN_POINT('',(-3.8,3.8,0.5));
#8966 = CARTESIAN_POINT('',(-3.8,4.717246420653,0.5));
#8967 = GEOMETRIC_CURVE_SET('',(#8968));
#8968 = TRIMMED_CURVE('',#8969,(#8973,PARAMETER_VALUE(3.6)),(#8974,
    PARAMETER_VALUE(3.667815921163)),.T.,.PARAMETER.);
#8969 = LINE('',#8970,#8971);
#8970 = CARTESIAN_POINT('',(-0.2,1.4,0.5));
#8971 = VECTOR('',#8972,1.);
#8972 = DIRECTION('',(-1.,0.,0.));
#8973 = CARTESIAN_POINT('',(-3.8,1.4,0.5));
#8974 = CARTESIAN_POINT('',(-3.867815921163,1.4,0.5));
#8975 = GEOMETRIC_CURVE_SET('',(#8976));
#8976 = TRIMMED_CURVE('',#8977,(#8981,PARAMETER_VALUE(0.182753579347)),(
    #8982,PARAMETER_VALUE(1.4)),.T.,.PARAMETER.);
#8977 = LINE('',#8978,#8979);
#8978 = CARTESIAN_POINT('',(-3.8,1.232595164408E-31,0.5));
#8979 = VECTOR('',#8980,1.);
#8980 = DIRECTION('',(0.,1.,0.));
#8981 = CARTESIAN_POINT('',(-3.8,0.182753579347,0.5));
#8982 = CARTESIAN_POINT('',(-3.8,1.4,0.5));
#8983 = GEOMETRIC_CURVE_SET('',(#8984));
#8984 = TRIMMED_CURVE('',#8985,(#8989,PARAMETER_VALUE(0.)),(#8990,
    PARAMETER_VALUE(9.550434677931E-02)),.T.,.PARAMETER.);
#8985 = LINE('',#8986,#8987);
#8986 = CARTESIAN_POINT('',(-3.867815921163,0.25,0.5));
#8987 = VECTOR('',#8988,1.);
#8988 = DIRECTION('',(0.710082037621,-0.70411895291,0.));
#8989 = CARTESIAN_POINT('',(-3.867815921163,0.25,0.5));
#8990 = CARTESIAN_POINT('',(-3.8,0.182753579347,0.5));
#8991 = GEOMETRIC_CURVE_SET('',(#8992));
#8992 = TRIMMED_CURVE('',#8993,(#8997,PARAMETER_VALUE(-0.575)),(#8998,
    PARAMETER_VALUE(0.575)),.T.,.PARAMETER.);
#8993 = LINE('',#8994,#8995);
#8994 = CARTESIAN_POINT('',(-3.867815921163,0.825,0.5));
#8995 = VECTOR('',#8996,1.);
#8996 = DIRECTION('',(0.,-1.,0.));
#8997 = CARTESIAN_POINT('',(-3.867815921163,1.4,0.5));
#8998 = CARTESIAN_POINT('',(-3.867815921163,0.25,0.5));
#8999 = GEOMETRIC_CURVE_SET('',(#9000));
#9000 = TRIMMED_CURVE('',#9001,(#9005,PARAMETER_VALUE(3.65)),(#9006,
    PARAMETER_VALUE(3.717815921163)),.T.,.PARAMETER.);
#9001 = LINE('',#9002,#9003);
#9002 = CARTESIAN_POINT('',(-0.15,3.8,-0.5));
#9003 = VECTOR('',#9004,1.);
#9004 = DIRECTION('',(-1.,0.,0.));
#9005 = CARTESIAN_POINT('',(-3.8,3.8,-0.5));
#9006 = CARTESIAN_POINT('',(-3.867815921163,3.8,-0.5));
#9007 = GEOMETRIC_CURVE_SET('',(#9008));
#9008 = TRIMMED_CURVE('',#9009,(#9013,PARAMETER_VALUE(3.8)),(#9014,
    PARAMETER_VALUE(4.717246420653)),.T.,.PARAMETER.);
#9009 = LINE('',#9010,#9011);
#9010 = CARTESIAN_POINT('',(-3.8,1.232595164408E-31,-0.5));
#9011 = VECTOR('',#9012,1.);
#9012 = DIRECTION('',(0.,1.,0.));
#9013 = CARTESIAN_POINT('',(-3.8,3.8,-0.5));
#9014 = CARTESIAN_POINT('',(-3.8,4.717246420653,-0.5));
#9015 = GEOMETRIC_CURVE_SET('',(#9016));
#9016 = TRIMMED_CURVE('',#9017,(#9021,PARAMETER_VALUE(0.)),(#9022,
    PARAMETER_VALUE(9.550434677931E-02)),.T.,.PARAMETER.);
#9017 = LINE('',#9018,#9019);
#9018 = CARTESIAN_POINT('',(-3.867815921163,4.65,-0.5));
#9019 = VECTOR('',#9020,1.);
#9020 = DIRECTION('',(0.710082037621,0.70411895291,7.265526793185E-16));
#9021 = CARTESIAN_POINT('',(-3.867815921163,4.65,-0.5));
#9022 = CARTESIAN_POINT('',(-3.8,4.717246420653,-0.5));
#9023 = GEOMETRIC_CURVE_SET('',(#9024));
#9024 = TRIMMED_CURVE('',#9025,(#9029,PARAMETER_VALUE(-0.425)),(#9030,
    PARAMETER_VALUE(0.425)),.T.,.PARAMETER.);
#9025 = LINE('',#9026,#9027);
#9026 = CARTESIAN_POINT('',(-3.867815921163,4.225,-0.5));
#9027 = VECTOR('',#9028,1.);
#9028 = DIRECTION('',(0.,1.,0.));
#9029 = CARTESIAN_POINT('',(-3.867815921163,3.8,-0.5));
#9030 = CARTESIAN_POINT('',(-3.867815921163,4.65,-0.5));
#9031 = GEOMETRIC_CURVE_SET('',(#9032));
#9032 = TRIMMED_CURVE('',#9033,(#9037,PARAMETER_VALUE(3.8)),(#9038,
    PARAMETER_VALUE(4.717246420653)),.T.,.PARAMETER.);
#9033 = LINE('',#9034,#9035);
#9034 = CARTESIAN_POINT('',(-3.8,1.232595164408E-31,-0.5));
#9035 = VECTOR('',#9036,1.);
#9036 = DIRECTION('',(0.,1.,0.));
#9037 = CARTESIAN_POINT('',(-3.8,3.8,-0.5));
#9038 = CARTESIAN_POINT('',(-3.8,4.717246420653,-0.5));
#9039 = GEOMETRIC_CURVE_SET('',(#9040));
#9040 = TRIMMED_CURVE('',#9041,(#9046,PARAMETER_VALUE(4.579803520043)),(
    #9047,PARAMETER_VALUE(4.95113891096)),.T.,.PARAMETER.);
#9041 = ELLIPSE('',#9042,0.701047243308,0.4914248573);
#9042 = AXIS2_PLACEMENT_3D('',#9043,#9044,#9045);
#9043 = CARTESIAN_POINT('',(-3.798593335228,4.782493510809,
    -8.463918594414E-03));
#9044 = DIRECTION('',(0.701100088056,-0.707121500815,9.185776838719E-02)
  );
#9045 = DIRECTION('',(0.701022012135,0.707091821279,9.267844831929E-02)
  );
#9046 = CARTESIAN_POINT('',(-3.8,4.717246420653,-0.5));
#9047 = CARTESIAN_POINT('',(-3.620065789474,4.9,-0.466501532562));
#9048 = GEOMETRIC_CURVE_SET('',(#9049));
#9049 = TRIMMED_CURVE('',#9050,(#9055,PARAMETER_VALUE(0.368126862253)),(
    #9056,PARAMETER_VALUE(2.773465791337)),.T.,.PARAMETER.);
#9050 = CIRCLE('',#9051,0.5);
#9051 = AXIS2_PLACEMENT_3D('',#9052,#9053,#9054);
#9052 = CARTESIAN_POINT('',(-3.8,4.9,0.));
#9053 = DIRECTION('',(0.,-1.,0.));
#9054 = DIRECTION('',(0.,0.,-1.));
#9055 = CARTESIAN_POINT('',(-3.620065789474,4.9,-0.466501532562));
#9056 = CARTESIAN_POINT('',(-3.620065789474,4.9,0.466501532562));
#9057 = GEOMETRIC_CURVE_SET('',(#9058));
#9058 = TRIMMED_CURVE('',#9059,(#9064,PARAMETER_VALUE(1.332046396219)),(
    #9065,PARAMETER_VALUE(1.703381787155)),.T.,.PARAMETER.);
#9059 = ELLIPSE('',#9060,0.701047243272,0.491424857248);
#9060 = AXIS2_PLACEMENT_3D('',#9061,#9062,#9063);
#9061 = CARTESIAN_POINT('',(-3.798593335217,4.782493510811,
    8.463918645342E-03));
#9062 = DIRECTION('',(0.701100088056,-0.707121500815,-9.185776838444E-02
    ));
#9063 = DIRECTION('',(0.701022012134,0.707091821279,-9.267844832734E-02)
  );
#9064 = CARTESIAN_POINT('',(-3.620065789474,4.9,0.466501532562));
#9065 = CARTESIAN_POINT('',(-3.8,4.717246420653,0.5));
#9066 = GEOMETRIC_CURVE_SET('',(#9067));
#9067 = TRIMMED_CURVE('',#9068,(#9072,PARAMETER_VALUE(3.8)),(#9073,
    PARAMETER_VALUE(4.717246420653)),.T.,.PARAMETER.);
#9068 = LINE('',#9069,#9070);
#9069 = CARTESIAN_POINT('',(-3.8,1.232595164408E-31,0.5));
#9070 = VECTOR('',#9071,1.);
#9071 = DIRECTION('',(0.,1.,0.));
#9072 = CARTESIAN_POINT('',(-3.8,3.8,0.5));
#9073 = CARTESIAN_POINT('',(-3.8,4.717246420653,0.5));
#9074 = GEOMETRIC_CURVE_SET('',(#9075));
#9075 = TRIMMED_CURVE('',#9076,(#9081,PARAMETER_VALUE(3.14159265359)),(
    #9082,PARAMETER_VALUE(6.28318530718)),.T.,.PARAMETER.);
#9076 = CIRCLE('',#9077,0.5);
#9077 = AXIS2_PLACEMENT_3D('',#9078,#9079,#9080);
#9078 = CARTESIAN_POINT('',(-3.8,3.8,0.));
#9079 = DIRECTION('',(0.,1.,0.));
#9080 = DIRECTION('',(0.,0.,-1.));
#9081 = CARTESIAN_POINT('',(-3.8,3.8,0.5));
#9082 = CARTESIAN_POINT('',(-3.8,3.8,-0.5));
#9083 = GEOMETRIC_CURVE_SET('',(#9084));
#9084 = TRIMMED_CURVE('',#9085,(#9089,PARAMETER_VALUE(0.182753579347)),(
    #9090,PARAMETER_VALUE(1.4)),.T.,.PARAMETER.);
#9085 = LINE('',#9086,#9087);
#9086 = CARTESIAN_POINT('',(-3.8,1.232595164408E-31,0.5));
#9087 = VECTOR('',#9088,1.);
#9088 = DIRECTION('',(0.,1.,0.));
#9089 = CARTESIAN_POINT('',(-3.8,0.182753579347,0.5));
#9090 = CARTESIAN_POINT('',(-3.8,1.4,0.5));
#9091 = GEOMETRIC_CURVE_SET('',(#9092));
#9092 = TRIMMED_CURVE('',#9093,(#9098,PARAMETER_VALUE(4.579803520023)),(
    #9099,PARAMETER_VALUE(4.951138910961)),.T.,.PARAMETER.);
#9093 = ELLIPSE('',#9094,0.701047243269,0.491424857245);
#9094 = AXIS2_PLACEMENT_3D('',#9095,#9096,#9097);
#9095 = CARTESIAN_POINT('',(-3.798593335217,0.117506489189,
    8.46391864843E-03));
#9096 = DIRECTION('',(0.701100088056,0.707121500815,-9.185776838443E-02)
  );
#9097 = DIRECTION('',(0.701022012134,-0.707091821279,-9.267844832796E-02
    ));
#9098 = CARTESIAN_POINT('',(-3.8,0.182753579347,0.5));
#9099 = CARTESIAN_POINT('',(-3.620065789474,2.465190328816E-31,
    0.466501532562));
#9100 = GEOMETRIC_CURVE_SET('',(#9101));
#9101 = TRIMMED_CURVE('',#9102,(#9107,PARAMETER_VALUE(3.509719515843)),(
    #9108,PARAMETER_VALUE(5.915058444927)),.T.,.PARAMETER.);
#9102 = CIRCLE('',#9103,0.5);
#9103 = AXIS2_PLACEMENT_3D('',#9104,#9105,#9106);
#9104 = CARTESIAN_POINT('',(-3.8,1.232595164408E-31,0.));
#9105 = DIRECTION('',(0.,1.,0.));
#9106 = DIRECTION('',(0.,0.,-1.));
#9107 = CARTESIAN_POINT('',(-3.620065789474,2.465190328816E-31,
    0.466501532562));
#9108 = CARTESIAN_POINT('',(-3.620065789474,2.465190328816E-31,
    -0.466501532562));
#9109 = GEOMETRIC_CURVE_SET('',(#9110));
#9110 = TRIMMED_CURVE('',#9111,(#9116,PARAMETER_VALUE(1.332046396219)),(
    #9117,PARAMETER_VALUE(1.703381787149)),.T.,.PARAMETER.);
#9111 = ELLIPSE('',#9112,0.701047243284,0.491424857265);
#9112 = AXIS2_PLACEMENT_3D('',#9113,#9114,#9115);
#9113 = CARTESIAN_POINT('',(-3.798593335221,0.11750648919,
    -8.463918628406E-03));
#9114 = DIRECTION('',(0.701100088056,0.707121500815,9.185776838584E-02)
  );
#9115 = DIRECTION('',(0.701022012134,-0.707091821279,9.267844832459E-02)
  );
#9116 = CARTESIAN_POINT('',(-3.620065789474,2.465190328816E-31,
    -0.466501532562));
#9117 = CARTESIAN_POINT('',(-3.8,0.182753579347,-0.5));
#9118 = GEOMETRIC_CURVE_SET('',(#9119));
#9119 = TRIMMED_CURVE('',#9120,(#9124,PARAMETER_VALUE(0.182753579347)),(
    #9125,PARAMETER_VALUE(1.4)),.T.,.PARAMETER.);
#9120 = LINE('',#9121,#9122);
#9121 = CARTESIAN_POINT('',(-3.8,1.232595164408E-31,-0.5));
#9122 = VECTOR('',#9123,1.);
#9123 = DIRECTION('',(0.,1.,0.));
#9124 = CARTESIAN_POINT('',(-3.8,0.182753579347,-0.5));
#9125 = CARTESIAN_POINT('',(-3.8,1.4,-0.5));
#9126 = GEOMETRIC_CURVE_SET('',(#9127));
#9127 = TRIMMED_CURVE('',#9128,(#9133,PARAMETER_VALUE(0.)),(#9134,
    PARAMETER_VALUE(3.14159265359)),.T.,.PARAMETER.);
#9128 = CIRCLE('',#9129,0.5);
#9129 = AXIS2_PLACEMENT_3D('',#9130,#9131,#9132);
#9130 = CARTESIAN_POINT('',(-3.8,1.4,0.));
#9131 = DIRECTION('',(0.,-1.,0.));
#9132 = DIRECTION('',(0.,0.,-1.));
#9133 = CARTESIAN_POINT('',(-3.8,1.4,-0.5));
#9134 = CARTESIAN_POINT('',(-3.8,1.4,0.5));
#9135 = GEOMETRIC_CURVE_SET('',(#9136));
#9136 = TRIMMED_CURVE('',#9137,(#9141,PARAMETER_VALUE(-3.717815921163)),
  (#9142,PARAMETER_VALUE(-3.65)),.T.,.PARAMETER.);
#9137 = LINE('',#9138,#9139);
#9138 = CARTESIAN_POINT('',(-0.15,1.4,-0.5));
#9139 = VECTOR('',#9140,1.);
#9140 = DIRECTION('',(1.,0.,0.));
#9141 = CARTESIAN_POINT('',(-3.867815921163,1.4,-0.5));
#9142 = CARTESIAN_POINT('',(-3.8,1.4,-0.5));
#9143 = GEOMETRIC_CURVE_SET('',(#9144));
#9144 = TRIMMED_CURVE('',#9145,(#9149,PARAMETER_VALUE(-0.575)),(#9150,
    PARAMETER_VALUE(0.575)),.T.,.PARAMETER.);
#9145 = LINE('',#9146,#9147);
#9146 = CARTESIAN_POINT('',(-3.867815921163,0.825,-0.5));
#9147 = VECTOR('',#9148,1.);
#9148 = DIRECTION('',(0.,1.,0.));
#9149 = CARTESIAN_POINT('',(-3.867815921163,0.25,-0.5));
#9150 = CARTESIAN_POINT('',(-3.867815921163,1.4,-0.5));
#9151 = GEOMETRIC_CURVE_SET('',(#9152));
#9152 = TRIMMED_CURVE('',#9153,(#9157,PARAMETER_VALUE(0.)),(#9158,
    PARAMETER_VALUE(9.550434677931E-02)),.T.,.PARAMETER.);
#9153 = LINE('',#9154,#9155);
#9154 = CARTESIAN_POINT('',(-3.8,0.182753579347,-0.5));
#9155 = VECTOR('',#9156,1.);
#9156 = DIRECTION('',(-0.710082037621,0.70411895291,0.));
#9157 = CARTESIAN_POINT('',(-3.8,0.182753579347,-0.5));
#9158 = CARTESIAN_POINT('',(-3.867815921163,0.25,-0.5));
#9159 = GEOMETRIC_CURVE_SET('',(#9160));
#9160 = TRIMMED_CURVE('',#9161,(#9165,PARAMETER_VALUE(0.182753579347)),(
    #9166,PARAMETER_VALUE(1.4)),.T.,.PARAMETER.);
#9161 = LINE('',#9162,#9163);
#9162 = CARTESIAN_POINT('',(-3.8,1.232595164408E-31,-0.5));
#9163 = VECTOR('',#9164,1.);
#9164 = DIRECTION('',(0.,1.,0.));
#9165 = CARTESIAN_POINT('',(-3.8,0.182753579347,-0.5));
#9166 = CARTESIAN_POINT('',(-3.8,1.4,-0.5));
#9167 = GEOMETRIC_CURVE_SET('',(#9168));
#9168 = TRIMMED_CURVE('',#9169,(#9173,PARAMETER_VALUE(-0.217815921163)),
  (#9174,PARAMETER_VALUE(-0.15)),.T.,.PARAMETER.);
#9169 = LINE('',#9170,#9171);
#9170 = CARTESIAN_POINT('',(3.65,1.4,0.5));
#9171 = VECTOR('',#9172,1.);
#9172 = DIRECTION('',(-1.,0.,0.));
#9173 = CARTESIAN_POINT('',(3.867815921163,1.4,0.5));
#9174 = CARTESIAN_POINT('',(3.8,1.4,0.5));
#9175 = GEOMETRIC_CURVE_SET('',(#9176));
#9176 = TRIMMED_CURVE('',#9177,(#9181,PARAMETER_VALUE(-0.575)),(#9182,
    PARAMETER_VALUE(0.575)),.T.,.PARAMETER.);
#9177 = LINE('',#9178,#9179);
#9178 = CARTESIAN_POINT('',(3.867815921163,0.825,0.5));
#9179 = VECTOR('',#9180,1.);
#9180 = DIRECTION('',(0.,1.,0.));
#9181 = CARTESIAN_POINT('',(3.867815921163,0.25,0.5));
#9182 = CARTESIAN_POINT('',(3.867815921163,1.4,0.5));
#9183 = GEOMETRIC_CURVE_SET('',(#9184));
#9184 = TRIMMED_CURVE('',#9185,(#9189,PARAMETER_VALUE(0.)),(#9190,
    PARAMETER_VALUE(9.550434677931E-02)),.T.,.PARAMETER.);
#9185 = LINE('',#9186,#9187);
#9186 = CARTESIAN_POINT('',(3.8,0.182753579347,0.5));
#9187 = VECTOR('',#9188,1.);
#9188 = DIRECTION('',(0.710082037621,0.70411895291,0.));
#9189 = CARTESIAN_POINT('',(3.8,0.182753579347,0.5));
#9190 = CARTESIAN_POINT('',(3.867815921163,0.25,0.5));
#9191 = GEOMETRIC_CURVE_SET('',(#9192));
#9192 = TRIMMED_CURVE('',#9193,(#9197,PARAMETER_VALUE(0.182753579347)),(
    #9198,PARAMETER_VALUE(1.4)),.T.,.PARAMETER.);
#9193 = LINE('',#9194,#9195);
#9194 = CARTESIAN_POINT('',(3.8,1.232595164408E-31,0.5));
#9195 = VECTOR('',#9196,1.);
#9196 = DIRECTION('',(0.,1.,0.));
#9197 = CARTESIAN_POINT('',(3.8,0.182753579347,0.5));
#9198 = CARTESIAN_POINT('',(3.8,1.4,0.5));
#9199 = GEOMETRIC_CURVE_SET('',(#9200));
#9200 = TRIMMED_CURVE('',#9201,(#9205,PARAMETER_VALUE(0.15)),(#9206,
    PARAMETER_VALUE(0.217815921163)),.T.,.PARAMETER.);
#9201 = LINE('',#9202,#9203);
#9202 = CARTESIAN_POINT('',(3.65,3.8,0.5));
#9203 = VECTOR('',#9204,1.);
#9204 = DIRECTION('',(1.,0.,0.));
#9205 = CARTESIAN_POINT('',(3.8,3.8,0.5));
#9206 = CARTESIAN_POINT('',(3.867815921163,3.8,0.5));
#9207 = GEOMETRIC_CURVE_SET('',(#9208));
#9208 = TRIMMED_CURVE('',#9209,(#9213,PARAMETER_VALUE(3.8)),(#9214,
    PARAMETER_VALUE(4.717246420653)),.T.,.PARAMETER.);
#9209 = LINE('',#9210,#9211);
#9210 = CARTESIAN_POINT('',(3.8,1.232595164408E-31,0.5));
#9211 = VECTOR('',#9212,1.);
#9212 = DIRECTION('',(0.,1.,0.));
#9213 = CARTESIAN_POINT('',(3.8,3.8,0.5));
#9214 = CARTESIAN_POINT('',(3.8,4.717246420653,0.5));
#9215 = GEOMETRIC_CURVE_SET('',(#9216));
#9216 = TRIMMED_CURVE('',#9217,(#9221,PARAMETER_VALUE(0.)),(#9222,
    PARAMETER_VALUE(9.550434677931E-02)),.T.,.PARAMETER.);
#9217 = LINE('',#9218,#9219);
#9218 = CARTESIAN_POINT('',(3.867815921163,4.65,0.5));
#9219 = VECTOR('',#9220,1.);
#9220 = DIRECTION('',(-0.710082037621,0.70411895291,-7.265526793185E-16)
  );
#9221 = CARTESIAN_POINT('',(3.867815921163,4.65,0.5));
#9222 = CARTESIAN_POINT('',(3.8,4.717246420653,0.5));
#9223 = GEOMETRIC_CURVE_SET('',(#9224));
#9224 = TRIMMED_CURVE('',#9225,(#9229,PARAMETER_VALUE(-0.425)),(#9230,
    PARAMETER_VALUE(0.425)),.T.,.PARAMETER.);
#9225 = LINE('',#9226,#9227);
#9226 = CARTESIAN_POINT('',(3.867815921163,4.225,0.5));
#9227 = VECTOR('',#9228,1.);
#9228 = DIRECTION('',(0.,1.,0.));
#9229 = CARTESIAN_POINT('',(3.867815921163,3.8,0.5));
#9230 = CARTESIAN_POINT('',(3.867815921163,4.65,0.5));
#9231 = GEOMETRIC_CURVE_SET('',(#9232));
#9232 = TRIMMED_CURVE('',#9233,(#9237,PARAMETER_VALUE(1.E-01)),(#9238,
    PARAMETER_VALUE(0.167815921163)),.T.,.PARAMETER.);
#9233 = LINE('',#9234,#9235);
#9234 = CARTESIAN_POINT('',(3.7,1.4,-0.5));
#9235 = VECTOR('',#9236,1.);
#9236 = DIRECTION('',(1.,0.,0.));
#9237 = CARTESIAN_POINT('',(3.8,1.4,-0.5));
#9238 = CARTESIAN_POINT('',(3.867815921163,1.4,-0.5));
#9239 = GEOMETRIC_CURVE_SET('',(#9240));
#9240 = TRIMMED_CURVE('',#9241,(#9245,PARAMETER_VALUE(0.182753579347)),(
    #9246,PARAMETER_VALUE(1.4)),.T.,.PARAMETER.);
#9241 = LINE('',#9242,#9243);
#9242 = CARTESIAN_POINT('',(3.8,1.232595164408E-31,-0.5));
#9243 = VECTOR('',#9244,1.);
#9244 = DIRECTION('',(0.,1.,0.));
#9245 = CARTESIAN_POINT('',(3.8,0.182753579347,-0.5));
#9246 = CARTESIAN_POINT('',(3.8,1.4,-0.5));
#9247 = GEOMETRIC_CURVE_SET('',(#9248));
#9248 = TRIMMED_CURVE('',#9249,(#9253,PARAMETER_VALUE(0.)),(#9254,
    PARAMETER_VALUE(9.550434677931E-02)),.T.,.PARAMETER.);
#9249 = LINE('',#9250,#9251);
#9250 = CARTESIAN_POINT('',(3.867815921163,0.25,-0.5));
#9251 = VECTOR('',#9252,1.);
#9252 = DIRECTION('',(-0.710082037621,-0.70411895291,0.));
#9253 = CARTESIAN_POINT('',(3.867815921163,0.25,-0.5));
#9254 = CARTESIAN_POINT('',(3.8,0.182753579347,-0.5));
#9255 = GEOMETRIC_CURVE_SET('',(#9256));
#9256 = TRIMMED_CURVE('',#9257,(#9261,PARAMETER_VALUE(-0.575)),(#9262,
    PARAMETER_VALUE(0.575)),.T.,.PARAMETER.);
#9257 = LINE('',#9258,#9259);
#9258 = CARTESIAN_POINT('',(3.867815921163,0.825,-0.5));
#9259 = VECTOR('',#9260,1.);
#9260 = DIRECTION('',(0.,-1.,0.));
#9261 = CARTESIAN_POINT('',(3.867815921163,1.4,-0.5));
#9262 = CARTESIAN_POINT('',(3.867815921163,0.25,-0.5));
#9263 = GEOMETRIC_CURVE_SET('',(#9264));
#9264 = TRIMMED_CURVE('',#9265,(#9269,PARAMETER_VALUE(0.182753579347)),(
    #9270,PARAMETER_VALUE(1.4)),.T.,.PARAMETER.);
#9265 = LINE('',#9266,#9267);
#9266 = CARTESIAN_POINT('',(3.8,1.232595164408E-31,-0.5));
#9267 = VECTOR('',#9268,1.);
#9268 = DIRECTION('',(0.,1.,0.));
#9269 = CARTESIAN_POINT('',(3.8,0.182753579347,-0.5));
#9270 = CARTESIAN_POINT('',(3.8,1.4,-0.5));
#9271 = GEOMETRIC_CURVE_SET('',(#9272));
#9272 = TRIMMED_CURVE('',#9273,(#9278,PARAMETER_VALUE(1.438210866437)),(
    #9279,PARAMETER_VALUE(1.80954625737)),.T.,.PARAMETER.);
#9273 = ELLIPSE('',#9274,0.701047243277,0.491424857256);
#9274 = AXIS2_PLACEMENT_3D('',#9275,#9276,#9277);
#9275 = CARTESIAN_POINT('',(3.798593335219,0.117506489189,
    -8.463918637317E-03));
#9276 = DIRECTION('',(-0.701100088056,0.707121500815,9.185776838442E-02)
  );
#9277 = DIRECTION('',(0.701022012134,0.707091821279,-9.267844832652E-02)
  );
#9278 = CARTESIAN_POINT('',(3.8,0.182753579347,-0.5));
#9279 = CARTESIAN_POINT('',(3.620065789474,1.174230417617E-31,
    -0.466501532562));
#9280 = GEOMETRIC_CURVE_SET('',(#9281));
#9281 = TRIMMED_CURVE('',#9282,(#9287,PARAMETER_VALUE(0.368126862253)),(
    #9288,PARAMETER_VALUE(2.773465791337)),.T.,.PARAMETER.);
#9282 = CIRCLE('',#9283,0.5);
#9283 = AXIS2_PLACEMENT_3D('',#9284,#9285,#9286);
#9284 = CARTESIAN_POINT('',(3.8,1.232595164408E-31,0.));
#9285 = DIRECTION('',(0.,1.,0.));
#9286 = DIRECTION('',(0.,0.,-1.));
#9287 = CARTESIAN_POINT('',(3.620065789474,1.174230417617E-31,
    -0.466501532562));
#9288 = CARTESIAN_POINT('',(3.620065789474,1.174230417617E-31,
    0.466501532562));
#9289 = GEOMETRIC_CURVE_SET('',(#9290));
#9290 = TRIMMED_CURVE('',#9291,(#9296,PARAMETER_VALUE(4.473639049809)),(
    #9297,PARAMETER_VALUE(4.84497444074)),.T.,.PARAMETER.);
#9291 = ELLIPSE('',#9292,0.701047243282,0.491424857262);
#9292 = AXIS2_PLACEMENT_3D('',#9293,#9294,#9295);
#9293 = CARTESIAN_POINT('',(3.798593335221,0.117506489189,
    8.463918631004E-03));
#9294 = DIRECTION('',(-0.701100088056,0.707121500815,-9.185776838584E-02
    ));
#9295 = DIRECTION('',(0.701022012134,0.707091821279,9.267844832528E-02)
  );
#9296 = CARTESIAN_POINT('',(3.620065789474,1.174230417617E-31,
    0.466501532562));
#9297 = CARTESIAN_POINT('',(3.8,0.182753579347,0.5));
#9298 = GEOMETRIC_CURVE_SET('',(#9299));
#9299 = TRIMMED_CURVE('',#9300,(#9304,PARAMETER_VALUE(0.182753579347)),(
    #9305,PARAMETER_VALUE(1.4)),.T.,.PARAMETER.);
#9300 = LINE('',#9301,#9302);
#9301 = CARTESIAN_POINT('',(3.8,1.232595164408E-31,0.5));
#9302 = VECTOR('',#9303,1.);
#9303 = DIRECTION('',(0.,1.,0.));
#9304 = CARTESIAN_POINT('',(3.8,0.182753579347,0.5));
#9305 = CARTESIAN_POINT('',(3.8,1.4,0.5));
#9306 = GEOMETRIC_CURVE_SET('',(#9307));
#9307 = TRIMMED_CURVE('',#9308,(#9313,PARAMETER_VALUE(3.14159265359)),(
    #9314,PARAMETER_VALUE(6.28318530718)),.T.,.PARAMETER.);
#9308 = CIRCLE('',#9309,0.5);
#9309 = AXIS2_PLACEMENT_3D('',#9310,#9311,#9312);
#9310 = CARTESIAN_POINT('',(3.8,1.4,0.));
#9311 = DIRECTION('',(0.,-1.,0.));
#9312 = DIRECTION('',(0.,0.,-1.));
#9313 = CARTESIAN_POINT('',(3.8,1.4,0.5));
#9314 = CARTESIAN_POINT('',(3.8,1.4,-0.5));
#9315 = GEOMETRIC_CURVE_SET('',(#9316));
#9316 = TRIMMED_CURVE('',#9317,(#9321,PARAMETER_VALUE(3.8)),(#9322,
    PARAMETER_VALUE(4.717246420653)),.T.,.PARAMETER.);
#9317 = LINE('',#9318,#9319);
#9318 = CARTESIAN_POINT('',(3.8,1.232595164408E-31,0.5));
#9319 = VECTOR('',#9320,1.);
#9320 = DIRECTION('',(0.,1.,0.));
#9321 = CARTESIAN_POINT('',(3.8,3.8,0.5));
#9322 = CARTESIAN_POINT('',(3.8,4.717246420653,0.5));
#9323 = GEOMETRIC_CURVE_SET('',(#9324));
#9324 = TRIMMED_CURVE('',#9325,(#9330,PARAMETER_VALUE(1.438210866453)),(
    #9331,PARAMETER_VALUE(1.80954625737)),.T.,.PARAMETER.);
#9325 = ELLIPSE('',#9326,0.701047243306,0.491424857297);
#9326 = AXIS2_PLACEMENT_3D('',#9327,#9328,#9329);
#9327 = CARTESIAN_POINT('',(3.798593335228,4.782493510809,
    8.463918597248E-03));
#9328 = DIRECTION('',(-0.701100088056,-0.707121500815,
    -9.185776838724E-02));
#9329 = DIRECTION('',(0.701022012135,-0.707091821279,9.267844831956E-02)
  );
#9330 = CARTESIAN_POINT('',(3.8,4.717246420653,0.5));
#9331 = CARTESIAN_POINT('',(3.620065789474,4.9,0.466501532562));
#9332 = GEOMETRIC_CURVE_SET('',(#9333));
#9333 = TRIMMED_CURVE('',#9334,(#9339,PARAMETER_VALUE(3.509719515843)),(
    #9340,PARAMETER_VALUE(5.915058444927)),.T.,.PARAMETER.);
#9334 = CIRCLE('',#9335,0.5);
#9335 = AXIS2_PLACEMENT_3D('',#9336,#9337,#9338);
#9336 = CARTESIAN_POINT('',(3.8,4.9,0.));
#9337 = DIRECTION('',(0.,-1.,0.));
#9338 = DIRECTION('',(0.,0.,-1.));
#9339 = CARTESIAN_POINT('',(3.620065789474,4.9,0.466501532562));
#9340 = CARTESIAN_POINT('',(3.620065789474,4.9,-0.466501532562));
#9341 = GEOMETRIC_CURVE_SET('',(#9342));
#9342 = TRIMMED_CURVE('',#9343,(#9348,PARAMETER_VALUE(4.473639049808)),(
    #9349,PARAMETER_VALUE(4.844974440745)),.T.,.PARAMETER.);
#9343 = ELLIPSE('',#9344,0.701047243272,0.491424857248);
#9344 = AXIS2_PLACEMENT_3D('',#9345,#9346,#9347);
#9345 = CARTESIAN_POINT('',(3.798593335217,4.782493510811,
    -8.463918645342E-03));
#9346 = DIRECTION('',(-0.701100088056,-0.707121500815,9.185776838444E-02
    ));
#9347 = DIRECTION('',(0.701022012134,-0.707091821279,-9.267844832734E-02
    ));
#9348 = CARTESIAN_POINT('',(3.620065789474,4.9,-0.466501532562));
#9349 = CARTESIAN_POINT('',(3.8,4.717246420653,-0.5));
#9350 = GEOMETRIC_CURVE_SET('',(#9351));
#9351 = TRIMMED_CURVE('',#9352,(#9356,PARAMETER_VALUE(3.8)),(#9357,
    PARAMETER_VALUE(4.717246420653)),.T.,.PARAMETER.);
#9352 = LINE('',#9353,#9354);
#9353 = CARTESIAN_POINT('',(3.8,1.232595164408E-31,-0.5));
#9354 = VECTOR('',#9355,1.);
#9355 = DIRECTION('',(0.,1.,0.));
#9356 = CARTESIAN_POINT('',(3.8,3.8,-0.5));
#9357 = CARTESIAN_POINT('',(3.8,4.717246420653,-0.5));
#9358 = GEOMETRIC_CURVE_SET('',(#9359));
#9359 = TRIMMED_CURVE('',#9360,(#9365,PARAMETER_VALUE(0.)),(#9366,
    PARAMETER_VALUE(3.14159265359)),.T.,.PARAMETER.);
#9360 = CIRCLE('',#9361,0.5);
#9361 = AXIS2_PLACEMENT_3D('',#9362,#9363,#9364);
#9362 = CARTESIAN_POINT('',(3.8,3.8,0.));
#9363 = DIRECTION('',(0.,1.,0.));
#9364 = DIRECTION('',(0.,0.,-1.));
#9365 = CARTESIAN_POINT('',(3.8,3.8,-0.5));
#9366 = CARTESIAN_POINT('',(3.8,3.8,0.5));
#9367 = GEOMETRIC_CURVE_SET('',(#9368));
#9368 = TRIMMED_CURVE('',#9369,(#9373,PARAMETER_VALUE(-0.167815921163)),
  (#9374,PARAMETER_VALUE(-1.E-01)),.T.,.PARAMETER.);
#9369 = LINE('',#9370,#9371);
#9370 = CARTESIAN_POINT('',(3.7,3.8,-0.5));
#9371 = VECTOR('',#9372,1.);
#9372 = DIRECTION('',(-1.,0.,0.));
#9373 = CARTESIAN_POINT('',(3.867815921163,3.8,-0.5));
#9374 = CARTESIAN_POINT('',(3.8,3.8,-0.5));
#9375 = GEOMETRIC_CURVE_SET('',(#9376));
#9376 = TRIMMED_CURVE('',#9377,(#9381,PARAMETER_VALUE(-0.425)),(#9382,
    PARAMETER_VALUE(0.425)),.T.,.PARAMETER.);
#9377 = LINE('',#9378,#9379);
#9378 = CARTESIAN_POINT('',(3.867815921163,4.225,-0.5));
#9379 = VECTOR('',#9380,1.);
#9380 = DIRECTION('',(0.,-1.,0.));
#9381 = CARTESIAN_POINT('',(3.867815921163,4.65,-0.5));
#9382 = CARTESIAN_POINT('',(3.867815921163,3.8,-0.5));
#9383 = GEOMETRIC_CURVE_SET('',(#9384));
#9384 = TRIMMED_CURVE('',#9385,(#9389,PARAMETER_VALUE(0.)),(#9390,
    PARAMETER_VALUE(9.550434677931E-02)),.T.,.PARAMETER.);
#9385 = LINE('',#9386,#9387);
#9386 = CARTESIAN_POINT('',(3.8,4.717246420653,-0.5));
#9387 = VECTOR('',#9388,1.);
#9388 = DIRECTION('',(0.710082037621,-0.70411895291,-7.265526793185E-16)
  );
#9389 = CARTESIAN_POINT('',(3.8,4.717246420653,-0.5));
#9390 = CARTESIAN_POINT('',(3.867815921163,4.65,-0.5));
#9391 = GEOMETRIC_CURVE_SET('',(#9392));
#9392 = TRIMMED_CURVE('',#9393,(#9397,PARAMETER_VALUE(3.8)),(#9398,
    PARAMETER_VALUE(4.717246420653)),.T.,.PARAMETER.);
#9393 = LINE('',#9394,#9395);
#9394 = CARTESIAN_POINT('',(3.8,1.232595164408E-31,-0.5));
#9395 = VECTOR('',#9396,1.);
#9396 = DIRECTION('',(0.,1.,0.));
#9397 = CARTESIAN_POINT('',(3.8,3.8,-0.5));
#9398 = CARTESIAN_POINT('',(3.8,4.717246420653,-0.5));
#9399 = GEOMETRIC_CURVE_SET('',(#9400));
#9400 = TRIMMED_CURVE('',#9401,(#9405,PARAMETER_VALUE(0.)),(#9406,
    PARAMETER_VALUE(9.550434677931E-02)),.T.,.PARAMETER.);
#9401 = LINE('',#9402,#9403);
#9402 = CARTESIAN_POINT('',(-3.867815921163,0.25,0.5));
#9403 = VECTOR('',#9404,1.);
#9404 = DIRECTION('',(0.710082037621,-0.70411895291,0.));
#9405 = CARTESIAN_POINT('',(-3.867815921163,0.25,0.5));
#9406 = CARTESIAN_POINT('',(-3.8,0.182753579347,0.5));
#9407 = GEOMETRIC_CURVE_SET('',(#9408));
#9408 = TRIMMED_CURVE('',#9409,(#9414,PARAMETER_VALUE(4.579803520023)),(
    #9415,PARAMETER_VALUE(4.951138910961)),.T.,.PARAMETER.);
#9409 = ELLIPSE('',#9410,0.701047243269,0.491424857245);
#9410 = AXIS2_PLACEMENT_3D('',#9411,#9412,#9413);
#9411 = CARTESIAN_POINT('',(-3.798593335217,0.117506489189,
    8.46391864843E-03));
#9412 = DIRECTION('',(0.701100088056,0.707121500815,-9.185776838443E-02)
  );
#9413 = DIRECTION('',(0.701022012134,-0.707091821279,-9.267844832796E-02
    ));
#9414 = CARTESIAN_POINT('',(-3.8,0.182753579347,0.5));
#9415 = CARTESIAN_POINT('',(-3.620065789474,2.465190328816E-31,
    0.466501532562));
#9416 = GEOMETRIC_CURVE_SET('',(#9417));
#9417 = TRIMMED_CURVE('',#9418,(#9423,PARAMETER_VALUE(1.858478426211)),(
    #9424,PARAMETER_VALUE(3.01343347156)),.T.,.PARAMETER.);
#9418 = CIRCLE('',#9419,3.65);
#9419 = AXIS2_PLACEMENT_3D('',#9420,#9421,#9422);
#9420 = CARTESIAN_POINT('',(0.,2.465190328816E-31,0.));
#9421 = DIRECTION('',(0.,-1.,0.));
#9422 = DIRECTION('',(1.,0.,0.));
#9423 = CARTESIAN_POINT('',(-1.03561575886,-2.775557561563E-16,3.5));
#9424 = CARTESIAN_POINT('',(-3.620065789474,2.465190328816E-31,
    0.466501532562));
#9425 = GEOMETRIC_CURVE_SET('',(#9426));
#9426 = TRIMMED_CURVE('',#9427,(#9431,PARAMETER_VALUE(0.)),(#9432,
    PARAMETER_VALUE(7.294938705409E-02)),.T.,.PARAMETER.);
#9427 = ( BOUNDED_CURVE() B_SPLINE_CURVE(2,(#9428,#9429,#9430),
.UNSPECIFIED.,.F.,.F.) B_SPLINE_CURVE_WITH_KNOTS((3,3),(0.,
7.294938705409E-02),.PIECEWISE_BEZIER_KNOTS.) CURVE() 
GEOMETRIC_REPRESENTATION_ITEM() RATIONAL_B_SPLINE_CURVE((1.,
1.00413958047,1.)) REPRESENTATION_ITEM('') );
#9428 = CARTESIAN_POINT('',(-1.03561575886,-2.775557561563E-16,3.5));
#9429 = CARTESIAN_POINT('',(-1.366701841655,9.393916846072E-02,3.5));
#9430 = CARTESIAN_POINT('',(-1.720465053409,0.25,3.5));
#9431 = CARTESIAN_POINT('',(-1.03561575886,-2.775557561563E-16,3.5));
#9432 = CARTESIAN_POINT('',(-1.720465053409,0.25,3.5));
#9433 = GEOMETRIC_CURVE_SET('',(#9434));
#9434 = TRIMMED_CURVE('',#9435,(#9440,PARAMETER_VALUE(2.027670330328)),(
    #9441,PARAMETER_VALUE(3.013033693548)),.T.,.PARAMETER.);
#9435 = CIRCLE('',#9436,3.9);
#9436 = AXIS2_PLACEMENT_3D('',#9437,#9438,#9439);
#9437 = CARTESIAN_POINT('',(0.,0.25,0.));
#9438 = DIRECTION('',(0.,-1.,0.));
#9439 = DIRECTION('',(1.,0.,0.));
#9440 = CARTESIAN_POINT('',(-1.720465053409,0.25,3.5));
#9441 = CARTESIAN_POINT('',(-3.867815921163,0.25,0.5));
#9442 = GEOMETRIC_CURVE_SET('',(#9443));
#9443 = TRIMMED_CURVE('',#9444,(#9448,PARAMETER_VALUE(0.)),(#9449,
    PARAMETER_VALUE(9.550434677931E-02)),.T.,.PARAMETER.);
#9444 = LINE('',#9445,#9446);
#9445 = CARTESIAN_POINT('',(-3.867815921163,4.65,-0.5));
#9446 = VECTOR('',#9447,1.);
#9447 = DIRECTION('',(0.710082037621,0.70411895291,7.265526793185E-16));
#9448 = CARTESIAN_POINT('',(-3.867815921163,4.65,-0.5));
#9449 = CARTESIAN_POINT('',(-3.8,4.717246420653,-0.5));
#9450 = GEOMETRIC_CURVE_SET('',(#9451));
#9451 = TRIMMED_CURVE('',#9452,(#9457,PARAMETER_VALUE(4.579803520043)),(
    #9458,PARAMETER_VALUE(4.95113891096)),.T.,.PARAMETER.);
#9452 = ELLIPSE('',#9453,0.701047243308,0.4914248573);
#9453 = AXIS2_PLACEMENT_3D('',#9454,#9455,#9456);
#9454 = CARTESIAN_POINT('',(-3.798593335228,4.782493510809,
    -8.463918594414E-03));
#9455 = DIRECTION('',(0.701100088056,-0.707121500815,9.185776838719E-02)
  );
#9456 = DIRECTION('',(0.701022012135,0.707091821279,9.267844831929E-02)
  );
#9457 = CARTESIAN_POINT('',(-3.8,4.717246420653,-0.5));
#9458 = CARTESIAN_POINT('',(-3.620065789474,4.9,-0.466501532562));
#9459 = GEOMETRIC_CURVE_SET('',(#9460));
#9460 = TRIMMED_CURVE('',#9461,(#9466,PARAMETER_VALUE(3.269751835619)),(
    #9467,PARAMETER_VALUE(4.424706880968)),.T.,.PARAMETER.);
#9461 = CIRCLE('',#9462,3.65);
#9462 = AXIS2_PLACEMENT_3D('',#9463,#9464,#9465);
#9463 = CARTESIAN_POINT('',(0.,4.9,0.));
#9464 = DIRECTION('',(0.,-1.,0.));
#9465 = DIRECTION('',(1.,0.,0.));
#9466 = CARTESIAN_POINT('',(-3.620065789474,4.9,-0.466501532562));
#9467 = CARTESIAN_POINT('',(-1.03561575886,4.9,-3.5));
#9468 = GEOMETRIC_CURVE_SET('',(#9469));
#9469 = TRIMMED_CURVE('',#9470,(#9474,PARAMETER_VALUE(0.)),(#9475,
    PARAMETER_VALUE(7.294938705409E-02)),.T.,.PARAMETER.);
#9470 = ( BOUNDED_CURVE() B_SPLINE_CURVE(2,(#9471,#9472,#9473),
.UNSPECIFIED.,.F.,.F.) B_SPLINE_CURVE_WITH_KNOTS((3,3),(0.,
7.294938705409E-02),.PIECEWISE_BEZIER_KNOTS.) CURVE() 
GEOMETRIC_REPRESENTATION_ITEM() RATIONAL_B_SPLINE_CURVE((1.,
1.00413958047,1.)) REPRESENTATION_ITEM('') );
#9471 = CARTESIAN_POINT('',(-1.03561575886,4.9,-3.5));
#9472 = CARTESIAN_POINT('',(-1.366701841655,4.806060831539,-3.5));
#9473 = CARTESIAN_POINT('',(-1.720465053409,4.65,-3.5));
#9474 = CARTESIAN_POINT('',(-1.03561575886,4.9,-3.5));
#9475 = CARTESIAN_POINT('',(-1.720465053409,4.65,-3.5));
#9476 = GEOMETRIC_CURVE_SET('',(#9477));
#9477 = TRIMMED_CURVE('',#9478,(#9483,PARAMETER_VALUE(3.270151613631)),(
    #9484,PARAMETER_VALUE(4.255514976852)),.T.,.PARAMETER.);
#9478 = CIRCLE('',#9479,3.9);
#9479 = AXIS2_PLACEMENT_3D('',#9480,#9481,#9482);
#9480 = CARTESIAN_POINT('',(0.,4.65,0.));
#9481 = DIRECTION('',(0.,-1.,0.));
#9482 = DIRECTION('',(1.,0.,0.));
#9483 = CARTESIAN_POINT('',(-3.867815921163,4.65,-0.5));
#9484 = CARTESIAN_POINT('',(-1.720465053409,4.65,-3.5));
#9485 = GEOMETRIC_CURVE_SET('',(#9486));
#9486 = TRIMMED_CURVE('',#9487,(#9491,PARAMETER_VALUE(-0.425)),(#9492,
    PARAMETER_VALUE(0.425)),.T.,.PARAMETER.);
#9487 = LINE('',#9488,#9489);
#9488 = CARTESIAN_POINT('',(-3.867815921163,4.225,-0.5));
#9489 = VECTOR('',#9490,1.);
#9490 = DIRECTION('',(0.,1.,0.));
#9491 = CARTESIAN_POINT('',(-3.867815921163,3.8,-0.5));
#9492 = CARTESIAN_POINT('',(-3.867815921163,4.65,-0.5));
#9493 = GEOMETRIC_CURVE_SET('',(#9494));
#9494 = TRIMMED_CURVE('',#9495,(#9500,PARAMETER_VALUE(3.270151613631)),(
    #9501,PARAMETER_VALUE(4.255514976852)),.T.,.PARAMETER.);
#9495 = CIRCLE('',#9496,3.9);
#9496 = AXIS2_PLACEMENT_3D('',#9497,#9498,#9499);
#9497 = CARTESIAN_POINT('',(0.,4.65,0.));
#9498 = DIRECTION('',(0.,-1.,0.));
#9499 = DIRECTION('',(1.,0.,0.));
#9500 = CARTESIAN_POINT('',(-3.867815921163,4.65,-0.5));
#9501 = CARTESIAN_POINT('',(-1.720465053409,4.65,-3.5));
#9502 = GEOMETRIC_CURVE_SET('',(#9503));
#9503 = TRIMMED_CURVE('',#9504,(#9508,PARAMETER_VALUE(-0.425)),(#9509,
    PARAMETER_VALUE(0.425)),.T.,.PARAMETER.);
#9504 = LINE('',#9505,#9506);
#9505 = CARTESIAN_POINT('',(-1.720465053409,4.225,-3.5));
#9506 = VECTOR('',#9507,1.);
#9507 = DIRECTION('',(0.,-1.,0.));
#9508 = CARTESIAN_POINT('',(-1.720465053409,4.65,-3.5));
#9509 = CARTESIAN_POINT('',(-1.720465053409,3.8,-3.5));
#9510 = GEOMETRIC_CURVE_SET('',(#9511));
#9511 = TRIMMED_CURVE('',#9512,(#9517,PARAMETER_VALUE(3.270151613631)),(
    #9518,PARAMETER_VALUE(4.255514976852)),.T.,.PARAMETER.);
#9512 = CIRCLE('',#9513,3.9);
#9513 = AXIS2_PLACEMENT_3D('',#9514,#9515,#9516);
#9514 = CARTESIAN_POINT('',(0.,3.8,0.));
#9515 = DIRECTION('',(0.,-1.,0.));
#9516 = DIRECTION('',(1.,0.,0.));
#9517 = CARTESIAN_POINT('',(-3.867815921163,3.8,-0.5));
#9518 = CARTESIAN_POINT('',(-1.720465053409,3.8,-3.5));
#9519 = GEOMETRIC_CURVE_SET('',(#9520));
#9520 = TRIMMED_CURVE('',#9521,(#9525,PARAMETER_VALUE(-0.575)),(#9526,
    PARAMETER_VALUE(0.575)),.T.,.PARAMETER.);
#9521 = LINE('',#9522,#9523);
#9522 = CARTESIAN_POINT('',(-3.867815921163,0.825,0.5));
#9523 = VECTOR('',#9524,1.);
#9524 = DIRECTION('',(0.,-1.,0.));
#9525 = CARTESIAN_POINT('',(-3.867815921163,1.4,0.5));
#9526 = CARTESIAN_POINT('',(-3.867815921163,0.25,0.5));
#9527 = GEOMETRIC_CURVE_SET('',(#9528));
#9528 = TRIMMED_CURVE('',#9529,(#9534,PARAMETER_VALUE(2.027670330328)),(
    #9535,PARAMETER_VALUE(3.013033693548)),.T.,.PARAMETER.);
#9529 = CIRCLE('',#9530,3.9);
#9530 = AXIS2_PLACEMENT_3D('',#9531,#9532,#9533);
#9531 = CARTESIAN_POINT('',(0.,0.25,0.));
#9532 = DIRECTION('',(0.,-1.,0.));
#9533 = DIRECTION('',(1.,0.,0.));
#9534 = CARTESIAN_POINT('',(-1.720465053409,0.25,3.5));
#9535 = CARTESIAN_POINT('',(-3.867815921163,0.25,0.5));
#9536 = GEOMETRIC_CURVE_SET('',(#9537));
#9537 = TRIMMED_CURVE('',#9538,(#9542,PARAMETER_VALUE(-0.575)),(#9543,
    PARAMETER_VALUE(0.575)),.T.,.PARAMETER.);
#9538 = LINE('',#9539,#9540);
#9539 = CARTESIAN_POINT('',(-1.720465053409,0.825,3.5));
#9540 = VECTOR('',#9541,1.);
#9541 = DIRECTION('',(0.,1.,0.));
#9542 = CARTESIAN_POINT('',(-1.720465053409,0.25,3.5));
#9543 = CARTESIAN_POINT('',(-1.720465053409,1.4,3.5));
#9544 = GEOMETRIC_CURVE_SET('',(#9545));
#9545 = TRIMMED_CURVE('',#9546,(#9551,PARAMETER_VALUE(2.027670330328)),(
    #9552,PARAMETER_VALUE(3.013033693548)),.T.,.PARAMETER.);
#9546 = CIRCLE('',#9547,3.9);
#9547 = AXIS2_PLACEMENT_3D('',#9548,#9549,#9550);
#9548 = CARTESIAN_POINT('',(0.,1.4,0.));
#9549 = DIRECTION('',(0.,-1.,0.));
#9550 = DIRECTION('',(1.,0.,0.));
#9551 = CARTESIAN_POINT('',(-1.720465053409,1.4,3.5));
#9552 = CARTESIAN_POINT('',(-3.867815921163,1.4,0.5));
#9553 = GEOMETRIC_CURVE_SET('',(#9554));
#9554 = TRIMMED_CURVE('',#9555,(#9559,PARAMETER_VALUE(-3.667815921163)),
  (#9560,PARAMETER_VALUE(-3.6)),.T.,.PARAMETER.);
#9555 = LINE('',#9556,#9557);
#9556 = CARTESIAN_POINT('',(-0.2,3.8,0.5));
#9557 = VECTOR('',#9558,1.);
#9558 = DIRECTION('',(1.,0.,0.));
#9559 = CARTESIAN_POINT('',(-3.867815921163,3.8,0.5));
#9560 = CARTESIAN_POINT('',(-3.8,3.8,0.5));
#9561 = GEOMETRIC_CURVE_SET('',(#9562));
#9562 = TRIMMED_CURVE('',#9563,(#9568,PARAMETER_VALUE(3.14159265359)),(
    #9569,PARAMETER_VALUE(6.28318530718)),.T.,.PARAMETER.);
#9563 = CIRCLE('',#9564,0.5);
#9564 = AXIS2_PLACEMENT_3D('',#9565,#9566,#9567);
#9565 = CARTESIAN_POINT('',(-3.8,3.8,0.));
#9566 = DIRECTION('',(0.,1.,0.));
#9567 = DIRECTION('',(0.,0.,-1.));
#9568 = CARTESIAN_POINT('',(-3.8,3.8,0.5));
#9569 = CARTESIAN_POINT('',(-3.8,3.8,-0.5));
#9570 = GEOMETRIC_CURVE_SET('',(#9571));
#9571 = TRIMMED_CURVE('',#9572,(#9576,PARAMETER_VALUE(3.65)),(#9577,
    PARAMETER_VALUE(3.717815921163)),.T.,.PARAMETER.);
#9572 = LINE('',#9573,#9574);
#9573 = CARTESIAN_POINT('',(-0.15,3.8,-0.5));
#9574 = VECTOR('',#9575,1.);
#9575 = DIRECTION('',(-1.,0.,0.));
#9576 = CARTESIAN_POINT('',(-3.8,3.8,-0.5));
#9577 = CARTESIAN_POINT('',(-3.867815921163,3.8,-0.5));
#9578 = GEOMETRIC_CURVE_SET('',(#9579));
#9579 = TRIMMED_CURVE('',#9580,(#9585,PARAMETER_VALUE(3.270151613631)),(
    #9586,PARAMETER_VALUE(4.255514976852)),.T.,.PARAMETER.);
#9580 = CIRCLE('',#9581,3.9);
#9581 = AXIS2_PLACEMENT_3D('',#9582,#9583,#9584);
#9582 = CARTESIAN_POINT('',(0.,3.8,0.));
#9583 = DIRECTION('',(0.,-1.,0.));
#9584 = DIRECTION('',(1.,0.,0.));
#9585 = CARTESIAN_POINT('',(-3.867815921163,3.8,-0.5));
#9586 = CARTESIAN_POINT('',(-1.720465053409,3.8,-3.5));
#9587 = GEOMETRIC_CURVE_SET('',(#9588));
#9588 = TRIMMED_CURVE('',#9589,(#9593,PARAMETER_VALUE(-6.434843963495)),
  (#9594,PARAMETER_VALUE(-2.993913856678)),.T.,.PARAMETER.);
#9589 = LINE('',#9590,#9591);
#9590 = CARTESIAN_POINT('',(4.714378910086,3.8,-3.5));
#9591 = VECTOR('',#9592,1.);
#9592 = DIRECTION('',(1.,0.,-1.316456427344E-16));
#9593 = CARTESIAN_POINT('',(-1.720465053409,3.8,-3.5));
#9594 = CARTESIAN_POINT('',(1.720465053409,3.8,-3.5));
#9595 = GEOMETRIC_CURVE_SET('',(#9596));
#9596 = TRIMMED_CURVE('',#9597,(#9602,PARAMETER_VALUE(5.169262983917)),(
    #9603,PARAMETER_VALUE(6.154626347138)),.T.,.PARAMETER.);
#9597 = CIRCLE('',#9598,3.9);
#9598 = AXIS2_PLACEMENT_3D('',#9599,#9600,#9601);
#9599 = CARTESIAN_POINT('',(0.,3.8,0.));
#9600 = DIRECTION('',(0.,-1.,0.));
#9601 = DIRECTION('',(1.,0.,0.));
#9602 = CARTESIAN_POINT('',(1.720465053409,3.8,-3.5));
#9603 = CARTESIAN_POINT('',(3.867815921163,3.8,-0.5));
#9604 = GEOMETRIC_CURVE_SET('',(#9605));
#9605 = TRIMMED_CURVE('',#9606,(#9610,PARAMETER_VALUE(-0.167815921163)),
  (#9611,PARAMETER_VALUE(-1.E-01)),.T.,.PARAMETER.);
#9606 = LINE('',#9607,#9608);
#9607 = CARTESIAN_POINT('',(3.7,3.8,-0.5));
#9608 = VECTOR('',#9609,1.);
#9609 = DIRECTION('',(-1.,0.,0.));
#9610 = CARTESIAN_POINT('',(3.867815921163,3.8,-0.5));
#9611 = CARTESIAN_POINT('',(3.8,3.8,-0.5));
#9612 = GEOMETRIC_CURVE_SET('',(#9613));
#9613 = TRIMMED_CURVE('',#9614,(#9619,PARAMETER_VALUE(0.)),(#9620,
    PARAMETER_VALUE(3.14159265359)),.T.,.PARAMETER.);
#9614 = CIRCLE('',#9615,0.5);
#9615 = AXIS2_PLACEMENT_3D('',#9616,#9617,#9618);
#9616 = CARTESIAN_POINT('',(3.8,3.8,0.));
#9617 = DIRECTION('',(0.,1.,0.));
#9618 = DIRECTION('',(0.,0.,-1.));
#9619 = CARTESIAN_POINT('',(3.8,3.8,-0.5));
#9620 = CARTESIAN_POINT('',(3.8,3.8,0.5));
#9621 = GEOMETRIC_CURVE_SET('',(#9622));
#9622 = TRIMMED_CURVE('',#9623,(#9627,PARAMETER_VALUE(0.15)),(#9628,
    PARAMETER_VALUE(0.217815921163)),.T.,.PARAMETER.);
#9623 = LINE('',#9624,#9625);
#9624 = CARTESIAN_POINT('',(3.65,3.8,0.5));
#9625 = VECTOR('',#9626,1.);
#9626 = DIRECTION('',(1.,0.,0.));
#9627 = CARTESIAN_POINT('',(3.8,3.8,0.5));
#9628 = CARTESIAN_POINT('',(3.867815921163,3.8,0.5));
#9629 = GEOMETRIC_CURVE_SET('',(#9630));
#9630 = TRIMMED_CURVE('',#9631,(#9636,PARAMETER_VALUE(0.128558960041)),(
    #9637,PARAMETER_VALUE(1.113922323262)),.T.,.PARAMETER.);
#9631 = CIRCLE('',#9632,3.9);
#9632 = AXIS2_PLACEMENT_3D('',#9633,#9634,#9635);
#9633 = CARTESIAN_POINT('',(0.,3.8,0.));
#9634 = DIRECTION('',(0.,-1.,0.));
#9635 = DIRECTION('',(1.,0.,0.));
#9636 = CARTESIAN_POINT('',(3.867815921163,3.8,0.5));
#9637 = CARTESIAN_POINT('',(1.720465053409,3.8,3.5));
#9638 = GEOMETRIC_CURVE_SET('',(#9639));
#9639 = TRIMMED_CURVE('',#9640,(#9644,PARAMETER_VALUE(-3.331151304415)),
  (#9645,PARAMETER_VALUE(0.109778802402)),.T.,.PARAMETER.);
#9640 = LINE('',#9641,#9642);
#9641 = CARTESIAN_POINT('',(-1.610686251007,3.8,3.5));
#9642 = VECTOR('',#9643,1.);
#9643 = DIRECTION('',(-1.,0.,-1.316456427344E-16));
#9644 = CARTESIAN_POINT('',(1.720465053409,3.8,3.5));
#9645 = CARTESIAN_POINT('',(-1.720465053409,3.8,3.5));
#9646 = GEOMETRIC_CURVE_SET('',(#9647));
#9647 = TRIMMED_CURVE('',#9648,(#9653,PARAMETER_VALUE(2.027670330328)),(
    #9654,PARAMETER_VALUE(3.013033693548)),.T.,.PARAMETER.);
#9648 = CIRCLE('',#9649,3.9);
#9649 = AXIS2_PLACEMENT_3D('',#9650,#9651,#9652);
#9650 = CARTESIAN_POINT('',(0.,3.8,0.));
#9651 = DIRECTION('',(0.,-1.,0.));
#9652 = DIRECTION('',(1.,0.,0.));
#9653 = CARTESIAN_POINT('',(-1.720465053409,3.8,3.5));
#9654 = CARTESIAN_POINT('',(-3.867815921163,3.8,0.5));
#9655 = GEOMETRIC_CURVE_SET('',(#9656));
#9656 = TRIMMED_CURVE('',#9657,(#9662,PARAMETER_VALUE(0.)),(#9663,
    PARAMETER_VALUE(6.28318530718)),.T.,.PARAMETER.);
#9657 = CIRCLE('',#9658,3.1);
#9658 = AXIS2_PLACEMENT_3D('',#9659,#9660,#9661);
#9659 = CARTESIAN_POINT('',(0.,3.8,0.));
#9660 = DIRECTION('',(0.,-1.,0.));
#9661 = DIRECTION('',(1.,0.,0.));
#9662 = CARTESIAN_POINT('',(3.1,3.8,0.));
#9663 = CARTESIAN_POINT('',(3.1,3.8,0.));
#9664 = GEOMETRIC_CURVE_SET('',(#9665));
#9665 = TRIMMED_CURVE('',#9666,(#9670,PARAMETER_VALUE(0.)),(#9671,
    PARAMETER_VALUE(9.550434677931E-02)),.T.,.PARAMETER.);
#9666 = LINE('',#9667,#9668);
#9667 = CARTESIAN_POINT('',(3.8,4.717246420653,-0.5));
#9668 = VECTOR('',#9669,1.);
#9669 = DIRECTION('',(0.710082037621,-0.70411895291,-7.265526793185E-16)
  );
#9670 = CARTESIAN_POINT('',(3.8,4.717246420653,-0.5));
#9671 = CARTESIAN_POINT('',(3.867815921163,4.65,-0.5));
#9672 = GEOMETRIC_CURVE_SET('',(#9673));
#9673 = TRIMMED_CURVE('',#9674,(#9679,PARAMETER_VALUE(5.169262983917)),(
    #9680,PARAMETER_VALUE(6.154626347138)),.T.,.PARAMETER.);
#9674 = CIRCLE('',#9675,3.9);
#9675 = AXIS2_PLACEMENT_3D('',#9676,#9677,#9678);
#9676 = CARTESIAN_POINT('',(0.,4.65,0.));
#9677 = DIRECTION('',(0.,-1.,0.));
#9678 = DIRECTION('',(1.,0.,0.));
#9679 = CARTESIAN_POINT('',(1.720465053409,4.65,-3.5));
#9680 = CARTESIAN_POINT('',(3.867815921163,4.65,-0.5));
#9681 = GEOMETRIC_CURVE_SET('',(#9682));
#9682 = TRIMMED_CURVE('',#9683,(#9687,PARAMETER_VALUE(0.)),(#9688,
    PARAMETER_VALUE(7.294938705409E-02)),.T.,.PARAMETER.);
#9683 = ( BOUNDED_CURVE() B_SPLINE_CURVE(2,(#9684,#9685,#9686),
.UNSPECIFIED.,.F.,.F.) B_SPLINE_CURVE_WITH_KNOTS((3,3),(0.,
7.294938705409E-02),.PIECEWISE_BEZIER_KNOTS.) CURVE() 
GEOMETRIC_REPRESENTATION_ITEM() RATIONAL_B_SPLINE_CURVE((1.,
1.00413958047,1.)) REPRESENTATION_ITEM('') );
#9684 = CARTESIAN_POINT('',(1.720465053409,4.65,-3.5));
#9685 = CARTESIAN_POINT('',(1.366701841655,4.806060831539,-3.5));
#9686 = CARTESIAN_POINT('',(1.03561575886,4.9,-3.5));
#9687 = CARTESIAN_POINT('',(1.720465053409,4.65,-3.5));
#9688 = CARTESIAN_POINT('',(1.03561575886,4.9,-3.5));
#9689 = GEOMETRIC_CURVE_SET('',(#9690));
#9690 = TRIMMED_CURVE('',#9691,(#9696,PARAMETER_VALUE(5.000071079801)),(
    #9697,PARAMETER_VALUE(6.15502612515)),.T.,.PARAMETER.);
#9691 = CIRCLE('',#9692,3.65);
#9692 = AXIS2_PLACEMENT_3D('',#9693,#9694,#9695);
#9693 = CARTESIAN_POINT('',(0.,4.9,0.));
#9694 = DIRECTION('',(0.,-1.,0.));
#9695 = DIRECTION('',(1.,0.,0.));
#9696 = CARTESIAN_POINT('',(1.03561575886,4.9,-3.5));
#9697 = CARTESIAN_POINT('',(3.620065789474,4.9,-0.466501532562));
#9698 = GEOMETRIC_CURVE_SET('',(#9699));
#9699 = TRIMMED_CURVE('',#9700,(#9705,PARAMETER_VALUE(4.473639049808)),(
    #9706,PARAMETER_VALUE(4.844974440745)),.T.,.PARAMETER.);
#9700 = ELLIPSE('',#9701,0.701047243272,0.491424857248);
#9701 = AXIS2_PLACEMENT_3D('',#9702,#9703,#9704);
#9702 = CARTESIAN_POINT('',(3.798593335217,4.782493510811,
    -8.463918645342E-03));
#9703 = DIRECTION('',(-0.701100088056,-0.707121500815,9.185776838444E-02
    ));
#9704 = DIRECTION('',(0.701022012134,-0.707091821279,-9.267844832734E-02
    ));
#9705 = CARTESIAN_POINT('',(3.620065789474,4.9,-0.466501532562));
#9706 = CARTESIAN_POINT('',(3.8,4.717246420653,-0.5));
#9707 = GEOMETRIC_CURVE_SET('',(#9708));
#9708 = TRIMMED_CURVE('',#9709,(#9713,PARAMETER_VALUE(0.)),(#9714,
    PARAMETER_VALUE(9.550434677931E-02)),.T.,.PARAMETER.);
#9709 = LINE('',#9710,#9711);
#9710 = CARTESIAN_POINT('',(3.867815921163,4.65,0.5));
#9711 = VECTOR('',#9712,1.);
#9712 = DIRECTION('',(-0.710082037621,0.70411895291,-7.265526793185E-16)
  );
#9713 = CARTESIAN_POINT('',(3.867815921163,4.65,0.5));
#9714 = CARTESIAN_POINT('',(3.8,4.717246420653,0.5));
#9715 = GEOMETRIC_CURVE_SET('',(#9716));
#9716 = TRIMMED_CURVE('',#9717,(#9722,PARAMETER_VALUE(1.438210866453)),(
    #9723,PARAMETER_VALUE(1.80954625737)),.T.,.PARAMETER.);
#9717 = ELLIPSE('',#9718,0.701047243306,0.491424857297);
#9718 = AXIS2_PLACEMENT_3D('',#9719,#9720,#9721);
#9719 = CARTESIAN_POINT('',(3.798593335228,4.782493510809,
    8.463918597248E-03));
#9720 = DIRECTION('',(-0.701100088056,-0.707121500815,
    -9.185776838724E-02));
#9721 = DIRECTION('',(0.701022012135,-0.707091821279,9.267844831956E-02)
  );
#9722 = CARTESIAN_POINT('',(3.8,4.717246420653,0.5));
#9723 = CARTESIAN_POINT('',(3.620065789474,4.9,0.466501532562));
#9724 = GEOMETRIC_CURVE_SET('',(#9725));
#9725 = TRIMMED_CURVE('',#9726,(#9731,PARAMETER_VALUE(0.128159182029)),(
    #9732,PARAMETER_VALUE(1.283114227379)),.T.,.PARAMETER.);
#9726 = CIRCLE('',#9727,3.65);
#9727 = AXIS2_PLACEMENT_3D('',#9728,#9729,#9730);
#9728 = CARTESIAN_POINT('',(0.,4.9,0.));
#9729 = DIRECTION('',(0.,-1.,0.));
#9730 = DIRECTION('',(1.,0.,0.));
#9731 = CARTESIAN_POINT('',(3.620065789474,4.9,0.466501532562));
#9732 = CARTESIAN_POINT('',(1.03561575886,4.9,3.5));
#9733 = GEOMETRIC_CURVE_SET('',(#9734));
#9734 = TRIMMED_CURVE('',#9735,(#9739,PARAMETER_VALUE(0.)),(#9740,
    PARAMETER_VALUE(7.294938705409E-02)),.T.,.PARAMETER.);
#9735 = ( BOUNDED_CURVE() B_SPLINE_CURVE(2,(#9736,#9737,#9738),
.UNSPECIFIED.,.F.,.F.) B_SPLINE_CURVE_WITH_KNOTS((3,3),(0.,
7.294938705409E-02),.PIECEWISE_BEZIER_KNOTS.) CURVE() 
GEOMETRIC_REPRESENTATION_ITEM() RATIONAL_B_SPLINE_CURVE((1.,
1.00413958047,1.)) REPRESENTATION_ITEM('') );
#9736 = CARTESIAN_POINT('',(1.03561575886,4.9,3.5));
#9737 = CARTESIAN_POINT('',(1.366701841655,4.806060831539,3.5));
#9738 = CARTESIAN_POINT('',(1.720465053409,4.65,3.5));
#9739 = CARTESIAN_POINT('',(1.03561575886,4.9,3.5));
#9740 = CARTESIAN_POINT('',(1.720465053409,4.65,3.5));
#9741 = GEOMETRIC_CURVE_SET('',(#9742));
#9742 = TRIMMED_CURVE('',#9743,(#9748,PARAMETER_VALUE(0.128558960041)),(
    #9749,PARAMETER_VALUE(1.113922323262)),.T.,.PARAMETER.);
#9743 = CIRCLE('',#9744,3.9);
#9744 = AXIS2_PLACEMENT_3D('',#9745,#9746,#9747);
#9745 = CARTESIAN_POINT('',(0.,4.65,0.));
#9746 = DIRECTION('',(0.,-1.,0.));
#9747 = DIRECTION('',(1.,0.,0.));
#9748 = CARTESIAN_POINT('',(3.867815921163,4.65,0.5));
#9749 = CARTESIAN_POINT('',(1.720465053409,4.65,3.5));
#9750 = GEOMETRIC_CURVE_SET('',(#9751));
#9751 = TRIMMED_CURVE('',#9752,(#9756,PARAMETER_VALUE(-3.717815921163)),
  (#9757,PARAMETER_VALUE(-3.65)),.T.,.PARAMETER.);
#9752 = LINE('',#9753,#9754);
#9753 = CARTESIAN_POINT('',(-0.15,1.4,-0.5));
#9754 = VECTOR('',#9755,1.);
#9755 = DIRECTION('',(1.,0.,0.));
#9756 = CARTESIAN_POINT('',(-3.867815921163,1.4,-0.5));
#9757 = CARTESIAN_POINT('',(-3.8,1.4,-0.5));
#9758 = GEOMETRIC_CURVE_SET('',(#9759));
#9759 = TRIMMED_CURVE('',#9760,(#9765,PARAMETER_VALUE(0.)),(#9766,
    PARAMETER_VALUE(3.14159265359)),.T.,.PARAMETER.);
#9760 = CIRCLE('',#9761,0.5);
#9761 = AXIS2_PLACEMENT_3D('',#9762,#9763,#9764);
#9762 = CARTESIAN_POINT('',(-3.8,1.4,0.));
#9763 = DIRECTION('',(0.,-1.,0.));
#9764 = DIRECTION('',(0.,0.,-1.));
#9765 = CARTESIAN_POINT('',(-3.8,1.4,-0.5));
#9766 = CARTESIAN_POINT('',(-3.8,1.4,0.5));
#9767 = GEOMETRIC_CURVE_SET('',(#9768));
#9768 = TRIMMED_CURVE('',#9769,(#9773,PARAMETER_VALUE(3.6)),(#9774,
    PARAMETER_VALUE(3.667815921163)),.T.,.PARAMETER.);
#9769 = LINE('',#9770,#9771);
#9770 = CARTESIAN_POINT('',(-0.2,1.4,0.5));
#9771 = VECTOR('',#9772,1.);
#9772 = DIRECTION('',(-1.,0.,0.));
#9773 = CARTESIAN_POINT('',(-3.8,1.4,0.5));
#9774 = CARTESIAN_POINT('',(-3.867815921163,1.4,0.5));
#9775 = GEOMETRIC_CURVE_SET('',(#9776));
#9776 = TRIMMED_CURVE('',#9777,(#9782,PARAMETER_VALUE(2.027670330328)),(
    #9783,PARAMETER_VALUE(3.013033693548)),.T.,.PARAMETER.);
#9777 = CIRCLE('',#9778,3.9);
#9778 = AXIS2_PLACEMENT_3D('',#9779,#9780,#9781);
#9779 = CARTESIAN_POINT('',(0.,1.4,0.));
#9780 = DIRECTION('',(0.,-1.,0.));
#9781 = DIRECTION('',(1.,0.,0.));
#9782 = CARTESIAN_POINT('',(-1.720465053409,1.4,3.5));
#9783 = CARTESIAN_POINT('',(-3.867815921163,1.4,0.5));
#9784 = GEOMETRIC_CURVE_SET('',(#9785));
#9785 = TRIMMED_CURVE('',#9786,(#9790,PARAMETER_VALUE(-0.109778802402)),
  (#9791,PARAMETER_VALUE(3.331151304415)),.T.,.PARAMETER.);
#9786 = LINE('',#9787,#9788);
#9787 = CARTESIAN_POINT('',(-1.610686251007,1.4,3.5));
#9788 = VECTOR('',#9789,1.);
#9789 = DIRECTION('',(1.,0.,1.316456427344E-16));
#9790 = CARTESIAN_POINT('',(-1.720465053409,1.4,3.5));
#9791 = CARTESIAN_POINT('',(1.720465053409,1.4,3.5));
#9792 = GEOMETRIC_CURVE_SET('',(#9793));
#9793 = TRIMMED_CURVE('',#9794,(#9799,PARAMETER_VALUE(0.128558960041)),(
    #9800,PARAMETER_VALUE(1.113922323262)),.T.,.PARAMETER.);
#9794 = CIRCLE('',#9795,3.9);
#9795 = AXIS2_PLACEMENT_3D('',#9796,#9797,#9798);
#9796 = CARTESIAN_POINT('',(0.,1.4,0.));
#9797 = DIRECTION('',(0.,-1.,0.));
#9798 = DIRECTION('',(1.,0.,0.));
#9799 = CARTESIAN_POINT('',(3.867815921163,1.4,0.5));
#9800 = CARTESIAN_POINT('',(1.720465053409,1.4,3.5));
#9801 = GEOMETRIC_CURVE_SET('',(#9802));
#9802 = TRIMMED_CURVE('',#9803,(#9807,PARAMETER_VALUE(-0.217815921163)),
  (#9808,PARAMETER_VALUE(-0.15)),.T.,.PARAMETER.);
#9803 = LINE('',#9804,#9805);
#9804 = CARTESIAN_POINT('',(3.65,1.4,0.5));
#9805 = VECTOR('',#9806,1.);
#9806 = DIRECTION('',(-1.,0.,0.));
#9807 = CARTESIAN_POINT('',(3.867815921163,1.4,0.5));
#9808 = CARTESIAN_POINT('',(3.8,1.4,0.5));
#9809 = GEOMETRIC_CURVE_SET('',(#9810));
#9810 = TRIMMED_CURVE('',#9811,(#9816,PARAMETER_VALUE(3.14159265359)),(
    #9817,PARAMETER_VALUE(6.28318530718)),.T.,.PARAMETER.);
#9811 = CIRCLE('',#9812,0.5);
#9812 = AXIS2_PLACEMENT_3D('',#9813,#9814,#9815);
#9813 = CARTESIAN_POINT('',(3.8,1.4,0.));
#9814 = DIRECTION('',(0.,-1.,0.));
#9815 = DIRECTION('',(0.,0.,-1.));
#9816 = CARTESIAN_POINT('',(3.8,1.4,0.5));
#9817 = CARTESIAN_POINT('',(3.8,1.4,-0.5));
#9818 = GEOMETRIC_CURVE_SET('',(#9819));
#9819 = TRIMMED_CURVE('',#9820,(#9824,PARAMETER_VALUE(1.E-01)),(#9825,
    PARAMETER_VALUE(0.167815921163)),.T.,.PARAMETER.);
#9820 = LINE('',#9821,#9822);
#9821 = CARTESIAN_POINT('',(3.7,1.4,-0.5));
#9822 = VECTOR('',#9823,1.);
#9823 = DIRECTION('',(1.,0.,0.));
#9824 = CARTESIAN_POINT('',(3.8,1.4,-0.5));
#9825 = CARTESIAN_POINT('',(3.867815921163,1.4,-0.5));
#9826 = GEOMETRIC_CURVE_SET('',(#9827));
#9827 = TRIMMED_CURVE('',#9828,(#9833,PARAMETER_VALUE(5.169262983917)),(
    #9834,PARAMETER_VALUE(6.154626347138)),.T.,.PARAMETER.);
#9828 = CIRCLE('',#9829,3.9);
#9829 = AXIS2_PLACEMENT_3D('',#9830,#9831,#9832);
#9830 = CARTESIAN_POINT('',(0.,1.4,0.));
#9831 = DIRECTION('',(0.,-1.,0.));
#9832 = DIRECTION('',(1.,0.,0.));
#9833 = CARTESIAN_POINT('',(1.720465053409,1.4,-3.5));
#9834 = CARTESIAN_POINT('',(3.867815921163,1.4,-0.5));
#9835 = GEOMETRIC_CURVE_SET('',(#9836));
#9836 = TRIMMED_CURVE('',#9837,(#9841,PARAMETER_VALUE(2.993913856678)),(
    #9842,PARAMETER_VALUE(6.434843963495)),.T.,.PARAMETER.);
#9837 = LINE('',#9838,#9839);
#9838 = CARTESIAN_POINT('',(4.714378910086,1.4,-3.5));
#9839 = VECTOR('',#9840,1.);
#9840 = DIRECTION('',(-1.,0.,1.316456427344E-16));
#9841 = CARTESIAN_POINT('',(1.720465053409,1.4,-3.5));
#9842 = CARTESIAN_POINT('',(-1.720465053409,1.4,-3.5));
#9843 = GEOMETRIC_CURVE_SET('',(#9844));
#9844 = TRIMMED_CURVE('',#9845,(#9850,PARAMETER_VALUE(3.270151613631)),(
    #9851,PARAMETER_VALUE(4.255514976852)),.T.,.PARAMETER.);
#9845 = CIRCLE('',#9846,3.9);
#9846 = AXIS2_PLACEMENT_3D('',#9847,#9848,#9849);
#9847 = CARTESIAN_POINT('',(0.,1.4,0.));
#9848 = DIRECTION('',(0.,-1.,0.));
#9849 = DIRECTION('',(1.,0.,0.));
#9850 = CARTESIAN_POINT('',(-3.867815921163,1.4,-0.5));
#9851 = CARTESIAN_POINT('',(-1.720465053409,1.4,-3.5));
#9852 = GEOMETRIC_CURVE_SET('',(#9853));
#9853 = TRIMMED_CURVE('',#9854,(#9859,PARAMETER_VALUE(0.)),(#9860,
    PARAMETER_VALUE(6.28318530718)),.T.,.PARAMETER.);
#9854 = CIRCLE('',#9855,3.1);
#9855 = AXIS2_PLACEMENT_3D('',#9856,#9857,#9858);
#9856 = CARTESIAN_POINT('',(0.,1.4,0.));
#9857 = DIRECTION('',(0.,-1.,0.));
#9858 = DIRECTION('',(1.,0.,0.));
#9859 = CARTESIAN_POINT('',(3.1,1.4,0.));
#9860 = CARTESIAN_POINT('',(3.1,1.4,0.));
#9861 = GEOMETRIC_CURVE_SET('',(#9862));
#9862 = TRIMMED_CURVE('',#9863,(#9867,PARAMETER_VALUE(0.)),(#9868,
    PARAMETER_VALUE(9.550434677931E-02)),.T.,.PARAMETER.);
#9863 = LINE('',#9864,#9865);
#9864 = CARTESIAN_POINT('',(3.867815921163,0.25,-0.5));
#9865 = VECTOR('',#9866,1.);
#9866 = DIRECTION('',(-0.710082037621,-0.70411895291,0.));
#9867 = CARTESIAN_POINT('',(3.867815921163,0.25,-0.5));
#9868 = CARTESIAN_POINT('',(3.8,0.182753579347,-0.5));
#9869 = GEOMETRIC_CURVE_SET('',(#9870));
#9870 = TRIMMED_CURVE('',#9871,(#9876,PARAMETER_VALUE(1.438210866437)),(
    #9877,PARAMETER_VALUE(1.80954625737)),.T.,.PARAMETER.);
#9871 = ELLIPSE('',#9872,0.701047243277,0.491424857256);
#9872 = AXIS2_PLACEMENT_3D('',#9873,#9874,#9875);
#9873 = CARTESIAN_POINT('',(3.798593335219,0.117506489189,
    -8.463918637317E-03));
#9874 = DIRECTION('',(-0.701100088056,0.707121500815,9.185776838442E-02)
  );
#9875 = DIRECTION('',(0.701022012134,0.707091821279,-9.267844832652E-02)
  );
#9876 = CARTESIAN_POINT('',(3.8,0.182753579347,-0.5));
#9877 = CARTESIAN_POINT('',(3.620065789474,1.174230417617E-31,
    -0.466501532562));
#9878 = GEOMETRIC_CURVE_SET('',(#9879));
#9879 = TRIMMED_CURVE('',#9880,(#9885,PARAMETER_VALUE(5.000071079801)),(
    #9886,PARAMETER_VALUE(6.15502612515)),.T.,.PARAMETER.);
#9880 = CIRCLE('',#9881,3.65);
#9881 = AXIS2_PLACEMENT_3D('',#9882,#9883,#9884);
#9882 = CARTESIAN_POINT('',(0.,2.465190328816E-31,0.));
#9883 = DIRECTION('',(0.,-1.,0.));
#9884 = DIRECTION('',(1.,0.,0.));
#9885 = CARTESIAN_POINT('',(1.03561575886,-2.775557561563E-16,-3.5));
#9886 = CARTESIAN_POINT('',(3.620065789474,1.174230417617E-31,
    -0.466501532562));
#9887 = GEOMETRIC_CURVE_SET('',(#9888));
#9888 = TRIMMED_CURVE('',#9889,(#9893,PARAMETER_VALUE(0.)),(#9894,
    PARAMETER_VALUE(7.294938705409E-02)),.T.,.PARAMETER.);
#9889 = ( BOUNDED_CURVE() B_SPLINE_CURVE(2,(#9890,#9891,#9892),
.UNSPECIFIED.,.F.,.F.) B_SPLINE_CURVE_WITH_KNOTS((3,3),(0.,
7.294938705409E-02),.PIECEWISE_BEZIER_KNOTS.) CURVE() 
GEOMETRIC_REPRESENTATION_ITEM() RATIONAL_B_SPLINE_CURVE((1.,
1.00413958047,1.)) REPRESENTATION_ITEM('') );
#9890 = CARTESIAN_POINT('',(1.03561575886,-3.469446951954E-17,-3.5));
#9891 = CARTESIAN_POINT('',(1.366701841655,9.393916846072E-02,-3.5));
#9892 = CARTESIAN_POINT('',(1.720465053409,0.25,-3.5));
#9893 = CARTESIAN_POINT('',(1.03561575886,-2.775557561563E-16,-3.5));
#9894 = CARTESIAN_POINT('',(1.720465053409,0.25,-3.5));
#9895 = GEOMETRIC_CURVE_SET('',(#9896));
#9896 = TRIMMED_CURVE('',#9897,(#9902,PARAMETER_VALUE(5.169262983917)),(
    #9903,PARAMETER_VALUE(6.154626347138)),.T.,.PARAMETER.);
#9897 = CIRCLE('',#9898,3.9);
#9898 = AXIS2_PLACEMENT_3D('',#9899,#9900,#9901);
#9899 = CARTESIAN_POINT('',(0.,0.25,0.));
#9900 = DIRECTION('',(0.,-1.,0.));
#9901 = DIRECTION('',(1.,0.,0.));
#9902 = CARTESIAN_POINT('',(1.720465053409,0.25,-3.5));
#9903 = CARTESIAN_POINT('',(3.867815921163,0.25,-0.5));
#9904 = GEOMETRIC_CURVE_SET('',(#9905));
#9905 = TRIMMED_CURVE('',#9906,(#9910,PARAMETER_VALUE(-0.425)),(#9911,
    PARAMETER_VALUE(0.425)),.T.,.PARAMETER.);
#9906 = LINE('',#9907,#9908);
#9907 = CARTESIAN_POINT('',(3.867815921163,4.225,-0.5));
#9908 = VECTOR('',#9909,1.);
#9909 = DIRECTION('',(0.,-1.,0.));
#9910 = CARTESIAN_POINT('',(3.867815921163,4.65,-0.5));
#9911 = CARTESIAN_POINT('',(3.867815921163,3.8,-0.5));
#9912 = GEOMETRIC_CURVE_SET('',(#9913));
#9913 = TRIMMED_CURVE('',#9914,(#9919,PARAMETER_VALUE(5.169262983917)),(
    #9920,PARAMETER_VALUE(6.154626347138)),.T.,.PARAMETER.);
#9914 = CIRCLE('',#9915,3.9);
#9915 = AXIS2_PLACEMENT_3D('',#9916,#9917,#9918);
#9916 = CARTESIAN_POINT('',(0.,3.8,0.));
#9917 = DIRECTION('',(0.,-1.,0.));
#9918 = DIRECTION('',(1.,0.,0.));
#9919 = CARTESIAN_POINT('',(1.720465053409,3.8,-3.5));
#9920 = CARTESIAN_POINT('',(3.867815921163,3.8,-0.5));
#9921 = GEOMETRIC_CURVE_SET('',(#9922));
#9922 = TRIMMED_CURVE('',#9923,(#9927,PARAMETER_VALUE(-0.425)),(#9928,
    PARAMETER_VALUE(0.425)),.T.,.PARAMETER.);
#9923 = LINE('',#9924,#9925);
#9924 = CARTESIAN_POINT('',(1.720465053409,4.225,-3.5));
#9925 = VECTOR('',#9926,1.);
#9926 = DIRECTION('',(0.,1.,0.));
#9927 = CARTESIAN_POINT('',(1.720465053409,3.8,-3.5));
#9928 = CARTESIAN_POINT('',(1.720465053409,4.65,-3.5));
#9929 = GEOMETRIC_CURVE_SET('',(#9930));
#9930 = TRIMMED_CURVE('',#9931,(#9936,PARAMETER_VALUE(5.169262983917)),(
    #9937,PARAMETER_VALUE(6.154626347138)),.T.,.PARAMETER.);
#9931 = CIRCLE('',#9932,3.9);
#9932 = AXIS2_PLACEMENT_3D('',#9933,#9934,#9935);
#9933 = CARTESIAN_POINT('',(0.,4.65,0.));
#9934 = DIRECTION('',(0.,-1.,0.));
#9935 = DIRECTION('',(1.,0.,0.));
#9936 = CARTESIAN_POINT('',(1.720465053409,4.65,-3.5));
#9937 = CARTESIAN_POINT('',(3.867815921163,4.65,-0.5));
#9938 = GEOMETRIC_CURVE_SET('',(#9939));
#9939 = TRIMMED_CURVE('',#9940,(#9944,PARAMETER_VALUE(-0.425)),(#9945,
    PARAMETER_VALUE(0.425)),.T.,.PARAMETER.);
#9940 = LINE('',#9941,#9942);
#9941 = CARTESIAN_POINT('',(3.867815921163,4.225,0.5));
#9942 = VECTOR('',#9943,1.);
#9943 = DIRECTION('',(0.,1.,0.));
#9944 = CARTESIAN_POINT('',(3.867815921163,3.8,0.5));
#9945 = CARTESIAN_POINT('',(3.867815921163,4.65,0.5));
#9946 = GEOMETRIC_CURVE_SET('',(#9947));
#9947 = TRIMMED_CURVE('',#9948,(#9953,PARAMETER_VALUE(0.128558960041)),(
    #9954,PARAMETER_VALUE(1.113922323262)),.T.,.PARAMETER.);
#9948 = CIRCLE('',#9949,3.9);
#9949 = AXIS2_PLACEMENT_3D('',#9950,#9951,#9952);
#9950 = CARTESIAN_POINT('',(0.,4.65,0.));
#9951 = DIRECTION('',(0.,-1.,0.));
#9952 = DIRECTION('',(1.,0.,0.));
#9953 = CARTESIAN_POINT('',(3.867815921163,4.65,0.5));
#9954 = CARTESIAN_POINT('',(1.720465053409,4.65,3.5));
#9955 = GEOMETRIC_CURVE_SET('',(#9956));
#9956 = TRIMMED_CURVE('',#9957,(#9961,PARAMETER_VALUE(-0.425)),(#9962,
    PARAMETER_VALUE(0.425)),.T.,.PARAMETER.);
#9957 = LINE('',#9958,#9959);
#9958 = CARTESIAN_POINT('',(1.720465053409,4.225,3.5));
#9959 = VECTOR('',#9960,1.);
#9960 = DIRECTION('',(0.,-1.,0.));
#9961 = CARTESIAN_POINT('',(1.720465053409,4.65,3.5));
#9962 = CARTESIAN_POINT('',(1.720465053409,3.8,3.5));
#9963 = GEOMETRIC_CURVE_SET('',(#9964));
#9964 = TRIMMED_CURVE('',#9965,(#9970,PARAMETER_VALUE(0.128558960041)),(
    #9971,PARAMETER_VALUE(1.113922323262)),.T.,.PARAMETER.);
#9965 = CIRCLE('',#9966,3.9);
#9966 = AXIS2_PLACEMENT_3D('',#9967,#9968,#9969);
#9967 = CARTESIAN_POINT('',(0.,3.8,0.));
#9968 = DIRECTION('',(0.,-1.,0.));
#9969 = DIRECTION('',(1.,0.,0.));
#9970 = CARTESIAN_POINT('',(3.867815921163,3.8,0.5));
#9971 = CARTESIAN_POINT('',(1.720465053409,3.8,3.5));
#9972 = GEOMETRIC_CURVE_SET('',(#9973));
#9973 = TRIMMED_CURVE('',#9974,(#9978,PARAMETER_VALUE(-0.575)),(#9979,
    PARAMETER_VALUE(0.575)),.T.,.PARAMETER.);
#9974 = LINE('',#9975,#9976);
#9975 = CARTESIAN_POINT('',(3.867815921163,0.825,-0.5));
#9976 = VECTOR('',#9977,1.);
#9977 = DIRECTION('',(0.,-1.,0.));
#9978 = CARTESIAN_POINT('',(3.867815921163,1.4,-0.5));
#9979 = CARTESIAN_POINT('',(3.867815921163,0.25,-0.5));
#9980 = GEOMETRIC_CURVE_SET('',(#9981));
#9981 = TRIMMED_CURVE('',#9982,(#9987,PARAMETER_VALUE(5.169262983917)),(
    #9988,PARAMETER_VALUE(6.154626347138)),.T.,.PARAMETER.);
#9982 = CIRCLE('',#9983,3.9);
#9983 = AXIS2_PLACEMENT_3D('',#9984,#9985,#9986);
#9984 = CARTESIAN_POINT('',(0.,0.25,0.));
#9985 = DIRECTION('',(0.,-1.,0.));
#9986 = DIRECTION('',(1.,0.,0.));
#9987 = CARTESIAN_POINT('',(1.720465053409,0.25,-3.5));
#9988 = CARTESIAN_POINT('',(3.867815921163,0.25,-0.5));
#9989 = GEOMETRIC_CURVE_SET('',(#9990));
#9990 = TRIMMED_CURVE('',#9991,(#9995,PARAMETER_VALUE(-0.575)),(#9996,
    PARAMETER_VALUE(0.575)),.T.,.PARAMETER.);
#9991 = LINE('',#9992,#9993);
#9992 = CARTESIAN_POINT('',(1.720465053409,0.825,-3.5));
#9993 = VECTOR('',#9994,1.);
#9994 = DIRECTION('',(0.,1.,0.));
#9995 = CARTESIAN_POINT('',(1.720465053409,0.25,-3.5));
#9996 = CARTESIAN_POINT('',(1.720465053409,1.4,-3.5));
#9997 = GEOMETRIC_CURVE_SET('',(#9998));
#9998 = TRIMMED_CURVE('',#9999,(#10004,PARAMETER_VALUE(5.169262983917)),
  (#10005,PARAMETER_VALUE(6.154626347138)),.T.,.PARAMETER.);
#9999 = CIRCLE('',#10000,3.9);
#10000 = AXIS2_PLACEMENT_3D('',#10001,#10002,#10003);
#10001 = CARTESIAN_POINT('',(0.,1.4,0.));
#10002 = DIRECTION('',(0.,-1.,0.));
#10003 = DIRECTION('',(1.,0.,0.));
#10004 = CARTESIAN_POINT('',(1.720465053409,1.4,-3.5));
#10005 = CARTESIAN_POINT('',(3.867815921163,1.4,-0.5));
#10006 = GEOMETRIC_CURVE_SET('',(#10007));
#10007 = TRIMMED_CURVE('',#10008,(#10012,PARAMETER_VALUE(0.)),(#10013,
    PARAMETER_VALUE(7.294938705409E-02)),.T.,.PARAMETER.);
#10008 = ( BOUNDED_CURVE() B_SPLINE_CURVE(2,(#10009,#10010,#10011),
.UNSPECIFIED.,.F.,.F.) B_SPLINE_CURVE_WITH_KNOTS((3,3),(0.,
7.294938705409E-02),.PIECEWISE_BEZIER_KNOTS.) CURVE() 
GEOMETRIC_REPRESENTATION_ITEM() RATIONAL_B_SPLINE_CURVE((1.,
1.00413958047,1.)) REPRESENTATION_ITEM('') );
#10009 = CARTESIAN_POINT('',(-1.720465053409,0.25,-3.5));
#10010 = CARTESIAN_POINT('',(-1.366701841655,9.393916846072E-02,-3.5));
#10011 = CARTESIAN_POINT('',(-1.03561575886,-1.387778780781E-16,-3.5));
#10012 = CARTESIAN_POINT('',(-1.720465053409,0.25,-3.5));
#10013 = CARTESIAN_POINT('',(-1.03561575886,-3.989863994747E-16,-3.5));
#10014 = GEOMETRIC_CURVE_SET('',(#10015));
#10015 = TRIMMED_CURVE('',#10016,(#10020,PARAMETER_VALUE(-0.575)),(
    #10021,PARAMETER_VALUE(0.575)),.T.,.PARAMETER.);
#10016 = LINE('',#10017,#10018);
#10017 = CARTESIAN_POINT('',(-1.720465053409,0.825,-3.5));
#10018 = VECTOR('',#10019,1.);
#10019 = DIRECTION('',(0.,-1.,0.));
#10020 = CARTESIAN_POINT('',(-1.720465053409,1.4,-3.5));
#10021 = CARTESIAN_POINT('',(-1.720465053409,0.25,-3.5));
#10022 = GEOMETRIC_CURVE_SET('',(#10023));
#10023 = TRIMMED_CURVE('',#10024,(#10028,PARAMETER_VALUE(2.993913856678)
    ),(#10029,PARAMETER_VALUE(6.434843963495)),.T.,.PARAMETER.);
#10024 = LINE('',#10025,#10026);
#10025 = CARTESIAN_POINT('',(4.714378910086,1.4,-3.5));
#10026 = VECTOR('',#10027,1.);
#10027 = DIRECTION('',(-1.,0.,1.316456427344E-16));
#10028 = CARTESIAN_POINT('',(1.720465053409,1.4,-3.5));
#10029 = CARTESIAN_POINT('',(-1.720465053409,1.4,-3.5));
#10030 = GEOMETRIC_CURVE_SET('',(#10031));
#10031 = TRIMMED_CURVE('',#10032,(#10036,PARAMETER_VALUE(-0.575)),(
    #10037,PARAMETER_VALUE(0.575)),.T.,.PARAMETER.);
#10032 = LINE('',#10033,#10034);
#10033 = CARTESIAN_POINT('',(1.720465053409,0.825,-3.5));
#10034 = VECTOR('',#10035,1.);
#10035 = DIRECTION('',(0.,1.,0.));
#10036 = CARTESIAN_POINT('',(1.720465053409,0.25,-3.5));
#10037 = CARTESIAN_POINT('',(1.720465053409,1.4,-3.5));
#10038 = GEOMETRIC_CURVE_SET('',(#10039));
#10039 = TRIMMED_CURVE('',#10040,(#10044,PARAMETER_VALUE(0.)),(#10045,
    PARAMETER_VALUE(7.294938705409E-02)),.T.,.PARAMETER.);
#10040 = ( BOUNDED_CURVE() B_SPLINE_CURVE(2,(#10041,#10042,#10043),
.UNSPECIFIED.,.F.,.F.) B_SPLINE_CURVE_WITH_KNOTS((3,3),(0.,
7.294938705409E-02),.PIECEWISE_BEZIER_KNOTS.) CURVE() 
GEOMETRIC_REPRESENTATION_ITEM() RATIONAL_B_SPLINE_CURVE((1.,
1.00413958047,1.)) REPRESENTATION_ITEM('') );
#10041 = CARTESIAN_POINT('',(1.03561575886,-3.469446951954E-17,-3.5));
#10042 = CARTESIAN_POINT('',(1.366701841655,9.393916846072E-02,-3.5));
#10043 = CARTESIAN_POINT('',(1.720465053409,0.25,-3.5));
#10044 = CARTESIAN_POINT('',(1.03561575886,-2.775557561563E-16,-3.5));
#10045 = CARTESIAN_POINT('',(1.720465053409,0.25,-3.5));
#10046 = GEOMETRIC_CURVE_SET('',(#10047));
#10047 = TRIMMED_CURVE('',#10048,(#10052,PARAMETER_VALUE(-4.912494668946
      )),(#10053,PARAMETER_VALUE(-2.841263151226)),.T.,.PARAMETER.);
#10048 = LINE('',#10049,#10050);
#10049 = CARTESIAN_POINT('',(3.876878910086,0.,-3.5));
#10050 = VECTOR('',#10051,1.);
#10051 = DIRECTION('',(1.,0.,-1.316456427344E-16));
#10052 = CARTESIAN_POINT('',(-1.03561575886,-3.989863994747E-16,-3.5));
#10053 = CARTESIAN_POINT('',(1.03561575886,-2.775557561563E-16,-3.5));
#10054 = GEOMETRIC_CURVE_SET('',(#10055));
#10055 = TRIMMED_CURVE('',#10056,(#10060,PARAMETER_VALUE(0.)),(#10061,
    PARAMETER_VALUE(7.294938705409E-02)),.T.,.PARAMETER.);
#10056 = ( BOUNDED_CURVE() B_SPLINE_CURVE(2,(#10057,#10058,#10059),
.UNSPECIFIED.,.F.,.F.) B_SPLINE_CURVE_WITH_KNOTS((3,3),(0.,
7.294938705409E-02),.PIECEWISE_BEZIER_KNOTS.) CURVE() 
GEOMETRIC_REPRESENTATION_ITEM() RATIONAL_B_SPLINE_CURVE((1.,
1.00413958047,1.)) REPRESENTATION_ITEM('') );
#10057 = CARTESIAN_POINT('',(-1.03561575886,4.9,-3.5));
#10058 = CARTESIAN_POINT('',(-1.366701841655,4.806060831539,-3.5));
#10059 = CARTESIAN_POINT('',(-1.720465053409,4.65,-3.5));
#10060 = CARTESIAN_POINT('',(-1.03561575886,4.9,-3.5));
#10061 = CARTESIAN_POINT('',(-1.720465053409,4.65,-3.5));
#10062 = GEOMETRIC_CURVE_SET('',(#10063));
#10063 = TRIMMED_CURVE('',#10064,(#10068,PARAMETER_VALUE(2.841263151226)
    ),(#10069,PARAMETER_VALUE(4.912494668946)),.T.,.PARAMETER.);
#10064 = LINE('',#10065,#10066);
#10065 = CARTESIAN_POINT('',(3.876878910086,4.9,-3.5));
#10066 = VECTOR('',#10067,1.);
#10067 = DIRECTION('',(-1.,0.,1.316456427344E-16));
#10068 = CARTESIAN_POINT('',(1.03561575886,4.9,-3.5));
#10069 = CARTESIAN_POINT('',(-1.03561575886,4.9,-3.5));
#10070 = GEOMETRIC_CURVE_SET('',(#10071));
#10071 = TRIMMED_CURVE('',#10072,(#10076,PARAMETER_VALUE(0.)),(#10077,
    PARAMETER_VALUE(7.294938705409E-02)),.T.,.PARAMETER.);
#10072 = ( BOUNDED_CURVE() B_SPLINE_CURVE(2,(#10073,#10074,#10075),
.UNSPECIFIED.,.F.,.F.) B_SPLINE_CURVE_WITH_KNOTS((3,3),(0.,
7.294938705409E-02),.PIECEWISE_BEZIER_KNOTS.) CURVE() 
GEOMETRIC_REPRESENTATION_ITEM() RATIONAL_B_SPLINE_CURVE((1.,
1.00413958047,1.)) REPRESENTATION_ITEM('') );
#10073 = CARTESIAN_POINT('',(1.720465053409,4.65,-3.5));
#10074 = CARTESIAN_POINT('',(1.366701841655,4.806060831539,-3.5));
#10075 = CARTESIAN_POINT('',(1.03561575886,4.9,-3.5));
#10076 = CARTESIAN_POINT('',(1.720465053409,4.65,-3.5));
#10077 = CARTESIAN_POINT('',(1.03561575886,4.9,-3.5));
#10078 = GEOMETRIC_CURVE_SET('',(#10079));
#10079 = TRIMMED_CURVE('',#10080,(#10084,PARAMETER_VALUE(-0.425)),(
    #10085,PARAMETER_VALUE(0.425)),.T.,.PARAMETER.);
#10080 = LINE('',#10081,#10082);
#10081 = CARTESIAN_POINT('',(1.720465053409,4.225,-3.5));
#10082 = VECTOR('',#10083,1.);
#10083 = DIRECTION('',(0.,1.,0.));
#10084 = CARTESIAN_POINT('',(1.720465053409,3.8,-3.5));
#10085 = CARTESIAN_POINT('',(1.720465053409,4.65,-3.5));
#10086 = GEOMETRIC_CURVE_SET('',(#10087));
#10087 = TRIMMED_CURVE('',#10088,(#10092,PARAMETER_VALUE(-6.434843963495
      )),(#10093,PARAMETER_VALUE(-2.993913856678)),.T.,.PARAMETER.);
#10088 = LINE('',#10089,#10090);
#10089 = CARTESIAN_POINT('',(4.714378910086,3.8,-3.5));
#10090 = VECTOR('',#10091,1.);
#10091 = DIRECTION('',(1.,0.,-1.316456427344E-16));
#10092 = CARTESIAN_POINT('',(-1.720465053409,3.8,-3.5));
#10093 = CARTESIAN_POINT('',(1.720465053409,3.8,-3.5));
#10094 = GEOMETRIC_CURVE_SET('',(#10095));
#10095 = TRIMMED_CURVE('',#10096,(#10100,PARAMETER_VALUE(-0.425)),(
    #10101,PARAMETER_VALUE(0.425)),.T.,.PARAMETER.);
#10096 = LINE('',#10097,#10098);
#10097 = CARTESIAN_POINT('',(-1.720465053409,4.225,-3.5));
#10098 = VECTOR('',#10099,1.);
#10099 = DIRECTION('',(0.,-1.,0.));
#10100 = CARTESIAN_POINT('',(-1.720465053409,4.65,-3.5));
#10101 = CARTESIAN_POINT('',(-1.720465053409,3.8,-3.5));
#10102 = GEOMETRIC_CURVE_SET('',(#10103));
#10103 = TRIMMED_CURVE('',#10104,(#10108,PARAMETER_VALUE(0.)),(#10109,
    PARAMETER_VALUE(7.294938705409E-02)),.T.,.PARAMETER.);
#10104 = ( BOUNDED_CURVE() B_SPLINE_CURVE(2,(#10105,#10106,#10107),
.UNSPECIFIED.,.F.,.F.) B_SPLINE_CURVE_WITH_KNOTS((3,3),(0.,
7.294938705409E-02),.PIECEWISE_BEZIER_KNOTS.) CURVE() 
GEOMETRIC_REPRESENTATION_ITEM() RATIONAL_B_SPLINE_CURVE((1.,
1.00413958047,1.)) REPRESENTATION_ITEM('') );
#10105 = CARTESIAN_POINT('',(1.720465053409,0.25,3.5));
#10106 = CARTESIAN_POINT('',(1.366701841655,9.393916846072E-02,3.5));
#10107 = CARTESIAN_POINT('',(1.03561575886,-1.387778780781E-16,3.5));
#10108 = CARTESIAN_POINT('',(1.720465053409,0.25,3.5));
#10109 = CARTESIAN_POINT('',(1.03561575886,-1.214306433184E-16,3.5));
#10110 = GEOMETRIC_CURVE_SET('',(#10111));
#10111 = TRIMMED_CURVE('',#10112,(#10116,PARAMETER_VALUE(-0.575)),(
    #10117,PARAMETER_VALUE(0.575)),.T.,.PARAMETER.);
#10112 = LINE('',#10113,#10114);
#10113 = CARTESIAN_POINT('',(1.720465053409,0.825,3.5));
#10114 = VECTOR('',#10115,1.);
#10115 = DIRECTION('',(0.,-1.,0.));
#10116 = CARTESIAN_POINT('',(1.720465053409,1.4,3.5));
#10117 = CARTESIAN_POINT('',(1.720465053409,0.25,3.5));
#10118 = GEOMETRIC_CURVE_SET('',(#10119));
#10119 = TRIMMED_CURVE('',#10120,(#10124,PARAMETER_VALUE(-0.109778802402
      )),(#10125,PARAMETER_VALUE(3.331151304415)),.T.,.PARAMETER.);
#10120 = LINE('',#10121,#10122);
#10121 = CARTESIAN_POINT('',(-1.610686251007,1.4,3.5));
#10122 = VECTOR('',#10123,1.);
#10123 = DIRECTION('',(1.,0.,1.316456427344E-16));
#10124 = CARTESIAN_POINT('',(-1.720465053409,1.4,3.5));
#10125 = CARTESIAN_POINT('',(1.720465053409,1.4,3.5));
#10126 = GEOMETRIC_CURVE_SET('',(#10127));
#10127 = TRIMMED_CURVE('',#10128,(#10132,PARAMETER_VALUE(-0.575)),(
    #10133,PARAMETER_VALUE(0.575)),.T.,.PARAMETER.);
#10128 = LINE('',#10129,#10130);
#10129 = CARTESIAN_POINT('',(-1.720465053409,0.825,3.5));
#10130 = VECTOR('',#10131,1.);
#10131 = DIRECTION('',(0.,1.,0.));
#10132 = CARTESIAN_POINT('',(-1.720465053409,0.25,3.5));
#10133 = CARTESIAN_POINT('',(-1.720465053409,1.4,3.5));
#10134 = GEOMETRIC_CURVE_SET('',(#10135));
#10135 = TRIMMED_CURVE('',#10136,(#10140,PARAMETER_VALUE(0.)),(#10141,
    PARAMETER_VALUE(7.294938705409E-02)),.T.,.PARAMETER.);
#10136 = ( BOUNDED_CURVE() B_SPLINE_CURVE(2,(#10137,#10138,#10139),
.UNSPECIFIED.,.F.,.F.) B_SPLINE_CURVE_WITH_KNOTS((3,3),(0.,
7.294938705409E-02),.PIECEWISE_BEZIER_KNOTS.) CURVE() 
GEOMETRIC_REPRESENTATION_ITEM() RATIONAL_B_SPLINE_CURVE((1.,
1.00413958047,1.)) REPRESENTATION_ITEM('') );
#10137 = CARTESIAN_POINT('',(-1.03561575886,-2.775557561563E-16,3.5));
#10138 = CARTESIAN_POINT('',(-1.366701841655,9.393916846072E-02,3.5));
#10139 = CARTESIAN_POINT('',(-1.720465053409,0.25,3.5));
#10140 = CARTESIAN_POINT('',(-1.03561575886,-2.775557561563E-16,3.5));
#10141 = CARTESIAN_POINT('',(-1.720465053409,0.25,3.5));
#10142 = GEOMETRIC_CURVE_SET('',(#10143));
#10143 = TRIMMED_CURVE('',#10144,(#10148,PARAMETER_VALUE(-3.483802009867
      )),(#10149,PARAMETER_VALUE(-1.412570492146)),.T.,.PARAMETER.);
#10144 = LINE('',#10145,#10146);
#10145 = CARTESIAN_POINT('',(-2.448186251007,0.,3.5));
#10146 = VECTOR('',#10147,1.);
#10147 = DIRECTION('',(-1.,0.,-1.316456427344E-16));
#10148 = CARTESIAN_POINT('',(1.03561575886,-1.214306433184E-16,3.5));
#10149 = CARTESIAN_POINT('',(-1.03561575886,-2.775557561563E-16,3.5));
#10150 = GEOMETRIC_CURVE_SET('',(#10151));
#10151 = TRIMMED_CURVE('',#10152,(#10156,PARAMETER_VALUE(0.)),(#10157,
    PARAMETER_VALUE(7.294938705409E-02)),.T.,.PARAMETER.);
#10152 = ( BOUNDED_CURVE() B_SPLINE_CURVE(2,(#10153,#10154,#10155),
.UNSPECIFIED.,.F.,.F.) B_SPLINE_CURVE_WITH_KNOTS((3,3),(0.,
7.294938705409E-02),.PIECEWISE_BEZIER_KNOTS.) CURVE() 
GEOMETRIC_REPRESENTATION_ITEM() RATIONAL_B_SPLINE_CURVE((1.,
1.00413958047,1.)) REPRESENTATION_ITEM('') );
#10153 = CARTESIAN_POINT('',(1.03561575886,4.9,3.5));
#10154 = CARTESIAN_POINT('',(1.366701841655,4.806060831539,3.5));
#10155 = CARTESIAN_POINT('',(1.720465053409,4.65,3.5));
#10156 = CARTESIAN_POINT('',(1.03561575886,4.9,3.5));
#10157 = CARTESIAN_POINT('',(1.720465053409,4.65,3.5));
#10158 = GEOMETRIC_CURVE_SET('',(#10159));
#10159 = TRIMMED_CURVE('',#10160,(#10164,PARAMETER_VALUE(1.412570492146)
    ),(#10165,PARAMETER_VALUE(3.483802009867)),.T.,.PARAMETER.);
#10160 = LINE('',#10161,#10162);
#10161 = CARTESIAN_POINT('',(-2.448186251007,4.9,3.5));
#10162 = VECTOR('',#10163,1.);
#10163 = DIRECTION('',(1.,0.,1.316456427344E-16));
#10164 = CARTESIAN_POINT('',(-1.03561575886,4.9,3.5));
#10165 = CARTESIAN_POINT('',(1.03561575886,4.9,3.5));
#10166 = GEOMETRIC_CURVE_SET('',(#10167));
#10167 = TRIMMED_CURVE('',#10168,(#10172,PARAMETER_VALUE(0.)),(#10173,
    PARAMETER_VALUE(7.294938705409E-02)),.T.,.PARAMETER.);
#10168 = ( BOUNDED_CURVE() B_SPLINE_CURVE(2,(#10169,#10170,#10171),
.UNSPECIFIED.,.F.,.F.) B_SPLINE_CURVE_WITH_KNOTS((3,3),(0.,
7.294938705409E-02),.PIECEWISE_BEZIER_KNOTS.) CURVE() 
GEOMETRIC_REPRESENTATION_ITEM() RATIONAL_B_SPLINE_CURVE((1.,
1.00413958047,1.)) REPRESENTATION_ITEM('') );
#10169 = CARTESIAN_POINT('',(-1.720465053409,4.65,3.5));
#10170 = CARTESIAN_POINT('',(-1.366701841655,4.806060831539,3.5));
#10171 = CARTESIAN_POINT('',(-1.03561575886,4.9,3.5));
#10172 = CARTESIAN_POINT('',(-1.720465053409,4.65,3.5));
#10173 = CARTESIAN_POINT('',(-1.03561575886,4.9,3.5));
#10174 = GEOMETRIC_CURVE_SET('',(#10175));
#10175 = TRIMMED_CURVE('',#10176,(#10180,PARAMETER_VALUE(-0.425)),(
    #10181,PARAMETER_VALUE(0.425)),.T.,.PARAMETER.);
#10176 = LINE('',#10177,#10178);
#10177 = CARTESIAN_POINT('',(-1.720465053409,4.225,3.5));
#10178 = VECTOR('',#10179,1.);
#10179 = DIRECTION('',(0.,1.,0.));
#10180 = CARTESIAN_POINT('',(-1.720465053409,3.8,3.5));
#10181 = CARTESIAN_POINT('',(-1.720465053409,4.65,3.5));
#10182 = GEOMETRIC_CURVE_SET('',(#10183));
#10183 = TRIMMED_CURVE('',#10184,(#10188,PARAMETER_VALUE(-3.331151304415
      )),(#10189,PARAMETER_VALUE(0.109778802402)),.T.,.PARAMETER.);
#10184 = LINE('',#10185,#10186);
#10185 = CARTESIAN_POINT('',(-1.610686251007,3.8,3.5));
#10186 = VECTOR('',#10187,1.);
#10187 = DIRECTION('',(-1.,0.,-1.316456427344E-16));
#10188 = CARTESIAN_POINT('',(1.720465053409,3.8,3.5));
#10189 = CARTESIAN_POINT('',(-1.720465053409,3.8,3.5));
#10190 = GEOMETRIC_CURVE_SET('',(#10191));
#10191 = TRIMMED_CURVE('',#10192,(#10196,PARAMETER_VALUE(-0.425)),(
    #10197,PARAMETER_VALUE(0.425)),.T.,.PARAMETER.);
#10192 = LINE('',#10193,#10194);
#10193 = CARTESIAN_POINT('',(1.720465053409,4.225,3.5));
#10194 = VECTOR('',#10195,1.);
#10195 = DIRECTION('',(0.,-1.,0.));
#10196 = CARTESIAN_POINT('',(1.720465053409,4.65,3.5));
#10197 = CARTESIAN_POINT('',(1.720465053409,3.8,3.5));
#10198 = GEOMETRIC_CURVE_SET('',(#10199));
#10199 = TRIMMED_CURVE('',#10200,(#10204,PARAMETER_VALUE(0.)),(#10205,
    PARAMETER_VALUE(9.550434677931E-02)),.T.,.PARAMETER.);
#10200 = LINE('',#10201,#10202);
#10201 = CARTESIAN_POINT('',(3.8,0.182753579347,0.5));
#10202 = VECTOR('',#10203,1.);
#10203 = DIRECTION('',(0.710082037621,0.70411895291,0.));
#10204 = CARTESIAN_POINT('',(3.8,0.182753579347,0.5));
#10205 = CARTESIAN_POINT('',(3.867815921163,0.25,0.5));
#10206 = GEOMETRIC_CURVE_SET('',(#10207));
#10207 = TRIMMED_CURVE('',#10208,(#10213,PARAMETER_VALUE(0.128558960041)
    ),(#10214,PARAMETER_VALUE(1.113922323262)),.T.,.PARAMETER.);
#10208 = CIRCLE('',#10209,3.9);
#10209 = AXIS2_PLACEMENT_3D('',#10210,#10211,#10212);
#10210 = CARTESIAN_POINT('',(0.,0.25,0.));
#10211 = DIRECTION('',(0.,-1.,0.));
#10212 = DIRECTION('',(1.,0.,0.));
#10213 = CARTESIAN_POINT('',(3.867815921163,0.25,0.5));
#10214 = CARTESIAN_POINT('',(1.720465053409,0.25,3.5));
#10215 = GEOMETRIC_CURVE_SET('',(#10216));
#10216 = TRIMMED_CURVE('',#10217,(#10221,PARAMETER_VALUE(0.)),(#10222,
    PARAMETER_VALUE(7.294938705409E-02)),.T.,.PARAMETER.);
#10217 = ( BOUNDED_CURVE() B_SPLINE_CURVE(2,(#10218,#10219,#10220),
.UNSPECIFIED.,.F.,.F.) B_SPLINE_CURVE_WITH_KNOTS((3,3),(0.,
7.294938705409E-02),.PIECEWISE_BEZIER_KNOTS.) CURVE() 
GEOMETRIC_REPRESENTATION_ITEM() RATIONAL_B_SPLINE_CURVE((1.,
1.00413958047,1.)) REPRESENTATION_ITEM('') );
#10218 = CARTESIAN_POINT('',(1.720465053409,0.25,3.5));
#10219 = CARTESIAN_POINT('',(1.366701841655,9.393916846072E-02,3.5));
#10220 = CARTESIAN_POINT('',(1.03561575886,-1.387778780781E-16,3.5));
#10221 = CARTESIAN_POINT('',(1.720465053409,0.25,3.5));
#10222 = CARTESIAN_POINT('',(1.03561575886,-1.214306433184E-16,3.5));
#10223 = GEOMETRIC_CURVE_SET('',(#10224));
#10224 = TRIMMED_CURVE('',#10225,(#10230,PARAMETER_VALUE(0.128159182029)
    ),(#10231,PARAMETER_VALUE(1.283114227379)),.T.,.PARAMETER.);
#10225 = CIRCLE('',#10226,3.65);
#10226 = AXIS2_PLACEMENT_3D('',#10227,#10228,#10229);
#10227 = CARTESIAN_POINT('',(0.,2.465190328816E-31,0.));
#10228 = DIRECTION('',(0.,-1.,0.));
#10229 = DIRECTION('',(1.,0.,0.));
#10230 = CARTESIAN_POINT('',(3.620065789474,1.174230417617E-31,
    0.466501532562));
#10231 = CARTESIAN_POINT('',(1.03561575886,-1.214306433184E-16,3.5));
#10232 = GEOMETRIC_CURVE_SET('',(#10233));
#10233 = TRIMMED_CURVE('',#10234,(#10239,PARAMETER_VALUE(4.473639049809)
    ),(#10240,PARAMETER_VALUE(4.84497444074)),.T.,.PARAMETER.);
#10234 = ELLIPSE('',#10235,0.701047243282,0.491424857262);
#10235 = AXIS2_PLACEMENT_3D('',#10236,#10237,#10238);
#10236 = CARTESIAN_POINT('',(3.798593335221,0.117506489189,
    8.463918631004E-03));
#10237 = DIRECTION('',(-0.701100088056,0.707121500815,
    -9.185776838584E-02));
#10238 = DIRECTION('',(0.701022012134,0.707091821279,9.267844832528E-02)
  );
#10239 = CARTESIAN_POINT('',(3.620065789474,1.174230417617E-31,
    0.466501532562));
#10240 = CARTESIAN_POINT('',(3.8,0.182753579347,0.5));
#10241 = GEOMETRIC_CURVE_SET('',(#10242));
#10242 = TRIMMED_CURVE('',#10243,(#10248,PARAMETER_VALUE(3.509719515843)
    ),(#10249,PARAMETER_VALUE(5.915058444927)),.T.,.PARAMETER.);
#10243 = CIRCLE('',#10244,0.5);
#10244 = AXIS2_PLACEMENT_3D('',#10245,#10246,#10247);
#10245 = CARTESIAN_POINT('',(-3.8,1.232595164408E-31,0.));
#10246 = DIRECTION('',(0.,1.,0.));
#10247 = DIRECTION('',(0.,0.,-1.));
#10248 = CARTESIAN_POINT('',(-3.620065789474,2.465190328816E-31,
    0.466501532562));
#10249 = CARTESIAN_POINT('',(-3.620065789474,2.465190328816E-31,
    -0.466501532562));
#10250 = GEOMETRIC_CURVE_SET('',(#10251));
#10251 = TRIMMED_CURVE('',#10252,(#10257,PARAMETER_VALUE(3.269751835619)
    ),(#10258,PARAMETER_VALUE(4.424706880968)),.T.,.PARAMETER.);
#10252 = CIRCLE('',#10253,3.65);
#10253 = AXIS2_PLACEMENT_3D('',#10254,#10255,#10256);
#10254 = CARTESIAN_POINT('',(0.,2.465190328816E-31,0.));
#10255 = DIRECTION('',(0.,-1.,0.));
#10256 = DIRECTION('',(1.,0.,0.));
#10257 = CARTESIAN_POINT('',(-3.620065789474,2.465190328816E-31,
    -0.466501532562));
#10258 = CARTESIAN_POINT('',(-1.03561575886,-3.989863994747E-16,-3.5));
#10259 = GEOMETRIC_CURVE_SET('',(#10260));
#10260 = TRIMMED_CURVE('',#10261,(#10265,PARAMETER_VALUE(-4.912494668946
      )),(#10266,PARAMETER_VALUE(-2.841263151226)),.T.,.PARAMETER.);
#10261 = LINE('',#10262,#10263);
#10262 = CARTESIAN_POINT('',(3.876878910086,0.,-3.5));
#10263 = VECTOR('',#10264,1.);
#10264 = DIRECTION('',(1.,0.,-1.316456427344E-16));
#10265 = CARTESIAN_POINT('',(-1.03561575886,-3.989863994747E-16,-3.5));
#10266 = CARTESIAN_POINT('',(1.03561575886,-2.775557561563E-16,-3.5));
#10267 = GEOMETRIC_CURVE_SET('',(#10268));
#10268 = TRIMMED_CURVE('',#10269,(#10274,PARAMETER_VALUE(5.000071079801)
    ),(#10275,PARAMETER_VALUE(6.15502612515)),.T.,.PARAMETER.);
#10269 = CIRCLE('',#10270,3.65);
#10270 = AXIS2_PLACEMENT_3D('',#10271,#10272,#10273);
#10271 = CARTESIAN_POINT('',(0.,2.465190328816E-31,0.));
#10272 = DIRECTION('',(0.,-1.,0.));
#10273 = DIRECTION('',(1.,0.,0.));
#10274 = CARTESIAN_POINT('',(1.03561575886,-2.775557561563E-16,-3.5));
#10275 = CARTESIAN_POINT('',(3.620065789474,1.174230417617E-31,
    -0.466501532562));
#10276 = GEOMETRIC_CURVE_SET('',(#10277));
#10277 = TRIMMED_CURVE('',#10278,(#10283,PARAMETER_VALUE(0.368126862253)
    ),(#10284,PARAMETER_VALUE(2.773465791337)),.T.,.PARAMETER.);
#10278 = CIRCLE('',#10279,0.5);
#10279 = AXIS2_PLACEMENT_3D('',#10280,#10281,#10282);
#10280 = CARTESIAN_POINT('',(3.8,1.232595164408E-31,0.));
#10281 = DIRECTION('',(0.,1.,0.));
#10282 = DIRECTION('',(0.,0.,-1.));
#10283 = CARTESIAN_POINT('',(3.620065789474,1.174230417617E-31,
    -0.466501532562));
#10284 = CARTESIAN_POINT('',(3.620065789474,1.174230417617E-31,
    0.466501532562));
#10285 = GEOMETRIC_CURVE_SET('',(#10286));
#10286 = TRIMMED_CURVE('',#10287,(#10292,PARAMETER_VALUE(0.128159182029)
    ),(#10293,PARAMETER_VALUE(1.283114227379)),.T.,.PARAMETER.);
#10287 = CIRCLE('',#10288,3.65);
#10288 = AXIS2_PLACEMENT_3D('',#10289,#10290,#10291);
#10289 = CARTESIAN_POINT('',(0.,2.465190328816E-31,0.));
#10290 = DIRECTION('',(0.,-1.,0.));
#10291 = DIRECTION('',(1.,0.,0.));
#10292 = CARTESIAN_POINT('',(3.620065789474,1.174230417617E-31,
    0.466501532562));
#10293 = CARTESIAN_POINT('',(1.03561575886,-1.214306433184E-16,3.5));
#10294 = GEOMETRIC_CURVE_SET('',(#10295));
#10295 = TRIMMED_CURVE('',#10296,(#10300,PARAMETER_VALUE(-3.483802009867
      )),(#10301,PARAMETER_VALUE(-1.412570492146)),.T.,.PARAMETER.);
#10296 = LINE('',#10297,#10298);
#10297 = CARTESIAN_POINT('',(-2.448186251007,0.,3.5));
#10298 = VECTOR('',#10299,1.);
#10299 = DIRECTION('',(-1.,0.,-1.316456427344E-16));
#10300 = CARTESIAN_POINT('',(1.03561575886,-1.214306433184E-16,3.5));
#10301 = CARTESIAN_POINT('',(-1.03561575886,-2.775557561563E-16,3.5));
#10302 = GEOMETRIC_CURVE_SET('',(#10303));
#10303 = TRIMMED_CURVE('',#10304,(#10309,PARAMETER_VALUE(1.858478426211)
    ),(#10310,PARAMETER_VALUE(3.01343347156)),.T.,.PARAMETER.);
#10304 = CIRCLE('',#10305,3.65);
#10305 = AXIS2_PLACEMENT_3D('',#10306,#10307,#10308);
#10306 = CARTESIAN_POINT('',(0.,2.465190328816E-31,0.));
#10307 = DIRECTION('',(0.,-1.,0.));
#10308 = DIRECTION('',(1.,0.,0.));
#10309 = CARTESIAN_POINT('',(-1.03561575886,-2.775557561563E-16,3.5));
#10310 = CARTESIAN_POINT('',(-3.620065789474,2.465190328816E-31,
    0.466501532562));
#10311 = GEOMETRIC_CURVE_SET('',(#10312));
#10312 = TRIMMED_CURVE('',#10313,(#10318,PARAMETER_VALUE(
      5.825216674693E-02)),(#10319,PARAMETER_VALUE(1.91284260275)),.T.,
  .PARAMETER.);
#10313 = CIRCLE('',#10314,2.5);
#10314 = AXIS2_PLACEMENT_3D('',#10315,#10316,#10317);
#10315 = CARTESIAN_POINT('',(0.,0.,1.665334536938E-15));
#10316 = DIRECTION('',(0.,1.,0.));
#10317 = DIRECTION('',(-0.55240691121,0.,-0.833574594411));
#10318 = CARTESIAN_POINT('',(-1.5,0.,-2.));
#10319 = CARTESIAN_POINT('',(-1.5,0.,2.));
#10320 = GEOMETRIC_CURVE_SET('',(#10321));
#10321 = TRIMMED_CURVE('',#10322,(#10326,PARAMETER_VALUE(-2.0375)),(
    #10327,PARAMETER_VALUE(-1.2875)),.T.,.PARAMETER.);
#10322 = LINE('',#10323,#10324);
#10323 = CARTESIAN_POINT('',(0.5375,0.,2.));
#10324 = VECTOR('',#10325,1.);
#10325 = DIRECTION('',(1.,0.,0.));
#10326 = CARTESIAN_POINT('',(-1.5,0.,2.));
#10327 = CARTESIAN_POINT('',(-0.75,0.,2.));
#10328 = GEOMETRIC_CURVE_SET('',(#10329));
#10329 = TRIMMED_CURVE('',#10330,(#10334,PARAMETER_VALUE(-2.)),(#10335,
    PARAMETER_VALUE(2.)),.T.,.PARAMETER.);
#10330 = LINE('',#10331,#10332);
#10331 = CARTESIAN_POINT('',(-0.75,0.,-4.773812735203E-17));
#10332 = VECTOR('',#10333,1.);
#10333 = DIRECTION('',(0.,0.,-1.));
#10334 = CARTESIAN_POINT('',(-0.75,0.,2.));
#10335 = CARTESIAN_POINT('',(-0.75,0.,-2.));
#10336 = GEOMETRIC_CURVE_SET('',(#10337));
#10337 = TRIMMED_CURVE('',#10338,(#10342,PARAMETER_VALUE(1.2875)),(
    #10343,PARAMETER_VALUE(2.0375)),.T.,.PARAMETER.);
#10338 = LINE('',#10339,#10340);
#10339 = CARTESIAN_POINT('',(0.5375,-3.469446951954E-17,-2.));
#10340 = VECTOR('',#10341,1.);
#10341 = DIRECTION('',(-1.,0.,0.));
#10342 = CARTESIAN_POINT('',(-0.75,0.,-2.));
#10343 = CARTESIAN_POINT('',(-1.5,0.,-2.));
#10344 = GEOMETRIC_CURVE_SET('',(#10345));
#10345 = TRIMMED_CURVE('',#10346,(#10351,PARAMETER_VALUE(4.370342704429)
    ),(#10352,PARAMETER_VALUE(6.224933140433)),.T.,.PARAMETER.);
#10346 = CIRCLE('',#10347,2.5);
#10347 = AXIS2_PLACEMENT_3D('',#10348,#10349,#10350);
#10348 = CARTESIAN_POINT('',(0.,0.,1.665334536938E-15));
#10349 = DIRECTION('',(0.,1.,0.));
#10350 = DIRECTION('',(0.55240691121,0.,-0.833574594411));
#10351 = CARTESIAN_POINT('',(1.5,0.,2.));
#10352 = CARTESIAN_POINT('',(1.5,0.,-2.));
#10353 = GEOMETRIC_CURVE_SET('',(#10354));
#10354 = TRIMMED_CURVE('',#10355,(#10359,PARAMETER_VALUE(-0.2125)),(
    #10360,PARAMETER_VALUE(0.5375)),.T.,.PARAMETER.);
#10355 = LINE('',#10356,#10357);
#10356 = CARTESIAN_POINT('',(1.2875,-3.469446951954E-17,-2.));
#10357 = VECTOR('',#10358,1.);
#10358 = DIRECTION('',(-1.,0.,0.));
#10359 = CARTESIAN_POINT('',(1.5,0.,-2.));
#10360 = CARTESIAN_POINT('',(0.75,0.,-2.));
#10361 = GEOMETRIC_CURVE_SET('',(#10362));
#10362 = TRIMMED_CURVE('',#10363,(#10367,PARAMETER_VALUE(-2.)),(#10368,
    PARAMETER_VALUE(2.)),.T.,.PARAMETER.);
#10363 = LINE('',#10364,#10365);
#10364 = CARTESIAN_POINT('',(0.75,0.,-4.773812735203E-17));
#10365 = VECTOR('',#10366,1.);
#10366 = DIRECTION('',(0.,0.,1.));
#10367 = CARTESIAN_POINT('',(0.75,0.,-2.));
#10368 = CARTESIAN_POINT('',(0.75,0.,2.));
#10369 = GEOMETRIC_CURVE_SET('',(#10370));
#10370 = TRIMMED_CURVE('',#10371,(#10375,PARAMETER_VALUE(-0.5375)),(
    #10376,PARAMETER_VALUE(0.2125)),.T.,.PARAMETER.);
#10371 = LINE('',#10372,#10373);
#10372 = CARTESIAN_POINT('',(1.2875,0.,2.));
#10373 = VECTOR('',#10374,1.);
#10374 = DIRECTION('',(1.,0.,0.));
#10375 = CARTESIAN_POINT('',(0.75,0.,2.));
#10376 = CARTESIAN_POINT('',(1.5,0.,2.));
#10377 = GEOMETRIC_CURVE_SET('',(#10378));
#10378 = TRIMMED_CURVE('',#10379,(#10383,PARAMETER_VALUE(-0.575)),(
    #10384,PARAMETER_VALUE(0.575)),.T.,.PARAMETER.);
#10379 = LINE('',#10380,#10381);
#10380 = CARTESIAN_POINT('',(3.867815921163,0.825,0.5));
#10381 = VECTOR('',#10382,1.);
#10382 = DIRECTION('',(0.,1.,0.));
#10383 = CARTESIAN_POINT('',(3.867815921163,0.25,0.5));
#10384 = CARTESIAN_POINT('',(3.867815921163,1.4,0.5));
#10385 = GEOMETRIC_CURVE_SET('',(#10386));
#10386 = TRIMMED_CURVE('',#10387,(#10392,PARAMETER_VALUE(0.128558960041)
    ),(#10393,PARAMETER_VALUE(1.113922323262)),.T.,.PARAMETER.);
#10387 = CIRCLE('',#10388,3.9);
#10388 = AXIS2_PLACEMENT_3D('',#10389,#10390,#10391);
#10389 = CARTESIAN_POINT('',(0.,1.4,0.));
#10390 = DIRECTION('',(0.,-1.,0.));
#10391 = DIRECTION('',(1.,0.,0.));
#10392 = CARTESIAN_POINT('',(3.867815921163,1.4,0.5));
#10393 = CARTESIAN_POINT('',(1.720465053409,1.4,3.5));
#10394 = GEOMETRIC_CURVE_SET('',(#10395));
#10395 = TRIMMED_CURVE('',#10396,(#10400,PARAMETER_VALUE(-0.575)),(
    #10401,PARAMETER_VALUE(0.575)),.T.,.PARAMETER.);
#10396 = LINE('',#10397,#10398);
#10397 = CARTESIAN_POINT('',(1.720465053409,0.825,3.5));
#10398 = VECTOR('',#10399,1.);
#10399 = DIRECTION('',(0.,-1.,0.));
#10400 = CARTESIAN_POINT('',(1.720465053409,1.4,3.5));
#10401 = CARTESIAN_POINT('',(1.720465053409,0.25,3.5));
#10402 = GEOMETRIC_CURVE_SET('',(#10403));
#10403 = TRIMMED_CURVE('',#10404,(#10409,PARAMETER_VALUE(0.128558960041)
    ),(#10410,PARAMETER_VALUE(1.113922323262)),.T.,.PARAMETER.);
#10404 = CIRCLE('',#10405,3.9);
#10405 = AXIS2_PLACEMENT_3D('',#10406,#10407,#10408);
#10406 = CARTESIAN_POINT('',(0.,0.25,0.));
#10407 = DIRECTION('',(0.,-1.,0.));
#10408 = DIRECTION('',(1.,0.,0.));
#10409 = CARTESIAN_POINT('',(3.867815921163,0.25,0.5));
#10410 = CARTESIAN_POINT('',(1.720465053409,0.25,3.5));
#10411 = GEOMETRIC_CURVE_SET('',(#10412));
#10412 = TRIMMED_CURVE('',#10413,(#10418,PARAMETER_VALUE(0.368126862253)
    ),(#10419,PARAMETER_VALUE(2.773465791337)),.T.,.PARAMETER.);
#10413 = CIRCLE('',#10414,0.5);
#10414 = AXIS2_PLACEMENT_3D('',#10415,#10416,#10417);
#10415 = CARTESIAN_POINT('',(-3.8,4.9,0.));
#10416 = DIRECTION('',(0.,-1.,0.));
#10417 = DIRECTION('',(0.,0.,-1.));
#10418 = CARTESIAN_POINT('',(-3.620065789474,4.9,-0.466501532562));
#10419 = CARTESIAN_POINT('',(-3.620065789474,4.9,0.466501532562));
#10420 = GEOMETRIC_CURVE_SET('',(#10421));
#10421 = TRIMMED_CURVE('',#10422,(#10427,PARAMETER_VALUE(1.858478426211)
    ),(#10428,PARAMETER_VALUE(3.01343347156)),.T.,.PARAMETER.);
#10422 = CIRCLE('',#10423,3.65);
#10423 = AXIS2_PLACEMENT_3D('',#10424,#10425,#10426);
#10424 = CARTESIAN_POINT('',(0.,4.9,0.));
#10425 = DIRECTION('',(0.,-1.,0.));
#10426 = DIRECTION('',(1.,0.,0.));
#10427 = CARTESIAN_POINT('',(-1.03561575886,4.9,3.5));
#10428 = CARTESIAN_POINT('',(-3.620065789474,4.9,0.466501532562));
#10429 = GEOMETRIC_CURVE_SET('',(#10430));
#10430 = TRIMMED_CURVE('',#10431,(#10435,PARAMETER_VALUE(1.412570492146)
    ),(#10436,PARAMETER_VALUE(3.483802009867)),.T.,.PARAMETER.);
#10431 = LINE('',#10432,#10433);
#10432 = CARTESIAN_POINT('',(-2.448186251007,4.9,3.5));
#10433 = VECTOR('',#10434,1.);
#10434 = DIRECTION('',(1.,0.,1.316456427344E-16));
#10435 = CARTESIAN_POINT('',(-1.03561575886,4.9,3.5));
#10436 = CARTESIAN_POINT('',(1.03561575886,4.9,3.5));
#10437 = GEOMETRIC_CURVE_SET('',(#10438));
#10438 = TRIMMED_CURVE('',#10439,(#10444,PARAMETER_VALUE(0.128159182029)
    ),(#10445,PARAMETER_VALUE(1.283114227379)),.T.,.PARAMETER.);
#10439 = CIRCLE('',#10440,3.65);
#10440 = AXIS2_PLACEMENT_3D('',#10441,#10442,#10443);
#10441 = CARTESIAN_POINT('',(0.,4.9,0.));
#10442 = DIRECTION('',(0.,-1.,0.));
#10443 = DIRECTION('',(1.,0.,0.));
#10444 = CARTESIAN_POINT('',(3.620065789474,4.9,0.466501532562));
#10445 = CARTESIAN_POINT('',(1.03561575886,4.9,3.5));
#10446 = GEOMETRIC_CURVE_SET('',(#10447));
#10447 = TRIMMED_CURVE('',#10448,(#10453,PARAMETER_VALUE(3.509719515843)
    ),(#10454,PARAMETER_VALUE(5.915058444927)),.T.,.PARAMETER.);
#10448 = CIRCLE('',#10449,0.5);
#10449 = AXIS2_PLACEMENT_3D('',#10450,#10451,#10452);
#10450 = CARTESIAN_POINT('',(3.8,4.9,0.));
#10451 = DIRECTION('',(0.,-1.,0.));
#10452 = DIRECTION('',(0.,0.,-1.));
#10453 = CARTESIAN_POINT('',(3.620065789474,4.9,0.466501532562));
#10454 = CARTESIAN_POINT('',(3.620065789474,4.9,-0.466501532562));
#10455 = GEOMETRIC_CURVE_SET('',(#10456));
#10456 = TRIMMED_CURVE('',#10457,(#10462,PARAMETER_VALUE(5.000071079801)
    ),(#10463,PARAMETER_VALUE(6.15502612515)),.T.,.PARAMETER.);
#10457 = CIRCLE('',#10458,3.65);
#10458 = AXIS2_PLACEMENT_3D('',#10459,#10460,#10461);
#10459 = CARTESIAN_POINT('',(0.,4.9,0.));
#10460 = DIRECTION('',(0.,-1.,0.));
#10461 = DIRECTION('',(1.,0.,0.));
#10462 = CARTESIAN_POINT('',(1.03561575886,4.9,-3.5));
#10463 = CARTESIAN_POINT('',(3.620065789474,4.9,-0.466501532562));
#10464 = GEOMETRIC_CURVE_SET('',(#10465));
#10465 = TRIMMED_CURVE('',#10466,(#10470,PARAMETER_VALUE(2.841263151226)
    ),(#10471,PARAMETER_VALUE(4.912494668946)),.T.,.PARAMETER.);
#10466 = LINE('',#10467,#10468);
#10467 = CARTESIAN_POINT('',(3.876878910086,4.9,-3.5));
#10468 = VECTOR('',#10469,1.);
#10469 = DIRECTION('',(-1.,0.,1.316456427344E-16));
#10470 = CARTESIAN_POINT('',(1.03561575886,4.9,-3.5));
#10471 = CARTESIAN_POINT('',(-1.03561575886,4.9,-3.5));
#10472 = GEOMETRIC_CURVE_SET('',(#10473));
#10473 = TRIMMED_CURVE('',#10474,(#10479,PARAMETER_VALUE(3.269751835619)
    ),(#10480,PARAMETER_VALUE(4.424706880968)),.T.,.PARAMETER.);
#10474 = CIRCLE('',#10475,3.65);
#10475 = AXIS2_PLACEMENT_3D('',#10476,#10477,#10478);
#10476 = CARTESIAN_POINT('',(0.,4.9,0.));
#10477 = DIRECTION('',(0.,-1.,0.));
#10478 = DIRECTION('',(1.,0.,0.));
#10479 = CARTESIAN_POINT('',(-3.620065789474,4.9,-0.466501532562));
#10480 = CARTESIAN_POINT('',(-1.03561575886,4.9,-3.5));
#10481 = GEOMETRIC_CURVE_SET('',(#10482));
#10482 = TRIMMED_CURVE('',#10483,(#10487,PARAMETER_VALUE(0.)),(#10488,
    PARAMETER_VALUE(9.550434677931E-02)),.T.,.PARAMETER.);
#10483 = LINE('',#10484,#10485);
#10484 = CARTESIAN_POINT('',(-3.8,4.717246420653,0.5));
#10485 = VECTOR('',#10486,1.);
#10486 = DIRECTION('',(-0.710082037621,-0.70411895291,0.));
#10487 = CARTESIAN_POINT('',(-3.8,4.717246420653,0.5));
#10488 = CARTESIAN_POINT('',(-3.867815921163,4.65,0.5));
#10489 = GEOMETRIC_CURVE_SET('',(#10490));
#10490 = TRIMMED_CURVE('',#10491,(#10496,PARAMETER_VALUE(2.027670330328)
    ),(#10497,PARAMETER_VALUE(3.013033693548)),.T.,.PARAMETER.);
#10491 = CIRCLE('',#10492,3.9);
#10492 = AXIS2_PLACEMENT_3D('',#10493,#10494,#10495);
#10493 = CARTESIAN_POINT('',(0.,4.65,0.));
#10494 = DIRECTION('',(0.,-1.,0.));
#10495 = DIRECTION('',(1.,0.,0.));
#10496 = CARTESIAN_POINT('',(-1.720465053409,4.65,3.5));
#10497 = CARTESIAN_POINT('',(-3.867815921163,4.65,0.5));
#10498 = GEOMETRIC_CURVE_SET('',(#10499));
#10499 = TRIMMED_CURVE('',#10500,(#10504,PARAMETER_VALUE(0.)),(#10505,
    PARAMETER_VALUE(7.294938705409E-02)),.T.,.PARAMETER.);
#10500 = ( BOUNDED_CURVE() B_SPLINE_CURVE(2,(#10501,#10502,#10503),
.UNSPECIFIED.,.F.,.F.) B_SPLINE_CURVE_WITH_KNOTS((3,3),(0.,
7.294938705409E-02),.PIECEWISE_BEZIER_KNOTS.) CURVE() 
GEOMETRIC_REPRESENTATION_ITEM() RATIONAL_B_SPLINE_CURVE((1.,
1.00413958047,1.)) REPRESENTATION_ITEM('') );
#10501 = CARTESIAN_POINT('',(-1.720465053409,4.65,3.5));
#10502 = CARTESIAN_POINT('',(-1.366701841655,4.806060831539,3.5));
#10503 = CARTESIAN_POINT('',(-1.03561575886,4.9,3.5));
#10504 = CARTESIAN_POINT('',(-1.720465053409,4.65,3.5));
#10505 = CARTESIAN_POINT('',(-1.03561575886,4.9,3.5));
#10506 = GEOMETRIC_CURVE_SET('',(#10507));
#10507 = TRIMMED_CURVE('',#10508,(#10513,PARAMETER_VALUE(1.858478426211)
    ),(#10514,PARAMETER_VALUE(3.01343347156)),.T.,.PARAMETER.);
#10508 = CIRCLE('',#10509,3.65);
#10509 = AXIS2_PLACEMENT_3D('',#10510,#10511,#10512);
#10510 = CARTESIAN_POINT('',(0.,4.9,0.));
#10511 = DIRECTION('',(0.,-1.,0.));
#10512 = DIRECTION('',(1.,0.,0.));
#10513 = CARTESIAN_POINT('',(-1.03561575886,4.9,3.5));
#10514 = CARTESIAN_POINT('',(-3.620065789474,4.9,0.466501532562));
#10515 = GEOMETRIC_CURVE_SET('',(#10516));
#10516 = TRIMMED_CURVE('',#10517,(#10522,PARAMETER_VALUE(1.332046396219)
    ),(#10523,PARAMETER_VALUE(1.703381787155)),.T.,.PARAMETER.);
#10517 = ELLIPSE('',#10518,0.701047243272,0.491424857248);
#10518 = AXIS2_PLACEMENT_3D('',#10519,#10520,#10521);
#10519 = CARTESIAN_POINT('',(-3.798593335217,4.782493510811,
    8.463918645342E-03));
#10520 = DIRECTION('',(0.701100088056,-0.707121500815,
    -9.185776838444E-02));
#10521 = DIRECTION('',(0.701022012134,0.707091821279,-9.267844832734E-02
    ));
#10522 = CARTESIAN_POINT('',(-3.620065789474,4.9,0.466501532562));
#10523 = CARTESIAN_POINT('',(-3.8,4.717246420653,0.5));
#10524 = GEOMETRIC_CURVE_SET('',(#10525));
#10525 = TRIMMED_CURVE('',#10526,(#10530,PARAMETER_VALUE(-0.425)),(
    #10531,PARAMETER_VALUE(0.425)),.T.,.PARAMETER.);
#10526 = LINE('',#10527,#10528);
#10527 = CARTESIAN_POINT('',(-3.867815921163,4.225,0.5));
#10528 = VECTOR('',#10529,1.);
#10529 = DIRECTION('',(0.,-1.,0.));
#10530 = CARTESIAN_POINT('',(-3.867815921163,4.65,0.5));
#10531 = CARTESIAN_POINT('',(-3.867815921163,3.8,0.5));
#10532 = GEOMETRIC_CURVE_SET('',(#10533));
#10533 = TRIMMED_CURVE('',#10534,(#10539,PARAMETER_VALUE(2.027670330328)
    ),(#10540,PARAMETER_VALUE(3.013033693548)),.T.,.PARAMETER.);
#10534 = CIRCLE('',#10535,3.9);
#10535 = AXIS2_PLACEMENT_3D('',#10536,#10537,#10538);
#10536 = CARTESIAN_POINT('',(0.,3.8,0.));
#10537 = DIRECTION('',(0.,-1.,0.));
#10538 = DIRECTION('',(1.,0.,0.));
#10539 = CARTESIAN_POINT('',(-1.720465053409,3.8,3.5));
#10540 = CARTESIAN_POINT('',(-3.867815921163,3.8,0.5));
#10541 = GEOMETRIC_CURVE_SET('',(#10542));
#10542 = TRIMMED_CURVE('',#10543,(#10547,PARAMETER_VALUE(-0.425)),(
    #10548,PARAMETER_VALUE(0.425)),.T.,.PARAMETER.);
#10543 = LINE('',#10544,#10545);
#10544 = CARTESIAN_POINT('',(-1.720465053409,4.225,3.5));
#10545 = VECTOR('',#10546,1.);
#10546 = DIRECTION('',(0.,1.,0.));
#10547 = CARTESIAN_POINT('',(-1.720465053409,3.8,3.5));
#10548 = CARTESIAN_POINT('',(-1.720465053409,4.65,3.5));
#10549 = GEOMETRIC_CURVE_SET('',(#10550));
#10550 = TRIMMED_CURVE('',#10551,(#10556,PARAMETER_VALUE(2.027670330328)
    ),(#10557,PARAMETER_VALUE(3.013033693548)),.T.,.PARAMETER.);
#10551 = CIRCLE('',#10552,3.9);
#10552 = AXIS2_PLACEMENT_3D('',#10553,#10554,#10555);
#10553 = CARTESIAN_POINT('',(0.,4.65,0.));
#10554 = DIRECTION('',(0.,-1.,0.));
#10555 = DIRECTION('',(1.,0.,0.));
#10556 = CARTESIAN_POINT('',(-1.720465053409,4.65,3.5));
#10557 = CARTESIAN_POINT('',(-3.867815921163,4.65,0.5));
#10558 = GEOMETRIC_CURVE_SET('',(#10559));
#10559 = TRIMMED_CURVE('',#10560,(#10565,PARAMETER_VALUE(0.)),(#10566,
    PARAMETER_VALUE(6.28318530718)),.T.,.PARAMETER.);
#10560 = CIRCLE('',#10561,3.1);
#10561 = AXIS2_PLACEMENT_3D('',#10562,#10563,#10564);
#10562 = CARTESIAN_POINT('',(0.,1.4,0.));
#10563 = DIRECTION('',(0.,-1.,0.));
#10564 = DIRECTION('',(1.,0.,0.));
#10565 = CARTESIAN_POINT('',(3.1,1.4,0.));
#10566 = CARTESIAN_POINT('',(3.1,1.4,0.));
#10567 = GEOMETRIC_CURVE_SET('',(#10568));
#10568 = TRIMMED_CURVE('',#10569,(#10572,PARAMETER_VALUE(-1.2)),(#10573,
    PARAMETER_VALUE(1.2)),.T.,.PARAMETER.);
#10569 = B_SPLINE_CURVE_WITH_KNOTS('',1,(#10570,#10571),.UNSPECIFIED.,
  .F.,.F.,(2,2),(-1.2,1.2),.PIECEWISE_BEZIER_KNOTS.);
#10570 = CARTESIAN_POINT('',(3.1,3.8,-7.592810154714E-16));
#10571 = CARTESIAN_POINT('',(3.1,1.4,-7.592810154714E-16));
#10572 = CARTESIAN_POINT('',(3.1,3.8,0.));
#10573 = CARTESIAN_POINT('',(3.1,1.4,0.));
#10574 = GEOMETRIC_CURVE_SET('',(#10575));
#10575 = TRIMMED_CURVE('',#10576,(#10581,PARAMETER_VALUE(0.)),(#10582,
    PARAMETER_VALUE(6.28318530718)),.T.,.PARAMETER.);
#10576 = CIRCLE('',#10577,3.1);
#10577 = AXIS2_PLACEMENT_3D('',#10578,#10579,#10580);
#10578 = CARTESIAN_POINT('',(0.,3.8,0.));
#10579 = DIRECTION('',(0.,-1.,0.));
#10580 = DIRECTION('',(1.,0.,0.));
#10581 = CARTESIAN_POINT('',(3.1,3.8,0.));
#10582 = CARTESIAN_POINT('',(3.1,3.8,0.));
#10583 = GEOMETRIC_CURVE_SET('',(#10584));
#10584 = TRIMMED_CURVE('',#10585,(#10588,PARAMETER_VALUE(-1.2)),(#10589,
    PARAMETER_VALUE(1.2)),.T.,.PARAMETER.);
#10585 = B_SPLINE_CURVE_WITH_KNOTS('',1,(#10586,#10587),.UNSPECIFIED.,
  .F.,.F.,(2,2),(-1.2,1.2),.PIECEWISE_BEZIER_KNOTS.);
#10586 = CARTESIAN_POINT('',(3.1,3.8,-7.592810154714E-16));
#10587 = CARTESIAN_POINT('',(3.1,1.4,-7.592810154714E-16));
#10588 = CARTESIAN_POINT('',(3.1,3.8,0.));
#10589 = CARTESIAN_POINT('',(3.1,1.4,0.));
#10590 = GEOMETRIC_CURVE_SET('',(#10591));
#10591 = TRIMMED_CURVE('',#10592,(#10596,PARAMETER_VALUE(-0.575)),(
    #10597,PARAMETER_VALUE(0.575)),.T.,.PARAMETER.);
#10592 = LINE('',#10593,#10594);
#10593 = CARTESIAN_POINT('',(-3.867815921163,0.825,-0.5));
#10594 = VECTOR('',#10595,1.);
#10595 = DIRECTION('',(0.,1.,0.));
#10596 = CARTESIAN_POINT('',(-3.867815921163,0.25,-0.5));
#10597 = CARTESIAN_POINT('',(-3.867815921163,1.4,-0.5));
#10598 = GEOMETRIC_CURVE_SET('',(#10599));
#10599 = TRIMMED_CURVE('',#10600,(#10605,PARAMETER_VALUE(3.270151613631)
    ),(#10606,PARAMETER_VALUE(4.255514976852)),.T.,.PARAMETER.);
#10600 = CIRCLE('',#10601,3.9);
#10601 = AXIS2_PLACEMENT_3D('',#10602,#10603,#10604);
#10602 = CARTESIAN_POINT('',(0.,1.4,0.));
#10603 = DIRECTION('',(0.,-1.,0.));
#10604 = DIRECTION('',(1.,0.,0.));
#10605 = CARTESIAN_POINT('',(-3.867815921163,1.4,-0.5));
#10606 = CARTESIAN_POINT('',(-1.720465053409,1.4,-3.5));
#10607 = GEOMETRIC_CURVE_SET('',(#10608));
#10608 = TRIMMED_CURVE('',#10609,(#10613,PARAMETER_VALUE(-0.575)),(
    #10614,PARAMETER_VALUE(0.575)),.T.,.PARAMETER.);
#10609 = LINE('',#10610,#10611);
#10610 = CARTESIAN_POINT('',(-1.720465053409,0.825,-3.5));
#10611 = VECTOR('',#10612,1.);
#10612 = DIRECTION('',(0.,-1.,0.));
#10613 = CARTESIAN_POINT('',(-1.720465053409,1.4,-3.5));
#10614 = CARTESIAN_POINT('',(-1.720465053409,0.25,-3.5));
#10615 = GEOMETRIC_CURVE_SET('',(#10616));
#10616 = TRIMMED_CURVE('',#10617,(#10622,PARAMETER_VALUE(3.270151613631)
    ),(#10623,PARAMETER_VALUE(4.255514976852)),.T.,.PARAMETER.);
#10617 = CIRCLE('',#10618,3.9);
#10618 = AXIS2_PLACEMENT_3D('',#10619,#10620,#10621);
#10619 = CARTESIAN_POINT('',(0.,0.25,0.));
#10620 = DIRECTION('',(0.,-1.,0.));
#10621 = DIRECTION('',(1.,0.,0.));
#10622 = CARTESIAN_POINT('',(-3.867815921163,0.25,-0.5));
#10623 = CARTESIAN_POINT('',(-1.720465053409,0.25,-3.5));
#10624 = GEOMETRIC_CURVE_SET('',(#10625));
#10625 = TRIMMED_CURVE('',#10626,(#10630,PARAMETER_VALUE(0.)),(#10631,
    PARAMETER_VALUE(9.550434677931E-02)),.T.,.PARAMETER.);
#10626 = LINE('',#10627,#10628);
#10627 = CARTESIAN_POINT('',(-3.8,0.182753579347,-0.5));
#10628 = VECTOR('',#10629,1.);
#10629 = DIRECTION('',(-0.710082037621,0.70411895291,0.));
#10630 = CARTESIAN_POINT('',(-3.8,0.182753579347,-0.5));
#10631 = CARTESIAN_POINT('',(-3.867815921163,0.25,-0.5));
#10632 = GEOMETRIC_CURVE_SET('',(#10633));
#10633 = TRIMMED_CURVE('',#10634,(#10639,PARAMETER_VALUE(3.270151613631)
    ),(#10640,PARAMETER_VALUE(4.255514976852)),.T.,.PARAMETER.);
#10634 = CIRCLE('',#10635,3.9);
#10635 = AXIS2_PLACEMENT_3D('',#10636,#10637,#10638);
#10636 = CARTESIAN_POINT('',(0.,0.25,0.));
#10637 = DIRECTION('',(0.,-1.,0.));
#10638 = DIRECTION('',(1.,0.,0.));
#10639 = CARTESIAN_POINT('',(-3.867815921163,0.25,-0.5));
#10640 = CARTESIAN_POINT('',(-1.720465053409,0.25,-3.5));
#10641 = GEOMETRIC_CURVE_SET('',(#10642));
#10642 = TRIMMED_CURVE('',#10643,(#10647,PARAMETER_VALUE(0.)),(#10648,
    PARAMETER_VALUE(7.294938705409E-02)),.T.,.PARAMETER.);
#10643 = ( BOUNDED_CURVE() B_SPLINE_CURVE(2,(#10644,#10645,#10646),
.UNSPECIFIED.,.F.,.F.) B_SPLINE_CURVE_WITH_KNOTS((3,3),(0.,
7.294938705409E-02),.PIECEWISE_BEZIER_KNOTS.) CURVE() 
GEOMETRIC_REPRESENTATION_ITEM() RATIONAL_B_SPLINE_CURVE((1.,
1.00413958047,1.)) REPRESENTATION_ITEM('') );
#10644 = CARTESIAN_POINT('',(-1.720465053409,0.25,-3.5));
#10645 = CARTESIAN_POINT('',(-1.366701841655,9.393916846072E-02,-3.5));
#10646 = CARTESIAN_POINT('',(-1.03561575886,-1.387778780781E-16,-3.5));
#10647 = CARTESIAN_POINT('',(-1.720465053409,0.25,-3.5));
#10648 = CARTESIAN_POINT('',(-1.03561575886,-3.989863994747E-16,-3.5));
#10649 = GEOMETRIC_CURVE_SET('',(#10650));
#10650 = TRIMMED_CURVE('',#10651,(#10656,PARAMETER_VALUE(3.269751835619)
    ),(#10657,PARAMETER_VALUE(4.424706880968)),.T.,.PARAMETER.);
#10651 = CIRCLE('',#10652,3.65);
#10652 = AXIS2_PLACEMENT_3D('',#10653,#10654,#10655);
#10653 = CARTESIAN_POINT('',(0.,2.465190328816E-31,0.));
#10654 = DIRECTION('',(0.,-1.,0.));
#10655 = DIRECTION('',(1.,0.,0.));
#10656 = CARTESIAN_POINT('',(-3.620065789474,2.465190328816E-31,
    -0.466501532562));
#10657 = CARTESIAN_POINT('',(-1.03561575886,-3.989863994747E-16,-3.5));
#10658 = GEOMETRIC_CURVE_SET('',(#10659));
#10659 = TRIMMED_CURVE('',#10660,(#10665,PARAMETER_VALUE(1.332046396219)
    ),(#10666,PARAMETER_VALUE(1.703381787149)),.T.,.PARAMETER.);
#10660 = ELLIPSE('',#10661,0.701047243284,0.491424857265);
#10661 = AXIS2_PLACEMENT_3D('',#10662,#10663,#10664);
#10662 = CARTESIAN_POINT('',(-3.798593335221,0.11750648919,
    -8.463918628406E-03));
#10663 = DIRECTION('',(0.701100088056,0.707121500815,9.185776838584E-02)
  );
#10664 = DIRECTION('',(0.701022012134,-0.707091821279,9.267844832459E-02
    ));
#10665 = CARTESIAN_POINT('',(-3.620065789474,2.465190328816E-31,
    -0.466501532562));
#10666 = CARTESIAN_POINT('',(-3.8,0.182753579347,-0.5));
#10667 = GEOMETRIC_CURVE_SET('',(#10668));
#10668 = TRIMMED_CURVE('',#10669,(#10674,PARAMETER_VALUE(3.14159265359))
  ,(#10675,PARAMETER_VALUE(9.424777960769)),.T.,.PARAMETER.);
#10669 = CIRCLE('',#10670,3.2);
#10670 = AXIS2_PLACEMENT_3D('',#10671,#10672,#10673);
#10671 = CARTESIAN_POINT('',(0.,3.6,0.));
#10672 = DIRECTION('',(0.,-1.,0.));
#10673 = DIRECTION('',(0.,0.,-1.));
#10674 = CARTESIAN_POINT('',(-3.918869757272E-16,3.6,3.2));
#10675 = CARTESIAN_POINT('',(-3.918869757272E-16,3.6,3.2));
#10676 = GEOMETRIC_CURVE_SET('',(#10677));
#10677 = TRIMMED_CURVE('',#10678,(#10683,PARAMETER_VALUE(3.14159265359))
  ,(#10684,PARAMETER_VALUE(9.424777960769)),.T.,.PARAMETER.);
#10678 = CIRCLE('',#10679,3.2);
#10679 = AXIS2_PLACEMENT_3D('',#10680,#10681,#10682);
#10680 = CARTESIAN_POINT('',(0.,3.6,0.));
#10681 = DIRECTION('',(0.,-1.,0.));
#10682 = DIRECTION('',(0.,0.,-1.));
#10683 = CARTESIAN_POINT('',(-3.918869757272E-16,3.6,3.2));
#10684 = CARTESIAN_POINT('',(-3.918869757272E-16,3.6,3.2));
#10685 = GEOMETRIC_CURVE_SET('',(#10686));
#10686 = TRIMMED_CURVE('',#10687,(#10692,PARAMETER_VALUE(3.14159265359))
  ,(#10693,PARAMETER_VALUE(9.424777960769)),.T.,.PARAMETER.);
#10687 = CIRCLE('',#10688,3.2);
#10688 = AXIS2_PLACEMENT_3D('',#10689,#10690,#10691);
#10689 = CARTESIAN_POINT('',(0.,3.6,0.));
#10690 = DIRECTION('',(0.,-1.,0.));
#10691 = DIRECTION('',(0.,0.,-1.));
#10692 = CARTESIAN_POINT('',(-3.918869757272E-16,3.6,3.2));
#10693 = CARTESIAN_POINT('',(-3.918869757272E-16,3.6,3.2));
#10694 = GEOMETRIC_CURVE_SET('',(#10695));
#10695 = TRIMMED_CURVE('',#10696,(#10705,PARAMETER_VALUE(4.712388980385)
    ),(#10706,PARAMETER_VALUE(7.853981633974)),.T.,.PARAMETER.);
#10696 = B_SPLINE_CURVE_WITH_KNOTS('',7,(#10697,#10698,#10699,#10700,
    #10701,#10702,#10703,#10704),.UNSPECIFIED.,.F.,.F.,(8,8),(
    4.712388980385,7.853981633974),.PIECEWISE_BEZIER_KNOTS.);
#10697 = CARTESIAN_POINT('',(3.918869757272E-16,3.6,3.2));
#10698 = CARTESIAN_POINT('',(3.973831777092E-16,3.6,3.244879895051));
#10699 = CARTESIAN_POINT('',(4.028745675427E-16,3.576495628732,
    3.289720495927));
#10700 = CARTESIAN_POINT('',(4.065884267678E-16,3.529537573824,
    3.320046457892));
#10701 = CARTESIAN_POINT('',(4.065884267677E-16,3.470462426176,
    3.320046457892));
#10702 = CARTESIAN_POINT('',(4.028745675427E-16,3.423504371268,
    3.289720495927));
#10703 = CARTESIAN_POINT('',(3.973831777092E-16,3.4,3.244879895051));
#10704 = CARTESIAN_POINT('',(3.918869757272E-16,3.4,3.2));
#10705 = CARTESIAN_POINT('',(-3.918869757272E-16,3.6,3.2));
#10706 = CARTESIAN_POINT('',(-3.918869757272E-16,3.4,3.2));
#10707 = GEOMETRIC_CURVE_SET('',(#10708));
#10708 = TRIMMED_CURVE('',#10709,(#10714,PARAMETER_VALUE(3.14159265359))
  ,(#10715,PARAMETER_VALUE(9.424777960769)),.T.,.PARAMETER.);
#10709 = CIRCLE('',#10710,3.2);
#10710 = AXIS2_PLACEMENT_3D('',#10711,#10712,#10713);
#10711 = CARTESIAN_POINT('',(0.,3.4,0.));
#10712 = DIRECTION('',(0.,-1.,0.));
#10713 = DIRECTION('',(0.,0.,-1.));
#10714 = CARTESIAN_POINT('',(-3.918869757272E-16,3.4,3.2));
#10715 = CARTESIAN_POINT('',(-3.918869757272E-16,3.4,3.2));
#10716 = GEOMETRIC_CURVE_SET('',(#10717));
#10717 = TRIMMED_CURVE('',#10718,(#10727,PARAMETER_VALUE(4.712388980385)
    ),(#10728,PARAMETER_VALUE(7.853981633974)),.T.,.PARAMETER.);
#10718 = B_SPLINE_CURVE_WITH_KNOTS('',7,(#10719,#10720,#10721,#10722,
    #10723,#10724,#10725,#10726),.UNSPECIFIED.,.F.,.F.,(8,8),(
    4.712388980385,7.853981633974),.PIECEWISE_BEZIER_KNOTS.);
#10719 = CARTESIAN_POINT('',(3.918869757272E-16,3.6,3.2));
#10720 = CARTESIAN_POINT('',(3.973831777092E-16,3.6,3.244879895051));
#10721 = CARTESIAN_POINT('',(4.028745675427E-16,3.576495628732,
    3.289720495927));
#10722 = CARTESIAN_POINT('',(4.065884267678E-16,3.529537573824,
    3.320046457892));
#10723 = CARTESIAN_POINT('',(4.065884267677E-16,3.470462426176,
    3.320046457892));
#10724 = CARTESIAN_POINT('',(4.028745675427E-16,3.423504371268,
    3.289720495927));
#10725 = CARTESIAN_POINT('',(3.973831777092E-16,3.4,3.244879895051));
#10726 = CARTESIAN_POINT('',(3.918869757272E-16,3.4,3.2));
#10727 = CARTESIAN_POINT('',(-3.918869757272E-16,3.6,3.2));
#10728 = CARTESIAN_POINT('',(-3.918869757272E-16,3.4,3.2));
#10729 = GEOMETRIC_CURVE_SET('',(#10730));
#10730 = TRIMMED_CURVE('',#10731,(#10736,PARAMETER_VALUE(3.14159265359))
  ,(#10737,PARAMETER_VALUE(9.424777960769)),.T.,.PARAMETER.);
#10731 = CIRCLE('',#10732,3.2);
#10732 = AXIS2_PLACEMENT_3D('',#10733,#10734,#10735);
#10733 = CARTESIAN_POINT('',(0.,3.2,0.));
#10734 = DIRECTION('',(0.,-1.,0.));
#10735 = DIRECTION('',(0.,0.,-1.));
#10736 = CARTESIAN_POINT('',(-3.918869757272E-16,3.2,3.2));
#10737 = CARTESIAN_POINT('',(-3.918869757272E-16,3.2,3.2));
#10738 = GEOMETRIC_CURVE_SET('',(#10739));
#10739 = TRIMMED_CURVE('',#10740,(#10749,PARAMETER_VALUE(1.570796326795)
    ),(#10750,PARAMETER_VALUE(4.712388980385)),.T.,.PARAMETER.);
#10740 = B_SPLINE_CURVE_WITH_KNOTS('',7,(#10741,#10742,#10743,#10744,
    #10745,#10746,#10747,#10748),.UNSPECIFIED.,.F.,.F.,(8,8),(
    1.570796326795,4.712388980385),.PIECEWISE_BEZIER_KNOTS.);
#10741 = CARTESIAN_POINT('',(3.918869757272E-16,3.2,3.2));
#10742 = CARTESIAN_POINT('',(3.863907737451E-16,3.2,3.155120104949));
#10743 = CARTESIAN_POINT('',(3.808993839116E-16,3.223504371268,
    3.110279504073));
#10744 = CARTESIAN_POINT('',(3.771855246866E-16,3.270462426176,
    3.079953542108));
#10745 = CARTESIAN_POINT('',(3.771855246865E-16,3.329537573824,
    3.079953542108));
#10746 = CARTESIAN_POINT('',(3.808993839116E-16,3.376495628732,
    3.110279504073));
#10747 = CARTESIAN_POINT('',(3.863907737451E-16,3.4,3.155120104949));
#10748 = CARTESIAN_POINT('',(3.918869757272E-16,3.4,3.2));
#10749 = CARTESIAN_POINT('',(-3.918869757272E-16,3.2,3.2));
#10750 = CARTESIAN_POINT('',(-3.918869757272E-16,3.4,3.2));
#10751 = GEOMETRIC_CURVE_SET('',(#10752));
#10752 = TRIMMED_CURVE('',#10753,(#10758,PARAMETER_VALUE(3.14159265359))
  ,(#10759,PARAMETER_VALUE(9.424777960769)),.T.,.PARAMETER.);
#10753 = CIRCLE('',#10754,3.2);
#10754 = AXIS2_PLACEMENT_3D('',#10755,#10756,#10757);
#10755 = CARTESIAN_POINT('',(0.,3.4,0.));
#10756 = DIRECTION('',(0.,-1.,0.));
#10757 = DIRECTION('',(0.,0.,-1.));
#10758 = CARTESIAN_POINT('',(-3.918869757272E-16,3.4,3.2));
#10759 = CARTESIAN_POINT('',(-3.918869757272E-16,3.4,3.2));
#10760 = GEOMETRIC_CURVE_SET('',(#10761));
#10761 = TRIMMED_CURVE('',#10762,(#10771,PARAMETER_VALUE(1.570796326795)
    ),(#10772,PARAMETER_VALUE(4.712388980385)),.T.,.PARAMETER.);
#10762 = B_SPLINE_CURVE_WITH_KNOTS('',7,(#10763,#10764,#10765,#10766,
    #10767,#10768,#10769,#10770),.UNSPECIFIED.,.F.,.F.,(8,8),(
    1.570796326795,4.712388980385),.PIECEWISE_BEZIER_KNOTS.);
#10763 = CARTESIAN_POINT('',(3.918869757272E-16,3.2,3.2));
#10764 = CARTESIAN_POINT('',(3.863907737451E-16,3.2,3.155120104949));
#10765 = CARTESIAN_POINT('',(3.808993839116E-16,3.223504371268,
    3.110279504073));
#10766 = CARTESIAN_POINT('',(3.771855246866E-16,3.270462426176,
    3.079953542108));
#10767 = CARTESIAN_POINT('',(3.771855246865E-16,3.329537573824,
    3.079953542108));
#10768 = CARTESIAN_POINT('',(3.808993839116E-16,3.376495628732,
    3.110279504073));
#10769 = CARTESIAN_POINT('',(3.863907737451E-16,3.4,3.155120104949));
#10770 = CARTESIAN_POINT('',(3.918869757272E-16,3.4,3.2));
#10771 = CARTESIAN_POINT('',(-3.918869757272E-16,3.2,3.2));
#10772 = CARTESIAN_POINT('',(-3.918869757272E-16,3.4,3.2));
#10773 = GEOMETRIC_CURVE_SET('',(#10774));
#10774 = TRIMMED_CURVE('',#10775,(#10780,PARAMETER_VALUE(3.14159265359))
  ,(#10781,PARAMETER_VALUE(9.424777960769)),.T.,.PARAMETER.);
#10775 = CIRCLE('',#10776,3.2);
#10776 = AXIS2_PLACEMENT_3D('',#10777,#10778,#10779);
#10777 = CARTESIAN_POINT('',(0.,3.4,0.));
#10778 = DIRECTION('',(0.,-1.,0.));
#10779 = DIRECTION('',(0.,0.,-1.));
#10780 = CARTESIAN_POINT('',(-3.918869757272E-16,3.4,3.2));
#10781 = CARTESIAN_POINT('',(-3.918869757272E-16,3.4,3.2));
#10782 = GEOMETRIC_CURVE_SET('',(#10783));
#10783 = TRIMMED_CURVE('',#10784,(#10793,PARAMETER_VALUE(4.712388980385)
    ),(#10794,PARAMETER_VALUE(7.853981633974)),.T.,.PARAMETER.);
#10784 = B_SPLINE_CURVE_WITH_KNOTS('',7,(#10785,#10786,#10787,#10788,
    #10789,#10790,#10791,#10792),.UNSPECIFIED.,.F.,.F.,(8,8),(
    4.712388980385,7.853981633974),.PIECEWISE_BEZIER_KNOTS.);
#10785 = CARTESIAN_POINT('',(3.918869757272E-16,3.4,3.2));
#10786 = CARTESIAN_POINT('',(3.973831777092E-16,3.4,3.244879895051));
#10787 = CARTESIAN_POINT('',(4.028745675427E-16,3.376495628732,
    3.289720495927));
#10788 = CARTESIAN_POINT('',(4.065884267678E-16,3.329537573824,
    3.320046457892));
#10789 = CARTESIAN_POINT('',(4.065884267677E-16,3.270462426176,
    3.320046457892));
#10790 = CARTESIAN_POINT('',(4.028745675427E-16,3.223504371268,
    3.289720495927));
#10791 = CARTESIAN_POINT('',(3.973831777092E-16,3.2,3.244879895051));
#10792 = CARTESIAN_POINT('',(3.918869757272E-16,3.2,3.2));
#10793 = CARTESIAN_POINT('',(-3.918869757272E-16,3.4,3.2));
#10794 = CARTESIAN_POINT('',(-3.918869757272E-16,3.2,3.2));
#10795 = GEOMETRIC_CURVE_SET('',(#10796));
#10796 = TRIMMED_CURVE('',#10797,(#10802,PARAMETER_VALUE(3.14159265359))
  ,(#10803,PARAMETER_VALUE(9.424777960769)),.T.,.PARAMETER.);
#10797 = CIRCLE('',#10798,3.2);
#10798 = AXIS2_PLACEMENT_3D('',#10799,#10800,#10801);
#10799 = CARTESIAN_POINT('',(0.,3.2,0.));
#10800 = DIRECTION('',(0.,-1.,0.));
#10801 = DIRECTION('',(0.,0.,-1.));
#10802 = CARTESIAN_POINT('',(-3.918869757272E-16,3.2,3.2));
#10803 = CARTESIAN_POINT('',(-3.918869757272E-16,3.2,3.2));
#10804 = GEOMETRIC_CURVE_SET('',(#10805));
#10805 = TRIMMED_CURVE('',#10806,(#10815,PARAMETER_VALUE(4.712388980385)
    ),(#10816,PARAMETER_VALUE(7.853981633974)),.T.,.PARAMETER.);
#10806 = B_SPLINE_CURVE_WITH_KNOTS('',7,(#10807,#10808,#10809,#10810,
    #10811,#10812,#10813,#10814),.UNSPECIFIED.,.F.,.F.,(8,8),(
    4.712388980385,7.853981633974),.PIECEWISE_BEZIER_KNOTS.);
#10807 = CARTESIAN_POINT('',(3.918869757272E-16,3.4,3.2));
#10808 = CARTESIAN_POINT('',(3.973831777092E-16,3.4,3.244879895051));
#10809 = CARTESIAN_POINT('',(4.028745675427E-16,3.376495628732,
    3.289720495927));
#10810 = CARTESIAN_POINT('',(4.065884267678E-16,3.329537573824,
    3.320046457892));
#10811 = CARTESIAN_POINT('',(4.065884267677E-16,3.270462426176,
    3.320046457892));
#10812 = CARTESIAN_POINT('',(4.028745675427E-16,3.223504371268,
    3.289720495927));
#10813 = CARTESIAN_POINT('',(3.973831777092E-16,3.2,3.244879895051));
#10814 = CARTESIAN_POINT('',(3.918869757272E-16,3.2,3.2));
#10815 = CARTESIAN_POINT('',(-3.918869757272E-16,3.4,3.2));
#10816 = CARTESIAN_POINT('',(-3.918869757272E-16,3.2,3.2));
#10817 = GEOMETRIC_CURVE_SET('',(#10818));
#10818 = TRIMMED_CURVE('',#10819,(#10824,PARAMETER_VALUE(3.14159265359))
  ,(#10825,PARAMETER_VALUE(9.424777960769)),.T.,.PARAMETER.);
#10819 = CIRCLE('',#10820,3.2);
#10820 = AXIS2_PLACEMENT_3D('',#10821,#10822,#10823);
#10821 = CARTESIAN_POINT('',(0.,3.,0.));
#10822 = DIRECTION('',(0.,-1.,0.));
#10823 = DIRECTION('',(0.,0.,-1.));
#10824 = CARTESIAN_POINT('',(-3.918869757272E-16,3.,3.2));
#10825 = CARTESIAN_POINT('',(-3.918869757272E-16,3.,3.2));
#10826 = GEOMETRIC_CURVE_SET('',(#10827));
#10827 = TRIMMED_CURVE('',#10828,(#10837,PARAMETER_VALUE(1.570796326795)
    ),(#10838,PARAMETER_VALUE(4.712388980385)),.T.,.PARAMETER.);
#10828 = B_SPLINE_CURVE_WITH_KNOTS('',7,(#10829,#10830,#10831,#10832,
    #10833,#10834,#10835,#10836),.UNSPECIFIED.,.F.,.F.,(8,8),(
    1.570796326795,4.712388980385),.PIECEWISE_BEZIER_KNOTS.);
#10829 = CARTESIAN_POINT('',(3.918869757272E-16,3.,3.2));
#10830 = CARTESIAN_POINT('',(3.863907737451E-16,3.,3.155120104949));
#10831 = CARTESIAN_POINT('',(3.808993839116E-16,3.023504371268,
    3.110279504073));
#10832 = CARTESIAN_POINT('',(3.771855246866E-16,3.070462426176,
    3.079953542108));
#10833 = CARTESIAN_POINT('',(3.771855246865E-16,3.129537573824,
    3.079953542108));
#10834 = CARTESIAN_POINT('',(3.808993839116E-16,3.176495628732,
    3.110279504073));
#10835 = CARTESIAN_POINT('',(3.863907737451E-16,3.2,3.155120104949));
#10836 = CARTESIAN_POINT('',(3.918869757272E-16,3.2,3.2));
#10837 = CARTESIAN_POINT('',(-3.918869757272E-16,3.,3.2));
#10838 = CARTESIAN_POINT('',(-3.918869757272E-16,3.2,3.2));
#10839 = GEOMETRIC_CURVE_SET('',(#10840));
#10840 = TRIMMED_CURVE('',#10841,(#10846,PARAMETER_VALUE(3.14159265359))
  ,(#10847,PARAMETER_VALUE(9.424777960769)),.T.,.PARAMETER.);
#10841 = CIRCLE('',#10842,3.2);
#10842 = AXIS2_PLACEMENT_3D('',#10843,#10844,#10845);
#10843 = CARTESIAN_POINT('',(0.,3.2,0.));
#10844 = DIRECTION('',(0.,-1.,0.));
#10845 = DIRECTION('',(0.,0.,-1.));
#10846 = CARTESIAN_POINT('',(-3.918869757272E-16,3.2,3.2));
#10847 = CARTESIAN_POINT('',(-3.918869757272E-16,3.2,3.2));
#10848 = GEOMETRIC_CURVE_SET('',(#10849));
#10849 = TRIMMED_CURVE('',#10850,(#10859,PARAMETER_VALUE(1.570796326795)
    ),(#10860,PARAMETER_VALUE(4.712388980385)),.T.,.PARAMETER.);
#10850 = B_SPLINE_CURVE_WITH_KNOTS('',7,(#10851,#10852,#10853,#10854,
    #10855,#10856,#10857,#10858),.UNSPECIFIED.,.F.,.F.,(8,8),(
    1.570796326795,4.712388980385),.PIECEWISE_BEZIER_KNOTS.);
#10851 = CARTESIAN_POINT('',(3.918869757272E-16,3.,3.2));
#10852 = CARTESIAN_POINT('',(3.863907737451E-16,3.,3.155120104949));
#10853 = CARTESIAN_POINT('',(3.808993839116E-16,3.023504371268,
    3.110279504073));
#10854 = CARTESIAN_POINT('',(3.771855246866E-16,3.070462426176,
    3.079953542108));
#10855 = CARTESIAN_POINT('',(3.771855246865E-16,3.129537573824,
    3.079953542108));
#10856 = CARTESIAN_POINT('',(3.808993839116E-16,3.176495628732,
    3.110279504073));
#10857 = CARTESIAN_POINT('',(3.863907737451E-16,3.2,3.155120104949));
#10858 = CARTESIAN_POINT('',(3.918869757272E-16,3.2,3.2));
#10859 = CARTESIAN_POINT('',(-3.918869757272E-16,3.,3.2));
#10860 = CARTESIAN_POINT('',(-3.918869757272E-16,3.2,3.2));
#10861 = GEOMETRIC_CURVE_SET('',(#10862));
#10862 = TRIMMED_CURVE('',#10863,(#10868,PARAMETER_VALUE(3.14159265359))
  ,(#10869,PARAMETER_VALUE(9.424777960769)),.T.,.PARAMETER.);
#10863 = CIRCLE('',#10864,3.2);
#10864 = AXIS2_PLACEMENT_3D('',#10865,#10866,#10867);
#10865 = CARTESIAN_POINT('',(0.,3.2,0.));
#10866 = DIRECTION('',(0.,-1.,0.));
#10867 = DIRECTION('',(0.,0.,-1.));
#10868 = CARTESIAN_POINT('',(-3.918869757272E-16,3.2,3.2));
#10869 = CARTESIAN_POINT('',(-3.918869757272E-16,3.2,3.2));
#10870 = GEOMETRIC_CURVE_SET('',(#10871));
#10871 = TRIMMED_CURVE('',#10872,(#10881,PARAMETER_VALUE(4.712388980385)
    ),(#10882,PARAMETER_VALUE(7.853981633974)),.T.,.PARAMETER.);
#10872 = B_SPLINE_CURVE_WITH_KNOTS('',7,(#10873,#10874,#10875,#10876,
    #10877,#10878,#10879,#10880),.UNSPECIFIED.,.F.,.F.,(8,8),(
    4.712388980385,7.853981633974),.PIECEWISE_BEZIER_KNOTS.);
#10873 = CARTESIAN_POINT('',(3.918869757272E-16,3.2,3.2));
#10874 = CARTESIAN_POINT('',(3.973831777092E-16,3.2,3.244879895051));
#10875 = CARTESIAN_POINT('',(4.028745675427E-16,3.176495628732,
    3.289720495927));
#10876 = CARTESIAN_POINT('',(4.065884267678E-16,3.129537573824,
    3.320046457892));
#10877 = CARTESIAN_POINT('',(4.065884267677E-16,3.070462426176,
    3.320046457892));
#10878 = CARTESIAN_POINT('',(4.028745675427E-16,3.023504371268,
    3.289720495927));
#10879 = CARTESIAN_POINT('',(3.973831777092E-16,3.,3.244879895051));
#10880 = CARTESIAN_POINT('',(3.918869757272E-16,3.,3.2));
#10881 = CARTESIAN_POINT('',(-3.918869757272E-16,3.2,3.2));
#10882 = CARTESIAN_POINT('',(-3.918869757272E-16,3.,3.2));
#10883 = GEOMETRIC_CURVE_SET('',(#10884));
#10884 = TRIMMED_CURVE('',#10885,(#10890,PARAMETER_VALUE(3.14159265359))
  ,(#10891,PARAMETER_VALUE(9.424777960769)),.T.,.PARAMETER.);
#10885 = CIRCLE('',#10886,3.2);
#10886 = AXIS2_PLACEMENT_3D('',#10887,#10888,#10889);
#10887 = CARTESIAN_POINT('',(0.,3.,0.));
#10888 = DIRECTION('',(0.,-1.,0.));
#10889 = DIRECTION('',(0.,0.,-1.));
#10890 = CARTESIAN_POINT('',(-3.918869757272E-16,3.,3.2));
#10891 = CARTESIAN_POINT('',(-3.918869757272E-16,3.,3.2));
#10892 = GEOMETRIC_CURVE_SET('',(#10893));
#10893 = TRIMMED_CURVE('',#10894,(#10903,PARAMETER_VALUE(4.712388980385)
    ),(#10904,PARAMETER_VALUE(7.853981633974)),.T.,.PARAMETER.);
#10894 = B_SPLINE_CURVE_WITH_KNOTS('',7,(#10895,#10896,#10897,#10898,
    #10899,#10900,#10901,#10902),.UNSPECIFIED.,.F.,.F.,(8,8),(
    4.712388980385,7.853981633974),.PIECEWISE_BEZIER_KNOTS.);
#10895 = CARTESIAN_POINT('',(3.918869757272E-16,3.2,3.2));
#10896 = CARTESIAN_POINT('',(3.973831777092E-16,3.2,3.244879895051));
#10897 = CARTESIAN_POINT('',(4.028745675427E-16,3.176495628732,
    3.289720495927));
#10898 = CARTESIAN_POINT('',(4.065884267678E-16,3.129537573824,
    3.320046457892));
#10899 = CARTESIAN_POINT('',(4.065884267677E-16,3.070462426176,
    3.320046457892));
#10900 = CARTESIAN_POINT('',(4.028745675427E-16,3.023504371268,
    3.289720495927));
#10901 = CARTESIAN_POINT('',(3.973831777092E-16,3.,3.244879895051));
#10902 = CARTESIAN_POINT('',(3.918869757272E-16,3.,3.2));
#10903 = CARTESIAN_POINT('',(-3.918869757272E-16,3.2,3.2));
#10904 = CARTESIAN_POINT('',(-3.918869757272E-16,3.,3.2));
#10905 = GEOMETRIC_CURVE_SET('',(#10906));
#10906 = TRIMMED_CURVE('',#10907,(#10912,PARAMETER_VALUE(3.14159265359))
  ,(#10913,PARAMETER_VALUE(9.424777960769)),.T.,.PARAMETER.);
#10907 = CIRCLE('',#10908,3.2);
#10908 = AXIS2_PLACEMENT_3D('',#10909,#10910,#10911);
#10909 = CARTESIAN_POINT('',(0.,2.8,0.));
#10910 = DIRECTION('',(0.,-1.,0.));
#10911 = DIRECTION('',(0.,0.,-1.));
#10912 = CARTESIAN_POINT('',(-3.918869757272E-16,2.8,3.2));
#10913 = CARTESIAN_POINT('',(-3.918869757272E-16,2.8,3.2));
#10914 = GEOMETRIC_CURVE_SET('',(#10915));
#10915 = TRIMMED_CURVE('',#10916,(#10925,PARAMETER_VALUE(1.570796326795)
    ),(#10926,PARAMETER_VALUE(4.712388980385)),.T.,.PARAMETER.);
#10916 = B_SPLINE_CURVE_WITH_KNOTS('',7,(#10917,#10918,#10919,#10920,
    #10921,#10922,#10923,#10924),.UNSPECIFIED.,.F.,.F.,(8,8),(
    1.570796326795,4.712388980385),.PIECEWISE_BEZIER_KNOTS.);
#10917 = CARTESIAN_POINT('',(3.918869757272E-16,2.8,3.2));
#10918 = CARTESIAN_POINT('',(3.863907737451E-16,2.8,3.155120104949));
#10919 = CARTESIAN_POINT('',(3.808993839116E-16,2.823504371268,
    3.110279504073));
#10920 = CARTESIAN_POINT('',(3.771855246866E-16,2.870462426176,
    3.079953542108));
#10921 = CARTESIAN_POINT('',(3.771855246865E-16,2.929537573824,
    3.079953542108));
#10922 = CARTESIAN_POINT('',(3.808993839116E-16,2.976495628732,
    3.110279504073));
#10923 = CARTESIAN_POINT('',(3.863907737451E-16,3.,3.155120104949));
#10924 = CARTESIAN_POINT('',(3.918869757272E-16,3.,3.2));
#10925 = CARTESIAN_POINT('',(-3.918869757272E-16,2.8,3.2));
#10926 = CARTESIAN_POINT('',(-3.918869757272E-16,3.,3.2));
#10927 = GEOMETRIC_CURVE_SET('',(#10928));
#10928 = TRIMMED_CURVE('',#10929,(#10934,PARAMETER_VALUE(3.14159265359))
  ,(#10935,PARAMETER_VALUE(9.424777960769)),.T.,.PARAMETER.);
#10929 = CIRCLE('',#10930,3.2);
#10930 = AXIS2_PLACEMENT_3D('',#10931,#10932,#10933);
#10931 = CARTESIAN_POINT('',(0.,3.,0.));
#10932 = DIRECTION('',(0.,-1.,0.));
#10933 = DIRECTION('',(0.,0.,-1.));
#10934 = CARTESIAN_POINT('',(-3.918869757272E-16,3.,3.2));
#10935 = CARTESIAN_POINT('',(-3.918869757272E-16,3.,3.2));
#10936 = GEOMETRIC_CURVE_SET('',(#10937));
#10937 = TRIMMED_CURVE('',#10938,(#10947,PARAMETER_VALUE(1.570796326795)
    ),(#10948,PARAMETER_VALUE(4.712388980385)),.T.,.PARAMETER.);
#10938 = B_SPLINE_CURVE_WITH_KNOTS('',7,(#10939,#10940,#10941,#10942,
    #10943,#10944,#10945,#10946),.UNSPECIFIED.,.F.,.F.,(8,8),(
    1.570796326795,4.712388980385),.PIECEWISE_BEZIER_KNOTS.);
#10939 = CARTESIAN_POINT('',(3.918869757272E-16,2.8,3.2));
#10940 = CARTESIAN_POINT('',(3.863907737451E-16,2.8,3.155120104949));
#10941 = CARTESIAN_POINT('',(3.808993839116E-16,2.823504371268,
    3.110279504073));
#10942 = CARTESIAN_POINT('',(3.771855246866E-16,2.870462426176,
    3.079953542108));
#10943 = CARTESIAN_POINT('',(3.771855246865E-16,2.929537573824,
    3.079953542108));
#10944 = CARTESIAN_POINT('',(3.808993839116E-16,2.976495628732,
    3.110279504073));
#10945 = CARTESIAN_POINT('',(3.863907737451E-16,3.,3.155120104949));
#10946 = CARTESIAN_POINT('',(3.918869757272E-16,3.,3.2));
#10947 = CARTESIAN_POINT('',(-3.918869757272E-16,2.8,3.2));
#10948 = CARTESIAN_POINT('',(-3.918869757272E-16,3.,3.2));
#10949 = GEOMETRIC_CURVE_SET('',(#10950));
#10950 = TRIMMED_CURVE('',#10951,(#10956,PARAMETER_VALUE(3.14159265359))
  ,(#10957,PARAMETER_VALUE(9.424777960769)),.T.,.PARAMETER.);
#10951 = CIRCLE('',#10952,3.2);
#10952 = AXIS2_PLACEMENT_3D('',#10953,#10954,#10955);
#10953 = CARTESIAN_POINT('',(0.,3.,0.));
#10954 = DIRECTION('',(0.,-1.,0.));
#10955 = DIRECTION('',(0.,0.,-1.));
#10956 = CARTESIAN_POINT('',(-3.918869757272E-16,3.,3.2));
#10957 = CARTESIAN_POINT('',(-3.918869757272E-16,3.,3.2));
#10958 = GEOMETRIC_CURVE_SET('',(#10959));
#10959 = TRIMMED_CURVE('',#10960,(#10969,PARAMETER_VALUE(4.712388980385)
    ),(#10970,PARAMETER_VALUE(7.853981633974)),.T.,.PARAMETER.);
#10960 = B_SPLINE_CURVE_WITH_KNOTS('',7,(#10961,#10962,#10963,#10964,
    #10965,#10966,#10967,#10968),.UNSPECIFIED.,.F.,.F.,(8,8),(
    4.712388980385,7.853981633974),.PIECEWISE_BEZIER_KNOTS.);
#10961 = CARTESIAN_POINT('',(3.918869757272E-16,3.,3.2));
#10962 = CARTESIAN_POINT('',(3.973831777092E-16,3.,3.244879895051));
#10963 = CARTESIAN_POINT('',(4.028745675427E-16,2.976495628732,
    3.289720495927));
#10964 = CARTESIAN_POINT('',(4.065884267678E-16,2.929537573824,
    3.320046457892));
#10965 = CARTESIAN_POINT('',(4.065884267677E-16,2.870462426176,
    3.320046457892));
#10966 = CARTESIAN_POINT('',(4.028745675427E-16,2.823504371268,
    3.289720495927));
#10967 = CARTESIAN_POINT('',(3.973831777092E-16,2.8,3.244879895051));
#10968 = CARTESIAN_POINT('',(3.918869757272E-16,2.8,3.2));
#10969 = CARTESIAN_POINT('',(-3.918869757272E-16,3.,3.2));
#10970 = CARTESIAN_POINT('',(-3.918869757272E-16,2.8,3.2));
#10971 = GEOMETRIC_CURVE_SET('',(#10972));
#10972 = TRIMMED_CURVE('',#10973,(#10978,PARAMETER_VALUE(3.14159265359))
  ,(#10979,PARAMETER_VALUE(9.424777960769)),.T.,.PARAMETER.);
#10973 = CIRCLE('',#10974,3.2);
#10974 = AXIS2_PLACEMENT_3D('',#10975,#10976,#10977);
#10975 = CARTESIAN_POINT('',(0.,2.8,0.));
#10976 = DIRECTION('',(0.,-1.,0.));
#10977 = DIRECTION('',(0.,0.,-1.));
#10978 = CARTESIAN_POINT('',(-3.918869757272E-16,2.8,3.2));
#10979 = CARTESIAN_POINT('',(-3.918869757272E-16,2.8,3.2));
#10980 = GEOMETRIC_CURVE_SET('',(#10981));
#10981 = TRIMMED_CURVE('',#10982,(#10991,PARAMETER_VALUE(4.712388980385)
    ),(#10992,PARAMETER_VALUE(7.853981633974)),.T.,.PARAMETER.);
#10982 = B_SPLINE_CURVE_WITH_KNOTS('',7,(#10983,#10984,#10985,#10986,
    #10987,#10988,#10989,#10990),.UNSPECIFIED.,.F.,.F.,(8,8),(
    4.712388980385,7.853981633974),.PIECEWISE_BEZIER_KNOTS.);
#10983 = CARTESIAN_POINT('',(3.918869757272E-16,3.,3.2));
#10984 = CARTESIAN_POINT('',(3.973831777092E-16,3.,3.244879895051));
#10985 = CARTESIAN_POINT('',(4.028745675427E-16,2.976495628732,
    3.289720495927));
#10986 = CARTESIAN_POINT('',(4.065884267678E-16,2.929537573824,
    3.320046457892));
#10987 = CARTESIAN_POINT('',(4.065884267677E-16,2.870462426176,
    3.320046457892));
#10988 = CARTESIAN_POINT('',(4.028745675427E-16,2.823504371268,
    3.289720495927));
#10989 = CARTESIAN_POINT('',(3.973831777092E-16,2.8,3.244879895051));
#10990 = CARTESIAN_POINT('',(3.918869757272E-16,2.8,3.2));
#10991 = CARTESIAN_POINT('',(-3.918869757272E-16,3.,3.2));
#10992 = CARTESIAN_POINT('',(-3.918869757272E-16,2.8,3.2));
#10993 = GEOMETRIC_CURVE_SET('',(#10994));
#10994 = TRIMMED_CURVE('',#10995,(#11000,PARAMETER_VALUE(3.14159265359))
  ,(#11001,PARAMETER_VALUE(9.424777960769)),.T.,.PARAMETER.);
#10995 = CIRCLE('',#10996,3.2);
#10996 = AXIS2_PLACEMENT_3D('',#10997,#10998,#10999);
#10997 = CARTESIAN_POINT('',(0.,2.6,0.));
#10998 = DIRECTION('',(0.,-1.,0.));
#10999 = DIRECTION('',(0.,0.,-1.));
#11000 = CARTESIAN_POINT('',(-3.918869757272E-16,2.6,3.2));
#11001 = CARTESIAN_POINT('',(-3.918869757272E-16,2.6,3.2));
#11002 = GEOMETRIC_CURVE_SET('',(#11003));
#11003 = TRIMMED_CURVE('',#11004,(#11013,PARAMETER_VALUE(1.570796326795)
    ),(#11014,PARAMETER_VALUE(4.712388980385)),.T.,.PARAMETER.);
#11004 = B_SPLINE_CURVE_WITH_KNOTS('',7,(#11005,#11006,#11007,#11008,
    #11009,#11010,#11011,#11012),.UNSPECIFIED.,.F.,.F.,(8,8),(
    1.570796326795,4.712388980385),.PIECEWISE_BEZIER_KNOTS.);
#11005 = CARTESIAN_POINT('',(3.918869757272E-16,2.6,3.2));
#11006 = CARTESIAN_POINT('',(3.863907737451E-16,2.6,3.155120104949));
#11007 = CARTESIAN_POINT('',(3.808993839116E-16,2.623504371268,
    3.110279504073));
#11008 = CARTESIAN_POINT('',(3.771855246866E-16,2.670462426176,
    3.079953542108));
#11009 = CARTESIAN_POINT('',(3.771855246865E-16,2.729537573824,
    3.079953542108));
#11010 = CARTESIAN_POINT('',(3.808993839116E-16,2.776495628732,
    3.110279504073));
#11011 = CARTESIAN_POINT('',(3.863907737451E-16,2.8,3.155120104949));
#11012 = CARTESIAN_POINT('',(3.918869757272E-16,2.8,3.2));
#11013 = CARTESIAN_POINT('',(-3.918869757272E-16,2.6,3.2));
#11014 = CARTESIAN_POINT('',(-3.918869757272E-16,2.8,3.2));
#11015 = GEOMETRIC_CURVE_SET('',(#11016));
#11016 = TRIMMED_CURVE('',#11017,(#11022,PARAMETER_VALUE(3.14159265359))
  ,(#11023,PARAMETER_VALUE(9.424777960769)),.T.,.PARAMETER.);
#11017 = CIRCLE('',#11018,3.2);
#11018 = AXIS2_PLACEMENT_3D('',#11019,#11020,#11021);
#11019 = CARTESIAN_POINT('',(0.,2.8,0.));
#11020 = DIRECTION('',(0.,-1.,0.));
#11021 = DIRECTION('',(0.,0.,-1.));
#11022 = CARTESIAN_POINT('',(-3.918869757272E-16,2.8,3.2));
#11023 = CARTESIAN_POINT('',(-3.918869757272E-16,2.8,3.2));
#11024 = GEOMETRIC_CURVE_SET('',(#11025));
#11025 = TRIMMED_CURVE('',#11026,(#11035,PARAMETER_VALUE(1.570796326795)
    ),(#11036,PARAMETER_VALUE(4.712388980385)),.T.,.PARAMETER.);
#11026 = B_SPLINE_CURVE_WITH_KNOTS('',7,(#11027,#11028,#11029,#11030,
    #11031,#11032,#11033,#11034),.UNSPECIFIED.,.F.,.F.,(8,8),(
    1.570796326795,4.712388980385),.PIECEWISE_BEZIER_KNOTS.);
#11027 = CARTESIAN_POINT('',(3.918869757272E-16,2.6,3.2));
#11028 = CARTESIAN_POINT('',(3.863907737451E-16,2.6,3.155120104949));
#11029 = CARTESIAN_POINT('',(3.808993839116E-16,2.623504371268,
    3.110279504073));
#11030 = CARTESIAN_POINT('',(3.771855246866E-16,2.670462426176,
    3.079953542108));
#11031 = CARTESIAN_POINT('',(3.771855246865E-16,2.729537573824,
    3.079953542108));
#11032 = CARTESIAN_POINT('',(3.808993839116E-16,2.776495628732,
    3.110279504073));
#11033 = CARTESIAN_POINT('',(3.863907737451E-16,2.8,3.155120104949));
#11034 = CARTESIAN_POINT('',(3.918869757272E-16,2.8,3.2));
#11035 = CARTESIAN_POINT('',(-3.918869757272E-16,2.6,3.2));
#11036 = CARTESIAN_POINT('',(-3.918869757272E-16,2.8,3.2));
#11037 = GEOMETRIC_CURVE_SET('',(#11038));
#11038 = TRIMMED_CURVE('',#11039,(#11044,PARAMETER_VALUE(3.14159265359))
  ,(#11045,PARAMETER_VALUE(9.424777960769)),.T.,.PARAMETER.);
#11039 = CIRCLE('',#11040,3.2);
#11040 = AXIS2_PLACEMENT_3D('',#11041,#11042,#11043);
#11041 = CARTESIAN_POINT('',(0.,2.8,0.));
#11042 = DIRECTION('',(0.,-1.,0.));
#11043 = DIRECTION('',(0.,0.,-1.));
#11044 = CARTESIAN_POINT('',(-3.918869757272E-16,2.8,3.2));
#11045 = CARTESIAN_POINT('',(-3.918869757272E-16,2.8,3.2));
#11046 = GEOMETRIC_CURVE_SET('',(#11047));
#11047 = TRIMMED_CURVE('',#11048,(#11057,PARAMETER_VALUE(4.712388980385)
    ),(#11058,PARAMETER_VALUE(7.853981633974)),.T.,.PARAMETER.);
#11048 = B_SPLINE_CURVE_WITH_KNOTS('',7,(#11049,#11050,#11051,#11052,
    #11053,#11054,#11055,#11056),.UNSPECIFIED.,.F.,.F.,(8,8),(
    4.712388980385,7.853981633974),.PIECEWISE_BEZIER_KNOTS.);
#11049 = CARTESIAN_POINT('',(3.918869757272E-16,2.8,3.2));
#11050 = CARTESIAN_POINT('',(3.973831777092E-16,2.8,3.244879895051));
#11051 = CARTESIAN_POINT('',(4.028745675427E-16,2.776495628732,
    3.289720495927));
#11052 = CARTESIAN_POINT('',(4.065884267678E-16,2.729537573824,
    3.320046457892));
#11053 = CARTESIAN_POINT('',(4.065884267677E-16,2.670462426176,
    3.320046457892));
#11054 = CARTESIAN_POINT('',(4.028745675427E-16,2.623504371268,
    3.289720495927));
#11055 = CARTESIAN_POINT('',(3.973831777092E-16,2.6,3.244879895051));
#11056 = CARTESIAN_POINT('',(3.918869757272E-16,2.6,3.2));
#11057 = CARTESIAN_POINT('',(-3.918869757272E-16,2.8,3.2));
#11058 = CARTESIAN_POINT('',(-3.918869757272E-16,2.6,3.2));
#11059 = GEOMETRIC_CURVE_SET('',(#11060));
#11060 = TRIMMED_CURVE('',#11061,(#11066,PARAMETER_VALUE(3.14159265359))
  ,(#11067,PARAMETER_VALUE(9.424777960769)),.T.,.PARAMETER.);
#11061 = CIRCLE('',#11062,3.2);
#11062 = AXIS2_PLACEMENT_3D('',#11063,#11064,#11065);
#11063 = CARTESIAN_POINT('',(0.,2.6,0.));
#11064 = DIRECTION('',(0.,-1.,0.));
#11065 = DIRECTION('',(0.,0.,-1.));
#11066 = CARTESIAN_POINT('',(-3.918869757272E-16,2.6,3.2));
#11067 = CARTESIAN_POINT('',(-3.918869757272E-16,2.6,3.2));
#11068 = GEOMETRIC_CURVE_SET('',(#11069));
#11069 = TRIMMED_CURVE('',#11070,(#11079,PARAMETER_VALUE(4.712388980385)
    ),(#11080,PARAMETER_VALUE(7.853981633974)),.T.,.PARAMETER.);
#11070 = B_SPLINE_CURVE_WITH_KNOTS('',7,(#11071,#11072,#11073,#11074,
    #11075,#11076,#11077,#11078),.UNSPECIFIED.,.F.,.F.,(8,8),(
    4.712388980385,7.853981633974),.PIECEWISE_BEZIER_KNOTS.);
#11071 = CARTESIAN_POINT('',(3.918869757272E-16,2.8,3.2));
#11072 = CARTESIAN_POINT('',(3.973831777092E-16,2.8,3.244879895051));
#11073 = CARTESIAN_POINT('',(4.028745675427E-16,2.776495628732,
    3.289720495927));
#11074 = CARTESIAN_POINT('',(4.065884267678E-16,2.729537573824,
    3.320046457892));
#11075 = CARTESIAN_POINT('',(4.065884267677E-16,2.670462426176,
    3.320046457892));
#11076 = CARTESIAN_POINT('',(4.028745675427E-16,2.623504371268,
    3.289720495927));
#11077 = CARTESIAN_POINT('',(3.973831777092E-16,2.6,3.244879895051));
#11078 = CARTESIAN_POINT('',(3.918869757272E-16,2.6,3.2));
#11079 = CARTESIAN_POINT('',(-3.918869757272E-16,2.8,3.2));
#11080 = CARTESIAN_POINT('',(-3.918869757272E-16,2.6,3.2));
#11081 = GEOMETRIC_CURVE_SET('',(#11082));
#11082 = TRIMMED_CURVE('',#11083,(#11088,PARAMETER_VALUE(3.14159265359))
  ,(#11089,PARAMETER_VALUE(9.424777960769)),.T.,.PARAMETER.);
#11083 = CIRCLE('',#11084,3.2);
#11084 = AXIS2_PLACEMENT_3D('',#11085,#11086,#11087);
#11085 = CARTESIAN_POINT('',(0.,2.4,0.));
#11086 = DIRECTION('',(0.,-1.,0.));
#11087 = DIRECTION('',(0.,0.,-1.));
#11088 = CARTESIAN_POINT('',(-3.918869757272E-16,2.4,3.2));
#11089 = CARTESIAN_POINT('',(-3.918869757272E-16,2.4,3.2));
#11090 = GEOMETRIC_CURVE_SET('',(#11091));
#11091 = TRIMMED_CURVE('',#11092,(#11101,PARAMETER_VALUE(1.570796326795)
    ),(#11102,PARAMETER_VALUE(4.712388980385)),.T.,.PARAMETER.);
#11092 = B_SPLINE_CURVE_WITH_KNOTS('',7,(#11093,#11094,#11095,#11096,
    #11097,#11098,#11099,#11100),.UNSPECIFIED.,.F.,.F.,(8,8),(
    1.570796326795,4.712388980385),.PIECEWISE_BEZIER_KNOTS.);
#11093 = CARTESIAN_POINT('',(3.918869757272E-16,2.4,3.2));
#11094 = CARTESIAN_POINT('',(3.863907737451E-16,2.4,3.155120104949));
#11095 = CARTESIAN_POINT('',(3.808993839116E-16,2.423504371268,
    3.110279504073));
#11096 = CARTESIAN_POINT('',(3.771855246866E-16,2.470462426176,
    3.079953542108));
#11097 = CARTESIAN_POINT('',(3.771855246865E-16,2.529537573824,
    3.079953542108));
#11098 = CARTESIAN_POINT('',(3.808993839116E-16,2.576495628732,
    3.110279504073));
#11099 = CARTESIAN_POINT('',(3.863907737451E-16,2.6,3.155120104949));
#11100 = CARTESIAN_POINT('',(3.918869757272E-16,2.6,3.2));
#11101 = CARTESIAN_POINT('',(-3.918869757272E-16,2.4,3.2));
#11102 = CARTESIAN_POINT('',(-3.918869757272E-16,2.6,3.2));
#11103 = GEOMETRIC_CURVE_SET('',(#11104));
#11104 = TRIMMED_CURVE('',#11105,(#11110,PARAMETER_VALUE(3.14159265359))
  ,(#11111,PARAMETER_VALUE(9.424777960769)),.T.,.PARAMETER.);
#11105 = CIRCLE('',#11106,3.2);
#11106 = AXIS2_PLACEMENT_3D('',#11107,#11108,#11109);
#11107 = CARTESIAN_POINT('',(0.,2.6,0.));
#11108 = DIRECTION('',(0.,-1.,0.));
#11109 = DIRECTION('',(0.,0.,-1.));
#11110 = CARTESIAN_POINT('',(-3.918869757272E-16,2.6,3.2));
#11111 = CARTESIAN_POINT('',(-3.918869757272E-16,2.6,3.2));
#11112 = GEOMETRIC_CURVE_SET('',(#11113));
#11113 = TRIMMED_CURVE('',#11114,(#11123,PARAMETER_VALUE(1.570796326795)
    ),(#11124,PARAMETER_VALUE(4.712388980385)),.T.,.PARAMETER.);
#11114 = B_SPLINE_CURVE_WITH_KNOTS('',7,(#11115,#11116,#11117,#11118,
    #11119,#11120,#11121,#11122),.UNSPECIFIED.,.F.,.F.,(8,8),(
    1.570796326795,4.712388980385),.PIECEWISE_BEZIER_KNOTS.);
#11115 = CARTESIAN_POINT('',(3.918869757272E-16,2.4,3.2));
#11116 = CARTESIAN_POINT('',(3.863907737451E-16,2.4,3.155120104949));
#11117 = CARTESIAN_POINT('',(3.808993839116E-16,2.423504371268,
    3.110279504073));
#11118 = CARTESIAN_POINT('',(3.771855246866E-16,2.470462426176,
    3.079953542108));
#11119 = CARTESIAN_POINT('',(3.771855246865E-16,2.529537573824,
    3.079953542108));
#11120 = CARTESIAN_POINT('',(3.808993839116E-16,2.576495628732,
    3.110279504073));
#11121 = CARTESIAN_POINT('',(3.863907737451E-16,2.6,3.155120104949));
#11122 = CARTESIAN_POINT('',(3.918869757272E-16,2.6,3.2));
#11123 = CARTESIAN_POINT('',(-3.918869757272E-16,2.4,3.2));
#11124 = CARTESIAN_POINT('',(-3.918869757272E-16,2.6,3.2));
#11125 = GEOMETRIC_CURVE_SET('',(#11126));
#11126 = TRIMMED_CURVE('',#11127,(#11132,PARAMETER_VALUE(3.14159265359))
  ,(#11133,PARAMETER_VALUE(9.424777960769)),.T.,.PARAMETER.);
#11127 = CIRCLE('',#11128,3.2);
#11128 = AXIS2_PLACEMENT_3D('',#11129,#11130,#11131);
#11129 = CARTESIAN_POINT('',(0.,2.6,0.));
#11130 = DIRECTION('',(0.,-1.,0.));
#11131 = DIRECTION('',(0.,0.,-1.));
#11132 = CARTESIAN_POINT('',(-3.918869757272E-16,2.6,3.2));
#11133 = CARTESIAN_POINT('',(-3.918869757272E-16,2.6,3.2));
#11134 = GEOMETRIC_CURVE_SET('',(#11135));
#11135 = TRIMMED_CURVE('',#11136,(#11145,PARAMETER_VALUE(4.712388980385)
    ),(#11146,PARAMETER_VALUE(7.853981633974)),.T.,.PARAMETER.);
#11136 = B_SPLINE_CURVE_WITH_KNOTS('',7,(#11137,#11138,#11139,#11140,
    #11141,#11142,#11143,#11144),.UNSPECIFIED.,.F.,.F.,(8,8),(
    4.712388980385,7.853981633974),.PIECEWISE_BEZIER_KNOTS.);
#11137 = CARTESIAN_POINT('',(3.918869757272E-16,2.6,3.2));
#11138 = CARTESIAN_POINT('',(3.973831777092E-16,2.6,3.244879895051));
#11139 = CARTESIAN_POINT('',(4.028745675427E-16,2.576495628732,
    3.289720495927));
#11140 = CARTESIAN_POINT('',(4.065884267678E-16,2.529537573824,
    3.320046457892));
#11141 = CARTESIAN_POINT('',(4.065884267677E-16,2.470462426176,
    3.320046457892));
#11142 = CARTESIAN_POINT('',(4.028745675427E-16,2.423504371268,
    3.289720495927));
#11143 = CARTESIAN_POINT('',(3.973831777092E-16,2.4,3.244879895051));
#11144 = CARTESIAN_POINT('',(3.918869757272E-16,2.4,3.2));
#11145 = CARTESIAN_POINT('',(-3.918869757272E-16,2.6,3.2));
#11146 = CARTESIAN_POINT('',(-3.918869757272E-16,2.4,3.2));
#11147 = GEOMETRIC_CURVE_SET('',(#11148));
#11148 = TRIMMED_CURVE('',#11149,(#11154,PARAMETER_VALUE(3.14159265359))
  ,(#11155,PARAMETER_VALUE(9.424777960769)),.T.,.PARAMETER.);
#11149 = CIRCLE('',#11150,3.2);
#11150 = AXIS2_PLACEMENT_3D('',#11151,#11152,#11153);
#11151 = CARTESIAN_POINT('',(0.,2.4,0.));
#11152 = DIRECTION('',(0.,-1.,0.));
#11153 = DIRECTION('',(0.,0.,-1.));
#11154 = CARTESIAN_POINT('',(-3.918869757272E-16,2.4,3.2));
#11155 = CARTESIAN_POINT('',(-3.918869757272E-16,2.4,3.2));
#11156 = GEOMETRIC_CURVE_SET('',(#11157));
#11157 = TRIMMED_CURVE('',#11158,(#11167,PARAMETER_VALUE(4.712388980385)
    ),(#11168,PARAMETER_VALUE(7.853981633974)),.T.,.PARAMETER.);
#11158 = B_SPLINE_CURVE_WITH_KNOTS('',7,(#11159,#11160,#11161,#11162,
    #11163,#11164,#11165,#11166),.UNSPECIFIED.,.F.,.F.,(8,8),(
    4.712388980385,7.853981633974),.PIECEWISE_BEZIER_KNOTS.);
#11159 = CARTESIAN_POINT('',(3.918869757272E-16,2.6,3.2));
#11160 = CARTESIAN_POINT('',(3.973831777092E-16,2.6,3.244879895051));
#11161 = CARTESIAN_POINT('',(4.028745675427E-16,2.576495628732,
    3.289720495927));
#11162 = CARTESIAN_POINT('',(4.065884267678E-16,2.529537573824,
    3.320046457892));
#11163 = CARTESIAN_POINT('',(4.065884267677E-16,2.470462426176,
    3.320046457892));
#11164 = CARTESIAN_POINT('',(4.028745675427E-16,2.423504371268,
    3.289720495927));
#11165 = CARTESIAN_POINT('',(3.973831777092E-16,2.4,3.244879895051));
#11166 = CARTESIAN_POINT('',(3.918869757272E-16,2.4,3.2));
#11167 = CARTESIAN_POINT('',(-3.918869757272E-16,2.6,3.2));
#11168 = CARTESIAN_POINT('',(-3.918869757272E-16,2.4,3.2));
#11169 = GEOMETRIC_CURVE_SET('',(#11170));
#11170 = TRIMMED_CURVE('',#11171,(#11176,PARAMETER_VALUE(3.14159265359))
  ,(#11177,PARAMETER_VALUE(9.424777960769)),.T.,.PARAMETER.);
#11171 = CIRCLE('',#11172,3.2);
#11172 = AXIS2_PLACEMENT_3D('',#11173,#11174,#11175);
#11173 = CARTESIAN_POINT('',(0.,2.2,0.));
#11174 = DIRECTION('',(0.,-1.,0.));
#11175 = DIRECTION('',(0.,0.,-1.));
#11176 = CARTESIAN_POINT('',(-3.918869757272E-16,2.2,3.2));
#11177 = CARTESIAN_POINT('',(-3.918869757272E-16,2.2,3.2));
#11178 = GEOMETRIC_CURVE_SET('',(#11179));
#11179 = TRIMMED_CURVE('',#11180,(#11189,PARAMETER_VALUE(1.570796326795)
    ),(#11190,PARAMETER_VALUE(4.712388980385)),.T.,.PARAMETER.);
#11180 = B_SPLINE_CURVE_WITH_KNOTS('',7,(#11181,#11182,#11183,#11184,
    #11185,#11186,#11187,#11188),.UNSPECIFIED.,.F.,.F.,(8,8),(
    1.570796326795,4.712388980385),.PIECEWISE_BEZIER_KNOTS.);
#11181 = CARTESIAN_POINT('',(3.918869757272E-16,2.2,3.2));
#11182 = CARTESIAN_POINT('',(3.863907737451E-16,2.2,3.155120104949));
#11183 = CARTESIAN_POINT('',(3.808993839116E-16,2.223504371268,
    3.110279504073));
#11184 = CARTESIAN_POINT('',(3.771855246866E-16,2.270462426176,
    3.079953542108));
#11185 = CARTESIAN_POINT('',(3.771855246865E-16,2.329537573824,
    3.079953542108));
#11186 = CARTESIAN_POINT('',(3.808993839116E-16,2.376495628732,
    3.110279504073));
#11187 = CARTESIAN_POINT('',(3.863907737451E-16,2.4,3.155120104949));
#11188 = CARTESIAN_POINT('',(3.918869757272E-16,2.4,3.2));
#11189 = CARTESIAN_POINT('',(-3.918869757272E-16,2.2,3.2));
#11190 = CARTESIAN_POINT('',(-3.918869757272E-16,2.4,3.2));
#11191 = GEOMETRIC_CURVE_SET('',(#11192));
#11192 = TRIMMED_CURVE('',#11193,(#11198,PARAMETER_VALUE(3.14159265359))
  ,(#11199,PARAMETER_VALUE(9.424777960769)),.T.,.PARAMETER.);
#11193 = CIRCLE('',#11194,3.2);
#11194 = AXIS2_PLACEMENT_3D('',#11195,#11196,#11197);
#11195 = CARTESIAN_POINT('',(0.,2.4,0.));
#11196 = DIRECTION('',(0.,-1.,0.));
#11197 = DIRECTION('',(0.,0.,-1.));
#11198 = CARTESIAN_POINT('',(-3.918869757272E-16,2.4,3.2));
#11199 = CARTESIAN_POINT('',(-3.918869757272E-16,2.4,3.2));
#11200 = GEOMETRIC_CURVE_SET('',(#11201));
#11201 = TRIMMED_CURVE('',#11202,(#11211,PARAMETER_VALUE(1.570796326795)
    ),(#11212,PARAMETER_VALUE(4.712388980385)),.T.,.PARAMETER.);
#11202 = B_SPLINE_CURVE_WITH_KNOTS('',7,(#11203,#11204,#11205,#11206,
    #11207,#11208,#11209,#11210),.UNSPECIFIED.,.F.,.F.,(8,8),(
    1.570796326795,4.712388980385),.PIECEWISE_BEZIER_KNOTS.);
#11203 = CARTESIAN_POINT('',(3.918869757272E-16,2.2,3.2));
#11204 = CARTESIAN_POINT('',(3.863907737451E-16,2.2,3.155120104949));
#11205 = CARTESIAN_POINT('',(3.808993839116E-16,2.223504371268,
    3.110279504073));
#11206 = CARTESIAN_POINT('',(3.771855246866E-16,2.270462426176,
    3.079953542108));
#11207 = CARTESIAN_POINT('',(3.771855246865E-16,2.329537573824,
    3.079953542108));
#11208 = CARTESIAN_POINT('',(3.808993839116E-16,2.376495628732,
    3.110279504073));
#11209 = CARTESIAN_POINT('',(3.863907737451E-16,2.4,3.155120104949));
#11210 = CARTESIAN_POINT('',(3.918869757272E-16,2.4,3.2));
#11211 = CARTESIAN_POINT('',(-3.918869757272E-16,2.2,3.2));
#11212 = CARTESIAN_POINT('',(-3.918869757272E-16,2.4,3.2));
#11213 = GEOMETRIC_CURVE_SET('',(#11214));
#11214 = TRIMMED_CURVE('',#11215,(#11220,PARAMETER_VALUE(3.14159265359))
  ,(#11221,PARAMETER_VALUE(9.424777960769)),.T.,.PARAMETER.);
#11215 = CIRCLE('',#11216,3.2);
#11216 = AXIS2_PLACEMENT_3D('',#11217,#11218,#11219);
#11217 = CARTESIAN_POINT('',(0.,2.4,0.));
#11218 = DIRECTION('',(0.,-1.,0.));
#11219 = DIRECTION('',(0.,0.,-1.));
#11220 = CARTESIAN_POINT('',(-3.918869757272E-16,2.4,3.2));
#11221 = CARTESIAN_POINT('',(-3.918869757272E-16,2.4,3.2));
#11222 = GEOMETRIC_CURVE_SET('',(#11223));
#11223 = TRIMMED_CURVE('',#11224,(#11233,PARAMETER_VALUE(4.712388980385)
    ),(#11234,PARAMETER_VALUE(7.853981633974)),.T.,.PARAMETER.);
#11224 = B_SPLINE_CURVE_WITH_KNOTS('',7,(#11225,#11226,#11227,#11228,
    #11229,#11230,#11231,#11232),.UNSPECIFIED.,.F.,.F.,(8,8),(
    4.712388980385,7.853981633974),.PIECEWISE_BEZIER_KNOTS.);
#11225 = CARTESIAN_POINT('',(3.918869757272E-16,2.4,3.2));
#11226 = CARTESIAN_POINT('',(3.973831777092E-16,2.4,3.244879895051));
#11227 = CARTESIAN_POINT('',(4.028745675427E-16,2.376495628732,
    3.289720495927));
#11228 = CARTESIAN_POINT('',(4.065884267678E-16,2.329537573824,
    3.320046457892));
#11229 = CARTESIAN_POINT('',(4.065884267677E-16,2.270462426176,
    3.320046457892));
#11230 = CARTESIAN_POINT('',(4.028745675427E-16,2.223504371268,
    3.289720495927));
#11231 = CARTESIAN_POINT('',(3.973831777092E-16,2.2,3.244879895051));
#11232 = CARTESIAN_POINT('',(3.918869757272E-16,2.2,3.2));
#11233 = CARTESIAN_POINT('',(-3.918869757272E-16,2.4,3.2));
#11234 = CARTESIAN_POINT('',(-3.918869757272E-16,2.2,3.2));
#11235 = GEOMETRIC_CURVE_SET('',(#11236));
#11236 = TRIMMED_CURVE('',#11237,(#11242,PARAMETER_VALUE(3.14159265359))
  ,(#11243,PARAMETER_VALUE(9.424777960769)),.T.,.PARAMETER.);
#11237 = CIRCLE('',#11238,3.2);
#11238 = AXIS2_PLACEMENT_3D('',#11239,#11240,#11241);
#11239 = CARTESIAN_POINT('',(0.,2.2,0.));
#11240 = DIRECTION('',(0.,-1.,0.));
#11241 = DIRECTION('',(0.,0.,-1.));
#11242 = CARTESIAN_POINT('',(-3.918869757272E-16,2.2,3.2));
#11243 = CARTESIAN_POINT('',(-3.918869757272E-16,2.2,3.2));
#11244 = GEOMETRIC_CURVE_SET('',(#11245));
#11245 = TRIMMED_CURVE('',#11246,(#11255,PARAMETER_VALUE(4.712388980385)
    ),(#11256,PARAMETER_VALUE(7.853981633974)),.T.,.PARAMETER.);
#11246 = B_SPLINE_CURVE_WITH_KNOTS('',7,(#11247,#11248,#11249,#11250,
    #11251,#11252,#11253,#11254),.UNSPECIFIED.,.F.,.F.,(8,8),(
    4.712388980385,7.853981633974),.PIECEWISE_BEZIER_KNOTS.);
#11247 = CARTESIAN_POINT('',(3.918869757272E-16,2.4,3.2));
#11248 = CARTESIAN_POINT('',(3.973831777092E-16,2.4,3.244879895051));
#11249 = CARTESIAN_POINT('',(4.028745675427E-16,2.376495628732,
    3.289720495927));
#11250 = CARTESIAN_POINT('',(4.065884267678E-16,2.329537573824,
    3.320046457892));
#11251 = CARTESIAN_POINT('',(4.065884267677E-16,2.270462426176,
    3.320046457892));
#11252 = CARTESIAN_POINT('',(4.028745675427E-16,2.223504371268,
    3.289720495927));
#11253 = CARTESIAN_POINT('',(3.973831777092E-16,2.2,3.244879895051));
#11254 = CARTESIAN_POINT('',(3.918869757272E-16,2.2,3.2));
#11255 = CARTESIAN_POINT('',(-3.918869757272E-16,2.4,3.2));
#11256 = CARTESIAN_POINT('',(-3.918869757272E-16,2.2,3.2));
#11257 = GEOMETRIC_CURVE_SET('',(#11258));
#11258 = TRIMMED_CURVE('',#11259,(#11264,PARAMETER_VALUE(3.14159265359))
  ,(#11265,PARAMETER_VALUE(9.424777960769)),.T.,.PARAMETER.);
#11259 = CIRCLE('',#11260,3.2);
#11260 = AXIS2_PLACEMENT_3D('',#11261,#11262,#11263);
#11261 = CARTESIAN_POINT('',(0.,2.,0.));
#11262 = DIRECTION('',(0.,-1.,0.));
#11263 = DIRECTION('',(0.,0.,-1.));
#11264 = CARTESIAN_POINT('',(-3.918869757272E-16,2.,3.2));
#11265 = CARTESIAN_POINT('',(-3.918869757272E-16,2.,3.2));
#11266 = GEOMETRIC_CURVE_SET('',(#11267));
#11267 = TRIMMED_CURVE('',#11268,(#11277,PARAMETER_VALUE(1.570796326795)
    ),(#11278,PARAMETER_VALUE(4.712388980385)),.T.,.PARAMETER.);
#11268 = B_SPLINE_CURVE_WITH_KNOTS('',7,(#11269,#11270,#11271,#11272,
    #11273,#11274,#11275,#11276),.UNSPECIFIED.,.F.,.F.,(8,8),(
    1.570796326795,4.712388980385),.PIECEWISE_BEZIER_KNOTS.);
#11269 = CARTESIAN_POINT('',(3.918869757272E-16,2.,3.2));
#11270 = CARTESIAN_POINT('',(3.863907737451E-16,2.,3.155120104949));
#11271 = CARTESIAN_POINT('',(3.808993839116E-16,2.023504371268,
    3.110279504073));
#11272 = CARTESIAN_POINT('',(3.771855246866E-16,2.070462426176,
    3.079953542108));
#11273 = CARTESIAN_POINT('',(3.771855246865E-16,2.129537573824,
    3.079953542108));
#11274 = CARTESIAN_POINT('',(3.808993839116E-16,2.176495628732,
    3.110279504073));
#11275 = CARTESIAN_POINT('',(3.863907737451E-16,2.2,3.155120104949));
#11276 = CARTESIAN_POINT('',(3.918869757272E-16,2.2,3.2));
#11277 = CARTESIAN_POINT('',(-3.918869757272E-16,2.,3.2));
#11278 = CARTESIAN_POINT('',(-3.918869757272E-16,2.2,3.2));
#11279 = GEOMETRIC_CURVE_SET('',(#11280));
#11280 = TRIMMED_CURVE('',#11281,(#11286,PARAMETER_VALUE(3.14159265359))
  ,(#11287,PARAMETER_VALUE(9.424777960769)),.T.,.PARAMETER.);
#11281 = CIRCLE('',#11282,3.2);
#11282 = AXIS2_PLACEMENT_3D('',#11283,#11284,#11285);
#11283 = CARTESIAN_POINT('',(0.,2.2,0.));
#11284 = DIRECTION('',(0.,-1.,0.));
#11285 = DIRECTION('',(0.,0.,-1.));
#11286 = CARTESIAN_POINT('',(-3.918869757272E-16,2.2,3.2));
#11287 = CARTESIAN_POINT('',(-3.918869757272E-16,2.2,3.2));
#11288 = GEOMETRIC_CURVE_SET('',(#11289));
#11289 = TRIMMED_CURVE('',#11290,(#11299,PARAMETER_VALUE(1.570796326795)
    ),(#11300,PARAMETER_VALUE(4.712388980385)),.T.,.PARAMETER.);
#11290 = B_SPLINE_CURVE_WITH_KNOTS('',7,(#11291,#11292,#11293,#11294,
    #11295,#11296,#11297,#11298),.UNSPECIFIED.,.F.,.F.,(8,8),(
    1.570796326795,4.712388980385),.PIECEWISE_BEZIER_KNOTS.);
#11291 = CARTESIAN_POINT('',(3.918869757272E-16,2.,3.2));
#11292 = CARTESIAN_POINT('',(3.863907737451E-16,2.,3.155120104949));
#11293 = CARTESIAN_POINT('',(3.808993839116E-16,2.023504371268,
    3.110279504073));
#11294 = CARTESIAN_POINT('',(3.771855246866E-16,2.070462426176,
    3.079953542108));
#11295 = CARTESIAN_POINT('',(3.771855246865E-16,2.129537573824,
    3.079953542108));
#11296 = CARTESIAN_POINT('',(3.808993839116E-16,2.176495628732,
    3.110279504073));
#11297 = CARTESIAN_POINT('',(3.863907737451E-16,2.2,3.155120104949));
#11298 = CARTESIAN_POINT('',(3.918869757272E-16,2.2,3.2));
#11299 = CARTESIAN_POINT('',(-3.918869757272E-16,2.,3.2));
#11300 = CARTESIAN_POINT('',(-3.918869757272E-16,2.2,3.2));
#11301 = GEOMETRIC_CURVE_SET('',(#11302));
#11302 = TRIMMED_CURVE('',#11303,(#11308,PARAMETER_VALUE(3.14159265359))
  ,(#11309,PARAMETER_VALUE(9.424777960769)),.T.,.PARAMETER.);
#11303 = CIRCLE('',#11304,3.2);
#11304 = AXIS2_PLACEMENT_3D('',#11305,#11306,#11307);
#11305 = CARTESIAN_POINT('',(0.,2.2,0.));
#11306 = DIRECTION('',(0.,-1.,0.));
#11307 = DIRECTION('',(0.,0.,-1.));
#11308 = CARTESIAN_POINT('',(-3.918869757272E-16,2.2,3.2));
#11309 = CARTESIAN_POINT('',(-3.918869757272E-16,2.2,3.2));
#11310 = GEOMETRIC_CURVE_SET('',(#11311));
#11311 = TRIMMED_CURVE('',#11312,(#11321,PARAMETER_VALUE(4.712388980385)
    ),(#11322,PARAMETER_VALUE(7.853981633974)),.T.,.PARAMETER.);
#11312 = B_SPLINE_CURVE_WITH_KNOTS('',7,(#11313,#11314,#11315,#11316,
    #11317,#11318,#11319,#11320),.UNSPECIFIED.,.F.,.F.,(8,8),(
    4.712388980385,7.853981633974),.PIECEWISE_BEZIER_KNOTS.);
#11313 = CARTESIAN_POINT('',(3.918869757272E-16,2.2,3.2));
#11314 = CARTESIAN_POINT('',(3.973831777092E-16,2.2,3.244879895051));
#11315 = CARTESIAN_POINT('',(4.028745675427E-16,2.176495628732,
    3.289720495927));
#11316 = CARTESIAN_POINT('',(4.065884267678E-16,2.129537573824,
    3.320046457892));
#11317 = CARTESIAN_POINT('',(4.065884267677E-16,2.070462426176,
    3.320046457892));
#11318 = CARTESIAN_POINT('',(4.028745675427E-16,2.023504371268,
    3.289720495927));
#11319 = CARTESIAN_POINT('',(3.973831777092E-16,2.,3.244879895051));
#11320 = CARTESIAN_POINT('',(3.918869757272E-16,2.,3.2));
#11321 = CARTESIAN_POINT('',(-3.918869757272E-16,2.2,3.2));
#11322 = CARTESIAN_POINT('',(-3.918869757272E-16,2.,3.2));
#11323 = GEOMETRIC_CURVE_SET('',(#11324));
#11324 = TRIMMED_CURVE('',#11325,(#11330,PARAMETER_VALUE(3.14159265359))
  ,(#11331,PARAMETER_VALUE(9.424777960769)),.T.,.PARAMETER.);
#11325 = CIRCLE('',#11326,3.2);
#11326 = AXIS2_PLACEMENT_3D('',#11327,#11328,#11329);
#11327 = CARTESIAN_POINT('',(0.,2.,0.));
#11328 = DIRECTION('',(0.,-1.,0.));
#11329 = DIRECTION('',(0.,0.,-1.));
#11330 = CARTESIAN_POINT('',(-3.918869757272E-16,2.,3.2));
#11331 = CARTESIAN_POINT('',(-3.918869757272E-16,2.,3.2));
#11332 = GEOMETRIC_CURVE_SET('',(#11333));
#11333 = TRIMMED_CURVE('',#11334,(#11343,PARAMETER_VALUE(4.712388980385)
    ),(#11344,PARAMETER_VALUE(7.853981633974)),.T.,.PARAMETER.);
#11334 = B_SPLINE_CURVE_WITH_KNOTS('',7,(#11335,#11336,#11337,#11338,
    #11339,#11340,#11341,#11342),.UNSPECIFIED.,.F.,.F.,(8,8),(
    4.712388980385,7.853981633974),.PIECEWISE_BEZIER_KNOTS.);
#11335 = CARTESIAN_POINT('',(3.918869757272E-16,2.2,3.2));
#11336 = CARTESIAN_POINT('',(3.973831777092E-16,2.2,3.244879895051));
#11337 = CARTESIAN_POINT('',(4.028745675427E-16,2.176495628732,
    3.289720495927));
#11338 = CARTESIAN_POINT('',(4.065884267678E-16,2.129537573824,
    3.320046457892));
#11339 = CARTESIAN_POINT('',(4.065884267677E-16,2.070462426176,
    3.320046457892));
#11340 = CARTESIAN_POINT('',(4.028745675427E-16,2.023504371268,
    3.289720495927));
#11341 = CARTESIAN_POINT('',(3.973831777092E-16,2.,3.244879895051));
#11342 = CARTESIAN_POINT('',(3.918869757272E-16,2.,3.2));
#11343 = CARTESIAN_POINT('',(-3.918869757272E-16,2.2,3.2));
#11344 = CARTESIAN_POINT('',(-3.918869757272E-16,2.,3.2));
#11345 = GEOMETRIC_CURVE_SET('',(#11346));
#11346 = TRIMMED_CURVE('',#11347,(#11352,PARAMETER_VALUE(3.14159265359))
  ,(#11353,PARAMETER_VALUE(9.424777960769)),.T.,.PARAMETER.);
#11347 = CIRCLE('',#11348,3.2);
#11348 = AXIS2_PLACEMENT_3D('',#11349,#11350,#11351);
#11349 = CARTESIAN_POINT('',(0.,1.8,0.));
#11350 = DIRECTION('',(0.,-1.,0.));
#11351 = DIRECTION('',(0.,0.,-1.));
#11352 = CARTESIAN_POINT('',(-3.918869757272E-16,1.8,3.2));
#11353 = CARTESIAN_POINT('',(-3.918869757272E-16,1.8,3.2));
#11354 = GEOMETRIC_CURVE_SET('',(#11355));
#11355 = TRIMMED_CURVE('',#11356,(#11365,PARAMETER_VALUE(1.570796326795)
    ),(#11366,PARAMETER_VALUE(4.712388980385)),.T.,.PARAMETER.);
#11356 = B_SPLINE_CURVE_WITH_KNOTS('',7,(#11357,#11358,#11359,#11360,
    #11361,#11362,#11363,#11364),.UNSPECIFIED.,.F.,.F.,(8,8),(
    1.570796326795,4.712388980385),.PIECEWISE_BEZIER_KNOTS.);
#11357 = CARTESIAN_POINT('',(3.918869757272E-16,1.8,3.2));
#11358 = CARTESIAN_POINT('',(3.863907737451E-16,1.8,3.155120104949));
#11359 = CARTESIAN_POINT('',(3.808993839116E-16,1.823504371268,
    3.110279504073));
#11360 = CARTESIAN_POINT('',(3.771855246866E-16,1.870462426176,
    3.079953542108));
#11361 = CARTESIAN_POINT('',(3.771855246865E-16,1.929537573824,
    3.079953542108));
#11362 = CARTESIAN_POINT('',(3.808993839116E-16,1.976495628732,
    3.110279504073));
#11363 = CARTESIAN_POINT('',(3.863907737451E-16,2.,3.155120104949));
#11364 = CARTESIAN_POINT('',(3.918869757272E-16,2.,3.2));
#11365 = CARTESIAN_POINT('',(-3.918869757272E-16,1.8,3.2));
#11366 = CARTESIAN_POINT('',(-3.918869757272E-16,2.,3.2));
#11367 = GEOMETRIC_CURVE_SET('',(#11368));
#11368 = TRIMMED_CURVE('',#11369,(#11374,PARAMETER_VALUE(3.14159265359))
  ,(#11375,PARAMETER_VALUE(9.424777960769)),.T.,.PARAMETER.);
#11369 = CIRCLE('',#11370,3.2);
#11370 = AXIS2_PLACEMENT_3D('',#11371,#11372,#11373);
#11371 = CARTESIAN_POINT('',(0.,2.,0.));
#11372 = DIRECTION('',(0.,-1.,0.));
#11373 = DIRECTION('',(0.,0.,-1.));
#11374 = CARTESIAN_POINT('',(-3.918869757272E-16,2.,3.2));
#11375 = CARTESIAN_POINT('',(-3.918869757272E-16,2.,3.2));
#11376 = GEOMETRIC_CURVE_SET('',(#11377));
#11377 = TRIMMED_CURVE('',#11378,(#11387,PARAMETER_VALUE(1.570796326795)
    ),(#11388,PARAMETER_VALUE(4.712388980385)),.T.,.PARAMETER.);
#11378 = B_SPLINE_CURVE_WITH_KNOTS('',7,(#11379,#11380,#11381,#11382,
    #11383,#11384,#11385,#11386),.UNSPECIFIED.,.F.,.F.,(8,8),(
    1.570796326795,4.712388980385),.PIECEWISE_BEZIER_KNOTS.);
#11379 = CARTESIAN_POINT('',(3.918869757272E-16,1.8,3.2));
#11380 = CARTESIAN_POINT('',(3.863907737451E-16,1.8,3.155120104949));
#11381 = CARTESIAN_POINT('',(3.808993839116E-16,1.823504371268,
    3.110279504073));
#11382 = CARTESIAN_POINT('',(3.771855246866E-16,1.870462426176,
    3.079953542108));
#11383 = CARTESIAN_POINT('',(3.771855246865E-16,1.929537573824,
    3.079953542108));
#11384 = CARTESIAN_POINT('',(3.808993839116E-16,1.976495628732,
    3.110279504073));
#11385 = CARTESIAN_POINT('',(3.863907737451E-16,2.,3.155120104949));
#11386 = CARTESIAN_POINT('',(3.918869757272E-16,2.,3.2));
#11387 = CARTESIAN_POINT('',(-3.918869757272E-16,1.8,3.2));
#11388 = CARTESIAN_POINT('',(-3.918869757272E-16,2.,3.2));
#11389 = GEOMETRIC_CURVE_SET('',(#11390));
#11390 = TRIMMED_CURVE('',#11391,(#11396,PARAMETER_VALUE(3.14159265359))
  ,(#11397,PARAMETER_VALUE(9.424777960769)),.T.,.PARAMETER.);
#11391 = CIRCLE('',#11392,3.2);
#11392 = AXIS2_PLACEMENT_3D('',#11393,#11394,#11395);
#11393 = CARTESIAN_POINT('',(0.,2.,0.));
#11394 = DIRECTION('',(0.,-1.,0.));
#11395 = DIRECTION('',(0.,0.,-1.));
#11396 = CARTESIAN_POINT('',(-3.918869757272E-16,2.,3.2));
#11397 = CARTESIAN_POINT('',(-3.918869757272E-16,2.,3.2));
#11398 = GEOMETRIC_CURVE_SET('',(#11399));
#11399 = TRIMMED_CURVE('',#11400,(#11409,PARAMETER_VALUE(4.712388980385)
    ),(#11410,PARAMETER_VALUE(7.853981633974)),.T.,.PARAMETER.);
#11400 = B_SPLINE_CURVE_WITH_KNOTS('',7,(#11401,#11402,#11403,#11404,
    #11405,#11406,#11407,#11408),.UNSPECIFIED.,.F.,.F.,(8,8),(
    4.712388980385,7.853981633974),.PIECEWISE_BEZIER_KNOTS.);
#11401 = CARTESIAN_POINT('',(3.918869757272E-16,2.,3.2));
#11402 = CARTESIAN_POINT('',(3.973831777092E-16,2.,3.244879895051));
#11403 = CARTESIAN_POINT('',(4.028745675427E-16,1.976495628732,
    3.289720495927));
#11404 = CARTESIAN_POINT('',(4.065884267678E-16,1.929537573824,
    3.320046457892));
#11405 = CARTESIAN_POINT('',(4.065884267677E-16,1.870462426176,
    3.320046457892));
#11406 = CARTESIAN_POINT('',(4.028745675427E-16,1.823504371268,
    3.289720495927));
#11407 = CARTESIAN_POINT('',(3.973831777092E-16,1.8,3.244879895051));
#11408 = CARTESIAN_POINT('',(3.918869757272E-16,1.8,3.2));
#11409 = CARTESIAN_POINT('',(-3.918869757272E-16,2.,3.2));
#11410 = CARTESIAN_POINT('',(-3.918869757272E-16,1.8,3.2));
#11411 = GEOMETRIC_CURVE_SET('',(#11412));
#11412 = TRIMMED_CURVE('',#11413,(#11418,PARAMETER_VALUE(3.14159265359))
  ,(#11419,PARAMETER_VALUE(9.424777960769)),.T.,.PARAMETER.);
#11413 = CIRCLE('',#11414,3.2);
#11414 = AXIS2_PLACEMENT_3D('',#11415,#11416,#11417);
#11415 = CARTESIAN_POINT('',(0.,1.8,0.));
#11416 = DIRECTION('',(0.,-1.,0.));
#11417 = DIRECTION('',(0.,0.,-1.));
#11418 = CARTESIAN_POINT('',(-3.918869757272E-16,1.8,3.2));
#11419 = CARTESIAN_POINT('',(-3.918869757272E-16,1.8,3.2));
#11420 = GEOMETRIC_CURVE_SET('',(#11421));
#11421 = TRIMMED_CURVE('',#11422,(#11431,PARAMETER_VALUE(4.712388980385)
    ),(#11432,PARAMETER_VALUE(7.853981633974)),.T.,.PARAMETER.);
#11422 = B_SPLINE_CURVE_WITH_KNOTS('',7,(#11423,#11424,#11425,#11426,
    #11427,#11428,#11429,#11430),.UNSPECIFIED.,.F.,.F.,(8,8),(
    4.712388980385,7.853981633974),.PIECEWISE_BEZIER_KNOTS.);
#11423 = CARTESIAN_POINT('',(3.918869757272E-16,2.,3.2));
#11424 = CARTESIAN_POINT('',(3.973831777092E-16,2.,3.244879895051));
#11425 = CARTESIAN_POINT('',(4.028745675427E-16,1.976495628732,
    3.289720495927));
#11426 = CARTESIAN_POINT('',(4.065884267678E-16,1.929537573824,
    3.320046457892));
#11427 = CARTESIAN_POINT('',(4.065884267677E-16,1.870462426176,
    3.320046457892));
#11428 = CARTESIAN_POINT('',(4.028745675427E-16,1.823504371268,
    3.289720495927));
#11429 = CARTESIAN_POINT('',(3.973831777092E-16,1.8,3.244879895051));
#11430 = CARTESIAN_POINT('',(3.918869757272E-16,1.8,3.2));
#11431 = CARTESIAN_POINT('',(-3.918869757272E-16,2.,3.2));
#11432 = CARTESIAN_POINT('',(-3.918869757272E-16,1.8,3.2));
#11433 = GEOMETRIC_CURVE_SET('',(#11434));
#11434 = TRIMMED_CURVE('',#11435,(#11440,PARAMETER_VALUE(3.14159265359))
  ,(#11441,PARAMETER_VALUE(9.424777960769)),.T.,.PARAMETER.);
#11435 = CIRCLE('',#11436,3.2);
#11436 = AXIS2_PLACEMENT_3D('',#11437,#11438,#11439);
#11437 = CARTESIAN_POINT('',(0.,1.6,0.));
#11438 = DIRECTION('',(0.,-1.,0.));
#11439 = DIRECTION('',(0.,0.,-1.));
#11440 = CARTESIAN_POINT('',(-3.918869757272E-16,1.6,3.2));
#11441 = CARTESIAN_POINT('',(-3.918869757272E-16,1.6,3.2));
#11442 = GEOMETRIC_CURVE_SET('',(#11443));
#11443 = TRIMMED_CURVE('',#11444,(#11453,PARAMETER_VALUE(1.570796326795)
    ),(#11454,PARAMETER_VALUE(4.712388980385)),.T.,.PARAMETER.);
#11444 = B_SPLINE_CURVE_WITH_KNOTS('',7,(#11445,#11446,#11447,#11448,
    #11449,#11450,#11451,#11452),.UNSPECIFIED.,.F.,.F.,(8,8),(
    1.570796326795,4.712388980385),.PIECEWISE_BEZIER_KNOTS.);
#11445 = CARTESIAN_POINT('',(3.918869757272E-16,1.6,3.2));
#11446 = CARTESIAN_POINT('',(3.863907737451E-16,1.6,3.155120104949));
#11447 = CARTESIAN_POINT('',(3.808993839116E-16,1.623504371268,
    3.110279504073));
#11448 = CARTESIAN_POINT('',(3.771855246866E-16,1.670462426176,
    3.079953542108));
#11449 = CARTESIAN_POINT('',(3.771855246865E-16,1.729537573824,
    3.079953542108));
#11450 = CARTESIAN_POINT('',(3.808993839116E-16,1.776495628732,
    3.110279504073));
#11451 = CARTESIAN_POINT('',(3.863907737451E-16,1.8,3.155120104949));
#11452 = CARTESIAN_POINT('',(3.918869757272E-16,1.8,3.2));
#11453 = CARTESIAN_POINT('',(-3.918869757272E-16,1.6,3.2));
#11454 = CARTESIAN_POINT('',(-3.918869757272E-16,1.8,3.2));
#11455 = GEOMETRIC_CURVE_SET('',(#11456));
#11456 = TRIMMED_CURVE('',#11457,(#11462,PARAMETER_VALUE(3.14159265359))
  ,(#11463,PARAMETER_VALUE(9.424777960769)),.T.,.PARAMETER.);
#11457 = CIRCLE('',#11458,3.2);
#11458 = AXIS2_PLACEMENT_3D('',#11459,#11460,#11461);
#11459 = CARTESIAN_POINT('',(0.,1.8,0.));
#11460 = DIRECTION('',(0.,-1.,0.));
#11461 = DIRECTION('',(0.,0.,-1.));
#11462 = CARTESIAN_POINT('',(-3.918869757272E-16,1.8,3.2));
#11463 = CARTESIAN_POINT('',(-3.918869757272E-16,1.8,3.2));
#11464 = GEOMETRIC_CURVE_SET('',(#11465));
#11465 = TRIMMED_CURVE('',#11466,(#11475,PARAMETER_VALUE(1.570796326795)
    ),(#11476,PARAMETER_VALUE(4.712388980385)),.T.,.PARAMETER.);
#11466 = B_SPLINE_CURVE_WITH_KNOTS('',7,(#11467,#11468,#11469,#11470,
    #11471,#11472,#11473,#11474),.UNSPECIFIED.,.F.,.F.,(8,8),(
    1.570796326795,4.712388980385),.PIECEWISE_BEZIER_KNOTS.);
#11467 = CARTESIAN_POINT('',(3.918869757272E-16,1.6,3.2));
#11468 = CARTESIAN_POINT('',(3.863907737451E-16,1.6,3.155120104949));
#11469 = CARTESIAN_POINT('',(3.808993839116E-16,1.623504371268,
    3.110279504073));
#11470 = CARTESIAN_POINT('',(3.771855246866E-16,1.670462426176,
    3.079953542108));
#11471 = CARTESIAN_POINT('',(3.771855246865E-16,1.729537573824,
    3.079953542108));
#11472 = CARTESIAN_POINT('',(3.808993839116E-16,1.776495628732,
    3.110279504073));
#11473 = CARTESIAN_POINT('',(3.863907737451E-16,1.8,3.155120104949));
#11474 = CARTESIAN_POINT('',(3.918869757272E-16,1.8,3.2));
#11475 = CARTESIAN_POINT('',(-3.918869757272E-16,1.6,3.2));
#11476 = CARTESIAN_POINT('',(-3.918869757272E-16,1.8,3.2));
#11477 = GEOMETRIC_CURVE_SET('',(#11478));
#11478 = TRIMMED_CURVE('',#11479,(#11484,PARAMETER_VALUE(3.14159265359))
  ,(#11485,PARAMETER_VALUE(9.424777960769)),.T.,.PARAMETER.);
#11479 = CIRCLE('',#11480,3.2);
#11480 = AXIS2_PLACEMENT_3D('',#11481,#11482,#11483);
#11481 = CARTESIAN_POINT('',(0.,1.8,0.));
#11482 = DIRECTION('',(0.,-1.,0.));
#11483 = DIRECTION('',(0.,0.,-1.));
#11484 = CARTESIAN_POINT('',(-3.918869757272E-16,1.8,3.2));
#11485 = CARTESIAN_POINT('',(-3.918869757272E-16,1.8,3.2));
#11486 = GEOMETRIC_CURVE_SET('',(#11487));
#11487 = TRIMMED_CURVE('',#11488,(#11497,PARAMETER_VALUE(4.712388980385)
    ),(#11498,PARAMETER_VALUE(7.853981633974)),.T.,.PARAMETER.);
#11488 = B_SPLINE_CURVE_WITH_KNOTS('',7,(#11489,#11490,#11491,#11492,
    #11493,#11494,#11495,#11496),.UNSPECIFIED.,.F.,.F.,(8,8),(
    4.712388980385,7.853981633974),.PIECEWISE_BEZIER_KNOTS.);
#11489 = CARTESIAN_POINT('',(3.918869757272E-16,1.8,3.2));
#11490 = CARTESIAN_POINT('',(3.973831777092E-16,1.8,3.244879895051));
#11491 = CARTESIAN_POINT('',(4.028745675427E-16,1.776495628732,
    3.289720495927));
#11492 = CARTESIAN_POINT('',(4.065884267678E-16,1.729537573824,
    3.320046457892));
#11493 = CARTESIAN_POINT('',(4.065884267677E-16,1.670462426176,
    3.320046457892));
#11494 = CARTESIAN_POINT('',(4.028745675427E-16,1.623504371268,
    3.289720495927));
#11495 = CARTESIAN_POINT('',(3.973831777092E-16,1.6,3.244879895051));
#11496 = CARTESIAN_POINT('',(3.918869757272E-16,1.6,3.2));
#11497 = CARTESIAN_POINT('',(-3.918869757272E-16,1.8,3.2));
#11498 = CARTESIAN_POINT('',(-3.918869757272E-16,1.6,3.2));
#11499 = GEOMETRIC_CURVE_SET('',(#11500));
#11500 = TRIMMED_CURVE('',#11501,(#11506,PARAMETER_VALUE(3.14159265359))
  ,(#11507,PARAMETER_VALUE(9.424777960769)),.T.,.PARAMETER.);
#11501 = CIRCLE('',#11502,3.2);
#11502 = AXIS2_PLACEMENT_3D('',#11503,#11504,#11505);
#11503 = CARTESIAN_POINT('',(0.,1.6,0.));
#11504 = DIRECTION('',(0.,-1.,0.));
#11505 = DIRECTION('',(0.,0.,-1.));
#11506 = CARTESIAN_POINT('',(-3.918869757272E-16,1.6,3.2));
#11507 = CARTESIAN_POINT('',(-3.918869757272E-16,1.6,3.2));
#11508 = GEOMETRIC_CURVE_SET('',(#11509));
#11509 = TRIMMED_CURVE('',#11510,(#11519,PARAMETER_VALUE(4.712388980385)
    ),(#11520,PARAMETER_VALUE(7.853981633974)),.T.,.PARAMETER.);
#11510 = B_SPLINE_CURVE_WITH_KNOTS('',7,(#11511,#11512,#11513,#11514,
    #11515,#11516,#11517,#11518),.UNSPECIFIED.,.F.,.F.,(8,8),(
    4.712388980385,7.853981633974),.PIECEWISE_BEZIER_KNOTS.);
#11511 = CARTESIAN_POINT('',(3.918869757272E-16,1.8,3.2));
#11512 = CARTESIAN_POINT('',(3.973831777092E-16,1.8,3.244879895051));
#11513 = CARTESIAN_POINT('',(4.028745675427E-16,1.776495628732,
    3.289720495927));
#11514 = CARTESIAN_POINT('',(4.065884267678E-16,1.729537573824,
    3.320046457892));
#11515 = CARTESIAN_POINT('',(4.065884267677E-16,1.670462426176,
    3.320046457892));
#11516 = CARTESIAN_POINT('',(4.028745675427E-16,1.623504371268,
    3.289720495927));
#11517 = CARTESIAN_POINT('',(3.973831777092E-16,1.6,3.244879895051));
#11518 = CARTESIAN_POINT('',(3.918869757272E-16,1.6,3.2));
#11519 = CARTESIAN_POINT('',(-3.918869757272E-16,1.8,3.2));
#11520 = CARTESIAN_POINT('',(-3.918869757272E-16,1.6,3.2));
#11521 = GEOMETRIC_CURVE_SET('',(#11522));
#11522 = TRIMMED_CURVE('',#11523,(#11528,PARAMETER_VALUE(3.14159265359))
  ,(#11529,PARAMETER_VALUE(9.424777960769)),.T.,.PARAMETER.);
#11523 = CIRCLE('',#11524,3.2);
#11524 = AXIS2_PLACEMENT_3D('',#11525,#11526,#11527);
#11525 = CARTESIAN_POINT('',(0.,1.6,0.));
#11526 = DIRECTION('',(0.,-1.,0.));
#11527 = DIRECTION('',(0.,0.,-1.));
#11528 = CARTESIAN_POINT('',(-3.918869757272E-16,1.6,3.2));
#11529 = CARTESIAN_POINT('',(-3.918869757272E-16,1.6,3.2));
#11530 = GEOMETRIC_CURVE_SET('',(#11531));
#11531 = TRIMMED_CURVE('',#11532,(#11537,PARAMETER_VALUE(3.14159265359))
  ,(#11538,PARAMETER_VALUE(9.424777960769)),.T.,.PARAMETER.);
#11532 = CIRCLE('',#11533,3.2);
#11533 = AXIS2_PLACEMENT_3D('',#11534,#11535,#11536);
#11534 = CARTESIAN_POINT('',(0.,1.6,0.));
#11535 = DIRECTION('',(0.,-1.,0.));
#11536 = DIRECTION('',(0.,0.,-1.));
#11537 = CARTESIAN_POINT('',(-3.918869757272E-16,1.6,3.2));
#11538 = CARTESIAN_POINT('',(-3.918869757272E-16,1.6,3.2));
#11539 = GEOMETRIC_CURVE_SET('',(#11540));
#11540 = TRIMMED_CURVE('',#11541,(#11546,PARAMETER_VALUE(3.14159265359))
  ,(#11547,PARAMETER_VALUE(9.424777960769)),.T.,.PARAMETER.);
#11541 = CIRCLE('',#11542,3.2);
#11542 = AXIS2_PLACEMENT_3D('',#11543,#11544,#11545);
#11543 = CARTESIAN_POINT('',(0.,3.4,0.));
#11544 = DIRECTION('',(0.,-1.,0.));
#11545 = DIRECTION('',(0.,0.,-1.));
#11546 = CARTESIAN_POINT('',(-3.918869757272E-16,3.4,3.2));
#11547 = CARTESIAN_POINT('',(-3.918869757272E-16,3.4,3.2));
#11548 = GEOMETRIC_CURVE_SET('',(#11549));
#11549 = TRIMMED_CURVE('',#11550,(#11559,PARAMETER_VALUE(1.570796326795)
    ),(#11560,PARAMETER_VALUE(4.712388980385)),.T.,.PARAMETER.);
#11550 = B_SPLINE_CURVE_WITH_KNOTS('',7,(#11551,#11552,#11553,#11554,
    #11555,#11556,#11557,#11558),.UNSPECIFIED.,.F.,.F.,(8,8),(
    1.570796326795,4.712388980385),.PIECEWISE_BEZIER_KNOTS.);
#11551 = CARTESIAN_POINT('',(3.918869757272E-16,3.4,3.2));
#11552 = CARTESIAN_POINT('',(3.863907737451E-16,3.4,3.155120104949));
#11553 = CARTESIAN_POINT('',(3.808993839116E-16,3.423504371268,
    3.110279504073));
#11554 = CARTESIAN_POINT('',(3.771855246866E-16,3.470462426176,
    3.079953542108));
#11555 = CARTESIAN_POINT('',(3.771855246865E-16,3.529537573824,
    3.079953542108));
#11556 = CARTESIAN_POINT('',(3.808993839116E-16,3.576495628732,
    3.110279504073));
#11557 = CARTESIAN_POINT('',(3.863907737451E-16,3.6,3.155120104949));
#11558 = CARTESIAN_POINT('',(3.918869757272E-16,3.6,3.2));
#11559 = CARTESIAN_POINT('',(-3.918869757272E-16,3.4,3.2));
#11560 = CARTESIAN_POINT('',(-3.918869757272E-16,3.6,3.2));
#11561 = GEOMETRIC_CURVE_SET('',(#11562));
#11562 = TRIMMED_CURVE('',#11563,(#11568,PARAMETER_VALUE(3.14159265359))
  ,(#11569,PARAMETER_VALUE(9.424777960769)),.T.,.PARAMETER.);
#11563 = CIRCLE('',#11564,3.2);
#11564 = AXIS2_PLACEMENT_3D('',#11565,#11566,#11567);
#11565 = CARTESIAN_POINT('',(0.,3.6,0.));
#11566 = DIRECTION('',(0.,-1.,0.));
#11567 = DIRECTION('',(0.,0.,-1.));
#11568 = CARTESIAN_POINT('',(-3.918869757272E-16,3.6,3.2));
#11569 = CARTESIAN_POINT('',(-3.918869757272E-16,3.6,3.2));
#11570 = GEOMETRIC_CURVE_SET('',(#11571));
#11571 = TRIMMED_CURVE('',#11572,(#11581,PARAMETER_VALUE(1.570796326795)
    ),(#11582,PARAMETER_VALUE(4.712388980385)),.T.,.PARAMETER.);
#11572 = B_SPLINE_CURVE_WITH_KNOTS('',7,(#11573,#11574,#11575,#11576,
    #11577,#11578,#11579,#11580),.UNSPECIFIED.,.F.,.F.,(8,8),(
    1.570796326795,4.712388980385),.PIECEWISE_BEZIER_KNOTS.);
#11573 = CARTESIAN_POINT('',(3.918869757272E-16,3.4,3.2));
#11574 = CARTESIAN_POINT('',(3.863907737451E-16,3.4,3.155120104949));
#11575 = CARTESIAN_POINT('',(3.808993839116E-16,3.423504371268,
    3.110279504073));
#11576 = CARTESIAN_POINT('',(3.771855246866E-16,3.470462426176,
    3.079953542108));
#11577 = CARTESIAN_POINT('',(3.771855246865E-16,3.529537573824,
    3.079953542108));
#11578 = CARTESIAN_POINT('',(3.808993839116E-16,3.576495628732,
    3.110279504073));
#11579 = CARTESIAN_POINT('',(3.863907737451E-16,3.6,3.155120104949));
#11580 = CARTESIAN_POINT('',(3.918869757272E-16,3.6,3.2));
#11581 = CARTESIAN_POINT('',(-3.918869757272E-16,3.4,3.2));
#11582 = CARTESIAN_POINT('',(-3.918869757272E-16,3.6,3.2));
#11583 = GEOMETRIC_CURVE_SET('',(#11584));
#11584 = TRIMMED_CURVE('',#11585,(#11589,PARAMETER_VALUE(0.246289982755)
    ),(#11590,PARAMETER_VALUE(0.361385667501)),.T.,.PARAMETER.);
#11585 = LINE('',#11586,#11587);
#11586 = CARTESIAN_POINT('',(1.761385667501,-5.782628522115E-02,
    -1.844744067107));
#11587 = VECTOR('',#11588,1.);
#11588 = DIRECTION('',(-1.,-1.662917750523E-16,-5.543059168409E-16));
#11589 = CARTESIAN_POINT('',(1.515095684745,-5.782628522115E-02,
    -1.844744067107));
#11590 = CARTESIAN_POINT('',(1.4,-5.782628522115E-02,-1.844744067107));
#11591 = GEOMETRIC_CURVE_SET('',(#11592));
#11592 = TRIMMED_CURVE('',#11593,(#11598,PARAMETER_VALUE(6.137456909941)
    ),(#11599,PARAMETER_VALUE(6.428913704419)),.T.,.PARAMETER.);
#11593 = CIRCLE('',#11594,1.);
#11594 = AXIS2_PLACEMENT_3D('',#11595,#11596,#11597);
#11595 = CARTESIAN_POINT('',(1.4,0.9,-2.132091952673));
#11596 = DIRECTION('',(1.,0.,0.));
#11597 = DIRECTION('',(0.,-0.989400395497,0.145213144685));
#11598 = CARTESIAN_POINT('',(1.4,-5.782628522115E-02,-1.844744067107));
#11599 = CARTESIAN_POINT('',(1.4,-0.1,-2.132091952673));
#11600 = GEOMETRIC_CURVE_SET('',(#11601));
#11601 = TRIMMED_CURVE('',#11602,(#11606,PARAMETER_VALUE(-0.361385667501
      )),(#11607,PARAMETER_VALUE(-0.144458296098)),.T.,.PARAMETER.);
#11602 = LINE('',#11603,#11604);
#11603 = CARTESIAN_POINT('',(1.761385667501,-0.1,-2.132091952673));
#11604 = VECTOR('',#11605,1.);
#11605 = DIRECTION('',(1.,1.662917750523E-16,5.543059168409E-16));
#11606 = CARTESIAN_POINT('',(1.4,-0.1,-2.132091952673));
#11607 = CARTESIAN_POINT('',(1.616927371403,-0.1,-2.132091952672));
#11608 = GEOMETRIC_CURVE_SET('',(#11609));
#11609 = TRIMMED_CURVE('',#11610,(#11615,PARAMETER_VALUE(6.008052638002)
    ),(#11616,PARAMETER_VALUE(6.28318530718)),.T.,.PARAMETER.);
#11610 = CIRCLE('',#11611,1.122128908899);
#11611 = AXIS2_PLACEMENT_3D('',#11612,#11613,#11614);
#11612 = CARTESIAN_POINT('',(1.548220816599,1.01976885805,
    -2.155975044075));
#11613 = DIRECTION('',(-0.943537580638,-6.482222637419E-02,
    -0.324861374885));
#11614 = DIRECTION('',(-2.951989882027E-02,-0.960313146489,
    0.277357596351));
#11615 = CARTESIAN_POINT('',(1.616927371403,-0.1,-2.132091952672));
#11616 = CARTESIAN_POINT('',(1.515095684745,-5.782628522115E-02,
    -1.844744067107));
#11617 = GEOMETRIC_CURVE_SET('',(#11618));
#11618 = TRIMMED_CURVE('',#11619,(#11623,PARAMETER_VALUE(0.144458296099)
    ),(#11624,PARAMETER_VALUE(0.361385667501)),.T.,.PARAMETER.);
#11619 = LINE('',#11620,#11621);
#11620 = CARTESIAN_POINT('',(1.761385667501,-0.1,2.132091952673));
#11621 = VECTOR('',#11622,1.);
#11622 = DIRECTION('',(-1.,-1.662917750523E-16,5.543059168409E-16));
#11623 = CARTESIAN_POINT('',(1.616927371402,-0.1,2.132091952673));
#11624 = CARTESIAN_POINT('',(1.4,-0.1,2.132091952673));
#11625 = GEOMETRIC_CURVE_SET('',(#11626));
#11626 = TRIMMED_CURVE('',#11627,(#11632,PARAMETER_VALUE(6.137456909941)
    ),(#11633,PARAMETER_VALUE(6.428913704419)),.T.,.PARAMETER.);
#11627 = CIRCLE('',#11628,1.);
#11628 = AXIS2_PLACEMENT_3D('',#11629,#11630,#11631);
#11629 = CARTESIAN_POINT('',(1.4,0.9,2.132091952673));
#11630 = DIRECTION('',(1.,0.,0.));
#11631 = DIRECTION('',(0.,-0.989400395497,-0.145213144685));
#11632 = CARTESIAN_POINT('',(1.4,-0.1,2.132091952673));
#11633 = CARTESIAN_POINT('',(1.4,-5.782628522115E-02,1.844744067107));
#11634 = GEOMETRIC_CURVE_SET('',(#11635));
#11635 = TRIMMED_CURVE('',#11636,(#11640,PARAMETER_VALUE(-0.361385667501
      )),(#11641,PARAMETER_VALUE(-0.246289982755)),.T.,.PARAMETER.);
#11636 = LINE('',#11637,#11638);
#11637 = CARTESIAN_POINT('',(1.761385667501,-5.782628522115E-02,
    1.844744067107));
#11638 = VECTOR('',#11639,1.);
#11639 = DIRECTION('',(1.,1.662917750523E-16,-5.543059168409E-16));
#11640 = CARTESIAN_POINT('',(1.4,-5.782628522115E-02,1.844744067107));
#11641 = CARTESIAN_POINT('',(1.515095684745,-5.782628522115E-02,
    1.844744067107));
#11642 = GEOMETRIC_CURVE_SET('',(#11643));
#11643 = TRIMMED_CURVE('',#11644,(#11649,PARAMETER_VALUE(6.008052649553)
    ),(#11650,PARAMETER_VALUE(6.28318530718)),.T.,.PARAMETER.);
#11644 = CIRCLE('',#11645,1.122128955713);
#11645 = AXIS2_PLACEMENT_3D('',#11646,#11647,#11648);
#11646 = CARTESIAN_POINT('',(1.548220788654,1.019768902897,2.15597506056
    ));
#11647 = DIRECTION('',(-0.943537580225,-6.482225199738E-02,
    0.324861370972));
#11648 = DIRECTION('',(6.122877624517E-02,-0.997896807845,
    -2.128374619103E-02));
#11649 = CARTESIAN_POINT('',(1.515095684745,-5.782628522115E-02,
    1.844744067107));
#11650 = CARTESIAN_POINT('',(1.616927371402,-0.1,2.132091952673));
#11651 = GEOMETRIC_CURVE_SET('',(#11652));
#11652 = TRIMMED_CURVE('',#11653,(#11658,PARAMETER_VALUE(6.008052638002)
    ),(#11659,PARAMETER_VALUE(6.28318530718)),.T.,.PARAMETER.);
#11653 = CIRCLE('',#11654,1.122128908899);
#11654 = AXIS2_PLACEMENT_3D('',#11655,#11656,#11657);
#11655 = CARTESIAN_POINT('',(1.548220816599,1.01976885805,
    -2.155975044075));
#11656 = DIRECTION('',(-0.943537580638,-6.482222637419E-02,
    -0.324861374885));
#11657 = DIRECTION('',(-2.951989882027E-02,-0.960313146489,
    0.277357596351));
#11658 = CARTESIAN_POINT('',(1.616927371403,-0.1,-2.132091952672));
#11659 = CARTESIAN_POINT('',(1.515095684745,-5.782628522115E-02,
    -1.844744067107));
#11660 = GEOMETRIC_CURVE_SET('',(#11661));
#11661 = TRIMMED_CURVE('',#11662,(#11669,PARAMETER_VALUE(
      -4.369235236047E-02)),(#11670,PARAMETER_VALUE(-3.344003452438E-02)
    ),.T.,.PARAMETER.);
#11662 = B_SPLINE_CURVE_WITH_KNOTS('',3,(#11663,#11664,#11665,#11666,
    #11667,#11668),.UNSPECIFIED.,.F.,.F.,(4,2,4),(-4.369235236047E-02,
    -3.707938591105E-02,-3.344003452438E-02),.UNSPECIFIED.);
#11663 = CARTESIAN_POINT('',(1.5,-2.883300078597E-02,-1.748099785656));
#11664 = CARTESIAN_POINT('',(1.5,-3.515250157027E-02,-1.769164788271));
#11665 = CARTESIAN_POINT('',(1.501616502752,-4.155284261239E-02,
    -1.790499258412));
#11666 = CARTESIAN_POINT('',(1.508055311372,-5.118427730661E-02,
    -1.822604040726));
#11667 = CARTESIAN_POINT('',(1.511110897896,-5.455054678289E-02,
    -1.833824938979));
#11668 = CARTESIAN_POINT('',(1.515095684745,-5.782628522119E-02,
    -1.844744067107));
#11669 = CARTESIAN_POINT('',(1.499999998039,-2.883300103837E-02,
    -1.748099789929));
#11670 = CARTESIAN_POINT('',(1.515095684745,-5.782628522115E-02,
    -1.844744067107));
#11671 = GEOMETRIC_CURVE_SET('',(#11672));
#11672 = TRIMMED_CURVE('',#11673,(#11681,PARAMETER_VALUE(0.151764714848)
    ),(#11682,PARAMETER_VALUE(0.613701126795)),.T.,.PARAMETER.);
#11673 = B_SPLINE_CURVE_WITH_KNOTS('',3,(#11674,#11675,#11676,#11677,
    #11678,#11679,#11680),.UNSPECIFIED.,.F.,.F.,(4,1,1,1,4),(
    0.151764714848,0.276667328002,0.347379361465,0.488803428391,
    0.613701126795),.UNSPECIFIED.);
#11674 = CARTESIAN_POINT('',(1.49988753339,-2.879581197286E-02,
    1.747971490811));
#11675 = CARTESIAN_POINT('',(1.746925271726,-1.281407975778E-02,
    1.477741732163));
#11676 = CARTESIAN_POINT('',(2.027342161353,2.019282002961E-02,
    0.973486416674));
#11677 = CARTESIAN_POINT('',(2.183492192482,8.269454868619E-02,
    8.96405854522E-02));
#11678 = CARTESIAN_POINT('',(2.121282105393,3.828733476761E-02,
    -0.785667542483));
#11679 = CARTESIAN_POINT('',(1.746031301895,-1.205908100703E-02,
    -1.477052030641));
#11680 = CARTESIAN_POINT('',(1.499758619727,-2.86627843398E-02,
    -1.747824516995));
#11681 = CARTESIAN_POINT('',(1.49999999804,-2.883300103859E-02,
    1.748099789928));
#11682 = CARTESIAN_POINT('',(1.499999998039,-2.883300103837E-02,
    -1.748099789929));
#11683 = GEOMETRIC_CURVE_SET('',(#11684));
#11684 = TRIMMED_CURVE('',#11685,(#11690,PARAMETER_VALUE(
      -1.079227885491E-02)),(#11691,PARAMETER_VALUE(0.)),.T.,
  .PARAMETER.);
#11685 = B_SPLINE_CURVE_WITH_KNOTS('',3,(#11686,#11687,#11688,#11689),
  .UNSPECIFIED.,.F.,.F.,(4,4),(-1.079227885491E-02,0.),
  .PIECEWISE_BEZIER_KNOTS.);
#11686 = CARTESIAN_POINT('',(1.515095684745,-5.782628522115E-02,
    1.844744067107));
#11687 = CARTESIAN_POINT('',(1.504312117395,-4.896153350237E-02,
    1.815194894711));
#11688 = CARTESIAN_POINT('',(1.5,-3.917012915063E-02,1.782556880205));
#11689 = CARTESIAN_POINT('',(1.5,-2.883300078597E-02,1.748099785656));
#11690 = CARTESIAN_POINT('',(1.515095684745,-5.782628522115E-02,
    1.844744067107));
#11691 = CARTESIAN_POINT('',(1.49999999804,-2.883300103859E-02,
    1.748099789928));
#11692 = GEOMETRIC_CURVE_SET('',(#11693));
#11693 = TRIMMED_CURVE('',#11694,(#11699,PARAMETER_VALUE(6.008052649553)
    ),(#11700,PARAMETER_VALUE(6.28318530718)),.T.,.PARAMETER.);
#11694 = CIRCLE('',#11695,1.122128955713);
#11695 = AXIS2_PLACEMENT_3D('',#11696,#11697,#11698);
#11696 = CARTESIAN_POINT('',(1.548220788654,1.019768902897,2.15597506056
    ));
#11697 = DIRECTION('',(-0.943537580225,-6.482225199738E-02,
    0.324861370972));
#11698 = DIRECTION('',(6.122877624517E-02,-0.997896807845,
    -2.128374619103E-02));
#11699 = CARTESIAN_POINT('',(1.515095684745,-5.782628522115E-02,
    1.844744067107));
#11700 = CARTESIAN_POINT('',(1.616927371402,-0.1,2.132091952673));
#11701 = GEOMETRIC_CURVE_SET('',(#11702));
#11702 = TRIMMED_CURVE('',#11703,(#11711,PARAMETER_VALUE(-0.630227495317
      )),(#11712,PARAMETER_VALUE(-0.135243261076)),.T.,.PARAMETER.);
#11703 = B_SPLINE_CURVE_WITH_KNOTS('',3,(#11704,#11705,#11706,#11707,
    #11708,#11709,#11710),.UNSPECIFIED.,.F.,.F.,(4,1,1,1,4),(
    -0.630227495317,-0.488803428391,-0.347379361465,-0.276667328002,
    -0.135243261076),.UNSPECIFIED.);
#11704 = CARTESIAN_POINT('',(1.616927371403,-0.1,-2.132091952672));
#11705 = CARTESIAN_POINT('',(1.988377604138,-0.1,-1.84177634897));
#11706 = CARTESIAN_POINT('',(2.596650608182,-0.1,-1.082143289599));
#11707 = CARTESIAN_POINT('',(2.778965859371,-0.1,0.127954754008));
#11708 = CARTESIAN_POINT('',(2.439635151328,-1.E-01,1.27116540094));
#11709 = CARTESIAN_POINT('',(1.988377604137,-0.1,1.841776348971));
#11710 = CARTESIAN_POINT('',(1.616927371402,-0.1,2.132091952673));
#11711 = CARTESIAN_POINT('',(1.616927371403,-0.1,-2.132091952672));
#11712 = CARTESIAN_POINT('',(1.616927371402,-0.1,2.132091952673));
#11713 = GEOMETRIC_CURVE_SET('',(#11714));
#11714 = TRIMMED_CURVE('',#11715,(#11723,PARAMETER_VALUE(0.151764714848)
    ),(#11724,PARAMETER_VALUE(0.613701126795)),.T.,.PARAMETER.);
#11715 = B_SPLINE_CURVE_WITH_KNOTS('',3,(#11716,#11717,#11718,#11719,
    #11720,#11721,#11722),.UNSPECIFIED.,.F.,.F.,(4,1,1,1,4),(
    0.151764714848,0.276667328002,0.347379361465,0.488803428391,
    0.613701126795),.UNSPECIFIED.);
#11716 = CARTESIAN_POINT('',(1.49988753339,-2.879581197286E-02,
    1.747971490811));
#11717 = CARTESIAN_POINT('',(1.746925271726,-1.281407975778E-02,
    1.477741732163));
#11718 = CARTESIAN_POINT('',(2.027342161353,2.019282002961E-02,
    0.973486416674));
#11719 = CARTESIAN_POINT('',(2.183492192482,8.269454868619E-02,
    8.96405854522E-02));
#11720 = CARTESIAN_POINT('',(2.121282105393,3.828733476761E-02,
    -0.785667542483));
#11721 = CARTESIAN_POINT('',(1.746031301895,-1.205908100703E-02,
    -1.477052030641));
#11722 = CARTESIAN_POINT('',(1.499758619727,-2.86627843398E-02,
    -1.747824516995));
#11723 = CARTESIAN_POINT('',(1.49999999804,-2.883300103859E-02,
    1.748099789928));
#11724 = CARTESIAN_POINT('',(1.499999998039,-2.883300103837E-02,
    -1.748099789929));
#11725 = GEOMETRIC_CURVE_SET('',(#11726));
#11726 = TRIMMED_CURVE('',#11727,(#11731,PARAMETER_VALUE(-2.072738185412
      )),(#11732,PARAMETER_VALUE(-0.247668424207)),.T.,.PARAMETER.);
#11727 = LINE('',#11728,#11729);
#11728 = CARTESIAN_POINT('',(1.5,-0.1,1.98532311637));
#11729 = VECTOR('',#11730,1.);
#11730 = DIRECTION('',(0.,-0.287347885566,0.957826285221));
#11731 = CARTESIAN_POINT('',(1.5,0.495596934911,0.));
#11732 = CARTESIAN_POINT('',(1.49999999804,-2.883300103859E-02,
    1.748099789928));
#11733 = GEOMETRIC_CURVE_SET('',(#11734));
#11734 = B_SPLINE_CURVE_WITH_KNOTS('',1,(#11735,#11736,#11737,#11738,
    #11739,#11740,#11741,#11742,#11743,#11744,#11745,#11746,#11747,
    #11748,#11749,#11750,#11751,#11752,#11753,#11754,#11755,#11756,
    #11757),.UNSPECIFIED.,.T.,.F.,(2,1,1,1,1,1,1,1,1,1,1,1,1,1,1,1,1,1,1
    ,1,1,1,2),(0.,0.13497098004,0.269941960081,0.404912940121,
    0.539883920161,0.674854900201,0.809825880242,0.944796860282,
    1.079767840322,1.214738820362,1.349709800403,1.484680780443,
    1.619651760483,1.754622740524,1.889593720564,2.024564700604,
    2.159535680644,2.294506660685,2.429477640725,2.564448620765,
    2.699419600805,2.834390580846,2.969361560886),
  .PIECEWISE_BEZIER_KNOTS.);
#11735 = CARTESIAN_POINT('',(1.5,0.495596934911,0.));
#11736 = CARTESIAN_POINT('',(1.5,0.495596934911,0.));
#11737 = CARTESIAN_POINT('',(1.5,0.495596934911,-1.204513713205E-16));
#11738 = CARTESIAN_POINT('',(1.5,0.495596934911,-1.239606775233E-16));
#11739 = CARTESIAN_POINT('',(1.5,0.495596934911,-1.264160678109E-16));
#11740 = CARTESIAN_POINT('',(1.5,0.495596934911,0.));
#11741 = CARTESIAN_POINT('',(1.5,0.495596934911,6.384030238594E-17));
#11742 = CARTESIAN_POINT('',(1.5,0.495596934911,1.264160678109E-16));
#11743 = CARTESIAN_POINT('',(1.5,0.495596934911,2.479213550466E-16));
#11744 = CARTESIAN_POINT('',(1.5,0.495596934911,2.107898998108E-16));
#11745 = CARTESIAN_POINT('',(1.5,0.495596934911,3.62719175836E-16));
#11746 = CARTESIAN_POINT('',(1.5,0.495596934911,3.330669073876E-16));
#11747 = CARTESIAN_POINT('',(1.5,0.495596934911,2.756665736354E-16));
#11748 = CARTESIAN_POINT('',(1.5,0.495596934911,3.914669567916E-16));
#11749 = CARTESIAN_POINT('',(1.5,0.495596934911,3.718820325699E-16));
#11750 = CARTESIAN_POINT('',(1.5,0.495596934911,5.056642712436E-16));
#11751 = CARTESIAN_POINT('',(1.5,0.495596934911,5.107224190876E-16));
#11752 = CARTESIAN_POINT('',(1.5,0.495596934911,5.107224190875E-16));
#11753 = CARTESIAN_POINT('',(1.5,0.495596934911,6.320803390545E-16));
#11754 = CARTESIAN_POINT('',(1.5,0.495596934911,6.198033876165E-16));
#11755 = CARTESIAN_POINT('',(1.5,0.495596934911,6.022568566024E-16));
#11756 = CARTESIAN_POINT('',(1.5,0.495596934911,5.803506813376E-16));
#11757 = CARTESIAN_POINT('',(1.5,0.495596934911,0.));
#11758 = GEOMETRIC_CURVE_SET('',(#11759));
#11759 = TRIMMED_CURVE('',#11760,(#11764,PARAMETER_VALUE(-1.825069761206
      )),(#11765,PARAMETER_VALUE(0.)),.T.,.PARAMETER.);
#11760 = LINE('',#11761,#11762);
#11761 = CARTESIAN_POINT('',(1.5,0.495596934911,-3.775736084661E-19));
#11762 = VECTOR('',#11763,1.);
#11763 = DIRECTION('',(0.,0.287347885566,0.957826285221));
#11764 = CARTESIAN_POINT('',(1.499999998039,-2.883300103837E-02,
    -1.748099789929));
#11765 = CARTESIAN_POINT('',(1.5,0.495596934911,0.));
#11766 = GEOMETRIC_CURVE_SET('',(#11767));
#11767 = TRIMMED_CURVE('',#11768,(#11772,PARAMETER_VALUE(-0.361385667501
      )),(#11773,PARAMETER_VALUE(-0.246289982755)),.T.,.PARAMETER.);
#11768 = LINE('',#11769,#11770);
#11769 = CARTESIAN_POINT('',(1.761385667501,-5.782628522115E-02,
    1.844744067107));
#11770 = VECTOR('',#11771,1.);
#11771 = DIRECTION('',(1.,1.662917750523E-16,-5.543059168409E-16));
#11772 = CARTESIAN_POINT('',(1.4,-5.782628522115E-02,1.844744067107));
#11773 = CARTESIAN_POINT('',(1.515095684745,-5.782628522115E-02,
    1.844744067107));
#11774 = GEOMETRIC_CURVE_SET('',(#11775));
#11775 = TRIMMED_CURVE('',#11776,(#11780,PARAMETER_VALUE(
      -4.918904022438E-02)),(#11781,PARAMETER_VALUE(1.876780308885)),.T.
  ,.PARAMETER.);
#11776 = LINE('',#11777,#11778);
#11777 = CARTESIAN_POINT('',(1.4,0.481462568209,4.711455567171E-02));
#11778 = VECTOR('',#11779,1.);
#11779 = DIRECTION('',(0.,-0.287347885566,0.957826285221));
#11780 = CARTESIAN_POINT('',(1.4,0.495596934911,-3.775736084661E-19));
#11781 = CARTESIAN_POINT('',(1.4,-5.782628522115E-02,1.844744067107));
#11782 = GEOMETRIC_CURVE_SET('',(#11783));
#11783 = TRIMMED_CURVE('',#11784,(#11788,PARAMETER_VALUE(0.)),(#11789,
    PARAMETER_VALUE(0.1)),.T.,.PARAMETER.);
#11784 = LINE('',#11785,#11786);
#11785 = CARTESIAN_POINT('',(1.4,0.495596934911,-3.775736084661E-19));
#11786 = VECTOR('',#11787,1.);
#11787 = DIRECTION('',(1.,0.,0.));
#11788 = CARTESIAN_POINT('',(1.4,0.495596934911,-3.775736084661E-19));
#11789 = CARTESIAN_POINT('',(1.5,0.495596934911,0.));
#11790 = GEOMETRIC_CURVE_SET('',(#11791));
#11791 = TRIMMED_CURVE('',#11792,(#11796,PARAMETER_VALUE(-2.072738185412
      )),(#11797,PARAMETER_VALUE(-0.247668424207)),.T.,.PARAMETER.);
#11792 = LINE('',#11793,#11794);
#11793 = CARTESIAN_POINT('',(1.5,-0.1,1.98532311637));
#11794 = VECTOR('',#11795,1.);
#11795 = DIRECTION('',(0.,-0.287347885566,0.957826285221));
#11796 = CARTESIAN_POINT('',(1.5,0.495596934911,0.));
#11797 = CARTESIAN_POINT('',(1.49999999804,-2.883300103859E-02,
    1.748099789928));
#11798 = GEOMETRIC_CURVE_SET('',(#11799));
#11799 = TRIMMED_CURVE('',#11800,(#11805,PARAMETER_VALUE(
      -1.079227885491E-02)),(#11806,PARAMETER_VALUE(0.)),.T.,
  .PARAMETER.);
#11800 = B_SPLINE_CURVE_WITH_KNOTS('',3,(#11801,#11802,#11803,#11804),
  .UNSPECIFIED.,.F.,.F.,(4,4),(-1.079227885491E-02,0.),
  .PIECEWISE_BEZIER_KNOTS.);
#11801 = CARTESIAN_POINT('',(1.515095684745,-5.782628522115E-02,
    1.844744067107));
#11802 = CARTESIAN_POINT('',(1.504312117395,-4.896153350237E-02,
    1.815194894711));
#11803 = CARTESIAN_POINT('',(1.5,-3.917012915063E-02,1.782556880205));
#11804 = CARTESIAN_POINT('',(1.5,-2.883300078597E-02,1.748099785656));
#11805 = CARTESIAN_POINT('',(1.515095684745,-5.782628522115E-02,
    1.844744067107));
#11806 = CARTESIAN_POINT('',(1.49999999804,-2.883300103859E-02,
    1.748099789928));
#11807 = GEOMETRIC_CURVE_SET('',(#11808));
#11808 = TRIMMED_CURVE('',#11809,(#11813,PARAMETER_VALUE(0.246289982755)
    ),(#11814,PARAMETER_VALUE(0.361385667501)),.T.,.PARAMETER.);
#11809 = LINE('',#11810,#11811);
#11810 = CARTESIAN_POINT('',(1.761385667501,-5.782628522115E-02,
    -1.844744067107));
#11811 = VECTOR('',#11812,1.);
#11812 = DIRECTION('',(-1.,-1.662917750523E-16,-5.543059168409E-16));
#11813 = CARTESIAN_POINT('',(1.515095684745,-5.782628522115E-02,
    -1.844744067107));
#11814 = CARTESIAN_POINT('',(1.4,-5.782628522115E-02,-1.844744067107));
#11815 = GEOMETRIC_CURVE_SET('',(#11816));
#11816 = TRIMMED_CURVE('',#11817,(#11824,PARAMETER_VALUE(
      -4.369235236047E-02)),(#11825,PARAMETER_VALUE(-3.344003452438E-02)
    ),.T.,.PARAMETER.);
#11817 = B_SPLINE_CURVE_WITH_KNOTS('',3,(#11818,#11819,#11820,#11821,
    #11822,#11823),.UNSPECIFIED.,.F.,.F.,(4,2,4),(-4.369235236047E-02,
    -3.707938591105E-02,-3.344003452438E-02),.UNSPECIFIED.);
#11818 = CARTESIAN_POINT('',(1.5,-2.883300078597E-02,-1.748099785656));
#11819 = CARTESIAN_POINT('',(1.5,-3.515250157027E-02,-1.769164788271));
#11820 = CARTESIAN_POINT('',(1.501616502752,-4.155284261239E-02,
    -1.790499258412));
#11821 = CARTESIAN_POINT('',(1.508055311372,-5.118427730661E-02,
    -1.822604040726));
#11822 = CARTESIAN_POINT('',(1.511110897896,-5.455054678289E-02,
    -1.833824938979));
#11823 = CARTESIAN_POINT('',(1.515095684745,-5.782628522119E-02,
    -1.844744067107));
#11824 = CARTESIAN_POINT('',(1.499999998039,-2.883300103837E-02,
    -1.748099789929));
#11825 = CARTESIAN_POINT('',(1.515095684745,-5.782628522115E-02,
    -1.844744067107));
#11826 = GEOMETRIC_CURVE_SET('',(#11827));
#11827 = TRIMMED_CURVE('',#11828,(#11832,PARAMETER_VALUE(-1.825069761206
      )),(#11833,PARAMETER_VALUE(0.)),.T.,.PARAMETER.);
#11828 = LINE('',#11829,#11830);
#11829 = CARTESIAN_POINT('',(1.5,0.495596934911,-3.775736084661E-19));
#11830 = VECTOR('',#11831,1.);
#11831 = DIRECTION('',(0.,0.287347885566,0.957826285221));
#11832 = CARTESIAN_POINT('',(1.499999998039,-2.883300103837E-02,
    -1.748099789929));
#11833 = CARTESIAN_POINT('',(1.5,0.495596934911,0.));
#11834 = GEOMETRIC_CURVE_SET('',(#11835));
#11835 = TRIMMED_CURVE('',#11836,(#11840,PARAMETER_VALUE(0.)),(#11841,
    PARAMETER_VALUE(0.1)),.T.,.PARAMETER.);
#11836 = LINE('',#11837,#11838);
#11837 = CARTESIAN_POINT('',(1.4,0.495596934911,-3.775736084661E-19));
#11838 = VECTOR('',#11839,1.);
#11839 = DIRECTION('',(1.,0.,0.));
#11840 = CARTESIAN_POINT('',(1.4,0.495596934911,-3.775736084661E-19));
#11841 = CARTESIAN_POINT('',(1.5,0.495596934911,0.));
#11842 = GEOMETRIC_CURVE_SET('',(#11843));
#11843 = TRIMMED_CURVE('',#11844,(#11848,PARAMETER_VALUE(-0.840411216178
      )),(#11849,PARAMETER_VALUE(1.085558132931)),.T.,.PARAMETER.);
#11844 = LINE('',#11845,#11846);
#11845 = CARTESIAN_POINT('',(1.4,0.183664100754,-1.039776113857));
#11846 = VECTOR('',#11847,1.);
#11847 = DIRECTION('',(0.,0.287347885566,0.957826285221));
#11848 = CARTESIAN_POINT('',(1.4,-5.782628522115E-02,-1.844744067107));
#11849 = CARTESIAN_POINT('',(1.4,0.495596934911,-3.775736084661E-19));
#11850 = GEOMETRIC_CURVE_SET('',(#11851));
#11851 = TRIMMED_CURVE('',#11852,(#11856,PARAMETER_VALUE(-0.361385667501
      )),(#11857,PARAMETER_VALUE(-0.144458296098)),.T.,.PARAMETER.);
#11852 = LINE('',#11853,#11854);
#11853 = CARTESIAN_POINT('',(1.761385667501,-0.1,-2.132091952673));
#11854 = VECTOR('',#11855,1.);
#11855 = DIRECTION('',(1.,1.662917750523E-16,5.543059168409E-16));
#11856 = CARTESIAN_POINT('',(1.4,-0.1,-2.132091952673));
#11857 = CARTESIAN_POINT('',(1.616927371403,-0.1,-2.132091952672));
#11858 = GEOMETRIC_CURVE_SET('',(#11859));
#11859 = TRIMMED_CURVE('',#11860,(#11864,PARAMETER_VALUE(-1.238738805463
      )),(#11865,PARAMETER_VALUE(0.)),.T.,.PARAMETER.);
#11860 = LINE('',#11861,#11862);
#11861 = CARTESIAN_POINT('',(1.4,-0.1,-3.370830758137));
#11862 = VECTOR('',#11863,1.);
#11863 = DIRECTION('',(0.,0.,-1.));
#11864 = CARTESIAN_POINT('',(1.4,-0.1,-2.132091952673));
#11865 = CARTESIAN_POINT('',(1.4,-0.1,-3.370830758137));
#11866 = GEOMETRIC_CURVE_SET('',(#11867));
#11867 = TRIMMED_CURVE('',#11868,(#11873,PARAMETER_VALUE(3.247560392473)
    ),(#11874,PARAMETER_VALUE(4.296547698939)),.T.,.PARAMETER.);
#11868 = CIRCLE('',#11869,3.65);
#11869 = AXIS2_PLACEMENT_3D('',#11870,#11871,#11872);
#11870 = CARTESIAN_POINT('',(0.,-0.1,0.));
#11871 = DIRECTION('',(0.,-1.,0.));
#11872 = DIRECTION('',(-0.283730344893,0.,0.958904109589));
#11873 = CARTESIAN_POINT('',(1.4,-0.1,-3.370830758137));
#11874 = CARTESIAN_POINT('',(3.620065789474,-0.1,-0.466501532562));
#11875 = GEOMETRIC_CURVE_SET('',(#11876));
#11876 = TRIMMED_CURVE('',#11877,(#11882,PARAMETER_VALUE(3.877846378096)
    ),(#11883,PARAMETER_VALUE(6.28318530718)),.T.,.PARAMETER.);
#11877 = CIRCLE('',#11878,0.5);
#11878 = AXIS2_PLACEMENT_3D('',#11879,#11880,#11881);
#11879 = CARTESIAN_POINT('',(3.8,-0.1,0.));
#11880 = DIRECTION('',(0.,1.,0.));
#11881 = DIRECTION('',(-0.359868421053,0.,0.933003065123));
#11882 = CARTESIAN_POINT('',(3.620065789474,-0.1,-0.466501532562));
#11883 = CARTESIAN_POINT('',(3.620065789474,-0.1,0.466501532562));
#11884 = GEOMETRIC_CURVE_SET('',(#11885));
#11885 = TRIMMED_CURVE('',#11886,(#11891,PARAMETER_VALUE(3.14159265359))
  ,(#11892,PARAMETER_VALUE(4.190579960056)),.T.,.PARAMETER.);
#11886 = CIRCLE('',#11887,3.65);
#11887 = AXIS2_PLACEMENT_3D('',#11888,#11889,#11890);
#11888 = CARTESIAN_POINT('',(0.,-0.1,0.));
#11889 = DIRECTION('',(0.,-1.,0.));
#11890 = DIRECTION('',(-0.991798846431,-0.,-0.127808639058));
#11891 = CARTESIAN_POINT('',(3.620065789474,-0.1,0.466501532562));
#11892 = CARTESIAN_POINT('',(1.4,-0.1,3.370830758137));
#11893 = GEOMETRIC_CURVE_SET('',(#11894));
#11894 = TRIMMED_CURVE('',#11895,(#11899,PARAMETER_VALUE(-6.741661516273
      )),(#11900,PARAMETER_VALUE(-5.50292271081)),.T.,.PARAMETER.);
#11895 = LINE('',#11896,#11897);
#11896 = CARTESIAN_POINT('',(1.4,-0.1,-3.370830758137));
#11897 = VECTOR('',#11898,1.);
#11898 = DIRECTION('',(0.,0.,-1.));
#11899 = CARTESIAN_POINT('',(1.4,-0.1,3.370830758137));
#11900 = CARTESIAN_POINT('',(1.4,-0.1,2.132091952673));
#11901 = GEOMETRIC_CURVE_SET('',(#11902));
#11902 = TRIMMED_CURVE('',#11903,(#11907,PARAMETER_VALUE(0.144458296099)
    ),(#11908,PARAMETER_VALUE(0.361385667501)),.T.,.PARAMETER.);
#11903 = LINE('',#11904,#11905);
#11904 = CARTESIAN_POINT('',(1.761385667501,-0.1,2.132091952673));
#11905 = VECTOR('',#11906,1.);
#11906 = DIRECTION('',(-1.,-1.662917750523E-16,5.543059168409E-16));
#11907 = CARTESIAN_POINT('',(1.616927371402,-0.1,2.132091952673));
#11908 = CARTESIAN_POINT('',(1.4,-0.1,2.132091952673));
#11909 = GEOMETRIC_CURVE_SET('',(#11910));
#11910 = TRIMMED_CURVE('',#11911,(#11919,PARAMETER_VALUE(-0.630227495317
      )),(#11920,PARAMETER_VALUE(-0.135243261076)),.T.,.PARAMETER.);
#11911 = B_SPLINE_CURVE_WITH_KNOTS('',3,(#11912,#11913,#11914,#11915,
    #11916,#11917,#11918),.UNSPECIFIED.,.F.,.F.,(4,1,1,1,4),(
    -0.630227495317,-0.488803428391,-0.347379361465,-0.276667328002,
    -0.135243261076),.UNSPECIFIED.);
#11912 = CARTESIAN_POINT('',(1.616927371403,-0.1,-2.132091952672));
#11913 = CARTESIAN_POINT('',(1.988377604138,-0.1,-1.84177634897));
#11914 = CARTESIAN_POINT('',(2.596650608182,-0.1,-1.082143289599));
#11915 = CARTESIAN_POINT('',(2.778965859371,-0.1,0.127954754008));
#11916 = CARTESIAN_POINT('',(2.439635151328,-1.E-01,1.27116540094));
#11917 = CARTESIAN_POINT('',(1.988377604137,-0.1,1.841776348971));
#11918 = CARTESIAN_POINT('',(1.616927371402,-0.1,2.132091952673));
#11919 = CARTESIAN_POINT('',(1.616927371403,-0.1,-2.132091952672));
#11920 = CARTESIAN_POINT('',(1.616927371402,-0.1,2.132091952673));
#11921 = GEOMETRIC_CURVE_SET('',(#11922));
#11922 = TRIMMED_CURVE('',#11923,(#11927,PARAMETER_VALUE(0.)),(#11928,
    PARAMETER_VALUE(0.1)),.T.,.PARAMETER.);
#11923 = LINE('',#11924,#11925);
#11924 = CARTESIAN_POINT('',(1.4,-3.469446951954E-17,-2.));
#11925 = VECTOR('',#11926,1.);
#11926 = DIRECTION('',(1.,0.,0.));
#11927 = CARTESIAN_POINT('',(1.4,-3.469446951954E-17,-2.));
#11928 = CARTESIAN_POINT('',(1.5,-3.469446951954E-17,-2.));
#11929 = GEOMETRIC_CURVE_SET('',(#11930));
#11930 = TRIMMED_CURVE('',#11931,(#11936,PARAMETER_VALUE(4.428594871176)
    ),(#11937,PARAMETER_VALUE(6.28318530718)),.T.,.PARAMETER.);
#11931 = CIRCLE('',#11932,2.5);
#11932 = AXIS2_PLACEMENT_3D('',#11933,#11934,#11935);
#11933 = CARTESIAN_POINT('',(-8.326672684689E-16,1.232595164408E-31,0.)
  );
#11934 = DIRECTION('',(0.,1.,0.));
#11935 = DIRECTION('',(0.6,0.,-0.8));
#11936 = CARTESIAN_POINT('',(1.5,0.,2.));
#11937 = CARTESIAN_POINT('',(1.5,-3.469446951954E-17,-2.));
#11938 = GEOMETRIC_CURVE_SET('',(#11939));
#11939 = TRIMMED_CURVE('',#11940,(#11944,PARAMETER_VALUE(0.)),(#11945,
    PARAMETER_VALUE(0.1)),.T.,.PARAMETER.);
#11940 = LINE('',#11941,#11942);
#11941 = CARTESIAN_POINT('',(1.4,0.,2.));
#11942 = VECTOR('',#11943,1.);
#11943 = DIRECTION('',(1.,0.,0.));
#11944 = CARTESIAN_POINT('',(1.4,0.,2.));
#11945 = CARTESIAN_POINT('',(1.5,0.,2.));
#11946 = GEOMETRIC_CURVE_SET('',(#11947));
#11947 = TRIMMED_CURVE('',#11948,(#11952,PARAMETER_VALUE(5.370830758137)
    ),(#11953,PARAMETER_VALUE(6.741661516273)),.T.,.PARAMETER.);
#11948 = LINE('',#11949,#11950);
#11949 = CARTESIAN_POINT('',(1.4,1.232595164408E-31,-3.370830758137));
#11950 = VECTOR('',#11951,1.);
#11951 = DIRECTION('',(0.,0.,1.));
#11952 = CARTESIAN_POINT('',(1.4,0.,2.));
#11953 = CARTESIAN_POINT('',(1.4,1.232595164408E-31,3.370830758137));
#11954 = GEOMETRIC_CURVE_SET('',(#11955));
#11955 = TRIMMED_CURVE('',#11956,(#11961,PARAMETER_VALUE(2.092605347124)
    ),(#11962,PARAMETER_VALUE(3.14159265359)),.T.,.PARAMETER.);
#11956 = CIRCLE('',#11957,3.65);
#11957 = AXIS2_PLACEMENT_3D('',#11958,#11959,#11960);
#11958 = CARTESIAN_POINT('',(0.,1.232595164408E-31,0.));
#11959 = DIRECTION('',(0.,1.,0.));
#11960 = DIRECTION('',(-0.991798846431,0.,-0.127808639058));
#11961 = CARTESIAN_POINT('',(1.4,1.232595164408E-31,3.370830758137));
#11962 = CARTESIAN_POINT('',(3.620065789474,1.232595164408E-31,
    0.466501532562));
#11963 = GEOMETRIC_CURVE_SET('',(#11964));
#11964 = TRIMMED_CURVE('',#11965,(#11970,PARAMETER_VALUE(0.)),(#11971,
    PARAMETER_VALUE(2.405338929084)),.T.,.PARAMETER.);
#11965 = CIRCLE('',#11966,0.5);
#11966 = AXIS2_PLACEMENT_3D('',#11967,#11968,#11969);
#11967 = CARTESIAN_POINT('',(3.8,1.232595164408E-31,0.));
#11968 = DIRECTION('',(0.,-1.,0.));
#11969 = DIRECTION('',(-0.359868421053,0.,0.933003065123));
#11970 = CARTESIAN_POINT('',(3.620065789474,1.232595164408E-31,
    0.466501532562));
#11971 = CARTESIAN_POINT('',(3.620065789474,1.232595164408E-31,
    -0.466501532562));
#11972 = GEOMETRIC_CURVE_SET('',(#11973));
#11973 = TRIMMED_CURVE('',#11974,(#11979,PARAMETER_VALUE(1.986637608241)
    ),(#11980,PARAMETER_VALUE(3.035624914707)),.T.,.PARAMETER.);
#11974 = CIRCLE('',#11975,3.65);
#11975 = AXIS2_PLACEMENT_3D('',#11976,#11977,#11978);
#11976 = CARTESIAN_POINT('',(0.,1.232595164408E-31,0.));
#11977 = DIRECTION('',(0.,1.,0.));
#11978 = DIRECTION('',(-0.283730344893,0.,0.958904109589));
#11979 = CARTESIAN_POINT('',(3.620065789474,1.232595164408E-31,
    -0.466501532562));
#11980 = CARTESIAN_POINT('',(1.4,1.232595164408E-31,-3.370830758137));
#11981 = GEOMETRIC_CURVE_SET('',(#11982));
#11982 = TRIMMED_CURVE('',#11983,(#11987,PARAMETER_VALUE(0.)),(#11988,
    PARAMETER_VALUE(1.370830758137)),.T.,.PARAMETER.);
#11983 = LINE('',#11984,#11985);
#11984 = CARTESIAN_POINT('',(1.4,1.232595164408E-31,-3.370830758137));
#11985 = VECTOR('',#11986,1.);
#11986 = DIRECTION('',(0.,0.,1.));
#11987 = CARTESIAN_POINT('',(1.4,1.232595164408E-31,-3.370830758137));
#11988 = CARTESIAN_POINT('',(1.4,-3.469446951954E-17,-2.));
#11989 = GEOMETRIC_CURVE_SET('',(#11990));
#11990 = TRIMMED_CURVE('',#11991,(#11996,PARAMETER_VALUE(2.092605347124)
    ),(#11997,PARAMETER_VALUE(3.14159265359)),.T.,.PARAMETER.);
#11991 = CIRCLE('',#11992,3.65);
#11992 = AXIS2_PLACEMENT_3D('',#11993,#11994,#11995);
#11993 = CARTESIAN_POINT('',(0.,1.232595164408E-31,0.));
#11994 = DIRECTION('',(0.,1.,0.));
#11995 = DIRECTION('',(-0.991798846431,0.,-0.127808639058));
#11996 = CARTESIAN_POINT('',(1.4,1.232595164408E-31,3.370830758137));
#11997 = CARTESIAN_POINT('',(3.620065789474,1.232595164408E-31,
    0.466501532562));
#11998 = GEOMETRIC_CURVE_SET('',(#11999));
#11999 = TRIMMED_CURVE('',#12000,(#12004,PARAMETER_VALUE(0.)),(#12005,
    PARAMETER_VALUE(0.1)),.T.,.PARAMETER.);
#12000 = LINE('',#12001,#12002);
#12001 = CARTESIAN_POINT('',(1.4,1.232595164408E-31,3.370830758137));
#12002 = VECTOR('',#12003,1.);
#12003 = DIRECTION('',(0.,-1.,0.));
#12004 = CARTESIAN_POINT('',(1.4,1.232595164408E-31,3.370830758137));
#12005 = CARTESIAN_POINT('',(1.4,-0.1,3.370830758137));
#12006 = GEOMETRIC_CURVE_SET('',(#12007));
#12007 = TRIMMED_CURVE('',#12008,(#12013,PARAMETER_VALUE(3.14159265359))
  ,(#12014,PARAMETER_VALUE(4.190579960056)),.T.,.PARAMETER.);
#12008 = CIRCLE('',#12009,3.65);
#12009 = AXIS2_PLACEMENT_3D('',#12010,#12011,#12012);
#12010 = CARTESIAN_POINT('',(0.,-0.1,0.));
#12011 = DIRECTION('',(0.,-1.,0.));
#12012 = DIRECTION('',(-0.991798846431,-0.,-0.127808639058));
#12013 = CARTESIAN_POINT('',(3.620065789474,-0.1,0.466501532562));
#12014 = CARTESIAN_POINT('',(1.4,-0.1,3.370830758137));
#12015 = GEOMETRIC_CURVE_SET('',(#12016));
#12016 = TRIMMED_CURVE('',#12017,(#12021,PARAMETER_VALUE(0.)),(#12022,
    PARAMETER_VALUE(0.1)),.T.,.PARAMETER.);
#12017 = LINE('',#12018,#12019);
#12018 = CARTESIAN_POINT('',(3.620065789474,1.232595164408E-31,
    0.466501532562));
#12019 = VECTOR('',#12020,1.);
#12020 = DIRECTION('',(0.,-1.,0.));
#12021 = CARTESIAN_POINT('',(3.620065789474,1.232595164408E-31,
    0.466501532562));
#12022 = CARTESIAN_POINT('',(3.620065789474,-0.1,0.466501532562));
#12023 = GEOMETRIC_CURVE_SET('',(#12024));
#12024 = TRIMMED_CURVE('',#12025,(#12029,PARAMETER_VALUE(0.)),(#12030,
    PARAMETER_VALUE(0.1)),.T.,.PARAMETER.);
#12025 = LINE('',#12026,#12027);
#12026 = CARTESIAN_POINT('',(3.620065789474,1.232595164408E-31,
    -0.466501532562));
#12027 = VECTOR('',#12028,1.);
#12028 = DIRECTION('',(0.,-1.,0.));
#12029 = CARTESIAN_POINT('',(3.620065789474,1.232595164408E-31,
    -0.466501532562));
#12030 = CARTESIAN_POINT('',(3.620065789474,-0.1,-0.466501532562));
#12031 = GEOMETRIC_CURVE_SET('',(#12032));
#12032 = TRIMMED_CURVE('',#12033,(#12038,PARAMETER_VALUE(3.877846378096)
    ),(#12039,PARAMETER_VALUE(6.28318530718)),.T.,.PARAMETER.);
#12033 = CIRCLE('',#12034,0.5);
#12034 = AXIS2_PLACEMENT_3D('',#12035,#12036,#12037);
#12035 = CARTESIAN_POINT('',(3.8,-0.1,0.));
#12036 = DIRECTION('',(0.,1.,0.));
#12037 = DIRECTION('',(-0.359868421053,0.,0.933003065123));
#12038 = CARTESIAN_POINT('',(3.620065789474,-0.1,-0.466501532562));
#12039 = CARTESIAN_POINT('',(3.620065789474,-0.1,0.466501532562));
#12040 = GEOMETRIC_CURVE_SET('',(#12041));
#12041 = TRIMMED_CURVE('',#12042,(#12046,PARAMETER_VALUE(0.)),(#12047,
    PARAMETER_VALUE(0.1)),.T.,.PARAMETER.);
#12042 = LINE('',#12043,#12044);
#12043 = CARTESIAN_POINT('',(3.620065789474,1.232595164408E-31,
    0.466501532562));
#12044 = VECTOR('',#12045,1.);
#12045 = DIRECTION('',(0.,-1.,0.));
#12046 = CARTESIAN_POINT('',(3.620065789474,1.232595164408E-31,
    0.466501532562));
#12047 = CARTESIAN_POINT('',(3.620065789474,-0.1,0.466501532562));
#12048 = GEOMETRIC_CURVE_SET('',(#12049));
#12049 = TRIMMED_CURVE('',#12050,(#12055,PARAMETER_VALUE(0.)),(#12056,
    PARAMETER_VALUE(2.405338929084)),.T.,.PARAMETER.);
#12050 = CIRCLE('',#12051,0.5);
#12051 = AXIS2_PLACEMENT_3D('',#12052,#12053,#12054);
#12052 = CARTESIAN_POINT('',(3.8,1.232595164408E-31,0.));
#12053 = DIRECTION('',(0.,-1.,0.));
#12054 = DIRECTION('',(-0.359868421053,0.,0.933003065123));
#12055 = CARTESIAN_POINT('',(3.620065789474,1.232595164408E-31,
    0.466501532562));
#12056 = CARTESIAN_POINT('',(3.620065789474,1.232595164408E-31,
    -0.466501532562));
#12057 = GEOMETRIC_CURVE_SET('',(#12058));
#12058 = TRIMMED_CURVE('',#12059,(#12064,PARAMETER_VALUE(1.986637608241)
    ),(#12065,PARAMETER_VALUE(3.035624914707)),.T.,.PARAMETER.);
#12059 = CIRCLE('',#12060,3.65);
#12060 = AXIS2_PLACEMENT_3D('',#12061,#12062,#12063);
#12061 = CARTESIAN_POINT('',(0.,1.232595164408E-31,0.));
#12062 = DIRECTION('',(0.,1.,0.));
#12063 = DIRECTION('',(-0.283730344893,0.,0.958904109589));
#12064 = CARTESIAN_POINT('',(3.620065789474,1.232595164408E-31,
    -0.466501532562));
#12065 = CARTESIAN_POINT('',(1.4,1.232595164408E-31,-3.370830758137));
#12066 = GEOMETRIC_CURVE_SET('',(#12067));
#12067 = TRIMMED_CURVE('',#12068,(#12072,PARAMETER_VALUE(0.)),(#12073,
    PARAMETER_VALUE(0.1)),.T.,.PARAMETER.);
#12068 = LINE('',#12069,#12070);
#12069 = CARTESIAN_POINT('',(3.620065789474,1.232595164408E-31,
    -0.466501532562));
#12070 = VECTOR('',#12071,1.);
#12071 = DIRECTION('',(0.,-1.,0.));
#12072 = CARTESIAN_POINT('',(3.620065789474,1.232595164408E-31,
    -0.466501532562));
#12073 = CARTESIAN_POINT('',(3.620065789474,-0.1,-0.466501532562));
#12074 = GEOMETRIC_CURVE_SET('',(#12075));
#12075 = TRIMMED_CURVE('',#12076,(#12081,PARAMETER_VALUE(3.247560392473)
    ),(#12082,PARAMETER_VALUE(4.296547698939)),.T.,.PARAMETER.);
#12076 = CIRCLE('',#12077,3.65);
#12077 = AXIS2_PLACEMENT_3D('',#12078,#12079,#12080);
#12078 = CARTESIAN_POINT('',(0.,-0.1,0.));
#12079 = DIRECTION('',(0.,-1.,0.));
#12080 = DIRECTION('',(-0.283730344893,0.,0.958904109589));
#12081 = CARTESIAN_POINT('',(1.4,-0.1,-3.370830758137));
#12082 = CARTESIAN_POINT('',(3.620065789474,-0.1,-0.466501532562));
#12083 = GEOMETRIC_CURVE_SET('',(#12084));
#12084 = TRIMMED_CURVE('',#12085,(#12089,PARAMETER_VALUE(0.)),(#12090,
    PARAMETER_VALUE(0.1)),.T.,.PARAMETER.);
#12085 = LINE('',#12086,#12087);
#12086 = CARTESIAN_POINT('',(1.4,1.232595164408E-31,-3.370830758137));
#12087 = VECTOR('',#12088,1.);
#12088 = DIRECTION('',(0.,-1.,0.));
#12089 = CARTESIAN_POINT('',(1.4,1.232595164408E-31,-3.370830758137));
#12090 = CARTESIAN_POINT('',(1.4,-0.1,-3.370830758137));
#12091 = GEOMETRIC_CURVE_SET('',(#12092));
#12092 = B_SPLINE_CURVE_WITH_KNOTS('',1,(#12093,#12094,#12095,#12096,
    #12097,#12098,#12099,#12100,#12101,#12102,#12103,#12104,#12105,
    #12106,#12107,#12108,#12109,#12110,#12111,#12112,#12113,#12114,
    #12115),.UNSPECIFIED.,.T.,.F.,(2,1,1,1,1,1,1,1,1,1,1,1,1,1,1,1,1,1,1
    ,1,1,1,2),(0.,0.136322560021,0.272645120042,0.408967680063,
    0.545290240084,0.681612800104,0.817935360125,0.954257920146,
    1.090580480167,1.226903040188,1.363225600209,1.49954816023,
    1.635870720251,1.772193280272,1.908515840293,2.044838400313,
    2.181160960334,2.317483520355,2.453806080376,2.590128640397,
    2.726451200418,2.862773760439,2.99909632046),
  .PIECEWISE_BEZIER_KNOTS.);
#12093 = CARTESIAN_POINT('',(1.5,0.6,0.));
#12094 = CARTESIAN_POINT('',(1.5,0.6,1.161714262726E-15));
#12095 = CARTESIAN_POINT('',(1.5,0.6,1.206478659457E-15));
#12096 = CARTESIAN_POINT('',(1.5,0.6,9.939066195655E-16));
#12097 = CARTESIAN_POINT('',(1.5,0.6,1.140777860045E-15));
#12098 = CARTESIAN_POINT('',(1.5,0.6,1.024392375413E-15));
#12099 = CARTESIAN_POINT('',(1.5,0.6,1.024392375413E-15));
#12100 = CARTESIAN_POINT('',(1.5,0.6,9.50648216704E-16));
#12101 = CARTESIAN_POINT('',(1.5,0.6,9.317874558426E-16));
#12102 = CARTESIAN_POINT('',(1.5,0.6,9.048589945931E-16));
#12103 = CARTESIAN_POINT('',(1.5,0.6,8.422428404765E-16));
#12104 = CARTESIAN_POINT('',(1.5,0.6,1.110223024625E-15));
#12105 = CARTESIAN_POINT('',(1.5,0.6,1.016499979885E-15));
#12106 = CARTESIAN_POINT('',(1.5,0.6,1.025506860539E-15));
#12107 = CARTESIAN_POINT('',(1.5,0.6,9.939066195655E-16));
#12108 = CARTESIAN_POINT('',(1.5,0.6,8.872716689238E-16));
#12109 = CARTESIAN_POINT('',(1.5,0.6,7.682942815598E-16));
#12110 = CARTESIAN_POINT('',(1.5,0.6,7.682942815598E-16));
#12111 = CARTESIAN_POINT('',(1.5,0.6,6.337654778027E-16));
#12112 = CARTESIAN_POINT('',(1.5,0.6,7.454299646741E-16));
#12113 = CARTESIAN_POINT('',(1.5,0.6,6.032393297287E-16));
#12114 = CARTESIAN_POINT('',(1.5,0.6,4.646857050905E-16));
#12115 = CARTESIAN_POINT('',(1.5,0.6,0.));
#12116 = GEOMETRIC_CURVE_SET('',(#12117));
#12117 = TRIMMED_CURVE('',#12118,(#12122,PARAMETER_VALUE(0.)),(#12123,
    PARAMETER_VALUE(2.088061301782)),.T.,.PARAMETER.);
#12118 = LINE('',#12119,#12120);
#12119 = CARTESIAN_POINT('',(1.5,-3.469446951954E-17,-2.));
#12120 = VECTOR('',#12121,1.);
#12121 = DIRECTION('',(0.,0.287347885566,0.957826285221));
#12122 = CARTESIAN_POINT('',(1.5,-3.469446951954E-17,-2.));
#12123 = CARTESIAN_POINT('',(1.5,0.6,0.));
#12124 = GEOMETRIC_CURVE_SET('',(#12125));
#12125 = TRIMMED_CURVE('',#12126,(#12131,PARAMETER_VALUE(4.428594871176)
    ),(#12132,PARAMETER_VALUE(6.28318530718)),.T.,.PARAMETER.);
#12126 = CIRCLE('',#12127,2.5);
#12127 = AXIS2_PLACEMENT_3D('',#12128,#12129,#12130);
#12128 = CARTESIAN_POINT('',(-8.326672684689E-16,1.232595164408E-31,0.)
  );
#12129 = DIRECTION('',(0.,1.,0.));
#12130 = DIRECTION('',(0.6,0.,-0.8));
#12131 = CARTESIAN_POINT('',(1.5,0.,2.));
#12132 = CARTESIAN_POINT('',(1.5,-3.469446951954E-17,-2.));
#12133 = GEOMETRIC_CURVE_SET('',(#12134));
#12134 = TRIMMED_CURVE('',#12135,(#12139,PARAMETER_VALUE(0.)),(#12140,
    PARAMETER_VALUE(2.088061301782)),.T.,.PARAMETER.);
#12135 = LINE('',#12136,#12137);
#12136 = CARTESIAN_POINT('',(1.5,0.6,0.));
#12137 = VECTOR('',#12138,1.);
#12138 = DIRECTION('',(0.,-0.287347885566,0.957826285221));
#12139 = CARTESIAN_POINT('',(1.5,0.6,0.));
#12140 = CARTESIAN_POINT('',(1.5,0.,2.));
#12141 = GEOMETRIC_CURVE_SET('',(#12142));
#12142 = TRIMMED_CURVE('',#12143,(#12147,PARAMETER_VALUE(0.)),(#12148,
    PARAMETER_VALUE(2.088061301782)),.T.,.PARAMETER.);
#12143 = LINE('',#12144,#12145);
#12144 = CARTESIAN_POINT('',(1.4,0.6,0.));
#12145 = VECTOR('',#12146,1.);
#12146 = DIRECTION('',(0.,-0.287347885566,0.957826285221));
#12147 = CARTESIAN_POINT('',(1.4,0.6,0.));
#12148 = CARTESIAN_POINT('',(1.4,0.,2.));
#12149 = GEOMETRIC_CURVE_SET('',(#12150));
#12150 = TRIMMED_CURVE('',#12151,(#12155,PARAMETER_VALUE(0.)),(#12156,
    PARAMETER_VALUE(0.1)),.T.,.PARAMETER.);
#12151 = LINE('',#12152,#12153);
#12152 = CARTESIAN_POINT('',(1.4,0.,2.));
#12153 = VECTOR('',#12154,1.);
#12154 = DIRECTION('',(1.,0.,0.));
#12155 = CARTESIAN_POINT('',(1.4,0.,2.));
#12156 = CARTESIAN_POINT('',(1.5,0.,2.));
#12157 = GEOMETRIC_CURVE_SET('',(#12158));
#12158 = TRIMMED_CURVE('',#12159,(#12163,PARAMETER_VALUE(0.)),(#12164,
    PARAMETER_VALUE(2.088061301782)),.T.,.PARAMETER.);
#12159 = LINE('',#12160,#12161);
#12160 = CARTESIAN_POINT('',(1.5,0.6,0.));
#12161 = VECTOR('',#12162,1.);
#12162 = DIRECTION('',(0.,-0.287347885566,0.957826285221));
#12163 = CARTESIAN_POINT('',(1.5,0.6,0.));
#12164 = CARTESIAN_POINT('',(1.5,0.,2.));
#12165 = GEOMETRIC_CURVE_SET('',(#12166));
#12166 = TRIMMED_CURVE('',#12167,(#12171,PARAMETER_VALUE(0.)),(#12172,
    PARAMETER_VALUE(0.1)),.T.,.PARAMETER.);
#12167 = LINE('',#12168,#12169);
#12168 = CARTESIAN_POINT('',(1.4,0.6,0.));
#12169 = VECTOR('',#12170,1.);
#12170 = DIRECTION('',(1.,0.,0.));
#12171 = CARTESIAN_POINT('',(1.4,0.6,0.));
#12172 = CARTESIAN_POINT('',(1.5,0.6,0.));
#12173 = GEOMETRIC_CURVE_SET('',(#12174));
#12174 = TRIMMED_CURVE('',#12175,(#12179,PARAMETER_VALUE(0.)),(#12180,
    PARAMETER_VALUE(2.088061301782)),.T.,.PARAMETER.);
#12175 = LINE('',#12176,#12177);
#12176 = CARTESIAN_POINT('',(1.4,-3.469446951954E-17,-2.));
#12177 = VECTOR('',#12178,1.);
#12178 = DIRECTION('',(0.,0.287347885566,0.957826285221));
#12179 = CARTESIAN_POINT('',(1.4,-3.469446951954E-17,-2.));
#12180 = CARTESIAN_POINT('',(1.4,0.6,0.));
#12181 = GEOMETRIC_CURVE_SET('',(#12182));
#12182 = TRIMMED_CURVE('',#12183,(#12187,PARAMETER_VALUE(0.)),(#12188,
    PARAMETER_VALUE(0.1)),.T.,.PARAMETER.);
#12183 = LINE('',#12184,#12185);
#12184 = CARTESIAN_POINT('',(1.4,0.6,0.));
#12185 = VECTOR('',#12186,1.);
#12186 = DIRECTION('',(1.,0.,0.));
#12187 = CARTESIAN_POINT('',(1.4,0.6,0.));
#12188 = CARTESIAN_POINT('',(1.5,0.6,0.));
#12189 = GEOMETRIC_CURVE_SET('',(#12190));
#12190 = TRIMMED_CURVE('',#12191,(#12195,PARAMETER_VALUE(0.)),(#12196,
    PARAMETER_VALUE(2.088061301782)),.T.,.PARAMETER.);
#12191 = LINE('',#12192,#12193);
#12192 = CARTESIAN_POINT('',(1.5,-3.469446951954E-17,-2.));
#12193 = VECTOR('',#12194,1.);
#12194 = DIRECTION('',(0.,0.287347885566,0.957826285221));
#12195 = CARTESIAN_POINT('',(1.5,-3.469446951954E-17,-2.));
#12196 = CARTESIAN_POINT('',(1.5,0.6,0.));
#12197 = GEOMETRIC_CURVE_SET('',(#12198));
#12198 = TRIMMED_CURVE('',#12199,(#12203,PARAMETER_VALUE(0.)),(#12204,
    PARAMETER_VALUE(0.1)),.T.,.PARAMETER.);
#12199 = LINE('',#12200,#12201);
#12200 = CARTESIAN_POINT('',(1.4,-3.469446951954E-17,-2.));
#12201 = VECTOR('',#12202,1.);
#12202 = DIRECTION('',(1.,0.,0.));
#12203 = CARTESIAN_POINT('',(1.4,-3.469446951954E-17,-2.));
#12204 = CARTESIAN_POINT('',(1.5,-3.469446951954E-17,-2.));
#12205 = GEOMETRIC_CURVE_SET('',(#12206));
#12206 = TRIMMED_CURVE('',#12207,(#12212,PARAMETER_VALUE(6.137456909941)
    ),(#12213,PARAMETER_VALUE(6.428913704419)),.T.,.PARAMETER.);
#12207 = CIRCLE('',#12208,1.);
#12208 = AXIS2_PLACEMENT_3D('',#12209,#12210,#12211);
#12209 = CARTESIAN_POINT('',(1.4,0.9,-2.132091952673));
#12210 = DIRECTION('',(1.,0.,0.));
#12211 = DIRECTION('',(0.,-0.989400395497,0.145213144685));
#12212 = CARTESIAN_POINT('',(1.4,-5.782628522115E-02,-1.844744067107));
#12213 = CARTESIAN_POINT('',(1.4,-0.1,-2.132091952673));
#12214 = GEOMETRIC_CURVE_SET('',(#12215));
#12215 = TRIMMED_CURVE('',#12216,(#12220,PARAMETER_VALUE(-0.840411216178
      )),(#12221,PARAMETER_VALUE(1.085558132931)),.T.,.PARAMETER.);
#12216 = LINE('',#12217,#12218);
#12217 = CARTESIAN_POINT('',(1.4,0.183664100754,-1.039776113857));
#12218 = VECTOR('',#12219,1.);
#12219 = DIRECTION('',(0.,0.287347885566,0.957826285221));
#12220 = CARTESIAN_POINT('',(1.4,-5.782628522115E-02,-1.844744067107));
#12221 = CARTESIAN_POINT('',(1.4,0.495596934911,-3.775736084661E-19));
#12222 = GEOMETRIC_CURVE_SET('',(#12223));
#12223 = TRIMMED_CURVE('',#12224,(#12228,PARAMETER_VALUE(
      -4.918904022438E-02)),(#12229,PARAMETER_VALUE(1.876780308885)),.T.
  ,.PARAMETER.);
#12224 = LINE('',#12225,#12226);
#12225 = CARTESIAN_POINT('',(1.4,0.481462568209,4.711455567171E-02));
#12226 = VECTOR('',#12227,1.);
#12227 = DIRECTION('',(0.,-0.287347885566,0.957826285221));
#12228 = CARTESIAN_POINT('',(1.4,0.495596934911,-3.775736084661E-19));
#12229 = CARTESIAN_POINT('',(1.4,-5.782628522115E-02,1.844744067107));
#12230 = GEOMETRIC_CURVE_SET('',(#12231));
#12231 = TRIMMED_CURVE('',#12232,(#12237,PARAMETER_VALUE(6.137456909941)
    ),(#12238,PARAMETER_VALUE(6.428913704419)),.T.,.PARAMETER.);
#12232 = CIRCLE('',#12233,1.);
#12233 = AXIS2_PLACEMENT_3D('',#12234,#12235,#12236);
#12234 = CARTESIAN_POINT('',(1.4,0.9,2.132091952673));
#12235 = DIRECTION('',(1.,0.,0.));
#12236 = DIRECTION('',(0.,-0.989400395497,-0.145213144685));
#12237 = CARTESIAN_POINT('',(1.4,-0.1,2.132091952673));
#12238 = CARTESIAN_POINT('',(1.4,-5.782628522115E-02,1.844744067107));
#12239 = GEOMETRIC_CURVE_SET('',(#12240));
#12240 = TRIMMED_CURVE('',#12241,(#12245,PARAMETER_VALUE(-6.741661516273
      )),(#12246,PARAMETER_VALUE(-5.50292271081)),.T.,.PARAMETER.);
#12241 = LINE('',#12242,#12243);
#12242 = CARTESIAN_POINT('',(1.4,-0.1,-3.370830758137));
#12243 = VECTOR('',#12244,1.);
#12244 = DIRECTION('',(0.,0.,-1.));
#12245 = CARTESIAN_POINT('',(1.4,-0.1,3.370830758137));
#12246 = CARTESIAN_POINT('',(1.4,-0.1,2.132091952673));
#12247 = GEOMETRIC_CURVE_SET('',(#12248));
#12248 = TRIMMED_CURVE('',#12249,(#12253,PARAMETER_VALUE(0.)),(#12254,
    PARAMETER_VALUE(0.1)),.T.,.PARAMETER.);
#12249 = LINE('',#12250,#12251);
#12250 = CARTESIAN_POINT('',(1.4,1.232595164408E-31,3.370830758137));
#12251 = VECTOR('',#12252,1.);
#12252 = DIRECTION('',(0.,-1.,0.));
#12253 = CARTESIAN_POINT('',(1.4,1.232595164408E-31,3.370830758137));
#12254 = CARTESIAN_POINT('',(1.4,-0.1,3.370830758137));
#12255 = GEOMETRIC_CURVE_SET('',(#12256));
#12256 = TRIMMED_CURVE('',#12257,(#12261,PARAMETER_VALUE(5.370830758137)
    ),(#12262,PARAMETER_VALUE(6.741661516273)),.T.,.PARAMETER.);
#12257 = LINE('',#12258,#12259);
#12258 = CARTESIAN_POINT('',(1.4,1.232595164408E-31,-3.370830758137));
#12259 = VECTOR('',#12260,1.);
#12260 = DIRECTION('',(0.,0.,1.));
#12261 = CARTESIAN_POINT('',(1.4,0.,2.));
#12262 = CARTESIAN_POINT('',(1.4,1.232595164408E-31,3.370830758137));
#12263 = GEOMETRIC_CURVE_SET('',(#12264));
#12264 = TRIMMED_CURVE('',#12265,(#12269,PARAMETER_VALUE(0.)),(#12270,
    PARAMETER_VALUE(2.088061301782)),.T.,.PARAMETER.);
#12265 = LINE('',#12266,#12267);
#12266 = CARTESIAN_POINT('',(1.4,0.6,0.));
#12267 = VECTOR('',#12268,1.);
#12268 = DIRECTION('',(0.,-0.287347885566,0.957826285221));
#12269 = CARTESIAN_POINT('',(1.4,0.6,0.));
#12270 = CARTESIAN_POINT('',(1.4,0.,2.));
#12271 = GEOMETRIC_CURVE_SET('',(#12272));
#12272 = TRIMMED_CURVE('',#12273,(#12277,PARAMETER_VALUE(0.)),(#12278,
    PARAMETER_VALUE(2.088061301782)),.T.,.PARAMETER.);
#12273 = LINE('',#12274,#12275);
#12274 = CARTESIAN_POINT('',(1.4,-3.469446951954E-17,-2.));
#12275 = VECTOR('',#12276,1.);
#12276 = DIRECTION('',(0.,0.287347885566,0.957826285221));
#12277 = CARTESIAN_POINT('',(1.4,-3.469446951954E-17,-2.));
#12278 = CARTESIAN_POINT('',(1.4,0.6,0.));
#12279 = GEOMETRIC_CURVE_SET('',(#12280));
#12280 = TRIMMED_CURVE('',#12281,(#12285,PARAMETER_VALUE(0.)),(#12286,
    PARAMETER_VALUE(1.370830758137)),.T.,.PARAMETER.);
#12281 = LINE('',#12282,#12283);
#12282 = CARTESIAN_POINT('',(1.4,1.232595164408E-31,-3.370830758137));
#12283 = VECTOR('',#12284,1.);
#12284 = DIRECTION('',(0.,0.,1.));
#12285 = CARTESIAN_POINT('',(1.4,1.232595164408E-31,-3.370830758137));
#12286 = CARTESIAN_POINT('',(1.4,-3.469446951954E-17,-2.));
#12287 = GEOMETRIC_CURVE_SET('',(#12288));
#12288 = TRIMMED_CURVE('',#12289,(#12293,PARAMETER_VALUE(0.)),(#12294,
    PARAMETER_VALUE(0.1)),.T.,.PARAMETER.);
#12289 = LINE('',#12290,#12291);
#12290 = CARTESIAN_POINT('',(1.4,1.232595164408E-31,-3.370830758137));
#12291 = VECTOR('',#12292,1.);
#12292 = DIRECTION('',(0.,-1.,0.));
#12293 = CARTESIAN_POINT('',(1.4,1.232595164408E-31,-3.370830758137));
#12294 = CARTESIAN_POINT('',(1.4,-0.1,-3.370830758137));
#12295 = GEOMETRIC_CURVE_SET('',(#12296));
#12296 = TRIMMED_CURVE('',#12297,(#12301,PARAMETER_VALUE(-1.238738805463
      )),(#12302,PARAMETER_VALUE(0.)),.T.,.PARAMETER.);
#12297 = LINE('',#12298,#12299);
#12298 = CARTESIAN_POINT('',(1.4,-0.1,-3.370830758137));
#12299 = VECTOR('',#12300,1.);
#12300 = DIRECTION('',(0.,0.,-1.));
#12301 = CARTESIAN_POINT('',(1.4,-0.1,-2.132091952673));
#12302 = CARTESIAN_POINT('',(1.4,-0.1,-3.370830758137));
#12303 = GEOMETRIC_CURVE_SET('',(#12304));
#12304 = TRIMMED_CURVE('',#12305,(#12310,PARAMETER_VALUE(
      -1.079227885489E-02)),(#12311,PARAMETER_VALUE(0.)),.T.,
  .PARAMETER.);
#12305 = B_SPLINE_CURVE_WITH_KNOTS('',3,(#12306,#12307,#12308,#12309),
  .UNSPECIFIED.,.F.,.F.,(4,4),(-1.079227885489E-02,0.),
  .PIECEWISE_BEZIER_KNOTS.);
#12306 = CARTESIAN_POINT('',(-1.515095684745,-5.782628522115E-02,
    -1.844744067107));
#12307 = CARTESIAN_POINT('',(-1.504312117395,-4.896153350236E-02,
    -1.815194894711));
#12308 = CARTESIAN_POINT('',(-1.5,-3.917012915062E-02,-1.782556880205));
#12309 = CARTESIAN_POINT('',(-1.5,-2.883300078597E-02,-1.748099785656));
#12310 = CARTESIAN_POINT('',(-1.515095684745,-5.782628522115E-02,
    -1.844744067107));
#12311 = CARTESIAN_POINT('',(-1.49999999804,-2.883300103859E-02,
    -1.748099789928));
#12312 = GEOMETRIC_CURVE_SET('',(#12313));
#12313 = TRIMMED_CURVE('',#12314,(#12319,PARAMETER_VALUE(6.008052682462)
    ),(#12320,PARAMETER_VALUE(6.28318530718)),.T.,.PARAMETER.);
#12314 = CIRCLE('',#12315,1.122129089087);
#12315 = AXIS2_PLACEMENT_3D('',#12316,#12317,#12318);
#12316 = CARTESIAN_POINT('',(-1.548220709362,1.019769030687,
    -2.155975107416));
#12317 = DIRECTION('',(-0.943537579046,6.482232469917E-02,0.32486135989)
  );
#12318 = DIRECTION('',(2.951979851415E-02,-0.960313146133,0.277357608261
    ));
#12319 = CARTESIAN_POINT('',(-1.616927371403,-0.1,-2.132091952673));
#12320 = CARTESIAN_POINT('',(-1.515095684745,-5.782628522115E-02,
    -1.844744067107));
#12321 = GEOMETRIC_CURVE_SET('',(#12322));
#12322 = TRIMMED_CURVE('',#12323,(#12331,PARAMETER_VALUE(-0.630227495317
      )),(#12332,PARAMETER_VALUE(-0.135243261076)),.T.,.PARAMETER.);
#12323 = B_SPLINE_CURVE_WITH_KNOTS('',3,(#12324,#12325,#12326,#12327,
    #12328,#12329,#12330),.UNSPECIFIED.,.F.,.F.,(4,1,1,1,4),(
    -0.630227495317,-0.488803428391,-0.418091394928,-0.276667328002,
    -0.135243261076),.UNSPECIFIED.);
#12324 = CARTESIAN_POINT('',(-1.616927371402,-0.1,2.132091952673));
#12325 = CARTESIAN_POINT('',(-1.988377604137,-0.1,1.841776348971));
#12326 = CARTESIAN_POINT('',(-2.439635151329,-1.E-01,1.27116540094));
#12327 = CARTESIAN_POINT('',(-2.778965859371,-0.1,0.127954754008));
#12328 = CARTESIAN_POINT('',(-2.596650608182,-1.E-01,-1.0821432896));
#12329 = CARTESIAN_POINT('',(-1.988377604138,-0.1,-1.841776348971));
#12330 = CARTESIAN_POINT('',(-1.616927371403,-0.1,-2.132091952673));
#12331 = CARTESIAN_POINT('',(-1.616927371402,-0.1,2.132091952673));
#12332 = CARTESIAN_POINT('',(-1.616927371403,-0.1,-2.132091952673));
#12333 = GEOMETRIC_CURVE_SET('',(#12334));
#12334 = TRIMMED_CURVE('',#12335,(#12340,PARAMETER_VALUE(6.008052649553)
    ),(#12341,PARAMETER_VALUE(6.28318530718)),.T.,.PARAMETER.);
#12335 = CIRCLE('',#12336,1.122128955714);
#12336 = AXIS2_PLACEMENT_3D('',#12337,#12338,#12339);
#12337 = CARTESIAN_POINT('',(-1.548220788653,1.019768902898,
    2.155975060561));
#12338 = DIRECTION('',(-0.943537580225,6.482225199807E-02,
    -0.324861370972));
#12339 = DIRECTION('',(-6.122877624579E-02,-0.997896807845,
    -2.128374619135E-02));
#12340 = CARTESIAN_POINT('',(-1.515095684745,-5.782628522115E-02,
    1.844744067107));
#12341 = CARTESIAN_POINT('',(-1.616927371402,-0.1,2.132091952673));
#12342 = GEOMETRIC_CURVE_SET('',(#12343));
#12343 = TRIMMED_CURVE('',#12344,(#12351,PARAMETER_VALUE(
      -4.369235236047E-02)),(#12352,PARAMETER_VALUE(-3.344003452437E-02)
    ),.T.,.PARAMETER.);
#12344 = B_SPLINE_CURVE_WITH_KNOTS('',3,(#12345,#12346,#12347,#12348,
    #12349,#12350),.UNSPECIFIED.,.F.,.F.,(4,2,4),(-4.369235236047E-02,
    -3.707938591104E-02,-3.344003452437E-02),.UNSPECIFIED.);
#12345 = CARTESIAN_POINT('',(-1.5,-2.883300078597E-02,1.748099785656));
#12346 = CARTESIAN_POINT('',(-1.5,-3.515250157027E-02,1.769164788271));
#12347 = CARTESIAN_POINT('',(-1.501616502752,-4.155284261239E-02,
    1.790499258412));
#12348 = CARTESIAN_POINT('',(-1.508055311372,-5.118427730662E-02,
    1.822604040726));
#12349 = CARTESIAN_POINT('',(-1.511110897896,-5.455054678289E-02,
    1.833824938979));
#12350 = CARTESIAN_POINT('',(-1.515095684745,-5.782628522119E-02,
    1.844744067107));
#12351 = CARTESIAN_POINT('',(-1.499999998039,-2.883300103837E-02,
    1.748099789929));
#12352 = CARTESIAN_POINT('',(-1.515095684745,-5.782628522115E-02,
    1.844744067107));
#12353 = GEOMETRIC_CURVE_SET('',(#12354));
#12354 = TRIMMED_CURVE('',#12355,(#12363,PARAMETER_VALUE(0.151769629599)
    ),(#12364,PARAMETER_VALUE(0.613702940364)),.T.,.PARAMETER.);
#12355 = B_SPLINE_CURVE_WITH_KNOTS('',3,(#12356,#12357,#12358,#12359,
    #12360,#12361,#12362),.UNSPECIFIED.,.F.,.F.,(4,1,1,1,4),(
    0.151769629599,0.276667328002,0.418091394928,0.488803428391,
    0.613706041546),.UNSPECIFIED.);
#12356 = CARTESIAN_POINT('',(-1.5000054488,-2.881229586761E-02,
    -1.748106007369));
#12357 = CARTESIAN_POINT('',(-1.746342686253,-1.224295818037E-02,
    -1.477326017795));
#12358 = CARTESIAN_POINT('',(-2.121749803539,3.80003268539E-02,
    -0.785892404664));
#12359 = CARTESIAN_POINT('',(-2.184043231099,8.231838327735E-02,
    8.967497374542E-02));
#12360 = CARTESIAN_POINT('',(-2.027761952149,1.994264271302E-02,
    0.973721087045));
#12361 = CARTESIAN_POINT('',(-1.747235630269,-1.29964480084E-02,
    1.478015212998));
#12362 = CARTESIAN_POINT('',(-1.500134177336,-2.894505752506E-02,
    1.748252894075));
#12363 = CARTESIAN_POINT('',(-1.49999999804,-2.883300103859E-02,
    -1.748099789928));
#12364 = CARTESIAN_POINT('',(-1.499999998039,-2.883300103837E-02,
    1.748099789929));
#12365 = GEOMETRIC_CURVE_SET('',(#12366));
#12366 = TRIMMED_CURVE('',#12367,(#12371,PARAMETER_VALUE(0.246289982755)
    ),(#12372,PARAMETER_VALUE(0.361385667501)),.T.,.PARAMETER.);
#12367 = LINE('',#12368,#12369);
#12368 = CARTESIAN_POINT('',(-1.761385667501,-5.782628522115E-02,
    1.844744067107));
#12369 = VECTOR('',#12370,1.);
#12370 = DIRECTION('',(1.,-1.662917750523E-16,5.543059168409E-16));
#12371 = CARTESIAN_POINT('',(-1.515095684745,-5.782628522115E-02,
    1.844744067107));
#12372 = CARTESIAN_POINT('',(-1.4,-5.782628522115E-02,1.844744067107));
#12373 = GEOMETRIC_CURVE_SET('',(#12374));
#12374 = TRIMMED_CURVE('',#12375,(#12380,PARAMETER_VALUE(6.137456909941)
    ),(#12381,PARAMETER_VALUE(6.428913704419)),.T.,.PARAMETER.);
#12375 = CIRCLE('',#12376,1.);
#12376 = AXIS2_PLACEMENT_3D('',#12377,#12378,#12379);
#12377 = CARTESIAN_POINT('',(-1.4,0.9,2.132091952673));
#12378 = DIRECTION('',(-1.,0.,0.));
#12379 = DIRECTION('',(-0.,-0.989400395497,-0.145213144685));
#12380 = CARTESIAN_POINT('',(-1.4,-5.782628522115E-02,1.844744067107));
#12381 = CARTESIAN_POINT('',(-1.4,-0.1,2.132091952673));
#12382 = GEOMETRIC_CURVE_SET('',(#12383));
#12383 = TRIMMED_CURVE('',#12384,(#12388,PARAMETER_VALUE(-0.361385667501
      )),(#12389,PARAMETER_VALUE(-0.144458296099)),.T.,.PARAMETER.);
#12384 = LINE('',#12385,#12386);
#12385 = CARTESIAN_POINT('',(-1.761385667501,-0.1,2.132091952673));
#12386 = VECTOR('',#12387,1.);
#12387 = DIRECTION('',(-1.,1.662917750523E-16,-5.543059168409E-16));
#12388 = CARTESIAN_POINT('',(-1.4,-0.1,2.132091952673));
#12389 = CARTESIAN_POINT('',(-1.616927371402,-0.1,2.132091952673));
#12390 = GEOMETRIC_CURVE_SET('',(#12391));
#12391 = TRIMMED_CURVE('',#12392,(#12397,PARAMETER_VALUE(6.008052649553)
    ),(#12398,PARAMETER_VALUE(6.28318530718)),.T.,.PARAMETER.);
#12392 = CIRCLE('',#12393,1.122128955714);
#12393 = AXIS2_PLACEMENT_3D('',#12394,#12395,#12396);
#12394 = CARTESIAN_POINT('',(-1.548220788653,1.019768902898,
    2.155975060561));
#12395 = DIRECTION('',(-0.943537580225,6.482225199807E-02,
    -0.324861370972));
#12396 = DIRECTION('',(-6.122877624579E-02,-0.997896807845,
    -2.128374619135E-02));
#12397 = CARTESIAN_POINT('',(-1.515095684745,-5.782628522115E-02,
    1.844744067107));
#12398 = CARTESIAN_POINT('',(-1.616927371402,-0.1,2.132091952673));
#12399 = GEOMETRIC_CURVE_SET('',(#12400));
#12400 = TRIMMED_CURVE('',#12401,(#12405,PARAMETER_VALUE(0.144458296098)
    ),(#12406,PARAMETER_VALUE(0.361385667501)),.T.,.PARAMETER.);
#12401 = LINE('',#12402,#12403);
#12402 = CARTESIAN_POINT('',(-1.761385667501,-0.1,-2.132091952673));
#12403 = VECTOR('',#12404,1.);
#12404 = DIRECTION('',(1.,-1.662917750523E-16,-5.543059168409E-16));
#12405 = CARTESIAN_POINT('',(-1.616927371403,-0.1,-2.132091952673));
#12406 = CARTESIAN_POINT('',(-1.4,-0.1,-2.132091952673));
#12407 = GEOMETRIC_CURVE_SET('',(#12408));
#12408 = TRIMMED_CURVE('',#12409,(#12414,PARAMETER_VALUE(6.137456909941)
    ),(#12415,PARAMETER_VALUE(6.428913704419)),.T.,.PARAMETER.);
#12409 = CIRCLE('',#12410,1.);
#12410 = AXIS2_PLACEMENT_3D('',#12411,#12412,#12413);
#12411 = CARTESIAN_POINT('',(-1.4,0.9,-2.132091952673));
#12412 = DIRECTION('',(-1.,0.,0.));
#12413 = DIRECTION('',(0.,-0.989400395497,0.145213144685));
#12414 = CARTESIAN_POINT('',(-1.4,-0.1,-2.132091952673));
#12415 = CARTESIAN_POINT('',(-1.4,-5.782628522115E-02,-1.844744067107));
#12416 = GEOMETRIC_CURVE_SET('',(#12417));
#12417 = TRIMMED_CURVE('',#12418,(#12422,PARAMETER_VALUE(-0.361385667501
      )),(#12423,PARAMETER_VALUE(-0.246289982755)),.T.,.PARAMETER.);
#12418 = LINE('',#12419,#12420);
#12419 = CARTESIAN_POINT('',(-1.761385667501,-5.782628522115E-02,
    -1.844744067107));
#12420 = VECTOR('',#12421,1.);
#12421 = DIRECTION('',(-1.,1.662917750523E-16,5.543059168409E-16));
#12422 = CARTESIAN_POINT('',(-1.4,-5.782628522115E-02,-1.844744067107));
#12423 = CARTESIAN_POINT('',(-1.515095684745,-5.782628522115E-02,
    -1.844744067107));
#12424 = GEOMETRIC_CURVE_SET('',(#12425));
#12425 = TRIMMED_CURVE('',#12426,(#12431,PARAMETER_VALUE(6.008052682462)
    ),(#12432,PARAMETER_VALUE(6.28318530718)),.T.,.PARAMETER.);
#12426 = CIRCLE('',#12427,1.122129089087);
#12427 = AXIS2_PLACEMENT_3D('',#12428,#12429,#12430);
#12428 = CARTESIAN_POINT('',(-1.548220709362,1.019769030687,
    -2.155975107416));
#12429 = DIRECTION('',(-0.943537579046,6.482232469917E-02,0.32486135989)
  );
#12430 = DIRECTION('',(2.951979851415E-02,-0.960313146133,0.277357608261
    ));
#12431 = CARTESIAN_POINT('',(-1.616927371403,-0.1,-2.132091952673));
#12432 = CARTESIAN_POINT('',(-1.515095684745,-5.782628522115E-02,
    -1.844744067107));
#12433 = GEOMETRIC_CURVE_SET('',(#12434));
#12434 = TRIMMED_CURVE('',#12435,(#12439,PARAMETER_VALUE(-0.361385667501
      )),(#12440,PARAMETER_VALUE(-0.246289982755)),.T.,.PARAMETER.);
#12435 = LINE('',#12436,#12437);
#12436 = CARTESIAN_POINT('',(-1.761385667501,-5.782628522115E-02,
    -1.844744067107));
#12437 = VECTOR('',#12438,1.);
#12438 = DIRECTION('',(-1.,1.662917750523E-16,5.543059168409E-16));
#12439 = CARTESIAN_POINT('',(-1.4,-5.782628522115E-02,-1.844744067107));
#12440 = CARTESIAN_POINT('',(-1.515095684745,-5.782628522115E-02,
    -1.844744067107));
#12441 = GEOMETRIC_CURVE_SET('',(#12442));
#12442 = TRIMMED_CURVE('',#12443,(#12447,PARAMETER_VALUE(-1.085558132931
      )),(#12448,PARAMETER_VALUE(0.840411216178)),.T.,.PARAMETER.);
#12443 = LINE('',#12444,#12445);
#12444 = CARTESIAN_POINT('',(-1.4,0.183664100754,-1.039776113857));
#12445 = VECTOR('',#12446,1.);
#12446 = DIRECTION('',(0.,-0.287347885566,-0.957826285221));
#12447 = CARTESIAN_POINT('',(-1.4,0.495596934911,-3.775736084661E-19));
#12448 = CARTESIAN_POINT('',(-1.4,-5.782628522115E-02,-1.844744067107));
#12449 = GEOMETRIC_CURVE_SET('',(#12450));
#12450 = TRIMMED_CURVE('',#12451,(#12455,PARAMETER_VALUE(0.)),(#12456,
    PARAMETER_VALUE(0.1)),.T.,.PARAMETER.);
#12451 = LINE('',#12452,#12453);
#12452 = CARTESIAN_POINT('',(-1.4,0.495596934911,-3.775736084661E-19));
#12453 = VECTOR('',#12454,1.);
#12454 = DIRECTION('',(-1.,0.,0.));
#12455 = CARTESIAN_POINT('',(-1.4,0.495596934911,-3.775736084661E-19));
#12456 = CARTESIAN_POINT('',(-1.5,0.495596934911,0.));
#12457 = GEOMETRIC_CURVE_SET('',(#12458));
#12458 = TRIMMED_CURVE('',#12459,(#12463,PARAMETER_VALUE(-1.825069761205
      )),(#12464,PARAMETER_VALUE(0.)),.T.,.PARAMETER.);
#12459 = LINE('',#12460,#12461);
#12460 = CARTESIAN_POINT('',(-1.5,0.495596934911,-3.775736084661E-19));
#12461 = VECTOR('',#12462,1.);
#12462 = DIRECTION('',(0.,0.287347885566,0.957826285221));
#12463 = CARTESIAN_POINT('',(-1.49999999804,-2.883300103859E-02,
    -1.748099789928));
#12464 = CARTESIAN_POINT('',(-1.5,0.495596934911,0.));
#12465 = GEOMETRIC_CURVE_SET('',(#12466));
#12466 = TRIMMED_CURVE('',#12467,(#12472,PARAMETER_VALUE(
      -1.079227885489E-02)),(#12473,PARAMETER_VALUE(0.)),.T.,
  .PARAMETER.);
#12467 = B_SPLINE_CURVE_WITH_KNOTS('',3,(#12468,#12469,#12470,#12471),
  .UNSPECIFIED.,.F.,.F.,(4,4),(-1.079227885489E-02,0.),
  .PIECEWISE_BEZIER_KNOTS.);
#12468 = CARTESIAN_POINT('',(-1.515095684745,-5.782628522115E-02,
    -1.844744067107));
#12469 = CARTESIAN_POINT('',(-1.504312117395,-4.896153350236E-02,
    -1.815194894711));
#12470 = CARTESIAN_POINT('',(-1.5,-3.917012915062E-02,-1.782556880205));
#12471 = CARTESIAN_POINT('',(-1.5,-2.883300078597E-02,-1.748099785656));
#12472 = CARTESIAN_POINT('',(-1.515095684745,-5.782628522115E-02,
    -1.844744067107));
#12473 = CARTESIAN_POINT('',(-1.49999999804,-2.883300103859E-02,
    -1.748099789928));
#12474 = GEOMETRIC_CURVE_SET('',(#12475));
#12475 = TRIMMED_CURVE('',#12476,(#12481,PARAMETER_VALUE(6.137456909941)
    ),(#12482,PARAMETER_VALUE(6.428913704419)),.T.,.PARAMETER.);
#12476 = CIRCLE('',#12477,1.);
#12477 = AXIS2_PLACEMENT_3D('',#12478,#12479,#12480);
#12478 = CARTESIAN_POINT('',(-1.4,0.9,-2.132091952673));
#12479 = DIRECTION('',(-1.,0.,0.));
#12480 = DIRECTION('',(0.,-0.989400395497,0.145213144685));
#12481 = CARTESIAN_POINT('',(-1.4,-0.1,-2.132091952673));
#12482 = CARTESIAN_POINT('',(-1.4,-5.782628522115E-02,-1.844744067107));
#12483 = GEOMETRIC_CURVE_SET('',(#12484));
#12484 = TRIMMED_CURVE('',#12485,(#12489,PARAMETER_VALUE(-1.238738805463
      )),(#12490,PARAMETER_VALUE(0.)),.T.,.PARAMETER.);
#12485 = LINE('',#12486,#12487);
#12486 = CARTESIAN_POINT('',(-1.4,-0.1,-3.370830758137));
#12487 = VECTOR('',#12488,1.);
#12488 = DIRECTION('',(0.,0.,-1.));
#12489 = CARTESIAN_POINT('',(-1.4,-0.1,-2.132091952673));
#12490 = CARTESIAN_POINT('',(-1.4,-0.1,-3.370830758137));
#12491 = GEOMETRIC_CURVE_SET('',(#12492));
#12492 = TRIMMED_CURVE('',#12493,(#12497,PARAMETER_VALUE(0.)),(#12498,
    PARAMETER_VALUE(0.1)),.T.,.PARAMETER.);
#12493 = LINE('',#12494,#12495);
#12494 = CARTESIAN_POINT('',(-1.4,1.232595164408E-31,-3.370830758137));
#12495 = VECTOR('',#12496,1.);
#12496 = DIRECTION('',(0.,-1.,0.));
#12497 = CARTESIAN_POINT('',(-1.4,1.232595164408E-31,-3.370830758137));
#12498 = CARTESIAN_POINT('',(-1.4,-0.1,-3.370830758137));
#12499 = GEOMETRIC_CURVE_SET('',(#12500));
#12500 = TRIMMED_CURVE('',#12501,(#12505,PARAMETER_VALUE(0.)),(#12506,
    PARAMETER_VALUE(1.370830758137)),.T.,.PARAMETER.);
#12501 = LINE('',#12502,#12503);
#12502 = CARTESIAN_POINT('',(-1.4,1.232595164408E-31,-3.370830758137));
#12503 = VECTOR('',#12504,1.);
#12504 = DIRECTION('',(0.,0.,1.));
#12505 = CARTESIAN_POINT('',(-1.4,1.232595164408E-31,-3.370830758137));
#12506 = CARTESIAN_POINT('',(-1.4,-3.469446951954E-17,-2.));
#12507 = GEOMETRIC_CURVE_SET('',(#12508));
#12508 = TRIMMED_CURVE('',#12509,(#12513,PARAMETER_VALUE(0.)),(#12514,
    PARAMETER_VALUE(2.088061301782)),.T.,.PARAMETER.);
#12509 = LINE('',#12510,#12511);
#12510 = CARTESIAN_POINT('',(-1.4,-3.469446951954E-17,-2.));
#12511 = VECTOR('',#12512,1.);
#12512 = DIRECTION('',(0.,0.287347885566,0.957826285221));
#12513 = CARTESIAN_POINT('',(-1.4,-3.469446951954E-17,-2.));
#12514 = CARTESIAN_POINT('',(-1.4,0.6,0.));
#12515 = GEOMETRIC_CURVE_SET('',(#12516));
#12516 = TRIMMED_CURVE('',#12517,(#12521,PARAMETER_VALUE(0.)),(#12522,
    PARAMETER_VALUE(2.088061301782)),.T.,.PARAMETER.);
#12517 = LINE('',#12518,#12519);
#12518 = CARTESIAN_POINT('',(-1.4,0.6,0.));
#12519 = VECTOR('',#12520,1.);
#12520 = DIRECTION('',(0.,-0.287347885566,0.957826285221));
#12521 = CARTESIAN_POINT('',(-1.4,0.6,0.));
#12522 = CARTESIAN_POINT('',(-1.4,0.,2.));
#12523 = GEOMETRIC_CURVE_SET('',(#12524));
#12524 = TRIMMED_CURVE('',#12525,(#12529,PARAMETER_VALUE(5.370830758137)
    ),(#12530,PARAMETER_VALUE(6.741661516273)),.T.,.PARAMETER.);
#12525 = LINE('',#12526,#12527);
#12526 = CARTESIAN_POINT('',(-1.4,1.232595164408E-31,-3.370830758137));
#12527 = VECTOR('',#12528,1.);
#12528 = DIRECTION('',(0.,0.,1.));
#12529 = CARTESIAN_POINT('',(-1.4,0.,2.));
#12530 = CARTESIAN_POINT('',(-1.4,1.232595164408E-31,3.370830758137));
#12531 = GEOMETRIC_CURVE_SET('',(#12532));
#12532 = TRIMMED_CURVE('',#12533,(#12537,PARAMETER_VALUE(0.)),(#12538,
    PARAMETER_VALUE(0.1)),.T.,.PARAMETER.);
#12533 = LINE('',#12534,#12535);
#12534 = CARTESIAN_POINT('',(-1.4,1.232595164408E-31,3.370830758137));
#12535 = VECTOR('',#12536,1.);
#12536 = DIRECTION('',(0.,-1.,0.));
#12537 = CARTESIAN_POINT('',(-1.4,1.232595164408E-31,3.370830758137));
#12538 = CARTESIAN_POINT('',(-1.4,-0.1,3.370830758137));
#12539 = GEOMETRIC_CURVE_SET('',(#12540));
#12540 = TRIMMED_CURVE('',#12541,(#12545,PARAMETER_VALUE(-6.741661516273
      )),(#12546,PARAMETER_VALUE(-5.50292271081)),.T.,.PARAMETER.);
#12541 = LINE('',#12542,#12543);
#12542 = CARTESIAN_POINT('',(-1.4,-0.1,-3.370830758137));
#12543 = VECTOR('',#12544,1.);
#12544 = DIRECTION('',(0.,0.,-1.));
#12545 = CARTESIAN_POINT('',(-1.4,-0.1,3.370830758137));
#12546 = CARTESIAN_POINT('',(-1.4,-0.1,2.132091952673));
#12547 = GEOMETRIC_CURVE_SET('',(#12548));
#12548 = TRIMMED_CURVE('',#12549,(#12554,PARAMETER_VALUE(6.137456909941)
    ),(#12555,PARAMETER_VALUE(6.428913704419)),.T.,.PARAMETER.);
#12549 = CIRCLE('',#12550,1.);
#12550 = AXIS2_PLACEMENT_3D('',#12551,#12552,#12553);
#12551 = CARTESIAN_POINT('',(-1.4,0.9,2.132091952673));
#12552 = DIRECTION('',(-1.,0.,0.));
#12553 = DIRECTION('',(-0.,-0.989400395497,-0.145213144685));
#12554 = CARTESIAN_POINT('',(-1.4,-5.782628522115E-02,1.844744067107));
#12555 = CARTESIAN_POINT('',(-1.4,-0.1,2.132091952673));
#12556 = GEOMETRIC_CURVE_SET('',(#12557));
#12557 = TRIMMED_CURVE('',#12558,(#12562,PARAMETER_VALUE(-1.876780308885
      )),(#12563,PARAMETER_VALUE(4.918904022438E-02)),.T.,.PARAMETER.);
#12558 = LINE('',#12559,#12560);
#12559 = CARTESIAN_POINT('',(-1.4,0.481462568209,4.711455567171E-02));
#12560 = VECTOR('',#12561,1.);
#12561 = DIRECTION('',(0.,0.287347885566,-0.957826285221));
#12562 = CARTESIAN_POINT('',(-1.4,-5.782628522115E-02,1.844744067107));
#12563 = CARTESIAN_POINT('',(-1.4,0.495596934911,-3.775736084661E-19));
#12564 = GEOMETRIC_CURVE_SET('',(#12565));
#12565 = TRIMMED_CURVE('',#12566,(#12570,PARAMETER_VALUE(-1.085558132931
      )),(#12571,PARAMETER_VALUE(0.840411216178)),.T.,.PARAMETER.);
#12566 = LINE('',#12567,#12568);
#12567 = CARTESIAN_POINT('',(-1.4,0.183664100754,-1.039776113857));
#12568 = VECTOR('',#12569,1.);
#12569 = DIRECTION('',(0.,-0.287347885566,-0.957826285221));
#12570 = CARTESIAN_POINT('',(-1.4,0.495596934911,-3.775736084661E-19));
#12571 = CARTESIAN_POINT('',(-1.4,-5.782628522115E-02,-1.844744067107));
#12572 = GEOMETRIC_CURVE_SET('',(#12573));
#12573 = TRIMMED_CURVE('',#12574,(#12578,PARAMETER_VALUE(0.144458296098)
    ),(#12579,PARAMETER_VALUE(0.361385667501)),.T.,.PARAMETER.);
#12574 = LINE('',#12575,#12576);
#12575 = CARTESIAN_POINT('',(-1.761385667501,-0.1,-2.132091952673));
#12576 = VECTOR('',#12577,1.);
#12577 = DIRECTION('',(1.,-1.662917750523E-16,-5.543059168409E-16));
#12578 = CARTESIAN_POINT('',(-1.616927371403,-0.1,-2.132091952673));
#12579 = CARTESIAN_POINT('',(-1.4,-0.1,-2.132091952673));
#12580 = GEOMETRIC_CURVE_SET('',(#12581));
#12581 = TRIMMED_CURVE('',#12582,(#12590,PARAMETER_VALUE(-0.630227495317
      )),(#12591,PARAMETER_VALUE(-0.135243261076)),.T.,.PARAMETER.);
#12582 = B_SPLINE_CURVE_WITH_KNOTS('',3,(#12583,#12584,#12585,#12586,
    #12587,#12588,#12589),.UNSPECIFIED.,.F.,.F.,(4,1,1,1,4),(
    -0.630227495317,-0.488803428391,-0.418091394928,-0.276667328002,
    -0.135243261076),.UNSPECIFIED.);
#12583 = CARTESIAN_POINT('',(-1.616927371402,-0.1,2.132091952673));
#12584 = CARTESIAN_POINT('',(-1.988377604137,-0.1,1.841776348971));
#12585 = CARTESIAN_POINT('',(-2.439635151329,-1.E-01,1.27116540094));
#12586 = CARTESIAN_POINT('',(-2.778965859371,-0.1,0.127954754008));
#12587 = CARTESIAN_POINT('',(-2.596650608182,-1.E-01,-1.0821432896));
#12588 = CARTESIAN_POINT('',(-1.988377604138,-0.1,-1.841776348971));
#12589 = CARTESIAN_POINT('',(-1.616927371403,-0.1,-2.132091952673));
#12590 = CARTESIAN_POINT('',(-1.616927371402,-0.1,2.132091952673));
#12591 = CARTESIAN_POINT('',(-1.616927371403,-0.1,-2.132091952673));
#12592 = GEOMETRIC_CURVE_SET('',(#12593));
#12593 = TRIMMED_CURVE('',#12594,(#12598,PARAMETER_VALUE(-0.361385667501
      )),(#12599,PARAMETER_VALUE(-0.144458296099)),.T.,.PARAMETER.);
#12594 = LINE('',#12595,#12596);
#12595 = CARTESIAN_POINT('',(-1.761385667501,-0.1,2.132091952673));
#12596 = VECTOR('',#12597,1.);
#12597 = DIRECTION('',(-1.,1.662917750523E-16,-5.543059168409E-16));
#12598 = CARTESIAN_POINT('',(-1.4,-0.1,2.132091952673));
#12599 = CARTESIAN_POINT('',(-1.616927371402,-0.1,2.132091952673));
#12600 = GEOMETRIC_CURVE_SET('',(#12601));
#12601 = TRIMMED_CURVE('',#12602,(#12606,PARAMETER_VALUE(-6.741661516273
      )),(#12607,PARAMETER_VALUE(-5.50292271081)),.T.,.PARAMETER.);
#12602 = LINE('',#12603,#12604);
#12603 = CARTESIAN_POINT('',(-1.4,-0.1,-3.370830758137));
#12604 = VECTOR('',#12605,1.);
#12605 = DIRECTION('',(0.,0.,-1.));
#12606 = CARTESIAN_POINT('',(-1.4,-0.1,3.370830758137));
#12607 = CARTESIAN_POINT('',(-1.4,-0.1,2.132091952673));
#12608 = GEOMETRIC_CURVE_SET('',(#12609));
#12609 = TRIMMED_CURVE('',#12610,(#12615,PARAMETER_VALUE(3.14159265359))
  ,(#12616,PARAMETER_VALUE(4.190579960056)),.T.,.PARAMETER.);
#12610 = CIRCLE('',#12611,3.65);
#12611 = AXIS2_PLACEMENT_3D('',#12612,#12613,#12614);
#12612 = CARTESIAN_POINT('',(0.,-0.1,0.));
#12613 = DIRECTION('',(0.,1.,0.));
#12614 = DIRECTION('',(0.991798846431,0.,-0.127808639058));
#12615 = CARTESIAN_POINT('',(-3.620065789474,-0.1,0.466501532562));
#12616 = CARTESIAN_POINT('',(-1.4,-0.1,3.370830758137));
#12617 = GEOMETRIC_CURVE_SET('',(#12618));
#12618 = TRIMMED_CURVE('',#12619,(#12624,PARAMETER_VALUE(3.877846378096)
    ),(#12625,PARAMETER_VALUE(6.28318530718)),.T.,.PARAMETER.);
#12619 = CIRCLE('',#12620,0.5);
#12620 = AXIS2_PLACEMENT_3D('',#12621,#12622,#12623);
#12621 = CARTESIAN_POINT('',(-3.8,-0.1,0.));
#12622 = DIRECTION('',(0.,-1.,0.));
#12623 = DIRECTION('',(0.359868421053,0.,0.933003065123));
#12624 = CARTESIAN_POINT('',(-3.620065789474,-0.1,-0.466501532562));
#12625 = CARTESIAN_POINT('',(-3.620065789474,-0.1,0.466501532562));
#12626 = GEOMETRIC_CURVE_SET('',(#12627));
#12627 = TRIMMED_CURVE('',#12628,(#12633,PARAMETER_VALUE(3.247560392473)
    ),(#12634,PARAMETER_VALUE(4.296547698939)),.T.,.PARAMETER.);
#12628 = CIRCLE('',#12629,3.65);
#12629 = AXIS2_PLACEMENT_3D('',#12630,#12631,#12632);
#12630 = CARTESIAN_POINT('',(0.,-0.1,0.));
#12631 = DIRECTION('',(0.,1.,0.));
#12632 = DIRECTION('',(0.283730344893,-0.,0.958904109589));
#12633 = CARTESIAN_POINT('',(-1.4,-0.1,-3.370830758137));
#12634 = CARTESIAN_POINT('',(-3.620065789474,-0.1,-0.466501532562));
#12635 = GEOMETRIC_CURVE_SET('',(#12636));
#12636 = TRIMMED_CURVE('',#12637,(#12641,PARAMETER_VALUE(-1.238738805463
      )),(#12642,PARAMETER_VALUE(0.)),.T.,.PARAMETER.);
#12637 = LINE('',#12638,#12639);
#12638 = CARTESIAN_POINT('',(-1.4,-0.1,-3.370830758137));
#12639 = VECTOR('',#12640,1.);
#12640 = DIRECTION('',(0.,0.,-1.));
#12641 = CARTESIAN_POINT('',(-1.4,-0.1,-2.132091952673));
#12642 = CARTESIAN_POINT('',(-1.4,-0.1,-3.370830758137));
#12643 = GEOMETRIC_CURVE_SET('',(#12644));
#12644 = TRIMMED_CURVE('',#12645,(#12649,PARAMETER_VALUE(-2.072738185412
      )),(#12650,PARAMETER_VALUE(-0.247668424207)),.T.,.PARAMETER.);
#12645 = LINE('',#12646,#12647);
#12646 = CARTESIAN_POINT('',(-1.5,-0.1,1.98532311637));
#12647 = VECTOR('',#12648,1.);
#12648 = DIRECTION('',(0.,-0.287347885566,0.957826285221));
#12649 = CARTESIAN_POINT('',(-1.5,0.495596934911,0.));
#12650 = CARTESIAN_POINT('',(-1.499999998039,-2.883300103837E-02,
    1.748099789929));
#12651 = GEOMETRIC_CURVE_SET('',(#12652));
#12652 = B_SPLINE_CURVE_WITH_KNOTS('',1,(#12653,#12654,#12655,#12656,
    #12657,#12658,#12659,#12660,#12661,#12662,#12663,#12664,#12665,
    #12666,#12667,#12668,#12669,#12670,#12671,#12672,#12673,#12674,
    #12675),.UNSPECIFIED.,.T.,.F.,(2,1,1,1,1,1,1,1,1,1,1,1,1,1,1,1,1,1,1
    ,1,1,1,2),(0.,0.13497098004,0.269941960081,0.404912940121,
    0.539883920161,0.674854900201,0.809825880242,0.944796860282,
    1.079767840322,1.214738820362,1.349709800403,1.484680780443,
    1.619651760483,1.754622740524,1.889593720564,2.024564700604,
    2.159535680644,2.294506660685,2.429477640725,2.564448620765,
    2.699419600805,2.834390580846,2.969361560886),
  .PIECEWISE_BEZIER_KNOTS.);
#12653 = CARTESIAN_POINT('',(-1.5,0.495596934911,0.));
#12654 = CARTESIAN_POINT('',(-1.5,0.495596934911,1.160701362675E-16));
#12655 = CARTESIAN_POINT('',(-1.5,0.495596934911,1.204513713205E-16));
#12656 = CARTESIAN_POINT('',(-1.5,0.495596934911,1.239606775233E-16));
#12657 = CARTESIAN_POINT('',(-1.5,0.495596934911,1.264160678109E-16));
#12658 = CARTESIAN_POINT('',(-1.5,0.495596934911,0.));
#12659 = CARTESIAN_POINT('',(-1.5,0.495596934911,1.915209071578E-16));
#12660 = CARTESIAN_POINT('',(-1.5,0.495596934911,1.896241017164E-16));
#12661 = CARTESIAN_POINT('',(-1.5,0.495596934911,1.239606775233E-16));
#12662 = CARTESIAN_POINT('',(-1.5,0.495596934911,1.505642141506E-16));
#12663 = CARTESIAN_POINT('',(-1.5,0.495596934911,2.176315055016E-16));
#12664 = CARTESIAN_POINT('',(-1.5,0.495596934911,2.220446049251E-16));
#12665 = CARTESIAN_POINT('',(-1.5,0.495596934911,3.046841077022E-16));
#12666 = CARTESIAN_POINT('',(-1.5,0.495596934911,2.710155854711E-16));
#12667 = CARTESIAN_POINT('',(-1.5,0.495596934911,3.099016938082E-16));
#12668 = CARTESIAN_POINT('',(-1.5,0.495596934911,2.528321356218E-16));
#12669 = CARTESIAN_POINT('',(-1.5,0.495596934911,2.553612095438E-16));
#12670 = CARTESIAN_POINT('',(-1.5,0.495596934911,2.553612095438E-16));
#12671 = CARTESIAN_POINT('',(-1.5,0.495596934911,1.264160678109E-16));
#12672 = CARTESIAN_POINT('',(-1.5,0.495596934911,2.479213550466E-16));
#12673 = CARTESIAN_POINT('',(-1.5,0.495596934911,2.40902742641E-16));
#12674 = CARTESIAN_POINT('',(-1.5,0.495596934911,2.32140272535E-16));
#12675 = CARTESIAN_POINT('',(-1.5,0.495596934911,0.));
#12676 = GEOMETRIC_CURVE_SET('',(#12677));
#12677 = TRIMMED_CURVE('',#12678,(#12682,PARAMETER_VALUE(-1.825069761205
      )),(#12683,PARAMETER_VALUE(0.)),.T.,.PARAMETER.);
#12678 = LINE('',#12679,#12680);
#12679 = CARTESIAN_POINT('',(-1.5,0.495596934911,-3.775736084661E-19));
#12680 = VECTOR('',#12681,1.);
#12681 = DIRECTION('',(0.,0.287347885566,0.957826285221));
#12682 = CARTESIAN_POINT('',(-1.49999999804,-2.883300103859E-02,
    -1.748099789928));
#12683 = CARTESIAN_POINT('',(-1.5,0.495596934911,0.));
#12684 = GEOMETRIC_CURVE_SET('',(#12685));
#12685 = TRIMMED_CURVE('',#12686,(#12694,PARAMETER_VALUE(0.151769629599)
    ),(#12695,PARAMETER_VALUE(0.613702940364)),.T.,.PARAMETER.);
#12686 = B_SPLINE_CURVE_WITH_KNOTS('',3,(#12687,#12688,#12689,#12690,
    #12691,#12692,#12693),.UNSPECIFIED.,.F.,.F.,(4,1,1,1,4),(
    0.151769629599,0.276667328002,0.418091394928,0.488803428391,
    0.613706041546),.UNSPECIFIED.);
#12687 = CARTESIAN_POINT('',(-1.5000054488,-2.881229586761E-02,
    -1.748106007369));
#12688 = CARTESIAN_POINT('',(-1.746342686253,-1.224295818037E-02,
    -1.477326017795));
#12689 = CARTESIAN_POINT('',(-2.121749803539,3.80003268539E-02,
    -0.785892404664));
#12690 = CARTESIAN_POINT('',(-2.184043231099,8.231838327735E-02,
    8.967497374542E-02));
#12691 = CARTESIAN_POINT('',(-2.027761952149,1.994264271302E-02,
    0.973721087045));
#12692 = CARTESIAN_POINT('',(-1.747235630269,-1.29964480084E-02,
    1.478015212998));
#12693 = CARTESIAN_POINT('',(-1.500134177336,-2.894505752506E-02,
    1.748252894075));
#12694 = CARTESIAN_POINT('',(-1.49999999804,-2.883300103859E-02,
    -1.748099789928));
#12695 = CARTESIAN_POINT('',(-1.499999998039,-2.883300103837E-02,
    1.748099789929));
#12696 = GEOMETRIC_CURVE_SET('',(#12697));
#12697 = TRIMMED_CURVE('',#12698,(#12702,PARAMETER_VALUE(0.246289982755)
    ),(#12703,PARAMETER_VALUE(0.361385667501)),.T.,.PARAMETER.);
#12698 = LINE('',#12699,#12700);
#12699 = CARTESIAN_POINT('',(-1.761385667501,-5.782628522115E-02,
    1.844744067107));
#12700 = VECTOR('',#12701,1.);
#12701 = DIRECTION('',(1.,-1.662917750523E-16,5.543059168409E-16));
#12702 = CARTESIAN_POINT('',(-1.515095684745,-5.782628522115E-02,
    1.844744067107));
#12703 = CARTESIAN_POINT('',(-1.4,-5.782628522115E-02,1.844744067107));
#12704 = GEOMETRIC_CURVE_SET('',(#12705));
#12705 = TRIMMED_CURVE('',#12706,(#12713,PARAMETER_VALUE(
      -4.369235236047E-02)),(#12714,PARAMETER_VALUE(-3.344003452437E-02)
    ),.T.,.PARAMETER.);
#12706 = B_SPLINE_CURVE_WITH_KNOTS('',3,(#12707,#12708,#12709,#12710,
    #12711,#12712),.UNSPECIFIED.,.F.,.F.,(4,2,4),(-4.369235236047E-02,
    -3.707938591104E-02,-3.344003452437E-02),.UNSPECIFIED.);
#12707 = CARTESIAN_POINT('',(-1.5,-2.883300078597E-02,1.748099785656));
#12708 = CARTESIAN_POINT('',(-1.5,-3.515250157027E-02,1.769164788271));
#12709 = CARTESIAN_POINT('',(-1.501616502752,-4.155284261239E-02,
    1.790499258412));
#12710 = CARTESIAN_POINT('',(-1.508055311372,-5.118427730662E-02,
    1.822604040726));
#12711 = CARTESIAN_POINT('',(-1.511110897896,-5.455054678289E-02,
    1.833824938979));
#12712 = CARTESIAN_POINT('',(-1.515095684745,-5.782628522119E-02,
    1.844744067107));
#12713 = CARTESIAN_POINT('',(-1.499999998039,-2.883300103837E-02,
    1.748099789929));
#12714 = CARTESIAN_POINT('',(-1.515095684745,-5.782628522115E-02,
    1.844744067107));
#12715 = GEOMETRIC_CURVE_SET('',(#12716));
#12716 = TRIMMED_CURVE('',#12717,(#12721,PARAMETER_VALUE(-2.072738185412
      )),(#12722,PARAMETER_VALUE(-0.247668424207)),.T.,.PARAMETER.);
#12717 = LINE('',#12718,#12719);
#12718 = CARTESIAN_POINT('',(-1.5,-0.1,1.98532311637));
#12719 = VECTOR('',#12720,1.);
#12720 = DIRECTION('',(0.,-0.287347885566,0.957826285221));
#12721 = CARTESIAN_POINT('',(-1.5,0.495596934911,0.));
#12722 = CARTESIAN_POINT('',(-1.499999998039,-2.883300103837E-02,
    1.748099789929));
#12723 = GEOMETRIC_CURVE_SET('',(#12724));
#12724 = TRIMMED_CURVE('',#12725,(#12729,PARAMETER_VALUE(0.)),(#12730,
    PARAMETER_VALUE(0.1)),.T.,.PARAMETER.);
#12725 = LINE('',#12726,#12727);
#12726 = CARTESIAN_POINT('',(-1.4,0.495596934911,-3.775736084661E-19));
#12727 = VECTOR('',#12728,1.);
#12728 = DIRECTION('',(-1.,0.,0.));
#12729 = CARTESIAN_POINT('',(-1.4,0.495596934911,-3.775736084661E-19));
#12730 = CARTESIAN_POINT('',(-1.5,0.495596934911,0.));
#12731 = GEOMETRIC_CURVE_SET('',(#12732));
#12732 = TRIMMED_CURVE('',#12733,(#12737,PARAMETER_VALUE(-1.876780308885
      )),(#12738,PARAMETER_VALUE(4.918904022438E-02)),.T.,.PARAMETER.);
#12733 = LINE('',#12734,#12735);
#12734 = CARTESIAN_POINT('',(-1.4,0.481462568209,4.711455567171E-02));
#12735 = VECTOR('',#12736,1.);
#12736 = DIRECTION('',(0.,0.287347885566,-0.957826285221));
#12737 = CARTESIAN_POINT('',(-1.4,-5.782628522115E-02,1.844744067107));
#12738 = CARTESIAN_POINT('',(-1.4,0.495596934911,-3.775736084661E-19));
#12739 = GEOMETRIC_CURVE_SET('',(#12740));
#12740 = TRIMMED_CURVE('',#12741,(#12745,PARAMETER_VALUE(0.)),(#12746,
    PARAMETER_VALUE(0.1)),.T.,.PARAMETER.);
#12741 = LINE('',#12742,#12743);
#12742 = CARTESIAN_POINT('',(-1.4,-3.469446951954E-17,-2.));
#12743 = VECTOR('',#12744,1.);
#12744 = DIRECTION('',(-1.,0.,0.));
#12745 = CARTESIAN_POINT('',(-1.4,-3.469446951954E-17,-2.));
#12746 = CARTESIAN_POINT('',(-1.5,-3.469446951954E-17,-2.));
#12747 = GEOMETRIC_CURVE_SET('',(#12748));
#12748 = TRIMMED_CURVE('',#12749,(#12753,PARAMETER_VALUE(0.)),(#12754,
    PARAMETER_VALUE(1.370830758137)),.T.,.PARAMETER.);
#12749 = LINE('',#12750,#12751);
#12750 = CARTESIAN_POINT('',(-1.4,1.232595164408E-31,-3.370830758137));
#12751 = VECTOR('',#12752,1.);
#12752 = DIRECTION('',(0.,0.,1.));
#12753 = CARTESIAN_POINT('',(-1.4,1.232595164408E-31,-3.370830758137));
#12754 = CARTESIAN_POINT('',(-1.4,-3.469446951954E-17,-2.));
#12755 = GEOMETRIC_CURVE_SET('',(#12756));
#12756 = TRIMMED_CURVE('',#12757,(#12762,PARAMETER_VALUE(1.986637608241)
    ),(#12763,PARAMETER_VALUE(3.035624914707)),.T.,.PARAMETER.);
#12757 = CIRCLE('',#12758,3.65);
#12758 = AXIS2_PLACEMENT_3D('',#12759,#12760,#12761);
#12759 = CARTESIAN_POINT('',(0.,1.232595164408E-31,0.));
#12760 = DIRECTION('',(0.,-1.,0.));
#12761 = DIRECTION('',(0.283730344893,0.,0.958904109589));
#12762 = CARTESIAN_POINT('',(-3.620065789474,1.232595164408E-31,
    -0.466501532562));
#12763 = CARTESIAN_POINT('',(-1.4,1.232595164408E-31,-3.370830758137));
#12764 = GEOMETRIC_CURVE_SET('',(#12765));
#12765 = TRIMMED_CURVE('',#12766,(#12771,PARAMETER_VALUE(0.)),(#12772,
    PARAMETER_VALUE(2.405338929084)),.T.,.PARAMETER.);
#12766 = CIRCLE('',#12767,0.5);
#12767 = AXIS2_PLACEMENT_3D('',#12768,#12769,#12770);
#12768 = CARTESIAN_POINT('',(-3.8,1.232595164408E-31,0.));
#12769 = DIRECTION('',(0.,1.,0.));
#12770 = DIRECTION('',(0.359868421053,-0.,0.933003065123));
#12771 = CARTESIAN_POINT('',(-3.620065789474,1.232595164408E-31,
    0.466501532562));
#12772 = CARTESIAN_POINT('',(-3.620065789474,1.232595164408E-31,
    -0.466501532562));
#12773 = GEOMETRIC_CURVE_SET('',(#12774));
#12774 = TRIMMED_CURVE('',#12775,(#12780,PARAMETER_VALUE(2.092605347124)
    ),(#12781,PARAMETER_VALUE(3.14159265359)),.T.,.PARAMETER.);
#12775 = CIRCLE('',#12776,3.65);
#12776 = AXIS2_PLACEMENT_3D('',#12777,#12778,#12779);
#12777 = CARTESIAN_POINT('',(0.,1.232595164408E-31,0.));
#12778 = DIRECTION('',(0.,-1.,0.));
#12779 = DIRECTION('',(0.991798846431,0.,-0.127808639058));
#12780 = CARTESIAN_POINT('',(-1.4,1.232595164408E-31,3.370830758137));
#12781 = CARTESIAN_POINT('',(-3.620065789474,1.232595164408E-31,
    0.466501532562));
#12782 = GEOMETRIC_CURVE_SET('',(#12783));
#12783 = TRIMMED_CURVE('',#12784,(#12788,PARAMETER_VALUE(5.370830758137)
    ),(#12789,PARAMETER_VALUE(6.741661516273)),.T.,.PARAMETER.);
#12784 = LINE('',#12785,#12786);
#12785 = CARTESIAN_POINT('',(-1.4,1.232595164408E-31,-3.370830758137));
#12786 = VECTOR('',#12787,1.);
#12787 = DIRECTION('',(0.,0.,1.));
#12788 = CARTESIAN_POINT('',(-1.4,0.,2.));
#12789 = CARTESIAN_POINT('',(-1.4,1.232595164408E-31,3.370830758137));
#12790 = GEOMETRIC_CURVE_SET('',(#12791));
#12791 = TRIMMED_CURVE('',#12792,(#12796,PARAMETER_VALUE(0.)),(#12797,
    PARAMETER_VALUE(0.1)),.T.,.PARAMETER.);
#12792 = LINE('',#12793,#12794);
#12793 = CARTESIAN_POINT('',(-1.4,0.,2.));
#12794 = VECTOR('',#12795,1.);
#12795 = DIRECTION('',(-1.,0.,0.));
#12796 = CARTESIAN_POINT('',(-1.4,0.,2.));
#12797 = CARTESIAN_POINT('',(-1.5,0.,2.));
#12798 = GEOMETRIC_CURVE_SET('',(#12799));
#12799 = TRIMMED_CURVE('',#12800,(#12805,PARAMETER_VALUE(4.428594871176)
    ),(#12806,PARAMETER_VALUE(6.28318530718)),.T.,.PARAMETER.);
#12800 = CIRCLE('',#12801,2.5);
#12801 = AXIS2_PLACEMENT_3D('',#12802,#12803,#12804);
#12802 = CARTESIAN_POINT('',(8.326672684689E-16,1.232595164408E-31,0.));
#12803 = DIRECTION('',(0.,-1.,0.));
#12804 = DIRECTION('',(-0.6,-0.,-0.8));
#12805 = CARTESIAN_POINT('',(-1.5,0.,2.));
#12806 = CARTESIAN_POINT('',(-1.5,-3.469446951954E-17,-2.));
#12807 = GEOMETRIC_CURVE_SET('',(#12808));
#12808 = TRIMMED_CURVE('',#12809,(#12814,PARAMETER_VALUE(2.092605347124)
    ),(#12815,PARAMETER_VALUE(3.14159265359)),.T.,.PARAMETER.);
#12809 = CIRCLE('',#12810,3.65);
#12810 = AXIS2_PLACEMENT_3D('',#12811,#12812,#12813);
#12811 = CARTESIAN_POINT('',(0.,1.232595164408E-31,0.));
#12812 = DIRECTION('',(0.,-1.,0.));
#12813 = DIRECTION('',(0.991798846431,0.,-0.127808639058));
#12814 = CARTESIAN_POINT('',(-1.4,1.232595164408E-31,3.370830758137));
#12815 = CARTESIAN_POINT('',(-3.620065789474,1.232595164408E-31,
    0.466501532562));
#12816 = GEOMETRIC_CURVE_SET('',(#12817));
#12817 = TRIMMED_CURVE('',#12818,(#12822,PARAMETER_VALUE(0.)),(#12823,
    PARAMETER_VALUE(0.1)),.T.,.PARAMETER.);
#12818 = LINE('',#12819,#12820);
#12819 = CARTESIAN_POINT('',(-3.620065789474,1.232595164408E-31,
    0.466501532562));
#12820 = VECTOR('',#12821,1.);
#12821 = DIRECTION('',(0.,-1.,0.));
#12822 = CARTESIAN_POINT('',(-3.620065789474,1.232595164408E-31,
    0.466501532562));
#12823 = CARTESIAN_POINT('',(-3.620065789474,-0.1,0.466501532562));
#12824 = GEOMETRIC_CURVE_SET('',(#12825));
#12825 = TRIMMED_CURVE('',#12826,(#12831,PARAMETER_VALUE(3.14159265359))
  ,(#12832,PARAMETER_VALUE(4.190579960056)),.T.,.PARAMETER.);
#12826 = CIRCLE('',#12827,3.65);
#12827 = AXIS2_PLACEMENT_3D('',#12828,#12829,#12830);
#12828 = CARTESIAN_POINT('',(0.,-0.1,0.));
#12829 = DIRECTION('',(0.,1.,0.));
#12830 = DIRECTION('',(0.991798846431,0.,-0.127808639058));
#12831 = CARTESIAN_POINT('',(-3.620065789474,-0.1,0.466501532562));
#12832 = CARTESIAN_POINT('',(-1.4,-0.1,3.370830758137));
#12833 = GEOMETRIC_CURVE_SET('',(#12834));
#12834 = TRIMMED_CURVE('',#12835,(#12839,PARAMETER_VALUE(0.)),(#12840,
    PARAMETER_VALUE(0.1)),.T.,.PARAMETER.);
#12835 = LINE('',#12836,#12837);
#12836 = CARTESIAN_POINT('',(-1.4,1.232595164408E-31,3.370830758137));
#12837 = VECTOR('',#12838,1.);
#12838 = DIRECTION('',(0.,-1.,0.));
#12839 = CARTESIAN_POINT('',(-1.4,1.232595164408E-31,3.370830758137));
#12840 = CARTESIAN_POINT('',(-1.4,-0.1,3.370830758137));
#12841 = GEOMETRIC_CURVE_SET('',(#12842));
#12842 = TRIMMED_CURVE('',#12843,(#12847,PARAMETER_VALUE(0.)),(#12848,
    PARAMETER_VALUE(0.1)),.T.,.PARAMETER.);
#12843 = LINE('',#12844,#12845);
#12844 = CARTESIAN_POINT('',(-3.620065789474,1.232595164408E-31,
    0.466501532562));
#12845 = VECTOR('',#12846,1.);
#12846 = DIRECTION('',(0.,-1.,0.));
#12847 = CARTESIAN_POINT('',(-3.620065789474,1.232595164408E-31,
    0.466501532562));
#12848 = CARTESIAN_POINT('',(-3.620065789474,-0.1,0.466501532562));
#12849 = GEOMETRIC_CURVE_SET('',(#12850));
#12850 = TRIMMED_CURVE('',#12851,(#12856,PARAMETER_VALUE(3.877846378096)
    ),(#12857,PARAMETER_VALUE(6.28318530718)),.T.,.PARAMETER.);
#12851 = CIRCLE('',#12852,0.5);
#12852 = AXIS2_PLACEMENT_3D('',#12853,#12854,#12855);
#12853 = CARTESIAN_POINT('',(-3.8,-0.1,0.));
#12854 = DIRECTION('',(0.,-1.,0.));
#12855 = DIRECTION('',(0.359868421053,0.,0.933003065123));
#12856 = CARTESIAN_POINT('',(-3.620065789474,-0.1,-0.466501532562));
#12857 = CARTESIAN_POINT('',(-3.620065789474,-0.1,0.466501532562));
#12858 = GEOMETRIC_CURVE_SET('',(#12859));
#12859 = TRIMMED_CURVE('',#12860,(#12864,PARAMETER_VALUE(0.)),(#12865,
    PARAMETER_VALUE(0.1)),.T.,.PARAMETER.);
#12860 = LINE('',#12861,#12862);
#12861 = CARTESIAN_POINT('',(-3.620065789474,1.232595164408E-31,
    -0.466501532562));
#12862 = VECTOR('',#12863,1.);
#12863 = DIRECTION('',(0.,-1.,0.));
#12864 = CARTESIAN_POINT('',(-3.620065789474,1.232595164408E-31,
    -0.466501532562));
#12865 = CARTESIAN_POINT('',(-3.620065789474,-0.1,-0.466501532562));
#12866 = GEOMETRIC_CURVE_SET('',(#12867));
#12867 = TRIMMED_CURVE('',#12868,(#12873,PARAMETER_VALUE(0.)),(#12874,
    PARAMETER_VALUE(2.405338929084)),.T.,.PARAMETER.);
#12868 = CIRCLE('',#12869,0.5);
#12869 = AXIS2_PLACEMENT_3D('',#12870,#12871,#12872);
#12870 = CARTESIAN_POINT('',(-3.8,1.232595164408E-31,0.));
#12871 = DIRECTION('',(0.,1.,0.));
#12872 = DIRECTION('',(0.359868421053,-0.,0.933003065123));
#12873 = CARTESIAN_POINT('',(-3.620065789474,1.232595164408E-31,
    0.466501532562));
#12874 = CARTESIAN_POINT('',(-3.620065789474,1.232595164408E-31,
    -0.466501532562));
#12875 = GEOMETRIC_CURVE_SET('',(#12876));
#12876 = TRIMMED_CURVE('',#12877,(#12882,PARAMETER_VALUE(1.986637608241)
    ),(#12883,PARAMETER_VALUE(3.035624914707)),.T.,.PARAMETER.);
#12877 = CIRCLE('',#12878,3.65);
#12878 = AXIS2_PLACEMENT_3D('',#12879,#12880,#12881);
#12879 = CARTESIAN_POINT('',(0.,1.232595164408E-31,0.));
#12880 = DIRECTION('',(0.,-1.,0.));
#12881 = DIRECTION('',(0.283730344893,0.,0.958904109589));
#12882 = CARTESIAN_POINT('',(-3.620065789474,1.232595164408E-31,
    -0.466501532562));
#12883 = CARTESIAN_POINT('',(-1.4,1.232595164408E-31,-3.370830758137));
#12884 = GEOMETRIC_CURVE_SET('',(#12885));
#12885 = TRIMMED_CURVE('',#12886,(#12890,PARAMETER_VALUE(0.)),(#12891,
    PARAMETER_VALUE(0.1)),.T.,.PARAMETER.);
#12886 = LINE('',#12887,#12888);
#12887 = CARTESIAN_POINT('',(-1.4,1.232595164408E-31,-3.370830758137));
#12888 = VECTOR('',#12889,1.);
#12889 = DIRECTION('',(0.,-1.,0.));
#12890 = CARTESIAN_POINT('',(-1.4,1.232595164408E-31,-3.370830758137));
#12891 = CARTESIAN_POINT('',(-1.4,-0.1,-3.370830758137));
#12892 = GEOMETRIC_CURVE_SET('',(#12893));
#12893 = TRIMMED_CURVE('',#12894,(#12899,PARAMETER_VALUE(3.247560392473)
    ),(#12900,PARAMETER_VALUE(4.296547698939)),.T.,.PARAMETER.);
#12894 = CIRCLE('',#12895,3.65);
#12895 = AXIS2_PLACEMENT_3D('',#12896,#12897,#12898);
#12896 = CARTESIAN_POINT('',(0.,-0.1,0.));
#12897 = DIRECTION('',(0.,1.,0.));
#12898 = DIRECTION('',(0.283730344893,-0.,0.958904109589));
#12899 = CARTESIAN_POINT('',(-1.4,-0.1,-3.370830758137));
#12900 = CARTESIAN_POINT('',(-3.620065789474,-0.1,-0.466501532562));
#12901 = GEOMETRIC_CURVE_SET('',(#12902));
#12902 = TRIMMED_CURVE('',#12903,(#12907,PARAMETER_VALUE(0.)),(#12908,
    PARAMETER_VALUE(0.1)),.T.,.PARAMETER.);
#12903 = LINE('',#12904,#12905);
#12904 = CARTESIAN_POINT('',(-3.620065789474,1.232595164408E-31,
    -0.466501532562));
#12905 = VECTOR('',#12906,1.);
#12906 = DIRECTION('',(0.,-1.,0.));
#12907 = CARTESIAN_POINT('',(-3.620065789474,1.232595164408E-31,
    -0.466501532562));
#12908 = CARTESIAN_POINT('',(-3.620065789474,-0.1,-0.466501532562));
#12909 = GEOMETRIC_CURVE_SET('',(#12910));
#12910 = TRIMMED_CURVE('',#12911,(#12915,PARAMETER_VALUE(0.)),(#12916,
    PARAMETER_VALUE(2.088061301782)),.T.,.PARAMETER.);
#12911 = LINE('',#12912,#12913);
#12912 = CARTESIAN_POINT('',(-1.5,0.6,0.));
#12913 = VECTOR('',#12914,1.);
#12914 = DIRECTION('',(0.,-0.287347885566,0.957826285221));
#12915 = CARTESIAN_POINT('',(-1.5,0.6,0.));
#12916 = CARTESIAN_POINT('',(-1.5,0.,2.));
#12917 = GEOMETRIC_CURVE_SET('',(#12918));
#12918 = B_SPLINE_CURVE_WITH_KNOTS('',1,(#12919,#12920,#12921,#12922,
    #12923,#12924,#12925,#12926,#12927,#12928,#12929,#12930,#12931,
    #12932,#12933,#12934,#12935,#12936,#12937,#12938,#12939,#12940,
    #12941),.UNSPECIFIED.,.T.,.F.,(2,1,1,1,1,1,1,1,1,1,1,1,1,1,1,1,1,1,1
    ,1,1,1,2),(0.,0.136322560021,0.272645120042,0.408967680063,
    0.545290240084,0.681612800104,0.817935360125,0.954257920146,
    1.090580480167,1.226903040188,1.363225600209,1.49954816023,
    1.635870720251,1.772193280272,1.908515840293,2.044838400313,
    2.181160960334,2.317483520355,2.453806080376,2.590128640397,
    2.726451200418,2.862773760439,2.99909632046),
  .PIECEWISE_BEZIER_KNOTS.);
#12919 = CARTESIAN_POINT('',(-1.5,0.6,0.));
#12920 = CARTESIAN_POINT('',(-1.5,0.6,1.161714262726E-15));
#12921 = CARTESIAN_POINT('',(-1.5,0.6,1.206478659457E-15));
#12922 = CARTESIAN_POINT('',(-1.5,0.6,9.939066195655E-16));
#12923 = CARTESIAN_POINT('',(-1.5,0.6,1.140777860045E-15));
#12924 = CARTESIAN_POINT('',(-1.5,0.6,1.024392375413E-15));
#12925 = CARTESIAN_POINT('',(-1.5,0.6,1.024392375413E-15));
#12926 = CARTESIAN_POINT('',(-1.5,0.6,9.50648216704E-16));
#12927 = CARTESIAN_POINT('',(-1.5,0.6,9.317874558426E-16));
#12928 = CARTESIAN_POINT('',(-1.5,0.6,9.048589945931E-16));
#12929 = CARTESIAN_POINT('',(-1.5,0.6,8.422428404765E-16));
#12930 = CARTESIAN_POINT('',(-1.5,0.6,1.110223024625E-15));
#12931 = CARTESIAN_POINT('',(-1.5,0.6,1.016499979885E-15));
#12932 = CARTESIAN_POINT('',(-1.5,0.6,1.025506860539E-15));
#12933 = CARTESIAN_POINT('',(-1.5,0.6,9.939066195655E-16));
#12934 = CARTESIAN_POINT('',(-1.5,0.6,8.872716689238E-16));
#12935 = CARTESIAN_POINT('',(-1.5,0.6,7.682942815598E-16));
#12936 = CARTESIAN_POINT('',(-1.5,0.6,7.682942815598E-16));
#12937 = CARTESIAN_POINT('',(-1.5,0.6,6.337654778027E-16));
#12938 = CARTESIAN_POINT('',(-1.5,0.6,7.454299646741E-16));
#12939 = CARTESIAN_POINT('',(-1.5,0.6,6.032393297287E-16));
#12940 = CARTESIAN_POINT('',(-1.5,0.6,4.646857050905E-16));
#12941 = CARTESIAN_POINT('',(-1.5,0.6,0.));
#12942 = GEOMETRIC_CURVE_SET('',(#12943));
#12943 = TRIMMED_CURVE('',#12944,(#12948,PARAMETER_VALUE(0.)),(#12949,
    PARAMETER_VALUE(2.088061301782)),.T.,.PARAMETER.);
#12944 = LINE('',#12945,#12946);
#12945 = CARTESIAN_POINT('',(-1.5,-3.469446951954E-17,-2.));
#12946 = VECTOR('',#12947,1.);
#12947 = DIRECTION('',(0.,0.287347885566,0.957826285221));
#12948 = CARTESIAN_POINT('',(-1.5,-3.469446951954E-17,-2.));
#12949 = CARTESIAN_POINT('',(-1.5,0.6,0.));
#12950 = GEOMETRIC_CURVE_SET('',(#12951));
#12951 = TRIMMED_CURVE('',#12952,(#12957,PARAMETER_VALUE(4.428594871176)
    ),(#12958,PARAMETER_VALUE(6.28318530718)),.T.,.PARAMETER.);
#12952 = CIRCLE('',#12953,2.5);
#12953 = AXIS2_PLACEMENT_3D('',#12954,#12955,#12956);
#12954 = CARTESIAN_POINT('',(8.326672684689E-16,1.232595164408E-31,0.));
#12955 = DIRECTION('',(0.,-1.,0.));
#12956 = DIRECTION('',(-0.6,-0.,-0.8));
#12957 = CARTESIAN_POINT('',(-1.5,0.,2.));
#12958 = CARTESIAN_POINT('',(-1.5,-3.469446951954E-17,-2.));
#12959 = GEOMETRIC_CURVE_SET('',(#12960));
#12960 = TRIMMED_CURVE('',#12961,(#12965,PARAMETER_VALUE(0.)),(#12966,
    PARAMETER_VALUE(2.088061301782)),.T.,.PARAMETER.);
#12961 = LINE('',#12962,#12963);
#12962 = CARTESIAN_POINT('',(-1.4,0.6,0.));
#12963 = VECTOR('',#12964,1.);
#12964 = DIRECTION('',(0.,-0.287347885566,0.957826285221));
#12965 = CARTESIAN_POINT('',(-1.4,0.6,0.));
#12966 = CARTESIAN_POINT('',(-1.4,0.,2.));
#12967 = GEOMETRIC_CURVE_SET('',(#12968));
#12968 = TRIMMED_CURVE('',#12969,(#12973,PARAMETER_VALUE(0.)),(#12974,
    PARAMETER_VALUE(0.1)),.T.,.PARAMETER.);
#12969 = LINE('',#12970,#12971);
#12970 = CARTESIAN_POINT('',(-1.4,0.6,0.));
#12971 = VECTOR('',#12972,1.);
#12972 = DIRECTION('',(-1.,0.,0.));
#12973 = CARTESIAN_POINT('',(-1.4,0.6,0.));
#12974 = CARTESIAN_POINT('',(-1.5,0.6,0.));
#12975 = GEOMETRIC_CURVE_SET('',(#12976));
#12976 = TRIMMED_CURVE('',#12977,(#12981,PARAMETER_VALUE(0.)),(#12982,
    PARAMETER_VALUE(2.088061301782)),.T.,.PARAMETER.);
#12977 = LINE('',#12978,#12979);
#12978 = CARTESIAN_POINT('',(-1.5,0.6,0.));
#12979 = VECTOR('',#12980,1.);
#12980 = DIRECTION('',(0.,-0.287347885566,0.957826285221));
#12981 = CARTESIAN_POINT('',(-1.5,0.6,0.));
#12982 = CARTESIAN_POINT('',(-1.5,0.,2.));
#12983 = GEOMETRIC_CURVE_SET('',(#12984));
#12984 = TRIMMED_CURVE('',#12985,(#12989,PARAMETER_VALUE(0.)),(#12990,
    PARAMETER_VALUE(0.1)),.T.,.PARAMETER.);
#12985 = LINE('',#12986,#12987);
#12986 = CARTESIAN_POINT('',(-1.4,0.,2.));
#12987 = VECTOR('',#12988,1.);
#12988 = DIRECTION('',(-1.,0.,0.));
#12989 = CARTESIAN_POINT('',(-1.4,0.,2.));
#12990 = CARTESIAN_POINT('',(-1.5,0.,2.));
#12991 = GEOMETRIC_CURVE_SET('',(#12992));
#12992 = TRIMMED_CURVE('',#12993,(#12997,PARAMETER_VALUE(0.)),(#12998,
    PARAMETER_VALUE(2.088061301782)),.T.,.PARAMETER.);
#12993 = LINE('',#12994,#12995);
#12994 = CARTESIAN_POINT('',(-1.4,-3.469446951954E-17,-2.));
#12995 = VECTOR('',#12996,1.);
#12996 = DIRECTION('',(0.,0.287347885566,0.957826285221));
#12997 = CARTESIAN_POINT('',(-1.4,-3.469446951954E-17,-2.));
#12998 = CARTESIAN_POINT('',(-1.4,0.6,0.));
#12999 = GEOMETRIC_CURVE_SET('',(#13000));
#13000 = TRIMMED_CURVE('',#13001,(#13005,PARAMETER_VALUE(0.)),(#13006,
    PARAMETER_VALUE(0.1)),.T.,.PARAMETER.);
#13001 = LINE('',#13002,#13003);
#13002 = CARTESIAN_POINT('',(-1.4,-3.469446951954E-17,-2.));
#13003 = VECTOR('',#13004,1.);
#13004 = DIRECTION('',(-1.,0.,0.));
#13005 = CARTESIAN_POINT('',(-1.4,-3.469446951954E-17,-2.));
#13006 = CARTESIAN_POINT('',(-1.5,-3.469446951954E-17,-2.));
#13007 = GEOMETRIC_CURVE_SET('',(#13008));
#13008 = TRIMMED_CURVE('',#13009,(#13013,PARAMETER_VALUE(0.)),(#13014,
    PARAMETER_VALUE(2.088061301782)),.T.,.PARAMETER.);
#13009 = LINE('',#13010,#13011);
#13010 = CARTESIAN_POINT('',(-1.5,-3.469446951954E-17,-2.));
#13011 = VECTOR('',#13012,1.);
#13012 = DIRECTION('',(0.,0.287347885566,0.957826285221));
#13013 = CARTESIAN_POINT('',(-1.5,-3.469446951954E-17,-2.));
#13014 = CARTESIAN_POINT('',(-1.5,0.6,0.));
#13015 = GEOMETRIC_CURVE_SET('',(#13016));
#13016 = TRIMMED_CURVE('',#13017,(#13021,PARAMETER_VALUE(0.)),(#13022,
    PARAMETER_VALUE(0.1)),.T.,.PARAMETER.);
#13017 = LINE('',#13018,#13019);
#13018 = CARTESIAN_POINT('',(-1.4,0.6,0.));
#13019 = VECTOR('',#13020,1.);
#13020 = DIRECTION('',(-1.,0.,0.));
#13021 = CARTESIAN_POINT('',(-1.4,0.6,0.));
#13022 = CARTESIAN_POINT('',(-1.5,0.6,0.));
#13023 = ( GEOMETRIC_REPRESENTATION_CONTEXT(3) 
GLOBAL_UNCERTAINTY_ASSIGNED_CONTEXT((#13027)) 
GLOBAL_UNIT_ASSIGNED_CONTEXT((#13024,#13025,#13026)) 
REPRESENTATION_CONTEXT('Context #1',
  '3D Context with UNIT and UNCERTAINTY') );
#13024 = ( LENGTH_UNIT() NAMED_UNIT(*) SI_UNIT(.MILLI.,.METRE.) );
#13025 = ( NAMED_UNIT(*) PLANE_ANGLE_UNIT() SI_UNIT($,.RADIAN.) );
#13026 = ( NAMED_UNIT(*) SI_UNIT($,.STERADIAN.) SOLID_ANGLE_UNIT() );
#13027 = UNCERTAINTY_MEASURE_WITH_UNIT(LENGTH_MEASURE(5.E-03),#13024,
  'distance_accuracy_value','confusion accuracy');
#13028 = PRODUCT_RELATED_PRODUCT_CATEGORY('part',$,(#7));
#13029 = MECHANICAL_DESIGN_GEOMETRIC_PRESENTATION_REPRESENTATION('',(
    #13030,#13040,#13049,#13058,#13067,#13076,#13085,#13094,#13103,
    #13112,#13121,#13130,#13139,#13148,#13157,#13166,#13175,#13184,
    #13193,#13202,#13211,#13220,#13229,#13238,#13247,#13256,#13265,
    #13274,#13283,#13292,#13301,#13310,#13319,#13328,#13337,#13346,
    #13355,#13364,#13373,#13382,#13391,#13400,#13409,#13418,#13427,
    #13436,#13445,#13454,#13463,#13472,#13481,#13490,#13499,#13508,
    #13517,#13526,#13535,#13544,#13553,#13562,#13571,#13580,#13589,
    #13598,#13607,#13616,#13625,#13634,#13643,#13652,#13661,#13670,
    #13679,#13688,#13697,#13706,#13715,#13724,#13733,#13742,#13751,
    #13760,#13769,#13778,#13787,#13796,#13805,#13814,#13823,#13832,
    #13841,#13850,#13859,#13868,#13877,#13886,#13895,#13904,#13913,
    #13922,#13931,#13940,#13949,#13958,#13967,#13976,#13985,#13994,
    #14003,#14012,#14021,#14030,#14039,#14048,#14057,#14066,#14075,
    #14084,#14093,#14102,#14111,#14120,#14129,#14138,#14147,#14156,
    #14165,#14174,#14183,#14192,#14201,#14210,#14219,#14228,#14237,
    #14246,#14255,#14264,#14273,#14282,#14291,#14300,#14309,#14318,
    #14327,#14336,#14345,#14354,#14363,#14372,#14381,#14390,#14399,
    #14408,#14417,#14426,#14435,#14444,#14453,#14462,#14471,#14480,
    #14489,#14498,#14507,#14516),#13023);
#13030 = STYLED_ITEM('color',(#13031),#976);
#13031 = PRESENTATION_STYLE_ASSIGNMENT((#13032,#13038));
#13032 = SURFACE_STYLE_USAGE(.BOTH.,#13033);
#13033 = SURFACE_SIDE_STYLE('',(#13034));
#13034 = SURFACE_STYLE_FILL_AREA(#13035);
#13035 = FILL_AREA_STYLE('',(#13036));
#13036 = FILL_AREA_STYLE_COLOUR('',#13037);
#13037 = COLOUR_RGB('',0.800000011921,0.800000011921,0.800000011921);
#13038 = CURVE_STYLE('',#13039,POSITIVE_LENGTH_MEASURE(0.1),#13037);
#13039 = DRAUGHTING_PRE_DEFINED_CURVE_FONT('continuous');
#13040 = STYLED_ITEM('color',(#13041),#4675);
#13041 = PRESENTATION_STYLE_ASSIGNMENT((#13042,#13047));
#13042 = SURFACE_STYLE_USAGE(.BOTH.,#13043);
#13043 = SURFACE_SIDE_STYLE('',(#13044));
#13044 = SURFACE_STYLE_FILL_AREA(#13045);
#13045 = FILL_AREA_STYLE('',(#13046));
#13046 = FILL_AREA_STYLE_COLOUR('',#13037);
#13047 = CURVE_STYLE('',#13048,POSITIVE_LENGTH_MEASURE(0.1),#13037);
#13048 = DRAUGHTING_PRE_DEFINED_CURVE_FONT('continuous');
#13049 = STYLED_ITEM('color',(#13050),#4712);
#13050 = PRESENTATION_STYLE_ASSIGNMENT((#13051,#13056));
#13051 = SURFACE_STYLE_USAGE(.BOTH.,#13052);
#13052 = SURFACE_SIDE_STYLE('',(#13053));
#13053 = SURFACE_STYLE_FILL_AREA(#13054);
#13054 = FILL_AREA_STYLE('',(#13055));
#13055 = FILL_AREA_STYLE_COLOUR('',#13037);
#13056 = CURVE_STYLE('',#13057,POSITIVE_LENGTH_MEASURE(0.1),#13037);
#13057 = DRAUGHTING_PRE_DEFINED_CURVE_FONT('continuous');
#13058 = STYLED_ITEM('color',(#13059),#4749);
#13059 = PRESENTATION_STYLE_ASSIGNMENT((#13060,#13065));
#13060 = SURFACE_STYLE_USAGE(.BOTH.,#13061);
#13061 = SURFACE_SIDE_STYLE('',(#13062));
#13062 = SURFACE_STYLE_FILL_AREA(#13063);
#13063 = FILL_AREA_STYLE('',(#13064));
#13064 = FILL_AREA_STYLE_COLOUR('',#13037);
#13065 = CURVE_STYLE('',#13066,POSITIVE_LENGTH_MEASURE(0.1),#13037);
#13066 = DRAUGHTING_PRE_DEFINED_CURVE_FONT('continuous');
#13067 = STYLED_ITEM('color',(#13068),#5990);
#13068 = PRESENTATION_STYLE_ASSIGNMENT((#13069,#13074));
#13069 = SURFACE_STYLE_USAGE(.BOTH.,#13070);
#13070 = SURFACE_SIDE_STYLE('',(#13071));
#13071 = SURFACE_STYLE_FILL_AREA(#13072);
#13072 = FILL_AREA_STYLE('',(#13073));
#13073 = FILL_AREA_STYLE_COLOUR('',#13037);
#13074 = CURVE_STYLE('',#13075,POSITIVE_LENGTH_MEASURE(0.1),#13037);
#13075 = DRAUGHTING_PRE_DEFINED_CURVE_FONT('continuous');
#13076 = STYLED_ITEM('color',(#13077),#7239);
#13077 = PRESENTATION_STYLE_ASSIGNMENT((#13078,#13083));
#13078 = SURFACE_STYLE_USAGE(.BOTH.,#13079);
#13079 = SURFACE_SIDE_STYLE('',(#13080));
#13080 = SURFACE_STYLE_FILL_AREA(#13081);
#13081 = FILL_AREA_STYLE('',(#13082));
#13082 = FILL_AREA_STYLE_COLOUR('',#13037);
#13083 = CURVE_STYLE('',#13084,POSITIVE_LENGTH_MEASURE(0.1),#13037);
#13084 = DRAUGHTING_PRE_DEFINED_CURVE_FONT('continuous');
#13085 = STYLED_ITEM('color',(#13086),#7310);
#13086 = PRESENTATION_STYLE_ASSIGNMENT((#13087,#13092));
#13087 = SURFACE_STYLE_USAGE(.BOTH.,#13088);
#13088 = SURFACE_SIDE_STYLE('',(#13089));
#13089 = SURFACE_STYLE_FILL_AREA(#13090);
#13090 = FILL_AREA_STYLE('',(#13091));
#13091 = FILL_AREA_STYLE_COLOUR('',#13037);
#13092 = CURVE_STYLE('',#13093,POSITIVE_LENGTH_MEASURE(0.1),#13037);
#13093 = DRAUGHTING_PRE_DEFINED_CURVE_FONT('continuous');
#13094 = STYLED_ITEM('color',(#13095),#7381);
#13095 = PRESENTATION_STYLE_ASSIGNMENT((#13096,#13101));
#13096 = SURFACE_STYLE_USAGE(.BOTH.,#13097);
#13097 = SURFACE_SIDE_STYLE('',(#13098));
#13098 = SURFACE_STYLE_FILL_AREA(#13099);
#13099 = FILL_AREA_STYLE('',(#13100));
#13100 = FILL_AREA_STYLE_COLOUR('',#13037);
#13101 = CURVE_STYLE('',#13102,POSITIVE_LENGTH_MEASURE(0.1),#13037);
#13102 = DRAUGHTING_PRE_DEFINED_CURVE_FONT('continuous');
#13103 = STYLED_ITEM('color',(#13104),#7452);
#13104 = PRESENTATION_STYLE_ASSIGNMENT((#13105,#13110));
#13105 = SURFACE_STYLE_USAGE(.BOTH.,#13106);
#13106 = SURFACE_SIDE_STYLE('',(#13107));
#13107 = SURFACE_STYLE_FILL_AREA(#13108);
#13108 = FILL_AREA_STYLE('',(#13109));
#13109 = FILL_AREA_STYLE_COLOUR('',#13037);
#13110 = CURVE_STYLE('',#13111,POSITIVE_LENGTH_MEASURE(0.1),#13037);
#13111 = DRAUGHTING_PRE_DEFINED_CURVE_FONT('continuous');
#13112 = STYLED_ITEM('color',(#13113),#7523);
#13113 = PRESENTATION_STYLE_ASSIGNMENT((#13114,#13119));
#13114 = SURFACE_STYLE_USAGE(.BOTH.,#13115);
#13115 = SURFACE_SIDE_STYLE('',(#13116));
#13116 = SURFACE_STYLE_FILL_AREA(#13117);
#13117 = FILL_AREA_STYLE('',(#13118));
#13118 = FILL_AREA_STYLE_COLOUR('',#13037);
#13119 = CURVE_STYLE('',#13120,POSITIVE_LENGTH_MEASURE(0.1),#13037);
#13120 = DRAUGHTING_PRE_DEFINED_CURVE_FONT('continuous');
#13121 = STYLED_ITEM('color',(#13122),#7594);
#13122 = PRESENTATION_STYLE_ASSIGNMENT((#13123,#13128));
#13123 = SURFACE_STYLE_USAGE(.BOTH.,#13124);
#13124 = SURFACE_SIDE_STYLE('',(#13125));
#13125 = SURFACE_STYLE_FILL_AREA(#13126);
#13126 = FILL_AREA_STYLE('',(#13127));
#13127 = FILL_AREA_STYLE_COLOUR('',#13037);
#13128 = CURVE_STYLE('',#13129,POSITIVE_LENGTH_MEASURE(0.1),#13037);
#13129 = DRAUGHTING_PRE_DEFINED_CURVE_FONT('continuous');
#13130 = STYLED_ITEM('color',(#13131),#7665);
#13131 = PRESENTATION_STYLE_ASSIGNMENT((#13132,#13137));
#13132 = SURFACE_STYLE_USAGE(.BOTH.,#13133);
#13133 = SURFACE_SIDE_STYLE('',(#13134));
#13134 = SURFACE_STYLE_FILL_AREA(#13135);
#13135 = FILL_AREA_STYLE('',(#13136));
#13136 = FILL_AREA_STYLE_COLOUR('',#13037);
#13137 = CURVE_STYLE('',#13138,POSITIVE_LENGTH_MEASURE(0.1),#13037);
#13138 = DRAUGHTING_PRE_DEFINED_CURVE_FONT('continuous');
#13139 = STYLED_ITEM('color',(#13140),#7736);
#13140 = PRESENTATION_STYLE_ASSIGNMENT((#13141,#13146));
#13141 = SURFACE_STYLE_USAGE(.BOTH.,#13142);
#13142 = SURFACE_SIDE_STYLE('',(#13143));
#13143 = SURFACE_STYLE_FILL_AREA(#13144);
#13144 = FILL_AREA_STYLE('',(#13145));
#13145 = FILL_AREA_STYLE_COLOUR('',#13037);
#13146 = CURVE_STYLE('',#13147,POSITIVE_LENGTH_MEASURE(0.1),#13037);
#13147 = DRAUGHTING_PRE_DEFINED_CURVE_FONT('continuous');
#13148 = STYLED_ITEM('color',(#13149),#7807);
#13149 = PRESENTATION_STYLE_ASSIGNMENT((#13150,#13155));
#13150 = SURFACE_STYLE_USAGE(.BOTH.,#13151);
#13151 = SURFACE_SIDE_STYLE('',(#13152));
#13152 = SURFACE_STYLE_FILL_AREA(#13153);
#13153 = FILL_AREA_STYLE('',(#13154));
#13154 = FILL_AREA_STYLE_COLOUR('',#13037);
#13155 = CURVE_STYLE('',#13156,POSITIVE_LENGTH_MEASURE(0.1),#13037);
#13156 = DRAUGHTING_PRE_DEFINED_CURVE_FONT('continuous');
#13157 = STYLED_ITEM('color',(#13158),#7878);
#13158 = PRESENTATION_STYLE_ASSIGNMENT((#13159,#13164));
#13159 = SURFACE_STYLE_USAGE(.BOTH.,#13160);
#13160 = SURFACE_SIDE_STYLE('',(#13161));
#13161 = SURFACE_STYLE_FILL_AREA(#13162);
#13162 = FILL_AREA_STYLE('',(#13163));
#13163 = FILL_AREA_STYLE_COLOUR('',#13037);
#13164 = CURVE_STYLE('',#13165,POSITIVE_LENGTH_MEASURE(0.1),#13037);
#13165 = DRAUGHTING_PRE_DEFINED_CURVE_FONT('continuous');
#13166 = STYLED_ITEM('color',(#13167),#7949);
#13167 = PRESENTATION_STYLE_ASSIGNMENT((#13168,#13173));
#13168 = SURFACE_STYLE_USAGE(.BOTH.,#13169);
#13169 = SURFACE_SIDE_STYLE('',(#13170));
#13170 = SURFACE_STYLE_FILL_AREA(#13171);
#13171 = FILL_AREA_STYLE('',(#13172));
#13172 = FILL_AREA_STYLE_COLOUR('',#13037);
#13173 = CURVE_STYLE('',#13174,POSITIVE_LENGTH_MEASURE(0.1),#13037);
#13174 = DRAUGHTING_PRE_DEFINED_CURVE_FONT('continuous');
#13175 = STYLED_ITEM('color',(#13176),#8020);
#13176 = PRESENTATION_STYLE_ASSIGNMENT((#13177,#13182));
#13177 = SURFACE_STYLE_USAGE(.BOTH.,#13178);
#13178 = SURFACE_SIDE_STYLE('',(#13179));
#13179 = SURFACE_STYLE_FILL_AREA(#13180);
#13180 = FILL_AREA_STYLE('',(#13181));
#13181 = FILL_AREA_STYLE_COLOUR('',#13037);
#13182 = CURVE_STYLE('',#13183,POSITIVE_LENGTH_MEASURE(0.1),#13037);
#13183 = DRAUGHTING_PRE_DEFINED_CURVE_FONT('continuous');
#13184 = STYLED_ITEM('color',(#13185),#8091);
#13185 = PRESENTATION_STYLE_ASSIGNMENT((#13186,#13191));
#13186 = SURFACE_STYLE_USAGE(.BOTH.,#13187);
#13187 = SURFACE_SIDE_STYLE('',(#13188));
#13188 = SURFACE_STYLE_FILL_AREA(#13189);
#13189 = FILL_AREA_STYLE('',(#13190));
#13190 = FILL_AREA_STYLE_COLOUR('',#13037);
#13191 = CURVE_STYLE('',#13192,POSITIVE_LENGTH_MEASURE(0.1),#13037);
#13192 = DRAUGHTING_PRE_DEFINED_CURVE_FONT('continuous');
#13193 = STYLED_ITEM('color',(#13194),#8162);
#13194 = PRESENTATION_STYLE_ASSIGNMENT((#13195,#13200));
#13195 = SURFACE_STYLE_USAGE(.BOTH.,#13196);
#13196 = SURFACE_SIDE_STYLE('',(#13197));
#13197 = SURFACE_STYLE_FILL_AREA(#13198);
#13198 = FILL_AREA_STYLE('',(#13199));
#13199 = FILL_AREA_STYLE_COLOUR('',#13037);
#13200 = CURVE_STYLE('',#13201,POSITIVE_LENGTH_MEASURE(0.1),#13037);
#13201 = DRAUGHTING_PRE_DEFINED_CURVE_FONT('continuous');
#13202 = STYLED_ITEM('color',(#13203),#8233);
#13203 = PRESENTATION_STYLE_ASSIGNMENT((#13204,#13209));
#13204 = SURFACE_STYLE_USAGE(.BOTH.,#13205);
#13205 = SURFACE_SIDE_STYLE('',(#13206));
#13206 = SURFACE_STYLE_FILL_AREA(#13207);
#13207 = FILL_AREA_STYLE('',(#13208));
#13208 = FILL_AREA_STYLE_COLOUR('',#13037);
#13209 = CURVE_STYLE('',#13210,POSITIVE_LENGTH_MEASURE(0.1),#13037);
#13210 = DRAUGHTING_PRE_DEFINED_CURVE_FONT('continuous');
#13211 = STYLED_ITEM('color',(#13212),#8304);
#13212 = PRESENTATION_STYLE_ASSIGNMENT((#13213,#13218));
#13213 = SURFACE_STYLE_USAGE(.BOTH.,#13214);
#13214 = SURFACE_SIDE_STYLE('',(#13215));
#13215 = SURFACE_STYLE_FILL_AREA(#13216);
#13216 = FILL_AREA_STYLE('',(#13217));
#13217 = FILL_AREA_STYLE_COLOUR('',#13037);
#13218 = CURVE_STYLE('',#13219,POSITIVE_LENGTH_MEASURE(0.1),#13037);
#13219 = DRAUGHTING_PRE_DEFINED_CURVE_FONT('continuous');
#13220 = STYLED_ITEM('color',(#13221),#8375);
#13221 = PRESENTATION_STYLE_ASSIGNMENT((#13222,#13227));
#13222 = SURFACE_STYLE_USAGE(.BOTH.,#13223);
#13223 = SURFACE_SIDE_STYLE('',(#13224));
#13224 = SURFACE_STYLE_FILL_AREA(#13225);
#13225 = FILL_AREA_STYLE('',(#13226));
#13226 = FILL_AREA_STYLE_COLOUR('',#13037);
#13227 = CURVE_STYLE('',#13228,POSITIVE_LENGTH_MEASURE(0.1),#13037);
#13228 = DRAUGHTING_PRE_DEFINED_CURVE_FONT('continuous');
#13229 = STYLED_ITEM('color',(#13230),#8446);
#13230 = PRESENTATION_STYLE_ASSIGNMENT((#13231,#13236));
#13231 = SURFACE_STYLE_USAGE(.BOTH.,#13232);
#13232 = SURFACE_SIDE_STYLE('',(#13233));
#13233 = SURFACE_STYLE_FILL_AREA(#13234);
#13234 = FILL_AREA_STYLE('',(#13235));
#13235 = FILL_AREA_STYLE_COLOUR('',#13037);
#13236 = CURVE_STYLE('',#13237,POSITIVE_LENGTH_MEASURE(0.1),#13037);
#13237 = DRAUGHTING_PRE_DEFINED_CURVE_FONT('continuous');
#13238 = STYLED_ITEM('color',(#13239),#8517);
#13239 = PRESENTATION_STYLE_ASSIGNMENT((#13240,#13245));
#13240 = SURFACE_STYLE_USAGE(.BOTH.,#13241);
#13241 = SURFACE_SIDE_STYLE('',(#13242));
#13242 = SURFACE_STYLE_FILL_AREA(#13243);
#13243 = FILL_AREA_STYLE('',(#13244));
#13244 = FILL_AREA_STYLE_COLOUR('',#13037);
#13245 = CURVE_STYLE('',#13246,POSITIVE_LENGTH_MEASURE(0.1),#13037);
#13246 = DRAUGHTING_PRE_DEFINED_CURVE_FONT('continuous');
#13247 = STYLED_ITEM('color',(#13248),#8588);
#13248 = PRESENTATION_STYLE_ASSIGNMENT((#13249,#13254));
#13249 = SURFACE_STYLE_USAGE(.BOTH.,#13250);
#13250 = SURFACE_SIDE_STYLE('',(#13251));
#13251 = SURFACE_STYLE_FILL_AREA(#13252);
#13252 = FILL_AREA_STYLE('',(#13253));
#13253 = FILL_AREA_STYLE_COLOUR('',#13037);
#13254 = CURVE_STYLE('',#13255,POSITIVE_LENGTH_MEASURE(0.1),#13037);
#13255 = DRAUGHTING_PRE_DEFINED_CURVE_FONT('continuous');
#13256 = STYLED_ITEM('color',(#13257),#985);
#13257 = PRESENTATION_STYLE_ASSIGNMENT((#13258,#13263));
#13258 = SURFACE_STYLE_USAGE(.BOTH.,#13259);
#13259 = SURFACE_SIDE_STYLE('',(#13260));
#13260 = SURFACE_STYLE_FILL_AREA(#13261);
#13261 = FILL_AREA_STYLE('',(#13262));
#13262 = FILL_AREA_STYLE_COLOUR('',#13037);
#13263 = CURVE_STYLE('',#13264,POSITIVE_LENGTH_MEASURE(0.1),#13037);
#13264 = DRAUGHTING_PRE_DEFINED_CURVE_FONT('continuous');
#13265 = STYLED_ITEM('color',(#13266),#983);
#13266 = PRESENTATION_STYLE_ASSIGNMENT((#13267,#13272));
#13267 = SURFACE_STYLE_USAGE(.BOTH.,#13268);
#13268 = SURFACE_SIDE_STYLE('',(#13269));
#13269 = SURFACE_STYLE_FILL_AREA(#13270);
#13270 = FILL_AREA_STYLE('',(#13271));
#13271 = FILL_AREA_STYLE_COLOUR('',#13037);
#13272 = CURVE_STYLE('',#13273,POSITIVE_LENGTH_MEASURE(0.1),#13037);
#13273 = DRAUGHTING_PRE_DEFINED_CURVE_FONT('continuous');
#13274 = STYLED_ITEM('color',(#13275),#1046);
#13275 = PRESENTATION_STYLE_ASSIGNMENT((#13276,#13281));
#13276 = SURFACE_STYLE_USAGE(.BOTH.,#13277);
#13277 = SURFACE_SIDE_STYLE('',(#13278));
#13278 = SURFACE_STYLE_FILL_AREA(#13279);
#13279 = FILL_AREA_STYLE('',(#13280));
#13280 = FILL_AREA_STYLE_COLOUR('',#13037);
#13281 = CURVE_STYLE('',#13282,POSITIVE_LENGTH_MEASURE(0.1),#13037);
#13282 = DRAUGHTING_PRE_DEFINED_CURVE_FONT('continuous');
#13283 = STYLED_ITEM('color',(#13284),#1152);
#13284 = PRESENTATION_STYLE_ASSIGNMENT((#13285,#13290));
#13285 = SURFACE_STYLE_USAGE(.BOTH.,#13286);
#13286 = SURFACE_SIDE_STYLE('',(#13287));
#13287 = SURFACE_STYLE_FILL_AREA(#13288);
#13288 = FILL_AREA_STYLE('',(#13289));
#13289 = FILL_AREA_STYLE_COLOUR('',#13037);
#13290 = CURVE_STYLE('',#13291,POSITIVE_LENGTH_MEASURE(0.1),#13037);
#13291 = DRAUGHTING_PRE_DEFINED_CURVE_FONT('continuous');
#13292 = STYLED_ITEM('color',(#13293),#1154);
#13293 = PRESENTATION_STYLE_ASSIGNMENT((#13294,#13299));
#13294 = SURFACE_STYLE_USAGE(.BOTH.,#13295);
#13295 = SURFACE_SIDE_STYLE('',(#13296));
#13296 = SURFACE_STYLE_FILL_AREA(#13297);
#13297 = FILL_AREA_STYLE('',(#13298));
#13298 = FILL_AREA_STYLE_COLOUR('',#13037);
#13299 = CURVE_STYLE('',#13300,POSITIVE_LENGTH_MEASURE(0.1),#13037);
#13300 = DRAUGHTING_PRE_DEFINED_CURVE_FONT('continuous');
#13301 = STYLED_ITEM('color',(#13302),#1228);
#13302 = PRESENTATION_STYLE_ASSIGNMENT((#13303,#13308));
#13303 = SURFACE_STYLE_USAGE(.BOTH.,#13304);
#13304 = SURFACE_SIDE_STYLE('',(#13305));
#13305 = SURFACE_STYLE_FILL_AREA(#13306);
#13306 = FILL_AREA_STYLE('',(#13307));
#13307 = FILL_AREA_STYLE_COLOUR('',#13037);
#13308 = CURVE_STYLE('',#13309,POSITIVE_LENGTH_MEASURE(0.1),#13037);
#13309 = DRAUGHTING_PRE_DEFINED_CURVE_FONT('continuous');
#13310 = STYLED_ITEM('color',(#13311),#1303);
#13311 = PRESENTATION_STYLE_ASSIGNMENT((#13312,#13317));
#13312 = SURFACE_STYLE_USAGE(.BOTH.,#13313);
#13313 = SURFACE_SIDE_STYLE('',(#13314));
#13314 = SURFACE_STYLE_FILL_AREA(#13315);
#13315 = FILL_AREA_STYLE('',(#13316));
#13316 = FILL_AREA_STYLE_COLOUR('',#13037);
#13317 = CURVE_STYLE('',#13318,POSITIVE_LENGTH_MEASURE(0.1),#13037);
#13318 = DRAUGHTING_PRE_DEFINED_CURVE_FONT('continuous');
#13319 = STYLED_ITEM('color',(#13320),#1305);
#13320 = PRESENTATION_STYLE_ASSIGNMENT((#13321,#13326));
#13321 = SURFACE_STYLE_USAGE(.BOTH.,#13322);
#13322 = SURFACE_SIDE_STYLE('',(#13323));
#13323 = SURFACE_STYLE_FILL_AREA(#13324);
#13324 = FILL_AREA_STYLE('',(#13325));
#13325 = FILL_AREA_STYLE_COLOUR('',#13037);
#13326 = CURVE_STYLE('',#13327,POSITIVE_LENGTH_MEASURE(0.1),#13037);
#13327 = DRAUGHTING_PRE_DEFINED_CURVE_FONT('continuous');
#13328 = STYLED_ITEM('color',(#13329),#1366);
#13329 = PRESENTATION_STYLE_ASSIGNMENT((#13330,#13335));
#13330 = SURFACE_STYLE_USAGE(.BOTH.,#13331);
#13331 = SURFACE_SIDE_STYLE('',(#13332));
#13332 = SURFACE_STYLE_FILL_AREA(#13333);
#13333 = FILL_AREA_STYLE('',(#13334));
#13334 = FILL_AREA_STYLE_COLOUR('',#13037);
#13335 = CURVE_STYLE('',#13336,POSITIVE_LENGTH_MEASURE(0.1),#13037);
#13336 = DRAUGHTING_PRE_DEFINED_CURVE_FONT('continuous');
#13337 = STYLED_ITEM('color',(#13338),#1467);
#13338 = PRESENTATION_STYLE_ASSIGNMENT((#13339,#13344));
#13339 = SURFACE_STYLE_USAGE(.BOTH.,#13340);
#13340 = SURFACE_SIDE_STYLE('',(#13341));
#13341 = SURFACE_STYLE_FILL_AREA(#13342);
#13342 = FILL_AREA_STYLE('',(#13343));
#13343 = FILL_AREA_STYLE_COLOUR('',#13037);
#13344 = CURVE_STYLE('',#13345,POSITIVE_LENGTH_MEASURE(0.1),#13037);
#13345 = DRAUGHTING_PRE_DEFINED_CURVE_FONT('continuous');
#13346 = STYLED_ITEM('color',(#13347),#1469);
#13347 = PRESENTATION_STYLE_ASSIGNMENT((#13348,#13353));
#13348 = SURFACE_STYLE_USAGE(.BOTH.,#13349);
#13349 = SURFACE_SIDE_STYLE('',(#13350));
#13350 = SURFACE_STYLE_FILL_AREA(#13351);
#13351 = FILL_AREA_STYLE('',(#13352));
#13352 = FILL_AREA_STYLE_COLOUR('',#13037);
#13353 = CURVE_STYLE('',#13354,POSITIVE_LENGTH_MEASURE(0.1),#13037);
#13354 = DRAUGHTING_PRE_DEFINED_CURVE_FONT('continuous');
#13355 = STYLED_ITEM('color',(#13356),#1543);
#13356 = PRESENTATION_STYLE_ASSIGNMENT((#13357,#13362));
#13357 = SURFACE_STYLE_USAGE(.BOTH.,#13358);
#13358 = SURFACE_SIDE_STYLE('',(#13359));
#13359 = SURFACE_STYLE_FILL_AREA(#13360);
#13360 = FILL_AREA_STYLE('',(#13361));
#13361 = FILL_AREA_STYLE_COLOUR('',#13037);
#13362 = CURVE_STYLE('',#13363,POSITIVE_LENGTH_MEASURE(0.1),#13037);
#13363 = DRAUGHTING_PRE_DEFINED_CURVE_FONT('continuous');
#13364 = STYLED_ITEM('color',(#13365),#1618);
#13365 = PRESENTATION_STYLE_ASSIGNMENT((#13366,#13371));
#13366 = SURFACE_STYLE_USAGE(.BOTH.,#13367);
#13367 = SURFACE_SIDE_STYLE('',(#13368));
#13368 = SURFACE_STYLE_FILL_AREA(#13369);
#13369 = FILL_AREA_STYLE('',(#13370));
#13370 = FILL_AREA_STYLE_COLOUR('',#13037);
#13371 = CURVE_STYLE('',#13372,POSITIVE_LENGTH_MEASURE(0.1),#13037);
#13372 = DRAUGHTING_PRE_DEFINED_CURVE_FONT('continuous');
#13373 = STYLED_ITEM('color',(#13374),#1620);
#13374 = PRESENTATION_STYLE_ASSIGNMENT((#13375,#13380));
#13375 = SURFACE_STYLE_USAGE(.BOTH.,#13376);
#13376 = SURFACE_SIDE_STYLE('',(#13377));
#13377 = SURFACE_STYLE_FILL_AREA(#13378);
#13378 = FILL_AREA_STYLE('',(#13379));
#13379 = FILL_AREA_STYLE_COLOUR('',#13037);
#13380 = CURVE_STYLE('',#13381,POSITIVE_LENGTH_MEASURE(0.1),#13037);
#13381 = DRAUGHTING_PRE_DEFINED_CURVE_FONT('continuous');
#13382 = STYLED_ITEM('color',(#13383),#1653);
#13383 = PRESENTATION_STYLE_ASSIGNMENT((#13384,#13389));
#13384 = SURFACE_STYLE_USAGE(.BOTH.,#13385);
#13385 = SURFACE_SIDE_STYLE('',(#13386));
#13386 = SURFACE_STYLE_FILL_AREA(#13387);
#13387 = FILL_AREA_STYLE('',(#13388));
#13388 = FILL_AREA_STYLE_COLOUR('',#13037);
#13389 = CURVE_STYLE('',#13390,POSITIVE_LENGTH_MEASURE(0.1),#13037);
#13390 = DRAUGHTING_PRE_DEFINED_CURVE_FONT('continuous');
#13391 = STYLED_ITEM('color',(#13392),#1681);
#13392 = PRESENTATION_STYLE_ASSIGNMENT((#13393,#13398));
#13393 = SURFACE_STYLE_USAGE(.BOTH.,#13394);
#13394 = SURFACE_SIDE_STYLE('',(#13395));
#13395 = SURFACE_STYLE_FILL_AREA(#13396);
#13396 = FILL_AREA_STYLE('',(#13397));
#13397 = FILL_AREA_STYLE_COLOUR('',#13037);
#13398 = CURVE_STYLE('',#13399,POSITIVE_LENGTH_MEASURE(0.1),#13037);
#13399 = DRAUGHTING_PRE_DEFINED_CURVE_FONT('continuous');
#13400 = STYLED_ITEM('color',(#13401),#1737);
#13401 = PRESENTATION_STYLE_ASSIGNMENT((#13402,#13407));
#13402 = SURFACE_STYLE_USAGE(.BOTH.,#13403);
#13403 = SURFACE_SIDE_STYLE('',(#13404));
#13404 = SURFACE_STYLE_FILL_AREA(#13405);
#13405 = FILL_AREA_STYLE('',(#13406));
#13406 = FILL_AREA_STYLE_COLOUR('',#13037);
#13407 = CURVE_STYLE('',#13408,POSITIVE_LENGTH_MEASURE(0.1),#13037);
#13408 = DRAUGHTING_PRE_DEFINED_CURVE_FONT('continuous');
#13409 = STYLED_ITEM('color',(#13410),#1739);
#13410 = PRESENTATION_STYLE_ASSIGNMENT((#13411,#13416));
#13411 = SURFACE_STYLE_USAGE(.BOTH.,#13412);
#13412 = SURFACE_SIDE_STYLE('',(#13413));
#13413 = SURFACE_STYLE_FILL_AREA(#13414);
#13414 = FILL_AREA_STYLE('',(#13415));
#13415 = FILL_AREA_STYLE_COLOUR('',#13037);
#13416 = CURVE_STYLE('',#13417,POSITIVE_LENGTH_MEASURE(0.1),#13037);
#13417 = DRAUGHTING_PRE_DEFINED_CURVE_FONT('continuous');
#13418 = STYLED_ITEM('color',(#13419),#1772);
#13419 = PRESENTATION_STYLE_ASSIGNMENT((#13420,#13425));
#13420 = SURFACE_STYLE_USAGE(.BOTH.,#13421);
#13421 = SURFACE_SIDE_STYLE('',(#13422));
#13422 = SURFACE_STYLE_FILL_AREA(#13423);
#13423 = FILL_AREA_STYLE('',(#13424));
#13424 = FILL_AREA_STYLE_COLOUR('',#13037);
#13425 = CURVE_STYLE('',#13426,POSITIVE_LENGTH_MEASURE(0.1),#13037);
#13426 = DRAUGHTING_PRE_DEFINED_CURVE_FONT('continuous');
#13427 = STYLED_ITEM('color',(#13428),#1800);
#13428 = PRESENTATION_STYLE_ASSIGNMENT((#13429,#13434));
#13429 = SURFACE_STYLE_USAGE(.BOTH.,#13430);
#13430 = SURFACE_SIDE_STYLE('',(#13431));
#13431 = SURFACE_STYLE_FILL_AREA(#13432);
#13432 = FILL_AREA_STYLE('',(#13433));
#13433 = FILL_AREA_STYLE_COLOUR('',#13037);
#13434 = CURVE_STYLE('',#13435,POSITIVE_LENGTH_MEASURE(0.1),#13037);
#13435 = DRAUGHTING_PRE_DEFINED_CURVE_FONT('continuous');
#13436 = STYLED_ITEM('color',(#13437),#1856);
#13437 = PRESENTATION_STYLE_ASSIGNMENT((#13438,#13443));
#13438 = SURFACE_STYLE_USAGE(.BOTH.,#13439);
#13439 = SURFACE_SIDE_STYLE('',(#13440));
#13440 = SURFACE_STYLE_FILL_AREA(#13441);
#13441 = FILL_AREA_STYLE('',(#13442));
#13442 = FILL_AREA_STYLE_COLOUR('',#13037);
#13443 = CURVE_STYLE('',#13444,POSITIVE_LENGTH_MEASURE(0.1),#13037);
#13444 = DRAUGHTING_PRE_DEFINED_CURVE_FONT('continuous');
#13445 = STYLED_ITEM('color',(#13446),#1858);
#13446 = PRESENTATION_STYLE_ASSIGNMENT((#13447,#13452));
#13447 = SURFACE_STYLE_USAGE(.BOTH.,#13448);
#13448 = SURFACE_SIDE_STYLE('',(#13449));
#13449 = SURFACE_STYLE_FILL_AREA(#13450);
#13450 = FILL_AREA_STYLE('',(#13451));
#13451 = FILL_AREA_STYLE_COLOUR('',#13037);
#13452 = CURVE_STYLE('',#13453,POSITIVE_LENGTH_MEASURE(0.1),#13037);
#13453 = DRAUGHTING_PRE_DEFINED_CURVE_FONT('continuous');
#13454 = STYLED_ITEM('color',(#13455),#1886);
#13455 = PRESENTATION_STYLE_ASSIGNMENT((#13456,#13461));
#13456 = SURFACE_STYLE_USAGE(.BOTH.,#13457);
#13457 = SURFACE_SIDE_STYLE('',(#13458));
#13458 = SURFACE_STYLE_FILL_AREA(#13459);
#13459 = FILL_AREA_STYLE('',(#13460));
#13460 = FILL_AREA_STYLE_COLOUR('',#13037);
#13461 = CURVE_STYLE('',#13462,POSITIVE_LENGTH_MEASURE(0.1),#13037);
#13462 = DRAUGHTING_PRE_DEFINED_CURVE_FONT('continuous');
#13463 = STYLED_ITEM('color',(#13464),#1909);
#13464 = PRESENTATION_STYLE_ASSIGNMENT((#13465,#13470));
#13465 = SURFACE_STYLE_USAGE(.BOTH.,#13466);
#13466 = SURFACE_SIDE_STYLE('',(#13467));
#13467 = SURFACE_STYLE_FILL_AREA(#13468);
#13468 = FILL_AREA_STYLE('',(#13469));
#13469 = FILL_AREA_STYLE_COLOUR('',#13037);
#13470 = CURVE_STYLE('',#13471,POSITIVE_LENGTH_MEASURE(0.1),#13037);
#13471 = DRAUGHTING_PRE_DEFINED_CURVE_FONT('continuous');
#13472 = STYLED_ITEM('color',(#13473),#1966);
#13473 = PRESENTATION_STYLE_ASSIGNMENT((#13474,#13479));
#13474 = SURFACE_STYLE_USAGE(.BOTH.,#13475);
#13475 = SURFACE_SIDE_STYLE('',(#13476));
#13476 = SURFACE_STYLE_FILL_AREA(#13477);
#13477 = FILL_AREA_STYLE('',(#13478));
#13478 = FILL_AREA_STYLE_COLOUR('',#13037);
#13479 = CURVE_STYLE('',#13480,POSITIVE_LENGTH_MEASURE(0.1),#13037);
#13480 = DRAUGHTING_PRE_DEFINED_CURVE_FONT('continuous');
#13481 = STYLED_ITEM('color',(#13482),#2011);
#13482 = PRESENTATION_STYLE_ASSIGNMENT((#13483,#13488));
#13483 = SURFACE_STYLE_USAGE(.BOTH.,#13484);
#13484 = SURFACE_SIDE_STYLE('',(#13485));
#13485 = SURFACE_STYLE_FILL_AREA(#13486);
#13486 = FILL_AREA_STYLE('',(#13487));
#13487 = FILL_AREA_STYLE_COLOUR('',#13037);
#13488 = CURVE_STYLE('',#13489,POSITIVE_LENGTH_MEASURE(0.1),#13037);
#13489 = DRAUGHTING_PRE_DEFINED_CURVE_FONT('continuous');
#13490 = STYLED_ITEM('color',(#13491),#2118);
#13491 = PRESENTATION_STYLE_ASSIGNMENT((#13492,#13497));
#13492 = SURFACE_STYLE_USAGE(.BOTH.,#13493);
#13493 = SURFACE_SIDE_STYLE('',(#13494));
#13494 = SURFACE_STYLE_FILL_AREA(#13495);
#13495 = FILL_AREA_STYLE('',(#13496));
#13496 = FILL_AREA_STYLE_COLOUR('',#13037);
#13497 = CURVE_STYLE('',#13498,POSITIVE_LENGTH_MEASURE(0.1),#13037);
#13498 = DRAUGHTING_PRE_DEFINED_CURVE_FONT('continuous');
#13499 = STYLED_ITEM('color',(#13500),#2163);
#13500 = PRESENTATION_STYLE_ASSIGNMENT((#13501,#13506));
#13501 = SURFACE_STYLE_USAGE(.BOTH.,#13502);
#13502 = SURFACE_SIDE_STYLE('',(#13503));
#13503 = SURFACE_STYLE_FILL_AREA(#13504);
#13504 = FILL_AREA_STYLE('',(#13505));
#13505 = FILL_AREA_STYLE_COLOUR('',#13037);
#13506 = CURVE_STYLE('',#13507,POSITIVE_LENGTH_MEASURE(0.1),#13037);
#13507 = DRAUGHTING_PRE_DEFINED_CURVE_FONT('continuous');
#13508 = STYLED_ITEM('color',(#13509),#2191);
#13509 = PRESENTATION_STYLE_ASSIGNMENT((#13510,#13515));
#13510 = SURFACE_STYLE_USAGE(.BOTH.,#13511);
#13511 = SURFACE_SIDE_STYLE('',(#13512));
#13512 = SURFACE_STYLE_FILL_AREA(#13513);
#13513 = FILL_AREA_STYLE('',(#13514));
#13514 = FILL_AREA_STYLE_COLOUR('',#13037);
#13515 = CURVE_STYLE('',#13516,POSITIVE_LENGTH_MEASURE(0.1),#13037);
#13516 = DRAUGHTING_PRE_DEFINED_CURVE_FONT('continuous');
#13517 = STYLED_ITEM('color',(#13518),#2241);
#13518 = PRESENTATION_STYLE_ASSIGNMENT((#13519,#13524));
#13519 = SURFACE_STYLE_USAGE(.BOTH.,#13520);
#13520 = SURFACE_SIDE_STYLE('',(#13521));
#13521 = SURFACE_STYLE_FILL_AREA(#13522);
#13522 = FILL_AREA_STYLE('',(#13523));
#13523 = FILL_AREA_STYLE_COLOUR('',#13037);
#13524 = CURVE_STYLE('',#13525,POSITIVE_LENGTH_MEASURE(0.1),#13037);
#13525 = DRAUGHTING_PRE_DEFINED_CURVE_FONT('continuous');
#13526 = STYLED_ITEM('color',(#13527),#2298);
#13527 = PRESENTATION_STYLE_ASSIGNMENT((#13528,#13533));
#13528 = SURFACE_STYLE_USAGE(.BOTH.,#13529);
#13529 = SURFACE_SIDE_STYLE('',(#13530));
#13530 = SURFACE_STYLE_FILL_AREA(#13531);
#13531 = FILL_AREA_STYLE('',(#13532));
#13532 = FILL_AREA_STYLE_COLOUR('',#13037);
#13533 = CURVE_STYLE('',#13534,POSITIVE_LENGTH_MEASURE(0.1),#13037);
#13534 = DRAUGHTING_PRE_DEFINED_CURVE_FONT('continuous');
#13535 = STYLED_ITEM('color',(#13536),#2321);
#13536 = PRESENTATION_STYLE_ASSIGNMENT((#13537,#13542));
#13537 = SURFACE_STYLE_USAGE(.BOTH.,#13538);
#13538 = SURFACE_SIDE_STYLE('',(#13539));
#13539 = SURFACE_STYLE_FILL_AREA(#13540);
#13540 = FILL_AREA_STYLE('',(#13541));
#13541 = FILL_AREA_STYLE_COLOUR('',#13037);
#13542 = CURVE_STYLE('',#13543,POSITIVE_LENGTH_MEASURE(0.1),#13037);
#13543 = DRAUGHTING_PRE_DEFINED_CURVE_FONT('continuous');
#13544 = STYLED_ITEM('color',(#13545),#2373);
#13545 = PRESENTATION_STYLE_ASSIGNMENT((#13546,#13551));
#13546 = SURFACE_STYLE_USAGE(.BOTH.,#13547);
#13547 = SURFACE_SIDE_STYLE('',(#13548));
#13548 = SURFACE_STYLE_FILL_AREA(#13549);
#13549 = FILL_AREA_STYLE('',(#13550));
#13550 = FILL_AREA_STYLE_COLOUR('',#13037);
#13551 = CURVE_STYLE('',#13552,POSITIVE_LENGTH_MEASURE(0.1),#13037);
#13552 = DRAUGHTING_PRE_DEFINED_CURVE_FONT('continuous');
#13553 = STYLED_ITEM('color',(#13554),#2375);
#13554 = PRESENTATION_STYLE_ASSIGNMENT((#13555,#13560));
#13555 = SURFACE_STYLE_USAGE(.BOTH.,#13556);
#13556 = SURFACE_SIDE_STYLE('',(#13557));
#13557 = SURFACE_STYLE_FILL_AREA(#13558);
#13558 = FILL_AREA_STYLE('',(#13559));
#13559 = FILL_AREA_STYLE_COLOUR('',#13037);
#13560 = CURVE_STYLE('',#13561,POSITIVE_LENGTH_MEASURE(0.1),#13037);
#13561 = DRAUGHTING_PRE_DEFINED_CURVE_FONT('continuous');
#13562 = STYLED_ITEM('color',(#13563),#2403);
#13563 = PRESENTATION_STYLE_ASSIGNMENT((#13564,#13569));
#13564 = SURFACE_STYLE_USAGE(.BOTH.,#13565);
#13565 = SURFACE_SIDE_STYLE('',(#13566));
#13566 = SURFACE_STYLE_FILL_AREA(#13567);
#13567 = FILL_AREA_STYLE('',(#13568));
#13568 = FILL_AREA_STYLE_COLOUR('',#13037);
#13569 = CURVE_STYLE('',#13570,POSITIVE_LENGTH_MEASURE(0.1),#13037);
#13570 = DRAUGHTING_PRE_DEFINED_CURVE_FONT('continuous');
#13571 = STYLED_ITEM('color',(#13572),#2431);
#13572 = PRESENTATION_STYLE_ASSIGNMENT((#13573,#13578));
#13573 = SURFACE_STYLE_USAGE(.BOTH.,#13574);
#13574 = SURFACE_SIDE_STYLE('',(#13575));
#13575 = SURFACE_STYLE_FILL_AREA(#13576);
#13576 = FILL_AREA_STYLE('',(#13577));
#13577 = FILL_AREA_STYLE_COLOUR('',#13037);
#13578 = CURVE_STYLE('',#13579,POSITIVE_LENGTH_MEASURE(0.1),#13037);
#13579 = DRAUGHTING_PRE_DEFINED_CURVE_FONT('continuous');
#13580 = STYLED_ITEM('color',(#13581),#2487);
#13581 = PRESENTATION_STYLE_ASSIGNMENT((#13582,#13587));
#13582 = SURFACE_STYLE_USAGE(.BOTH.,#13583);
#13583 = SURFACE_SIDE_STYLE('',(#13584));
#13584 = SURFACE_STYLE_FILL_AREA(#13585);
#13585 = FILL_AREA_STYLE('',(#13586));
#13586 = FILL_AREA_STYLE_COLOUR('',#13037);
#13587 = CURVE_STYLE('',#13588,POSITIVE_LENGTH_MEASURE(0.1),#13037);
#13588 = DRAUGHTING_PRE_DEFINED_CURVE_FONT('continuous');
#13589 = STYLED_ITEM('color',(#13590),#2489);
#13590 = PRESENTATION_STYLE_ASSIGNMENT((#13591,#13596));
#13591 = SURFACE_STYLE_USAGE(.BOTH.,#13592);
#13592 = SURFACE_SIDE_STYLE('',(#13593));
#13593 = SURFACE_STYLE_FILL_AREA(#13594);
#13594 = FILL_AREA_STYLE('',(#13595));
#13595 = FILL_AREA_STYLE_COLOUR('',#13037);
#13596 = CURVE_STYLE('',#13597,POSITIVE_LENGTH_MEASURE(0.1),#13037);
#13597 = DRAUGHTING_PRE_DEFINED_CURVE_FONT('continuous');
#13598 = STYLED_ITEM('color',(#13599),#2517);
#13599 = PRESENTATION_STYLE_ASSIGNMENT((#13600,#13605));
#13600 = SURFACE_STYLE_USAGE(.BOTH.,#13601);
#13601 = SURFACE_SIDE_STYLE('',(#13602));
#13602 = SURFACE_STYLE_FILL_AREA(#13603);
#13603 = FILL_AREA_STYLE('',(#13604));
#13604 = FILL_AREA_STYLE_COLOUR('',#13037);
#13605 = CURVE_STYLE('',#13606,POSITIVE_LENGTH_MEASURE(0.1),#13037);
#13606 = DRAUGHTING_PRE_DEFINED_CURVE_FONT('continuous');
#13607 = STYLED_ITEM('color',(#13608),#2545);
#13608 = PRESENTATION_STYLE_ASSIGNMENT((#13609,#13614));
#13609 = SURFACE_STYLE_USAGE(.BOTH.,#13610);
#13610 = SURFACE_SIDE_STYLE('',(#13611));
#13611 = SURFACE_STYLE_FILL_AREA(#13612);
#13612 = FILL_AREA_STYLE('',(#13613));
#13613 = FILL_AREA_STYLE_COLOUR('',#13037);
#13614 = CURVE_STYLE('',#13615,POSITIVE_LENGTH_MEASURE(0.1),#13037);
#13615 = DRAUGHTING_PRE_DEFINED_CURVE_FONT('continuous');
#13616 = STYLED_ITEM('color',(#13617),#2601);
#13617 = PRESENTATION_STYLE_ASSIGNMENT((#13618,#13623));
#13618 = SURFACE_STYLE_USAGE(.BOTH.,#13619);
#13619 = SURFACE_SIDE_STYLE('',(#13620));
#13620 = SURFACE_STYLE_FILL_AREA(#13621);
#13621 = FILL_AREA_STYLE('',(#13622));
#13622 = FILL_AREA_STYLE_COLOUR('',#13037);
#13623 = CURVE_STYLE('',#13624,POSITIVE_LENGTH_MEASURE(0.1),#13037);
#13624 = DRAUGHTING_PRE_DEFINED_CURVE_FONT('continuous');
#13625 = STYLED_ITEM('color',(#13626),#2603);
#13626 = PRESENTATION_STYLE_ASSIGNMENT((#13627,#13632));
#13627 = SURFACE_STYLE_USAGE(.BOTH.,#13628);
#13628 = SURFACE_SIDE_STYLE('',(#13629));
#13629 = SURFACE_STYLE_FILL_AREA(#13630);
#13630 = FILL_AREA_STYLE('',(#13631));
#13631 = FILL_AREA_STYLE_COLOUR('',#13037);
#13632 = CURVE_STYLE('',#13633,POSITIVE_LENGTH_MEASURE(0.1),#13037);
#13633 = DRAUGHTING_PRE_DEFINED_CURVE_FONT('continuous');
#13634 = STYLED_ITEM('color',(#13635),#2631);
#13635 = PRESENTATION_STYLE_ASSIGNMENT((#13636,#13641));
#13636 = SURFACE_STYLE_USAGE(.BOTH.,#13637);
#13637 = SURFACE_SIDE_STYLE('',(#13638));
#13638 = SURFACE_STYLE_FILL_AREA(#13639);
#13639 = FILL_AREA_STYLE('',(#13640));
#13640 = FILL_AREA_STYLE_COLOUR('',#13037);
#13641 = CURVE_STYLE('',#13642,POSITIVE_LENGTH_MEASURE(0.1),#13037);
#13642 = DRAUGHTING_PRE_DEFINED_CURVE_FONT('continuous');
#13643 = STYLED_ITEM('color',(#13644),#2654);
#13644 = PRESENTATION_STYLE_ASSIGNMENT((#13645,#13650));
#13645 = SURFACE_STYLE_USAGE(.BOTH.,#13646);
#13646 = SURFACE_SIDE_STYLE('',(#13647));
#13647 = SURFACE_STYLE_FILL_AREA(#13648);
#13648 = FILL_AREA_STYLE('',(#13649));
#13649 = FILL_AREA_STYLE_COLOUR('',#13037);
#13650 = CURVE_STYLE('',#13651,POSITIVE_LENGTH_MEASURE(0.1),#13037);
#13651 = DRAUGHTING_PRE_DEFINED_CURVE_FONT('continuous');
#13652 = STYLED_ITEM('color',(#13653),#2711);
#13653 = PRESENTATION_STYLE_ASSIGNMENT((#13654,#13659));
#13654 = SURFACE_STYLE_USAGE(.BOTH.,#13655);
#13655 = SURFACE_SIDE_STYLE('',(#13656));
#13656 = SURFACE_STYLE_FILL_AREA(#13657);
#13657 = FILL_AREA_STYLE('',(#13658));
#13658 = FILL_AREA_STYLE_COLOUR('',#13037);
#13659 = CURVE_STYLE('',#13660,POSITIVE_LENGTH_MEASURE(0.1),#13037);
#13660 = DRAUGHTING_PRE_DEFINED_CURVE_FONT('continuous');
#13661 = STYLED_ITEM('color',(#13662),#2756);
#13662 = PRESENTATION_STYLE_ASSIGNMENT((#13663,#13668));
#13663 = SURFACE_STYLE_USAGE(.BOTH.,#13664);
#13664 = SURFACE_SIDE_STYLE('',(#13665));
#13665 = SURFACE_STYLE_FILL_AREA(#13666);
#13666 = FILL_AREA_STYLE('',(#13667));
#13667 = FILL_AREA_STYLE_COLOUR('',#13037);
#13668 = CURVE_STYLE('',#13669,POSITIVE_LENGTH_MEASURE(0.1),#13037);
#13669 = DRAUGHTING_PRE_DEFINED_CURVE_FONT('continuous');
#13670 = STYLED_ITEM('color',(#13671),#2858);
#13671 = PRESENTATION_STYLE_ASSIGNMENT((#13672,#13677));
#13672 = SURFACE_STYLE_USAGE(.BOTH.,#13673);
#13673 = SURFACE_SIDE_STYLE('',(#13674));
#13674 = SURFACE_STYLE_FILL_AREA(#13675);
#13675 = FILL_AREA_STYLE('',(#13676));
#13676 = FILL_AREA_STYLE_COLOUR('',#13037);
#13677 = CURVE_STYLE('',#13678,POSITIVE_LENGTH_MEASURE(0.1),#13037);
#13678 = DRAUGHTING_PRE_DEFINED_CURVE_FONT('continuous');
#13679 = STYLED_ITEM('color',(#13680),#2903);
#13680 = PRESENTATION_STYLE_ASSIGNMENT((#13681,#13686));
#13681 = SURFACE_STYLE_USAGE(.BOTH.,#13682);
#13682 = SURFACE_SIDE_STYLE('',(#13683));
#13683 = SURFACE_STYLE_FILL_AREA(#13684);
#13684 = FILL_AREA_STYLE('',(#13685));
#13685 = FILL_AREA_STYLE_COLOUR('',#13037);
#13686 = CURVE_STYLE('',#13687,POSITIVE_LENGTH_MEASURE(0.1),#13037);
#13687 = DRAUGHTING_PRE_DEFINED_CURVE_FONT('continuous');
#13688 = STYLED_ITEM('color',(#13689),#2931);
#13689 = PRESENTATION_STYLE_ASSIGNMENT((#13690,#13695));
#13690 = SURFACE_STYLE_USAGE(.BOTH.,#13691);
#13691 = SURFACE_SIDE_STYLE('',(#13692));
#13692 = SURFACE_STYLE_FILL_AREA(#13693);
#13693 = FILL_AREA_STYLE('',(#13694));
#13694 = FILL_AREA_STYLE_COLOUR('',#13037);
#13695 = CURVE_STYLE('',#13696,POSITIVE_LENGTH_MEASURE(0.1),#13037);
#13696 = DRAUGHTING_PRE_DEFINED_CURVE_FONT('continuous');
#13697 = STYLED_ITEM('color',(#13698),#2981);
#13698 = PRESENTATION_STYLE_ASSIGNMENT((#13699,#13704));
#13699 = SURFACE_STYLE_USAGE(.BOTH.,#13700);
#13700 = SURFACE_SIDE_STYLE('',(#13701));
#13701 = SURFACE_STYLE_FILL_AREA(#13702);
#13702 = FILL_AREA_STYLE('',(#13703));
#13703 = FILL_AREA_STYLE_COLOUR('',#13037);
#13704 = CURVE_STYLE('',#13705,POSITIVE_LENGTH_MEASURE(0.1),#13037);
#13705 = DRAUGHTING_PRE_DEFINED_CURVE_FONT('continuous');
#13706 = STYLED_ITEM('color',(#13707),#3038);
#13707 = PRESENTATION_STYLE_ASSIGNMENT((#13708,#13713));
#13708 = SURFACE_STYLE_USAGE(.BOTH.,#13709);
#13709 = SURFACE_SIDE_STYLE('',(#13710));
#13710 = SURFACE_STYLE_FILL_AREA(#13711);
#13711 = FILL_AREA_STYLE('',(#13712));
#13712 = FILL_AREA_STYLE_COLOUR('',#13037);
#13713 = CURVE_STYLE('',#13714,POSITIVE_LENGTH_MEASURE(0.1),#13037);
#13714 = DRAUGHTING_PRE_DEFINED_CURVE_FONT('continuous');
#13715 = STYLED_ITEM('color',(#13716),#3061);
#13716 = PRESENTATION_STYLE_ASSIGNMENT((#13717,#13722));
#13717 = SURFACE_STYLE_USAGE(.BOTH.,#13718);
#13718 = SURFACE_SIDE_STYLE('',(#13719));
#13719 = SURFACE_STYLE_FILL_AREA(#13720);
#13720 = FILL_AREA_STYLE('',(#13721));
#13721 = FILL_AREA_STYLE_COLOUR('',#13037);
#13722 = CURVE_STYLE('',#13723,POSITIVE_LENGTH_MEASURE(0.1),#13037);
#13723 = DRAUGHTING_PRE_DEFINED_CURVE_FONT('continuous');
#13724 = STYLED_ITEM('color',(#13725),#3115);
#13725 = PRESENTATION_STYLE_ASSIGNMENT((#13726,#13731));
#13726 = SURFACE_STYLE_USAGE(.BOTH.,#13727);
#13727 = SURFACE_SIDE_STYLE('',(#13728));
#13728 = SURFACE_STYLE_FILL_AREA(#13729);
#13729 = FILL_AREA_STYLE('',(#13730));
#13730 = FILL_AREA_STYLE_COLOUR('',#13037);
#13731 = CURVE_STYLE('',#13732,POSITIVE_LENGTH_MEASURE(0.1),#13037);
#13732 = DRAUGHTING_PRE_DEFINED_CURVE_FONT('continuous');
#13733 = STYLED_ITEM('color',(#13734),#3139);
#13734 = PRESENTATION_STYLE_ASSIGNMENT((#13735,#13740));
#13735 = SURFACE_STYLE_USAGE(.BOTH.,#13736);
#13736 = SURFACE_SIDE_STYLE('',(#13737));
#13737 = SURFACE_STYLE_FILL_AREA(#13738);
#13738 = FILL_AREA_STYLE('',(#13739));
#13739 = FILL_AREA_STYLE_COLOUR('',#13037);
#13740 = CURVE_STYLE('',#13741,POSITIVE_LENGTH_MEASURE(0.1),#13037);
#13741 = DRAUGHTING_PRE_DEFINED_CURVE_FONT('continuous');
#13742 = STYLED_ITEM('color',(#13743),#3216);
#13743 = PRESENTATION_STYLE_ASSIGNMENT((#13744,#13749));
#13744 = SURFACE_STYLE_USAGE(.BOTH.,#13745);
#13745 = SURFACE_SIDE_STYLE('',(#13746));
#13746 = SURFACE_STYLE_FILL_AREA(#13747);
#13747 = FILL_AREA_STYLE('',(#13748));
#13748 = FILL_AREA_STYLE_COLOUR('',#13037);
#13749 = CURVE_STYLE('',#13750,POSITIVE_LENGTH_MEASURE(0.1),#13037);
#13750 = DRAUGHTING_PRE_DEFINED_CURVE_FONT('continuous');
#13751 = STYLED_ITEM('color',(#13752),#3244);
#13752 = PRESENTATION_STYLE_ASSIGNMENT((#13753,#13758));
#13753 = SURFACE_STYLE_USAGE(.BOTH.,#13754);
#13754 = SURFACE_SIDE_STYLE('',(#13755));
#13755 = SURFACE_STYLE_FILL_AREA(#13756);
#13756 = FILL_AREA_STYLE('',(#13757));
#13757 = FILL_AREA_STYLE_COLOUR('',#13037);
#13758 = CURVE_STYLE('',#13759,POSITIVE_LENGTH_MEASURE(0.1),#13037);
#13759 = DRAUGHTING_PRE_DEFINED_CURVE_FONT('continuous');
#13760 = STYLED_ITEM('color',(#13761),#3321);
#13761 = PRESENTATION_STYLE_ASSIGNMENT((#13762,#13767));
#13762 = SURFACE_STYLE_USAGE(.BOTH.,#13763);
#13763 = SURFACE_SIDE_STYLE('',(#13764));
#13764 = SURFACE_STYLE_FILL_AREA(#13765);
#13765 = FILL_AREA_STYLE('',(#13766));
#13766 = FILL_AREA_STYLE_COLOUR('',#13037);
#13767 = CURVE_STYLE('',#13768,POSITIVE_LENGTH_MEASURE(0.1),#13037);
#13768 = DRAUGHTING_PRE_DEFINED_CURVE_FONT('continuous');
#13769 = STYLED_ITEM('color',(#13770),#3371);
#13770 = PRESENTATION_STYLE_ASSIGNMENT((#13771,#13776));
#13771 = SURFACE_STYLE_USAGE(.BOTH.,#13772);
#13772 = SURFACE_SIDE_STYLE('',(#13773));
#13773 = SURFACE_STYLE_FILL_AREA(#13774);
#13774 = FILL_AREA_STYLE('',(#13775));
#13775 = FILL_AREA_STYLE_COLOUR('',#13037);
#13776 = CURVE_STYLE('',#13777,POSITIVE_LENGTH_MEASURE(0.1),#13037);
#13777 = DRAUGHTING_PRE_DEFINED_CURVE_FONT('continuous');
#13778 = STYLED_ITEM('color',(#13779),#3427);
#13779 = PRESENTATION_STYLE_ASSIGNMENT((#13780,#13785));
#13780 = SURFACE_STYLE_USAGE(.BOTH.,#13781);
#13781 = SURFACE_SIDE_STYLE('',(#13782));
#13782 = SURFACE_STYLE_FILL_AREA(#13783);
#13783 = FILL_AREA_STYLE('',(#13784));
#13784 = FILL_AREA_STYLE_COLOUR('',#13037);
#13785 = CURVE_STYLE('',#13786,POSITIVE_LENGTH_MEASURE(0.1),#13037);
#13786 = DRAUGHTING_PRE_DEFINED_CURVE_FONT('continuous');
#13787 = STYLED_ITEM('color',(#13788),#3475);
#13788 = PRESENTATION_STYLE_ASSIGNMENT((#13789,#13794));
#13789 = SURFACE_STYLE_USAGE(.BOTH.,#13790);
#13790 = SURFACE_SIDE_STYLE('',(#13791));
#13791 = SURFACE_STYLE_FILL_AREA(#13792);
#13792 = FILL_AREA_STYLE('',(#13793));
#13793 = FILL_AREA_STYLE_COLOUR('',#13037);
#13794 = CURVE_STYLE('',#13795,POSITIVE_LENGTH_MEASURE(0.1),#13037);
#13795 = DRAUGHTING_PRE_DEFINED_CURVE_FONT('continuous');
#13796 = STYLED_ITEM('color',(#13797),#3499);
#13797 = PRESENTATION_STYLE_ASSIGNMENT((#13798,#13803));
#13798 = SURFACE_STYLE_USAGE(.BOTH.,#13799);
#13799 = SURFACE_SIDE_STYLE('',(#13800));
#13800 = SURFACE_STYLE_FILL_AREA(#13801);
#13801 = FILL_AREA_STYLE('',(#13802));
#13802 = FILL_AREA_STYLE_COLOUR('',#13037);
#13803 = CURVE_STYLE('',#13804,POSITIVE_LENGTH_MEASURE(0.1),#13037);
#13804 = DRAUGHTING_PRE_DEFINED_CURVE_FONT('continuous');
#13805 = STYLED_ITEM('color',(#13806),#3551);
#13806 = PRESENTATION_STYLE_ASSIGNMENT((#13807,#13812));
#13807 = SURFACE_STYLE_USAGE(.BOTH.,#13808);
#13808 = SURFACE_SIDE_STYLE('',(#13809));
#13809 = SURFACE_STYLE_FILL_AREA(#13810);
#13810 = FILL_AREA_STYLE('',(#13811));
#13811 = FILL_AREA_STYLE_COLOUR('',#13037);
#13812 = CURVE_STYLE('',#13813,POSITIVE_LENGTH_MEASURE(0.1),#13037);
#13813 = DRAUGHTING_PRE_DEFINED_CURVE_FONT('continuous');
#13814 = STYLED_ITEM('color',(#13815),#3584);
#13815 = PRESENTATION_STYLE_ASSIGNMENT((#13816,#13821));
#13816 = SURFACE_STYLE_USAGE(.BOTH.,#13817);
#13817 = SURFACE_SIDE_STYLE('',(#13818));
#13818 = SURFACE_STYLE_FILL_AREA(#13819);
#13819 = FILL_AREA_STYLE('',(#13820));
#13820 = FILL_AREA_STYLE_COLOUR('',#13037);
#13821 = CURVE_STYLE('',#13822,POSITIVE_LENGTH_MEASURE(0.1),#13037);
#13822 = DRAUGHTING_PRE_DEFINED_CURVE_FONT('continuous');
#13823 = STYLED_ITEM('color',(#13824),#3608);
#13824 = PRESENTATION_STYLE_ASSIGNMENT((#13825,#13830));
#13825 = SURFACE_STYLE_USAGE(.BOTH.,#13826);
#13826 = SURFACE_SIDE_STYLE('',(#13827));
#13827 = SURFACE_STYLE_FILL_AREA(#13828);
#13828 = FILL_AREA_STYLE('',(#13829));
#13829 = FILL_AREA_STYLE_COLOUR('',#13037);
#13830 = CURVE_STYLE('',#13831,POSITIVE_LENGTH_MEASURE(0.1),#13037);
#13831 = DRAUGHTING_PRE_DEFINED_CURVE_FONT('continuous');
#13832 = STYLED_ITEM('color',(#13833),#3685);
#13833 = PRESENTATION_STYLE_ASSIGNMENT((#13834,#13839));
#13834 = SURFACE_STYLE_USAGE(.BOTH.,#13835);
#13835 = SURFACE_SIDE_STYLE('',(#13836));
#13836 = SURFACE_STYLE_FILL_AREA(#13837);
#13837 = FILL_AREA_STYLE('',(#13838));
#13838 = FILL_AREA_STYLE_COLOUR('',#13037);
#13839 = CURVE_STYLE('',#13840,POSITIVE_LENGTH_MEASURE(0.1),#13037);
#13840 = DRAUGHTING_PRE_DEFINED_CURVE_FONT('continuous');
#13841 = STYLED_ITEM('color',(#13842),#3713);
#13842 = PRESENTATION_STYLE_ASSIGNMENT((#13843,#13848));
#13843 = SURFACE_STYLE_USAGE(.BOTH.,#13844);
#13844 = SURFACE_SIDE_STYLE('',(#13845));
#13845 = SURFACE_STYLE_FILL_AREA(#13846);
#13846 = FILL_AREA_STYLE('',(#13847));
#13847 = FILL_AREA_STYLE_COLOUR('',#13037);
#13848 = CURVE_STYLE('',#13849,POSITIVE_LENGTH_MEASURE(0.1),#13037);
#13849 = DRAUGHTING_PRE_DEFINED_CURVE_FONT('continuous');
#13850 = STYLED_ITEM('color',(#13851),#3787);
#13851 = PRESENTATION_STYLE_ASSIGNMENT((#13852,#13857));
#13852 = SURFACE_STYLE_USAGE(.BOTH.,#13853);
#13853 = SURFACE_SIDE_STYLE('',(#13854));
#13854 = SURFACE_STYLE_FILL_AREA(#13855);
#13855 = FILL_AREA_STYLE('',(#13856));
#13856 = FILL_AREA_STYLE_COLOUR('',#13037);
#13857 = CURVE_STYLE('',#13858,POSITIVE_LENGTH_MEASURE(0.1),#13037);
#13858 = DRAUGHTING_PRE_DEFINED_CURVE_FONT('continuous');
#13859 = STYLED_ITEM('color',(#13860),#3839);
#13860 = PRESENTATION_STYLE_ASSIGNMENT((#13861,#13866));
#13861 = SURFACE_STYLE_USAGE(.BOTH.,#13862);
#13862 = SURFACE_SIDE_STYLE('',(#13863));
#13863 = SURFACE_STYLE_FILL_AREA(#13864);
#13864 = FILL_AREA_STYLE('',(#13865));
#13865 = FILL_AREA_STYLE_COLOUR('',#13037);
#13866 = CURVE_STYLE('',#13867,POSITIVE_LENGTH_MEASURE(0.1),#13037);
#13867 = DRAUGHTING_PRE_DEFINED_CURVE_FONT('continuous');
#13868 = STYLED_ITEM('color',(#13869),#3867);
#13869 = PRESENTATION_STYLE_ASSIGNMENT((#13870,#13875));
#13870 = SURFACE_STYLE_USAGE(.BOTH.,#13871);
#13871 = SURFACE_SIDE_STYLE('',(#13872));
#13872 = SURFACE_STYLE_FILL_AREA(#13873);
#13873 = FILL_AREA_STYLE('',(#13874));
#13874 = FILL_AREA_STYLE_COLOUR('',#13037);
#13875 = CURVE_STYLE('',#13876,POSITIVE_LENGTH_MEASURE(0.1),#13037);
#13876 = DRAUGHTING_PRE_DEFINED_CURVE_FONT('continuous');
#13877 = STYLED_ITEM('color',(#13878),#3923);
#13878 = PRESENTATION_STYLE_ASSIGNMENT((#13879,#13884));
#13879 = SURFACE_STYLE_USAGE(.BOTH.,#13880);
#13880 = SURFACE_SIDE_STYLE('',(#13881));
#13881 = SURFACE_STYLE_FILL_AREA(#13882);
#13882 = FILL_AREA_STYLE('',(#13883));
#13883 = FILL_AREA_STYLE_COLOUR('',#13037);
#13884 = CURVE_STYLE('',#13885,POSITIVE_LENGTH_MEASURE(0.1),#13037);
#13885 = DRAUGHTING_PRE_DEFINED_CURVE_FONT('continuous');
#13886 = STYLED_ITEM('color',(#13887),#3956);
#13887 = PRESENTATION_STYLE_ASSIGNMENT((#13888,#13893));
#13888 = SURFACE_STYLE_USAGE(.BOTH.,#13889);
#13889 = SURFACE_SIDE_STYLE('',(#13890));
#13890 = SURFACE_STYLE_FILL_AREA(#13891);
#13891 = FILL_AREA_STYLE('',(#13892));
#13892 = FILL_AREA_STYLE_COLOUR('',#13037);
#13893 = CURVE_STYLE('',#13894,POSITIVE_LENGTH_MEASURE(0.1),#13037);
#13894 = DRAUGHTING_PRE_DEFINED_CURVE_FONT('continuous');
#13895 = STYLED_ITEM('color',(#13896),#3980);
#13896 = PRESENTATION_STYLE_ASSIGNMENT((#13897,#13902));
#13897 = SURFACE_STYLE_USAGE(.BOTH.,#13898);
#13898 = SURFACE_SIDE_STYLE('',(#13899));
#13899 = SURFACE_STYLE_FILL_AREA(#13900);
#13900 = FILL_AREA_STYLE('',(#13901));
#13901 = FILL_AREA_STYLE_COLOUR('',#13037);
#13902 = CURVE_STYLE('',#13903,POSITIVE_LENGTH_MEASURE(0.1),#13037);
#13903 = DRAUGHTING_PRE_DEFINED_CURVE_FONT('continuous');
#13904 = STYLED_ITEM('color',(#13905),#4131);
#13905 = PRESENTATION_STYLE_ASSIGNMENT((#13906,#13911));
#13906 = SURFACE_STYLE_USAGE(.BOTH.,#13907);
#13907 = SURFACE_SIDE_STYLE('',(#13908));
#13908 = SURFACE_STYLE_FILL_AREA(#13909);
#13909 = FILL_AREA_STYLE('',(#13910));
#13910 = FILL_AREA_STYLE_COLOUR('',#13037);
#13911 = CURVE_STYLE('',#13912,POSITIVE_LENGTH_MEASURE(0.1),#13037);
#13912 = DRAUGHTING_PRE_DEFINED_CURVE_FONT('continuous');
#13913 = STYLED_ITEM('color',(#13914),#4133);
#13914 = PRESENTATION_STYLE_ASSIGNMENT((#13915,#13920));
#13915 = SURFACE_STYLE_USAGE(.BOTH.,#13916);
#13916 = SURFACE_SIDE_STYLE('',(#13917));
#13917 = SURFACE_STYLE_FILL_AREA(#13918);
#13918 = FILL_AREA_STYLE('',(#13919));
#13919 = FILL_AREA_STYLE_COLOUR('',#13037);
#13920 = CURVE_STYLE('',#13921,POSITIVE_LENGTH_MEASURE(0.1),#13037);
#13921 = DRAUGHTING_PRE_DEFINED_CURVE_FONT('continuous');
#13922 = STYLED_ITEM('color',(#13923),#4255);
#13923 = PRESENTATION_STYLE_ASSIGNMENT((#13924,#13929));
#13924 = SURFACE_STYLE_USAGE(.BOTH.,#13925);
#13925 = SURFACE_SIDE_STYLE('',(#13926));
#13926 = SURFACE_STYLE_FILL_AREA(#13927);
#13927 = FILL_AREA_STYLE('',(#13928));
#13928 = FILL_AREA_STYLE_COLOUR('',#13037);
#13929 = CURVE_STYLE('',#13930,POSITIVE_LENGTH_MEASURE(0.1),#13037);
#13930 = DRAUGHTING_PRE_DEFINED_CURVE_FONT('continuous');
#13931 = STYLED_ITEM('color',(#13932),#4257);
#13932 = PRESENTATION_STYLE_ASSIGNMENT((#13933,#13938));
#13933 = SURFACE_STYLE_USAGE(.BOTH.,#13934);
#13934 = SURFACE_SIDE_STYLE('',(#13935));
#13935 = SURFACE_STYLE_FILL_AREA(#13936);
#13936 = FILL_AREA_STYLE('',(#13937));
#13937 = FILL_AREA_STYLE_COLOUR('',#13037);
#13938 = CURVE_STYLE('',#13939,POSITIVE_LENGTH_MEASURE(0.1),#13037);
#13939 = DRAUGHTING_PRE_DEFINED_CURVE_FONT('continuous');
#13940 = STYLED_ITEM('color',(#13941),#4351);
#13941 = PRESENTATION_STYLE_ASSIGNMENT((#13942,#13947));
#13942 = SURFACE_STYLE_USAGE(.BOTH.,#13943);
#13943 = SURFACE_SIDE_STYLE('',(#13944));
#13944 = SURFACE_STYLE_FILL_AREA(#13945);
#13945 = FILL_AREA_STYLE('',(#13946));
#13946 = FILL_AREA_STYLE_COLOUR('',#13037);
#13947 = CURVE_STYLE('',#13948,POSITIVE_LENGTH_MEASURE(0.1),#13037);
#13948 = DRAUGHTING_PRE_DEFINED_CURVE_FONT('continuous');
#13949 = STYLED_ITEM('color',(#13950),#4374);
#13950 = PRESENTATION_STYLE_ASSIGNMENT((#13951,#13956));
#13951 = SURFACE_STYLE_USAGE(.BOTH.,#13952);
#13952 = SURFACE_SIDE_STYLE('',(#13953));
#13953 = SURFACE_STYLE_FILL_AREA(#13954);
#13954 = FILL_AREA_STYLE('',(#13955));
#13955 = FILL_AREA_STYLE_COLOUR('',#13037);
#13956 = CURVE_STYLE('',#13957,POSITIVE_LENGTH_MEASURE(0.1),#13037);
#13957 = DRAUGHTING_PRE_DEFINED_CURVE_FONT('continuous');
#13958 = STYLED_ITEM('color',(#13959),#4682);
#13959 = PRESENTATION_STYLE_ASSIGNMENT((#13960,#13965));
#13960 = SURFACE_STYLE_USAGE(.BOTH.,#13961);
#13961 = SURFACE_SIDE_STYLE('',(#13962));
#13962 = SURFACE_STYLE_FILL_AREA(#13963);
#13963 = FILL_AREA_STYLE('',(#13964));
#13964 = FILL_AREA_STYLE_COLOUR('',#13037);
#13965 = CURVE_STYLE('',#13966,POSITIVE_LENGTH_MEASURE(0.1),#13037);
#13966 = DRAUGHTING_PRE_DEFINED_CURVE_FONT('continuous');
#13967 = STYLED_ITEM('color',(#13968),#7268);
#13968 = PRESENTATION_STYLE_ASSIGNMENT((#13969,#13974));
#13969 = SURFACE_STYLE_USAGE(.BOTH.,#13970);
#13970 = SURFACE_SIDE_STYLE('',(#13971));
#13971 = SURFACE_STYLE_FILL_AREA(#13972);
#13972 = FILL_AREA_STYLE('',(#13973));
#13973 = FILL_AREA_STYLE_COLOUR('',#13037);
#13974 = CURVE_STYLE('',#13975,POSITIVE_LENGTH_MEASURE(0.1),#13037);
#13975 = DRAUGHTING_PRE_DEFINED_CURVE_FONT('continuous');
#13976 = STYLED_ITEM('color',(#13977),#7317);
#13977 = PRESENTATION_STYLE_ASSIGNMENT((#13978,#13983));
#13978 = SURFACE_STYLE_USAGE(.BOTH.,#13979);
#13979 = SURFACE_SIDE_STYLE('',(#13980));
#13980 = SURFACE_STYLE_FILL_AREA(#13981);
#13981 = FILL_AREA_STYLE('',(#13982));
#13982 = FILL_AREA_STYLE_COLOUR('',#13037);
#13983 = CURVE_STYLE('',#13984,POSITIVE_LENGTH_MEASURE(0.1),#13037);
#13984 = DRAUGHTING_PRE_DEFINED_CURVE_FONT('continuous');
#13985 = STYLED_ITEM('color',(#13986),#7459);
#13986 = PRESENTATION_STYLE_ASSIGNMENT((#13987,#13992));
#13987 = SURFACE_STYLE_USAGE(.BOTH.,#13988);
#13988 = SURFACE_SIDE_STYLE('',(#13989));
#13989 = SURFACE_STYLE_FILL_AREA(#13990);
#13990 = FILL_AREA_STYLE('',(#13991));
#13991 = FILL_AREA_STYLE_COLOUR('',#13037);
#13992 = CURVE_STYLE('',#13993,POSITIVE_LENGTH_MEASURE(0.1),#13037);
#13993 = DRAUGHTING_PRE_DEFINED_CURVE_FONT('continuous');
#13994 = STYLED_ITEM('color',(#13995),#7601);
#13995 = PRESENTATION_STYLE_ASSIGNMENT((#13996,#14001));
#13996 = SURFACE_STYLE_USAGE(.BOTH.,#13997);
#13997 = SURFACE_SIDE_STYLE('',(#13998));
#13998 = SURFACE_STYLE_FILL_AREA(#13999);
#13999 = FILL_AREA_STYLE('',(#14000));
#14000 = FILL_AREA_STYLE_COLOUR('',#13037);
#14001 = CURVE_STYLE('',#14002,POSITIVE_LENGTH_MEASURE(0.1),#13037);
#14002 = DRAUGHTING_PRE_DEFINED_CURVE_FONT('continuous');
#14003 = STYLED_ITEM('color',(#14004),#7743);
#14004 = PRESENTATION_STYLE_ASSIGNMENT((#14005,#14010));
#14005 = SURFACE_STYLE_USAGE(.BOTH.,#14006);
#14006 = SURFACE_SIDE_STYLE('',(#14007));
#14007 = SURFACE_STYLE_FILL_AREA(#14008);
#14008 = FILL_AREA_STYLE('',(#14009));
#14009 = FILL_AREA_STYLE_COLOUR('',#13037);
#14010 = CURVE_STYLE('',#14011,POSITIVE_LENGTH_MEASURE(0.1),#13037);
#14011 = DRAUGHTING_PRE_DEFINED_CURVE_FONT('continuous');
#14012 = STYLED_ITEM('color',(#14013),#7885);
#14013 = PRESENTATION_STYLE_ASSIGNMENT((#14014,#14019));
#14014 = SURFACE_STYLE_USAGE(.BOTH.,#14015);
#14015 = SURFACE_SIDE_STYLE('',(#14016));
#14016 = SURFACE_STYLE_FILL_AREA(#14017);
#14017 = FILL_AREA_STYLE('',(#14018));
#14018 = FILL_AREA_STYLE_COLOUR('',#13037);
#14019 = CURVE_STYLE('',#14020,POSITIVE_LENGTH_MEASURE(0.1),#13037);
#14020 = DRAUGHTING_PRE_DEFINED_CURVE_FONT('continuous');
#14021 = STYLED_ITEM('color',(#14022),#8027);
#14022 = PRESENTATION_STYLE_ASSIGNMENT((#14023,#14028));
#14023 = SURFACE_STYLE_USAGE(.BOTH.,#14024);
#14024 = SURFACE_SIDE_STYLE('',(#14025));
#14025 = SURFACE_STYLE_FILL_AREA(#14026);
#14026 = FILL_AREA_STYLE('',(#14027));
#14027 = FILL_AREA_STYLE_COLOUR('',#13037);
#14028 = CURVE_STYLE('',#14029,POSITIVE_LENGTH_MEASURE(0.1),#13037);
#14029 = DRAUGHTING_PRE_DEFINED_CURVE_FONT('continuous');
#14030 = STYLED_ITEM('color',(#14031),#8169);
#14031 = PRESENTATION_STYLE_ASSIGNMENT((#14032,#14037));
#14032 = SURFACE_STYLE_USAGE(.BOTH.,#14033);
#14033 = SURFACE_SIDE_STYLE('',(#14034));
#14034 = SURFACE_STYLE_FILL_AREA(#14035);
#14035 = FILL_AREA_STYLE('',(#14036));
#14036 = FILL_AREA_STYLE_COLOUR('',#13037);
#14037 = CURVE_STYLE('',#14038,POSITIVE_LENGTH_MEASURE(0.1),#13037);
#14038 = DRAUGHTING_PRE_DEFINED_CURVE_FONT('continuous');
#14039 = STYLED_ITEM('color',(#14040),#8311);
#14040 = PRESENTATION_STYLE_ASSIGNMENT((#14041,#14046));
#14041 = SURFACE_STYLE_USAGE(.BOTH.,#14042);
#14042 = SURFACE_SIDE_STYLE('',(#14043));
#14043 = SURFACE_STYLE_FILL_AREA(#14044);
#14044 = FILL_AREA_STYLE('',(#14045));
#14045 = FILL_AREA_STYLE_COLOUR('',#13037);
#14046 = CURVE_STYLE('',#14047,POSITIVE_LENGTH_MEASURE(0.1),#13037);
#14047 = DRAUGHTING_PRE_DEFINED_CURVE_FONT('continuous');
#14048 = STYLED_ITEM('color',(#14049),#4719);
#14049 = PRESENTATION_STYLE_ASSIGNMENT((#14050,#14055));
#14050 = SURFACE_STYLE_USAGE(.BOTH.,#14051);
#14051 = SURFACE_SIDE_STYLE('',(#14052));
#14052 = SURFACE_STYLE_FILL_AREA(#14053);
#14053 = FILL_AREA_STYLE('',(#14054));
#14054 = FILL_AREA_STYLE_COLOUR('',#13037);
#14055 = CURVE_STYLE('',#14056,POSITIVE_LENGTH_MEASURE(0.1),#13037);
#14056 = DRAUGHTING_PRE_DEFINED_CURVE_FONT('continuous');
#14057 = STYLED_ITEM('color',(#14058),#4756);
#14058 = PRESENTATION_STYLE_ASSIGNMENT((#14059,#14064));
#14059 = SURFACE_STYLE_USAGE(.BOTH.,#14060);
#14060 = SURFACE_SIDE_STYLE('',(#14061));
#14061 = SURFACE_STYLE_FILL_AREA(#14062);
#14062 = FILL_AREA_STYLE('',(#14063));
#14063 = FILL_AREA_STYLE_COLOUR('',#13037);
#14064 = CURVE_STYLE('',#14065,POSITIVE_LENGTH_MEASURE(0.1),#13037);
#14065 = DRAUGHTING_PRE_DEFINED_CURVE_FONT('continuous');
#14066 = STYLED_ITEM('color',(#14067),#4758);
#14067 = PRESENTATION_STYLE_ASSIGNMENT((#14068,#14073));
#14068 = SURFACE_STYLE_USAGE(.BOTH.,#14069);
#14069 = SURFACE_SIDE_STYLE('',(#14070));
#14070 = SURFACE_STYLE_FILL_AREA(#14071);
#14071 = FILL_AREA_STYLE('',(#14072));
#14072 = FILL_AREA_STYLE_COLOUR('',#13037);
#14073 = CURVE_STYLE('',#14074,POSITIVE_LENGTH_MEASURE(0.1),#13037);
#14074 = DRAUGHTING_PRE_DEFINED_CURVE_FONT('continuous');
#14075 = STYLED_ITEM('color',(#14076),#4791);
#14076 = PRESENTATION_STYLE_ASSIGNMENT((#14077,#14082));
#14077 = SURFACE_STYLE_USAGE(.BOTH.,#14078);
#14078 = SURFACE_SIDE_STYLE('',(#14079));
#14079 = SURFACE_STYLE_FILL_AREA(#14080);
#14080 = FILL_AREA_STYLE('',(#14081));
#14081 = FILL_AREA_STYLE_COLOUR('',#13037);
#14082 = CURVE_STYLE('',#14083,POSITIVE_LENGTH_MEASURE(0.1),#13037);
#14083 = DRAUGHTING_PRE_DEFINED_CURVE_FONT('continuous');
#14084 = STYLED_ITEM('color',(#14085),#4820);
#14085 = PRESENTATION_STYLE_ASSIGNMENT((#14086,#14091));
#14086 = SURFACE_STYLE_USAGE(.BOTH.,#14087);
#14087 = SURFACE_SIDE_STYLE('',(#14088));
#14088 = SURFACE_STYLE_FILL_AREA(#14089);
#14089 = FILL_AREA_STYLE('',(#14090));
#14090 = FILL_AREA_STYLE_COLOUR('',#13037);
#14091 = CURVE_STYLE('',#14092,POSITIVE_LENGTH_MEASURE(0.1),#13037);
#14092 = DRAUGHTING_PRE_DEFINED_CURVE_FONT('continuous');
#14093 = STYLED_ITEM('color',(#14094),#4900);
#14094 = PRESENTATION_STYLE_ASSIGNMENT((#14095,#14100));
#14095 = SURFACE_STYLE_USAGE(.BOTH.,#14096);
#14096 = SURFACE_SIDE_STYLE('',(#14097));
#14097 = SURFACE_STYLE_FILL_AREA(#14098);
#14098 = FILL_AREA_STYLE('',(#14099));
#14099 = FILL_AREA_STYLE_COLOUR('',#13037);
#14100 = CURVE_STYLE('',#14101,POSITIVE_LENGTH_MEASURE(0.1),#13037);
#14101 = DRAUGHTING_PRE_DEFINED_CURVE_FONT('continuous');
#14102 = STYLED_ITEM('color',(#14103),#4902);
#14103 = PRESENTATION_STYLE_ASSIGNMENT((#14104,#14109));
#14104 = SURFACE_STYLE_USAGE(.BOTH.,#14105);
#14105 = SURFACE_SIDE_STYLE('',(#14106));
#14106 = SURFACE_STYLE_FILL_AREA(#14107);
#14107 = FILL_AREA_STYLE('',(#14108));
#14108 = FILL_AREA_STYLE_COLOUR('',#13037);
#14109 = CURVE_STYLE('',#14110,POSITIVE_LENGTH_MEASURE(0.1),#13037);
#14110 = DRAUGHTING_PRE_DEFINED_CURVE_FONT('continuous');
#14111 = STYLED_ITEM('color',(#14112),#4930);
#14112 = PRESENTATION_STYLE_ASSIGNMENT((#14113,#14118));
#14113 = SURFACE_STYLE_USAGE(.BOTH.,#14114);
#14114 = SURFACE_SIDE_STYLE('',(#14115));
#14115 = SURFACE_STYLE_FILL_AREA(#14116);
#14116 = FILL_AREA_STYLE('',(#14117));
#14117 = FILL_AREA_STYLE_COLOUR('',#13037);
#14118 = CURVE_STYLE('',#14119,POSITIVE_LENGTH_MEASURE(0.1),#13037);
#14119 = DRAUGHTING_PRE_DEFINED_CURVE_FONT('continuous');
#14120 = STYLED_ITEM('color',(#14121),#4954);
#14121 = PRESENTATION_STYLE_ASSIGNMENT((#14122,#14127));
#14122 = SURFACE_STYLE_USAGE(.BOTH.,#14123);
#14123 = SURFACE_SIDE_STYLE('',(#14124));
#14124 = SURFACE_STYLE_FILL_AREA(#14125);
#14125 = FILL_AREA_STYLE('',(#14126));
#14126 = FILL_AREA_STYLE_COLOUR('',#13037);
#14127 = CURVE_STYLE('',#14128,POSITIVE_LENGTH_MEASURE(0.1),#13037);
#14128 = DRAUGHTING_PRE_DEFINED_CURVE_FONT('continuous');
#14129 = STYLED_ITEM('color',(#14130),#5006);
#14130 = PRESENTATION_STYLE_ASSIGNMENT((#14131,#14136));
#14131 = SURFACE_STYLE_USAGE(.BOTH.,#14132);
#14132 = SURFACE_SIDE_STYLE('',(#14133));
#14133 = SURFACE_STYLE_FILL_AREA(#14134);
#14134 = FILL_AREA_STYLE('',(#14135));
#14135 = FILL_AREA_STYLE_COLOUR('',#13037);
#14136 = CURVE_STYLE('',#14137,POSITIVE_LENGTH_MEASURE(0.1),#13037);
#14137 = DRAUGHTING_PRE_DEFINED_CURVE_FONT('continuous');
#14138 = STYLED_ITEM('color',(#14139),#5034);
#14139 = PRESENTATION_STYLE_ASSIGNMENT((#14140,#14145));
#14140 = SURFACE_STYLE_USAGE(.BOTH.,#14141);
#14141 = SURFACE_SIDE_STYLE('',(#14142));
#14142 = SURFACE_STYLE_FILL_AREA(#14143);
#14143 = FILL_AREA_STYLE('',(#14144));
#14144 = FILL_AREA_STYLE_COLOUR('',#13037);
#14145 = CURVE_STYLE('',#14146,POSITIVE_LENGTH_MEASURE(0.1),#13037);
#14146 = DRAUGHTING_PRE_DEFINED_CURVE_FONT('continuous');
#14147 = STYLED_ITEM('color',(#14148),#5150);
#14148 = PRESENTATION_STYLE_ASSIGNMENT((#14149,#14154));
#14149 = SURFACE_STYLE_USAGE(.BOTH.,#14150);
#14150 = SURFACE_SIDE_STYLE('',(#14151));
#14151 = SURFACE_STYLE_FILL_AREA(#14152);
#14152 = FILL_AREA_STYLE('',(#14153));
#14153 = FILL_AREA_STYLE_COLOUR('',#13037);
#14154 = CURVE_STYLE('',#14155,POSITIVE_LENGTH_MEASURE(0.1),#13037);
#14155 = DRAUGHTING_PRE_DEFINED_CURVE_FONT('continuous');
#14156 = STYLED_ITEM('color',(#14157),#5242);
#14157 = PRESENTATION_STYLE_ASSIGNMENT((#14158,#14163));
#14158 = SURFACE_STYLE_USAGE(.BOTH.,#14159);
#14159 = SURFACE_SIDE_STYLE('',(#14160));
#14160 = SURFACE_STYLE_FILL_AREA(#14161);
#14161 = FILL_AREA_STYLE('',(#14162));
#14162 = FILL_AREA_STYLE_COLOUR('',#13037);
#14163 = CURVE_STYLE('',#14164,POSITIVE_LENGTH_MEASURE(0.1),#13037);
#14164 = DRAUGHTING_PRE_DEFINED_CURVE_FONT('continuous');
#14165 = STYLED_ITEM('color',(#14166),#5320);
#14166 = PRESENTATION_STYLE_ASSIGNMENT((#14167,#14172));
#14167 = SURFACE_STYLE_USAGE(.BOTH.,#14168);
#14168 = SURFACE_SIDE_STYLE('',(#14169));
#14169 = SURFACE_STYLE_FILL_AREA(#14170);
#14170 = FILL_AREA_STYLE('',(#14171));
#14171 = FILL_AREA_STYLE_COLOUR('',#13037);
#14172 = CURVE_STYLE('',#14173,POSITIVE_LENGTH_MEASURE(0.1),#13037);
#14173 = DRAUGHTING_PRE_DEFINED_CURVE_FONT('continuous');
#14174 = STYLED_ITEM('color',(#14175),#5343);
#14175 = PRESENTATION_STYLE_ASSIGNMENT((#14176,#14181));
#14176 = SURFACE_STYLE_USAGE(.BOTH.,#14177);
#14177 = SURFACE_SIDE_STYLE('',(#14178));
#14178 = SURFACE_STYLE_FILL_AREA(#14179);
#14179 = FILL_AREA_STYLE('',(#14180));
#14180 = FILL_AREA_STYLE_COLOUR('',#13037);
#14181 = CURVE_STYLE('',#14182,POSITIVE_LENGTH_MEASURE(0.1),#13037);
#14182 = DRAUGHTING_PRE_DEFINED_CURVE_FONT('continuous');
#14183 = STYLED_ITEM('color',(#14184),#5372);
#14184 = PRESENTATION_STYLE_ASSIGNMENT((#14185,#14190));
#14185 = SURFACE_STYLE_USAGE(.BOTH.,#14186);
#14186 = SURFACE_SIDE_STYLE('',(#14187));
#14187 = SURFACE_STYLE_FILL_AREA(#14188);
#14188 = FILL_AREA_STYLE('',(#14189));
#14189 = FILL_AREA_STYLE_COLOUR('',#13037);
#14190 = CURVE_STYLE('',#14191,POSITIVE_LENGTH_MEASURE(0.1),#13037);
#14191 = DRAUGHTING_PRE_DEFINED_CURVE_FONT('continuous');
#14192 = STYLED_ITEM('color',(#14193),#5405);
#14193 = PRESENTATION_STYLE_ASSIGNMENT((#14194,#14199));
#14194 = SURFACE_STYLE_USAGE(.BOTH.,#14195);
#14195 = SURFACE_SIDE_STYLE('',(#14196));
#14196 = SURFACE_STYLE_FILL_AREA(#14197);
#14197 = FILL_AREA_STYLE('',(#14198));
#14198 = FILL_AREA_STYLE_COLOUR('',#13037);
#14199 = CURVE_STYLE('',#14200,POSITIVE_LENGTH_MEASURE(0.1),#13037);
#14200 = DRAUGHTING_PRE_DEFINED_CURVE_FONT('continuous');
#14201 = STYLED_ITEM('color',(#14202),#5460);
#14202 = PRESENTATION_STYLE_ASSIGNMENT((#14203,#14208));
#14203 = SURFACE_STYLE_USAGE(.BOTH.,#14204);
#14204 = SURFACE_SIDE_STYLE('',(#14205));
#14205 = SURFACE_STYLE_FILL_AREA(#14206);
#14206 = FILL_AREA_STYLE('',(#14207));
#14207 = FILL_AREA_STYLE_COLOUR('',#13037);
#14208 = CURVE_STYLE('',#14209,POSITIVE_LENGTH_MEASURE(0.1),#13037);
#14209 = DRAUGHTING_PRE_DEFINED_CURVE_FONT('continuous');
#14210 = STYLED_ITEM('color',(#14211),#5462);
#14211 = PRESENTATION_STYLE_ASSIGNMENT((#14212,#14217));
#14212 = SURFACE_STYLE_USAGE(.BOTH.,#14213);
#14213 = SURFACE_SIDE_STYLE('',(#14214));
#14214 = SURFACE_STYLE_FILL_AREA(#14215);
#14215 = FILL_AREA_STYLE('',(#14216));
#14216 = FILL_AREA_STYLE_COLOUR('',#13037);
#14217 = CURVE_STYLE('',#14218,POSITIVE_LENGTH_MEASURE(0.1),#13037);
#14218 = DRAUGHTING_PRE_DEFINED_CURVE_FONT('continuous');
#14219 = STYLED_ITEM('color',(#14220),#5495);
#14220 = PRESENTATION_STYLE_ASSIGNMENT((#14221,#14226));
#14221 = SURFACE_STYLE_USAGE(.BOTH.,#14222);
#14222 = SURFACE_SIDE_STYLE('',(#14223));
#14223 = SURFACE_STYLE_FILL_AREA(#14224);
#14224 = FILL_AREA_STYLE('',(#14225));
#14225 = FILL_AREA_STYLE_COLOUR('',#13037);
#14226 = CURVE_STYLE('',#14227,POSITIVE_LENGTH_MEASURE(0.1),#13037);
#14227 = DRAUGHTING_PRE_DEFINED_CURVE_FONT('continuous');
#14228 = STYLED_ITEM('color',(#14229),#5556);
#14229 = PRESENTATION_STYLE_ASSIGNMENT((#14230,#14235));
#14230 = SURFACE_STYLE_USAGE(.BOTH.,#14231);
#14231 = SURFACE_SIDE_STYLE('',(#14232));
#14232 = SURFACE_STYLE_FILL_AREA(#14233);
#14233 = FILL_AREA_STYLE('',(#14234));
#14234 = FILL_AREA_STYLE_COLOUR('',#13037);
#14235 = CURVE_STYLE('',#14236,POSITIVE_LENGTH_MEASURE(0.1),#13037);
#14236 = DRAUGHTING_PRE_DEFINED_CURVE_FONT('continuous');
#14237 = STYLED_ITEM('color',(#14238),#5584);
#14238 = PRESENTATION_STYLE_ASSIGNMENT((#14239,#14244));
#14239 = SURFACE_STYLE_USAGE(.BOTH.,#14240);
#14240 = SURFACE_SIDE_STYLE('',(#14241));
#14241 = SURFACE_STYLE_FILL_AREA(#14242);
#14242 = FILL_AREA_STYLE('',(#14243));
#14243 = FILL_AREA_STYLE_COLOUR('',#13037);
#14244 = CURVE_STYLE('',#14245,POSITIVE_LENGTH_MEASURE(0.1),#13037);
#14245 = DRAUGHTING_PRE_DEFINED_CURVE_FONT('continuous');
#14246 = STYLED_ITEM('color',(#14247),#5607);
#14247 = PRESENTATION_STYLE_ASSIGNMENT((#14248,#14253));
#14248 = SURFACE_STYLE_USAGE(.BOTH.,#14249);
#14249 = SURFACE_SIDE_STYLE('',(#14250));
#14250 = SURFACE_STYLE_FILL_AREA(#14251);
#14251 = FILL_AREA_STYLE('',(#14252));
#14252 = FILL_AREA_STYLE_COLOUR('',#13037);
#14253 = CURVE_STYLE('',#14254,POSITIVE_LENGTH_MEASURE(0.1),#13037);
#14254 = DRAUGHTING_PRE_DEFINED_CURVE_FONT('continuous');
#14255 = STYLED_ITEM('color',(#14256),#5635);
#14256 = PRESENTATION_STYLE_ASSIGNMENT((#14257,#14262));
#14257 = SURFACE_STYLE_USAGE(.BOTH.,#14258);
#14258 = SURFACE_SIDE_STYLE('',(#14259));
#14259 = SURFACE_STYLE_FILL_AREA(#14260);
#14260 = FILL_AREA_STYLE('',(#14261));
#14261 = FILL_AREA_STYLE_COLOUR('',#13037);
#14262 = CURVE_STYLE('',#14263,POSITIVE_LENGTH_MEASURE(0.1),#13037);
#14263 = DRAUGHTING_PRE_DEFINED_CURVE_FONT('continuous');
#14264 = STYLED_ITEM('color',(#14265),#5659);
#14265 = PRESENTATION_STYLE_ASSIGNMENT((#14266,#14271));
#14266 = SURFACE_STYLE_USAGE(.BOTH.,#14267);
#14267 = SURFACE_SIDE_STYLE('',(#14268));
#14268 = SURFACE_STYLE_FILL_AREA(#14269);
#14269 = FILL_AREA_STYLE('',(#14270));
#14270 = FILL_AREA_STYLE_COLOUR('',#13037);
#14271 = CURVE_STYLE('',#14272,POSITIVE_LENGTH_MEASURE(0.1),#13037);
#14272 = DRAUGHTING_PRE_DEFINED_CURVE_FONT('continuous');
#14273 = STYLED_ITEM('color',(#14274),#5812);
#14274 = PRESENTATION_STYLE_ASSIGNMENT((#14275,#14280));
#14275 = SURFACE_STYLE_USAGE(.BOTH.,#14276);
#14276 = SURFACE_SIDE_STYLE('',(#14277));
#14277 = SURFACE_STYLE_FILL_AREA(#14278);
#14278 = FILL_AREA_STYLE('',(#14279));
#14279 = FILL_AREA_STYLE_COLOUR('',#13037);
#14280 = CURVE_STYLE('',#14281,POSITIVE_LENGTH_MEASURE(0.1),#13037);
#14281 = DRAUGHTING_PRE_DEFINED_CURVE_FONT('continuous');
#14282 = STYLED_ITEM('color',(#14283),#5904);
#14283 = PRESENTATION_STYLE_ASSIGNMENT((#14284,#14289));
#14284 = SURFACE_STYLE_USAGE(.BOTH.,#14285);
#14285 = SURFACE_SIDE_STYLE('',(#14286));
#14286 = SURFACE_STYLE_FILL_AREA(#14287);
#14287 = FILL_AREA_STYLE('',(#14288));
#14288 = FILL_AREA_STYLE_COLOUR('',#13037);
#14289 = CURVE_STYLE('',#14290,POSITIVE_LENGTH_MEASURE(0.1),#13037);
#14290 = DRAUGHTING_PRE_DEFINED_CURVE_FONT('continuous');
#14291 = STYLED_ITEM('color',(#14292),#5997);
#14292 = PRESENTATION_STYLE_ASSIGNMENT((#14293,#14298));
#14293 = SURFACE_STYLE_USAGE(.BOTH.,#14294);
#14294 = SURFACE_SIDE_STYLE('',(#14295));
#14295 = SURFACE_STYLE_FILL_AREA(#14296);
#14296 = FILL_AREA_STYLE('',(#14297));
#14297 = FILL_AREA_STYLE_COLOUR('',#13037);
#14298 = CURVE_STYLE('',#14299,POSITIVE_LENGTH_MEASURE(0.1),#13037);
#14299 = DRAUGHTING_PRE_DEFINED_CURVE_FONT('continuous');
#14300 = STYLED_ITEM('color',(#14301),#5999);
#14301 = PRESENTATION_STYLE_ASSIGNMENT((#14302,#14307));
#14302 = SURFACE_STYLE_USAGE(.BOTH.,#14303);
#14303 = SURFACE_SIDE_STYLE('',(#14304));
#14304 = SURFACE_STYLE_FILL_AREA(#14305);
#14305 = FILL_AREA_STYLE('',(#14306));
#14306 = FILL_AREA_STYLE_COLOUR('',#13037);
#14307 = CURVE_STYLE('',#14308,POSITIVE_LENGTH_MEASURE(0.1),#13037);
#14308 = DRAUGHTING_PRE_DEFINED_CURVE_FONT('continuous');
#14309 = STYLED_ITEM('color',(#14310),#6057);
#14310 = PRESENTATION_STYLE_ASSIGNMENT((#14311,#14316));
#14311 = SURFACE_STYLE_USAGE(.BOTH.,#14312);
#14312 = SURFACE_SIDE_STYLE('',(#14313));
#14313 = SURFACE_STYLE_FILL_AREA(#14314);
#14314 = FILL_AREA_STYLE('',(#14315));
#14315 = FILL_AREA_STYLE_COLOUR('',#13037);
#14316 = CURVE_STYLE('',#14317,POSITIVE_LENGTH_MEASURE(0.1),#13037);
#14317 = DRAUGHTING_PRE_DEFINED_CURVE_FONT('continuous');
#14318 = STYLED_ITEM('color',(#14319),#6084);
#14319 = PRESENTATION_STYLE_ASSIGNMENT((#14320,#14325));
#14320 = SURFACE_STYLE_USAGE(.BOTH.,#14321);
#14321 = SURFACE_SIDE_STYLE('',(#14322));
#14322 = SURFACE_STYLE_FILL_AREA(#14323);
#14323 = FILL_AREA_STYLE('',(#14324));
#14324 = FILL_AREA_STYLE_COLOUR('',#13037);
#14325 = CURVE_STYLE('',#14326,POSITIVE_LENGTH_MEASURE(0.1),#13037);
#14326 = DRAUGHTING_PRE_DEFINED_CURVE_FONT('continuous');
#14327 = STYLED_ITEM('color',(#14328),#6120);
#14328 = PRESENTATION_STYLE_ASSIGNMENT((#14329,#14334));
#14329 = SURFACE_STYLE_USAGE(.BOTH.,#14330);
#14330 = SURFACE_SIDE_STYLE('',(#14331));
#14331 = SURFACE_STYLE_FILL_AREA(#14332);
#14332 = FILL_AREA_STYLE('',(#14333));
#14333 = FILL_AREA_STYLE_COLOUR('',#13037);
#14334 = CURVE_STYLE('',#14335,POSITIVE_LENGTH_MEASURE(0.1),#13037);
#14335 = DRAUGHTING_PRE_DEFINED_CURVE_FONT('continuous');
#14336 = STYLED_ITEM('color',(#14337),#6147);
#14337 = PRESENTATION_STYLE_ASSIGNMENT((#14338,#14343));
#14338 = SURFACE_STYLE_USAGE(.BOTH.,#14339);
#14339 = SURFACE_SIDE_STYLE('',(#14340));
#14340 = SURFACE_STYLE_FILL_AREA(#14341);
#14341 = FILL_AREA_STYLE('',(#14342));
#14342 = FILL_AREA_STYLE_COLOUR('',#13037);
#14343 = CURVE_STYLE('',#14344,POSITIVE_LENGTH_MEASURE(0.1),#13037);
#14344 = DRAUGHTING_PRE_DEFINED_CURVE_FONT('continuous');
#14345 = STYLED_ITEM('color',(#14346),#6241);
#14346 = PRESENTATION_STYLE_ASSIGNMENT((#14347,#14352));
#14347 = SURFACE_STYLE_USAGE(.BOTH.,#14348);
#14348 = SURFACE_SIDE_STYLE('',(#14349));
#14349 = SURFACE_STYLE_FILL_AREA(#14350);
#14350 = FILL_AREA_STYLE('',(#14351));
#14351 = FILL_AREA_STYLE_COLOUR('',#13037);
#14352 = CURVE_STYLE('',#14353,POSITIVE_LENGTH_MEASURE(0.1),#13037);
#14353 = DRAUGHTING_PRE_DEFINED_CURVE_FONT('continuous');
#14354 = STYLED_ITEM('color',(#14355),#6264);
#14355 = PRESENTATION_STYLE_ASSIGNMENT((#14356,#14361));
#14356 = SURFACE_STYLE_USAGE(.BOTH.,#14357);
#14357 = SURFACE_SIDE_STYLE('',(#14358));
#14358 = SURFACE_STYLE_FILL_AREA(#14359);
#14359 = FILL_AREA_STYLE('',(#14360));
#14360 = FILL_AREA_STYLE_COLOUR('',#13037);
#14361 = CURVE_STYLE('',#14362,POSITIVE_LENGTH_MEASURE(0.1),#13037);
#14362 = DRAUGHTING_PRE_DEFINED_CURVE_FONT('continuous');
#14363 = STYLED_ITEM('color',(#14364),#6322);
#14364 = PRESENTATION_STYLE_ASSIGNMENT((#14365,#14370));
#14365 = SURFACE_STYLE_USAGE(.BOTH.,#14366);
#14366 = SURFACE_SIDE_STYLE('',(#14367));
#14367 = SURFACE_STYLE_FILL_AREA(#14368);
#14368 = FILL_AREA_STYLE('',(#14369));
#14369 = FILL_AREA_STYLE_COLOUR('',#13037);
#14370 = CURVE_STYLE('',#14371,POSITIVE_LENGTH_MEASURE(0.1),#13037);
#14371 = DRAUGHTING_PRE_DEFINED_CURVE_FONT('continuous');
#14372 = STYLED_ITEM('color',(#14373),#6345);
#14373 = PRESENTATION_STYLE_ASSIGNMENT((#14374,#14379));
#14374 = SURFACE_STYLE_USAGE(.BOTH.,#14375);
#14375 = SURFACE_SIDE_STYLE('',(#14376));
#14376 = SURFACE_STYLE_FILL_AREA(#14377);
#14377 = FILL_AREA_STYLE('',(#14378));
#14378 = FILL_AREA_STYLE_COLOUR('',#13037);
#14379 = CURVE_STYLE('',#14380,POSITIVE_LENGTH_MEASURE(0.1),#13037);
#14380 = DRAUGHTING_PRE_DEFINED_CURVE_FONT('continuous');
#14381 = STYLED_ITEM('color',(#14382),#6399);
#14382 = PRESENTATION_STYLE_ASSIGNMENT((#14383,#14388));
#14383 = SURFACE_STYLE_USAGE(.BOTH.,#14384);
#14384 = SURFACE_SIDE_STYLE('',(#14385));
#14385 = SURFACE_STYLE_FILL_AREA(#14386);
#14386 = FILL_AREA_STYLE('',(#14387));
#14387 = FILL_AREA_STYLE_COLOUR('',#13037);
#14388 = CURVE_STYLE('',#14389,POSITIVE_LENGTH_MEASURE(0.1),#13037);
#14389 = DRAUGHTING_PRE_DEFINED_CURVE_FONT('continuous');
#14390 = STYLED_ITEM('color',(#14391),#6422);
#14391 = PRESENTATION_STYLE_ASSIGNMENT((#14392,#14397));
#14392 = SURFACE_STYLE_USAGE(.BOTH.,#14393);
#14393 = SURFACE_SIDE_STYLE('',(#14394));
#14394 = SURFACE_STYLE_FILL_AREA(#14395);
#14395 = FILL_AREA_STYLE('',(#14396));
#14396 = FILL_AREA_STYLE_COLOUR('',#13037);
#14397 = CURVE_STYLE('',#14398,POSITIVE_LENGTH_MEASURE(0.1),#13037);
#14398 = DRAUGHTING_PRE_DEFINED_CURVE_FONT('continuous');
#14399 = STYLED_ITEM('color',(#14400),#6493);
#14400 = PRESENTATION_STYLE_ASSIGNMENT((#14401,#14406));
#14401 = SURFACE_STYLE_USAGE(.BOTH.,#14402);
#14402 = SURFACE_SIDE_STYLE('',(#14403));
#14403 = SURFACE_STYLE_FILL_AREA(#14404);
#14404 = FILL_AREA_STYLE('',(#14405));
#14405 = FILL_AREA_STYLE_COLOUR('',#13037);
#14406 = CURVE_STYLE('',#14407,POSITIVE_LENGTH_MEASURE(0.1),#13037);
#14407 = DRAUGHTING_PRE_DEFINED_CURVE_FONT('continuous');
#14408 = STYLED_ITEM('color',(#14409),#6516);
#14409 = PRESENTATION_STYLE_ASSIGNMENT((#14410,#14415));
#14410 = SURFACE_STYLE_USAGE(.BOTH.,#14411);
#14411 = SURFACE_SIDE_STYLE('',(#14412));
#14412 = SURFACE_STYLE_FILL_AREA(#14413);
#14413 = FILL_AREA_STYLE('',(#14414));
#14414 = FILL_AREA_STYLE_COLOUR('',#13037);
#14415 = CURVE_STYLE('',#14416,POSITIVE_LENGTH_MEASURE(0.1),#13037);
#14416 = DRAUGHTING_PRE_DEFINED_CURVE_FONT('continuous');
#14417 = STYLED_ITEM('color',(#14418),#6544);
#14418 = PRESENTATION_STYLE_ASSIGNMENT((#14419,#14424));
#14419 = SURFACE_STYLE_USAGE(.BOTH.,#14420);
#14420 = SURFACE_SIDE_STYLE('',(#14421));
#14421 = SURFACE_STYLE_FILL_AREA(#14422);
#14422 = FILL_AREA_STYLE('',(#14423));
#14423 = FILL_AREA_STYLE_COLOUR('',#13037);
#14424 = CURVE_STYLE('',#14425,POSITIVE_LENGTH_MEASURE(0.1),#13037);
#14425 = DRAUGHTING_PRE_DEFINED_CURVE_FONT('continuous');
#14426 = STYLED_ITEM('color',(#14427),#6572);
#14427 = PRESENTATION_STYLE_ASSIGNMENT((#14428,#14433));
#14428 = SURFACE_STYLE_USAGE(.BOTH.,#14429);
#14429 = SURFACE_SIDE_STYLE('',(#14430));
#14430 = SURFACE_STYLE_FILL_AREA(#14431);
#14431 = FILL_AREA_STYLE('',(#14432));
#14432 = FILL_AREA_STYLE_COLOUR('',#13037);
#14433 = CURVE_STYLE('',#14434,POSITIVE_LENGTH_MEASURE(0.1),#13037);
#14434 = DRAUGHTING_PRE_DEFINED_CURVE_FONT('continuous');
#14435 = STYLED_ITEM('color',(#14436),#6600);
#14436 = PRESENTATION_STYLE_ASSIGNMENT((#14437,#14442));
#14437 = SURFACE_STYLE_USAGE(.BOTH.,#14438);
#14438 = SURFACE_SIDE_STYLE('',(#14439));
#14439 = SURFACE_STYLE_FILL_AREA(#14440);
#14440 = FILL_AREA_STYLE('',(#14441));
#14441 = FILL_AREA_STYLE_COLOUR('',#13037);
#14442 = CURVE_STYLE('',#14443,POSITIVE_LENGTH_MEASURE(0.1),#13037);
#14443 = DRAUGHTING_PRE_DEFINED_CURVE_FONT('continuous');
#14444 = STYLED_ITEM('color',(#14445),#6628);
#14445 = PRESENTATION_STYLE_ASSIGNMENT((#14446,#14451));
#14446 = SURFACE_STYLE_USAGE(.BOTH.,#14447);
#14447 = SURFACE_SIDE_STYLE('',(#14448));
#14448 = SURFACE_STYLE_FILL_AREA(#14449);
#14449 = FILL_AREA_STYLE('',(#14450));
#14450 = FILL_AREA_STYLE_COLOUR('',#13037);
#14451 = CURVE_STYLE('',#14452,POSITIVE_LENGTH_MEASURE(0.1),#13037);
#14452 = DRAUGHTING_PRE_DEFINED_CURVE_FONT('continuous');
#14453 = STYLED_ITEM('color',(#14454),#6651);
#14454 = PRESENTATION_STYLE_ASSIGNMENT((#14455,#14460));
#14455 = SURFACE_STYLE_USAGE(.BOTH.,#14456);
#14456 = SURFACE_SIDE_STYLE('',(#14457));
#14457 = SURFACE_STYLE_FILL_AREA(#14458);
#14458 = FILL_AREA_STYLE('',(#14459));
#14459 = FILL_AREA_STYLE_COLOUR('',#13037);
#14460 = CURVE_STYLE('',#14461,POSITIVE_LENGTH_MEASURE(0.1),#13037);
#14461 = DRAUGHTING_PRE_DEFINED_CURVE_FONT('continuous');
#14462 = STYLED_ITEM('color',(#14463),#6730);
#14463 = PRESENTATION_STYLE_ASSIGNMENT((#14464,#14469));
#14464 = SURFACE_STYLE_USAGE(.BOTH.,#14465);
#14465 = SURFACE_SIDE_STYLE('',(#14466));
#14466 = SURFACE_STYLE_FILL_AREA(#14467);
#14467 = FILL_AREA_STYLE('',(#14468));
#14468 = FILL_AREA_STYLE_COLOUR('',#13037);
#14469 = CURVE_STYLE('',#14470,POSITIVE_LENGTH_MEASURE(0.1),#13037);
#14470 = DRAUGHTING_PRE_DEFINED_CURVE_FONT('continuous');
#14471 = STYLED_ITEM('color',(#14472),#6754);
#14472 = PRESENTATION_STYLE_ASSIGNMENT((#14473,#14478));
#14473 = SURFACE_STYLE_USAGE(.BOTH.,#14474);
#14474 = SURFACE_SIDE_STYLE('',(#14475));
#14475 = SURFACE_STYLE_FILL_AREA(#14476);
#14476 = FILL_AREA_STYLE('',(#14477));
#14477 = FILL_AREA_STYLE_COLOUR('',#13037);
#14478 = CURVE_STYLE('',#14479,POSITIVE_LENGTH_MEASURE(0.1),#13037);
#14479 = DRAUGHTING_PRE_DEFINED_CURVE_FONT('continuous');
#14480 = STYLED_ITEM('color',(#14481),#6869);
#14481 = PRESENTATION_STYLE_ASSIGNMENT((#14482,#14487));
#14482 = SURFACE_STYLE_USAGE(.BOTH.,#14483);
#14483 = SURFACE_SIDE_STYLE('',(#14484));
#14484 = SURFACE_STYLE_FILL_AREA(#14485);
#14485 = FILL_AREA_STYLE('',(#14486));
#14486 = FILL_AREA_STYLE_COLOUR('',#13037);
#14487 = CURVE_STYLE('',#14488,POSITIVE_LENGTH_MEASURE(0.1),#13037);
#14488 = DRAUGHTING_PRE_DEFINED_CURVE_FONT('continuous');
#14489 = STYLED_ITEM('color',(#14490),#6893);
#14490 = PRESENTATION_STYLE_ASSIGNMENT((#14491,#14496));
#14491 = SURFACE_STYLE_USAGE(.BOTH.,#14492);
#14492 = SURFACE_SIDE_STYLE('',(#14493));
#14493 = SURFACE_STYLE_FILL_AREA(#14494);
#14494 = FILL_AREA_STYLE('',(#14495));
#14495 = FILL_AREA_STYLE_COLOUR('',#13037);
#14496 = CURVE_STYLE('',#14497,POSITIVE_LENGTH_MEASURE(0.1),#13037);
#14497 = DRAUGHTING_PRE_DEFINED_CURVE_FONT('continuous');
#14498 = STYLED_ITEM('color',(#14499),#6921);
#14499 = PRESENTATION_STYLE_ASSIGNMENT((#14500,#14505));
#14500 = SURFACE_STYLE_USAGE(.BOTH.,#14501);
#14501 = SURFACE_SIDE_STYLE('',(#14502));
#14502 = SURFACE_STYLE_FILL_AREA(#14503);
#14503 = FILL_AREA_STYLE('',(#14504));
#14504 = FILL_AREA_STYLE_COLOUR('',#13037);
#14505 = CURVE_STYLE('',#14506,POSITIVE_LENGTH_MEASURE(0.1),#13037);
#14506 = DRAUGHTING_PRE_DEFINED_CURVE_FONT('continuous');
#14507 = STYLED_ITEM('color',(#14508),#6972);
#14508 = PRESENTATION_STYLE_ASSIGNMENT((#14509,#14514));
#14509 = SURFACE_STYLE_USAGE(.BOTH.,#14510);
#14510 = SURFACE_SIDE_STYLE('',(#14511));
#14511 = SURFACE_STYLE_FILL_AREA(#14512);
#14512 = FILL_AREA_STYLE('',(#14513));
#14513 = FILL_AREA_STYLE_COLOUR('',#13037);
#14514 = CURVE_STYLE('',#14515,POSITIVE_LENGTH_MEASURE(0.1),#13037);
#14515 = DRAUGHTING_PRE_DEFINED_CURVE_FONT('continuous');
#14516 = STYLED_ITEM('color',(#14517),#7118);
#14517 = PRESENTATION_STYLE_ASSIGNMENT((#14518,#14523));
#14518 = SURFACE_STYLE_USAGE(.BOTH.,#14519);
#14519 = SURFACE_SIDE_STYLE('',(#14520));
#14520 = SURFACE_STYLE_FILL_AREA(#14521);
#14521 = FILL_AREA_STYLE('',(#14522));
#14522 = FILL_AREA_STYLE_COLOUR('',#13037);
#14523 = CURVE_STYLE('',#14524,POSITIVE_LENGTH_MEASURE(0.1),#13037);
#14524 = DRAUGHTING_PRE_DEFINED_CURVE_FONT('continuous');
ENDSEC;
END-ISO-10303-21;
