ISO-10303-21;
HEADER;
/* Generated by software containing ST-Developer
 * from STEP Tools, Inc. (www.steptools.com) 
 */

FILE_DESCRIPTION(
/* description */ ('',
'CAx-IF Rec.Pracs.---Representation and Presentation of Product Manufa
cturing Information (PMI)---4.0---2014-10-13'),
/* implementation_level */ '2;1');

FILE_NAME(
/* name */ 'MOLEX-MICROFIT-RA-2POS-0436500200.step',
/* time_stamp */ '2025-02-04T18:40:32-06:00',
/* author */ (''),
/* organization */ (''),
/* preprocessor_version */ 'ST-DEVELOPER v20',
/* originating_system */ 'Autodesk Translation Framework v13.20.0.188',

/* authorisation */ '');

FILE_SCHEMA (('AP242_MANAGED_MODEL_BASED_3D_ENGINEERING_MIM_LF { 1 0 10303 442 1 1 4 }'));
ENDSEC;

DATA;
#10=MECHANICAL_DESIGN_GEOMETRIC_PRESENTATION_REPRESENTATION('',(#13,#14),
#5764);
#11=SHAPE_REPRESENTATION_RELATIONSHIP('SRR','None',#5771,#12);
#12=ADVANCED_BREP_SHAPE_REPRESENTATION('',(#15,#16),#5763);
#13=STYLED_ITEM('',(#5781),#15);
#14=STYLED_ITEM('',(#5780),#16);
#15=MANIFOLD_SOLID_BREP('Body1',#3576);
#16=MANIFOLD_SOLID_BREP('Body2',#3577);
#17=(
BOUNDED_SURFACE()
B_SPLINE_SURFACE(2,2,((#5384,#5385,#5386,#5387,#5388),(#5389,#5390,#5391,
#5392,#5393),(#5394,#5395,#5396,#5397,#5398)),.UNSPECIFIED.,.F.,.F.,.F.)
B_SPLINE_SURFACE_WITH_KNOTS((3,3),(3,2,3),(-1.57079632679503,-0.670129692299935),
(0.459676844005722,1.5707963267949,2.68191580958422),.UNSPECIFIED.)
GEOMETRIC_REPRESENTATION_ITEM()
RATIONAL_B_SPLINE_SURFACE(((1.,0.849605355166158,1.,0.849605355166158,1.),
(0.900302070820724,0.764901460636469,0.900302070820724,0.764901460636469,
0.900302070820724),(1.,0.849605355166158,1.,0.849605355166158,1.)))
REPRESENTATION_ITEM('')
SURFACE()
);
#18=(
BOUNDED_SURFACE()
B_SPLINE_SURFACE(2,2,((#5685,#5686,#5687,#5688,#5689),(#5690,#5691,#5692,
#5693,#5694),(#5695,#5696,#5697,#5698,#5699)),.UNSPECIFIED.,.F.,.F.,.F.)
B_SPLINE_SURFACE_WITH_KNOTS((3,3),(3,2,3),(0.670129692299437,1.57079632679695),
(-2.68191580958655,-1.57079632679489,-0.459676844003166),.UNSPECIFIED.)
GEOMETRIC_REPRESENTATION_ITEM()
RATIONAL_B_SPLINE_SURFACE(((1.,0.849605355165513,1.,0.849605355165513,1.),
(0.900302070820215,0.764901460635456,0.900302070820215,0.764901460635456,
0.900302070820215),(1.,0.849605355165513,1.,0.849605355165513,1.)))
REPRESENTATION_ITEM('')
SURFACE()
);
#19=CYLINDRICAL_SURFACE('',#3675,1.4);
#20=CYLINDRICAL_SURFACE('',#3679,1.7);
#21=CYLINDRICAL_SURFACE('',#3687,1.7);
#22=CYLINDRICAL_SURFACE('',#3691,1.4);
#23=CYLINDRICAL_SURFACE('',#3790,0.5);
#24=CIRCLE('',#3664,0.9015943182001);
#25=CIRCLE('',#3665,1.7);
#26=CIRCLE('',#3668,1.4);
#27=CIRCLE('',#3670,1.4);
#28=CIRCLE('',#3672,1.4);
#29=CIRCLE('',#3674,1.4);
#30=CIRCLE('',#3676,1.4);
#31=CIRCLE('',#3678,1.7);
#32=CIRCLE('',#3685,0.9015943182001);
#33=CIRCLE('',#3686,1.7);
#34=CIRCLE('',#3688,1.7);
#35=CIRCLE('',#3690,1.4);
#36=CIRCLE('',#3785,0.5);
#37=CIRCLE('',#3791,0.5);
#38=CONICAL_SURFACE('',#3663,1.3007971591,0.670129692300864);
#39=CONICAL_SURFACE('',#3684,1.3007971591,0.670129692300864);
#40=(
BOUNDED_CURVE()
B_SPLINE_CURVE(2,(#5253,#5254,#5255),.UNSPECIFIED.,.F.,.F.)
B_SPLINE_CURVE_WITH_KNOTS((3,3),(-0.933992252463667,-0.704983227627129),
 .UNSPECIFIED.)
CURVE()
GEOMETRIC_REPRESENTATION_ITEM()
RATIONAL_B_SPLINE_CURVE((1.9069325011397,2.32192198137991,2.47888110043299))
REPRESENTATION_ITEM('')
);
#41=(
BOUNDED_CURVE()
B_SPLINE_CURVE(2,(#5267,#5268,#5269),.UNSPECIFIED.,.F.,.F.)
B_SPLINE_CURVE_WITH_KNOTS((3,3),(0.704983227627134,0.933992252463667),
 .UNSPECIFIED.)
CURVE()
GEOMETRIC_REPRESENTATION_ITEM()
RATIONAL_B_SPLINE_CURVE((2.47888110043298,2.3219219813799,1.90693250113971))
REPRESENTATION_ITEM('')
);
#42=(
BOUNDED_CURVE()
B_SPLINE_CURVE(2,(#5358,#5359,#5360),.UNSPECIFIED.,.F.,.F.)
B_SPLINE_CURVE_WITH_KNOTS((3,3),(0.197363153856857,0.426372178698972),
 .UNSPECIFIED.)
CURVE()
GEOMETRIC_REPRESENTATION_ITEM()
RATIONAL_B_SPLINE_CURVE((1.90693250113969,2.32192198139001,2.47888110044063))
REPRESENTATION_ITEM('')
);
#43=(
BOUNDED_CURVE()
B_SPLINE_CURVE(2,(#5369,#5370,#5371),.UNSPECIFIED.,.F.,.F.)
B_SPLINE_CURVE_WITH_KNOTS((3,3),(-0.42637217869897,-0.197363153856857),
 .UNSPECIFIED.)
CURVE()
GEOMETRIC_REPRESENTATION_ITEM()
RATIONAL_B_SPLINE_CURVE((2.47888110044063,2.32192198139001,1.90693250113969))
REPRESENTATION_ITEM('')
);
#44=B_SPLINE_CURVE_WITH_KNOTS('',3,(#5217,#5218,#5219,#5220,#5221),
 .UNSPECIFIED.,.F.,.F.,(4,1,4),(0.,0.5,1.),.UNSPECIFIED.);
#45=B_SPLINE_CURVE_WITH_KNOTS('',3,(#5223,#5224,#5225,#5226,#5227,#5228,
#5229,#5230,#5231,#5232,#5233,#5234,#5235,#5236),.UNSPECIFIED.,.F.,.F.,
(4,2,2,2,2,2,4),(-0.329776440611414,-0.322303242602224,-0.299932249626991,
-0.247142392030391,-0.194352534433792,-0.171981541458559,-0.164508343449344),
 .UNSPECIFIED.);
#46=B_SPLINE_CURVE_WITH_KNOTS('',3,(#5238,#5239,#5240,#5241,#5242),
 .UNSPECIFIED.,.F.,.F.,(4,1,4),(0.,0.5,1.),.UNSPECIFIED.);
#47=B_SPLINE_CURVE_WITH_KNOTS('',3,(#5328,#5329,#5330,#5331,#5332),
 .UNSPECIFIED.,.F.,.F.,(4,1,4),(0.,0.5,1.),.UNSPECIFIED.);
#48=B_SPLINE_CURVE_WITH_KNOTS('',3,(#5334,#5335,#5336,#5337,#5338,#5339,
#5340,#5341,#5342,#5343,#5344,#5345,#5346,#5347,#5348),.UNSPECIFIED.,.F.,
 .F.,(4,2,2,3,2,2,4),(0.411851502515475,0.414273453350166,0.43864944182007,
0.494593952674713,0.550538463529355,0.574914451999259,0.577336402833907),
 .UNSPECIFIED.);
#49=B_SPLINE_CURVE_WITH_KNOTS('',3,(#5350,#5351,#5352,#5353,#5354),
 .UNSPECIFIED.,.F.,.F.,(4,1,4),(0.,0.5,1.),.UNSPECIFIED.);
#50=FACE_BOUND('',#259,.T.);
#51=FACE_BOUND('',#355,.T.);
#52=FACE_BOUND('',#356,.T.);
#53=FACE_BOUND('',#397,.T.);
#54=FACE_BOUND('',#399,.T.);
#55=FACE_OUTER_BOUND('',#245,.T.);
#56=FACE_OUTER_BOUND('',#246,.T.);
#57=FACE_OUTER_BOUND('',#247,.T.);
#58=FACE_OUTER_BOUND('',#248,.T.);
#59=FACE_OUTER_BOUND('',#249,.T.);
#60=FACE_OUTER_BOUND('',#250,.T.);
#61=FACE_OUTER_BOUND('',#251,.T.);
#62=FACE_OUTER_BOUND('',#252,.T.);
#63=FACE_OUTER_BOUND('',#253,.T.);
#64=FACE_OUTER_BOUND('',#254,.T.);
#65=FACE_OUTER_BOUND('',#255,.T.);
#66=FACE_OUTER_BOUND('',#256,.T.);
#67=FACE_OUTER_BOUND('',#257,.T.);
#68=FACE_OUTER_BOUND('',#258,.T.);
#69=FACE_OUTER_BOUND('',#260,.T.);
#70=FACE_OUTER_BOUND('',#261,.T.);
#71=FACE_OUTER_BOUND('',#262,.T.);
#72=FACE_OUTER_BOUND('',#263,.T.);
#73=FACE_OUTER_BOUND('',#264,.T.);
#74=FACE_OUTER_BOUND('',#265,.T.);
#75=FACE_OUTER_BOUND('',#266,.T.);
#76=FACE_OUTER_BOUND('',#267,.T.);
#77=FACE_OUTER_BOUND('',#268,.T.);
#78=FACE_OUTER_BOUND('',#269,.T.);
#79=FACE_OUTER_BOUND('',#270,.T.);
#80=FACE_OUTER_BOUND('',#271,.T.);
#81=FACE_OUTER_BOUND('',#272,.T.);
#82=FACE_OUTER_BOUND('',#273,.T.);
#83=FACE_OUTER_BOUND('',#274,.T.);
#84=FACE_OUTER_BOUND('',#275,.T.);
#85=FACE_OUTER_BOUND('',#276,.T.);
#86=FACE_OUTER_BOUND('',#277,.T.);
#87=FACE_OUTER_BOUND('',#278,.T.);
#88=FACE_OUTER_BOUND('',#279,.T.);
#89=FACE_OUTER_BOUND('',#280,.T.);
#90=FACE_OUTER_BOUND('',#281,.T.);
#91=FACE_OUTER_BOUND('',#282,.T.);
#92=FACE_OUTER_BOUND('',#283,.T.);
#93=FACE_OUTER_BOUND('',#284,.T.);
#94=FACE_OUTER_BOUND('',#285,.T.);
#95=FACE_OUTER_BOUND('',#286,.T.);
#96=FACE_OUTER_BOUND('',#287,.T.);
#97=FACE_OUTER_BOUND('',#288,.T.);
#98=FACE_OUTER_BOUND('',#289,.T.);
#99=FACE_OUTER_BOUND('',#290,.T.);
#100=FACE_OUTER_BOUND('',#291,.T.);
#101=FACE_OUTER_BOUND('',#292,.T.);
#102=FACE_OUTER_BOUND('',#293,.T.);
#103=FACE_OUTER_BOUND('',#294,.T.);
#104=FACE_OUTER_BOUND('',#295,.T.);
#105=FACE_OUTER_BOUND('',#296,.T.);
#106=FACE_OUTER_BOUND('',#297,.T.);
#107=FACE_OUTER_BOUND('',#298,.T.);
#108=FACE_OUTER_BOUND('',#299,.T.);
#109=FACE_OUTER_BOUND('',#300,.T.);
#110=FACE_OUTER_BOUND('',#301,.T.);
#111=FACE_OUTER_BOUND('',#302,.T.);
#112=FACE_OUTER_BOUND('',#303,.T.);
#113=FACE_OUTER_BOUND('',#304,.T.);
#114=FACE_OUTER_BOUND('',#305,.T.);
#115=FACE_OUTER_BOUND('',#306,.T.);
#116=FACE_OUTER_BOUND('',#307,.T.);
#117=FACE_OUTER_BOUND('',#308,.T.);
#118=FACE_OUTER_BOUND('',#309,.T.);
#119=FACE_OUTER_BOUND('',#310,.T.);
#120=FACE_OUTER_BOUND('',#311,.T.);
#121=FACE_OUTER_BOUND('',#312,.T.);
#122=FACE_OUTER_BOUND('',#313,.T.);
#123=FACE_OUTER_BOUND('',#314,.T.);
#124=FACE_OUTER_BOUND('',#315,.T.);
#125=FACE_OUTER_BOUND('',#316,.T.);
#126=FACE_OUTER_BOUND('',#317,.T.);
#127=FACE_OUTER_BOUND('',#318,.T.);
#128=FACE_OUTER_BOUND('',#319,.T.);
#129=FACE_OUTER_BOUND('',#320,.T.);
#130=FACE_OUTER_BOUND('',#321,.T.);
#131=FACE_OUTER_BOUND('',#322,.T.);
#132=FACE_OUTER_BOUND('',#323,.T.);
#133=FACE_OUTER_BOUND('',#324,.T.);
#134=FACE_OUTER_BOUND('',#325,.T.);
#135=FACE_OUTER_BOUND('',#326,.T.);
#136=FACE_OUTER_BOUND('',#327,.T.);
#137=FACE_OUTER_BOUND('',#328,.T.);
#138=FACE_OUTER_BOUND('',#329,.T.);
#139=FACE_OUTER_BOUND('',#330,.T.);
#140=FACE_OUTER_BOUND('',#331,.T.);
#141=FACE_OUTER_BOUND('',#332,.T.);
#142=FACE_OUTER_BOUND('',#333,.T.);
#143=FACE_OUTER_BOUND('',#334,.T.);
#144=FACE_OUTER_BOUND('',#335,.T.);
#145=FACE_OUTER_BOUND('',#336,.T.);
#146=FACE_OUTER_BOUND('',#337,.T.);
#147=FACE_OUTER_BOUND('',#338,.T.);
#148=FACE_OUTER_BOUND('',#339,.T.);
#149=FACE_OUTER_BOUND('',#340,.T.);
#150=FACE_OUTER_BOUND('',#341,.T.);
#151=FACE_OUTER_BOUND('',#342,.T.);
#152=FACE_OUTER_BOUND('',#343,.T.);
#153=FACE_OUTER_BOUND('',#344,.T.);
#154=FACE_OUTER_BOUND('',#345,.T.);
#155=FACE_OUTER_BOUND('',#346,.T.);
#156=FACE_OUTER_BOUND('',#347,.T.);
#157=FACE_OUTER_BOUND('',#348,.T.);
#158=FACE_OUTER_BOUND('',#349,.T.);
#159=FACE_OUTER_BOUND('',#350,.T.);
#160=FACE_OUTER_BOUND('',#351,.T.);
#161=FACE_OUTER_BOUND('',#352,.T.);
#162=FACE_OUTER_BOUND('',#353,.T.);
#163=FACE_OUTER_BOUND('',#354,.T.);
#164=FACE_OUTER_BOUND('',#357,.T.);
#165=FACE_OUTER_BOUND('',#358,.T.);
#166=FACE_OUTER_BOUND('',#359,.T.);
#167=FACE_OUTER_BOUND('',#360,.T.);
#168=FACE_OUTER_BOUND('',#361,.T.);
#169=FACE_OUTER_BOUND('',#362,.T.);
#170=FACE_OUTER_BOUND('',#363,.T.);
#171=FACE_OUTER_BOUND('',#364,.T.);
#172=FACE_OUTER_BOUND('',#365,.T.);
#173=FACE_OUTER_BOUND('',#366,.T.);
#174=FACE_OUTER_BOUND('',#367,.T.);
#175=FACE_OUTER_BOUND('',#368,.T.);
#176=FACE_OUTER_BOUND('',#369,.T.);
#177=FACE_OUTER_BOUND('',#370,.T.);
#178=FACE_OUTER_BOUND('',#371,.T.);
#179=FACE_OUTER_BOUND('',#372,.T.);
#180=FACE_OUTER_BOUND('',#373,.T.);
#181=FACE_OUTER_BOUND('',#374,.T.);
#182=FACE_OUTER_BOUND('',#375,.T.);
#183=FACE_OUTER_BOUND('',#376,.T.);
#184=FACE_OUTER_BOUND('',#377,.T.);
#185=FACE_OUTER_BOUND('',#378,.T.);
#186=FACE_OUTER_BOUND('',#379,.T.);
#187=FACE_OUTER_BOUND('',#380,.T.);
#188=FACE_OUTER_BOUND('',#381,.T.);
#189=FACE_OUTER_BOUND('',#382,.T.);
#190=FACE_OUTER_BOUND('',#383,.T.);
#191=FACE_OUTER_BOUND('',#384,.T.);
#192=FACE_OUTER_BOUND('',#385,.T.);
#193=FACE_OUTER_BOUND('',#386,.T.);
#194=FACE_OUTER_BOUND('',#387,.T.);
#195=FACE_OUTER_BOUND('',#388,.T.);
#196=FACE_OUTER_BOUND('',#389,.T.);
#197=FACE_OUTER_BOUND('',#390,.T.);
#198=FACE_OUTER_BOUND('',#391,.T.);
#199=FACE_OUTER_BOUND('',#392,.T.);
#200=FACE_OUTER_BOUND('',#393,.T.);
#201=FACE_OUTER_BOUND('',#394,.T.);
#202=FACE_OUTER_BOUND('',#395,.T.);
#203=FACE_OUTER_BOUND('',#396,.T.);
#204=FACE_OUTER_BOUND('',#398,.T.);
#205=FACE_OUTER_BOUND('',#400,.T.);
#206=FACE_OUTER_BOUND('',#401,.T.);
#207=FACE_OUTER_BOUND('',#402,.T.);
#208=FACE_OUTER_BOUND('',#403,.T.);
#209=FACE_OUTER_BOUND('',#404,.T.);
#210=FACE_OUTER_BOUND('',#405,.T.);
#211=FACE_OUTER_BOUND('',#406,.T.);
#212=FACE_OUTER_BOUND('',#407,.T.);
#213=FACE_OUTER_BOUND('',#408,.T.);
#214=FACE_OUTER_BOUND('',#409,.T.);
#215=FACE_OUTER_BOUND('',#410,.T.);
#216=FACE_OUTER_BOUND('',#411,.T.);
#217=FACE_OUTER_BOUND('',#412,.T.);
#218=FACE_OUTER_BOUND('',#413,.T.);
#219=FACE_OUTER_BOUND('',#414,.T.);
#220=FACE_OUTER_BOUND('',#415,.T.);
#221=FACE_OUTER_BOUND('',#416,.T.);
#222=FACE_OUTER_BOUND('',#417,.T.);
#223=FACE_OUTER_BOUND('',#418,.T.);
#224=FACE_OUTER_BOUND('',#419,.T.);
#225=FACE_OUTER_BOUND('',#420,.T.);
#226=FACE_OUTER_BOUND('',#421,.T.);
#227=FACE_OUTER_BOUND('',#422,.T.);
#228=FACE_OUTER_BOUND('',#423,.T.);
#229=FACE_OUTER_BOUND('',#424,.T.);
#230=FACE_OUTER_BOUND('',#425,.T.);
#231=FACE_OUTER_BOUND('',#426,.T.);
#232=FACE_OUTER_BOUND('',#427,.T.);
#233=FACE_OUTER_BOUND('',#428,.T.);
#234=FACE_OUTER_BOUND('',#429,.T.);
#235=FACE_OUTER_BOUND('',#430,.T.);
#236=FACE_OUTER_BOUND('',#431,.T.);
#237=FACE_OUTER_BOUND('',#432,.T.);
#238=FACE_OUTER_BOUND('',#433,.T.);
#239=FACE_OUTER_BOUND('',#434,.T.);
#240=FACE_OUTER_BOUND('',#435,.T.);
#241=FACE_OUTER_BOUND('',#436,.T.);
#242=FACE_OUTER_BOUND('',#437,.T.);
#243=FACE_OUTER_BOUND('',#438,.T.);
#244=FACE_OUTER_BOUND('',#439,.T.);
#245=EDGE_LOOP('',(#2207,#2208,#2209,#2210));
#246=EDGE_LOOP('',(#2211,#2212,#2213,#2214));
#247=EDGE_LOOP('',(#2215,#2216,#2217,#2218));
#248=EDGE_LOOP('',(#2219,#2220,#2221,#2222));
#249=EDGE_LOOP('',(#2223,#2224,#2225,#2226,#2227,#2228,#2229,#2230,#2231,
#2232));
#250=EDGE_LOOP('',(#2233,#2234,#2235,#2236));
#251=EDGE_LOOP('',(#2237,#2238,#2239,#2240));
#252=EDGE_LOOP('',(#2241,#2242,#2243,#2244));
#253=EDGE_LOOP('',(#2245,#2246,#2247,#2248));
#254=EDGE_LOOP('',(#2249,#2250,#2251,#2252));
#255=EDGE_LOOP('',(#2253,#2254,#2255,#2256,#2257));
#256=EDGE_LOOP('',(#2258,#2259,#2260,#2261,#2262,#2263));
#257=EDGE_LOOP('',(#2264,#2265,#2266,#2267,#2268));
#258=EDGE_LOOP('',(#2269,#2270,#2271,#2272,#2273,#2274,#2275,#2276,#2277,
#2278,#2279,#2280,#2281,#2282,#2283,#2284));
#259=EDGE_LOOP('',(#2285,#2286,#2287,#2288,#2289,#2290,#2291));
#260=EDGE_LOOP('',(#2292,#2293,#2294,#2295));
#261=EDGE_LOOP('',(#2296,#2297,#2298,#2299));
#262=EDGE_LOOP('',(#2300,#2301,#2302,#2303));
#263=EDGE_LOOP('',(#2304,#2305,#2306,#2307));
#264=EDGE_LOOP('',(#2308,#2309,#2310,#2311));
#265=EDGE_LOOP('',(#2312,#2313,#2314,#2315));
#266=EDGE_LOOP('',(#2316,#2317,#2318,#2319));
#267=EDGE_LOOP('',(#2320,#2321,#2322,#2323));
#268=EDGE_LOOP('',(#2324,#2325,#2326,#2327));
#269=EDGE_LOOP('',(#2328,#2329,#2330,#2331));
#270=EDGE_LOOP('',(#2332,#2333,#2334,#2335,#2336,#2337,#2338,#2339,#2340,
#2341,#2342,#2343,#2344,#2345,#2346,#2347));
#271=EDGE_LOOP('',(#2348,#2349,#2350,#2351));
#272=EDGE_LOOP('',(#2352,#2353,#2354,#2355));
#273=EDGE_LOOP('',(#2356,#2357,#2358,#2359));
#274=EDGE_LOOP('',(#2360,#2361,#2362,#2363));
#275=EDGE_LOOP('',(#2364,#2365,#2366,#2367));
#276=EDGE_LOOP('',(#2368,#2369,#2370,#2371));
#277=EDGE_LOOP('',(#2372,#2373,#2374,#2375));
#278=EDGE_LOOP('',(#2376,#2377,#2378,#2379,#2380));
#279=EDGE_LOOP('',(#2381,#2382,#2383,#2384,#2385,#2386));
#280=EDGE_LOOP('',(#2387,#2388,#2389,#2390,#2391));
#281=EDGE_LOOP('',(#2392,#2393,#2394,#2395,#2396,#2397,#2398,#2399,#2400,
#2401,#2402,#2403,#2404,#2405,#2406,#2407));
#282=EDGE_LOOP('',(#2408,#2409,#2410,#2411));
#283=EDGE_LOOP('',(#2412,#2413,#2414,#2415,#2416,#2417,#2418,#2419,#2420,
#2421,#2422,#2423,#2424,#2425,#2426,#2427,#2428,#2429,#2430,#2431,#2432,
#2433,#2434,#2435,#2436,#2437,#2438,#2439));
#284=EDGE_LOOP('',(#2440,#2441,#2442,#2443));
#285=EDGE_LOOP('',(#2444,#2445,#2446,#2447));
#286=EDGE_LOOP('',(#2448,#2449,#2450,#2451));
#287=EDGE_LOOP('',(#2452,#2453,#2454,#2455,#2456,#2457,#2458,#2459,#2460,
#2461));
#288=EDGE_LOOP('',(#2462,#2463,#2464,#2465));
#289=EDGE_LOOP('',(#2466,#2467,#2468,#2469));
#290=EDGE_LOOP('',(#2470,#2471,#2472,#2473));
#291=EDGE_LOOP('',(#2474,#2475,#2476,#2477));
#292=EDGE_LOOP('',(#2478,#2479,#2480,#2481));
#293=EDGE_LOOP('',(#2482,#2483,#2484,#2485));
#294=EDGE_LOOP('',(#2486,#2487,#2488,#2489,#2490,#2491));
#295=EDGE_LOOP('',(#2492,#2493,#2494,#2495));
#296=EDGE_LOOP('',(#2496,#2497,#2498,#2499));
#297=EDGE_LOOP('',(#2500,#2501,#2502,#2503,#2504,#2505));
#298=EDGE_LOOP('',(#2506,#2507,#2508,#2509,#2510,#2511,#2512,#2513));
#299=EDGE_LOOP('',(#2514,#2515,#2516,#2517));
#300=EDGE_LOOP('',(#2518,#2519,#2520,#2521));
#301=EDGE_LOOP('',(#2522,#2523,#2524,#2525));
#302=EDGE_LOOP('',(#2526,#2527,#2528,#2529));
#303=EDGE_LOOP('',(#2530,#2531,#2532,#2533));
#304=EDGE_LOOP('',(#2534,#2535,#2536,#2537));
#305=EDGE_LOOP('',(#2538,#2539,#2540,#2541));
#306=EDGE_LOOP('',(#2542,#2543,#2544,#2545));
#307=EDGE_LOOP('',(#2546,#2547,#2548,#2549));
#308=EDGE_LOOP('',(#2550,#2551,#2552,#2553));
#309=EDGE_LOOP('',(#2554,#2555,#2556,#2557));
#310=EDGE_LOOP('',(#2558,#2559,#2560,#2561));
#311=EDGE_LOOP('',(#2562,#2563,#2564,#2565));
#312=EDGE_LOOP('',(#2566,#2567,#2568,#2569));
#313=EDGE_LOOP('',(#2570,#2571,#2572,#2573));
#314=EDGE_LOOP('',(#2574,#2575,#2576,#2577,#2578));
#315=EDGE_LOOP('',(#2579,#2580,#2581,#2582,#2583,#2584,#2585,#2586,#2587,
#2588,#2589,#2590,#2591,#2592,#2593,#2594,#2595,#2596));
#316=EDGE_LOOP('',(#2597,#2598,#2599,#2600,#2601,#2602,#2603,#2604,#2605,
#2606));
#317=EDGE_LOOP('',(#2607,#2608,#2609,#2610,#2611,#2612));
#318=EDGE_LOOP('',(#2613,#2614,#2615,#2616,#2617,#2618));
#319=EDGE_LOOP('',(#2619,#2620,#2621,#2622,#2623,#2624));
#320=EDGE_LOOP('',(#2625,#2626,#2627,#2628,#2629));
#321=EDGE_LOOP('',(#2630,#2631,#2632,#2633,#2634));
#322=EDGE_LOOP('',(#2635,#2636,#2637,#2638,#2639));
#323=EDGE_LOOP('',(#2640,#2641,#2642,#2643,#2644));
#324=EDGE_LOOP('',(#2645,#2646,#2647,#2648,#2649));
#325=EDGE_LOOP('',(#2650,#2651,#2652,#2653));
#326=EDGE_LOOP('',(#2654,#2655,#2656,#2657));
#327=EDGE_LOOP('',(#2658,#2659,#2660,#2661,#2662));
#328=EDGE_LOOP('',(#2663,#2664,#2665,#2666,#2667,#2668,#2669,#2670,#2671,
#2672,#2673,#2674));
#329=EDGE_LOOP('',(#2675,#2676,#2677,#2678,#2679,#2680,#2681,#2682,#2683,
#2684));
#330=EDGE_LOOP('',(#2685,#2686,#2687,#2688,#2689,#2690));
#331=EDGE_LOOP('',(#2691,#2692,#2693,#2694,#2695,#2696));
#332=EDGE_LOOP('',(#2697,#2698,#2699,#2700));
#333=EDGE_LOOP('',(#2701,#2702,#2703,#2704));
#334=EDGE_LOOP('',(#2705,#2706,#2707,#2708,#2709));
#335=EDGE_LOOP('',(#2710,#2711,#2712,#2713,#2714,#2715));
#336=EDGE_LOOP('',(#2716,#2717));
#337=EDGE_LOOP('',(#2718,#2719,#2720,#2721));
#338=EDGE_LOOP('',(#2722,#2723,#2724,#2725,#2726));
#339=EDGE_LOOP('',(#2727,#2728,#2729,#2730));
#340=EDGE_LOOP('',(#2731,#2732,#2733,#2734));
#341=EDGE_LOOP('',(#2735,#2736,#2737,#2738));
#342=EDGE_LOOP('',(#2739,#2740,#2741,#2742));
#343=EDGE_LOOP('',(#2743,#2744,#2745,#2746,#2747,#2748,#2749,#2750,#2751,
#2752,#2753,#2754,#2755,#2756,#2757,#2758));
#344=EDGE_LOOP('',(#2759,#2760,#2761,#2762,#2763));
#345=EDGE_LOOP('',(#2764,#2765,#2766,#2767));
#346=EDGE_LOOP('',(#2768,#2769,#2770,#2771,#2772));
#347=EDGE_LOOP('',(#2773,#2774,#2775));
#348=EDGE_LOOP('',(#2776,#2777,#2778));
#349=EDGE_LOOP('',(#2779,#2780,#2781,#2782));
#350=EDGE_LOOP('',(#2783,#2784,#2785));
#351=EDGE_LOOP('',(#2786,#2787,#2788));
#352=EDGE_LOOP('',(#2789,#2790,#2791,#2792));
#353=EDGE_LOOP('',(#2793,#2794,#2795,#2796,#2797));
#354=EDGE_LOOP('',(#2798,#2799,#2800,#2801,#2802,#2803,#2804,#2805));
#355=EDGE_LOOP('',(#2806,#2807,#2808,#2809));
#356=EDGE_LOOP('',(#2810,#2811,#2812,#2813,#2814));
#357=EDGE_LOOP('',(#2815,#2816,#2817,#2818));
#358=EDGE_LOOP('',(#2819,#2820,#2821,#2822));
#359=EDGE_LOOP('',(#2823,#2824,#2825,#2826));
#360=EDGE_LOOP('',(#2827,#2828,#2829,#2830,#2831,#2832,#2833,#2834,#2835,
#2836,#2837,#2838,#2839,#2840,#2841,#2842,#2843,#2844,#2845,#2846,#2847,
#2848));
#361=EDGE_LOOP('',(#2849,#2850,#2851,#2852));
#362=EDGE_LOOP('',(#2853,#2854,#2855,#2856));
#363=EDGE_LOOP('',(#2857,#2858,#2859,#2860));
#364=EDGE_LOOP('',(#2861,#2862,#2863,#2864,#2865,#2866));
#365=EDGE_LOOP('',(#2867,#2868,#2869,#2870,#2871,#2872,#2873,#2874));
#366=EDGE_LOOP('',(#2875,#2876,#2877,#2878));
#367=EDGE_LOOP('',(#2879,#2880,#2881,#2882));
#368=EDGE_LOOP('',(#2883,#2884,#2885,#2886));
#369=EDGE_LOOP('',(#2887,#2888,#2889,#2890));
#370=EDGE_LOOP('',(#2891,#2892,#2893,#2894));
#371=EDGE_LOOP('',(#2895,#2896,#2897,#2898));
#372=EDGE_LOOP('',(#2899,#2900,#2901,#2902));
#373=EDGE_LOOP('',(#2903,#2904,#2905,#2906));
#374=EDGE_LOOP('',(#2907,#2908,#2909,#2910));
#375=EDGE_LOOP('',(#2911,#2912,#2913,#2914));
#376=EDGE_LOOP('',(#2915,#2916,#2917,#2918));
#377=EDGE_LOOP('',(#2919,#2920,#2921,#2922,#2923,#2924,#2925,#2926));
#378=EDGE_LOOP('',(#2927,#2928,#2929,#2930,#2931,#2932));
#379=EDGE_LOOP('',(#2933,#2934,#2935,#2936));
#380=EDGE_LOOP('',(#2937,#2938,#2939,#2940));
#381=EDGE_LOOP('',(#2941,#2942,#2943,#2944));
#382=EDGE_LOOP('',(#2945,#2946,#2947,#2948,#2949,#2950,#2951,#2952));
#383=EDGE_LOOP('',(#2953,#2954,#2955,#2956,#2957,#2958));
#384=EDGE_LOOP('',(#2959,#2960,#2961,#2962));
#385=EDGE_LOOP('',(#2963,#2964,#2965,#2966));
#386=EDGE_LOOP('',(#2967,#2968,#2969,#2970));
#387=EDGE_LOOP('',(#2971,#2972,#2973,#2974));
#388=EDGE_LOOP('',(#2975,#2976,#2977,#2978,#2979,#2980));
#389=EDGE_LOOP('',(#2981,#2982,#2983,#2984));
#390=EDGE_LOOP('',(#2985,#2986,#2987,#2988));
#391=EDGE_LOOP('',(#2989,#2990,#2991,#2992));
#392=EDGE_LOOP('',(#2993,#2994,#2995,#2996));
#393=EDGE_LOOP('',(#2997,#2998,#2999,#3000));
#394=EDGE_LOOP('',(#3001,#3002,#3003,#3004));
#395=EDGE_LOOP('',(#3005,#3006,#3007,#3008));
#396=EDGE_LOOP('',(#3009,#3010,#3011,#3012));
#397=EDGE_LOOP('',(#3013,#3014,#3015,#3016));
#398=EDGE_LOOP('',(#3017,#3018,#3019,#3020,#3021));
#399=EDGE_LOOP('',(#3022,#3023,#3024,#3025));
#400=EDGE_LOOP('',(#3026,#3027,#3028,#3029));
#401=EDGE_LOOP('',(#3030,#3031,#3032,#3033));
#402=EDGE_LOOP('',(#3034,#3035,#3036,#3037));
#403=EDGE_LOOP('',(#3038,#3039,#3040,#3041));
#404=EDGE_LOOP('',(#3042,#3043,#3044,#3045));
#405=EDGE_LOOP('',(#3046,#3047,#3048,#3049));
#406=EDGE_LOOP('',(#3050,#3051,#3052,#3053));
#407=EDGE_LOOP('',(#3054,#3055,#3056,#3057));
#408=EDGE_LOOP('',(#3058,#3059,#3060,#3061));
#409=EDGE_LOOP('',(#3062,#3063,#3064,#3065));
#410=EDGE_LOOP('',(#3066,#3067,#3068,#3069));
#411=EDGE_LOOP('',(#3070,#3071,#3072,#3073));
#412=EDGE_LOOP('',(#3074,#3075,#3076,#3077));
#413=EDGE_LOOP('',(#3078,#3079,#3080,#3081));
#414=EDGE_LOOP('',(#3082,#3083,#3084,#3085));
#415=EDGE_LOOP('',(#3086,#3087,#3088,#3089));
#416=EDGE_LOOP('',(#3090,#3091,#3092,#3093));
#417=EDGE_LOOP('',(#3094,#3095,#3096,#3097));
#418=EDGE_LOOP('',(#3098,#3099,#3100,#3101));
#419=EDGE_LOOP('',(#3102,#3103,#3104,#3105));
#420=EDGE_LOOP('',(#3106,#3107,#3108,#3109,#3110,#3111,#3112,#3113,#3114,
#3115,#3116,#3117));
#421=EDGE_LOOP('',(#3118,#3119,#3120,#3121,#3122,#3123,#3124,#3125,#3126,
#3127,#3128,#3129));
#422=EDGE_LOOP('',(#3130,#3131,#3132,#3133));
#423=EDGE_LOOP('',(#3134,#3135,#3136,#3137));
#424=EDGE_LOOP('',(#3138,#3139));
#425=EDGE_LOOP('',(#3140,#3141,#3142,#3143));
#426=EDGE_LOOP('',(#3144,#3145,#3146,#3147));
#427=EDGE_LOOP('',(#3148,#3149,#3150,#3151));
#428=EDGE_LOOP('',(#3152,#3153,#3154,#3155));
#429=EDGE_LOOP('',(#3156,#3157,#3158,#3159));
#430=EDGE_LOOP('',(#3160,#3161,#3162,#3163));
#431=EDGE_LOOP('',(#3164,#3165,#3166,#3167));
#432=EDGE_LOOP('',(#3168,#3169,#3170,#3171,#3172,#3173,#3174));
#433=EDGE_LOOP('',(#3175,#3176,#3177,#3178,#3179));
#434=EDGE_LOOP('',(#3180,#3181,#3182,#3183));
#435=EDGE_LOOP('',(#3184,#3185,#3186,#3187));
#436=EDGE_LOOP('',(#3188,#3189,#3190,#3191));
#437=EDGE_LOOP('',(#3192,#3193,#3194,#3195));
#438=EDGE_LOOP('',(#3196,#3197,#3198,#3199));
#439=EDGE_LOOP('',(#3200,#3201,#3202,#3203,#3204));
#440=LINE('',#4678,#915);
#441=LINE('',#4680,#916);
#442=LINE('',#4682,#917);
#443=LINE('',#4683,#918);
#444=LINE('',#4686,#919);
#445=LINE('',#4688,#920);
#446=LINE('',#4689,#921);
#447=LINE('',#4692,#922);
#448=LINE('',#4693,#923);
#449=LINE('',#4696,#924);
#450=LINE('',#4697,#925);
#451=LINE('',#4700,#926);
#452=LINE('',#4702,#927);
#453=LINE('',#4704,#928);
#454=LINE('',#4706,#929);
#455=LINE('',#4708,#930);
#456=LINE('',#4710,#931);
#457=LINE('',#4712,#932);
#458=LINE('',#4714,#933);
#459=LINE('',#4715,#934);
#460=LINE('',#4718,#935);
#461=LINE('',#4720,#936);
#462=LINE('',#4721,#937);
#463=LINE('',#4724,#938);
#464=LINE('',#4725,#939);
#465=LINE('',#4729,#940);
#466=LINE('',#4731,#941);
#467=LINE('',#4733,#942);
#468=LINE('',#4734,#943);
#469=LINE('',#4738,#944);
#470=LINE('',#4740,#945);
#471=LINE('',#4742,#946);
#472=LINE('',#4743,#947);
#473=LINE('',#4747,#948);
#474=LINE('',#4749,#949);
#475=LINE('',#4751,#950);
#476=LINE('',#4752,#951);
#477=LINE('',#4755,#952);
#478=LINE('',#4757,#953);
#479=LINE('',#4759,#954);
#480=LINE('',#4760,#955);
#481=LINE('',#4764,#956);
#482=LINE('',#4766,#957);
#483=LINE('',#4768,#958);
#484=LINE('',#4769,#959);
#485=LINE('',#4771,#960);
#486=LINE('',#4772,#961);
#487=LINE('',#4776,#962);
#488=LINE('',#4778,#963);
#489=LINE('',#4780,#964);
#490=LINE('',#4782,#965);
#491=LINE('',#4783,#966);
#492=LINE('',#4786,#967);
#493=LINE('',#4788,#968);
#494=LINE('',#4790,#969);
#495=LINE('',#4792,#970);
#496=LINE('',#4794,#971);
#497=LINE('',#4796,#972);
#498=LINE('',#4798,#973);
#499=LINE('',#4800,#974);
#500=LINE('',#4802,#975);
#501=LINE('',#4804,#976);
#502=LINE('',#4806,#977);
#503=LINE('',#4808,#978);
#504=LINE('',#4810,#979);
#505=LINE('',#4812,#980);
#506=LINE('',#4813,#981);
#507=LINE('',#4816,#982);
#508=LINE('',#4818,#983);
#509=LINE('',#4820,#984);
#510=LINE('',#4822,#985);
#511=LINE('',#4824,#986);
#512=LINE('',#4826,#987);
#513=LINE('',#4827,#988);
#514=LINE('',#4830,#989);
#515=LINE('',#4832,#990);
#516=LINE('',#4833,#991);
#517=LINE('',#4837,#992);
#518=LINE('',#4839,#993);
#519=LINE('',#4841,#994);
#520=LINE('',#4842,#995);
#521=LINE('',#4845,#996);
#522=LINE('',#4846,#997);
#523=LINE('',#4849,#998);
#524=LINE('',#4851,#999);
#525=LINE('',#4852,#1000);
#526=LINE('',#4856,#1001);
#527=LINE('',#4858,#1002);
#528=LINE('',#4860,#1003);
#529=LINE('',#4861,#1004);
#530=LINE('',#4864,#1005);
#531=LINE('',#4866,#1006);
#532=LINE('',#4867,#1007);
#533=LINE('',#4870,#1008);
#534=LINE('',#4872,#1009);
#535=LINE('',#4873,#1010);
#536=LINE('',#4876,#1011);
#537=LINE('',#4878,#1012);
#538=LINE('',#4879,#1013);
#539=LINE('',#4883,#1014);
#540=LINE('',#4885,#1015);
#541=LINE('',#4887,#1016);
#542=LINE('',#4888,#1017);
#543=LINE('',#4892,#1018);
#544=LINE('',#4894,#1019);
#545=LINE('',#4896,#1020);
#546=LINE('',#4897,#1021);
#547=LINE('',#4900,#1022);
#548=LINE('',#4902,#1023);
#549=LINE('',#4904,#1024);
#550=LINE('',#4906,#1025);
#551=LINE('',#4908,#1026);
#552=LINE('',#4910,#1027);
#553=LINE('',#4912,#1028);
#554=LINE('',#4914,#1029);
#555=LINE('',#4916,#1030);
#556=LINE('',#4918,#1031);
#557=LINE('',#4920,#1032);
#558=LINE('',#4921,#1033);
#559=LINE('',#4922,#1034);
#560=LINE('',#4925,#1035);
#561=LINE('',#4926,#1036);
#562=LINE('',#4929,#1037);
#563=LINE('',#4930,#1038);
#564=LINE('',#4933,#1039);
#565=LINE('',#4934,#1040);
#566=LINE('',#4937,#1041);
#567=LINE('',#4939,#1042);
#568=LINE('',#4940,#1043);
#569=LINE('',#4944,#1044);
#570=LINE('',#4945,#1045);
#571=LINE('',#4946,#1046);
#572=LINE('',#4948,#1047);
#573=LINE('',#4950,#1048);
#574=LINE('',#4952,#1049);
#575=LINE('',#4953,#1050);
#576=LINE('',#4956,#1051);
#577=LINE('',#4957,#1052);
#578=LINE('',#4958,#1053);
#579=LINE('',#4959,#1054);
#580=LINE('',#4962,#1055);
#581=LINE('',#4963,#1056);
#582=LINE('',#4964,#1057);
#583=LINE('',#4968,#1058);
#584=LINE('',#4970,#1059);
#585=LINE('',#4972,#1060);
#586=LINE('',#4973,#1061);
#587=LINE('',#4975,#1062);
#588=LINE('',#4977,#1063);
#589=LINE('',#4979,#1064);
#590=LINE('',#4981,#1065);
#591=LINE('',#4983,#1066);
#592=LINE('',#4985,#1067);
#593=LINE('',#4986,#1068);
#594=LINE('',#4989,#1069);
#595=LINE('',#4991,#1070);
#596=LINE('',#4992,#1071);
#597=LINE('',#4996,#1072);
#598=LINE('',#4998,#1073);
#599=LINE('',#5000,#1074);
#600=LINE('',#5001,#1075);
#601=LINE('',#5003,#1076);
#602=LINE('',#5005,#1077);
#603=LINE('',#5007,#1078);
#604=LINE('',#5008,#1079);
#605=LINE('',#5010,#1080);
#606=LINE('',#5012,#1081);
#607=LINE('',#5013,#1082);
#608=LINE('',#5015,#1083);
#609=LINE('',#5017,#1084);
#610=LINE('',#5019,#1085);
#611=LINE('',#5021,#1086);
#612=LINE('',#5023,#1087);
#613=LINE('',#5025,#1088);
#614=LINE('',#5027,#1089);
#615=LINE('',#5029,#1090);
#616=LINE('',#5031,#1091);
#617=LINE('',#5033,#1092);
#618=LINE('',#5035,#1093);
#619=LINE('',#5037,#1094);
#620=LINE('',#5039,#1095);
#621=LINE('',#5040,#1096);
#622=LINE('',#5042,#1097);
#623=LINE('',#5046,#1098);
#624=LINE('',#5047,#1099);
#625=LINE('',#5048,#1100);
#626=LINE('',#5052,#1101);
#627=LINE('',#5054,#1102);
#628=LINE('',#5056,#1103);
#629=LINE('',#5057,#1104);
#630=LINE('',#5060,#1105);
#631=LINE('',#5061,#1106);
#632=LINE('',#5062,#1107);
#633=LINE('',#5063,#1108);
#634=LINE('',#5065,#1109);
#635=LINE('',#5067,#1110);
#636=LINE('',#5068,#1111);
#637=LINE('',#5069,#1112);
#638=LINE('',#5073,#1113);
#639=LINE('',#5074,#1114);
#640=LINE('',#5075,#1115);
#641=LINE('',#5078,#1116);
#642=LINE('',#5080,#1117);
#643=LINE('',#5081,#1118);
#644=LINE('',#5084,#1119);
#645=LINE('',#5085,#1120);
#646=LINE('',#5088,#1121);
#647=LINE('',#5092,#1122);
#648=LINE('',#5094,#1123);
#649=LINE('',#5096,#1124);
#650=LINE('',#5097,#1125);
#651=LINE('',#5099,#1126);
#652=LINE('',#5101,#1127);
#653=LINE('',#5103,#1128);
#654=LINE('',#5104,#1129);
#655=LINE('',#5106,#1130);
#656=LINE('',#5110,#1131);
#657=LINE('',#5111,#1132);
#658=LINE('',#5114,#1133);
#659=LINE('',#5116,#1134);
#660=LINE('',#5118,#1135);
#661=LINE('',#5120,#1136);
#662=LINE('',#5121,#1137);
#663=LINE('',#5124,#1138);
#664=LINE('',#5125,#1139);
#665=LINE('',#5127,#1140);
#666=LINE('',#5130,#1141);
#667=LINE('',#5131,#1142);
#668=LINE('',#5134,#1143);
#669=LINE('',#5136,#1144);
#670=LINE('',#5137,#1145);
#671=LINE('',#5140,#1146);
#672=LINE('',#5141,#1147);
#673=LINE('',#5144,#1148);
#674=LINE('',#5146,#1149);
#675=LINE('',#5147,#1150);
#676=LINE('',#5149,#1151);
#677=LINE('',#5152,#1152);
#678=LINE('',#5153,#1153);
#679=LINE('',#5155,#1154);
#680=LINE('',#5156,#1155);
#681=LINE('',#5158,#1156);
#682=LINE('',#5160,#1157);
#683=LINE('',#5161,#1158);
#684=LINE('',#5163,#1159);
#685=LINE('',#5166,#1160);
#686=LINE('',#5167,#1161);
#687=LINE('',#5169,#1162);
#688=LINE('',#5172,#1163);
#689=LINE('',#5173,#1164);
#690=LINE('',#5176,#1165);
#691=LINE('',#5177,#1166);
#692=LINE('',#5181,#1167);
#693=LINE('',#5183,#1168);
#694=LINE('',#5185,#1169);
#695=LINE('',#5187,#1170);
#696=LINE('',#5189,#1171);
#697=LINE('',#5191,#1172);
#698=LINE('',#5193,#1173);
#699=LINE('',#5194,#1174);
#700=LINE('',#5196,#1175);
#701=LINE('',#5198,#1176);
#702=LINE('',#5200,#1177);
#703=LINE('',#5202,#1178);
#704=LINE('',#5204,#1179);
#705=LINE('',#5206,#1180);
#706=LINE('',#5208,#1181);
#707=LINE('',#5210,#1182);
#708=LINE('',#5211,#1183);
#709=LINE('',#5215,#1184);
#710=LINE('',#5244,#1185);
#711=LINE('',#5246,#1186);
#712=LINE('',#5247,#1187);
#713=LINE('',#5249,#1188);
#714=LINE('',#5250,#1189);
#715=LINE('',#5257,#1190);
#716=LINE('',#5259,#1191);
#717=LINE('',#5261,#1192);
#718=LINE('',#5262,#1193);
#719=LINE('',#5272,#1194);
#720=LINE('',#5274,#1195);
#721=LINE('',#5276,#1196);
#722=LINE('',#5277,#1197);
#723=LINE('',#5280,#1198);
#724=LINE('',#5282,#1199);
#725=LINE('',#5287,#1200);
#726=LINE('',#5288,#1201);
#727=LINE('',#5292,#1202);
#728=LINE('',#5294,#1203);
#729=LINE('',#5296,#1204);
#730=LINE('',#5299,#1205);
#731=LINE('',#5304,#1206);
#732=LINE('',#5306,#1207);
#733=LINE('',#5308,#1208);
#734=LINE('',#5309,#1209);
#735=LINE('',#5316,#1210);
#736=LINE('',#5317,#1211);
#737=LINE('',#5319,#1212);
#738=LINE('',#5320,#1213);
#739=LINE('',#5321,#1214);
#740=LINE('',#5322,#1215);
#741=LINE('',#5324,#1216);
#742=LINE('',#5326,#1217);
#743=LINE('',#5355,#1218);
#744=LINE('',#5362,#1219);
#745=LINE('',#5364,#1220);
#746=LINE('',#5365,#1221);
#747=LINE('',#5375,#1222);
#748=LINE('',#5379,#1223);
#749=LINE('',#5382,#1224);
#750=LINE('',#5400,#1225);
#751=LINE('',#5403,#1226);
#752=LINE('',#5406,#1227);
#753=LINE('',#5408,#1228);
#754=LINE('',#5411,#1229);
#755=LINE('',#5413,#1230);
#756=LINE('',#5415,#1231);
#757=LINE('',#5416,#1232);
#758=LINE('',#5417,#1233);
#759=LINE('',#5419,#1234);
#760=LINE('',#5422,#1235);
#761=LINE('',#5424,#1236);
#762=LINE('',#5425,#1237);
#763=LINE('',#5428,#1238);
#764=LINE('',#5429,#1239);
#765=LINE('',#5432,#1240);
#766=LINE('',#5434,#1241);
#767=LINE('',#5435,#1242);
#768=LINE('',#5438,#1243);
#769=LINE('',#5439,#1244);
#770=LINE('',#5442,#1245);
#771=LINE('',#5443,#1246);
#772=LINE('',#5446,#1247);
#773=LINE('',#5447,#1248);
#774=LINE('',#5450,#1249);
#775=LINE('',#5451,#1250);
#776=LINE('',#5454,#1251);
#777=LINE('',#5455,#1252);
#778=LINE('',#5457,#1253);
#779=LINE('',#5459,#1254);
#780=LINE('',#5460,#1255);
#781=LINE('',#5461,#1256);
#782=LINE('',#5464,#1257);
#783=LINE('',#5466,#1258);
#784=LINE('',#5468,#1259);
#785=LINE('',#5469,#1260);
#786=LINE('',#5472,#1261);
#787=LINE('',#5474,#1262);
#788=LINE('',#5476,#1263);
#789=LINE('',#5478,#1264);
#790=LINE('',#5479,#1265);
#791=LINE('',#5482,#1266);
#792=LINE('',#5486,#1267);
#793=LINE('',#5488,#1268);
#794=LINE('',#5489,#1269);
#795=LINE('',#5490,#1270);
#796=LINE('',#5491,#1271);
#797=LINE('',#5493,#1272);
#798=LINE('',#5495,#1273);
#799=LINE('',#5497,#1274);
#800=LINE('',#5499,#1275);
#801=LINE('',#5501,#1276);
#802=LINE('',#5503,#1277);
#803=LINE('',#5505,#1278);
#804=LINE('',#5506,#1279);
#805=LINE('',#5509,#1280);
#806=LINE('',#5510,#1281);
#807=LINE('',#5513,#1282);
#808=LINE('',#5514,#1283);
#809=LINE('',#5516,#1284);
#810=LINE('',#5520,#1285);
#811=LINE('',#5521,#1286);
#812=LINE('',#5523,#1287);
#813=LINE('',#5525,#1288);
#814=LINE('',#5527,#1289);
#815=LINE('',#5530,#1290);
#816=LINE('',#5532,#1291);
#817=LINE('',#5533,#1292);
#818=LINE('',#5536,#1293);
#819=LINE('',#5537,#1294);
#820=LINE('',#5540,#1295);
#821=LINE('',#5541,#1296);
#822=LINE('',#5545,#1297);
#823=LINE('',#5546,#1298);
#824=LINE('',#5548,#1299);
#825=LINE('',#5550,#1300);
#826=LINE('',#5553,#1301);
#827=LINE('',#5554,#1302);
#828=LINE('',#5559,#1303);
#829=LINE('',#5560,#1304);
#830=LINE('',#5561,#1305);
#831=LINE('',#5564,#1306);
#832=LINE('',#5565,#1307);
#833=LINE('',#5568,#1308);
#834=LINE('',#5569,#1309);
#835=LINE('',#5571,#1310);
#836=LINE('',#5575,#1311);
#837=LINE('',#5576,#1312);
#838=LINE('',#5579,#1313);
#839=LINE('',#5582,#1314);
#840=LINE('',#5584,#1315);
#841=LINE('',#5585,#1316);
#842=LINE('',#5587,#1317);
#843=LINE('',#5590,#1318);
#844=LINE('',#5593,#1319);
#845=LINE('',#5595,#1320);
#846=LINE('',#5596,#1321);
#847=LINE('',#5600,#1322);
#848=LINE('',#5602,#1323);
#849=LINE('',#5603,#1324);
#850=LINE('',#5605,#1325);
#851=LINE('',#5607,#1326);
#852=LINE('',#5608,#1327);
#853=LINE('',#5610,#1328);
#854=LINE('',#5614,#1329);
#855=LINE('',#5616,#1330);
#856=LINE('',#5618,#1331);
#857=LINE('',#5619,#1332);
#858=LINE('',#5620,#1333);
#859=LINE('',#5621,#1334);
#860=LINE('',#5625,#1335);
#861=LINE('',#5627,#1336);
#862=LINE('',#5629,#1337);
#863=LINE('',#5631,#1338);
#864=LINE('',#5632,#1339);
#865=LINE('',#5634,#1340);
#866=LINE('',#5635,#1341);
#867=LINE('',#5637,#1342);
#868=LINE('',#5639,#1343);
#869=LINE('',#5642,#1344);
#870=LINE('',#5643,#1345);
#871=LINE('',#5645,#1346);
#872=LINE('',#5647,#1347);
#873=LINE('',#5649,#1348);
#874=LINE('',#5652,#1349);
#875=LINE('',#5655,#1350);
#876=LINE('',#5657,#1351);
#877=LINE('',#5658,#1352);
#878=LINE('',#5661,#1353);
#879=LINE('',#5662,#1354);
#880=LINE('',#5665,#1355);
#881=LINE('',#5666,#1356);
#882=LINE('',#5668,#1357);
#883=LINE('',#5669,#1358);
#884=LINE('',#5675,#1359);
#885=LINE('',#5676,#1360);
#886=LINE('',#5678,#1361);
#887=LINE('',#5682,#1362);
#888=LINE('',#5702,#1363);
#889=LINE('',#5704,#1364);
#890=LINE('',#5705,#1365);
#891=LINE('',#5708,#1366);
#892=LINE('',#5709,#1367);
#893=LINE('',#5712,#1368);
#894=LINE('',#5713,#1369);
#895=LINE('',#5716,#1370);
#896=LINE('',#5717,#1371);
#897=LINE('',#5720,#1372);
#898=LINE('',#5721,#1373);
#899=LINE('',#5724,#1374);
#900=LINE('',#5725,#1375);
#901=LINE('',#5727,#1376);
#902=LINE('',#5732,#1377);
#903=LINE('',#5734,#1378);
#904=LINE('',#5736,#1379);
#905=LINE('',#5738,#1380);
#906=LINE('',#5742,#1381);
#907=LINE('',#5744,#1382);
#908=LINE('',#5745,#1383);
#909=LINE('',#5748,#1384);
#910=LINE('',#5749,#1385);
#911=LINE('',#5752,#1386);
#912=LINE('',#5753,#1387);
#913=LINE('',#5756,#1388);
#914=LINE('',#5757,#1389);
#915=VECTOR('',#3797,0.452769256906899);
#916=VECTOR('',#3798,0.34);
#917=VECTOR('',#3799,0.452769256906899);
#918=VECTOR('',#3800,0.64);
#919=VECTOR('',#3803,0.64);
#920=VECTOR('',#3804,0.452769256906899);
#921=VECTOR('',#3805,0.34);
#922=VECTOR('',#3808,0.34);
#923=VECTOR('',#3809,0.34);
#924=VECTOR('',#3812,0.452769256906899);
#925=VECTOR('',#3813,0.64);
#926=VECTOR('',#3816,3.57);
#927=VECTOR('',#3817,0.805);
#928=VECTOR('',#3818,1.75);
#929=VECTOR('',#3819,0.18);
#930=VECTOR('',#3820,0.64);
#931=VECTOR('',#3821,0.18);
#932=VECTOR('',#3822,1.75);
#933=VECTOR('',#3823,0.805);
#934=VECTOR('',#3824,3.57);
#935=VECTOR('',#3827,0.59);
#936=VECTOR('',#3828,1.75);
#937=VECTOR('',#3829,0.59);
#938=VECTOR('',#3832,0.64);
#939=VECTOR('',#3833,3.57);
#940=VECTOR('',#3836,0.64);
#941=VECTOR('',#3837,3.8);
#942=VECTOR('',#3838,0.64);
#943=VECTOR('',#3839,3.8);
#944=VECTOR('',#3842,0.6);
#945=VECTOR('',#3843,0.96);
#946=VECTOR('',#3844,0.6);
#947=VECTOR('',#3845,0.96);
#948=VECTOR('',#3848,0.96);
#949=VECTOR('',#3849,0.6);
#950=VECTOR('',#3850,0.96);
#951=VECTOR('',#3851,0.6);
#952=VECTOR('',#3854,0.01);
#953=VECTOR('',#3855,1.645);
#954=VECTOR('',#3856,0.6);
#955=VECTOR('',#3857,1.645);
#956=VECTOR('',#3860,0.01);
#957=VECTOR('',#3861,0.59);
#958=VECTOR('',#3862,2.36);
#959=VECTOR('',#3863,0.59);
#960=VECTOR('',#3864,0.01);
#961=VECTOR('',#3865,2.36);
#962=VECTOR('',#3868,1.645);
#963=VECTOR('',#3869,0.59);
#964=VECTOR('',#3870,0.01);
#965=VECTOR('',#3871,1.645);
#966=VECTOR('',#3872,0.6);
#967=VECTOR('',#3875,1.75);
#968=VECTOR('',#3876,0.6);
#969=VECTOR('',#3877,0.395);
#970=VECTOR('',#3878,0.67);
#971=VECTOR('',#3879,0.66);
#972=VECTOR('',#3880,8.5);
#973=VECTOR('',#3881,0.68);
#974=VECTOR('',#3882,2.);
#975=VECTOR('',#3883,0.68);
#976=VECTOR('',#3884,6.65);
#977=VECTOR('',#3885,1.04);
#978=VECTOR('',#3886,1.85);
#979=VECTOR('',#3887,1.2);
#980=VECTOR('',#3888,0.67);
#981=VECTOR('',#3889,0.395);
#982=VECTOR('',#3890,1.25);
#983=VECTOR('',#3891,0.15625);
#984=VECTOR('',#3892,1.037234067917);
#985=VECTOR('',#3893,0.243050262496104);
#986=VECTOR('',#3894,0.2127660065889);
#987=VECTOR('',#3895,0.243050205426607);
#988=VECTOR('',#3896,0.15625);
#989=VECTOR('',#3899,0.395);
#990=VECTOR('',#3900,0.96);
#991=VECTOR('',#3901,0.395);
#992=VECTOR('',#3904,0.96);
#993=VECTOR('',#3905,0.395);
#994=VECTOR('',#3906,0.96);
#995=VECTOR('',#3907,0.395);
#996=VECTOR('',#3910,0.96);
#997=VECTOR('',#3911,0.395);
#998=VECTOR('',#3914,0.96);
#999=VECTOR('',#3915,0.395);
#1000=VECTOR('',#3916,0.96);
#1001=VECTOR('',#3919,1.645);
#1002=VECTOR('',#3920,0.395);
#1003=VECTOR('',#3921,1.645);
#1004=VECTOR('',#3922,0.395);
#1005=VECTOR('',#3925,0.395);
#1006=VECTOR('',#3926,0.395);
#1007=VECTOR('',#3927,1.645);
#1008=VECTOR('',#3930,0.395);
#1009=VECTOR('',#3931,1.645);
#1010=VECTOR('',#3932,0.395);
#1011=VECTOR('',#3935,0.395);
#1012=VECTOR('',#3936,0.395);
#1013=VECTOR('',#3937,2.36);
#1014=VECTOR('',#3940,1.645);
#1015=VECTOR('',#3941,0.395);
#1016=VECTOR('',#3942,1.645);
#1017=VECTOR('',#3943,0.395);
#1018=VECTOR('',#3946,2.36);
#1019=VECTOR('',#3947,0.395);
#1020=VECTOR('',#3948,2.36);
#1021=VECTOR('',#3949,0.395);
#1022=VECTOR('',#3952,1.75);
#1023=VECTOR('',#3953,0.67);
#1024=VECTOR('',#3954,1.2);
#1025=VECTOR('',#3955,1.85);
#1026=VECTOR('',#3956,1.04);
#1027=VECTOR('',#3957,6.65);
#1028=VECTOR('',#3958,0.68);
#1029=VECTOR('',#3959,2.);
#1030=VECTOR('',#3960,0.68);
#1031=VECTOR('',#3961,8.5);
#1032=VECTOR('',#3962,0.66);
#1033=VECTOR('',#3963,0.67);
#1034=VECTOR('',#3964,0.6);
#1035=VECTOR('',#3967,1.75);
#1036=VECTOR('',#3968,0.96);
#1037=VECTOR('',#3971,0.96);
#1038=VECTOR('',#3972,1.75);
#1039=VECTOR('',#3975,1.645);
#1040=VECTOR('',#3976,1.75);
#1041=VECTOR('',#3979,1.75);
#1042=VECTOR('',#3980,2.36);
#1043=VECTOR('',#3981,1.75);
#1044=VECTOR('',#3984,1.645);
#1045=VECTOR('',#3985,1.75);
#1046=VECTOR('',#3986,1.75);
#1047=VECTOR('',#3989,0.6);
#1048=VECTOR('',#3992,0.6);
#1049=VECTOR('',#3995,0.01);
#1050=VECTOR('',#3996,0.6);
#1051=VECTOR('',#3999,0.59);
#1052=VECTOR('',#4000,0.01);
#1053=VECTOR('',#4001,0.01);
#1054=VECTOR('',#4002,0.59);
#1055=VECTOR('',#4005,0.01);
#1056=VECTOR('',#4006,0.59);
#1057=VECTOR('',#4007,0.6);
#1058=VECTOR('',#4010,3.61);
#1059=VECTOR('',#4011,1.7);
#1060=VECTOR('',#4012,0.66);
#1061=VECTOR('',#4013,0.67);
#1062=VECTOR('',#4014,0.67);
#1063=VECTOR('',#4015,1.2);
#1064=VECTOR('',#4016,1.85);
#1065=VECTOR('',#4017,0.54);
#1066=VECTOR('',#4018,4.55);
#1067=VECTOR('',#4019,0.25);
#1068=VECTOR('',#4020,4.7);
#1069=VECTOR('',#4023,0.4);
#1070=VECTOR('',#4024,3.61);
#1071=VECTOR('',#4025,0.4);
#1072=VECTOR('',#4028,0.64);
#1073=VECTOR('',#4029,0.68);
#1074=VECTOR('',#4030,2.36);
#1075=VECTOR('',#4031,0.68);
#1076=VECTOR('',#4032,0.64);
#1077=VECTOR('',#4033,0.03);
#1078=VECTOR('',#4034,0.64);
#1079=VECTOR('',#4035,0.03);
#1080=VECTOR('',#4036,0.68);
#1081=VECTOR('',#4037,1.645);
#1082=VECTOR('',#4038,1.7);
#1083=VECTOR('',#4039,0.4);
#1084=VECTOR('',#4040,4.55);
#1085=VECTOR('',#4041,6.93);
#1086=VECTOR('',#4042,4.55);
#1087=VECTOR('',#4043,0.4);
#1088=VECTOR('',#4044,4.7);
#1089=VECTOR('',#4045,0.4);
#1090=VECTOR('',#4046,1.7);
#1091=VECTOR('',#4047,1.645);
#1092=VECTOR('',#4048,0.68);
#1093=VECTOR('',#4049,0.64);
#1094=VECTOR('',#4050,0.03);
#1095=VECTOR('',#4051,0.64);
#1096=VECTOR('',#4052,0.03);
#1097=VECTOR('',#4055,1.75);
#1098=VECTOR('',#4058,0.64);
#1099=VECTOR('',#4059,3.57);
#1100=VECTOR('',#4060,3.57);
#1101=VECTOR('',#4063,0.64);
#1102=VECTOR('',#4064,3.8);
#1103=VECTOR('',#4065,0.64);
#1104=VECTOR('',#4066,3.8);
#1105=VECTOR('',#4069,0.64);
#1106=VECTOR('',#4070,3.57);
#1107=VECTOR('',#4071,0.805);
#1108=VECTOR('',#4072,1.75);
#1109=VECTOR('',#4073,0.18);
#1110=VECTOR('',#4074,0.64);
#1111=VECTOR('',#4075,0.18);
#1112=VECTOR('',#4076,0.805);
#1113=VECTOR('',#4079,0.34);
#1114=VECTOR('',#4080,0.452769256906899);
#1115=VECTOR('',#4081,0.452769256906899);
#1116=VECTOR('',#4084,0.34);
#1117=VECTOR('',#4085,0.34);
#1118=VECTOR('',#4086,0.34);
#1119=VECTOR('',#4089,0.452769256906899);
#1120=VECTOR('',#4090,0.64);
#1121=VECTOR('',#4095,3.57);
#1122=VECTOR('',#4098,0.64);
#1123=VECTOR('',#4099,3.8);
#1124=VECTOR('',#4100,0.64);
#1125=VECTOR('',#4101,3.8);
#1126=VECTOR('',#4104,0.64);
#1127=VECTOR('',#4105,1.36);
#1128=VECTOR('',#4106,0.64);
#1129=VECTOR('',#4107,1.36);
#1130=VECTOR('',#4110,0.452769256906899);
#1131=VECTOR('',#4115,0.41);
#1132=VECTOR('',#4116,0.67);
#1133=VECTOR('',#4119,0.67);
#1134=VECTOR('',#4120,0.67);
#1135=VECTOR('',#4121,0.66);
#1136=VECTOR('',#4122,1.35);
#1137=VECTOR('',#4123,0.875);
#1138=VECTOR('',#4126,0.03);
#1139=VECTOR('',#4127,1.36);
#1140=VECTOR('',#4130,0.96);
#1141=VECTOR('',#4133,0.96);
#1142=VECTOR('',#4134,0.67);
#1143=VECTOR('',#4137,0.67);
#1144=VECTOR('',#4138,1.645);
#1145=VECTOR('',#4139,0.67);
#1146=VECTOR('',#4142,1.645);
#1147=VECTOR('',#4143,0.67);
#1148=VECTOR('',#4146,0.67);
#1149=VECTOR('',#4147,0.67);
#1150=VECTOR('',#4148,2.36);
#1151=VECTOR('',#4151,0.96);
#1152=VECTOR('',#4154,0.96);
#1153=VECTOR('',#4155,1.2);
#1154=VECTOR('',#4158,0.41);
#1155=VECTOR('',#4159,0.41);
#1156=VECTOR('',#4162,0.41);
#1157=VECTOR('',#4165,0.41);
#1158=VECTOR('',#4166,0.41);
#1159=VECTOR('',#4169,0.96);
#1160=VECTOR('',#4172,1.85);
#1161=VECTOR('',#4173,0.96);
#1162=VECTOR('',#4176,1.08240473021904);
#1163=VECTOR('',#4179,0.54);
#1164=VECTOR('',#4180,1.08240473021904);
#1165=VECTOR('',#4183,1.44678954931304);
#1166=VECTOR('',#4184,3.06);
#1167=VECTOR('',#4187,7.2);
#1168=VECTOR('',#4188,0.95);
#1169=VECTOR('',#4189,7.2);
#1170=VECTOR('',#4190,1.);
#1171=VECTOR('',#4191,7.2);
#1172=VECTOR('',#4192,1.99);
#1173=VECTOR('',#4193,4.55);
#1174=VECTOR('',#4194,0.4);
#1175=VECTOR('',#4195,0.622253967444158);
#1176=VECTOR('',#4196,6.85);
#1177=VECTOR('',#4197,0.622253967444158);
#1178=VECTOR('',#4198,3.06);
#1179=VECTOR('',#4199,0.4);
#1180=VECTOR('',#4200,4.55);
#1181=VECTOR('',#4201,1.99);
#1182=VECTOR('',#4202,7.2);
#1183=VECTOR('',#4203,1.);
#1184=VECTOR('',#4206,2.87611271012);
#1185=VECTOR('',#4207,2.87611271012);
#1186=VECTOR('',#4208,2.45);
#1187=VECTOR('',#4209,0.5);
#1188=VECTOR('',#4210,0.5);
#1189=VECTOR('',#4211,2.75);
#1190=VECTOR('',#4214,0.5797958971133);
#1191=VECTOR('',#4215,1.79);
#1192=VECTOR('',#4216,0.3949768113735);
#1193=VECTOR('',#4217,0.3);
#1194=VECTOR('',#4226,0.3);
#1195=VECTOR('',#4227,0.3949768113735);
#1196=VECTOR('',#4228,1.79);
#1197=VECTOR('',#4229,0.5797958971133);
#1198=VECTOR('',#4232,1.);
#1199=VECTOR('',#4233,3.75);
#1200=VECTOR('',#4240,3.45);
#1201=VECTOR('',#4241,1.);
#1202=VECTOR('',#4244,2.45);
#1203=VECTOR('',#4245,1.);
#1204=VECTOR('',#4246,3.45);
#1205=VECTOR('',#4249,0.5797958971133);
#1206=VECTOR('',#4254,3.75);
#1207=VECTOR('',#4255,1.);
#1208=VECTOR('',#4256,2.75);
#1209=VECTOR('',#4257,0.5797958971133);
#1210=VECTOR('',#4270,0.5);
#1211=VECTOR('',#4271,0.5);
#1212=VECTOR('',#4274,0.25);
#1213=VECTOR('',#4275,0.25);
#1214=VECTOR('',#4276,0.5);
#1215=VECTOR('',#4277,0.5);
#1216=VECTOR('',#4280,0.5);
#1217=VECTOR('',#4281,2.87611271012);
#1218=VECTOR('',#4282,2.87611271012);
#1219=VECTOR('',#4285,0.3);
#1220=VECTOR('',#4286,0.3949768113735);
#1221=VECTOR('',#4287,1.79);
#1222=VECTOR('',#4296,0.3);
#1223=VECTOR('',#4301,0.3949768113735);
#1224=VECTOR('',#4306,1.79);
#1225=VECTOR('',#4311,0.5);
#1226=VECTOR('',#4316,0.25);
#1227=VECTOR('',#4321,0.25);
#1228=VECTOR('',#4324,0.25);
#1229=VECTOR('',#4327,0.67);
#1230=VECTOR('',#4328,0.66);
#1231=VECTOR('',#4329,1.7);
#1232=VECTOR('',#4330,3.61);
#1233=VECTOR('',#4331,4.55);
#1234=VECTOR('',#4334,1.44678954931304);
#1235=VECTOR('',#4337,1.97989898732187);
#1236=VECTOR('',#4338,0.68);
#1237=VECTOR('',#4339,1.97989898732187);
#1238=VECTOR('',#4342,1.97989898732187);
#1239=VECTOR('',#4343,1.18);
#1240=VECTOR('',#4346,1.4);
#1241=VECTOR('',#4347,1.97989898732187);
#1242=VECTOR('',#4348,1.4);
#1243=VECTOR('',#4351,1.4);
#1244=VECTOR('',#4352,1.4);
#1245=VECTOR('',#4355,2.);
#1246=VECTOR('',#4356,1.4);
#1247=VECTOR('',#4359,1.4);
#1248=VECTOR('',#4360,1.97989898732187);
#1249=VECTOR('',#4363,1.4);
#1250=VECTOR('',#4364,1.4);
#1251=VECTOR('',#4367,1.97989898732187);
#1252=VECTOR('',#4368,0.68);
#1253=VECTOR('',#4371,1.18);
#1254=VECTOR('',#4374,2.);
#1255=VECTOR('',#4375,6.85);
#1256=VECTOR('',#4376,2.);
#1257=VECTOR('',#4377,2.5);
#1258=VECTOR('',#4378,2.54);
#1259=VECTOR('',#4379,2.5);
#1260=VECTOR('',#4380,2.54);
#1261=VECTOR('',#4381,1.84);
#1262=VECTOR('',#4382,0.989949493661133);
#1263=VECTOR('',#4383,1.8);
#1264=VECTOR('',#4384,2.54);
#1265=VECTOR('',#4385,2.5);
#1266=VECTOR('',#4390,2.);
#1267=VECTOR('',#4395,1.645);
#1268=VECTOR('',#4396,1.7);
#1269=VECTOR('',#4397,0.4);
#1270=VECTOR('',#4398,0.96);
#1271=VECTOR('',#4399,0.96);
#1272=VECTOR('',#4400,1.7);
#1273=VECTOR('',#4401,1.645);
#1274=VECTOR('',#4402,1.35);
#1275=VECTOR('',#4403,0.64);
#1276=VECTOR('',#4404,1.35);
#1277=VECTOR('',#4405,2.36);
#1278=VECTOR('',#4406,1.35);
#1279=VECTOR('',#4407,0.64);
#1280=VECTOR('',#4410,0.64);
#1281=VECTOR('',#4411,0.875);
#1282=VECTOR('',#4414,0.64);
#1283=VECTOR('',#4415,1.36);
#1284=VECTOR('',#4418,0.67);
#1285=VECTOR('',#4423,0.66);
#1286=VECTOR('',#4424,0.67);
#1287=VECTOR('',#4427,0.03);
#1288=VECTOR('',#4430,0.96);
#1289=VECTOR('',#4433,0.96);
#1290=VECTOR('',#4436,0.67);
#1291=VECTOR('',#4437,1.645);
#1292=VECTOR('',#4438,0.67);
#1293=VECTOR('',#4441,0.67);
#1294=VECTOR('',#4442,1.645);
#1295=VECTOR('',#4445,2.36);
#1296=VECTOR('',#4446,0.67);
#1297=VECTOR('',#4453,0.66);
#1298=VECTOR('',#4454,0.66);
#1299=VECTOR('',#4457,0.66);
#1300=VECTOR('',#4460,0.66);
#1301=VECTOR('',#4463,0.875);
#1302=VECTOR('',#4464,0.67);
#1303=VECTOR('',#4469,0.03);
#1304=VECTOR('',#4470,1.36);
#1305=VECTOR('',#4471,1.36);
#1306=VECTOR('',#4474,0.875);
#1307=VECTOR('',#4475,0.64);
#1308=VECTOR('',#4478,0.64);
#1309=VECTOR('',#4479,1.36);
#1310=VECTOR('',#4482,0.67);
#1311=VECTOR('',#4487,0.03);
#1312=VECTOR('',#4488,1.36);
#1313=VECTOR('',#4493,0.64);
#1314=VECTOR('',#4496,0.64);
#1315=VECTOR('',#4497,3.8);
#1316=VECTOR('',#4498,0.64);
#1317=VECTOR('',#4501,3.57);
#1318=VECTOR('',#4506,0.64);
#1319=VECTOR('',#4509,0.64);
#1320=VECTOR('',#4510,3.8);
#1321=VECTOR('',#4511,0.64);
#1322=VECTOR('',#4516,0.452769256906899);
#1323=VECTOR('',#4517,0.34);
#1324=VECTOR('',#4518,0.452769256906899);
#1325=VECTOR('',#4521,0.64);
#1326=VECTOR('',#4522,0.34);
#1327=VECTOR('',#4523,0.452769256906899);
#1328=VECTOR('',#4526,0.64);
#1329=VECTOR('',#4529,2.5);
#1330=VECTOR('',#4530,2.54);
#1331=VECTOR('',#4531,2.5);
#1332=VECTOR('',#4532,2.54);
#1333=VECTOR('',#4533,0.64);
#1334=VECTOR('',#4534,0.64);
#1335=VECTOR('',#4537,1.84);
#1336=VECTOR('',#4538,2.5);
#1337=VECTOR('',#4539,2.54);
#1338=VECTOR('',#4540,1.8);
#1339=VECTOR('',#4541,0.989949493661133);
#1340=VECTOR('',#4544,6.6);
#1341=VECTOR('',#4545,6.6);
#1342=VECTOR('',#4548,6.6);
#1343=VECTOR('',#4551,6.6);
#1344=VECTOR('',#4556,6.6);
#1345=VECTOR('',#4557,6.6);
#1346=VECTOR('',#4560,6.6);
#1347=VECTOR('',#4563,6.6);
#1348=VECTOR('',#4566,6.6);
#1349=VECTOR('',#4571,0.64);
#1350=VECTOR('',#4574,0.452769256906899);
#1351=VECTOR('',#4575,0.34);
#1352=VECTOR('',#4576,0.452769256906899);
#1353=VECTOR('',#4579,0.34);
#1354=VECTOR('',#4580,0.452769256906899);
#1355=VECTOR('',#4583,0.34);
#1356=VECTOR('',#4584,0.34);
#1357=VECTOR('',#4587,0.452769256906899);
#1358=VECTOR('',#4588,0.64);
#1359=VECTOR('',#4597,0.34);
#1360=VECTOR('',#4598,0.452769256906899);
#1361=VECTOR('',#4601,0.34);
#1362=VECTOR('',#4608,3.61);
#1363=VECTOR('',#4615,0.05);
#1364=VECTOR('',#4616,1.25);
#1365=VECTOR('',#4617,0.05);
#1366=VECTOR('',#4620,0.15625);
#1367=VECTOR('',#4621,0.05);
#1368=VECTOR('',#4624,1.037234067917);
#1369=VECTOR('',#4625,0.05);
#1370=VECTOR('',#4628,0.243050262496104);
#1371=VECTOR('',#4629,0.05);
#1372=VECTOR('',#4632,0.2127660065889);
#1373=VECTOR('',#4633,0.05);
#1374=VECTOR('',#4636,0.243050205426607);
#1375=VECTOR('',#4637,0.05);
#1376=VECTOR('',#4640,0.15625);
#1377=VECTOR('',#4645,2.45);
#1378=VECTOR('',#4646,1.69705627484789);
#1379=VECTOR('',#4647,0.75);
#1380=VECTOR('',#4648,0.7);
#1381=VECTOR('',#4653,2.6);
#1382=VECTOR('',#4654,2.45);
#1383=VECTOR('',#4655,2.6);
#1384=VECTOR('',#4658,1.69705627484789);
#1385=VECTOR('',#4659,2.6);
#1386=VECTOR('',#4662,0.75);
#1387=VECTOR('',#4663,2.6);
#1388=VECTOR('',#4666,0.7);
#1389=VECTOR('',#4667,2.6);
#1390=VERTEX_POINT('',#4676);
#1391=VERTEX_POINT('',#4677);
#1392=VERTEX_POINT('',#4679);
#1393=VERTEX_POINT('',#4681);
#1394=VERTEX_POINT('',#4685);
#1395=VERTEX_POINT('',#4687);
#1396=VERTEX_POINT('',#4691);
#1397=VERTEX_POINT('',#4695);
#1398=VERTEX_POINT('',#4699);
#1399=VERTEX_POINT('',#4701);
#1400=VERTEX_POINT('',#4703);
#1401=VERTEX_POINT('',#4705);
#1402=VERTEX_POINT('',#4707);
#1403=VERTEX_POINT('',#4709);
#1404=VERTEX_POINT('',#4711);
#1405=VERTEX_POINT('',#4713);
#1406=VERTEX_POINT('',#4717);
#1407=VERTEX_POINT('',#4719);
#1408=VERTEX_POINT('',#4723);
#1409=VERTEX_POINT('',#4727);
#1410=VERTEX_POINT('',#4728);
#1411=VERTEX_POINT('',#4730);
#1412=VERTEX_POINT('',#4732);
#1413=VERTEX_POINT('',#4736);
#1414=VERTEX_POINT('',#4737);
#1415=VERTEX_POINT('',#4739);
#1416=VERTEX_POINT('',#4741);
#1417=VERTEX_POINT('',#4745);
#1418=VERTEX_POINT('',#4746);
#1419=VERTEX_POINT('',#4748);
#1420=VERTEX_POINT('',#4750);
#1421=VERTEX_POINT('',#4754);
#1422=VERTEX_POINT('',#4756);
#1423=VERTEX_POINT('',#4758);
#1424=VERTEX_POINT('',#4762);
#1425=VERTEX_POINT('',#4763);
#1426=VERTEX_POINT('',#4765);
#1427=VERTEX_POINT('',#4767);
#1428=VERTEX_POINT('',#4770);
#1429=VERTEX_POINT('',#4774);
#1430=VERTEX_POINT('',#4775);
#1431=VERTEX_POINT('',#4777);
#1432=VERTEX_POINT('',#4779);
#1433=VERTEX_POINT('',#4781);
#1434=VERTEX_POINT('',#4785);
#1435=VERTEX_POINT('',#4787);
#1436=VERTEX_POINT('',#4789);
#1437=VERTEX_POINT('',#4791);
#1438=VERTEX_POINT('',#4793);
#1439=VERTEX_POINT('',#4795);
#1440=VERTEX_POINT('',#4797);
#1441=VERTEX_POINT('',#4799);
#1442=VERTEX_POINT('',#4801);
#1443=VERTEX_POINT('',#4803);
#1444=VERTEX_POINT('',#4805);
#1445=VERTEX_POINT('',#4807);
#1446=VERTEX_POINT('',#4809);
#1447=VERTEX_POINT('',#4811);
#1448=VERTEX_POINT('',#4814);
#1449=VERTEX_POINT('',#4815);
#1450=VERTEX_POINT('',#4817);
#1451=VERTEX_POINT('',#4819);
#1452=VERTEX_POINT('',#4821);
#1453=VERTEX_POINT('',#4823);
#1454=VERTEX_POINT('',#4825);
#1455=VERTEX_POINT('',#4829);
#1456=VERTEX_POINT('',#4831);
#1457=VERTEX_POINT('',#4835);
#1458=VERTEX_POINT('',#4836);
#1459=VERTEX_POINT('',#4838);
#1460=VERTEX_POINT('',#4840);
#1461=VERTEX_POINT('',#4844);
#1462=VERTEX_POINT('',#4848);
#1463=VERTEX_POINT('',#4850);
#1464=VERTEX_POINT('',#4854);
#1465=VERTEX_POINT('',#4855);
#1466=VERTEX_POINT('',#4857);
#1467=VERTEX_POINT('',#4859);
#1468=VERTEX_POINT('',#4863);
#1469=VERTEX_POINT('',#4865);
#1470=VERTEX_POINT('',#4869);
#1471=VERTEX_POINT('',#4871);
#1472=VERTEX_POINT('',#4875);
#1473=VERTEX_POINT('',#4877);
#1474=VERTEX_POINT('',#4881);
#1475=VERTEX_POINT('',#4882);
#1476=VERTEX_POINT('',#4884);
#1477=VERTEX_POINT('',#4886);
#1478=VERTEX_POINT('',#4890);
#1479=VERTEX_POINT('',#4891);
#1480=VERTEX_POINT('',#4893);
#1481=VERTEX_POINT('',#4895);
#1482=VERTEX_POINT('',#4899);
#1483=VERTEX_POINT('',#4901);
#1484=VERTEX_POINT('',#4903);
#1485=VERTEX_POINT('',#4905);
#1486=VERTEX_POINT('',#4907);
#1487=VERTEX_POINT('',#4909);
#1488=VERTEX_POINT('',#4911);
#1489=VERTEX_POINT('',#4913);
#1490=VERTEX_POINT('',#4915);
#1491=VERTEX_POINT('',#4917);
#1492=VERTEX_POINT('',#4919);
#1493=VERTEX_POINT('',#4924);
#1494=VERTEX_POINT('',#4928);
#1495=VERTEX_POINT('',#4932);
#1496=VERTEX_POINT('',#4936);
#1497=VERTEX_POINT('',#4938);
#1498=VERTEX_POINT('',#4942);
#1499=VERTEX_POINT('',#4943);
#1500=VERTEX_POINT('',#4955);
#1501=VERTEX_POINT('',#4961);
#1502=VERTEX_POINT('',#4966);
#1503=VERTEX_POINT('',#4967);
#1504=VERTEX_POINT('',#4969);
#1505=VERTEX_POINT('',#4971);
#1506=VERTEX_POINT('',#4974);
#1507=VERTEX_POINT('',#4976);
#1508=VERTEX_POINT('',#4978);
#1509=VERTEX_POINT('',#4980);
#1510=VERTEX_POINT('',#4982);
#1511=VERTEX_POINT('',#4984);
#1512=VERTEX_POINT('',#4988);
#1513=VERTEX_POINT('',#4990);
#1514=VERTEX_POINT('',#4994);
#1515=VERTEX_POINT('',#4995);
#1516=VERTEX_POINT('',#4997);
#1517=VERTEX_POINT('',#4999);
#1518=VERTEX_POINT('',#5002);
#1519=VERTEX_POINT('',#5004);
#1520=VERTEX_POINT('',#5006);
#1521=VERTEX_POINT('',#5009);
#1522=VERTEX_POINT('',#5011);
#1523=VERTEX_POINT('',#5014);
#1524=VERTEX_POINT('',#5016);
#1525=VERTEX_POINT('',#5018);
#1526=VERTEX_POINT('',#5020);
#1527=VERTEX_POINT('',#5022);
#1528=VERTEX_POINT('',#5024);
#1529=VERTEX_POINT('',#5026);
#1530=VERTEX_POINT('',#5028);
#1531=VERTEX_POINT('',#5030);
#1532=VERTEX_POINT('',#5032);
#1533=VERTEX_POINT('',#5034);
#1534=VERTEX_POINT('',#5036);
#1535=VERTEX_POINT('',#5038);
#1536=VERTEX_POINT('',#5044);
#1537=VERTEX_POINT('',#5045);
#1538=VERTEX_POINT('',#5050);
#1539=VERTEX_POINT('',#5051);
#1540=VERTEX_POINT('',#5053);
#1541=VERTEX_POINT('',#5055);
#1542=VERTEX_POINT('',#5059);
#1543=VERTEX_POINT('',#5064);
#1544=VERTEX_POINT('',#5066);
#1545=VERTEX_POINT('',#5071);
#1546=VERTEX_POINT('',#5072);
#1547=VERTEX_POINT('',#5077);
#1548=VERTEX_POINT('',#5079);
#1549=VERTEX_POINT('',#5083);
#1550=VERTEX_POINT('',#5090);
#1551=VERTEX_POINT('',#5091);
#1552=VERTEX_POINT('',#5093);
#1553=VERTEX_POINT('',#5095);
#1554=VERTEX_POINT('',#5100);
#1555=VERTEX_POINT('',#5102);
#1556=VERTEX_POINT('',#5109);
#1557=VERTEX_POINT('',#5113);
#1558=VERTEX_POINT('',#5115);
#1559=VERTEX_POINT('',#5117);
#1560=VERTEX_POINT('',#5119);
#1561=VERTEX_POINT('',#5123);
#1562=VERTEX_POINT('',#5129);
#1563=VERTEX_POINT('',#5133);
#1564=VERTEX_POINT('',#5135);
#1565=VERTEX_POINT('',#5139);
#1566=VERTEX_POINT('',#5143);
#1567=VERTEX_POINT('',#5145);
#1568=VERTEX_POINT('',#5151);
#1569=VERTEX_POINT('',#5165);
#1570=VERTEX_POINT('',#5171);
#1571=VERTEX_POINT('',#5175);
#1572=VERTEX_POINT('',#5179);
#1573=VERTEX_POINT('',#5180);
#1574=VERTEX_POINT('',#5182);
#1575=VERTEX_POINT('',#5184);
#1576=VERTEX_POINT('',#5186);
#1577=VERTEX_POINT('',#5188);
#1578=VERTEX_POINT('',#5190);
#1579=VERTEX_POINT('',#5192);
#1580=VERTEX_POINT('',#5195);
#1581=VERTEX_POINT('',#5197);
#1582=VERTEX_POINT('',#5199);
#1583=VERTEX_POINT('',#5201);
#1584=VERTEX_POINT('',#5203);
#1585=VERTEX_POINT('',#5205);
#1586=VERTEX_POINT('',#5207);
#1587=VERTEX_POINT('',#5209);
#1588=VERTEX_POINT('',#5213);
#1589=VERTEX_POINT('',#5214);
#1590=VERTEX_POINT('',#5216);
#1591=VERTEX_POINT('',#5222);
#1592=VERTEX_POINT('',#5237);
#1593=VERTEX_POINT('',#5243);
#1594=VERTEX_POINT('',#5245);
#1595=VERTEX_POINT('',#5248);
#1596=VERTEX_POINT('',#5252);
#1597=VERTEX_POINT('',#5256);
#1598=VERTEX_POINT('',#5258);
#1599=VERTEX_POINT('',#5260);
#1600=VERTEX_POINT('',#5265);
#1601=VERTEX_POINT('',#5271);
#1602=VERTEX_POINT('',#5273);
#1603=VERTEX_POINT('',#5275);
#1604=VERTEX_POINT('',#5279);
#1605=VERTEX_POINT('',#5281);
#1606=VERTEX_POINT('',#5286);
#1607=VERTEX_POINT('',#5290);
#1608=VERTEX_POINT('',#5291);
#1609=VERTEX_POINT('',#5293);
#1610=VERTEX_POINT('',#5295);
#1611=VERTEX_POINT('',#5297);
#1612=VERTEX_POINT('',#5301);
#1613=VERTEX_POINT('',#5303);
#1614=VERTEX_POINT('',#5305);
#1615=VERTEX_POINT('',#5307);
#1616=VERTEX_POINT('',#5325);
#1617=VERTEX_POINT('',#5327);
#1618=VERTEX_POINT('',#5333);
#1619=VERTEX_POINT('',#5349);
#1620=VERTEX_POINT('',#5357);
#1621=VERTEX_POINT('',#5361);
#1622=VERTEX_POINT('',#5363);
#1623=VERTEX_POINT('',#5368);
#1624=VERTEX_POINT('',#5374);
#1625=VERTEX_POINT('',#5378);
#1626=VERTEX_POINT('',#5410);
#1627=VERTEX_POINT('',#5412);
#1628=VERTEX_POINT('',#5414);
#1629=VERTEX_POINT('',#5421);
#1630=VERTEX_POINT('',#5423);
#1631=VERTEX_POINT('',#5427);
#1632=VERTEX_POINT('',#5431);
#1633=VERTEX_POINT('',#5433);
#1634=VERTEX_POINT('',#5437);
#1635=VERTEX_POINT('',#5441);
#1636=VERTEX_POINT('',#5445);
#1637=VERTEX_POINT('',#5449);
#1638=VERTEX_POINT('',#5453);
#1639=VERTEX_POINT('',#5462);
#1640=VERTEX_POINT('',#5463);
#1641=VERTEX_POINT('',#5465);
#1642=VERTEX_POINT('',#5467);
#1643=VERTEX_POINT('',#5470);
#1644=VERTEX_POINT('',#5471);
#1645=VERTEX_POINT('',#5473);
#1646=VERTEX_POINT('',#5475);
#1647=VERTEX_POINT('',#5477);
#1648=VERTEX_POINT('',#5485);
#1649=VERTEX_POINT('',#5487);
#1650=VERTEX_POINT('',#5492);
#1651=VERTEX_POINT('',#5494);
#1652=VERTEX_POINT('',#5496);
#1653=VERTEX_POINT('',#5498);
#1654=VERTEX_POINT('',#5500);
#1655=VERTEX_POINT('',#5502);
#1656=VERTEX_POINT('',#5504);
#1657=VERTEX_POINT('',#5508);
#1658=VERTEX_POINT('',#5512);
#1659=VERTEX_POINT('',#5519);
#1660=VERTEX_POINT('',#5529);
#1661=VERTEX_POINT('',#5531);
#1662=VERTEX_POINT('',#5535);
#1663=VERTEX_POINT('',#5539);
#1664=VERTEX_POINT('',#5552);
#1665=VERTEX_POINT('',#5557);
#1666=VERTEX_POINT('',#5558);
#1667=VERTEX_POINT('',#5563);
#1668=VERTEX_POINT('',#5567);
#1669=VERTEX_POINT('',#5574);
#1670=VERTEX_POINT('',#5581);
#1671=VERTEX_POINT('',#5583);
#1672=VERTEX_POINT('',#5592);
#1673=VERTEX_POINT('',#5594);
#1674=VERTEX_POINT('',#5599);
#1675=VERTEX_POINT('',#5601);
#1676=VERTEX_POINT('',#5606);
#1677=VERTEX_POINT('',#5612);
#1678=VERTEX_POINT('',#5613);
#1679=VERTEX_POINT('',#5615);
#1680=VERTEX_POINT('',#5617);
#1681=VERTEX_POINT('',#5623);
#1682=VERTEX_POINT('',#5624);
#1683=VERTEX_POINT('',#5626);
#1684=VERTEX_POINT('',#5628);
#1685=VERTEX_POINT('',#5630);
#1686=VERTEX_POINT('',#5654);
#1687=VERTEX_POINT('',#5656);
#1688=VERTEX_POINT('',#5660);
#1689=VERTEX_POINT('',#5664);
#1690=VERTEX_POINT('',#5674);
#1691=VERTEX_POINT('',#5701);
#1692=VERTEX_POINT('',#5703);
#1693=VERTEX_POINT('',#5707);
#1694=VERTEX_POINT('',#5711);
#1695=VERTEX_POINT('',#5715);
#1696=VERTEX_POINT('',#5719);
#1697=VERTEX_POINT('',#5723);
#1698=VERTEX_POINT('',#5730);
#1699=VERTEX_POINT('',#5731);
#1700=VERTEX_POINT('',#5733);
#1701=VERTEX_POINT('',#5735);
#1702=VERTEX_POINT('',#5737);
#1703=VERTEX_POINT('',#5741);
#1704=VERTEX_POINT('',#5743);
#1705=VERTEX_POINT('',#5747);
#1706=VERTEX_POINT('',#5751);
#1707=VERTEX_POINT('',#5755);
#1708=EDGE_CURVE('',#1390,#1391,#440,.T.);
#1709=EDGE_CURVE('',#1390,#1392,#441,.T.);
#1710=EDGE_CURVE('',#1393,#1392,#442,.T.);
#1711=EDGE_CURVE('',#1391,#1393,#443,.T.);
#1712=EDGE_CURVE('',#1391,#1394,#444,.T.);
#1713=EDGE_CURVE('',#1394,#1395,#445,.T.);
#1714=EDGE_CURVE('',#1390,#1395,#446,.T.);
#1715=EDGE_CURVE('',#1392,#1396,#447,.T.);
#1716=EDGE_CURVE('',#1396,#1395,#448,.T.);
#1717=EDGE_CURVE('',#1396,#1397,#449,.T.);
#1718=EDGE_CURVE('',#1393,#1397,#450,.T.);
#1719=EDGE_CURVE('',#1397,#1398,#451,.T.);
#1720=EDGE_CURVE('',#1398,#1399,#452,.T.);
#1721=EDGE_CURVE('',#1399,#1400,#453,.T.);
#1722=EDGE_CURVE('',#1400,#1401,#454,.T.);
#1723=EDGE_CURVE('',#1402,#1401,#455,.T.);
#1724=EDGE_CURVE('',#1403,#1402,#456,.T.);
#1725=EDGE_CURVE('',#1404,#1403,#457,.T.);
#1726=EDGE_CURVE('',#1405,#1404,#458,.T.);
#1727=EDGE_CURVE('',#1393,#1405,#459,.T.);
#1728=EDGE_CURVE('',#1406,#1403,#460,.T.);
#1729=EDGE_CURVE('',#1406,#1407,#461,.T.);
#1730=EDGE_CURVE('',#1407,#1404,#462,.T.);
#1731=EDGE_CURVE('',#1408,#1405,#463,.T.);
#1732=EDGE_CURVE('',#1408,#1391,#464,.T.);
#1733=EDGE_CURVE('',#1409,#1410,#465,.T.);
#1734=EDGE_CURVE('',#1410,#1411,#466,.T.);
#1735=EDGE_CURVE('',#1411,#1412,#467,.T.);
#1736=EDGE_CURVE('',#1412,#1409,#468,.T.);
#1737=EDGE_CURVE('',#1413,#1414,#469,.T.);
#1738=EDGE_CURVE('',#1415,#1414,#470,.T.);
#1739=EDGE_CURVE('',#1416,#1415,#471,.T.);
#1740=EDGE_CURVE('',#1413,#1416,#472,.T.);
#1741=EDGE_CURVE('',#1417,#1418,#473,.T.);
#1742=EDGE_CURVE('',#1419,#1417,#474,.T.);
#1743=EDGE_CURVE('',#1420,#1419,#475,.T.);
#1744=EDGE_CURVE('',#1420,#1418,#476,.T.);
#1745=EDGE_CURVE('',#1404,#1421,#477,.T.);
#1746=EDGE_CURVE('',#1422,#1407,#478,.T.);
#1747=EDGE_CURVE('',#1422,#1423,#479,.T.);
#1748=EDGE_CURVE('',#1421,#1423,#480,.T.);
#1749=EDGE_CURVE('',#1424,#1425,#481,.T.);
#1750=EDGE_CURVE('',#1426,#1424,#482,.T.);
#1751=EDGE_CURVE('',#1427,#1426,#483,.T.);
#1752=EDGE_CURVE('',#1427,#1399,#484,.T.);
#1753=EDGE_CURVE('',#1399,#1428,#485,.T.);
#1754=EDGE_CURVE('',#1425,#1428,#486,.T.);
#1755=EDGE_CURVE('',#1429,#1430,#487,.T.);
#1756=EDGE_CURVE('',#1429,#1431,#488,.T.);
#1757=EDGE_CURVE('',#1431,#1432,#489,.T.);
#1758=EDGE_CURVE('',#1433,#1432,#490,.T.);
#1759=EDGE_CURVE('',#1430,#1433,#491,.T.);
#1760=EDGE_CURVE('',#1434,#1413,#492,.T.);
#1761=EDGE_CURVE('',#1435,#1434,#493,.T.);
#1762=EDGE_CURVE('',#1435,#1436,#494,.T.);
#1763=EDGE_CURVE('',#1436,#1437,#495,.T.);
#1764=EDGE_CURVE('',#1437,#1438,#496,.T.);
#1765=EDGE_CURVE('',#1438,#1439,#497,.T.);
#1766=EDGE_CURVE('',#1439,#1440,#498,.T.);
#1767=EDGE_CURVE('',#1441,#1440,#499,.T.);
#1768=EDGE_CURVE('',#1441,#1442,#500,.T.);
#1769=EDGE_CURVE('',#1442,#1443,#501,.T.);
#1770=EDGE_CURVE('',#1443,#1444,#502,.T.);
#1771=EDGE_CURVE('',#1444,#1445,#503,.T.);
#1772=EDGE_CURVE('',#1445,#1446,#504,.T.);
#1773=EDGE_CURVE('',#1446,#1447,#505,.T.);
#1774=EDGE_CURVE('',#1447,#1414,#506,.T.);
#1775=EDGE_CURVE('',#1448,#1449,#507,.T.);
#1776=EDGE_CURVE('',#1450,#1448,#508,.T.);
#1777=EDGE_CURVE('',#1451,#1450,#509,.T.);
#1778=EDGE_CURVE('',#1452,#1451,#510,.T.);
#1779=EDGE_CURVE('',#1453,#1452,#511,.T.);
#1780=EDGE_CURVE('',#1454,#1453,#512,.T.);
#1781=EDGE_CURVE('',#1449,#1454,#513,.T.);
#1782=EDGE_CURVE('',#1455,#1418,#514,.T.);
#1783=EDGE_CURVE('',#1456,#1455,#515,.T.);
#1784=EDGE_CURVE('',#1456,#1417,#516,.T.);
#1785=EDGE_CURVE('',#1457,#1458,#517,.T.);
#1786=EDGE_CURVE('',#1457,#1459,#518,.T.);
#1787=EDGE_CURVE('',#1459,#1460,#519,.T.);
#1788=EDGE_CURVE('',#1458,#1460,#520,.T.);
#1789=EDGE_CURVE('',#1461,#1447,#521,.T.);
#1790=EDGE_CURVE('',#1461,#1415,#522,.T.);
#1791=EDGE_CURVE('',#1462,#1435,#523,.T.);
#1792=EDGE_CURVE('',#1462,#1463,#524,.T.);
#1793=EDGE_CURVE('',#1463,#1436,#525,.T.);
#1794=EDGE_CURVE('',#1464,#1465,#526,.T.);
#1795=EDGE_CURVE('',#1466,#1465,#527,.T.);
#1796=EDGE_CURVE('',#1467,#1466,#528,.T.);
#1797=EDGE_CURVE('',#1467,#1464,#529,.T.);
#1798=EDGE_CURVE('',#1468,#1421,#530,.T.);
#1799=EDGE_CURVE('',#1469,#1423,#531,.T.);
#1800=EDGE_CURVE('',#1468,#1469,#532,.T.);
#1801=EDGE_CURVE('',#1470,#1432,#533,.T.);
#1802=EDGE_CURVE('',#1471,#1470,#534,.T.);
#1803=EDGE_CURVE('',#1471,#1433,#535,.T.);
#1804=EDGE_CURVE('',#1472,#1425,#536,.T.);
#1805=EDGE_CURVE('',#1473,#1428,#537,.T.);
#1806=EDGE_CURVE('',#1472,#1473,#538,.T.);
#1807=EDGE_CURVE('',#1474,#1475,#539,.T.);
#1808=EDGE_CURVE('',#1476,#1475,#540,.T.);
#1809=EDGE_CURVE('',#1477,#1476,#541,.T.);
#1810=EDGE_CURVE('',#1477,#1474,#542,.T.);
#1811=EDGE_CURVE('',#1478,#1479,#543,.T.);
#1812=EDGE_CURVE('',#1480,#1479,#544,.T.);
#1813=EDGE_CURVE('',#1481,#1480,#545,.T.);
#1814=EDGE_CURVE('',#1481,#1478,#546,.T.);
#1815=EDGE_CURVE('',#1482,#1419,#547,.T.);
#1816=EDGE_CURVE('',#1483,#1456,#548,.T.);
#1817=EDGE_CURVE('',#1484,#1483,#549,.T.);
#1818=EDGE_CURVE('',#1485,#1484,#550,.T.);
#1819=EDGE_CURVE('',#1485,#1486,#551,.T.);
#1820=EDGE_CURVE('',#1486,#1487,#552,.T.);
#1821=EDGE_CURVE('',#1487,#1488,#553,.T.);
#1822=EDGE_CURVE('',#1488,#1489,#554,.T.);
#1823=EDGE_CURVE('',#1489,#1490,#555,.T.);
#1824=EDGE_CURVE('',#1491,#1490,#556,.T.);
#1825=EDGE_CURVE('',#1492,#1491,#557,.T.);
#1826=EDGE_CURVE('',#1459,#1492,#558,.T.);
#1827=EDGE_CURVE('',#1482,#1457,#559,.T.);
#1828=EDGE_CURVE('',#1493,#1416,#560,.T.);
#1829=EDGE_CURVE('',#1493,#1434,#561,.T.);
#1830=EDGE_CURVE('',#1482,#1494,#562,.T.);
#1831=EDGE_CURVE('',#1494,#1420,#563,.T.);
#1832=EDGE_CURVE('',#1406,#1495,#564,.T.);
#1833=EDGE_CURVE('',#1495,#1422,#565,.T.);
#1834=EDGE_CURVE('',#1496,#1426,#566,.T.);
#1835=EDGE_CURVE('',#1496,#1497,#567,.T.);
#1836=EDGE_CURVE('',#1497,#1427,#568,.T.);
#1837=EDGE_CURVE('',#1498,#1499,#569,.T.);
#1838=EDGE_CURVE('',#1499,#1429,#570,.T.);
#1839=EDGE_CURVE('',#1498,#1430,#571,.T.);
#1840=EDGE_CURVE('',#1462,#1493,#572,.T.);
#1841=EDGE_CURVE('',#1494,#1458,#573,.T.);
#1842=EDGE_CURVE('',#1403,#1467,#574,.T.);
#1843=EDGE_CURVE('',#1466,#1495,#575,.T.);
#1844=EDGE_CURVE('',#1496,#1500,#576,.T.);
#1845=EDGE_CURVE('',#1500,#1481,#577,.T.);
#1846=EDGE_CURVE('',#1400,#1480,#578,.T.);
#1847=EDGE_CURVE('',#1497,#1400,#579,.T.);
#1848=EDGE_CURVE('',#1501,#1476,#580,.T.);
#1849=EDGE_CURVE('',#1499,#1501,#581,.T.);
#1850=EDGE_CURVE('',#1498,#1477,#582,.T.);
#1851=EDGE_CURVE('',#1502,#1503,#583,.T.);
#1852=EDGE_CURVE('',#1504,#1502,#584,.T.);
#1853=EDGE_CURVE('',#1505,#1504,#585,.T.);
#1854=EDGE_CURVE('',#1463,#1505,#586,.T.);
#1855=EDGE_CURVE('',#1506,#1461,#587,.T.);
#1856=EDGE_CURVE('',#1507,#1506,#588,.T.);
#1857=EDGE_CURVE('',#1508,#1507,#589,.T.);
#1858=EDGE_CURVE('',#1508,#1509,#590,.T.);
#1859=EDGE_CURVE('',#1509,#1510,#591,.T.);
#1860=EDGE_CURVE('',#1510,#1511,#592,.T.);
#1861=EDGE_CURVE('',#1503,#1511,#593,.T.);
#1862=EDGE_CURVE('',#1512,#1503,#594,.T.);
#1863=EDGE_CURVE('',#1513,#1512,#595,.T.);
#1864=EDGE_CURVE('',#1513,#1502,#596,.T.);
#1865=EDGE_CURVE('',#1514,#1515,#597,.T.);
#1866=EDGE_CURVE('',#1516,#1515,#598,.T.);
#1867=EDGE_CURVE('',#1516,#1517,#599,.T.);
#1868=EDGE_CURVE('',#1517,#1398,#600,.T.);
#1869=EDGE_CURVE('',#1518,#1398,#601,.T.);
#1870=EDGE_CURVE('',#1518,#1519,#602,.T.);
#1871=EDGE_CURVE('',#1519,#1520,#603,.T.);
#1872=EDGE_CURVE('',#1408,#1520,#604,.T.);
#1873=EDGE_CURVE('',#1521,#1405,#605,.T.);
#1874=EDGE_CURVE('',#1521,#1522,#606,.T.);
#1875=EDGE_CURVE('',#1522,#1512,#607,.T.);
#1876=EDGE_CURVE('',#1511,#1523,#608,.T.);
#1877=EDGE_CURVE('',#1523,#1524,#609,.T.);
#1878=EDGE_CURVE('',#1524,#1525,#610,.T.);
#1879=EDGE_CURVE('',#1525,#1526,#611,.T.);
#1880=EDGE_CURVE('',#1526,#1527,#612,.T.);
#1881=EDGE_CURVE('',#1527,#1528,#613,.T.);
#1882=EDGE_CURVE('',#1528,#1529,#614,.T.);
#1883=EDGE_CURVE('',#1529,#1530,#615,.T.);
#1884=EDGE_CURVE('',#1530,#1531,#616,.T.);
#1885=EDGE_CURVE('',#1531,#1532,#617,.T.);
#1886=EDGE_CURVE('',#1533,#1532,#618,.T.);
#1887=EDGE_CURVE('',#1533,#1534,#619,.T.);
#1888=EDGE_CURVE('',#1534,#1535,#620,.T.);
#1889=EDGE_CURVE('',#1514,#1535,#621,.T.);
#1890=EDGE_CURVE('',#1424,#1500,#622,.T.);
#1891=EDGE_CURVE('',#1536,#1537,#623,.T.);
#1892=EDGE_CURVE('',#1537,#1515,#624,.T.);
#1893=EDGE_CURVE('',#1514,#1536,#625,.T.);
#1894=EDGE_CURVE('',#1538,#1539,#626,.T.);
#1895=EDGE_CURVE('',#1539,#1540,#627,.T.);
#1896=EDGE_CURVE('',#1540,#1541,#628,.T.);
#1897=EDGE_CURVE('',#1541,#1538,#629,.T.);
#1898=EDGE_CURVE('',#1537,#1542,#630,.T.);
#1899=EDGE_CURVE('',#1542,#1532,#631,.T.);
#1900=EDGE_CURVE('',#1532,#1431,#632,.T.);
#1901=EDGE_CURVE('',#1431,#1501,#633,.T.);
#1902=EDGE_CURVE('',#1501,#1543,#634,.T.);
#1903=EDGE_CURVE('',#1544,#1543,#635,.T.);
#1904=EDGE_CURVE('',#1500,#1544,#636,.T.);
#1905=EDGE_CURVE('',#1515,#1424,#637,.T.);
#1906=EDGE_CURVE('',#1545,#1546,#638,.T.);
#1907=EDGE_CURVE('',#1546,#1542,#639,.T.);
#1908=EDGE_CURVE('',#1537,#1545,#640,.T.);
#1909=EDGE_CURVE('',#1547,#1545,#641,.T.);
#1910=EDGE_CURVE('',#1547,#1548,#642,.T.);
#1911=EDGE_CURVE('',#1546,#1548,#643,.T.);
#1912=EDGE_CURVE('',#1549,#1548,#644,.T.);
#1913=EDGE_CURVE('',#1542,#1549,#645,.T.);
#1914=EDGE_CURVE('',#1533,#1549,#646,.T.);
#1915=EDGE_CURVE('',#1550,#1551,#647,.T.);
#1916=EDGE_CURVE('',#1552,#1551,#648,.T.);
#1917=EDGE_CURVE('',#1553,#1552,#649,.T.);
#1918=EDGE_CURVE('',#1550,#1553,#650,.T.);
#1919=EDGE_CURVE('',#1536,#1549,#651,.T.);
#1920=EDGE_CURVE('',#1514,#1554,#652,.T.);
#1921=EDGE_CURVE('',#1554,#1555,#653,.T.);
#1922=EDGE_CURVE('',#1533,#1555,#654,.T.);
#1923=EDGE_CURVE('',#1547,#1536,#655,.T.);
#1924=EDGE_CURVE('',#1531,#1556,#656,.T.);
#1925=EDGE_CURVE('',#1556,#1470,#657,.T.);
#1926=EDGE_CURVE('',#1557,#1543,#658,.T.);
#1927=EDGE_CURVE('',#1475,#1558,#659,.T.);
#1928=EDGE_CURVE('',#1558,#1559,#660,.T.);
#1929=EDGE_CURVE('',#1559,#1560,#661,.T.);
#1930=EDGE_CURVE('',#1560,#1557,#662,.T.);
#1931=EDGE_CURVE('',#1561,#1555,#663,.T.);
#1932=EDGE_CURVE('',#1561,#1534,#664,.T.);
#1933=EDGE_CURVE('',#1506,#1446,#665,.T.);
#1934=EDGE_CURVE('',#1483,#1562,#666,.T.);
#1935=EDGE_CURVE('',#1562,#1455,#667,.T.);
#1936=EDGE_CURVE('',#1563,#1469,#668,.T.);
#1937=EDGE_CURVE('',#1564,#1563,#669,.T.);
#1938=EDGE_CURVE('',#1564,#1468,#670,.T.);
#1939=EDGE_CURVE('',#1565,#1556,#671,.T.);
#1940=EDGE_CURVE('',#1565,#1471,#672,.T.);
#1941=EDGE_CURVE('',#1566,#1472,#673,.T.);
#1942=EDGE_CURVE('',#1567,#1473,#674,.T.);
#1943=EDGE_CURVE('',#1566,#1567,#675,.T.);
#1944=EDGE_CURVE('',#1507,#1445,#676,.T.);
#1945=EDGE_CURVE('',#1484,#1568,#677,.T.);
#1946=EDGE_CURVE('',#1568,#1562,#678,.T.);
#1947=EDGE_CURVE('',#1564,#1521,#679,.T.);
#1948=EDGE_CURVE('',#1522,#1563,#680,.T.);
#1949=EDGE_CURVE('',#1530,#1565,#681,.T.);
#1950=EDGE_CURVE('',#1516,#1566,#682,.T.);
#1951=EDGE_CURVE('',#1567,#1517,#683,.T.);
#1952=EDGE_CURVE('',#1508,#1444,#684,.T.);
#1953=EDGE_CURVE('',#1568,#1569,#685,.T.);
#1954=EDGE_CURVE('',#1485,#1569,#686,.T.);
#1955=EDGE_CURVE('',#1443,#1509,#687,.T.);
#1956=EDGE_CURVE('',#1569,#1570,#688,.T.);
#1957=EDGE_CURVE('',#1570,#1486,#689,.T.);
#1958=EDGE_CURVE('',#1571,#1442,#690,.T.);
#1959=EDGE_CURVE('',#1571,#1510,#691,.T.);
#1960=EDGE_CURVE('',#1572,#1573,#692,.T.);
#1961=EDGE_CURVE('',#1574,#1573,#693,.T.);
#1962=EDGE_CURVE('',#1574,#1575,#694,.T.);
#1963=EDGE_CURVE('',#1576,#1575,#695,.T.);
#1964=EDGE_CURVE('',#1577,#1576,#696,.T.);
#1965=EDGE_CURVE('',#1578,#1577,#697,.T.);
#1966=EDGE_CURVE('',#1579,#1578,#698,.T.);
#1967=EDGE_CURVE('',#1510,#1579,#699,.T.);
#1968=EDGE_CURVE('',#1571,#1580,#700,.T.);
#1969=EDGE_CURVE('',#1581,#1580,#701,.T.);
#1970=EDGE_CURVE('',#1581,#1582,#702,.T.);
#1971=EDGE_CURVE('',#1583,#1582,#703,.T.);
#1972=EDGE_CURVE('',#1584,#1583,#704,.T.);
#1973=EDGE_CURVE('',#1585,#1584,#705,.T.);
#1974=EDGE_CURVE('',#1586,#1585,#706,.T.);
#1975=EDGE_CURVE('',#1586,#1587,#707,.T.);
#1976=EDGE_CURVE('',#1587,#1572,#708,.T.);
#1977=EDGE_CURVE('',#1588,#1589,#709,.T.);
#1978=EDGE_CURVE('',#1590,#1589,#44,.T.);
#1979=EDGE_CURVE('',#1590,#1591,#45,.T.);
#1980=EDGE_CURVE('',#1592,#1591,#46,.T.);
#1981=EDGE_CURVE('',#1593,#1592,#710,.T.);
#1982=EDGE_CURVE('',#1593,#1594,#711,.T.);
#1983=EDGE_CURVE('',#1573,#1594,#712,.T.);
#1984=EDGE_CURVE('',#1572,#1595,#713,.T.);
#1985=EDGE_CURVE('',#1595,#1588,#714,.T.);
#1986=EDGE_CURVE('',#1596,#1589,#40,.T.);
#1987=EDGE_CURVE('',#1597,#1588,#715,.T.);
#1988=EDGE_CURVE('',#1598,#1597,#716,.T.);
#1989=EDGE_CURVE('',#1599,#1598,#717,.T.);
#1990=EDGE_CURVE('',#1596,#1599,#718,.T.);
#1991=EDGE_CURVE('',#1591,#1590,#24,.T.);
#1992=EDGE_CURVE('',#1600,#1596,#25,.T.);
#1993=EDGE_CURVE('',#1592,#1600,#41,.T.);
#1994=EDGE_CURVE('',#1600,#1601,#719,.T.);
#1995=EDGE_CURVE('',#1602,#1601,#720,.T.);
#1996=EDGE_CURVE('',#1602,#1603,#721,.T.);
#1997=EDGE_CURVE('',#1593,#1603,#722,.T.);
#1998=EDGE_CURVE('',#1604,#1595,#723,.T.);
#1999=EDGE_CURVE('',#1605,#1604,#724,.T.);
#2000=EDGE_CURVE('',#1605,#1597,#26,.T.);
#2001=EDGE_CURVE('',#1603,#1605,#27,.T.);
#2002=EDGE_CURVE('',#1606,#1605,#725,.T.);
#2003=EDGE_CURVE('',#1594,#1606,#726,.T.);
#2004=EDGE_CURVE('',#1607,#1608,#727,.T.);
#2005=EDGE_CURVE('',#1607,#1609,#728,.T.);
#2006=EDGE_CURVE('',#1609,#1610,#729,.T.);
#2007=EDGE_CURVE('',#1611,#1610,#28,.T.);
#2008=EDGE_CURVE('',#1611,#1608,#730,.T.);
#2009=EDGE_CURVE('',#1610,#1612,#29,.T.);
#2010=EDGE_CURVE('',#1610,#1613,#731,.T.);
#2011=EDGE_CURVE('',#1613,#1614,#732,.T.);
#2012=EDGE_CURVE('',#1615,#1614,#733,.T.);
#2013=EDGE_CURVE('',#1615,#1612,#734,.T.);
#2014=EDGE_CURVE('',#1602,#1598,#30,.T.);
#2015=EDGE_CURVE('',#1601,#1599,#31,.T.);
#2016=EDGE_CURVE('',#1587,#1604,#735,.T.);
#2017=EDGE_CURVE('',#1586,#1606,#736,.T.);
#2018=EDGE_CURVE('',#1585,#1525,#737,.T.);
#2019=EDGE_CURVE('',#1578,#1524,#738,.T.);
#2020=EDGE_CURVE('',#1577,#1609,#739,.T.);
#2021=EDGE_CURVE('',#1574,#1607,#740,.T.);
#2022=EDGE_CURVE('',#1575,#1614,#741,.T.);
#2023=EDGE_CURVE('',#1608,#1616,#742,.T.);
#2024=EDGE_CURVE('',#1616,#1617,#47,.T.);
#2025=EDGE_CURVE('',#1617,#1618,#48,.T.);
#2026=EDGE_CURVE('',#1618,#1619,#49,.T.);
#2027=EDGE_CURVE('',#1615,#1619,#743,.T.);
#2028=EDGE_CURVE('',#1620,#1619,#42,.T.);
#2029=EDGE_CURVE('',#1621,#1620,#744,.T.);
#2030=EDGE_CURVE('',#1622,#1621,#745,.T.);
#2031=EDGE_CURVE('',#1612,#1622,#746,.T.);
#2032=EDGE_CURVE('',#1617,#1618,#32,.T.);
#2033=EDGE_CURVE('',#1616,#1623,#43,.T.);
#2034=EDGE_CURVE('',#1623,#1620,#33,.T.);
#2035=EDGE_CURVE('',#1624,#1623,#747,.T.);
#2036=EDGE_CURVE('',#1624,#1621,#34,.T.);
#2037=EDGE_CURVE('',#1625,#1624,#748,.T.);
#2038=EDGE_CURVE('',#1625,#1622,#35,.T.);
#2039=EDGE_CURVE('',#1611,#1625,#749,.T.);
#2040=EDGE_CURVE('',#1576,#1613,#750,.T.);
#2041=EDGE_CURVE('',#1579,#1523,#751,.T.);
#2042=EDGE_CURVE('',#1584,#1526,#752,.T.);
#2043=EDGE_CURVE('',#1583,#1527,#753,.T.);
#2044=EDGE_CURVE('',#1460,#1626,#754,.T.);
#2045=EDGE_CURVE('',#1626,#1627,#755,.T.);
#2046=EDGE_CURVE('',#1627,#1628,#756,.T.);
#2047=EDGE_CURVE('',#1628,#1528,#757,.T.);
#2048=EDGE_CURVE('',#1570,#1583,#758,.T.);
#2049=EDGE_CURVE('',#1582,#1487,#759,.T.);
#2050=EDGE_CURVE('',#1489,#1629,#760,.T.);
#2051=EDGE_CURVE('',#1629,#1630,#761,.T.);
#2052=EDGE_CURVE('',#1490,#1630,#762,.T.);
#2053=EDGE_CURVE('',#1488,#1631,#763,.T.);
#2054=EDGE_CURVE('',#1581,#1631,#764,.T.);
#2055=EDGE_CURVE('',#1440,#1632,#765,.T.);
#2056=EDGE_CURVE('',#1440,#1633,#766,.T.);
#2057=EDGE_CURVE('',#1632,#1633,#767,.T.);
#2058=EDGE_CURVE('',#1629,#1634,#768,.T.);
#2059=EDGE_CURVE('',#1634,#1489,#769,.T.);
#2060=EDGE_CURVE('',#1632,#1635,#770,.T.);
#2061=EDGE_CURVE('',#1441,#1635,#771,.T.);
#2062=EDGE_CURVE('',#1635,#1636,#772,.T.);
#2063=EDGE_CURVE('',#1441,#1636,#773,.T.);
#2064=EDGE_CURVE('',#1631,#1637,#774,.T.);
#2065=EDGE_CURVE('',#1637,#1488,#775,.T.);
#2066=EDGE_CURVE('',#1638,#1439,#776,.T.);
#2067=EDGE_CURVE('',#1638,#1633,#777,.T.);
#2068=EDGE_CURVE('',#1636,#1580,#778,.T.);
#2069=EDGE_CURVE('',#1636,#1633,#779,.T.);
#2070=EDGE_CURVE('',#1630,#1638,#780,.T.);
#2071=EDGE_CURVE('',#1631,#1629,#781,.T.);
#2072=EDGE_CURVE('',#1639,#1640,#782,.T.);
#2073=EDGE_CURVE('',#1640,#1641,#783,.T.);
#2074=EDGE_CURVE('',#1641,#1642,#784,.T.);
#2075=EDGE_CURVE('',#1642,#1639,#785,.T.);
#2076=EDGE_CURVE('',#1643,#1644,#786,.T.);
#2077=EDGE_CURVE('',#1644,#1645,#787,.T.);
#2078=EDGE_CURVE('',#1645,#1646,#788,.T.);
#2079=EDGE_CURVE('',#1646,#1647,#789,.T.);
#2080=EDGE_CURVE('',#1647,#1643,#790,.T.);
#2081=EDGE_CURVE('',#1634,#1637,#791,.T.);
#2082=EDGE_CURVE('',#1648,#1559,#792,.T.);
#2083=EDGE_CURVE('',#1648,#1649,#793,.T.);
#2084=EDGE_CURVE('',#1628,#1649,#794,.T.);
#2085=EDGE_CURVE('',#1491,#1627,#795,.T.);
#2086=EDGE_CURVE('',#1504,#1438,#796,.T.);
#2087=EDGE_CURVE('',#1650,#1513,#797,.T.);
#2088=EDGE_CURVE('',#1651,#1650,#798,.T.);
#2089=EDGE_CURVE('',#1651,#1652,#799,.T.);
#2090=EDGE_CURVE('',#1653,#1652,#800,.T.);
#2091=EDGE_CURVE('',#1654,#1653,#801,.T.);
#2092=EDGE_CURVE('',#1655,#1654,#802,.T.);
#2093=EDGE_CURVE('',#1655,#1656,#803,.T.);
#2094=EDGE_CURVE('',#1560,#1656,#804,.T.);
#2095=EDGE_CURVE('',#1557,#1657,#805,.T.);
#2096=EDGE_CURVE('',#1656,#1657,#806,.T.);
#2097=EDGE_CURVE('',#1561,#1658,#807,.T.);
#2098=EDGE_CURVE('',#1658,#1535,#808,.T.);
#2099=EDGE_CURVE('',#1657,#1544,#809,.T.);
#2100=EDGE_CURVE('',#1659,#1655,#810,.T.);
#2101=EDGE_CURVE('',#1478,#1659,#811,.T.);
#2102=EDGE_CURVE('',#1658,#1554,#812,.T.);
#2103=EDGE_CURVE('',#1505,#1437,#813,.T.);
#2104=EDGE_CURVE('',#1492,#1626,#814,.T.);
#2105=EDGE_CURVE('',#1464,#1660,#815,.T.);
#2106=EDGE_CURVE('',#1660,#1661,#816,.T.);
#2107=EDGE_CURVE('',#1465,#1661,#817,.T.);
#2108=EDGE_CURVE('',#1474,#1662,#818,.T.);
#2109=EDGE_CURVE('',#1662,#1558,#819,.T.);
#2110=EDGE_CURVE('',#1659,#1663,#820,.T.);
#2111=EDGE_CURVE('',#1479,#1663,#821,.T.);
#2112=EDGE_CURVE('',#1660,#1651,#822,.T.);
#2113=EDGE_CURVE('',#1661,#1650,#823,.T.);
#2114=EDGE_CURVE('',#1662,#1648,#824,.T.);
#2115=EDGE_CURVE('',#1663,#1654,#825,.T.);
#2116=EDGE_CURVE('',#1652,#1664,#826,.T.);
#2117=EDGE_CURVE('',#1664,#1402,#827,.T.);
#2118=EDGE_CURVE('',#1665,#1666,#828,.T.);
#2119=EDGE_CURVE('',#1408,#1666,#829,.T.);
#2120=EDGE_CURVE('',#1665,#1520,#830,.T.);
#2121=EDGE_CURVE('',#1653,#1667,#831,.T.);
#2122=EDGE_CURVE('',#1667,#1664,#832,.T.);
#2123=EDGE_CURVE('',#1668,#1665,#833,.T.);
#2124=EDGE_CURVE('',#1668,#1519,#834,.T.);
#2125=EDGE_CURVE('',#1667,#1401,#835,.T.);
#2126=EDGE_CURVE('',#1668,#1669,#836,.T.);
#2127=EDGE_CURVE('',#1518,#1669,#837,.T.);
#2128=EDGE_CURVE('',#1666,#1669,#838,.T.);
#2129=EDGE_CURVE('',#1410,#1670,#839,.T.);
#2130=EDGE_CURVE('',#1670,#1671,#840,.T.);
#2131=EDGE_CURVE('',#1671,#1411,#841,.T.);
#2132=EDGE_CURVE('',#1518,#1394,#842,.T.);
#2133=EDGE_CURVE('',#1397,#1394,#843,.T.);
#2134=EDGE_CURVE('',#1670,#1672,#844,.T.);
#2135=EDGE_CURVE('',#1673,#1672,#845,.T.);
#2136=EDGE_CURVE('',#1671,#1673,#846,.T.);
#2137=EDGE_CURVE('',#1674,#1670,#847,.T.);
#2138=EDGE_CURVE('',#1674,#1675,#848,.T.);
#2139=EDGE_CURVE('',#1675,#1672,#849,.T.);
#2140=EDGE_CURVE('',#1409,#1672,#850,.T.);
#2141=EDGE_CURVE('',#1676,#1675,#851,.T.);
#2142=EDGE_CURVE('',#1676,#1409,#852,.T.);
#2143=EDGE_CURVE('',#1673,#1412,#853,.T.);
#2144=EDGE_CURVE('',#1677,#1678,#854,.T.);
#2145=EDGE_CURVE('',#1679,#1677,#855,.T.);
#2146=EDGE_CURVE('',#1680,#1679,#856,.T.);
#2147=EDGE_CURVE('',#1678,#1680,#857,.T.);
#2148=EDGE_CURVE('',#1553,#1540,#858,.T.);
#2149=EDGE_CURVE('',#1552,#1541,#859,.T.);
#2150=EDGE_CURVE('',#1681,#1682,#860,.T.);
#2151=EDGE_CURVE('',#1683,#1681,#861,.T.);
#2152=EDGE_CURVE('',#1684,#1683,#862,.T.);
#2153=EDGE_CURVE('',#1685,#1684,#863,.T.);
#2154=EDGE_CURVE('',#1682,#1685,#864,.T.);
#2155=EDGE_CURVE('',#1639,#1677,#865,.T.);
#2156=EDGE_CURVE('',#1640,#1678,#866,.T.);
#2157=EDGE_CURVE('',#1641,#1680,#867,.T.);
#2158=EDGE_CURVE('',#1642,#1679,#868,.T.);
#2159=EDGE_CURVE('',#1643,#1681,#869,.T.);
#2160=EDGE_CURVE('',#1644,#1682,#870,.T.);
#2161=EDGE_CURVE('',#1645,#1685,#871,.T.);
#2162=EDGE_CURVE('',#1646,#1684,#872,.T.);
#2163=EDGE_CURVE('',#1647,#1683,#873,.T.);
#2164=EDGE_CURVE('',#1538,#1551,#874,.T.);
#2165=EDGE_CURVE('',#1686,#1551,#875,.T.);
#2166=EDGE_CURVE('',#1687,#1686,#876,.T.);
#2167=EDGE_CURVE('',#1687,#1538,#877,.T.);
#2168=EDGE_CURVE('',#1687,#1688,#878,.T.);
#2169=EDGE_CURVE('',#1539,#1688,#879,.T.);
#2170=EDGE_CURVE('',#1688,#1689,#880,.T.);
#2171=EDGE_CURVE('',#1689,#1686,#881,.T.);
#2172=EDGE_CURVE('',#1689,#1550,#882,.T.);
#2173=EDGE_CURVE('',#1539,#1550,#883,.T.);
#2174=EDGE_CURVE('',#1676,#1690,#884,.T.);
#2175=EDGE_CURVE('',#1410,#1690,#885,.T.);
#2176=EDGE_CURVE('',#1690,#1674,#886,.T.);
#2177=EDGE_CURVE('',#1649,#1529,#887,.T.);
#2178=EDGE_CURVE('',#1449,#1691,#888,.T.);
#2179=EDGE_CURVE('',#1692,#1691,#889,.T.);
#2180=EDGE_CURVE('',#1448,#1692,#890,.T.);
#2181=EDGE_CURVE('',#1693,#1692,#891,.T.);
#2182=EDGE_CURVE('',#1450,#1693,#892,.T.);
#2183=EDGE_CURVE('',#1694,#1693,#893,.T.);
#2184=EDGE_CURVE('',#1451,#1694,#894,.T.);
#2185=EDGE_CURVE('',#1695,#1694,#895,.T.);
#2186=EDGE_CURVE('',#1452,#1695,#896,.T.);
#2187=EDGE_CURVE('',#1696,#1695,#897,.T.);
#2188=EDGE_CURVE('',#1453,#1696,#898,.T.);
#2189=EDGE_CURVE('',#1697,#1696,#899,.T.);
#2190=EDGE_CURVE('',#1454,#1697,#900,.T.);
#2191=EDGE_CURVE('',#1691,#1697,#901,.T.);
#2192=EDGE_CURVE('',#1698,#1699,#902,.T.);
#2193=EDGE_CURVE('',#1700,#1698,#903,.T.);
#2194=EDGE_CURVE('',#1701,#1700,#904,.T.);
#2195=EDGE_CURVE('',#1702,#1701,#905,.T.);
#2196=EDGE_CURVE('',#1699,#1702,#36,.T.);
#2197=EDGE_CURVE('',#1699,#1703,#906,.T.);
#2198=EDGE_CURVE('',#1704,#1703,#907,.T.);
#2199=EDGE_CURVE('',#1698,#1704,#908,.T.);
#2200=EDGE_CURVE('',#1705,#1704,#909,.T.);
#2201=EDGE_CURVE('',#1700,#1705,#910,.T.);
#2202=EDGE_CURVE('',#1706,#1705,#911,.T.);
#2203=EDGE_CURVE('',#1701,#1706,#912,.T.);
#2204=EDGE_CURVE('',#1707,#1706,#913,.T.);
#2205=EDGE_CURVE('',#1702,#1707,#914,.T.);
#2206=EDGE_CURVE('',#1703,#1707,#37,.T.);
#2207=ORIENTED_EDGE('',*,*,#1708,.F.);
#2208=ORIENTED_EDGE('',*,*,#1709,.T.);
#2209=ORIENTED_EDGE('',*,*,#1710,.F.);
#2210=ORIENTED_EDGE('',*,*,#1711,.F.);
#2211=ORIENTED_EDGE('',*,*,#1708,.T.);
#2212=ORIENTED_EDGE('',*,*,#1712,.T.);
#2213=ORIENTED_EDGE('',*,*,#1713,.T.);
#2214=ORIENTED_EDGE('',*,*,#1714,.F.);
#2215=ORIENTED_EDGE('',*,*,#1715,.F.);
#2216=ORIENTED_EDGE('',*,*,#1709,.F.);
#2217=ORIENTED_EDGE('',*,*,#1714,.T.);
#2218=ORIENTED_EDGE('',*,*,#1716,.F.);
#2219=ORIENTED_EDGE('',*,*,#1710,.T.);
#2220=ORIENTED_EDGE('',*,*,#1715,.T.);
#2221=ORIENTED_EDGE('',*,*,#1717,.T.);
#2222=ORIENTED_EDGE('',*,*,#1718,.F.);
#2223=ORIENTED_EDGE('',*,*,#1718,.T.);
#2224=ORIENTED_EDGE('',*,*,#1719,.T.);
#2225=ORIENTED_EDGE('',*,*,#1720,.T.);
#2226=ORIENTED_EDGE('',*,*,#1721,.T.);
#2227=ORIENTED_EDGE('',*,*,#1722,.T.);
#2228=ORIENTED_EDGE('',*,*,#1723,.F.);
#2229=ORIENTED_EDGE('',*,*,#1724,.F.);
#2230=ORIENTED_EDGE('',*,*,#1725,.F.);
#2231=ORIENTED_EDGE('',*,*,#1726,.F.);
#2232=ORIENTED_EDGE('',*,*,#1727,.F.);
#2233=ORIENTED_EDGE('',*,*,#1725,.T.);
#2234=ORIENTED_EDGE('',*,*,#1728,.F.);
#2235=ORIENTED_EDGE('',*,*,#1729,.T.);
#2236=ORIENTED_EDGE('',*,*,#1730,.T.);
#2237=ORIENTED_EDGE('',*,*,#1711,.T.);
#2238=ORIENTED_EDGE('',*,*,#1727,.T.);
#2239=ORIENTED_EDGE('',*,*,#1731,.F.);
#2240=ORIENTED_EDGE('',*,*,#1732,.T.);
#2241=ORIENTED_EDGE('',*,*,#1733,.T.);
#2242=ORIENTED_EDGE('',*,*,#1734,.T.);
#2243=ORIENTED_EDGE('',*,*,#1735,.T.);
#2244=ORIENTED_EDGE('',*,*,#1736,.T.);
#2245=ORIENTED_EDGE('',*,*,#1737,.T.);
#2246=ORIENTED_EDGE('',*,*,#1738,.F.);
#2247=ORIENTED_EDGE('',*,*,#1739,.F.);
#2248=ORIENTED_EDGE('',*,*,#1740,.F.);
#2249=ORIENTED_EDGE('',*,*,#1741,.F.);
#2250=ORIENTED_EDGE('',*,*,#1742,.F.);
#2251=ORIENTED_EDGE('',*,*,#1743,.F.);
#2252=ORIENTED_EDGE('',*,*,#1744,.T.);
#2253=ORIENTED_EDGE('',*,*,#1745,.F.);
#2254=ORIENTED_EDGE('',*,*,#1730,.F.);
#2255=ORIENTED_EDGE('',*,*,#1746,.F.);
#2256=ORIENTED_EDGE('',*,*,#1747,.T.);
#2257=ORIENTED_EDGE('',*,*,#1748,.F.);
#2258=ORIENTED_EDGE('',*,*,#1749,.F.);
#2259=ORIENTED_EDGE('',*,*,#1750,.F.);
#2260=ORIENTED_EDGE('',*,*,#1751,.F.);
#2261=ORIENTED_EDGE('',*,*,#1752,.T.);
#2262=ORIENTED_EDGE('',*,*,#1753,.T.);
#2263=ORIENTED_EDGE('',*,*,#1754,.F.);
#2264=ORIENTED_EDGE('',*,*,#1755,.F.);
#2265=ORIENTED_EDGE('',*,*,#1756,.T.);
#2266=ORIENTED_EDGE('',*,*,#1757,.T.);
#2267=ORIENTED_EDGE('',*,*,#1758,.F.);
#2268=ORIENTED_EDGE('',*,*,#1759,.F.);
#2269=ORIENTED_EDGE('',*,*,#1737,.F.);
#2270=ORIENTED_EDGE('',*,*,#1760,.F.);
#2271=ORIENTED_EDGE('',*,*,#1761,.F.);
#2272=ORIENTED_EDGE('',*,*,#1762,.T.);
#2273=ORIENTED_EDGE('',*,*,#1763,.T.);
#2274=ORIENTED_EDGE('',*,*,#1764,.T.);
#2275=ORIENTED_EDGE('',*,*,#1765,.T.);
#2276=ORIENTED_EDGE('',*,*,#1766,.T.);
#2277=ORIENTED_EDGE('',*,*,#1767,.F.);
#2278=ORIENTED_EDGE('',*,*,#1768,.T.);
#2279=ORIENTED_EDGE('',*,*,#1769,.T.);
#2280=ORIENTED_EDGE('',*,*,#1770,.T.);
#2281=ORIENTED_EDGE('',*,*,#1771,.T.);
#2282=ORIENTED_EDGE('',*,*,#1772,.T.);
#2283=ORIENTED_EDGE('',*,*,#1773,.T.);
#2284=ORIENTED_EDGE('',*,*,#1774,.T.);
#2285=ORIENTED_EDGE('',*,*,#1775,.F.);
#2286=ORIENTED_EDGE('',*,*,#1776,.F.);
#2287=ORIENTED_EDGE('',*,*,#1777,.F.);
#2288=ORIENTED_EDGE('',*,*,#1778,.F.);
#2289=ORIENTED_EDGE('',*,*,#1779,.F.);
#2290=ORIENTED_EDGE('',*,*,#1780,.F.);
#2291=ORIENTED_EDGE('',*,*,#1781,.F.);
#2292=ORIENTED_EDGE('',*,*,#1741,.T.);
#2293=ORIENTED_EDGE('',*,*,#1782,.F.);
#2294=ORIENTED_EDGE('',*,*,#1783,.F.);
#2295=ORIENTED_EDGE('',*,*,#1784,.T.);
#2296=ORIENTED_EDGE('',*,*,#1785,.F.);
#2297=ORIENTED_EDGE('',*,*,#1786,.T.);
#2298=ORIENTED_EDGE('',*,*,#1787,.T.);
#2299=ORIENTED_EDGE('',*,*,#1788,.F.);
#2300=ORIENTED_EDGE('',*,*,#1774,.F.);
#2301=ORIENTED_EDGE('',*,*,#1789,.F.);
#2302=ORIENTED_EDGE('',*,*,#1790,.T.);
#2303=ORIENTED_EDGE('',*,*,#1738,.T.);
#2304=ORIENTED_EDGE('',*,*,#1762,.F.);
#2305=ORIENTED_EDGE('',*,*,#1791,.F.);
#2306=ORIENTED_EDGE('',*,*,#1792,.T.);
#2307=ORIENTED_EDGE('',*,*,#1793,.T.);
#2308=ORIENTED_EDGE('',*,*,#1794,.T.);
#2309=ORIENTED_EDGE('',*,*,#1795,.F.);
#2310=ORIENTED_EDGE('',*,*,#1796,.F.);
#2311=ORIENTED_EDGE('',*,*,#1797,.T.);
#2312=ORIENTED_EDGE('',*,*,#1798,.T.);
#2313=ORIENTED_EDGE('',*,*,#1748,.T.);
#2314=ORIENTED_EDGE('',*,*,#1799,.F.);
#2315=ORIENTED_EDGE('',*,*,#1800,.F.);
#2316=ORIENTED_EDGE('',*,*,#1801,.F.);
#2317=ORIENTED_EDGE('',*,*,#1802,.F.);
#2318=ORIENTED_EDGE('',*,*,#1803,.T.);
#2319=ORIENTED_EDGE('',*,*,#1758,.T.);
#2320=ORIENTED_EDGE('',*,*,#1804,.T.);
#2321=ORIENTED_EDGE('',*,*,#1754,.T.);
#2322=ORIENTED_EDGE('',*,*,#1805,.F.);
#2323=ORIENTED_EDGE('',*,*,#1806,.F.);
#2324=ORIENTED_EDGE('',*,*,#1807,.T.);
#2325=ORIENTED_EDGE('',*,*,#1808,.F.);
#2326=ORIENTED_EDGE('',*,*,#1809,.F.);
#2327=ORIENTED_EDGE('',*,*,#1810,.T.);
#2328=ORIENTED_EDGE('',*,*,#1811,.T.);
#2329=ORIENTED_EDGE('',*,*,#1812,.F.);
#2330=ORIENTED_EDGE('',*,*,#1813,.F.);
#2331=ORIENTED_EDGE('',*,*,#1814,.T.);
#2332=ORIENTED_EDGE('',*,*,#1815,.T.);
#2333=ORIENTED_EDGE('',*,*,#1742,.T.);
#2334=ORIENTED_EDGE('',*,*,#1784,.F.);
#2335=ORIENTED_EDGE('',*,*,#1816,.F.);
#2336=ORIENTED_EDGE('',*,*,#1817,.F.);
#2337=ORIENTED_EDGE('',*,*,#1818,.F.);
#2338=ORIENTED_EDGE('',*,*,#1819,.T.);
#2339=ORIENTED_EDGE('',*,*,#1820,.T.);
#2340=ORIENTED_EDGE('',*,*,#1821,.T.);
#2341=ORIENTED_EDGE('',*,*,#1822,.T.);
#2342=ORIENTED_EDGE('',*,*,#1823,.T.);
#2343=ORIENTED_EDGE('',*,*,#1824,.F.);
#2344=ORIENTED_EDGE('',*,*,#1825,.F.);
#2345=ORIENTED_EDGE('',*,*,#1826,.F.);
#2346=ORIENTED_EDGE('',*,*,#1786,.F.);
#2347=ORIENTED_EDGE('',*,*,#1827,.F.);
#2348=ORIENTED_EDGE('',*,*,#1740,.T.);
#2349=ORIENTED_EDGE('',*,*,#1828,.F.);
#2350=ORIENTED_EDGE('',*,*,#1829,.T.);
#2351=ORIENTED_EDGE('',*,*,#1760,.T.);
#2352=ORIENTED_EDGE('',*,*,#1830,.T.);
#2353=ORIENTED_EDGE('',*,*,#1831,.T.);
#2354=ORIENTED_EDGE('',*,*,#1743,.T.);
#2355=ORIENTED_EDGE('',*,*,#1815,.F.);
#2356=ORIENTED_EDGE('',*,*,#1746,.T.);
#2357=ORIENTED_EDGE('',*,*,#1729,.F.);
#2358=ORIENTED_EDGE('',*,*,#1832,.T.);
#2359=ORIENTED_EDGE('',*,*,#1833,.T.);
#2360=ORIENTED_EDGE('',*,*,#1751,.T.);
#2361=ORIENTED_EDGE('',*,*,#1834,.F.);
#2362=ORIENTED_EDGE('',*,*,#1835,.T.);
#2363=ORIENTED_EDGE('',*,*,#1836,.T.);
#2364=ORIENTED_EDGE('',*,*,#1837,.T.);
#2365=ORIENTED_EDGE('',*,*,#1838,.T.);
#2366=ORIENTED_EDGE('',*,*,#1755,.T.);
#2367=ORIENTED_EDGE('',*,*,#1839,.F.);
#2368=ORIENTED_EDGE('',*,*,#1761,.T.);
#2369=ORIENTED_EDGE('',*,*,#1829,.F.);
#2370=ORIENTED_EDGE('',*,*,#1840,.F.);
#2371=ORIENTED_EDGE('',*,*,#1791,.T.);
#2372=ORIENTED_EDGE('',*,*,#1785,.T.);
#2373=ORIENTED_EDGE('',*,*,#1841,.F.);
#2374=ORIENTED_EDGE('',*,*,#1830,.F.);
#2375=ORIENTED_EDGE('',*,*,#1827,.T.);
#2376=ORIENTED_EDGE('',*,*,#1832,.F.);
#2377=ORIENTED_EDGE('',*,*,#1728,.T.);
#2378=ORIENTED_EDGE('',*,*,#1842,.T.);
#2379=ORIENTED_EDGE('',*,*,#1796,.T.);
#2380=ORIENTED_EDGE('',*,*,#1843,.T.);
#2381=ORIENTED_EDGE('',*,*,#1835,.F.);
#2382=ORIENTED_EDGE('',*,*,#1844,.T.);
#2383=ORIENTED_EDGE('',*,*,#1845,.T.);
#2384=ORIENTED_EDGE('',*,*,#1813,.T.);
#2385=ORIENTED_EDGE('',*,*,#1846,.F.);
#2386=ORIENTED_EDGE('',*,*,#1847,.F.);
#2387=ORIENTED_EDGE('',*,*,#1848,.F.);
#2388=ORIENTED_EDGE('',*,*,#1849,.F.);
#2389=ORIENTED_EDGE('',*,*,#1837,.F.);
#2390=ORIENTED_EDGE('',*,*,#1850,.T.);
#2391=ORIENTED_EDGE('',*,*,#1809,.T.);
#2392=ORIENTED_EDGE('',*,*,#1851,.F.);
#2393=ORIENTED_EDGE('',*,*,#1852,.F.);
#2394=ORIENTED_EDGE('',*,*,#1853,.F.);
#2395=ORIENTED_EDGE('',*,*,#1854,.F.);
#2396=ORIENTED_EDGE('',*,*,#1792,.F.);
#2397=ORIENTED_EDGE('',*,*,#1840,.T.);
#2398=ORIENTED_EDGE('',*,*,#1828,.T.);
#2399=ORIENTED_EDGE('',*,*,#1739,.T.);
#2400=ORIENTED_EDGE('',*,*,#1790,.F.);
#2401=ORIENTED_EDGE('',*,*,#1855,.F.);
#2402=ORIENTED_EDGE('',*,*,#1856,.F.);
#2403=ORIENTED_EDGE('',*,*,#1857,.F.);
#2404=ORIENTED_EDGE('',*,*,#1858,.T.);
#2405=ORIENTED_EDGE('',*,*,#1859,.T.);
#2406=ORIENTED_EDGE('',*,*,#1860,.T.);
#2407=ORIENTED_EDGE('',*,*,#1861,.F.);
#2408=ORIENTED_EDGE('',*,*,#1862,.F.);
#2409=ORIENTED_EDGE('',*,*,#1863,.F.);
#2410=ORIENTED_EDGE('',*,*,#1864,.T.);
#2411=ORIENTED_EDGE('',*,*,#1851,.T.);
#2412=ORIENTED_EDGE('',*,*,#1865,.T.);
#2413=ORIENTED_EDGE('',*,*,#1866,.F.);
#2414=ORIENTED_EDGE('',*,*,#1867,.T.);
#2415=ORIENTED_EDGE('',*,*,#1868,.T.);
#2416=ORIENTED_EDGE('',*,*,#1869,.F.);
#2417=ORIENTED_EDGE('',*,*,#1870,.T.);
#2418=ORIENTED_EDGE('',*,*,#1871,.T.);
#2419=ORIENTED_EDGE('',*,*,#1872,.F.);
#2420=ORIENTED_EDGE('',*,*,#1731,.T.);
#2421=ORIENTED_EDGE('',*,*,#1873,.F.);
#2422=ORIENTED_EDGE('',*,*,#1874,.T.);
#2423=ORIENTED_EDGE('',*,*,#1875,.T.);
#2424=ORIENTED_EDGE('',*,*,#1862,.T.);
#2425=ORIENTED_EDGE('',*,*,#1861,.T.);
#2426=ORIENTED_EDGE('',*,*,#1876,.T.);
#2427=ORIENTED_EDGE('',*,*,#1877,.T.);
#2428=ORIENTED_EDGE('',*,*,#1878,.T.);
#2429=ORIENTED_EDGE('',*,*,#1879,.T.);
#2430=ORIENTED_EDGE('',*,*,#1880,.T.);
#2431=ORIENTED_EDGE('',*,*,#1881,.T.);
#2432=ORIENTED_EDGE('',*,*,#1882,.T.);
#2433=ORIENTED_EDGE('',*,*,#1883,.T.);
#2434=ORIENTED_EDGE('',*,*,#1884,.T.);
#2435=ORIENTED_EDGE('',*,*,#1885,.T.);
#2436=ORIENTED_EDGE('',*,*,#1886,.F.);
#2437=ORIENTED_EDGE('',*,*,#1887,.T.);
#2438=ORIENTED_EDGE('',*,*,#1888,.T.);
#2439=ORIENTED_EDGE('',*,*,#1889,.F.);
#2440=ORIENTED_EDGE('',*,*,#1890,.T.);
#2441=ORIENTED_EDGE('',*,*,#1844,.F.);
#2442=ORIENTED_EDGE('',*,*,#1834,.T.);
#2443=ORIENTED_EDGE('',*,*,#1750,.T.);
#2444=ORIENTED_EDGE('',*,*,#1891,.T.);
#2445=ORIENTED_EDGE('',*,*,#1892,.T.);
#2446=ORIENTED_EDGE('',*,*,#1865,.F.);
#2447=ORIENTED_EDGE('',*,*,#1893,.T.);
#2448=ORIENTED_EDGE('',*,*,#1894,.T.);
#2449=ORIENTED_EDGE('',*,*,#1895,.T.);
#2450=ORIENTED_EDGE('',*,*,#1896,.T.);
#2451=ORIENTED_EDGE('',*,*,#1897,.T.);
#2452=ORIENTED_EDGE('',*,*,#1898,.T.);
#2453=ORIENTED_EDGE('',*,*,#1899,.T.);
#2454=ORIENTED_EDGE('',*,*,#1900,.T.);
#2455=ORIENTED_EDGE('',*,*,#1901,.T.);
#2456=ORIENTED_EDGE('',*,*,#1902,.T.);
#2457=ORIENTED_EDGE('',*,*,#1903,.F.);
#2458=ORIENTED_EDGE('',*,*,#1904,.F.);
#2459=ORIENTED_EDGE('',*,*,#1890,.F.);
#2460=ORIENTED_EDGE('',*,*,#1905,.F.);
#2461=ORIENTED_EDGE('',*,*,#1892,.F.);
#2462=ORIENTED_EDGE('',*,*,#1906,.T.);
#2463=ORIENTED_EDGE('',*,*,#1907,.T.);
#2464=ORIENTED_EDGE('',*,*,#1898,.F.);
#2465=ORIENTED_EDGE('',*,*,#1908,.T.);
#2466=ORIENTED_EDGE('',*,*,#1906,.F.);
#2467=ORIENTED_EDGE('',*,*,#1909,.F.);
#2468=ORIENTED_EDGE('',*,*,#1910,.T.);
#2469=ORIENTED_EDGE('',*,*,#1911,.F.);
#2470=ORIENTED_EDGE('',*,*,#1911,.T.);
#2471=ORIENTED_EDGE('',*,*,#1912,.F.);
#2472=ORIENTED_EDGE('',*,*,#1913,.F.);
#2473=ORIENTED_EDGE('',*,*,#1907,.F.);
#2474=ORIENTED_EDGE('',*,*,#1901,.F.);
#2475=ORIENTED_EDGE('',*,*,#1756,.F.);
#2476=ORIENTED_EDGE('',*,*,#1838,.F.);
#2477=ORIENTED_EDGE('',*,*,#1849,.T.);
#2478=ORIENTED_EDGE('',*,*,#1913,.T.);
#2479=ORIENTED_EDGE('',*,*,#1914,.F.);
#2480=ORIENTED_EDGE('',*,*,#1886,.T.);
#2481=ORIENTED_EDGE('',*,*,#1899,.F.);
#2482=ORIENTED_EDGE('',*,*,#1915,.T.);
#2483=ORIENTED_EDGE('',*,*,#1916,.F.);
#2484=ORIENTED_EDGE('',*,*,#1917,.F.);
#2485=ORIENTED_EDGE('',*,*,#1918,.F.);
#2486=ORIENTED_EDGE('',*,*,#1919,.F.);
#2487=ORIENTED_EDGE('',*,*,#1893,.F.);
#2488=ORIENTED_EDGE('',*,*,#1920,.T.);
#2489=ORIENTED_EDGE('',*,*,#1921,.T.);
#2490=ORIENTED_EDGE('',*,*,#1922,.F.);
#2491=ORIENTED_EDGE('',*,*,#1914,.T.);
#2492=ORIENTED_EDGE('',*,*,#1919,.T.);
#2493=ORIENTED_EDGE('',*,*,#1912,.T.);
#2494=ORIENTED_EDGE('',*,*,#1910,.F.);
#2495=ORIENTED_EDGE('',*,*,#1923,.T.);
#2496=ORIENTED_EDGE('',*,*,#1909,.T.);
#2497=ORIENTED_EDGE('',*,*,#1908,.F.);
#2498=ORIENTED_EDGE('',*,*,#1891,.F.);
#2499=ORIENTED_EDGE('',*,*,#1923,.F.);
#2500=ORIENTED_EDGE('',*,*,#1900,.F.);
#2501=ORIENTED_EDGE('',*,*,#1885,.F.);
#2502=ORIENTED_EDGE('',*,*,#1924,.T.);
#2503=ORIENTED_EDGE('',*,*,#1925,.T.);
#2504=ORIENTED_EDGE('',*,*,#1801,.T.);
#2505=ORIENTED_EDGE('',*,*,#1757,.F.);
#2506=ORIENTED_EDGE('',*,*,#1926,.T.);
#2507=ORIENTED_EDGE('',*,*,#1902,.F.);
#2508=ORIENTED_EDGE('',*,*,#1848,.T.);
#2509=ORIENTED_EDGE('',*,*,#1808,.T.);
#2510=ORIENTED_EDGE('',*,*,#1927,.T.);
#2511=ORIENTED_EDGE('',*,*,#1928,.T.);
#2512=ORIENTED_EDGE('',*,*,#1929,.T.);
#2513=ORIENTED_EDGE('',*,*,#1930,.T.);
#2514=ORIENTED_EDGE('',*,*,#1931,.F.);
#2515=ORIENTED_EDGE('',*,*,#1932,.T.);
#2516=ORIENTED_EDGE('',*,*,#1887,.F.);
#2517=ORIENTED_EDGE('',*,*,#1922,.T.);
#2518=ORIENTED_EDGE('',*,*,#1855,.T.);
#2519=ORIENTED_EDGE('',*,*,#1789,.T.);
#2520=ORIENTED_EDGE('',*,*,#1773,.F.);
#2521=ORIENTED_EDGE('',*,*,#1933,.F.);
#2522=ORIENTED_EDGE('',*,*,#1934,.F.);
#2523=ORIENTED_EDGE('',*,*,#1816,.T.);
#2524=ORIENTED_EDGE('',*,*,#1783,.T.);
#2525=ORIENTED_EDGE('',*,*,#1935,.F.);
#2526=ORIENTED_EDGE('',*,*,#1800,.T.);
#2527=ORIENTED_EDGE('',*,*,#1936,.F.);
#2528=ORIENTED_EDGE('',*,*,#1937,.F.);
#2529=ORIENTED_EDGE('',*,*,#1938,.T.);
#2530=ORIENTED_EDGE('',*,*,#1925,.F.);
#2531=ORIENTED_EDGE('',*,*,#1939,.F.);
#2532=ORIENTED_EDGE('',*,*,#1940,.T.);
#2533=ORIENTED_EDGE('',*,*,#1802,.T.);
#2534=ORIENTED_EDGE('',*,*,#1941,.T.);
#2535=ORIENTED_EDGE('',*,*,#1806,.T.);
#2536=ORIENTED_EDGE('',*,*,#1942,.F.);
#2537=ORIENTED_EDGE('',*,*,#1943,.F.);
#2538=ORIENTED_EDGE('',*,*,#1856,.T.);
#2539=ORIENTED_EDGE('',*,*,#1933,.T.);
#2540=ORIENTED_EDGE('',*,*,#1772,.F.);
#2541=ORIENTED_EDGE('',*,*,#1944,.F.);
#2542=ORIENTED_EDGE('',*,*,#1945,.F.);
#2543=ORIENTED_EDGE('',*,*,#1817,.T.);
#2544=ORIENTED_EDGE('',*,*,#1934,.T.);
#2545=ORIENTED_EDGE('',*,*,#1946,.F.);
#2546=ORIENTED_EDGE('',*,*,#1947,.F.);
#2547=ORIENTED_EDGE('',*,*,#1937,.T.);
#2548=ORIENTED_EDGE('',*,*,#1948,.F.);
#2549=ORIENTED_EDGE('',*,*,#1874,.F.);
#2550=ORIENTED_EDGE('',*,*,#1924,.F.);
#2551=ORIENTED_EDGE('',*,*,#1884,.F.);
#2552=ORIENTED_EDGE('',*,*,#1949,.T.);
#2553=ORIENTED_EDGE('',*,*,#1939,.T.);
#2554=ORIENTED_EDGE('',*,*,#1950,.T.);
#2555=ORIENTED_EDGE('',*,*,#1943,.T.);
#2556=ORIENTED_EDGE('',*,*,#1951,.T.);
#2557=ORIENTED_EDGE('',*,*,#1867,.F.);
#2558=ORIENTED_EDGE('',*,*,#1857,.T.);
#2559=ORIENTED_EDGE('',*,*,#1944,.T.);
#2560=ORIENTED_EDGE('',*,*,#1771,.F.);
#2561=ORIENTED_EDGE('',*,*,#1952,.F.);
#2562=ORIENTED_EDGE('',*,*,#1953,.T.);
#2563=ORIENTED_EDGE('',*,*,#1954,.F.);
#2564=ORIENTED_EDGE('',*,*,#1818,.T.);
#2565=ORIENTED_EDGE('',*,*,#1945,.T.);
#2566=ORIENTED_EDGE('',*,*,#1858,.F.);
#2567=ORIENTED_EDGE('',*,*,#1952,.T.);
#2568=ORIENTED_EDGE('',*,*,#1770,.F.);
#2569=ORIENTED_EDGE('',*,*,#1955,.T.);
#2570=ORIENTED_EDGE('',*,*,#1956,.T.);
#2571=ORIENTED_EDGE('',*,*,#1957,.T.);
#2572=ORIENTED_EDGE('',*,*,#1819,.F.);
#2573=ORIENTED_EDGE('',*,*,#1954,.T.);
#2574=ORIENTED_EDGE('',*,*,#1859,.F.);
#2575=ORIENTED_EDGE('',*,*,#1955,.F.);
#2576=ORIENTED_EDGE('',*,*,#1769,.F.);
#2577=ORIENTED_EDGE('',*,*,#1958,.F.);
#2578=ORIENTED_EDGE('',*,*,#1959,.T.);
#2579=ORIENTED_EDGE('',*,*,#1960,.T.);
#2580=ORIENTED_EDGE('',*,*,#1961,.F.);
#2581=ORIENTED_EDGE('',*,*,#1962,.T.);
#2582=ORIENTED_EDGE('',*,*,#1963,.F.);
#2583=ORIENTED_EDGE('',*,*,#1964,.F.);
#2584=ORIENTED_EDGE('',*,*,#1965,.F.);
#2585=ORIENTED_EDGE('',*,*,#1966,.F.);
#2586=ORIENTED_EDGE('',*,*,#1967,.F.);
#2587=ORIENTED_EDGE('',*,*,#1959,.F.);
#2588=ORIENTED_EDGE('',*,*,#1968,.T.);
#2589=ORIENTED_EDGE('',*,*,#1969,.F.);
#2590=ORIENTED_EDGE('',*,*,#1970,.T.);
#2591=ORIENTED_EDGE('',*,*,#1971,.F.);
#2592=ORIENTED_EDGE('',*,*,#1972,.F.);
#2593=ORIENTED_EDGE('',*,*,#1973,.F.);
#2594=ORIENTED_EDGE('',*,*,#1974,.F.);
#2595=ORIENTED_EDGE('',*,*,#1975,.T.);
#2596=ORIENTED_EDGE('',*,*,#1976,.T.);
#2597=ORIENTED_EDGE('',*,*,#1977,.T.);
#2598=ORIENTED_EDGE('',*,*,#1978,.F.);
#2599=ORIENTED_EDGE('',*,*,#1979,.T.);
#2600=ORIENTED_EDGE('',*,*,#1980,.F.);
#2601=ORIENTED_EDGE('',*,*,#1981,.F.);
#2602=ORIENTED_EDGE('',*,*,#1982,.T.);
#2603=ORIENTED_EDGE('',*,*,#1983,.F.);
#2604=ORIENTED_EDGE('',*,*,#1960,.F.);
#2605=ORIENTED_EDGE('',*,*,#1984,.T.);
#2606=ORIENTED_EDGE('',*,*,#1985,.T.);
#2607=ORIENTED_EDGE('',*,*,#1986,.T.);
#2608=ORIENTED_EDGE('',*,*,#1977,.F.);
#2609=ORIENTED_EDGE('',*,*,#1987,.F.);
#2610=ORIENTED_EDGE('',*,*,#1988,.F.);
#2611=ORIENTED_EDGE('',*,*,#1989,.F.);
#2612=ORIENTED_EDGE('',*,*,#1990,.F.);
#2613=ORIENTED_EDGE('',*,*,#1980,.T.);
#2614=ORIENTED_EDGE('',*,*,#1991,.T.);
#2615=ORIENTED_EDGE('',*,*,#1978,.T.);
#2616=ORIENTED_EDGE('',*,*,#1986,.F.);
#2617=ORIENTED_EDGE('',*,*,#1992,.F.);
#2618=ORIENTED_EDGE('',*,*,#1993,.F.);
#2619=ORIENTED_EDGE('',*,*,#1993,.T.);
#2620=ORIENTED_EDGE('',*,*,#1994,.T.);
#2621=ORIENTED_EDGE('',*,*,#1995,.F.);
#2622=ORIENTED_EDGE('',*,*,#1996,.T.);
#2623=ORIENTED_EDGE('',*,*,#1997,.F.);
#2624=ORIENTED_EDGE('',*,*,#1981,.T.);
#2625=ORIENTED_EDGE('',*,*,#1987,.T.);
#2626=ORIENTED_EDGE('',*,*,#1985,.F.);
#2627=ORIENTED_EDGE('',*,*,#1998,.F.);
#2628=ORIENTED_EDGE('',*,*,#1999,.F.);
#2629=ORIENTED_EDGE('',*,*,#2000,.T.);
#2630=ORIENTED_EDGE('',*,*,#1982,.F.);
#2631=ORIENTED_EDGE('',*,*,#1997,.T.);
#2632=ORIENTED_EDGE('',*,*,#2001,.T.);
#2633=ORIENTED_EDGE('',*,*,#2002,.F.);
#2634=ORIENTED_EDGE('',*,*,#2003,.F.);
#2635=ORIENTED_EDGE('',*,*,#2004,.F.);
#2636=ORIENTED_EDGE('',*,*,#2005,.T.);
#2637=ORIENTED_EDGE('',*,*,#2006,.T.);
#2638=ORIENTED_EDGE('',*,*,#2007,.F.);
#2639=ORIENTED_EDGE('',*,*,#2008,.T.);
#2640=ORIENTED_EDGE('',*,*,#2009,.F.);
#2641=ORIENTED_EDGE('',*,*,#2010,.T.);
#2642=ORIENTED_EDGE('',*,*,#2011,.T.);
#2643=ORIENTED_EDGE('',*,*,#2012,.F.);
#2644=ORIENTED_EDGE('',*,*,#2013,.T.);
#2645=ORIENTED_EDGE('',*,*,#1996,.F.);
#2646=ORIENTED_EDGE('',*,*,#2014,.T.);
#2647=ORIENTED_EDGE('',*,*,#1988,.T.);
#2648=ORIENTED_EDGE('',*,*,#2000,.F.);
#2649=ORIENTED_EDGE('',*,*,#2001,.F.);
#2650=ORIENTED_EDGE('',*,*,#1995,.T.);
#2651=ORIENTED_EDGE('',*,*,#2015,.T.);
#2652=ORIENTED_EDGE('',*,*,#1989,.T.);
#2653=ORIENTED_EDGE('',*,*,#2014,.F.);
#2654=ORIENTED_EDGE('',*,*,#1994,.F.);
#2655=ORIENTED_EDGE('',*,*,#1992,.T.);
#2656=ORIENTED_EDGE('',*,*,#1990,.T.);
#2657=ORIENTED_EDGE('',*,*,#2015,.F.);
#2658=ORIENTED_EDGE('',*,*,#2002,.T.);
#2659=ORIENTED_EDGE('',*,*,#1999,.T.);
#2660=ORIENTED_EDGE('',*,*,#2016,.F.);
#2661=ORIENTED_EDGE('',*,*,#1975,.F.);
#2662=ORIENTED_EDGE('',*,*,#2017,.T.);
#2663=ORIENTED_EDGE('',*,*,#1974,.T.);
#2664=ORIENTED_EDGE('',*,*,#2018,.T.);
#2665=ORIENTED_EDGE('',*,*,#1878,.F.);
#2666=ORIENTED_EDGE('',*,*,#2019,.F.);
#2667=ORIENTED_EDGE('',*,*,#1965,.T.);
#2668=ORIENTED_EDGE('',*,*,#2020,.T.);
#2669=ORIENTED_EDGE('',*,*,#2005,.F.);
#2670=ORIENTED_EDGE('',*,*,#2021,.F.);
#2671=ORIENTED_EDGE('',*,*,#1961,.T.);
#2672=ORIENTED_EDGE('',*,*,#1983,.T.);
#2673=ORIENTED_EDGE('',*,*,#2003,.T.);
#2674=ORIENTED_EDGE('',*,*,#2017,.F.);
#2675=ORIENTED_EDGE('',*,*,#2012,.T.);
#2676=ORIENTED_EDGE('',*,*,#2022,.F.);
#2677=ORIENTED_EDGE('',*,*,#1962,.F.);
#2678=ORIENTED_EDGE('',*,*,#2021,.T.);
#2679=ORIENTED_EDGE('',*,*,#2004,.T.);
#2680=ORIENTED_EDGE('',*,*,#2023,.T.);
#2681=ORIENTED_EDGE('',*,*,#2024,.T.);
#2682=ORIENTED_EDGE('',*,*,#2025,.T.);
#2683=ORIENTED_EDGE('',*,*,#2026,.T.);
#2684=ORIENTED_EDGE('',*,*,#2027,.F.);
#2685=ORIENTED_EDGE('',*,*,#2028,.F.);
#2686=ORIENTED_EDGE('',*,*,#2029,.F.);
#2687=ORIENTED_EDGE('',*,*,#2030,.F.);
#2688=ORIENTED_EDGE('',*,*,#2031,.F.);
#2689=ORIENTED_EDGE('',*,*,#2013,.F.);
#2690=ORIENTED_EDGE('',*,*,#2027,.T.);
#2691=ORIENTED_EDGE('',*,*,#2028,.T.);
#2692=ORIENTED_EDGE('',*,*,#2026,.F.);
#2693=ORIENTED_EDGE('',*,*,#2032,.F.);
#2694=ORIENTED_EDGE('',*,*,#2024,.F.);
#2695=ORIENTED_EDGE('',*,*,#2033,.T.);
#2696=ORIENTED_EDGE('',*,*,#2034,.T.);
#2697=ORIENTED_EDGE('',*,*,#2029,.T.);
#2698=ORIENTED_EDGE('',*,*,#2034,.F.);
#2699=ORIENTED_EDGE('',*,*,#2035,.F.);
#2700=ORIENTED_EDGE('',*,*,#2036,.T.);
#2701=ORIENTED_EDGE('',*,*,#2030,.T.);
#2702=ORIENTED_EDGE('',*,*,#2036,.F.);
#2703=ORIENTED_EDGE('',*,*,#2037,.F.);
#2704=ORIENTED_EDGE('',*,*,#2038,.T.);
#2705=ORIENTED_EDGE('',*,*,#2038,.F.);
#2706=ORIENTED_EDGE('',*,*,#2039,.F.);
#2707=ORIENTED_EDGE('',*,*,#2007,.T.);
#2708=ORIENTED_EDGE('',*,*,#2009,.T.);
#2709=ORIENTED_EDGE('',*,*,#2031,.T.);
#2710=ORIENTED_EDGE('',*,*,#2033,.F.);
#2711=ORIENTED_EDGE('',*,*,#2023,.F.);
#2712=ORIENTED_EDGE('',*,*,#2008,.F.);
#2713=ORIENTED_EDGE('',*,*,#2039,.T.);
#2714=ORIENTED_EDGE('',*,*,#2037,.T.);
#2715=ORIENTED_EDGE('',*,*,#2035,.T.);
#2716=ORIENTED_EDGE('',*,*,#2025,.F.);
#2717=ORIENTED_EDGE('',*,*,#2032,.T.);
#2718=ORIENTED_EDGE('',*,*,#1963,.T.);
#2719=ORIENTED_EDGE('',*,*,#2022,.T.);
#2720=ORIENTED_EDGE('',*,*,#2011,.F.);
#2721=ORIENTED_EDGE('',*,*,#2040,.F.);
#2722=ORIENTED_EDGE('',*,*,#2006,.F.);
#2723=ORIENTED_EDGE('',*,*,#2020,.F.);
#2724=ORIENTED_EDGE('',*,*,#1964,.T.);
#2725=ORIENTED_EDGE('',*,*,#2040,.T.);
#2726=ORIENTED_EDGE('',*,*,#2010,.F.);
#2727=ORIENTED_EDGE('',*,*,#1966,.T.);
#2728=ORIENTED_EDGE('',*,*,#2019,.T.);
#2729=ORIENTED_EDGE('',*,*,#1877,.F.);
#2730=ORIENTED_EDGE('',*,*,#2041,.F.);
#2731=ORIENTED_EDGE('',*,*,#1967,.T.);
#2732=ORIENTED_EDGE('',*,*,#2041,.T.);
#2733=ORIENTED_EDGE('',*,*,#1876,.F.);
#2734=ORIENTED_EDGE('',*,*,#1860,.F.);
#2735=ORIENTED_EDGE('',*,*,#1973,.T.);
#2736=ORIENTED_EDGE('',*,*,#2042,.T.);
#2737=ORIENTED_EDGE('',*,*,#1879,.F.);
#2738=ORIENTED_EDGE('',*,*,#2018,.F.);
#2739=ORIENTED_EDGE('',*,*,#1972,.T.);
#2740=ORIENTED_EDGE('',*,*,#2043,.T.);
#2741=ORIENTED_EDGE('',*,*,#1880,.F.);
#2742=ORIENTED_EDGE('',*,*,#2042,.F.);
#2743=ORIENTED_EDGE('',*,*,#1956,.F.);
#2744=ORIENTED_EDGE('',*,*,#1953,.F.);
#2745=ORIENTED_EDGE('',*,*,#1946,.T.);
#2746=ORIENTED_EDGE('',*,*,#1935,.T.);
#2747=ORIENTED_EDGE('',*,*,#1782,.T.);
#2748=ORIENTED_EDGE('',*,*,#1744,.F.);
#2749=ORIENTED_EDGE('',*,*,#1831,.F.);
#2750=ORIENTED_EDGE('',*,*,#1841,.T.);
#2751=ORIENTED_EDGE('',*,*,#1788,.T.);
#2752=ORIENTED_EDGE('',*,*,#2044,.T.);
#2753=ORIENTED_EDGE('',*,*,#2045,.T.);
#2754=ORIENTED_EDGE('',*,*,#2046,.T.);
#2755=ORIENTED_EDGE('',*,*,#2047,.T.);
#2756=ORIENTED_EDGE('',*,*,#1881,.F.);
#2757=ORIENTED_EDGE('',*,*,#2043,.F.);
#2758=ORIENTED_EDGE('',*,*,#2048,.F.);
#2759=ORIENTED_EDGE('',*,*,#2048,.T.);
#2760=ORIENTED_EDGE('',*,*,#1971,.T.);
#2761=ORIENTED_EDGE('',*,*,#2049,.T.);
#2762=ORIENTED_EDGE('',*,*,#1820,.F.);
#2763=ORIENTED_EDGE('',*,*,#1957,.F.);
#2764=ORIENTED_EDGE('',*,*,#2050,.T.);
#2765=ORIENTED_EDGE('',*,*,#2051,.T.);
#2766=ORIENTED_EDGE('',*,*,#2052,.F.);
#2767=ORIENTED_EDGE('',*,*,#1823,.F.);
#2768=ORIENTED_EDGE('',*,*,#2053,.F.);
#2769=ORIENTED_EDGE('',*,*,#1821,.F.);
#2770=ORIENTED_EDGE('',*,*,#2049,.F.);
#2771=ORIENTED_EDGE('',*,*,#1970,.F.);
#2772=ORIENTED_EDGE('',*,*,#2054,.T.);
#2773=ORIENTED_EDGE('',*,*,#2055,.F.);
#2774=ORIENTED_EDGE('',*,*,#2056,.T.);
#2775=ORIENTED_EDGE('',*,*,#2057,.F.);
#2776=ORIENTED_EDGE('',*,*,#2058,.F.);
#2777=ORIENTED_EDGE('',*,*,#2050,.F.);
#2778=ORIENTED_EDGE('',*,*,#2059,.F.);
#2779=ORIENTED_EDGE('',*,*,#1767,.T.);
#2780=ORIENTED_EDGE('',*,*,#2055,.T.);
#2781=ORIENTED_EDGE('',*,*,#2060,.T.);
#2782=ORIENTED_EDGE('',*,*,#2061,.F.);
#2783=ORIENTED_EDGE('',*,*,#2061,.T.);
#2784=ORIENTED_EDGE('',*,*,#2062,.T.);
#2785=ORIENTED_EDGE('',*,*,#2063,.F.);
#2786=ORIENTED_EDGE('',*,*,#2064,.T.);
#2787=ORIENTED_EDGE('',*,*,#2065,.T.);
#2788=ORIENTED_EDGE('',*,*,#2053,.T.);
#2789=ORIENTED_EDGE('',*,*,#2056,.F.);
#2790=ORIENTED_EDGE('',*,*,#1766,.F.);
#2791=ORIENTED_EDGE('',*,*,#2066,.F.);
#2792=ORIENTED_EDGE('',*,*,#2067,.T.);
#2793=ORIENTED_EDGE('',*,*,#2063,.T.);
#2794=ORIENTED_EDGE('',*,*,#2068,.T.);
#2795=ORIENTED_EDGE('',*,*,#1968,.F.);
#2796=ORIENTED_EDGE('',*,*,#1958,.T.);
#2797=ORIENTED_EDGE('',*,*,#1768,.F.);
#2798=ORIENTED_EDGE('',*,*,#2069,.T.);
#2799=ORIENTED_EDGE('',*,*,#2067,.F.);
#2800=ORIENTED_EDGE('',*,*,#2070,.F.);
#2801=ORIENTED_EDGE('',*,*,#2051,.F.);
#2802=ORIENTED_EDGE('',*,*,#2071,.F.);
#2803=ORIENTED_EDGE('',*,*,#2054,.F.);
#2804=ORIENTED_EDGE('',*,*,#1969,.T.);
#2805=ORIENTED_EDGE('',*,*,#2068,.F.);
#2806=ORIENTED_EDGE('',*,*,#2072,.T.);
#2807=ORIENTED_EDGE('',*,*,#2073,.T.);
#2808=ORIENTED_EDGE('',*,*,#2074,.T.);
#2809=ORIENTED_EDGE('',*,*,#2075,.T.);
#2810=ORIENTED_EDGE('',*,*,#2076,.T.);
#2811=ORIENTED_EDGE('',*,*,#2077,.T.);
#2812=ORIENTED_EDGE('',*,*,#2078,.T.);
#2813=ORIENTED_EDGE('',*,*,#2079,.T.);
#2814=ORIENTED_EDGE('',*,*,#2080,.T.);
#2815=ORIENTED_EDGE('',*,*,#2069,.F.);
#2816=ORIENTED_EDGE('',*,*,#2062,.F.);
#2817=ORIENTED_EDGE('',*,*,#2060,.F.);
#2818=ORIENTED_EDGE('',*,*,#2057,.T.);
#2819=ORIENTED_EDGE('',*,*,#2071,.T.);
#2820=ORIENTED_EDGE('',*,*,#2058,.T.);
#2821=ORIENTED_EDGE('',*,*,#2081,.T.);
#2822=ORIENTED_EDGE('',*,*,#2064,.F.);
#2823=ORIENTED_EDGE('',*,*,#1822,.F.);
#2824=ORIENTED_EDGE('',*,*,#2065,.F.);
#2825=ORIENTED_EDGE('',*,*,#2081,.F.);
#2826=ORIENTED_EDGE('',*,*,#2059,.T.);
#2827=ORIENTED_EDGE('',*,*,#1929,.F.);
#2828=ORIENTED_EDGE('',*,*,#2082,.F.);
#2829=ORIENTED_EDGE('',*,*,#2083,.T.);
#2830=ORIENTED_EDGE('',*,*,#2084,.F.);
#2831=ORIENTED_EDGE('',*,*,#2046,.F.);
#2832=ORIENTED_EDGE('',*,*,#2085,.F.);
#2833=ORIENTED_EDGE('',*,*,#1824,.T.);
#2834=ORIENTED_EDGE('',*,*,#2052,.T.);
#2835=ORIENTED_EDGE('',*,*,#2070,.T.);
#2836=ORIENTED_EDGE('',*,*,#2066,.T.);
#2837=ORIENTED_EDGE('',*,*,#1765,.F.);
#2838=ORIENTED_EDGE('',*,*,#2086,.F.);
#2839=ORIENTED_EDGE('',*,*,#1852,.T.);
#2840=ORIENTED_EDGE('',*,*,#1864,.F.);
#2841=ORIENTED_EDGE('',*,*,#2087,.F.);
#2842=ORIENTED_EDGE('',*,*,#2088,.F.);
#2843=ORIENTED_EDGE('',*,*,#2089,.T.);
#2844=ORIENTED_EDGE('',*,*,#2090,.F.);
#2845=ORIENTED_EDGE('',*,*,#2091,.F.);
#2846=ORIENTED_EDGE('',*,*,#2092,.F.);
#2847=ORIENTED_EDGE('',*,*,#2093,.T.);
#2848=ORIENTED_EDGE('',*,*,#2094,.F.);
#2849=ORIENTED_EDGE('',*,*,#2095,.F.);
#2850=ORIENTED_EDGE('',*,*,#1930,.F.);
#2851=ORIENTED_EDGE('',*,*,#2094,.T.);
#2852=ORIENTED_EDGE('',*,*,#2096,.T.);
#2853=ORIENTED_EDGE('',*,*,#2097,.T.);
#2854=ORIENTED_EDGE('',*,*,#2098,.T.);
#2855=ORIENTED_EDGE('',*,*,#1888,.F.);
#2856=ORIENTED_EDGE('',*,*,#1932,.F.);
#2857=ORIENTED_EDGE('',*,*,#1926,.F.);
#2858=ORIENTED_EDGE('',*,*,#2095,.T.);
#2859=ORIENTED_EDGE('',*,*,#2099,.T.);
#2860=ORIENTED_EDGE('',*,*,#1903,.T.);
#2861=ORIENTED_EDGE('',*,*,#1905,.T.);
#2862=ORIENTED_EDGE('',*,*,#1749,.T.);
#2863=ORIENTED_EDGE('',*,*,#1804,.F.);
#2864=ORIENTED_EDGE('',*,*,#1941,.F.);
#2865=ORIENTED_EDGE('',*,*,#1950,.F.);
#2866=ORIENTED_EDGE('',*,*,#1866,.T.);
#2867=ORIENTED_EDGE('',*,*,#2099,.F.);
#2868=ORIENTED_EDGE('',*,*,#2096,.F.);
#2869=ORIENTED_EDGE('',*,*,#2093,.F.);
#2870=ORIENTED_EDGE('',*,*,#2100,.F.);
#2871=ORIENTED_EDGE('',*,*,#2101,.F.);
#2872=ORIENTED_EDGE('',*,*,#1814,.F.);
#2873=ORIENTED_EDGE('',*,*,#1845,.F.);
#2874=ORIENTED_EDGE('',*,*,#1904,.T.);
#2875=ORIENTED_EDGE('',*,*,#2102,.T.);
#2876=ORIENTED_EDGE('',*,*,#1920,.F.);
#2877=ORIENTED_EDGE('',*,*,#1889,.T.);
#2878=ORIENTED_EDGE('',*,*,#2098,.F.);
#2879=ORIENTED_EDGE('',*,*,#1854,.T.);
#2880=ORIENTED_EDGE('',*,*,#2103,.T.);
#2881=ORIENTED_EDGE('',*,*,#1763,.F.);
#2882=ORIENTED_EDGE('',*,*,#1793,.F.);
#2883=ORIENTED_EDGE('',*,*,#1787,.F.);
#2884=ORIENTED_EDGE('',*,*,#1826,.T.);
#2885=ORIENTED_EDGE('',*,*,#2104,.T.);
#2886=ORIENTED_EDGE('',*,*,#2044,.F.);
#2887=ORIENTED_EDGE('',*,*,#2105,.T.);
#2888=ORIENTED_EDGE('',*,*,#2106,.T.);
#2889=ORIENTED_EDGE('',*,*,#2107,.F.);
#2890=ORIENTED_EDGE('',*,*,#1794,.F.);
#2891=ORIENTED_EDGE('',*,*,#1927,.F.);
#2892=ORIENTED_EDGE('',*,*,#1807,.F.);
#2893=ORIENTED_EDGE('',*,*,#2108,.T.);
#2894=ORIENTED_EDGE('',*,*,#2109,.T.);
#2895=ORIENTED_EDGE('',*,*,#2101,.T.);
#2896=ORIENTED_EDGE('',*,*,#2110,.T.);
#2897=ORIENTED_EDGE('',*,*,#2111,.F.);
#2898=ORIENTED_EDGE('',*,*,#1811,.F.);
#2899=ORIENTED_EDGE('',*,*,#1853,.T.);
#2900=ORIENTED_EDGE('',*,*,#2086,.T.);
#2901=ORIENTED_EDGE('',*,*,#1764,.F.);
#2902=ORIENTED_EDGE('',*,*,#2103,.F.);
#2903=ORIENTED_EDGE('',*,*,#2104,.F.);
#2904=ORIENTED_EDGE('',*,*,#1825,.T.);
#2905=ORIENTED_EDGE('',*,*,#2085,.T.);
#2906=ORIENTED_EDGE('',*,*,#2045,.F.);
#2907=ORIENTED_EDGE('',*,*,#2112,.T.);
#2908=ORIENTED_EDGE('',*,*,#2088,.T.);
#2909=ORIENTED_EDGE('',*,*,#2113,.F.);
#2910=ORIENTED_EDGE('',*,*,#2106,.F.);
#2911=ORIENTED_EDGE('',*,*,#1928,.F.);
#2912=ORIENTED_EDGE('',*,*,#2109,.F.);
#2913=ORIENTED_EDGE('',*,*,#2114,.T.);
#2914=ORIENTED_EDGE('',*,*,#2082,.T.);
#2915=ORIENTED_EDGE('',*,*,#2100,.T.);
#2916=ORIENTED_EDGE('',*,*,#2092,.T.);
#2917=ORIENTED_EDGE('',*,*,#2115,.F.);
#2918=ORIENTED_EDGE('',*,*,#2110,.F.);
#2919=ORIENTED_EDGE('',*,*,#2116,.F.);
#2920=ORIENTED_EDGE('',*,*,#2089,.F.);
#2921=ORIENTED_EDGE('',*,*,#2112,.F.);
#2922=ORIENTED_EDGE('',*,*,#2105,.F.);
#2923=ORIENTED_EDGE('',*,*,#1797,.F.);
#2924=ORIENTED_EDGE('',*,*,#1842,.F.);
#2925=ORIENTED_EDGE('',*,*,#1724,.T.);
#2926=ORIENTED_EDGE('',*,*,#2117,.F.);
#2927=ORIENTED_EDGE('',*,*,#1726,.T.);
#2928=ORIENTED_EDGE('',*,*,#1745,.T.);
#2929=ORIENTED_EDGE('',*,*,#1798,.F.);
#2930=ORIENTED_EDGE('',*,*,#1938,.F.);
#2931=ORIENTED_EDGE('',*,*,#1947,.T.);
#2932=ORIENTED_EDGE('',*,*,#1873,.T.);
#2933=ORIENTED_EDGE('',*,*,#2118,.T.);
#2934=ORIENTED_EDGE('',*,*,#2119,.F.);
#2935=ORIENTED_EDGE('',*,*,#1872,.T.);
#2936=ORIENTED_EDGE('',*,*,#2120,.F.);
#2937=ORIENTED_EDGE('',*,*,#2121,.F.);
#2938=ORIENTED_EDGE('',*,*,#2090,.T.);
#2939=ORIENTED_EDGE('',*,*,#2116,.T.);
#2940=ORIENTED_EDGE('',*,*,#2122,.F.);
#2941=ORIENTED_EDGE('',*,*,#2123,.T.);
#2942=ORIENTED_EDGE('',*,*,#2120,.T.);
#2943=ORIENTED_EDGE('',*,*,#1871,.F.);
#2944=ORIENTED_EDGE('',*,*,#2124,.F.);
#2945=ORIENTED_EDGE('',*,*,#2121,.T.);
#2946=ORIENTED_EDGE('',*,*,#2125,.T.);
#2947=ORIENTED_EDGE('',*,*,#1722,.F.);
#2948=ORIENTED_EDGE('',*,*,#1846,.T.);
#2949=ORIENTED_EDGE('',*,*,#1812,.T.);
#2950=ORIENTED_EDGE('',*,*,#2111,.T.);
#2951=ORIENTED_EDGE('',*,*,#2115,.T.);
#2952=ORIENTED_EDGE('',*,*,#2091,.T.);
#2953=ORIENTED_EDGE('',*,*,#1720,.F.);
#2954=ORIENTED_EDGE('',*,*,#1868,.F.);
#2955=ORIENTED_EDGE('',*,*,#1951,.F.);
#2956=ORIENTED_EDGE('',*,*,#1942,.T.);
#2957=ORIENTED_EDGE('',*,*,#1805,.T.);
#2958=ORIENTED_EDGE('',*,*,#1753,.F.);
#2959=ORIENTED_EDGE('',*,*,#2126,.F.);
#2960=ORIENTED_EDGE('',*,*,#2124,.T.);
#2961=ORIENTED_EDGE('',*,*,#1870,.F.);
#2962=ORIENTED_EDGE('',*,*,#2127,.T.);
#2963=ORIENTED_EDGE('',*,*,#2125,.F.);
#2964=ORIENTED_EDGE('',*,*,#2122,.T.);
#2965=ORIENTED_EDGE('',*,*,#2117,.T.);
#2966=ORIENTED_EDGE('',*,*,#1723,.T.);
#2967=ORIENTED_EDGE('',*,*,#2126,.T.);
#2968=ORIENTED_EDGE('',*,*,#2128,.F.);
#2969=ORIENTED_EDGE('',*,*,#2118,.F.);
#2970=ORIENTED_EDGE('',*,*,#2123,.F.);
#2971=ORIENTED_EDGE('',*,*,#2129,.T.);
#2972=ORIENTED_EDGE('',*,*,#2130,.T.);
#2973=ORIENTED_EDGE('',*,*,#2131,.T.);
#2974=ORIENTED_EDGE('',*,*,#1734,.F.);
#2975=ORIENTED_EDGE('',*,*,#1712,.F.);
#2976=ORIENTED_EDGE('',*,*,#1732,.F.);
#2977=ORIENTED_EDGE('',*,*,#2119,.T.);
#2978=ORIENTED_EDGE('',*,*,#2128,.T.);
#2979=ORIENTED_EDGE('',*,*,#2127,.F.);
#2980=ORIENTED_EDGE('',*,*,#2132,.T.);
#2981=ORIENTED_EDGE('',*,*,#1721,.F.);
#2982=ORIENTED_EDGE('',*,*,#1752,.F.);
#2983=ORIENTED_EDGE('',*,*,#1836,.F.);
#2984=ORIENTED_EDGE('',*,*,#1847,.T.);
#2985=ORIENTED_EDGE('',*,*,#2133,.T.);
#2986=ORIENTED_EDGE('',*,*,#2132,.F.);
#2987=ORIENTED_EDGE('',*,*,#1869,.T.);
#2988=ORIENTED_EDGE('',*,*,#1719,.F.);
#2989=ORIENTED_EDGE('',*,*,#2134,.T.);
#2990=ORIENTED_EDGE('',*,*,#2135,.F.);
#2991=ORIENTED_EDGE('',*,*,#2136,.F.);
#2992=ORIENTED_EDGE('',*,*,#2130,.F.);
#2993=ORIENTED_EDGE('',*,*,#1717,.F.);
#2994=ORIENTED_EDGE('',*,*,#1716,.T.);
#2995=ORIENTED_EDGE('',*,*,#1713,.F.);
#2996=ORIENTED_EDGE('',*,*,#2133,.F.);
#2997=ORIENTED_EDGE('',*,*,#2134,.F.);
#2998=ORIENTED_EDGE('',*,*,#2137,.F.);
#2999=ORIENTED_EDGE('',*,*,#2138,.T.);
#3000=ORIENTED_EDGE('',*,*,#2139,.T.);
#3001=ORIENTED_EDGE('',*,*,#2140,.T.);
#3002=ORIENTED_EDGE('',*,*,#2139,.F.);
#3003=ORIENTED_EDGE('',*,*,#2141,.F.);
#3004=ORIENTED_EDGE('',*,*,#2142,.T.);
#3005=ORIENTED_EDGE('',*,*,#2140,.F.);
#3006=ORIENTED_EDGE('',*,*,#1736,.F.);
#3007=ORIENTED_EDGE('',*,*,#2143,.F.);
#3008=ORIENTED_EDGE('',*,*,#2135,.T.);
#3009=ORIENTED_EDGE('',*,*,#2144,.F.);
#3010=ORIENTED_EDGE('',*,*,#2145,.F.);
#3011=ORIENTED_EDGE('',*,*,#2146,.F.);
#3012=ORIENTED_EDGE('',*,*,#2147,.F.);
#3013=ORIENTED_EDGE('',*,*,#1896,.F.);
#3014=ORIENTED_EDGE('',*,*,#2148,.F.);
#3015=ORIENTED_EDGE('',*,*,#1917,.T.);
#3016=ORIENTED_EDGE('',*,*,#2149,.T.);
#3017=ORIENTED_EDGE('',*,*,#2150,.F.);
#3018=ORIENTED_EDGE('',*,*,#2151,.F.);
#3019=ORIENTED_EDGE('',*,*,#2152,.F.);
#3020=ORIENTED_EDGE('',*,*,#2153,.F.);
#3021=ORIENTED_EDGE('',*,*,#2154,.F.);
#3022=ORIENTED_EDGE('',*,*,#1735,.F.);
#3023=ORIENTED_EDGE('',*,*,#2131,.F.);
#3024=ORIENTED_EDGE('',*,*,#2136,.T.);
#3025=ORIENTED_EDGE('',*,*,#2143,.T.);
#3026=ORIENTED_EDGE('',*,*,#2072,.F.);
#3027=ORIENTED_EDGE('',*,*,#2155,.T.);
#3028=ORIENTED_EDGE('',*,*,#2144,.T.);
#3029=ORIENTED_EDGE('',*,*,#2156,.F.);
#3030=ORIENTED_EDGE('',*,*,#2073,.F.);
#3031=ORIENTED_EDGE('',*,*,#2156,.T.);
#3032=ORIENTED_EDGE('',*,*,#2147,.T.);
#3033=ORIENTED_EDGE('',*,*,#2157,.F.);
#3034=ORIENTED_EDGE('',*,*,#2074,.F.);
#3035=ORIENTED_EDGE('',*,*,#2157,.T.);
#3036=ORIENTED_EDGE('',*,*,#2146,.T.);
#3037=ORIENTED_EDGE('',*,*,#2158,.F.);
#3038=ORIENTED_EDGE('',*,*,#2075,.F.);
#3039=ORIENTED_EDGE('',*,*,#2158,.T.);
#3040=ORIENTED_EDGE('',*,*,#2145,.T.);
#3041=ORIENTED_EDGE('',*,*,#2155,.F.);
#3042=ORIENTED_EDGE('',*,*,#2076,.F.);
#3043=ORIENTED_EDGE('',*,*,#2159,.T.);
#3044=ORIENTED_EDGE('',*,*,#2150,.T.);
#3045=ORIENTED_EDGE('',*,*,#2160,.F.);
#3046=ORIENTED_EDGE('',*,*,#2077,.F.);
#3047=ORIENTED_EDGE('',*,*,#2160,.T.);
#3048=ORIENTED_EDGE('',*,*,#2154,.T.);
#3049=ORIENTED_EDGE('',*,*,#2161,.F.);
#3050=ORIENTED_EDGE('',*,*,#2078,.F.);
#3051=ORIENTED_EDGE('',*,*,#2161,.T.);
#3052=ORIENTED_EDGE('',*,*,#2153,.T.);
#3053=ORIENTED_EDGE('',*,*,#2162,.F.);
#3054=ORIENTED_EDGE('',*,*,#2079,.F.);
#3055=ORIENTED_EDGE('',*,*,#2162,.T.);
#3056=ORIENTED_EDGE('',*,*,#2152,.T.);
#3057=ORIENTED_EDGE('',*,*,#2163,.F.);
#3058=ORIENTED_EDGE('',*,*,#2080,.F.);
#3059=ORIENTED_EDGE('',*,*,#2163,.T.);
#3060=ORIENTED_EDGE('',*,*,#2151,.T.);
#3061=ORIENTED_EDGE('',*,*,#2159,.F.);
#3062=ORIENTED_EDGE('',*,*,#2164,.F.);
#3063=ORIENTED_EDGE('',*,*,#1897,.F.);
#3064=ORIENTED_EDGE('',*,*,#2149,.F.);
#3065=ORIENTED_EDGE('',*,*,#1916,.T.);
#3066=ORIENTED_EDGE('',*,*,#2164,.T.);
#3067=ORIENTED_EDGE('',*,*,#2165,.F.);
#3068=ORIENTED_EDGE('',*,*,#2166,.F.);
#3069=ORIENTED_EDGE('',*,*,#2167,.T.);
#3070=ORIENTED_EDGE('',*,*,#2168,.T.);
#3071=ORIENTED_EDGE('',*,*,#2169,.F.);
#3072=ORIENTED_EDGE('',*,*,#1894,.F.);
#3073=ORIENTED_EDGE('',*,*,#2167,.F.);
#3074=ORIENTED_EDGE('',*,*,#2170,.F.);
#3075=ORIENTED_EDGE('',*,*,#2168,.F.);
#3076=ORIENTED_EDGE('',*,*,#2166,.T.);
#3077=ORIENTED_EDGE('',*,*,#2171,.F.);
#3078=ORIENTED_EDGE('',*,*,#2170,.T.);
#3079=ORIENTED_EDGE('',*,*,#2172,.T.);
#3080=ORIENTED_EDGE('',*,*,#2173,.F.);
#3081=ORIENTED_EDGE('',*,*,#2169,.T.);
#3082=ORIENTED_EDGE('',*,*,#1931,.T.);
#3083=ORIENTED_EDGE('',*,*,#1921,.F.);
#3084=ORIENTED_EDGE('',*,*,#2102,.F.);
#3085=ORIENTED_EDGE('',*,*,#2097,.F.);
#3086=ORIENTED_EDGE('',*,*,#2173,.T.);
#3087=ORIENTED_EDGE('',*,*,#1918,.T.);
#3088=ORIENTED_EDGE('',*,*,#2148,.T.);
#3089=ORIENTED_EDGE('',*,*,#1895,.F.);
#3090=ORIENTED_EDGE('',*,*,#1915,.F.);
#3091=ORIENTED_EDGE('',*,*,#2172,.F.);
#3092=ORIENTED_EDGE('',*,*,#2171,.T.);
#3093=ORIENTED_EDGE('',*,*,#2165,.T.);
#3094=ORIENTED_EDGE('',*,*,#2174,.T.);
#3095=ORIENTED_EDGE('',*,*,#2175,.F.);
#3096=ORIENTED_EDGE('',*,*,#1733,.F.);
#3097=ORIENTED_EDGE('',*,*,#2142,.F.);
#3098=ORIENTED_EDGE('',*,*,#2176,.F.);
#3099=ORIENTED_EDGE('',*,*,#2174,.F.);
#3100=ORIENTED_EDGE('',*,*,#2141,.T.);
#3101=ORIENTED_EDGE('',*,*,#2138,.F.);
#3102=ORIENTED_EDGE('',*,*,#2176,.T.);
#3103=ORIENTED_EDGE('',*,*,#2137,.T.);
#3104=ORIENTED_EDGE('',*,*,#2129,.F.);
#3105=ORIENTED_EDGE('',*,*,#2175,.T.);
#3106=ORIENTED_EDGE('',*,*,#1863,.T.);
#3107=ORIENTED_EDGE('',*,*,#1875,.F.);
#3108=ORIENTED_EDGE('',*,*,#1948,.T.);
#3109=ORIENTED_EDGE('',*,*,#1936,.T.);
#3110=ORIENTED_EDGE('',*,*,#1799,.T.);
#3111=ORIENTED_EDGE('',*,*,#1747,.F.);
#3112=ORIENTED_EDGE('',*,*,#1833,.F.);
#3113=ORIENTED_EDGE('',*,*,#1843,.F.);
#3114=ORIENTED_EDGE('',*,*,#1795,.T.);
#3115=ORIENTED_EDGE('',*,*,#2107,.T.);
#3116=ORIENTED_EDGE('',*,*,#2113,.T.);
#3117=ORIENTED_EDGE('',*,*,#2087,.T.);
#3118=ORIENTED_EDGE('',*,*,#2177,.F.);
#3119=ORIENTED_EDGE('',*,*,#2083,.F.);
#3120=ORIENTED_EDGE('',*,*,#2114,.F.);
#3121=ORIENTED_EDGE('',*,*,#2108,.F.);
#3122=ORIENTED_EDGE('',*,*,#1810,.F.);
#3123=ORIENTED_EDGE('',*,*,#1850,.F.);
#3124=ORIENTED_EDGE('',*,*,#1839,.T.);
#3125=ORIENTED_EDGE('',*,*,#1759,.T.);
#3126=ORIENTED_EDGE('',*,*,#1803,.F.);
#3127=ORIENTED_EDGE('',*,*,#1940,.F.);
#3128=ORIENTED_EDGE('',*,*,#1949,.F.);
#3129=ORIENTED_EDGE('',*,*,#1883,.F.);
#3130=ORIENTED_EDGE('',*,*,#1882,.F.);
#3131=ORIENTED_EDGE('',*,*,#2047,.F.);
#3132=ORIENTED_EDGE('',*,*,#2084,.T.);
#3133=ORIENTED_EDGE('',*,*,#2177,.T.);
#3134=ORIENTED_EDGE('',*,*,#1984,.F.);
#3135=ORIENTED_EDGE('',*,*,#1976,.F.);
#3136=ORIENTED_EDGE('',*,*,#2016,.T.);
#3137=ORIENTED_EDGE('',*,*,#1998,.T.);
#3138=ORIENTED_EDGE('',*,*,#1979,.F.);
#3139=ORIENTED_EDGE('',*,*,#1991,.F.);
#3140=ORIENTED_EDGE('',*,*,#1775,.T.);
#3141=ORIENTED_EDGE('',*,*,#2178,.T.);
#3142=ORIENTED_EDGE('',*,*,#2179,.F.);
#3143=ORIENTED_EDGE('',*,*,#2180,.F.);
#3144=ORIENTED_EDGE('',*,*,#1776,.T.);
#3145=ORIENTED_EDGE('',*,*,#2180,.T.);
#3146=ORIENTED_EDGE('',*,*,#2181,.F.);
#3147=ORIENTED_EDGE('',*,*,#2182,.F.);
#3148=ORIENTED_EDGE('',*,*,#1777,.T.);
#3149=ORIENTED_EDGE('',*,*,#2182,.T.);
#3150=ORIENTED_EDGE('',*,*,#2183,.F.);
#3151=ORIENTED_EDGE('',*,*,#2184,.F.);
#3152=ORIENTED_EDGE('',*,*,#1778,.T.);
#3153=ORIENTED_EDGE('',*,*,#2184,.T.);
#3154=ORIENTED_EDGE('',*,*,#2185,.F.);
#3155=ORIENTED_EDGE('',*,*,#2186,.F.);
#3156=ORIENTED_EDGE('',*,*,#1779,.T.);
#3157=ORIENTED_EDGE('',*,*,#2186,.T.);
#3158=ORIENTED_EDGE('',*,*,#2187,.F.);
#3159=ORIENTED_EDGE('',*,*,#2188,.F.);
#3160=ORIENTED_EDGE('',*,*,#1780,.T.);
#3161=ORIENTED_EDGE('',*,*,#2188,.T.);
#3162=ORIENTED_EDGE('',*,*,#2189,.F.);
#3163=ORIENTED_EDGE('',*,*,#2190,.F.);
#3164=ORIENTED_EDGE('',*,*,#1781,.T.);
#3165=ORIENTED_EDGE('',*,*,#2190,.T.);
#3166=ORIENTED_EDGE('',*,*,#2191,.F.);
#3167=ORIENTED_EDGE('',*,*,#2178,.F.);
#3168=ORIENTED_EDGE('',*,*,#2179,.T.);
#3169=ORIENTED_EDGE('',*,*,#2191,.T.);
#3170=ORIENTED_EDGE('',*,*,#2189,.T.);
#3171=ORIENTED_EDGE('',*,*,#2187,.T.);
#3172=ORIENTED_EDGE('',*,*,#2185,.T.);
#3173=ORIENTED_EDGE('',*,*,#2183,.T.);
#3174=ORIENTED_EDGE('',*,*,#2181,.T.);
#3175=ORIENTED_EDGE('',*,*,#2192,.F.);
#3176=ORIENTED_EDGE('',*,*,#2193,.F.);
#3177=ORIENTED_EDGE('',*,*,#2194,.F.);
#3178=ORIENTED_EDGE('',*,*,#2195,.F.);
#3179=ORIENTED_EDGE('',*,*,#2196,.F.);
#3180=ORIENTED_EDGE('',*,*,#2192,.T.);
#3181=ORIENTED_EDGE('',*,*,#2197,.T.);
#3182=ORIENTED_EDGE('',*,*,#2198,.F.);
#3183=ORIENTED_EDGE('',*,*,#2199,.F.);
#3184=ORIENTED_EDGE('',*,*,#2193,.T.);
#3185=ORIENTED_EDGE('',*,*,#2199,.T.);
#3186=ORIENTED_EDGE('',*,*,#2200,.F.);
#3187=ORIENTED_EDGE('',*,*,#2201,.F.);
#3188=ORIENTED_EDGE('',*,*,#2194,.T.);
#3189=ORIENTED_EDGE('',*,*,#2201,.T.);
#3190=ORIENTED_EDGE('',*,*,#2202,.F.);
#3191=ORIENTED_EDGE('',*,*,#2203,.F.);
#3192=ORIENTED_EDGE('',*,*,#2195,.T.);
#3193=ORIENTED_EDGE('',*,*,#2203,.T.);
#3194=ORIENTED_EDGE('',*,*,#2204,.F.);
#3195=ORIENTED_EDGE('',*,*,#2205,.F.);
#3196=ORIENTED_EDGE('',*,*,#2196,.T.);
#3197=ORIENTED_EDGE('',*,*,#2205,.T.);
#3198=ORIENTED_EDGE('',*,*,#2206,.F.);
#3199=ORIENTED_EDGE('',*,*,#2197,.F.);
#3200=ORIENTED_EDGE('',*,*,#2198,.T.);
#3201=ORIENTED_EDGE('',*,*,#2206,.T.);
#3202=ORIENTED_EDGE('',*,*,#2204,.T.);
#3203=ORIENTED_EDGE('',*,*,#2202,.T.);
#3204=ORIENTED_EDGE('',*,*,#2200,.T.);
#3205=PLANE('',#3591);
#3206=PLANE('',#3592);
#3207=PLANE('',#3593);
#3208=PLANE('',#3594);
#3209=PLANE('',#3595);
#3210=PLANE('',#3596);
#3211=PLANE('',#3597);
#3212=PLANE('',#3598);
#3213=PLANE('',#3599);
#3214=PLANE('',#3600);
#3215=PLANE('',#3601);
#3216=PLANE('',#3602);
#3217=PLANE('',#3603);
#3218=PLANE('',#3604);
#3219=PLANE('',#3605);
#3220=PLANE('',#3606);
#3221=PLANE('',#3607);
#3222=PLANE('',#3608);
#3223=PLANE('',#3609);
#3224=PLANE('',#3610);
#3225=PLANE('',#3611);
#3226=PLANE('',#3612);
#3227=PLANE('',#3613);
#3228=PLANE('',#3614);
#3229=PLANE('',#3615);
#3230=PLANE('',#3616);
#3231=PLANE('',#3617);
#3232=PLANE('',#3618);
#3233=PLANE('',#3619);
#3234=PLANE('',#3620);
#3235=PLANE('',#3621);
#3236=PLANE('',#3622);
#3237=PLANE('',#3623);
#3238=PLANE('',#3624);
#3239=PLANE('',#3625);
#3240=PLANE('',#3626);
#3241=PLANE('',#3627);
#3242=PLANE('',#3628);
#3243=PLANE('',#3629);
#3244=PLANE('',#3630);
#3245=PLANE('',#3631);
#3246=PLANE('',#3632);
#3247=PLANE('',#3633);
#3248=PLANE('',#3634);
#3249=PLANE('',#3635);
#3250=PLANE('',#3636);
#3251=PLANE('',#3637);
#3252=PLANE('',#3638);
#3253=PLANE('',#3639);
#3254=PLANE('',#3640);
#3255=PLANE('',#3641);
#3256=PLANE('',#3642);
#3257=PLANE('',#3643);
#3258=PLANE('',#3644);
#3259=PLANE('',#3645);
#3260=PLANE('',#3646);
#3261=PLANE('',#3647);
#3262=PLANE('',#3648);
#3263=PLANE('',#3649);
#3264=PLANE('',#3650);
#3265=PLANE('',#3651);
#3266=PLANE('',#3652);
#3267=PLANE('',#3653);
#3268=PLANE('',#3654);
#3269=PLANE('',#3655);
#3270=PLANE('',#3656);
#3271=PLANE('',#3657);
#3272=PLANE('',#3658);
#3273=PLANE('',#3659);
#3274=PLANE('',#3660);
#3275=PLANE('',#3661);
#3276=PLANE('',#3662);
#3277=PLANE('',#3666);
#3278=PLANE('',#3667);
#3279=PLANE('',#3669);
#3280=PLANE('',#3671);
#3281=PLANE('',#3673);
#3282=PLANE('',#3677);
#3283=PLANE('',#3680);
#3284=PLANE('',#3681);
#3285=PLANE('',#3682);
#3286=PLANE('',#3683);
#3287=PLANE('',#3689);
#3288=PLANE('',#3692);
#3289=PLANE('',#3693);
#3290=PLANE('',#3694);
#3291=PLANE('',#3695);
#3292=PLANE('',#3696);
#3293=PLANE('',#3697);
#3294=PLANE('',#3698);
#3295=PLANE('',#3699);
#3296=PLANE('',#3700);
#3297=PLANE('',#3701);
#3298=PLANE('',#3702);
#3299=PLANE('',#3703);
#3300=PLANE('',#3704);
#3301=PLANE('',#3705);
#3302=PLANE('',#3706);
#3303=PLANE('',#3707);
#3304=PLANE('',#3708);
#3305=PLANE('',#3709);
#3306=PLANE('',#3710);
#3307=PLANE('',#3711);
#3308=PLANE('',#3712);
#3309=PLANE('',#3713);
#3310=PLANE('',#3714);
#3311=PLANE('',#3715);
#3312=PLANE('',#3716);
#3313=PLANE('',#3717);
#3314=PLANE('',#3718);
#3315=PLANE('',#3719);
#3316=PLANE('',#3720);
#3317=PLANE('',#3721);
#3318=PLANE('',#3722);
#3319=PLANE('',#3723);
#3320=PLANE('',#3724);
#3321=PLANE('',#3725);
#3322=PLANE('',#3726);
#3323=PLANE('',#3727);
#3324=PLANE('',#3728);
#3325=PLANE('',#3729);
#3326=PLANE('',#3730);
#3327=PLANE('',#3731);
#3328=PLANE('',#3732);
#3329=PLANE('',#3733);
#3330=PLANE('',#3734);
#3331=PLANE('',#3735);
#3332=PLANE('',#3736);
#3333=PLANE('',#3737);
#3334=PLANE('',#3738);
#3335=PLANE('',#3739);
#3336=PLANE('',#3740);
#3337=PLANE('',#3741);
#3338=PLANE('',#3742);
#3339=PLANE('',#3743);
#3340=PLANE('',#3744);
#3341=PLANE('',#3745);
#3342=PLANE('',#3746);
#3343=PLANE('',#3747);
#3344=PLANE('',#3748);
#3345=PLANE('',#3749);
#3346=PLANE('',#3750);
#3347=PLANE('',#3751);
#3348=PLANE('',#3752);
#3349=PLANE('',#3753);
#3350=PLANE('',#3754);
#3351=PLANE('',#3755);
#3352=PLANE('',#3756);
#3353=PLANE('',#3757);
#3354=PLANE('',#3758);
#3355=PLANE('',#3759);
#3356=PLANE('',#3760);
#3357=PLANE('',#3761);
#3358=PLANE('',#3762);
#3359=PLANE('',#3763);
#3360=PLANE('',#3764);
#3361=PLANE('',#3765);
#3362=PLANE('',#3766);
#3363=PLANE('',#3767);
#3364=PLANE('',#3768);
#3365=PLANE('',#3769);
#3366=PLANE('',#3770);
#3367=PLANE('',#3771);
#3368=PLANE('',#3772);
#3369=PLANE('',#3773);
#3370=PLANE('',#3774);
#3371=PLANE('',#3775);
#3372=PLANE('',#3776);
#3373=PLANE('',#3777);
#3374=PLANE('',#3778);
#3375=PLANE('',#3779);
#3376=PLANE('',#3780);
#3377=PLANE('',#3781);
#3378=PLANE('',#3782);
#3379=PLANE('',#3783);
#3380=PLANE('',#3784);
#3381=PLANE('',#3786);
#3382=PLANE('',#3787);
#3383=PLANE('',#3788);
#3384=PLANE('',#3789);
#3385=PLANE('',#3792);
#3386=ADVANCED_FACE('',(#55),#3205,.T.);
#3387=ADVANCED_FACE('',(#56),#3206,.T.);
#3388=ADVANCED_FACE('',(#57),#3207,.T.);
#3389=ADVANCED_FACE('',(#58),#3208,.T.);
#3390=ADVANCED_FACE('',(#59),#3209,.T.);
#3391=ADVANCED_FACE('',(#60),#3210,.T.);
#3392=ADVANCED_FACE('',(#61),#3211,.T.);
#3393=ADVANCED_FACE('',(#62),#3212,.T.);
#3394=ADVANCED_FACE('',(#63),#3213,.F.);
#3395=ADVANCED_FACE('',(#64),#3214,.F.);
#3396=ADVANCED_FACE('',(#65),#3215,.F.);
#3397=ADVANCED_FACE('',(#66),#3216,.F.);
#3398=ADVANCED_FACE('',(#67),#3217,.F.);
#3399=ADVANCED_FACE('',(#68,#50),#3218,.T.);
#3400=ADVANCED_FACE('',(#69),#3219,.T.);
#3401=ADVANCED_FACE('',(#70),#3220,.T.);
#3402=ADVANCED_FACE('',(#71),#3221,.T.);
#3403=ADVANCED_FACE('',(#72),#3222,.T.);
#3404=ADVANCED_FACE('',(#73),#3223,.T.);
#3405=ADVANCED_FACE('',(#74),#3224,.T.);
#3406=ADVANCED_FACE('',(#75),#3225,.T.);
#3407=ADVANCED_FACE('',(#76),#3226,.T.);
#3408=ADVANCED_FACE('',(#77),#3227,.T.);
#3409=ADVANCED_FACE('',(#78),#3228,.T.);
#3410=ADVANCED_FACE('',(#79),#3229,.F.);
#3411=ADVANCED_FACE('',(#80),#3230,.T.);
#3412=ADVANCED_FACE('',(#81),#3231,.T.);
#3413=ADVANCED_FACE('',(#82),#3232,.T.);
#3414=ADVANCED_FACE('',(#83),#3233,.T.);
#3415=ADVANCED_FACE('',(#84),#3234,.T.);
#3416=ADVANCED_FACE('',(#85),#3235,.F.);
#3417=ADVANCED_FACE('',(#86),#3236,.F.);
#3418=ADVANCED_FACE('',(#87),#3237,.F.);
#3419=ADVANCED_FACE('',(#88),#3238,.F.);
#3420=ADVANCED_FACE('',(#89),#3239,.F.);
#3421=ADVANCED_FACE('',(#90),#3240,.F.);
#3422=ADVANCED_FACE('',(#91),#3241,.F.);
#3423=ADVANCED_FACE('',(#92),#3242,.T.);
#3424=ADVANCED_FACE('',(#93),#3243,.T.);
#3425=ADVANCED_FACE('',(#94),#3244,.T.);
#3426=ADVANCED_FACE('',(#95),#3245,.T.);
#3427=ADVANCED_FACE('',(#96),#3246,.T.);
#3428=ADVANCED_FACE('',(#97),#3247,.T.);
#3429=ADVANCED_FACE('',(#98),#3248,.T.);
#3430=ADVANCED_FACE('',(#99),#3249,.T.);
#3431=ADVANCED_FACE('',(#100),#3250,.F.);
#3432=ADVANCED_FACE('',(#101),#3251,.F.);
#3433=ADVANCED_FACE('',(#102),#3252,.F.);
#3434=ADVANCED_FACE('',(#103),#3253,.T.);
#3435=ADVANCED_FACE('',(#104),#3254,.T.);
#3436=ADVANCED_FACE('',(#105),#3255,.T.);
#3437=ADVANCED_FACE('',(#106),#3256,.F.);
#3438=ADVANCED_FACE('',(#107),#3257,.F.);
#3439=ADVANCED_FACE('',(#108),#3258,.F.);
#3440=ADVANCED_FACE('',(#109),#3259,.T.);
#3441=ADVANCED_FACE('',(#110),#3260,.T.);
#3442=ADVANCED_FACE('',(#111),#3261,.T.);
#3443=ADVANCED_FACE('',(#112),#3262,.T.);
#3444=ADVANCED_FACE('',(#113),#3263,.T.);
#3445=ADVANCED_FACE('',(#114),#3264,.T.);
#3446=ADVANCED_FACE('',(#115),#3265,.T.);
#3447=ADVANCED_FACE('',(#116),#3266,.T.);
#3448=ADVANCED_FACE('',(#117),#3267,.T.);
#3449=ADVANCED_FACE('',(#118),#3268,.T.);
#3450=ADVANCED_FACE('',(#119),#3269,.T.);
#3451=ADVANCED_FACE('',(#120),#3270,.T.);
#3452=ADVANCED_FACE('',(#121),#3271,.T.);
#3453=ADVANCED_FACE('',(#122),#3272,.T.);
#3454=ADVANCED_FACE('',(#123),#3273,.T.);
#3455=ADVANCED_FACE('',(#124),#3274,.T.);
#3456=ADVANCED_FACE('',(#125),#3275,.F.);
#3457=ADVANCED_FACE('',(#126),#3276,.F.);
#3458=ADVANCED_FACE('',(#127),#38,.T.);
#3459=ADVANCED_FACE('',(#128),#3277,.F.);
#3460=ADVANCED_FACE('',(#129),#3278,.T.);
#3461=ADVANCED_FACE('',(#130),#3279,.T.);
#3462=ADVANCED_FACE('',(#131),#3280,.T.);
#3463=ADVANCED_FACE('',(#132),#3281,.T.);
#3464=ADVANCED_FACE('',(#133),#19,.T.);
#3465=ADVANCED_FACE('',(#134),#3282,.T.);
#3466=ADVANCED_FACE('',(#135),#20,.T.);
#3467=ADVANCED_FACE('',(#136),#3283,.F.);
#3468=ADVANCED_FACE('',(#137),#3284,.T.);
#3469=ADVANCED_FACE('',(#138),#3285,.T.);
#3470=ADVANCED_FACE('',(#139),#3286,.F.);
#3471=ADVANCED_FACE('',(#140),#39,.T.);
#3472=ADVANCED_FACE('',(#141),#21,.T.);
#3473=ADVANCED_FACE('',(#142),#3287,.F.);
#3474=ADVANCED_FACE('',(#143),#22,.T.);
#3475=ADVANCED_FACE('',(#144),#3288,.F.);
#3476=ADVANCED_FACE('',(#145),#17,.F.);
#3477=ADVANCED_FACE('',(#146),#3289,.T.);
#3478=ADVANCED_FACE('',(#147),#3290,.T.);
#3479=ADVANCED_FACE('',(#148),#3291,.F.);
#3480=ADVANCED_FACE('',(#149),#3292,.F.);
#3481=ADVANCED_FACE('',(#150),#3293,.F.);
#3482=ADVANCED_FACE('',(#151),#3294,.F.);
#3483=ADVANCED_FACE('',(#152),#3295,.F.);
#3484=ADVANCED_FACE('',(#153),#3296,.T.);
#3485=ADVANCED_FACE('',(#154),#3297,.T.);
#3486=ADVANCED_FACE('',(#155),#3298,.T.);
#3487=ADVANCED_FACE('',(#156),#3299,.F.);
#3488=ADVANCED_FACE('',(#157),#3300,.F.);
#3489=ADVANCED_FACE('',(#158),#3301,.F.);
#3490=ADVANCED_FACE('',(#159),#3302,.T.);
#3491=ADVANCED_FACE('',(#160),#3303,.T.);
#3492=ADVANCED_FACE('',(#161),#3304,.T.);
#3493=ADVANCED_FACE('',(#162),#3305,.T.);
#3494=ADVANCED_FACE('',(#163,#51,#52),#3306,.T.);
#3495=ADVANCED_FACE('',(#164),#3307,.F.);
#3496=ADVANCED_FACE('',(#165),#3308,.F.);
#3497=ADVANCED_FACE('',(#166),#3309,.F.);
#3498=ADVANCED_FACE('',(#167),#3310,.T.);
#3499=ADVANCED_FACE('',(#168),#3311,.F.);
#3500=ADVANCED_FACE('',(#169),#3312,.F.);
#3501=ADVANCED_FACE('',(#170),#3313,.T.);
#3502=ADVANCED_FACE('',(#171),#3314,.F.);
#3503=ADVANCED_FACE('',(#172),#3315,.F.);
#3504=ADVANCED_FACE('',(#173),#3316,.F.);
#3505=ADVANCED_FACE('',(#174),#3317,.T.);
#3506=ADVANCED_FACE('',(#175),#3318,.T.);
#3507=ADVANCED_FACE('',(#176),#3319,.T.);
#3508=ADVANCED_FACE('',(#177),#3320,.T.);
#3509=ADVANCED_FACE('',(#178),#3321,.T.);
#3510=ADVANCED_FACE('',(#179),#3322,.T.);
#3511=ADVANCED_FACE('',(#180),#3323,.T.);
#3512=ADVANCED_FACE('',(#181),#3324,.T.);
#3513=ADVANCED_FACE('',(#182),#3325,.T.);
#3514=ADVANCED_FACE('',(#183),#3326,.T.);
#3515=ADVANCED_FACE('',(#184),#3327,.F.);
#3516=ADVANCED_FACE('',(#185),#3328,.F.);
#3517=ADVANCED_FACE('',(#186),#3329,.F.);
#3518=ADVANCED_FACE('',(#187),#3330,.F.);
#3519=ADVANCED_FACE('',(#188),#3331,.F.);
#3520=ADVANCED_FACE('',(#189),#3332,.F.);
#3521=ADVANCED_FACE('',(#190),#3333,.F.);
#3522=ADVANCED_FACE('',(#191),#3334,.F.);
#3523=ADVANCED_FACE('',(#192),#3335,.T.);
#3524=ADVANCED_FACE('',(#193),#3336,.T.);
#3525=ADVANCED_FACE('',(#194),#3337,.T.);
#3526=ADVANCED_FACE('',(#195),#3338,.T.);
#3527=ADVANCED_FACE('',(#196),#3339,.F.);
#3528=ADVANCED_FACE('',(#197),#3340,.F.);
#3529=ADVANCED_FACE('',(#198),#3341,.F.);
#3530=ADVANCED_FACE('',(#199),#3342,.T.);
#3531=ADVANCED_FACE('',(#200),#3343,.T.);
#3532=ADVANCED_FACE('',(#201),#3344,.T.);
#3533=ADVANCED_FACE('',(#202),#3345,.T.);
#3534=ADVANCED_FACE('',(#203,#53),#3346,.F.);
#3535=ADVANCED_FACE('',(#204,#54),#3347,.F.);
#3536=ADVANCED_FACE('',(#205),#3348,.T.);
#3537=ADVANCED_FACE('',(#206),#3349,.T.);
#3538=ADVANCED_FACE('',(#207),#3350,.T.);
#3539=ADVANCED_FACE('',(#208),#3351,.T.);
#3540=ADVANCED_FACE('',(#209),#3352,.T.);
#3541=ADVANCED_FACE('',(#210),#3353,.T.);
#3542=ADVANCED_FACE('',(#211),#3354,.T.);
#3543=ADVANCED_FACE('',(#212),#3355,.T.);
#3544=ADVANCED_FACE('',(#213),#3356,.T.);
#3545=ADVANCED_FACE('',(#214),#3357,.T.);
#3546=ADVANCED_FACE('',(#215),#3358,.T.);
#3547=ADVANCED_FACE('',(#216),#3359,.T.);
#3548=ADVANCED_FACE('',(#217),#3360,.T.);
#3549=ADVANCED_FACE('',(#218),#3361,.T.);
#3550=ADVANCED_FACE('',(#219),#3362,.T.);
#3551=ADVANCED_FACE('',(#220),#3363,.T.);
#3552=ADVANCED_FACE('',(#221),#3364,.T.);
#3553=ADVANCED_FACE('',(#222),#3365,.T.);
#3554=ADVANCED_FACE('',(#223),#3366,.T.);
#3555=ADVANCED_FACE('',(#224),#3367,.T.);
#3556=ADVANCED_FACE('',(#225),#3368,.F.);
#3557=ADVANCED_FACE('',(#226),#3369,.F.);
#3558=ADVANCED_FACE('',(#227),#3370,.F.);
#3559=ADVANCED_FACE('',(#228),#3371,.F.);
#3560=ADVANCED_FACE('',(#229),#18,.F.);
#3561=ADVANCED_FACE('',(#230),#3372,.F.);
#3562=ADVANCED_FACE('',(#231),#3373,.F.);
#3563=ADVANCED_FACE('',(#232),#3374,.F.);
#3564=ADVANCED_FACE('',(#233),#3375,.F.);
#3565=ADVANCED_FACE('',(#234),#3376,.F.);
#3566=ADVANCED_FACE('',(#235),#3377,.F.);
#3567=ADVANCED_FACE('',(#236),#3378,.F.);
#3568=ADVANCED_FACE('',(#237),#3379,.T.);
#3569=ADVANCED_FACE('',(#238),#3380,.F.);
#3570=ADVANCED_FACE('',(#239),#3381,.T.);
#3571=ADVANCED_FACE('',(#240),#3382,.T.);
#3572=ADVANCED_FACE('',(#241),#3383,.T.);
#3573=ADVANCED_FACE('',(#242),#3384,.T.);
#3574=ADVANCED_FACE('',(#243),#23,.F.);
#3575=ADVANCED_FACE('',(#244),#3385,.T.);
#3576=CLOSED_SHELL('',(#3386,#3387,#3388,#3389,#3390,#3391,#3392,#3393,
#3394,#3395,#3396,#3397,#3398,#3399,#3400,#3401,#3402,#3403,#3404,#3405,
#3406,#3407,#3408,#3409,#3410,#3411,#3412,#3413,#3414,#3415,#3416,#3417,
#3418,#3419,#3420,#3421,#3422,#3423,#3424,#3425,#3426,#3427,#3428,#3429,
#3430,#3431,#3432,#3433,#3434,#3435,#3436,#3437,#3438,#3439,#3440,#3441,
#3442,#3443,#3444,#3445,#3446,#3447,#3448,#3449,#3450,#3451,#3452,#3453,
#3454,#3455,#3456,#3457,#3458,#3459,#3460,#3461,#3462,#3463,#3464,#3465,
#3466,#3467,#3468,#3469,#3470,#3471,#3472,#3473,#3474,#3475,#3476,#3477,
#3478,#3479,#3480,#3481,#3482,#3483,#3484,#3485,#3486,#3487,#3488,#3489,
#3490,#3491,#3492,#3493,#3494,#3495,#3496,#3497,#3498,#3499,#3500,#3501,
#3502,#3503,#3504,#3505,#3506,#3507,#3508,#3509,#3510,#3511,#3512,#3513,
#3514,#3515,#3516,#3517,#3518,#3519,#3520,#3521,#3522,#3523,#3524,#3525,
#3526,#3527,#3528,#3529,#3530,#3531,#3532,#3533,#3534,#3535,#3536,#3537,
#3538,#3539,#3540,#3541,#3542,#3543,#3544,#3545,#3546,#3547,#3548,#3549,
#3550,#3551,#3552,#3553,#3554,#3555,#3556,#3557,#3558,#3559,#3560,#3561,
#3562,#3563,#3564,#3565,#3566,#3567,#3568));
#3577=CLOSED_SHELL('',(#3569,#3570,#3571,#3572,#3573,#3574,#3575));
#3578=DERIVED_UNIT_ELEMENT(#3580,1.);
#3579=DERIVED_UNIT_ELEMENT(#5766,-3.);
#3580=(
MASS_UNIT()
NAMED_UNIT(*)
SI_UNIT(.KILO.,.GRAM.)
);
#3581=DERIVED_UNIT((#3578,#3579));
#3582=MEASURE_REPRESENTATION_ITEM('density measure',
POSITIVE_RATIO_MEASURE(7850.),#3581);
#3583=PROPERTY_DEFINITION_REPRESENTATION(#3588,#3585);
#3584=PROPERTY_DEFINITION_REPRESENTATION(#3589,#3586);
#3585=REPRESENTATION('material name',(#3587),#5763);
#3586=REPRESENTATION('density',(#3582),#5763);
#3587=DESCRIPTIVE_REPRESENTATION_ITEM('Steel','Steel');
#3588=PROPERTY_DEFINITION('material property','material name',#5773);
#3589=PROPERTY_DEFINITION('material property','density of part',#5773);
#3590=AXIS2_PLACEMENT_3D('',#4674,#3793,#3794);
#3591=AXIS2_PLACEMENT_3D('',#4675,#3795,#3796);
#3592=AXIS2_PLACEMENT_3D('',#4684,#3801,#3802);
#3593=AXIS2_PLACEMENT_3D('',#4690,#3806,#3807);
#3594=AXIS2_PLACEMENT_3D('',#4694,#3810,#3811);
#3595=AXIS2_PLACEMENT_3D('',#4698,#3814,#3815);
#3596=AXIS2_PLACEMENT_3D('',#4716,#3825,#3826);
#3597=AXIS2_PLACEMENT_3D('',#4722,#3830,#3831);
#3598=AXIS2_PLACEMENT_3D('',#4726,#3834,#3835);
#3599=AXIS2_PLACEMENT_3D('',#4735,#3840,#3841);
#3600=AXIS2_PLACEMENT_3D('',#4744,#3846,#3847);
#3601=AXIS2_PLACEMENT_3D('',#4753,#3852,#3853);
#3602=AXIS2_PLACEMENT_3D('',#4761,#3858,#3859);
#3603=AXIS2_PLACEMENT_3D('',#4773,#3866,#3867);
#3604=AXIS2_PLACEMENT_3D('',#4784,#3873,#3874);
#3605=AXIS2_PLACEMENT_3D('',#4828,#3897,#3898);
#3606=AXIS2_PLACEMENT_3D('',#4834,#3902,#3903);
#3607=AXIS2_PLACEMENT_3D('',#4843,#3908,#3909);
#3608=AXIS2_PLACEMENT_3D('',#4847,#3912,#3913);
#3609=AXIS2_PLACEMENT_3D('',#4853,#3917,#3918);
#3610=AXIS2_PLACEMENT_3D('',#4862,#3923,#3924);
#3611=AXIS2_PLACEMENT_3D('',#4868,#3928,#3929);
#3612=AXIS2_PLACEMENT_3D('',#4874,#3933,#3934);
#3613=AXIS2_PLACEMENT_3D('',#4880,#3938,#3939);
#3614=AXIS2_PLACEMENT_3D('',#4889,#3944,#3945);
#3615=AXIS2_PLACEMENT_3D('',#4898,#3950,#3951);
#3616=AXIS2_PLACEMENT_3D('',#4923,#3965,#3966);
#3617=AXIS2_PLACEMENT_3D('',#4927,#3969,#3970);
#3618=AXIS2_PLACEMENT_3D('',#4931,#3973,#3974);
#3619=AXIS2_PLACEMENT_3D('',#4935,#3977,#3978);
#3620=AXIS2_PLACEMENT_3D('',#4941,#3982,#3983);
#3621=AXIS2_PLACEMENT_3D('',#4947,#3987,#3988);
#3622=AXIS2_PLACEMENT_3D('',#4949,#3990,#3991);
#3623=AXIS2_PLACEMENT_3D('',#4951,#3993,#3994);
#3624=AXIS2_PLACEMENT_3D('',#4954,#3997,#3998);
#3625=AXIS2_PLACEMENT_3D('',#4960,#4003,#4004);
#3626=AXIS2_PLACEMENT_3D('',#4965,#4008,#4009);
#3627=AXIS2_PLACEMENT_3D('',#4987,#4021,#4022);
#3628=AXIS2_PLACEMENT_3D('',#4993,#4026,#4027);
#3629=AXIS2_PLACEMENT_3D('',#5041,#4053,#4054);
#3630=AXIS2_PLACEMENT_3D('',#5043,#4056,#4057);
#3631=AXIS2_PLACEMENT_3D('',#5049,#4061,#4062);
#3632=AXIS2_PLACEMENT_3D('',#5058,#4067,#4068);
#3633=AXIS2_PLACEMENT_3D('',#5070,#4077,#4078);
#3634=AXIS2_PLACEMENT_3D('',#5076,#4082,#4083);
#3635=AXIS2_PLACEMENT_3D('',#5082,#4087,#4088);
#3636=AXIS2_PLACEMENT_3D('',#5086,#4091,#4092);
#3637=AXIS2_PLACEMENT_3D('',#5087,#4093,#4094);
#3638=AXIS2_PLACEMENT_3D('',#5089,#4096,#4097);
#3639=AXIS2_PLACEMENT_3D('',#5098,#4102,#4103);
#3640=AXIS2_PLACEMENT_3D('',#5105,#4108,#4109);
#3641=AXIS2_PLACEMENT_3D('',#5107,#4111,#4112);
#3642=AXIS2_PLACEMENT_3D('',#5108,#4113,#4114);
#3643=AXIS2_PLACEMENT_3D('',#5112,#4117,#4118);
#3644=AXIS2_PLACEMENT_3D('',#5122,#4124,#4125);
#3645=AXIS2_PLACEMENT_3D('',#5126,#4128,#4129);
#3646=AXIS2_PLACEMENT_3D('',#5128,#4131,#4132);
#3647=AXIS2_PLACEMENT_3D('',#5132,#4135,#4136);
#3648=AXIS2_PLACEMENT_3D('',#5138,#4140,#4141);
#3649=AXIS2_PLACEMENT_3D('',#5142,#4144,#4145);
#3650=AXIS2_PLACEMENT_3D('',#5148,#4149,#4150);
#3651=AXIS2_PLACEMENT_3D('',#5150,#4152,#4153);
#3652=AXIS2_PLACEMENT_3D('',#5154,#4156,#4157);
#3653=AXIS2_PLACEMENT_3D('',#5157,#4160,#4161);
#3654=AXIS2_PLACEMENT_3D('',#5159,#4163,#4164);
#3655=AXIS2_PLACEMENT_3D('',#5162,#4167,#4168);
#3656=AXIS2_PLACEMENT_3D('',#5164,#4170,#4171);
#3657=AXIS2_PLACEMENT_3D('',#5168,#4174,#4175);
#3658=AXIS2_PLACEMENT_3D('',#5170,#4177,#4178);
#3659=AXIS2_PLACEMENT_3D('',#5174,#4181,#4182);
#3660=AXIS2_PLACEMENT_3D('',#5178,#4185,#4186);
#3661=AXIS2_PLACEMENT_3D('',#5212,#4204,#4205);
#3662=AXIS2_PLACEMENT_3D('',#5251,#4212,#4213);
#3663=AXIS2_PLACEMENT_3D('',#5263,#4218,#4219);
#3664=AXIS2_PLACEMENT_3D('',#5264,#4220,#4221);
#3665=AXIS2_PLACEMENT_3D('',#5266,#4222,#4223);
#3666=AXIS2_PLACEMENT_3D('',#5270,#4224,#4225);
#3667=AXIS2_PLACEMENT_3D('',#5278,#4230,#4231);
#3668=AXIS2_PLACEMENT_3D('',#5283,#4234,#4235);
#3669=AXIS2_PLACEMENT_3D('',#5284,#4236,#4237);
#3670=AXIS2_PLACEMENT_3D('',#5285,#4238,#4239);
#3671=AXIS2_PLACEMENT_3D('',#5289,#4242,#4243);
#3672=AXIS2_PLACEMENT_3D('',#5298,#4247,#4248);
#3673=AXIS2_PLACEMENT_3D('',#5300,#4250,#4251);
#3674=AXIS2_PLACEMENT_3D('',#5302,#4252,#4253);
#3675=AXIS2_PLACEMENT_3D('',#5310,#4258,#4259);
#3676=AXIS2_PLACEMENT_3D('',#5311,#4260,#4261);
#3677=AXIS2_PLACEMENT_3D('',#5312,#4262,#4263);
#3678=AXIS2_PLACEMENT_3D('',#5313,#4264,#4265);
#3679=AXIS2_PLACEMENT_3D('',#5314,#4266,#4267);
#3680=AXIS2_PLACEMENT_3D('',#5315,#4268,#4269);
#3681=AXIS2_PLACEMENT_3D('',#5318,#4272,#4273);
#3682=AXIS2_PLACEMENT_3D('',#5323,#4278,#4279);
#3683=AXIS2_PLACEMENT_3D('',#5356,#4283,#4284);
#3684=AXIS2_PLACEMENT_3D('',#5366,#4288,#4289);
#3685=AXIS2_PLACEMENT_3D('',#5367,#4290,#4291);
#3686=AXIS2_PLACEMENT_3D('',#5372,#4292,#4293);
#3687=AXIS2_PLACEMENT_3D('',#5373,#4294,#4295);
#3688=AXIS2_PLACEMENT_3D('',#5376,#4297,#4298);
#3689=AXIS2_PLACEMENT_3D('',#5377,#4299,#4300);
#3690=AXIS2_PLACEMENT_3D('',#5380,#4302,#4303);
#3691=AXIS2_PLACEMENT_3D('',#5381,#4304,#4305);
#3692=AXIS2_PLACEMENT_3D('',#5383,#4307,#4308);
#3693=AXIS2_PLACEMENT_3D('',#5399,#4309,#4310);
#3694=AXIS2_PLACEMENT_3D('',#5401,#4312,#4313);
#3695=AXIS2_PLACEMENT_3D('',#5402,#4314,#4315);
#3696=AXIS2_PLACEMENT_3D('',#5404,#4317,#4318);
#3697=AXIS2_PLACEMENT_3D('',#5405,#4319,#4320);
#3698=AXIS2_PLACEMENT_3D('',#5407,#4322,#4323);
#3699=AXIS2_PLACEMENT_3D('',#5409,#4325,#4326);
#3700=AXIS2_PLACEMENT_3D('',#5418,#4332,#4333);
#3701=AXIS2_PLACEMENT_3D('',#5420,#4335,#4336);
#3702=AXIS2_PLACEMENT_3D('',#5426,#4340,#4341);
#3703=AXIS2_PLACEMENT_3D('',#5430,#4344,#4345);
#3704=AXIS2_PLACEMENT_3D('',#5436,#4349,#4350);
#3705=AXIS2_PLACEMENT_3D('',#5440,#4353,#4354);
#3706=AXIS2_PLACEMENT_3D('',#5444,#4357,#4358);
#3707=AXIS2_PLACEMENT_3D('',#5448,#4361,#4362);
#3708=AXIS2_PLACEMENT_3D('',#5452,#4365,#4366);
#3709=AXIS2_PLACEMENT_3D('',#5456,#4369,#4370);
#3710=AXIS2_PLACEMENT_3D('',#5458,#4372,#4373);
#3711=AXIS2_PLACEMENT_3D('',#5480,#4386,#4387);
#3712=AXIS2_PLACEMENT_3D('',#5481,#4388,#4389);
#3713=AXIS2_PLACEMENT_3D('',#5483,#4391,#4392);
#3714=AXIS2_PLACEMENT_3D('',#5484,#4393,#4394);
#3715=AXIS2_PLACEMENT_3D('',#5507,#4408,#4409);
#3716=AXIS2_PLACEMENT_3D('',#5511,#4412,#4413);
#3717=AXIS2_PLACEMENT_3D('',#5515,#4416,#4417);
#3718=AXIS2_PLACEMENT_3D('',#5517,#4419,#4420);
#3719=AXIS2_PLACEMENT_3D('',#5518,#4421,#4422);
#3720=AXIS2_PLACEMENT_3D('',#5522,#4425,#4426);
#3721=AXIS2_PLACEMENT_3D('',#5524,#4428,#4429);
#3722=AXIS2_PLACEMENT_3D('',#5526,#4431,#4432);
#3723=AXIS2_PLACEMENT_3D('',#5528,#4434,#4435);
#3724=AXIS2_PLACEMENT_3D('',#5534,#4439,#4440);
#3725=AXIS2_PLACEMENT_3D('',#5538,#4443,#4444);
#3726=AXIS2_PLACEMENT_3D('',#5542,#4447,#4448);
#3727=AXIS2_PLACEMENT_3D('',#5543,#4449,#4450);
#3728=AXIS2_PLACEMENT_3D('',#5544,#4451,#4452);
#3729=AXIS2_PLACEMENT_3D('',#5547,#4455,#4456);
#3730=AXIS2_PLACEMENT_3D('',#5549,#4458,#4459);
#3731=AXIS2_PLACEMENT_3D('',#5551,#4461,#4462);
#3732=AXIS2_PLACEMENT_3D('',#5555,#4465,#4466);
#3733=AXIS2_PLACEMENT_3D('',#5556,#4467,#4468);
#3734=AXIS2_PLACEMENT_3D('',#5562,#4472,#4473);
#3735=AXIS2_PLACEMENT_3D('',#5566,#4476,#4477);
#3736=AXIS2_PLACEMENT_3D('',#5570,#4480,#4481);
#3737=AXIS2_PLACEMENT_3D('',#5572,#4483,#4484);
#3738=AXIS2_PLACEMENT_3D('',#5573,#4485,#4486);
#3739=AXIS2_PLACEMENT_3D('',#5577,#4489,#4490);
#3740=AXIS2_PLACEMENT_3D('',#5578,#4491,#4492);
#3741=AXIS2_PLACEMENT_3D('',#5580,#4494,#4495);
#3742=AXIS2_PLACEMENT_3D('',#5586,#4499,#4500);
#3743=AXIS2_PLACEMENT_3D('',#5588,#4502,#4503);
#3744=AXIS2_PLACEMENT_3D('',#5589,#4504,#4505);
#3745=AXIS2_PLACEMENT_3D('',#5591,#4507,#4508);
#3746=AXIS2_PLACEMENT_3D('',#5597,#4512,#4513);
#3747=AXIS2_PLACEMENT_3D('',#5598,#4514,#4515);
#3748=AXIS2_PLACEMENT_3D('',#5604,#4519,#4520);
#3749=AXIS2_PLACEMENT_3D('',#5609,#4524,#4525);
#3750=AXIS2_PLACEMENT_3D('',#5611,#4527,#4528);
#3751=AXIS2_PLACEMENT_3D('',#5622,#4535,#4536);
#3752=AXIS2_PLACEMENT_3D('',#5633,#4542,#4543);
#3753=AXIS2_PLACEMENT_3D('',#5636,#4546,#4547);
#3754=AXIS2_PLACEMENT_3D('',#5638,#4549,#4550);
#3755=AXIS2_PLACEMENT_3D('',#5640,#4552,#4553);
#3756=AXIS2_PLACEMENT_3D('',#5641,#4554,#4555);
#3757=AXIS2_PLACEMENT_3D('',#5644,#4558,#4559);
#3758=AXIS2_PLACEMENT_3D('',#5646,#4561,#4562);
#3759=AXIS2_PLACEMENT_3D('',#5648,#4564,#4565);
#3760=AXIS2_PLACEMENT_3D('',#5650,#4567,#4568);
#3761=AXIS2_PLACEMENT_3D('',#5651,#4569,#4570);
#3762=AXIS2_PLACEMENT_3D('',#5653,#4572,#4573);
#3763=AXIS2_PLACEMENT_3D('',#5659,#4577,#4578);
#3764=AXIS2_PLACEMENT_3D('',#5663,#4581,#4582);
#3765=AXIS2_PLACEMENT_3D('',#5667,#4585,#4586);
#3766=AXIS2_PLACEMENT_3D('',#5670,#4589,#4590);
#3767=AXIS2_PLACEMENT_3D('',#5671,#4591,#4592);
#3768=AXIS2_PLACEMENT_3D('',#5672,#4593,#4594);
#3769=AXIS2_PLACEMENT_3D('',#5673,#4595,#4596);
#3770=AXIS2_PLACEMENT_3D('',#5677,#4599,#4600);
#3771=AXIS2_PLACEMENT_3D('',#5679,#4602,#4603);
#3772=AXIS2_PLACEMENT_3D('',#5680,#4604,#4605);
#3773=AXIS2_PLACEMENT_3D('',#5681,#4606,#4607);
#3774=AXIS2_PLACEMENT_3D('',#5683,#4609,#4610);
#3775=AXIS2_PLACEMENT_3D('',#5684,#4611,#4612);
#3776=AXIS2_PLACEMENT_3D('',#5700,#4613,#4614);
#3777=AXIS2_PLACEMENT_3D('',#5706,#4618,#4619);
#3778=AXIS2_PLACEMENT_3D('',#5710,#4622,#4623);
#3779=AXIS2_PLACEMENT_3D('',#5714,#4626,#4627);
#3780=AXIS2_PLACEMENT_3D('',#5718,#4630,#4631);
#3781=AXIS2_PLACEMENT_3D('',#5722,#4634,#4635);
#3782=AXIS2_PLACEMENT_3D('',#5726,#4638,#4639);
#3783=AXIS2_PLACEMENT_3D('',#5728,#4641,#4642);
#3784=AXIS2_PLACEMENT_3D('',#5729,#4643,#4644);
#3785=AXIS2_PLACEMENT_3D('',#5739,#4649,#4650);
#3786=AXIS2_PLACEMENT_3D('',#5740,#4651,#4652);
#3787=AXIS2_PLACEMENT_3D('',#5746,#4656,#4657);
#3788=AXIS2_PLACEMENT_3D('',#5750,#4660,#4661);
#3789=AXIS2_PLACEMENT_3D('',#5754,#4664,#4665);
#3790=AXIS2_PLACEMENT_3D('',#5758,#4668,#4669);
#3791=AXIS2_PLACEMENT_3D('',#5759,#4670,#4671);
#3792=AXIS2_PLACEMENT_3D('',#5760,#4672,#4673);
#3793=DIRECTION('axis',(0.,0.,1.));
#3794=DIRECTION('refdir',(1.,0.,0.));
#3795=DIRECTION('center_axis',(0.936329177569036,-0.351123441588414,0.));
#3796=DIRECTION('ref_axis',(-0.351123441588414,-0.936329177569036,0.));
#3797=DIRECTION('',(0.331294578224501,0.883452208598802,0.331294578224501));
#3798=DIRECTION('',(0.,0.,-1.));
#3799=DIRECTION('',(-0.331294578224501,-0.883452208598802,0.331294578224501));
#3800=DIRECTION('',(0.,0.,-1.));
#3801=DIRECTION('center_axis',(0.,-0.351123441588414,0.936329177569036));
#3802=DIRECTION('ref_axis',(0.,0.936329177569036,0.351123441588414));
#3803=DIRECTION('',(-1.,0.,0.));
#3804=DIRECTION('',(0.331294578224501,-0.883452208598802,-0.331294578224501));
#3805=DIRECTION('',(-1.,0.,0.));
#3806=DIRECTION('center_axis',(0.,-1.,0.));
#3807=DIRECTION('ref_axis',(0.,0.,-1.));
#3808=DIRECTION('',(-1.,0.,0.));
#3809=DIRECTION('',(0.,0.,1.));
#3810=DIRECTION('center_axis',(0.,-0.351123441588414,-0.936329177569036));
#3811=DIRECTION('ref_axis',(0.,-0.936329177569036,0.351123441588414));
#3812=DIRECTION('',(-0.331294578224501,0.883452208598802,-0.331294578224501));
#3813=DIRECTION('',(-1.,0.,0.));
#3814=DIRECTION('center_axis',(0.,0.,-1.));
#3815=DIRECTION('ref_axis',(0.,1.,0.));
#3816=DIRECTION('',(0.,1.,0.));
#3817=DIRECTION('',(0.,1.,0.));
#3818=DIRECTION('',(0.,1.,0.));
#3819=DIRECTION('',(0.,1.,0.));
#3820=DIRECTION('',(-1.,0.,0.));
#3821=DIRECTION('',(0.,1.,0.));
#3822=DIRECTION('',(0.,1.,0.));
#3823=DIRECTION('',(0.,1.,0.));
#3824=DIRECTION('',(0.,1.,0.));
#3825=DIRECTION('center_axis',(1.,0.,0.));
#3826=DIRECTION('ref_axis',(0.,0.,-1.));
#3827=DIRECTION('',(0.,0.,-1.));
#3828=DIRECTION('',(0.,-1.,0.));
#3829=DIRECTION('',(0.,0.,-1.));
#3830=DIRECTION('center_axis',(1.,0.,0.));
#3831=DIRECTION('ref_axis',(0.,0.,-1.));
#3832=DIRECTION('',(0.,0.,-1.));
#3833=DIRECTION('',(0.,-1.,0.));
#3834=DIRECTION('center_axis',(1.,0.,0.));
#3835=DIRECTION('ref_axis',(0.,0.,-1.));
#3836=DIRECTION('',(0.,-1.,0.));
#3837=DIRECTION('',(0.,0.,-1.));
#3838=DIRECTION('',(0.,1.,0.));
#3839=DIRECTION('',(0.,0.,1.));
#3840=DIRECTION('center_axis',(0.,-1.,0.));
#3841=DIRECTION('ref_axis',(-1.,0.,0.));
#3842=DIRECTION('',(0.,0.,-1.));
#3843=DIRECTION('',(1.,0.,0.));
#3844=DIRECTION('',(0.,0.,-1.));
#3845=DIRECTION('',(-1.,0.,0.));
#3846=DIRECTION('center_axis',(0.,-1.,0.));
#3847=DIRECTION('ref_axis',(-1.,0.,0.));
#3848=DIRECTION('',(1.,0.,0.));
#3849=DIRECTION('',(0.,0.,-1.));
#3850=DIRECTION('',(-1.,0.,0.));
#3851=DIRECTION('',(0.,0.,-1.));
#3852=DIRECTION('center_axis',(0.,-1.,0.));
#3853=DIRECTION('ref_axis',(-1.,0.,0.));
#3854=DIRECTION('',(1.7763568394E-13,0.,-1.));
#3855=DIRECTION('',(-1.,0.,0.));
#3856=DIRECTION('',(0.,0.,-1.));
#3857=DIRECTION('',(1.,0.,0.));
#3858=DIRECTION('center_axis',(0.,-1.,0.));
#3859=DIRECTION('ref_axis',(-1.,0.,0.));
#3860=DIRECTION('',(1.33226762955E-13,0.,-1.));
#3861=DIRECTION('',(0.,0.,-1.));
#3862=DIRECTION('',(-1.,0.,0.));
#3863=DIRECTION('',(0.,0.,-1.));
#3864=DIRECTION('',(-1.554312234475E-13,0.,-1.));
#3865=DIRECTION('',(1.,0.,0.));
#3866=DIRECTION('center_axis',(0.,-1.,0.));
#3867=DIRECTION('ref_axis',(-1.,0.,0.));
#3868=DIRECTION('',(-1.,0.,0.));
#3869=DIRECTION('',(0.,0.,-1.));
#3870=DIRECTION('',(-1.7763568394E-13,0.,-1.));
#3871=DIRECTION('',(1.,0.,0.));
#3872=DIRECTION('',(0.,0.,-1.));
#3873=DIRECTION('center_axis',(1.,0.,0.));
#3874=DIRECTION('ref_axis',(0.,0.,-1.));
#3875=DIRECTION('',(0.,-1.,0.));
#3876=DIRECTION('',(0.,0.,1.));
#3877=DIRECTION('',(0.,1.,0.));
#3878=DIRECTION('',(0.,0.,-1.));
#3879=DIRECTION('',(0.,1.,0.));
#3880=DIRECTION('',(0.,0.,1.));
#3881=DIRECTION('',(0.,-1.,0.));
#3882=DIRECTION('',(0.,1.,0.));
#3883=DIRECTION('',(0.,-1.,0.));
#3884=DIRECTION('',(0.,0.,-1.));
#3885=DIRECTION('',(0.,-1.,0.));
#3886=DIRECTION('',(0.,0.,-1.));
#3887=DIRECTION('',(0.,1.,0.));
#3888=DIRECTION('',(0.,0.,1.));
#3889=DIRECTION('',(0.,1.,0.));
#3890=DIRECTION('',(0.,0.,1.));
#3891=DIRECTION('',(0.,1.,0.));
#3892=DIRECTION('',(0.,0.,-1.));
#3893=DIRECTION('',(0.,0.64287114276419,0.765974342782488));
#3894=DIRECTION('',(0.,0.,-1.));
#3895=DIRECTION('',(0.,-0.642871293713882,-0.765974216092578));
#3896=DIRECTION('',(0.,-1.,0.));
#3897=DIRECTION('center_axis',(0.,0.,-1.));
#3898=DIRECTION('ref_axis',(0.,1.,0.));
#3899=DIRECTION('',(0.,1.,0.));
#3900=DIRECTION('',(1.,0.,0.));
#3901=DIRECTION('',(0.,1.,0.));
#3902=DIRECTION('center_axis',(0.,0.,-1.));
#3903=DIRECTION('ref_axis',(0.,1.,0.));
#3904=DIRECTION('',(1.,0.,0.));
#3905=DIRECTION('',(0.,1.,0.));
#3906=DIRECTION('',(1.,0.,0.));
#3907=DIRECTION('',(0.,1.,0.));
#3908=DIRECTION('center_axis',(0.,0.,-1.));
#3909=DIRECTION('ref_axis',(0.,1.,0.));
#3910=DIRECTION('',(1.,0.,0.));
#3911=DIRECTION('',(0.,1.,0.));
#3912=DIRECTION('center_axis',(0.,0.,-1.));
#3913=DIRECTION('ref_axis',(0.,1.,0.));
#3914=DIRECTION('',(1.,0.,0.));
#3915=DIRECTION('',(0.,1.,0.));
#3916=DIRECTION('',(1.,0.,0.));
#3917=DIRECTION('center_axis',(0.,0.,-1.));
#3918=DIRECTION('ref_axis',(0.,1.,0.));
#3919=DIRECTION('',(1.,0.,0.));
#3920=DIRECTION('',(0.,1.,0.));
#3921=DIRECTION('',(1.,0.,0.));
#3922=DIRECTION('',(0.,1.,0.));
#3923=DIRECTION('center_axis',(0.,0.,-1.));
#3924=DIRECTION('ref_axis',(0.,1.,0.));
#3925=DIRECTION('',(0.,1.,0.));
#3926=DIRECTION('',(0.,1.,0.));
#3927=DIRECTION('',(1.,0.,0.));
#3928=DIRECTION('center_axis',(0.,0.,-1.));
#3929=DIRECTION('ref_axis',(0.,1.,0.));
#3930=DIRECTION('',(0.,1.,0.));
#3931=DIRECTION('',(1.,0.,0.));
#3932=DIRECTION('',(0.,1.,0.));
#3933=DIRECTION('center_axis',(0.,0.,-1.));
#3934=DIRECTION('ref_axis',(0.,1.,0.));
#3935=DIRECTION('',(0.,1.,0.));
#3936=DIRECTION('',(0.,1.,0.));
#3937=DIRECTION('',(1.,0.,0.));
#3938=DIRECTION('center_axis',(0.,0.,-1.));
#3939=DIRECTION('ref_axis',(0.,1.,0.));
#3940=DIRECTION('',(1.,0.,0.));
#3941=DIRECTION('',(0.,1.,0.));
#3942=DIRECTION('',(1.,0.,0.));
#3943=DIRECTION('',(0.,1.,0.));
#3944=DIRECTION('center_axis',(0.,0.,-1.));
#3945=DIRECTION('ref_axis',(0.,1.,0.));
#3946=DIRECTION('',(1.,0.,0.));
#3947=DIRECTION('',(0.,1.,0.));
#3948=DIRECTION('',(1.,0.,0.));
#3949=DIRECTION('',(0.,1.,0.));
#3950=DIRECTION('center_axis',(1.,0.,0.));
#3951=DIRECTION('ref_axis',(0.,0.,-1.));
#3952=DIRECTION('',(0.,-1.,0.));
#3953=DIRECTION('',(0.,0.,1.));
#3954=DIRECTION('',(0.,1.,0.));
#3955=DIRECTION('',(0.,0.,-1.));
#3956=DIRECTION('',(0.,1.,0.));
#3957=DIRECTION('',(0.,0.,1.));
#3958=DIRECTION('',(0.,1.,0.));
#3959=DIRECTION('',(0.,1.,0.));
#3960=DIRECTION('',(0.,1.,0.));
#3961=DIRECTION('',(0.,0.,1.));
#3962=DIRECTION('',(0.,1.,0.));
#3963=DIRECTION('',(0.,0.,-1.));
#3964=DIRECTION('',(0.,0.,-1.));
#3965=DIRECTION('center_axis',(0.,0.,-1.));
#3966=DIRECTION('ref_axis',(1.,0.,0.));
#3967=DIRECTION('',(0.,-1.,0.));
#3968=DIRECTION('',(1.,0.,0.));
#3969=DIRECTION('center_axis',(0.,0.,-1.));
#3970=DIRECTION('ref_axis',(1.,0.,0.));
#3971=DIRECTION('',(1.,0.,0.));
#3972=DIRECTION('',(0.,-1.,0.));
#3973=DIRECTION('center_axis',(0.,0.,-1.));
#3974=DIRECTION('ref_axis',(1.,0.,0.));
#3975=DIRECTION('',(1.,0.,0.));
#3976=DIRECTION('',(0.,-1.,0.));
#3977=DIRECTION('center_axis',(0.,0.,-1.));
#3978=DIRECTION('ref_axis',(1.,0.,0.));
#3979=DIRECTION('',(0.,-1.,0.));
#3980=DIRECTION('',(1.,0.,0.));
#3981=DIRECTION('',(0.,-1.,0.));
#3982=DIRECTION('center_axis',(0.,0.,-1.));
#3983=DIRECTION('ref_axis',(1.,0.,0.));
#3984=DIRECTION('',(1.,0.,0.));
#3985=DIRECTION('',(0.,-1.,0.));
#3986=DIRECTION('',(0.,-1.,0.));
#3987=DIRECTION('center_axis',(0.,1.,0.));
#3988=DIRECTION('ref_axis',(1.,0.,0.));
#3989=DIRECTION('',(0.,0.,1.));
#3990=DIRECTION('center_axis',(0.,1.,0.));
#3991=DIRECTION('ref_axis',(1.,0.,0.));
#3992=DIRECTION('',(0.,0.,-1.));
#3993=DIRECTION('center_axis',(0.,1.,0.));
#3994=DIRECTION('ref_axis',(1.,0.,0.));
#3995=DIRECTION('',(1.7763568394E-13,-1.110223024625E-14,-1.));
#3996=DIRECTION('',(0.,0.,1.));
#3997=DIRECTION('center_axis',(0.,1.,0.));
#3998=DIRECTION('ref_axis',(1.,0.,0.));
#3999=DIRECTION('',(0.,0.,-1.));
#4000=DIRECTION('',(1.110223024625E-13,-1.110223024625E-14,-1.));
#4001=DIRECTION('',(-1.33226762955E-13,-1.110223024625E-14,-1.));
#4002=DIRECTION('',(0.,0.,-1.));
#4003=DIRECTION('center_axis',(0.,1.,0.));
#4004=DIRECTION('ref_axis',(1.,0.,0.));
#4005=DIRECTION('',(-1.7763568394E-13,-1.110223024625E-14,-1.));
#4006=DIRECTION('',(0.,0.,-1.));
#4007=DIRECTION('',(0.,0.,-1.));
#4008=DIRECTION('center_axis',(1.,0.,0.));
#4009=DIRECTION('ref_axis',(0.,0.,-1.));
#4010=DIRECTION('',(0.,-1.,0.));
#4011=DIRECTION('',(0.,0.,1.));
#4012=DIRECTION('',(0.,1.,0.));
#4013=DIRECTION('',(0.,0.,-1.));
#4014=DIRECTION('',(0.,0.,1.));
#4015=DIRECTION('',(0.,1.,0.));
#4016=DIRECTION('',(0.,0.,-1.));
#4017=DIRECTION('',(0.,1.,0.));
#4018=DIRECTION('',(0.,0.,1.));
#4019=DIRECTION('',(0.,1.,0.));
#4020=DIRECTION('',(0.,0.,1.));
#4021=DIRECTION('center_axis',(0.,0.,1.));
#4022=DIRECTION('ref_axis',(1.,0.,0.));
#4023=DIRECTION('',(1.,0.,0.));
#4024=DIRECTION('',(0.,-1.,0.));
#4025=DIRECTION('',(1.,0.,0.));
#4026=DIRECTION('center_axis',(0.,-1.,0.));
#4027=DIRECTION('ref_axis',(0.,0.,-1.));
#4028=DIRECTION('',(0.,0.,-1.));
#4029=DIRECTION('',(0.,0.,1.));
#4030=DIRECTION('',(1.,0.,0.));
#4031=DIRECTION('',(0.,0.,1.));
#4032=DIRECTION('',(0.,0.,-1.));
#4033=DIRECTION('',(-5.181040781584E-14,0.,1.));
#4034=DIRECTION('',(1.,0.,0.));
#4035=DIRECTION('',(5.921189464668E-14,0.,1.));
#4036=DIRECTION('',(0.,0.,1.));
#4037=DIRECTION('',(1.,0.,0.));
#4038=DIRECTION('',(0.,0.,1.));
#4039=DIRECTION('',(-1.,0.,0.));
#4040=DIRECTION('',(0.,0.,-1.));
#4041=DIRECTION('',(-1.,0.,0.));
#4042=DIRECTION('',(0.,0.,1.));
#4043=DIRECTION('',(-1.,0.,0.));
#4044=DIRECTION('',(0.,0.,-1.));
#4045=DIRECTION('',(1.,0.,0.));
#4046=DIRECTION('',(0.,0.,-1.));
#4047=DIRECTION('',(1.,0.,0.));
#4048=DIRECTION('',(0.,0.,1.));
#4049=DIRECTION('',(0.,0.,-1.));
#4050=DIRECTION('',(-5.921189464668E-14,0.,1.));
#4051=DIRECTION('',(1.,0.,0.));
#4052=DIRECTION('',(3.700743415417E-14,0.,1.));
#4053=DIRECTION('center_axis',(1.,0.,0.));
#4054=DIRECTION('ref_axis',(0.,0.,-1.));
#4055=DIRECTION('',(0.,1.,0.));
#4056=DIRECTION('center_axis',(1.,0.,0.));
#4057=DIRECTION('ref_axis',(0.,0.,-1.));
#4058=DIRECTION('',(0.,0.,-1.));
#4059=DIRECTION('',(0.,1.,0.));
#4060=DIRECTION('',(0.,-1.,0.));
#4061=DIRECTION('center_axis',(1.,0.,0.));
#4062=DIRECTION('ref_axis',(0.,0.,-1.));
#4063=DIRECTION('',(0.,-1.,0.));
#4064=DIRECTION('',(0.,0.,-1.));
#4065=DIRECTION('',(0.,1.,0.));
#4066=DIRECTION('',(0.,0.,1.));
#4067=DIRECTION('center_axis',(0.,0.,-1.));
#4068=DIRECTION('ref_axis',(0.,1.,0.));
#4069=DIRECTION('',(-1.,0.,0.));
#4070=DIRECTION('',(0.,1.,0.));
#4071=DIRECTION('',(0.,1.,0.));
#4072=DIRECTION('',(0.,1.,0.));
#4073=DIRECTION('',(-1.110223024625E-14,1.,0.));
#4074=DIRECTION('',(-1.,0.,0.));
#4075=DIRECTION('',(0.,1.,0.));
#4076=DIRECTION('',(0.,1.,0.));
#4077=DIRECTION('center_axis',(0.,-0.351123441588414,-0.936329177569036));
#4078=DIRECTION('ref_axis',(0.,-0.936329177569036,0.351123441588414));
#4079=DIRECTION('',(-1.,0.,0.));
#4080=DIRECTION('',(-0.331294578224501,0.883452208598802,-0.331294578224501));
#4081=DIRECTION('',(-0.331294578224501,-0.883452208598802,0.331294578224501));
#4082=DIRECTION('center_axis',(0.,-1.,0.));
#4083=DIRECTION('ref_axis',(0.,0.,-1.));
#4084=DIRECTION('',(0.,0.,-1.));
#4085=DIRECTION('',(-1.,0.,0.));
#4086=DIRECTION('',(0.,0.,1.));
#4087=DIRECTION('center_axis',(-0.936329177569036,-0.351123441588414,0.));
#4088=DIRECTION('ref_axis',(0.351123441588414,-0.936329177569036,0.));
#4089=DIRECTION('',(0.331294578224501,-0.883452208598802,-0.331294578224501));
#4090=DIRECTION('',(0.,0.,1.));
#4091=DIRECTION('center_axis',(1.,0.,0.));
#4092=DIRECTION('ref_axis',(0.,0.,-1.));
#4093=DIRECTION('center_axis',(1.,0.,0.));
#4094=DIRECTION('ref_axis',(0.,0.,-1.));
#4095=DIRECTION('',(0.,-1.,0.));
#4096=DIRECTION('center_axis',(1.,0.,0.));
#4097=DIRECTION('ref_axis',(0.,0.,-1.));
#4098=DIRECTION('',(0.,1.,0.));
#4099=DIRECTION('',(0.,0.,1.));
#4100=DIRECTION('',(0.,1.,0.));
#4101=DIRECTION('',(0.,0.,-1.));
#4102=DIRECTION('center_axis',(0.,0.,1.));
#4103=DIRECTION('ref_axis',(0.,-1.,0.));
#4104=DIRECTION('',(-1.,0.,0.));
#4105=DIRECTION('',(0.,1.,0.));
#4106=DIRECTION('',(-1.,0.,0.));
#4107=DIRECTION('',(0.,1.,0.));
#4108=DIRECTION('center_axis',(0.,-0.351123441588414,0.936329177569036));
#4109=DIRECTION('ref_axis',(0.,0.936329177569036,0.351123441588414));
#4110=DIRECTION('',(0.331294578224501,0.883452208598802,0.331294578224501));
#4111=DIRECTION('center_axis',(0.936329177569036,-0.351123441588414,0.));
#4112=DIRECTION('ref_axis',(-0.351123441588414,-0.936329177569036,0.));
#4113=DIRECTION('center_axis',(-1.,0.,0.));
#4114=DIRECTION('ref_axis',(0.,0.,1.));
#4115=DIRECTION('',(0.,1.,0.));
#4116=DIRECTION('',(0.,0.,1.));
#4117=DIRECTION('center_axis',(-1.,0.,0.));
#4118=DIRECTION('ref_axis',(0.,0.,1.));
#4119=DIRECTION('',(0.,0.,-1.));
#4120=DIRECTION('',(0.,0.,-1.));
#4121=DIRECTION('',(0.,1.,0.));
#4122=DIRECTION('',(0.,0.,1.));
#4123=DIRECTION('',(0.,-1.,0.));
#4124=DIRECTION('center_axis',(-1.,0.,0.));
#4125=DIRECTION('ref_axis',(0.,0.,1.));
#4126=DIRECTION('',(0.,0.,-1.));
#4127=DIRECTION('',(0.,-1.,0.));
#4128=DIRECTION('center_axis',(0.,1.,0.));
#4129=DIRECTION('ref_axis',(0.,0.,1.));
#4130=DIRECTION('',(1.,0.,0.));
#4131=DIRECTION('center_axis',(0.,1.,0.));
#4132=DIRECTION('ref_axis',(0.,0.,1.));
#4133=DIRECTION('',(1.,0.,0.));
#4134=DIRECTION('',(0.,0.,1.));
#4135=DIRECTION('center_axis',(0.,1.,0.));
#4136=DIRECTION('ref_axis',(0.,0.,1.));
#4137=DIRECTION('',(0.,0.,1.));
#4138=DIRECTION('',(1.,0.,0.));
#4139=DIRECTION('',(0.,0.,1.));
#4140=DIRECTION('center_axis',(0.,1.,0.));
#4141=DIRECTION('ref_axis',(0.,0.,1.));
#4142=DIRECTION('',(1.,0.,0.));
#4143=DIRECTION('',(0.,0.,1.));
#4144=DIRECTION('center_axis',(0.,1.,0.));
#4145=DIRECTION('ref_axis',(0.,0.,1.));
#4146=DIRECTION('',(0.,0.,1.));
#4147=DIRECTION('',(0.,0.,1.));
#4148=DIRECTION('',(1.,0.,0.));
#4149=DIRECTION('center_axis',(0.,0.,-1.));
#4150=DIRECTION('ref_axis',(0.,1.,0.));
#4151=DIRECTION('',(1.,0.,0.));
#4152=DIRECTION('center_axis',(0.,0.,-1.));
#4153=DIRECTION('ref_axis',(0.,1.,0.));
#4154=DIRECTION('',(1.,0.,0.));
#4155=DIRECTION('',(0.,1.,0.));
#4156=DIRECTION('center_axis',(0.,0.,-1.));
#4157=DIRECTION('ref_axis',(0.,1.,0.));
#4158=DIRECTION('',(0.,-1.,0.));
#4159=DIRECTION('',(0.,1.,0.));
#4160=DIRECTION('center_axis',(0.,0.,-1.));
#4161=DIRECTION('ref_axis',(0.,1.,0.));
#4162=DIRECTION('',(0.,1.,0.));
#4163=DIRECTION('center_axis',(0.,0.,-1.));
#4164=DIRECTION('ref_axis',(0.,1.,0.));
#4165=DIRECTION('',(0.,1.,0.));
#4166=DIRECTION('',(0.,-1.,0.));
#4167=DIRECTION('center_axis',(0.,-1.,0.));
#4168=DIRECTION('ref_axis',(0.,0.,-1.));
#4169=DIRECTION('',(1.,0.,0.));
#4170=DIRECTION('center_axis',(0.,-1.,0.));
#4171=DIRECTION('ref_axis',(0.,0.,-1.));
#4172=DIRECTION('',(0.,0.,1.));
#4173=DIRECTION('',(1.,0.,0.));
#4174=DIRECTION('center_axis',(0.,0.,1.));
#4175=DIRECTION('ref_axis',(0.,-1.,0.));
#4176=DIRECTION('',(-0.886914084166971,-0.461934418836985,0.));
#4177=DIRECTION('center_axis',(0.,0.,1.));
#4178=DIRECTION('ref_axis',(0.,-1.,0.));
#4179=DIRECTION('',(0.,1.,0.));
#4180=DIRECTION('',(-0.886914084166971,0.461934418836985,0.));
#4181=DIRECTION('center_axis',(0.461934418836985,-0.886914084166971,0.));
#4182=DIRECTION('ref_axis',(-0.886914084166971,-0.461934418836985,0.));
#4183=DIRECTION('',(0.66353810784448,0.345592764502289,-0.66353810784448));
#4184=DIRECTION('',(0.,0.,-1.));
#4185=DIRECTION('center_axis',(0.,-1.,0.));
#4186=DIRECTION('ref_axis',(0.,0.,-1.));
#4187=DIRECTION('',(0.,0.,-1.));
#4188=DIRECTION('',(-1.,0.,0.));
#4189=DIRECTION('',(0.,0.,1.));
#4190=DIRECTION('',(-1.,0.,0.));
#4191=DIRECTION('',(0.,0.,1.));
#4192=DIRECTION('',(-1.,0.,0.));
#4193=DIRECTION('',(0.,0.,-1.));
#4194=DIRECTION('',(-1.,0.,0.));
#4195=DIRECTION('',(-0.707106781186547,0.,0.707106781186547));
#4196=DIRECTION('',(1.,0.,0.));
#4197=DIRECTION('',(-0.707106781186547,0.,-0.707106781186547));
#4198=DIRECTION('',(0.,0.,1.));
#4199=DIRECTION('',(-1.,0.,0.));
#4200=DIRECTION('',(0.,0.,1.));
#4201=DIRECTION('',(-1.,0.,0.));
#4202=DIRECTION('',(0.,0.,1.));
#4203=DIRECTION('',(1.,0.,0.));
#4204=DIRECTION('center_axis',(-1.,0.,0.));
#4205=DIRECTION('ref_axis',(0.,0.,-1.));
#4206=DIRECTION('',(0.,-1.,0.));
#4207=DIRECTION('',(0.,-1.,0.));
#4208=DIRECTION('',(0.,0.,-1.));
#4209=DIRECTION('',(0.,-1.,0.));
#4210=DIRECTION('',(0.,-1.,0.));
#4211=DIRECTION('',(0.,0.,-1.));
#4212=DIRECTION('center_axis',(0.,0.,-1.));
#4213=DIRECTION('ref_axis',(1.,0.,0.));
#4214=DIRECTION('',(1.,0.,0.));
#4215=DIRECTION('',(0.,1.,0.));
#4216=DIRECTION('',(1.,0.,0.));
#4217=DIRECTION('',(0.,1.,0.));
#4218=DIRECTION('center_axis',(0.,1.,0.));
#4219=DIRECTION('ref_axis',(0.,0.,1.));
#4220=DIRECTION('center_axis',(0.,1.,0.));
#4221=DIRECTION('ref_axis',(-0.443658519053799,0.,-0.896195915227798));
#4222=DIRECTION('center_axis',(0.,1.,0.));
#4223=DIRECTION('ref_axis',(-0.808689828521635,0.,-0.588235294117625));
#4224=DIRECTION('center_axis',(0.,0.,1.));
#4225=DIRECTION('ref_axis',(-1.,0.,0.));
#4226=DIRECTION('',(0.,1.,0.));
#4227=DIRECTION('',(-1.,0.,0.));
#4228=DIRECTION('',(0.,1.,0.));
#4229=DIRECTION('',(-1.,0.,0.));
#4230=DIRECTION('center_axis',(0.,-1.,0.));
#4231=DIRECTION('ref_axis',(1.,0.,0.));
#4232=DIRECTION('',(1.,0.,0.));
#4233=DIRECTION('',(0.,0.,1.));
#4234=DIRECTION('center_axis',(0.,1.,0.));
#4235=DIRECTION('ref_axis',(-1.,0.,0.));
#4236=DIRECTION('center_axis',(0.,-1.,0.));
#4237=DIRECTION('ref_axis',(1.,0.,0.));
#4238=DIRECTION('center_axis',(0.,1.,0.));
#4239=DIRECTION('ref_axis',(-0.69985421222379,0.,-0.71428571428569));
#4240=DIRECTION('',(0.,0.,1.));
#4241=DIRECTION('',(-1.,0.,0.));
#4242=DIRECTION('center_axis',(0.,-1.,0.));
#4243=DIRECTION('ref_axis',(1.,0.,0.));
#4244=DIRECTION('',(0.,0.,1.));
#4245=DIRECTION('',(1.,0.,0.));
#4246=DIRECTION('',(0.,0.,1.));
#4247=DIRECTION('center_axis',(0.,-1.,0.));
#4248=DIRECTION('ref_axis',(0.69985421222379,0.,-0.71428571428569));
#4249=DIRECTION('',(-1.,0.,0.));
#4250=DIRECTION('center_axis',(0.,-1.,0.));
#4251=DIRECTION('ref_axis',(1.,0.,0.));
#4252=DIRECTION('center_axis',(0.,-1.,0.));
#4253=DIRECTION('ref_axis',(1.,0.,0.));
#4254=DIRECTION('',(0.,0.,1.));
#4255=DIRECTION('',(-1.,0.,0.));
#4256=DIRECTION('',(0.,0.,1.));
#4257=DIRECTION('',(1.,0.,0.));
#4258=DIRECTION('center_axis',(0.,1.,0.));
#4259=DIRECTION('ref_axis',(0.,0.,1.));
#4260=DIRECTION('center_axis',(0.,1.,0.));
#4261=DIRECTION('ref_axis',(-0.69985421222379,0.,-0.71428571428569));
#4262=DIRECTION('center_axis',(0.,1.,0.));
#4263=DIRECTION('ref_axis',(0.,0.,1.));
#4264=DIRECTION('center_axis',(0.,1.,0.));
#4265=DIRECTION('ref_axis',(-0.808689828521635,0.,-0.588235294117625));
#4266=DIRECTION('center_axis',(0.,1.,0.));
#4267=DIRECTION('ref_axis',(0.,0.,1.));
#4268=DIRECTION('center_axis',(1.,0.,0.));
#4269=DIRECTION('ref_axis',(0.,0.,1.));
#4270=DIRECTION('',(0.,-1.,0.));
#4271=DIRECTION('',(0.,-1.,0.));
#4272=DIRECTION('center_axis',(0.,0.,-1.));
#4273=DIRECTION('ref_axis',(1.,0.,0.));
#4274=DIRECTION('',(0.,1.,0.));
#4275=DIRECTION('',(0.,1.,0.));
#4276=DIRECTION('',(0.,-1.,0.));
#4277=DIRECTION('',(0.,-1.,0.));
#4278=DIRECTION('center_axis',(-1.,0.,0.));
#4279=DIRECTION('ref_axis',(0.,0.,-1.));
#4280=DIRECTION('',(0.,-1.,0.));
#4281=DIRECTION('',(0.,-1.,0.));
#4282=DIRECTION('',(0.,-1.,0.));
#4283=DIRECTION('center_axis',(0.,0.,-1.));
#4284=DIRECTION('ref_axis',(1.,0.,0.));
#4285=DIRECTION('',(0.,-1.,0.));
#4286=DIRECTION('',(1.,0.,0.));
#4287=DIRECTION('',(0.,-1.,0.));
#4288=DIRECTION('center_axis',(0.,1.,0.));
#4289=DIRECTION('ref_axis',(0.,0.,-1.));
#4290=DIRECTION('center_axis',(0.,-1.,0.));
#4291=DIRECTION('ref_axis',(0.443658519053799,0.,-0.896195915227798));
#4292=DIRECTION('center_axis',(0.,-1.,0.));
#4293=DIRECTION('ref_axis',(0.808689828521635,0.,-0.588235294117625));
#4294=DIRECTION('center_axis',(0.,-1.,0.));
#4295=DIRECTION('ref_axis',(0.,0.,1.));
#4296=DIRECTION('',(0.,-1.,0.));
#4297=DIRECTION('center_axis',(0.,-1.,0.));
#4298=DIRECTION('ref_axis',(0.808689828521635,0.,-0.588235294117625));
#4299=DIRECTION('center_axis',(0.,-1.,0.));
#4300=DIRECTION('ref_axis',(0.,0.,1.));
#4301=DIRECTION('',(1.,0.,0.));
#4302=DIRECTION('center_axis',(0.,-1.,0.));
#4303=DIRECTION('ref_axis',(0.69985421222379,0.,-0.71428571428569));
#4304=DIRECTION('center_axis',(0.,-1.,0.));
#4305=DIRECTION('ref_axis',(0.,0.,1.));
#4306=DIRECTION('',(0.,-1.,0.));
#4307=DIRECTION('center_axis',(0.,0.,1.));
#4308=DIRECTION('ref_axis',(-1.,0.,0.));
#4309=DIRECTION('center_axis',(0.,0.,1.));
#4310=DIRECTION('ref_axis',(-1.,0.,0.));
#4311=DIRECTION('',(0.,-1.,0.));
#4312=DIRECTION('center_axis',(1.,0.,0.));
#4313=DIRECTION('ref_axis',(0.,0.,1.));
#4314=DIRECTION('center_axis',(-1.,0.,0.));
#4315=DIRECTION('ref_axis',(0.,0.,-1.));
#4316=DIRECTION('',(0.,1.,0.));
#4317=DIRECTION('center_axis',(0.,0.,1.));
#4318=DIRECTION('ref_axis',(-1.,0.,0.));
#4319=DIRECTION('center_axis',(1.,0.,0.));
#4320=DIRECTION('ref_axis',(0.,0.,1.));
#4321=DIRECTION('',(0.,1.,0.));
#4322=DIRECTION('center_axis',(0.,0.,1.));
#4323=DIRECTION('ref_axis',(-1.,0.,0.));
#4324=DIRECTION('',(0.,1.,0.));
#4325=DIRECTION('center_axis',(-1.,0.,0.));
#4326=DIRECTION('ref_axis',(0.,0.,1.));
#4327=DIRECTION('',(0.,0.,-1.));
#4328=DIRECTION('',(0.,1.,0.));
#4329=DIRECTION('',(0.,0.,1.));
#4330=DIRECTION('',(0.,-1.,0.));
#4331=DIRECTION('',(0.,0.,1.));
#4332=DIRECTION('center_axis',(-0.461934418836985,-0.886914084166971,0.));
#4333=DIRECTION('ref_axis',(0.886914084166971,-0.461934418836985,0.));
#4334=DIRECTION('',(-0.66353810784448,0.345592764502289,-0.66353810784448));
#4335=DIRECTION('center_axis',(-0.707106781186548,0.,0.707106781186548));
#4336=DIRECTION('ref_axis',(0.707106781186548,0.,0.707106781186548));
#4337=DIRECTION('',(0.707106781186547,0.,0.707106781186547));
#4338=DIRECTION('',(0.,1.,0.));
#4339=DIRECTION('',(0.707106781186547,0.,0.707106781186547));
#4340=DIRECTION('center_axis',(-0.707106781186548,0.,0.707106781186548));
#4341=DIRECTION('ref_axis',(0.707106781186548,0.,0.707106781186548));
#4342=DIRECTION('',(0.707106781186547,0.,0.707106781186547));
#4343=DIRECTION('',(0.,1.,0.));
#4344=DIRECTION('center_axis',(0.,1.,0.));
#4345=DIRECTION('ref_axis',(1.,0.,0.));
#4346=DIRECTION('',(-1.,0.,0.));
#4347=DIRECTION('',(-0.707106781186547,0.,0.707106781186547));
#4348=DIRECTION('',(0.,0.,1.));
#4349=DIRECTION('center_axis',(0.,1.,0.));
#4350=DIRECTION('ref_axis',(1.,0.,0.));
#4351=DIRECTION('',(0.,0.,-1.));
#4352=DIRECTION('',(-1.,0.,0.));
#4353=DIRECTION('center_axis',(0.,0.,-1.));
#4354=DIRECTION('ref_axis',(-1.,0.,0.));
#4355=DIRECTION('',(0.,-1.,0.));
#4356=DIRECTION('',(-1.,0.,0.));
#4357=DIRECTION('center_axis',(0.,1.,0.));
#4358=DIRECTION('ref_axis',(1.,0.,0.));
#4359=DIRECTION('',(0.,0.,1.));
#4360=DIRECTION('',(-0.707106781186547,0.,0.707106781186547));
#4361=DIRECTION('center_axis',(0.,1.,0.));
#4362=DIRECTION('ref_axis',(1.,0.,0.));
#4363=DIRECTION('',(0.,0.,-1.));
#4364=DIRECTION('',(-1.,0.,0.));
#4365=DIRECTION('center_axis',(0.707106781186548,0.,0.707106781186548));
#4366=DIRECTION('ref_axis',(-0.707106781186548,0.,0.707106781186548));
#4367=DIRECTION('',(0.707106781186547,0.,-0.707106781186547));
#4368=DIRECTION('',(0.,-1.,0.));
#4369=DIRECTION('center_axis',(0.707106781186548,0.,0.707106781186548));
#4370=DIRECTION('ref_axis',(-0.707106781186548,0.,0.707106781186548));
#4371=DIRECTION('',(0.,-1.,0.));
#4372=DIRECTION('center_axis',(0.,0.,1.));
#4373=DIRECTION('ref_axis',(0.,-1.,0.));
#4374=DIRECTION('',(0.,1.,0.));
#4375=DIRECTION('',(1.,0.,0.));
#4376=DIRECTION('',(0.,1.,0.));
#4377=DIRECTION('',(0.,-1.,0.));
#4378=DIRECTION('',(-1.,0.,0.));
#4379=DIRECTION('',(0.,1.,0.));
#4380=DIRECTION('',(1.,0.,0.));
#4381=DIRECTION('',(-1.,0.,0.));
#4382=DIRECTION('',(-0.707106781186548,0.707106781186548,0.));
#4383=DIRECTION('',(0.,1.,0.));
#4384=DIRECTION('',(1.,0.,0.));
#4385=DIRECTION('',(0.,-1.,0.));
#4386=DIRECTION('center_axis',(-1.,0.,0.));
#4387=DIRECTION('ref_axis',(0.,0.,1.));
#4388=DIRECTION('center_axis',(1.,0.,0.));
#4389=DIRECTION('ref_axis',(0.,0.,-1.));
#4390=DIRECTION('',(0.,-1.,0.));
#4391=DIRECTION('center_axis',(0.,0.,-1.));
#4392=DIRECTION('ref_axis',(-1.,0.,0.));
#4393=DIRECTION('center_axis',(0.,1.,0.));
#4394=DIRECTION('ref_axis',(0.,0.,1.));
#4395=DIRECTION('',(1.,0.,0.));
#4396=DIRECTION('',(0.,0.,1.));
#4397=DIRECTION('',(1.,0.,0.));
#4398=DIRECTION('',(1.,0.,0.));
#4399=DIRECTION('',(1.,0.,0.));
#4400=DIRECTION('',(0.,0.,1.));
#4401=DIRECTION('',(1.,0.,0.));
#4402=DIRECTION('',(0.,0.,1.));
#4403=DIRECTION('',(1.,0.,0.));
#4404=DIRECTION('',(0.,0.,1.));
#4405=DIRECTION('',(1.,0.,0.));
#4406=DIRECTION('',(0.,0.,1.));
#4407=DIRECTION('',(1.,0.,0.));
#4408=DIRECTION('center_axis',(0.,0.,1.));
#4409=DIRECTION('ref_axis',(1.,0.,0.));
#4410=DIRECTION('',(1.,0.,0.));
#4411=DIRECTION('',(0.,-1.,0.));
#4412=DIRECTION('center_axis',(0.,0.,1.));
#4413=DIRECTION('ref_axis',(1.,0.,0.));
#4414=DIRECTION('',(1.,0.,0.));
#4415=DIRECTION('',(0.,-1.,0.));
#4416=DIRECTION('center_axis',(0.,1.,0.));
#4417=DIRECTION('ref_axis',(0.,0.,1.));
#4418=DIRECTION('',(0.,0.,-1.));
#4419=DIRECTION('center_axis',(1.,0.,0.));
#4420=DIRECTION('ref_axis',(0.,0.,-1.));
#4421=DIRECTION('center_axis',(1.,0.,0.));
#4422=DIRECTION('ref_axis',(0.,0.,-1.));
#4423=DIRECTION('',(0.,1.,0.));
#4424=DIRECTION('',(0.,0.,-1.));
#4425=DIRECTION('center_axis',(1.,0.,0.));
#4426=DIRECTION('ref_axis',(0.,0.,-1.));
#4427=DIRECTION('',(0.,0.,-1.));
#4428=DIRECTION('center_axis',(0.,-1.,0.));
#4429=DIRECTION('ref_axis',(0.,0.,-1.));
#4430=DIRECTION('',(1.,0.,0.));
#4431=DIRECTION('center_axis',(0.,-1.,0.));
#4432=DIRECTION('ref_axis',(0.,0.,-1.));
#4433=DIRECTION('',(1.,0.,0.));
#4434=DIRECTION('center_axis',(0.,-1.,0.));
#4435=DIRECTION('ref_axis',(0.,0.,-1.));
#4436=DIRECTION('',(0.,0.,-1.));
#4437=DIRECTION('',(1.,0.,0.));
#4438=DIRECTION('',(0.,0.,-1.));
#4439=DIRECTION('center_axis',(0.,-1.,0.));
#4440=DIRECTION('ref_axis',(0.,0.,-1.));
#4441=DIRECTION('',(0.,0.,-1.));
#4442=DIRECTION('',(1.,0.,0.));
#4443=DIRECTION('center_axis',(0.,-1.,0.));
#4444=DIRECTION('ref_axis',(0.,0.,-1.));
#4445=DIRECTION('',(1.,0.,0.));
#4446=DIRECTION('',(0.,0.,-1.));
#4447=DIRECTION('center_axis',(0.,0.,-1.));
#4448=DIRECTION('ref_axis',(0.,1.,0.));
#4449=DIRECTION('center_axis',(0.,0.,-1.));
#4450=DIRECTION('ref_axis',(0.,1.,0.));
#4451=DIRECTION('center_axis',(0.,0.,-1.));
#4452=DIRECTION('ref_axis',(0.,1.,0.));
#4453=DIRECTION('',(0.,1.,0.));
#4454=DIRECTION('',(0.,1.,0.));
#4455=DIRECTION('center_axis',(0.,0.,-1.));
#4456=DIRECTION('ref_axis',(0.,1.,0.));
#4457=DIRECTION('',(0.,1.,0.));
#4458=DIRECTION('center_axis',(0.,0.,-1.));
#4459=DIRECTION('ref_axis',(0.,1.,0.));
#4460=DIRECTION('',(0.,1.,0.));
#4461=DIRECTION('center_axis',(1.,0.,0.));
#4462=DIRECTION('ref_axis',(0.,0.,-1.));
#4463=DIRECTION('',(0.,-1.,0.));
#4464=DIRECTION('',(0.,0.,-1.));
#4465=DIRECTION('center_axis',(1.,0.,0.));
#4466=DIRECTION('ref_axis',(0.,0.,-1.));
#4467=DIRECTION('center_axis',(1.,0.,0.));
#4468=DIRECTION('ref_axis',(0.,0.,-1.));
#4469=DIRECTION('',(0.,0.,-1.));
#4470=DIRECTION('',(0.,1.,0.));
#4471=DIRECTION('',(0.,-1.,0.));
#4472=DIRECTION('center_axis',(0.,0.,1.));
#4473=DIRECTION('ref_axis',(1.,0.,0.));
#4474=DIRECTION('',(0.,-1.,0.));
#4475=DIRECTION('',(1.,0.,0.));
#4476=DIRECTION('center_axis',(0.,0.,1.));
#4477=DIRECTION('ref_axis',(1.,0.,0.));
#4478=DIRECTION('',(1.,0.,0.));
#4479=DIRECTION('',(0.,-1.,0.));
#4480=DIRECTION('center_axis',(-1.,0.,0.));
#4481=DIRECTION('ref_axis',(0.,0.,1.));
#4482=DIRECTION('',(0.,0.,-1.));
#4483=DIRECTION('center_axis',(-1.,0.,0.));
#4484=DIRECTION('ref_axis',(0.,0.,1.));
#4485=DIRECTION('center_axis',(-1.,0.,0.));
#4486=DIRECTION('ref_axis',(0.,0.,1.));
#4487=DIRECTION('',(0.,0.,-1.));
#4488=DIRECTION('',(0.,1.,0.));
#4489=DIRECTION('center_axis',(0.,1.,0.));
#4490=DIRECTION('ref_axis',(0.,0.,1.));
#4491=DIRECTION('center_axis',(0.,-1.,0.));
#4492=DIRECTION('ref_axis',(0.,0.,-1.));
#4493=DIRECTION('',(-1.,0.,0.));
#4494=DIRECTION('center_axis',(0.,-1.,0.));
#4495=DIRECTION('ref_axis',(0.,0.,-1.));
#4496=DIRECTION('',(-1.,0.,0.));
#4497=DIRECTION('',(0.,0.,-1.));
#4498=DIRECTION('',(1.,0.,0.));
#4499=DIRECTION('center_axis',(0.,0.,1.));
#4500=DIRECTION('ref_axis',(0.,-1.,0.));
#4501=DIRECTION('',(0.,-1.,0.));
#4502=DIRECTION('center_axis',(1.,0.,0.));
#4503=DIRECTION('ref_axis',(0.,0.,-1.));
#4504=DIRECTION('center_axis',(1.,0.,0.));
#4505=DIRECTION('ref_axis',(0.,0.,-1.));
#4506=DIRECTION('',(0.,0.,1.));
#4507=DIRECTION('center_axis',(1.,0.,0.));
#4508=DIRECTION('ref_axis',(0.,0.,-1.));
#4509=DIRECTION('',(0.,1.,0.));
#4510=DIRECTION('',(0.,0.,1.));
#4511=DIRECTION('',(0.,1.,0.));
#4512=DIRECTION('center_axis',(-0.936329177569036,-0.351123441588414,0.));
#4513=DIRECTION('ref_axis',(0.351123441588414,-0.936329177569036,0.));
#4514=DIRECTION('center_axis',(-0.936329177569036,0.,0.351123441588414));
#4515=DIRECTION('ref_axis',(0.351123441588414,0.,0.936329177569036));
#4516=DIRECTION('',(-0.331294578224501,-0.331294578224501,-0.883452208598802));
#4517=DIRECTION('',(0.,1.,0.));
#4518=DIRECTION('',(-0.331294578224501,0.331294578224501,-0.883452208598802));
#4519=DIRECTION('center_axis',(0.,0.936329177569036,0.351123441588414));
#4520=DIRECTION('ref_axis',(0.,0.351123441588414,-0.936329177569036));
#4521=DIRECTION('',(-1.,0.,0.));
#4522=DIRECTION('',(-1.,0.,0.));
#4523=DIRECTION('',(0.331294578224501,0.331294578224501,-0.883452208598802));
#4524=DIRECTION('center_axis',(0.,1.,0.));
#4525=DIRECTION('ref_axis',(0.,0.,1.));
#4526=DIRECTION('',(1.,0.,0.));
#4527=DIRECTION('center_axis',(0.,0.,-1.));
#4528=DIRECTION('ref_axis',(-1.,0.,0.));
#4529=DIRECTION('',(0.,-1.,0.));
#4530=DIRECTION('',(1.,0.,0.));
#4531=DIRECTION('',(0.,1.,0.));
#4532=DIRECTION('',(-1.,0.,0.));
#4533=DIRECTION('',(1.,0.,0.));
#4534=DIRECTION('',(1.,0.,0.));
#4535=DIRECTION('center_axis',(0.,0.,-1.));
#4536=DIRECTION('ref_axis',(-1.,0.,0.));
#4537=DIRECTION('',(-1.,0.,0.));
#4538=DIRECTION('',(0.,-1.,0.));
#4539=DIRECTION('',(1.,0.,0.));
#4540=DIRECTION('',(0.,1.,0.));
#4541=DIRECTION('',(-0.707106781186548,0.707106781186548,0.));
#4542=DIRECTION('center_axis',(-1.,0.,0.));
#4543=DIRECTION('ref_axis',(0.,-1.,0.));
#4544=DIRECTION('',(0.,0.,-1.));
#4545=DIRECTION('',(0.,0.,-1.));
#4546=DIRECTION('center_axis',(0.,1.,0.));
#4547=DIRECTION('ref_axis',(-1.,0.,0.));
#4548=DIRECTION('',(0.,0.,-1.));
#4549=DIRECTION('center_axis',(1.,0.,0.));
#4550=DIRECTION('ref_axis',(0.,1.,0.));
#4551=DIRECTION('',(0.,0.,-1.));
#4552=DIRECTION('center_axis',(0.,-1.,0.));
#4553=DIRECTION('ref_axis',(1.,0.,0.));
#4554=DIRECTION('center_axis',(0.,1.,0.));
#4555=DIRECTION('ref_axis',(-1.,0.,0.));
#4556=DIRECTION('',(0.,0.,-1.));
#4557=DIRECTION('',(0.,0.,-1.));
#4558=DIRECTION('center_axis',(0.707106781186548,0.707106781186548,0.));
#4559=DIRECTION('ref_axis',(-0.707106781186548,0.707106781186548,0.));
#4560=DIRECTION('',(0.,0.,-1.));
#4561=DIRECTION('center_axis',(1.,0.,0.));
#4562=DIRECTION('ref_axis',(0.,1.,0.));
#4563=DIRECTION('',(0.,0.,-1.));
#4564=DIRECTION('center_axis',(0.,-1.,0.));
#4565=DIRECTION('ref_axis',(1.,0.,0.));
#4566=DIRECTION('',(0.,0.,-1.));
#4567=DIRECTION('center_axis',(-1.,0.,0.));
#4568=DIRECTION('ref_axis',(0.,-1.,0.));
#4569=DIRECTION('center_axis',(0.,1.,0.));
#4570=DIRECTION('ref_axis',(0.,0.,1.));
#4571=DIRECTION('',(-1.,0.,0.));
#4572=DIRECTION('center_axis',(0.,0.936329177569036,0.351123441588414));
#4573=DIRECTION('ref_axis',(0.,0.351123441588414,-0.936329177569036));
#4574=DIRECTION('',(-0.331294578224501,0.331294578224501,-0.883452208598802));
#4575=DIRECTION('',(-1.,0.,0.));
#4576=DIRECTION('',(0.331294578224501,0.331294578224501,-0.883452208598802));
#4577=DIRECTION('center_axis',(0.936329177569036,0.,0.351123441588414));
#4578=DIRECTION('ref_axis',(-0.351123441588414,0.,0.936329177569036));
#4579=DIRECTION('',(0.,-1.,0.));
#4580=DIRECTION('',(-0.331294578224501,0.331294578224501,0.883452208598802));
#4581=DIRECTION('center_axis',(0.,0.,1.));
#4582=DIRECTION('ref_axis',(0.,-1.,0.));
#4583=DIRECTION('',(-1.,0.,0.));
#4584=DIRECTION('',(0.,1.,0.));
#4585=DIRECTION('center_axis',(0.,-0.936329177569036,0.351123441588414));
#4586=DIRECTION('ref_axis',(0.,0.351123441588414,0.936329177569036));
#4587=DIRECTION('',(-0.331294578224501,-0.331294578224501,-0.883452208598802));
#4588=DIRECTION('',(-1.,0.,0.));
#4589=DIRECTION('center_axis',(0.,-1.,0.));
#4590=DIRECTION('ref_axis',(0.,0.,-1.));
#4591=DIRECTION('center_axis',(0.,-1.,0.));
#4592=DIRECTION('ref_axis',(0.,0.,-1.));
#4593=DIRECTION('center_axis',(-0.936329177569036,0.,0.351123441588414));
#4594=DIRECTION('ref_axis',(0.351123441588414,0.,0.936329177569036));
#4595=DIRECTION('center_axis',(0.936329177569036,0.,0.351123441588414));
#4596=DIRECTION('ref_axis',(-0.351123441588414,0.,0.936329177569036));
#4597=DIRECTION('',(0.,-1.,0.));
#4598=DIRECTION('',(-0.331294578224501,0.331294578224501,0.883452208598802));
#4599=DIRECTION('center_axis',(0.,0.,1.));
#4600=DIRECTION('ref_axis',(0.,-1.,0.));
#4601=DIRECTION('',(-1.,0.,0.));
#4602=DIRECTION('center_axis',(0.,-0.936329177569036,0.351123441588414));
#4603=DIRECTION('ref_axis',(0.,0.351123441588414,0.936329177569036));
#4604=DIRECTION('center_axis',(-1.,0.,0.));
#4605=DIRECTION('ref_axis',(0.,0.,1.));
#4606=DIRECTION('center_axis',(1.,0.,0.));
#4607=DIRECTION('ref_axis',(0.,0.,-1.));
#4608=DIRECTION('',(0.,-1.,0.));
#4609=DIRECTION('center_axis',(0.,0.,1.));
#4610=DIRECTION('ref_axis',(1.,0.,0.));
#4611=DIRECTION('center_axis',(0.,0.,-1.));
#4612=DIRECTION('ref_axis',(1.,0.,0.));
#4613=DIRECTION('center_axis',(0.,1.,0.));
#4614=DIRECTION('ref_axis',(0.,0.,1.));
#4615=DIRECTION('',(-1.,0.,0.));
#4616=DIRECTION('',(0.,0.,1.));
#4617=DIRECTION('',(-1.,0.,0.));
#4618=DIRECTION('center_axis',(0.,0.,-1.));
#4619=DIRECTION('ref_axis',(0.,1.,0.));
#4620=DIRECTION('',(0.,1.,0.));
#4621=DIRECTION('',(-1.,0.,0.));
#4622=DIRECTION('center_axis',(0.,-1.,0.));
#4623=DIRECTION('ref_axis',(0.,0.,-1.));
#4624=DIRECTION('',(0.,0.,-1.));
#4625=DIRECTION('',(-1.,0.,0.));
#4626=DIRECTION('center_axis',(0.,0.765974342782488,-0.64287114276419));
#4627=DIRECTION('ref_axis',(0.,0.64287114276419,0.765974342782488));
#4628=DIRECTION('',(0.,0.64287114276419,0.765974342782488));
#4629=DIRECTION('',(-1.,0.,0.));
#4630=DIRECTION('center_axis',(0.,-1.,0.));
#4631=DIRECTION('ref_axis',(0.,0.,-1.));
#4632=DIRECTION('',(0.,0.,-1.));
#4633=DIRECTION('',(-1.,0.,0.));
#4634=DIRECTION('center_axis',(0.,-0.765974216092578,0.642871293713882));
#4635=DIRECTION('ref_axis',(0.,-0.642871293713882,-0.765974216092578));
#4636=DIRECTION('',(0.,-0.642871293713882,-0.765974216092578));
#4637=DIRECTION('',(-1.,0.,0.));
#4638=DIRECTION('center_axis',(0.,0.,1.));
#4639=DIRECTION('ref_axis',(0.,-1.,0.));
#4640=DIRECTION('',(0.,-1.,0.));
#4641=DIRECTION('center_axis',(1.,0.,0.));
#4642=DIRECTION('ref_axis',(0.,-1.,0.));
#4643=DIRECTION('center_axis',(1.,0.,0.));
#4644=DIRECTION('ref_axis',(0.,0.,-1.));
#4645=DIRECTION('',(0.,0.,-1.));
#4646=DIRECTION('',(0.,-0.707106781186547,0.707106781186547));
#4647=DIRECTION('',(0.,0.,1.));
#4648=DIRECTION('',(0.,1.,0.));
#4649=DIRECTION('center_axis',(-1.,0.,0.));
#4650=DIRECTION('ref_axis',(0.,-1.,0.));
#4651=DIRECTION('center_axis',(0.,-1.,0.));
#4652=DIRECTION('ref_axis',(0.,0.,-1.));
#4653=DIRECTION('',(1.,0.,0.));
#4654=DIRECTION('',(0.,0.,-1.));
#4655=DIRECTION('',(1.,0.,0.));
#4656=DIRECTION('center_axis',(0.,0.707106781186548,0.707106781186548));
#4657=DIRECTION('ref_axis',(0.,-0.707106781186548,0.707106781186548));
#4658=DIRECTION('',(0.,-0.707106781186547,0.707106781186547));
#4659=DIRECTION('',(1.,0.,0.));
#4660=DIRECTION('center_axis',(0.,1.,0.));
#4661=DIRECTION('ref_axis',(0.,0.,1.));
#4662=DIRECTION('',(0.,0.,1.));
#4663=DIRECTION('',(1.,0.,0.));
#4664=DIRECTION('center_axis',(0.,0.,-1.));
#4665=DIRECTION('ref_axis',(0.,1.,0.));
#4666=DIRECTION('',(0.,1.,0.));
#4667=DIRECTION('',(1.,0.,0.));
#4668=DIRECTION('center_axis',(1.,0.,0.));
#4669=DIRECTION('ref_axis',(0.,0.,-1.));
#4670=DIRECTION('center_axis',(-1.,0.,0.));
#4671=DIRECTION('ref_axis',(0.,-1.,0.));
#4672=DIRECTION('center_axis',(1.,0.,0.));
#4673=DIRECTION('ref_axis',(0.,0.,-1.));
#4674=CARTESIAN_POINT('',(0.,0.,0.));
#4675=CARTESIAN_POINT('Origin',(1.745,-5.45,-3.95));
#4676=CARTESIAN_POINT('',(1.67,-5.65,-3.78));
#4677=CARTESIAN_POINT('',(1.82,-5.25,-3.63));
#4678=CARTESIAN_POINT('',(1.67,-5.65,-3.78));
#4679=CARTESIAN_POINT('',(1.67,-5.65,-4.12));
#4680=CARTESIAN_POINT('',(1.67,-5.65,-3.78));
#4681=CARTESIAN_POINT('',(1.82,-5.25,-4.27));
#4682=CARTESIAN_POINT('',(1.82,-5.25,-4.27));
#4683=CARTESIAN_POINT('',(1.82,-5.25,-3.63));
#4684=CARTESIAN_POINT('Origin',(1.5,-5.45,-3.705));
#4685=CARTESIAN_POINT('',(1.18,-5.25,-3.63));
#4686=CARTESIAN_POINT('',(1.82,-5.25,-3.63));
#4687=CARTESIAN_POINT('',(1.33,-5.65,-3.78));
#4688=CARTESIAN_POINT('',(1.18,-5.25,-3.63));
#4689=CARTESIAN_POINT('',(1.67,-5.65,-3.78));
#4690=CARTESIAN_POINT('Origin',(1.82,-5.65,-3.63));
#4691=CARTESIAN_POINT('',(1.33,-5.65,-4.12));
#4692=CARTESIAN_POINT('',(1.67,-5.65,-4.12));
#4693=CARTESIAN_POINT('',(1.33,-5.65,-4.12));
#4694=CARTESIAN_POINT('Origin',(1.5,-5.45,-4.195));
#4695=CARTESIAN_POINT('',(1.18,-5.25,-4.27));
#4696=CARTESIAN_POINT('',(1.33,-5.65,-4.12));
#4697=CARTESIAN_POINT('',(1.82,-5.25,-4.27));
#4698=CARTESIAN_POINT('Origin',(1.82,-5.65,-4.27));
#4699=CARTESIAN_POINT('',(1.18,-1.68,-4.27));
#4700=CARTESIAN_POINT('',(1.18,-5.25,-4.27));
#4701=CARTESIAN_POINT('',(1.18,-0.875,-4.27));
#4702=CARTESIAN_POINT('',(1.18,-1.68,-4.27));
#4703=CARTESIAN_POINT('',(1.18,0.875,-4.27));
#4704=CARTESIAN_POINT('',(1.18,-0.875,-4.27));
#4705=CARTESIAN_POINT('',(1.18,1.055,-4.27));
#4706=CARTESIAN_POINT('',(1.18,0.875,-4.27));
#4707=CARTESIAN_POINT('',(1.82,1.055,-4.27));
#4708=CARTESIAN_POINT('',(1.82,1.055,-4.27));
#4709=CARTESIAN_POINT('',(1.82,0.875,-4.27));
#4710=CARTESIAN_POINT('',(1.82,0.875,-4.27));
#4711=CARTESIAN_POINT('',(1.82,-0.875,-4.27));
#4712=CARTESIAN_POINT('',(1.82,-0.875,-4.27));
#4713=CARTESIAN_POINT('',(1.82,-1.68,-4.27));
#4714=CARTESIAN_POINT('',(1.82,-1.68,-4.27));
#4715=CARTESIAN_POINT('',(1.82,-5.25,-4.27));
#4716=CARTESIAN_POINT('Origin',(1.82,0.,0.));
#4717=CARTESIAN_POINT('',(1.82,0.875,-3.68));
#4718=CARTESIAN_POINT('',(1.82,0.875,-3.68));
#4719=CARTESIAN_POINT('',(1.82,-0.875,-3.68));
#4720=CARTESIAN_POINT('',(1.82,0.875,-3.68));
#4721=CARTESIAN_POINT('',(1.82,-0.875,-3.68));
#4722=CARTESIAN_POINT('Origin',(1.82,0.,0.));
#4723=CARTESIAN_POINT('',(1.82,-1.68,-3.63));
#4724=CARTESIAN_POINT('',(1.82,-1.68,-3.63));
#4725=CARTESIAN_POINT('',(1.82,-1.68,-3.63));
#4726=CARTESIAN_POINT('Origin',(1.82,0.,0.));
#4727=CARTESIAN_POINT('',(1.82,0.32,2.15));
#4728=CARTESIAN_POINT('',(1.82,-0.32,2.15));
#4729=CARTESIAN_POINT('',(1.82,0.32,2.15));
#4730=CARTESIAN_POINT('',(1.82,-0.32,-1.65));
#4731=CARTESIAN_POINT('',(1.82,-0.32,2.15));
#4732=CARTESIAN_POINT('',(1.82,0.32,-1.65));
#4733=CARTESIAN_POINT('',(1.82,-0.32,-1.65));
#4734=CARTESIAN_POINT('',(1.82,0.32,-1.65));
#4735=CARTESIAN_POINT('Origin',(4.825,-0.875,-4.28));
#4736=CARTESIAN_POINT('',(4.825,-0.875,-3.68));
#4737=CARTESIAN_POINT('',(4.825,-0.875,-4.28));
#4738=CARTESIAN_POINT('',(4.825,-0.875,-3.68));
#4739=CARTESIAN_POINT('',(3.865,-0.875,-4.28));
#4740=CARTESIAN_POINT('',(3.865,-0.875,-4.28));
#4741=CARTESIAN_POINT('',(3.865,-0.875,-3.68));
#4742=CARTESIAN_POINT('',(3.865,-0.875,-3.68));
#4743=CARTESIAN_POINT('',(4.825,-0.875,-3.68));
#4744=CARTESIAN_POINT('Origin',(4.825,-0.875,-4.28));
#4745=CARTESIAN_POINT('',(-4.825,-0.875,-4.28));
#4746=CARTESIAN_POINT('',(-3.865,-0.875,-4.28));
#4747=CARTESIAN_POINT('',(-4.825,-0.875,-4.28));
#4748=CARTESIAN_POINT('',(-4.825,-0.875,-3.68));
#4749=CARTESIAN_POINT('',(-4.825,-0.875,-3.68));
#4750=CARTESIAN_POINT('',(-3.865,-0.875,-3.68));
#4751=CARTESIAN_POINT('',(-3.865,-0.875,-3.68));
#4752=CARTESIAN_POINT('',(-3.865,-0.875,-3.68));
#4753=CARTESIAN_POINT('Origin',(4.825,-0.875,-4.28));
#4754=CARTESIAN_POINT('',(1.82,-0.875,-4.28));
#4755=CARTESIAN_POINT('',(1.82,-0.875,-4.27));
#4756=CARTESIAN_POINT('',(3.465,-0.875,-3.68));
#4757=CARTESIAN_POINT('',(3.465,-0.875,-3.68));
#4758=CARTESIAN_POINT('',(3.465,-0.875,-4.28));
#4759=CARTESIAN_POINT('',(3.465,-0.875,-3.68));
#4760=CARTESIAN_POINT('',(1.82,-0.875,-4.28));
#4761=CARTESIAN_POINT('Origin',(4.825,-0.875,-4.28));
#4762=CARTESIAN_POINT('',(-1.18,-0.875,-4.27));
#4763=CARTESIAN_POINT('',(-1.18,-0.875,-4.28));
#4764=CARTESIAN_POINT('',(-1.18,-0.875,-4.27));
#4765=CARTESIAN_POINT('',(-1.18,-0.875,-3.68));
#4766=CARTESIAN_POINT('',(-1.18,-0.875,-3.68));
#4767=CARTESIAN_POINT('',(1.18,-0.875,-3.68));
#4768=CARTESIAN_POINT('',(1.18,-0.875,-3.68));
#4769=CARTESIAN_POINT('',(1.18,-0.875,-3.68));
#4770=CARTESIAN_POINT('',(1.18,-0.875,-4.28));
#4771=CARTESIAN_POINT('',(1.18,-0.875,-4.27));
#4772=CARTESIAN_POINT('',(-1.18,-0.875,-4.28));
#4773=CARTESIAN_POINT('Origin',(4.825,-0.875,-4.28));
#4774=CARTESIAN_POINT('',(-1.82,-0.875,-3.68));
#4775=CARTESIAN_POINT('',(-3.465,-0.875,-3.68));
#4776=CARTESIAN_POINT('',(-1.82,-0.875,-3.68));
#4777=CARTESIAN_POINT('',(-1.82,-0.875,-4.27));
#4778=CARTESIAN_POINT('',(-1.82,-0.875,-3.68));
#4779=CARTESIAN_POINT('',(-1.82,-0.875,-4.28));
#4780=CARTESIAN_POINT('',(-1.82,-0.875,-4.27));
#4781=CARTESIAN_POINT('',(-3.465,-0.875,-4.28));
#4782=CARTESIAN_POINT('',(-3.465,-0.875,-4.28));
#4783=CARTESIAN_POINT('',(-3.465,-0.875,-3.68));
#4784=CARTESIAN_POINT('Origin',(4.825,0.,0.));
#4785=CARTESIAN_POINT('',(4.825,0.875,-3.68));
#4786=CARTESIAN_POINT('',(4.825,0.875,-3.68));
#4787=CARTESIAN_POINT('',(4.825,0.875,-4.28));
#4788=CARTESIAN_POINT('',(4.825,0.875,-4.28));
#4789=CARTESIAN_POINT('',(4.825,1.27,-4.28));
#4790=CARTESIAN_POINT('',(4.825,0.875,-4.28));
#4791=CARTESIAN_POINT('',(4.825,1.27,-4.95));
#4792=CARTESIAN_POINT('',(4.825,1.27,-4.28));
#4793=CARTESIAN_POINT('',(4.825,1.93,-4.95));
#4794=CARTESIAN_POINT('',(4.825,1.27,-4.95));
#4795=CARTESIAN_POINT('',(4.825,1.93,3.55));
#4796=CARTESIAN_POINT('',(4.825,1.93,-4.95));
#4797=CARTESIAN_POINT('',(4.825,1.25,3.55));
#4798=CARTESIAN_POINT('',(4.825,1.93,3.55));
#4799=CARTESIAN_POINT('',(4.825,-0.75,3.55));
#4800=CARTESIAN_POINT('',(4.825,-0.75,3.55));
#4801=CARTESIAN_POINT('',(4.825,-1.43,3.55));
#4802=CARTESIAN_POINT('',(4.825,-0.75,3.55));
#4803=CARTESIAN_POINT('',(4.825,-1.43,-3.1));
#4804=CARTESIAN_POINT('',(4.825,-1.43,3.55));
#4805=CARTESIAN_POINT('',(4.825,-2.47,-3.1));
#4806=CARTESIAN_POINT('',(4.825,-1.43,-3.1));
#4807=CARTESIAN_POINT('',(4.825,-2.47,-4.95));
#4808=CARTESIAN_POINT('',(4.825,-2.47,-3.1));
#4809=CARTESIAN_POINT('',(4.825,-1.27,-4.95));
#4810=CARTESIAN_POINT('',(4.825,-2.47,-4.95));
#4811=CARTESIAN_POINT('',(4.825,-1.27,-4.28));
#4812=CARTESIAN_POINT('',(4.825,-1.27,-4.95));
#4813=CARTESIAN_POINT('',(4.825,-1.27,-4.28));
#4814=CARTESIAN_POINT('',(4.825,0.0425,-3.5));
#4815=CARTESIAN_POINT('',(4.825,0.0425,-2.25));
#4816=CARTESIAN_POINT('',(4.825,0.0425,-3.5));
#4817=CARTESIAN_POINT('',(4.825,-0.11375,-3.5));
#4818=CARTESIAN_POINT('',(4.825,-0.11375,-3.5));
#4819=CARTESIAN_POINT('',(4.825,-0.11375,-2.462765932083));
#4820=CARTESIAN_POINT('',(4.825,-0.11375,-2.462765932083));
#4821=CARTESIAN_POINT('',(4.825,-0.27,-2.648936197162));
#4822=CARTESIAN_POINT('',(4.825,-0.27,-2.648936197162));
#4823=CARTESIAN_POINT('',(4.825,-0.27,-2.436170190573));
#4824=CARTESIAN_POINT('',(4.825,-0.27,-2.436170190573));
#4825=CARTESIAN_POINT('',(4.825,-0.11375,-2.25));
#4826=CARTESIAN_POINT('',(4.825,-0.11375,-2.25));
#4827=CARTESIAN_POINT('',(4.825,0.0425,-2.25));
#4828=CARTESIAN_POINT('Origin',(-4.825,-1.27,-4.28));
#4829=CARTESIAN_POINT('',(-3.865,-1.27,-4.28));
#4830=CARTESIAN_POINT('',(-3.865,-1.27,-4.28));
#4831=CARTESIAN_POINT('',(-4.825,-1.27,-4.28));
#4832=CARTESIAN_POINT('',(-4.825,-1.27,-4.28));
#4833=CARTESIAN_POINT('',(-4.825,-1.27,-4.28));
#4834=CARTESIAN_POINT('Origin',(-4.825,-1.27,-4.28));
#4835=CARTESIAN_POINT('',(-4.825,0.875,-4.28));
#4836=CARTESIAN_POINT('',(-3.865,0.875,-4.28));
#4837=CARTESIAN_POINT('',(-4.825,0.875,-4.28));
#4838=CARTESIAN_POINT('',(-4.825,1.27,-4.28));
#4839=CARTESIAN_POINT('',(-4.825,0.875,-4.28));
#4840=CARTESIAN_POINT('',(-3.865,1.27,-4.28));
#4841=CARTESIAN_POINT('',(-4.825,1.27,-4.28));
#4842=CARTESIAN_POINT('',(-3.865,0.875,-4.28));
#4843=CARTESIAN_POINT('Origin',(-4.825,-1.27,-4.28));
#4844=CARTESIAN_POINT('',(3.865,-1.27,-4.28));
#4845=CARTESIAN_POINT('',(3.865,-1.27,-4.28));
#4846=CARTESIAN_POINT('',(3.865,-1.27,-4.28));
#4847=CARTESIAN_POINT('Origin',(-4.825,-1.27,-4.28));
#4848=CARTESIAN_POINT('',(3.865,0.875,-4.28));
#4849=CARTESIAN_POINT('',(3.865,0.875,-4.28));
#4850=CARTESIAN_POINT('',(3.865,1.27,-4.28));
#4851=CARTESIAN_POINT('',(3.865,0.875,-4.28));
#4852=CARTESIAN_POINT('',(3.865,1.27,-4.28));
#4853=CARTESIAN_POINT('Origin',(-4.825,-1.27,-4.28));
#4854=CARTESIAN_POINT('',(1.82,1.27,-4.28));
#4855=CARTESIAN_POINT('',(3.465,1.27,-4.28));
#4856=CARTESIAN_POINT('',(1.82,1.27,-4.28));
#4857=CARTESIAN_POINT('',(3.465,0.875,-4.28));
#4858=CARTESIAN_POINT('',(3.465,0.875,-4.28));
#4859=CARTESIAN_POINT('',(1.82,0.875,-4.28));
#4860=CARTESIAN_POINT('',(1.82,0.875,-4.28));
#4861=CARTESIAN_POINT('',(1.82,0.875,-4.28));
#4862=CARTESIAN_POINT('Origin',(-4.825,-1.27,-4.28));
#4863=CARTESIAN_POINT('',(1.82,-1.27,-4.28));
#4864=CARTESIAN_POINT('',(1.82,-1.27,-4.28));
#4865=CARTESIAN_POINT('',(3.465,-1.27,-4.28));
#4866=CARTESIAN_POINT('',(3.465,-1.27,-4.28));
#4867=CARTESIAN_POINT('',(1.82,-1.27,-4.28));
#4868=CARTESIAN_POINT('Origin',(-4.825,-1.27,-4.28));
#4869=CARTESIAN_POINT('',(-1.82,-1.27,-4.28));
#4870=CARTESIAN_POINT('',(-1.82,-1.27,-4.28));
#4871=CARTESIAN_POINT('',(-3.465,-1.27,-4.28));
#4872=CARTESIAN_POINT('',(-3.465,-1.27,-4.28));
#4873=CARTESIAN_POINT('',(-3.465,-1.27,-4.28));
#4874=CARTESIAN_POINT('Origin',(-4.825,-1.27,-4.28));
#4875=CARTESIAN_POINT('',(-1.18,-1.27,-4.28));
#4876=CARTESIAN_POINT('',(-1.18,-1.27,-4.28));
#4877=CARTESIAN_POINT('',(1.18,-1.27,-4.28));
#4878=CARTESIAN_POINT('',(1.18,-1.27,-4.28));
#4879=CARTESIAN_POINT('',(-1.18,-1.27,-4.28));
#4880=CARTESIAN_POINT('Origin',(-4.825,-1.27,-4.28));
#4881=CARTESIAN_POINT('',(-3.465,1.27,-4.28));
#4882=CARTESIAN_POINT('',(-1.82,1.27,-4.28));
#4883=CARTESIAN_POINT('',(-3.465,1.27,-4.28));
#4884=CARTESIAN_POINT('',(-1.82,0.875,-4.28));
#4885=CARTESIAN_POINT('',(-1.82,0.875,-4.28));
#4886=CARTESIAN_POINT('',(-3.465,0.875,-4.28));
#4887=CARTESIAN_POINT('',(-3.465,0.875,-4.28));
#4888=CARTESIAN_POINT('',(-3.465,0.875,-4.28));
#4889=CARTESIAN_POINT('Origin',(-4.825,-1.27,-4.28));
#4890=CARTESIAN_POINT('',(-1.18,1.27,-4.28));
#4891=CARTESIAN_POINT('',(1.18,1.27,-4.28));
#4892=CARTESIAN_POINT('',(-1.18,1.27,-4.28));
#4893=CARTESIAN_POINT('',(1.18,0.875,-4.28));
#4894=CARTESIAN_POINT('',(1.18,0.875,-4.28));
#4895=CARTESIAN_POINT('',(-1.18,0.875,-4.28));
#4896=CARTESIAN_POINT('',(-1.18,0.875,-4.28));
#4897=CARTESIAN_POINT('',(-1.18,0.875,-4.28));
#4898=CARTESIAN_POINT('Origin',(-4.825,0.,0.));
#4899=CARTESIAN_POINT('',(-4.825,0.875,-3.68));
#4900=CARTESIAN_POINT('',(-4.825,0.875,-3.68));
#4901=CARTESIAN_POINT('',(-4.825,-1.27,-4.95));
#4902=CARTESIAN_POINT('',(-4.825,-1.27,-4.95));
#4903=CARTESIAN_POINT('',(-4.825,-2.47,-4.95));
#4904=CARTESIAN_POINT('',(-4.825,-2.47,-4.95));
#4905=CARTESIAN_POINT('',(-4.825,-2.47,-3.1));
#4906=CARTESIAN_POINT('',(-4.825,-2.47,-3.1));
#4907=CARTESIAN_POINT('',(-4.825,-1.43,-3.1));
#4908=CARTESIAN_POINT('',(-4.825,-2.47,-3.1));
#4909=CARTESIAN_POINT('',(-4.825,-1.43,3.55));
#4910=CARTESIAN_POINT('',(-4.825,-1.43,-3.1));
#4911=CARTESIAN_POINT('',(-4.825,-0.75,3.55));
#4912=CARTESIAN_POINT('',(-4.825,-1.43,3.55));
#4913=CARTESIAN_POINT('',(-4.825,1.25,3.55));
#4914=CARTESIAN_POINT('',(-4.825,-0.75,3.55));
#4915=CARTESIAN_POINT('',(-4.825,1.93,3.55));
#4916=CARTESIAN_POINT('',(-4.825,1.25,3.55));
#4917=CARTESIAN_POINT('',(-4.825,1.93,-4.95));
#4918=CARTESIAN_POINT('',(-4.825,1.93,-4.95));
#4919=CARTESIAN_POINT('',(-4.825,1.27,-4.95));
#4920=CARTESIAN_POINT('',(-4.825,1.27,-4.95));
#4921=CARTESIAN_POINT('',(-4.825,1.27,-4.28));
#4922=CARTESIAN_POINT('',(-4.825,0.875,-3.68));
#4923=CARTESIAN_POINT('Origin',(-4.825,-1.27,-3.68));
#4924=CARTESIAN_POINT('',(3.865,0.875,-3.68));
#4925=CARTESIAN_POINT('',(3.865,0.875,-3.68));
#4926=CARTESIAN_POINT('',(3.865,0.875,-3.68));
#4927=CARTESIAN_POINT('Origin',(-4.825,-1.27,-3.68));
#4928=CARTESIAN_POINT('',(-3.865,0.875,-3.68));
#4929=CARTESIAN_POINT('',(-4.825,0.875,-3.68));
#4930=CARTESIAN_POINT('',(-3.865,0.875,-3.68));
#4931=CARTESIAN_POINT('Origin',(-4.825,-1.27,-3.68));
#4932=CARTESIAN_POINT('',(3.465,0.875,-3.68));
#4933=CARTESIAN_POINT('',(1.82,0.875,-3.68));
#4934=CARTESIAN_POINT('',(3.465,0.875,-3.68));
#4935=CARTESIAN_POINT('Origin',(-4.825,-1.27,-3.68));
#4936=CARTESIAN_POINT('',(-1.18,0.875,-3.68));
#4937=CARTESIAN_POINT('',(-1.18,0.875,-3.68));
#4938=CARTESIAN_POINT('',(1.18,0.875,-3.68));
#4939=CARTESIAN_POINT('',(-1.18,0.875,-3.68));
#4940=CARTESIAN_POINT('',(1.18,0.875,-3.68));
#4941=CARTESIAN_POINT('Origin',(-4.825,-1.27,-3.68));
#4942=CARTESIAN_POINT('',(-3.465,0.875,-3.68));
#4943=CARTESIAN_POINT('',(-1.82,0.875,-3.68));
#4944=CARTESIAN_POINT('',(-3.465,0.875,-3.68));
#4945=CARTESIAN_POINT('',(-1.82,0.875,-3.68));
#4946=CARTESIAN_POINT('',(-3.465,0.875,-3.68));
#4947=CARTESIAN_POINT('Origin',(-4.825,0.875,-4.28));
#4948=CARTESIAN_POINT('',(3.865,0.875,-4.28));
#4949=CARTESIAN_POINT('Origin',(-4.825,0.875,-4.28));
#4950=CARTESIAN_POINT('',(-3.865,0.875,-3.68));
#4951=CARTESIAN_POINT('Origin',(-4.825,0.875,-4.28));
#4952=CARTESIAN_POINT('',(1.82,0.875,-4.27));
#4953=CARTESIAN_POINT('',(3.465,0.875,-4.28));
#4954=CARTESIAN_POINT('Origin',(-4.825,0.875,-4.28));
#4955=CARTESIAN_POINT('',(-1.18,0.875,-4.27));
#4956=CARTESIAN_POINT('',(-1.18,0.875,-3.68));
#4957=CARTESIAN_POINT('',(-1.18,0.875,-4.27));
#4958=CARTESIAN_POINT('',(1.18,0.875,-4.27));
#4959=CARTESIAN_POINT('',(1.18,0.875,-3.68));
#4960=CARTESIAN_POINT('Origin',(-4.825,0.875,-4.28));
#4961=CARTESIAN_POINT('',(-1.82,0.875,-4.27));
#4962=CARTESIAN_POINT('',(-1.82,0.875,-4.27));
#4963=CARTESIAN_POINT('',(-1.82,0.875,-3.68));
#4964=CARTESIAN_POINT('',(-3.465,0.875,-3.68));
#4965=CARTESIAN_POINT('Origin',(3.865,1.93,-3.25));
#4966=CARTESIAN_POINT('',(3.865,1.93,-3.25));
#4967=CARTESIAN_POINT('',(3.865,-1.68,-3.25));
#4968=CARTESIAN_POINT('',(3.865,1.93,-3.25));
#4969=CARTESIAN_POINT('',(3.865,1.93,-4.95));
#4970=CARTESIAN_POINT('',(3.865,1.93,-4.95));
#4971=CARTESIAN_POINT('',(3.865,1.27,-4.95));
#4972=CARTESIAN_POINT('',(3.865,1.27,-4.95));
#4973=CARTESIAN_POINT('',(3.865,1.27,-4.28));
#4974=CARTESIAN_POINT('',(3.865,-1.27,-4.95));
#4975=CARTESIAN_POINT('',(3.865,-1.27,-4.95));
#4976=CARTESIAN_POINT('',(3.865,-2.47,-4.95));
#4977=CARTESIAN_POINT('',(3.865,-2.47,-4.95));
#4978=CARTESIAN_POINT('',(3.865,-2.47,-3.1));
#4979=CARTESIAN_POINT('',(3.865,-2.47,-3.1));
#4980=CARTESIAN_POINT('',(3.865,-1.93,-3.1));
#4981=CARTESIAN_POINT('',(3.865,-2.47,-3.1));
#4982=CARTESIAN_POINT('',(3.865,-1.93,1.45));
#4983=CARTESIAN_POINT('',(3.865,-1.93,-3.1));
#4984=CARTESIAN_POINT('',(3.865,-1.68,1.45));
#4985=CARTESIAN_POINT('',(3.865,-1.93,1.45));
#4986=CARTESIAN_POINT('',(3.865,-1.68,-3.25));
#4987=CARTESIAN_POINT('Origin',(3.465,1.93,-3.25));
#4988=CARTESIAN_POINT('',(3.465,-1.68,-3.25));
#4989=CARTESIAN_POINT('',(3.465,-1.68,-3.25));
#4990=CARTESIAN_POINT('',(3.465,1.93,-3.25));
#4991=CARTESIAN_POINT('',(3.465,1.93,-3.25));
#4992=CARTESIAN_POINT('',(3.465,1.93,-3.25));
#4993=CARTESIAN_POINT('Origin',(0.,-1.68,0.));
#4994=CARTESIAN_POINT('',(-1.18,-1.68,-3.63));
#4995=CARTESIAN_POINT('',(-1.18,-1.68,-4.27));
#4996=CARTESIAN_POINT('',(-1.18,-1.68,-3.63));
#4997=CARTESIAN_POINT('',(-1.18,-1.68,-4.95));
#4998=CARTESIAN_POINT('',(-1.18,-1.68,-4.95));
#4999=CARTESIAN_POINT('',(1.18,-1.68,-4.95));
#5000=CARTESIAN_POINT('',(-1.18,-1.68,-4.95));
#5001=CARTESIAN_POINT('',(1.18,-1.68,-4.95));
#5002=CARTESIAN_POINT('',(1.18,-1.68,-3.63));
#5003=CARTESIAN_POINT('',(1.18,-1.68,-3.63));
#5004=CARTESIAN_POINT('',(1.18,-1.68,-3.6));
#5005=CARTESIAN_POINT('',(1.18,-1.68,-3.63));
#5006=CARTESIAN_POINT('',(1.82,-1.68,-3.6));
#5007=CARTESIAN_POINT('',(1.18,-1.68,-3.6));
#5008=CARTESIAN_POINT('',(1.82,-1.68,-3.63));
#5009=CARTESIAN_POINT('',(1.82,-1.68,-4.95));
#5010=CARTESIAN_POINT('',(1.82,-1.68,-4.95));
#5011=CARTESIAN_POINT('',(3.465,-1.68,-4.95));
#5012=CARTESIAN_POINT('',(1.82,-1.68,-4.95));
#5013=CARTESIAN_POINT('',(3.465,-1.68,-4.95));
#5014=CARTESIAN_POINT('',(3.465,-1.68,1.45));
#5015=CARTESIAN_POINT('',(3.865,-1.68,1.45));
#5016=CARTESIAN_POINT('',(3.465,-1.68,-3.1));
#5017=CARTESIAN_POINT('',(3.465,-1.68,1.45));
#5018=CARTESIAN_POINT('',(-3.465,-1.68,-3.1));
#5019=CARTESIAN_POINT('',(3.465,-1.68,-3.1));
#5020=CARTESIAN_POINT('',(-3.465,-1.68,1.45));
#5021=CARTESIAN_POINT('',(-3.465,-1.68,-3.1));
#5022=CARTESIAN_POINT('',(-3.865,-1.68,1.45));
#5023=CARTESIAN_POINT('',(-3.465,-1.68,1.45));
#5024=CARTESIAN_POINT('',(-3.865,-1.68,-3.25));
#5025=CARTESIAN_POINT('',(-3.865,-1.68,1.45));
#5026=CARTESIAN_POINT('',(-3.465,-1.68,-3.25));
#5027=CARTESIAN_POINT('',(-3.865,-1.68,-3.25));
#5028=CARTESIAN_POINT('',(-3.465,-1.68,-4.95));
#5029=CARTESIAN_POINT('',(-3.465,-1.68,-3.25));
#5030=CARTESIAN_POINT('',(-1.82,-1.68,-4.95));
#5031=CARTESIAN_POINT('',(-3.465,-1.68,-4.95));
#5032=CARTESIAN_POINT('',(-1.82,-1.68,-4.27));
#5033=CARTESIAN_POINT('',(-1.82,-1.68,-4.95));
#5034=CARTESIAN_POINT('',(-1.82,-1.68,-3.63));
#5035=CARTESIAN_POINT('',(-1.82,-1.68,-3.63));
#5036=CARTESIAN_POINT('',(-1.82,-1.68,-3.6));
#5037=CARTESIAN_POINT('',(-1.82,-1.68,-3.63));
#5038=CARTESIAN_POINT('',(-1.18,-1.68,-3.6));
#5039=CARTESIAN_POINT('',(-1.82,-1.68,-3.6));
#5040=CARTESIAN_POINT('',(-1.18,-1.68,-3.63));
#5041=CARTESIAN_POINT('Origin',(-1.18,0.,0.));
#5042=CARTESIAN_POINT('',(-1.18,-0.875,-4.27));
#5043=CARTESIAN_POINT('Origin',(-1.18,0.,0.));
#5044=CARTESIAN_POINT('',(-1.18,-5.25,-3.63));
#5045=CARTESIAN_POINT('',(-1.18,-5.25,-4.27));
#5046=CARTESIAN_POINT('',(-1.18,-5.25,-3.63));
#5047=CARTESIAN_POINT('',(-1.18,-5.25,-4.27));
#5048=CARTESIAN_POINT('',(-1.18,-1.68,-3.63));
#5049=CARTESIAN_POINT('Origin',(-1.18,0.,0.));
#5050=CARTESIAN_POINT('',(-1.18,0.32,2.15));
#5051=CARTESIAN_POINT('',(-1.18,-0.32,2.15));
#5052=CARTESIAN_POINT('',(-1.18,0.32,2.15));
#5053=CARTESIAN_POINT('',(-1.18,-0.32,-1.65));
#5054=CARTESIAN_POINT('',(-1.18,-0.32,2.15));
#5055=CARTESIAN_POINT('',(-1.18,0.32,-1.65));
#5056=CARTESIAN_POINT('',(-1.18,-0.32,-1.65));
#5057=CARTESIAN_POINT('',(-1.18,0.32,-1.65));
#5058=CARTESIAN_POINT('Origin',(-1.18,-5.65,-4.27));
#5059=CARTESIAN_POINT('',(-1.82,-5.25,-4.27));
#5060=CARTESIAN_POINT('',(-1.18,-5.25,-4.27));
#5061=CARTESIAN_POINT('',(-1.82,-5.25,-4.27));
#5062=CARTESIAN_POINT('',(-1.82,-1.68,-4.27));
#5063=CARTESIAN_POINT('',(-1.82,-0.875,-4.27));
#5064=CARTESIAN_POINT('',(-1.82,1.055,-4.27));
#5065=CARTESIAN_POINT('',(-1.82,0.875,-4.27));
#5066=CARTESIAN_POINT('',(-1.18,1.055,-4.27));
#5067=CARTESIAN_POINT('',(-1.18,1.055,-4.27));
#5068=CARTESIAN_POINT('',(-1.18,0.875,-4.27));
#5069=CARTESIAN_POINT('',(-1.18,-1.68,-4.27));
#5070=CARTESIAN_POINT('Origin',(-1.5,-5.45,-4.195));
#5071=CARTESIAN_POINT('',(-1.33,-5.65,-4.12));
#5072=CARTESIAN_POINT('',(-1.67,-5.65,-4.12));
#5073=CARTESIAN_POINT('',(-1.33,-5.65,-4.12));
#5074=CARTESIAN_POINT('',(-1.67,-5.65,-4.12));
#5075=CARTESIAN_POINT('',(-1.18,-5.25,-4.27));
#5076=CARTESIAN_POINT('Origin',(-1.18,-5.65,-3.63));
#5077=CARTESIAN_POINT('',(-1.33,-5.65,-3.78));
#5078=CARTESIAN_POINT('',(-1.33,-5.65,-3.78));
#5079=CARTESIAN_POINT('',(-1.67,-5.65,-3.78));
#5080=CARTESIAN_POINT('',(-1.33,-5.65,-3.78));
#5081=CARTESIAN_POINT('',(-1.67,-5.65,-4.12));
#5082=CARTESIAN_POINT('Origin',(-1.745,-5.45,-3.95));
#5083=CARTESIAN_POINT('',(-1.82,-5.25,-3.63));
#5084=CARTESIAN_POINT('',(-1.82,-5.25,-3.63));
#5085=CARTESIAN_POINT('',(-1.82,-5.25,-4.27));
#5086=CARTESIAN_POINT('Origin',(-1.82,0.,0.));
#5087=CARTESIAN_POINT('Origin',(-1.82,0.,0.));
#5088=CARTESIAN_POINT('',(-1.82,-1.68,-3.63));
#5089=CARTESIAN_POINT('Origin',(-1.82,0.,0.));
#5090=CARTESIAN_POINT('',(-1.82,-0.32,2.15));
#5091=CARTESIAN_POINT('',(-1.82,0.32,2.15));
#5092=CARTESIAN_POINT('',(-1.82,-0.32,2.15));
#5093=CARTESIAN_POINT('',(-1.82,0.32,-1.65));
#5094=CARTESIAN_POINT('',(-1.82,0.32,-1.65));
#5095=CARTESIAN_POINT('',(-1.82,-0.32,-1.65));
#5096=CARTESIAN_POINT('',(-1.82,-0.32,-1.65));
#5097=CARTESIAN_POINT('',(-1.82,-0.32,2.15));
#5098=CARTESIAN_POINT('Origin',(-1.18,-0.32,-3.63));
#5099=CARTESIAN_POINT('',(-1.18,-5.25,-3.63));
#5100=CARTESIAN_POINT('',(-1.18,-0.32,-3.63));
#5101=CARTESIAN_POINT('',(-1.18,-1.68,-3.63));
#5102=CARTESIAN_POINT('',(-1.82,-0.32,-3.63));
#5103=CARTESIAN_POINT('',(-1.18,-0.32,-3.63));
#5104=CARTESIAN_POINT('',(-1.82,-1.68,-3.63));
#5105=CARTESIAN_POINT('Origin',(-1.5,-5.45,-3.705));
#5106=CARTESIAN_POINT('',(-1.33,-5.65,-3.78));
#5107=CARTESIAN_POINT('Origin',(-1.255,-5.45,-3.95));
#5108=CARTESIAN_POINT('Origin',(-1.82,1.93,-4.95));
#5109=CARTESIAN_POINT('',(-1.82,-1.27,-4.95));
#5110=CARTESIAN_POINT('',(-1.82,-1.68,-4.95));
#5111=CARTESIAN_POINT('',(-1.82,-1.27,-4.95));
#5112=CARTESIAN_POINT('Origin',(-1.82,1.93,-4.95));
#5113=CARTESIAN_POINT('',(-1.82,1.055,-3.6));
#5114=CARTESIAN_POINT('',(-1.82,1.055,-3.6));
#5115=CARTESIAN_POINT('',(-1.82,1.27,-4.95));
#5116=CARTESIAN_POINT('',(-1.82,1.27,-4.28));
#5117=CARTESIAN_POINT('',(-1.82,1.93,-4.95));
#5118=CARTESIAN_POINT('',(-1.82,1.27,-4.95));
#5119=CARTESIAN_POINT('',(-1.82,1.93,-3.6));
#5120=CARTESIAN_POINT('',(-1.82,1.93,-4.95));
#5121=CARTESIAN_POINT('',(-1.82,1.93,-3.6));
#5122=CARTESIAN_POINT('Origin',(-1.82,1.93,-4.95));
#5123=CARTESIAN_POINT('',(-1.82,-0.32,-3.6));
#5124=CARTESIAN_POINT('',(-1.82,-0.32,-3.6));
#5125=CARTESIAN_POINT('',(-1.82,-0.32,-3.6));
#5126=CARTESIAN_POINT('Origin',(-4.825,-1.27,-4.95));
#5127=CARTESIAN_POINT('',(3.865,-1.27,-4.95));
#5128=CARTESIAN_POINT('Origin',(-4.825,-1.27,-4.95));
#5129=CARTESIAN_POINT('',(-3.865,-1.27,-4.95));
#5130=CARTESIAN_POINT('',(-4.825,-1.27,-4.95));
#5131=CARTESIAN_POINT('',(-3.865,-1.27,-4.95));
#5132=CARTESIAN_POINT('Origin',(-4.825,-1.27,-4.95));
#5133=CARTESIAN_POINT('',(3.465,-1.27,-4.95));
#5134=CARTESIAN_POINT('',(3.465,-1.27,-4.95));
#5135=CARTESIAN_POINT('',(1.82,-1.27,-4.95));
#5136=CARTESIAN_POINT('',(1.82,-1.27,-4.95));
#5137=CARTESIAN_POINT('',(1.82,-1.27,-4.95));
#5138=CARTESIAN_POINT('Origin',(-4.825,-1.27,-4.95));
#5139=CARTESIAN_POINT('',(-3.465,-1.27,-4.95));
#5140=CARTESIAN_POINT('',(-3.465,-1.27,-4.95));
#5141=CARTESIAN_POINT('',(-3.465,-1.27,-4.95));
#5142=CARTESIAN_POINT('Origin',(-4.825,-1.27,-4.95));
#5143=CARTESIAN_POINT('',(-1.18,-1.27,-4.95));
#5144=CARTESIAN_POINT('',(-1.18,-1.27,-4.95));
#5145=CARTESIAN_POINT('',(1.18,-1.27,-4.95));
#5146=CARTESIAN_POINT('',(1.18,-1.27,-4.95));
#5147=CARTESIAN_POINT('',(-1.18,-1.27,-4.95));
#5148=CARTESIAN_POINT('Origin',(-4.825,-2.47,-4.95));
#5149=CARTESIAN_POINT('',(3.865,-2.47,-4.95));
#5150=CARTESIAN_POINT('Origin',(-4.825,-2.47,-4.95));
#5151=CARTESIAN_POINT('',(-3.865,-2.47,-4.95));
#5152=CARTESIAN_POINT('',(-4.825,-2.47,-4.95));
#5153=CARTESIAN_POINT('',(-3.865,-2.47,-4.95));
#5154=CARTESIAN_POINT('Origin',(-4.825,-2.47,-4.95));
#5155=CARTESIAN_POINT('',(1.82,-1.27,-4.95));
#5156=CARTESIAN_POINT('',(3.465,-1.68,-4.95));
#5157=CARTESIAN_POINT('Origin',(-4.825,-2.47,-4.95));
#5158=CARTESIAN_POINT('',(-3.465,-1.68,-4.95));
#5159=CARTESIAN_POINT('Origin',(-4.825,-2.47,-4.95));
#5160=CARTESIAN_POINT('',(-1.18,-1.68,-4.95));
#5161=CARTESIAN_POINT('',(1.18,-1.27,-4.95));
#5162=CARTESIAN_POINT('Origin',(-4.825,-2.47,-3.1));
#5163=CARTESIAN_POINT('',(3.865,-2.47,-3.1));
#5164=CARTESIAN_POINT('Origin',(-4.825,-2.47,-3.1));
#5165=CARTESIAN_POINT('',(-3.865,-2.47,-3.1));
#5166=CARTESIAN_POINT('',(-3.865,-2.47,-4.95));
#5167=CARTESIAN_POINT('',(-4.825,-2.47,-3.1));
#5168=CARTESIAN_POINT('Origin',(-4.825,-1.93,-3.1));
#5169=CARTESIAN_POINT('',(4.825,-1.43,-3.1));
#5170=CARTESIAN_POINT('Origin',(-4.825,-1.93,-3.1));
#5171=CARTESIAN_POINT('',(-3.865,-1.93,-3.1));
#5172=CARTESIAN_POINT('',(-3.865,-2.47,-3.1));
#5173=CARTESIAN_POINT('',(-3.865,-1.93,-3.1));
#5174=CARTESIAN_POINT('Origin',(4.345,-1.68,0.925));
#5175=CARTESIAN_POINT('',(3.865,-1.93,4.51));
#5176=CARTESIAN_POINT('',(3.865,-1.93,4.51));
#5177=CARTESIAN_POINT('',(3.865,-1.93,4.51));
#5178=CARTESIAN_POINT('Origin',(-4.825,-1.93,4.95));
#5179=CARTESIAN_POINT('',(-0.475,-1.93,4.1));
#5180=CARTESIAN_POINT('',(-0.475,-1.93,-3.1));
#5181=CARTESIAN_POINT('',(-0.475,-1.93,4.1));
#5182=CARTESIAN_POINT('',(0.475,-1.93,-3.1));
#5183=CARTESIAN_POINT('',(0.475,-1.93,-3.1));
#5184=CARTESIAN_POINT('',(0.475,-1.93,4.1));
#5185=CARTESIAN_POINT('',(0.475,-1.93,-3.1));
#5186=CARTESIAN_POINT('',(1.475,-1.93,4.1));
#5187=CARTESIAN_POINT('',(1.475,-1.93,4.1));
#5188=CARTESIAN_POINT('',(1.475,-1.93,-3.1));
#5189=CARTESIAN_POINT('',(1.475,-1.93,-3.1));
#5190=CARTESIAN_POINT('',(3.465,-1.93,-3.1));
#5191=CARTESIAN_POINT('',(3.465,-1.93,-3.1));
#5192=CARTESIAN_POINT('',(3.465,-1.93,1.45));
#5193=CARTESIAN_POINT('',(3.465,-1.93,1.45));
#5194=CARTESIAN_POINT('',(3.865,-1.93,1.45));
#5195=CARTESIAN_POINT('',(3.425,-1.93,4.95));
#5196=CARTESIAN_POINT('',(3.865,-1.93,4.51));
#5197=CARTESIAN_POINT('',(-3.425,-1.93,4.95));
#5198=CARTESIAN_POINT('',(-3.425,-1.93,4.95));
#5199=CARTESIAN_POINT('',(-3.865,-1.93,4.51));
#5200=CARTESIAN_POINT('',(-3.425,-1.93,4.95));
#5201=CARTESIAN_POINT('',(-3.865,-1.93,1.45));
#5202=CARTESIAN_POINT('',(-3.865,-1.93,1.45));
#5203=CARTESIAN_POINT('',(-3.465,-1.93,1.45));
#5204=CARTESIAN_POINT('',(-3.465,-1.93,1.45));
#5205=CARTESIAN_POINT('',(-3.465,-1.93,-3.1));
#5206=CARTESIAN_POINT('',(-3.465,-1.93,-3.1));
#5207=CARTESIAN_POINT('',(-1.475,-1.93,-3.1));
#5208=CARTESIAN_POINT('',(-1.475,-1.93,-3.1));
#5209=CARTESIAN_POINT('',(-1.475,-1.93,4.1));
#5210=CARTESIAN_POINT('',(-1.475,-1.93,-3.1));
#5211=CARTESIAN_POINT('',(-1.475,-1.93,4.1));
#5212=CARTESIAN_POINT('Origin',(-0.475,-2.43,1.35));
#5213=CARTESIAN_POINT('',(-0.475,-2.43,1.35));
#5214=CARTESIAN_POINT('',(-0.475,-5.30611271012,1.35));
#5215=CARTESIAN_POINT('',(-0.475,-2.43,1.35));
#5216=CARTESIAN_POINT('',(-0.475,-5.527496087967,1.158005145163));
#5217=CARTESIAN_POINT('Ctrl Pts',(-0.475,-5.527496087967,1.158005145163));
#5218=CARTESIAN_POINT('Ctrl Pts',(-0.475,-5.493222909047,1.188311358669));
#5219=CARTESIAN_POINT('Ctrl Pts',(-0.475,-5.422031117866,1.250592716221));
#5220=CARTESIAN_POINT('Ctrl Pts',(-0.475,-5.3456141383,1.316285087031));
#5221=CARTESIAN_POINT('Ctrl Pts',(-0.475,-5.30611271012,1.35));
#5222=CARTESIAN_POINT('',(-0.475,-5.527496087967,-0.4580051451635));
#5223=CARTESIAN_POINT('Ctrl Pts',(-0.475,-5.52749608796681,1.15800514516279));
#5224=CARTESIAN_POINT('Ctrl Pts',(-0.475,-5.54755365931393,1.14026914696256));
#5225=CARTESIAN_POINT('Ctrl Pts',(-0.475,-5.56605904888371,1.12155891006197));
#5226=CARTESIAN_POINT('Ctrl Pts',(-0.475,-5.63190897704875,1.04699226857978));
#5227=CARTESIAN_POINT('Ctrl Pts',(-0.475,-5.67776168405267,0.970148853197722));
#5228=CARTESIAN_POINT('Ctrl Pts',(-0.475,-5.76978611110699,0.737125514048078));
#5229=CARTESIAN_POINT('Ctrl Pts',(-0.475,-5.76999999999956,0.525966191988525));
#5230=CARTESIAN_POINT('Ctrl Pts',(-0.475,-5.76999999999961,0.174033808011195));
#5231=CARTESIAN_POINT('Ctrl Pts',(-0.475,-5.76978611110709,-0.0371255140483576));
#5232=CARTESIAN_POINT('Ctrl Pts',(-0.475,-5.67776168405283,-0.270148853198025));
#5233=CARTESIAN_POINT('Ctrl Pts',(-0.475,-5.63190897704893,-0.346992268580091));
#5234=CARTESIAN_POINT('Ctrl Pts',(-0.475,-5.56605904888385,-0.421558910062362));
#5235=CARTESIAN_POINT('Ctrl Pts',(-0.475,-5.54755365931402,-0.440269146963021));
#5236=CARTESIAN_POINT('Ctrl Pts',(-0.475,-5.52749608796683,-0.458005145163302));
#5237=CARTESIAN_POINT('',(-0.475,-5.30611271012,-0.65));
#5238=CARTESIAN_POINT('Ctrl Pts',(-0.475,-5.30611271012,-0.65));
#5239=CARTESIAN_POINT('Ctrl Pts',(-0.475,-5.345484939059,-0.6163953600348));
#5240=CARTESIAN_POINT('Ctrl Pts',(-0.475,-5.421774300143,-0.5508151377722));
#5241=CARTESIAN_POINT('Ctrl Pts',(-0.475,-5.493095662907,-0.4884238766438));
#5242=CARTESIAN_POINT('Ctrl Pts',(-0.475,-5.527496087967,-0.4580051451635));
#5243=CARTESIAN_POINT('',(-0.475,-2.43,-0.65));
#5244=CARTESIAN_POINT('',(-0.475,-2.43,-0.65));
#5245=CARTESIAN_POINT('',(-0.475,-2.43,-3.1));
#5246=CARTESIAN_POINT('',(-0.475,-2.43,-0.65));
#5247=CARTESIAN_POINT('',(-0.475,-1.93,-3.1));
#5248=CARTESIAN_POINT('',(-0.475,-2.43,4.1));
#5249=CARTESIAN_POINT('',(-0.475,-1.93,4.1));
#5250=CARTESIAN_POINT('',(-0.475,-2.43,4.1));
#5251=CARTESIAN_POINT('Origin',(-1.775,-2.43,1.35));
#5252=CARTESIAN_POINT('',(-1.449772708487,-4.52,1.35));
#5253=CARTESIAN_POINT('Ctrl Pts',(-1.44977270848698,-4.52000000000002,1.35));
#5254=CARTESIAN_POINT('Ctrl Pts',(-0.853051809814379,-5.12893786256285,
1.35));
#5255=CARTESIAN_POINT('Ctrl Pts',(-0.475000000021771,-5.30611271011017,
1.35));
#5256=CARTESIAN_POINT('',(-1.054795897113,-2.43,1.35));
#5257=CARTESIAN_POINT('',(-1.054795897113,-2.43,1.35));
#5258=CARTESIAN_POINT('',(-1.054795897113,-4.22,1.35));
#5259=CARTESIAN_POINT('',(-1.054795897113,-4.22,1.35));
#5260=CARTESIAN_POINT('',(-1.449772708487,-4.22,1.35));
#5261=CARTESIAN_POINT('',(-1.449772708487,-4.22,1.35));
#5262=CARTESIAN_POINT('',(-1.449772708487,-4.52,1.35));
#5263=CARTESIAN_POINT('Origin',(-0.07500000000001,-5.023748043984,0.35));
#5264=CARTESIAN_POINT('Origin',(-0.07500000000001,-5.527496087967,0.35));
#5265=CARTESIAN_POINT('',(-1.449772708487,-4.52,-0.65));
#5266=CARTESIAN_POINT('Origin',(-0.07500000000001,-4.52,0.35));
#5267=CARTESIAN_POINT('Ctrl Pts',(-0.475000000021787,-5.30611271011016,
-0.649999999999999));
#5268=CARTESIAN_POINT('Ctrl Pts',(-0.853051809814388,-5.12893786256284,
-0.649999999999999));
#5269=CARTESIAN_POINT('Ctrl Pts',(-1.44977270848698,-4.52000000000003,-0.649999999999999));
#5270=CARTESIAN_POINT('Origin',(-0.475,-2.43,-0.65));
#5271=CARTESIAN_POINT('',(-1.449772708487,-4.22,-0.65));
#5272=CARTESIAN_POINT('',(-1.449772708487,-4.52,-0.65));
#5273=CARTESIAN_POINT('',(-1.054795897113,-4.22,-0.65));
#5274=CARTESIAN_POINT('',(-1.054795897113,-4.22,-0.65));
#5275=CARTESIAN_POINT('',(-1.054795897113,-2.43,-0.65));
#5276=CARTESIAN_POINT('',(-1.054795897113,-4.22,-0.65));
#5277=CARTESIAN_POINT('',(-0.475,-2.43,-0.65));
#5278=CARTESIAN_POINT('Origin',(-4.825,-2.43,4.95));
#5279=CARTESIAN_POINT('',(-1.475,-2.43,4.1));
#5280=CARTESIAN_POINT('',(-1.475,-2.43,4.1));
#5281=CARTESIAN_POINT('',(-1.475,-2.43,0.35));
#5282=CARTESIAN_POINT('',(-1.475,-2.43,0.35));
#5283=CARTESIAN_POINT('Origin',(-0.075,-2.43,0.35));
#5284=CARTESIAN_POINT('Origin',(-4.825,-2.43,4.95));
#5285=CARTESIAN_POINT('Origin',(-0.075,-2.43,0.35));
#5286=CARTESIAN_POINT('',(-1.475,-2.43,-3.1));
#5287=CARTESIAN_POINT('',(-1.475,-2.43,-3.1));
#5288=CARTESIAN_POINT('',(-0.475,-2.43,-3.1));
#5289=CARTESIAN_POINT('Origin',(-4.825,-2.43,4.95));
#5290=CARTESIAN_POINT('',(0.475,-2.43,-3.1));
#5291=CARTESIAN_POINT('',(0.475,-2.43,-0.65));
#5292=CARTESIAN_POINT('',(0.475,-2.43,-3.1));
#5293=CARTESIAN_POINT('',(1.475,-2.43,-3.1));
#5294=CARTESIAN_POINT('',(0.475,-2.43,-3.1));
#5295=CARTESIAN_POINT('',(1.475,-2.43,0.35));
#5296=CARTESIAN_POINT('',(1.475,-2.43,-3.1));
#5297=CARTESIAN_POINT('',(1.054795897113,-2.43,-0.65));
#5298=CARTESIAN_POINT('Origin',(0.075,-2.43,0.35));
#5299=CARTESIAN_POINT('',(1.054795897113,-2.43,-0.65));
#5300=CARTESIAN_POINT('Origin',(-4.825,-2.43,4.95));
#5301=CARTESIAN_POINT('',(1.054795897113,-2.43,1.35));
#5302=CARTESIAN_POINT('Origin',(0.075,-2.43,0.35));
#5303=CARTESIAN_POINT('',(1.475,-2.43,4.1));
#5304=CARTESIAN_POINT('',(1.475,-2.43,0.35));
#5305=CARTESIAN_POINT('',(0.475,-2.43,4.1));
#5306=CARTESIAN_POINT('',(1.475,-2.43,4.1));
#5307=CARTESIAN_POINT('',(0.475,-2.43,1.35));
#5308=CARTESIAN_POINT('',(0.475,-2.43,1.35));
#5309=CARTESIAN_POINT('',(0.475,-2.43,1.35));
#5310=CARTESIAN_POINT('Origin',(-0.075,-2.263,0.35));
#5311=CARTESIAN_POINT('Origin',(-0.07500000000001,-4.22,0.35));
#5312=CARTESIAN_POINT('Origin',(-0.07500000000001,-4.22,0.35));
#5313=CARTESIAN_POINT('Origin',(-0.07500000000001,-4.22,0.35));
#5314=CARTESIAN_POINT('Origin',(-0.075,-2.263,0.35));
#5315=CARTESIAN_POINT('Origin',(-1.475,-1.93,-3.1));
#5316=CARTESIAN_POINT('',(-1.475,-1.93,4.1));
#5317=CARTESIAN_POINT('',(-1.475,-1.93,-3.1));
#5318=CARTESIAN_POINT('Origin',(0.475,-1.93,-3.1));
#5319=CARTESIAN_POINT('',(-3.465,-1.93,-3.1));
#5320=CARTESIAN_POINT('',(3.465,-1.93,-3.1));
#5321=CARTESIAN_POINT('',(1.475,-1.93,-3.1));
#5322=CARTESIAN_POINT('',(0.475,-1.93,-3.1));
#5323=CARTESIAN_POINT('Origin',(0.475,-1.93,4.1));
#5324=CARTESIAN_POINT('',(0.475,-1.93,4.1));
#5325=CARTESIAN_POINT('',(0.475,-5.30611271012,-0.65));
#5326=CARTESIAN_POINT('',(0.475,-2.43,-0.65));
#5327=CARTESIAN_POINT('',(0.475,-5.527496087967,-0.4580051451635));
#5328=CARTESIAN_POINT('Ctrl Pts',(0.475,-5.30611271012,-0.65));
#5329=CARTESIAN_POINT('Ctrl Pts',(0.475,-5.345484939059,-0.6163953600348));
#5330=CARTESIAN_POINT('Ctrl Pts',(0.475,-5.421774300143,-0.5508151377722));
#5331=CARTESIAN_POINT('Ctrl Pts',(0.475,-5.493095662907,-0.4884238766438));
#5332=CARTESIAN_POINT('Ctrl Pts',(0.475,-5.527496087967,-0.4580051451635));
#5333=CARTESIAN_POINT('',(0.475,-5.527496087967,1.158005145163));
#5334=CARTESIAN_POINT('Ctrl Pts',(0.475,-5.52749608796734,-0.458005145163884));
#5335=CARTESIAN_POINT('Ctrl Pts',(0.475,-5.53375733361887,-0.452468610371859));
#5336=CARTESIAN_POINT('Ctrl Pts',(0.475,-5.539814130326,-0.446888092470699));
#5337=CARTESIAN_POINT('Ctrl Pts',(0.475,-5.60434979750086,-0.385127547659898));
#5338=CARTESIAN_POINT('Ctrl Pts',(0.475,-5.65952815328674,-0.304738679805423));
#5339=CARTESIAN_POINT('Ctrl Pts',(0.475,-5.76866166421326,-0.0602557441795686));
#5340=CARTESIAN_POINT('Ctrl Pts',(0.475,-5.77000000000039,0.163518297151334));
#5341=CARTESIAN_POINT('Ctrl Pts',(0.475,-5.77000000000041,0.350000000000142));
#5342=CARTESIAN_POINT('Ctrl Pts',(0.475,-5.77000000000042,0.536481702848951));
#5343=CARTESIAN_POINT('Ctrl Pts',(0.475,-5.76866166421332,0.760255744179854));
#5344=CARTESIAN_POINT('Ctrl Pts',(0.475,-5.65952815328684,1.00473867980572));
#5345=CARTESIAN_POINT('Ctrl Pts',(0.475,-5.60434979750096,1.08512754766021));
#5346=CARTESIAN_POINT('Ctrl Pts',(0.475,-5.53981413032622,1.14688809247092));
#5347=CARTESIAN_POINT('Ctrl Pts',(0.475,-5.5337573336192,1.15246861037198));
#5348=CARTESIAN_POINT('Ctrl Pts',(0.475,-5.52749608796779,1.15800514516391));
#5349=CARTESIAN_POINT('',(0.475,-5.30611271012,1.35));
#5350=CARTESIAN_POINT('Ctrl Pts',(0.475,-5.527496087967,1.158005145163));
#5351=CARTESIAN_POINT('Ctrl Pts',(0.475,-5.493222909047,1.188311358669));
#5352=CARTESIAN_POINT('Ctrl Pts',(0.475,-5.422031117866,1.250592716221));
#5353=CARTESIAN_POINT('Ctrl Pts',(0.475,-5.3456141383,1.316285087031));
#5354=CARTESIAN_POINT('Ctrl Pts',(0.475,-5.30611271012,1.35));
#5355=CARTESIAN_POINT('',(0.475,-2.43,1.35));
#5356=CARTESIAN_POINT('Origin',(0.475,-2.43,1.35));
#5357=CARTESIAN_POINT('',(1.449772708487,-4.52,1.35));
#5358=CARTESIAN_POINT('Ctrl Pts',(1.449772708487,-4.52,1.35));
#5359=CARTESIAN_POINT('Ctrl Pts',(0.853051809802456,-5.12893786257502,1.35));
#5360=CARTESIAN_POINT('Ctrl Pts',(0.475000000004535,-5.30611271011824,1.35));
#5361=CARTESIAN_POINT('',(1.449772708487,-4.22,1.35));
#5362=CARTESIAN_POINT('',(1.449772708487,-4.22,1.35));
#5363=CARTESIAN_POINT('',(1.054795897113,-4.22,1.35));
#5364=CARTESIAN_POINT('',(1.054795897113,-4.22,1.35));
#5365=CARTESIAN_POINT('',(1.054795897113,-2.43,1.35));
#5366=CARTESIAN_POINT('Origin',(0.07500000000001,-5.023748043984,0.35));
#5367=CARTESIAN_POINT('Origin',(0.07500000000001,-5.527496087967,0.35));
#5368=CARTESIAN_POINT('',(1.449772708487,-4.52,-0.65));
#5369=CARTESIAN_POINT('Ctrl Pts',(0.47500000000454,-5.30611271011824,-0.649999999999999));
#5370=CARTESIAN_POINT('Ctrl Pts',(0.853051809802461,-5.12893786257502,-0.649999999999999));
#5371=CARTESIAN_POINT('Ctrl Pts',(1.449772708487,-4.52,-0.649999999999999));
#5372=CARTESIAN_POINT('Origin',(0.07500000000001,-4.52,0.35));
#5373=CARTESIAN_POINT('Origin',(0.075,-2.263,0.35));
#5374=CARTESIAN_POINT('',(1.449772708487,-4.22,-0.65));
#5375=CARTESIAN_POINT('',(1.449772708487,-4.22,-0.65));
#5376=CARTESIAN_POINT('Origin',(0.07500000000001,-4.22,0.35));
#5377=CARTESIAN_POINT('Origin',(0.07500000000001,-4.22,0.35));
#5378=CARTESIAN_POINT('',(1.054795897113,-4.22,-0.65));
#5379=CARTESIAN_POINT('',(1.054795897113,-4.22,-0.65));
#5380=CARTESIAN_POINT('Origin',(0.07500000000001,-4.22,0.35));
#5381=CARTESIAN_POINT('Origin',(0.075,-2.263,0.35));
#5382=CARTESIAN_POINT('',(1.054795897113,-2.43,-0.65));
#5383=CARTESIAN_POINT('Origin',(1.775,-2.43,-0.65));
#5384=CARTESIAN_POINT('Ctrl Pts',(0.252463407621486,-5.77000000000057,0.708478366091446));
#5385=CARTESIAN_POINT('Ctrl Pts',(0.475000000000009,-5.77000000000043,0.598312437713039));
#5386=CARTESIAN_POINT('Ctrl Pts',(0.475,-5.77000000000041,0.350000000000142));
#5387=CARTESIAN_POINT('Ctrl Pts',(0.474999999999991,-5.77000000000039,0.101687562287217));
#5388=CARTESIAN_POINT('Ctrl Pts',(0.252463407621434,-5.77000000000052,-0.00847836609118677));
#5389=CARTESIAN_POINT('Ctrl Pts',(0.389739509935779,-5.77000000000055,0.985777858536092));
#5390=CARTESIAN_POINT('Ctrl Pts',(0.784418384677886,-5.77000000000029,0.790393521144281));
#5391=CARTESIAN_POINT('Ctrl Pts',(0.784418384677871,-5.77000000000026,0.350000000000142));
#5392=CARTESIAN_POINT('Ctrl Pts',(0.784418384677854,-5.77000000000023,-0.0903935211440479));
#5393=CARTESIAN_POINT('Ctrl Pts',(0.389739509935687,-5.77000000000045,-0.285777858535853));
#5394=CARTESIAN_POINT('Ctrl Pts',(0.475000000000134,-5.52749608796741,1.15800514516418));
#5395=CARTESIAN_POINT('Ctrl Pts',(0.976594318200405,-5.52749608796709,0.909692707451126));
#5396=CARTESIAN_POINT('Ctrl Pts',(0.976594318200384,-5.52749608796705,0.35000000000016));
#5397=CARTESIAN_POINT('Ctrl Pts',(0.976594318200364,-5.52749608796701,-0.209692707450872));
#5398=CARTESIAN_POINT('Ctrl Pts',(0.475000000000016,-5.52749608796729,-0.458005145163917));
#5399=CARTESIAN_POINT('Origin',(1.475,-1.93,4.1));
#5400=CARTESIAN_POINT('',(1.475,-1.93,4.1));
#5401=CARTESIAN_POINT('Origin',(1.475,-1.93,-3.1));
#5402=CARTESIAN_POINT('Origin',(3.465,-3.0305,1.45));
#5403=CARTESIAN_POINT('',(3.465,-1.93,1.45));
#5404=CARTESIAN_POINT('Origin',(3.865,-3.0305,1.45));
#5405=CARTESIAN_POINT('Origin',(-3.465,-3.0305,-3.1));
#5406=CARTESIAN_POINT('',(-3.465,-1.93,1.45));
#5407=CARTESIAN_POINT('Origin',(-3.465,-3.0305,1.45));
#5408=CARTESIAN_POINT('',(-3.865,-1.93,1.45));
#5409=CARTESIAN_POINT('Origin',(-3.865,1.93,-4.95));
#5410=CARTESIAN_POINT('',(-3.865,1.27,-4.95));
#5411=CARTESIAN_POINT('',(-3.865,1.27,-4.28));
#5412=CARTESIAN_POINT('',(-3.865,1.93,-4.95));
#5413=CARTESIAN_POINT('',(-3.865,1.27,-4.95));
#5414=CARTESIAN_POINT('',(-3.865,1.93,-3.25));
#5415=CARTESIAN_POINT('',(-3.865,1.93,-4.95));
#5416=CARTESIAN_POINT('',(-3.865,1.93,-3.25));
#5417=CARTESIAN_POINT('',(-3.865,-1.93,-3.1));
#5418=CARTESIAN_POINT('Origin',(-4.345,-1.68,0.925));
#5419=CARTESIAN_POINT('',(-3.865,-1.93,4.51));
#5420=CARTESIAN_POINT('Origin',(-4.125,0.,4.25));
#5421=CARTESIAN_POINT('',(-3.425,1.25,4.95));
#5422=CARTESIAN_POINT('',(-4.825,1.25,3.55));
#5423=CARTESIAN_POINT('',(-3.425,1.93,4.95));
#5424=CARTESIAN_POINT('',(-3.425,1.25,4.95));
#5425=CARTESIAN_POINT('',(-4.825,1.93,3.55));
#5426=CARTESIAN_POINT('Origin',(-4.125,0.,4.25));
#5427=CARTESIAN_POINT('',(-3.425,-0.75,4.95));
#5428=CARTESIAN_POINT('',(-4.825,-0.75,3.55));
#5429=CARTESIAN_POINT('',(-3.425,-1.93,4.95));
#5430=CARTESIAN_POINT('Origin',(-4.825,1.25,-4.95));
#5431=CARTESIAN_POINT('',(3.425,1.25,3.55));
#5432=CARTESIAN_POINT('',(4.825,1.25,3.55));
#5433=CARTESIAN_POINT('',(3.425,1.25,4.95));
#5434=CARTESIAN_POINT('',(4.825,1.25,3.55));
#5435=CARTESIAN_POINT('',(3.425,1.25,3.55));
#5436=CARTESIAN_POINT('Origin',(-4.825,1.25,-4.95));
#5437=CARTESIAN_POINT('',(-3.425,1.25,3.55));
#5438=CARTESIAN_POINT('',(-3.425,1.25,4.95));
#5439=CARTESIAN_POINT('',(-3.425,1.25,3.55));
#5440=CARTESIAN_POINT('Origin',(4.825,1.25,3.55));
#5441=CARTESIAN_POINT('',(3.425,-0.75,3.55));
#5442=CARTESIAN_POINT('',(3.425,1.25,3.55));
#5443=CARTESIAN_POINT('',(4.825,-0.75,3.55));
#5444=CARTESIAN_POINT('Origin',(-4.825,-0.75,-4.95));
#5445=CARTESIAN_POINT('',(3.425,-0.75,4.95));
#5446=CARTESIAN_POINT('',(3.425,-0.75,3.55));
#5447=CARTESIAN_POINT('',(4.825,-0.75,3.55));
#5448=CARTESIAN_POINT('Origin',(-4.825,-0.75,-4.95));
#5449=CARTESIAN_POINT('',(-3.425,-0.75,3.55));
#5450=CARTESIAN_POINT('',(-3.425,-0.75,4.95));
#5451=CARTESIAN_POINT('',(-3.425,-0.75,3.55));
#5452=CARTESIAN_POINT('Origin',(4.125,0.,4.25));
#5453=CARTESIAN_POINT('',(3.425,1.93,4.95));
#5454=CARTESIAN_POINT('',(3.425,1.93,4.95));
#5455=CARTESIAN_POINT('',(3.425,1.93,4.95));
#5456=CARTESIAN_POINT('Origin',(4.125,0.,4.25));
#5457=CARTESIAN_POINT('',(3.425,-0.75,4.95));
#5458=CARTESIAN_POINT('Origin',(-4.825,1.93,4.95));
#5459=CARTESIAN_POINT('',(3.425,-0.75,4.95));
#5460=CARTESIAN_POINT('',(-3.425,1.93,4.95));
#5461=CARTESIAN_POINT('',(-3.425,-0.75,4.95));
#5462=CARTESIAN_POINT('',(-0.23,1.25,4.95));
#5463=CARTESIAN_POINT('',(-0.23,-1.25,4.95));
#5464=CARTESIAN_POINT('',(-0.23,1.25,4.95));
#5465=CARTESIAN_POINT('',(-2.77,-1.25,4.95));
#5466=CARTESIAN_POINT('',(-0.23,-1.25,4.95));
#5467=CARTESIAN_POINT('',(-2.77,1.25,4.95));
#5468=CARTESIAN_POINT('',(-2.77,-1.25,4.95));
#5469=CARTESIAN_POINT('',(-2.77,1.25,4.95));
#5470=CARTESIAN_POINT('',(2.77,-1.25,4.95));
#5471=CARTESIAN_POINT('',(0.93,-1.25,4.95));
#5472=CARTESIAN_POINT('',(2.77,-1.25,4.95));
#5473=CARTESIAN_POINT('',(0.23,-0.55,4.95));
#5474=CARTESIAN_POINT('',(0.93,-1.25,4.95));
#5475=CARTESIAN_POINT('',(0.23,1.25,4.95));
#5476=CARTESIAN_POINT('',(0.23,-0.55,4.95));
#5477=CARTESIAN_POINT('',(2.77,1.25,4.95));
#5478=CARTESIAN_POINT('',(0.23,1.25,4.95));
#5479=CARTESIAN_POINT('',(2.77,1.25,4.95));
#5480=CARTESIAN_POINT('Origin',(3.425,1.25,3.55));
#5481=CARTESIAN_POINT('Origin',(-3.425,1.25,4.95));
#5482=CARTESIAN_POINT('',(-3.425,1.25,3.55));
#5483=CARTESIAN_POINT('Origin',(-3.425,1.25,3.55));
#5484=CARTESIAN_POINT('Origin',(-4.825,1.93,-4.95));
#5485=CARTESIAN_POINT('',(-3.465,1.93,-4.95));
#5486=CARTESIAN_POINT('',(-3.465,1.93,-4.95));
#5487=CARTESIAN_POINT('',(-3.465,1.93,-3.25));
#5488=CARTESIAN_POINT('',(-3.465,1.93,-4.95));
#5489=CARTESIAN_POINT('',(-3.865,1.93,-3.25));
#5490=CARTESIAN_POINT('',(-4.825,1.93,-4.95));
#5491=CARTESIAN_POINT('',(3.865,1.93,-4.95));
#5492=CARTESIAN_POINT('',(3.465,1.93,-4.95));
#5493=CARTESIAN_POINT('',(3.465,1.93,-4.95));
#5494=CARTESIAN_POINT('',(1.82,1.93,-4.95));
#5495=CARTESIAN_POINT('',(1.82,1.93,-4.95));
#5496=CARTESIAN_POINT('',(1.82,1.93,-3.6));
#5497=CARTESIAN_POINT('',(1.82,1.93,-4.95));
#5498=CARTESIAN_POINT('',(1.18,1.93,-3.6));
#5499=CARTESIAN_POINT('',(1.18,1.93,-3.6));
#5500=CARTESIAN_POINT('',(1.18,1.93,-4.95));
#5501=CARTESIAN_POINT('',(1.18,1.93,-4.95));
#5502=CARTESIAN_POINT('',(-1.18,1.93,-4.95));
#5503=CARTESIAN_POINT('',(-1.18,1.93,-4.95));
#5504=CARTESIAN_POINT('',(-1.18,1.93,-3.6));
#5505=CARTESIAN_POINT('',(-1.18,1.93,-4.95));
#5506=CARTESIAN_POINT('',(-1.82,1.93,-3.6));
#5507=CARTESIAN_POINT('Origin',(-1.82,1.93,-3.6));
#5508=CARTESIAN_POINT('',(-1.18,1.055,-3.6));
#5509=CARTESIAN_POINT('',(-1.82,1.055,-3.6));
#5510=CARTESIAN_POINT('',(-1.18,1.93,-3.6));
#5511=CARTESIAN_POINT('Origin',(-1.82,1.93,-3.6));
#5512=CARTESIAN_POINT('',(-1.18,-0.32,-3.6));
#5513=CARTESIAN_POINT('',(-1.82,-0.32,-3.6));
#5514=CARTESIAN_POINT('',(-1.18,-0.32,-3.6));
#5515=CARTESIAN_POINT('Origin',(-1.18,1.055,-4.27));
#5516=CARTESIAN_POINT('',(-1.18,1.055,-3.6));
#5517=CARTESIAN_POINT('Origin',(-1.18,1.93,-3.6));
#5518=CARTESIAN_POINT('Origin',(-1.18,1.93,-3.6));
#5519=CARTESIAN_POINT('',(-1.18,1.27,-4.95));
#5520=CARTESIAN_POINT('',(-1.18,1.27,-4.95));
#5521=CARTESIAN_POINT('',(-1.18,1.27,-4.28));
#5522=CARTESIAN_POINT('Origin',(-1.18,1.93,-3.6));
#5523=CARTESIAN_POINT('',(-1.18,-0.32,-3.6));
#5524=CARTESIAN_POINT('Origin',(-4.825,1.27,-4.28));
#5525=CARTESIAN_POINT('',(3.865,1.27,-4.95));
#5526=CARTESIAN_POINT('Origin',(-4.825,1.27,-4.28));
#5527=CARTESIAN_POINT('',(-4.825,1.27,-4.95));
#5528=CARTESIAN_POINT('Origin',(-4.825,1.27,-4.28));
#5529=CARTESIAN_POINT('',(1.82,1.27,-4.95));
#5530=CARTESIAN_POINT('',(1.82,1.27,-4.28));
#5531=CARTESIAN_POINT('',(3.465,1.27,-4.95));
#5532=CARTESIAN_POINT('',(1.82,1.27,-4.95));
#5533=CARTESIAN_POINT('',(3.465,1.27,-4.28));
#5534=CARTESIAN_POINT('Origin',(-4.825,1.27,-4.28));
#5535=CARTESIAN_POINT('',(-3.465,1.27,-4.95));
#5536=CARTESIAN_POINT('',(-3.465,1.27,-4.28));
#5537=CARTESIAN_POINT('',(-3.465,1.27,-4.95));
#5538=CARTESIAN_POINT('Origin',(-4.825,1.27,-4.28));
#5539=CARTESIAN_POINT('',(1.18,1.27,-4.95));
#5540=CARTESIAN_POINT('',(-1.18,1.27,-4.95));
#5541=CARTESIAN_POINT('',(1.18,1.27,-4.28));
#5542=CARTESIAN_POINT('Origin',(-4.825,1.27,-4.95));
#5543=CARTESIAN_POINT('Origin',(-4.825,1.27,-4.95));
#5544=CARTESIAN_POINT('Origin',(-4.825,1.27,-4.95));
#5545=CARTESIAN_POINT('',(1.82,1.27,-4.95));
#5546=CARTESIAN_POINT('',(3.465,1.27,-4.95));
#5547=CARTESIAN_POINT('Origin',(-4.825,1.27,-4.95));
#5548=CARTESIAN_POINT('',(-3.465,1.27,-4.95));
#5549=CARTESIAN_POINT('Origin',(-4.825,1.27,-4.95));
#5550=CARTESIAN_POINT('',(1.18,1.27,-4.95));
#5551=CARTESIAN_POINT('Origin',(1.82,1.93,-3.6));
#5552=CARTESIAN_POINT('',(1.82,1.055,-3.6));
#5553=CARTESIAN_POINT('',(1.82,1.93,-3.6));
#5554=CARTESIAN_POINT('',(1.82,1.055,-3.6));
#5555=CARTESIAN_POINT('Origin',(1.82,1.93,-3.6));
#5556=CARTESIAN_POINT('Origin',(1.82,1.93,-3.6));
#5557=CARTESIAN_POINT('',(1.82,-0.32,-3.6));
#5558=CARTESIAN_POINT('',(1.82,-0.32,-3.63));
#5559=CARTESIAN_POINT('',(1.82,-0.32,-3.6));
#5560=CARTESIAN_POINT('',(1.82,-1.68,-3.63));
#5561=CARTESIAN_POINT('',(1.82,-0.32,-3.6));
#5562=CARTESIAN_POINT('Origin',(1.18,1.93,-3.6));
#5563=CARTESIAN_POINT('',(1.18,1.055,-3.6));
#5564=CARTESIAN_POINT('',(1.18,1.93,-3.6));
#5565=CARTESIAN_POINT('',(1.18,1.055,-3.6));
#5566=CARTESIAN_POINT('Origin',(1.18,1.93,-3.6));
#5567=CARTESIAN_POINT('',(1.18,-0.32,-3.6));
#5568=CARTESIAN_POINT('',(1.18,-0.32,-3.6));
#5569=CARTESIAN_POINT('',(1.18,-0.32,-3.6));
#5570=CARTESIAN_POINT('Origin',(1.18,1.93,-4.95));
#5571=CARTESIAN_POINT('',(1.18,1.055,-3.6));
#5572=CARTESIAN_POINT('Origin',(1.18,1.93,-4.95));
#5573=CARTESIAN_POINT('Origin',(1.18,1.93,-4.95));
#5574=CARTESIAN_POINT('',(1.18,-0.32,-3.63));
#5575=CARTESIAN_POINT('',(1.18,-0.32,-3.6));
#5576=CARTESIAN_POINT('',(1.18,-1.68,-3.63));
#5577=CARTESIAN_POINT('Origin',(1.82,1.055,-4.27));
#5578=CARTESIAN_POINT('Origin',(1.82,-0.32,2.55));
#5579=CARTESIAN_POINT('',(1.82,-0.32,-3.63));
#5580=CARTESIAN_POINT('Origin',(1.82,-0.32,2.55));
#5581=CARTESIAN_POINT('',(1.18,-0.32,2.15));
#5582=CARTESIAN_POINT('',(1.82,-0.32,2.15));
#5583=CARTESIAN_POINT('',(1.18,-0.32,-1.65));
#5584=CARTESIAN_POINT('',(1.18,-0.32,2.15));
#5585=CARTESIAN_POINT('',(1.18,-0.32,-1.65));
#5586=CARTESIAN_POINT('Origin',(1.82,-0.32,-3.63));
#5587=CARTESIAN_POINT('',(1.18,-1.68,-3.63));
#5588=CARTESIAN_POINT('Origin',(1.18,0.,0.));
#5589=CARTESIAN_POINT('Origin',(1.18,0.,0.));
#5590=CARTESIAN_POINT('',(1.18,-5.25,-4.27));
#5591=CARTESIAN_POINT('Origin',(1.18,0.,0.));
#5592=CARTESIAN_POINT('',(1.18,0.32,2.15));
#5593=CARTESIAN_POINT('',(1.18,-0.32,2.15));
#5594=CARTESIAN_POINT('',(1.18,0.32,-1.65));
#5595=CARTESIAN_POINT('',(1.18,0.32,-1.65));
#5596=CARTESIAN_POINT('',(1.18,-0.32,-1.65));
#5597=CARTESIAN_POINT('Origin',(1.255,-5.45,-3.95));
#5598=CARTESIAN_POINT('Origin',(1.255,0.,2.35));
#5599=CARTESIAN_POINT('',(1.33,-0.17,2.55));
#5600=CARTESIAN_POINT('',(1.33,-0.17,2.55));
#5601=CARTESIAN_POINT('',(1.33,0.17,2.55));
#5602=CARTESIAN_POINT('',(1.33,-0.17,2.55));
#5603=CARTESIAN_POINT('',(1.33,0.17,2.55));
#5604=CARTESIAN_POINT('Origin',(1.5,0.245,2.35));
#5605=CARTESIAN_POINT('',(1.82,0.32,2.15));
#5606=CARTESIAN_POINT('',(1.67,0.17,2.55));
#5607=CARTESIAN_POINT('',(1.67,0.17,2.55));
#5608=CARTESIAN_POINT('',(1.67,0.17,2.55));
#5609=CARTESIAN_POINT('Origin',(1.82,0.32,-2.45));
#5610=CARTESIAN_POINT('',(1.18,0.32,-1.65));
#5611=CARTESIAN_POINT('Origin',(4.825,1.93,-1.65));
#5612=CARTESIAN_POINT('',(-0.23,1.25,-1.65));
#5613=CARTESIAN_POINT('',(-0.23,-1.25,-1.65));
#5614=CARTESIAN_POINT('',(-0.23,1.25,-1.65));
#5615=CARTESIAN_POINT('',(-2.77,1.25,-1.65));
#5616=CARTESIAN_POINT('',(-2.77,1.25,-1.65));
#5617=CARTESIAN_POINT('',(-2.77,-1.25,-1.65));
#5618=CARTESIAN_POINT('',(-2.77,-1.25,-1.65));
#5619=CARTESIAN_POINT('',(-0.23,-1.25,-1.65));
#5620=CARTESIAN_POINT('',(-1.82,-0.32,-1.65));
#5621=CARTESIAN_POINT('',(-1.82,0.32,-1.65));
#5622=CARTESIAN_POINT('Origin',(4.825,1.93,-1.65));
#5623=CARTESIAN_POINT('',(2.77,-1.25,-1.65));
#5624=CARTESIAN_POINT('',(0.93,-1.25,-1.65));
#5625=CARTESIAN_POINT('',(2.77,-1.25,-1.65));
#5626=CARTESIAN_POINT('',(2.77,1.25,-1.65));
#5627=CARTESIAN_POINT('',(2.77,1.25,-1.65));
#5628=CARTESIAN_POINT('',(0.23,1.25,-1.65));
#5629=CARTESIAN_POINT('',(0.23,1.25,-1.65));
#5630=CARTESIAN_POINT('',(0.23,-0.55,-1.65));
#5631=CARTESIAN_POINT('',(0.23,-0.55,-1.65));
#5632=CARTESIAN_POINT('',(0.93,-1.25,-1.65));
#5633=CARTESIAN_POINT('Origin',(-0.23,1.25,4.95));
#5634=CARTESIAN_POINT('',(-0.23,1.25,4.95));
#5635=CARTESIAN_POINT('',(-0.23,-1.25,4.95));
#5636=CARTESIAN_POINT('Origin',(-0.23,-1.25,4.95));
#5637=CARTESIAN_POINT('',(-2.77,-1.25,4.95));
#5638=CARTESIAN_POINT('Origin',(-2.77,-1.25,4.95));
#5639=CARTESIAN_POINT('',(-2.77,1.25,4.95));
#5640=CARTESIAN_POINT('Origin',(-2.77,1.25,4.95));
#5641=CARTESIAN_POINT('Origin',(2.77,-1.25,4.95));
#5642=CARTESIAN_POINT('',(2.77,-1.25,4.95));
#5643=CARTESIAN_POINT('',(0.93,-1.25,4.95));
#5644=CARTESIAN_POINT('Origin',(0.93,-1.25,4.95));
#5645=CARTESIAN_POINT('',(0.23,-0.55,4.95));
#5646=CARTESIAN_POINT('Origin',(0.23,-0.55,4.95));
#5647=CARTESIAN_POINT('',(0.23,1.25,4.95));
#5648=CARTESIAN_POINT('Origin',(0.23,1.25,4.95));
#5649=CARTESIAN_POINT('',(2.77,1.25,4.95));
#5650=CARTESIAN_POINT('Origin',(2.77,1.25,4.95));
#5651=CARTESIAN_POINT('Origin',(-1.18,0.32,-2.45));
#5652=CARTESIAN_POINT('',(-1.18,0.32,2.15));
#5653=CARTESIAN_POINT('Origin',(-1.5,0.245,2.35));
#5654=CARTESIAN_POINT('',(-1.67,0.17,2.55));
#5655=CARTESIAN_POINT('',(-1.67,0.17,2.55));
#5656=CARTESIAN_POINT('',(-1.33,0.17,2.55));
#5657=CARTESIAN_POINT('',(-1.33,0.17,2.55));
#5658=CARTESIAN_POINT('',(-1.33,0.17,2.55));
#5659=CARTESIAN_POINT('Origin',(-1.255,0.,2.35));
#5660=CARTESIAN_POINT('',(-1.33,-0.17,2.55));
#5661=CARTESIAN_POINT('',(-1.33,0.17,2.55));
#5662=CARTESIAN_POINT('',(-1.18,-0.32,2.15));
#5663=CARTESIAN_POINT('Origin',(-1.18,0.32,2.55));
#5664=CARTESIAN_POINT('',(-1.67,-0.17,2.55));
#5665=CARTESIAN_POINT('',(-1.33,-0.17,2.55));
#5666=CARTESIAN_POINT('',(-1.67,-0.17,2.55));
#5667=CARTESIAN_POINT('Origin',(-1.5,-0.245,2.35));
#5668=CARTESIAN_POINT('',(-1.67,-0.17,2.55));
#5669=CARTESIAN_POINT('',(-1.18,-0.32,2.15));
#5670=CARTESIAN_POINT('Origin',(-1.18,-0.32,2.55));
#5671=CARTESIAN_POINT('Origin',(-1.18,-0.32,2.55));
#5672=CARTESIAN_POINT('Origin',(-1.745,0.,2.35));
#5673=CARTESIAN_POINT('Origin',(1.745,0.,2.35));
#5674=CARTESIAN_POINT('',(1.67,-0.17,2.55));
#5675=CARTESIAN_POINT('',(1.67,0.17,2.55));
#5676=CARTESIAN_POINT('',(1.82,-0.32,2.15));
#5677=CARTESIAN_POINT('Origin',(1.82,0.32,2.55));
#5678=CARTESIAN_POINT('',(1.67,-0.17,2.55));
#5679=CARTESIAN_POINT('Origin',(1.5,-0.245,2.35));
#5680=CARTESIAN_POINT('Origin',(3.465,1.93,-4.95));
#5681=CARTESIAN_POINT('Origin',(-3.465,1.93,-3.25));
#5682=CARTESIAN_POINT('',(-3.465,1.93,-3.25));
#5683=CARTESIAN_POINT('Origin',(-3.865,1.93,-3.25));
#5684=CARTESIAN_POINT('Origin',(-1.475,-1.93,4.1));
#5685=CARTESIAN_POINT('Ctrl Pts',(-0.474999999999987,-5.52749608796661,
1.15800514516297));
#5686=CARTESIAN_POINT('Ctrl Pts',(-0.976594318201092,-5.5274960879667,0.909692707451045));
#5687=CARTESIAN_POINT('Ctrl Pts',(-0.976594318201081,-5.52749608796678,
0.349999999999829));
#5688=CARTESIAN_POINT('Ctrl Pts',(-0.976594318201071,-5.52749608796685,
-0.209692707451422));
#5689=CARTESIAN_POINT('Ctrl Pts',(-0.474999999999924,-5.52749608796682,
-0.458005145163347));
#5690=CARTESIAN_POINT('Ctrl Pts',(-0.389739509935827,-5.77000000000013,
0.985777858534612));
#5691=CARTESIAN_POINT('Ctrl Pts',(-0.784418384678274,-5.7700000000002,0.790393521143842));
#5692=CARTESIAN_POINT('Ctrl Pts',(-0.784418384678266,-5.77000000000026,
0.34999999999986));
#5693=CARTESIAN_POINT('Ctrl Pts',(-0.784418384678257,-5.77000000000031,
-0.0903935211441494));
#5694=CARTESIAN_POINT('Ctrl Pts',(-0.389739509935778,-5.77000000000029,
-0.285777858534916));
#5695=CARTESIAN_POINT('Ctrl Pts',(-0.252463407622045,-5.76999999999951,
0.708478366089272));
#5696=CARTESIAN_POINT('Ctrl Pts',(-0.475000000000005,-5.76999999999955,
0.598312437711826));
#5697=CARTESIAN_POINT('Ctrl Pts',(-0.475,-5.76999999999958,0.34999999999986));
#5698=CARTESIAN_POINT('Ctrl Pts',(-0.474999999999995,-5.76999999999962,
0.101687562287879));
#5699=CARTESIAN_POINT('Ctrl Pts',(-0.252463407622018,-5.7699999999996,-0.00847836608956508));
#5700=CARTESIAN_POINT('Origin',(4.825,0.0425,-3.5));
#5701=CARTESIAN_POINT('',(4.775,0.0425,-2.25));
#5702=CARTESIAN_POINT('',(4.825,0.0425,-2.25));
#5703=CARTESIAN_POINT('',(4.775,0.0425,-3.5));
#5704=CARTESIAN_POINT('',(4.775,0.0425,-3.5));
#5705=CARTESIAN_POINT('',(4.825,0.0425,-3.5));
#5706=CARTESIAN_POINT('Origin',(4.825,-0.11375,-3.5));
#5707=CARTESIAN_POINT('',(4.775,-0.11375,-3.5));
#5708=CARTESIAN_POINT('',(4.775,-0.11375,-3.5));
#5709=CARTESIAN_POINT('',(4.825,-0.11375,-3.5));
#5710=CARTESIAN_POINT('Origin',(4.825,-0.11375,-2.462765932083));
#5711=CARTESIAN_POINT('',(4.775,-0.11375,-2.462765932083));
#5712=CARTESIAN_POINT('',(4.775,-0.11375,-2.462765932083));
#5713=CARTESIAN_POINT('',(4.825,-0.11375,-2.462765932083));
#5714=CARTESIAN_POINT('Origin',(4.825,-0.27,-2.648936197162));
#5715=CARTESIAN_POINT('',(4.775,-0.27,-2.648936197162));
#5716=CARTESIAN_POINT('',(4.775,-0.27,-2.648936197162));
#5717=CARTESIAN_POINT('',(4.825,-0.27,-2.648936197162));
#5718=CARTESIAN_POINT('Origin',(4.825,-0.27,-2.436170190573));
#5719=CARTESIAN_POINT('',(4.775,-0.27,-2.436170190573));
#5720=CARTESIAN_POINT('',(4.775,-0.27,-2.436170190573));
#5721=CARTESIAN_POINT('',(4.825,-0.27,-2.436170190573));
#5722=CARTESIAN_POINT('Origin',(4.825,-0.11375,-2.25));
#5723=CARTESIAN_POINT('',(4.775,-0.11375,-2.25));
#5724=CARTESIAN_POINT('',(4.775,-0.11375,-2.25));
#5725=CARTESIAN_POINT('',(4.825,-0.11375,-2.25));
#5726=CARTESIAN_POINT('Origin',(4.825,0.0425,-2.25));
#5727=CARTESIAN_POINT('',(4.775,0.0425,-2.25));
#5728=CARTESIAN_POINT('Origin',(4.775,0.,0.));
#5729=CARTESIAN_POINT('Origin',(-1.3,0.,0.));
#5730=CARTESIAN_POINT('',(-1.3,1.935,4.4));
#5731=CARTESIAN_POINT('',(-1.3,1.935,1.95));
#5732=CARTESIAN_POINT('',(-1.3,1.935,4.4));
#5733=CARTESIAN_POINT('',(-1.3,3.135,3.2));
#5734=CARTESIAN_POINT('',(-1.3,3.135,3.2));
#5735=CARTESIAN_POINT('',(-1.3,3.135,2.45));
#5736=CARTESIAN_POINT('',(-1.3,3.135,2.45));
#5737=CARTESIAN_POINT('',(-1.3,2.435,2.45));
#5738=CARTESIAN_POINT('',(-1.3,2.435,2.45));
#5739=CARTESIAN_POINT('Origin',(-1.3,2.435,1.95));
#5740=CARTESIAN_POINT('Origin',(-1.3,1.935,4.4));
#5741=CARTESIAN_POINT('',(1.3,1.935,1.95));
#5742=CARTESIAN_POINT('',(-1.3,1.935,1.95));
#5743=CARTESIAN_POINT('',(1.3,1.935,4.4));
#5744=CARTESIAN_POINT('',(1.3,1.935,4.4));
#5745=CARTESIAN_POINT('',(-1.3,1.935,4.4));
#5746=CARTESIAN_POINT('Origin',(-1.3,3.135,3.2));
#5747=CARTESIAN_POINT('',(1.3,3.135,3.2));
#5748=CARTESIAN_POINT('',(1.3,3.135,3.2));
#5749=CARTESIAN_POINT('',(-1.3,3.135,3.2));
#5750=CARTESIAN_POINT('Origin',(-1.3,3.135,2.45));
#5751=CARTESIAN_POINT('',(1.3,3.135,2.45));
#5752=CARTESIAN_POINT('',(1.3,3.135,2.45));
#5753=CARTESIAN_POINT('',(-1.3,3.135,2.45));
#5754=CARTESIAN_POINT('Origin',(-1.3,2.435,2.45));
#5755=CARTESIAN_POINT('',(1.3,2.435,2.45));
#5756=CARTESIAN_POINT('',(1.3,2.435,2.45));
#5757=CARTESIAN_POINT('',(-1.3,2.435,2.45));
#5758=CARTESIAN_POINT('Origin',(-1.3,2.435,1.95));
#5759=CARTESIAN_POINT('Origin',(1.3,2.435,1.95));
#5760=CARTESIAN_POINT('Origin',(1.3,0.,0.));
#5761=UNCERTAINTY_MEASURE_WITH_UNIT(LENGTH_MEASURE(0.01),#5765,
'DISTANCE_ACCURACY_VALUE',
'Maximum model space distance between geometric entities at asserted c
onnectivities');
#5762=UNCERTAINTY_MEASURE_WITH_UNIT(LENGTH_MEASURE(0.01),#5765,
'DISTANCE_ACCURACY_VALUE',
'Maximum model space distance between geometric entities at asserted c
onnectivities');
#5763=(
GEOMETRIC_REPRESENTATION_CONTEXT(3)
GLOBAL_UNCERTAINTY_ASSIGNED_CONTEXT((#5761))
GLOBAL_UNIT_ASSIGNED_CONTEXT((#5765,#5767,#5768))
REPRESENTATION_CONTEXT('','3D')
);
#5764=(
GEOMETRIC_REPRESENTATION_CONTEXT(3)
GLOBAL_UNCERTAINTY_ASSIGNED_CONTEXT((#5762))
GLOBAL_UNIT_ASSIGNED_CONTEXT((#5765,#5767,#5768))
REPRESENTATION_CONTEXT('','3D')
);
#5765=(
LENGTH_UNIT()
NAMED_UNIT(*)
SI_UNIT(.MILLI.,.METRE.)
);
#5766=(
LENGTH_UNIT()
NAMED_UNIT(*)
SI_UNIT($,.METRE.)
);
#5767=(
NAMED_UNIT(*)
PLANE_ANGLE_UNIT()
SI_UNIT($,.RADIAN.)
);
#5768=(
NAMED_UNIT(*)
SI_UNIT($,.STERADIAN.)
SOLID_ANGLE_UNIT()
);
#5769=SHAPE_DEFINITION_REPRESENTATION(#5770,#5771);
#5770=PRODUCT_DEFINITION_SHAPE('',$,#5773);
#5771=SHAPE_REPRESENTATION('',(#3590),#5763);
#5772=PRODUCT_DEFINITION_CONTEXT('part definition',#5777,'design');
#5773=PRODUCT_DEFINITION('436500200',
'MOLEX-MICROFIT-RA-2POS-0436500200 v1',#5774,#5772);
#5774=PRODUCT_DEFINITION_FORMATION('',$,#5779);
#5775=PRODUCT_RELATED_PRODUCT_CATEGORY(
'MOLEX-MICROFIT-RA-2POS-0436500200 v1',
'MOLEX-MICROFIT-RA-2POS-0436500200 v1',(#5779));
#5776=APPLICATION_PROTOCOL_DEFINITION('international standard',
'ap242_managed_model_based_3d_engineering',2011,#5777);
#5777=APPLICATION_CONTEXT('Managed model based 3d engineering');
#5778=PRODUCT_CONTEXT('part definition',#5777,'mechanical');
#5779=PRODUCT('436500200','MOLEX-MICROFIT-RA-2POS-0436500200 v1',$,(#5778));
#5780=PRESENTATION_STYLE_ASSIGNMENT((#5782));
#5781=PRESENTATION_STYLE_ASSIGNMENT((#5783));
#5782=SURFACE_STYLE_USAGE(.BOTH.,#5784);
#5783=SURFACE_STYLE_USAGE(.BOTH.,#5785);
#5784=SURFACE_SIDE_STYLE('',(#5786));
#5785=SURFACE_SIDE_STYLE('',(#5787));
#5786=SURFACE_STYLE_FILL_AREA(#5788);
#5787=SURFACE_STYLE_FILL_AREA(#5789);
#5788=FILL_AREA_STYLE('Steel - Satin',(#5790));
#5789=FILL_AREA_STYLE(
'EPX 150 - Air Baked (with Carbon M2 M3 L1 3D Printers)',(#5791));
#5790=FILL_AREA_STYLE_COLOUR('Steel - Satin',#5792);
#5791=FILL_AREA_STYLE_COLOUR(
'EPX 150 - Air Baked (with Carbon M2 M3 L1 3D Printers)',#5793);
#5792=COLOUR_RGB('Steel - Satin',0.627450980392157,0.627450980392157,0.627450980392157);
#5793=COLOUR_RGB(
'EPX 150 - Air Baked (with Carbon M2 M3 L1 3D Printers)',0.247058823529412,
0.247058823529412,0.247058823529412);
ENDSEC;
END-ISO-10303-21;
