ISO-10303-21;
HEADER;
/* Generated by software containing ST-Developer
 * from STEP Tools, Inc. (www.steptools.com) 
 */

FILE_DESCRIPTION(
/* description */ ('',
'CAx-IF Rec.Pracs.---Representation and Presentation of Product Manufa
cturing Information (PMI)---4.0---2014-10-13'),
/* implementation_level */ '2;1');

FILE_NAME(
/* name */ 'MOLEX-MICROFIT-RA-4POS-0436500400.step',
/* time_stamp */ '2025-02-04T18:38:52-06:00',
/* author */ (''),
/* organization */ (''),
/* preprocessor_version */ 'ST-DEVELOPER v20',
/* originating_system */ 'Autodesk Translation Framework v13.20.0.188',

/* authorisation */ '');

FILE_SCHEMA (('AP242_MANAGED_MODEL_BASED_3D_ENGINEERING_MIM_LF { 1 0 10303 442 1 1 4 }'));
ENDSEC;

DATA;
#10=MECHANICAL_DESIGN_GEOMETRIC_PRESENTATION_REPRESENTATION('',(#13,#14),
#8354);
#11=SHAPE_REPRESENTATION_RELATIONSHIP('SRR','None',#8361,#12);
#12=ADVANCED_BREP_SHAPE_REPRESENTATION('',(#15,#16),#8353);
#13=STYLED_ITEM('',(#8371),#15);
#14=STYLED_ITEM('',(#8370),#16);
#15=MANIFOLD_SOLID_BREP('Body1',#5214);
#16=MANIFOLD_SOLID_BREP('Body2',#5215);
#17=(
BOUNDED_SURFACE()
B_SPLINE_SURFACE(2,2,((#7670,#7671,#7672,#7673,#7674),(#7675,#7676,#7677,
#7678,#7679),(#7680,#7681,#7682,#7683,#7684)),.UNSPECIFIED.,.F.,.F.,.F.)
B_SPLINE_SURFACE_WITH_KNOTS((3,3),(3,2,3),(-1.57079632679248,-0.670129692302373),
(0.459676844003608,1.57079632679489,2.68191580958605),.UNSPECIFIED.)
GEOMETRIC_REPRESENTATION_ITEM()
RATIONAL_B_SPLINE_SURFACE(((1.,0.849605355165637,1.,0.849605355165637,1.),
(0.900302070821834,0.764901460636942,0.900302070821834,0.764901460636942,
0.900302070821834),(1.,0.849605355165637,1.,0.849605355165637,1.)))
REPRESENTATION_ITEM('')
SURFACE()
);
#18=(
BOUNDED_SURFACE()
B_SPLINE_SURFACE(2,2,((#8275,#8276,#8277,#8278,#8279),(#8280,#8281,#8282,
#8283,#8284),(#8285,#8286,#8287,#8288,#8289)),.UNSPECIFIED.,.F.,.F.,.F.)
B_SPLINE_SURFACE_WITH_KNOTS((3,3),(3,2,3),(0.67012969230227,1.57079632679408),
(-2.68191580958501,-1.57079632679491,-0.459676844004984),.UNSPECIFIED.)
GEOMETRIC_REPRESENTATION_ITEM()
RATIONAL_B_SPLINE_SURFACE(((1.,0.849605355165956,1.,0.849605355165956,1.),
(0.900302070821474,0.764901460636924,0.900302070821474,0.764901460636924,
0.900302070821474),(1.,0.849605355165956,1.,0.849605355165956,1.)))
REPRESENTATION_ITEM('')
SURFACE()
);
#19=CYLINDRICAL_SURFACE('',#5332,1.4);
#20=CYLINDRICAL_SURFACE('',#5336,1.7);
#21=CYLINDRICAL_SURFACE('',#5344,1.7);
#22=CYLINDRICAL_SURFACE('',#5348,1.4);
#23=CYLINDRICAL_SURFACE('',#5518,0.5);
#24=CIRCLE('',#5321,0.9015943182001);
#25=CIRCLE('',#5322,1.7);
#26=CIRCLE('',#5325,1.4);
#27=CIRCLE('',#5327,1.4);
#28=CIRCLE('',#5329,1.4);
#29=CIRCLE('',#5331,1.4);
#30=CIRCLE('',#5333,1.4);
#31=CIRCLE('',#5335,1.7);
#32=CIRCLE('',#5342,0.9015943182001);
#33=CIRCLE('',#5343,1.7);
#34=CIRCLE('',#5345,1.7);
#35=CIRCLE('',#5347,1.4);
#36=CIRCLE('',#5513,0.5);
#37=CIRCLE('',#5519,0.5);
#38=CONICAL_SURFACE('',#5320,1.3007971591,0.670129692300864);
#39=CONICAL_SURFACE('',#5341,1.3007971591,0.670129692300864);
#40=(
BOUNDED_CURVE()
B_SPLINE_CURVE(2,(#7539,#7540,#7541),.UNSPECIFIED.,.F.,.F.)
B_SPLINE_CURVE_WITH_KNOTS((3,3),(-0.933992252463673,-0.704983227627136),
 .UNSPECIFIED.)
CURVE()
GEOMETRIC_REPRESENTATION_ITEM()
RATIONAL_B_SPLINE_CURVE((1.90693250113968,2.32192198137989,2.47888110043298))
REPRESENTATION_ITEM('')
);
#41=(
BOUNDED_CURVE()
B_SPLINE_CURVE(2,(#7553,#7554,#7555),.UNSPECIFIED.,.F.,.F.)
B_SPLINE_CURVE_WITH_KNOTS((3,3),(0.70498322762713,0.933992252463671),
 .UNSPECIFIED.)
CURVE()
GEOMETRIC_REPRESENTATION_ITEM()
RATIONAL_B_SPLINE_CURVE((2.47888110043299,2.32192198137991,1.90693250113969))
REPRESENTATION_ITEM('')
);
#42=(
BOUNDED_CURVE()
B_SPLINE_CURVE(2,(#7644,#7645,#7646),.UNSPECIFIED.,.F.,.F.)
B_SPLINE_CURVE_WITH_KNOTS((3,3),(0.197363153856856,0.426372178698967),
 .UNSPECIFIED.)
CURVE()
GEOMETRIC_REPRESENTATION_ITEM()
RATIONAL_B_SPLINE_CURVE((1.90693250113969,2.32192198139,2.47888110044062))
REPRESENTATION_ITEM('')
);
#43=(
BOUNDED_CURVE()
B_SPLINE_CURVE(2,(#7655,#7656,#7657),.UNSPECIFIED.,.F.,.F.)
B_SPLINE_CURVE_WITH_KNOTS((3,3),(-0.426372178698968,-0.197363153856856),
 .UNSPECIFIED.)
CURVE()
GEOMETRIC_REPRESENTATION_ITEM()
RATIONAL_B_SPLINE_CURVE((2.47888110044062,2.32192198139,1.90693250113969))
REPRESENTATION_ITEM('')
);
#44=B_SPLINE_CURVE_WITH_KNOTS('',3,(#7503,#7504,#7505,#7506,#7507),
 .UNSPECIFIED.,.F.,.F.,(4,1,4),(0.,0.5,1.),.UNSPECIFIED.);
#45=B_SPLINE_CURVE_WITH_KNOTS('',3,(#7509,#7510,#7511,#7512,#7513,#7514,
#7515,#7516,#7517,#7518,#7519,#7520,#7521,#7522),.UNSPECIFIED.,.F.,.F.,
(4,2,2,2,2,2,4),(-0.330039426497287,-0.327617475662729,-0.303241487192743,
-0.247296976338061,-0.191352465483379,-0.166976477013393,-0.164554526178894),
 .UNSPECIFIED.);
#46=B_SPLINE_CURVE_WITH_KNOTS('',3,(#7524,#7525,#7526,#7527,#7528),
 .UNSPECIFIED.,.F.,.F.,(4,1,4),(0.,0.5,1.),.UNSPECIFIED.);
#47=B_SPLINE_CURVE_WITH_KNOTS('',3,(#7614,#7615,#7616,#7617,#7618),
 .UNSPECIFIED.,.F.,.F.,(4,1,4),(0.,0.5,1.),.UNSPECIFIED.);
#48=B_SPLINE_CURVE_WITH_KNOTS('',3,(#7620,#7621,#7622,#7623,#7624,#7625,
#7626,#7627,#7628,#7629,#7630,#7631,#7632,#7633,#7634),.UNSPECIFIED.,.F.,
 .F.,(4,2,2,3,2,2,4),(0.41185150251723,0.414273453351719,0.438649441821751,
0.494593952676376,0.550538463531001,0.574914452001033,0.577336402835561),
 .UNSPECIFIED.);
#49=B_SPLINE_CURVE_WITH_KNOTS('',3,(#7636,#7637,#7638,#7639,#7640),
 .UNSPECIFIED.,.F.,.F.,(4,1,4),(0.,0.5,1.),.UNSPECIFIED.);
#50=FACE_BOUND('',#360,.T.);
#51=FACE_BOUND('',#468,.T.);
#52=FACE_BOUND('',#469,.T.);
#53=FACE_BOUND('',#470,.T.);
#54=FACE_BOUND('',#471,.T.);
#55=FACE_BOUND('',#522,.T.);
#56=FACE_BOUND('',#524,.T.);
#57=FACE_BOUND('',#526,.T.);
#58=FACE_BOUND('',#528,.T.);
#59=FACE_OUTER_BOUND('',#339,.T.);
#60=FACE_OUTER_BOUND('',#340,.T.);
#61=FACE_OUTER_BOUND('',#341,.T.);
#62=FACE_OUTER_BOUND('',#342,.T.);
#63=FACE_OUTER_BOUND('',#343,.T.);
#64=FACE_OUTER_BOUND('',#344,.T.);
#65=FACE_OUTER_BOUND('',#345,.T.);
#66=FACE_OUTER_BOUND('',#346,.T.);
#67=FACE_OUTER_BOUND('',#347,.T.);
#68=FACE_OUTER_BOUND('',#348,.T.);
#69=FACE_OUTER_BOUND('',#349,.T.);
#70=FACE_OUTER_BOUND('',#350,.T.);
#71=FACE_OUTER_BOUND('',#351,.T.);
#72=FACE_OUTER_BOUND('',#352,.T.);
#73=FACE_OUTER_BOUND('',#353,.T.);
#74=FACE_OUTER_BOUND('',#354,.T.);
#75=FACE_OUTER_BOUND('',#355,.T.);
#76=FACE_OUTER_BOUND('',#356,.T.);
#77=FACE_OUTER_BOUND('',#357,.T.);
#78=FACE_OUTER_BOUND('',#358,.T.);
#79=FACE_OUTER_BOUND('',#359,.T.);
#80=FACE_OUTER_BOUND('',#361,.T.);
#81=FACE_OUTER_BOUND('',#362,.T.);
#82=FACE_OUTER_BOUND('',#363,.T.);
#83=FACE_OUTER_BOUND('',#364,.T.);
#84=FACE_OUTER_BOUND('',#365,.T.);
#85=FACE_OUTER_BOUND('',#366,.T.);
#86=FACE_OUTER_BOUND('',#367,.T.);
#87=FACE_OUTER_BOUND('',#368,.T.);
#88=FACE_OUTER_BOUND('',#369,.T.);
#89=FACE_OUTER_BOUND('',#370,.T.);
#90=FACE_OUTER_BOUND('',#371,.T.);
#91=FACE_OUTER_BOUND('',#372,.T.);
#92=FACE_OUTER_BOUND('',#373,.T.);
#93=FACE_OUTER_BOUND('',#374,.T.);
#94=FACE_OUTER_BOUND('',#375,.T.);
#95=FACE_OUTER_BOUND('',#376,.T.);
#96=FACE_OUTER_BOUND('',#377,.T.);
#97=FACE_OUTER_BOUND('',#378,.T.);
#98=FACE_OUTER_BOUND('',#379,.T.);
#99=FACE_OUTER_BOUND('',#380,.T.);
#100=FACE_OUTER_BOUND('',#381,.T.);
#101=FACE_OUTER_BOUND('',#382,.T.);
#102=FACE_OUTER_BOUND('',#383,.T.);
#103=FACE_OUTER_BOUND('',#384,.T.);
#104=FACE_OUTER_BOUND('',#385,.T.);
#105=FACE_OUTER_BOUND('',#386,.T.);
#106=FACE_OUTER_BOUND('',#387,.T.);
#107=FACE_OUTER_BOUND('',#388,.T.);
#108=FACE_OUTER_BOUND('',#389,.T.);
#109=FACE_OUTER_BOUND('',#390,.T.);
#110=FACE_OUTER_BOUND('',#391,.T.);
#111=FACE_OUTER_BOUND('',#392,.T.);
#112=FACE_OUTER_BOUND('',#393,.T.);
#113=FACE_OUTER_BOUND('',#394,.T.);
#114=FACE_OUTER_BOUND('',#395,.T.);
#115=FACE_OUTER_BOUND('',#396,.T.);
#116=FACE_OUTER_BOUND('',#397,.T.);
#117=FACE_OUTER_BOUND('',#398,.T.);
#118=FACE_OUTER_BOUND('',#399,.T.);
#119=FACE_OUTER_BOUND('',#400,.T.);
#120=FACE_OUTER_BOUND('',#401,.T.);
#121=FACE_OUTER_BOUND('',#402,.T.);
#122=FACE_OUTER_BOUND('',#403,.T.);
#123=FACE_OUTER_BOUND('',#404,.T.);
#124=FACE_OUTER_BOUND('',#405,.T.);
#125=FACE_OUTER_BOUND('',#406,.T.);
#126=FACE_OUTER_BOUND('',#407,.T.);
#127=FACE_OUTER_BOUND('',#408,.T.);
#128=FACE_OUTER_BOUND('',#409,.T.);
#129=FACE_OUTER_BOUND('',#410,.T.);
#130=FACE_OUTER_BOUND('',#411,.T.);
#131=FACE_OUTER_BOUND('',#412,.T.);
#132=FACE_OUTER_BOUND('',#413,.T.);
#133=FACE_OUTER_BOUND('',#414,.T.);
#134=FACE_OUTER_BOUND('',#415,.T.);
#135=FACE_OUTER_BOUND('',#416,.T.);
#136=FACE_OUTER_BOUND('',#417,.T.);
#137=FACE_OUTER_BOUND('',#418,.T.);
#138=FACE_OUTER_BOUND('',#419,.T.);
#139=FACE_OUTER_BOUND('',#420,.T.);
#140=FACE_OUTER_BOUND('',#421,.T.);
#141=FACE_OUTER_BOUND('',#422,.T.);
#142=FACE_OUTER_BOUND('',#423,.T.);
#143=FACE_OUTER_BOUND('',#424,.T.);
#144=FACE_OUTER_BOUND('',#425,.T.);
#145=FACE_OUTER_BOUND('',#426,.T.);
#146=FACE_OUTER_BOUND('',#427,.T.);
#147=FACE_OUTER_BOUND('',#428,.T.);
#148=FACE_OUTER_BOUND('',#429,.T.);
#149=FACE_OUTER_BOUND('',#430,.T.);
#150=FACE_OUTER_BOUND('',#431,.T.);
#151=FACE_OUTER_BOUND('',#432,.T.);
#152=FACE_OUTER_BOUND('',#433,.T.);
#153=FACE_OUTER_BOUND('',#434,.T.);
#154=FACE_OUTER_BOUND('',#435,.T.);
#155=FACE_OUTER_BOUND('',#436,.T.);
#156=FACE_OUTER_BOUND('',#437,.T.);
#157=FACE_OUTER_BOUND('',#438,.T.);
#158=FACE_OUTER_BOUND('',#439,.T.);
#159=FACE_OUTER_BOUND('',#440,.T.);
#160=FACE_OUTER_BOUND('',#441,.T.);
#161=FACE_OUTER_BOUND('',#442,.T.);
#162=FACE_OUTER_BOUND('',#443,.T.);
#163=FACE_OUTER_BOUND('',#444,.T.);
#164=FACE_OUTER_BOUND('',#445,.T.);
#165=FACE_OUTER_BOUND('',#446,.T.);
#166=FACE_OUTER_BOUND('',#447,.T.);
#167=FACE_OUTER_BOUND('',#448,.T.);
#168=FACE_OUTER_BOUND('',#449,.T.);
#169=FACE_OUTER_BOUND('',#450,.T.);
#170=FACE_OUTER_BOUND('',#451,.T.);
#171=FACE_OUTER_BOUND('',#452,.T.);
#172=FACE_OUTER_BOUND('',#453,.T.);
#173=FACE_OUTER_BOUND('',#454,.T.);
#174=FACE_OUTER_BOUND('',#455,.T.);
#175=FACE_OUTER_BOUND('',#456,.T.);
#176=FACE_OUTER_BOUND('',#457,.T.);
#177=FACE_OUTER_BOUND('',#458,.T.);
#178=FACE_OUTER_BOUND('',#459,.T.);
#179=FACE_OUTER_BOUND('',#460,.T.);
#180=FACE_OUTER_BOUND('',#461,.T.);
#181=FACE_OUTER_BOUND('',#462,.T.);
#182=FACE_OUTER_BOUND('',#463,.T.);
#183=FACE_OUTER_BOUND('',#464,.T.);
#184=FACE_OUTER_BOUND('',#465,.T.);
#185=FACE_OUTER_BOUND('',#466,.T.);
#186=FACE_OUTER_BOUND('',#467,.T.);
#187=FACE_OUTER_BOUND('',#472,.T.);
#188=FACE_OUTER_BOUND('',#473,.T.);
#189=FACE_OUTER_BOUND('',#474,.T.);
#190=FACE_OUTER_BOUND('',#475,.T.);
#191=FACE_OUTER_BOUND('',#476,.T.);
#192=FACE_OUTER_BOUND('',#477,.T.);
#193=FACE_OUTER_BOUND('',#478,.T.);
#194=FACE_OUTER_BOUND('',#479,.T.);
#195=FACE_OUTER_BOUND('',#480,.T.);
#196=FACE_OUTER_BOUND('',#481,.T.);
#197=FACE_OUTER_BOUND('',#482,.T.);
#198=FACE_OUTER_BOUND('',#483,.T.);
#199=FACE_OUTER_BOUND('',#484,.T.);
#200=FACE_OUTER_BOUND('',#485,.T.);
#201=FACE_OUTER_BOUND('',#486,.T.);
#202=FACE_OUTER_BOUND('',#487,.T.);
#203=FACE_OUTER_BOUND('',#488,.T.);
#204=FACE_OUTER_BOUND('',#489,.T.);
#205=FACE_OUTER_BOUND('',#490,.T.);
#206=FACE_OUTER_BOUND('',#491,.T.);
#207=FACE_OUTER_BOUND('',#492,.T.);
#208=FACE_OUTER_BOUND('',#493,.T.);
#209=FACE_OUTER_BOUND('',#494,.T.);
#210=FACE_OUTER_BOUND('',#495,.T.);
#211=FACE_OUTER_BOUND('',#496,.T.);
#212=FACE_OUTER_BOUND('',#497,.T.);
#213=FACE_OUTER_BOUND('',#498,.T.);
#214=FACE_OUTER_BOUND('',#499,.T.);
#215=FACE_OUTER_BOUND('',#500,.T.);
#216=FACE_OUTER_BOUND('',#501,.T.);
#217=FACE_OUTER_BOUND('',#502,.T.);
#218=FACE_OUTER_BOUND('',#503,.T.);
#219=FACE_OUTER_BOUND('',#504,.T.);
#220=FACE_OUTER_BOUND('',#505,.T.);
#221=FACE_OUTER_BOUND('',#506,.T.);
#222=FACE_OUTER_BOUND('',#507,.T.);
#223=FACE_OUTER_BOUND('',#508,.T.);
#224=FACE_OUTER_BOUND('',#509,.T.);
#225=FACE_OUTER_BOUND('',#510,.T.);
#226=FACE_OUTER_BOUND('',#511,.T.);
#227=FACE_OUTER_BOUND('',#512,.T.);
#228=FACE_OUTER_BOUND('',#513,.T.);
#229=FACE_OUTER_BOUND('',#514,.T.);
#230=FACE_OUTER_BOUND('',#515,.T.);
#231=FACE_OUTER_BOUND('',#516,.T.);
#232=FACE_OUTER_BOUND('',#517,.T.);
#233=FACE_OUTER_BOUND('',#518,.T.);
#234=FACE_OUTER_BOUND('',#519,.T.);
#235=FACE_OUTER_BOUND('',#520,.T.);
#236=FACE_OUTER_BOUND('',#521,.T.);
#237=FACE_OUTER_BOUND('',#523,.T.);
#238=FACE_OUTER_BOUND('',#525,.T.);
#239=FACE_OUTER_BOUND('',#527,.T.);
#240=FACE_OUTER_BOUND('',#529,.T.);
#241=FACE_OUTER_BOUND('',#530,.T.);
#242=FACE_OUTER_BOUND('',#531,.T.);
#243=FACE_OUTER_BOUND('',#532,.T.);
#244=FACE_OUTER_BOUND('',#533,.T.);
#245=FACE_OUTER_BOUND('',#534,.T.);
#246=FACE_OUTER_BOUND('',#535,.T.);
#247=FACE_OUTER_BOUND('',#536,.T.);
#248=FACE_OUTER_BOUND('',#537,.T.);
#249=FACE_OUTER_BOUND('',#538,.T.);
#250=FACE_OUTER_BOUND('',#539,.T.);
#251=FACE_OUTER_BOUND('',#540,.T.);
#252=FACE_OUTER_BOUND('',#541,.T.);
#253=FACE_OUTER_BOUND('',#542,.T.);
#254=FACE_OUTER_BOUND('',#543,.T.);
#255=FACE_OUTER_BOUND('',#544,.T.);
#256=FACE_OUTER_BOUND('',#545,.T.);
#257=FACE_OUTER_BOUND('',#546,.T.);
#258=FACE_OUTER_BOUND('',#547,.T.);
#259=FACE_OUTER_BOUND('',#548,.T.);
#260=FACE_OUTER_BOUND('',#549,.T.);
#261=FACE_OUTER_BOUND('',#550,.T.);
#262=FACE_OUTER_BOUND('',#551,.T.);
#263=FACE_OUTER_BOUND('',#552,.T.);
#264=FACE_OUTER_BOUND('',#553,.T.);
#265=FACE_OUTER_BOUND('',#554,.T.);
#266=FACE_OUTER_BOUND('',#555,.T.);
#267=FACE_OUTER_BOUND('',#556,.T.);
#268=FACE_OUTER_BOUND('',#557,.T.);
#269=FACE_OUTER_BOUND('',#558,.T.);
#270=FACE_OUTER_BOUND('',#559,.T.);
#271=FACE_OUTER_BOUND('',#560,.T.);
#272=FACE_OUTER_BOUND('',#561,.T.);
#273=FACE_OUTER_BOUND('',#562,.T.);
#274=FACE_OUTER_BOUND('',#563,.T.);
#275=FACE_OUTER_BOUND('',#564,.T.);
#276=FACE_OUTER_BOUND('',#565,.T.);
#277=FACE_OUTER_BOUND('',#566,.T.);
#278=FACE_OUTER_BOUND('',#567,.T.);
#279=FACE_OUTER_BOUND('',#568,.T.);
#280=FACE_OUTER_BOUND('',#569,.T.);
#281=FACE_OUTER_BOUND('',#570,.T.);
#282=FACE_OUTER_BOUND('',#571,.T.);
#283=FACE_OUTER_BOUND('',#572,.T.);
#284=FACE_OUTER_BOUND('',#573,.T.);
#285=FACE_OUTER_BOUND('',#574,.T.);
#286=FACE_OUTER_BOUND('',#575,.T.);
#287=FACE_OUTER_BOUND('',#576,.T.);
#288=FACE_OUTER_BOUND('',#577,.T.);
#289=FACE_OUTER_BOUND('',#578,.T.);
#290=FACE_OUTER_BOUND('',#579,.T.);
#291=FACE_OUTER_BOUND('',#580,.T.);
#292=FACE_OUTER_BOUND('',#581,.T.);
#293=FACE_OUTER_BOUND('',#582,.T.);
#294=FACE_OUTER_BOUND('',#583,.T.);
#295=FACE_OUTER_BOUND('',#584,.T.);
#296=FACE_OUTER_BOUND('',#585,.T.);
#297=FACE_OUTER_BOUND('',#586,.T.);
#298=FACE_OUTER_BOUND('',#587,.T.);
#299=FACE_OUTER_BOUND('',#588,.T.);
#300=FACE_OUTER_BOUND('',#589,.T.);
#301=FACE_OUTER_BOUND('',#590,.T.);
#302=FACE_OUTER_BOUND('',#591,.T.);
#303=FACE_OUTER_BOUND('',#592,.T.);
#304=FACE_OUTER_BOUND('',#593,.T.);
#305=FACE_OUTER_BOUND('',#594,.T.);
#306=FACE_OUTER_BOUND('',#595,.T.);
#307=FACE_OUTER_BOUND('',#596,.T.);
#308=FACE_OUTER_BOUND('',#597,.T.);
#309=FACE_OUTER_BOUND('',#598,.T.);
#310=FACE_OUTER_BOUND('',#599,.T.);
#311=FACE_OUTER_BOUND('',#600,.T.);
#312=FACE_OUTER_BOUND('',#601,.T.);
#313=FACE_OUTER_BOUND('',#602,.T.);
#314=FACE_OUTER_BOUND('',#603,.T.);
#315=FACE_OUTER_BOUND('',#604,.T.);
#316=FACE_OUTER_BOUND('',#605,.T.);
#317=FACE_OUTER_BOUND('',#606,.T.);
#318=FACE_OUTER_BOUND('',#607,.T.);
#319=FACE_OUTER_BOUND('',#608,.T.);
#320=FACE_OUTER_BOUND('',#609,.T.);
#321=FACE_OUTER_BOUND('',#610,.T.);
#322=FACE_OUTER_BOUND('',#611,.T.);
#323=FACE_OUTER_BOUND('',#612,.T.);
#324=FACE_OUTER_BOUND('',#613,.T.);
#325=FACE_OUTER_BOUND('',#614,.T.);
#326=FACE_OUTER_BOUND('',#615,.T.);
#327=FACE_OUTER_BOUND('',#616,.T.);
#328=FACE_OUTER_BOUND('',#617,.T.);
#329=FACE_OUTER_BOUND('',#618,.T.);
#330=FACE_OUTER_BOUND('',#619,.T.);
#331=FACE_OUTER_BOUND('',#620,.T.);
#332=FACE_OUTER_BOUND('',#621,.T.);
#333=FACE_OUTER_BOUND('',#622,.T.);
#334=FACE_OUTER_BOUND('',#623,.T.);
#335=FACE_OUTER_BOUND('',#624,.T.);
#336=FACE_OUTER_BOUND('',#625,.T.);
#337=FACE_OUTER_BOUND('',#626,.T.);
#338=FACE_OUTER_BOUND('',#627,.T.);
#339=EDGE_LOOP('',(#3213,#3214,#3215,#3216));
#340=EDGE_LOOP('',(#3217,#3218,#3219,#3220));
#341=EDGE_LOOP('',(#3221,#3222,#3223,#3224));
#342=EDGE_LOOP('',(#3225,#3226,#3227,#3228));
#343=EDGE_LOOP('',(#3229,#3230,#3231,#3232));
#344=EDGE_LOOP('',(#3233,#3234,#3235,#3236,#3237,#3238));
#345=EDGE_LOOP('',(#3239,#3240,#3241,#3242));
#346=EDGE_LOOP('',(#3243,#3244,#3245,#3246));
#347=EDGE_LOOP('',(#3247,#3248,#3249,#3250));
#348=EDGE_LOOP('',(#3251,#3252,#3253,#3254,#3255,#3256,#3257,#3258,#3259,
#3260));
#349=EDGE_LOOP('',(#3261,#3262,#3263,#3264));
#350=EDGE_LOOP('',(#3265,#3266,#3267,#3268));
#351=EDGE_LOOP('',(#3269,#3270,#3271,#3272));
#352=EDGE_LOOP('',(#3273,#3274,#3275,#3276));
#353=EDGE_LOOP('',(#3277,#3278,#3279,#3280));
#354=EDGE_LOOP('',(#3281,#3282,#3283,#3284,#3285));
#355=EDGE_LOOP('',(#3286,#3287,#3288,#3289,#3290,#3291));
#356=EDGE_LOOP('',(#3292,#3293,#3294,#3295,#3296,#3297));
#357=EDGE_LOOP('',(#3298,#3299,#3300,#3301,#3302,#3303));
#358=EDGE_LOOP('',(#3304,#3305,#3306,#3307,#3308));
#359=EDGE_LOOP('',(#3309,#3310,#3311,#3312,#3313,#3314,#3315,#3316,#3317,
#3318,#3319,#3320,#3321,#3322,#3323,#3324));
#360=EDGE_LOOP('',(#3325,#3326,#3327,#3328,#3329,#3330,#3331));
#361=EDGE_LOOP('',(#3332,#3333,#3334,#3335));
#362=EDGE_LOOP('',(#3336,#3337,#3338,#3339));
#363=EDGE_LOOP('',(#3340,#3341,#3342,#3343));
#364=EDGE_LOOP('',(#3344,#3345,#3346,#3347));
#365=EDGE_LOOP('',(#3348,#3349,#3350,#3351));
#366=EDGE_LOOP('',(#3352,#3353,#3354,#3355));
#367=EDGE_LOOP('',(#3356,#3357,#3358,#3359));
#368=EDGE_LOOP('',(#3360,#3361,#3362,#3363));
#369=EDGE_LOOP('',(#3364,#3365,#3366,#3367));
#370=EDGE_LOOP('',(#3368,#3369,#3370,#3371));
#371=EDGE_LOOP('',(#3372,#3373,#3374,#3375));
#372=EDGE_LOOP('',(#3376,#3377,#3378,#3379));
#373=EDGE_LOOP('',(#3380,#3381,#3382,#3383));
#374=EDGE_LOOP('',(#3384,#3385,#3386,#3387));
#375=EDGE_LOOP('',(#3388,#3389,#3390,#3391,#3392,#3393,#3394,#3395,#3396,
#3397,#3398,#3399,#3400,#3401,#3402,#3403));
#376=EDGE_LOOP('',(#3404,#3405,#3406,#3407));
#377=EDGE_LOOP('',(#3408,#3409,#3410,#3411));
#378=EDGE_LOOP('',(#3412,#3413,#3414,#3415));
#379=EDGE_LOOP('',(#3416,#3417,#3418,#3419));
#380=EDGE_LOOP('',(#3420,#3421,#3422,#3423));
#381=EDGE_LOOP('',(#3424,#3425,#3426,#3427));
#382=EDGE_LOOP('',(#3428,#3429,#3430,#3431));
#383=EDGE_LOOP('',(#3432,#3433,#3434,#3435));
#384=EDGE_LOOP('',(#3436,#3437,#3438,#3439));
#385=EDGE_LOOP('',(#3440,#3441,#3442,#3443,#3444));
#386=EDGE_LOOP('',(#3445,#3446,#3447,#3448,#3449,#3450));
#387=EDGE_LOOP('',(#3451,#3452,#3453,#3454,#3455,#3456));
#388=EDGE_LOOP('',(#3457,#3458,#3459,#3460,#3461,#3462));
#389=EDGE_LOOP('',(#3463,#3464,#3465,#3466,#3467));
#390=EDGE_LOOP('',(#3468,#3469,#3470,#3471,#3472,#3473,#3474,#3475,#3476,
#3477,#3478,#3479,#3480,#3481,#3482,#3483));
#391=EDGE_LOOP('',(#3484,#3485,#3486,#3487));
#392=EDGE_LOOP('',(#3488,#3489,#3490,#3491,#3492,#3493,#3494,#3495,#3496,
#3497,#3498,#3499,#3500,#3501,#3502,#3503,#3504,#3505,#3506,#3507,#3508,
#3509,#3510,#3511,#3512,#3513,#3514,#3515,#3516,#3517,#3518,#3519,#3520,
#3521,#3522,#3523,#3524,#3525,#3526,#3527,#3528,#3529,#3530,#3531));
#393=EDGE_LOOP('',(#3532,#3533,#3534,#3535));
#394=EDGE_LOOP('',(#3536,#3537,#3538,#3539));
#395=EDGE_LOOP('',(#3540,#3541,#3542,#3543));
#396=EDGE_LOOP('',(#3544,#3545,#3546,#3547,#3548,#3549,#3550,#3551,#3552,
#3553));
#397=EDGE_LOOP('',(#3554,#3555,#3556,#3557));
#398=EDGE_LOOP('',(#3558,#3559,#3560,#3561));
#399=EDGE_LOOP('',(#3562,#3563,#3564,#3565));
#400=EDGE_LOOP('',(#3566,#3567,#3568,#3569));
#401=EDGE_LOOP('',(#3570,#3571,#3572,#3573));
#402=EDGE_LOOP('',(#3574,#3575,#3576,#3577));
#403=EDGE_LOOP('',(#3578,#3579,#3580,#3581,#3582,#3583));
#404=EDGE_LOOP('',(#3584,#3585,#3586,#3587));
#405=EDGE_LOOP('',(#3588,#3589,#3590,#3591));
#406=EDGE_LOOP('',(#3592,#3593,#3594,#3595,#3596,#3597));
#407=EDGE_LOOP('',(#3598,#3599,#3600,#3601,#3602,#3603,#3604,#3605));
#408=EDGE_LOOP('',(#3606,#3607,#3608,#3609));
#409=EDGE_LOOP('',(#3610,#3611,#3612,#3613));
#410=EDGE_LOOP('',(#3614,#3615,#3616,#3617));
#411=EDGE_LOOP('',(#3618,#3619,#3620,#3621));
#412=EDGE_LOOP('',(#3622,#3623,#3624,#3625));
#413=EDGE_LOOP('',(#3626,#3627,#3628,#3629));
#414=EDGE_LOOP('',(#3630,#3631,#3632,#3633));
#415=EDGE_LOOP('',(#3634,#3635,#3636,#3637));
#416=EDGE_LOOP('',(#3638,#3639,#3640,#3641));
#417=EDGE_LOOP('',(#3642,#3643,#3644,#3645));
#418=EDGE_LOOP('',(#3646,#3647,#3648,#3649));
#419=EDGE_LOOP('',(#3650,#3651,#3652,#3653));
#420=EDGE_LOOP('',(#3654,#3655,#3656,#3657));
#421=EDGE_LOOP('',(#3658,#3659,#3660,#3661));
#422=EDGE_LOOP('',(#3662,#3663,#3664,#3665));
#423=EDGE_LOOP('',(#3666,#3667,#3668,#3669));
#424=EDGE_LOOP('',(#3670,#3671,#3672,#3673));
#425=EDGE_LOOP('',(#3674,#3675,#3676,#3677));
#426=EDGE_LOOP('',(#3678,#3679,#3680,#3681));
#427=EDGE_LOOP('',(#3682,#3683,#3684,#3685,#3686));
#428=EDGE_LOOP('',(#3687,#3688,#3689,#3690,#3691,#3692,#3693,#3694,#3695,
#3696,#3697,#3698,#3699,#3700,#3701,#3702,#3703,#3704));
#429=EDGE_LOOP('',(#3705,#3706,#3707,#3708,#3709,#3710,#3711,#3712,#3713,
#3714));
#430=EDGE_LOOP('',(#3715,#3716,#3717,#3718,#3719,#3720));
#431=EDGE_LOOP('',(#3721,#3722,#3723,#3724,#3725,#3726));
#432=EDGE_LOOP('',(#3727,#3728,#3729,#3730,#3731,#3732));
#433=EDGE_LOOP('',(#3733,#3734,#3735,#3736,#3737));
#434=EDGE_LOOP('',(#3738,#3739,#3740,#3741,#3742));
#435=EDGE_LOOP('',(#3743,#3744,#3745,#3746,#3747));
#436=EDGE_LOOP('',(#3748,#3749,#3750,#3751,#3752));
#437=EDGE_LOOP('',(#3753,#3754,#3755,#3756,#3757));
#438=EDGE_LOOP('',(#3758,#3759,#3760,#3761));
#439=EDGE_LOOP('',(#3762,#3763,#3764,#3765));
#440=EDGE_LOOP('',(#3766,#3767,#3768,#3769,#3770));
#441=EDGE_LOOP('',(#3771,#3772,#3773,#3774,#3775,#3776,#3777,#3778,#3779,
#3780,#3781,#3782));
#442=EDGE_LOOP('',(#3783,#3784,#3785,#3786,#3787,#3788,#3789,#3790,#3791,
#3792));
#443=EDGE_LOOP('',(#3793,#3794,#3795,#3796,#3797,#3798));
#444=EDGE_LOOP('',(#3799,#3800,#3801,#3802,#3803,#3804));
#445=EDGE_LOOP('',(#3805,#3806,#3807,#3808));
#446=EDGE_LOOP('',(#3809,#3810,#3811,#3812));
#447=EDGE_LOOP('',(#3813,#3814,#3815,#3816,#3817));
#448=EDGE_LOOP('',(#3818,#3819,#3820,#3821,#3822,#3823));
#449=EDGE_LOOP('',(#3824,#3825));
#450=EDGE_LOOP('',(#3826,#3827,#3828,#3829));
#451=EDGE_LOOP('',(#3830,#3831,#3832,#3833,#3834));
#452=EDGE_LOOP('',(#3835,#3836,#3837,#3838));
#453=EDGE_LOOP('',(#3839,#3840,#3841,#3842));
#454=EDGE_LOOP('',(#3843,#3844,#3845,#3846));
#455=EDGE_LOOP('',(#3847,#3848,#3849,#3850));
#456=EDGE_LOOP('',(#3851,#3852,#3853,#3854,#3855,#3856,#3857,#3858,#3859,
#3860,#3861,#3862,#3863,#3864,#3865,#3866));
#457=EDGE_LOOP('',(#3867,#3868,#3869,#3870,#3871));
#458=EDGE_LOOP('',(#3872,#3873,#3874,#3875));
#459=EDGE_LOOP('',(#3876,#3877,#3878,#3879,#3880));
#460=EDGE_LOOP('',(#3881,#3882,#3883));
#461=EDGE_LOOP('',(#3884,#3885,#3886));
#462=EDGE_LOOP('',(#3887,#3888,#3889,#3890));
#463=EDGE_LOOP('',(#3891,#3892,#3893));
#464=EDGE_LOOP('',(#3894,#3895,#3896));
#465=EDGE_LOOP('',(#3897,#3898,#3899,#3900));
#466=EDGE_LOOP('',(#3901,#3902,#3903,#3904,#3905));
#467=EDGE_LOOP('',(#3906,#3907,#3908,#3909,#3910,#3911,#3912,#3913));
#468=EDGE_LOOP('',(#3914,#3915,#3916,#3917,#3918));
#469=EDGE_LOOP('',(#3919,#3920,#3921,#3922,#3923));
#470=EDGE_LOOP('',(#3924,#3925,#3926,#3927,#3928));
#471=EDGE_LOOP('',(#3929,#3930,#3931,#3932));
#472=EDGE_LOOP('',(#3933,#3934,#3935,#3936));
#473=EDGE_LOOP('',(#3937,#3938,#3939,#3940));
#474=EDGE_LOOP('',(#3941,#3942,#3943,#3944));
#475=EDGE_LOOP('',(#3945,#3946,#3947,#3948,#3949,#3950,#3951,#3952,#3953,
#3954,#3955,#3956,#3957,#3958,#3959,#3960,#3961,#3962,#3963,#3964,#3965,
#3966,#3967,#3968,#3969,#3970,#3971,#3972,#3973,#3974));
#476=EDGE_LOOP('',(#3975,#3976,#3977,#3978));
#477=EDGE_LOOP('',(#3979,#3980,#3981,#3982));
#478=EDGE_LOOP('',(#3983,#3984,#3985,#3986));
#479=EDGE_LOOP('',(#3987,#3988,#3989,#3990,#3991,#3992));
#480=EDGE_LOOP('',(#3993,#3994,#3995,#3996,#3997,#3998,#3999,#4000));
#481=EDGE_LOOP('',(#4001,#4002,#4003,#4004));
#482=EDGE_LOOP('',(#4005,#4006,#4007,#4008));
#483=EDGE_LOOP('',(#4009,#4010,#4011,#4012));
#484=EDGE_LOOP('',(#4013,#4014,#4015,#4016));
#485=EDGE_LOOP('',(#4017,#4018,#4019,#4020));
#486=EDGE_LOOP('',(#4021,#4022,#4023,#4024));
#487=EDGE_LOOP('',(#4025,#4026,#4027,#4028));
#488=EDGE_LOOP('',(#4029,#4030,#4031,#4032));
#489=EDGE_LOOP('',(#4033,#4034,#4035,#4036));
#490=EDGE_LOOP('',(#4037,#4038,#4039,#4040));
#491=EDGE_LOOP('',(#4041,#4042,#4043,#4044));
#492=EDGE_LOOP('',(#4045,#4046,#4047,#4048));
#493=EDGE_LOOP('',(#4049,#4050,#4051,#4052));
#494=EDGE_LOOP('',(#4053,#4054,#4055,#4056));
#495=EDGE_LOOP('',(#4057,#4058,#4059,#4060));
#496=EDGE_LOOP('',(#4061,#4062,#4063,#4064,#4065,#4066,#4067,#4068));
#497=EDGE_LOOP('',(#4069,#4070,#4071,#4072,#4073,#4074));
#498=EDGE_LOOP('',(#4075,#4076,#4077,#4078));
#499=EDGE_LOOP('',(#4079,#4080,#4081,#4082));
#500=EDGE_LOOP('',(#4083,#4084,#4085,#4086));
#501=EDGE_LOOP('',(#4087,#4088,#4089,#4090,#4091,#4092,#4093,#4094));
#502=EDGE_LOOP('',(#4095,#4096,#4097,#4098,#4099,#4100));
#503=EDGE_LOOP('',(#4101,#4102,#4103,#4104));
#504=EDGE_LOOP('',(#4105,#4106,#4107,#4108,#4109,#4110,#4111,#4112,#4113,
#4114));
#505=EDGE_LOOP('',(#4115,#4116,#4117,#4118));
#506=EDGE_LOOP('',(#4119,#4120,#4121,#4122));
#507=EDGE_LOOP('',(#4123,#4124,#4125,#4126));
#508=EDGE_LOOP('',(#4127,#4128,#4129,#4130));
#509=EDGE_LOOP('',(#4131,#4132,#4133,#4134));
#510=EDGE_LOOP('',(#4135,#4136,#4137,#4138));
#511=EDGE_LOOP('',(#4139,#4140,#4141,#4142));
#512=EDGE_LOOP('',(#4143,#4144,#4145,#4146));
#513=EDGE_LOOP('',(#4147,#4148,#4149,#4150,#4151,#4152));
#514=EDGE_LOOP('',(#4153,#4154,#4155,#4156));
#515=EDGE_LOOP('',(#4157,#4158,#4159,#4160));
#516=EDGE_LOOP('',(#4161,#4162,#4163,#4164));
#517=EDGE_LOOP('',(#4165,#4166,#4167,#4168));
#518=EDGE_LOOP('',(#4169,#4170,#4171,#4172));
#519=EDGE_LOOP('',(#4173,#4174,#4175,#4176));
#520=EDGE_LOOP('',(#4177,#4178,#4179,#4180));
#521=EDGE_LOOP('',(#4181,#4182,#4183,#4184,#4185));
#522=EDGE_LOOP('',(#4186,#4187,#4188,#4189));
#523=EDGE_LOOP('',(#4190,#4191,#4192,#4193));
#524=EDGE_LOOP('',(#4194,#4195,#4196,#4197));
#525=EDGE_LOOP('',(#4198,#4199,#4200,#4201,#4202));
#526=EDGE_LOOP('',(#4203,#4204,#4205,#4206));
#527=EDGE_LOOP('',(#4207,#4208,#4209,#4210,#4211));
#528=EDGE_LOOP('',(#4212,#4213,#4214,#4215));
#529=EDGE_LOOP('',(#4216,#4217,#4218,#4219));
#530=EDGE_LOOP('',(#4220,#4221,#4222,#4223));
#531=EDGE_LOOP('',(#4224,#4225,#4226,#4227));
#532=EDGE_LOOP('',(#4228,#4229,#4230,#4231));
#533=EDGE_LOOP('',(#4232,#4233,#4234,#4235));
#534=EDGE_LOOP('',(#4236,#4237,#4238,#4239));
#535=EDGE_LOOP('',(#4240,#4241,#4242,#4243));
#536=EDGE_LOOP('',(#4244,#4245,#4246,#4247));
#537=EDGE_LOOP('',(#4248,#4249,#4250,#4251));
#538=EDGE_LOOP('',(#4252,#4253,#4254,#4255));
#539=EDGE_LOOP('',(#4256,#4257,#4258,#4259));
#540=EDGE_LOOP('',(#4260,#4261,#4262,#4263));
#541=EDGE_LOOP('',(#4264,#4265,#4266,#4267));
#542=EDGE_LOOP('',(#4268,#4269,#4270,#4271));
#543=EDGE_LOOP('',(#4272,#4273,#4274,#4275));
#544=EDGE_LOOP('',(#4276,#4277,#4278,#4279));
#545=EDGE_LOOP('',(#4280,#4281,#4282,#4283));
#546=EDGE_LOOP('',(#4284,#4285,#4286,#4287));
#547=EDGE_LOOP('',(#4288,#4289,#4290,#4291));
#548=EDGE_LOOP('',(#4292,#4293,#4294,#4295));
#549=EDGE_LOOP('',(#4296,#4297,#4298,#4299));
#550=EDGE_LOOP('',(#4300,#4301,#4302,#4303));
#551=EDGE_LOOP('',(#4304,#4305,#4306,#4307));
#552=EDGE_LOOP('',(#4308,#4309,#4310,#4311));
#553=EDGE_LOOP('',(#4312,#4313,#4314,#4315));
#554=EDGE_LOOP('',(#4316,#4317,#4318,#4319));
#555=EDGE_LOOP('',(#4320,#4321,#4322,#4323));
#556=EDGE_LOOP('',(#4324,#4325,#4326,#4327));
#557=EDGE_LOOP('',(#4328,#4329,#4330,#4331));
#558=EDGE_LOOP('',(#4332,#4333,#4334,#4335));
#559=EDGE_LOOP('',(#4336,#4337,#4338,#4339,#4340,#4341));
#560=EDGE_LOOP('',(#4342,#4343,#4344,#4345,#4346,#4347,#4348,#4349));
#561=EDGE_LOOP('',(#4350,#4351,#4352,#4353));
#562=EDGE_LOOP('',(#4354,#4355,#4356,#4357));
#563=EDGE_LOOP('',(#4358,#4359,#4360,#4361,#4362,#4363));
#564=EDGE_LOOP('',(#4364,#4365,#4366,#4367,#4368,#4369,#4370,#4371));
#565=EDGE_LOOP('',(#4372,#4373,#4374,#4375));
#566=EDGE_LOOP('',(#4376,#4377,#4378,#4379));
#567=EDGE_LOOP('',(#4380,#4381,#4382,#4383));
#568=EDGE_LOOP('',(#4384,#4385,#4386,#4387));
#569=EDGE_LOOP('',(#4388,#4389,#4390,#4391));
#570=EDGE_LOOP('',(#4392,#4393,#4394,#4395));
#571=EDGE_LOOP('',(#4396,#4397,#4398,#4399));
#572=EDGE_LOOP('',(#4400,#4401,#4402,#4403,#4404,#4405,#4406,#4407,#4408,
#4409));
#573=EDGE_LOOP('',(#4410,#4411,#4412,#4413));
#574=EDGE_LOOP('',(#4414,#4415,#4416,#4417));
#575=EDGE_LOOP('',(#4418,#4419,#4420,#4421));
#576=EDGE_LOOP('',(#4422,#4423,#4424,#4425));
#577=EDGE_LOOP('',(#4426,#4427,#4428,#4429));
#578=EDGE_LOOP('',(#4430,#4431,#4432,#4433));
#579=EDGE_LOOP('',(#4434,#4435,#4436,#4437,#4438,#4439));
#580=EDGE_LOOP('',(#4440,#4441,#4442,#4443));
#581=EDGE_LOOP('',(#4444,#4445,#4446,#4447));
#582=EDGE_LOOP('',(#4448,#4449,#4450,#4451,#4452,#4453));
#583=EDGE_LOOP('',(#4454,#4455,#4456,#4457,#4458,#4459,#4460,#4461));
#584=EDGE_LOOP('',(#4462,#4463,#4464,#4465));
#585=EDGE_LOOP('',(#4466,#4467,#4468,#4469));
#586=EDGE_LOOP('',(#4470,#4471,#4472,#4473,#4474,#4475));
#587=EDGE_LOOP('',(#4476,#4477,#4478,#4479,#4480,#4481,#4482,#4483));
#588=EDGE_LOOP('',(#4484,#4485,#4486,#4487));
#589=EDGE_LOOP('',(#4488,#4489,#4490,#4491));
#590=EDGE_LOOP('',(#4492,#4493,#4494,#4495));
#591=EDGE_LOOP('',(#4496,#4497,#4498,#4499));
#592=EDGE_LOOP('',(#4500,#4501,#4502,#4503));
#593=EDGE_LOOP('',(#4504,#4505,#4506,#4507));
#594=EDGE_LOOP('',(#4508,#4509,#4510,#4511));
#595=EDGE_LOOP('',(#4512,#4513,#4514,#4515));
#596=EDGE_LOOP('',(#4516,#4517,#4518,#4519));
#597=EDGE_LOOP('',(#4520,#4521,#4522,#4523));
#598=EDGE_LOOP('',(#4524,#4525,#4526,#4527));
#599=EDGE_LOOP('',(#4528,#4529,#4530,#4531));
#600=EDGE_LOOP('',(#4532,#4533,#4534,#4535));
#601=EDGE_LOOP('',(#4536,#4537,#4538,#4539));
#602=EDGE_LOOP('',(#4540,#4541,#4542,#4543));
#603=EDGE_LOOP('',(#4544,#4545,#4546,#4547));
#604=EDGE_LOOP('',(#4548,#4549,#4550,#4551));
#605=EDGE_LOOP('',(#4552,#4553,#4554,#4555));
#606=EDGE_LOOP('',(#4556,#4557,#4558,#4559));
#607=EDGE_LOOP('',(#4560,#4561,#4562,#4563));
#608=EDGE_LOOP('',(#4564,#4565,#4566,#4567,#4568,#4569,#4570,#4571,#4572,
#4573,#4574,#4575));
#609=EDGE_LOOP('',(#4576,#4577,#4578,#4579,#4580,#4581,#4582,#4583,#4584,
#4585,#4586,#4587));
#610=EDGE_LOOP('',(#4588,#4589,#4590,#4591));
#611=EDGE_LOOP('',(#4592,#4593,#4594,#4595));
#612=EDGE_LOOP('',(#4596,#4597));
#613=EDGE_LOOP('',(#4598,#4599,#4600,#4601));
#614=EDGE_LOOP('',(#4602,#4603,#4604,#4605));
#615=EDGE_LOOP('',(#4606,#4607,#4608,#4609));
#616=EDGE_LOOP('',(#4610,#4611,#4612,#4613));
#617=EDGE_LOOP('',(#4614,#4615,#4616,#4617));
#618=EDGE_LOOP('',(#4618,#4619,#4620,#4621));
#619=EDGE_LOOP('',(#4622,#4623,#4624,#4625));
#620=EDGE_LOOP('',(#4626,#4627,#4628,#4629,#4630,#4631,#4632));
#621=EDGE_LOOP('',(#4633,#4634,#4635,#4636,#4637));
#622=EDGE_LOOP('',(#4638,#4639,#4640,#4641));
#623=EDGE_LOOP('',(#4642,#4643,#4644,#4645));
#624=EDGE_LOOP('',(#4646,#4647,#4648,#4649));
#625=EDGE_LOOP('',(#4650,#4651,#4652,#4653));
#626=EDGE_LOOP('',(#4654,#4655,#4656,#4657));
#627=EDGE_LOOP('',(#4658,#4659,#4660,#4661,#4662));
#628=LINE('',#6812,#1329);
#629=LINE('',#6814,#1330);
#630=LINE('',#6816,#1331);
#631=LINE('',#6817,#1332);
#632=LINE('',#6820,#1333);
#633=LINE('',#6822,#1334);
#634=LINE('',#6823,#1335);
#635=LINE('',#6826,#1336);
#636=LINE('',#6827,#1337);
#637=LINE('',#6830,#1338);
#638=LINE('',#6831,#1339);
#639=LINE('',#6833,#1340);
#640=LINE('',#6836,#1341);
#641=LINE('',#6838,#1342);
#642=LINE('',#6840,#1343);
#643=LINE('',#6842,#1344);
#644=LINE('',#6843,#1345);
#645=LINE('',#6847,#1346);
#646=LINE('',#6849,#1347);
#647=LINE('',#6851,#1348);
#648=LINE('',#6852,#1349);
#649=LINE('',#6855,#1350);
#650=LINE('',#6856,#1351);
#651=LINE('',#6860,#1352);
#652=LINE('',#6862,#1353);
#653=LINE('',#6864,#1354);
#654=LINE('',#6865,#1355);
#655=LINE('',#6867,#1356);
#656=LINE('',#6869,#1357);
#657=LINE('',#6871,#1358);
#658=LINE('',#6873,#1359);
#659=LINE('',#6875,#1360);
#660=LINE('',#6877,#1361);
#661=LINE('',#6878,#1362);
#662=LINE('',#6881,#1363);
#663=LINE('',#6883,#1364);
#664=LINE('',#6884,#1365);
#665=LINE('',#6886,#1366);
#666=LINE('',#6890,#1367);
#667=LINE('',#6892,#1368);
#668=LINE('',#6894,#1369);
#669=LINE('',#6895,#1370);
#670=LINE('',#6899,#1371);
#671=LINE('',#6901,#1372);
#672=LINE('',#6903,#1373);
#673=LINE('',#6904,#1374);
#674=LINE('',#6908,#1375);
#675=LINE('',#6910,#1376);
#676=LINE('',#6912,#1377);
#677=LINE('',#6913,#1378);
#678=LINE('',#6917,#1379);
#679=LINE('',#6919,#1380);
#680=LINE('',#6921,#1381);
#681=LINE('',#6923,#1382);
#682=LINE('',#6924,#1383);
#683=LINE('',#6927,#1384);
#684=LINE('',#6929,#1385);
#685=LINE('',#6931,#1386);
#686=LINE('',#6933,#1387);
#687=LINE('',#6934,#1388);
#688=LINE('',#6938,#1389);
#689=LINE('',#6940,#1390);
#690=LINE('',#6941,#1391);
#691=LINE('',#6943,#1392);
#692=LINE('',#6944,#1393);
#693=LINE('',#6948,#1394);
#694=LINE('',#6950,#1395);
#695=LINE('',#6952,#1396);
#696=LINE('',#6954,#1397);
#697=LINE('',#6956,#1398);
#698=LINE('',#6957,#1399);
#699=LINE('',#6961,#1400);
#700=LINE('',#6963,#1401);
#701=LINE('',#6965,#1402);
#702=LINE('',#6967,#1403);
#703=LINE('',#6968,#1404);
#704=LINE('',#6971,#1405);
#705=LINE('',#6973,#1406);
#706=LINE('',#6975,#1407);
#707=LINE('',#6977,#1408);
#708=LINE('',#6979,#1409);
#709=LINE('',#6981,#1410);
#710=LINE('',#6983,#1411);
#711=LINE('',#6985,#1412);
#712=LINE('',#6987,#1413);
#713=LINE('',#6989,#1414);
#714=LINE('',#6991,#1415);
#715=LINE('',#6993,#1416);
#716=LINE('',#6995,#1417);
#717=LINE('',#6997,#1418);
#718=LINE('',#6998,#1419);
#719=LINE('',#7001,#1420);
#720=LINE('',#7003,#1421);
#721=LINE('',#7005,#1422);
#722=LINE('',#7007,#1423);
#723=LINE('',#7009,#1424);
#724=LINE('',#7011,#1425);
#725=LINE('',#7012,#1426);
#726=LINE('',#7015,#1427);
#727=LINE('',#7017,#1428);
#728=LINE('',#7018,#1429);
#729=LINE('',#7022,#1430);
#730=LINE('',#7024,#1431);
#731=LINE('',#7026,#1432);
#732=LINE('',#7027,#1433);
#733=LINE('',#7030,#1434);
#734=LINE('',#7031,#1435);
#735=LINE('',#7034,#1436);
#736=LINE('',#7036,#1437);
#737=LINE('',#7037,#1438);
#738=LINE('',#7041,#1439);
#739=LINE('',#7043,#1440);
#740=LINE('',#7045,#1441);
#741=LINE('',#7046,#1442);
#742=LINE('',#7049,#1443);
#743=LINE('',#7051,#1444);
#744=LINE('',#7052,#1445);
#745=LINE('',#7055,#1446);
#746=LINE('',#7057,#1447);
#747=LINE('',#7058,#1448);
#748=LINE('',#7062,#1449);
#749=LINE('',#7064,#1450);
#750=LINE('',#7066,#1451);
#751=LINE('',#7067,#1452);
#752=LINE('',#7070,#1453);
#753=LINE('',#7072,#1454);
#754=LINE('',#7073,#1455);
#755=LINE('',#7077,#1456);
#756=LINE('',#7079,#1457);
#757=LINE('',#7081,#1458);
#758=LINE('',#7082,#1459);
#759=LINE('',#7085,#1460);
#760=LINE('',#7087,#1461);
#761=LINE('',#7088,#1462);
#762=LINE('',#7091,#1463);
#763=LINE('',#7093,#1464);
#764=LINE('',#7094,#1465);
#765=LINE('',#7098,#1466);
#766=LINE('',#7100,#1467);
#767=LINE('',#7102,#1468);
#768=LINE('',#7103,#1469);
#769=LINE('',#7107,#1470);
#770=LINE('',#7109,#1471);
#771=LINE('',#7111,#1472);
#772=LINE('',#7112,#1473);
#773=LINE('',#7115,#1474);
#774=LINE('',#7117,#1475);
#775=LINE('',#7119,#1476);
#776=LINE('',#7121,#1477);
#777=LINE('',#7123,#1478);
#778=LINE('',#7125,#1479);
#779=LINE('',#7127,#1480);
#780=LINE('',#7129,#1481);
#781=LINE('',#7131,#1482);
#782=LINE('',#7133,#1483);
#783=LINE('',#7135,#1484);
#784=LINE('',#7136,#1485);
#785=LINE('',#7137,#1486);
#786=LINE('',#7140,#1487);
#787=LINE('',#7141,#1488);
#788=LINE('',#7144,#1489);
#789=LINE('',#7145,#1490);
#790=LINE('',#7148,#1491);
#791=LINE('',#7150,#1492);
#792=LINE('',#7151,#1493);
#793=LINE('',#7154,#1494);
#794=LINE('',#7155,#1495);
#795=LINE('',#7158,#1496);
#796=LINE('',#7159,#1497);
#797=LINE('',#7162,#1498);
#798=LINE('',#7164,#1499);
#799=LINE('',#7165,#1500);
#800=LINE('',#7169,#1501);
#801=LINE('',#7170,#1502);
#802=LINE('',#7171,#1503);
#803=LINE('',#7173,#1504);
#804=LINE('',#7175,#1505);
#805=LINE('',#7178,#1506);
#806=LINE('',#7179,#1507);
#807=LINE('',#7180,#1508);
#808=LINE('',#7182,#1509);
#809=LINE('',#7184,#1510);
#810=LINE('',#7185,#1511);
#811=LINE('',#7188,#1512);
#812=LINE('',#7189,#1513);
#813=LINE('',#7190,#1514);
#814=LINE('',#7193,#1515);
#815=LINE('',#7194,#1516);
#816=LINE('',#7196,#1517);
#817=LINE('',#7197,#1518);
#818=LINE('',#7200,#1519);
#819=LINE('',#7201,#1520);
#820=LINE('',#7202,#1521);
#821=LINE('',#7206,#1522);
#822=LINE('',#7208,#1523);
#823=LINE('',#7210,#1524);
#824=LINE('',#7211,#1525);
#825=LINE('',#7213,#1526);
#826=LINE('',#7215,#1527);
#827=LINE('',#7217,#1528);
#828=LINE('',#7219,#1529);
#829=LINE('',#7221,#1530);
#830=LINE('',#7223,#1531);
#831=LINE('',#7224,#1532);
#832=LINE('',#7227,#1533);
#833=LINE('',#7229,#1534);
#834=LINE('',#7230,#1535);
#835=LINE('',#7234,#1536);
#836=LINE('',#7236,#1537);
#837=LINE('',#7238,#1538);
#838=LINE('',#7240,#1539);
#839=LINE('',#7242,#1540);
#840=LINE('',#7244,#1541);
#841=LINE('',#7246,#1542);
#842=LINE('',#7248,#1543);
#843=LINE('',#7250,#1544);
#844=LINE('',#7252,#1545);
#845=LINE('',#7254,#1546);
#846=LINE('',#7255,#1547);
#847=LINE('',#7257,#1548);
#848=LINE('',#7259,#1549);
#849=LINE('',#7260,#1550);
#850=LINE('',#7262,#1551);
#851=LINE('',#7264,#1552);
#852=LINE('',#7266,#1553);
#853=LINE('',#7268,#1554);
#854=LINE('',#7270,#1555);
#855=LINE('',#7272,#1556);
#856=LINE('',#7274,#1557);
#857=LINE('',#7276,#1558);
#858=LINE('',#7278,#1559);
#859=LINE('',#7280,#1560);
#860=LINE('',#7281,#1561);
#861=LINE('',#7283,#1562);
#862=LINE('',#7285,#1563);
#863=LINE('',#7287,#1564);
#864=LINE('',#7289,#1565);
#865=LINE('',#7291,#1566);
#866=LINE('',#7293,#1567);
#867=LINE('',#7295,#1568);
#868=LINE('',#7297,#1569);
#869=LINE('',#7299,#1570);
#870=LINE('',#7301,#1571);
#871=LINE('',#7303,#1572);
#872=LINE('',#7305,#1573);
#873=LINE('',#7307,#1574);
#874=LINE('',#7308,#1575);
#875=LINE('',#7310,#1576);
#876=LINE('',#7314,#1577);
#877=LINE('',#7315,#1578);
#878=LINE('',#7316,#1579);
#879=LINE('',#7320,#1580);
#880=LINE('',#7322,#1581);
#881=LINE('',#7324,#1582);
#882=LINE('',#7325,#1583);
#883=LINE('',#7328,#1584);
#884=LINE('',#7329,#1585);
#885=LINE('',#7330,#1586);
#886=LINE('',#7331,#1587);
#887=LINE('',#7333,#1588);
#888=LINE('',#7335,#1589);
#889=LINE('',#7336,#1590);
#890=LINE('',#7337,#1591);
#891=LINE('',#7341,#1592);
#892=LINE('',#7342,#1593);
#893=LINE('',#7343,#1594);
#894=LINE('',#7346,#1595);
#895=LINE('',#7348,#1596);
#896=LINE('',#7349,#1597);
#897=LINE('',#7352,#1598);
#898=LINE('',#7353,#1599);
#899=LINE('',#7356,#1600);
#900=LINE('',#7360,#1601);
#901=LINE('',#7362,#1602);
#902=LINE('',#7364,#1603);
#903=LINE('',#7365,#1604);
#904=LINE('',#7367,#1605);
#905=LINE('',#7369,#1606);
#906=LINE('',#7371,#1607);
#907=LINE('',#7372,#1608);
#908=LINE('',#7374,#1609);
#909=LINE('',#7378,#1610);
#910=LINE('',#7379,#1611);
#911=LINE('',#7382,#1612);
#912=LINE('',#7384,#1613);
#913=LINE('',#7386,#1614);
#914=LINE('',#7388,#1615);
#915=LINE('',#7389,#1616);
#916=LINE('',#7392,#1617);
#917=LINE('',#7393,#1618);
#918=LINE('',#7395,#1619);
#919=LINE('',#7398,#1620);
#920=LINE('',#7399,#1621);
#921=LINE('',#7402,#1622);
#922=LINE('',#7404,#1623);
#923=LINE('',#7405,#1624);
#924=LINE('',#7408,#1625);
#925=LINE('',#7410,#1626);
#926=LINE('',#7411,#1627);
#927=LINE('',#7414,#1628);
#928=LINE('',#7416,#1629);
#929=LINE('',#7417,#1630);
#930=LINE('',#7420,#1631);
#931=LINE('',#7421,#1632);
#932=LINE('',#7424,#1633);
#933=LINE('',#7426,#1634);
#934=LINE('',#7427,#1635);
#935=LINE('',#7429,#1636);
#936=LINE('',#7432,#1637);
#937=LINE('',#7433,#1638);
#938=LINE('',#7435,#1639);
#939=LINE('',#7436,#1640);
#940=LINE('',#7438,#1641);
#941=LINE('',#7439,#1642);
#942=LINE('',#7441,#1643);
#943=LINE('',#7442,#1644);
#944=LINE('',#7444,#1645);
#945=LINE('',#7446,#1646);
#946=LINE('',#7447,#1647);
#947=LINE('',#7449,#1648);
#948=LINE('',#7452,#1649);
#949=LINE('',#7453,#1650);
#950=LINE('',#7455,#1651);
#951=LINE('',#7458,#1652);
#952=LINE('',#7459,#1653);
#953=LINE('',#7462,#1654);
#954=LINE('',#7463,#1655);
#955=LINE('',#7467,#1656);
#956=LINE('',#7469,#1657);
#957=LINE('',#7471,#1658);
#958=LINE('',#7473,#1659);
#959=LINE('',#7475,#1660);
#960=LINE('',#7477,#1661);
#961=LINE('',#7479,#1662);
#962=LINE('',#7480,#1663);
#963=LINE('',#7482,#1664);
#964=LINE('',#7484,#1665);
#965=LINE('',#7486,#1666);
#966=LINE('',#7488,#1667);
#967=LINE('',#7490,#1668);
#968=LINE('',#7492,#1669);
#969=LINE('',#7494,#1670);
#970=LINE('',#7496,#1671);
#971=LINE('',#7497,#1672);
#972=LINE('',#7501,#1673);
#973=LINE('',#7530,#1674);
#974=LINE('',#7532,#1675);
#975=LINE('',#7533,#1676);
#976=LINE('',#7535,#1677);
#977=LINE('',#7536,#1678);
#978=LINE('',#7543,#1679);
#979=LINE('',#7545,#1680);
#980=LINE('',#7547,#1681);
#981=LINE('',#7548,#1682);
#982=LINE('',#7558,#1683);
#983=LINE('',#7560,#1684);
#984=LINE('',#7562,#1685);
#985=LINE('',#7563,#1686);
#986=LINE('',#7566,#1687);
#987=LINE('',#7568,#1688);
#988=LINE('',#7573,#1689);
#989=LINE('',#7574,#1690);
#990=LINE('',#7578,#1691);
#991=LINE('',#7580,#1692);
#992=LINE('',#7582,#1693);
#993=LINE('',#7585,#1694);
#994=LINE('',#7590,#1695);
#995=LINE('',#7592,#1696);
#996=LINE('',#7594,#1697);
#997=LINE('',#7595,#1698);
#998=LINE('',#7602,#1699);
#999=LINE('',#7603,#1700);
#1000=LINE('',#7605,#1701);
#1001=LINE('',#7606,#1702);
#1002=LINE('',#7607,#1703);
#1003=LINE('',#7608,#1704);
#1004=LINE('',#7610,#1705);
#1005=LINE('',#7612,#1706);
#1006=LINE('',#7641,#1707);
#1007=LINE('',#7648,#1708);
#1008=LINE('',#7650,#1709);
#1009=LINE('',#7651,#1710);
#1010=LINE('',#7661,#1711);
#1011=LINE('',#7665,#1712);
#1012=LINE('',#7668,#1713);
#1013=LINE('',#7686,#1714);
#1014=LINE('',#7689,#1715);
#1015=LINE('',#7692,#1716);
#1016=LINE('',#7694,#1717);
#1017=LINE('',#7697,#1718);
#1018=LINE('',#7699,#1719);
#1019=LINE('',#7701,#1720);
#1020=LINE('',#7702,#1721);
#1021=LINE('',#7703,#1722);
#1022=LINE('',#7705,#1723);
#1023=LINE('',#7708,#1724);
#1024=LINE('',#7710,#1725);
#1025=LINE('',#7711,#1726);
#1026=LINE('',#7714,#1727);
#1027=LINE('',#7715,#1728);
#1028=LINE('',#7718,#1729);
#1029=LINE('',#7720,#1730);
#1030=LINE('',#7721,#1731);
#1031=LINE('',#7724,#1732);
#1032=LINE('',#7725,#1733);
#1033=LINE('',#7728,#1734);
#1034=LINE('',#7729,#1735);
#1035=LINE('',#7732,#1736);
#1036=LINE('',#7733,#1737);
#1037=LINE('',#7736,#1738);
#1038=LINE('',#7737,#1739);
#1039=LINE('',#7740,#1740);
#1040=LINE('',#7741,#1741);
#1041=LINE('',#7743,#1742);
#1042=LINE('',#7745,#1743);
#1043=LINE('',#7746,#1744);
#1044=LINE('',#7747,#1745);
#1045=LINE('',#7750,#1746);
#1046=LINE('',#7752,#1747);
#1047=LINE('',#7754,#1748);
#1048=LINE('',#7756,#1749);
#1049=LINE('',#7757,#1750);
#1050=LINE('',#7760,#1751);
#1051=LINE('',#7762,#1752);
#1052=LINE('',#7764,#1753);
#1053=LINE('',#7766,#1754);
#1054=LINE('',#7767,#1755);
#1055=LINE('',#7770,#1756);
#1056=LINE('',#7772,#1757);
#1057=LINE('',#7774,#1758);
#1058=LINE('',#7776,#1759);
#1059=LINE('',#7777,#1760);
#1060=LINE('',#7780,#1761);
#1061=LINE('',#7782,#1762);
#1062=LINE('',#7784,#1763);
#1063=LINE('',#7785,#1764);
#1064=LINE('',#7788,#1765);
#1065=LINE('',#7792,#1766);
#1066=LINE('',#7794,#1767);
#1067=LINE('',#7795,#1768);
#1068=LINE('',#7796,#1769);
#1069=LINE('',#7797,#1770);
#1070=LINE('',#7799,#1771);
#1071=LINE('',#7801,#1772);
#1072=LINE('',#7803,#1773);
#1073=LINE('',#7805,#1774);
#1074=LINE('',#7807,#1775);
#1075=LINE('',#7809,#1776);
#1076=LINE('',#7811,#1777);
#1077=LINE('',#7813,#1778);
#1078=LINE('',#7815,#1779);
#1079=LINE('',#7817,#1780);
#1080=LINE('',#7819,#1781);
#1081=LINE('',#7821,#1782);
#1082=LINE('',#7823,#1783);
#1083=LINE('',#7825,#1784);
#1084=LINE('',#7827,#1785);
#1085=LINE('',#7828,#1786);
#1086=LINE('',#7831,#1787);
#1087=LINE('',#7832,#1788);
#1088=LINE('',#7835,#1789);
#1089=LINE('',#7836,#1790);
#1090=LINE('',#7838,#1791);
#1091=LINE('',#7842,#1792);
#1092=LINE('',#7843,#1793);
#1093=LINE('',#7845,#1794);
#1094=LINE('',#7847,#1795);
#1095=LINE('',#7849,#1796);
#1096=LINE('',#7852,#1797);
#1097=LINE('',#7854,#1798);
#1098=LINE('',#7855,#1799);
#1099=LINE('',#7858,#1800);
#1100=LINE('',#7860,#1801);
#1101=LINE('',#7861,#1802);
#1102=LINE('',#7864,#1803);
#1103=LINE('',#7866,#1804);
#1104=LINE('',#7867,#1805);
#1105=LINE('',#7870,#1806);
#1106=LINE('',#7871,#1807);
#1107=LINE('',#7874,#1808);
#1108=LINE('',#7875,#1809);
#1109=LINE('',#7879,#1810);
#1110=LINE('',#7880,#1811);
#1111=LINE('',#7882,#1812);
#1112=LINE('',#7883,#1813);
#1113=LINE('',#7885,#1814);
#1114=LINE('',#7886,#1815);
#1115=LINE('',#7888,#1816);
#1116=LINE('',#7890,#1817);
#1117=LINE('',#7893,#1818);
#1118=LINE('',#7895,#1819);
#1119=LINE('',#7896,#1820);
#1120=LINE('',#7898,#1821);
#1121=LINE('',#7902,#1822);
#1122=LINE('',#7903,#1823);
#1123=LINE('',#7904,#1824);
#1124=LINE('',#7907,#1825);
#1125=LINE('',#7908,#1826);
#1126=LINE('',#7911,#1827);
#1127=LINE('',#7912,#1828);
#1128=LINE('',#7915,#1829);
#1129=LINE('',#7916,#1830);
#1130=LINE('',#7918,#1831);
#1131=LINE('',#7921,#1832);
#1132=LINE('',#7922,#1833);
#1133=LINE('',#7926,#1834);
#1134=LINE('',#7927,#1835);
#1135=LINE('',#7928,#1836);
#1136=LINE('',#7929,#1837);
#1137=LINE('',#7930,#1838);
#1138=LINE('',#7931,#1839);
#1139=LINE('',#7934,#1840);
#1140=LINE('',#7936,#1841);
#1141=LINE('',#7937,#1842);
#1142=LINE('',#7941,#1843);
#1143=LINE('',#7942,#1844);
#1144=LINE('',#7943,#1845);
#1145=LINE('',#7946,#1846);
#1146=LINE('',#7948,#1847);
#1147=LINE('',#7949,#1848);
#1148=LINE('',#7951,#1849);
#1149=LINE('',#7953,#1850);
#1150=LINE('',#7956,#1851);
#1151=LINE('',#7960,#1852);
#1152=LINE('',#7962,#1853);
#1153=LINE('',#7964,#1854);
#1154=LINE('',#7965,#1855);
#1155=LINE('',#7967,#1856);
#1156=LINE('',#7968,#1857);
#1157=LINE('',#7972,#1858);
#1158=LINE('',#7974,#1859);
#1159=LINE('',#7975,#1860);
#1160=LINE('',#7979,#1861);
#1161=LINE('',#7980,#1862);
#1162=LINE('',#7981,#1863);
#1163=LINE('',#7984,#1864);
#1164=LINE('',#7986,#1865);
#1165=LINE('',#7987,#1866);
#1166=LINE('',#7989,#1867);
#1167=LINE('',#7992,#1868);
#1168=LINE('',#7993,#1869);
#1169=LINE('',#7996,#1870);
#1170=LINE('',#7997,#1871);
#1171=LINE('',#8001,#1872);
#1172=LINE('',#8003,#1873);
#1173=LINE('',#8005,#1874);
#1174=LINE('',#8007,#1875);
#1175=LINE('',#8008,#1876);
#1176=LINE('',#8009,#1877);
#1177=LINE('',#8010,#1878);
#1178=LINE('',#8014,#1879);
#1179=LINE('',#8016,#1880);
#1180=LINE('',#8018,#1881);
#1181=LINE('',#8019,#1882);
#1182=LINE('',#8022,#1883);
#1183=LINE('',#8024,#1884);
#1184=LINE('',#8026,#1885);
#1185=LINE('',#8027,#1886);
#1186=LINE('',#8031,#1887);
#1187=LINE('',#8033,#1888);
#1188=LINE('',#8035,#1889);
#1189=LINE('',#8037,#1890);
#1190=LINE('',#8038,#1891);
#1191=LINE('',#8039,#1892);
#1192=LINE('',#8040,#1893);
#1193=LINE('',#8044,#1894);
#1194=LINE('',#8046,#1895);
#1195=LINE('',#8048,#1896);
#1196=LINE('',#8050,#1897);
#1197=LINE('',#8051,#1898);
#1198=LINE('',#8052,#1899);
#1199=LINE('',#8054,#1900);
#1200=LINE('',#8055,#1901);
#1201=LINE('',#8057,#1902);
#1202=LINE('',#8059,#1903);
#1203=LINE('',#8061,#1904);
#1204=LINE('',#8064,#1905);
#1205=LINE('',#8065,#1906);
#1206=LINE('',#8067,#1907);
#1207=LINE('',#8069,#1908);
#1208=LINE('',#8072,#1909);
#1209=LINE('',#8073,#1910);
#1210=LINE('',#8075,#1911);
#1211=LINE('',#8077,#1912);
#1212=LINE('',#8079,#1913);
#1213=LINE('',#8082,#1914);
#1214=LINE('',#8083,#1915);
#1215=LINE('',#8085,#1916);
#1216=LINE('',#8087,#1917);
#1217=LINE('',#8089,#1918);
#1218=LINE('',#8094,#1919);
#1219=LINE('',#8097,#1920);
#1220=LINE('',#8100,#1921);
#1221=LINE('',#8102,#1922);
#1222=LINE('',#8103,#1923);
#1223=LINE('',#8106,#1924);
#1224=LINE('',#8107,#1925);
#1225=LINE('',#8110,#1926);
#1226=LINE('',#8111,#1927);
#1227=LINE('',#8113,#1928);
#1228=LINE('',#8114,#1929);
#1229=LINE('',#8117,#1930);
#1230=LINE('',#8119,#1931);
#1231=LINE('',#8120,#1932);
#1232=LINE('',#8125,#1933);
#1233=LINE('',#8126,#1934);
#1234=LINE('',#8128,#1935);
#1235=LINE('',#8131,#1936);
#1236=LINE('',#8132,#1937);
#1237=LINE('',#8135,#1938);
#1238=LINE('',#8137,#1939);
#1239=LINE('',#8142,#1940);
#1240=LINE('',#8146,#1941);
#1241=LINE('',#8147,#1942);
#1242=LINE('',#8148,#1943);
#1243=LINE('',#8152,#1944);
#1244=LINE('',#8153,#1945);
#1245=LINE('',#8154,#1946);
#1246=LINE('',#8157,#1947);
#1247=LINE('',#8158,#1948);
#1248=LINE('',#8159,#1949);
#1249=LINE('',#8160,#1950);
#1250=LINE('',#8162,#1951);
#1251=LINE('',#8164,#1952);
#1252=LINE('',#8165,#1953);
#1253=LINE('',#8166,#1954);
#1254=LINE('',#8170,#1955);
#1255=LINE('',#8171,#1956);
#1256=LINE('',#8172,#1957);
#1257=LINE('',#8175,#1958);
#1258=LINE('',#8177,#1959);
#1259=LINE('',#8178,#1960);
#1260=LINE('',#8181,#1961);
#1261=LINE('',#8182,#1962);
#1262=LINE('',#8185,#1963);
#1263=LINE('',#8189,#1964);
#1264=LINE('',#8190,#1965);
#1265=LINE('',#8191,#1966);
#1266=LINE('',#8193,#1967);
#1267=LINE('',#8195,#1968);
#1268=LINE('',#8197,#1969);
#1269=LINE('',#8198,#1970);
#1270=LINE('',#8200,#1971);
#1271=LINE('',#8205,#1972);
#1272=LINE('',#8206,#1973);
#1273=LINE('',#8209,#1974);
#1274=LINE('',#8210,#1975);
#1275=LINE('',#8213,#1976);
#1276=LINE('',#8214,#1977);
#1277=LINE('',#8217,#1978);
#1278=LINE('',#8220,#1979);
#1279=LINE('',#8221,#1980);
#1280=LINE('',#8224,#1981);
#1281=LINE('',#8227,#1982);
#1282=LINE('',#8231,#1983);
#1283=LINE('',#8232,#1984);
#1284=LINE('',#8233,#1985);
#1285=LINE('',#8236,#1986);
#1286=LINE('',#8238,#1987);
#1287=LINE('',#8239,#1988);
#1288=LINE('',#8241,#1989);
#1289=LINE('',#8243,#1990);
#1290=LINE('',#8244,#1991);
#1291=LINE('',#8248,#1992);
#1292=LINE('',#8251,#1993);
#1293=LINE('',#8253,#1994);
#1294=LINE('',#8254,#1995);
#1295=LINE('',#8257,#1996);
#1296=LINE('',#8258,#1997);
#1297=LINE('',#8261,#1998);
#1298=LINE('',#8262,#1999);
#1299=LINE('',#8264,#2000);
#1300=LINE('',#8265,#2001);
#1301=LINE('',#8272,#2002);
#1302=LINE('',#8292,#2003);
#1303=LINE('',#8294,#2004);
#1304=LINE('',#8295,#2005);
#1305=LINE('',#8298,#2006);
#1306=LINE('',#8299,#2007);
#1307=LINE('',#8302,#2008);
#1308=LINE('',#8303,#2009);
#1309=LINE('',#8306,#2010);
#1310=LINE('',#8307,#2011);
#1311=LINE('',#8310,#2012);
#1312=LINE('',#8311,#2013);
#1313=LINE('',#8314,#2014);
#1314=LINE('',#8315,#2015);
#1315=LINE('',#8317,#2016);
#1316=LINE('',#8322,#2017);
#1317=LINE('',#8324,#2018);
#1318=LINE('',#8326,#2019);
#1319=LINE('',#8328,#2020);
#1320=LINE('',#8332,#2021);
#1321=LINE('',#8334,#2022);
#1322=LINE('',#8335,#2023);
#1323=LINE('',#8338,#2024);
#1324=LINE('',#8339,#2025);
#1325=LINE('',#8342,#2026);
#1326=LINE('',#8343,#2027);
#1327=LINE('',#8346,#2028);
#1328=LINE('',#8347,#2029);
#1329=VECTOR('',#5525,0.34);
#1330=VECTOR('',#5526,0.452769256906899);
#1331=VECTOR('',#5527,0.64);
#1332=VECTOR('',#5528,0.452769256906899);
#1333=VECTOR('',#5531,0.34);
#1334=VECTOR('',#5532,0.34);
#1335=VECTOR('',#5533,0.34);
#1336=VECTOR('',#5536,0.64);
#1337=VECTOR('',#5537,0.452769256906899);
#1338=VECTOR('',#5540,0.64);
#1339=VECTOR('',#5541,0.452769256906899);
#1340=VECTOR('',#5544,0.64);
#1341=VECTOR('',#5547,3.57);
#1342=VECTOR('',#5548,1.36);
#1343=VECTOR('',#5549,0.64);
#1344=VECTOR('',#5550,1.36);
#1345=VECTOR('',#5551,3.57);
#1346=VECTOR('',#5554,1.75);
#1347=VECTOR('',#5555,0.59);
#1348=VECTOR('',#5556,1.75);
#1349=VECTOR('',#5557,0.59);
#1350=VECTOR('',#5560,0.64);
#1351=VECTOR('',#5561,3.57);
#1352=VECTOR('',#5564,0.64);
#1353=VECTOR('',#5565,3.8);
#1354=VECTOR('',#5566,0.64);
#1355=VECTOR('',#5567,3.8);
#1356=VECTOR('',#5570,0.805);
#1357=VECTOR('',#5571,0.18);
#1358=VECTOR('',#5572,0.64);
#1359=VECTOR('',#5573,0.18);
#1360=VECTOR('',#5574,1.75);
#1361=VECTOR('',#5575,0.805);
#1362=VECTOR('',#5576,3.57);
#1363=VECTOR('',#5579,0.59);
#1364=VECTOR('',#5580,1.75);
#1365=VECTOR('',#5581,0.59);
#1366=VECTOR('',#5584,0.64);
#1367=VECTOR('',#5587,0.64);
#1368=VECTOR('',#5588,3.8);
#1369=VECTOR('',#5589,0.64);
#1370=VECTOR('',#5590,3.8);
#1371=VECTOR('',#5593,0.6);
#1372=VECTOR('',#5594,0.96);
#1373=VECTOR('',#5595,0.6);
#1374=VECTOR('',#5596,0.96);
#1375=VECTOR('',#5599,0.96);
#1376=VECTOR('',#5600,0.6);
#1377=VECTOR('',#5601,0.96);
#1378=VECTOR('',#5602,0.6);
#1379=VECTOR('',#5605,0.01);
#1380=VECTOR('',#5606,0.59);
#1381=VECTOR('',#5607,1.645);
#1382=VECTOR('',#5608,0.6);
#1383=VECTOR('',#5609,1.645);
#1384=VECTOR('',#5612,0.01);
#1385=VECTOR('',#5613,2.36);
#1386=VECTOR('',#5614,0.59);
#1387=VECTOR('',#5615,0.01);
#1388=VECTOR('',#5616,2.36);
#1389=VECTOR('',#5619,0.01);
#1390=VECTOR('',#5620,0.59);
#1391=VECTOR('',#5621,2.36);
#1392=VECTOR('',#5622,0.01);
#1393=VECTOR('',#5623,2.36);
#1394=VECTOR('',#5626,0.01);
#1395=VECTOR('',#5627,0.59);
#1396=VECTOR('',#5628,2.36);
#1397=VECTOR('',#5629,0.59);
#1398=VECTOR('',#5630,0.01);
#1399=VECTOR('',#5631,2.36);
#1400=VECTOR('',#5634,1.645);
#1401=VECTOR('',#5635,0.59);
#1402=VECTOR('',#5636,0.01);
#1403=VECTOR('',#5637,1.645);
#1404=VECTOR('',#5638,0.6);
#1405=VECTOR('',#5641,1.75);
#1406=VECTOR('',#5642,0.6);
#1407=VECTOR('',#5643,0.395);
#1408=VECTOR('',#5644,0.67);
#1409=VECTOR('',#5645,0.66);
#1410=VECTOR('',#5646,8.5);
#1411=VECTOR('',#5647,0.68);
#1412=VECTOR('',#5648,2.);
#1413=VECTOR('',#5649,0.68);
#1414=VECTOR('',#5650,6.65);
#1415=VECTOR('',#5651,1.04);
#1416=VECTOR('',#5652,1.85);
#1417=VECTOR('',#5653,1.2);
#1418=VECTOR('',#5654,0.67);
#1419=VECTOR('',#5655,0.395);
#1420=VECTOR('',#5656,1.25);
#1421=VECTOR('',#5657,0.15625);
#1422=VECTOR('',#5658,1.037234067917);
#1423=VECTOR('',#5659,0.243050262496104);
#1424=VECTOR('',#5660,0.2127660065889);
#1425=VECTOR('',#5661,0.243050205426607);
#1426=VECTOR('',#5662,0.15625);
#1427=VECTOR('',#5665,0.395);
#1428=VECTOR('',#5666,0.96);
#1429=VECTOR('',#5667,0.395);
#1430=VECTOR('',#5670,0.96);
#1431=VECTOR('',#5671,0.395);
#1432=VECTOR('',#5672,0.96);
#1433=VECTOR('',#5673,0.395);
#1434=VECTOR('',#5676,0.96);
#1435=VECTOR('',#5677,0.395);
#1436=VECTOR('',#5680,0.96);
#1437=VECTOR('',#5681,0.395);
#1438=VECTOR('',#5682,0.96);
#1439=VECTOR('',#5685,1.645);
#1440=VECTOR('',#5686,0.395);
#1441=VECTOR('',#5687,1.645);
#1442=VECTOR('',#5688,0.395);
#1443=VECTOR('',#5691,0.395);
#1444=VECTOR('',#5692,0.395);
#1445=VECTOR('',#5693,1.645);
#1446=VECTOR('',#5696,0.395);
#1447=VECTOR('',#5697,0.395);
#1448=VECTOR('',#5698,2.36);
#1449=VECTOR('',#5701,2.36);
#1450=VECTOR('',#5702,0.395);
#1451=VECTOR('',#5703,2.36);
#1452=VECTOR('',#5704,0.395);
#1453=VECTOR('',#5707,0.395);
#1454=VECTOR('',#5708,0.395);
#1455=VECTOR('',#5709,2.36);
#1456=VECTOR('',#5712,2.36);
#1457=VECTOR('',#5713,0.395);
#1458=VECTOR('',#5714,2.36);
#1459=VECTOR('',#5715,0.395);
#1460=VECTOR('',#5718,0.395);
#1461=VECTOR('',#5719,1.645);
#1462=VECTOR('',#5720,0.395);
#1463=VECTOR('',#5723,0.395);
#1464=VECTOR('',#5724,0.395);
#1465=VECTOR('',#5725,2.36);
#1466=VECTOR('',#5728,1.645);
#1467=VECTOR('',#5729,0.395);
#1468=VECTOR('',#5730,1.645);
#1469=VECTOR('',#5731,0.395);
#1470=VECTOR('',#5734,2.36);
#1471=VECTOR('',#5735,0.395);
#1472=VECTOR('',#5736,2.36);
#1473=VECTOR('',#5737,0.395);
#1474=VECTOR('',#5740,1.75);
#1475=VECTOR('',#5741,0.67);
#1476=VECTOR('',#5742,1.2);
#1477=VECTOR('',#5743,1.85);
#1478=VECTOR('',#5744,1.04);
#1479=VECTOR('',#5745,6.65);
#1480=VECTOR('',#5746,0.68);
#1481=VECTOR('',#5747,2.);
#1482=VECTOR('',#5748,0.68);
#1483=VECTOR('',#5749,8.5);
#1484=VECTOR('',#5750,0.66);
#1485=VECTOR('',#5751,0.67);
#1486=VECTOR('',#5752,0.6);
#1487=VECTOR('',#5755,1.75);
#1488=VECTOR('',#5756,0.96);
#1489=VECTOR('',#5759,0.96);
#1490=VECTOR('',#5760,1.75);
#1491=VECTOR('',#5763,1.75);
#1492=VECTOR('',#5764,1.645);
#1493=VECTOR('',#5765,1.75);
#1494=VECTOR('',#5768,2.36);
#1495=VECTOR('',#5769,1.75);
#1496=VECTOR('',#5772,1.75);
#1497=VECTOR('',#5773,2.36);
#1498=VECTOR('',#5776,1.75);
#1499=VECTOR('',#5777,2.36);
#1500=VECTOR('',#5778,1.75);
#1501=VECTOR('',#5781,1.645);
#1502=VECTOR('',#5782,1.75);
#1503=VECTOR('',#5783,1.75);
#1504=VECTOR('',#5786,0.6);
#1505=VECTOR('',#5789,0.6);
#1506=VECTOR('',#5792,0.59);
#1507=VECTOR('',#5793,0.01);
#1508=VECTOR('',#5794,0.6);
#1509=VECTOR('',#5797,0.01);
#1510=VECTOR('',#5798,0.01);
#1511=VECTOR('',#5799,0.59);
#1512=VECTOR('',#5802,0.59);
#1513=VECTOR('',#5803,0.01);
#1514=VECTOR('',#5804,0.01);
#1515=VECTOR('',#5807,0.59);
#1516=VECTOR('',#5808,0.01);
#1517=VECTOR('',#5809,0.01);
#1518=VECTOR('',#5810,0.59);
#1519=VECTOR('',#5813,0.01);
#1520=VECTOR('',#5814,0.59);
#1521=VECTOR('',#5815,0.6);
#1522=VECTOR('',#5818,3.61);
#1523=VECTOR('',#5819,1.7);
#1524=VECTOR('',#5820,0.66);
#1525=VECTOR('',#5821,0.67);
#1526=VECTOR('',#5822,0.67);
#1527=VECTOR('',#5823,1.2);
#1528=VECTOR('',#5824,1.85);
#1529=VECTOR('',#5825,0.54);
#1530=VECTOR('',#5826,4.55);
#1531=VECTOR('',#5827,0.25);
#1532=VECTOR('',#5828,4.7);
#1533=VECTOR('',#5831,0.4);
#1534=VECTOR('',#5832,3.61);
#1535=VECTOR('',#5833,0.4);
#1536=VECTOR('',#5836,0.64);
#1537=VECTOR('',#5837,0.68);
#1538=VECTOR('',#5838,2.36);
#1539=VECTOR('',#5839,0.68);
#1540=VECTOR('',#5840,0.64);
#1541=VECTOR('',#5841,0.03);
#1542=VECTOR('',#5842,0.64);
#1543=VECTOR('',#5843,0.03);
#1544=VECTOR('',#5844,0.64);
#1545=VECTOR('',#5845,0.68);
#1546=VECTOR('',#5846,2.36);
#1547=VECTOR('',#5847,0.68);
#1548=VECTOR('',#5848,0.03);
#1549=VECTOR('',#5849,0.64);
#1550=VECTOR('',#5850,0.03);
#1551=VECTOR('',#5851,0.68);
#1552=VECTOR('',#5852,2.36);
#1553=VECTOR('',#5853,0.68);
#1554=VECTOR('',#5854,0.64);
#1555=VECTOR('',#5855,0.03);
#1556=VECTOR('',#5856,0.64);
#1557=VECTOR('',#5857,0.03);
#1558=VECTOR('',#5858,0.64);
#1559=VECTOR('',#5859,0.68);
#1560=VECTOR('',#5860,1.645);
#1561=VECTOR('',#5861,1.7);
#1562=VECTOR('',#5862,0.4);
#1563=VECTOR('',#5863,4.55);
#1564=VECTOR('',#5864,12.93);
#1565=VECTOR('',#5865,4.55);
#1566=VECTOR('',#5866,0.4);
#1567=VECTOR('',#5867,4.7);
#1568=VECTOR('',#5868,0.4);
#1569=VECTOR('',#5869,1.7);
#1570=VECTOR('',#5870,1.645);
#1571=VECTOR('',#5871,0.68);
#1572=VECTOR('',#5872,0.64);
#1573=VECTOR('',#5873,0.03);
#1574=VECTOR('',#5874,0.64);
#1575=VECTOR('',#5875,0.03);
#1576=VECTOR('',#5878,1.75);
#1577=VECTOR('',#5881,0.64);
#1578=VECTOR('',#5882,3.57);
#1579=VECTOR('',#5883,3.57);
#1580=VECTOR('',#5886,0.64);
#1581=VECTOR('',#5887,3.8);
#1582=VECTOR('',#5888,0.64);
#1583=VECTOR('',#5889,3.8);
#1584=VECTOR('',#5892,0.64);
#1585=VECTOR('',#5893,3.57);
#1586=VECTOR('',#5894,0.805);
#1587=VECTOR('',#5895,1.75);
#1588=VECTOR('',#5896,0.18);
#1589=VECTOR('',#5897,0.64);
#1590=VECTOR('',#5898,0.18);
#1591=VECTOR('',#5899,0.805);
#1592=VECTOR('',#5902,0.34);
#1593=VECTOR('',#5903,0.452769256906899);
#1594=VECTOR('',#5904,0.452769256906899);
#1595=VECTOR('',#5907,0.34);
#1596=VECTOR('',#5908,0.34);
#1597=VECTOR('',#5909,0.34);
#1598=VECTOR('',#5912,0.452769256906899);
#1599=VECTOR('',#5913,0.64);
#1600=VECTOR('',#5918,3.57);
#1601=VECTOR('',#5921,0.64);
#1602=VECTOR('',#5922,3.8);
#1603=VECTOR('',#5923,0.64);
#1604=VECTOR('',#5924,3.8);
#1605=VECTOR('',#5927,0.64);
#1606=VECTOR('',#5928,1.36);
#1607=VECTOR('',#5929,0.64);
#1608=VECTOR('',#5930,1.36);
#1609=VECTOR('',#5933,0.452769256906899);
#1610=VECTOR('',#5938,0.41);
#1611=VECTOR('',#5939,0.67);
#1612=VECTOR('',#5942,0.67);
#1613=VECTOR('',#5943,0.67);
#1614=VECTOR('',#5944,0.66);
#1615=VECTOR('',#5945,1.35);
#1616=VECTOR('',#5946,0.875);
#1617=VECTOR('',#5949,0.03);
#1618=VECTOR('',#5950,1.36);
#1619=VECTOR('',#5953,0.96);
#1620=VECTOR('',#5956,0.96);
#1621=VECTOR('',#5957,0.67);
#1622=VECTOR('',#5960,0.67);
#1623=VECTOR('',#5961,1.645);
#1624=VECTOR('',#5962,0.67);
#1625=VECTOR('',#5965,0.67);
#1626=VECTOR('',#5966,0.67);
#1627=VECTOR('',#5967,2.36);
#1628=VECTOR('',#5970,0.67);
#1629=VECTOR('',#5971,0.67);
#1630=VECTOR('',#5972,2.36);
#1631=VECTOR('',#5975,1.645);
#1632=VECTOR('',#5976,0.67);
#1633=VECTOR('',#5979,0.67);
#1634=VECTOR('',#5980,0.67);
#1635=VECTOR('',#5981,2.36);
#1636=VECTOR('',#5984,0.96);
#1637=VECTOR('',#5987,0.96);
#1638=VECTOR('',#5988,1.2);
#1639=VECTOR('',#5991,0.41);
#1640=VECTOR('',#5992,0.41);
#1641=VECTOR('',#5995,0.41);
#1642=VECTOR('',#5996,0.41);
#1643=VECTOR('',#5999,0.41);
#1644=VECTOR('',#6000,0.41);
#1645=VECTOR('',#6003,0.41);
#1646=VECTOR('',#6006,0.41);
#1647=VECTOR('',#6007,0.41);
#1648=VECTOR('',#6010,0.96);
#1649=VECTOR('',#6013,1.85);
#1650=VECTOR('',#6014,0.96);
#1651=VECTOR('',#6017,1.08240473021904);
#1652=VECTOR('',#6020,0.54);
#1653=VECTOR('',#6021,1.08240473021904);
#1654=VECTOR('',#6024,1.44678954931304);
#1655=VECTOR('',#6025,3.06);
#1656=VECTOR('',#6028,7.2);
#1657=VECTOR('',#6029,5.7);
#1658=VECTOR('',#6030,7.2);
#1659=VECTOR('',#6031,1.);
#1660=VECTOR('',#6032,7.2);
#1661=VECTOR('',#6033,2.615);
#1662=VECTOR('',#6034,4.55);
#1663=VECTOR('',#6035,0.4);
#1664=VECTOR('',#6036,0.622253967444158);
#1665=VECTOR('',#6037,12.85);
#1666=VECTOR('',#6038,0.622253967444158);
#1667=VECTOR('',#6039,3.06);
#1668=VECTOR('',#6040,0.4);
#1669=VECTOR('',#6041,4.55);
#1670=VECTOR('',#6042,2.615);
#1671=VECTOR('',#6043,7.2);
#1672=VECTOR('',#6044,1.);
#1673=VECTOR('',#6047,2.87611271012);
#1674=VECTOR('',#6048,2.87611271012);
#1675=VECTOR('',#6049,2.45);
#1676=VECTOR('',#6050,0.5);
#1677=VECTOR('',#6051,0.5);
#1678=VECTOR('',#6052,2.75);
#1679=VECTOR('',#6055,0.5797958971133);
#1680=VECTOR('',#6056,1.79);
#1681=VECTOR('',#6057,0.3949768113735);
#1682=VECTOR('',#6058,0.3);
#1683=VECTOR('',#6067,0.3);
#1684=VECTOR('',#6068,0.3949768113735);
#1685=VECTOR('',#6069,1.79);
#1686=VECTOR('',#6070,0.5797958971133);
#1687=VECTOR('',#6073,1.);
#1688=VECTOR('',#6074,3.75);
#1689=VECTOR('',#6081,3.45);
#1690=VECTOR('',#6082,1.);
#1691=VECTOR('',#6085,2.45);
#1692=VECTOR('',#6086,1.);
#1693=VECTOR('',#6087,3.45);
#1694=VECTOR('',#6090,0.5797958971133);
#1695=VECTOR('',#6095,3.75);
#1696=VECTOR('',#6096,1.);
#1697=VECTOR('',#6097,2.75);
#1698=VECTOR('',#6098,0.5797958971133);
#1699=VECTOR('',#6111,0.5);
#1700=VECTOR('',#6112,0.5);
#1701=VECTOR('',#6115,0.25);
#1702=VECTOR('',#6116,0.25);
#1703=VECTOR('',#6117,0.5);
#1704=VECTOR('',#6118,0.5);
#1705=VECTOR('',#6121,0.5);
#1706=VECTOR('',#6122,2.87611271012);
#1707=VECTOR('',#6123,2.87611271012);
#1708=VECTOR('',#6126,0.3);
#1709=VECTOR('',#6127,0.3949768113735);
#1710=VECTOR('',#6128,1.79);
#1711=VECTOR('',#6137,0.3);
#1712=VECTOR('',#6142,0.3949768113735);
#1713=VECTOR('',#6147,1.79);
#1714=VECTOR('',#6152,0.5);
#1715=VECTOR('',#6157,0.25);
#1716=VECTOR('',#6162,0.25);
#1717=VECTOR('',#6165,0.25);
#1718=VECTOR('',#6168,0.67);
#1719=VECTOR('',#6169,0.66);
#1720=VECTOR('',#6170,1.7);
#1721=VECTOR('',#6171,3.61);
#1722=VECTOR('',#6172,4.55);
#1723=VECTOR('',#6175,1.44678954931304);
#1724=VECTOR('',#6178,1.97989898732187);
#1725=VECTOR('',#6179,0.68);
#1726=VECTOR('',#6180,1.97989898732187);
#1727=VECTOR('',#6183,1.97989898732187);
#1728=VECTOR('',#6184,1.18);
#1729=VECTOR('',#6187,1.4);
#1730=VECTOR('',#6188,1.97989898732187);
#1731=VECTOR('',#6189,1.4);
#1732=VECTOR('',#6192,1.4);
#1733=VECTOR('',#6193,1.4);
#1734=VECTOR('',#6196,2.);
#1735=VECTOR('',#6197,1.4);
#1736=VECTOR('',#6200,1.4);
#1737=VECTOR('',#6201,1.97989898732187);
#1738=VECTOR('',#6204,1.4);
#1739=VECTOR('',#6205,1.4);
#1740=VECTOR('',#6208,1.97989898732187);
#1741=VECTOR('',#6209,0.68);
#1742=VECTOR('',#6212,1.18);
#1743=VECTOR('',#6215,2.);
#1744=VECTOR('',#6216,12.85);
#1745=VECTOR('',#6217,2.);
#1746=VECTOR('',#6218,1.84);
#1747=VECTOR('',#6219,0.989949493661133);
#1748=VECTOR('',#6220,1.84);
#1749=VECTOR('',#6221,2.54);
#1750=VECTOR('',#6222,2.54);
#1751=VECTOR('',#6223,1.84);
#1752=VECTOR('',#6224,2.54);
#1753=VECTOR('',#6225,2.54);
#1754=VECTOR('',#6226,1.84);
#1755=VECTOR('',#6227,0.989949493661133);
#1756=VECTOR('',#6228,1.84);
#1757=VECTOR('',#6229,2.54);
#1758=VECTOR('',#6230,2.54);
#1759=VECTOR('',#6231,1.84);
#1760=VECTOR('',#6232,0.989949493661133);
#1761=VECTOR('',#6233,2.54);
#1762=VECTOR('',#6234,2.54);
#1763=VECTOR('',#6235,2.54);
#1764=VECTOR('',#6236,2.54);
#1765=VECTOR('',#6241,2.);
#1766=VECTOR('',#6246,1.645);
#1767=VECTOR('',#6247,1.7);
#1768=VECTOR('',#6248,0.4);
#1769=VECTOR('',#6249,0.96);
#1770=VECTOR('',#6250,0.96);
#1771=VECTOR('',#6251,1.7);
#1772=VECTOR('',#6252,1.645);
#1773=VECTOR('',#6253,1.35);
#1774=VECTOR('',#6254,0.64);
#1775=VECTOR('',#6255,1.35);
#1776=VECTOR('',#6256,2.36);
#1777=VECTOR('',#6257,1.35);
#1778=VECTOR('',#6258,0.64);
#1779=VECTOR('',#6259,1.35);
#1780=VECTOR('',#6260,2.36);
#1781=VECTOR('',#6261,1.35);
#1782=VECTOR('',#6262,0.64);
#1783=VECTOR('',#6263,1.35);
#1784=VECTOR('',#6264,2.36);
#1785=VECTOR('',#6265,1.35);
#1786=VECTOR('',#6266,0.64);
#1787=VECTOR('',#6269,0.64);
#1788=VECTOR('',#6270,0.875);
#1789=VECTOR('',#6273,0.64);
#1790=VECTOR('',#6274,1.36);
#1791=VECTOR('',#6277,0.67);
#1792=VECTOR('',#6282,0.66);
#1793=VECTOR('',#6283,0.67);
#1794=VECTOR('',#6286,0.03);
#1795=VECTOR('',#6289,0.96);
#1796=VECTOR('',#6292,0.96);
#1797=VECTOR('',#6295,0.67);
#1798=VECTOR('',#6296,1.645);
#1799=VECTOR('',#6297,0.67);
#1800=VECTOR('',#6300,0.67);
#1801=VECTOR('',#6301,2.36);
#1802=VECTOR('',#6302,0.67);
#1803=VECTOR('',#6305,0.67);
#1804=VECTOR('',#6306,2.36);
#1805=VECTOR('',#6307,0.67);
#1806=VECTOR('',#6310,0.67);
#1807=VECTOR('',#6311,1.645);
#1808=VECTOR('',#6314,2.36);
#1809=VECTOR('',#6315,0.67);
#1810=VECTOR('',#6322,0.66);
#1811=VECTOR('',#6323,0.66);
#1812=VECTOR('',#6326,0.66);
#1813=VECTOR('',#6327,0.66);
#1814=VECTOR('',#6330,0.66);
#1815=VECTOR('',#6331,0.66);
#1816=VECTOR('',#6334,0.66);
#1817=VECTOR('',#6337,0.66);
#1818=VECTOR('',#6340,0.875);
#1819=VECTOR('',#6341,0.18);
#1820=VECTOR('',#6342,0.67);
#1821=VECTOR('',#6345,0.805);
#1822=VECTOR('',#6348,0.03);
#1823=VECTOR('',#6349,1.36);
#1824=VECTOR('',#6350,1.36);
#1825=VECTOR('',#6353,0.875);
#1826=VECTOR('',#6354,0.64);
#1827=VECTOR('',#6357,0.64);
#1828=VECTOR('',#6358,1.36);
#1829=VECTOR('',#6361,0.67);
#1830=VECTOR('',#6362,0.18);
#1831=VECTOR('',#6365,0.805);
#1832=VECTOR('',#6368,0.03);
#1833=VECTOR('',#6369,1.36);
#1834=VECTOR('',#6372,0.64);
#1835=VECTOR('',#6373,3.57);
#1836=VECTOR('',#6374,1.75);
#1837=VECTOR('',#6375,0.64);
#1838=VECTOR('',#6376,1.75);
#1839=VECTOR('',#6377,3.57);
#1840=VECTOR('',#6380,0.452769256906899);
#1841=VECTOR('',#6381,0.34);
#1842=VECTOR('',#6382,0.452769256906899);
#1843=VECTOR('',#6385,0.452769256906899);
#1844=VECTOR('',#6386,0.34);
#1845=VECTOR('',#6387,0.64);
#1846=VECTOR('',#6390,0.64);
#1847=VECTOR('',#6391,0.452769256906899);
#1848=VECTOR('',#6392,0.34);
#1849=VECTOR('',#6395,0.34);
#1850=VECTOR('',#6398,0.64);
#1851=VECTOR('',#6403,3.57);
#1852=VECTOR('',#6406,0.64);
#1853=VECTOR('',#6407,3.8);
#1854=VECTOR('',#6408,0.64);
#1855=VECTOR('',#6409,3.8);
#1856=VECTOR('',#6412,3.57);
#1857=VECTOR('',#6413,0.64);
#1858=VECTOR('',#6418,0.64);
#1859=VECTOR('',#6419,0.64);
#1860=VECTOR('',#6420,3.8);
#1861=VECTOR('',#6423,0.34);
#1862=VECTOR('',#6424,0.452769256906899);
#1863=VECTOR('',#6425,0.452769256906899);
#1864=VECTOR('',#6428,0.34);
#1865=VECTOR('',#6429,0.34);
#1866=VECTOR('',#6430,0.34);
#1867=VECTOR('',#6433,0.452769256906899);
#1868=VECTOR('',#6436,0.64);
#1869=VECTOR('',#6437,0.452769256906899);
#1870=VECTOR('',#6440,3.8);
#1871=VECTOR('',#6441,0.64);
#1872=VECTOR('',#6444,2.54);
#1873=VECTOR('',#6445,2.54);
#1874=VECTOR('',#6446,1.84);
#1875=VECTOR('',#6447,0.989949493661133);
#1876=VECTOR('',#6448,1.84);
#1877=VECTOR('',#6449,0.64);
#1878=VECTOR('',#6450,0.64);
#1879=VECTOR('',#6453,2.54);
#1880=VECTOR('',#6454,2.54);
#1881=VECTOR('',#6455,2.54);
#1882=VECTOR('',#6456,2.54);
#1883=VECTOR('',#6457,0.64);
#1884=VECTOR('',#6458,0.64);
#1885=VECTOR('',#6459,0.64);
#1886=VECTOR('',#6460,0.64);
#1887=VECTOR('',#6463,1.84);
#1888=VECTOR('',#6464,0.989949493661133);
#1889=VECTOR('',#6465,1.84);
#1890=VECTOR('',#6466,2.54);
#1891=VECTOR('',#6467,2.54);
#1892=VECTOR('',#6468,0.64);
#1893=VECTOR('',#6469,0.64);
#1894=VECTOR('',#6472,1.84);
#1895=VECTOR('',#6473,0.989949493661133);
#1896=VECTOR('',#6474,1.84);
#1897=VECTOR('',#6475,2.54);
#1898=VECTOR('',#6476,2.54);
#1899=VECTOR('',#6477,0.64);
#1900=VECTOR('',#6480,6.6);
#1901=VECTOR('',#6481,6.6);
#1902=VECTOR('',#6484,6.6);
#1903=VECTOR('',#6487,6.6);
#1904=VECTOR('',#6490,6.6);
#1905=VECTOR('',#6495,6.6);
#1906=VECTOR('',#6496,6.6);
#1907=VECTOR('',#6499,6.6);
#1908=VECTOR('',#6502,6.6);
#1909=VECTOR('',#6507,6.6);
#1910=VECTOR('',#6508,6.6);
#1911=VECTOR('',#6511,6.6);
#1912=VECTOR('',#6514,6.6);
#1913=VECTOR('',#6517,6.6);
#1914=VECTOR('',#6522,6.6);
#1915=VECTOR('',#6523,6.6);
#1916=VECTOR('',#6526,6.6);
#1917=VECTOR('',#6529,6.6);
#1918=VECTOR('',#6532,6.6);
#1919=VECTOR('',#6541,0.64);
#1920=VECTOR('',#6546,0.64);
#1921=VECTOR('',#6549,0.452769256906899);
#1922=VECTOR('',#6550,0.34);
#1923=VECTOR('',#6551,0.452769256906899);
#1924=VECTOR('',#6554,0.34);
#1925=VECTOR('',#6555,0.452769256906899);
#1926=VECTOR('',#6558,0.34);
#1927=VECTOR('',#6559,0.34);
#1928=VECTOR('',#6562,0.452769256906899);
#1929=VECTOR('',#6563,0.64);
#1930=VECTOR('',#6566,0.03);
#1931=VECTOR('',#6567,0.03);
#1932=VECTOR('',#6568,0.64);
#1933=VECTOR('',#6575,0.67);
#1934=VECTOR('',#6576,0.875);
#1935=VECTOR('',#6579,1.36);
#1936=VECTOR('',#6582,0.64);
#1937=VECTOR('',#6583,0.67);
#1938=VECTOR('',#6588,0.875);
#1939=VECTOR('',#6591,1.36);
#1940=VECTOR('',#6600,1.75);
#1941=VECTOR('',#6603,0.64);
#1942=VECTOR('',#6604,3.57);
#1943=VECTOR('',#6605,3.57);
#1944=VECTOR('',#6608,0.64);
#1945=VECTOR('',#6609,3.8);
#1946=VECTOR('',#6610,3.8);
#1947=VECTOR('',#6613,0.64);
#1948=VECTOR('',#6614,3.57);
#1949=VECTOR('',#6615,0.805);
#1950=VECTOR('',#6616,1.75);
#1951=VECTOR('',#6617,0.18);
#1952=VECTOR('',#6618,0.64);
#1953=VECTOR('',#6619,0.18);
#1954=VECTOR('',#6620,0.805);
#1955=VECTOR('',#6623,0.34);
#1956=VECTOR('',#6624,0.452769256906899);
#1957=VECTOR('',#6625,0.452769256906899);
#1958=VECTOR('',#6628,0.34);
#1959=VECTOR('',#6629,0.34);
#1960=VECTOR('',#6630,0.34);
#1961=VECTOR('',#6633,0.452769256906899);
#1962=VECTOR('',#6634,0.64);
#1963=VECTOR('',#6639,3.57);
#1964=VECTOR('',#6642,0.64);
#1965=VECTOR('',#6643,3.8);
#1966=VECTOR('',#6644,3.8);
#1967=VECTOR('',#6647,0.64);
#1968=VECTOR('',#6648,1.36);
#1969=VECTOR('',#6649,0.64);
#1970=VECTOR('',#6650,1.36);
#1971=VECTOR('',#6653,0.452769256906899);
#1972=VECTOR('',#6660,0.67);
#1973=VECTOR('',#6661,0.875);
#1974=VECTOR('',#6664,0.03);
#1975=VECTOR('',#6665,1.36);
#1976=VECTOR('',#6668,0.64);
#1977=VECTOR('',#6669,0.67);
#1978=VECTOR('',#6674,0.875);
#1979=VECTOR('',#6677,0.03);
#1980=VECTOR('',#6678,1.36);
#1981=VECTOR('',#6683,0.64);
#1982=VECTOR('',#6688,0.64);
#1983=VECTOR('',#6691,0.34);
#1984=VECTOR('',#6692,0.452769256906899);
#1985=VECTOR('',#6693,0.452769256906899);
#1986=VECTOR('',#6696,0.34);
#1987=VECTOR('',#6697,0.34);
#1988=VECTOR('',#6698,0.34);
#1989=VECTOR('',#6701,0.452769256906899);
#1990=VECTOR('',#6704,0.64);
#1991=VECTOR('',#6705,0.452769256906899);
#1992=VECTOR('',#6712,0.64);
#1993=VECTOR('',#6715,0.452769256906899);
#1994=VECTOR('',#6716,0.34);
#1995=VECTOR('',#6717,0.452769256906899);
#1996=VECTOR('',#6720,0.34);
#1997=VECTOR('',#6721,0.452769256906899);
#1998=VECTOR('',#6724,0.34);
#1999=VECTOR('',#6725,0.34);
#2000=VECTOR('',#6728,0.452769256906899);
#2001=VECTOR('',#6729,0.64);
#2002=VECTOR('',#6742,3.61);
#2003=VECTOR('',#6749,0.05);
#2004=VECTOR('',#6750,1.25);
#2005=VECTOR('',#6751,0.05);
#2006=VECTOR('',#6754,0.15625);
#2007=VECTOR('',#6755,0.05);
#2008=VECTOR('',#6758,1.037234067917);
#2009=VECTOR('',#6759,0.05);
#2010=VECTOR('',#6762,0.243050262496104);
#2011=VECTOR('',#6763,0.05);
#2012=VECTOR('',#6766,0.2127660065889);
#2013=VECTOR('',#6767,0.05);
#2014=VECTOR('',#6770,0.243050205426607);
#2015=VECTOR('',#6771,0.05);
#2016=VECTOR('',#6774,0.15625);
#2017=VECTOR('',#6779,2.45);
#2018=VECTOR('',#6780,1.69705627484789);
#2019=VECTOR('',#6781,0.75);
#2020=VECTOR('',#6782,0.7);
#2021=VECTOR('',#6787,2.6);
#2022=VECTOR('',#6788,2.45);
#2023=VECTOR('',#6789,2.6);
#2024=VECTOR('',#6792,1.69705627484789);
#2025=VECTOR('',#6793,2.6);
#2026=VECTOR('',#6796,0.75);
#2027=VECTOR('',#6797,2.6);
#2028=VECTOR('',#6800,0.7);
#2029=VECTOR('',#6801,2.6);
#2030=VERTEX_POINT('',#6810);
#2031=VERTEX_POINT('',#6811);
#2032=VERTEX_POINT('',#6813);
#2033=VERTEX_POINT('',#6815);
#2034=VERTEX_POINT('',#6819);
#2035=VERTEX_POINT('',#6821);
#2036=VERTEX_POINT('',#6825);
#2037=VERTEX_POINT('',#6829);
#2038=VERTEX_POINT('',#6835);
#2039=VERTEX_POINT('',#6837);
#2040=VERTEX_POINT('',#6839);
#2041=VERTEX_POINT('',#6841);
#2042=VERTEX_POINT('',#6845);
#2043=VERTEX_POINT('',#6846);
#2044=VERTEX_POINT('',#6848);
#2045=VERTEX_POINT('',#6850);
#2046=VERTEX_POINT('',#6854);
#2047=VERTEX_POINT('',#6858);
#2048=VERTEX_POINT('',#6859);
#2049=VERTEX_POINT('',#6861);
#2050=VERTEX_POINT('',#6863);
#2051=VERTEX_POINT('',#6868);
#2052=VERTEX_POINT('',#6870);
#2053=VERTEX_POINT('',#6872);
#2054=VERTEX_POINT('',#6874);
#2055=VERTEX_POINT('',#6876);
#2056=VERTEX_POINT('',#6880);
#2057=VERTEX_POINT('',#6882);
#2058=VERTEX_POINT('',#6888);
#2059=VERTEX_POINT('',#6889);
#2060=VERTEX_POINT('',#6891);
#2061=VERTEX_POINT('',#6893);
#2062=VERTEX_POINT('',#6897);
#2063=VERTEX_POINT('',#6898);
#2064=VERTEX_POINT('',#6900);
#2065=VERTEX_POINT('',#6902);
#2066=VERTEX_POINT('',#6906);
#2067=VERTEX_POINT('',#6907);
#2068=VERTEX_POINT('',#6909);
#2069=VERTEX_POINT('',#6911);
#2070=VERTEX_POINT('',#6915);
#2071=VERTEX_POINT('',#6916);
#2072=VERTEX_POINT('',#6918);
#2073=VERTEX_POINT('',#6920);
#2074=VERTEX_POINT('',#6922);
#2075=VERTEX_POINT('',#6926);
#2076=VERTEX_POINT('',#6928);
#2077=VERTEX_POINT('',#6930);
#2078=VERTEX_POINT('',#6932);
#2079=VERTEX_POINT('',#6936);
#2080=VERTEX_POINT('',#6937);
#2081=VERTEX_POINT('',#6939);
#2082=VERTEX_POINT('',#6942);
#2083=VERTEX_POINT('',#6946);
#2084=VERTEX_POINT('',#6947);
#2085=VERTEX_POINT('',#6949);
#2086=VERTEX_POINT('',#6951);
#2087=VERTEX_POINT('',#6953);
#2088=VERTEX_POINT('',#6955);
#2089=VERTEX_POINT('',#6959);
#2090=VERTEX_POINT('',#6960);
#2091=VERTEX_POINT('',#6962);
#2092=VERTEX_POINT('',#6964);
#2093=VERTEX_POINT('',#6966);
#2094=VERTEX_POINT('',#6970);
#2095=VERTEX_POINT('',#6972);
#2096=VERTEX_POINT('',#6974);
#2097=VERTEX_POINT('',#6976);
#2098=VERTEX_POINT('',#6978);
#2099=VERTEX_POINT('',#6980);
#2100=VERTEX_POINT('',#6982);
#2101=VERTEX_POINT('',#6984);
#2102=VERTEX_POINT('',#6986);
#2103=VERTEX_POINT('',#6988);
#2104=VERTEX_POINT('',#6990);
#2105=VERTEX_POINT('',#6992);
#2106=VERTEX_POINT('',#6994);
#2107=VERTEX_POINT('',#6996);
#2108=VERTEX_POINT('',#6999);
#2109=VERTEX_POINT('',#7000);
#2110=VERTEX_POINT('',#7002);
#2111=VERTEX_POINT('',#7004);
#2112=VERTEX_POINT('',#7006);
#2113=VERTEX_POINT('',#7008);
#2114=VERTEX_POINT('',#7010);
#2115=VERTEX_POINT('',#7014);
#2116=VERTEX_POINT('',#7016);
#2117=VERTEX_POINT('',#7020);
#2118=VERTEX_POINT('',#7021);
#2119=VERTEX_POINT('',#7023);
#2120=VERTEX_POINT('',#7025);
#2121=VERTEX_POINT('',#7029);
#2122=VERTEX_POINT('',#7033);
#2123=VERTEX_POINT('',#7035);
#2124=VERTEX_POINT('',#7039);
#2125=VERTEX_POINT('',#7040);
#2126=VERTEX_POINT('',#7042);
#2127=VERTEX_POINT('',#7044);
#2128=VERTEX_POINT('',#7048);
#2129=VERTEX_POINT('',#7050);
#2130=VERTEX_POINT('',#7054);
#2131=VERTEX_POINT('',#7056);
#2132=VERTEX_POINT('',#7060);
#2133=VERTEX_POINT('',#7061);
#2134=VERTEX_POINT('',#7063);
#2135=VERTEX_POINT('',#7065);
#2136=VERTEX_POINT('',#7069);
#2137=VERTEX_POINT('',#7071);
#2138=VERTEX_POINT('',#7075);
#2139=VERTEX_POINT('',#7076);
#2140=VERTEX_POINT('',#7078);
#2141=VERTEX_POINT('',#7080);
#2142=VERTEX_POINT('',#7084);
#2143=VERTEX_POINT('',#7086);
#2144=VERTEX_POINT('',#7090);
#2145=VERTEX_POINT('',#7092);
#2146=VERTEX_POINT('',#7096);
#2147=VERTEX_POINT('',#7097);
#2148=VERTEX_POINT('',#7099);
#2149=VERTEX_POINT('',#7101);
#2150=VERTEX_POINT('',#7105);
#2151=VERTEX_POINT('',#7106);
#2152=VERTEX_POINT('',#7108);
#2153=VERTEX_POINT('',#7110);
#2154=VERTEX_POINT('',#7114);
#2155=VERTEX_POINT('',#7116);
#2156=VERTEX_POINT('',#7118);
#2157=VERTEX_POINT('',#7120);
#2158=VERTEX_POINT('',#7122);
#2159=VERTEX_POINT('',#7124);
#2160=VERTEX_POINT('',#7126);
#2161=VERTEX_POINT('',#7128);
#2162=VERTEX_POINT('',#7130);
#2163=VERTEX_POINT('',#7132);
#2164=VERTEX_POINT('',#7134);
#2165=VERTEX_POINT('',#7139);
#2166=VERTEX_POINT('',#7143);
#2167=VERTEX_POINT('',#7147);
#2168=VERTEX_POINT('',#7149);
#2169=VERTEX_POINT('',#7153);
#2170=VERTEX_POINT('',#7157);
#2171=VERTEX_POINT('',#7161);
#2172=VERTEX_POINT('',#7163);
#2173=VERTEX_POINT('',#7167);
#2174=VERTEX_POINT('',#7168);
#2175=VERTEX_POINT('',#7177);
#2176=VERTEX_POINT('',#7183);
#2177=VERTEX_POINT('',#7187);
#2178=VERTEX_POINT('',#7192);
#2179=VERTEX_POINT('',#7195);
#2180=VERTEX_POINT('',#7199);
#2181=VERTEX_POINT('',#7204);
#2182=VERTEX_POINT('',#7205);
#2183=VERTEX_POINT('',#7207);
#2184=VERTEX_POINT('',#7209);
#2185=VERTEX_POINT('',#7212);
#2186=VERTEX_POINT('',#7214);
#2187=VERTEX_POINT('',#7216);
#2188=VERTEX_POINT('',#7218);
#2189=VERTEX_POINT('',#7220);
#2190=VERTEX_POINT('',#7222);
#2191=VERTEX_POINT('',#7226);
#2192=VERTEX_POINT('',#7228);
#2193=VERTEX_POINT('',#7232);
#2194=VERTEX_POINT('',#7233);
#2195=VERTEX_POINT('',#7235);
#2196=VERTEX_POINT('',#7237);
#2197=VERTEX_POINT('',#7239);
#2198=VERTEX_POINT('',#7241);
#2199=VERTEX_POINT('',#7243);
#2200=VERTEX_POINT('',#7245);
#2201=VERTEX_POINT('',#7247);
#2202=VERTEX_POINT('',#7249);
#2203=VERTEX_POINT('',#7251);
#2204=VERTEX_POINT('',#7253);
#2205=VERTEX_POINT('',#7256);
#2206=VERTEX_POINT('',#7258);
#2207=VERTEX_POINT('',#7261);
#2208=VERTEX_POINT('',#7263);
#2209=VERTEX_POINT('',#7265);
#2210=VERTEX_POINT('',#7267);
#2211=VERTEX_POINT('',#7269);
#2212=VERTEX_POINT('',#7271);
#2213=VERTEX_POINT('',#7273);
#2214=VERTEX_POINT('',#7275);
#2215=VERTEX_POINT('',#7277);
#2216=VERTEX_POINT('',#7279);
#2217=VERTEX_POINT('',#7282);
#2218=VERTEX_POINT('',#7284);
#2219=VERTEX_POINT('',#7286);
#2220=VERTEX_POINT('',#7288);
#2221=VERTEX_POINT('',#7290);
#2222=VERTEX_POINT('',#7292);
#2223=VERTEX_POINT('',#7294);
#2224=VERTEX_POINT('',#7296);
#2225=VERTEX_POINT('',#7298);
#2226=VERTEX_POINT('',#7300);
#2227=VERTEX_POINT('',#7302);
#2228=VERTEX_POINT('',#7304);
#2229=VERTEX_POINT('',#7306);
#2230=VERTEX_POINT('',#7312);
#2231=VERTEX_POINT('',#7313);
#2232=VERTEX_POINT('',#7318);
#2233=VERTEX_POINT('',#7319);
#2234=VERTEX_POINT('',#7321);
#2235=VERTEX_POINT('',#7323);
#2236=VERTEX_POINT('',#7327);
#2237=VERTEX_POINT('',#7332);
#2238=VERTEX_POINT('',#7334);
#2239=VERTEX_POINT('',#7339);
#2240=VERTEX_POINT('',#7340);
#2241=VERTEX_POINT('',#7345);
#2242=VERTEX_POINT('',#7347);
#2243=VERTEX_POINT('',#7351);
#2244=VERTEX_POINT('',#7358);
#2245=VERTEX_POINT('',#7359);
#2246=VERTEX_POINT('',#7361);
#2247=VERTEX_POINT('',#7363);
#2248=VERTEX_POINT('',#7368);
#2249=VERTEX_POINT('',#7370);
#2250=VERTEX_POINT('',#7377);
#2251=VERTEX_POINT('',#7381);
#2252=VERTEX_POINT('',#7383);
#2253=VERTEX_POINT('',#7385);
#2254=VERTEX_POINT('',#7387);
#2255=VERTEX_POINT('',#7391);
#2256=VERTEX_POINT('',#7397);
#2257=VERTEX_POINT('',#7401);
#2258=VERTEX_POINT('',#7403);
#2259=VERTEX_POINT('',#7407);
#2260=VERTEX_POINT('',#7409);
#2261=VERTEX_POINT('',#7413);
#2262=VERTEX_POINT('',#7415);
#2263=VERTEX_POINT('',#7419);
#2264=VERTEX_POINT('',#7423);
#2265=VERTEX_POINT('',#7425);
#2266=VERTEX_POINT('',#7431);
#2267=VERTEX_POINT('',#7451);
#2268=VERTEX_POINT('',#7457);
#2269=VERTEX_POINT('',#7461);
#2270=VERTEX_POINT('',#7465);
#2271=VERTEX_POINT('',#7466);
#2272=VERTEX_POINT('',#7468);
#2273=VERTEX_POINT('',#7470);
#2274=VERTEX_POINT('',#7472);
#2275=VERTEX_POINT('',#7474);
#2276=VERTEX_POINT('',#7476);
#2277=VERTEX_POINT('',#7478);
#2278=VERTEX_POINT('',#7481);
#2279=VERTEX_POINT('',#7483);
#2280=VERTEX_POINT('',#7485);
#2281=VERTEX_POINT('',#7487);
#2282=VERTEX_POINT('',#7489);
#2283=VERTEX_POINT('',#7491);
#2284=VERTEX_POINT('',#7493);
#2285=VERTEX_POINT('',#7495);
#2286=VERTEX_POINT('',#7499);
#2287=VERTEX_POINT('',#7500);
#2288=VERTEX_POINT('',#7502);
#2289=VERTEX_POINT('',#7508);
#2290=VERTEX_POINT('',#7523);
#2291=VERTEX_POINT('',#7529);
#2292=VERTEX_POINT('',#7531);
#2293=VERTEX_POINT('',#7534);
#2294=VERTEX_POINT('',#7538);
#2295=VERTEX_POINT('',#7542);
#2296=VERTEX_POINT('',#7544);
#2297=VERTEX_POINT('',#7546);
#2298=VERTEX_POINT('',#7551);
#2299=VERTEX_POINT('',#7557);
#2300=VERTEX_POINT('',#7559);
#2301=VERTEX_POINT('',#7561);
#2302=VERTEX_POINT('',#7565);
#2303=VERTEX_POINT('',#7567);
#2304=VERTEX_POINT('',#7572);
#2305=VERTEX_POINT('',#7576);
#2306=VERTEX_POINT('',#7577);
#2307=VERTEX_POINT('',#7579);
#2308=VERTEX_POINT('',#7581);
#2309=VERTEX_POINT('',#7583);
#2310=VERTEX_POINT('',#7587);
#2311=VERTEX_POINT('',#7589);
#2312=VERTEX_POINT('',#7591);
#2313=VERTEX_POINT('',#7593);
#2314=VERTEX_POINT('',#7611);
#2315=VERTEX_POINT('',#7613);
#2316=VERTEX_POINT('',#7619);
#2317=VERTEX_POINT('',#7635);
#2318=VERTEX_POINT('',#7643);
#2319=VERTEX_POINT('',#7647);
#2320=VERTEX_POINT('',#7649);
#2321=VERTEX_POINT('',#7654);
#2322=VERTEX_POINT('',#7660);
#2323=VERTEX_POINT('',#7664);
#2324=VERTEX_POINT('',#7696);
#2325=VERTEX_POINT('',#7698);
#2326=VERTEX_POINT('',#7700);
#2327=VERTEX_POINT('',#7707);
#2328=VERTEX_POINT('',#7709);
#2329=VERTEX_POINT('',#7713);
#2330=VERTEX_POINT('',#7717);
#2331=VERTEX_POINT('',#7719);
#2332=VERTEX_POINT('',#7723);
#2333=VERTEX_POINT('',#7727);
#2334=VERTEX_POINT('',#7731);
#2335=VERTEX_POINT('',#7735);
#2336=VERTEX_POINT('',#7739);
#2337=VERTEX_POINT('',#7748);
#2338=VERTEX_POINT('',#7749);
#2339=VERTEX_POINT('',#7751);
#2340=VERTEX_POINT('',#7753);
#2341=VERTEX_POINT('',#7755);
#2342=VERTEX_POINT('',#7758);
#2343=VERTEX_POINT('',#7759);
#2344=VERTEX_POINT('',#7761);
#2345=VERTEX_POINT('',#7763);
#2346=VERTEX_POINT('',#7765);
#2347=VERTEX_POINT('',#7768);
#2348=VERTEX_POINT('',#7769);
#2349=VERTEX_POINT('',#7771);
#2350=VERTEX_POINT('',#7773);
#2351=VERTEX_POINT('',#7775);
#2352=VERTEX_POINT('',#7778);
#2353=VERTEX_POINT('',#7779);
#2354=VERTEX_POINT('',#7781);
#2355=VERTEX_POINT('',#7783);
#2356=VERTEX_POINT('',#7791);
#2357=VERTEX_POINT('',#7793);
#2358=VERTEX_POINT('',#7798);
#2359=VERTEX_POINT('',#7800);
#2360=VERTEX_POINT('',#7802);
#2361=VERTEX_POINT('',#7804);
#2362=VERTEX_POINT('',#7806);
#2363=VERTEX_POINT('',#7808);
#2364=VERTEX_POINT('',#7810);
#2365=VERTEX_POINT('',#7812);
#2366=VERTEX_POINT('',#7814);
#2367=VERTEX_POINT('',#7816);
#2368=VERTEX_POINT('',#7818);
#2369=VERTEX_POINT('',#7820);
#2370=VERTEX_POINT('',#7822);
#2371=VERTEX_POINT('',#7824);
#2372=VERTEX_POINT('',#7826);
#2373=VERTEX_POINT('',#7830);
#2374=VERTEX_POINT('',#7834);
#2375=VERTEX_POINT('',#7841);
#2376=VERTEX_POINT('',#7851);
#2377=VERTEX_POINT('',#7853);
#2378=VERTEX_POINT('',#7857);
#2379=VERTEX_POINT('',#7859);
#2380=VERTEX_POINT('',#7863);
#2381=VERTEX_POINT('',#7865);
#2382=VERTEX_POINT('',#7869);
#2383=VERTEX_POINT('',#7873);
#2384=VERTEX_POINT('',#7892);
#2385=VERTEX_POINT('',#7894);
#2386=VERTEX_POINT('',#7900);
#2387=VERTEX_POINT('',#7901);
#2388=VERTEX_POINT('',#7906);
#2389=VERTEX_POINT('',#7910);
#2390=VERTEX_POINT('',#7914);
#2391=VERTEX_POINT('',#7920);
#2392=VERTEX_POINT('',#7924);
#2393=VERTEX_POINT('',#7925);
#2394=VERTEX_POINT('',#7933);
#2395=VERTEX_POINT('',#7935);
#2396=VERTEX_POINT('',#7939);
#2397=VERTEX_POINT('',#7940);
#2398=VERTEX_POINT('',#7945);
#2399=VERTEX_POINT('',#7947);
#2400=VERTEX_POINT('',#7958);
#2401=VERTEX_POINT('',#7959);
#2402=VERTEX_POINT('',#7961);
#2403=VERTEX_POINT('',#7963);
#2404=VERTEX_POINT('',#7971);
#2405=VERTEX_POINT('',#7973);
#2406=VERTEX_POINT('',#7977);
#2407=VERTEX_POINT('',#7978);
#2408=VERTEX_POINT('',#7983);
#2409=VERTEX_POINT('',#7985);
#2410=VERTEX_POINT('',#7991);
#2411=VERTEX_POINT('',#7995);
#2412=VERTEX_POINT('',#7999);
#2413=VERTEX_POINT('',#8000);
#2414=VERTEX_POINT('',#8002);
#2415=VERTEX_POINT('',#8004);
#2416=VERTEX_POINT('',#8006);
#2417=VERTEX_POINT('',#8012);
#2418=VERTEX_POINT('',#8013);
#2419=VERTEX_POINT('',#8015);
#2420=VERTEX_POINT('',#8017);
#2421=VERTEX_POINT('',#8020);
#2422=VERTEX_POINT('',#8021);
#2423=VERTEX_POINT('',#8023);
#2424=VERTEX_POINT('',#8025);
#2425=VERTEX_POINT('',#8029);
#2426=VERTEX_POINT('',#8030);
#2427=VERTEX_POINT('',#8032);
#2428=VERTEX_POINT('',#8034);
#2429=VERTEX_POINT('',#8036);
#2430=VERTEX_POINT('',#8042);
#2431=VERTEX_POINT('',#8043);
#2432=VERTEX_POINT('',#8045);
#2433=VERTEX_POINT('',#8047);
#2434=VERTEX_POINT('',#8049);
#2435=VERTEX_POINT('',#8099);
#2436=VERTEX_POINT('',#8101);
#2437=VERTEX_POINT('',#8105);
#2438=VERTEX_POINT('',#8109);
#2439=VERTEX_POINT('',#8116);
#2440=VERTEX_POINT('',#8118);
#2441=VERTEX_POINT('',#8124);
#2442=VERTEX_POINT('',#8130);
#2443=VERTEX_POINT('',#8144);
#2444=VERTEX_POINT('',#8145);
#2445=VERTEX_POINT('',#8150);
#2446=VERTEX_POINT('',#8151);
#2447=VERTEX_POINT('',#8156);
#2448=VERTEX_POINT('',#8161);
#2449=VERTEX_POINT('',#8163);
#2450=VERTEX_POINT('',#8168);
#2451=VERTEX_POINT('',#8169);
#2452=VERTEX_POINT('',#8174);
#2453=VERTEX_POINT('',#8176);
#2454=VERTEX_POINT('',#8180);
#2455=VERTEX_POINT('',#8187);
#2456=VERTEX_POINT('',#8188);
#2457=VERTEX_POINT('',#8194);
#2458=VERTEX_POINT('',#8196);
#2459=VERTEX_POINT('',#8204);
#2460=VERTEX_POINT('',#8208);
#2461=VERTEX_POINT('',#8212);
#2462=VERTEX_POINT('',#8219);
#2463=VERTEX_POINT('',#8229);
#2464=VERTEX_POINT('',#8230);
#2465=VERTEX_POINT('',#8235);
#2466=VERTEX_POINT('',#8237);
#2467=VERTEX_POINT('',#8250);
#2468=VERTEX_POINT('',#8252);
#2469=VERTEX_POINT('',#8256);
#2470=VERTEX_POINT('',#8260);
#2471=VERTEX_POINT('',#8291);
#2472=VERTEX_POINT('',#8293);
#2473=VERTEX_POINT('',#8297);
#2474=VERTEX_POINT('',#8301);
#2475=VERTEX_POINT('',#8305);
#2476=VERTEX_POINT('',#8309);
#2477=VERTEX_POINT('',#8313);
#2478=VERTEX_POINT('',#8320);
#2479=VERTEX_POINT('',#8321);
#2480=VERTEX_POINT('',#8323);
#2481=VERTEX_POINT('',#8325);
#2482=VERTEX_POINT('',#8327);
#2483=VERTEX_POINT('',#8331);
#2484=VERTEX_POINT('',#8333);
#2485=VERTEX_POINT('',#8337);
#2486=VERTEX_POINT('',#8341);
#2487=VERTEX_POINT('',#8345);
#2488=EDGE_CURVE('',#2030,#2031,#628,.T.);
#2489=EDGE_CURVE('',#2032,#2031,#629,.T.);
#2490=EDGE_CURVE('',#2033,#2032,#630,.T.);
#2491=EDGE_CURVE('',#2030,#2033,#631,.T.);
#2492=EDGE_CURVE('',#2034,#2030,#632,.T.);
#2493=EDGE_CURVE('',#2035,#2034,#633,.T.);
#2494=EDGE_CURVE('',#2035,#2031,#634,.T.);
#2495=EDGE_CURVE('',#2036,#2033,#635,.T.);
#2496=EDGE_CURVE('',#2036,#2034,#636,.T.);
#2497=EDGE_CURVE('',#2037,#2036,#637,.T.);
#2498=EDGE_CURVE('',#2035,#2037,#638,.T.);
#2499=EDGE_CURVE('',#2037,#2032,#639,.T.);
#2500=EDGE_CURVE('',#2038,#2037,#640,.T.);
#2501=EDGE_CURVE('',#2038,#2039,#641,.T.);
#2502=EDGE_CURVE('',#2039,#2040,#642,.T.);
#2503=EDGE_CURVE('',#2041,#2040,#643,.T.);
#2504=EDGE_CURVE('',#2041,#2032,#644,.T.);
#2505=EDGE_CURVE('',#2042,#2043,#645,.T.);
#2506=EDGE_CURVE('',#2044,#2042,#646,.T.);
#2507=EDGE_CURVE('',#2045,#2044,#647,.T.);
#2508=EDGE_CURVE('',#2045,#2043,#648,.T.);
#2509=EDGE_CURVE('',#2041,#2046,#649,.T.);
#2510=EDGE_CURVE('',#2033,#2046,#650,.T.);
#2511=EDGE_CURVE('',#2047,#2048,#651,.T.);
#2512=EDGE_CURVE('',#2049,#2048,#652,.T.);
#2513=EDGE_CURVE('',#2050,#2049,#653,.T.);
#2514=EDGE_CURVE('',#2047,#2050,#654,.T.);
#2515=EDGE_CURVE('',#2046,#2042,#655,.T.);
#2516=EDGE_CURVE('',#2043,#2051,#656,.T.);
#2517=EDGE_CURVE('',#2052,#2051,#657,.T.);
#2518=EDGE_CURVE('',#2053,#2052,#658,.T.);
#2519=EDGE_CURVE('',#2054,#2053,#659,.T.);
#2520=EDGE_CURVE('',#2055,#2054,#660,.T.);
#2521=EDGE_CURVE('',#2036,#2055,#661,.T.);
#2522=EDGE_CURVE('',#2056,#2053,#662,.T.);
#2523=EDGE_CURVE('',#2056,#2057,#663,.T.);
#2524=EDGE_CURVE('',#2057,#2054,#664,.T.);
#2525=EDGE_CURVE('',#2038,#2055,#665,.T.);
#2526=EDGE_CURVE('',#2058,#2059,#666,.T.);
#2527=EDGE_CURVE('',#2059,#2060,#667,.T.);
#2528=EDGE_CURVE('',#2060,#2061,#668,.T.);
#2529=EDGE_CURVE('',#2061,#2058,#669,.T.);
#2530=EDGE_CURVE('',#2062,#2063,#670,.T.);
#2531=EDGE_CURVE('',#2064,#2063,#671,.T.);
#2532=EDGE_CURVE('',#2065,#2064,#672,.T.);
#2533=EDGE_CURVE('',#2062,#2065,#673,.T.);
#2534=EDGE_CURVE('',#2066,#2067,#674,.T.);
#2535=EDGE_CURVE('',#2068,#2066,#675,.T.);
#2536=EDGE_CURVE('',#2069,#2068,#676,.T.);
#2537=EDGE_CURVE('',#2069,#2067,#677,.T.);
#2538=EDGE_CURVE('',#2070,#2071,#678,.T.);
#2539=EDGE_CURVE('',#2072,#2070,#679,.T.);
#2540=EDGE_CURVE('',#2073,#2072,#680,.T.);
#2541=EDGE_CURVE('',#2073,#2074,#681,.T.);
#2542=EDGE_CURVE('',#2071,#2074,#682,.T.);
#2543=EDGE_CURVE('',#2054,#2075,#683,.T.);
#2544=EDGE_CURVE('',#2076,#2057,#684,.T.);
#2545=EDGE_CURVE('',#2076,#2077,#685,.T.);
#2546=EDGE_CURVE('',#2077,#2078,#686,.T.);
#2547=EDGE_CURVE('',#2075,#2078,#687,.T.);
#2548=EDGE_CURVE('',#2079,#2080,#688,.T.);
#2549=EDGE_CURVE('',#2081,#2079,#689,.T.);
#2550=EDGE_CURVE('',#2044,#2081,#690,.T.);
#2551=EDGE_CURVE('',#2042,#2082,#691,.T.);
#2552=EDGE_CURVE('',#2080,#2082,#692,.T.);
#2553=EDGE_CURVE('',#2083,#2084,#693,.T.);
#2554=EDGE_CURVE('',#2085,#2083,#694,.T.);
#2555=EDGE_CURVE('',#2086,#2085,#695,.T.);
#2556=EDGE_CURVE('',#2086,#2087,#696,.T.);
#2557=EDGE_CURVE('',#2087,#2088,#697,.T.);
#2558=EDGE_CURVE('',#2084,#2088,#698,.T.);
#2559=EDGE_CURVE('',#2089,#2090,#699,.T.);
#2560=EDGE_CURVE('',#2089,#2091,#700,.T.);
#2561=EDGE_CURVE('',#2091,#2092,#701,.T.);
#2562=EDGE_CURVE('',#2093,#2092,#702,.T.);
#2563=EDGE_CURVE('',#2090,#2093,#703,.T.);
#2564=EDGE_CURVE('',#2094,#2062,#704,.T.);
#2565=EDGE_CURVE('',#2095,#2094,#705,.T.);
#2566=EDGE_CURVE('',#2095,#2096,#706,.T.);
#2567=EDGE_CURVE('',#2096,#2097,#707,.T.);
#2568=EDGE_CURVE('',#2097,#2098,#708,.T.);
#2569=EDGE_CURVE('',#2098,#2099,#709,.T.);
#2570=EDGE_CURVE('',#2099,#2100,#710,.T.);
#2571=EDGE_CURVE('',#2101,#2100,#711,.T.);
#2572=EDGE_CURVE('',#2101,#2102,#712,.T.);
#2573=EDGE_CURVE('',#2102,#2103,#713,.T.);
#2574=EDGE_CURVE('',#2103,#2104,#714,.T.);
#2575=EDGE_CURVE('',#2104,#2105,#715,.T.);
#2576=EDGE_CURVE('',#2105,#2106,#716,.T.);
#2577=EDGE_CURVE('',#2106,#2107,#717,.T.);
#2578=EDGE_CURVE('',#2107,#2063,#718,.T.);
#2579=EDGE_CURVE('',#2108,#2109,#719,.T.);
#2580=EDGE_CURVE('',#2110,#2108,#720,.T.);
#2581=EDGE_CURVE('',#2111,#2110,#721,.T.);
#2582=EDGE_CURVE('',#2112,#2111,#722,.T.);
#2583=EDGE_CURVE('',#2113,#2112,#723,.T.);
#2584=EDGE_CURVE('',#2114,#2113,#724,.T.);
#2585=EDGE_CURVE('',#2109,#2114,#725,.T.);
#2586=EDGE_CURVE('',#2115,#2067,#726,.T.);
#2587=EDGE_CURVE('',#2116,#2115,#727,.T.);
#2588=EDGE_CURVE('',#2116,#2066,#728,.T.);
#2589=EDGE_CURVE('',#2117,#2118,#729,.T.);
#2590=EDGE_CURVE('',#2117,#2119,#730,.T.);
#2591=EDGE_CURVE('',#2119,#2120,#731,.T.);
#2592=EDGE_CURVE('',#2118,#2120,#732,.T.);
#2593=EDGE_CURVE('',#2121,#2107,#733,.T.);
#2594=EDGE_CURVE('',#2121,#2064,#734,.T.);
#2595=EDGE_CURVE('',#2122,#2095,#735,.T.);
#2596=EDGE_CURVE('',#2122,#2123,#736,.T.);
#2597=EDGE_CURVE('',#2123,#2096,#737,.T.);
#2598=EDGE_CURVE('',#2124,#2125,#738,.T.);
#2599=EDGE_CURVE('',#2126,#2125,#739,.T.);
#2600=EDGE_CURVE('',#2127,#2126,#740,.T.);
#2601=EDGE_CURVE('',#2127,#2124,#741,.T.);
#2602=EDGE_CURVE('',#2128,#2071,#742,.T.);
#2603=EDGE_CURVE('',#2129,#2074,#743,.T.);
#2604=EDGE_CURVE('',#2128,#2129,#744,.T.);
#2605=EDGE_CURVE('',#2130,#2075,#745,.T.);
#2606=EDGE_CURVE('',#2131,#2078,#746,.T.);
#2607=EDGE_CURVE('',#2130,#2131,#747,.T.);
#2608=EDGE_CURVE('',#2132,#2133,#748,.T.);
#2609=EDGE_CURVE('',#2134,#2133,#749,.T.);
#2610=EDGE_CURVE('',#2135,#2134,#750,.T.);
#2611=EDGE_CURVE('',#2135,#2132,#751,.T.);
#2612=EDGE_CURVE('',#2136,#2080,#752,.T.);
#2613=EDGE_CURVE('',#2137,#2082,#753,.T.);
#2614=EDGE_CURVE('',#2136,#2137,#754,.T.);
#2615=EDGE_CURVE('',#2138,#2139,#755,.T.);
#2616=EDGE_CURVE('',#2140,#2139,#756,.T.);
#2617=EDGE_CURVE('',#2141,#2140,#757,.T.);
#2618=EDGE_CURVE('',#2141,#2138,#758,.T.);
#2619=EDGE_CURVE('',#2142,#2092,#759,.T.);
#2620=EDGE_CURVE('',#2143,#2142,#760,.T.);
#2621=EDGE_CURVE('',#2143,#2093,#761,.T.);
#2622=EDGE_CURVE('',#2144,#2084,#762,.T.);
#2623=EDGE_CURVE('',#2145,#2088,#763,.T.);
#2624=EDGE_CURVE('',#2144,#2145,#764,.T.);
#2625=EDGE_CURVE('',#2146,#2147,#765,.T.);
#2626=EDGE_CURVE('',#2148,#2147,#766,.T.);
#2627=EDGE_CURVE('',#2149,#2148,#767,.T.);
#2628=EDGE_CURVE('',#2149,#2146,#768,.T.);
#2629=EDGE_CURVE('',#2150,#2151,#769,.T.);
#2630=EDGE_CURVE('',#2152,#2151,#770,.T.);
#2631=EDGE_CURVE('',#2153,#2152,#771,.T.);
#2632=EDGE_CURVE('',#2153,#2150,#772,.T.);
#2633=EDGE_CURVE('',#2154,#2068,#773,.T.);
#2634=EDGE_CURVE('',#2155,#2116,#774,.T.);
#2635=EDGE_CURVE('',#2156,#2155,#775,.T.);
#2636=EDGE_CURVE('',#2157,#2156,#776,.T.);
#2637=EDGE_CURVE('',#2157,#2158,#777,.T.);
#2638=EDGE_CURVE('',#2158,#2159,#778,.T.);
#2639=EDGE_CURVE('',#2159,#2160,#779,.T.);
#2640=EDGE_CURVE('',#2160,#2161,#780,.T.);
#2641=EDGE_CURVE('',#2161,#2162,#781,.T.);
#2642=EDGE_CURVE('',#2163,#2162,#782,.T.);
#2643=EDGE_CURVE('',#2164,#2163,#783,.T.);
#2644=EDGE_CURVE('',#2119,#2164,#784,.T.);
#2645=EDGE_CURVE('',#2154,#2117,#785,.T.);
#2646=EDGE_CURVE('',#2165,#2065,#786,.T.);
#2647=EDGE_CURVE('',#2165,#2094,#787,.T.);
#2648=EDGE_CURVE('',#2154,#2166,#788,.T.);
#2649=EDGE_CURVE('',#2166,#2069,#789,.T.);
#2650=EDGE_CURVE('',#2167,#2072,#790,.T.);
#2651=EDGE_CURVE('',#2167,#2168,#791,.T.);
#2652=EDGE_CURVE('',#2168,#2073,#792,.T.);
#2653=EDGE_CURVE('',#2056,#2169,#793,.T.);
#2654=EDGE_CURVE('',#2169,#2076,#794,.T.);
#2655=EDGE_CURVE('',#2170,#2081,#795,.T.);
#2656=EDGE_CURVE('',#2170,#2045,#796,.T.);
#2657=EDGE_CURVE('',#2171,#2085,#797,.T.);
#2658=EDGE_CURVE('',#2171,#2172,#798,.T.);
#2659=EDGE_CURVE('',#2172,#2086,#799,.T.);
#2660=EDGE_CURVE('',#2173,#2174,#800,.T.);
#2661=EDGE_CURVE('',#2174,#2089,#801,.T.);
#2662=EDGE_CURVE('',#2173,#2090,#802,.T.);
#2663=EDGE_CURVE('',#2122,#2165,#803,.T.);
#2664=EDGE_CURVE('',#2166,#2118,#804,.T.);
#2665=EDGE_CURVE('',#2167,#2175,#805,.T.);
#2666=EDGE_CURVE('',#2175,#2127,#806,.T.);
#2667=EDGE_CURVE('',#2126,#2168,#807,.T.);
#2668=EDGE_CURVE('',#2053,#2135,#808,.T.);
#2669=EDGE_CURVE('',#2176,#2134,#809,.T.);
#2670=EDGE_CURVE('',#2169,#2176,#810,.T.);
#2671=EDGE_CURVE('',#2170,#2177,#811,.T.);
#2672=EDGE_CURVE('',#2177,#2141,#812,.T.);
#2673=EDGE_CURVE('',#2043,#2140,#813,.T.);
#2674=EDGE_CURVE('',#2171,#2178,#814,.T.);
#2675=EDGE_CURVE('',#2178,#2153,#815,.T.);
#2676=EDGE_CURVE('',#2179,#2152,#816,.T.);
#2677=EDGE_CURVE('',#2172,#2179,#817,.T.);
#2678=EDGE_CURVE('',#2180,#2148,#818,.T.);
#2679=EDGE_CURVE('',#2174,#2180,#819,.T.);
#2680=EDGE_CURVE('',#2173,#2149,#820,.T.);
#2681=EDGE_CURVE('',#2181,#2182,#821,.T.);
#2682=EDGE_CURVE('',#2183,#2181,#822,.T.);
#2683=EDGE_CURVE('',#2184,#2183,#823,.T.);
#2684=EDGE_CURVE('',#2123,#2184,#824,.T.);
#2685=EDGE_CURVE('',#2185,#2121,#825,.T.);
#2686=EDGE_CURVE('',#2186,#2185,#826,.T.);
#2687=EDGE_CURVE('',#2187,#2186,#827,.T.);
#2688=EDGE_CURVE('',#2187,#2188,#828,.T.);
#2689=EDGE_CURVE('',#2188,#2189,#829,.T.);
#2690=EDGE_CURVE('',#2189,#2190,#830,.T.);
#2691=EDGE_CURVE('',#2182,#2190,#831,.T.);
#2692=EDGE_CURVE('',#2191,#2182,#832,.T.);
#2693=EDGE_CURVE('',#2192,#2191,#833,.T.);
#2694=EDGE_CURVE('',#2192,#2181,#834,.T.);
#2695=EDGE_CURVE('',#2193,#2194,#835,.T.);
#2696=EDGE_CURVE('',#2195,#2194,#836,.T.);
#2697=EDGE_CURVE('',#2195,#2196,#837,.T.);
#2698=EDGE_CURVE('',#2196,#2197,#838,.T.);
#2699=EDGE_CURVE('',#2198,#2197,#839,.T.);
#2700=EDGE_CURVE('',#2198,#2199,#840,.T.);
#2701=EDGE_CURVE('',#2199,#2200,#841,.T.);
#2702=EDGE_CURVE('',#2201,#2200,#842,.T.);
#2703=EDGE_CURVE('',#2201,#2202,#843,.T.);
#2704=EDGE_CURVE('',#2203,#2202,#844,.T.);
#2705=EDGE_CURVE('',#2203,#2204,#845,.T.);
#2706=EDGE_CURVE('',#2204,#2046,#846,.T.);
#2707=EDGE_CURVE('',#2041,#2205,#847,.T.);
#2708=EDGE_CURVE('',#2205,#2206,#848,.T.);
#2709=EDGE_CURVE('',#2038,#2206,#849,.T.);
#2710=EDGE_CURVE('',#2207,#2055,#850,.T.);
#2711=EDGE_CURVE('',#2207,#2208,#851,.T.);
#2712=EDGE_CURVE('',#2208,#2209,#852,.T.);
#2713=EDGE_CURVE('',#2210,#2209,#853,.T.);
#2714=EDGE_CURVE('',#2210,#2211,#854,.T.);
#2715=EDGE_CURVE('',#2211,#2212,#855,.T.);
#2716=EDGE_CURVE('',#2213,#2212,#856,.T.);
#2717=EDGE_CURVE('',#2213,#2214,#857,.T.);
#2718=EDGE_CURVE('',#2215,#2214,#858,.T.);
#2719=EDGE_CURVE('',#2215,#2216,#859,.T.);
#2720=EDGE_CURVE('',#2216,#2191,#860,.T.);
#2721=EDGE_CURVE('',#2190,#2217,#861,.T.);
#2722=EDGE_CURVE('',#2217,#2218,#862,.T.);
#2723=EDGE_CURVE('',#2218,#2219,#863,.T.);
#2724=EDGE_CURVE('',#2219,#2220,#864,.T.);
#2725=EDGE_CURVE('',#2220,#2221,#865,.T.);
#2726=EDGE_CURVE('',#2221,#2222,#866,.T.);
#2727=EDGE_CURVE('',#2222,#2223,#867,.T.);
#2728=EDGE_CURVE('',#2223,#2224,#868,.T.);
#2729=EDGE_CURVE('',#2224,#2225,#869,.T.);
#2730=EDGE_CURVE('',#2225,#2226,#870,.T.);
#2731=EDGE_CURVE('',#2227,#2226,#871,.T.);
#2732=EDGE_CURVE('',#2227,#2228,#872,.T.);
#2733=EDGE_CURVE('',#2228,#2229,#873,.T.);
#2734=EDGE_CURVE('',#2193,#2229,#874,.T.);
#2735=EDGE_CURVE('',#2083,#2178,#875,.T.);
#2736=EDGE_CURVE('',#2230,#2231,#876,.T.);
#2737=EDGE_CURVE('',#2231,#2194,#877,.T.);
#2738=EDGE_CURVE('',#2193,#2230,#878,.T.);
#2739=EDGE_CURVE('',#2232,#2233,#879,.T.);
#2740=EDGE_CURVE('',#2233,#2234,#880,.T.);
#2741=EDGE_CURVE('',#2234,#2235,#881,.T.);
#2742=EDGE_CURVE('',#2235,#2232,#882,.T.);
#2743=EDGE_CURVE('',#2231,#2236,#883,.T.);
#2744=EDGE_CURVE('',#2236,#2226,#884,.T.);
#2745=EDGE_CURVE('',#2226,#2091,#885,.T.);
#2746=EDGE_CURVE('',#2091,#2180,#886,.T.);
#2747=EDGE_CURVE('',#2180,#2237,#887,.T.);
#2748=EDGE_CURVE('',#2238,#2237,#888,.T.);
#2749=EDGE_CURVE('',#2178,#2238,#889,.T.);
#2750=EDGE_CURVE('',#2194,#2083,#890,.T.);
#2751=EDGE_CURVE('',#2239,#2240,#891,.T.);
#2752=EDGE_CURVE('',#2240,#2236,#892,.T.);
#2753=EDGE_CURVE('',#2231,#2239,#893,.T.);
#2754=EDGE_CURVE('',#2241,#2239,#894,.T.);
#2755=EDGE_CURVE('',#2241,#2242,#895,.T.);
#2756=EDGE_CURVE('',#2240,#2242,#896,.T.);
#2757=EDGE_CURVE('',#2243,#2242,#897,.T.);
#2758=EDGE_CURVE('',#2236,#2243,#898,.T.);
#2759=EDGE_CURVE('',#2227,#2243,#899,.T.);
#2760=EDGE_CURVE('',#2244,#2245,#900,.T.);
#2761=EDGE_CURVE('',#2246,#2245,#901,.T.);
#2762=EDGE_CURVE('',#2247,#2246,#902,.T.);
#2763=EDGE_CURVE('',#2244,#2247,#903,.T.);
#2764=EDGE_CURVE('',#2230,#2243,#904,.T.);
#2765=EDGE_CURVE('',#2193,#2248,#905,.T.);
#2766=EDGE_CURVE('',#2248,#2249,#906,.T.);
#2767=EDGE_CURVE('',#2227,#2249,#907,.T.);
#2768=EDGE_CURVE('',#2241,#2230,#908,.T.);
#2769=EDGE_CURVE('',#2225,#2250,#909,.T.);
#2770=EDGE_CURVE('',#2250,#2142,#910,.T.);
#2771=EDGE_CURVE('',#2251,#2237,#911,.T.);
#2772=EDGE_CURVE('',#2147,#2252,#912,.T.);
#2773=EDGE_CURVE('',#2252,#2253,#913,.T.);
#2774=EDGE_CURVE('',#2253,#2254,#914,.T.);
#2775=EDGE_CURVE('',#2254,#2251,#915,.T.);
#2776=EDGE_CURVE('',#2255,#2249,#916,.T.);
#2777=EDGE_CURVE('',#2255,#2228,#917,.T.);
#2778=EDGE_CURVE('',#2185,#2106,#918,.T.);
#2779=EDGE_CURVE('',#2155,#2256,#919,.T.);
#2780=EDGE_CURVE('',#2256,#2115,#920,.T.);
#2781=EDGE_CURVE('',#2257,#2129,#921,.T.);
#2782=EDGE_CURVE('',#2258,#2257,#922,.T.);
#2783=EDGE_CURVE('',#2258,#2128,#923,.T.);
#2784=EDGE_CURVE('',#2259,#2130,#924,.T.);
#2785=EDGE_CURVE('',#2260,#2131,#925,.T.);
#2786=EDGE_CURVE('',#2259,#2260,#926,.T.);
#2787=EDGE_CURVE('',#2261,#2136,#927,.T.);
#2788=EDGE_CURVE('',#2262,#2137,#928,.T.);
#2789=EDGE_CURVE('',#2261,#2262,#929,.T.);
#2790=EDGE_CURVE('',#2263,#2250,#930,.T.);
#2791=EDGE_CURVE('',#2263,#2143,#931,.T.);
#2792=EDGE_CURVE('',#2264,#2144,#932,.T.);
#2793=EDGE_CURVE('',#2265,#2145,#933,.T.);
#2794=EDGE_CURVE('',#2264,#2265,#934,.T.);
#2795=EDGE_CURVE('',#2186,#2105,#935,.T.);
#2796=EDGE_CURVE('',#2156,#2266,#936,.T.);
#2797=EDGE_CURVE('',#2266,#2256,#937,.T.);
#2798=EDGE_CURVE('',#2258,#2215,#938,.T.);
#2799=EDGE_CURVE('',#2216,#2257,#939,.T.);
#2800=EDGE_CURVE('',#2207,#2259,#940,.T.);
#2801=EDGE_CURVE('',#2260,#2208,#941,.T.);
#2802=EDGE_CURVE('',#2203,#2261,#942,.T.);
#2803=EDGE_CURVE('',#2204,#2262,#943,.T.);
#2804=EDGE_CURVE('',#2224,#2263,#944,.T.);
#2805=EDGE_CURVE('',#2195,#2264,#945,.T.);
#2806=EDGE_CURVE('',#2196,#2265,#946,.T.);
#2807=EDGE_CURVE('',#2187,#2104,#947,.T.);
#2808=EDGE_CURVE('',#2266,#2267,#948,.T.);
#2809=EDGE_CURVE('',#2157,#2267,#949,.T.);
#2810=EDGE_CURVE('',#2103,#2188,#950,.T.);
#2811=EDGE_CURVE('',#2267,#2268,#951,.T.);
#2812=EDGE_CURVE('',#2268,#2158,#952,.T.);
#2813=EDGE_CURVE('',#2269,#2102,#953,.T.);
#2814=EDGE_CURVE('',#2269,#2189,#954,.T.);
#2815=EDGE_CURVE('',#2270,#2271,#955,.T.);
#2816=EDGE_CURVE('',#2272,#2271,#956,.T.);
#2817=EDGE_CURVE('',#2272,#2273,#957,.T.);
#2818=EDGE_CURVE('',#2274,#2273,#958,.T.);
#2819=EDGE_CURVE('',#2275,#2274,#959,.T.);
#2820=EDGE_CURVE('',#2276,#2275,#960,.T.);
#2821=EDGE_CURVE('',#2277,#2276,#961,.T.);
#2822=EDGE_CURVE('',#2189,#2277,#962,.T.);
#2823=EDGE_CURVE('',#2269,#2278,#963,.T.);
#2824=EDGE_CURVE('',#2279,#2278,#964,.T.);
#2825=EDGE_CURVE('',#2279,#2280,#965,.T.);
#2826=EDGE_CURVE('',#2281,#2280,#966,.T.);
#2827=EDGE_CURVE('',#2282,#2281,#967,.T.);
#2828=EDGE_CURVE('',#2283,#2282,#968,.T.);
#2829=EDGE_CURVE('',#2284,#2283,#969,.T.);
#2830=EDGE_CURVE('',#2284,#2285,#970,.T.);
#2831=EDGE_CURVE('',#2285,#2270,#971,.T.);
#2832=EDGE_CURVE('',#2286,#2287,#972,.T.);
#2833=EDGE_CURVE('',#2288,#2287,#44,.T.);
#2834=EDGE_CURVE('',#2288,#2289,#45,.T.);
#2835=EDGE_CURVE('',#2290,#2289,#46,.T.);
#2836=EDGE_CURVE('',#2291,#2290,#973,.T.);
#2837=EDGE_CURVE('',#2291,#2292,#974,.T.);
#2838=EDGE_CURVE('',#2271,#2292,#975,.T.);
#2839=EDGE_CURVE('',#2270,#2293,#976,.T.);
#2840=EDGE_CURVE('',#2293,#2286,#977,.T.);
#2841=EDGE_CURVE('',#2294,#2287,#40,.T.);
#2842=EDGE_CURVE('',#2295,#2286,#978,.T.);
#2843=EDGE_CURVE('',#2296,#2295,#979,.T.);
#2844=EDGE_CURVE('',#2297,#2296,#980,.T.);
#2845=EDGE_CURVE('',#2294,#2297,#981,.T.);
#2846=EDGE_CURVE('',#2289,#2288,#24,.T.);
#2847=EDGE_CURVE('',#2298,#2294,#25,.T.);
#2848=EDGE_CURVE('',#2290,#2298,#41,.T.);
#2849=EDGE_CURVE('',#2298,#2299,#982,.T.);
#2850=EDGE_CURVE('',#2300,#2299,#983,.T.);
#2851=EDGE_CURVE('',#2300,#2301,#984,.T.);
#2852=EDGE_CURVE('',#2291,#2301,#985,.T.);
#2853=EDGE_CURVE('',#2302,#2293,#986,.T.);
#2854=EDGE_CURVE('',#2303,#2302,#987,.T.);
#2855=EDGE_CURVE('',#2303,#2295,#26,.T.);
#2856=EDGE_CURVE('',#2301,#2303,#27,.T.);
#2857=EDGE_CURVE('',#2304,#2303,#988,.T.);
#2858=EDGE_CURVE('',#2292,#2304,#989,.T.);
#2859=EDGE_CURVE('',#2305,#2306,#990,.T.);
#2860=EDGE_CURVE('',#2305,#2307,#991,.T.);
#2861=EDGE_CURVE('',#2307,#2308,#992,.T.);
#2862=EDGE_CURVE('',#2309,#2308,#28,.T.);
#2863=EDGE_CURVE('',#2309,#2306,#993,.T.);
#2864=EDGE_CURVE('',#2308,#2310,#29,.T.);
#2865=EDGE_CURVE('',#2308,#2311,#994,.T.);
#2866=EDGE_CURVE('',#2311,#2312,#995,.T.);
#2867=EDGE_CURVE('',#2313,#2312,#996,.T.);
#2868=EDGE_CURVE('',#2313,#2310,#997,.T.);
#2869=EDGE_CURVE('',#2300,#2296,#30,.T.);
#2870=EDGE_CURVE('',#2299,#2297,#31,.T.);
#2871=EDGE_CURVE('',#2285,#2302,#998,.T.);
#2872=EDGE_CURVE('',#2284,#2304,#999,.T.);
#2873=EDGE_CURVE('',#2283,#2219,#1000,.T.);
#2874=EDGE_CURVE('',#2276,#2218,#1001,.T.);
#2875=EDGE_CURVE('',#2275,#2307,#1002,.T.);
#2876=EDGE_CURVE('',#2272,#2305,#1003,.T.);
#2877=EDGE_CURVE('',#2273,#2312,#1004,.T.);
#2878=EDGE_CURVE('',#2306,#2314,#1005,.T.);
#2879=EDGE_CURVE('',#2314,#2315,#47,.T.);
#2880=EDGE_CURVE('',#2315,#2316,#48,.T.);
#2881=EDGE_CURVE('',#2316,#2317,#49,.T.);
#2882=EDGE_CURVE('',#2313,#2317,#1006,.T.);
#2883=EDGE_CURVE('',#2318,#2317,#42,.T.);
#2884=EDGE_CURVE('',#2319,#2318,#1007,.T.);
#2885=EDGE_CURVE('',#2320,#2319,#1008,.T.);
#2886=EDGE_CURVE('',#2310,#2320,#1009,.T.);
#2887=EDGE_CURVE('',#2315,#2316,#32,.T.);
#2888=EDGE_CURVE('',#2314,#2321,#43,.T.);
#2889=EDGE_CURVE('',#2321,#2318,#33,.T.);
#2890=EDGE_CURVE('',#2322,#2321,#1010,.T.);
#2891=EDGE_CURVE('',#2322,#2319,#34,.T.);
#2892=EDGE_CURVE('',#2323,#2322,#1011,.T.);
#2893=EDGE_CURVE('',#2323,#2320,#35,.T.);
#2894=EDGE_CURVE('',#2309,#2323,#1012,.T.);
#2895=EDGE_CURVE('',#2274,#2311,#1013,.T.);
#2896=EDGE_CURVE('',#2277,#2217,#1014,.T.);
#2897=EDGE_CURVE('',#2282,#2220,#1015,.T.);
#2898=EDGE_CURVE('',#2281,#2221,#1016,.T.);
#2899=EDGE_CURVE('',#2120,#2324,#1017,.T.);
#2900=EDGE_CURVE('',#2324,#2325,#1018,.T.);
#2901=EDGE_CURVE('',#2325,#2326,#1019,.T.);
#2902=EDGE_CURVE('',#2326,#2222,#1020,.T.);
#2903=EDGE_CURVE('',#2268,#2281,#1021,.T.);
#2904=EDGE_CURVE('',#2280,#2159,#1022,.T.);
#2905=EDGE_CURVE('',#2161,#2327,#1023,.T.);
#2906=EDGE_CURVE('',#2327,#2328,#1024,.T.);
#2907=EDGE_CURVE('',#2162,#2328,#1025,.T.);
#2908=EDGE_CURVE('',#2160,#2329,#1026,.T.);
#2909=EDGE_CURVE('',#2279,#2329,#1027,.T.);
#2910=EDGE_CURVE('',#2100,#2330,#1028,.T.);
#2911=EDGE_CURVE('',#2100,#2331,#1029,.T.);
#2912=EDGE_CURVE('',#2330,#2331,#1030,.T.);
#2913=EDGE_CURVE('',#2327,#2332,#1031,.T.);
#2914=EDGE_CURVE('',#2332,#2161,#1032,.T.);
#2915=EDGE_CURVE('',#2330,#2333,#1033,.T.);
#2916=EDGE_CURVE('',#2101,#2333,#1034,.T.);
#2917=EDGE_CURVE('',#2333,#2334,#1035,.T.);
#2918=EDGE_CURVE('',#2101,#2334,#1036,.T.);
#2919=EDGE_CURVE('',#2329,#2335,#1037,.T.);
#2920=EDGE_CURVE('',#2335,#2160,#1038,.T.);
#2921=EDGE_CURVE('',#2336,#2099,#1039,.T.);
#2922=EDGE_CURVE('',#2336,#2331,#1040,.T.);
#2923=EDGE_CURVE('',#2334,#2278,#1041,.T.);
#2924=EDGE_CURVE('',#2334,#2331,#1042,.T.);
#2925=EDGE_CURVE('',#2328,#2336,#1043,.T.);
#2926=EDGE_CURVE('',#2329,#2327,#1044,.T.);
#2927=EDGE_CURVE('',#2337,#2338,#1045,.T.);
#2928=EDGE_CURVE('',#2338,#2339,#1046,.T.);
#2929=EDGE_CURVE('',#2339,#2340,#1047,.T.);
#2930=EDGE_CURVE('',#2340,#2341,#1048,.T.);
#2931=EDGE_CURVE('',#2341,#2337,#1049,.T.);
#2932=EDGE_CURVE('',#2342,#2343,#1050,.T.);
#2933=EDGE_CURVE('',#2343,#2344,#1051,.T.);
#2934=EDGE_CURVE('',#2344,#2345,#1052,.T.);
#2935=EDGE_CURVE('',#2345,#2346,#1053,.T.);
#2936=EDGE_CURVE('',#2346,#2342,#1054,.T.);
#2937=EDGE_CURVE('',#2347,#2348,#1055,.T.);
#2938=EDGE_CURVE('',#2348,#2349,#1056,.T.);
#2939=EDGE_CURVE('',#2349,#2350,#1057,.T.);
#2940=EDGE_CURVE('',#2350,#2351,#1058,.T.);
#2941=EDGE_CURVE('',#2351,#2347,#1059,.T.);
#2942=EDGE_CURVE('',#2352,#2353,#1060,.T.);
#2943=EDGE_CURVE('',#2353,#2354,#1061,.T.);
#2944=EDGE_CURVE('',#2354,#2355,#1062,.T.);
#2945=EDGE_CURVE('',#2355,#2352,#1063,.T.);
#2946=EDGE_CURVE('',#2332,#2335,#1064,.T.);
#2947=EDGE_CURVE('',#2356,#2253,#1065,.T.);
#2948=EDGE_CURVE('',#2356,#2357,#1066,.T.);
#2949=EDGE_CURVE('',#2326,#2357,#1067,.T.);
#2950=EDGE_CURVE('',#2163,#2325,#1068,.T.);
#2951=EDGE_CURVE('',#2183,#2098,#1069,.T.);
#2952=EDGE_CURVE('',#2358,#2192,#1070,.T.);
#2953=EDGE_CURVE('',#2359,#2358,#1071,.T.);
#2954=EDGE_CURVE('',#2359,#2360,#1072,.T.);
#2955=EDGE_CURVE('',#2361,#2360,#1073,.T.);
#2956=EDGE_CURVE('',#2362,#2361,#1074,.T.);
#2957=EDGE_CURVE('',#2363,#2362,#1075,.T.);
#2958=EDGE_CURVE('',#2363,#2364,#1076,.T.);
#2959=EDGE_CURVE('',#2365,#2364,#1077,.T.);
#2960=EDGE_CURVE('',#2366,#2365,#1078,.T.);
#2961=EDGE_CURVE('',#2367,#2366,#1079,.T.);
#2962=EDGE_CURVE('',#2367,#2368,#1080,.T.);
#2963=EDGE_CURVE('',#2369,#2368,#1081,.T.);
#2964=EDGE_CURVE('',#2370,#2369,#1082,.T.);
#2965=EDGE_CURVE('',#2371,#2370,#1083,.T.);
#2966=EDGE_CURVE('',#2371,#2372,#1084,.T.);
#2967=EDGE_CURVE('',#2254,#2372,#1085,.T.);
#2968=EDGE_CURVE('',#2251,#2373,#1086,.T.);
#2969=EDGE_CURVE('',#2372,#2373,#1087,.T.);
#2970=EDGE_CURVE('',#2255,#2374,#1088,.T.);
#2971=EDGE_CURVE('',#2374,#2229,#1089,.T.);
#2972=EDGE_CURVE('',#2373,#2238,#1090,.T.);
#2973=EDGE_CURVE('',#2375,#2371,#1091,.T.);
#2974=EDGE_CURVE('',#2150,#2375,#1092,.T.);
#2975=EDGE_CURVE('',#2374,#2248,#1093,.T.);
#2976=EDGE_CURVE('',#2184,#2097,#1094,.T.);
#2977=EDGE_CURVE('',#2164,#2324,#1095,.T.);
#2978=EDGE_CURVE('',#2124,#2376,#1096,.T.);
#2979=EDGE_CURVE('',#2376,#2377,#1097,.T.);
#2980=EDGE_CURVE('',#2125,#2377,#1098,.T.);
#2981=EDGE_CURVE('',#2132,#2378,#1099,.T.);
#2982=EDGE_CURVE('',#2378,#2379,#1100,.T.);
#2983=EDGE_CURVE('',#2133,#2379,#1101,.T.);
#2984=EDGE_CURVE('',#2138,#2380,#1102,.T.);
#2985=EDGE_CURVE('',#2380,#2381,#1103,.T.);
#2986=EDGE_CURVE('',#2139,#2381,#1104,.T.);
#2987=EDGE_CURVE('',#2146,#2382,#1105,.T.);
#2988=EDGE_CURVE('',#2382,#2252,#1106,.T.);
#2989=EDGE_CURVE('',#2375,#2383,#1107,.T.);
#2990=EDGE_CURVE('',#2151,#2383,#1108,.T.);
#2991=EDGE_CURVE('',#2376,#2359,#1109,.T.);
#2992=EDGE_CURVE('',#2377,#2358,#1110,.T.);
#2993=EDGE_CURVE('',#2378,#2363,#1111,.T.);
#2994=EDGE_CURVE('',#2379,#2362,#1112,.T.);
#2995=EDGE_CURVE('',#2380,#2367,#1113,.T.);
#2996=EDGE_CURVE('',#2381,#2366,#1114,.T.);
#2997=EDGE_CURVE('',#2382,#2356,#1115,.T.);
#2998=EDGE_CURVE('',#2383,#2370,#1116,.T.);
#2999=EDGE_CURVE('',#2360,#2384,#1117,.T.);
#3000=EDGE_CURVE('',#2175,#2385,#1118,.T.);
#3001=EDGE_CURVE('',#2384,#2385,#1119,.T.);
#3002=EDGE_CURVE('',#2214,#2070,#1120,.T.);
#3003=EDGE_CURVE('',#2386,#2387,#1121,.T.);
#3004=EDGE_CURVE('',#2213,#2387,#1122,.T.);
#3005=EDGE_CURVE('',#2386,#2212,#1123,.T.);
#3006=EDGE_CURVE('',#2361,#2388,#1124,.T.);
#3007=EDGE_CURVE('',#2388,#2384,#1125,.T.);
#3008=EDGE_CURVE('',#2389,#2386,#1126,.T.);
#3009=EDGE_CURVE('',#2389,#2211,#1127,.T.);
#3010=EDGE_CURVE('',#2388,#2390,#1128,.T.);
#3011=EDGE_CURVE('',#2176,#2390,#1129,.T.);
#3012=EDGE_CURVE('',#2209,#2077,#1130,.T.);
#3013=EDGE_CURVE('',#2389,#2391,#1131,.T.);
#3014=EDGE_CURVE('',#2210,#2391,#1132,.T.);
#3015=EDGE_CURVE('',#2392,#2393,#1133,.T.);
#3016=EDGE_CURVE('',#2393,#2209,#1134,.T.);
#3017=EDGE_CURVE('',#2077,#2176,#1135,.T.);
#3018=EDGE_CURVE('',#2385,#2390,#1136,.T.);
#3019=EDGE_CURVE('',#2070,#2175,#1137,.T.);
#3020=EDGE_CURVE('',#2392,#2214,#1138,.T.);
#3021=EDGE_CURVE('',#2392,#2394,#1139,.T.);
#3022=EDGE_CURVE('',#2394,#2395,#1140,.T.);
#3023=EDGE_CURVE('',#2395,#2393,#1141,.T.);
#3024=EDGE_CURVE('',#2396,#2397,#1142,.T.);
#3025=EDGE_CURVE('',#2396,#2394,#1143,.T.);
#3026=EDGE_CURVE('',#2397,#2392,#1144,.T.);
#3027=EDGE_CURVE('',#2397,#2398,#1145,.T.);
#3028=EDGE_CURVE('',#2398,#2399,#1146,.T.);
#3029=EDGE_CURVE('',#2396,#2399,#1147,.T.);
#3030=EDGE_CURVE('',#2395,#2399,#1148,.T.);
#3031=EDGE_CURVE('',#2393,#2398,#1149,.T.);
#3032=EDGE_CURVE('',#2210,#2398,#1150,.T.);
#3033=EDGE_CURVE('',#2400,#2401,#1151,.T.);
#3034=EDGE_CURVE('',#2402,#2401,#1152,.T.);
#3035=EDGE_CURVE('',#2403,#2402,#1153,.T.);
#3036=EDGE_CURVE('',#2400,#2403,#1154,.T.);
#3037=EDGE_CURVE('',#2213,#2397,#1155,.T.);
#3038=EDGE_CURVE('',#2387,#2391,#1156,.T.);
#3039=EDGE_CURVE('',#2404,#2400,#1157,.T.);
#3040=EDGE_CURVE('',#2403,#2405,#1158,.T.);
#3041=EDGE_CURVE('',#2404,#2405,#1159,.T.);
#3042=EDGE_CURVE('',#2406,#2407,#1160,.T.);
#3043=EDGE_CURVE('',#2407,#2400,#1161,.T.);
#3044=EDGE_CURVE('',#2404,#2406,#1162,.T.);
#3045=EDGE_CURVE('',#2408,#2406,#1163,.T.);
#3046=EDGE_CURVE('',#2408,#2409,#1164,.T.);
#3047=EDGE_CURVE('',#2407,#2409,#1165,.T.);
#3048=EDGE_CURVE('',#2409,#2401,#1166,.T.);
#3049=EDGE_CURVE('',#2410,#2401,#1167,.T.);
#3050=EDGE_CURVE('',#2408,#2410,#1168,.T.);
#3051=EDGE_CURVE('',#2411,#2410,#1169,.T.);
#3052=EDGE_CURVE('',#2402,#2411,#1170,.T.);
#3053=EDGE_CURVE('',#2412,#2413,#1171,.T.);
#3054=EDGE_CURVE('',#2414,#2412,#1172,.T.);
#3055=EDGE_CURVE('',#2415,#2414,#1173,.T.);
#3056=EDGE_CURVE('',#2416,#2415,#1174,.T.);
#3057=EDGE_CURVE('',#2413,#2416,#1175,.T.);
#3058=EDGE_CURVE('',#2247,#2234,#1176,.T.);
#3059=EDGE_CURVE('',#2246,#2235,#1177,.T.);
#3060=EDGE_CURVE('',#2417,#2418,#1178,.T.);
#3061=EDGE_CURVE('',#2419,#2417,#1179,.T.);
#3062=EDGE_CURVE('',#2420,#2419,#1180,.T.);
#3063=EDGE_CURVE('',#2418,#2420,#1181,.T.);
#3064=EDGE_CURVE('',#2421,#2422,#1182,.T.);
#3065=EDGE_CURVE('',#2423,#2421,#1183,.T.);
#3066=EDGE_CURVE('',#2423,#2424,#1184,.T.);
#3067=EDGE_CURVE('',#2424,#2422,#1185,.T.);
#3068=EDGE_CURVE('',#2425,#2426,#1186,.T.);
#3069=EDGE_CURVE('',#2427,#2425,#1187,.T.);
#3070=EDGE_CURVE('',#2428,#2427,#1188,.T.);
#3071=EDGE_CURVE('',#2429,#2428,#1189,.T.);
#3072=EDGE_CURVE('',#2426,#2429,#1190,.T.);
#3073=EDGE_CURVE('',#2050,#2060,#1191,.T.);
#3074=EDGE_CURVE('',#2049,#2061,#1192,.T.);
#3075=EDGE_CURVE('',#2430,#2431,#1193,.T.);
#3076=EDGE_CURVE('',#2432,#2430,#1194,.T.);
#3077=EDGE_CURVE('',#2433,#2432,#1195,.T.);
#3078=EDGE_CURVE('',#2434,#2433,#1196,.T.);
#3079=EDGE_CURVE('',#2431,#2434,#1197,.T.);
#3080=EDGE_CURVE('',#2405,#2411,#1198,.T.);
#3081=EDGE_CURVE('',#2341,#2412,#1199,.T.);
#3082=EDGE_CURVE('',#2337,#2413,#1200,.T.);
#3083=EDGE_CURVE('',#2338,#2416,#1201,.T.);
#3084=EDGE_CURVE('',#2339,#2415,#1202,.T.);
#3085=EDGE_CURVE('',#2340,#2414,#1203,.T.);
#3086=EDGE_CURVE('',#2352,#2417,#1204,.T.);
#3087=EDGE_CURVE('',#2353,#2418,#1205,.T.);
#3088=EDGE_CURVE('',#2354,#2420,#1206,.T.);
#3089=EDGE_CURVE('',#2355,#2419,#1207,.T.);
#3090=EDGE_CURVE('',#2342,#2425,#1208,.T.);
#3091=EDGE_CURVE('',#2343,#2426,#1209,.T.);
#3092=EDGE_CURVE('',#2344,#2429,#1210,.T.);
#3093=EDGE_CURVE('',#2345,#2428,#1211,.T.);
#3094=EDGE_CURVE('',#2346,#2427,#1212,.T.);
#3095=EDGE_CURVE('',#2347,#2430,#1213,.T.);
#3096=EDGE_CURVE('',#2348,#2431,#1214,.T.);
#3097=EDGE_CURVE('',#2349,#2434,#1215,.T.);
#3098=EDGE_CURVE('',#2350,#2433,#1216,.T.);
#3099=EDGE_CURVE('',#2351,#2432,#1217,.T.);
#3100=EDGE_CURVE('',#2410,#2404,#1218,.T.);
#3101=EDGE_CURVE('',#2058,#2048,#1219,.T.);
#3102=EDGE_CURVE('',#2435,#2048,#1220,.T.);
#3103=EDGE_CURVE('',#2436,#2435,#1221,.T.);
#3104=EDGE_CURVE('',#2436,#2058,#1222,.T.);
#3105=EDGE_CURVE('',#2436,#2437,#1223,.T.);
#3106=EDGE_CURVE('',#2059,#2437,#1224,.T.);
#3107=EDGE_CURVE('',#2437,#2438,#1225,.T.);
#3108=EDGE_CURVE('',#2438,#2435,#1226,.T.);
#3109=EDGE_CURVE('',#2438,#2047,#1227,.T.);
#3110=EDGE_CURVE('',#2059,#2047,#1228,.T.);
#3111=EDGE_CURVE('',#2439,#2040,#1229,.T.);
#3112=EDGE_CURVE('',#2440,#2039,#1230,.T.);
#3113=EDGE_CURVE('',#2439,#2440,#1231,.T.);
#3114=EDGE_CURVE('',#2441,#2051,#1232,.T.);
#3115=EDGE_CURVE('',#2365,#2441,#1233,.T.);
#3116=EDGE_CURVE('',#2439,#2205,#1234,.T.);
#3117=EDGE_CURVE('',#2441,#2442,#1235,.T.);
#3118=EDGE_CURVE('',#2442,#2052,#1236,.T.);
#3119=EDGE_CURVE('',#2364,#2442,#1237,.T.);
#3120=EDGE_CURVE('',#2440,#2206,#1238,.T.);
#3121=EDGE_CURVE('',#2079,#2177,#1239,.T.);
#3122=EDGE_CURVE('',#2443,#2444,#1240,.T.);
#3123=EDGE_CURVE('',#2444,#2202,#1241,.T.);
#3124=EDGE_CURVE('',#2201,#2443,#1242,.T.);
#3125=EDGE_CURVE('',#2445,#2446,#1243,.T.);
#3126=EDGE_CURVE('',#2446,#2421,#1244,.T.);
#3127=EDGE_CURVE('',#2422,#2445,#1245,.T.);
#3128=EDGE_CURVE('',#2444,#2447,#1246,.T.);
#3129=EDGE_CURVE('',#2447,#2197,#1247,.T.);
#3130=EDGE_CURVE('',#2197,#2087,#1248,.T.);
#3131=EDGE_CURVE('',#2087,#2179,#1249,.T.);
#3132=EDGE_CURVE('',#2179,#2448,#1250,.T.);
#3133=EDGE_CURVE('',#2449,#2448,#1251,.T.);
#3134=EDGE_CURVE('',#2177,#2449,#1252,.T.);
#3135=EDGE_CURVE('',#2202,#2079,#1253,.T.);
#3136=EDGE_CURVE('',#2450,#2451,#1254,.T.);
#3137=EDGE_CURVE('',#2451,#2447,#1255,.T.);
#3138=EDGE_CURVE('',#2444,#2450,#1256,.T.);
#3139=EDGE_CURVE('',#2452,#2450,#1257,.T.);
#3140=EDGE_CURVE('',#2452,#2453,#1258,.T.);
#3141=EDGE_CURVE('',#2451,#2453,#1259,.T.);
#3142=EDGE_CURVE('',#2454,#2453,#1260,.T.);
#3143=EDGE_CURVE('',#2447,#2454,#1261,.T.);
#3144=EDGE_CURVE('',#2198,#2454,#1262,.T.);
#3145=EDGE_CURVE('',#2455,#2456,#1263,.T.);
#3146=EDGE_CURVE('',#2424,#2456,#1264,.T.);
#3147=EDGE_CURVE('',#2455,#2423,#1265,.T.);
#3148=EDGE_CURVE('',#2443,#2454,#1266,.T.);
#3149=EDGE_CURVE('',#2201,#2457,#1267,.T.);
#3150=EDGE_CURVE('',#2457,#2458,#1268,.T.);
#3151=EDGE_CURVE('',#2198,#2458,#1269,.T.);
#3152=EDGE_CURVE('',#2452,#2443,#1270,.T.);
#3153=EDGE_CURVE('',#2459,#2448,#1271,.T.);
#3154=EDGE_CURVE('',#2369,#2459,#1272,.T.);
#3155=EDGE_CURVE('',#2460,#2458,#1273,.T.);
#3156=EDGE_CURVE('',#2460,#2199,#1274,.T.);
#3157=EDGE_CURVE('',#2459,#2461,#1275,.T.);
#3158=EDGE_CURVE('',#2461,#2449,#1276,.T.);
#3159=EDGE_CURVE('',#2368,#2461,#1277,.T.);
#3160=EDGE_CURVE('',#2462,#2457,#1278,.T.);
#3161=EDGE_CURVE('',#2462,#2200,#1279,.T.);
#3162=EDGE_CURVE('',#2460,#2462,#1280,.T.);
#3163=EDGE_CURVE('',#2446,#2455,#1281,.T.);
#3164=EDGE_CURVE('',#2463,#2464,#1282,.T.);
#3165=EDGE_CURVE('',#2464,#2455,#1283,.T.);
#3166=EDGE_CURVE('',#2446,#2463,#1284,.T.);
#3167=EDGE_CURVE('',#2465,#2463,#1285,.T.);
#3168=EDGE_CURVE('',#2465,#2466,#1286,.T.);
#3169=EDGE_CURVE('',#2464,#2466,#1287,.T.);
#3170=EDGE_CURVE('',#2466,#2456,#1288,.T.);
#3171=EDGE_CURVE('',#2445,#2456,#1289,.T.);
#3172=EDGE_CURVE('',#2465,#2445,#1290,.T.);
#3173=EDGE_CURVE('',#2232,#2245,#1291,.T.);
#3174=EDGE_CURVE('',#2467,#2245,#1292,.T.);
#3175=EDGE_CURVE('',#2468,#2467,#1293,.T.);
#3176=EDGE_CURVE('',#2468,#2232,#1294,.T.);
#3177=EDGE_CURVE('',#2468,#2469,#1295,.T.);
#3178=EDGE_CURVE('',#2233,#2469,#1296,.T.);
#3179=EDGE_CURVE('',#2469,#2470,#1297,.T.);
#3180=EDGE_CURVE('',#2470,#2467,#1298,.T.);
#3181=EDGE_CURVE('',#2470,#2244,#1299,.T.);
#3182=EDGE_CURVE('',#2233,#2244,#1300,.T.);
#3183=EDGE_CURVE('',#2357,#2223,#1301,.T.);
#3184=EDGE_CURVE('',#2109,#2471,#1302,.T.);
#3185=EDGE_CURVE('',#2472,#2471,#1303,.T.);
#3186=EDGE_CURVE('',#2108,#2472,#1304,.T.);
#3187=EDGE_CURVE('',#2473,#2472,#1305,.T.);
#3188=EDGE_CURVE('',#2110,#2473,#1306,.T.);
#3189=EDGE_CURVE('',#2474,#2473,#1307,.T.);
#3190=EDGE_CURVE('',#2111,#2474,#1308,.T.);
#3191=EDGE_CURVE('',#2475,#2474,#1309,.T.);
#3192=EDGE_CURVE('',#2112,#2475,#1310,.T.);
#3193=EDGE_CURVE('',#2476,#2475,#1311,.T.);
#3194=EDGE_CURVE('',#2113,#2476,#1312,.T.);
#3195=EDGE_CURVE('',#2477,#2476,#1313,.T.);
#3196=EDGE_CURVE('',#2114,#2477,#1314,.T.);
#3197=EDGE_CURVE('',#2471,#2477,#1315,.T.);
#3198=EDGE_CURVE('',#2478,#2479,#1316,.T.);
#3199=EDGE_CURVE('',#2480,#2478,#1317,.T.);
#3200=EDGE_CURVE('',#2481,#2480,#1318,.T.);
#3201=EDGE_CURVE('',#2482,#2481,#1319,.T.);
#3202=EDGE_CURVE('',#2479,#2482,#36,.T.);
#3203=EDGE_CURVE('',#2479,#2483,#1320,.T.);
#3204=EDGE_CURVE('',#2484,#2483,#1321,.T.);
#3205=EDGE_CURVE('',#2478,#2484,#1322,.T.);
#3206=EDGE_CURVE('',#2485,#2484,#1323,.T.);
#3207=EDGE_CURVE('',#2480,#2485,#1324,.T.);
#3208=EDGE_CURVE('',#2486,#2485,#1325,.T.);
#3209=EDGE_CURVE('',#2481,#2486,#1326,.T.);
#3210=EDGE_CURVE('',#2487,#2486,#1327,.T.);
#3211=EDGE_CURVE('',#2482,#2487,#1328,.T.);
#3212=EDGE_CURVE('',#2483,#2487,#37,.T.);
#3213=ORIENTED_EDGE('',*,*,#2488,.T.);
#3214=ORIENTED_EDGE('',*,*,#2489,.F.);
#3215=ORIENTED_EDGE('',*,*,#2490,.F.);
#3216=ORIENTED_EDGE('',*,*,#2491,.F.);
#3217=ORIENTED_EDGE('',*,*,#2492,.F.);
#3218=ORIENTED_EDGE('',*,*,#2493,.F.);
#3219=ORIENTED_EDGE('',*,*,#2494,.T.);
#3220=ORIENTED_EDGE('',*,*,#2488,.F.);
#3221=ORIENTED_EDGE('',*,*,#2492,.T.);
#3222=ORIENTED_EDGE('',*,*,#2491,.T.);
#3223=ORIENTED_EDGE('',*,*,#2495,.F.);
#3224=ORIENTED_EDGE('',*,*,#2496,.T.);
#3225=ORIENTED_EDGE('',*,*,#2493,.T.);
#3226=ORIENTED_EDGE('',*,*,#2496,.F.);
#3227=ORIENTED_EDGE('',*,*,#2497,.F.);
#3228=ORIENTED_EDGE('',*,*,#2498,.F.);
#3229=ORIENTED_EDGE('',*,*,#2499,.T.);
#3230=ORIENTED_EDGE('',*,*,#2489,.T.);
#3231=ORIENTED_EDGE('',*,*,#2494,.F.);
#3232=ORIENTED_EDGE('',*,*,#2498,.T.);
#3233=ORIENTED_EDGE('',*,*,#2499,.F.);
#3234=ORIENTED_EDGE('',*,*,#2500,.F.);
#3235=ORIENTED_EDGE('',*,*,#2501,.T.);
#3236=ORIENTED_EDGE('',*,*,#2502,.T.);
#3237=ORIENTED_EDGE('',*,*,#2503,.F.);
#3238=ORIENTED_EDGE('',*,*,#2504,.T.);
#3239=ORIENTED_EDGE('',*,*,#2505,.F.);
#3240=ORIENTED_EDGE('',*,*,#2506,.F.);
#3241=ORIENTED_EDGE('',*,*,#2507,.F.);
#3242=ORIENTED_EDGE('',*,*,#2508,.T.);
#3243=ORIENTED_EDGE('',*,*,#2490,.T.);
#3244=ORIENTED_EDGE('',*,*,#2504,.F.);
#3245=ORIENTED_EDGE('',*,*,#2509,.T.);
#3246=ORIENTED_EDGE('',*,*,#2510,.F.);
#3247=ORIENTED_EDGE('',*,*,#2511,.T.);
#3248=ORIENTED_EDGE('',*,*,#2512,.F.);
#3249=ORIENTED_EDGE('',*,*,#2513,.F.);
#3250=ORIENTED_EDGE('',*,*,#2514,.F.);
#3251=ORIENTED_EDGE('',*,*,#2495,.T.);
#3252=ORIENTED_EDGE('',*,*,#2510,.T.);
#3253=ORIENTED_EDGE('',*,*,#2515,.T.);
#3254=ORIENTED_EDGE('',*,*,#2505,.T.);
#3255=ORIENTED_EDGE('',*,*,#2516,.T.);
#3256=ORIENTED_EDGE('',*,*,#2517,.F.);
#3257=ORIENTED_EDGE('',*,*,#2518,.F.);
#3258=ORIENTED_EDGE('',*,*,#2519,.F.);
#3259=ORIENTED_EDGE('',*,*,#2520,.F.);
#3260=ORIENTED_EDGE('',*,*,#2521,.F.);
#3261=ORIENTED_EDGE('',*,*,#2519,.T.);
#3262=ORIENTED_EDGE('',*,*,#2522,.F.);
#3263=ORIENTED_EDGE('',*,*,#2523,.T.);
#3264=ORIENTED_EDGE('',*,*,#2524,.T.);
#3265=ORIENTED_EDGE('',*,*,#2497,.T.);
#3266=ORIENTED_EDGE('',*,*,#2521,.T.);
#3267=ORIENTED_EDGE('',*,*,#2525,.F.);
#3268=ORIENTED_EDGE('',*,*,#2500,.T.);
#3269=ORIENTED_EDGE('',*,*,#2526,.T.);
#3270=ORIENTED_EDGE('',*,*,#2527,.T.);
#3271=ORIENTED_EDGE('',*,*,#2528,.T.);
#3272=ORIENTED_EDGE('',*,*,#2529,.T.);
#3273=ORIENTED_EDGE('',*,*,#2530,.T.);
#3274=ORIENTED_EDGE('',*,*,#2531,.F.);
#3275=ORIENTED_EDGE('',*,*,#2532,.F.);
#3276=ORIENTED_EDGE('',*,*,#2533,.F.);
#3277=ORIENTED_EDGE('',*,*,#2534,.F.);
#3278=ORIENTED_EDGE('',*,*,#2535,.F.);
#3279=ORIENTED_EDGE('',*,*,#2536,.F.);
#3280=ORIENTED_EDGE('',*,*,#2537,.T.);
#3281=ORIENTED_EDGE('',*,*,#2538,.F.);
#3282=ORIENTED_EDGE('',*,*,#2539,.F.);
#3283=ORIENTED_EDGE('',*,*,#2540,.F.);
#3284=ORIENTED_EDGE('',*,*,#2541,.T.);
#3285=ORIENTED_EDGE('',*,*,#2542,.F.);
#3286=ORIENTED_EDGE('',*,*,#2543,.F.);
#3287=ORIENTED_EDGE('',*,*,#2524,.F.);
#3288=ORIENTED_EDGE('',*,*,#2544,.F.);
#3289=ORIENTED_EDGE('',*,*,#2545,.T.);
#3290=ORIENTED_EDGE('',*,*,#2546,.T.);
#3291=ORIENTED_EDGE('',*,*,#2547,.F.);
#3292=ORIENTED_EDGE('',*,*,#2548,.F.);
#3293=ORIENTED_EDGE('',*,*,#2549,.F.);
#3294=ORIENTED_EDGE('',*,*,#2550,.F.);
#3295=ORIENTED_EDGE('',*,*,#2506,.T.);
#3296=ORIENTED_EDGE('',*,*,#2551,.T.);
#3297=ORIENTED_EDGE('',*,*,#2552,.F.);
#3298=ORIENTED_EDGE('',*,*,#2553,.F.);
#3299=ORIENTED_EDGE('',*,*,#2554,.F.);
#3300=ORIENTED_EDGE('',*,*,#2555,.F.);
#3301=ORIENTED_EDGE('',*,*,#2556,.T.);
#3302=ORIENTED_EDGE('',*,*,#2557,.T.);
#3303=ORIENTED_EDGE('',*,*,#2558,.F.);
#3304=ORIENTED_EDGE('',*,*,#2559,.F.);
#3305=ORIENTED_EDGE('',*,*,#2560,.T.);
#3306=ORIENTED_EDGE('',*,*,#2561,.T.);
#3307=ORIENTED_EDGE('',*,*,#2562,.F.);
#3308=ORIENTED_EDGE('',*,*,#2563,.F.);
#3309=ORIENTED_EDGE('',*,*,#2530,.F.);
#3310=ORIENTED_EDGE('',*,*,#2564,.F.);
#3311=ORIENTED_EDGE('',*,*,#2565,.F.);
#3312=ORIENTED_EDGE('',*,*,#2566,.T.);
#3313=ORIENTED_EDGE('',*,*,#2567,.T.);
#3314=ORIENTED_EDGE('',*,*,#2568,.T.);
#3315=ORIENTED_EDGE('',*,*,#2569,.T.);
#3316=ORIENTED_EDGE('',*,*,#2570,.T.);
#3317=ORIENTED_EDGE('',*,*,#2571,.F.);
#3318=ORIENTED_EDGE('',*,*,#2572,.T.);
#3319=ORIENTED_EDGE('',*,*,#2573,.T.);
#3320=ORIENTED_EDGE('',*,*,#2574,.T.);
#3321=ORIENTED_EDGE('',*,*,#2575,.T.);
#3322=ORIENTED_EDGE('',*,*,#2576,.T.);
#3323=ORIENTED_EDGE('',*,*,#2577,.T.);
#3324=ORIENTED_EDGE('',*,*,#2578,.T.);
#3325=ORIENTED_EDGE('',*,*,#2579,.F.);
#3326=ORIENTED_EDGE('',*,*,#2580,.F.);
#3327=ORIENTED_EDGE('',*,*,#2581,.F.);
#3328=ORIENTED_EDGE('',*,*,#2582,.F.);
#3329=ORIENTED_EDGE('',*,*,#2583,.F.);
#3330=ORIENTED_EDGE('',*,*,#2584,.F.);
#3331=ORIENTED_EDGE('',*,*,#2585,.F.);
#3332=ORIENTED_EDGE('',*,*,#2534,.T.);
#3333=ORIENTED_EDGE('',*,*,#2586,.F.);
#3334=ORIENTED_EDGE('',*,*,#2587,.F.);
#3335=ORIENTED_EDGE('',*,*,#2588,.T.);
#3336=ORIENTED_EDGE('',*,*,#2589,.F.);
#3337=ORIENTED_EDGE('',*,*,#2590,.T.);
#3338=ORIENTED_EDGE('',*,*,#2591,.T.);
#3339=ORIENTED_EDGE('',*,*,#2592,.F.);
#3340=ORIENTED_EDGE('',*,*,#2578,.F.);
#3341=ORIENTED_EDGE('',*,*,#2593,.F.);
#3342=ORIENTED_EDGE('',*,*,#2594,.T.);
#3343=ORIENTED_EDGE('',*,*,#2531,.T.);
#3344=ORIENTED_EDGE('',*,*,#2566,.F.);
#3345=ORIENTED_EDGE('',*,*,#2595,.F.);
#3346=ORIENTED_EDGE('',*,*,#2596,.T.);
#3347=ORIENTED_EDGE('',*,*,#2597,.T.);
#3348=ORIENTED_EDGE('',*,*,#2598,.T.);
#3349=ORIENTED_EDGE('',*,*,#2599,.F.);
#3350=ORIENTED_EDGE('',*,*,#2600,.F.);
#3351=ORIENTED_EDGE('',*,*,#2601,.T.);
#3352=ORIENTED_EDGE('',*,*,#2602,.T.);
#3353=ORIENTED_EDGE('',*,*,#2542,.T.);
#3354=ORIENTED_EDGE('',*,*,#2603,.F.);
#3355=ORIENTED_EDGE('',*,*,#2604,.F.);
#3356=ORIENTED_EDGE('',*,*,#2605,.T.);
#3357=ORIENTED_EDGE('',*,*,#2547,.T.);
#3358=ORIENTED_EDGE('',*,*,#2606,.F.);
#3359=ORIENTED_EDGE('',*,*,#2607,.F.);
#3360=ORIENTED_EDGE('',*,*,#2608,.T.);
#3361=ORIENTED_EDGE('',*,*,#2609,.F.);
#3362=ORIENTED_EDGE('',*,*,#2610,.F.);
#3363=ORIENTED_EDGE('',*,*,#2611,.T.);
#3364=ORIENTED_EDGE('',*,*,#2612,.T.);
#3365=ORIENTED_EDGE('',*,*,#2552,.T.);
#3366=ORIENTED_EDGE('',*,*,#2613,.F.);
#3367=ORIENTED_EDGE('',*,*,#2614,.F.);
#3368=ORIENTED_EDGE('',*,*,#2615,.T.);
#3369=ORIENTED_EDGE('',*,*,#2616,.F.);
#3370=ORIENTED_EDGE('',*,*,#2617,.F.);
#3371=ORIENTED_EDGE('',*,*,#2618,.T.);
#3372=ORIENTED_EDGE('',*,*,#2619,.F.);
#3373=ORIENTED_EDGE('',*,*,#2620,.F.);
#3374=ORIENTED_EDGE('',*,*,#2621,.T.);
#3375=ORIENTED_EDGE('',*,*,#2562,.T.);
#3376=ORIENTED_EDGE('',*,*,#2622,.T.);
#3377=ORIENTED_EDGE('',*,*,#2558,.T.);
#3378=ORIENTED_EDGE('',*,*,#2623,.F.);
#3379=ORIENTED_EDGE('',*,*,#2624,.F.);
#3380=ORIENTED_EDGE('',*,*,#2625,.T.);
#3381=ORIENTED_EDGE('',*,*,#2626,.F.);
#3382=ORIENTED_EDGE('',*,*,#2627,.F.);
#3383=ORIENTED_EDGE('',*,*,#2628,.T.);
#3384=ORIENTED_EDGE('',*,*,#2629,.T.);
#3385=ORIENTED_EDGE('',*,*,#2630,.F.);
#3386=ORIENTED_EDGE('',*,*,#2631,.F.);
#3387=ORIENTED_EDGE('',*,*,#2632,.T.);
#3388=ORIENTED_EDGE('',*,*,#2633,.T.);
#3389=ORIENTED_EDGE('',*,*,#2535,.T.);
#3390=ORIENTED_EDGE('',*,*,#2588,.F.);
#3391=ORIENTED_EDGE('',*,*,#2634,.F.);
#3392=ORIENTED_EDGE('',*,*,#2635,.F.);
#3393=ORIENTED_EDGE('',*,*,#2636,.F.);
#3394=ORIENTED_EDGE('',*,*,#2637,.T.);
#3395=ORIENTED_EDGE('',*,*,#2638,.T.);
#3396=ORIENTED_EDGE('',*,*,#2639,.T.);
#3397=ORIENTED_EDGE('',*,*,#2640,.T.);
#3398=ORIENTED_EDGE('',*,*,#2641,.T.);
#3399=ORIENTED_EDGE('',*,*,#2642,.F.);
#3400=ORIENTED_EDGE('',*,*,#2643,.F.);
#3401=ORIENTED_EDGE('',*,*,#2644,.F.);
#3402=ORIENTED_EDGE('',*,*,#2590,.F.);
#3403=ORIENTED_EDGE('',*,*,#2645,.F.);
#3404=ORIENTED_EDGE('',*,*,#2533,.T.);
#3405=ORIENTED_EDGE('',*,*,#2646,.F.);
#3406=ORIENTED_EDGE('',*,*,#2647,.T.);
#3407=ORIENTED_EDGE('',*,*,#2564,.T.);
#3408=ORIENTED_EDGE('',*,*,#2648,.T.);
#3409=ORIENTED_EDGE('',*,*,#2649,.T.);
#3410=ORIENTED_EDGE('',*,*,#2536,.T.);
#3411=ORIENTED_EDGE('',*,*,#2633,.F.);
#3412=ORIENTED_EDGE('',*,*,#2540,.T.);
#3413=ORIENTED_EDGE('',*,*,#2650,.F.);
#3414=ORIENTED_EDGE('',*,*,#2651,.T.);
#3415=ORIENTED_EDGE('',*,*,#2652,.T.);
#3416=ORIENTED_EDGE('',*,*,#2544,.T.);
#3417=ORIENTED_EDGE('',*,*,#2523,.F.);
#3418=ORIENTED_EDGE('',*,*,#2653,.T.);
#3419=ORIENTED_EDGE('',*,*,#2654,.T.);
#3420=ORIENTED_EDGE('',*,*,#2550,.T.);
#3421=ORIENTED_EDGE('',*,*,#2655,.F.);
#3422=ORIENTED_EDGE('',*,*,#2656,.T.);
#3423=ORIENTED_EDGE('',*,*,#2507,.T.);
#3424=ORIENTED_EDGE('',*,*,#2555,.T.);
#3425=ORIENTED_EDGE('',*,*,#2657,.F.);
#3426=ORIENTED_EDGE('',*,*,#2658,.T.);
#3427=ORIENTED_EDGE('',*,*,#2659,.T.);
#3428=ORIENTED_EDGE('',*,*,#2660,.T.);
#3429=ORIENTED_EDGE('',*,*,#2661,.T.);
#3430=ORIENTED_EDGE('',*,*,#2559,.T.);
#3431=ORIENTED_EDGE('',*,*,#2662,.F.);
#3432=ORIENTED_EDGE('',*,*,#2565,.T.);
#3433=ORIENTED_EDGE('',*,*,#2647,.F.);
#3434=ORIENTED_EDGE('',*,*,#2663,.F.);
#3435=ORIENTED_EDGE('',*,*,#2595,.T.);
#3436=ORIENTED_EDGE('',*,*,#2589,.T.);
#3437=ORIENTED_EDGE('',*,*,#2664,.F.);
#3438=ORIENTED_EDGE('',*,*,#2648,.F.);
#3439=ORIENTED_EDGE('',*,*,#2645,.T.);
#3440=ORIENTED_EDGE('',*,*,#2651,.F.);
#3441=ORIENTED_EDGE('',*,*,#2665,.T.);
#3442=ORIENTED_EDGE('',*,*,#2666,.T.);
#3443=ORIENTED_EDGE('',*,*,#2600,.T.);
#3444=ORIENTED_EDGE('',*,*,#2667,.T.);
#3445=ORIENTED_EDGE('',*,*,#2653,.F.);
#3446=ORIENTED_EDGE('',*,*,#2522,.T.);
#3447=ORIENTED_EDGE('',*,*,#2668,.T.);
#3448=ORIENTED_EDGE('',*,*,#2610,.T.);
#3449=ORIENTED_EDGE('',*,*,#2669,.F.);
#3450=ORIENTED_EDGE('',*,*,#2670,.F.);
#3451=ORIENTED_EDGE('',*,*,#2656,.F.);
#3452=ORIENTED_EDGE('',*,*,#2671,.T.);
#3453=ORIENTED_EDGE('',*,*,#2672,.T.);
#3454=ORIENTED_EDGE('',*,*,#2617,.T.);
#3455=ORIENTED_EDGE('',*,*,#2673,.F.);
#3456=ORIENTED_EDGE('',*,*,#2508,.F.);
#3457=ORIENTED_EDGE('',*,*,#2658,.F.);
#3458=ORIENTED_EDGE('',*,*,#2674,.T.);
#3459=ORIENTED_EDGE('',*,*,#2675,.T.);
#3460=ORIENTED_EDGE('',*,*,#2631,.T.);
#3461=ORIENTED_EDGE('',*,*,#2676,.F.);
#3462=ORIENTED_EDGE('',*,*,#2677,.F.);
#3463=ORIENTED_EDGE('',*,*,#2678,.F.);
#3464=ORIENTED_EDGE('',*,*,#2679,.F.);
#3465=ORIENTED_EDGE('',*,*,#2660,.F.);
#3466=ORIENTED_EDGE('',*,*,#2680,.T.);
#3467=ORIENTED_EDGE('',*,*,#2627,.T.);
#3468=ORIENTED_EDGE('',*,*,#2681,.F.);
#3469=ORIENTED_EDGE('',*,*,#2682,.F.);
#3470=ORIENTED_EDGE('',*,*,#2683,.F.);
#3471=ORIENTED_EDGE('',*,*,#2684,.F.);
#3472=ORIENTED_EDGE('',*,*,#2596,.F.);
#3473=ORIENTED_EDGE('',*,*,#2663,.T.);
#3474=ORIENTED_EDGE('',*,*,#2646,.T.);
#3475=ORIENTED_EDGE('',*,*,#2532,.T.);
#3476=ORIENTED_EDGE('',*,*,#2594,.F.);
#3477=ORIENTED_EDGE('',*,*,#2685,.F.);
#3478=ORIENTED_EDGE('',*,*,#2686,.F.);
#3479=ORIENTED_EDGE('',*,*,#2687,.F.);
#3480=ORIENTED_EDGE('',*,*,#2688,.T.);
#3481=ORIENTED_EDGE('',*,*,#2689,.T.);
#3482=ORIENTED_EDGE('',*,*,#2690,.T.);
#3483=ORIENTED_EDGE('',*,*,#2691,.F.);
#3484=ORIENTED_EDGE('',*,*,#2692,.F.);
#3485=ORIENTED_EDGE('',*,*,#2693,.F.);
#3486=ORIENTED_EDGE('',*,*,#2694,.T.);
#3487=ORIENTED_EDGE('',*,*,#2681,.T.);
#3488=ORIENTED_EDGE('',*,*,#2695,.T.);
#3489=ORIENTED_EDGE('',*,*,#2696,.F.);
#3490=ORIENTED_EDGE('',*,*,#2697,.T.);
#3491=ORIENTED_EDGE('',*,*,#2698,.T.);
#3492=ORIENTED_EDGE('',*,*,#2699,.F.);
#3493=ORIENTED_EDGE('',*,*,#2700,.T.);
#3494=ORIENTED_EDGE('',*,*,#2701,.T.);
#3495=ORIENTED_EDGE('',*,*,#2702,.F.);
#3496=ORIENTED_EDGE('',*,*,#2703,.T.);
#3497=ORIENTED_EDGE('',*,*,#2704,.F.);
#3498=ORIENTED_EDGE('',*,*,#2705,.T.);
#3499=ORIENTED_EDGE('',*,*,#2706,.T.);
#3500=ORIENTED_EDGE('',*,*,#2509,.F.);
#3501=ORIENTED_EDGE('',*,*,#2707,.T.);
#3502=ORIENTED_EDGE('',*,*,#2708,.T.);
#3503=ORIENTED_EDGE('',*,*,#2709,.F.);
#3504=ORIENTED_EDGE('',*,*,#2525,.T.);
#3505=ORIENTED_EDGE('',*,*,#2710,.F.);
#3506=ORIENTED_EDGE('',*,*,#2711,.T.);
#3507=ORIENTED_EDGE('',*,*,#2712,.T.);
#3508=ORIENTED_EDGE('',*,*,#2713,.F.);
#3509=ORIENTED_EDGE('',*,*,#2714,.T.);
#3510=ORIENTED_EDGE('',*,*,#2715,.T.);
#3511=ORIENTED_EDGE('',*,*,#2716,.F.);
#3512=ORIENTED_EDGE('',*,*,#2717,.T.);
#3513=ORIENTED_EDGE('',*,*,#2718,.F.);
#3514=ORIENTED_EDGE('',*,*,#2719,.T.);
#3515=ORIENTED_EDGE('',*,*,#2720,.T.);
#3516=ORIENTED_EDGE('',*,*,#2692,.T.);
#3517=ORIENTED_EDGE('',*,*,#2691,.T.);
#3518=ORIENTED_EDGE('',*,*,#2721,.T.);
#3519=ORIENTED_EDGE('',*,*,#2722,.T.);
#3520=ORIENTED_EDGE('',*,*,#2723,.T.);
#3521=ORIENTED_EDGE('',*,*,#2724,.T.);
#3522=ORIENTED_EDGE('',*,*,#2725,.T.);
#3523=ORIENTED_EDGE('',*,*,#2726,.T.);
#3524=ORIENTED_EDGE('',*,*,#2727,.T.);
#3525=ORIENTED_EDGE('',*,*,#2728,.T.);
#3526=ORIENTED_EDGE('',*,*,#2729,.T.);
#3527=ORIENTED_EDGE('',*,*,#2730,.T.);
#3528=ORIENTED_EDGE('',*,*,#2731,.F.);
#3529=ORIENTED_EDGE('',*,*,#2732,.T.);
#3530=ORIENTED_EDGE('',*,*,#2733,.T.);
#3531=ORIENTED_EDGE('',*,*,#2734,.F.);
#3532=ORIENTED_EDGE('',*,*,#2735,.T.);
#3533=ORIENTED_EDGE('',*,*,#2674,.F.);
#3534=ORIENTED_EDGE('',*,*,#2657,.T.);
#3535=ORIENTED_EDGE('',*,*,#2554,.T.);
#3536=ORIENTED_EDGE('',*,*,#2736,.T.);
#3537=ORIENTED_EDGE('',*,*,#2737,.T.);
#3538=ORIENTED_EDGE('',*,*,#2695,.F.);
#3539=ORIENTED_EDGE('',*,*,#2738,.T.);
#3540=ORIENTED_EDGE('',*,*,#2739,.T.);
#3541=ORIENTED_EDGE('',*,*,#2740,.T.);
#3542=ORIENTED_EDGE('',*,*,#2741,.T.);
#3543=ORIENTED_EDGE('',*,*,#2742,.T.);
#3544=ORIENTED_EDGE('',*,*,#2743,.T.);
#3545=ORIENTED_EDGE('',*,*,#2744,.T.);
#3546=ORIENTED_EDGE('',*,*,#2745,.T.);
#3547=ORIENTED_EDGE('',*,*,#2746,.T.);
#3548=ORIENTED_EDGE('',*,*,#2747,.T.);
#3549=ORIENTED_EDGE('',*,*,#2748,.F.);
#3550=ORIENTED_EDGE('',*,*,#2749,.F.);
#3551=ORIENTED_EDGE('',*,*,#2735,.F.);
#3552=ORIENTED_EDGE('',*,*,#2750,.F.);
#3553=ORIENTED_EDGE('',*,*,#2737,.F.);
#3554=ORIENTED_EDGE('',*,*,#2751,.T.);
#3555=ORIENTED_EDGE('',*,*,#2752,.T.);
#3556=ORIENTED_EDGE('',*,*,#2743,.F.);
#3557=ORIENTED_EDGE('',*,*,#2753,.T.);
#3558=ORIENTED_EDGE('',*,*,#2751,.F.);
#3559=ORIENTED_EDGE('',*,*,#2754,.F.);
#3560=ORIENTED_EDGE('',*,*,#2755,.T.);
#3561=ORIENTED_EDGE('',*,*,#2756,.F.);
#3562=ORIENTED_EDGE('',*,*,#2756,.T.);
#3563=ORIENTED_EDGE('',*,*,#2757,.F.);
#3564=ORIENTED_EDGE('',*,*,#2758,.F.);
#3565=ORIENTED_EDGE('',*,*,#2752,.F.);
#3566=ORIENTED_EDGE('',*,*,#2746,.F.);
#3567=ORIENTED_EDGE('',*,*,#2560,.F.);
#3568=ORIENTED_EDGE('',*,*,#2661,.F.);
#3569=ORIENTED_EDGE('',*,*,#2679,.T.);
#3570=ORIENTED_EDGE('',*,*,#2758,.T.);
#3571=ORIENTED_EDGE('',*,*,#2759,.F.);
#3572=ORIENTED_EDGE('',*,*,#2731,.T.);
#3573=ORIENTED_EDGE('',*,*,#2744,.F.);
#3574=ORIENTED_EDGE('',*,*,#2760,.T.);
#3575=ORIENTED_EDGE('',*,*,#2761,.F.);
#3576=ORIENTED_EDGE('',*,*,#2762,.F.);
#3577=ORIENTED_EDGE('',*,*,#2763,.F.);
#3578=ORIENTED_EDGE('',*,*,#2764,.F.);
#3579=ORIENTED_EDGE('',*,*,#2738,.F.);
#3580=ORIENTED_EDGE('',*,*,#2765,.T.);
#3581=ORIENTED_EDGE('',*,*,#2766,.T.);
#3582=ORIENTED_EDGE('',*,*,#2767,.F.);
#3583=ORIENTED_EDGE('',*,*,#2759,.T.);
#3584=ORIENTED_EDGE('',*,*,#2764,.T.);
#3585=ORIENTED_EDGE('',*,*,#2757,.T.);
#3586=ORIENTED_EDGE('',*,*,#2755,.F.);
#3587=ORIENTED_EDGE('',*,*,#2768,.T.);
#3588=ORIENTED_EDGE('',*,*,#2754,.T.);
#3589=ORIENTED_EDGE('',*,*,#2753,.F.);
#3590=ORIENTED_EDGE('',*,*,#2736,.F.);
#3591=ORIENTED_EDGE('',*,*,#2768,.F.);
#3592=ORIENTED_EDGE('',*,*,#2745,.F.);
#3593=ORIENTED_EDGE('',*,*,#2730,.F.);
#3594=ORIENTED_EDGE('',*,*,#2769,.T.);
#3595=ORIENTED_EDGE('',*,*,#2770,.T.);
#3596=ORIENTED_EDGE('',*,*,#2619,.T.);
#3597=ORIENTED_EDGE('',*,*,#2561,.F.);
#3598=ORIENTED_EDGE('',*,*,#2771,.T.);
#3599=ORIENTED_EDGE('',*,*,#2747,.F.);
#3600=ORIENTED_EDGE('',*,*,#2678,.T.);
#3601=ORIENTED_EDGE('',*,*,#2626,.T.);
#3602=ORIENTED_EDGE('',*,*,#2772,.T.);
#3603=ORIENTED_EDGE('',*,*,#2773,.T.);
#3604=ORIENTED_EDGE('',*,*,#2774,.T.);
#3605=ORIENTED_EDGE('',*,*,#2775,.T.);
#3606=ORIENTED_EDGE('',*,*,#2776,.F.);
#3607=ORIENTED_EDGE('',*,*,#2777,.T.);
#3608=ORIENTED_EDGE('',*,*,#2732,.F.);
#3609=ORIENTED_EDGE('',*,*,#2767,.T.);
#3610=ORIENTED_EDGE('',*,*,#2685,.T.);
#3611=ORIENTED_EDGE('',*,*,#2593,.T.);
#3612=ORIENTED_EDGE('',*,*,#2577,.F.);
#3613=ORIENTED_EDGE('',*,*,#2778,.F.);
#3614=ORIENTED_EDGE('',*,*,#2779,.F.);
#3615=ORIENTED_EDGE('',*,*,#2634,.T.);
#3616=ORIENTED_EDGE('',*,*,#2587,.T.);
#3617=ORIENTED_EDGE('',*,*,#2780,.F.);
#3618=ORIENTED_EDGE('',*,*,#2604,.T.);
#3619=ORIENTED_EDGE('',*,*,#2781,.F.);
#3620=ORIENTED_EDGE('',*,*,#2782,.F.);
#3621=ORIENTED_EDGE('',*,*,#2783,.T.);
#3622=ORIENTED_EDGE('',*,*,#2784,.T.);
#3623=ORIENTED_EDGE('',*,*,#2607,.T.);
#3624=ORIENTED_EDGE('',*,*,#2785,.F.);
#3625=ORIENTED_EDGE('',*,*,#2786,.F.);
#3626=ORIENTED_EDGE('',*,*,#2787,.T.);
#3627=ORIENTED_EDGE('',*,*,#2614,.T.);
#3628=ORIENTED_EDGE('',*,*,#2788,.F.);
#3629=ORIENTED_EDGE('',*,*,#2789,.F.);
#3630=ORIENTED_EDGE('',*,*,#2770,.F.);
#3631=ORIENTED_EDGE('',*,*,#2790,.F.);
#3632=ORIENTED_EDGE('',*,*,#2791,.T.);
#3633=ORIENTED_EDGE('',*,*,#2620,.T.);
#3634=ORIENTED_EDGE('',*,*,#2792,.T.);
#3635=ORIENTED_EDGE('',*,*,#2624,.T.);
#3636=ORIENTED_EDGE('',*,*,#2793,.F.);
#3637=ORIENTED_EDGE('',*,*,#2794,.F.);
#3638=ORIENTED_EDGE('',*,*,#2686,.T.);
#3639=ORIENTED_EDGE('',*,*,#2778,.T.);
#3640=ORIENTED_EDGE('',*,*,#2576,.F.);
#3641=ORIENTED_EDGE('',*,*,#2795,.F.);
#3642=ORIENTED_EDGE('',*,*,#2796,.F.);
#3643=ORIENTED_EDGE('',*,*,#2635,.T.);
#3644=ORIENTED_EDGE('',*,*,#2779,.T.);
#3645=ORIENTED_EDGE('',*,*,#2797,.F.);
#3646=ORIENTED_EDGE('',*,*,#2798,.F.);
#3647=ORIENTED_EDGE('',*,*,#2782,.T.);
#3648=ORIENTED_EDGE('',*,*,#2799,.F.);
#3649=ORIENTED_EDGE('',*,*,#2719,.F.);
#3650=ORIENTED_EDGE('',*,*,#2800,.T.);
#3651=ORIENTED_EDGE('',*,*,#2786,.T.);
#3652=ORIENTED_EDGE('',*,*,#2801,.T.);
#3653=ORIENTED_EDGE('',*,*,#2711,.F.);
#3654=ORIENTED_EDGE('',*,*,#2802,.T.);
#3655=ORIENTED_EDGE('',*,*,#2789,.T.);
#3656=ORIENTED_EDGE('',*,*,#2803,.F.);
#3657=ORIENTED_EDGE('',*,*,#2705,.F.);
#3658=ORIENTED_EDGE('',*,*,#2769,.F.);
#3659=ORIENTED_EDGE('',*,*,#2729,.F.);
#3660=ORIENTED_EDGE('',*,*,#2804,.T.);
#3661=ORIENTED_EDGE('',*,*,#2790,.T.);
#3662=ORIENTED_EDGE('',*,*,#2805,.T.);
#3663=ORIENTED_EDGE('',*,*,#2794,.T.);
#3664=ORIENTED_EDGE('',*,*,#2806,.F.);
#3665=ORIENTED_EDGE('',*,*,#2697,.F.);
#3666=ORIENTED_EDGE('',*,*,#2687,.T.);
#3667=ORIENTED_EDGE('',*,*,#2795,.T.);
#3668=ORIENTED_EDGE('',*,*,#2575,.F.);
#3669=ORIENTED_EDGE('',*,*,#2807,.F.);
#3670=ORIENTED_EDGE('',*,*,#2808,.T.);
#3671=ORIENTED_EDGE('',*,*,#2809,.F.);
#3672=ORIENTED_EDGE('',*,*,#2636,.T.);
#3673=ORIENTED_EDGE('',*,*,#2796,.T.);
#3674=ORIENTED_EDGE('',*,*,#2688,.F.);
#3675=ORIENTED_EDGE('',*,*,#2807,.T.);
#3676=ORIENTED_EDGE('',*,*,#2574,.F.);
#3677=ORIENTED_EDGE('',*,*,#2810,.T.);
#3678=ORIENTED_EDGE('',*,*,#2811,.T.);
#3679=ORIENTED_EDGE('',*,*,#2812,.T.);
#3680=ORIENTED_EDGE('',*,*,#2637,.F.);
#3681=ORIENTED_EDGE('',*,*,#2809,.T.);
#3682=ORIENTED_EDGE('',*,*,#2689,.F.);
#3683=ORIENTED_EDGE('',*,*,#2810,.F.);
#3684=ORIENTED_EDGE('',*,*,#2573,.F.);
#3685=ORIENTED_EDGE('',*,*,#2813,.F.);
#3686=ORIENTED_EDGE('',*,*,#2814,.T.);
#3687=ORIENTED_EDGE('',*,*,#2815,.T.);
#3688=ORIENTED_EDGE('',*,*,#2816,.F.);
#3689=ORIENTED_EDGE('',*,*,#2817,.T.);
#3690=ORIENTED_EDGE('',*,*,#2818,.F.);
#3691=ORIENTED_EDGE('',*,*,#2819,.F.);
#3692=ORIENTED_EDGE('',*,*,#2820,.F.);
#3693=ORIENTED_EDGE('',*,*,#2821,.F.);
#3694=ORIENTED_EDGE('',*,*,#2822,.F.);
#3695=ORIENTED_EDGE('',*,*,#2814,.F.);
#3696=ORIENTED_EDGE('',*,*,#2823,.T.);
#3697=ORIENTED_EDGE('',*,*,#2824,.F.);
#3698=ORIENTED_EDGE('',*,*,#2825,.T.);
#3699=ORIENTED_EDGE('',*,*,#2826,.F.);
#3700=ORIENTED_EDGE('',*,*,#2827,.F.);
#3701=ORIENTED_EDGE('',*,*,#2828,.F.);
#3702=ORIENTED_EDGE('',*,*,#2829,.F.);
#3703=ORIENTED_EDGE('',*,*,#2830,.T.);
#3704=ORIENTED_EDGE('',*,*,#2831,.T.);
#3705=ORIENTED_EDGE('',*,*,#2832,.T.);
#3706=ORIENTED_EDGE('',*,*,#2833,.F.);
#3707=ORIENTED_EDGE('',*,*,#2834,.T.);
#3708=ORIENTED_EDGE('',*,*,#2835,.F.);
#3709=ORIENTED_EDGE('',*,*,#2836,.F.);
#3710=ORIENTED_EDGE('',*,*,#2837,.T.);
#3711=ORIENTED_EDGE('',*,*,#2838,.F.);
#3712=ORIENTED_EDGE('',*,*,#2815,.F.);
#3713=ORIENTED_EDGE('',*,*,#2839,.T.);
#3714=ORIENTED_EDGE('',*,*,#2840,.T.);
#3715=ORIENTED_EDGE('',*,*,#2841,.T.);
#3716=ORIENTED_EDGE('',*,*,#2832,.F.);
#3717=ORIENTED_EDGE('',*,*,#2842,.F.);
#3718=ORIENTED_EDGE('',*,*,#2843,.F.);
#3719=ORIENTED_EDGE('',*,*,#2844,.F.);
#3720=ORIENTED_EDGE('',*,*,#2845,.F.);
#3721=ORIENTED_EDGE('',*,*,#2835,.T.);
#3722=ORIENTED_EDGE('',*,*,#2846,.T.);
#3723=ORIENTED_EDGE('',*,*,#2833,.T.);
#3724=ORIENTED_EDGE('',*,*,#2841,.F.);
#3725=ORIENTED_EDGE('',*,*,#2847,.F.);
#3726=ORIENTED_EDGE('',*,*,#2848,.F.);
#3727=ORIENTED_EDGE('',*,*,#2848,.T.);
#3728=ORIENTED_EDGE('',*,*,#2849,.T.);
#3729=ORIENTED_EDGE('',*,*,#2850,.F.);
#3730=ORIENTED_EDGE('',*,*,#2851,.T.);
#3731=ORIENTED_EDGE('',*,*,#2852,.F.);
#3732=ORIENTED_EDGE('',*,*,#2836,.T.);
#3733=ORIENTED_EDGE('',*,*,#2842,.T.);
#3734=ORIENTED_EDGE('',*,*,#2840,.F.);
#3735=ORIENTED_EDGE('',*,*,#2853,.F.);
#3736=ORIENTED_EDGE('',*,*,#2854,.F.);
#3737=ORIENTED_EDGE('',*,*,#2855,.T.);
#3738=ORIENTED_EDGE('',*,*,#2837,.F.);
#3739=ORIENTED_EDGE('',*,*,#2852,.T.);
#3740=ORIENTED_EDGE('',*,*,#2856,.T.);
#3741=ORIENTED_EDGE('',*,*,#2857,.F.);
#3742=ORIENTED_EDGE('',*,*,#2858,.F.);
#3743=ORIENTED_EDGE('',*,*,#2859,.F.);
#3744=ORIENTED_EDGE('',*,*,#2860,.T.);
#3745=ORIENTED_EDGE('',*,*,#2861,.T.);
#3746=ORIENTED_EDGE('',*,*,#2862,.F.);
#3747=ORIENTED_EDGE('',*,*,#2863,.T.);
#3748=ORIENTED_EDGE('',*,*,#2864,.F.);
#3749=ORIENTED_EDGE('',*,*,#2865,.T.);
#3750=ORIENTED_EDGE('',*,*,#2866,.T.);
#3751=ORIENTED_EDGE('',*,*,#2867,.F.);
#3752=ORIENTED_EDGE('',*,*,#2868,.T.);
#3753=ORIENTED_EDGE('',*,*,#2851,.F.);
#3754=ORIENTED_EDGE('',*,*,#2869,.T.);
#3755=ORIENTED_EDGE('',*,*,#2843,.T.);
#3756=ORIENTED_EDGE('',*,*,#2855,.F.);
#3757=ORIENTED_EDGE('',*,*,#2856,.F.);
#3758=ORIENTED_EDGE('',*,*,#2850,.T.);
#3759=ORIENTED_EDGE('',*,*,#2870,.T.);
#3760=ORIENTED_EDGE('',*,*,#2844,.T.);
#3761=ORIENTED_EDGE('',*,*,#2869,.F.);
#3762=ORIENTED_EDGE('',*,*,#2849,.F.);
#3763=ORIENTED_EDGE('',*,*,#2847,.T.);
#3764=ORIENTED_EDGE('',*,*,#2845,.T.);
#3765=ORIENTED_EDGE('',*,*,#2870,.F.);
#3766=ORIENTED_EDGE('',*,*,#2857,.T.);
#3767=ORIENTED_EDGE('',*,*,#2854,.T.);
#3768=ORIENTED_EDGE('',*,*,#2871,.F.);
#3769=ORIENTED_EDGE('',*,*,#2830,.F.);
#3770=ORIENTED_EDGE('',*,*,#2872,.T.);
#3771=ORIENTED_EDGE('',*,*,#2829,.T.);
#3772=ORIENTED_EDGE('',*,*,#2873,.T.);
#3773=ORIENTED_EDGE('',*,*,#2723,.F.);
#3774=ORIENTED_EDGE('',*,*,#2874,.F.);
#3775=ORIENTED_EDGE('',*,*,#2820,.T.);
#3776=ORIENTED_EDGE('',*,*,#2875,.T.);
#3777=ORIENTED_EDGE('',*,*,#2860,.F.);
#3778=ORIENTED_EDGE('',*,*,#2876,.F.);
#3779=ORIENTED_EDGE('',*,*,#2816,.T.);
#3780=ORIENTED_EDGE('',*,*,#2838,.T.);
#3781=ORIENTED_EDGE('',*,*,#2858,.T.);
#3782=ORIENTED_EDGE('',*,*,#2872,.F.);
#3783=ORIENTED_EDGE('',*,*,#2867,.T.);
#3784=ORIENTED_EDGE('',*,*,#2877,.F.);
#3785=ORIENTED_EDGE('',*,*,#2817,.F.);
#3786=ORIENTED_EDGE('',*,*,#2876,.T.);
#3787=ORIENTED_EDGE('',*,*,#2859,.T.);
#3788=ORIENTED_EDGE('',*,*,#2878,.T.);
#3789=ORIENTED_EDGE('',*,*,#2879,.T.);
#3790=ORIENTED_EDGE('',*,*,#2880,.T.);
#3791=ORIENTED_EDGE('',*,*,#2881,.T.);
#3792=ORIENTED_EDGE('',*,*,#2882,.F.);
#3793=ORIENTED_EDGE('',*,*,#2883,.F.);
#3794=ORIENTED_EDGE('',*,*,#2884,.F.);
#3795=ORIENTED_EDGE('',*,*,#2885,.F.);
#3796=ORIENTED_EDGE('',*,*,#2886,.F.);
#3797=ORIENTED_EDGE('',*,*,#2868,.F.);
#3798=ORIENTED_EDGE('',*,*,#2882,.T.);
#3799=ORIENTED_EDGE('',*,*,#2883,.T.);
#3800=ORIENTED_EDGE('',*,*,#2881,.F.);
#3801=ORIENTED_EDGE('',*,*,#2887,.F.);
#3802=ORIENTED_EDGE('',*,*,#2879,.F.);
#3803=ORIENTED_EDGE('',*,*,#2888,.T.);
#3804=ORIENTED_EDGE('',*,*,#2889,.T.);
#3805=ORIENTED_EDGE('',*,*,#2884,.T.);
#3806=ORIENTED_EDGE('',*,*,#2889,.F.);
#3807=ORIENTED_EDGE('',*,*,#2890,.F.);
#3808=ORIENTED_EDGE('',*,*,#2891,.T.);
#3809=ORIENTED_EDGE('',*,*,#2885,.T.);
#3810=ORIENTED_EDGE('',*,*,#2891,.F.);
#3811=ORIENTED_EDGE('',*,*,#2892,.F.);
#3812=ORIENTED_EDGE('',*,*,#2893,.T.);
#3813=ORIENTED_EDGE('',*,*,#2893,.F.);
#3814=ORIENTED_EDGE('',*,*,#2894,.F.);
#3815=ORIENTED_EDGE('',*,*,#2862,.T.);
#3816=ORIENTED_EDGE('',*,*,#2864,.T.);
#3817=ORIENTED_EDGE('',*,*,#2886,.T.);
#3818=ORIENTED_EDGE('',*,*,#2888,.F.);
#3819=ORIENTED_EDGE('',*,*,#2878,.F.);
#3820=ORIENTED_EDGE('',*,*,#2863,.F.);
#3821=ORIENTED_EDGE('',*,*,#2894,.T.);
#3822=ORIENTED_EDGE('',*,*,#2892,.T.);
#3823=ORIENTED_EDGE('',*,*,#2890,.T.);
#3824=ORIENTED_EDGE('',*,*,#2880,.F.);
#3825=ORIENTED_EDGE('',*,*,#2887,.T.);
#3826=ORIENTED_EDGE('',*,*,#2818,.T.);
#3827=ORIENTED_EDGE('',*,*,#2877,.T.);
#3828=ORIENTED_EDGE('',*,*,#2866,.F.);
#3829=ORIENTED_EDGE('',*,*,#2895,.F.);
#3830=ORIENTED_EDGE('',*,*,#2861,.F.);
#3831=ORIENTED_EDGE('',*,*,#2875,.F.);
#3832=ORIENTED_EDGE('',*,*,#2819,.T.);
#3833=ORIENTED_EDGE('',*,*,#2895,.T.);
#3834=ORIENTED_EDGE('',*,*,#2865,.F.);
#3835=ORIENTED_EDGE('',*,*,#2821,.T.);
#3836=ORIENTED_EDGE('',*,*,#2874,.T.);
#3837=ORIENTED_EDGE('',*,*,#2722,.F.);
#3838=ORIENTED_EDGE('',*,*,#2896,.F.);
#3839=ORIENTED_EDGE('',*,*,#2822,.T.);
#3840=ORIENTED_EDGE('',*,*,#2896,.T.);
#3841=ORIENTED_EDGE('',*,*,#2721,.F.);
#3842=ORIENTED_EDGE('',*,*,#2690,.F.);
#3843=ORIENTED_EDGE('',*,*,#2828,.T.);
#3844=ORIENTED_EDGE('',*,*,#2897,.T.);
#3845=ORIENTED_EDGE('',*,*,#2724,.F.);
#3846=ORIENTED_EDGE('',*,*,#2873,.F.);
#3847=ORIENTED_EDGE('',*,*,#2827,.T.);
#3848=ORIENTED_EDGE('',*,*,#2898,.T.);
#3849=ORIENTED_EDGE('',*,*,#2725,.F.);
#3850=ORIENTED_EDGE('',*,*,#2897,.F.);
#3851=ORIENTED_EDGE('',*,*,#2811,.F.);
#3852=ORIENTED_EDGE('',*,*,#2808,.F.);
#3853=ORIENTED_EDGE('',*,*,#2797,.T.);
#3854=ORIENTED_EDGE('',*,*,#2780,.T.);
#3855=ORIENTED_EDGE('',*,*,#2586,.T.);
#3856=ORIENTED_EDGE('',*,*,#2537,.F.);
#3857=ORIENTED_EDGE('',*,*,#2649,.F.);
#3858=ORIENTED_EDGE('',*,*,#2664,.T.);
#3859=ORIENTED_EDGE('',*,*,#2592,.T.);
#3860=ORIENTED_EDGE('',*,*,#2899,.T.);
#3861=ORIENTED_EDGE('',*,*,#2900,.T.);
#3862=ORIENTED_EDGE('',*,*,#2901,.T.);
#3863=ORIENTED_EDGE('',*,*,#2902,.T.);
#3864=ORIENTED_EDGE('',*,*,#2726,.F.);
#3865=ORIENTED_EDGE('',*,*,#2898,.F.);
#3866=ORIENTED_EDGE('',*,*,#2903,.F.);
#3867=ORIENTED_EDGE('',*,*,#2903,.T.);
#3868=ORIENTED_EDGE('',*,*,#2826,.T.);
#3869=ORIENTED_EDGE('',*,*,#2904,.T.);
#3870=ORIENTED_EDGE('',*,*,#2638,.F.);
#3871=ORIENTED_EDGE('',*,*,#2812,.F.);
#3872=ORIENTED_EDGE('',*,*,#2905,.T.);
#3873=ORIENTED_EDGE('',*,*,#2906,.T.);
#3874=ORIENTED_EDGE('',*,*,#2907,.F.);
#3875=ORIENTED_EDGE('',*,*,#2641,.F.);
#3876=ORIENTED_EDGE('',*,*,#2908,.F.);
#3877=ORIENTED_EDGE('',*,*,#2639,.F.);
#3878=ORIENTED_EDGE('',*,*,#2904,.F.);
#3879=ORIENTED_EDGE('',*,*,#2825,.F.);
#3880=ORIENTED_EDGE('',*,*,#2909,.T.);
#3881=ORIENTED_EDGE('',*,*,#2910,.F.);
#3882=ORIENTED_EDGE('',*,*,#2911,.T.);
#3883=ORIENTED_EDGE('',*,*,#2912,.F.);
#3884=ORIENTED_EDGE('',*,*,#2913,.F.);
#3885=ORIENTED_EDGE('',*,*,#2905,.F.);
#3886=ORIENTED_EDGE('',*,*,#2914,.F.);
#3887=ORIENTED_EDGE('',*,*,#2571,.T.);
#3888=ORIENTED_EDGE('',*,*,#2910,.T.);
#3889=ORIENTED_EDGE('',*,*,#2915,.T.);
#3890=ORIENTED_EDGE('',*,*,#2916,.F.);
#3891=ORIENTED_EDGE('',*,*,#2916,.T.);
#3892=ORIENTED_EDGE('',*,*,#2917,.T.);
#3893=ORIENTED_EDGE('',*,*,#2918,.F.);
#3894=ORIENTED_EDGE('',*,*,#2919,.T.);
#3895=ORIENTED_EDGE('',*,*,#2920,.T.);
#3896=ORIENTED_EDGE('',*,*,#2908,.T.);
#3897=ORIENTED_EDGE('',*,*,#2911,.F.);
#3898=ORIENTED_EDGE('',*,*,#2570,.F.);
#3899=ORIENTED_EDGE('',*,*,#2921,.F.);
#3900=ORIENTED_EDGE('',*,*,#2922,.T.);
#3901=ORIENTED_EDGE('',*,*,#2918,.T.);
#3902=ORIENTED_EDGE('',*,*,#2923,.T.);
#3903=ORIENTED_EDGE('',*,*,#2823,.F.);
#3904=ORIENTED_EDGE('',*,*,#2813,.T.);
#3905=ORIENTED_EDGE('',*,*,#2572,.F.);
#3906=ORIENTED_EDGE('',*,*,#2924,.T.);
#3907=ORIENTED_EDGE('',*,*,#2922,.F.);
#3908=ORIENTED_EDGE('',*,*,#2925,.F.);
#3909=ORIENTED_EDGE('',*,*,#2906,.F.);
#3910=ORIENTED_EDGE('',*,*,#2926,.F.);
#3911=ORIENTED_EDGE('',*,*,#2909,.F.);
#3912=ORIENTED_EDGE('',*,*,#2824,.T.);
#3913=ORIENTED_EDGE('',*,*,#2923,.F.);
#3914=ORIENTED_EDGE('',*,*,#2927,.T.);
#3915=ORIENTED_EDGE('',*,*,#2928,.T.);
#3916=ORIENTED_EDGE('',*,*,#2929,.T.);
#3917=ORIENTED_EDGE('',*,*,#2930,.T.);
#3918=ORIENTED_EDGE('',*,*,#2931,.T.);
#3919=ORIENTED_EDGE('',*,*,#2932,.T.);
#3920=ORIENTED_EDGE('',*,*,#2933,.T.);
#3921=ORIENTED_EDGE('',*,*,#2934,.T.);
#3922=ORIENTED_EDGE('',*,*,#2935,.T.);
#3923=ORIENTED_EDGE('',*,*,#2936,.T.);
#3924=ORIENTED_EDGE('',*,*,#2937,.T.);
#3925=ORIENTED_EDGE('',*,*,#2938,.T.);
#3926=ORIENTED_EDGE('',*,*,#2939,.T.);
#3927=ORIENTED_EDGE('',*,*,#2940,.T.);
#3928=ORIENTED_EDGE('',*,*,#2941,.T.);
#3929=ORIENTED_EDGE('',*,*,#2942,.T.);
#3930=ORIENTED_EDGE('',*,*,#2943,.T.);
#3931=ORIENTED_EDGE('',*,*,#2944,.T.);
#3932=ORIENTED_EDGE('',*,*,#2945,.T.);
#3933=ORIENTED_EDGE('',*,*,#2924,.F.);
#3934=ORIENTED_EDGE('',*,*,#2917,.F.);
#3935=ORIENTED_EDGE('',*,*,#2915,.F.);
#3936=ORIENTED_EDGE('',*,*,#2912,.T.);
#3937=ORIENTED_EDGE('',*,*,#2926,.T.);
#3938=ORIENTED_EDGE('',*,*,#2913,.T.);
#3939=ORIENTED_EDGE('',*,*,#2946,.T.);
#3940=ORIENTED_EDGE('',*,*,#2919,.F.);
#3941=ORIENTED_EDGE('',*,*,#2640,.F.);
#3942=ORIENTED_EDGE('',*,*,#2920,.F.);
#3943=ORIENTED_EDGE('',*,*,#2946,.F.);
#3944=ORIENTED_EDGE('',*,*,#2914,.T.);
#3945=ORIENTED_EDGE('',*,*,#2774,.F.);
#3946=ORIENTED_EDGE('',*,*,#2947,.F.);
#3947=ORIENTED_EDGE('',*,*,#2948,.T.);
#3948=ORIENTED_EDGE('',*,*,#2949,.F.);
#3949=ORIENTED_EDGE('',*,*,#2901,.F.);
#3950=ORIENTED_EDGE('',*,*,#2950,.F.);
#3951=ORIENTED_EDGE('',*,*,#2642,.T.);
#3952=ORIENTED_EDGE('',*,*,#2907,.T.);
#3953=ORIENTED_EDGE('',*,*,#2925,.T.);
#3954=ORIENTED_EDGE('',*,*,#2921,.T.);
#3955=ORIENTED_EDGE('',*,*,#2569,.F.);
#3956=ORIENTED_EDGE('',*,*,#2951,.F.);
#3957=ORIENTED_EDGE('',*,*,#2682,.T.);
#3958=ORIENTED_EDGE('',*,*,#2694,.F.);
#3959=ORIENTED_EDGE('',*,*,#2952,.F.);
#3960=ORIENTED_EDGE('',*,*,#2953,.F.);
#3961=ORIENTED_EDGE('',*,*,#2954,.T.);
#3962=ORIENTED_EDGE('',*,*,#2955,.F.);
#3963=ORIENTED_EDGE('',*,*,#2956,.F.);
#3964=ORIENTED_EDGE('',*,*,#2957,.F.);
#3965=ORIENTED_EDGE('',*,*,#2958,.T.);
#3966=ORIENTED_EDGE('',*,*,#2959,.F.);
#3967=ORIENTED_EDGE('',*,*,#2960,.F.);
#3968=ORIENTED_EDGE('',*,*,#2961,.F.);
#3969=ORIENTED_EDGE('',*,*,#2962,.T.);
#3970=ORIENTED_EDGE('',*,*,#2963,.F.);
#3971=ORIENTED_EDGE('',*,*,#2964,.F.);
#3972=ORIENTED_EDGE('',*,*,#2965,.F.);
#3973=ORIENTED_EDGE('',*,*,#2966,.T.);
#3974=ORIENTED_EDGE('',*,*,#2967,.F.);
#3975=ORIENTED_EDGE('',*,*,#2968,.F.);
#3976=ORIENTED_EDGE('',*,*,#2775,.F.);
#3977=ORIENTED_EDGE('',*,*,#2967,.T.);
#3978=ORIENTED_EDGE('',*,*,#2969,.T.);
#3979=ORIENTED_EDGE('',*,*,#2970,.T.);
#3980=ORIENTED_EDGE('',*,*,#2971,.T.);
#3981=ORIENTED_EDGE('',*,*,#2733,.F.);
#3982=ORIENTED_EDGE('',*,*,#2777,.F.);
#3983=ORIENTED_EDGE('',*,*,#2771,.F.);
#3984=ORIENTED_EDGE('',*,*,#2968,.T.);
#3985=ORIENTED_EDGE('',*,*,#2972,.T.);
#3986=ORIENTED_EDGE('',*,*,#2748,.T.);
#3987=ORIENTED_EDGE('',*,*,#2750,.T.);
#3988=ORIENTED_EDGE('',*,*,#2553,.T.);
#3989=ORIENTED_EDGE('',*,*,#2622,.F.);
#3990=ORIENTED_EDGE('',*,*,#2792,.F.);
#3991=ORIENTED_EDGE('',*,*,#2805,.F.);
#3992=ORIENTED_EDGE('',*,*,#2696,.T.);
#3993=ORIENTED_EDGE('',*,*,#2972,.F.);
#3994=ORIENTED_EDGE('',*,*,#2969,.F.);
#3995=ORIENTED_EDGE('',*,*,#2966,.F.);
#3996=ORIENTED_EDGE('',*,*,#2973,.F.);
#3997=ORIENTED_EDGE('',*,*,#2974,.F.);
#3998=ORIENTED_EDGE('',*,*,#2632,.F.);
#3999=ORIENTED_EDGE('',*,*,#2675,.F.);
#4000=ORIENTED_EDGE('',*,*,#2749,.T.);
#4001=ORIENTED_EDGE('',*,*,#2975,.T.);
#4002=ORIENTED_EDGE('',*,*,#2765,.F.);
#4003=ORIENTED_EDGE('',*,*,#2734,.T.);
#4004=ORIENTED_EDGE('',*,*,#2971,.F.);
#4005=ORIENTED_EDGE('',*,*,#2684,.T.);
#4006=ORIENTED_EDGE('',*,*,#2976,.T.);
#4007=ORIENTED_EDGE('',*,*,#2567,.F.);
#4008=ORIENTED_EDGE('',*,*,#2597,.F.);
#4009=ORIENTED_EDGE('',*,*,#2591,.F.);
#4010=ORIENTED_EDGE('',*,*,#2644,.T.);
#4011=ORIENTED_EDGE('',*,*,#2977,.T.);
#4012=ORIENTED_EDGE('',*,*,#2899,.F.);
#4013=ORIENTED_EDGE('',*,*,#2978,.T.);
#4014=ORIENTED_EDGE('',*,*,#2979,.T.);
#4015=ORIENTED_EDGE('',*,*,#2980,.F.);
#4016=ORIENTED_EDGE('',*,*,#2598,.F.);
#4017=ORIENTED_EDGE('',*,*,#2981,.T.);
#4018=ORIENTED_EDGE('',*,*,#2982,.T.);
#4019=ORIENTED_EDGE('',*,*,#2983,.F.);
#4020=ORIENTED_EDGE('',*,*,#2608,.F.);
#4021=ORIENTED_EDGE('',*,*,#2984,.T.);
#4022=ORIENTED_EDGE('',*,*,#2985,.T.);
#4023=ORIENTED_EDGE('',*,*,#2986,.F.);
#4024=ORIENTED_EDGE('',*,*,#2615,.F.);
#4025=ORIENTED_EDGE('',*,*,#2772,.F.);
#4026=ORIENTED_EDGE('',*,*,#2625,.F.);
#4027=ORIENTED_EDGE('',*,*,#2987,.T.);
#4028=ORIENTED_EDGE('',*,*,#2988,.T.);
#4029=ORIENTED_EDGE('',*,*,#2974,.T.);
#4030=ORIENTED_EDGE('',*,*,#2989,.T.);
#4031=ORIENTED_EDGE('',*,*,#2990,.F.);
#4032=ORIENTED_EDGE('',*,*,#2629,.F.);
#4033=ORIENTED_EDGE('',*,*,#2683,.T.);
#4034=ORIENTED_EDGE('',*,*,#2951,.T.);
#4035=ORIENTED_EDGE('',*,*,#2568,.F.);
#4036=ORIENTED_EDGE('',*,*,#2976,.F.);
#4037=ORIENTED_EDGE('',*,*,#2977,.F.);
#4038=ORIENTED_EDGE('',*,*,#2643,.T.);
#4039=ORIENTED_EDGE('',*,*,#2950,.T.);
#4040=ORIENTED_EDGE('',*,*,#2900,.F.);
#4041=ORIENTED_EDGE('',*,*,#2991,.T.);
#4042=ORIENTED_EDGE('',*,*,#2953,.T.);
#4043=ORIENTED_EDGE('',*,*,#2992,.F.);
#4044=ORIENTED_EDGE('',*,*,#2979,.F.);
#4045=ORIENTED_EDGE('',*,*,#2993,.T.);
#4046=ORIENTED_EDGE('',*,*,#2957,.T.);
#4047=ORIENTED_EDGE('',*,*,#2994,.F.);
#4048=ORIENTED_EDGE('',*,*,#2982,.F.);
#4049=ORIENTED_EDGE('',*,*,#2995,.T.);
#4050=ORIENTED_EDGE('',*,*,#2961,.T.);
#4051=ORIENTED_EDGE('',*,*,#2996,.F.);
#4052=ORIENTED_EDGE('',*,*,#2985,.F.);
#4053=ORIENTED_EDGE('',*,*,#2773,.F.);
#4054=ORIENTED_EDGE('',*,*,#2988,.F.);
#4055=ORIENTED_EDGE('',*,*,#2997,.T.);
#4056=ORIENTED_EDGE('',*,*,#2947,.T.);
#4057=ORIENTED_EDGE('',*,*,#2973,.T.);
#4058=ORIENTED_EDGE('',*,*,#2965,.T.);
#4059=ORIENTED_EDGE('',*,*,#2998,.F.);
#4060=ORIENTED_EDGE('',*,*,#2989,.F.);
#4061=ORIENTED_EDGE('',*,*,#2999,.F.);
#4062=ORIENTED_EDGE('',*,*,#2954,.F.);
#4063=ORIENTED_EDGE('',*,*,#2991,.F.);
#4064=ORIENTED_EDGE('',*,*,#2978,.F.);
#4065=ORIENTED_EDGE('',*,*,#2601,.F.);
#4066=ORIENTED_EDGE('',*,*,#2666,.F.);
#4067=ORIENTED_EDGE('',*,*,#3000,.T.);
#4068=ORIENTED_EDGE('',*,*,#3001,.F.);
#4069=ORIENTED_EDGE('',*,*,#3002,.T.);
#4070=ORIENTED_EDGE('',*,*,#2538,.T.);
#4071=ORIENTED_EDGE('',*,*,#2602,.F.);
#4072=ORIENTED_EDGE('',*,*,#2783,.F.);
#4073=ORIENTED_EDGE('',*,*,#2798,.T.);
#4074=ORIENTED_EDGE('',*,*,#2718,.T.);
#4075=ORIENTED_EDGE('',*,*,#3003,.T.);
#4076=ORIENTED_EDGE('',*,*,#3004,.F.);
#4077=ORIENTED_EDGE('',*,*,#2716,.T.);
#4078=ORIENTED_EDGE('',*,*,#3005,.F.);
#4079=ORIENTED_EDGE('',*,*,#3006,.F.);
#4080=ORIENTED_EDGE('',*,*,#2955,.T.);
#4081=ORIENTED_EDGE('',*,*,#2999,.T.);
#4082=ORIENTED_EDGE('',*,*,#3007,.F.);
#4083=ORIENTED_EDGE('',*,*,#3008,.T.);
#4084=ORIENTED_EDGE('',*,*,#3005,.T.);
#4085=ORIENTED_EDGE('',*,*,#2715,.F.);
#4086=ORIENTED_EDGE('',*,*,#3009,.F.);
#4087=ORIENTED_EDGE('',*,*,#3006,.T.);
#4088=ORIENTED_EDGE('',*,*,#3010,.T.);
#4089=ORIENTED_EDGE('',*,*,#3011,.F.);
#4090=ORIENTED_EDGE('',*,*,#2669,.T.);
#4091=ORIENTED_EDGE('',*,*,#2609,.T.);
#4092=ORIENTED_EDGE('',*,*,#2983,.T.);
#4093=ORIENTED_EDGE('',*,*,#2994,.T.);
#4094=ORIENTED_EDGE('',*,*,#2956,.T.);
#4095=ORIENTED_EDGE('',*,*,#3012,.F.);
#4096=ORIENTED_EDGE('',*,*,#2712,.F.);
#4097=ORIENTED_EDGE('',*,*,#2801,.F.);
#4098=ORIENTED_EDGE('',*,*,#2785,.T.);
#4099=ORIENTED_EDGE('',*,*,#2606,.T.);
#4100=ORIENTED_EDGE('',*,*,#2546,.F.);
#4101=ORIENTED_EDGE('',*,*,#3013,.F.);
#4102=ORIENTED_EDGE('',*,*,#3009,.T.);
#4103=ORIENTED_EDGE('',*,*,#2714,.F.);
#4104=ORIENTED_EDGE('',*,*,#3014,.T.);
#4105=ORIENTED_EDGE('',*,*,#3015,.T.);
#4106=ORIENTED_EDGE('',*,*,#3016,.T.);
#4107=ORIENTED_EDGE('',*,*,#3012,.T.);
#4108=ORIENTED_EDGE('',*,*,#3017,.T.);
#4109=ORIENTED_EDGE('',*,*,#3011,.T.);
#4110=ORIENTED_EDGE('',*,*,#3018,.F.);
#4111=ORIENTED_EDGE('',*,*,#3000,.F.);
#4112=ORIENTED_EDGE('',*,*,#3019,.F.);
#4113=ORIENTED_EDGE('',*,*,#3002,.F.);
#4114=ORIENTED_EDGE('',*,*,#3020,.F.);
#4115=ORIENTED_EDGE('',*,*,#3021,.T.);
#4116=ORIENTED_EDGE('',*,*,#3022,.T.);
#4117=ORIENTED_EDGE('',*,*,#3023,.T.);
#4118=ORIENTED_EDGE('',*,*,#3015,.F.);
#4119=ORIENTED_EDGE('',*,*,#3024,.F.);
#4120=ORIENTED_EDGE('',*,*,#3025,.T.);
#4121=ORIENTED_EDGE('',*,*,#3021,.F.);
#4122=ORIENTED_EDGE('',*,*,#3026,.F.);
#4123=ORIENTED_EDGE('',*,*,#3024,.T.);
#4124=ORIENTED_EDGE('',*,*,#3027,.T.);
#4125=ORIENTED_EDGE('',*,*,#3028,.T.);
#4126=ORIENTED_EDGE('',*,*,#3029,.F.);
#4127=ORIENTED_EDGE('',*,*,#3022,.F.);
#4128=ORIENTED_EDGE('',*,*,#3025,.F.);
#4129=ORIENTED_EDGE('',*,*,#3029,.T.);
#4130=ORIENTED_EDGE('',*,*,#3030,.F.);
#4131=ORIENTED_EDGE('',*,*,#3023,.F.);
#4132=ORIENTED_EDGE('',*,*,#3030,.T.);
#4133=ORIENTED_EDGE('',*,*,#3028,.F.);
#4134=ORIENTED_EDGE('',*,*,#3031,.F.);
#4135=ORIENTED_EDGE('',*,*,#3017,.F.);
#4136=ORIENTED_EDGE('',*,*,#2545,.F.);
#4137=ORIENTED_EDGE('',*,*,#2654,.F.);
#4138=ORIENTED_EDGE('',*,*,#2670,.T.);
#4139=ORIENTED_EDGE('',*,*,#3031,.T.);
#4140=ORIENTED_EDGE('',*,*,#3032,.F.);
#4141=ORIENTED_EDGE('',*,*,#2713,.T.);
#4142=ORIENTED_EDGE('',*,*,#3016,.F.);
#4143=ORIENTED_EDGE('',*,*,#3033,.T.);
#4144=ORIENTED_EDGE('',*,*,#3034,.F.);
#4145=ORIENTED_EDGE('',*,*,#3035,.F.);
#4146=ORIENTED_EDGE('',*,*,#3036,.F.);
#4147=ORIENTED_EDGE('',*,*,#3027,.F.);
#4148=ORIENTED_EDGE('',*,*,#3037,.F.);
#4149=ORIENTED_EDGE('',*,*,#3004,.T.);
#4150=ORIENTED_EDGE('',*,*,#3038,.T.);
#4151=ORIENTED_EDGE('',*,*,#3014,.F.);
#4152=ORIENTED_EDGE('',*,*,#3032,.T.);
#4153=ORIENTED_EDGE('',*,*,#3013,.T.);
#4154=ORIENTED_EDGE('',*,*,#3038,.F.);
#4155=ORIENTED_EDGE('',*,*,#3003,.F.);
#4156=ORIENTED_EDGE('',*,*,#3008,.F.);
#4157=ORIENTED_EDGE('',*,*,#3039,.T.);
#4158=ORIENTED_EDGE('',*,*,#3036,.T.);
#4159=ORIENTED_EDGE('',*,*,#3040,.T.);
#4160=ORIENTED_EDGE('',*,*,#3041,.F.);
#4161=ORIENTED_EDGE('',*,*,#3042,.T.);
#4162=ORIENTED_EDGE('',*,*,#3043,.T.);
#4163=ORIENTED_EDGE('',*,*,#3039,.F.);
#4164=ORIENTED_EDGE('',*,*,#3044,.T.);
#4165=ORIENTED_EDGE('',*,*,#3042,.F.);
#4166=ORIENTED_EDGE('',*,*,#3045,.F.);
#4167=ORIENTED_EDGE('',*,*,#3046,.T.);
#4168=ORIENTED_EDGE('',*,*,#3047,.F.);
#4169=ORIENTED_EDGE('',*,*,#3033,.F.);
#4170=ORIENTED_EDGE('',*,*,#3043,.F.);
#4171=ORIENTED_EDGE('',*,*,#3047,.T.);
#4172=ORIENTED_EDGE('',*,*,#3048,.T.);
#4173=ORIENTED_EDGE('',*,*,#3049,.T.);
#4174=ORIENTED_EDGE('',*,*,#3048,.F.);
#4175=ORIENTED_EDGE('',*,*,#3046,.F.);
#4176=ORIENTED_EDGE('',*,*,#3050,.T.);
#4177=ORIENTED_EDGE('',*,*,#3049,.F.);
#4178=ORIENTED_EDGE('',*,*,#3051,.F.);
#4179=ORIENTED_EDGE('',*,*,#3052,.F.);
#4180=ORIENTED_EDGE('',*,*,#3034,.T.);
#4181=ORIENTED_EDGE('',*,*,#3053,.F.);
#4182=ORIENTED_EDGE('',*,*,#3054,.F.);
#4183=ORIENTED_EDGE('',*,*,#3055,.F.);
#4184=ORIENTED_EDGE('',*,*,#3056,.F.);
#4185=ORIENTED_EDGE('',*,*,#3057,.F.);
#4186=ORIENTED_EDGE('',*,*,#2741,.F.);
#4187=ORIENTED_EDGE('',*,*,#3058,.F.);
#4188=ORIENTED_EDGE('',*,*,#2762,.T.);
#4189=ORIENTED_EDGE('',*,*,#3059,.T.);
#4190=ORIENTED_EDGE('',*,*,#3060,.F.);
#4191=ORIENTED_EDGE('',*,*,#3061,.F.);
#4192=ORIENTED_EDGE('',*,*,#3062,.F.);
#4193=ORIENTED_EDGE('',*,*,#3063,.F.);
#4194=ORIENTED_EDGE('',*,*,#3064,.F.);
#4195=ORIENTED_EDGE('',*,*,#3065,.F.);
#4196=ORIENTED_EDGE('',*,*,#3066,.T.);
#4197=ORIENTED_EDGE('',*,*,#3067,.T.);
#4198=ORIENTED_EDGE('',*,*,#3068,.F.);
#4199=ORIENTED_EDGE('',*,*,#3069,.F.);
#4200=ORIENTED_EDGE('',*,*,#3070,.F.);
#4201=ORIENTED_EDGE('',*,*,#3071,.F.);
#4202=ORIENTED_EDGE('',*,*,#3072,.F.);
#4203=ORIENTED_EDGE('',*,*,#2528,.F.);
#4204=ORIENTED_EDGE('',*,*,#3073,.F.);
#4205=ORIENTED_EDGE('',*,*,#2513,.T.);
#4206=ORIENTED_EDGE('',*,*,#3074,.T.);
#4207=ORIENTED_EDGE('',*,*,#3075,.F.);
#4208=ORIENTED_EDGE('',*,*,#3076,.F.);
#4209=ORIENTED_EDGE('',*,*,#3077,.F.);
#4210=ORIENTED_EDGE('',*,*,#3078,.F.);
#4211=ORIENTED_EDGE('',*,*,#3079,.F.);
#4212=ORIENTED_EDGE('',*,*,#3080,.F.);
#4213=ORIENTED_EDGE('',*,*,#3040,.F.);
#4214=ORIENTED_EDGE('',*,*,#3035,.T.);
#4215=ORIENTED_EDGE('',*,*,#3052,.T.);
#4216=ORIENTED_EDGE('',*,*,#2931,.F.);
#4217=ORIENTED_EDGE('',*,*,#3081,.T.);
#4218=ORIENTED_EDGE('',*,*,#3053,.T.);
#4219=ORIENTED_EDGE('',*,*,#3082,.F.);
#4220=ORIENTED_EDGE('',*,*,#2927,.F.);
#4221=ORIENTED_EDGE('',*,*,#3082,.T.);
#4222=ORIENTED_EDGE('',*,*,#3057,.T.);
#4223=ORIENTED_EDGE('',*,*,#3083,.F.);
#4224=ORIENTED_EDGE('',*,*,#2928,.F.);
#4225=ORIENTED_EDGE('',*,*,#3083,.T.);
#4226=ORIENTED_EDGE('',*,*,#3056,.T.);
#4227=ORIENTED_EDGE('',*,*,#3084,.F.);
#4228=ORIENTED_EDGE('',*,*,#2929,.F.);
#4229=ORIENTED_EDGE('',*,*,#3084,.T.);
#4230=ORIENTED_EDGE('',*,*,#3055,.T.);
#4231=ORIENTED_EDGE('',*,*,#3085,.F.);
#4232=ORIENTED_EDGE('',*,*,#2930,.F.);
#4233=ORIENTED_EDGE('',*,*,#3085,.T.);
#4234=ORIENTED_EDGE('',*,*,#3054,.T.);
#4235=ORIENTED_EDGE('',*,*,#3081,.F.);
#4236=ORIENTED_EDGE('',*,*,#2942,.F.);
#4237=ORIENTED_EDGE('',*,*,#3086,.T.);
#4238=ORIENTED_EDGE('',*,*,#3060,.T.);
#4239=ORIENTED_EDGE('',*,*,#3087,.F.);
#4240=ORIENTED_EDGE('',*,*,#2943,.F.);
#4241=ORIENTED_EDGE('',*,*,#3087,.T.);
#4242=ORIENTED_EDGE('',*,*,#3063,.T.);
#4243=ORIENTED_EDGE('',*,*,#3088,.F.);
#4244=ORIENTED_EDGE('',*,*,#2944,.F.);
#4245=ORIENTED_EDGE('',*,*,#3088,.T.);
#4246=ORIENTED_EDGE('',*,*,#3062,.T.);
#4247=ORIENTED_EDGE('',*,*,#3089,.F.);
#4248=ORIENTED_EDGE('',*,*,#2945,.F.);
#4249=ORIENTED_EDGE('',*,*,#3089,.T.);
#4250=ORIENTED_EDGE('',*,*,#3061,.T.);
#4251=ORIENTED_EDGE('',*,*,#3086,.F.);
#4252=ORIENTED_EDGE('',*,*,#2932,.F.);
#4253=ORIENTED_EDGE('',*,*,#3090,.T.);
#4254=ORIENTED_EDGE('',*,*,#3068,.T.);
#4255=ORIENTED_EDGE('',*,*,#3091,.F.);
#4256=ORIENTED_EDGE('',*,*,#2933,.F.);
#4257=ORIENTED_EDGE('',*,*,#3091,.T.);
#4258=ORIENTED_EDGE('',*,*,#3072,.T.);
#4259=ORIENTED_EDGE('',*,*,#3092,.F.);
#4260=ORIENTED_EDGE('',*,*,#2934,.F.);
#4261=ORIENTED_EDGE('',*,*,#3092,.T.);
#4262=ORIENTED_EDGE('',*,*,#3071,.T.);
#4263=ORIENTED_EDGE('',*,*,#3093,.F.);
#4264=ORIENTED_EDGE('',*,*,#2935,.F.);
#4265=ORIENTED_EDGE('',*,*,#3093,.T.);
#4266=ORIENTED_EDGE('',*,*,#3070,.T.);
#4267=ORIENTED_EDGE('',*,*,#3094,.F.);
#4268=ORIENTED_EDGE('',*,*,#2936,.F.);
#4269=ORIENTED_EDGE('',*,*,#3094,.T.);
#4270=ORIENTED_EDGE('',*,*,#3069,.T.);
#4271=ORIENTED_EDGE('',*,*,#3090,.F.);
#4272=ORIENTED_EDGE('',*,*,#2937,.F.);
#4273=ORIENTED_EDGE('',*,*,#3095,.T.);
#4274=ORIENTED_EDGE('',*,*,#3075,.T.);
#4275=ORIENTED_EDGE('',*,*,#3096,.F.);
#4276=ORIENTED_EDGE('',*,*,#2938,.F.);
#4277=ORIENTED_EDGE('',*,*,#3096,.T.);
#4278=ORIENTED_EDGE('',*,*,#3079,.T.);
#4279=ORIENTED_EDGE('',*,*,#3097,.F.);
#4280=ORIENTED_EDGE('',*,*,#2939,.F.);
#4281=ORIENTED_EDGE('',*,*,#3097,.T.);
#4282=ORIENTED_EDGE('',*,*,#3078,.T.);
#4283=ORIENTED_EDGE('',*,*,#3098,.F.);
#4284=ORIENTED_EDGE('',*,*,#2940,.F.);
#4285=ORIENTED_EDGE('',*,*,#3098,.T.);
#4286=ORIENTED_EDGE('',*,*,#3077,.T.);
#4287=ORIENTED_EDGE('',*,*,#3099,.F.);
#4288=ORIENTED_EDGE('',*,*,#2941,.F.);
#4289=ORIENTED_EDGE('',*,*,#3099,.T.);
#4290=ORIENTED_EDGE('',*,*,#3076,.T.);
#4291=ORIENTED_EDGE('',*,*,#3095,.F.);
#4292=ORIENTED_EDGE('',*,*,#3019,.T.);
#4293=ORIENTED_EDGE('',*,*,#2665,.F.);
#4294=ORIENTED_EDGE('',*,*,#2650,.T.);
#4295=ORIENTED_EDGE('',*,*,#2539,.T.);
#4296=ORIENTED_EDGE('',*,*,#3026,.T.);
#4297=ORIENTED_EDGE('',*,*,#3020,.T.);
#4298=ORIENTED_EDGE('',*,*,#2717,.F.);
#4299=ORIENTED_EDGE('',*,*,#3037,.T.);
#4300=ORIENTED_EDGE('',*,*,#3100,.T.);
#4301=ORIENTED_EDGE('',*,*,#3041,.T.);
#4302=ORIENTED_EDGE('',*,*,#3080,.T.);
#4303=ORIENTED_EDGE('',*,*,#3051,.T.);
#4304=ORIENTED_EDGE('',*,*,#3045,.T.);
#4305=ORIENTED_EDGE('',*,*,#3044,.F.);
#4306=ORIENTED_EDGE('',*,*,#3100,.F.);
#4307=ORIENTED_EDGE('',*,*,#3050,.F.);
#4308=ORIENTED_EDGE('',*,*,#3101,.F.);
#4309=ORIENTED_EDGE('',*,*,#2529,.F.);
#4310=ORIENTED_EDGE('',*,*,#3074,.F.);
#4311=ORIENTED_EDGE('',*,*,#2512,.T.);
#4312=ORIENTED_EDGE('',*,*,#3101,.T.);
#4313=ORIENTED_EDGE('',*,*,#3102,.F.);
#4314=ORIENTED_EDGE('',*,*,#3103,.F.);
#4315=ORIENTED_EDGE('',*,*,#3104,.T.);
#4316=ORIENTED_EDGE('',*,*,#3105,.T.);
#4317=ORIENTED_EDGE('',*,*,#3106,.F.);
#4318=ORIENTED_EDGE('',*,*,#2526,.F.);
#4319=ORIENTED_EDGE('',*,*,#3104,.F.);
#4320=ORIENTED_EDGE('',*,*,#3107,.F.);
#4321=ORIENTED_EDGE('',*,*,#3105,.F.);
#4322=ORIENTED_EDGE('',*,*,#3103,.T.);
#4323=ORIENTED_EDGE('',*,*,#3108,.F.);
#4324=ORIENTED_EDGE('',*,*,#3107,.T.);
#4325=ORIENTED_EDGE('',*,*,#3109,.T.);
#4326=ORIENTED_EDGE('',*,*,#3110,.F.);
#4327=ORIENTED_EDGE('',*,*,#3106,.T.);
#4328=ORIENTED_EDGE('',*,*,#3111,.T.);
#4329=ORIENTED_EDGE('',*,*,#2502,.F.);
#4330=ORIENTED_EDGE('',*,*,#3112,.F.);
#4331=ORIENTED_EDGE('',*,*,#3113,.F.);
#4332=ORIENTED_EDGE('',*,*,#3110,.T.);
#4333=ORIENTED_EDGE('',*,*,#2514,.T.);
#4334=ORIENTED_EDGE('',*,*,#3073,.T.);
#4335=ORIENTED_EDGE('',*,*,#2527,.F.);
#4336=ORIENTED_EDGE('',*,*,#2515,.F.);
#4337=ORIENTED_EDGE('',*,*,#2706,.F.);
#4338=ORIENTED_EDGE('',*,*,#2803,.T.);
#4339=ORIENTED_EDGE('',*,*,#2788,.T.);
#4340=ORIENTED_EDGE('',*,*,#2613,.T.);
#4341=ORIENTED_EDGE('',*,*,#2551,.F.);
#4342=ORIENTED_EDGE('',*,*,#3114,.T.);
#4343=ORIENTED_EDGE('',*,*,#2516,.F.);
#4344=ORIENTED_EDGE('',*,*,#2673,.T.);
#4345=ORIENTED_EDGE('',*,*,#2616,.T.);
#4346=ORIENTED_EDGE('',*,*,#2986,.T.);
#4347=ORIENTED_EDGE('',*,*,#2996,.T.);
#4348=ORIENTED_EDGE('',*,*,#2960,.T.);
#4349=ORIENTED_EDGE('',*,*,#3115,.T.);
#4350=ORIENTED_EDGE('',*,*,#3111,.F.);
#4351=ORIENTED_EDGE('',*,*,#3116,.T.);
#4352=ORIENTED_EDGE('',*,*,#2707,.F.);
#4353=ORIENTED_EDGE('',*,*,#2503,.T.);
#4354=ORIENTED_EDGE('',*,*,#3114,.F.);
#4355=ORIENTED_EDGE('',*,*,#3117,.T.);
#4356=ORIENTED_EDGE('',*,*,#3118,.T.);
#4357=ORIENTED_EDGE('',*,*,#2517,.T.);
#4358=ORIENTED_EDGE('',*,*,#2520,.T.);
#4359=ORIENTED_EDGE('',*,*,#2543,.T.);
#4360=ORIENTED_EDGE('',*,*,#2605,.F.);
#4361=ORIENTED_EDGE('',*,*,#2784,.F.);
#4362=ORIENTED_EDGE('',*,*,#2800,.F.);
#4363=ORIENTED_EDGE('',*,*,#2710,.T.);
#4364=ORIENTED_EDGE('',*,*,#3118,.F.);
#4365=ORIENTED_EDGE('',*,*,#3119,.F.);
#4366=ORIENTED_EDGE('',*,*,#2958,.F.);
#4367=ORIENTED_EDGE('',*,*,#2993,.F.);
#4368=ORIENTED_EDGE('',*,*,#2981,.F.);
#4369=ORIENTED_EDGE('',*,*,#2611,.F.);
#4370=ORIENTED_EDGE('',*,*,#2668,.F.);
#4371=ORIENTED_EDGE('',*,*,#2518,.T.);
#4372=ORIENTED_EDGE('',*,*,#3112,.T.);
#4373=ORIENTED_EDGE('',*,*,#2501,.F.);
#4374=ORIENTED_EDGE('',*,*,#2709,.T.);
#4375=ORIENTED_EDGE('',*,*,#3120,.F.);
#4376=ORIENTED_EDGE('',*,*,#3117,.F.);
#4377=ORIENTED_EDGE('',*,*,#3115,.F.);
#4378=ORIENTED_EDGE('',*,*,#2959,.T.);
#4379=ORIENTED_EDGE('',*,*,#3119,.T.);
#4380=ORIENTED_EDGE('',*,*,#3113,.T.);
#4381=ORIENTED_EDGE('',*,*,#3120,.T.);
#4382=ORIENTED_EDGE('',*,*,#2708,.F.);
#4383=ORIENTED_EDGE('',*,*,#3116,.F.);
#4384=ORIENTED_EDGE('',*,*,#2511,.F.);
#4385=ORIENTED_EDGE('',*,*,#3109,.F.);
#4386=ORIENTED_EDGE('',*,*,#3108,.T.);
#4387=ORIENTED_EDGE('',*,*,#3102,.T.);
#4388=ORIENTED_EDGE('',*,*,#3121,.T.);
#4389=ORIENTED_EDGE('',*,*,#2671,.F.);
#4390=ORIENTED_EDGE('',*,*,#2655,.T.);
#4391=ORIENTED_EDGE('',*,*,#2549,.T.);
#4392=ORIENTED_EDGE('',*,*,#3122,.T.);
#4393=ORIENTED_EDGE('',*,*,#3123,.T.);
#4394=ORIENTED_EDGE('',*,*,#2703,.F.);
#4395=ORIENTED_EDGE('',*,*,#3124,.T.);
#4396=ORIENTED_EDGE('',*,*,#3125,.T.);
#4397=ORIENTED_EDGE('',*,*,#3126,.T.);
#4398=ORIENTED_EDGE('',*,*,#3064,.T.);
#4399=ORIENTED_EDGE('',*,*,#3127,.T.);
#4400=ORIENTED_EDGE('',*,*,#3128,.T.);
#4401=ORIENTED_EDGE('',*,*,#3129,.T.);
#4402=ORIENTED_EDGE('',*,*,#3130,.T.);
#4403=ORIENTED_EDGE('',*,*,#3131,.T.);
#4404=ORIENTED_EDGE('',*,*,#3132,.T.);
#4405=ORIENTED_EDGE('',*,*,#3133,.F.);
#4406=ORIENTED_EDGE('',*,*,#3134,.F.);
#4407=ORIENTED_EDGE('',*,*,#3121,.F.);
#4408=ORIENTED_EDGE('',*,*,#3135,.F.);
#4409=ORIENTED_EDGE('',*,*,#3123,.F.);
#4410=ORIENTED_EDGE('',*,*,#3136,.T.);
#4411=ORIENTED_EDGE('',*,*,#3137,.T.);
#4412=ORIENTED_EDGE('',*,*,#3128,.F.);
#4413=ORIENTED_EDGE('',*,*,#3138,.T.);
#4414=ORIENTED_EDGE('',*,*,#3136,.F.);
#4415=ORIENTED_EDGE('',*,*,#3139,.F.);
#4416=ORIENTED_EDGE('',*,*,#3140,.T.);
#4417=ORIENTED_EDGE('',*,*,#3141,.F.);
#4418=ORIENTED_EDGE('',*,*,#3141,.T.);
#4419=ORIENTED_EDGE('',*,*,#3142,.F.);
#4420=ORIENTED_EDGE('',*,*,#3143,.F.);
#4421=ORIENTED_EDGE('',*,*,#3137,.F.);
#4422=ORIENTED_EDGE('',*,*,#3131,.F.);
#4423=ORIENTED_EDGE('',*,*,#2556,.F.);
#4424=ORIENTED_EDGE('',*,*,#2659,.F.);
#4425=ORIENTED_EDGE('',*,*,#2677,.T.);
#4426=ORIENTED_EDGE('',*,*,#3143,.T.);
#4427=ORIENTED_EDGE('',*,*,#3144,.F.);
#4428=ORIENTED_EDGE('',*,*,#2699,.T.);
#4429=ORIENTED_EDGE('',*,*,#3129,.F.);
#4430=ORIENTED_EDGE('',*,*,#3145,.T.);
#4431=ORIENTED_EDGE('',*,*,#3146,.F.);
#4432=ORIENTED_EDGE('',*,*,#3066,.F.);
#4433=ORIENTED_EDGE('',*,*,#3147,.F.);
#4434=ORIENTED_EDGE('',*,*,#3148,.F.);
#4435=ORIENTED_EDGE('',*,*,#3124,.F.);
#4436=ORIENTED_EDGE('',*,*,#3149,.T.);
#4437=ORIENTED_EDGE('',*,*,#3150,.T.);
#4438=ORIENTED_EDGE('',*,*,#3151,.F.);
#4439=ORIENTED_EDGE('',*,*,#3144,.T.);
#4440=ORIENTED_EDGE('',*,*,#3148,.T.);
#4441=ORIENTED_EDGE('',*,*,#3142,.T.);
#4442=ORIENTED_EDGE('',*,*,#3140,.F.);
#4443=ORIENTED_EDGE('',*,*,#3152,.T.);
#4444=ORIENTED_EDGE('',*,*,#3139,.T.);
#4445=ORIENTED_EDGE('',*,*,#3138,.F.);
#4446=ORIENTED_EDGE('',*,*,#3122,.F.);
#4447=ORIENTED_EDGE('',*,*,#3152,.F.);
#4448=ORIENTED_EDGE('',*,*,#3130,.F.);
#4449=ORIENTED_EDGE('',*,*,#2698,.F.);
#4450=ORIENTED_EDGE('',*,*,#2806,.T.);
#4451=ORIENTED_EDGE('',*,*,#2793,.T.);
#4452=ORIENTED_EDGE('',*,*,#2623,.T.);
#4453=ORIENTED_EDGE('',*,*,#2557,.F.);
#4454=ORIENTED_EDGE('',*,*,#3153,.T.);
#4455=ORIENTED_EDGE('',*,*,#3132,.F.);
#4456=ORIENTED_EDGE('',*,*,#2676,.T.);
#4457=ORIENTED_EDGE('',*,*,#2630,.T.);
#4458=ORIENTED_EDGE('',*,*,#2990,.T.);
#4459=ORIENTED_EDGE('',*,*,#2998,.T.);
#4460=ORIENTED_EDGE('',*,*,#2964,.T.);
#4461=ORIENTED_EDGE('',*,*,#3154,.T.);
#4462=ORIENTED_EDGE('',*,*,#3155,.F.);
#4463=ORIENTED_EDGE('',*,*,#3156,.T.);
#4464=ORIENTED_EDGE('',*,*,#2700,.F.);
#4465=ORIENTED_EDGE('',*,*,#3151,.T.);
#4466=ORIENTED_EDGE('',*,*,#3153,.F.);
#4467=ORIENTED_EDGE('',*,*,#3157,.T.);
#4468=ORIENTED_EDGE('',*,*,#3158,.T.);
#4469=ORIENTED_EDGE('',*,*,#3133,.T.);
#4470=ORIENTED_EDGE('',*,*,#3135,.T.);
#4471=ORIENTED_EDGE('',*,*,#2548,.T.);
#4472=ORIENTED_EDGE('',*,*,#2612,.F.);
#4473=ORIENTED_EDGE('',*,*,#2787,.F.);
#4474=ORIENTED_EDGE('',*,*,#2802,.F.);
#4475=ORIENTED_EDGE('',*,*,#2704,.T.);
#4476=ORIENTED_EDGE('',*,*,#3158,.F.);
#4477=ORIENTED_EDGE('',*,*,#3159,.F.);
#4478=ORIENTED_EDGE('',*,*,#2962,.F.);
#4479=ORIENTED_EDGE('',*,*,#2995,.F.);
#4480=ORIENTED_EDGE('',*,*,#2984,.F.);
#4481=ORIENTED_EDGE('',*,*,#2618,.F.);
#4482=ORIENTED_EDGE('',*,*,#2672,.F.);
#4483=ORIENTED_EDGE('',*,*,#3134,.T.);
#4484=ORIENTED_EDGE('',*,*,#3160,.T.);
#4485=ORIENTED_EDGE('',*,*,#3149,.F.);
#4486=ORIENTED_EDGE('',*,*,#2702,.T.);
#4487=ORIENTED_EDGE('',*,*,#3161,.F.);
#4488=ORIENTED_EDGE('',*,*,#3157,.F.);
#4489=ORIENTED_EDGE('',*,*,#3154,.F.);
#4490=ORIENTED_EDGE('',*,*,#2963,.T.);
#4491=ORIENTED_EDGE('',*,*,#3159,.T.);
#4492=ORIENTED_EDGE('',*,*,#3162,.T.);
#4493=ORIENTED_EDGE('',*,*,#3161,.T.);
#4494=ORIENTED_EDGE('',*,*,#2701,.F.);
#4495=ORIENTED_EDGE('',*,*,#3156,.F.);
#4496=ORIENTED_EDGE('',*,*,#3155,.T.);
#4497=ORIENTED_EDGE('',*,*,#3150,.F.);
#4498=ORIENTED_EDGE('',*,*,#3160,.F.);
#4499=ORIENTED_EDGE('',*,*,#3162,.F.);
#4500=ORIENTED_EDGE('',*,*,#3163,.T.);
#4501=ORIENTED_EDGE('',*,*,#3147,.T.);
#4502=ORIENTED_EDGE('',*,*,#3065,.T.);
#4503=ORIENTED_EDGE('',*,*,#3126,.F.);
#4504=ORIENTED_EDGE('',*,*,#3164,.T.);
#4505=ORIENTED_EDGE('',*,*,#3165,.T.);
#4506=ORIENTED_EDGE('',*,*,#3163,.F.);
#4507=ORIENTED_EDGE('',*,*,#3166,.T.);
#4508=ORIENTED_EDGE('',*,*,#3164,.F.);
#4509=ORIENTED_EDGE('',*,*,#3167,.F.);
#4510=ORIENTED_EDGE('',*,*,#3168,.T.);
#4511=ORIENTED_EDGE('',*,*,#3169,.F.);
#4512=ORIENTED_EDGE('',*,*,#3145,.F.);
#4513=ORIENTED_EDGE('',*,*,#3165,.F.);
#4514=ORIENTED_EDGE('',*,*,#3169,.T.);
#4515=ORIENTED_EDGE('',*,*,#3170,.T.);
#4516=ORIENTED_EDGE('',*,*,#3171,.T.);
#4517=ORIENTED_EDGE('',*,*,#3170,.F.);
#4518=ORIENTED_EDGE('',*,*,#3168,.F.);
#4519=ORIENTED_EDGE('',*,*,#3172,.T.);
#4520=ORIENTED_EDGE('',*,*,#3171,.F.);
#4521=ORIENTED_EDGE('',*,*,#3127,.F.);
#4522=ORIENTED_EDGE('',*,*,#3067,.F.);
#4523=ORIENTED_EDGE('',*,*,#3146,.T.);
#4524=ORIENTED_EDGE('',*,*,#3167,.T.);
#4525=ORIENTED_EDGE('',*,*,#3166,.F.);
#4526=ORIENTED_EDGE('',*,*,#3125,.F.);
#4527=ORIENTED_EDGE('',*,*,#3172,.F.);
#4528=ORIENTED_EDGE('',*,*,#3173,.F.);
#4529=ORIENTED_EDGE('',*,*,#2742,.F.);
#4530=ORIENTED_EDGE('',*,*,#3059,.F.);
#4531=ORIENTED_EDGE('',*,*,#2761,.T.);
#4532=ORIENTED_EDGE('',*,*,#3173,.T.);
#4533=ORIENTED_EDGE('',*,*,#3174,.F.);
#4534=ORIENTED_EDGE('',*,*,#3175,.F.);
#4535=ORIENTED_EDGE('',*,*,#3176,.T.);
#4536=ORIENTED_EDGE('',*,*,#3177,.T.);
#4537=ORIENTED_EDGE('',*,*,#3178,.F.);
#4538=ORIENTED_EDGE('',*,*,#2739,.F.);
#4539=ORIENTED_EDGE('',*,*,#3176,.F.);
#4540=ORIENTED_EDGE('',*,*,#3179,.F.);
#4541=ORIENTED_EDGE('',*,*,#3177,.F.);
#4542=ORIENTED_EDGE('',*,*,#3175,.T.);
#4543=ORIENTED_EDGE('',*,*,#3180,.F.);
#4544=ORIENTED_EDGE('',*,*,#3179,.T.);
#4545=ORIENTED_EDGE('',*,*,#3181,.T.);
#4546=ORIENTED_EDGE('',*,*,#3182,.F.);
#4547=ORIENTED_EDGE('',*,*,#3178,.T.);
#4548=ORIENTED_EDGE('',*,*,#2776,.T.);
#4549=ORIENTED_EDGE('',*,*,#2766,.F.);
#4550=ORIENTED_EDGE('',*,*,#2975,.F.);
#4551=ORIENTED_EDGE('',*,*,#2970,.F.);
#4552=ORIENTED_EDGE('',*,*,#3182,.T.);
#4553=ORIENTED_EDGE('',*,*,#2763,.T.);
#4554=ORIENTED_EDGE('',*,*,#3058,.T.);
#4555=ORIENTED_EDGE('',*,*,#2740,.F.);
#4556=ORIENTED_EDGE('',*,*,#2760,.F.);
#4557=ORIENTED_EDGE('',*,*,#3181,.F.);
#4558=ORIENTED_EDGE('',*,*,#3180,.T.);
#4559=ORIENTED_EDGE('',*,*,#3174,.T.);
#4560=ORIENTED_EDGE('',*,*,#3010,.F.);
#4561=ORIENTED_EDGE('',*,*,#3007,.T.);
#4562=ORIENTED_EDGE('',*,*,#3001,.T.);
#4563=ORIENTED_EDGE('',*,*,#3018,.T.);
#4564=ORIENTED_EDGE('',*,*,#2693,.T.);
#4565=ORIENTED_EDGE('',*,*,#2720,.F.);
#4566=ORIENTED_EDGE('',*,*,#2799,.T.);
#4567=ORIENTED_EDGE('',*,*,#2781,.T.);
#4568=ORIENTED_EDGE('',*,*,#2603,.T.);
#4569=ORIENTED_EDGE('',*,*,#2541,.F.);
#4570=ORIENTED_EDGE('',*,*,#2652,.F.);
#4571=ORIENTED_EDGE('',*,*,#2667,.F.);
#4572=ORIENTED_EDGE('',*,*,#2599,.T.);
#4573=ORIENTED_EDGE('',*,*,#2980,.T.);
#4574=ORIENTED_EDGE('',*,*,#2992,.T.);
#4575=ORIENTED_EDGE('',*,*,#2952,.T.);
#4576=ORIENTED_EDGE('',*,*,#3183,.F.);
#4577=ORIENTED_EDGE('',*,*,#2948,.F.);
#4578=ORIENTED_EDGE('',*,*,#2997,.F.);
#4579=ORIENTED_EDGE('',*,*,#2987,.F.);
#4580=ORIENTED_EDGE('',*,*,#2628,.F.);
#4581=ORIENTED_EDGE('',*,*,#2680,.F.);
#4582=ORIENTED_EDGE('',*,*,#2662,.T.);
#4583=ORIENTED_EDGE('',*,*,#2563,.T.);
#4584=ORIENTED_EDGE('',*,*,#2621,.F.);
#4585=ORIENTED_EDGE('',*,*,#2791,.F.);
#4586=ORIENTED_EDGE('',*,*,#2804,.F.);
#4587=ORIENTED_EDGE('',*,*,#2728,.F.);
#4588=ORIENTED_EDGE('',*,*,#2727,.F.);
#4589=ORIENTED_EDGE('',*,*,#2902,.F.);
#4590=ORIENTED_EDGE('',*,*,#2949,.T.);
#4591=ORIENTED_EDGE('',*,*,#3183,.T.);
#4592=ORIENTED_EDGE('',*,*,#2839,.F.);
#4593=ORIENTED_EDGE('',*,*,#2831,.F.);
#4594=ORIENTED_EDGE('',*,*,#2871,.T.);
#4595=ORIENTED_EDGE('',*,*,#2853,.T.);
#4596=ORIENTED_EDGE('',*,*,#2834,.F.);
#4597=ORIENTED_EDGE('',*,*,#2846,.F.);
#4598=ORIENTED_EDGE('',*,*,#2579,.T.);
#4599=ORIENTED_EDGE('',*,*,#3184,.T.);
#4600=ORIENTED_EDGE('',*,*,#3185,.F.);
#4601=ORIENTED_EDGE('',*,*,#3186,.F.);
#4602=ORIENTED_EDGE('',*,*,#2580,.T.);
#4603=ORIENTED_EDGE('',*,*,#3186,.T.);
#4604=ORIENTED_EDGE('',*,*,#3187,.F.);
#4605=ORIENTED_EDGE('',*,*,#3188,.F.);
#4606=ORIENTED_EDGE('',*,*,#2581,.T.);
#4607=ORIENTED_EDGE('',*,*,#3188,.T.);
#4608=ORIENTED_EDGE('',*,*,#3189,.F.);
#4609=ORIENTED_EDGE('',*,*,#3190,.F.);
#4610=ORIENTED_EDGE('',*,*,#2582,.T.);
#4611=ORIENTED_EDGE('',*,*,#3190,.T.);
#4612=ORIENTED_EDGE('',*,*,#3191,.F.);
#4613=ORIENTED_EDGE('',*,*,#3192,.F.);
#4614=ORIENTED_EDGE('',*,*,#2583,.T.);
#4615=ORIENTED_EDGE('',*,*,#3192,.T.);
#4616=ORIENTED_EDGE('',*,*,#3193,.F.);
#4617=ORIENTED_EDGE('',*,*,#3194,.F.);
#4618=ORIENTED_EDGE('',*,*,#2584,.T.);
#4619=ORIENTED_EDGE('',*,*,#3194,.T.);
#4620=ORIENTED_EDGE('',*,*,#3195,.F.);
#4621=ORIENTED_EDGE('',*,*,#3196,.F.);
#4622=ORIENTED_EDGE('',*,*,#2585,.T.);
#4623=ORIENTED_EDGE('',*,*,#3196,.T.);
#4624=ORIENTED_EDGE('',*,*,#3197,.F.);
#4625=ORIENTED_EDGE('',*,*,#3184,.F.);
#4626=ORIENTED_EDGE('',*,*,#3185,.T.);
#4627=ORIENTED_EDGE('',*,*,#3197,.T.);
#4628=ORIENTED_EDGE('',*,*,#3195,.T.);
#4629=ORIENTED_EDGE('',*,*,#3193,.T.);
#4630=ORIENTED_EDGE('',*,*,#3191,.T.);
#4631=ORIENTED_EDGE('',*,*,#3189,.T.);
#4632=ORIENTED_EDGE('',*,*,#3187,.T.);
#4633=ORIENTED_EDGE('',*,*,#3198,.F.);
#4634=ORIENTED_EDGE('',*,*,#3199,.F.);
#4635=ORIENTED_EDGE('',*,*,#3200,.F.);
#4636=ORIENTED_EDGE('',*,*,#3201,.F.);
#4637=ORIENTED_EDGE('',*,*,#3202,.F.);
#4638=ORIENTED_EDGE('',*,*,#3198,.T.);
#4639=ORIENTED_EDGE('',*,*,#3203,.T.);
#4640=ORIENTED_EDGE('',*,*,#3204,.F.);
#4641=ORIENTED_EDGE('',*,*,#3205,.F.);
#4642=ORIENTED_EDGE('',*,*,#3199,.T.);
#4643=ORIENTED_EDGE('',*,*,#3205,.T.);
#4644=ORIENTED_EDGE('',*,*,#3206,.F.);
#4645=ORIENTED_EDGE('',*,*,#3207,.F.);
#4646=ORIENTED_EDGE('',*,*,#3200,.T.);
#4647=ORIENTED_EDGE('',*,*,#3207,.T.);
#4648=ORIENTED_EDGE('',*,*,#3208,.F.);
#4649=ORIENTED_EDGE('',*,*,#3209,.F.);
#4650=ORIENTED_EDGE('',*,*,#3201,.T.);
#4651=ORIENTED_EDGE('',*,*,#3209,.T.);
#4652=ORIENTED_EDGE('',*,*,#3210,.F.);
#4653=ORIENTED_EDGE('',*,*,#3211,.F.);
#4654=ORIENTED_EDGE('',*,*,#3202,.T.);
#4655=ORIENTED_EDGE('',*,*,#3211,.T.);
#4656=ORIENTED_EDGE('',*,*,#3212,.F.);
#4657=ORIENTED_EDGE('',*,*,#3203,.F.);
#4658=ORIENTED_EDGE('',*,*,#3204,.T.);
#4659=ORIENTED_EDGE('',*,*,#3212,.T.);
#4660=ORIENTED_EDGE('',*,*,#3210,.T.);
#4661=ORIENTED_EDGE('',*,*,#3208,.T.);
#4662=ORIENTED_EDGE('',*,*,#3206,.T.);
#4663=PLANE('',#5229);
#4664=PLANE('',#5230);
#4665=PLANE('',#5231);
#4666=PLANE('',#5232);
#4667=PLANE('',#5233);
#4668=PLANE('',#5234);
#4669=PLANE('',#5235);
#4670=PLANE('',#5236);
#4671=PLANE('',#5237);
#4672=PLANE('',#5238);
#4673=PLANE('',#5239);
#4674=PLANE('',#5240);
#4675=PLANE('',#5241);
#4676=PLANE('',#5242);
#4677=PLANE('',#5243);
#4678=PLANE('',#5244);
#4679=PLANE('',#5245);
#4680=PLANE('',#5246);
#4681=PLANE('',#5247);
#4682=PLANE('',#5248);
#4683=PLANE('',#5249);
#4684=PLANE('',#5250);
#4685=PLANE('',#5251);
#4686=PLANE('',#5252);
#4687=PLANE('',#5253);
#4688=PLANE('',#5254);
#4689=PLANE('',#5255);
#4690=PLANE('',#5256);
#4691=PLANE('',#5257);
#4692=PLANE('',#5258);
#4693=PLANE('',#5259);
#4694=PLANE('',#5260);
#4695=PLANE('',#5261);
#4696=PLANE('',#5262);
#4697=PLANE('',#5263);
#4698=PLANE('',#5264);
#4699=PLANE('',#5265);
#4700=PLANE('',#5266);
#4701=PLANE('',#5267);
#4702=PLANE('',#5268);
#4703=PLANE('',#5269);
#4704=PLANE('',#5270);
#4705=PLANE('',#5271);
#4706=PLANE('',#5272);
#4707=PLANE('',#5273);
#4708=PLANE('',#5274);
#4709=PLANE('',#5275);
#4710=PLANE('',#5276);
#4711=PLANE('',#5277);
#4712=PLANE('',#5278);
#4713=PLANE('',#5279);
#4714=PLANE('',#5280);
#4715=PLANE('',#5281);
#4716=PLANE('',#5282);
#4717=PLANE('',#5283);
#4718=PLANE('',#5284);
#4719=PLANE('',#5285);
#4720=PLANE('',#5286);
#4721=PLANE('',#5287);
#4722=PLANE('',#5288);
#4723=PLANE('',#5289);
#4724=PLANE('',#5290);
#4725=PLANE('',#5291);
#4726=PLANE('',#5292);
#4727=PLANE('',#5293);
#4728=PLANE('',#5294);
#4729=PLANE('',#5295);
#4730=PLANE('',#5296);
#4731=PLANE('',#5297);
#4732=PLANE('',#5298);
#4733=PLANE('',#5299);
#4734=PLANE('',#5300);
#4735=PLANE('',#5301);
#4736=PLANE('',#5302);
#4737=PLANE('',#5303);
#4738=PLANE('',#5304);
#4739=PLANE('',#5305);
#4740=PLANE('',#5306);
#4741=PLANE('',#5307);
#4742=PLANE('',#5308);
#4743=PLANE('',#5309);
#4744=PLANE('',#5310);
#4745=PLANE('',#5311);
#4746=PLANE('',#5312);
#4747=PLANE('',#5313);
#4748=PLANE('',#5314);
#4749=PLANE('',#5315);
#4750=PLANE('',#5316);
#4751=PLANE('',#5317);
#4752=PLANE('',#5318);
#4753=PLANE('',#5319);
#4754=PLANE('',#5323);
#4755=PLANE('',#5324);
#4756=PLANE('',#5326);
#4757=PLANE('',#5328);
#4758=PLANE('',#5330);
#4759=PLANE('',#5334);
#4760=PLANE('',#5337);
#4761=PLANE('',#5338);
#4762=PLANE('',#5339);
#4763=PLANE('',#5340);
#4764=PLANE('',#5346);
#4765=PLANE('',#5349);
#4766=PLANE('',#5350);
#4767=PLANE('',#5351);
#4768=PLANE('',#5352);
#4769=PLANE('',#5353);
#4770=PLANE('',#5354);
#4771=PLANE('',#5355);
#4772=PLANE('',#5356);
#4773=PLANE('',#5357);
#4774=PLANE('',#5358);
#4775=PLANE('',#5359);
#4776=PLANE('',#5360);
#4777=PLANE('',#5361);
#4778=PLANE('',#5362);
#4779=PLANE('',#5363);
#4780=PLANE('',#5364);
#4781=PLANE('',#5365);
#4782=PLANE('',#5366);
#4783=PLANE('',#5367);
#4784=PLANE('',#5368);
#4785=PLANE('',#5369);
#4786=PLANE('',#5370);
#4787=PLANE('',#5371);
#4788=PLANE('',#5372);
#4789=PLANE('',#5373);
#4790=PLANE('',#5374);
#4791=PLANE('',#5375);
#4792=PLANE('',#5376);
#4793=PLANE('',#5377);
#4794=PLANE('',#5378);
#4795=PLANE('',#5379);
#4796=PLANE('',#5380);
#4797=PLANE('',#5381);
#4798=PLANE('',#5382);
#4799=PLANE('',#5383);
#4800=PLANE('',#5384);
#4801=PLANE('',#5385);
#4802=PLANE('',#5386);
#4803=PLANE('',#5387);
#4804=PLANE('',#5388);
#4805=PLANE('',#5389);
#4806=PLANE('',#5390);
#4807=PLANE('',#5391);
#4808=PLANE('',#5392);
#4809=PLANE('',#5393);
#4810=PLANE('',#5394);
#4811=PLANE('',#5395);
#4812=PLANE('',#5396);
#4813=PLANE('',#5397);
#4814=PLANE('',#5398);
#4815=PLANE('',#5399);
#4816=PLANE('',#5400);
#4817=PLANE('',#5401);
#4818=PLANE('',#5402);
#4819=PLANE('',#5403);
#4820=PLANE('',#5404);
#4821=PLANE('',#5405);
#4822=PLANE('',#5406);
#4823=PLANE('',#5407);
#4824=PLANE('',#5408);
#4825=PLANE('',#5409);
#4826=PLANE('',#5410);
#4827=PLANE('',#5411);
#4828=PLANE('',#5412);
#4829=PLANE('',#5413);
#4830=PLANE('',#5414);
#4831=PLANE('',#5415);
#4832=PLANE('',#5416);
#4833=PLANE('',#5417);
#4834=PLANE('',#5418);
#4835=PLANE('',#5419);
#4836=PLANE('',#5420);
#4837=PLANE('',#5421);
#4838=PLANE('',#5422);
#4839=PLANE('',#5423);
#4840=PLANE('',#5424);
#4841=PLANE('',#5425);
#4842=PLANE('',#5426);
#4843=PLANE('',#5427);
#4844=PLANE('',#5428);
#4845=PLANE('',#5429);
#4846=PLANE('',#5430);
#4847=PLANE('',#5431);
#4848=PLANE('',#5432);
#4849=PLANE('',#5433);
#4850=PLANE('',#5434);
#4851=PLANE('',#5435);
#4852=PLANE('',#5436);
#4853=PLANE('',#5437);
#4854=PLANE('',#5438);
#4855=PLANE('',#5439);
#4856=PLANE('',#5440);
#4857=PLANE('',#5441);
#4858=PLANE('',#5442);
#4859=PLANE('',#5443);
#4860=PLANE('',#5444);
#4861=PLANE('',#5445);
#4862=PLANE('',#5446);
#4863=PLANE('',#5447);
#4864=PLANE('',#5448);
#4865=PLANE('',#5449);
#4866=PLANE('',#5450);
#4867=PLANE('',#5451);
#4868=PLANE('',#5452);
#4869=PLANE('',#5453);
#4870=PLANE('',#5454);
#4871=PLANE('',#5455);
#4872=PLANE('',#5456);
#4873=PLANE('',#5457);
#4874=PLANE('',#5458);
#4875=PLANE('',#5459);
#4876=PLANE('',#5460);
#4877=PLANE('',#5461);
#4878=PLANE('',#5462);
#4879=PLANE('',#5463);
#4880=PLANE('',#5464);
#4881=PLANE('',#5465);
#4882=PLANE('',#5466);
#4883=PLANE('',#5467);
#4884=PLANE('',#5468);
#4885=PLANE('',#5469);
#4886=PLANE('',#5470);
#4887=PLANE('',#5471);
#4888=PLANE('',#5472);
#4889=PLANE('',#5473);
#4890=PLANE('',#5474);
#4891=PLANE('',#5475);
#4892=PLANE('',#5476);
#4893=PLANE('',#5477);
#4894=PLANE('',#5478);
#4895=PLANE('',#5479);
#4896=PLANE('',#5480);
#4897=PLANE('',#5481);
#4898=PLANE('',#5482);
#4899=PLANE('',#5483);
#4900=PLANE('',#5484);
#4901=PLANE('',#5485);
#4902=PLANE('',#5486);
#4903=PLANE('',#5487);
#4904=PLANE('',#5488);
#4905=PLANE('',#5489);
#4906=PLANE('',#5490);
#4907=PLANE('',#5491);
#4908=PLANE('',#5492);
#4909=PLANE('',#5493);
#4910=PLANE('',#5494);
#4911=PLANE('',#5495);
#4912=PLANE('',#5496);
#4913=PLANE('',#5497);
#4914=PLANE('',#5498);
#4915=PLANE('',#5499);
#4916=PLANE('',#5500);
#4917=PLANE('',#5501);
#4918=PLANE('',#5502);
#4919=PLANE('',#5503);
#4920=PLANE('',#5504);
#4921=PLANE('',#5505);
#4922=PLANE('',#5506);
#4923=PLANE('',#5507);
#4924=PLANE('',#5508);
#4925=PLANE('',#5509);
#4926=PLANE('',#5510);
#4927=PLANE('',#5511);
#4928=PLANE('',#5512);
#4929=PLANE('',#5514);
#4930=PLANE('',#5515);
#4931=PLANE('',#5516);
#4932=PLANE('',#5517);
#4933=PLANE('',#5520);
#4934=ADVANCED_FACE('',(#59),#4663,.T.);
#4935=ADVANCED_FACE('',(#60),#4664,.T.);
#4936=ADVANCED_FACE('',(#61),#4665,.T.);
#4937=ADVANCED_FACE('',(#62),#4666,.T.);
#4938=ADVANCED_FACE('',(#63),#4667,.T.);
#4939=ADVANCED_FACE('',(#64),#4668,.T.);
#4940=ADVANCED_FACE('',(#65),#4669,.F.);
#4941=ADVANCED_FACE('',(#66),#4670,.F.);
#4942=ADVANCED_FACE('',(#67),#4671,.F.);
#4943=ADVANCED_FACE('',(#68),#4672,.T.);
#4944=ADVANCED_FACE('',(#69),#4673,.T.);
#4945=ADVANCED_FACE('',(#70),#4674,.T.);
#4946=ADVANCED_FACE('',(#71),#4675,.T.);
#4947=ADVANCED_FACE('',(#72),#4676,.F.);
#4948=ADVANCED_FACE('',(#73),#4677,.F.);
#4949=ADVANCED_FACE('',(#74),#4678,.F.);
#4950=ADVANCED_FACE('',(#75),#4679,.F.);
#4951=ADVANCED_FACE('',(#76),#4680,.F.);
#4952=ADVANCED_FACE('',(#77),#4681,.F.);
#4953=ADVANCED_FACE('',(#78),#4682,.F.);
#4954=ADVANCED_FACE('',(#79,#50),#4683,.T.);
#4955=ADVANCED_FACE('',(#80),#4684,.T.);
#4956=ADVANCED_FACE('',(#81),#4685,.T.);
#4957=ADVANCED_FACE('',(#82),#4686,.T.);
#4958=ADVANCED_FACE('',(#83),#4687,.T.);
#4959=ADVANCED_FACE('',(#84),#4688,.T.);
#4960=ADVANCED_FACE('',(#85),#4689,.T.);
#4961=ADVANCED_FACE('',(#86),#4690,.T.);
#4962=ADVANCED_FACE('',(#87),#4691,.T.);
#4963=ADVANCED_FACE('',(#88),#4692,.T.);
#4964=ADVANCED_FACE('',(#89),#4693,.T.);
#4965=ADVANCED_FACE('',(#90),#4694,.T.);
#4966=ADVANCED_FACE('',(#91),#4695,.T.);
#4967=ADVANCED_FACE('',(#92),#4696,.T.);
#4968=ADVANCED_FACE('',(#93),#4697,.T.);
#4969=ADVANCED_FACE('',(#94),#4698,.F.);
#4970=ADVANCED_FACE('',(#95),#4699,.T.);
#4971=ADVANCED_FACE('',(#96),#4700,.T.);
#4972=ADVANCED_FACE('',(#97),#4701,.T.);
#4973=ADVANCED_FACE('',(#98),#4702,.T.);
#4974=ADVANCED_FACE('',(#99),#4703,.T.);
#4975=ADVANCED_FACE('',(#100),#4704,.T.);
#4976=ADVANCED_FACE('',(#101),#4705,.T.);
#4977=ADVANCED_FACE('',(#102),#4706,.F.);
#4978=ADVANCED_FACE('',(#103),#4707,.F.);
#4979=ADVANCED_FACE('',(#104),#4708,.F.);
#4980=ADVANCED_FACE('',(#105),#4709,.F.);
#4981=ADVANCED_FACE('',(#106),#4710,.F.);
#4982=ADVANCED_FACE('',(#107),#4711,.F.);
#4983=ADVANCED_FACE('',(#108),#4712,.F.);
#4984=ADVANCED_FACE('',(#109),#4713,.F.);
#4985=ADVANCED_FACE('',(#110),#4714,.F.);
#4986=ADVANCED_FACE('',(#111),#4715,.T.);
#4987=ADVANCED_FACE('',(#112),#4716,.T.);
#4988=ADVANCED_FACE('',(#113),#4717,.T.);
#4989=ADVANCED_FACE('',(#114),#4718,.T.);
#4990=ADVANCED_FACE('',(#115),#4719,.T.);
#4991=ADVANCED_FACE('',(#116),#4720,.T.);
#4992=ADVANCED_FACE('',(#117),#4721,.T.);
#4993=ADVANCED_FACE('',(#118),#4722,.T.);
#4994=ADVANCED_FACE('',(#119),#4723,.F.);
#4995=ADVANCED_FACE('',(#120),#4724,.F.);
#4996=ADVANCED_FACE('',(#121),#4725,.F.);
#4997=ADVANCED_FACE('',(#122),#4726,.T.);
#4998=ADVANCED_FACE('',(#123),#4727,.T.);
#4999=ADVANCED_FACE('',(#124),#4728,.T.);
#5000=ADVANCED_FACE('',(#125),#4729,.F.);
#5001=ADVANCED_FACE('',(#126),#4730,.F.);
#5002=ADVANCED_FACE('',(#127),#4731,.F.);
#5003=ADVANCED_FACE('',(#128),#4732,.T.);
#5004=ADVANCED_FACE('',(#129),#4733,.T.);
#5005=ADVANCED_FACE('',(#130),#4734,.T.);
#5006=ADVANCED_FACE('',(#131),#4735,.T.);
#5007=ADVANCED_FACE('',(#132),#4736,.T.);
#5008=ADVANCED_FACE('',(#133),#4737,.T.);
#5009=ADVANCED_FACE('',(#134),#4738,.T.);
#5010=ADVANCED_FACE('',(#135),#4739,.T.);
#5011=ADVANCED_FACE('',(#136),#4740,.T.);
#5012=ADVANCED_FACE('',(#137),#4741,.T.);
#5013=ADVANCED_FACE('',(#138),#4742,.T.);
#5014=ADVANCED_FACE('',(#139),#4743,.T.);
#5015=ADVANCED_FACE('',(#140),#4744,.T.);
#5016=ADVANCED_FACE('',(#141),#4745,.T.);
#5017=ADVANCED_FACE('',(#142),#4746,.T.);
#5018=ADVANCED_FACE('',(#143),#4747,.T.);
#5019=ADVANCED_FACE('',(#144),#4748,.T.);
#5020=ADVANCED_FACE('',(#145),#4749,.T.);
#5021=ADVANCED_FACE('',(#146),#4750,.T.);
#5022=ADVANCED_FACE('',(#147),#4751,.T.);
#5023=ADVANCED_FACE('',(#148),#4752,.F.);
#5024=ADVANCED_FACE('',(#149),#4753,.F.);
#5025=ADVANCED_FACE('',(#150),#38,.T.);
#5026=ADVANCED_FACE('',(#151),#4754,.F.);
#5027=ADVANCED_FACE('',(#152),#4755,.T.);
#5028=ADVANCED_FACE('',(#153),#4756,.T.);
#5029=ADVANCED_FACE('',(#154),#4757,.T.);
#5030=ADVANCED_FACE('',(#155),#4758,.T.);
#5031=ADVANCED_FACE('',(#156),#19,.T.);
#5032=ADVANCED_FACE('',(#157),#4759,.T.);
#5033=ADVANCED_FACE('',(#158),#20,.T.);
#5034=ADVANCED_FACE('',(#159),#4760,.F.);
#5035=ADVANCED_FACE('',(#160),#4761,.T.);
#5036=ADVANCED_FACE('',(#161),#4762,.T.);
#5037=ADVANCED_FACE('',(#162),#4763,.F.);
#5038=ADVANCED_FACE('',(#163),#39,.T.);
#5039=ADVANCED_FACE('',(#164),#21,.T.);
#5040=ADVANCED_FACE('',(#165),#4764,.F.);
#5041=ADVANCED_FACE('',(#166),#22,.T.);
#5042=ADVANCED_FACE('',(#167),#4765,.F.);
#5043=ADVANCED_FACE('',(#168),#17,.F.);
#5044=ADVANCED_FACE('',(#169),#4766,.T.);
#5045=ADVANCED_FACE('',(#170),#4767,.T.);
#5046=ADVANCED_FACE('',(#171),#4768,.F.);
#5047=ADVANCED_FACE('',(#172),#4769,.F.);
#5048=ADVANCED_FACE('',(#173),#4770,.F.);
#5049=ADVANCED_FACE('',(#174),#4771,.F.);
#5050=ADVANCED_FACE('',(#175),#4772,.F.);
#5051=ADVANCED_FACE('',(#176),#4773,.T.);
#5052=ADVANCED_FACE('',(#177),#4774,.T.);
#5053=ADVANCED_FACE('',(#178),#4775,.T.);
#5054=ADVANCED_FACE('',(#179),#4776,.F.);
#5055=ADVANCED_FACE('',(#180),#4777,.F.);
#5056=ADVANCED_FACE('',(#181),#4778,.F.);
#5057=ADVANCED_FACE('',(#182),#4779,.T.);
#5058=ADVANCED_FACE('',(#183),#4780,.T.);
#5059=ADVANCED_FACE('',(#184),#4781,.T.);
#5060=ADVANCED_FACE('',(#185),#4782,.T.);
#5061=ADVANCED_FACE('',(#186,#51,#52,#53,#54),#4783,.T.);
#5062=ADVANCED_FACE('',(#187),#4784,.F.);
#5063=ADVANCED_FACE('',(#188),#4785,.F.);
#5064=ADVANCED_FACE('',(#189),#4786,.F.);
#5065=ADVANCED_FACE('',(#190),#4787,.T.);
#5066=ADVANCED_FACE('',(#191),#4788,.F.);
#5067=ADVANCED_FACE('',(#192),#4789,.F.);
#5068=ADVANCED_FACE('',(#193),#4790,.T.);
#5069=ADVANCED_FACE('',(#194),#4791,.F.);
#5070=ADVANCED_FACE('',(#195),#4792,.F.);
#5071=ADVANCED_FACE('',(#196),#4793,.F.);
#5072=ADVANCED_FACE('',(#197),#4794,.T.);
#5073=ADVANCED_FACE('',(#198),#4795,.T.);
#5074=ADVANCED_FACE('',(#199),#4796,.T.);
#5075=ADVANCED_FACE('',(#200),#4797,.T.);
#5076=ADVANCED_FACE('',(#201),#4798,.T.);
#5077=ADVANCED_FACE('',(#202),#4799,.T.);
#5078=ADVANCED_FACE('',(#203),#4800,.T.);
#5079=ADVANCED_FACE('',(#204),#4801,.T.);
#5080=ADVANCED_FACE('',(#205),#4802,.T.);
#5081=ADVANCED_FACE('',(#206),#4803,.T.);
#5082=ADVANCED_FACE('',(#207),#4804,.T.);
#5083=ADVANCED_FACE('',(#208),#4805,.T.);
#5084=ADVANCED_FACE('',(#209),#4806,.T.);
#5085=ADVANCED_FACE('',(#210),#4807,.T.);
#5086=ADVANCED_FACE('',(#211),#4808,.F.);
#5087=ADVANCED_FACE('',(#212),#4809,.F.);
#5088=ADVANCED_FACE('',(#213),#4810,.F.);
#5089=ADVANCED_FACE('',(#214),#4811,.F.);
#5090=ADVANCED_FACE('',(#215),#4812,.F.);
#5091=ADVANCED_FACE('',(#216),#4813,.F.);
#5092=ADVANCED_FACE('',(#217),#4814,.F.);
#5093=ADVANCED_FACE('',(#218),#4815,.F.);
#5094=ADVANCED_FACE('',(#219),#4816,.T.);
#5095=ADVANCED_FACE('',(#220),#4817,.T.);
#5096=ADVANCED_FACE('',(#221),#4818,.T.);
#5097=ADVANCED_FACE('',(#222),#4819,.T.);
#5098=ADVANCED_FACE('',(#223),#4820,.T.);
#5099=ADVANCED_FACE('',(#224),#4821,.T.);
#5100=ADVANCED_FACE('',(#225),#4822,.F.);
#5101=ADVANCED_FACE('',(#226),#4823,.F.);
#5102=ADVANCED_FACE('',(#227),#4824,.F.);
#5103=ADVANCED_FACE('',(#228),#4825,.T.);
#5104=ADVANCED_FACE('',(#229),#4826,.T.);
#5105=ADVANCED_FACE('',(#230),#4827,.T.);
#5106=ADVANCED_FACE('',(#231),#4828,.T.);
#5107=ADVANCED_FACE('',(#232),#4829,.T.);
#5108=ADVANCED_FACE('',(#233),#4830,.T.);
#5109=ADVANCED_FACE('',(#234),#4831,.T.);
#5110=ADVANCED_FACE('',(#235),#4832,.T.);
#5111=ADVANCED_FACE('',(#236,#55),#4833,.F.);
#5112=ADVANCED_FACE('',(#237,#56),#4834,.F.);
#5113=ADVANCED_FACE('',(#238,#57),#4835,.F.);
#5114=ADVANCED_FACE('',(#239,#58),#4836,.F.);
#5115=ADVANCED_FACE('',(#240),#4837,.T.);
#5116=ADVANCED_FACE('',(#241),#4838,.T.);
#5117=ADVANCED_FACE('',(#242),#4839,.T.);
#5118=ADVANCED_FACE('',(#243),#4840,.T.);
#5119=ADVANCED_FACE('',(#244),#4841,.T.);
#5120=ADVANCED_FACE('',(#245),#4842,.T.);
#5121=ADVANCED_FACE('',(#246),#4843,.T.);
#5122=ADVANCED_FACE('',(#247),#4844,.T.);
#5123=ADVANCED_FACE('',(#248),#4845,.T.);
#5124=ADVANCED_FACE('',(#249),#4846,.T.);
#5125=ADVANCED_FACE('',(#250),#4847,.T.);
#5126=ADVANCED_FACE('',(#251),#4848,.T.);
#5127=ADVANCED_FACE('',(#252),#4849,.T.);
#5128=ADVANCED_FACE('',(#253),#4850,.T.);
#5129=ADVANCED_FACE('',(#254),#4851,.T.);
#5130=ADVANCED_FACE('',(#255),#4852,.T.);
#5131=ADVANCED_FACE('',(#256),#4853,.T.);
#5132=ADVANCED_FACE('',(#257),#4854,.T.);
#5133=ADVANCED_FACE('',(#258),#4855,.T.);
#5134=ADVANCED_FACE('',(#259),#4856,.T.);
#5135=ADVANCED_FACE('',(#260),#4857,.T.);
#5136=ADVANCED_FACE('',(#261),#4858,.T.);
#5137=ADVANCED_FACE('',(#262),#4859,.T.);
#5138=ADVANCED_FACE('',(#263),#4860,.T.);
#5139=ADVANCED_FACE('',(#264),#4861,.T.);
#5140=ADVANCED_FACE('',(#265),#4862,.T.);
#5141=ADVANCED_FACE('',(#266),#4863,.T.);
#5142=ADVANCED_FACE('',(#267),#4864,.T.);
#5143=ADVANCED_FACE('',(#268),#4865,.T.);
#5144=ADVANCED_FACE('',(#269),#4866,.T.);
#5145=ADVANCED_FACE('',(#270),#4867,.F.);
#5146=ADVANCED_FACE('',(#271),#4868,.F.);
#5147=ADVANCED_FACE('',(#272),#4869,.F.);
#5148=ADVANCED_FACE('',(#273),#4870,.T.);
#5149=ADVANCED_FACE('',(#274),#4871,.F.);
#5150=ADVANCED_FACE('',(#275),#4872,.F.);
#5151=ADVANCED_FACE('',(#276),#4873,.F.);
#5152=ADVANCED_FACE('',(#277),#4874,.F.);
#5153=ADVANCED_FACE('',(#278),#4875,.F.);
#5154=ADVANCED_FACE('',(#279),#4876,.T.);
#5155=ADVANCED_FACE('',(#280),#4877,.T.);
#5156=ADVANCED_FACE('',(#281),#4878,.T.);
#5157=ADVANCED_FACE('',(#282),#4879,.T.);
#5158=ADVANCED_FACE('',(#283),#4880,.T.);
#5159=ADVANCED_FACE('',(#284),#4881,.T.);
#5160=ADVANCED_FACE('',(#285),#4882,.T.);
#5161=ADVANCED_FACE('',(#286),#4883,.T.);
#5162=ADVANCED_FACE('',(#287),#4884,.F.);
#5163=ADVANCED_FACE('',(#288),#4885,.F.);
#5164=ADVANCED_FACE('',(#289),#4886,.F.);
#5165=ADVANCED_FACE('',(#290),#4887,.T.);
#5166=ADVANCED_FACE('',(#291),#4888,.T.);
#5167=ADVANCED_FACE('',(#292),#4889,.T.);
#5168=ADVANCED_FACE('',(#293),#4890,.F.);
#5169=ADVANCED_FACE('',(#294),#4891,.F.);
#5170=ADVANCED_FACE('',(#295),#4892,.F.);
#5171=ADVANCED_FACE('',(#296),#4893,.T.);
#5172=ADVANCED_FACE('',(#297),#4894,.F.);
#5173=ADVANCED_FACE('',(#298),#4895,.F.);
#5174=ADVANCED_FACE('',(#299),#4896,.F.);
#5175=ADVANCED_FACE('',(#300),#4897,.F.);
#5176=ADVANCED_FACE('',(#301),#4898,.F.);
#5177=ADVANCED_FACE('',(#302),#4899,.T.);
#5178=ADVANCED_FACE('',(#303),#4900,.T.);
#5179=ADVANCED_FACE('',(#304),#4901,.T.);
#5180=ADVANCED_FACE('',(#305),#4902,.T.);
#5181=ADVANCED_FACE('',(#306),#4903,.T.);
#5182=ADVANCED_FACE('',(#307),#4904,.T.);
#5183=ADVANCED_FACE('',(#308),#4905,.T.);
#5184=ADVANCED_FACE('',(#309),#4906,.T.);
#5185=ADVANCED_FACE('',(#310),#4907,.T.);
#5186=ADVANCED_FACE('',(#311),#4908,.T.);
#5187=ADVANCED_FACE('',(#312),#4909,.T.);
#5188=ADVANCED_FACE('',(#313),#4910,.T.);
#5189=ADVANCED_FACE('',(#314),#4911,.T.);
#5190=ADVANCED_FACE('',(#315),#4912,.T.);
#5191=ADVANCED_FACE('',(#316),#4913,.T.);
#5192=ADVANCED_FACE('',(#317),#4914,.T.);
#5193=ADVANCED_FACE('',(#318),#4915,.T.);
#5194=ADVANCED_FACE('',(#319),#4916,.F.);
#5195=ADVANCED_FACE('',(#320),#4917,.F.);
#5196=ADVANCED_FACE('',(#321),#4918,.F.);
#5197=ADVANCED_FACE('',(#322),#4919,.F.);
#5198=ADVANCED_FACE('',(#323),#18,.F.);
#5199=ADVANCED_FACE('',(#324),#4920,.F.);
#5200=ADVANCED_FACE('',(#325),#4921,.F.);
#5201=ADVANCED_FACE('',(#326),#4922,.F.);
#5202=ADVANCED_FACE('',(#327),#4923,.F.);
#5203=ADVANCED_FACE('',(#328),#4924,.F.);
#5204=ADVANCED_FACE('',(#329),#4925,.F.);
#5205=ADVANCED_FACE('',(#330),#4926,.F.);
#5206=ADVANCED_FACE('',(#331),#4927,.T.);
#5207=ADVANCED_FACE('',(#332),#4928,.F.);
#5208=ADVANCED_FACE('',(#333),#4929,.T.);
#5209=ADVANCED_FACE('',(#334),#4930,.T.);
#5210=ADVANCED_FACE('',(#335),#4931,.T.);
#5211=ADVANCED_FACE('',(#336),#4932,.T.);
#5212=ADVANCED_FACE('',(#337),#23,.F.);
#5213=ADVANCED_FACE('',(#338),#4933,.T.);
#5214=CLOSED_SHELL('',(#4934,#4935,#4936,#4937,#4938,#4939,#4940,#4941,
#4942,#4943,#4944,#4945,#4946,#4947,#4948,#4949,#4950,#4951,#4952,#4953,
#4954,#4955,#4956,#4957,#4958,#4959,#4960,#4961,#4962,#4963,#4964,#4965,
#4966,#4967,#4968,#4969,#4970,#4971,#4972,#4973,#4974,#4975,#4976,#4977,
#4978,#4979,#4980,#4981,#4982,#4983,#4984,#4985,#4986,#4987,#4988,#4989,
#4990,#4991,#4992,#4993,#4994,#4995,#4996,#4997,#4998,#4999,#5000,#5001,
#5002,#5003,#5004,#5005,#5006,#5007,#5008,#5009,#5010,#5011,#5012,#5013,
#5014,#5015,#5016,#5017,#5018,#5019,#5020,#5021,#5022,#5023,#5024,#5025,
#5026,#5027,#5028,#5029,#5030,#5031,#5032,#5033,#5034,#5035,#5036,#5037,
#5038,#5039,#5040,#5041,#5042,#5043,#5044,#5045,#5046,#5047,#5048,#5049,
#5050,#5051,#5052,#5053,#5054,#5055,#5056,#5057,#5058,#5059,#5060,#5061,
#5062,#5063,#5064,#5065,#5066,#5067,#5068,#5069,#5070,#5071,#5072,#5073,
#5074,#5075,#5076,#5077,#5078,#5079,#5080,#5081,#5082,#5083,#5084,#5085,
#5086,#5087,#5088,#5089,#5090,#5091,#5092,#5093,#5094,#5095,#5096,#5097,
#5098,#5099,#5100,#5101,#5102,#5103,#5104,#5105,#5106,#5107,#5108,#5109,
#5110,#5111,#5112,#5113,#5114,#5115,#5116,#5117,#5118,#5119,#5120,#5121,
#5122,#5123,#5124,#5125,#5126,#5127,#5128,#5129,#5130,#5131,#5132,#5133,
#5134,#5135,#5136,#5137,#5138,#5139,#5140,#5141,#5142,#5143,#5144,#5145,
#5146,#5147,#5148,#5149,#5150,#5151,#5152,#5153,#5154,#5155,#5156,#5157,
#5158,#5159,#5160,#5161,#5162,#5163,#5164,#5165,#5166,#5167,#5168,#5169,
#5170,#5171,#5172,#5173,#5174,#5175,#5176,#5177,#5178,#5179,#5180,#5181,
#5182,#5183,#5184,#5185,#5186,#5187,#5188,#5189,#5190,#5191,#5192,#5193,
#5194,#5195,#5196,#5197,#5198,#5199,#5200,#5201,#5202,#5203,#5204,#5205,
#5206));
#5215=CLOSED_SHELL('',(#5207,#5208,#5209,#5210,#5211,#5212,#5213));
#5216=DERIVED_UNIT_ELEMENT(#5218,1.);
#5217=DERIVED_UNIT_ELEMENT(#8356,-3.);
#5218=(
MASS_UNIT()
NAMED_UNIT(*)
SI_UNIT(.KILO.,.GRAM.)
);
#5219=DERIVED_UNIT((#5216,#5217));
#5220=MEASURE_REPRESENTATION_ITEM('density measure',
POSITIVE_RATIO_MEASURE(7850.),#5219);
#5221=PROPERTY_DEFINITION_REPRESENTATION(#5226,#5223);
#5222=PROPERTY_DEFINITION_REPRESENTATION(#5227,#5224);
#5223=REPRESENTATION('material name',(#5225),#8353);
#5224=REPRESENTATION('density',(#5220),#8353);
#5225=DESCRIPTIVE_REPRESENTATION_ITEM('Steel','Steel');
#5226=PROPERTY_DEFINITION('material property','material name',#8363);
#5227=PROPERTY_DEFINITION('material property','density of part',#8363);
#5228=AXIS2_PLACEMENT_3D('',#6808,#5521,#5522);
#5229=AXIS2_PLACEMENT_3D('',#6809,#5523,#5524);
#5230=AXIS2_PLACEMENT_3D('',#6818,#5529,#5530);
#5231=AXIS2_PLACEMENT_3D('',#6824,#5534,#5535);
#5232=AXIS2_PLACEMENT_3D('',#6828,#5538,#5539);
#5233=AXIS2_PLACEMENT_3D('',#6832,#5542,#5543);
#5234=AXIS2_PLACEMENT_3D('',#6834,#5545,#5546);
#5235=AXIS2_PLACEMENT_3D('',#6844,#5552,#5553);
#5236=AXIS2_PLACEMENT_3D('',#6853,#5558,#5559);
#5237=AXIS2_PLACEMENT_3D('',#6857,#5562,#5563);
#5238=AXIS2_PLACEMENT_3D('',#6866,#5568,#5569);
#5239=AXIS2_PLACEMENT_3D('',#6879,#5577,#5578);
#5240=AXIS2_PLACEMENT_3D('',#6885,#5582,#5583);
#5241=AXIS2_PLACEMENT_3D('',#6887,#5585,#5586);
#5242=AXIS2_PLACEMENT_3D('',#6896,#5591,#5592);
#5243=AXIS2_PLACEMENT_3D('',#6905,#5597,#5598);
#5244=AXIS2_PLACEMENT_3D('',#6914,#5603,#5604);
#5245=AXIS2_PLACEMENT_3D('',#6925,#5610,#5611);
#5246=AXIS2_PLACEMENT_3D('',#6935,#5617,#5618);
#5247=AXIS2_PLACEMENT_3D('',#6945,#5624,#5625);
#5248=AXIS2_PLACEMENT_3D('',#6958,#5632,#5633);
#5249=AXIS2_PLACEMENT_3D('',#6969,#5639,#5640);
#5250=AXIS2_PLACEMENT_3D('',#7013,#5663,#5664);
#5251=AXIS2_PLACEMENT_3D('',#7019,#5668,#5669);
#5252=AXIS2_PLACEMENT_3D('',#7028,#5674,#5675);
#5253=AXIS2_PLACEMENT_3D('',#7032,#5678,#5679);
#5254=AXIS2_PLACEMENT_3D('',#7038,#5683,#5684);
#5255=AXIS2_PLACEMENT_3D('',#7047,#5689,#5690);
#5256=AXIS2_PLACEMENT_3D('',#7053,#5694,#5695);
#5257=AXIS2_PLACEMENT_3D('',#7059,#5699,#5700);
#5258=AXIS2_PLACEMENT_3D('',#7068,#5705,#5706);
#5259=AXIS2_PLACEMENT_3D('',#7074,#5710,#5711);
#5260=AXIS2_PLACEMENT_3D('',#7083,#5716,#5717);
#5261=AXIS2_PLACEMENT_3D('',#7089,#5721,#5722);
#5262=AXIS2_PLACEMENT_3D('',#7095,#5726,#5727);
#5263=AXIS2_PLACEMENT_3D('',#7104,#5732,#5733);
#5264=AXIS2_PLACEMENT_3D('',#7113,#5738,#5739);
#5265=AXIS2_PLACEMENT_3D('',#7138,#5753,#5754);
#5266=AXIS2_PLACEMENT_3D('',#7142,#5757,#5758);
#5267=AXIS2_PLACEMENT_3D('',#7146,#5761,#5762);
#5268=AXIS2_PLACEMENT_3D('',#7152,#5766,#5767);
#5269=AXIS2_PLACEMENT_3D('',#7156,#5770,#5771);
#5270=AXIS2_PLACEMENT_3D('',#7160,#5774,#5775);
#5271=AXIS2_PLACEMENT_3D('',#7166,#5779,#5780);
#5272=AXIS2_PLACEMENT_3D('',#7172,#5784,#5785);
#5273=AXIS2_PLACEMENT_3D('',#7174,#5787,#5788);
#5274=AXIS2_PLACEMENT_3D('',#7176,#5790,#5791);
#5275=AXIS2_PLACEMENT_3D('',#7181,#5795,#5796);
#5276=AXIS2_PLACEMENT_3D('',#7186,#5800,#5801);
#5277=AXIS2_PLACEMENT_3D('',#7191,#5805,#5806);
#5278=AXIS2_PLACEMENT_3D('',#7198,#5811,#5812);
#5279=AXIS2_PLACEMENT_3D('',#7203,#5816,#5817);
#5280=AXIS2_PLACEMENT_3D('',#7225,#5829,#5830);
#5281=AXIS2_PLACEMENT_3D('',#7231,#5834,#5835);
#5282=AXIS2_PLACEMENT_3D('',#7309,#5876,#5877);
#5283=AXIS2_PLACEMENT_3D('',#7311,#5879,#5880);
#5284=AXIS2_PLACEMENT_3D('',#7317,#5884,#5885);
#5285=AXIS2_PLACEMENT_3D('',#7326,#5890,#5891);
#5286=AXIS2_PLACEMENT_3D('',#7338,#5900,#5901);
#5287=AXIS2_PLACEMENT_3D('',#7344,#5905,#5906);
#5288=AXIS2_PLACEMENT_3D('',#7350,#5910,#5911);
#5289=AXIS2_PLACEMENT_3D('',#7354,#5914,#5915);
#5290=AXIS2_PLACEMENT_3D('',#7355,#5916,#5917);
#5291=AXIS2_PLACEMENT_3D('',#7357,#5919,#5920);
#5292=AXIS2_PLACEMENT_3D('',#7366,#5925,#5926);
#5293=AXIS2_PLACEMENT_3D('',#7373,#5931,#5932);
#5294=AXIS2_PLACEMENT_3D('',#7375,#5934,#5935);
#5295=AXIS2_PLACEMENT_3D('',#7376,#5936,#5937);
#5296=AXIS2_PLACEMENT_3D('',#7380,#5940,#5941);
#5297=AXIS2_PLACEMENT_3D('',#7390,#5947,#5948);
#5298=AXIS2_PLACEMENT_3D('',#7394,#5951,#5952);
#5299=AXIS2_PLACEMENT_3D('',#7396,#5954,#5955);
#5300=AXIS2_PLACEMENT_3D('',#7400,#5958,#5959);
#5301=AXIS2_PLACEMENT_3D('',#7406,#5963,#5964);
#5302=AXIS2_PLACEMENT_3D('',#7412,#5968,#5969);
#5303=AXIS2_PLACEMENT_3D('',#7418,#5973,#5974);
#5304=AXIS2_PLACEMENT_3D('',#7422,#5977,#5978);
#5305=AXIS2_PLACEMENT_3D('',#7428,#5982,#5983);
#5306=AXIS2_PLACEMENT_3D('',#7430,#5985,#5986);
#5307=AXIS2_PLACEMENT_3D('',#7434,#5989,#5990);
#5308=AXIS2_PLACEMENT_3D('',#7437,#5993,#5994);
#5309=AXIS2_PLACEMENT_3D('',#7440,#5997,#5998);
#5310=AXIS2_PLACEMENT_3D('',#7443,#6001,#6002);
#5311=AXIS2_PLACEMENT_3D('',#7445,#6004,#6005);
#5312=AXIS2_PLACEMENT_3D('',#7448,#6008,#6009);
#5313=AXIS2_PLACEMENT_3D('',#7450,#6011,#6012);
#5314=AXIS2_PLACEMENT_3D('',#7454,#6015,#6016);
#5315=AXIS2_PLACEMENT_3D('',#7456,#6018,#6019);
#5316=AXIS2_PLACEMENT_3D('',#7460,#6022,#6023);
#5317=AXIS2_PLACEMENT_3D('',#7464,#6026,#6027);
#5318=AXIS2_PLACEMENT_3D('',#7498,#6045,#6046);
#5319=AXIS2_PLACEMENT_3D('',#7537,#6053,#6054);
#5320=AXIS2_PLACEMENT_3D('',#7549,#6059,#6060);
#5321=AXIS2_PLACEMENT_3D('',#7550,#6061,#6062);
#5322=AXIS2_PLACEMENT_3D('',#7552,#6063,#6064);
#5323=AXIS2_PLACEMENT_3D('',#7556,#6065,#6066);
#5324=AXIS2_PLACEMENT_3D('',#7564,#6071,#6072);
#5325=AXIS2_PLACEMENT_3D('',#7569,#6075,#6076);
#5326=AXIS2_PLACEMENT_3D('',#7570,#6077,#6078);
#5327=AXIS2_PLACEMENT_3D('',#7571,#6079,#6080);
#5328=AXIS2_PLACEMENT_3D('',#7575,#6083,#6084);
#5329=AXIS2_PLACEMENT_3D('',#7584,#6088,#6089);
#5330=AXIS2_PLACEMENT_3D('',#7586,#6091,#6092);
#5331=AXIS2_PLACEMENT_3D('',#7588,#6093,#6094);
#5332=AXIS2_PLACEMENT_3D('',#7596,#6099,#6100);
#5333=AXIS2_PLACEMENT_3D('',#7597,#6101,#6102);
#5334=AXIS2_PLACEMENT_3D('',#7598,#6103,#6104);
#5335=AXIS2_PLACEMENT_3D('',#7599,#6105,#6106);
#5336=AXIS2_PLACEMENT_3D('',#7600,#6107,#6108);
#5337=AXIS2_PLACEMENT_3D('',#7601,#6109,#6110);
#5338=AXIS2_PLACEMENT_3D('',#7604,#6113,#6114);
#5339=AXIS2_PLACEMENT_3D('',#7609,#6119,#6120);
#5340=AXIS2_PLACEMENT_3D('',#7642,#6124,#6125);
#5341=AXIS2_PLACEMENT_3D('',#7652,#6129,#6130);
#5342=AXIS2_PLACEMENT_3D('',#7653,#6131,#6132);
#5343=AXIS2_PLACEMENT_3D('',#7658,#6133,#6134);
#5344=AXIS2_PLACEMENT_3D('',#7659,#6135,#6136);
#5345=AXIS2_PLACEMENT_3D('',#7662,#6138,#6139);
#5346=AXIS2_PLACEMENT_3D('',#7663,#6140,#6141);
#5347=AXIS2_PLACEMENT_3D('',#7666,#6143,#6144);
#5348=AXIS2_PLACEMENT_3D('',#7667,#6145,#6146);
#5349=AXIS2_PLACEMENT_3D('',#7669,#6148,#6149);
#5350=AXIS2_PLACEMENT_3D('',#7685,#6150,#6151);
#5351=AXIS2_PLACEMENT_3D('',#7687,#6153,#6154);
#5352=AXIS2_PLACEMENT_3D('',#7688,#6155,#6156);
#5353=AXIS2_PLACEMENT_3D('',#7690,#6158,#6159);
#5354=AXIS2_PLACEMENT_3D('',#7691,#6160,#6161);
#5355=AXIS2_PLACEMENT_3D('',#7693,#6163,#6164);
#5356=AXIS2_PLACEMENT_3D('',#7695,#6166,#6167);
#5357=AXIS2_PLACEMENT_3D('',#7704,#6173,#6174);
#5358=AXIS2_PLACEMENT_3D('',#7706,#6176,#6177);
#5359=AXIS2_PLACEMENT_3D('',#7712,#6181,#6182);
#5360=AXIS2_PLACEMENT_3D('',#7716,#6185,#6186);
#5361=AXIS2_PLACEMENT_3D('',#7722,#6190,#6191);
#5362=AXIS2_PLACEMENT_3D('',#7726,#6194,#6195);
#5363=AXIS2_PLACEMENT_3D('',#7730,#6198,#6199);
#5364=AXIS2_PLACEMENT_3D('',#7734,#6202,#6203);
#5365=AXIS2_PLACEMENT_3D('',#7738,#6206,#6207);
#5366=AXIS2_PLACEMENT_3D('',#7742,#6210,#6211);
#5367=AXIS2_PLACEMENT_3D('',#7744,#6213,#6214);
#5368=AXIS2_PLACEMENT_3D('',#7786,#6237,#6238);
#5369=AXIS2_PLACEMENT_3D('',#7787,#6239,#6240);
#5370=AXIS2_PLACEMENT_3D('',#7789,#6242,#6243);
#5371=AXIS2_PLACEMENT_3D('',#7790,#6244,#6245);
#5372=AXIS2_PLACEMENT_3D('',#7829,#6267,#6268);
#5373=AXIS2_PLACEMENT_3D('',#7833,#6271,#6272);
#5374=AXIS2_PLACEMENT_3D('',#7837,#6275,#6276);
#5375=AXIS2_PLACEMENT_3D('',#7839,#6278,#6279);
#5376=AXIS2_PLACEMENT_3D('',#7840,#6280,#6281);
#5377=AXIS2_PLACEMENT_3D('',#7844,#6284,#6285);
#5378=AXIS2_PLACEMENT_3D('',#7846,#6287,#6288);
#5379=AXIS2_PLACEMENT_3D('',#7848,#6290,#6291);
#5380=AXIS2_PLACEMENT_3D('',#7850,#6293,#6294);
#5381=AXIS2_PLACEMENT_3D('',#7856,#6298,#6299);
#5382=AXIS2_PLACEMENT_3D('',#7862,#6303,#6304);
#5383=AXIS2_PLACEMENT_3D('',#7868,#6308,#6309);
#5384=AXIS2_PLACEMENT_3D('',#7872,#6312,#6313);
#5385=AXIS2_PLACEMENT_3D('',#7876,#6316,#6317);
#5386=AXIS2_PLACEMENT_3D('',#7877,#6318,#6319);
#5387=AXIS2_PLACEMENT_3D('',#7878,#6320,#6321);
#5388=AXIS2_PLACEMENT_3D('',#7881,#6324,#6325);
#5389=AXIS2_PLACEMENT_3D('',#7884,#6328,#6329);
#5390=AXIS2_PLACEMENT_3D('',#7887,#6332,#6333);
#5391=AXIS2_PLACEMENT_3D('',#7889,#6335,#6336);
#5392=AXIS2_PLACEMENT_3D('',#7891,#6338,#6339);
#5393=AXIS2_PLACEMENT_3D('',#7897,#6343,#6344);
#5394=AXIS2_PLACEMENT_3D('',#7899,#6346,#6347);
#5395=AXIS2_PLACEMENT_3D('',#7905,#6351,#6352);
#5396=AXIS2_PLACEMENT_3D('',#7909,#6355,#6356);
#5397=AXIS2_PLACEMENT_3D('',#7913,#6359,#6360);
#5398=AXIS2_PLACEMENT_3D('',#7917,#6363,#6364);
#5399=AXIS2_PLACEMENT_3D('',#7919,#6366,#6367);
#5400=AXIS2_PLACEMENT_3D('',#7923,#6370,#6371);
#5401=AXIS2_PLACEMENT_3D('',#7932,#6378,#6379);
#5402=AXIS2_PLACEMENT_3D('',#7938,#6383,#6384);
#5403=AXIS2_PLACEMENT_3D('',#7944,#6388,#6389);
#5404=AXIS2_PLACEMENT_3D('',#7950,#6393,#6394);
#5405=AXIS2_PLACEMENT_3D('',#7952,#6396,#6397);
#5406=AXIS2_PLACEMENT_3D('',#7954,#6399,#6400);
#5407=AXIS2_PLACEMENT_3D('',#7955,#6401,#6402);
#5408=AXIS2_PLACEMENT_3D('',#7957,#6404,#6405);
#5409=AXIS2_PLACEMENT_3D('',#7966,#6410,#6411);
#5410=AXIS2_PLACEMENT_3D('',#7969,#6414,#6415);
#5411=AXIS2_PLACEMENT_3D('',#7970,#6416,#6417);
#5412=AXIS2_PLACEMENT_3D('',#7976,#6421,#6422);
#5413=AXIS2_PLACEMENT_3D('',#7982,#6426,#6427);
#5414=AXIS2_PLACEMENT_3D('',#7988,#6431,#6432);
#5415=AXIS2_PLACEMENT_3D('',#7990,#6434,#6435);
#5416=AXIS2_PLACEMENT_3D('',#7994,#6438,#6439);
#5417=AXIS2_PLACEMENT_3D('',#7998,#6442,#6443);
#5418=AXIS2_PLACEMENT_3D('',#8011,#6451,#6452);
#5419=AXIS2_PLACEMENT_3D('',#8028,#6461,#6462);
#5420=AXIS2_PLACEMENT_3D('',#8041,#6470,#6471);
#5421=AXIS2_PLACEMENT_3D('',#8053,#6478,#6479);
#5422=AXIS2_PLACEMENT_3D('',#8056,#6482,#6483);
#5423=AXIS2_PLACEMENT_3D('',#8058,#6485,#6486);
#5424=AXIS2_PLACEMENT_3D('',#8060,#6488,#6489);
#5425=AXIS2_PLACEMENT_3D('',#8062,#6491,#6492);
#5426=AXIS2_PLACEMENT_3D('',#8063,#6493,#6494);
#5427=AXIS2_PLACEMENT_3D('',#8066,#6497,#6498);
#5428=AXIS2_PLACEMENT_3D('',#8068,#6500,#6501);
#5429=AXIS2_PLACEMENT_3D('',#8070,#6503,#6504);
#5430=AXIS2_PLACEMENT_3D('',#8071,#6505,#6506);
#5431=AXIS2_PLACEMENT_3D('',#8074,#6509,#6510);
#5432=AXIS2_PLACEMENT_3D('',#8076,#6512,#6513);
#5433=AXIS2_PLACEMENT_3D('',#8078,#6515,#6516);
#5434=AXIS2_PLACEMENT_3D('',#8080,#6518,#6519);
#5435=AXIS2_PLACEMENT_3D('',#8081,#6520,#6521);
#5436=AXIS2_PLACEMENT_3D('',#8084,#6524,#6525);
#5437=AXIS2_PLACEMENT_3D('',#8086,#6527,#6528);
#5438=AXIS2_PLACEMENT_3D('',#8088,#6530,#6531);
#5439=AXIS2_PLACEMENT_3D('',#8090,#6533,#6534);
#5440=AXIS2_PLACEMENT_3D('',#8091,#6535,#6536);
#5441=AXIS2_PLACEMENT_3D('',#8092,#6537,#6538);
#5442=AXIS2_PLACEMENT_3D('',#8093,#6539,#6540);
#5443=AXIS2_PLACEMENT_3D('',#8095,#6542,#6543);
#5444=AXIS2_PLACEMENT_3D('',#8096,#6544,#6545);
#5445=AXIS2_PLACEMENT_3D('',#8098,#6547,#6548);
#5446=AXIS2_PLACEMENT_3D('',#8104,#6552,#6553);
#5447=AXIS2_PLACEMENT_3D('',#8108,#6556,#6557);
#5448=AXIS2_PLACEMENT_3D('',#8112,#6560,#6561);
#5449=AXIS2_PLACEMENT_3D('',#8115,#6564,#6565);
#5450=AXIS2_PLACEMENT_3D('',#8121,#6569,#6570);
#5451=AXIS2_PLACEMENT_3D('',#8122,#6571,#6572);
#5452=AXIS2_PLACEMENT_3D('',#8123,#6573,#6574);
#5453=AXIS2_PLACEMENT_3D('',#8127,#6577,#6578);
#5454=AXIS2_PLACEMENT_3D('',#8129,#6580,#6581);
#5455=AXIS2_PLACEMENT_3D('',#8133,#6584,#6585);
#5456=AXIS2_PLACEMENT_3D('',#8134,#6586,#6587);
#5457=AXIS2_PLACEMENT_3D('',#8136,#6589,#6590);
#5458=AXIS2_PLACEMENT_3D('',#8138,#6592,#6593);
#5459=AXIS2_PLACEMENT_3D('',#8139,#6594,#6595);
#5460=AXIS2_PLACEMENT_3D('',#8140,#6596,#6597);
#5461=AXIS2_PLACEMENT_3D('',#8141,#6598,#6599);
#5462=AXIS2_PLACEMENT_3D('',#8143,#6601,#6602);
#5463=AXIS2_PLACEMENT_3D('',#8149,#6606,#6607);
#5464=AXIS2_PLACEMENT_3D('',#8155,#6611,#6612);
#5465=AXIS2_PLACEMENT_3D('',#8167,#6621,#6622);
#5466=AXIS2_PLACEMENT_3D('',#8173,#6626,#6627);
#5467=AXIS2_PLACEMENT_3D('',#8179,#6631,#6632);
#5468=AXIS2_PLACEMENT_3D('',#8183,#6635,#6636);
#5469=AXIS2_PLACEMENT_3D('',#8184,#6637,#6638);
#5470=AXIS2_PLACEMENT_3D('',#8186,#6640,#6641);
#5471=AXIS2_PLACEMENT_3D('',#8192,#6645,#6646);
#5472=AXIS2_PLACEMENT_3D('',#8199,#6651,#6652);
#5473=AXIS2_PLACEMENT_3D('',#8201,#6654,#6655);
#5474=AXIS2_PLACEMENT_3D('',#8202,#6656,#6657);
#5475=AXIS2_PLACEMENT_3D('',#8203,#6658,#6659);
#5476=AXIS2_PLACEMENT_3D('',#8207,#6662,#6663);
#5477=AXIS2_PLACEMENT_3D('',#8211,#6666,#6667);
#5478=AXIS2_PLACEMENT_3D('',#8215,#6670,#6671);
#5479=AXIS2_PLACEMENT_3D('',#8216,#6672,#6673);
#5480=AXIS2_PLACEMENT_3D('',#8218,#6675,#6676);
#5481=AXIS2_PLACEMENT_3D('',#8222,#6679,#6680);
#5482=AXIS2_PLACEMENT_3D('',#8223,#6681,#6682);
#5483=AXIS2_PLACEMENT_3D('',#8225,#6684,#6685);
#5484=AXIS2_PLACEMENT_3D('',#8226,#6686,#6687);
#5485=AXIS2_PLACEMENT_3D('',#8228,#6689,#6690);
#5486=AXIS2_PLACEMENT_3D('',#8234,#6694,#6695);
#5487=AXIS2_PLACEMENT_3D('',#8240,#6699,#6700);
#5488=AXIS2_PLACEMENT_3D('',#8242,#6702,#6703);
#5489=AXIS2_PLACEMENT_3D('',#8245,#6706,#6707);
#5490=AXIS2_PLACEMENT_3D('',#8246,#6708,#6709);
#5491=AXIS2_PLACEMENT_3D('',#8247,#6710,#6711);
#5492=AXIS2_PLACEMENT_3D('',#8249,#6713,#6714);
#5493=AXIS2_PLACEMENT_3D('',#8255,#6718,#6719);
#5494=AXIS2_PLACEMENT_3D('',#8259,#6722,#6723);
#5495=AXIS2_PLACEMENT_3D('',#8263,#6726,#6727);
#5496=AXIS2_PLACEMENT_3D('',#8266,#6730,#6731);
#5497=AXIS2_PLACEMENT_3D('',#8267,#6732,#6733);
#5498=AXIS2_PLACEMENT_3D('',#8268,#6734,#6735);
#5499=AXIS2_PLACEMENT_3D('',#8269,#6736,#6737);
#5500=AXIS2_PLACEMENT_3D('',#8270,#6738,#6739);
#5501=AXIS2_PLACEMENT_3D('',#8271,#6740,#6741);
#5502=AXIS2_PLACEMENT_3D('',#8273,#6743,#6744);
#5503=AXIS2_PLACEMENT_3D('',#8274,#6745,#6746);
#5504=AXIS2_PLACEMENT_3D('',#8290,#6747,#6748);
#5505=AXIS2_PLACEMENT_3D('',#8296,#6752,#6753);
#5506=AXIS2_PLACEMENT_3D('',#8300,#6756,#6757);
#5507=AXIS2_PLACEMENT_3D('',#8304,#6760,#6761);
#5508=AXIS2_PLACEMENT_3D('',#8308,#6764,#6765);
#5509=AXIS2_PLACEMENT_3D('',#8312,#6768,#6769);
#5510=AXIS2_PLACEMENT_3D('',#8316,#6772,#6773);
#5511=AXIS2_PLACEMENT_3D('',#8318,#6775,#6776);
#5512=AXIS2_PLACEMENT_3D('',#8319,#6777,#6778);
#5513=AXIS2_PLACEMENT_3D('',#8329,#6783,#6784);
#5514=AXIS2_PLACEMENT_3D('',#8330,#6785,#6786);
#5515=AXIS2_PLACEMENT_3D('',#8336,#6790,#6791);
#5516=AXIS2_PLACEMENT_3D('',#8340,#6794,#6795);
#5517=AXIS2_PLACEMENT_3D('',#8344,#6798,#6799);
#5518=AXIS2_PLACEMENT_3D('',#8348,#6802,#6803);
#5519=AXIS2_PLACEMENT_3D('',#8349,#6804,#6805);
#5520=AXIS2_PLACEMENT_3D('',#8350,#6806,#6807);
#5521=DIRECTION('axis',(0.,0.,1.));
#5522=DIRECTION('refdir',(1.,0.,0.));
#5523=DIRECTION('center_axis',(-0.936329177569036,-0.351123441588414,0.));
#5524=DIRECTION('ref_axis',(0.351123441588414,-0.936329177569036,0.));
#5525=DIRECTION('',(0.,0.,1.));
#5526=DIRECTION('',(0.331294578224501,-0.883452208598802,-0.331294578224501));
#5527=DIRECTION('',(0.,0.,1.));
#5528=DIRECTION('',(-0.331294578224501,0.883452208598802,-0.331294578224501));
#5529=DIRECTION('center_axis',(0.,-1.,0.));
#5530=DIRECTION('ref_axis',(0.,0.,-1.));
#5531=DIRECTION('',(-1.,0.,0.));
#5532=DIRECTION('',(0.,0.,-1.));
#5533=DIRECTION('',(-1.,0.,0.));
#5534=DIRECTION('center_axis',(0.,-0.351123441588414,-0.936329177569036));
#5535=DIRECTION('ref_axis',(0.,-0.936329177569036,0.351123441588414));
#5536=DIRECTION('',(-1.,0.,0.));
#5537=DIRECTION('',(-0.331294578224501,-0.883452208598802,0.331294578224501));
#5538=DIRECTION('center_axis',(0.936329177569036,-0.351123441588414,0.));
#5539=DIRECTION('ref_axis',(-0.351123441588414,-0.936329177569036,0.));
#5540=DIRECTION('',(0.,0.,-1.));
#5541=DIRECTION('',(0.331294578224501,0.883452208598802,0.331294578224501));
#5542=DIRECTION('center_axis',(0.,-0.351123441588414,0.936329177569036));
#5543=DIRECTION('ref_axis',(0.,0.936329177569036,0.351123441588414));
#5544=DIRECTION('',(-1.,0.,0.));
#5545=DIRECTION('center_axis',(0.,0.,1.));
#5546=DIRECTION('ref_axis',(0.,-1.,0.));
#5547=DIRECTION('',(0.,-1.,0.));
#5548=DIRECTION('',(0.,1.,0.));
#5549=DIRECTION('',(-1.,0.,0.));
#5550=DIRECTION('',(0.,1.,0.));
#5551=DIRECTION('',(0.,-1.,0.));
#5552=DIRECTION('center_axis',(1.,0.,0.));
#5553=DIRECTION('ref_axis',(0.,0.,-1.));
#5554=DIRECTION('',(0.,1.,0.));
#5555=DIRECTION('',(0.,0.,-1.));
#5556=DIRECTION('',(0.,-1.,0.));
#5557=DIRECTION('',(0.,0.,-1.));
#5558=DIRECTION('center_axis',(1.,0.,0.));
#5559=DIRECTION('ref_axis',(0.,0.,-1.));
#5560=DIRECTION('',(0.,0.,-1.));
#5561=DIRECTION('',(0.,1.,0.));
#5562=DIRECTION('center_axis',(1.,0.,0.));
#5563=DIRECTION('ref_axis',(0.,0.,-1.));
#5564=DIRECTION('',(0.,1.,0.));
#5565=DIRECTION('',(0.,0.,1.));
#5566=DIRECTION('',(0.,1.,0.));
#5567=DIRECTION('',(0.,0.,-1.));
#5568=DIRECTION('center_axis',(0.,0.,-1.));
#5569=DIRECTION('ref_axis',(0.,1.,0.));
#5570=DIRECTION('',(0.,1.,0.));
#5571=DIRECTION('',(-1.110223024625E-14,1.,0.));
#5572=DIRECTION('',(-1.,0.,0.));
#5573=DIRECTION('',(0.,1.,0.));
#5574=DIRECTION('',(0.,1.,0.));
#5575=DIRECTION('',(0.,1.,0.));
#5576=DIRECTION('',(0.,1.,0.));
#5577=DIRECTION('center_axis',(1.,0.,0.));
#5578=DIRECTION('ref_axis',(0.,0.,-1.));
#5579=DIRECTION('',(0.,0.,-1.));
#5580=DIRECTION('',(0.,-1.,0.));
#5581=DIRECTION('',(0.,0.,-1.));
#5582=DIRECTION('center_axis',(1.,0.,0.));
#5583=DIRECTION('ref_axis',(0.,0.,-1.));
#5584=DIRECTION('',(0.,0.,-1.));
#5585=DIRECTION('center_axis',(1.,0.,0.));
#5586=DIRECTION('ref_axis',(0.,0.,-1.));
#5587=DIRECTION('',(0.,-1.,0.));
#5588=DIRECTION('',(0.,0.,-1.));
#5589=DIRECTION('',(0.,1.,0.));
#5590=DIRECTION('',(0.,0.,1.));
#5591=DIRECTION('center_axis',(0.,-1.,0.));
#5592=DIRECTION('ref_axis',(-1.,0.,0.));
#5593=DIRECTION('',(0.,0.,-1.));
#5594=DIRECTION('',(1.,0.,0.));
#5595=DIRECTION('',(0.,0.,-1.));
#5596=DIRECTION('',(-1.,0.,0.));
#5597=DIRECTION('center_axis',(0.,-1.,0.));
#5598=DIRECTION('ref_axis',(-1.,0.,0.));
#5599=DIRECTION('',(1.,0.,0.));
#5600=DIRECTION('',(0.,0.,-1.));
#5601=DIRECTION('',(-1.,0.,0.));
#5602=DIRECTION('',(0.,0.,-1.));
#5603=DIRECTION('center_axis',(0.,-1.,0.));
#5604=DIRECTION('ref_axis',(-1.,0.,0.));
#5605=DIRECTION('',(1.7763568394E-13,0.,-1.));
#5606=DIRECTION('',(0.,0.,-1.));
#5607=DIRECTION('',(-1.,0.,0.));
#5608=DIRECTION('',(0.,0.,-1.));
#5609=DIRECTION('',(1.,0.,0.));
#5610=DIRECTION('center_axis',(0.,-1.,0.));
#5611=DIRECTION('ref_axis',(-1.,0.,0.));
#5612=DIRECTION('',(1.7763568394E-13,0.,-1.));
#5613=DIRECTION('',(-1.,0.,0.));
#5614=DIRECTION('',(0.,0.,-1.));
#5615=DIRECTION('',(-1.7763568394E-13,0.,-1.));
#5616=DIRECTION('',(1.,0.,0.));
#5617=DIRECTION('center_axis',(0.,-1.,0.));
#5618=DIRECTION('ref_axis',(-1.,0.,0.));
#5619=DIRECTION('',(1.998401444325E-13,0.,-1.));
#5620=DIRECTION('',(0.,0.,-1.));
#5621=DIRECTION('',(-1.,0.,0.));
#5622=DIRECTION('',(-1.7763568394E-13,0.,-1.));
#5623=DIRECTION('',(1.,0.,0.));
#5624=DIRECTION('center_axis',(0.,-1.,0.));
#5625=DIRECTION('ref_axis',(-1.,0.,0.));
#5626=DIRECTION('',(2.6645352591E-13,0.,-1.));
#5627=DIRECTION('',(0.,0.,-1.));
#5628=DIRECTION('',(-1.,0.,0.));
#5629=DIRECTION('',(0.,0.,-1.));
#5630=DIRECTION('',(-8.881784197001E-14,0.,-1.));
#5631=DIRECTION('',(1.,0.,0.));
#5632=DIRECTION('center_axis',(0.,-1.,0.));
#5633=DIRECTION('ref_axis',(-1.,0.,0.));
#5634=DIRECTION('',(-1.,0.,0.));
#5635=DIRECTION('',(0.,0.,-1.));
#5636=DIRECTION('',(-8.881784197001E-14,0.,-1.));
#5637=DIRECTION('',(1.,0.,0.));
#5638=DIRECTION('',(0.,0.,-1.));
#5639=DIRECTION('center_axis',(1.,0.,0.));
#5640=DIRECTION('ref_axis',(0.,0.,-1.));
#5641=DIRECTION('',(0.,-1.,0.));
#5642=DIRECTION('',(0.,0.,1.));
#5643=DIRECTION('',(0.,1.,0.));
#5644=DIRECTION('',(0.,0.,-1.));
#5645=DIRECTION('',(0.,1.,0.));
#5646=DIRECTION('',(0.,0.,1.));
#5647=DIRECTION('',(0.,-1.,0.));
#5648=DIRECTION('',(0.,1.,0.));
#5649=DIRECTION('',(0.,-1.,0.));
#5650=DIRECTION('',(0.,0.,-1.));
#5651=DIRECTION('',(0.,-1.,0.));
#5652=DIRECTION('',(0.,0.,-1.));
#5653=DIRECTION('',(0.,1.,0.));
#5654=DIRECTION('',(0.,0.,1.));
#5655=DIRECTION('',(0.,1.,0.));
#5656=DIRECTION('',(0.,0.,1.));
#5657=DIRECTION('',(0.,1.,0.));
#5658=DIRECTION('',(0.,0.,-1.));
#5659=DIRECTION('',(0.,0.64287114276419,0.765974342782488));
#5660=DIRECTION('',(0.,0.,-1.));
#5661=DIRECTION('',(0.,-0.642871293713882,-0.765974216092578));
#5662=DIRECTION('',(0.,-1.,0.));
#5663=DIRECTION('center_axis',(0.,0.,-1.));
#5664=DIRECTION('ref_axis',(0.,1.,0.));
#5665=DIRECTION('',(0.,1.,0.));
#5666=DIRECTION('',(1.,0.,0.));
#5667=DIRECTION('',(0.,1.,0.));
#5668=DIRECTION('center_axis',(0.,0.,-1.));
#5669=DIRECTION('ref_axis',(0.,1.,0.));
#5670=DIRECTION('',(1.,0.,0.));
#5671=DIRECTION('',(0.,1.,0.));
#5672=DIRECTION('',(1.,0.,0.));
#5673=DIRECTION('',(0.,1.,0.));
#5674=DIRECTION('center_axis',(0.,0.,-1.));
#5675=DIRECTION('ref_axis',(0.,1.,0.));
#5676=DIRECTION('',(1.,0.,0.));
#5677=DIRECTION('',(0.,1.,0.));
#5678=DIRECTION('center_axis',(0.,0.,-1.));
#5679=DIRECTION('ref_axis',(0.,1.,0.));
#5680=DIRECTION('',(1.,0.,0.));
#5681=DIRECTION('',(0.,1.,0.));
#5682=DIRECTION('',(1.,0.,0.));
#5683=DIRECTION('center_axis',(0.,0.,-1.));
#5684=DIRECTION('ref_axis',(0.,1.,0.));
#5685=DIRECTION('',(1.,0.,0.));
#5686=DIRECTION('',(0.,1.,0.));
#5687=DIRECTION('',(1.,0.,0.));
#5688=DIRECTION('',(0.,1.,0.));
#5689=DIRECTION('center_axis',(0.,0.,-1.));
#5690=DIRECTION('ref_axis',(0.,1.,0.));
#5691=DIRECTION('',(0.,1.,0.));
#5692=DIRECTION('',(0.,1.,0.));
#5693=DIRECTION('',(1.,0.,0.));
#5694=DIRECTION('center_axis',(0.,0.,-1.));
#5695=DIRECTION('ref_axis',(0.,1.,0.));
#5696=DIRECTION('',(0.,1.,0.));
#5697=DIRECTION('',(0.,1.,0.));
#5698=DIRECTION('',(1.,0.,0.));
#5699=DIRECTION('center_axis',(0.,0.,-1.));
#5700=DIRECTION('ref_axis',(0.,1.,0.));
#5701=DIRECTION('',(1.,0.,0.));
#5702=DIRECTION('',(0.,1.,0.));
#5703=DIRECTION('',(1.,0.,0.));
#5704=DIRECTION('',(0.,1.,0.));
#5705=DIRECTION('center_axis',(0.,0.,-1.));
#5706=DIRECTION('ref_axis',(0.,1.,0.));
#5707=DIRECTION('',(0.,1.,0.));
#5708=DIRECTION('',(0.,1.,0.));
#5709=DIRECTION('',(1.,0.,0.));
#5710=DIRECTION('center_axis',(0.,0.,-1.));
#5711=DIRECTION('ref_axis',(0.,1.,0.));
#5712=DIRECTION('',(1.,0.,0.));
#5713=DIRECTION('',(0.,1.,0.));
#5714=DIRECTION('',(1.,0.,0.));
#5715=DIRECTION('',(0.,1.,0.));
#5716=DIRECTION('center_axis',(0.,0.,-1.));
#5717=DIRECTION('ref_axis',(0.,1.,0.));
#5718=DIRECTION('',(0.,1.,0.));
#5719=DIRECTION('',(1.,0.,0.));
#5720=DIRECTION('',(0.,1.,0.));
#5721=DIRECTION('center_axis',(0.,0.,-1.));
#5722=DIRECTION('ref_axis',(0.,1.,0.));
#5723=DIRECTION('',(0.,1.,0.));
#5724=DIRECTION('',(0.,1.,0.));
#5725=DIRECTION('',(1.,0.,0.));
#5726=DIRECTION('center_axis',(0.,0.,-1.));
#5727=DIRECTION('ref_axis',(0.,1.,0.));
#5728=DIRECTION('',(1.,0.,0.));
#5729=DIRECTION('',(0.,1.,0.));
#5730=DIRECTION('',(1.,0.,0.));
#5731=DIRECTION('',(0.,1.,0.));
#5732=DIRECTION('center_axis',(0.,0.,-1.));
#5733=DIRECTION('ref_axis',(0.,1.,0.));
#5734=DIRECTION('',(1.,0.,0.));
#5735=DIRECTION('',(0.,1.,0.));
#5736=DIRECTION('',(1.,0.,0.));
#5737=DIRECTION('',(0.,1.,0.));
#5738=DIRECTION('center_axis',(1.,0.,0.));
#5739=DIRECTION('ref_axis',(0.,0.,-1.));
#5740=DIRECTION('',(0.,-1.,0.));
#5741=DIRECTION('',(0.,0.,1.));
#5742=DIRECTION('',(0.,1.,0.));
#5743=DIRECTION('',(0.,0.,-1.));
#5744=DIRECTION('',(0.,1.,0.));
#5745=DIRECTION('',(0.,0.,1.));
#5746=DIRECTION('',(0.,1.,0.));
#5747=DIRECTION('',(0.,1.,0.));
#5748=DIRECTION('',(0.,1.,0.));
#5749=DIRECTION('',(0.,0.,1.));
#5750=DIRECTION('',(0.,1.,0.));
#5751=DIRECTION('',(0.,0.,-1.));
#5752=DIRECTION('',(0.,0.,-1.));
#5753=DIRECTION('center_axis',(0.,0.,-1.));
#5754=DIRECTION('ref_axis',(1.,0.,0.));
#5755=DIRECTION('',(0.,-1.,0.));
#5756=DIRECTION('',(1.,0.,0.));
#5757=DIRECTION('center_axis',(0.,0.,-1.));
#5758=DIRECTION('ref_axis',(1.,0.,0.));
#5759=DIRECTION('',(1.,0.,0.));
#5760=DIRECTION('',(0.,-1.,0.));
#5761=DIRECTION('center_axis',(0.,0.,-1.));
#5762=DIRECTION('ref_axis',(1.,0.,0.));
#5763=DIRECTION('',(0.,-1.,0.));
#5764=DIRECTION('',(1.,0.,0.));
#5765=DIRECTION('',(0.,-1.,0.));
#5766=DIRECTION('center_axis',(0.,0.,-1.));
#5767=DIRECTION('ref_axis',(1.,0.,0.));
#5768=DIRECTION('',(1.,0.,0.));
#5769=DIRECTION('',(0.,-1.,0.));
#5770=DIRECTION('center_axis',(0.,0.,-1.));
#5771=DIRECTION('ref_axis',(1.,0.,0.));
#5772=DIRECTION('',(0.,-1.,0.));
#5773=DIRECTION('',(1.,0.,0.));
#5774=DIRECTION('center_axis',(0.,0.,-1.));
#5775=DIRECTION('ref_axis',(1.,0.,0.));
#5776=DIRECTION('',(0.,-1.,0.));
#5777=DIRECTION('',(1.,0.,0.));
#5778=DIRECTION('',(0.,-1.,0.));
#5779=DIRECTION('center_axis',(0.,0.,-1.));
#5780=DIRECTION('ref_axis',(1.,0.,0.));
#5781=DIRECTION('',(1.,0.,0.));
#5782=DIRECTION('',(0.,-1.,0.));
#5783=DIRECTION('',(0.,-1.,0.));
#5784=DIRECTION('center_axis',(0.,1.,0.));
#5785=DIRECTION('ref_axis',(1.,0.,0.));
#5786=DIRECTION('',(0.,0.,1.));
#5787=DIRECTION('center_axis',(0.,1.,0.));
#5788=DIRECTION('ref_axis',(1.,0.,0.));
#5789=DIRECTION('',(0.,0.,-1.));
#5790=DIRECTION('center_axis',(0.,1.,0.));
#5791=DIRECTION('ref_axis',(1.,0.,0.));
#5792=DIRECTION('',(0.,0.,-1.));
#5793=DIRECTION('',(2.6645352591E-13,0.,-1.));
#5794=DIRECTION('',(0.,0.,1.));
#5795=DIRECTION('center_axis',(0.,1.,0.));
#5796=DIRECTION('ref_axis',(1.,0.,0.));
#5797=DIRECTION('',(1.7763568394E-13,0.,-1.));
#5798=DIRECTION('',(-1.7763568394E-13,0.,-1.));
#5799=DIRECTION('',(0.,0.,-1.));
#5800=DIRECTION('center_axis',(0.,1.,0.));
#5801=DIRECTION('ref_axis',(1.,0.,0.));
#5802=DIRECTION('',(0.,0.,-1.));
#5803=DIRECTION('',(1.7763568394E-13,0.,-1.));
#5804=DIRECTION('',(-2.22044604925E-13,0.,-1.));
#5805=DIRECTION('center_axis',(0.,1.,0.));
#5806=DIRECTION('ref_axis',(1.,0.,0.));
#5807=DIRECTION('',(0.,0.,-1.));
#5808=DIRECTION('',(1.7763568394E-13,0.,-1.));
#5809=DIRECTION('',(-8.881784197001E-14,0.,-1.));
#5810=DIRECTION('',(0.,0.,-1.));
#5811=DIRECTION('center_axis',(0.,1.,0.));
#5812=DIRECTION('ref_axis',(1.,0.,0.));
#5813=DIRECTION('',(0.,0.,-1.));
#5814=DIRECTION('',(0.,0.,-1.));
#5815=DIRECTION('',(0.,0.,-1.));
#5816=DIRECTION('center_axis',(1.,0.,0.));
#5817=DIRECTION('ref_axis',(0.,0.,-1.));
#5818=DIRECTION('',(0.,-1.,0.));
#5819=DIRECTION('',(0.,0.,1.));
#5820=DIRECTION('',(0.,1.,0.));
#5821=DIRECTION('',(0.,0.,-1.));
#5822=DIRECTION('',(0.,0.,1.));
#5823=DIRECTION('',(0.,1.,0.));
#5824=DIRECTION('',(0.,0.,-1.));
#5825=DIRECTION('',(0.,1.,0.));
#5826=DIRECTION('',(0.,0.,1.));
#5827=DIRECTION('',(0.,1.,0.));
#5828=DIRECTION('',(0.,0.,1.));
#5829=DIRECTION('center_axis',(0.,0.,1.));
#5830=DIRECTION('ref_axis',(1.,0.,0.));
#5831=DIRECTION('',(1.,0.,0.));
#5832=DIRECTION('',(0.,-1.,0.));
#5833=DIRECTION('',(1.,0.,0.));
#5834=DIRECTION('center_axis',(0.,-1.,0.));
#5835=DIRECTION('ref_axis',(0.,0.,-1.));
#5836=DIRECTION('',(0.,0.,-1.));
#5837=DIRECTION('',(0.,0.,1.));
#5838=DIRECTION('',(1.,0.,0.));
#5839=DIRECTION('',(0.,0.,1.));
#5840=DIRECTION('',(0.,0.,-1.));
#5841=DIRECTION('',(-2.960594732334E-14,0.,1.));
#5842=DIRECTION('',(1.,0.,0.));
#5843=DIRECTION('',(5.921189464668E-14,0.,1.));
#5844=DIRECTION('',(0.,0.,-1.));
#5845=DIRECTION('',(0.,0.,1.));
#5846=DIRECTION('',(1.,0.,0.));
#5847=DIRECTION('',(0.,0.,1.));
#5848=DIRECTION('',(-5.921189464668E-14,0.,1.));
#5849=DIRECTION('',(1.,0.,0.));
#5850=DIRECTION('',(5.921189464668E-14,0.,1.));
#5851=DIRECTION('',(0.,0.,1.));
#5852=DIRECTION('',(1.,0.,0.));
#5853=DIRECTION('',(0.,0.,1.));
#5854=DIRECTION('',(0.,0.,-1.));
#5855=DIRECTION('',(-5.921189464668E-14,0.,1.));
#5856=DIRECTION('',(1.,0.,0.));
#5857=DIRECTION('',(5.921189464668E-14,0.,1.));
#5858=DIRECTION('',(0.,0.,-1.));
#5859=DIRECTION('',(0.,0.,1.));
#5860=DIRECTION('',(1.,0.,0.));
#5861=DIRECTION('',(0.,0.,1.));
#5862=DIRECTION('',(-1.,0.,0.));
#5863=DIRECTION('',(0.,0.,-1.));
#5864=DIRECTION('',(-1.,0.,0.));
#5865=DIRECTION('',(0.,0.,1.));
#5866=DIRECTION('',(-1.,0.,0.));
#5867=DIRECTION('',(0.,0.,-1.));
#5868=DIRECTION('',(1.,0.,0.));
#5869=DIRECTION('',(0.,0.,-1.));
#5870=DIRECTION('',(1.,0.,0.));
#5871=DIRECTION('',(0.,0.,1.));
#5872=DIRECTION('',(0.,0.,-1.));
#5873=DIRECTION('',(-2.960594732334E-14,0.,1.));
#5874=DIRECTION('',(1.,0.,0.));
#5875=DIRECTION('',(8.881784197001E-14,0.,1.));
#5876=DIRECTION('center_axis',(1.,0.,0.));
#5877=DIRECTION('ref_axis',(0.,0.,-1.));
#5878=DIRECTION('',(0.,1.,0.));
#5879=DIRECTION('center_axis',(1.,0.,0.));
#5880=DIRECTION('ref_axis',(0.,0.,-1.));
#5881=DIRECTION('',(0.,0.,-1.));
#5882=DIRECTION('',(0.,1.,0.));
#5883=DIRECTION('',(0.,-1.,0.));
#5884=DIRECTION('center_axis',(1.,0.,0.));
#5885=DIRECTION('ref_axis',(0.,0.,-1.));
#5886=DIRECTION('',(0.,-1.,0.));
#5887=DIRECTION('',(0.,0.,-1.));
#5888=DIRECTION('',(0.,1.,0.));
#5889=DIRECTION('',(0.,0.,1.));
#5890=DIRECTION('center_axis',(0.,0.,-1.));
#5891=DIRECTION('ref_axis',(0.,1.,0.));
#5892=DIRECTION('',(-1.,0.,0.));
#5893=DIRECTION('',(0.,1.,0.));
#5894=DIRECTION('',(0.,1.,0.));
#5895=DIRECTION('',(0.,1.,0.));
#5896=DIRECTION('',(0.,1.,0.));
#5897=DIRECTION('',(-1.,0.,0.));
#5898=DIRECTION('',(1.480297366167E-14,1.,0.));
#5899=DIRECTION('',(0.,1.,0.));
#5900=DIRECTION('center_axis',(0.,-0.351123441588414,-0.936329177569036));
#5901=DIRECTION('ref_axis',(0.,-0.936329177569036,0.351123441588414));
#5902=DIRECTION('',(-1.,0.,0.));
#5903=DIRECTION('',(-0.331294578224501,0.883452208598802,-0.331294578224501));
#5904=DIRECTION('',(-0.331294578224501,-0.883452208598802,0.331294578224501));
#5905=DIRECTION('center_axis',(0.,-1.,0.));
#5906=DIRECTION('ref_axis',(0.,0.,-1.));
#5907=DIRECTION('',(0.,0.,-1.));
#5908=DIRECTION('',(-1.,0.,0.));
#5909=DIRECTION('',(0.,0.,1.));
#5910=DIRECTION('center_axis',(-0.936329177569036,-0.351123441588414,0.));
#5911=DIRECTION('ref_axis',(0.351123441588414,-0.936329177569036,0.));
#5912=DIRECTION('',(0.331294578224501,-0.883452208598802,-0.331294578224501));
#5913=DIRECTION('',(0.,0.,1.));
#5914=DIRECTION('center_axis',(1.,0.,0.));
#5915=DIRECTION('ref_axis',(0.,0.,-1.));
#5916=DIRECTION('center_axis',(1.,0.,0.));
#5917=DIRECTION('ref_axis',(0.,0.,-1.));
#5918=DIRECTION('',(0.,-1.,0.));
#5919=DIRECTION('center_axis',(1.,0.,0.));
#5920=DIRECTION('ref_axis',(0.,0.,-1.));
#5921=DIRECTION('',(0.,1.,0.));
#5922=DIRECTION('',(0.,0.,1.));
#5923=DIRECTION('',(0.,1.,0.));
#5924=DIRECTION('',(0.,0.,-1.));
#5925=DIRECTION('center_axis',(0.,0.,1.));
#5926=DIRECTION('ref_axis',(0.,-1.,0.));
#5927=DIRECTION('',(-1.,0.,0.));
#5928=DIRECTION('',(0.,1.,0.));
#5929=DIRECTION('',(-1.,0.,0.));
#5930=DIRECTION('',(0.,1.,0.));
#5931=DIRECTION('center_axis',(0.,-0.351123441588414,0.936329177569036));
#5932=DIRECTION('ref_axis',(0.,0.936329177569036,0.351123441588414));
#5933=DIRECTION('',(0.331294578224501,0.883452208598802,0.331294578224501));
#5934=DIRECTION('center_axis',(0.936329177569036,-0.351123441588414,0.));
#5935=DIRECTION('ref_axis',(-0.351123441588414,-0.936329177569036,0.));
#5936=DIRECTION('center_axis',(-1.,0.,0.));
#5937=DIRECTION('ref_axis',(0.,0.,1.));
#5938=DIRECTION('',(0.,1.,0.));
#5939=DIRECTION('',(0.,0.,1.));
#5940=DIRECTION('center_axis',(-1.,0.,0.));
#5941=DIRECTION('ref_axis',(0.,0.,1.));
#5942=DIRECTION('',(0.,0.,-1.));
#5943=DIRECTION('',(0.,0.,-1.));
#5944=DIRECTION('',(0.,1.,0.));
#5945=DIRECTION('',(0.,0.,1.));
#5946=DIRECTION('',(0.,-1.,0.));
#5947=DIRECTION('center_axis',(-1.,0.,0.));
#5948=DIRECTION('ref_axis',(0.,0.,1.));
#5949=DIRECTION('',(0.,0.,-1.));
#5950=DIRECTION('',(0.,-1.,0.));
#5951=DIRECTION('center_axis',(0.,1.,0.));
#5952=DIRECTION('ref_axis',(0.,0.,1.));
#5953=DIRECTION('',(1.,0.,0.));
#5954=DIRECTION('center_axis',(0.,1.,0.));
#5955=DIRECTION('ref_axis',(0.,0.,1.));
#5956=DIRECTION('',(1.,0.,0.));
#5957=DIRECTION('',(0.,0.,1.));
#5958=DIRECTION('center_axis',(0.,1.,0.));
#5959=DIRECTION('ref_axis',(0.,0.,1.));
#5960=DIRECTION('',(0.,0.,1.));
#5961=DIRECTION('',(1.,0.,0.));
#5962=DIRECTION('',(0.,0.,1.));
#5963=DIRECTION('center_axis',(0.,1.,0.));
#5964=DIRECTION('ref_axis',(0.,0.,1.));
#5965=DIRECTION('',(0.,0.,1.));
#5966=DIRECTION('',(0.,0.,1.));
#5967=DIRECTION('',(1.,0.,0.));
#5968=DIRECTION('center_axis',(0.,1.,0.));
#5969=DIRECTION('ref_axis',(0.,0.,1.));
#5970=DIRECTION('',(0.,0.,1.));
#5971=DIRECTION('',(0.,0.,1.));
#5972=DIRECTION('',(1.,0.,0.));
#5973=DIRECTION('center_axis',(0.,1.,0.));
#5974=DIRECTION('ref_axis',(0.,0.,1.));
#5975=DIRECTION('',(1.,0.,0.));
#5976=DIRECTION('',(0.,0.,1.));
#5977=DIRECTION('center_axis',(0.,1.,0.));
#5978=DIRECTION('ref_axis',(0.,0.,1.));
#5979=DIRECTION('',(0.,0.,1.));
#5980=DIRECTION('',(0.,0.,1.));
#5981=DIRECTION('',(1.,0.,0.));
#5982=DIRECTION('center_axis',(0.,0.,-1.));
#5983=DIRECTION('ref_axis',(0.,1.,0.));
#5984=DIRECTION('',(1.,0.,0.));
#5985=DIRECTION('center_axis',(0.,0.,-1.));
#5986=DIRECTION('ref_axis',(0.,1.,0.));
#5987=DIRECTION('',(1.,0.,0.));
#5988=DIRECTION('',(0.,1.,0.));
#5989=DIRECTION('center_axis',(0.,0.,-1.));
#5990=DIRECTION('ref_axis',(0.,1.,0.));
#5991=DIRECTION('',(0.,-1.,0.));
#5992=DIRECTION('',(0.,1.,0.));
#5993=DIRECTION('center_axis',(0.,0.,-1.));
#5994=DIRECTION('ref_axis',(0.,1.,0.));
#5995=DIRECTION('',(0.,1.,0.));
#5996=DIRECTION('',(0.,-1.,0.));
#5997=DIRECTION('center_axis',(0.,0.,-1.));
#5998=DIRECTION('ref_axis',(0.,1.,0.));
#5999=DIRECTION('',(0.,1.,0.));
#6000=DIRECTION('',(0.,1.,0.));
#6001=DIRECTION('center_axis',(0.,0.,-1.));
#6002=DIRECTION('ref_axis',(0.,1.,0.));
#6003=DIRECTION('',(0.,1.,0.));
#6004=DIRECTION('center_axis',(0.,0.,-1.));
#6005=DIRECTION('ref_axis',(0.,1.,0.));
#6006=DIRECTION('',(0.,1.,0.));
#6007=DIRECTION('',(0.,1.,0.));
#6008=DIRECTION('center_axis',(0.,-1.,0.));
#6009=DIRECTION('ref_axis',(0.,0.,-1.));
#6010=DIRECTION('',(1.,0.,0.));
#6011=DIRECTION('center_axis',(0.,-1.,0.));
#6012=DIRECTION('ref_axis',(0.,0.,-1.));
#6013=DIRECTION('',(0.,0.,1.));
#6014=DIRECTION('',(1.,0.,0.));
#6015=DIRECTION('center_axis',(0.,0.,1.));
#6016=DIRECTION('ref_axis',(0.,-1.,0.));
#6017=DIRECTION('',(-0.886914084166971,-0.461934418836985,0.));
#6018=DIRECTION('center_axis',(0.,0.,1.));
#6019=DIRECTION('ref_axis',(0.,-1.,0.));
#6020=DIRECTION('',(0.,1.,0.));
#6021=DIRECTION('',(-0.886914084166971,0.461934418836985,0.));
#6022=DIRECTION('center_axis',(0.461934418836985,-0.886914084166971,0.));
#6023=DIRECTION('ref_axis',(-0.886914084166971,-0.461934418836985,0.));
#6024=DIRECTION('',(0.66353810784448,0.345592764502289,-0.66353810784448));
#6025=DIRECTION('',(0.,0.,-1.));
#6026=DIRECTION('center_axis',(0.,-1.,0.));
#6027=DIRECTION('ref_axis',(0.,0.,-1.));
#6028=DIRECTION('',(0.,0.,-1.));
#6029=DIRECTION('',(-1.,0.,0.));
#6030=DIRECTION('',(0.,0.,1.));
#6031=DIRECTION('',(-1.,0.,0.));
#6032=DIRECTION('',(0.,0.,1.));
#6033=DIRECTION('',(-1.,0.,0.));
#6034=DIRECTION('',(0.,0.,-1.));
#6035=DIRECTION('',(-1.,0.,0.));
#6036=DIRECTION('',(-0.707106781186547,0.,0.707106781186547));
#6037=DIRECTION('',(1.,0.,0.));
#6038=DIRECTION('',(-0.707106781186547,0.,-0.707106781186547));
#6039=DIRECTION('',(0.,0.,1.));
#6040=DIRECTION('',(-1.,0.,0.));
#6041=DIRECTION('',(0.,0.,1.));
#6042=DIRECTION('',(-1.,0.,0.));
#6043=DIRECTION('',(0.,0.,1.));
#6044=DIRECTION('',(1.,0.,0.));
#6045=DIRECTION('center_axis',(-1.,0.,0.));
#6046=DIRECTION('ref_axis',(0.,0.,-1.));
#6047=DIRECTION('',(0.,-1.,0.));
#6048=DIRECTION('',(0.,-1.,0.));
#6049=DIRECTION('',(0.,0.,-1.));
#6050=DIRECTION('',(0.,-1.,0.));
#6051=DIRECTION('',(0.,-1.,0.));
#6052=DIRECTION('',(0.,0.,-1.));
#6053=DIRECTION('center_axis',(0.,0.,-1.));
#6054=DIRECTION('ref_axis',(1.,0.,0.));
#6055=DIRECTION('',(1.,0.,0.));
#6056=DIRECTION('',(0.,1.,0.));
#6057=DIRECTION('',(1.,0.,0.));
#6058=DIRECTION('',(0.,1.,0.));
#6059=DIRECTION('center_axis',(0.,1.,0.));
#6060=DIRECTION('ref_axis',(0.,0.,1.));
#6061=DIRECTION('center_axis',(0.,1.,0.));
#6062=DIRECTION('ref_axis',(-0.443658519053799,0.,-0.896195915227798));
#6063=DIRECTION('center_axis',(0.,1.,0.));
#6064=DIRECTION('ref_axis',(-0.808689828521635,0.,-0.588235294117625));
#6065=DIRECTION('center_axis',(0.,0.,1.));
#6066=DIRECTION('ref_axis',(-1.,0.,0.));
#6067=DIRECTION('',(0.,1.,0.));
#6068=DIRECTION('',(-1.,0.,0.));
#6069=DIRECTION('',(0.,1.,0.));
#6070=DIRECTION('',(-1.,0.,0.));
#6071=DIRECTION('center_axis',(0.,-1.,0.));
#6072=DIRECTION('ref_axis',(1.,0.,0.));
#6073=DIRECTION('',(1.,0.,0.));
#6074=DIRECTION('',(0.,0.,1.));
#6075=DIRECTION('center_axis',(0.,1.,0.));
#6076=DIRECTION('ref_axis',(-1.,0.,0.));
#6077=DIRECTION('center_axis',(0.,-1.,0.));
#6078=DIRECTION('ref_axis',(1.,0.,0.));
#6079=DIRECTION('center_axis',(0.,1.,0.));
#6080=DIRECTION('ref_axis',(-0.69985421222379,0.,-0.71428571428569));
#6081=DIRECTION('',(0.,0.,1.));
#6082=DIRECTION('',(-1.,0.,0.));
#6083=DIRECTION('center_axis',(0.,-1.,0.));
#6084=DIRECTION('ref_axis',(1.,0.,0.));
#6085=DIRECTION('',(0.,0.,1.));
#6086=DIRECTION('',(1.,0.,0.));
#6087=DIRECTION('',(0.,0.,1.));
#6088=DIRECTION('center_axis',(0.,-1.,0.));
#6089=DIRECTION('ref_axis',(0.69985421222379,0.,-0.71428571428569));
#6090=DIRECTION('',(-1.,0.,0.));
#6091=DIRECTION('center_axis',(0.,-1.,0.));
#6092=DIRECTION('ref_axis',(1.,0.,0.));
#6093=DIRECTION('center_axis',(0.,-1.,0.));
#6094=DIRECTION('ref_axis',(1.,0.,0.));
#6095=DIRECTION('',(0.,0.,1.));
#6096=DIRECTION('',(-1.,0.,0.));
#6097=DIRECTION('',(0.,0.,1.));
#6098=DIRECTION('',(1.,0.,0.));
#6099=DIRECTION('center_axis',(0.,1.,0.));
#6100=DIRECTION('ref_axis',(0.,0.,1.));
#6101=DIRECTION('center_axis',(0.,1.,0.));
#6102=DIRECTION('ref_axis',(-0.69985421222379,0.,-0.71428571428569));
#6103=DIRECTION('center_axis',(0.,1.,0.));
#6104=DIRECTION('ref_axis',(0.,0.,1.));
#6105=DIRECTION('center_axis',(0.,1.,0.));
#6106=DIRECTION('ref_axis',(-0.808689828521635,0.,-0.588235294117625));
#6107=DIRECTION('center_axis',(0.,1.,0.));
#6108=DIRECTION('ref_axis',(0.,0.,1.));
#6109=DIRECTION('center_axis',(1.,0.,0.));
#6110=DIRECTION('ref_axis',(0.,0.,1.));
#6111=DIRECTION('',(0.,-1.,0.));
#6112=DIRECTION('',(0.,-1.,0.));
#6113=DIRECTION('center_axis',(0.,0.,-1.));
#6114=DIRECTION('ref_axis',(1.,0.,0.));
#6115=DIRECTION('',(0.,1.,0.));
#6116=DIRECTION('',(0.,1.,0.));
#6117=DIRECTION('',(0.,-1.,0.));
#6118=DIRECTION('',(0.,-1.,0.));
#6119=DIRECTION('center_axis',(-1.,0.,0.));
#6120=DIRECTION('ref_axis',(0.,0.,-1.));
#6121=DIRECTION('',(0.,-1.,0.));
#6122=DIRECTION('',(0.,-1.,0.));
#6123=DIRECTION('',(0.,-1.,0.));
#6124=DIRECTION('center_axis',(0.,0.,-1.));
#6125=DIRECTION('ref_axis',(1.,0.,0.));
#6126=DIRECTION('',(0.,-1.,0.));
#6127=DIRECTION('',(1.,0.,0.));
#6128=DIRECTION('',(0.,-1.,0.));
#6129=DIRECTION('center_axis',(0.,1.,0.));
#6130=DIRECTION('ref_axis',(0.,0.,-1.));
#6131=DIRECTION('center_axis',(0.,-1.,0.));
#6132=DIRECTION('ref_axis',(0.443658519053799,0.,-0.896195915227798));
#6133=DIRECTION('center_axis',(0.,-1.,0.));
#6134=DIRECTION('ref_axis',(0.808689828521635,0.,-0.588235294117625));
#6135=DIRECTION('center_axis',(0.,-1.,0.));
#6136=DIRECTION('ref_axis',(0.,0.,1.));
#6137=DIRECTION('',(0.,-1.,0.));
#6138=DIRECTION('center_axis',(0.,-1.,0.));
#6139=DIRECTION('ref_axis',(0.808689828521635,0.,-0.588235294117625));
#6140=DIRECTION('center_axis',(0.,-1.,0.));
#6141=DIRECTION('ref_axis',(0.,0.,1.));
#6142=DIRECTION('',(1.,0.,0.));
#6143=DIRECTION('center_axis',(0.,-1.,0.));
#6144=DIRECTION('ref_axis',(0.69985421222379,0.,-0.71428571428569));
#6145=DIRECTION('center_axis',(0.,-1.,0.));
#6146=DIRECTION('ref_axis',(0.,0.,1.));
#6147=DIRECTION('',(0.,-1.,0.));
#6148=DIRECTION('center_axis',(0.,0.,1.));
#6149=DIRECTION('ref_axis',(-1.,0.,0.));
#6150=DIRECTION('center_axis',(0.,0.,1.));
#6151=DIRECTION('ref_axis',(-1.,0.,0.));
#6152=DIRECTION('',(0.,-1.,0.));
#6153=DIRECTION('center_axis',(1.,0.,0.));
#6154=DIRECTION('ref_axis',(0.,0.,1.));
#6155=DIRECTION('center_axis',(-1.,0.,0.));
#6156=DIRECTION('ref_axis',(0.,0.,-1.));
#6157=DIRECTION('',(0.,1.,0.));
#6158=DIRECTION('center_axis',(0.,0.,1.));
#6159=DIRECTION('ref_axis',(-1.,0.,0.));
#6160=DIRECTION('center_axis',(1.,0.,0.));
#6161=DIRECTION('ref_axis',(0.,0.,1.));
#6162=DIRECTION('',(0.,1.,0.));
#6163=DIRECTION('center_axis',(0.,0.,1.));
#6164=DIRECTION('ref_axis',(-1.,0.,0.));
#6165=DIRECTION('',(0.,1.,0.));
#6166=DIRECTION('center_axis',(-1.,0.,0.));
#6167=DIRECTION('ref_axis',(0.,0.,1.));
#6168=DIRECTION('',(0.,0.,-1.));
#6169=DIRECTION('',(0.,1.,0.));
#6170=DIRECTION('',(0.,0.,1.));
#6171=DIRECTION('',(0.,-1.,0.));
#6172=DIRECTION('',(0.,0.,1.));
#6173=DIRECTION('center_axis',(-0.461934418836985,-0.886914084166971,0.));
#6174=DIRECTION('ref_axis',(0.886914084166971,-0.461934418836985,0.));
#6175=DIRECTION('',(-0.66353810784448,0.345592764502289,-0.66353810784448));
#6176=DIRECTION('center_axis',(-0.707106781186548,0.,0.707106781186548));
#6177=DIRECTION('ref_axis',(0.707106781186548,0.,0.707106781186548));
#6178=DIRECTION('',(0.707106781186547,0.,0.707106781186547));
#6179=DIRECTION('',(0.,1.,0.));
#6180=DIRECTION('',(0.707106781186547,0.,0.707106781186547));
#6181=DIRECTION('center_axis',(-0.707106781186548,0.,0.707106781186548));
#6182=DIRECTION('ref_axis',(0.707106781186548,0.,0.707106781186548));
#6183=DIRECTION('',(0.707106781186547,0.,0.707106781186547));
#6184=DIRECTION('',(0.,1.,0.));
#6185=DIRECTION('center_axis',(0.,1.,0.));
#6186=DIRECTION('ref_axis',(1.,0.,0.));
#6187=DIRECTION('',(-1.,0.,0.));
#6188=DIRECTION('',(-0.707106781186547,0.,0.707106781186547));
#6189=DIRECTION('',(0.,0.,1.));
#6190=DIRECTION('center_axis',(0.,1.,0.));
#6191=DIRECTION('ref_axis',(1.,0.,0.));
#6192=DIRECTION('',(0.,0.,-1.));
#6193=DIRECTION('',(-1.,0.,0.));
#6194=DIRECTION('center_axis',(0.,0.,-1.));
#6195=DIRECTION('ref_axis',(-1.,0.,0.));
#6196=DIRECTION('',(0.,-1.,0.));
#6197=DIRECTION('',(-1.,0.,0.));
#6198=DIRECTION('center_axis',(0.,1.,0.));
#6199=DIRECTION('ref_axis',(1.,0.,0.));
#6200=DIRECTION('',(0.,0.,1.));
#6201=DIRECTION('',(-0.707106781186547,0.,0.707106781186547));
#6202=DIRECTION('center_axis',(0.,1.,0.));
#6203=DIRECTION('ref_axis',(1.,0.,0.));
#6204=DIRECTION('',(0.,0.,-1.));
#6205=DIRECTION('',(-1.,0.,0.));
#6206=DIRECTION('center_axis',(0.707106781186548,0.,0.707106781186548));
#6207=DIRECTION('ref_axis',(-0.707106781186548,0.,0.707106781186548));
#6208=DIRECTION('',(0.707106781186547,0.,-0.707106781186547));
#6209=DIRECTION('',(0.,-1.,0.));
#6210=DIRECTION('center_axis',(0.707106781186548,0.,0.707106781186548));
#6211=DIRECTION('ref_axis',(-0.707106781186548,0.,0.707106781186548));
#6212=DIRECTION('',(0.,-1.,0.));
#6213=DIRECTION('center_axis',(0.,0.,1.));
#6214=DIRECTION('ref_axis',(0.,-1.,0.));
#6215=DIRECTION('',(0.,1.,0.));
#6216=DIRECTION('',(1.,0.,0.));
#6217=DIRECTION('',(0.,1.,0.));
#6218=DIRECTION('',(-1.,0.,0.));
#6219=DIRECTION('',(-0.707106781186548,0.707106781186548,0.));
#6220=DIRECTION('',(0.,1.,0.));
#6221=DIRECTION('',(1.,0.,0.));
#6222=DIRECTION('',(0.,-1.,0.));
#6223=DIRECTION('',(-1.,0.,0.));
#6224=DIRECTION('',(0.,1.,0.));
#6225=DIRECTION('',(1.,0.,0.));
#6226=DIRECTION('',(0.,-1.,0.));
#6227=DIRECTION('',(-0.707106781186548,-0.707106781186548,0.));
#6228=DIRECTION('',(-1.,0.,0.));
#6229=DIRECTION('',(0.,1.,0.));
#6230=DIRECTION('',(1.,0.,0.));
#6231=DIRECTION('',(0.,-1.,0.));
#6232=DIRECTION('',(-0.707106781186548,-0.707106781186548,0.));
#6233=DIRECTION('',(-1.,0.,0.));
#6234=DIRECTION('',(0.,1.,0.));
#6235=DIRECTION('',(1.,0.,0.));
#6236=DIRECTION('',(0.,-1.,0.));
#6237=DIRECTION('center_axis',(-1.,0.,0.));
#6238=DIRECTION('ref_axis',(0.,0.,1.));
#6239=DIRECTION('center_axis',(1.,0.,0.));
#6240=DIRECTION('ref_axis',(0.,0.,-1.));
#6241=DIRECTION('',(0.,-1.,0.));
#6242=DIRECTION('center_axis',(0.,0.,-1.));
#6243=DIRECTION('ref_axis',(-1.,0.,0.));
#6244=DIRECTION('center_axis',(0.,1.,0.));
#6245=DIRECTION('ref_axis',(0.,0.,1.));
#6246=DIRECTION('',(1.,0.,0.));
#6247=DIRECTION('',(0.,0.,1.));
#6248=DIRECTION('',(1.,0.,0.));
#6249=DIRECTION('',(1.,0.,0.));
#6250=DIRECTION('',(1.,0.,0.));
#6251=DIRECTION('',(0.,0.,1.));
#6252=DIRECTION('',(1.,0.,0.));
#6253=DIRECTION('',(0.,0.,1.));
#6254=DIRECTION('',(1.,0.,0.));
#6255=DIRECTION('',(0.,0.,1.));
#6256=DIRECTION('',(1.,0.,0.));
#6257=DIRECTION('',(0.,0.,1.));
#6258=DIRECTION('',(1.,0.,0.));
#6259=DIRECTION('',(0.,0.,1.));
#6260=DIRECTION('',(1.,0.,0.));
#6261=DIRECTION('',(0.,0.,1.));
#6262=DIRECTION('',(1.,0.,0.));
#6263=DIRECTION('',(0.,0.,1.));
#6264=DIRECTION('',(1.,0.,0.));
#6265=DIRECTION('',(0.,0.,1.));
#6266=DIRECTION('',(1.,0.,0.));
#6267=DIRECTION('center_axis',(0.,0.,1.));
#6268=DIRECTION('ref_axis',(1.,0.,0.));
#6269=DIRECTION('',(1.,0.,0.));
#6270=DIRECTION('',(0.,-1.,0.));
#6271=DIRECTION('center_axis',(0.,0.,1.));
#6272=DIRECTION('ref_axis',(1.,0.,0.));
#6273=DIRECTION('',(1.,0.,0.));
#6274=DIRECTION('',(0.,-1.,0.));
#6275=DIRECTION('center_axis',(0.,1.,0.));
#6276=DIRECTION('ref_axis',(0.,0.,1.));
#6277=DIRECTION('',(0.,0.,-1.));
#6278=DIRECTION('center_axis',(1.,0.,0.));
#6279=DIRECTION('ref_axis',(0.,0.,-1.));
#6280=DIRECTION('center_axis',(1.,0.,0.));
#6281=DIRECTION('ref_axis',(0.,0.,-1.));
#6282=DIRECTION('',(0.,1.,0.));
#6283=DIRECTION('',(0.,0.,-1.));
#6284=DIRECTION('center_axis',(1.,0.,0.));
#6285=DIRECTION('ref_axis',(0.,0.,-1.));
#6286=DIRECTION('',(0.,0.,-1.));
#6287=DIRECTION('center_axis',(0.,-1.,0.));
#6288=DIRECTION('ref_axis',(0.,0.,-1.));
#6289=DIRECTION('',(1.,0.,0.));
#6290=DIRECTION('center_axis',(0.,-1.,0.));
#6291=DIRECTION('ref_axis',(0.,0.,-1.));
#6292=DIRECTION('',(1.,0.,0.));
#6293=DIRECTION('center_axis',(0.,-1.,0.));
#6294=DIRECTION('ref_axis',(0.,0.,-1.));
#6295=DIRECTION('',(0.,0.,-1.));
#6296=DIRECTION('',(1.,0.,0.));
#6297=DIRECTION('',(0.,0.,-1.));
#6298=DIRECTION('center_axis',(0.,-1.,0.));
#6299=DIRECTION('ref_axis',(0.,0.,-1.));
#6300=DIRECTION('',(0.,0.,-1.));
#6301=DIRECTION('',(1.,0.,0.));
#6302=DIRECTION('',(0.,0.,-1.));
#6303=DIRECTION('center_axis',(0.,-1.,0.));
#6304=DIRECTION('ref_axis',(0.,0.,-1.));
#6305=DIRECTION('',(0.,0.,-1.));
#6306=DIRECTION('',(1.,0.,0.));
#6307=DIRECTION('',(0.,0.,-1.));
#6308=DIRECTION('center_axis',(0.,-1.,0.));
#6309=DIRECTION('ref_axis',(0.,0.,-1.));
#6310=DIRECTION('',(0.,0.,-1.));
#6311=DIRECTION('',(1.,0.,0.));
#6312=DIRECTION('center_axis',(0.,-1.,0.));
#6313=DIRECTION('ref_axis',(0.,0.,-1.));
#6314=DIRECTION('',(1.,0.,0.));
#6315=DIRECTION('',(0.,0.,-1.));
#6316=DIRECTION('center_axis',(0.,0.,-1.));
#6317=DIRECTION('ref_axis',(0.,1.,0.));
#6318=DIRECTION('center_axis',(0.,0.,-1.));
#6319=DIRECTION('ref_axis',(0.,1.,0.));
#6320=DIRECTION('center_axis',(0.,0.,-1.));
#6321=DIRECTION('ref_axis',(0.,1.,0.));
#6322=DIRECTION('',(0.,1.,0.));
#6323=DIRECTION('',(0.,1.,0.));
#6324=DIRECTION('center_axis',(0.,0.,-1.));
#6325=DIRECTION('ref_axis',(0.,1.,0.));
#6326=DIRECTION('',(0.,1.,0.));
#6327=DIRECTION('',(0.,1.,0.));
#6328=DIRECTION('center_axis',(0.,0.,-1.));
#6329=DIRECTION('ref_axis',(0.,1.,0.));
#6330=DIRECTION('',(0.,1.,0.));
#6331=DIRECTION('',(0.,1.,0.));
#6332=DIRECTION('center_axis',(0.,0.,-1.));
#6333=DIRECTION('ref_axis',(0.,1.,0.));
#6334=DIRECTION('',(0.,1.,0.));
#6335=DIRECTION('center_axis',(0.,0.,-1.));
#6336=DIRECTION('ref_axis',(0.,1.,0.));
#6337=DIRECTION('',(0.,1.,0.));
#6338=DIRECTION('center_axis',(1.,0.,0.));
#6339=DIRECTION('ref_axis',(0.,0.,-1.));
#6340=DIRECTION('',(0.,-1.,0.));
#6341=DIRECTION('',(1.480297366167E-14,1.,0.));
#6342=DIRECTION('',(0.,0.,-1.));
#6343=DIRECTION('center_axis',(1.,0.,0.));
#6344=DIRECTION('ref_axis',(0.,0.,-1.));
#6345=DIRECTION('',(0.,1.,0.));
#6346=DIRECTION('center_axis',(1.,0.,0.));
#6347=DIRECTION('ref_axis',(0.,0.,-1.));
#6348=DIRECTION('',(0.,0.,-1.));
#6349=DIRECTION('',(0.,1.,0.));
#6350=DIRECTION('',(0.,-1.,0.));
#6351=DIRECTION('center_axis',(0.,0.,1.));
#6352=DIRECTION('ref_axis',(1.,0.,0.));
#6353=DIRECTION('',(0.,-1.,0.));
#6354=DIRECTION('',(1.,0.,0.));
#6355=DIRECTION('center_axis',(0.,0.,1.));
#6356=DIRECTION('ref_axis',(1.,0.,0.));
#6357=DIRECTION('',(1.,0.,0.));
#6358=DIRECTION('',(0.,-1.,0.));
#6359=DIRECTION('center_axis',(-1.,0.,0.));
#6360=DIRECTION('ref_axis',(0.,0.,1.));
#6361=DIRECTION('',(0.,0.,-1.));
#6362=DIRECTION('',(0.,1.,0.));
#6363=DIRECTION('center_axis',(-1.,0.,0.));
#6364=DIRECTION('ref_axis',(0.,0.,1.));
#6365=DIRECTION('',(0.,1.,0.));
#6366=DIRECTION('center_axis',(-1.,0.,0.));
#6367=DIRECTION('ref_axis',(0.,0.,1.));
#6368=DIRECTION('',(0.,0.,-1.));
#6369=DIRECTION('',(0.,1.,0.));
#6370=DIRECTION('center_axis',(0.,0.,-1.));
#6371=DIRECTION('ref_axis',(0.,1.,0.));
#6372=DIRECTION('',(-1.,0.,0.));
#6373=DIRECTION('',(0.,1.,0.));
#6374=DIRECTION('',(0.,1.,0.));
#6375=DIRECTION('',(-1.,0.,0.));
#6376=DIRECTION('',(0.,1.,0.));
#6377=DIRECTION('',(0.,1.,0.));
#6378=DIRECTION('center_axis',(0.,-0.351123441588414,-0.936329177569036));
#6379=DIRECTION('ref_axis',(0.,-0.936329177569036,0.351123441588414));
#6380=DIRECTION('',(-0.331294578224501,-0.883452208598802,0.331294578224501));
#6381=DIRECTION('',(-1.,0.,0.));
#6382=DIRECTION('',(-0.331294578224501,0.883452208598802,-0.331294578224501));
#6383=DIRECTION('center_axis',(0.936329177569036,-0.351123441588414,0.));
#6384=DIRECTION('ref_axis',(-0.351123441588414,-0.936329177569036,0.));
#6385=DIRECTION('',(0.331294578224501,0.883452208598802,0.331294578224501));
#6386=DIRECTION('',(0.,0.,-1.));
#6387=DIRECTION('',(0.,0.,-1.));
#6388=DIRECTION('center_axis',(0.,-0.351123441588414,0.936329177569036));
#6389=DIRECTION('ref_axis',(0.,0.936329177569036,0.351123441588414));
#6390=DIRECTION('',(-1.,0.,0.));
#6391=DIRECTION('',(0.331294578224501,-0.883452208598802,-0.331294578224501));
#6392=DIRECTION('',(-1.,0.,0.));
#6393=DIRECTION('center_axis',(0.,-1.,0.));
#6394=DIRECTION('ref_axis',(0.,0.,-1.));
#6395=DIRECTION('',(0.,0.,1.));
#6396=DIRECTION('center_axis',(-0.936329177569036,-0.351123441588414,0.));
#6397=DIRECTION('ref_axis',(0.351123441588414,-0.936329177569036,0.));
#6398=DIRECTION('',(0.,0.,1.));
#6399=DIRECTION('center_axis',(1.,0.,0.));
#6400=DIRECTION('ref_axis',(0.,0.,-1.));
#6401=DIRECTION('center_axis',(1.,0.,0.));
#6402=DIRECTION('ref_axis',(0.,0.,-1.));
#6403=DIRECTION('',(0.,-1.,0.));
#6404=DIRECTION('center_axis',(1.,0.,0.));
#6405=DIRECTION('ref_axis',(0.,0.,-1.));
#6406=DIRECTION('',(0.,1.,0.));
#6407=DIRECTION('',(0.,0.,1.));
#6408=DIRECTION('',(0.,1.,0.));
#6409=DIRECTION('',(0.,0.,-1.));
#6410=DIRECTION('center_axis',(0.,0.,1.));
#6411=DIRECTION('ref_axis',(0.,-1.,0.));
#6412=DIRECTION('',(0.,-1.,0.));
#6413=DIRECTION('',(-1.,0.,0.));
#6414=DIRECTION('center_axis',(0.,-1.,0.));
#6415=DIRECTION('ref_axis',(0.,0.,-1.));
#6416=DIRECTION('center_axis',(0.,-1.,0.));
#6417=DIRECTION('ref_axis',(0.,0.,-1.));
#6418=DIRECTION('',(-1.,0.,0.));
#6419=DIRECTION('',(1.,0.,0.));
#6420=DIRECTION('',(0.,0.,-1.));
#6421=DIRECTION('center_axis',(0.,-0.936329177569036,0.351123441588414));
#6422=DIRECTION('ref_axis',(0.,0.351123441588414,0.936329177569036));
#6423=DIRECTION('',(-1.,0.,0.));
#6424=DIRECTION('',(-0.331294578224501,-0.331294578224501,-0.883452208598802));
#6425=DIRECTION('',(-0.331294578224501,0.331294578224501,0.883452208598802));
#6426=DIRECTION('center_axis',(0.,0.,1.));
#6427=DIRECTION('ref_axis',(0.,-1.,0.));
#6428=DIRECTION('',(0.,-1.,0.));
#6429=DIRECTION('',(-1.,0.,0.));
#6430=DIRECTION('',(0.,1.,0.));
#6431=DIRECTION('center_axis',(-0.936329177569036,0.,0.351123441588414));
#6432=DIRECTION('ref_axis',(0.351123441588414,0.,0.936329177569036));
#6433=DIRECTION('',(-0.331294578224501,0.331294578224501,-0.883452208598802));
#6434=DIRECTION('center_axis',(0.,0.936329177569036,0.351123441588414));
#6435=DIRECTION('ref_axis',(0.,0.351123441588414,-0.936329177569036));
#6436=DIRECTION('',(-1.,0.,0.));
#6437=DIRECTION('',(0.331294578224501,0.331294578224501,-0.883452208598802));
#6438=DIRECTION('center_axis',(0.,1.,0.));
#6439=DIRECTION('ref_axis',(0.,0.,1.));
#6440=DIRECTION('',(0.,0.,1.));
#6441=DIRECTION('',(1.,0.,0.));
#6442=DIRECTION('center_axis',(0.,0.,-1.));
#6443=DIRECTION('ref_axis',(-1.,0.,0.));
#6444=DIRECTION('',(0.,-1.,0.));
#6445=DIRECTION('',(1.,0.,0.));
#6446=DIRECTION('',(0.,1.,0.));
#6447=DIRECTION('',(-0.707106781186548,0.707106781186548,0.));
#6448=DIRECTION('',(-1.,0.,0.));
#6449=DIRECTION('',(1.,0.,0.));
#6450=DIRECTION('',(1.,0.,0.));
#6451=DIRECTION('center_axis',(0.,0.,-1.));
#6452=DIRECTION('ref_axis',(-1.,0.,0.));
#6453=DIRECTION('',(-1.,0.,0.));
#6454=DIRECTION('',(0.,-1.,0.));
#6455=DIRECTION('',(1.,0.,0.));
#6456=DIRECTION('',(0.,1.,0.));
#6457=DIRECTION('',(0.,1.,0.));
#6458=DIRECTION('',(1.,0.,0.));
#6459=DIRECTION('',(0.,1.,0.));
#6460=DIRECTION('',(1.,0.,0.));
#6461=DIRECTION('center_axis',(0.,0.,-1.));
#6462=DIRECTION('ref_axis',(-1.,0.,0.));
#6463=DIRECTION('',(-1.,0.,0.));
#6464=DIRECTION('',(-0.707106781186548,-0.707106781186548,0.));
#6465=DIRECTION('',(0.,-1.,0.));
#6466=DIRECTION('',(1.,0.,0.));
#6467=DIRECTION('',(0.,1.,0.));
#6468=DIRECTION('',(1.,0.,0.));
#6469=DIRECTION('',(1.,0.,0.));
#6470=DIRECTION('center_axis',(0.,0.,-1.));
#6471=DIRECTION('ref_axis',(-1.,0.,0.));
#6472=DIRECTION('',(-1.,0.,0.));
#6473=DIRECTION('',(-0.707106781186548,-0.707106781186548,0.));
#6474=DIRECTION('',(0.,-1.,0.));
#6475=DIRECTION('',(1.,0.,0.));
#6476=DIRECTION('',(0.,1.,0.));
#6477=DIRECTION('',(0.,1.,0.));
#6478=DIRECTION('center_axis',(-1.,0.,0.));
#6479=DIRECTION('ref_axis',(0.,-1.,0.));
#6480=DIRECTION('',(0.,0.,-1.));
#6481=DIRECTION('',(0.,0.,-1.));
#6482=DIRECTION('center_axis',(0.,1.,0.));
#6483=DIRECTION('ref_axis',(-1.,0.,0.));
#6484=DIRECTION('',(0.,0.,-1.));
#6485=DIRECTION('center_axis',(0.707106781186548,0.707106781186548,0.));
#6486=DIRECTION('ref_axis',(-0.707106781186548,0.707106781186548,0.));
#6487=DIRECTION('',(0.,0.,-1.));
#6488=DIRECTION('center_axis',(1.,0.,0.));
#6489=DIRECTION('ref_axis',(0.,1.,0.));
#6490=DIRECTION('',(0.,0.,-1.));
#6491=DIRECTION('center_axis',(0.,-1.,0.));
#6492=DIRECTION('ref_axis',(1.,0.,0.));
#6493=DIRECTION('center_axis',(0.,1.,0.));
#6494=DIRECTION('ref_axis',(-1.,0.,0.));
#6495=DIRECTION('',(0.,0.,-1.));
#6496=DIRECTION('',(0.,0.,-1.));
#6497=DIRECTION('center_axis',(1.,0.,0.));
#6498=DIRECTION('ref_axis',(0.,1.,0.));
#6499=DIRECTION('',(0.,0.,-1.));
#6500=DIRECTION('center_axis',(0.,-1.,0.));
#6501=DIRECTION('ref_axis',(1.,0.,0.));
#6502=DIRECTION('',(0.,0.,-1.));
#6503=DIRECTION('center_axis',(-1.,0.,0.));
#6504=DIRECTION('ref_axis',(0.,-1.,0.));
#6505=DIRECTION('center_axis',(0.,1.,0.));
#6506=DIRECTION('ref_axis',(-1.,0.,0.));
#6507=DIRECTION('',(0.,0.,-1.));
#6508=DIRECTION('',(0.,0.,-1.));
#6509=DIRECTION('center_axis',(1.,0.,0.));
#6510=DIRECTION('ref_axis',(0.,1.,0.));
#6511=DIRECTION('',(0.,0.,-1.));
#6512=DIRECTION('center_axis',(0.,-1.,0.));
#6513=DIRECTION('ref_axis',(1.,0.,0.));
#6514=DIRECTION('',(0.,0.,-1.));
#6515=DIRECTION('center_axis',(-1.,0.,0.));
#6516=DIRECTION('ref_axis',(0.,-1.,0.));
#6517=DIRECTION('',(0.,0.,-1.));
#6518=DIRECTION('center_axis',(-0.707106781186548,0.707106781186548,0.));
#6519=DIRECTION('ref_axis',(-0.707106781186548,-0.707106781186548,0.));
#6520=DIRECTION('center_axis',(0.,1.,0.));
#6521=DIRECTION('ref_axis',(-1.,0.,0.));
#6522=DIRECTION('',(0.,0.,-1.));
#6523=DIRECTION('',(0.,0.,-1.));
#6524=DIRECTION('center_axis',(1.,0.,0.));
#6525=DIRECTION('ref_axis',(0.,1.,0.));
#6526=DIRECTION('',(0.,0.,-1.));
#6527=DIRECTION('center_axis',(0.,-1.,0.));
#6528=DIRECTION('ref_axis',(1.,0.,0.));
#6529=DIRECTION('',(0.,0.,-1.));
#6530=DIRECTION('center_axis',(-1.,0.,0.));
#6531=DIRECTION('ref_axis',(0.,-1.,0.));
#6532=DIRECTION('',(0.,0.,-1.));
#6533=DIRECTION('center_axis',(-0.707106781186548,0.707106781186548,0.));
#6534=DIRECTION('ref_axis',(-0.707106781186548,-0.707106781186548,0.));
#6535=DIRECTION('center_axis',(1.,0.,0.));
#6536=DIRECTION('ref_axis',(0.,0.,-1.));
#6537=DIRECTION('center_axis',(1.,0.,0.));
#6538=DIRECTION('ref_axis',(0.,0.,-1.));
#6539=DIRECTION('center_axis',(1.,0.,0.));
#6540=DIRECTION('ref_axis',(0.,0.,-1.));
#6541=DIRECTION('',(0.,-1.,0.));
#6542=DIRECTION('center_axis',(0.936329177569036,0.,0.351123441588414));
#6543=DIRECTION('ref_axis',(-0.351123441588414,0.,0.936329177569036));
#6544=DIRECTION('center_axis',(0.,1.,0.));
#6545=DIRECTION('ref_axis',(0.,0.,1.));
#6546=DIRECTION('',(-1.,0.,0.));
#6547=DIRECTION('center_axis',(0.,0.936329177569036,0.351123441588414));
#6548=DIRECTION('ref_axis',(0.,0.351123441588414,-0.936329177569036));
#6549=DIRECTION('',(-0.331294578224501,0.331294578224501,-0.883452208598802));
#6550=DIRECTION('',(-1.,0.,0.));
#6551=DIRECTION('',(0.331294578224501,0.331294578224501,-0.883452208598802));
#6552=DIRECTION('center_axis',(0.936329177569036,0.,0.351123441588414));
#6553=DIRECTION('ref_axis',(-0.351123441588414,0.,0.936329177569036));
#6554=DIRECTION('',(0.,-1.,0.));
#6555=DIRECTION('',(-0.331294578224501,0.331294578224501,0.883452208598802));
#6556=DIRECTION('center_axis',(0.,0.,1.));
#6557=DIRECTION('ref_axis',(0.,-1.,0.));
#6558=DIRECTION('',(-1.,0.,0.));
#6559=DIRECTION('',(0.,1.,0.));
#6560=DIRECTION('center_axis',(0.,-0.936329177569036,0.351123441588414));
#6561=DIRECTION('ref_axis',(0.,0.351123441588414,0.936329177569036));
#6562=DIRECTION('',(-0.331294578224501,-0.331294578224501,-0.883452208598802));
#6563=DIRECTION('',(-1.,0.,0.));
#6564=DIRECTION('center_axis',(0.,-1.,0.));
#6565=DIRECTION('ref_axis',(0.,0.,-1.));
#6566=DIRECTION('',(0.,0.,-1.));
#6567=DIRECTION('',(0.,0.,-1.));
#6568=DIRECTION('',(1.,0.,0.));
#6569=DIRECTION('center_axis',(0.,-1.,0.));
#6570=DIRECTION('ref_axis',(0.,0.,-1.));
#6571=DIRECTION('center_axis',(-1.,0.,0.));
#6572=DIRECTION('ref_axis',(0.,0.,1.));
#6573=DIRECTION('center_axis',(-1.,0.,0.));
#6574=DIRECTION('ref_axis',(0.,0.,1.));
#6575=DIRECTION('',(0.,0.,-1.));
#6576=DIRECTION('',(0.,-1.,0.));
#6577=DIRECTION('center_axis',(-1.,0.,0.));
#6578=DIRECTION('ref_axis',(0.,0.,1.));
#6579=DIRECTION('',(0.,-1.,0.));
#6580=DIRECTION('center_axis',(0.,1.,0.));
#6581=DIRECTION('ref_axis',(0.,0.,1.));
#6582=DIRECTION('',(1.,0.,0.));
#6583=DIRECTION('',(0.,0.,-1.));
#6584=DIRECTION('center_axis',(1.,0.,0.));
#6585=DIRECTION('ref_axis',(0.,0.,-1.));
#6586=DIRECTION('center_axis',(1.,0.,0.));
#6587=DIRECTION('ref_axis',(0.,0.,-1.));
#6588=DIRECTION('',(0.,-1.,0.));
#6589=DIRECTION('center_axis',(1.,0.,0.));
#6590=DIRECTION('ref_axis',(0.,0.,-1.));
#6591=DIRECTION('',(0.,-1.,0.));
#6592=DIRECTION('center_axis',(0.,0.,1.));
#6593=DIRECTION('ref_axis',(1.,0.,0.));
#6594=DIRECTION('center_axis',(0.,0.,1.));
#6595=DIRECTION('ref_axis',(1.,0.,0.));
#6596=DIRECTION('center_axis',(-0.936329177569036,0.,0.351123441588414));
#6597=DIRECTION('ref_axis',(0.351123441588414,0.,0.936329177569036));
#6598=DIRECTION('center_axis',(1.,0.,0.));
#6599=DIRECTION('ref_axis',(0.,0.,-1.));
#6600=DIRECTION('',(0.,1.,0.));
#6601=DIRECTION('center_axis',(1.,0.,0.));
#6602=DIRECTION('ref_axis',(0.,0.,-1.));
#6603=DIRECTION('',(0.,0.,-1.));
#6604=DIRECTION('',(0.,1.,0.));
#6605=DIRECTION('',(0.,-1.,0.));
#6606=DIRECTION('center_axis',(1.,0.,0.));
#6607=DIRECTION('ref_axis',(0.,0.,-1.));
#6608=DIRECTION('',(0.,-1.,0.));
#6609=DIRECTION('',(0.,0.,-1.));
#6610=DIRECTION('',(0.,0.,1.));
#6611=DIRECTION('center_axis',(0.,0.,-1.));
#6612=DIRECTION('ref_axis',(0.,1.,0.));
#6613=DIRECTION('',(-1.,0.,0.));
#6614=DIRECTION('',(0.,1.,0.));
#6615=DIRECTION('',(0.,1.,0.));
#6616=DIRECTION('',(0.,1.,0.));
#6617=DIRECTION('',(0.,1.,0.));
#6618=DIRECTION('',(-1.,0.,0.));
#6619=DIRECTION('',(0.,1.,0.));
#6620=DIRECTION('',(0.,1.,0.));
#6621=DIRECTION('center_axis',(0.,-0.351123441588414,-0.936329177569036));
#6622=DIRECTION('ref_axis',(0.,-0.936329177569036,0.351123441588414));
#6623=DIRECTION('',(-1.,0.,0.));
#6624=DIRECTION('',(-0.331294578224501,0.883452208598802,-0.331294578224501));
#6625=DIRECTION('',(-0.331294578224501,-0.883452208598802,0.331294578224501));
#6626=DIRECTION('center_axis',(0.,-1.,0.));
#6627=DIRECTION('ref_axis',(0.,0.,-1.));
#6628=DIRECTION('',(0.,0.,-1.));
#6629=DIRECTION('',(-1.,0.,0.));
#6630=DIRECTION('',(0.,0.,1.));
#6631=DIRECTION('center_axis',(-0.936329177569036,-0.351123441588414,0.));
#6632=DIRECTION('ref_axis',(0.351123441588414,-0.936329177569036,0.));
#6633=DIRECTION('',(0.331294578224501,-0.883452208598802,-0.331294578224501));
#6634=DIRECTION('',(0.,0.,1.));
#6635=DIRECTION('center_axis',(1.,0.,0.));
#6636=DIRECTION('ref_axis',(0.,0.,-1.));
#6637=DIRECTION('center_axis',(1.,0.,0.));
#6638=DIRECTION('ref_axis',(0.,0.,-1.));
#6639=DIRECTION('',(0.,-1.,0.));
#6640=DIRECTION('center_axis',(1.,0.,0.));
#6641=DIRECTION('ref_axis',(0.,0.,-1.));
#6642=DIRECTION('',(0.,1.,0.));
#6643=DIRECTION('',(0.,0.,1.));
#6644=DIRECTION('',(0.,0.,-1.));
#6645=DIRECTION('center_axis',(0.,0.,1.));
#6646=DIRECTION('ref_axis',(0.,-1.,0.));
#6647=DIRECTION('',(-1.,0.,0.));
#6648=DIRECTION('',(0.,1.,0.));
#6649=DIRECTION('',(-1.,0.,0.));
#6650=DIRECTION('',(0.,1.,0.));
#6651=DIRECTION('center_axis',(0.,-0.351123441588414,0.936329177569036));
#6652=DIRECTION('ref_axis',(0.,0.936329177569036,0.351123441588414));
#6653=DIRECTION('',(0.331294578224501,0.883452208598802,0.331294578224501));
#6654=DIRECTION('center_axis',(0.936329177569036,-0.351123441588414,0.));
#6655=DIRECTION('ref_axis',(-0.351123441588414,-0.936329177569036,0.));
#6656=DIRECTION('center_axis',(-1.,0.,0.));
#6657=DIRECTION('ref_axis',(0.,0.,1.));
#6658=DIRECTION('center_axis',(-1.,0.,0.));
#6659=DIRECTION('ref_axis',(0.,0.,1.));
#6660=DIRECTION('',(0.,0.,-1.));
#6661=DIRECTION('',(0.,-1.,0.));
#6662=DIRECTION('center_axis',(-1.,0.,0.));
#6663=DIRECTION('ref_axis',(0.,0.,1.));
#6664=DIRECTION('',(0.,0.,-1.));
#6665=DIRECTION('',(0.,-1.,0.));
#6666=DIRECTION('center_axis',(0.,1.,0.));
#6667=DIRECTION('ref_axis',(0.,0.,1.));
#6668=DIRECTION('',(1.,0.,0.));
#6669=DIRECTION('',(0.,0.,-1.));
#6670=DIRECTION('center_axis',(1.,0.,0.));
#6671=DIRECTION('ref_axis',(0.,0.,-1.));
#6672=DIRECTION('center_axis',(1.,0.,0.));
#6673=DIRECTION('ref_axis',(0.,0.,-1.));
#6674=DIRECTION('',(0.,-1.,0.));
#6675=DIRECTION('center_axis',(1.,0.,0.));
#6676=DIRECTION('ref_axis',(0.,0.,-1.));
#6677=DIRECTION('',(0.,0.,-1.));
#6678=DIRECTION('',(0.,-1.,0.));
#6679=DIRECTION('center_axis',(0.,0.,1.));
#6680=DIRECTION('ref_axis',(1.,0.,0.));
#6681=DIRECTION('center_axis',(0.,0.,1.));
#6682=DIRECTION('ref_axis',(1.,0.,0.));
#6683=DIRECTION('',(1.,0.,0.));
#6684=DIRECTION('center_axis',(0.,-1.,0.));
#6685=DIRECTION('ref_axis',(0.,0.,-1.));
#6686=DIRECTION('center_axis',(0.,-1.,0.));
#6687=DIRECTION('ref_axis',(0.,0.,-1.));
#6688=DIRECTION('',(-1.,0.,0.));
#6689=DIRECTION('center_axis',(0.,-0.936329177569036,0.351123441588414));
#6690=DIRECTION('ref_axis',(0.,0.351123441588414,0.936329177569036));
#6691=DIRECTION('',(-1.,0.,0.));
#6692=DIRECTION('',(-0.331294578224501,-0.331294578224501,-0.883452208598802));
#6693=DIRECTION('',(-0.331294578224501,0.331294578224501,0.883452208598802));
#6694=DIRECTION('center_axis',(0.,0.,1.));
#6695=DIRECTION('ref_axis',(0.,-1.,0.));
#6696=DIRECTION('',(0.,-1.,0.));
#6697=DIRECTION('',(-1.,0.,0.));
#6698=DIRECTION('',(0.,1.,0.));
#6699=DIRECTION('center_axis',(-0.936329177569036,0.,0.351123441588414));
#6700=DIRECTION('ref_axis',(0.351123441588414,0.,0.936329177569036));
#6701=DIRECTION('',(-0.331294578224501,0.331294578224501,-0.883452208598802));
#6702=DIRECTION('center_axis',(0.,0.936329177569036,0.351123441588414));
#6703=DIRECTION('ref_axis',(0.,0.351123441588414,-0.936329177569036));
#6704=DIRECTION('',(-1.,0.,0.));
#6705=DIRECTION('',(0.331294578224501,0.331294578224501,-0.883452208598802));
#6706=DIRECTION('center_axis',(0.,1.,0.));
#6707=DIRECTION('ref_axis',(0.,0.,1.));
#6708=DIRECTION('center_axis',(0.936329177569036,0.,0.351123441588414));
#6709=DIRECTION('ref_axis',(-0.351123441588414,0.,0.936329177569036));
#6710=DIRECTION('center_axis',(0.,1.,0.));
#6711=DIRECTION('ref_axis',(0.,0.,1.));
#6712=DIRECTION('',(-1.,0.,0.));
#6713=DIRECTION('center_axis',(0.,0.936329177569036,0.351123441588414));
#6714=DIRECTION('ref_axis',(0.,0.351123441588414,-0.936329177569036));
#6715=DIRECTION('',(-0.331294578224501,0.331294578224501,-0.883452208598802));
#6716=DIRECTION('',(-1.,0.,0.));
#6717=DIRECTION('',(0.331294578224501,0.331294578224501,-0.883452208598802));
#6718=DIRECTION('center_axis',(0.936329177569036,0.,0.351123441588414));
#6719=DIRECTION('ref_axis',(-0.351123441588414,0.,0.936329177569036));
#6720=DIRECTION('',(0.,-1.,0.));
#6721=DIRECTION('',(-0.331294578224501,0.331294578224501,0.883452208598802));
#6722=DIRECTION('center_axis',(0.,0.,1.));
#6723=DIRECTION('ref_axis',(0.,-1.,0.));
#6724=DIRECTION('',(-1.,0.,0.));
#6725=DIRECTION('',(0.,1.,0.));
#6726=DIRECTION('center_axis',(0.,-0.936329177569036,0.351123441588414));
#6727=DIRECTION('ref_axis',(0.,0.351123441588414,0.936329177569036));
#6728=DIRECTION('',(-0.331294578224501,-0.331294578224501,-0.883452208598802));
#6729=DIRECTION('',(-1.,0.,0.));
#6730=DIRECTION('center_axis',(0.,-1.,0.));
#6731=DIRECTION('ref_axis',(0.,0.,-1.));
#6732=DIRECTION('center_axis',(0.,-1.,0.));
#6733=DIRECTION('ref_axis',(0.,0.,-1.));
#6734=DIRECTION('center_axis',(-0.936329177569036,0.,0.351123441588414));
#6735=DIRECTION('ref_axis',(0.351123441588414,0.,0.936329177569036));
#6736=DIRECTION('center_axis',(0.,1.,0.));
#6737=DIRECTION('ref_axis',(0.,0.,1.));
#6738=DIRECTION('center_axis',(-1.,0.,0.));
#6739=DIRECTION('ref_axis',(0.,0.,1.));
#6740=DIRECTION('center_axis',(1.,0.,0.));
#6741=DIRECTION('ref_axis',(0.,0.,-1.));
#6742=DIRECTION('',(0.,-1.,0.));
#6743=DIRECTION('center_axis',(0.,0.,1.));
#6744=DIRECTION('ref_axis',(1.,0.,0.));
#6745=DIRECTION('center_axis',(0.,0.,-1.));
#6746=DIRECTION('ref_axis',(1.,0.,0.));
#6747=DIRECTION('center_axis',(0.,1.,0.));
#6748=DIRECTION('ref_axis',(0.,0.,1.));
#6749=DIRECTION('',(-1.,0.,0.));
#6750=DIRECTION('',(0.,0.,1.));
#6751=DIRECTION('',(-1.,0.,0.));
#6752=DIRECTION('center_axis',(0.,0.,-1.));
#6753=DIRECTION('ref_axis',(0.,1.,0.));
#6754=DIRECTION('',(0.,1.,0.));
#6755=DIRECTION('',(-1.,0.,0.));
#6756=DIRECTION('center_axis',(0.,-1.,0.));
#6757=DIRECTION('ref_axis',(0.,0.,-1.));
#6758=DIRECTION('',(0.,0.,-1.));
#6759=DIRECTION('',(-1.,0.,0.));
#6760=DIRECTION('center_axis',(0.,0.765974342782488,-0.64287114276419));
#6761=DIRECTION('ref_axis',(0.,0.64287114276419,0.765974342782488));
#6762=DIRECTION('',(0.,0.64287114276419,0.765974342782488));
#6763=DIRECTION('',(-1.,0.,0.));
#6764=DIRECTION('center_axis',(0.,-1.,0.));
#6765=DIRECTION('ref_axis',(0.,0.,-1.));
#6766=DIRECTION('',(0.,0.,-1.));
#6767=DIRECTION('',(-1.,0.,0.));
#6768=DIRECTION('center_axis',(0.,-0.765974216092578,0.642871293713882));
#6769=DIRECTION('ref_axis',(0.,-0.642871293713882,-0.765974216092578));
#6770=DIRECTION('',(0.,-0.642871293713882,-0.765974216092578));
#6771=DIRECTION('',(-1.,0.,0.));
#6772=DIRECTION('center_axis',(0.,0.,1.));
#6773=DIRECTION('ref_axis',(0.,-1.,0.));
#6774=DIRECTION('',(0.,-1.,0.));
#6775=DIRECTION('center_axis',(1.,0.,0.));
#6776=DIRECTION('ref_axis',(0.,-1.,0.));
#6777=DIRECTION('center_axis',(1.,0.,0.));
#6778=DIRECTION('ref_axis',(0.,0.,-1.));
#6779=DIRECTION('',(0.,0.,-1.));
#6780=DIRECTION('',(0.,-0.707106781186547,0.707106781186547));
#6781=DIRECTION('',(0.,0.,1.));
#6782=DIRECTION('',(0.,1.,0.));
#6783=DIRECTION('center_axis',(-1.,0.,0.));
#6784=DIRECTION('ref_axis',(0.,-1.,0.));
#6785=DIRECTION('center_axis',(0.,-1.,0.));
#6786=DIRECTION('ref_axis',(0.,0.,-1.));
#6787=DIRECTION('',(1.,0.,0.));
#6788=DIRECTION('',(0.,0.,-1.));
#6789=DIRECTION('',(1.,0.,0.));
#6790=DIRECTION('center_axis',(0.,0.707106781186548,0.707106781186548));
#6791=DIRECTION('ref_axis',(0.,-0.707106781186548,0.707106781186548));
#6792=DIRECTION('',(0.,-0.707106781186547,0.707106781186547));
#6793=DIRECTION('',(1.,0.,0.));
#6794=DIRECTION('center_axis',(0.,1.,0.));
#6795=DIRECTION('ref_axis',(0.,0.,1.));
#6796=DIRECTION('',(0.,0.,1.));
#6797=DIRECTION('',(1.,0.,0.));
#6798=DIRECTION('center_axis',(0.,0.,-1.));
#6799=DIRECTION('ref_axis',(0.,1.,0.));
#6800=DIRECTION('',(0.,1.,0.));
#6801=DIRECTION('',(1.,0.,0.));
#6802=DIRECTION('center_axis',(1.,0.,0.));
#6803=DIRECTION('ref_axis',(0.,0.,-1.));
#6804=DIRECTION('center_axis',(-1.,0.,0.));
#6805=DIRECTION('ref_axis',(0.,-1.,0.));
#6806=DIRECTION('center_axis',(1.,0.,0.));
#6807=DIRECTION('ref_axis',(0.,0.,-1.));
#6808=CARTESIAN_POINT('',(0.,0.,0.));
#6809=CARTESIAN_POINT('Origin',(1.255,-5.45,-3.95));
#6810=CARTESIAN_POINT('',(1.33,-5.65,-4.12));
#6811=CARTESIAN_POINT('',(1.33,-5.65,-3.78));
#6812=CARTESIAN_POINT('',(1.33,-5.65,-4.12));
#6813=CARTESIAN_POINT('',(1.18,-5.25,-3.63));
#6814=CARTESIAN_POINT('',(1.18,-5.25,-3.63));
#6815=CARTESIAN_POINT('',(1.18,-5.25,-4.27));
#6816=CARTESIAN_POINT('',(1.18,-5.25,-4.27));
#6817=CARTESIAN_POINT('',(1.33,-5.65,-4.12));
#6818=CARTESIAN_POINT('Origin',(1.82,-5.65,-3.63));
#6819=CARTESIAN_POINT('',(1.67,-5.65,-4.12));
#6820=CARTESIAN_POINT('',(1.67,-5.65,-4.12));
#6821=CARTESIAN_POINT('',(1.67,-5.65,-3.78));
#6822=CARTESIAN_POINT('',(1.67,-5.65,-3.78));
#6823=CARTESIAN_POINT('',(1.67,-5.65,-3.78));
#6824=CARTESIAN_POINT('Origin',(1.5,-5.45,-4.195));
#6825=CARTESIAN_POINT('',(1.82,-5.25,-4.27));
#6826=CARTESIAN_POINT('',(1.82,-5.25,-4.27));
#6827=CARTESIAN_POINT('',(1.82,-5.25,-4.27));
#6828=CARTESIAN_POINT('Origin',(1.745,-5.45,-3.95));
#6829=CARTESIAN_POINT('',(1.82,-5.25,-3.63));
#6830=CARTESIAN_POINT('',(1.82,-5.25,-3.63));
#6831=CARTESIAN_POINT('',(1.67,-5.65,-3.78));
#6832=CARTESIAN_POINT('Origin',(1.5,-5.45,-3.705));
#6833=CARTESIAN_POINT('',(1.82,-5.25,-3.63));
#6834=CARTESIAN_POINT('Origin',(1.82,-0.32,-3.63));
#6835=CARTESIAN_POINT('',(1.82,-1.68,-3.63));
#6836=CARTESIAN_POINT('',(1.82,-1.68,-3.63));
#6837=CARTESIAN_POINT('',(1.82,-0.32,-3.63));
#6838=CARTESIAN_POINT('',(1.82,-1.68,-3.63));
#6839=CARTESIAN_POINT('',(1.18,-0.32,-3.63));
#6840=CARTESIAN_POINT('',(1.82,-0.32,-3.63));
#6841=CARTESIAN_POINT('',(1.18,-1.68,-3.63));
#6842=CARTESIAN_POINT('',(1.18,-1.68,-3.63));
#6843=CARTESIAN_POINT('',(1.18,-1.68,-3.63));
#6844=CARTESIAN_POINT('Origin',(1.18,0.,0.));
#6845=CARTESIAN_POINT('',(1.18,-0.875,-4.27));
#6846=CARTESIAN_POINT('',(1.18,0.875,-4.27));
#6847=CARTESIAN_POINT('',(1.18,-0.875,-4.27));
#6848=CARTESIAN_POINT('',(1.18,-0.875,-3.68));
#6849=CARTESIAN_POINT('',(1.18,-0.875,-3.68));
#6850=CARTESIAN_POINT('',(1.18,0.875,-3.68));
#6851=CARTESIAN_POINT('',(1.18,0.875,-3.68));
#6852=CARTESIAN_POINT('',(1.18,0.875,-3.68));
#6853=CARTESIAN_POINT('Origin',(1.18,0.,0.));
#6854=CARTESIAN_POINT('',(1.18,-1.68,-4.27));
#6855=CARTESIAN_POINT('',(1.18,-1.68,-3.63));
#6856=CARTESIAN_POINT('',(1.18,-5.25,-4.27));
#6857=CARTESIAN_POINT('Origin',(1.18,0.,0.));
#6858=CARTESIAN_POINT('',(1.18,-0.32,2.15));
#6859=CARTESIAN_POINT('',(1.18,0.32,2.15));
#6860=CARTESIAN_POINT('',(1.18,-0.32,2.15));
#6861=CARTESIAN_POINT('',(1.18,0.32,-1.65));
#6862=CARTESIAN_POINT('',(1.18,0.32,-1.65));
#6863=CARTESIAN_POINT('',(1.18,-0.32,-1.65));
#6864=CARTESIAN_POINT('',(1.18,-0.32,-1.65));
#6865=CARTESIAN_POINT('',(1.18,-0.32,2.15));
#6866=CARTESIAN_POINT('Origin',(1.82,-5.65,-4.27));
#6867=CARTESIAN_POINT('',(1.18,-1.68,-4.27));
#6868=CARTESIAN_POINT('',(1.18,1.055,-4.27));
#6869=CARTESIAN_POINT('',(1.18,0.875,-4.27));
#6870=CARTESIAN_POINT('',(1.82,1.055,-4.27));
#6871=CARTESIAN_POINT('',(1.82,1.055,-4.27));
#6872=CARTESIAN_POINT('',(1.82,0.875,-4.27));
#6873=CARTESIAN_POINT('',(1.82,0.875,-4.27));
#6874=CARTESIAN_POINT('',(1.82,-0.875,-4.27));
#6875=CARTESIAN_POINT('',(1.82,-0.875,-4.27));
#6876=CARTESIAN_POINT('',(1.82,-1.68,-4.27));
#6877=CARTESIAN_POINT('',(1.82,-1.68,-4.27));
#6878=CARTESIAN_POINT('',(1.82,-5.25,-4.27));
#6879=CARTESIAN_POINT('Origin',(1.82,0.,0.));
#6880=CARTESIAN_POINT('',(1.82,0.875,-3.68));
#6881=CARTESIAN_POINT('',(1.82,0.875,-3.68));
#6882=CARTESIAN_POINT('',(1.82,-0.875,-3.68));
#6883=CARTESIAN_POINT('',(1.82,0.875,-3.68));
#6884=CARTESIAN_POINT('',(1.82,-0.875,-3.68));
#6885=CARTESIAN_POINT('Origin',(1.82,0.,0.));
#6886=CARTESIAN_POINT('',(1.82,-1.68,-3.63));
#6887=CARTESIAN_POINT('Origin',(1.82,0.,0.));
#6888=CARTESIAN_POINT('',(1.82,0.32,2.15));
#6889=CARTESIAN_POINT('',(1.82,-0.32,2.15));
#6890=CARTESIAN_POINT('',(1.82,0.32,2.15));
#6891=CARTESIAN_POINT('',(1.82,-0.32,-1.65));
#6892=CARTESIAN_POINT('',(1.82,-0.32,2.15));
#6893=CARTESIAN_POINT('',(1.82,0.32,-1.65));
#6894=CARTESIAN_POINT('',(1.82,-0.32,-1.65));
#6895=CARTESIAN_POINT('',(1.82,0.32,-1.65));
#6896=CARTESIAN_POINT('Origin',(7.825,-0.875,-4.28));
#6897=CARTESIAN_POINT('',(7.825,-0.875,-3.68));
#6898=CARTESIAN_POINT('',(7.825,-0.875,-4.28));
#6899=CARTESIAN_POINT('',(7.825,-0.875,-3.68));
#6900=CARTESIAN_POINT('',(6.865,-0.875,-4.28));
#6901=CARTESIAN_POINT('',(6.865,-0.875,-4.28));
#6902=CARTESIAN_POINT('',(6.865,-0.875,-3.68));
#6903=CARTESIAN_POINT('',(6.865,-0.875,-3.68));
#6904=CARTESIAN_POINT('',(7.825,-0.875,-3.68));
#6905=CARTESIAN_POINT('Origin',(7.825,-0.875,-4.28));
#6906=CARTESIAN_POINT('',(-7.825,-0.875,-4.28));
#6907=CARTESIAN_POINT('',(-6.865,-0.875,-4.28));
#6908=CARTESIAN_POINT('',(-7.825,-0.875,-4.28));
#6909=CARTESIAN_POINT('',(-7.825,-0.875,-3.68));
#6910=CARTESIAN_POINT('',(-7.825,-0.875,-3.68));
#6911=CARTESIAN_POINT('',(-6.865,-0.875,-3.68));
#6912=CARTESIAN_POINT('',(-6.865,-0.875,-3.68));
#6913=CARTESIAN_POINT('',(-6.865,-0.875,-3.68));
#6914=CARTESIAN_POINT('Origin',(7.825,-0.875,-4.28));
#6915=CARTESIAN_POINT('',(4.82,-0.875,-4.27));
#6916=CARTESIAN_POINT('',(4.82,-0.875,-4.28));
#6917=CARTESIAN_POINT('',(4.82,-0.875,-4.27));
#6918=CARTESIAN_POINT('',(4.82,-0.875,-3.68));
#6919=CARTESIAN_POINT('',(4.82,-0.875,-3.68));
#6920=CARTESIAN_POINT('',(6.465,-0.875,-3.68));
#6921=CARTESIAN_POINT('',(6.465,-0.875,-3.68));
#6922=CARTESIAN_POINT('',(6.465,-0.875,-4.28));
#6923=CARTESIAN_POINT('',(6.465,-0.875,-3.68));
#6924=CARTESIAN_POINT('',(4.82,-0.875,-4.28));
#6925=CARTESIAN_POINT('Origin',(7.825,-0.875,-4.28));
#6926=CARTESIAN_POINT('',(1.82,-0.875,-4.28));
#6927=CARTESIAN_POINT('',(1.82,-0.875,-4.27));
#6928=CARTESIAN_POINT('',(4.18,-0.875,-3.68));
#6929=CARTESIAN_POINT('',(4.18,-0.875,-3.68));
#6930=CARTESIAN_POINT('',(4.18,-0.875,-4.27));
#6931=CARTESIAN_POINT('',(4.18,-0.875,-3.68));
#6932=CARTESIAN_POINT('',(4.18,-0.875,-4.28));
#6933=CARTESIAN_POINT('',(4.18,-0.875,-4.27));
#6934=CARTESIAN_POINT('',(1.82,-0.875,-4.28));
#6935=CARTESIAN_POINT('Origin',(7.825,-0.875,-4.28));
#6936=CARTESIAN_POINT('',(-1.18,-0.875,-4.27));
#6937=CARTESIAN_POINT('',(-1.18,-0.875,-4.28));
#6938=CARTESIAN_POINT('',(-1.18,-0.875,-4.27));
#6939=CARTESIAN_POINT('',(-1.18,-0.875,-3.68));
#6940=CARTESIAN_POINT('',(-1.18,-0.875,-3.68));
#6941=CARTESIAN_POINT('',(1.18,-0.875,-3.68));
#6942=CARTESIAN_POINT('',(1.18,-0.875,-4.28));
#6943=CARTESIAN_POINT('',(1.18,-0.875,-4.27));
#6944=CARTESIAN_POINT('',(-1.18,-0.875,-4.28));
#6945=CARTESIAN_POINT('Origin',(7.825,-0.875,-4.28));
#6946=CARTESIAN_POINT('',(-4.18,-0.875,-4.27));
#6947=CARTESIAN_POINT('',(-4.18,-0.875,-4.28));
#6948=CARTESIAN_POINT('',(-4.18,-0.875,-4.27));
#6949=CARTESIAN_POINT('',(-4.18,-0.875,-3.68));
#6950=CARTESIAN_POINT('',(-4.18,-0.875,-3.68));
#6951=CARTESIAN_POINT('',(-1.82,-0.875,-3.68));
#6952=CARTESIAN_POINT('',(-1.82,-0.875,-3.68));
#6953=CARTESIAN_POINT('',(-1.82,-0.875,-4.27));
#6954=CARTESIAN_POINT('',(-1.82,-0.875,-3.68));
#6955=CARTESIAN_POINT('',(-1.82,-0.875,-4.28));
#6956=CARTESIAN_POINT('',(-1.82,-0.875,-4.27));
#6957=CARTESIAN_POINT('',(-4.18,-0.875,-4.28));
#6958=CARTESIAN_POINT('Origin',(7.825,-0.875,-4.28));
#6959=CARTESIAN_POINT('',(-4.82,-0.875,-3.68));
#6960=CARTESIAN_POINT('',(-6.465,-0.875,-3.68));
#6961=CARTESIAN_POINT('',(-4.82,-0.875,-3.68));
#6962=CARTESIAN_POINT('',(-4.82,-0.875,-4.27));
#6963=CARTESIAN_POINT('',(-4.82,-0.875,-3.68));
#6964=CARTESIAN_POINT('',(-4.82,-0.875,-4.28));
#6965=CARTESIAN_POINT('',(-4.82,-0.875,-4.27));
#6966=CARTESIAN_POINT('',(-6.465,-0.875,-4.28));
#6967=CARTESIAN_POINT('',(-6.465,-0.875,-4.28));
#6968=CARTESIAN_POINT('',(-6.465,-0.875,-3.68));
#6969=CARTESIAN_POINT('Origin',(7.825,0.,0.));
#6970=CARTESIAN_POINT('',(7.825,0.875,-3.68));
#6971=CARTESIAN_POINT('',(7.825,0.875,-3.68));
#6972=CARTESIAN_POINT('',(7.825,0.875,-4.28));
#6973=CARTESIAN_POINT('',(7.825,0.875,-4.28));
#6974=CARTESIAN_POINT('',(7.825,1.27,-4.28));
#6975=CARTESIAN_POINT('',(7.825,0.875,-4.28));
#6976=CARTESIAN_POINT('',(7.825,1.27,-4.95));
#6977=CARTESIAN_POINT('',(7.825,1.27,-4.28));
#6978=CARTESIAN_POINT('',(7.825,1.93,-4.95));
#6979=CARTESIAN_POINT('',(7.825,1.27,-4.95));
#6980=CARTESIAN_POINT('',(7.825,1.93,3.55));
#6981=CARTESIAN_POINT('',(7.825,1.93,-4.95));
#6982=CARTESIAN_POINT('',(7.825,1.25,3.55));
#6983=CARTESIAN_POINT('',(7.825,1.93,3.55));
#6984=CARTESIAN_POINT('',(7.825,-0.75,3.55));
#6985=CARTESIAN_POINT('',(7.825,-0.75,3.55));
#6986=CARTESIAN_POINT('',(7.825,-1.43,3.55));
#6987=CARTESIAN_POINT('',(7.825,-0.75,3.55));
#6988=CARTESIAN_POINT('',(7.825,-1.43,-3.1));
#6989=CARTESIAN_POINT('',(7.825,-1.43,3.55));
#6990=CARTESIAN_POINT('',(7.825,-2.47,-3.1));
#6991=CARTESIAN_POINT('',(7.825,-1.43,-3.1));
#6992=CARTESIAN_POINT('',(7.825,-2.47,-4.95));
#6993=CARTESIAN_POINT('',(7.825,-2.47,-3.1));
#6994=CARTESIAN_POINT('',(7.825,-1.27,-4.95));
#6995=CARTESIAN_POINT('',(7.825,-2.47,-4.95));
#6996=CARTESIAN_POINT('',(7.825,-1.27,-4.28));
#6997=CARTESIAN_POINT('',(7.825,-1.27,-4.95));
#6998=CARTESIAN_POINT('',(7.825,-1.27,-4.28));
#6999=CARTESIAN_POINT('',(7.825,0.0425,-3.5));
#7000=CARTESIAN_POINT('',(7.825,0.0425,-2.25));
#7001=CARTESIAN_POINT('',(7.825,0.0425,-3.5));
#7002=CARTESIAN_POINT('',(7.825,-0.11375,-3.5));
#7003=CARTESIAN_POINT('',(7.825,-0.11375,-3.5));
#7004=CARTESIAN_POINT('',(7.825,-0.11375,-2.462765932083));
#7005=CARTESIAN_POINT('',(7.825,-0.11375,-2.462765932083));
#7006=CARTESIAN_POINT('',(7.825,-0.27,-2.648936197162));
#7007=CARTESIAN_POINT('',(7.825,-0.27,-2.648936197162));
#7008=CARTESIAN_POINT('',(7.825,-0.27,-2.436170190573));
#7009=CARTESIAN_POINT('',(7.825,-0.27,-2.436170190573));
#7010=CARTESIAN_POINT('',(7.825,-0.11375,-2.25));
#7011=CARTESIAN_POINT('',(7.825,-0.11375,-2.25));
#7012=CARTESIAN_POINT('',(7.825,0.0425,-2.25));
#7013=CARTESIAN_POINT('Origin',(-7.825,-1.27,-4.28));
#7014=CARTESIAN_POINT('',(-6.865,-1.27,-4.28));
#7015=CARTESIAN_POINT('',(-6.865,-1.27,-4.28));
#7016=CARTESIAN_POINT('',(-7.825,-1.27,-4.28));
#7017=CARTESIAN_POINT('',(-7.825,-1.27,-4.28));
#7018=CARTESIAN_POINT('',(-7.825,-1.27,-4.28));
#7019=CARTESIAN_POINT('Origin',(-7.825,-1.27,-4.28));
#7020=CARTESIAN_POINT('',(-7.825,0.875,-4.28));
#7021=CARTESIAN_POINT('',(-6.865,0.875,-4.28));
#7022=CARTESIAN_POINT('',(-7.825,0.875,-4.28));
#7023=CARTESIAN_POINT('',(-7.825,1.27,-4.28));
#7024=CARTESIAN_POINT('',(-7.825,0.875,-4.28));
#7025=CARTESIAN_POINT('',(-6.865,1.27,-4.28));
#7026=CARTESIAN_POINT('',(-7.825,1.27,-4.28));
#7027=CARTESIAN_POINT('',(-6.865,0.875,-4.28));
#7028=CARTESIAN_POINT('Origin',(-7.825,-1.27,-4.28));
#7029=CARTESIAN_POINT('',(6.865,-1.27,-4.28));
#7030=CARTESIAN_POINT('',(6.865,-1.27,-4.28));
#7031=CARTESIAN_POINT('',(6.865,-1.27,-4.28));
#7032=CARTESIAN_POINT('Origin',(-7.825,-1.27,-4.28));
#7033=CARTESIAN_POINT('',(6.865,0.875,-4.28));
#7034=CARTESIAN_POINT('',(6.865,0.875,-4.28));
#7035=CARTESIAN_POINT('',(6.865,1.27,-4.28));
#7036=CARTESIAN_POINT('',(6.865,0.875,-4.28));
#7037=CARTESIAN_POINT('',(6.865,1.27,-4.28));
#7038=CARTESIAN_POINT('Origin',(-7.825,-1.27,-4.28));
#7039=CARTESIAN_POINT('',(4.82,1.27,-4.28));
#7040=CARTESIAN_POINT('',(6.465,1.27,-4.28));
#7041=CARTESIAN_POINT('',(4.82,1.27,-4.28));
#7042=CARTESIAN_POINT('',(6.465,0.875,-4.28));
#7043=CARTESIAN_POINT('',(6.465,0.875,-4.28));
#7044=CARTESIAN_POINT('',(4.82,0.875,-4.28));
#7045=CARTESIAN_POINT('',(4.82,0.875,-4.28));
#7046=CARTESIAN_POINT('',(4.82,0.875,-4.28));
#7047=CARTESIAN_POINT('Origin',(-7.825,-1.27,-4.28));
#7048=CARTESIAN_POINT('',(4.82,-1.27,-4.28));
#7049=CARTESIAN_POINT('',(4.82,-1.27,-4.28));
#7050=CARTESIAN_POINT('',(6.465,-1.27,-4.28));
#7051=CARTESIAN_POINT('',(6.465,-1.27,-4.28));
#7052=CARTESIAN_POINT('',(4.82,-1.27,-4.28));
#7053=CARTESIAN_POINT('Origin',(-7.825,-1.27,-4.28));
#7054=CARTESIAN_POINT('',(1.82,-1.27,-4.28));
#7055=CARTESIAN_POINT('',(1.82,-1.27,-4.28));
#7056=CARTESIAN_POINT('',(4.18,-1.27,-4.28));
#7057=CARTESIAN_POINT('',(4.18,-1.27,-4.28));
#7058=CARTESIAN_POINT('',(1.82,-1.27,-4.28));
#7059=CARTESIAN_POINT('Origin',(-7.825,-1.27,-4.28));
#7060=CARTESIAN_POINT('',(1.82,1.27,-4.28));
#7061=CARTESIAN_POINT('',(4.18,1.27,-4.28));
#7062=CARTESIAN_POINT('',(1.82,1.27,-4.28));
#7063=CARTESIAN_POINT('',(4.18,0.875,-4.28));
#7064=CARTESIAN_POINT('',(4.18,0.875,-4.28));
#7065=CARTESIAN_POINT('',(1.82,0.875,-4.28));
#7066=CARTESIAN_POINT('',(1.82,0.875,-4.28));
#7067=CARTESIAN_POINT('',(1.82,0.875,-4.28));
#7068=CARTESIAN_POINT('Origin',(-7.825,-1.27,-4.28));
#7069=CARTESIAN_POINT('',(-1.18,-1.27,-4.28));
#7070=CARTESIAN_POINT('',(-1.18,-1.27,-4.28));
#7071=CARTESIAN_POINT('',(1.18,-1.27,-4.28));
#7072=CARTESIAN_POINT('',(1.18,-1.27,-4.28));
#7073=CARTESIAN_POINT('',(-1.18,-1.27,-4.28));
#7074=CARTESIAN_POINT('Origin',(-7.825,-1.27,-4.28));
#7075=CARTESIAN_POINT('',(-1.18,1.27,-4.28));
#7076=CARTESIAN_POINT('',(1.18,1.27,-4.28));
#7077=CARTESIAN_POINT('',(-1.18,1.27,-4.28));
#7078=CARTESIAN_POINT('',(1.18,0.875,-4.28));
#7079=CARTESIAN_POINT('',(1.18,0.875,-4.28));
#7080=CARTESIAN_POINT('',(-1.18,0.875,-4.28));
#7081=CARTESIAN_POINT('',(-1.18,0.875,-4.28));
#7082=CARTESIAN_POINT('',(-1.18,0.875,-4.28));
#7083=CARTESIAN_POINT('Origin',(-7.825,-1.27,-4.28));
#7084=CARTESIAN_POINT('',(-4.82,-1.27,-4.28));
#7085=CARTESIAN_POINT('',(-4.82,-1.27,-4.28));
#7086=CARTESIAN_POINT('',(-6.465,-1.27,-4.28));
#7087=CARTESIAN_POINT('',(-6.465,-1.27,-4.28));
#7088=CARTESIAN_POINT('',(-6.465,-1.27,-4.28));
#7089=CARTESIAN_POINT('Origin',(-7.825,-1.27,-4.28));
#7090=CARTESIAN_POINT('',(-4.18,-1.27,-4.28));
#7091=CARTESIAN_POINT('',(-4.18,-1.27,-4.28));
#7092=CARTESIAN_POINT('',(-1.82,-1.27,-4.28));
#7093=CARTESIAN_POINT('',(-1.82,-1.27,-4.28));
#7094=CARTESIAN_POINT('',(-4.18,-1.27,-4.28));
#7095=CARTESIAN_POINT('Origin',(-7.825,-1.27,-4.28));
#7096=CARTESIAN_POINT('',(-6.465,1.27,-4.28));
#7097=CARTESIAN_POINT('',(-4.82,1.27,-4.28));
#7098=CARTESIAN_POINT('',(-6.465,1.27,-4.28));
#7099=CARTESIAN_POINT('',(-4.82,0.875,-4.28));
#7100=CARTESIAN_POINT('',(-4.82,0.875,-4.28));
#7101=CARTESIAN_POINT('',(-6.465,0.875,-4.28));
#7102=CARTESIAN_POINT('',(-6.465,0.875,-4.28));
#7103=CARTESIAN_POINT('',(-6.465,0.875,-4.28));
#7104=CARTESIAN_POINT('Origin',(-7.825,-1.27,-4.28));
#7105=CARTESIAN_POINT('',(-4.18,1.27,-4.28));
#7106=CARTESIAN_POINT('',(-1.82,1.27,-4.28));
#7107=CARTESIAN_POINT('',(-4.18,1.27,-4.28));
#7108=CARTESIAN_POINT('',(-1.82,0.875,-4.28));
#7109=CARTESIAN_POINT('',(-1.82,0.875,-4.28));
#7110=CARTESIAN_POINT('',(-4.18,0.875,-4.28));
#7111=CARTESIAN_POINT('',(-4.18,0.875,-4.28));
#7112=CARTESIAN_POINT('',(-4.18,0.875,-4.28));
#7113=CARTESIAN_POINT('Origin',(-7.825,0.,0.));
#7114=CARTESIAN_POINT('',(-7.825,0.875,-3.68));
#7115=CARTESIAN_POINT('',(-7.825,0.875,-3.68));
#7116=CARTESIAN_POINT('',(-7.825,-1.27,-4.95));
#7117=CARTESIAN_POINT('',(-7.825,-1.27,-4.95));
#7118=CARTESIAN_POINT('',(-7.825,-2.47,-4.95));
#7119=CARTESIAN_POINT('',(-7.825,-2.47,-4.95));
#7120=CARTESIAN_POINT('',(-7.825,-2.47,-3.1));
#7121=CARTESIAN_POINT('',(-7.825,-2.47,-3.1));
#7122=CARTESIAN_POINT('',(-7.825,-1.43,-3.1));
#7123=CARTESIAN_POINT('',(-7.825,-2.47,-3.1));
#7124=CARTESIAN_POINT('',(-7.825,-1.43,3.55));
#7125=CARTESIAN_POINT('',(-7.825,-1.43,-3.1));
#7126=CARTESIAN_POINT('',(-7.825,-0.75,3.55));
#7127=CARTESIAN_POINT('',(-7.825,-1.43,3.55));
#7128=CARTESIAN_POINT('',(-7.825,1.25,3.55));
#7129=CARTESIAN_POINT('',(-7.825,-0.75,3.55));
#7130=CARTESIAN_POINT('',(-7.825,1.93,3.55));
#7131=CARTESIAN_POINT('',(-7.825,1.25,3.55));
#7132=CARTESIAN_POINT('',(-7.825,1.93,-4.95));
#7133=CARTESIAN_POINT('',(-7.825,1.93,-4.95));
#7134=CARTESIAN_POINT('',(-7.825,1.27,-4.95));
#7135=CARTESIAN_POINT('',(-7.825,1.27,-4.95));
#7136=CARTESIAN_POINT('',(-7.825,1.27,-4.28));
#7137=CARTESIAN_POINT('',(-7.825,0.875,-3.68));
#7138=CARTESIAN_POINT('Origin',(-7.825,-1.27,-3.68));
#7139=CARTESIAN_POINT('',(6.865,0.875,-3.68));
#7140=CARTESIAN_POINT('',(6.865,0.875,-3.68));
#7141=CARTESIAN_POINT('',(6.865,0.875,-3.68));
#7142=CARTESIAN_POINT('Origin',(-7.825,-1.27,-3.68));
#7143=CARTESIAN_POINT('',(-6.865,0.875,-3.68));
#7144=CARTESIAN_POINT('',(-7.825,0.875,-3.68));
#7145=CARTESIAN_POINT('',(-6.865,0.875,-3.68));
#7146=CARTESIAN_POINT('Origin',(-7.825,-1.27,-3.68));
#7147=CARTESIAN_POINT('',(4.82,0.875,-3.68));
#7148=CARTESIAN_POINT('',(4.82,0.875,-3.68));
#7149=CARTESIAN_POINT('',(6.465,0.875,-3.68));
#7150=CARTESIAN_POINT('',(4.82,0.875,-3.68));
#7151=CARTESIAN_POINT('',(6.465,0.875,-3.68));
#7152=CARTESIAN_POINT('Origin',(-7.825,-1.27,-3.68));
#7153=CARTESIAN_POINT('',(4.18,0.875,-3.68));
#7154=CARTESIAN_POINT('',(1.82,0.875,-3.68));
#7155=CARTESIAN_POINT('',(4.18,0.875,-3.68));
#7156=CARTESIAN_POINT('Origin',(-7.825,-1.27,-3.68));
#7157=CARTESIAN_POINT('',(-1.18,0.875,-3.68));
#7158=CARTESIAN_POINT('',(-1.18,0.875,-3.68));
#7159=CARTESIAN_POINT('',(-1.18,0.875,-3.68));
#7160=CARTESIAN_POINT('Origin',(-7.825,-1.27,-3.68));
#7161=CARTESIAN_POINT('',(-4.18,0.875,-3.68));
#7162=CARTESIAN_POINT('',(-4.18,0.875,-3.68));
#7163=CARTESIAN_POINT('',(-1.82,0.875,-3.68));
#7164=CARTESIAN_POINT('',(-4.18,0.875,-3.68));
#7165=CARTESIAN_POINT('',(-1.82,0.875,-3.68));
#7166=CARTESIAN_POINT('Origin',(-7.825,-1.27,-3.68));
#7167=CARTESIAN_POINT('',(-6.465,0.875,-3.68));
#7168=CARTESIAN_POINT('',(-4.82,0.875,-3.68));
#7169=CARTESIAN_POINT('',(-6.465,0.875,-3.68));
#7170=CARTESIAN_POINT('',(-4.82,0.875,-3.68));
#7171=CARTESIAN_POINT('',(-6.465,0.875,-3.68));
#7172=CARTESIAN_POINT('Origin',(-7.825,0.875,-4.28));
#7173=CARTESIAN_POINT('',(6.865,0.875,-4.28));
#7174=CARTESIAN_POINT('Origin',(-7.825,0.875,-4.28));
#7175=CARTESIAN_POINT('',(-6.865,0.875,-3.68));
#7176=CARTESIAN_POINT('Origin',(-7.825,0.875,-4.28));
#7177=CARTESIAN_POINT('',(4.82,0.875,-4.27));
#7178=CARTESIAN_POINT('',(4.82,0.875,-3.68));
#7179=CARTESIAN_POINT('',(4.82,0.875,-4.27));
#7180=CARTESIAN_POINT('',(6.465,0.875,-4.28));
#7181=CARTESIAN_POINT('Origin',(-7.825,0.875,-4.28));
#7182=CARTESIAN_POINT('',(1.82,0.875,-4.27));
#7183=CARTESIAN_POINT('',(4.18,0.875,-4.27));
#7184=CARTESIAN_POINT('',(4.18,0.875,-4.27));
#7185=CARTESIAN_POINT('',(4.18,0.875,-3.68));
#7186=CARTESIAN_POINT('Origin',(-7.825,0.875,-4.28));
#7187=CARTESIAN_POINT('',(-1.18,0.875,-4.27));
#7188=CARTESIAN_POINT('',(-1.18,0.875,-3.68));
#7189=CARTESIAN_POINT('',(-1.18,0.875,-4.27));
#7190=CARTESIAN_POINT('',(1.18,0.875,-4.27));
#7191=CARTESIAN_POINT('Origin',(-7.825,0.875,-4.28));
#7192=CARTESIAN_POINT('',(-4.18,0.875,-4.27));
#7193=CARTESIAN_POINT('',(-4.18,0.875,-3.68));
#7194=CARTESIAN_POINT('',(-4.18,0.875,-4.27));
#7195=CARTESIAN_POINT('',(-1.82,0.875,-4.27));
#7196=CARTESIAN_POINT('',(-1.82,0.875,-4.27));
#7197=CARTESIAN_POINT('',(-1.82,0.875,-3.68));
#7198=CARTESIAN_POINT('Origin',(-7.825,0.875,-4.28));
#7199=CARTESIAN_POINT('',(-4.82,0.875,-4.27));
#7200=CARTESIAN_POINT('',(-4.82,0.875,-4.27));
#7201=CARTESIAN_POINT('',(-4.82,0.875,-3.68));
#7202=CARTESIAN_POINT('',(-6.465,0.875,-3.68));
#7203=CARTESIAN_POINT('Origin',(6.865,1.93,-3.25));
#7204=CARTESIAN_POINT('',(6.865,1.93,-3.25));
#7205=CARTESIAN_POINT('',(6.865,-1.68,-3.25));
#7206=CARTESIAN_POINT('',(6.865,1.93,-3.25));
#7207=CARTESIAN_POINT('',(6.865,1.93,-4.95));
#7208=CARTESIAN_POINT('',(6.865,1.93,-4.95));
#7209=CARTESIAN_POINT('',(6.865,1.27,-4.95));
#7210=CARTESIAN_POINT('',(6.865,1.27,-4.95));
#7211=CARTESIAN_POINT('',(6.865,1.27,-4.28));
#7212=CARTESIAN_POINT('',(6.865,-1.27,-4.95));
#7213=CARTESIAN_POINT('',(6.865,-1.27,-4.95));
#7214=CARTESIAN_POINT('',(6.865,-2.47,-4.95));
#7215=CARTESIAN_POINT('',(6.865,-2.47,-4.95));
#7216=CARTESIAN_POINT('',(6.865,-2.47,-3.1));
#7217=CARTESIAN_POINT('',(6.865,-2.47,-3.1));
#7218=CARTESIAN_POINT('',(6.865,-1.93,-3.1));
#7219=CARTESIAN_POINT('',(6.865,-2.47,-3.1));
#7220=CARTESIAN_POINT('',(6.865,-1.93,1.45));
#7221=CARTESIAN_POINT('',(6.865,-1.93,-3.1));
#7222=CARTESIAN_POINT('',(6.865,-1.68,1.45));
#7223=CARTESIAN_POINT('',(6.865,-1.93,1.45));
#7224=CARTESIAN_POINT('',(6.865,-1.68,-3.25));
#7225=CARTESIAN_POINT('Origin',(6.465,1.93,-3.25));
#7226=CARTESIAN_POINT('',(6.465,-1.68,-3.25));
#7227=CARTESIAN_POINT('',(6.465,-1.68,-3.25));
#7228=CARTESIAN_POINT('',(6.465,1.93,-3.25));
#7229=CARTESIAN_POINT('',(6.465,1.93,-3.25));
#7230=CARTESIAN_POINT('',(6.465,1.93,-3.25));
#7231=CARTESIAN_POINT('Origin',(0.,-1.68,0.));
#7232=CARTESIAN_POINT('',(-4.18,-1.68,-3.63));
#7233=CARTESIAN_POINT('',(-4.18,-1.68,-4.27));
#7234=CARTESIAN_POINT('',(-4.18,-1.68,-3.63));
#7235=CARTESIAN_POINT('',(-4.18,-1.68,-4.95));
#7236=CARTESIAN_POINT('',(-4.18,-1.68,-4.95));
#7237=CARTESIAN_POINT('',(-1.82,-1.68,-4.95));
#7238=CARTESIAN_POINT('',(-4.18,-1.68,-4.95));
#7239=CARTESIAN_POINT('',(-1.82,-1.68,-4.27));
#7240=CARTESIAN_POINT('',(-1.82,-1.68,-4.95));
#7241=CARTESIAN_POINT('',(-1.82,-1.68,-3.63));
#7242=CARTESIAN_POINT('',(-1.82,-1.68,-3.63));
#7243=CARTESIAN_POINT('',(-1.82,-1.68,-3.6));
#7244=CARTESIAN_POINT('',(-1.82,-1.68,-3.63));
#7245=CARTESIAN_POINT('',(-1.18,-1.68,-3.6));
#7246=CARTESIAN_POINT('',(-1.82,-1.68,-3.6));
#7247=CARTESIAN_POINT('',(-1.18,-1.68,-3.63));
#7248=CARTESIAN_POINT('',(-1.18,-1.68,-3.63));
#7249=CARTESIAN_POINT('',(-1.18,-1.68,-4.27));
#7250=CARTESIAN_POINT('',(-1.18,-1.68,-3.63));
#7251=CARTESIAN_POINT('',(-1.18,-1.68,-4.95));
#7252=CARTESIAN_POINT('',(-1.18,-1.68,-4.95));
#7253=CARTESIAN_POINT('',(1.18,-1.68,-4.95));
#7254=CARTESIAN_POINT('',(-1.18,-1.68,-4.95));
#7255=CARTESIAN_POINT('',(1.18,-1.68,-4.95));
#7256=CARTESIAN_POINT('',(1.18,-1.68,-3.6));
#7257=CARTESIAN_POINT('',(1.18,-1.68,-3.63));
#7258=CARTESIAN_POINT('',(1.82,-1.68,-3.6));
#7259=CARTESIAN_POINT('',(1.18,-1.68,-3.6));
#7260=CARTESIAN_POINT('',(1.82,-1.68,-3.63));
#7261=CARTESIAN_POINT('',(1.82,-1.68,-4.95));
#7262=CARTESIAN_POINT('',(1.82,-1.68,-4.95));
#7263=CARTESIAN_POINT('',(4.18,-1.68,-4.95));
#7264=CARTESIAN_POINT('',(1.82,-1.68,-4.95));
#7265=CARTESIAN_POINT('',(4.18,-1.68,-4.27));
#7266=CARTESIAN_POINT('',(4.18,-1.68,-4.95));
#7267=CARTESIAN_POINT('',(4.18,-1.68,-3.63));
#7268=CARTESIAN_POINT('',(4.18,-1.68,-3.63));
#7269=CARTESIAN_POINT('',(4.18,-1.68,-3.6));
#7270=CARTESIAN_POINT('',(4.18,-1.68,-3.63));
#7271=CARTESIAN_POINT('',(4.82,-1.68,-3.6));
#7272=CARTESIAN_POINT('',(4.18,-1.68,-3.6));
#7273=CARTESIAN_POINT('',(4.82,-1.68,-3.63));
#7274=CARTESIAN_POINT('',(4.82,-1.68,-3.63));
#7275=CARTESIAN_POINT('',(4.82,-1.68,-4.27));
#7276=CARTESIAN_POINT('',(4.82,-1.68,-3.63));
#7277=CARTESIAN_POINT('',(4.82,-1.68,-4.95));
#7278=CARTESIAN_POINT('',(4.82,-1.68,-4.95));
#7279=CARTESIAN_POINT('',(6.465,-1.68,-4.95));
#7280=CARTESIAN_POINT('',(4.82,-1.68,-4.95));
#7281=CARTESIAN_POINT('',(6.465,-1.68,-4.95));
#7282=CARTESIAN_POINT('',(6.465,-1.68,1.45));
#7283=CARTESIAN_POINT('',(6.865,-1.68,1.45));
#7284=CARTESIAN_POINT('',(6.465,-1.68,-3.1));
#7285=CARTESIAN_POINT('',(6.465,-1.68,1.45));
#7286=CARTESIAN_POINT('',(-6.465,-1.68,-3.1));
#7287=CARTESIAN_POINT('',(6.465,-1.68,-3.1));
#7288=CARTESIAN_POINT('',(-6.465,-1.68,1.45));
#7289=CARTESIAN_POINT('',(-6.465,-1.68,-3.1));
#7290=CARTESIAN_POINT('',(-6.865,-1.68,1.45));
#7291=CARTESIAN_POINT('',(-6.465,-1.68,1.45));
#7292=CARTESIAN_POINT('',(-6.865,-1.68,-3.25));
#7293=CARTESIAN_POINT('',(-6.865,-1.68,1.45));
#7294=CARTESIAN_POINT('',(-6.465,-1.68,-3.25));
#7295=CARTESIAN_POINT('',(-6.865,-1.68,-3.25));
#7296=CARTESIAN_POINT('',(-6.465,-1.68,-4.95));
#7297=CARTESIAN_POINT('',(-6.465,-1.68,-3.25));
#7298=CARTESIAN_POINT('',(-4.82,-1.68,-4.95));
#7299=CARTESIAN_POINT('',(-6.465,-1.68,-4.95));
#7300=CARTESIAN_POINT('',(-4.82,-1.68,-4.27));
#7301=CARTESIAN_POINT('',(-4.82,-1.68,-4.95));
#7302=CARTESIAN_POINT('',(-4.82,-1.68,-3.63));
#7303=CARTESIAN_POINT('',(-4.82,-1.68,-3.63));
#7304=CARTESIAN_POINT('',(-4.82,-1.68,-3.6));
#7305=CARTESIAN_POINT('',(-4.82,-1.68,-3.63));
#7306=CARTESIAN_POINT('',(-4.18,-1.68,-3.6));
#7307=CARTESIAN_POINT('',(-4.82,-1.68,-3.6));
#7308=CARTESIAN_POINT('',(-4.18,-1.68,-3.63));
#7309=CARTESIAN_POINT('Origin',(-4.18,0.,0.));
#7310=CARTESIAN_POINT('',(-4.18,-0.875,-4.27));
#7311=CARTESIAN_POINT('Origin',(-4.18,0.,0.));
#7312=CARTESIAN_POINT('',(-4.18,-5.25,-3.63));
#7313=CARTESIAN_POINT('',(-4.18,-5.25,-4.27));
#7314=CARTESIAN_POINT('',(-4.18,-5.25,-3.63));
#7315=CARTESIAN_POINT('',(-4.18,-5.25,-4.27));
#7316=CARTESIAN_POINT('',(-4.18,-1.68,-3.63));
#7317=CARTESIAN_POINT('Origin',(-4.18,0.,0.));
#7318=CARTESIAN_POINT('',(-4.18,0.32,2.15));
#7319=CARTESIAN_POINT('',(-4.18,-0.32,2.15));
#7320=CARTESIAN_POINT('',(-4.18,0.32,2.15));
#7321=CARTESIAN_POINT('',(-4.18,-0.32,-1.65));
#7322=CARTESIAN_POINT('',(-4.18,-0.32,2.15));
#7323=CARTESIAN_POINT('',(-4.18,0.32,-1.65));
#7324=CARTESIAN_POINT('',(-4.18,-0.32,-1.65));
#7325=CARTESIAN_POINT('',(-4.18,0.32,-1.65));
#7326=CARTESIAN_POINT('Origin',(-4.18,-5.65,-4.27));
#7327=CARTESIAN_POINT('',(-4.82,-5.25,-4.27));
#7328=CARTESIAN_POINT('',(-4.18,-5.25,-4.27));
#7329=CARTESIAN_POINT('',(-4.82,-5.25,-4.27));
#7330=CARTESIAN_POINT('',(-4.82,-1.68,-4.27));
#7331=CARTESIAN_POINT('',(-4.82,-0.875,-4.27));
#7332=CARTESIAN_POINT('',(-4.82,1.055,-4.27));
#7333=CARTESIAN_POINT('',(-4.82,0.875,-4.27));
#7334=CARTESIAN_POINT('',(-4.18,1.055,-4.27));
#7335=CARTESIAN_POINT('',(-4.18,1.055,-4.27));
#7336=CARTESIAN_POINT('',(-4.18,0.875,-4.27));
#7337=CARTESIAN_POINT('',(-4.18,-1.68,-4.27));
#7338=CARTESIAN_POINT('Origin',(-4.5,-5.45,-4.195));
#7339=CARTESIAN_POINT('',(-4.33,-5.65,-4.12));
#7340=CARTESIAN_POINT('',(-4.67,-5.65,-4.12));
#7341=CARTESIAN_POINT('',(-4.33,-5.65,-4.12));
#7342=CARTESIAN_POINT('',(-4.67,-5.65,-4.12));
#7343=CARTESIAN_POINT('',(-4.18,-5.25,-4.27));
#7344=CARTESIAN_POINT('Origin',(-4.18,-5.65,-3.63));
#7345=CARTESIAN_POINT('',(-4.33,-5.65,-3.78));
#7346=CARTESIAN_POINT('',(-4.33,-5.65,-3.78));
#7347=CARTESIAN_POINT('',(-4.67,-5.65,-3.78));
#7348=CARTESIAN_POINT('',(-4.33,-5.65,-3.78));
#7349=CARTESIAN_POINT('',(-4.67,-5.65,-4.12));
#7350=CARTESIAN_POINT('Origin',(-4.745,-5.45,-3.95));
#7351=CARTESIAN_POINT('',(-4.82,-5.25,-3.63));
#7352=CARTESIAN_POINT('',(-4.82,-5.25,-3.63));
#7353=CARTESIAN_POINT('',(-4.82,-5.25,-4.27));
#7354=CARTESIAN_POINT('Origin',(-4.82,0.,0.));
#7355=CARTESIAN_POINT('Origin',(-4.82,0.,0.));
#7356=CARTESIAN_POINT('',(-4.82,-1.68,-3.63));
#7357=CARTESIAN_POINT('Origin',(-4.82,0.,0.));
#7358=CARTESIAN_POINT('',(-4.82,-0.32,2.15));
#7359=CARTESIAN_POINT('',(-4.82,0.32,2.15));
#7360=CARTESIAN_POINT('',(-4.82,-0.32,2.15));
#7361=CARTESIAN_POINT('',(-4.82,0.32,-1.65));
#7362=CARTESIAN_POINT('',(-4.82,0.32,-1.65));
#7363=CARTESIAN_POINT('',(-4.82,-0.32,-1.65));
#7364=CARTESIAN_POINT('',(-4.82,-0.32,-1.65));
#7365=CARTESIAN_POINT('',(-4.82,-0.32,2.15));
#7366=CARTESIAN_POINT('Origin',(-4.18,-0.32,-3.63));
#7367=CARTESIAN_POINT('',(-4.18,-5.25,-3.63));
#7368=CARTESIAN_POINT('',(-4.18,-0.32,-3.63));
#7369=CARTESIAN_POINT('',(-4.18,-1.68,-3.63));
#7370=CARTESIAN_POINT('',(-4.82,-0.32,-3.63));
#7371=CARTESIAN_POINT('',(-4.18,-0.32,-3.63));
#7372=CARTESIAN_POINT('',(-4.82,-1.68,-3.63));
#7373=CARTESIAN_POINT('Origin',(-4.5,-5.45,-3.705));
#7374=CARTESIAN_POINT('',(-4.33,-5.65,-3.78));
#7375=CARTESIAN_POINT('Origin',(-4.255,-5.45,-3.95));
#7376=CARTESIAN_POINT('Origin',(-4.82,1.93,-4.95));
#7377=CARTESIAN_POINT('',(-4.82,-1.27,-4.95));
#7378=CARTESIAN_POINT('',(-4.82,-1.68,-4.95));
#7379=CARTESIAN_POINT('',(-4.82,-1.27,-4.95));
#7380=CARTESIAN_POINT('Origin',(-4.82,1.93,-4.95));
#7381=CARTESIAN_POINT('',(-4.82,1.055,-3.6));
#7382=CARTESIAN_POINT('',(-4.82,1.055,-3.6));
#7383=CARTESIAN_POINT('',(-4.82,1.27,-4.95));
#7384=CARTESIAN_POINT('',(-4.82,1.27,-4.28));
#7385=CARTESIAN_POINT('',(-4.82,1.93,-4.95));
#7386=CARTESIAN_POINT('',(-4.82,1.27,-4.95));
#7387=CARTESIAN_POINT('',(-4.82,1.93,-3.6));
#7388=CARTESIAN_POINT('',(-4.82,1.93,-4.95));
#7389=CARTESIAN_POINT('',(-4.82,1.93,-3.6));
#7390=CARTESIAN_POINT('Origin',(-4.82,1.93,-4.95));
#7391=CARTESIAN_POINT('',(-4.82,-0.32,-3.6));
#7392=CARTESIAN_POINT('',(-4.82,-0.32,-3.6));
#7393=CARTESIAN_POINT('',(-4.82,-0.32,-3.6));
#7394=CARTESIAN_POINT('Origin',(-7.825,-1.27,-4.95));
#7395=CARTESIAN_POINT('',(6.865,-1.27,-4.95));
#7396=CARTESIAN_POINT('Origin',(-7.825,-1.27,-4.95));
#7397=CARTESIAN_POINT('',(-6.865,-1.27,-4.95));
#7398=CARTESIAN_POINT('',(-7.825,-1.27,-4.95));
#7399=CARTESIAN_POINT('',(-6.865,-1.27,-4.95));
#7400=CARTESIAN_POINT('Origin',(-7.825,-1.27,-4.95));
#7401=CARTESIAN_POINT('',(6.465,-1.27,-4.95));
#7402=CARTESIAN_POINT('',(6.465,-1.27,-4.95));
#7403=CARTESIAN_POINT('',(4.82,-1.27,-4.95));
#7404=CARTESIAN_POINT('',(4.82,-1.27,-4.95));
#7405=CARTESIAN_POINT('',(4.82,-1.27,-4.95));
#7406=CARTESIAN_POINT('Origin',(-7.825,-1.27,-4.95));
#7407=CARTESIAN_POINT('',(1.82,-1.27,-4.95));
#7408=CARTESIAN_POINT('',(1.82,-1.27,-4.95));
#7409=CARTESIAN_POINT('',(4.18,-1.27,-4.95));
#7410=CARTESIAN_POINT('',(4.18,-1.27,-4.95));
#7411=CARTESIAN_POINT('',(1.82,-1.27,-4.95));
#7412=CARTESIAN_POINT('Origin',(-7.825,-1.27,-4.95));
#7413=CARTESIAN_POINT('',(-1.18,-1.27,-4.95));
#7414=CARTESIAN_POINT('',(-1.18,-1.27,-4.95));
#7415=CARTESIAN_POINT('',(1.18,-1.27,-4.95));
#7416=CARTESIAN_POINT('',(1.18,-1.27,-4.95));
#7417=CARTESIAN_POINT('',(-1.18,-1.27,-4.95));
#7418=CARTESIAN_POINT('Origin',(-7.825,-1.27,-4.95));
#7419=CARTESIAN_POINT('',(-6.465,-1.27,-4.95));
#7420=CARTESIAN_POINT('',(-6.465,-1.27,-4.95));
#7421=CARTESIAN_POINT('',(-6.465,-1.27,-4.95));
#7422=CARTESIAN_POINT('Origin',(-7.825,-1.27,-4.95));
#7423=CARTESIAN_POINT('',(-4.18,-1.27,-4.95));
#7424=CARTESIAN_POINT('',(-4.18,-1.27,-4.95));
#7425=CARTESIAN_POINT('',(-1.82,-1.27,-4.95));
#7426=CARTESIAN_POINT('',(-1.82,-1.27,-4.95));
#7427=CARTESIAN_POINT('',(-4.18,-1.27,-4.95));
#7428=CARTESIAN_POINT('Origin',(-7.825,-2.47,-4.95));
#7429=CARTESIAN_POINT('',(6.865,-2.47,-4.95));
#7430=CARTESIAN_POINT('Origin',(-7.825,-2.47,-4.95));
#7431=CARTESIAN_POINT('',(-6.865,-2.47,-4.95));
#7432=CARTESIAN_POINT('',(-7.825,-2.47,-4.95));
#7433=CARTESIAN_POINT('',(-6.865,-2.47,-4.95));
#7434=CARTESIAN_POINT('Origin',(-7.825,-2.47,-4.95));
#7435=CARTESIAN_POINT('',(4.82,-1.27,-4.95));
#7436=CARTESIAN_POINT('',(6.465,-1.68,-4.95));
#7437=CARTESIAN_POINT('Origin',(-7.825,-2.47,-4.95));
#7438=CARTESIAN_POINT('',(1.82,-1.68,-4.95));
#7439=CARTESIAN_POINT('',(4.18,-1.27,-4.95));
#7440=CARTESIAN_POINT('Origin',(-7.825,-2.47,-4.95));
#7441=CARTESIAN_POINT('',(-1.18,-1.68,-4.95));
#7442=CARTESIAN_POINT('',(1.18,-1.68,-4.95));
#7443=CARTESIAN_POINT('Origin',(-7.825,-2.47,-4.95));
#7444=CARTESIAN_POINT('',(-6.465,-1.68,-4.95));
#7445=CARTESIAN_POINT('Origin',(-7.825,-2.47,-4.95));
#7446=CARTESIAN_POINT('',(-4.18,-1.68,-4.95));
#7447=CARTESIAN_POINT('',(-1.82,-1.68,-4.95));
#7448=CARTESIAN_POINT('Origin',(-7.825,-2.47,-3.1));
#7449=CARTESIAN_POINT('',(6.865,-2.47,-3.1));
#7450=CARTESIAN_POINT('Origin',(-7.825,-2.47,-3.1));
#7451=CARTESIAN_POINT('',(-6.865,-2.47,-3.1));
#7452=CARTESIAN_POINT('',(-6.865,-2.47,-4.95));
#7453=CARTESIAN_POINT('',(-7.825,-2.47,-3.1));
#7454=CARTESIAN_POINT('Origin',(-7.825,-1.93,-3.1));
#7455=CARTESIAN_POINT('',(7.825,-1.43,-3.1));
#7456=CARTESIAN_POINT('Origin',(-7.825,-1.93,-3.1));
#7457=CARTESIAN_POINT('',(-6.865,-1.93,-3.1));
#7458=CARTESIAN_POINT('',(-6.865,-2.47,-3.1));
#7459=CARTESIAN_POINT('',(-6.865,-1.93,-3.1));
#7460=CARTESIAN_POINT('Origin',(7.345,-1.68,0.925));
#7461=CARTESIAN_POINT('',(6.865,-1.93,4.51));
#7462=CARTESIAN_POINT('',(6.865,-1.93,4.51));
#7463=CARTESIAN_POINT('',(6.865,-1.93,4.51));
#7464=CARTESIAN_POINT('Origin',(-7.825,-1.93,4.95));
#7465=CARTESIAN_POINT('',(-2.85,-1.93,4.1));
#7466=CARTESIAN_POINT('',(-2.85,-1.93,-3.1));
#7467=CARTESIAN_POINT('',(-2.85,-1.93,4.1));
#7468=CARTESIAN_POINT('',(2.85,-1.93,-3.1));
#7469=CARTESIAN_POINT('',(2.85,-1.93,-3.1));
#7470=CARTESIAN_POINT('',(2.85,-1.93,4.1));
#7471=CARTESIAN_POINT('',(2.85,-1.93,-3.1));
#7472=CARTESIAN_POINT('',(3.85,-1.93,4.1));
#7473=CARTESIAN_POINT('',(3.85,-1.93,4.1));
#7474=CARTESIAN_POINT('',(3.85,-1.93,-3.1));
#7475=CARTESIAN_POINT('',(3.85,-1.93,-3.1));
#7476=CARTESIAN_POINT('',(6.465,-1.93,-3.1));
#7477=CARTESIAN_POINT('',(6.465,-1.93,-3.1));
#7478=CARTESIAN_POINT('',(6.465,-1.93,1.45));
#7479=CARTESIAN_POINT('',(6.465,-1.93,1.45));
#7480=CARTESIAN_POINT('',(6.865,-1.93,1.45));
#7481=CARTESIAN_POINT('',(6.425,-1.93,4.95));
#7482=CARTESIAN_POINT('',(6.865,-1.93,4.51));
#7483=CARTESIAN_POINT('',(-6.425,-1.93,4.95));
#7484=CARTESIAN_POINT('',(-6.425,-1.93,4.95));
#7485=CARTESIAN_POINT('',(-6.865,-1.93,4.51));
#7486=CARTESIAN_POINT('',(-6.425,-1.93,4.95));
#7487=CARTESIAN_POINT('',(-6.865,-1.93,1.45));
#7488=CARTESIAN_POINT('',(-6.865,-1.93,1.45));
#7489=CARTESIAN_POINT('',(-6.465,-1.93,1.45));
#7490=CARTESIAN_POINT('',(-6.465,-1.93,1.45));
#7491=CARTESIAN_POINT('',(-6.465,-1.93,-3.1));
#7492=CARTESIAN_POINT('',(-6.465,-1.93,-3.1));
#7493=CARTESIAN_POINT('',(-3.85,-1.93,-3.1));
#7494=CARTESIAN_POINT('',(-3.85,-1.93,-3.1));
#7495=CARTESIAN_POINT('',(-3.85,-1.93,4.1));
#7496=CARTESIAN_POINT('',(-3.85,-1.93,-3.1));
#7497=CARTESIAN_POINT('',(-3.85,-1.93,4.1));
#7498=CARTESIAN_POINT('Origin',(-2.85,-2.43,1.35));
#7499=CARTESIAN_POINT('',(-2.85,-2.43,1.35));
#7500=CARTESIAN_POINT('',(-2.85,-5.30611271012,1.35));
#7501=CARTESIAN_POINT('',(-2.85,-2.43,1.35));
#7502=CARTESIAN_POINT('',(-2.85,-5.527496087967,1.158005145163));
#7503=CARTESIAN_POINT('Ctrl Pts',(-2.85,-5.527496087967,1.158005145163));
#7504=CARTESIAN_POINT('Ctrl Pts',(-2.85,-5.493349096964,1.188199776432));
#7505=CARTESIAN_POINT('Ctrl Pts',(-2.85,-5.422285794887,1.250372138626));
#7506=CARTESIAN_POINT('Ctrl Pts',(-2.85,-5.345742263109,1.316175731066));
#7507=CARTESIAN_POINT('Ctrl Pts',(-2.85,-5.30611271012,1.35));
#7508=CARTESIAN_POINT('',(-2.85,-5.527496087967,-0.4580051451635));
#7509=CARTESIAN_POINT('Ctrl Pts',(-2.85,-5.52749608796777,1.15800514516389));
#7510=CARTESIAN_POINT('Ctrl Pts',(-2.85,-5.53375733361893,1.15246861037216));
#7511=CARTESIAN_POINT('Ctrl Pts',(-2.85,-5.53981413032571,1.14688809247131));
#7512=CARTESIAN_POINT('Ctrl Pts',(-2.85,-5.60434979750041,1.08512754766059));
#7513=CARTESIAN_POINT('Ctrl Pts',(-2.85,-5.65952815328646,1.00473867980583));
#7514=CARTESIAN_POINT('Ctrl Pts',(-2.85,-5.76866166421308,0.760255744179578));
#7515=CARTESIAN_POINT('Ctrl Pts',(-2.85,-5.77000000000032,0.536481702848518));
#7516=CARTESIAN_POINT('Ctrl Pts',(-2.85,-5.77000000000017,0.163518297150638));
#7517=CARTESIAN_POINT('Ctrl Pts',(-2.85,-5.76866166421274,-0.0602557441804201));
#7518=CARTESIAN_POINT('Ctrl Pts',(-2.85,-5.65952815328592,-0.304738679806583));
#7519=CARTESIAN_POINT('Ctrl Pts',(-2.85,-5.6043497974998,-0.385127547661299));
#7520=CARTESIAN_POINT('Ctrl Pts',(-2.85,-5.53981413032519,-0.446888092471826));
#7521=CARTESIAN_POINT('Ctrl Pts',(-2.85,-5.53375733361856,-0.452468610372539));
#7522=CARTESIAN_POINT('Ctrl Pts',(-2.85,-5.52749608796756,-0.45800514516413));
#7523=CARTESIAN_POINT('',(-2.85,-5.30611271012,-0.65));
#7524=CARTESIAN_POINT('Ctrl Pts',(-2.85,-5.30611271012,-0.65));
#7525=CARTESIAN_POINT('Ctrl Pts',(-2.85,-5.345606317868,-0.6162917618576));
#7526=CARTESIAN_POINT('Ctrl Pts',(-2.85,-5.422015572829,-0.5506061795657));
#7527=CARTESIAN_POINT('Ctrl Pts',(-2.85,-5.493215206838,-0.4883181693827));
#7528=CARTESIAN_POINT('Ctrl Pts',(-2.85,-5.527496087967,-0.4580051451635));
#7529=CARTESIAN_POINT('',(-2.85,-2.43,-0.65));
#7530=CARTESIAN_POINT('',(-2.85,-2.43,-0.65));
#7531=CARTESIAN_POINT('',(-2.85,-2.43,-3.1));
#7532=CARTESIAN_POINT('',(-2.85,-2.43,-0.65));
#7533=CARTESIAN_POINT('',(-2.85,-1.93,-3.1));
#7534=CARTESIAN_POINT('',(-2.85,-2.43,4.1));
#7535=CARTESIAN_POINT('',(-2.85,-1.93,4.1));
#7536=CARTESIAN_POINT('',(-2.85,-2.43,4.1));
#7537=CARTESIAN_POINT('Origin',(-4.15,-2.43,1.35));
#7538=CARTESIAN_POINT('',(-3.824772708487,-4.52,1.35));
#7539=CARTESIAN_POINT('Ctrl Pts',(-3.82477270848701,-4.51999999999998,1.35));
#7540=CARTESIAN_POINT('Ctrl Pts',(-3.2280518098144,-5.12893786256283,1.35));
#7541=CARTESIAN_POINT('Ctrl Pts',(-2.85000000002179,-5.30611271011016,1.35));
#7542=CARTESIAN_POINT('',(-3.429795897113,-2.43,1.35));
#7543=CARTESIAN_POINT('',(-3.429795897113,-2.43,1.35));
#7544=CARTESIAN_POINT('',(-3.429795897113,-4.22,1.35));
#7545=CARTESIAN_POINT('',(-3.429795897113,-4.22,1.35));
#7546=CARTESIAN_POINT('',(-3.824772708487,-4.22,1.35));
#7547=CARTESIAN_POINT('',(-3.824772708487,-4.22,1.35));
#7548=CARTESIAN_POINT('',(-3.824772708487,-4.52,1.35));
#7549=CARTESIAN_POINT('Origin',(-2.45,-5.023748043984,0.35));
#7550=CARTESIAN_POINT('Origin',(-2.45,-5.527496087967,0.35));
#7551=CARTESIAN_POINT('',(-3.824772708487,-4.52,-0.65));
#7552=CARTESIAN_POINT('Origin',(-2.45,-4.52,0.35));
#7553=CARTESIAN_POINT('Ctrl Pts',(-2.85000000002176,-5.30611271011017,-0.649999999999999));
#7554=CARTESIAN_POINT('Ctrl Pts',(-3.22805180981438,-5.12893786256285,-0.649999999999999));
#7555=CARTESIAN_POINT('Ctrl Pts',(-3.824772708487,-4.52,-0.649999999999999));
#7556=CARTESIAN_POINT('Origin',(-2.85,-2.43,-0.65));
#7557=CARTESIAN_POINT('',(-3.824772708487,-4.22,-0.65));
#7558=CARTESIAN_POINT('',(-3.824772708487,-4.52,-0.65));
#7559=CARTESIAN_POINT('',(-3.429795897113,-4.22,-0.65));
#7560=CARTESIAN_POINT('',(-3.429795897113,-4.22,-0.65));
#7561=CARTESIAN_POINT('',(-3.429795897113,-2.43,-0.65));
#7562=CARTESIAN_POINT('',(-3.429795897113,-4.22,-0.65));
#7563=CARTESIAN_POINT('',(-2.85,-2.43,-0.65));
#7564=CARTESIAN_POINT('Origin',(-7.825,-2.43,4.95));
#7565=CARTESIAN_POINT('',(-3.85,-2.43,4.1));
#7566=CARTESIAN_POINT('',(-3.85,-2.43,4.1));
#7567=CARTESIAN_POINT('',(-3.85,-2.43,0.35));
#7568=CARTESIAN_POINT('',(-3.85,-2.43,0.35));
#7569=CARTESIAN_POINT('Origin',(-2.45,-2.43,0.35));
#7570=CARTESIAN_POINT('Origin',(-7.825,-2.43,4.95));
#7571=CARTESIAN_POINT('Origin',(-2.45,-2.43,0.35));
#7572=CARTESIAN_POINT('',(-3.85,-2.43,-3.1));
#7573=CARTESIAN_POINT('',(-3.85,-2.43,-3.1));
#7574=CARTESIAN_POINT('',(-2.85,-2.43,-3.1));
#7575=CARTESIAN_POINT('Origin',(-7.825,-2.43,4.95));
#7576=CARTESIAN_POINT('',(2.85,-2.43,-3.1));
#7577=CARTESIAN_POINT('',(2.85,-2.43,-0.65));
#7578=CARTESIAN_POINT('',(2.85,-2.43,-3.1));
#7579=CARTESIAN_POINT('',(3.85,-2.43,-3.1));
#7580=CARTESIAN_POINT('',(2.85,-2.43,-3.1));
#7581=CARTESIAN_POINT('',(3.85,-2.43,0.35));
#7582=CARTESIAN_POINT('',(3.85,-2.43,-3.1));
#7583=CARTESIAN_POINT('',(3.429795897113,-2.43,-0.65));
#7584=CARTESIAN_POINT('Origin',(2.45,-2.43,0.35));
#7585=CARTESIAN_POINT('',(3.429795897113,-2.43,-0.65));
#7586=CARTESIAN_POINT('Origin',(-7.825,-2.43,4.95));
#7587=CARTESIAN_POINT('',(3.429795897113,-2.43,1.35));
#7588=CARTESIAN_POINT('Origin',(2.45,-2.43,0.35));
#7589=CARTESIAN_POINT('',(3.85,-2.43,4.1));
#7590=CARTESIAN_POINT('',(3.85,-2.43,0.35));
#7591=CARTESIAN_POINT('',(2.85,-2.43,4.1));
#7592=CARTESIAN_POINT('',(3.85,-2.43,4.1));
#7593=CARTESIAN_POINT('',(2.85,-2.43,1.35));
#7594=CARTESIAN_POINT('',(2.85,-2.43,1.35));
#7595=CARTESIAN_POINT('',(2.85,-2.43,1.35));
#7596=CARTESIAN_POINT('Origin',(-2.45,-2.263,0.35));
#7597=CARTESIAN_POINT('Origin',(-2.45,-4.22,0.35));
#7598=CARTESIAN_POINT('Origin',(-2.45,-4.22,0.35));
#7599=CARTESIAN_POINT('Origin',(-2.45,-4.22,0.35));
#7600=CARTESIAN_POINT('Origin',(-2.45,-2.263,0.35));
#7601=CARTESIAN_POINT('Origin',(-3.85,-1.93,-3.1));
#7602=CARTESIAN_POINT('',(-3.85,-1.93,4.1));
#7603=CARTESIAN_POINT('',(-3.85,-1.93,-3.1));
#7604=CARTESIAN_POINT('Origin',(2.85,-1.93,-3.1));
#7605=CARTESIAN_POINT('',(-6.465,-1.93,-3.1));
#7606=CARTESIAN_POINT('',(6.465,-1.93,-3.1));
#7607=CARTESIAN_POINT('',(3.85,-1.93,-3.1));
#7608=CARTESIAN_POINT('',(2.85,-1.93,-3.1));
#7609=CARTESIAN_POINT('Origin',(2.85,-1.93,4.1));
#7610=CARTESIAN_POINT('',(2.85,-1.93,4.1));
#7611=CARTESIAN_POINT('',(2.85,-5.30611271012,-0.65));
#7612=CARTESIAN_POINT('',(2.85,-2.43,-0.65));
#7613=CARTESIAN_POINT('',(2.85,-5.527496087967,-0.4580051451635));
#7614=CARTESIAN_POINT('Ctrl Pts',(2.85,-5.30611271012,-0.65));
#7615=CARTESIAN_POINT('Ctrl Pts',(2.85,-5.345606317868,-0.6162917618576));
#7616=CARTESIAN_POINT('Ctrl Pts',(2.85,-5.422015572829,-0.5506061795657));
#7617=CARTESIAN_POINT('Ctrl Pts',(2.85,-5.493215206838,-0.4883181693827));
#7618=CARTESIAN_POINT('Ctrl Pts',(2.85,-5.527496087967,-0.4580051451635));
#7619=CARTESIAN_POINT('',(2.85,-5.527496087967,1.158005145163));
#7620=CARTESIAN_POINT('Ctrl Pts',(2.85,-5.52749608796722,-0.458005145163748));
#7621=CARTESIAN_POINT('Ctrl Pts',(2.85,-5.5337573336182,-0.452468610372181));
#7622=CARTESIAN_POINT('Ctrl Pts',(2.85,-5.53981413032481,-0.446888092471492));
#7623=CARTESIAN_POINT('Ctrl Pts',(2.85,-5.60434979749953,-0.385127547660914));
#7624=CARTESIAN_POINT('Ctrl Pts',(2.85,-5.6595281532858,-0.304738679806079));
#7625=CARTESIAN_POINT('Ctrl Pts',(2.85,-5.76866166421272,-0.0602557441800048));
#7626=CARTESIAN_POINT('Ctrl Pts',(2.85,-5.77000000000041,0.163518297150826));
#7627=CARTESIAN_POINT('Ctrl Pts',(2.85,-5.77000000000045,0.349999999999577));
#7628=CARTESIAN_POINT('Ctrl Pts',(2.85,-5.77000000000048,0.536481702848329));
#7629=CARTESIAN_POINT('Ctrl Pts',(2.85,-5.76866166421287,0.76025574417916));
#7630=CARTESIAN_POINT('Ctrl Pts',(2.85,-5.65952815328605,1.00473867980528));
#7631=CARTESIAN_POINT('Ctrl Pts',(2.85,-5.60434979749981,1.08512754766013));
#7632=CARTESIAN_POINT('Ctrl Pts',(2.85,-5.53981413032502,1.14688809247082));
#7633=CARTESIAN_POINT('Ctrl Pts',(2.85,-5.53375733361831,1.1524686103716));
#7634=CARTESIAN_POINT('Ctrl Pts',(2.85,-5.52749608796723,1.15800514516326));
#7635=CARTESIAN_POINT('',(2.85,-5.30611271012,1.35));
#7636=CARTESIAN_POINT('Ctrl Pts',(2.85,-5.527496087967,1.158005145163));
#7637=CARTESIAN_POINT('Ctrl Pts',(2.85,-5.493349096964,1.188199776432));
#7638=CARTESIAN_POINT('Ctrl Pts',(2.85,-5.422285794887,1.250372138626));
#7639=CARTESIAN_POINT('Ctrl Pts',(2.85,-5.345742263109,1.316175731066));
#7640=CARTESIAN_POINT('Ctrl Pts',(2.85,-5.30611271012,1.35));
#7641=CARTESIAN_POINT('',(2.85,-2.43,1.35));
#7642=CARTESIAN_POINT('Origin',(2.85,-2.43,1.35));
#7643=CARTESIAN_POINT('',(3.824772708487,-4.52,1.35));
#7644=CARTESIAN_POINT('Ctrl Pts',(3.824772708487,-4.52,1.35));
#7645=CARTESIAN_POINT('Ctrl Pts',(3.22805180980246,-5.12893786257501,1.35));
#7646=CARTESIAN_POINT('Ctrl Pts',(2.85000000000454,-5.30611271011824,1.35));
#7647=CARTESIAN_POINT('',(3.824772708487,-4.22,1.35));
#7648=CARTESIAN_POINT('',(3.824772708487,-4.22,1.35));
#7649=CARTESIAN_POINT('',(3.429795897113,-4.22,1.35));
#7650=CARTESIAN_POINT('',(3.429795897113,-4.22,1.35));
#7651=CARTESIAN_POINT('',(3.429795897113,-2.43,1.35));
#7652=CARTESIAN_POINT('Origin',(2.45,-5.023748043984,0.35));
#7653=CARTESIAN_POINT('Origin',(2.45,-5.527496087967,0.35));
#7654=CARTESIAN_POINT('',(3.824772708487,-4.52,-0.65));
#7655=CARTESIAN_POINT('Ctrl Pts',(2.85000000000454,-5.30611271011824,-0.649999999999999));
#7656=CARTESIAN_POINT('Ctrl Pts',(3.22805180980246,-5.12893786257502,-0.65));
#7657=CARTESIAN_POINT('Ctrl Pts',(3.824772708487,-4.52,-0.65));
#7658=CARTESIAN_POINT('Origin',(2.45,-4.52,0.35));
#7659=CARTESIAN_POINT('Origin',(2.45,-2.263,0.35));
#7660=CARTESIAN_POINT('',(3.824772708487,-4.22,-0.65));
#7661=CARTESIAN_POINT('',(3.824772708487,-4.22,-0.65));
#7662=CARTESIAN_POINT('Origin',(2.45,-4.22,0.35));
#7663=CARTESIAN_POINT('Origin',(2.45,-4.22,0.35));
#7664=CARTESIAN_POINT('',(3.429795897113,-4.22,-0.65));
#7665=CARTESIAN_POINT('',(3.429795897113,-4.22,-0.65));
#7666=CARTESIAN_POINT('Origin',(2.45,-4.22,0.35));
#7667=CARTESIAN_POINT('Origin',(2.45,-2.263,0.35));
#7668=CARTESIAN_POINT('',(3.429795897113,-2.43,-0.65));
#7669=CARTESIAN_POINT('Origin',(4.15,-2.43,-0.65));
#7670=CARTESIAN_POINT('Ctrl Pts',(2.62746340762199,-5.77000000000073,0.708478366089221));
#7671=CARTESIAN_POINT('Ctrl Pts',(2.84999999999999,-5.77000000000049,0.598312437711639));
#7672=CARTESIAN_POINT('Ctrl Pts',(2.85,-5.77000000000044,0.349999999999577));
#7673=CARTESIAN_POINT('Ctrl Pts',(2.85000000000001,-5.7700000000004,0.101687562287541));
#7674=CARTESIAN_POINT('Ctrl Pts',(2.62746340762204,-5.77000000000059,-0.00847836609004324));
#7675=CARTESIAN_POINT('Ctrl Pts',(2.76473950993584,-5.7699999999999,0.985777858534437));
#7676=CARTESIAN_POINT('Ctrl Pts',(3.15941838467817,-5.76999999999948,0.79039352114352));
#7677=CARTESIAN_POINT('Ctrl Pts',(3.15941838467818,-5.7699999999994,0.349999999999577));
#7678=CARTESIAN_POINT('Ctrl Pts',(3.1594183846782,-5.76999999999931,-0.0903935211443193));
#7679=CARTESIAN_POINT('Ctrl Pts',(2.76473950993592,-5.76999999999966,-0.285777858535242));
#7680=CARTESIAN_POINT('Ctrl Pts',(2.85000000000009,-5.52749608796698,1.15800514516344));
#7681=CARTESIAN_POINT('Ctrl Pts',(3.35159431820137,-5.52749608796644,0.909692707451157));
#7682=CARTESIAN_POINT('Ctrl Pts',(3.35159431820139,-5.52749608796634,0.349999999999624));
#7683=CARTESIAN_POINT('Ctrl Pts',(3.35159431820141,-5.52749608796623,-0.209692707451851));
#7684=CARTESIAN_POINT('Ctrl Pts',(2.85000000000019,-5.52749608796667,-0.458005145164137));
#7685=CARTESIAN_POINT('Origin',(3.85,-1.93,4.1));
#7686=CARTESIAN_POINT('',(3.85,-1.93,4.1));
#7687=CARTESIAN_POINT('Origin',(3.85,-1.93,-3.1));
#7688=CARTESIAN_POINT('Origin',(6.465,-3.0305,1.45));
#7689=CARTESIAN_POINT('',(6.465,-1.93,1.45));
#7690=CARTESIAN_POINT('Origin',(6.865,-3.0305,1.45));
#7691=CARTESIAN_POINT('Origin',(-6.465,-3.0305,-3.1));
#7692=CARTESIAN_POINT('',(-6.465,-1.93,1.45));
#7693=CARTESIAN_POINT('Origin',(-6.465,-3.0305,1.45));
#7694=CARTESIAN_POINT('',(-6.865,-1.93,1.45));
#7695=CARTESIAN_POINT('Origin',(-6.865,1.93,-4.95));
#7696=CARTESIAN_POINT('',(-6.865,1.27,-4.95));
#7697=CARTESIAN_POINT('',(-6.865,1.27,-4.28));
#7698=CARTESIAN_POINT('',(-6.865,1.93,-4.95));
#7699=CARTESIAN_POINT('',(-6.865,1.27,-4.95));
#7700=CARTESIAN_POINT('',(-6.865,1.93,-3.25));
#7701=CARTESIAN_POINT('',(-6.865,1.93,-4.95));
#7702=CARTESIAN_POINT('',(-6.865,1.93,-3.25));
#7703=CARTESIAN_POINT('',(-6.865,-1.93,-3.1));
#7704=CARTESIAN_POINT('Origin',(-7.345,-1.68,0.925));
#7705=CARTESIAN_POINT('',(-6.865,-1.93,4.51));
#7706=CARTESIAN_POINT('Origin',(-7.125,0.,4.25));
#7707=CARTESIAN_POINT('',(-6.425,1.25,4.95));
#7708=CARTESIAN_POINT('',(-7.825,1.25,3.55));
#7709=CARTESIAN_POINT('',(-6.425,1.93,4.95));
#7710=CARTESIAN_POINT('',(-6.425,1.25,4.95));
#7711=CARTESIAN_POINT('',(-7.825,1.93,3.55));
#7712=CARTESIAN_POINT('Origin',(-7.125,0.,4.25));
#7713=CARTESIAN_POINT('',(-6.425,-0.75,4.95));
#7714=CARTESIAN_POINT('',(-7.825,-0.75,3.55));
#7715=CARTESIAN_POINT('',(-6.425,-1.93,4.95));
#7716=CARTESIAN_POINT('Origin',(-7.825,1.25,-4.95));
#7717=CARTESIAN_POINT('',(6.425,1.25,3.55));
#7718=CARTESIAN_POINT('',(7.825,1.25,3.55));
#7719=CARTESIAN_POINT('',(6.425,1.25,4.95));
#7720=CARTESIAN_POINT('',(7.825,1.25,3.55));
#7721=CARTESIAN_POINT('',(6.425,1.25,3.55));
#7722=CARTESIAN_POINT('Origin',(-7.825,1.25,-4.95));
#7723=CARTESIAN_POINT('',(-6.425,1.25,3.55));
#7724=CARTESIAN_POINT('',(-6.425,1.25,4.95));
#7725=CARTESIAN_POINT('',(-6.425,1.25,3.55));
#7726=CARTESIAN_POINT('Origin',(7.825,1.25,3.55));
#7727=CARTESIAN_POINT('',(6.425,-0.75,3.55));
#7728=CARTESIAN_POINT('',(6.425,1.25,3.55));
#7729=CARTESIAN_POINT('',(7.825,-0.75,3.55));
#7730=CARTESIAN_POINT('Origin',(-7.825,-0.75,-4.95));
#7731=CARTESIAN_POINT('',(6.425,-0.75,4.95));
#7732=CARTESIAN_POINT('',(6.425,-0.75,3.55));
#7733=CARTESIAN_POINT('',(7.825,-0.75,3.55));
#7734=CARTESIAN_POINT('Origin',(-7.825,-0.75,-4.95));
#7735=CARTESIAN_POINT('',(-6.425,-0.75,3.55));
#7736=CARTESIAN_POINT('',(-6.425,-0.75,4.95));
#7737=CARTESIAN_POINT('',(-6.425,-0.75,3.55));
#7738=CARTESIAN_POINT('Origin',(7.125,0.,4.25));
#7739=CARTESIAN_POINT('',(6.425,1.93,4.95));
#7740=CARTESIAN_POINT('',(6.425,1.93,4.95));
#7741=CARTESIAN_POINT('',(6.425,1.93,4.95));
#7742=CARTESIAN_POINT('Origin',(7.125,0.,4.25));
#7743=CARTESIAN_POINT('',(6.425,-0.75,4.95));
#7744=CARTESIAN_POINT('Origin',(-7.825,1.93,4.95));
#7745=CARTESIAN_POINT('',(6.425,-0.75,4.95));
#7746=CARTESIAN_POINT('',(-6.425,1.93,4.95));
#7747=CARTESIAN_POINT('',(-6.425,-0.75,4.95));
#7748=CARTESIAN_POINT('',(-3.23,-1.27,4.95));
#7749=CARTESIAN_POINT('',(-5.07,-1.27,4.95));
#7750=CARTESIAN_POINT('',(-3.23,-1.27,4.95));
#7751=CARTESIAN_POINT('',(-5.77,-0.57,4.95));
#7752=CARTESIAN_POINT('',(-5.07,-1.27,4.95));
#7753=CARTESIAN_POINT('',(-5.77,1.27,4.95));
#7754=CARTESIAN_POINT('',(-5.77,-0.57,4.95));
#7755=CARTESIAN_POINT('',(-3.23,1.27,4.95));
#7756=CARTESIAN_POINT('',(-5.77,1.27,4.95));
#7757=CARTESIAN_POINT('',(-3.23,1.27,4.95));
#7758=CARTESIAN_POINT('',(2.07,-1.27,4.95));
#7759=CARTESIAN_POINT('',(0.23,-1.27,4.95));
#7760=CARTESIAN_POINT('',(2.07,-1.27,4.95));
#7761=CARTESIAN_POINT('',(0.23,1.27,4.95));
#7762=CARTESIAN_POINT('',(0.23,-1.27,4.95));
#7763=CARTESIAN_POINT('',(2.77,1.27,4.95));
#7764=CARTESIAN_POINT('',(0.23,1.27,4.95));
#7765=CARTESIAN_POINT('',(2.77,-0.57,4.95));
#7766=CARTESIAN_POINT('',(2.77,1.27,4.95));
#7767=CARTESIAN_POINT('',(2.77,-0.57,4.95));
#7768=CARTESIAN_POINT('',(5.07,-1.27,4.95));
#7769=CARTESIAN_POINT('',(3.23,-1.27,4.95));
#7770=CARTESIAN_POINT('',(5.07,-1.27,4.95));
#7771=CARTESIAN_POINT('',(3.23,1.27,4.95));
#7772=CARTESIAN_POINT('',(3.23,-1.27,4.95));
#7773=CARTESIAN_POINT('',(5.77,1.27,4.95));
#7774=CARTESIAN_POINT('',(3.23,1.27,4.95));
#7775=CARTESIAN_POINT('',(5.77,-0.57,4.95));
#7776=CARTESIAN_POINT('',(5.77,1.27,4.95));
#7777=CARTESIAN_POINT('',(5.77,-0.57,4.95));
#7778=CARTESIAN_POINT('',(-0.23,-1.27,4.95));
#7779=CARTESIAN_POINT('',(-2.77,-1.27,4.95));
#7780=CARTESIAN_POINT('',(-0.23,-1.27,4.95));
#7781=CARTESIAN_POINT('',(-2.77,1.27,4.95));
#7782=CARTESIAN_POINT('',(-2.77,-1.27,4.95));
#7783=CARTESIAN_POINT('',(-0.23,1.27,4.95));
#7784=CARTESIAN_POINT('',(-2.77,1.27,4.95));
#7785=CARTESIAN_POINT('',(-0.23,1.27,4.95));
#7786=CARTESIAN_POINT('Origin',(6.425,1.25,3.55));
#7787=CARTESIAN_POINT('Origin',(-6.425,1.25,4.95));
#7788=CARTESIAN_POINT('',(-6.425,1.25,3.55));
#7789=CARTESIAN_POINT('Origin',(-6.425,1.25,3.55));
#7790=CARTESIAN_POINT('Origin',(-7.825,1.93,-4.95));
#7791=CARTESIAN_POINT('',(-6.465,1.93,-4.95));
#7792=CARTESIAN_POINT('',(-6.465,1.93,-4.95));
#7793=CARTESIAN_POINT('',(-6.465,1.93,-3.25));
#7794=CARTESIAN_POINT('',(-6.465,1.93,-4.95));
#7795=CARTESIAN_POINT('',(-6.865,1.93,-3.25));
#7796=CARTESIAN_POINT('',(-7.825,1.93,-4.95));
#7797=CARTESIAN_POINT('',(6.865,1.93,-4.95));
#7798=CARTESIAN_POINT('',(6.465,1.93,-4.95));
#7799=CARTESIAN_POINT('',(6.465,1.93,-4.95));
#7800=CARTESIAN_POINT('',(4.82,1.93,-4.95));
#7801=CARTESIAN_POINT('',(4.82,1.93,-4.95));
#7802=CARTESIAN_POINT('',(4.82,1.93,-3.6));
#7803=CARTESIAN_POINT('',(4.82,1.93,-4.95));
#7804=CARTESIAN_POINT('',(4.18,1.93,-3.6));
#7805=CARTESIAN_POINT('',(4.18,1.93,-3.6));
#7806=CARTESIAN_POINT('',(4.18,1.93,-4.95));
#7807=CARTESIAN_POINT('',(4.18,1.93,-4.95));
#7808=CARTESIAN_POINT('',(1.82,1.93,-4.95));
#7809=CARTESIAN_POINT('',(1.82,1.93,-4.95));
#7810=CARTESIAN_POINT('',(1.82,1.93,-3.6));
#7811=CARTESIAN_POINT('',(1.82,1.93,-4.95));
#7812=CARTESIAN_POINT('',(1.18,1.93,-3.6));
#7813=CARTESIAN_POINT('',(1.18,1.93,-3.6));
#7814=CARTESIAN_POINT('',(1.18,1.93,-4.95));
#7815=CARTESIAN_POINT('',(1.18,1.93,-4.95));
#7816=CARTESIAN_POINT('',(-1.18,1.93,-4.95));
#7817=CARTESIAN_POINT('',(-1.18,1.93,-4.95));
#7818=CARTESIAN_POINT('',(-1.18,1.93,-3.6));
#7819=CARTESIAN_POINT('',(-1.18,1.93,-4.95));
#7820=CARTESIAN_POINT('',(-1.82,1.93,-3.6));
#7821=CARTESIAN_POINT('',(-1.82,1.93,-3.6));
#7822=CARTESIAN_POINT('',(-1.82,1.93,-4.95));
#7823=CARTESIAN_POINT('',(-1.82,1.93,-4.95));
#7824=CARTESIAN_POINT('',(-4.18,1.93,-4.95));
#7825=CARTESIAN_POINT('',(-4.18,1.93,-4.95));
#7826=CARTESIAN_POINT('',(-4.18,1.93,-3.6));
#7827=CARTESIAN_POINT('',(-4.18,1.93,-4.95));
#7828=CARTESIAN_POINT('',(-4.82,1.93,-3.6));
#7829=CARTESIAN_POINT('Origin',(-4.82,1.93,-3.6));
#7830=CARTESIAN_POINT('',(-4.18,1.055,-3.6));
#7831=CARTESIAN_POINT('',(-4.82,1.055,-3.6));
#7832=CARTESIAN_POINT('',(-4.18,1.93,-3.6));
#7833=CARTESIAN_POINT('Origin',(-4.82,1.93,-3.6));
#7834=CARTESIAN_POINT('',(-4.18,-0.32,-3.6));
#7835=CARTESIAN_POINT('',(-4.82,-0.32,-3.6));
#7836=CARTESIAN_POINT('',(-4.18,-0.32,-3.6));
#7837=CARTESIAN_POINT('Origin',(-4.18,1.055,-4.27));
#7838=CARTESIAN_POINT('',(-4.18,1.055,-3.6));
#7839=CARTESIAN_POINT('Origin',(-4.18,1.93,-3.6));
#7840=CARTESIAN_POINT('Origin',(-4.18,1.93,-3.6));
#7841=CARTESIAN_POINT('',(-4.18,1.27,-4.95));
#7842=CARTESIAN_POINT('',(-4.18,1.27,-4.95));
#7843=CARTESIAN_POINT('',(-4.18,1.27,-4.28));
#7844=CARTESIAN_POINT('Origin',(-4.18,1.93,-3.6));
#7845=CARTESIAN_POINT('',(-4.18,-0.32,-3.6));
#7846=CARTESIAN_POINT('Origin',(-7.825,1.27,-4.28));
#7847=CARTESIAN_POINT('',(6.865,1.27,-4.95));
#7848=CARTESIAN_POINT('Origin',(-7.825,1.27,-4.28));
#7849=CARTESIAN_POINT('',(-7.825,1.27,-4.95));
#7850=CARTESIAN_POINT('Origin',(-7.825,1.27,-4.28));
#7851=CARTESIAN_POINT('',(4.82,1.27,-4.95));
#7852=CARTESIAN_POINT('',(4.82,1.27,-4.28));
#7853=CARTESIAN_POINT('',(6.465,1.27,-4.95));
#7854=CARTESIAN_POINT('',(4.82,1.27,-4.95));
#7855=CARTESIAN_POINT('',(6.465,1.27,-4.28));
#7856=CARTESIAN_POINT('Origin',(-7.825,1.27,-4.28));
#7857=CARTESIAN_POINT('',(1.82,1.27,-4.95));
#7858=CARTESIAN_POINT('',(1.82,1.27,-4.28));
#7859=CARTESIAN_POINT('',(4.18,1.27,-4.95));
#7860=CARTESIAN_POINT('',(1.82,1.27,-4.95));
#7861=CARTESIAN_POINT('',(4.18,1.27,-4.28));
#7862=CARTESIAN_POINT('Origin',(-7.825,1.27,-4.28));
#7863=CARTESIAN_POINT('',(-1.18,1.27,-4.95));
#7864=CARTESIAN_POINT('',(-1.18,1.27,-4.28));
#7865=CARTESIAN_POINT('',(1.18,1.27,-4.95));
#7866=CARTESIAN_POINT('',(-1.18,1.27,-4.95));
#7867=CARTESIAN_POINT('',(1.18,1.27,-4.28));
#7868=CARTESIAN_POINT('Origin',(-7.825,1.27,-4.28));
#7869=CARTESIAN_POINT('',(-6.465,1.27,-4.95));
#7870=CARTESIAN_POINT('',(-6.465,1.27,-4.28));
#7871=CARTESIAN_POINT('',(-6.465,1.27,-4.95));
#7872=CARTESIAN_POINT('Origin',(-7.825,1.27,-4.28));
#7873=CARTESIAN_POINT('',(-1.82,1.27,-4.95));
#7874=CARTESIAN_POINT('',(-4.18,1.27,-4.95));
#7875=CARTESIAN_POINT('',(-1.82,1.27,-4.28));
#7876=CARTESIAN_POINT('Origin',(-7.825,1.27,-4.95));
#7877=CARTESIAN_POINT('Origin',(-7.825,1.27,-4.95));
#7878=CARTESIAN_POINT('Origin',(-7.825,1.27,-4.95));
#7879=CARTESIAN_POINT('',(4.82,1.27,-4.95));
#7880=CARTESIAN_POINT('',(6.465,1.27,-4.95));
#7881=CARTESIAN_POINT('Origin',(-7.825,1.27,-4.95));
#7882=CARTESIAN_POINT('',(1.82,1.27,-4.95));
#7883=CARTESIAN_POINT('',(4.18,1.27,-4.95));
#7884=CARTESIAN_POINT('Origin',(-7.825,1.27,-4.95));
#7885=CARTESIAN_POINT('',(-1.18,1.27,-4.95));
#7886=CARTESIAN_POINT('',(1.18,1.27,-4.95));
#7887=CARTESIAN_POINT('Origin',(-7.825,1.27,-4.95));
#7888=CARTESIAN_POINT('',(-6.465,1.27,-4.95));
#7889=CARTESIAN_POINT('Origin',(-7.825,1.27,-4.95));
#7890=CARTESIAN_POINT('',(-1.82,1.27,-4.95));
#7891=CARTESIAN_POINT('Origin',(4.82,1.93,-3.6));
#7892=CARTESIAN_POINT('',(4.82,1.055,-3.6));
#7893=CARTESIAN_POINT('',(4.82,1.93,-3.6));
#7894=CARTESIAN_POINT('',(4.82,1.055,-4.27));
#7895=CARTESIAN_POINT('',(4.82,0.875,-4.27));
#7896=CARTESIAN_POINT('',(4.82,1.055,-3.6));
#7897=CARTESIAN_POINT('Origin',(4.82,1.93,-3.6));
#7898=CARTESIAN_POINT('',(4.82,-1.68,-4.27));
#7899=CARTESIAN_POINT('Origin',(4.82,1.93,-3.6));
#7900=CARTESIAN_POINT('',(4.82,-0.32,-3.6));
#7901=CARTESIAN_POINT('',(4.82,-0.32,-3.63));
#7902=CARTESIAN_POINT('',(4.82,-0.32,-3.6));
#7903=CARTESIAN_POINT('',(4.82,-1.68,-3.63));
#7904=CARTESIAN_POINT('',(4.82,-0.32,-3.6));
#7905=CARTESIAN_POINT('Origin',(4.18,1.93,-3.6));
#7906=CARTESIAN_POINT('',(4.18,1.055,-3.6));
#7907=CARTESIAN_POINT('',(4.18,1.93,-3.6));
#7908=CARTESIAN_POINT('',(4.18,1.055,-3.6));
#7909=CARTESIAN_POINT('Origin',(4.18,1.93,-3.6));
#7910=CARTESIAN_POINT('',(4.18,-0.32,-3.6));
#7911=CARTESIAN_POINT('',(4.18,-0.32,-3.6));
#7912=CARTESIAN_POINT('',(4.18,-0.32,-3.6));
#7913=CARTESIAN_POINT('Origin',(4.18,1.93,-4.95));
#7914=CARTESIAN_POINT('',(4.18,1.055,-4.27));
#7915=CARTESIAN_POINT('',(4.18,1.055,-3.6));
#7916=CARTESIAN_POINT('',(4.18,0.875,-4.27));
#7917=CARTESIAN_POINT('Origin',(4.18,1.93,-4.95));
#7918=CARTESIAN_POINT('',(4.18,-1.68,-4.27));
#7919=CARTESIAN_POINT('Origin',(4.18,1.93,-4.95));
#7920=CARTESIAN_POINT('',(4.18,-0.32,-3.63));
#7921=CARTESIAN_POINT('',(4.18,-0.32,-3.6));
#7922=CARTESIAN_POINT('',(4.18,-1.68,-3.63));
#7923=CARTESIAN_POINT('Origin',(4.82,-5.65,-4.27));
#7924=CARTESIAN_POINT('',(4.82,-5.25,-4.27));
#7925=CARTESIAN_POINT('',(4.18,-5.25,-4.27));
#7926=CARTESIAN_POINT('',(4.82,-5.25,-4.27));
#7927=CARTESIAN_POINT('',(4.18,-5.25,-4.27));
#7928=CARTESIAN_POINT('',(4.18,-0.875,-4.27));
#7929=CARTESIAN_POINT('',(4.82,1.055,-4.27));
#7930=CARTESIAN_POINT('',(4.82,-0.875,-4.27));
#7931=CARTESIAN_POINT('',(4.82,-5.25,-4.27));
#7932=CARTESIAN_POINT('Origin',(4.5,-5.45,-4.195));
#7933=CARTESIAN_POINT('',(4.67,-5.65,-4.12));
#7934=CARTESIAN_POINT('',(4.82,-5.25,-4.27));
#7935=CARTESIAN_POINT('',(4.33,-5.65,-4.12));
#7936=CARTESIAN_POINT('',(4.67,-5.65,-4.12));
#7937=CARTESIAN_POINT('',(4.33,-5.65,-4.12));
#7938=CARTESIAN_POINT('Origin',(4.745,-5.45,-3.95));
#7939=CARTESIAN_POINT('',(4.67,-5.65,-3.78));
#7940=CARTESIAN_POINT('',(4.82,-5.25,-3.63));
#7941=CARTESIAN_POINT('',(4.67,-5.65,-3.78));
#7942=CARTESIAN_POINT('',(4.67,-5.65,-3.78));
#7943=CARTESIAN_POINT('',(4.82,-5.25,-3.63));
#7944=CARTESIAN_POINT('Origin',(4.5,-5.45,-3.705));
#7945=CARTESIAN_POINT('',(4.18,-5.25,-3.63));
#7946=CARTESIAN_POINT('',(4.82,-5.25,-3.63));
#7947=CARTESIAN_POINT('',(4.33,-5.65,-3.78));
#7948=CARTESIAN_POINT('',(4.18,-5.25,-3.63));
#7949=CARTESIAN_POINT('',(4.67,-5.65,-3.78));
#7950=CARTESIAN_POINT('Origin',(4.82,-5.65,-3.63));
#7951=CARTESIAN_POINT('',(4.33,-5.65,-4.12));
#7952=CARTESIAN_POINT('Origin',(4.255,-5.45,-3.95));
#7953=CARTESIAN_POINT('',(4.18,-5.25,-4.27));
#7954=CARTESIAN_POINT('Origin',(4.18,0.,0.));
#7955=CARTESIAN_POINT('Origin',(4.18,0.,0.));
#7956=CARTESIAN_POINT('',(4.18,-1.68,-3.63));
#7957=CARTESIAN_POINT('Origin',(4.18,0.,0.));
#7958=CARTESIAN_POINT('',(4.18,-0.32,2.15));
#7959=CARTESIAN_POINT('',(4.18,0.32,2.15));
#7960=CARTESIAN_POINT('',(4.18,-0.32,2.15));
#7961=CARTESIAN_POINT('',(4.18,0.32,-1.65));
#7962=CARTESIAN_POINT('',(4.18,0.32,-1.65));
#7963=CARTESIAN_POINT('',(4.18,-0.32,-1.65));
#7964=CARTESIAN_POINT('',(4.18,-0.32,-1.65));
#7965=CARTESIAN_POINT('',(4.18,-0.32,2.15));
#7966=CARTESIAN_POINT('Origin',(4.82,-0.32,-3.63));
#7967=CARTESIAN_POINT('',(4.82,-1.68,-3.63));
#7968=CARTESIAN_POINT('',(4.82,-0.32,-3.63));
#7969=CARTESIAN_POINT('Origin',(4.82,-0.32,2.55));
#7970=CARTESIAN_POINT('Origin',(4.82,-0.32,2.55));
#7971=CARTESIAN_POINT('',(4.82,-0.32,2.15));
#7972=CARTESIAN_POINT('',(4.82,-0.32,2.15));
#7973=CARTESIAN_POINT('',(4.82,-0.32,-1.65));
#7974=CARTESIAN_POINT('',(4.18,-0.32,-1.65));
#7975=CARTESIAN_POINT('',(4.82,-0.32,2.15));
#7976=CARTESIAN_POINT('Origin',(4.5,-0.245,2.35));
#7977=CARTESIAN_POINT('',(4.67,-0.17,2.55));
#7978=CARTESIAN_POINT('',(4.33,-0.17,2.55));
#7979=CARTESIAN_POINT('',(4.67,-0.17,2.55));
#7980=CARTESIAN_POINT('',(4.33,-0.17,2.55));
#7981=CARTESIAN_POINT('',(4.82,-0.32,2.15));
#7982=CARTESIAN_POINT('Origin',(4.82,0.32,2.55));
#7983=CARTESIAN_POINT('',(4.67,0.17,2.55));
#7984=CARTESIAN_POINT('',(4.67,0.17,2.55));
#7985=CARTESIAN_POINT('',(4.33,0.17,2.55));
#7986=CARTESIAN_POINT('',(4.67,0.17,2.55));
#7987=CARTESIAN_POINT('',(4.33,-0.17,2.55));
#7988=CARTESIAN_POINT('Origin',(4.255,0.,2.35));
#7989=CARTESIAN_POINT('',(4.33,0.17,2.55));
#7990=CARTESIAN_POINT('Origin',(4.5,0.245,2.35));
#7991=CARTESIAN_POINT('',(4.82,0.32,2.15));
#7992=CARTESIAN_POINT('',(4.82,0.32,2.15));
#7993=CARTESIAN_POINT('',(4.67,0.17,2.55));
#7994=CARTESIAN_POINT('Origin',(4.82,0.32,-2.45));
#7995=CARTESIAN_POINT('',(4.82,0.32,-1.65));
#7996=CARTESIAN_POINT('',(4.82,0.32,-1.65));
#7997=CARTESIAN_POINT('',(4.18,0.32,-1.65));
#7998=CARTESIAN_POINT('Origin',(7.825,1.93,-1.65));
#7999=CARTESIAN_POINT('',(-3.23,1.27,-1.65));
#8000=CARTESIAN_POINT('',(-3.23,-1.27,-1.65));
#8001=CARTESIAN_POINT('',(-3.23,1.27,-1.65));
#8002=CARTESIAN_POINT('',(-5.77,1.27,-1.65));
#8003=CARTESIAN_POINT('',(-5.77,1.27,-1.65));
#8004=CARTESIAN_POINT('',(-5.77,-0.57,-1.65));
#8005=CARTESIAN_POINT('',(-5.77,-0.57,-1.65));
#8006=CARTESIAN_POINT('',(-5.07,-1.27,-1.65));
#8007=CARTESIAN_POINT('',(-5.07,-1.27,-1.65));
#8008=CARTESIAN_POINT('',(-3.23,-1.27,-1.65));
#8009=CARTESIAN_POINT('',(-4.82,-0.32,-1.65));
#8010=CARTESIAN_POINT('',(-4.82,0.32,-1.65));
#8011=CARTESIAN_POINT('Origin',(7.825,1.93,-1.65));
#8012=CARTESIAN_POINT('',(-0.23,-1.27,-1.65));
#8013=CARTESIAN_POINT('',(-2.77,-1.27,-1.65));
#8014=CARTESIAN_POINT('',(-0.23,-1.27,-1.65));
#8015=CARTESIAN_POINT('',(-0.23,1.27,-1.65));
#8016=CARTESIAN_POINT('',(-0.23,1.27,-1.65));
#8017=CARTESIAN_POINT('',(-2.77,1.27,-1.65));
#8018=CARTESIAN_POINT('',(-2.77,1.27,-1.65));
#8019=CARTESIAN_POINT('',(-2.77,-1.27,-1.65));
#8020=CARTESIAN_POINT('',(-1.18,-0.32,-1.65));
#8021=CARTESIAN_POINT('',(-1.18,0.32,-1.65));
#8022=CARTESIAN_POINT('',(-1.18,-0.32,-1.65));
#8023=CARTESIAN_POINT('',(-1.82,-0.32,-1.65));
#8024=CARTESIAN_POINT('',(-1.82,-0.32,-1.65));
#8025=CARTESIAN_POINT('',(-1.82,0.32,-1.65));
#8026=CARTESIAN_POINT('',(-1.82,-0.32,-1.65));
#8027=CARTESIAN_POINT('',(-1.82,0.32,-1.65));
#8028=CARTESIAN_POINT('Origin',(7.825,1.93,-1.65));
#8029=CARTESIAN_POINT('',(2.07,-1.27,-1.65));
#8030=CARTESIAN_POINT('',(0.23,-1.27,-1.65));
#8031=CARTESIAN_POINT('',(2.07,-1.27,-1.65));
#8032=CARTESIAN_POINT('',(2.77,-0.57,-1.65));
#8033=CARTESIAN_POINT('',(2.77,-0.57,-1.65));
#8034=CARTESIAN_POINT('',(2.77,1.27,-1.65));
#8035=CARTESIAN_POINT('',(2.77,1.27,-1.65));
#8036=CARTESIAN_POINT('',(0.23,1.27,-1.65));
#8037=CARTESIAN_POINT('',(0.23,1.27,-1.65));
#8038=CARTESIAN_POINT('',(0.23,-1.27,-1.65));
#8039=CARTESIAN_POINT('',(1.18,-0.32,-1.65));
#8040=CARTESIAN_POINT('',(1.18,0.32,-1.65));
#8041=CARTESIAN_POINT('Origin',(7.825,1.93,-1.65));
#8042=CARTESIAN_POINT('',(5.07,-1.27,-1.65));
#8043=CARTESIAN_POINT('',(3.23,-1.27,-1.65));
#8044=CARTESIAN_POINT('',(5.07,-1.27,-1.65));
#8045=CARTESIAN_POINT('',(5.77,-0.57,-1.65));
#8046=CARTESIAN_POINT('',(5.77,-0.57,-1.65));
#8047=CARTESIAN_POINT('',(5.77,1.27,-1.65));
#8048=CARTESIAN_POINT('',(5.77,1.27,-1.65));
#8049=CARTESIAN_POINT('',(3.23,1.27,-1.65));
#8050=CARTESIAN_POINT('',(3.23,1.27,-1.65));
#8051=CARTESIAN_POINT('',(3.23,-1.27,-1.65));
#8052=CARTESIAN_POINT('',(4.82,-0.32,-1.65));
#8053=CARTESIAN_POINT('Origin',(-3.23,1.27,4.95));
#8054=CARTESIAN_POINT('',(-3.23,1.27,4.95));
#8055=CARTESIAN_POINT('',(-3.23,-1.27,4.95));
#8056=CARTESIAN_POINT('Origin',(-3.23,-1.27,4.95));
#8057=CARTESIAN_POINT('',(-5.07,-1.27,4.95));
#8058=CARTESIAN_POINT('Origin',(-5.07,-1.27,4.95));
#8059=CARTESIAN_POINT('',(-5.77,-0.57,4.95));
#8060=CARTESIAN_POINT('Origin',(-5.77,-0.57,4.95));
#8061=CARTESIAN_POINT('',(-5.77,1.27,4.95));
#8062=CARTESIAN_POINT('Origin',(-5.77,1.27,4.95));
#8063=CARTESIAN_POINT('Origin',(-0.23,-1.27,4.95));
#8064=CARTESIAN_POINT('',(-0.23,-1.27,4.95));
#8065=CARTESIAN_POINT('',(-2.77,-1.27,4.95));
#8066=CARTESIAN_POINT('Origin',(-2.77,-1.27,4.95));
#8067=CARTESIAN_POINT('',(-2.77,1.27,4.95));
#8068=CARTESIAN_POINT('Origin',(-2.77,1.27,4.95));
#8069=CARTESIAN_POINT('',(-0.23,1.27,4.95));
#8070=CARTESIAN_POINT('Origin',(-0.23,1.27,4.95));
#8071=CARTESIAN_POINT('Origin',(2.07,-1.27,4.95));
#8072=CARTESIAN_POINT('',(2.07,-1.27,4.95));
#8073=CARTESIAN_POINT('',(0.23,-1.27,4.95));
#8074=CARTESIAN_POINT('Origin',(0.23,-1.27,4.95));
#8075=CARTESIAN_POINT('',(0.23,1.27,4.95));
#8076=CARTESIAN_POINT('Origin',(0.23,1.27,4.95));
#8077=CARTESIAN_POINT('',(2.77,1.27,4.95));
#8078=CARTESIAN_POINT('Origin',(2.77,1.27,4.95));
#8079=CARTESIAN_POINT('',(2.77,-0.57,4.95));
#8080=CARTESIAN_POINT('Origin',(2.77,-0.57,4.95));
#8081=CARTESIAN_POINT('Origin',(5.07,-1.27,4.95));
#8082=CARTESIAN_POINT('',(5.07,-1.27,4.95));
#8083=CARTESIAN_POINT('',(3.23,-1.27,4.95));
#8084=CARTESIAN_POINT('Origin',(3.23,-1.27,4.95));
#8085=CARTESIAN_POINT('',(3.23,1.27,4.95));
#8086=CARTESIAN_POINT('Origin',(3.23,1.27,4.95));
#8087=CARTESIAN_POINT('',(5.77,1.27,4.95));
#8088=CARTESIAN_POINT('Origin',(5.77,1.27,4.95));
#8089=CARTESIAN_POINT('',(5.77,-0.57,4.95));
#8090=CARTESIAN_POINT('Origin',(5.77,-0.57,4.95));
#8091=CARTESIAN_POINT('Origin',(4.82,0.,0.));
#8092=CARTESIAN_POINT('Origin',(4.82,0.,0.));
#8093=CARTESIAN_POINT('Origin',(4.82,0.,0.));
#8094=CARTESIAN_POINT('',(4.82,0.32,2.15));
#8095=CARTESIAN_POINT('Origin',(4.745,0.,2.35));
#8096=CARTESIAN_POINT('Origin',(1.82,0.32,-2.45));
#8097=CARTESIAN_POINT('',(1.82,0.32,2.15));
#8098=CARTESIAN_POINT('Origin',(1.5,0.245,2.35));
#8099=CARTESIAN_POINT('',(1.33,0.17,2.55));
#8100=CARTESIAN_POINT('',(1.33,0.17,2.55));
#8101=CARTESIAN_POINT('',(1.67,0.17,2.55));
#8102=CARTESIAN_POINT('',(1.67,0.17,2.55));
#8103=CARTESIAN_POINT('',(1.67,0.17,2.55));
#8104=CARTESIAN_POINT('Origin',(1.745,0.,2.35));
#8105=CARTESIAN_POINT('',(1.67,-0.17,2.55));
#8106=CARTESIAN_POINT('',(1.67,0.17,2.55));
#8107=CARTESIAN_POINT('',(1.82,-0.32,2.15));
#8108=CARTESIAN_POINT('Origin',(1.82,0.32,2.55));
#8109=CARTESIAN_POINT('',(1.33,-0.17,2.55));
#8110=CARTESIAN_POINT('',(1.67,-0.17,2.55));
#8111=CARTESIAN_POINT('',(1.33,-0.17,2.55));
#8112=CARTESIAN_POINT('Origin',(1.5,-0.245,2.35));
#8113=CARTESIAN_POINT('',(1.33,-0.17,2.55));
#8114=CARTESIAN_POINT('',(1.82,-0.32,2.15));
#8115=CARTESIAN_POINT('Origin',(1.82,-0.32,2.55));
#8116=CARTESIAN_POINT('',(1.18,-0.32,-3.6));
#8117=CARTESIAN_POINT('',(1.18,-0.32,-3.6));
#8118=CARTESIAN_POINT('',(1.82,-0.32,-3.6));
#8119=CARTESIAN_POINT('',(1.82,-0.32,-3.6));
#8120=CARTESIAN_POINT('',(1.18,-0.32,-3.6));
#8121=CARTESIAN_POINT('Origin',(1.82,-0.32,2.55));
#8122=CARTESIAN_POINT('Origin',(1.18,1.93,-4.95));
#8123=CARTESIAN_POINT('Origin',(1.18,1.93,-4.95));
#8124=CARTESIAN_POINT('',(1.18,1.055,-3.6));
#8125=CARTESIAN_POINT('',(1.18,1.055,-3.6));
#8126=CARTESIAN_POINT('',(1.18,1.93,-3.6));
#8127=CARTESIAN_POINT('Origin',(1.18,1.93,-4.95));
#8128=CARTESIAN_POINT('',(1.18,-0.32,-3.6));
#8129=CARTESIAN_POINT('Origin',(1.82,1.055,-4.27));
#8130=CARTESIAN_POINT('',(1.82,1.055,-3.6));
#8131=CARTESIAN_POINT('',(1.18,1.055,-3.6));
#8132=CARTESIAN_POINT('',(1.82,1.055,-3.6));
#8133=CARTESIAN_POINT('Origin',(1.82,1.93,-3.6));
#8134=CARTESIAN_POINT('Origin',(1.82,1.93,-3.6));
#8135=CARTESIAN_POINT('',(1.82,1.93,-3.6));
#8136=CARTESIAN_POINT('Origin',(1.82,1.93,-3.6));
#8137=CARTESIAN_POINT('',(1.82,-0.32,-3.6));
#8138=CARTESIAN_POINT('Origin',(1.18,1.93,-3.6));
#8139=CARTESIAN_POINT('Origin',(1.18,1.93,-3.6));
#8140=CARTESIAN_POINT('Origin',(1.255,0.,2.35));
#8141=CARTESIAN_POINT('Origin',(-1.18,0.,0.));
#8142=CARTESIAN_POINT('',(-1.18,-0.875,-4.27));
#8143=CARTESIAN_POINT('Origin',(-1.18,0.,0.));
#8144=CARTESIAN_POINT('',(-1.18,-5.25,-3.63));
#8145=CARTESIAN_POINT('',(-1.18,-5.25,-4.27));
#8146=CARTESIAN_POINT('',(-1.18,-5.25,-3.63));
#8147=CARTESIAN_POINT('',(-1.18,-5.25,-4.27));
#8148=CARTESIAN_POINT('',(-1.18,-1.68,-3.63));
#8149=CARTESIAN_POINT('Origin',(-1.18,0.,0.));
#8150=CARTESIAN_POINT('',(-1.18,0.32,2.15));
#8151=CARTESIAN_POINT('',(-1.18,-0.32,2.15));
#8152=CARTESIAN_POINT('',(-1.18,0.32,2.15));
#8153=CARTESIAN_POINT('',(-1.18,-0.32,2.15));
#8154=CARTESIAN_POINT('',(-1.18,0.32,-1.65));
#8155=CARTESIAN_POINT('Origin',(-1.18,-5.65,-4.27));
#8156=CARTESIAN_POINT('',(-1.82,-5.25,-4.27));
#8157=CARTESIAN_POINT('',(-1.18,-5.25,-4.27));
#8158=CARTESIAN_POINT('',(-1.82,-5.25,-4.27));
#8159=CARTESIAN_POINT('',(-1.82,-1.68,-4.27));
#8160=CARTESIAN_POINT('',(-1.82,-0.875,-4.27));
#8161=CARTESIAN_POINT('',(-1.82,1.055,-4.27));
#8162=CARTESIAN_POINT('',(-1.82,0.875,-4.27));
#8163=CARTESIAN_POINT('',(-1.18,1.055,-4.27));
#8164=CARTESIAN_POINT('',(-1.18,1.055,-4.27));
#8165=CARTESIAN_POINT('',(-1.18,0.875,-4.27));
#8166=CARTESIAN_POINT('',(-1.18,-1.68,-4.27));
#8167=CARTESIAN_POINT('Origin',(-1.5,-5.45,-4.195));
#8168=CARTESIAN_POINT('',(-1.33,-5.65,-4.12));
#8169=CARTESIAN_POINT('',(-1.67,-5.65,-4.12));
#8170=CARTESIAN_POINT('',(-1.33,-5.65,-4.12));
#8171=CARTESIAN_POINT('',(-1.67,-5.65,-4.12));
#8172=CARTESIAN_POINT('',(-1.18,-5.25,-4.27));
#8173=CARTESIAN_POINT('Origin',(-1.18,-5.65,-3.63));
#8174=CARTESIAN_POINT('',(-1.33,-5.65,-3.78));
#8175=CARTESIAN_POINT('',(-1.33,-5.65,-3.78));
#8176=CARTESIAN_POINT('',(-1.67,-5.65,-3.78));
#8177=CARTESIAN_POINT('',(-1.33,-5.65,-3.78));
#8178=CARTESIAN_POINT('',(-1.67,-5.65,-4.12));
#8179=CARTESIAN_POINT('Origin',(-1.745,-5.45,-3.95));
#8180=CARTESIAN_POINT('',(-1.82,-5.25,-3.63));
#8181=CARTESIAN_POINT('',(-1.82,-5.25,-3.63));
#8182=CARTESIAN_POINT('',(-1.82,-5.25,-4.27));
#8183=CARTESIAN_POINT('Origin',(-1.82,0.,0.));
#8184=CARTESIAN_POINT('Origin',(-1.82,0.,0.));
#8185=CARTESIAN_POINT('',(-1.82,-1.68,-3.63));
#8186=CARTESIAN_POINT('Origin',(-1.82,0.,0.));
#8187=CARTESIAN_POINT('',(-1.82,-0.32,2.15));
#8188=CARTESIAN_POINT('',(-1.82,0.32,2.15));
#8189=CARTESIAN_POINT('',(-1.82,-0.32,2.15));
#8190=CARTESIAN_POINT('',(-1.82,0.32,-1.65));
#8191=CARTESIAN_POINT('',(-1.82,-0.32,2.15));
#8192=CARTESIAN_POINT('Origin',(-1.18,-0.32,-3.63));
#8193=CARTESIAN_POINT('',(-1.18,-5.25,-3.63));
#8194=CARTESIAN_POINT('',(-1.18,-0.32,-3.63));
#8195=CARTESIAN_POINT('',(-1.18,-1.68,-3.63));
#8196=CARTESIAN_POINT('',(-1.82,-0.32,-3.63));
#8197=CARTESIAN_POINT('',(-1.18,-0.32,-3.63));
#8198=CARTESIAN_POINT('',(-1.82,-1.68,-3.63));
#8199=CARTESIAN_POINT('Origin',(-1.5,-5.45,-3.705));
#8200=CARTESIAN_POINT('',(-1.33,-5.65,-3.78));
#8201=CARTESIAN_POINT('Origin',(-1.255,-5.45,-3.95));
#8202=CARTESIAN_POINT('Origin',(-1.82,1.93,-4.95));
#8203=CARTESIAN_POINT('Origin',(-1.82,1.93,-4.95));
#8204=CARTESIAN_POINT('',(-1.82,1.055,-3.6));
#8205=CARTESIAN_POINT('',(-1.82,1.055,-3.6));
#8206=CARTESIAN_POINT('',(-1.82,1.93,-3.6));
#8207=CARTESIAN_POINT('Origin',(-1.82,1.93,-4.95));
#8208=CARTESIAN_POINT('',(-1.82,-0.32,-3.6));
#8209=CARTESIAN_POINT('',(-1.82,-0.32,-3.6));
#8210=CARTESIAN_POINT('',(-1.82,-0.32,-3.6));
#8211=CARTESIAN_POINT('Origin',(-1.18,1.055,-4.27));
#8212=CARTESIAN_POINT('',(-1.18,1.055,-3.6));
#8213=CARTESIAN_POINT('',(-1.82,1.055,-3.6));
#8214=CARTESIAN_POINT('',(-1.18,1.055,-3.6));
#8215=CARTESIAN_POINT('Origin',(-1.18,1.93,-3.6));
#8216=CARTESIAN_POINT('Origin',(-1.18,1.93,-3.6));
#8217=CARTESIAN_POINT('',(-1.18,1.93,-3.6));
#8218=CARTESIAN_POINT('Origin',(-1.18,1.93,-3.6));
#8219=CARTESIAN_POINT('',(-1.18,-0.32,-3.6));
#8220=CARTESIAN_POINT('',(-1.18,-0.32,-3.6));
#8221=CARTESIAN_POINT('',(-1.18,-0.32,-3.6));
#8222=CARTESIAN_POINT('Origin',(-1.82,1.93,-3.6));
#8223=CARTESIAN_POINT('Origin',(-1.82,1.93,-3.6));
#8224=CARTESIAN_POINT('',(-1.82,-0.32,-3.6));
#8225=CARTESIAN_POINT('Origin',(-1.18,-0.32,2.55));
#8226=CARTESIAN_POINT('Origin',(-1.18,-0.32,2.55));
#8227=CARTESIAN_POINT('',(-1.18,-0.32,2.15));
#8228=CARTESIAN_POINT('Origin',(-1.5,-0.245,2.35));
#8229=CARTESIAN_POINT('',(-1.33,-0.17,2.55));
#8230=CARTESIAN_POINT('',(-1.67,-0.17,2.55));
#8231=CARTESIAN_POINT('',(-1.33,-0.17,2.55));
#8232=CARTESIAN_POINT('',(-1.67,-0.17,2.55));
#8233=CARTESIAN_POINT('',(-1.18,-0.32,2.15));
#8234=CARTESIAN_POINT('Origin',(-1.18,0.32,2.55));
#8235=CARTESIAN_POINT('',(-1.33,0.17,2.55));
#8236=CARTESIAN_POINT('',(-1.33,0.17,2.55));
#8237=CARTESIAN_POINT('',(-1.67,0.17,2.55));
#8238=CARTESIAN_POINT('',(-1.33,0.17,2.55));
#8239=CARTESIAN_POINT('',(-1.67,-0.17,2.55));
#8240=CARTESIAN_POINT('Origin',(-1.745,0.,2.35));
#8241=CARTESIAN_POINT('',(-1.67,0.17,2.55));
#8242=CARTESIAN_POINT('Origin',(-1.5,0.245,2.35));
#8243=CARTESIAN_POINT('',(-1.18,0.32,2.15));
#8244=CARTESIAN_POINT('',(-1.33,0.17,2.55));
#8245=CARTESIAN_POINT('Origin',(-1.18,0.32,-2.45));
#8246=CARTESIAN_POINT('Origin',(-1.255,0.,2.35));
#8247=CARTESIAN_POINT('Origin',(-4.18,0.32,-2.45));
#8248=CARTESIAN_POINT('',(-4.18,0.32,2.15));
#8249=CARTESIAN_POINT('Origin',(-4.5,0.245,2.35));
#8250=CARTESIAN_POINT('',(-4.67,0.17,2.55));
#8251=CARTESIAN_POINT('',(-4.67,0.17,2.55));
#8252=CARTESIAN_POINT('',(-4.33,0.17,2.55));
#8253=CARTESIAN_POINT('',(-4.33,0.17,2.55));
#8254=CARTESIAN_POINT('',(-4.33,0.17,2.55));
#8255=CARTESIAN_POINT('Origin',(-4.255,0.,2.35));
#8256=CARTESIAN_POINT('',(-4.33,-0.17,2.55));
#8257=CARTESIAN_POINT('',(-4.33,0.17,2.55));
#8258=CARTESIAN_POINT('',(-4.18,-0.32,2.15));
#8259=CARTESIAN_POINT('Origin',(-4.18,0.32,2.55));
#8260=CARTESIAN_POINT('',(-4.67,-0.17,2.55));
#8261=CARTESIAN_POINT('',(-4.33,-0.17,2.55));
#8262=CARTESIAN_POINT('',(-4.67,-0.17,2.55));
#8263=CARTESIAN_POINT('Origin',(-4.5,-0.245,2.35));
#8264=CARTESIAN_POINT('',(-4.67,-0.17,2.55));
#8265=CARTESIAN_POINT('',(-4.18,-0.32,2.15));
#8266=CARTESIAN_POINT('Origin',(-4.18,-0.32,2.55));
#8267=CARTESIAN_POINT('Origin',(-4.18,-0.32,2.55));
#8268=CARTESIAN_POINT('Origin',(-4.745,0.,2.35));
#8269=CARTESIAN_POINT('Origin',(4.82,1.055,-4.27));
#8270=CARTESIAN_POINT('Origin',(6.465,1.93,-4.95));
#8271=CARTESIAN_POINT('Origin',(-6.465,1.93,-3.25));
#8272=CARTESIAN_POINT('',(-6.465,1.93,-3.25));
#8273=CARTESIAN_POINT('Origin',(-6.865,1.93,-3.25));
#8274=CARTESIAN_POINT('Origin',(-3.85,-1.93,4.1));
#8275=CARTESIAN_POINT('Ctrl Pts',(-2.85000000000011,-5.52749608796747,1.15800514516411));
#8276=CARTESIAN_POINT('Ctrl Pts',(-3.35159431820111,-5.52749608796653,0.909692707451228));
#8277=CARTESIAN_POINT('Ctrl Pts',(-3.35159431820114,-5.5274960879663,0.34999999999968));
#8278=CARTESIAN_POINT('Ctrl Pts',(-3.35159431820117,-5.52749608796606,-0.20969270745178));
#8279=CARTESIAN_POINT('Ctrl Pts',(-2.85000000000027,-5.52749608796679,-0.458005145164674));
#8280=CARTESIAN_POINT('Ctrl Pts',(-2.76473950993585,-5.7700000000004,0.985777858535201));
#8281=CARTESIAN_POINT('Ctrl Pts',(-3.15941838467812,-5.76999999999966,0.790393521143723));
#8282=CARTESIAN_POINT('Ctrl Pts',(-3.15941838467815,-5.76999999999948,0.349999999999578));
#8283=CARTESIAN_POINT('Ctrl Pts',(-3.15941838467817,-5.7699999999993,-0.090393521144496));
#8284=CARTESIAN_POINT('Ctrl Pts',(-2.76473950993597,-5.76999999999987,-0.285777858535982));
#8285=CARTESIAN_POINT('Ctrl Pts',(-2.62746340762169,-5.77000000000076,0.70847836609018));
#8286=CARTESIAN_POINT('Ctrl Pts',(-2.84999999999999,-5.77000000000035,0.59831243771212));
#8287=CARTESIAN_POINT('Ctrl Pts',(-2.85,-5.77000000000024,0.349999999999578));
#8288=CARTESIAN_POINT('Ctrl Pts',(-2.85000000000001,-5.77000000000014,0.101687562287076));
#8289=CARTESIAN_POINT('Ctrl Pts',(-2.62746340762176,-5.77000000000047,-0.00847836609098804));
#8290=CARTESIAN_POINT('Origin',(7.825,0.0425,-3.5));
#8291=CARTESIAN_POINT('',(7.775,0.0425,-2.25));
#8292=CARTESIAN_POINT('',(7.825,0.0425,-2.25));
#8293=CARTESIAN_POINT('',(7.775,0.0425,-3.5));
#8294=CARTESIAN_POINT('',(7.775,0.0425,-3.5));
#8295=CARTESIAN_POINT('',(7.825,0.0425,-3.5));
#8296=CARTESIAN_POINT('Origin',(7.825,-0.11375,-3.5));
#8297=CARTESIAN_POINT('',(7.775,-0.11375,-3.5));
#8298=CARTESIAN_POINT('',(7.775,-0.11375,-3.5));
#8299=CARTESIAN_POINT('',(7.825,-0.11375,-3.5));
#8300=CARTESIAN_POINT('Origin',(7.825,-0.11375,-2.462765932083));
#8301=CARTESIAN_POINT('',(7.775,-0.11375,-2.462765932083));
#8302=CARTESIAN_POINT('',(7.775,-0.11375,-2.462765932083));
#8303=CARTESIAN_POINT('',(7.825,-0.11375,-2.462765932083));
#8304=CARTESIAN_POINT('Origin',(7.825,-0.27,-2.648936197162));
#8305=CARTESIAN_POINT('',(7.775,-0.27,-2.648936197162));
#8306=CARTESIAN_POINT('',(7.775,-0.27,-2.648936197162));
#8307=CARTESIAN_POINT('',(7.825,-0.27,-2.648936197162));
#8308=CARTESIAN_POINT('Origin',(7.825,-0.27,-2.436170190573));
#8309=CARTESIAN_POINT('',(7.775,-0.27,-2.436170190573));
#8310=CARTESIAN_POINT('',(7.775,-0.27,-2.436170190573));
#8311=CARTESIAN_POINT('',(7.825,-0.27,-2.436170190573));
#8312=CARTESIAN_POINT('Origin',(7.825,-0.11375,-2.25));
#8313=CARTESIAN_POINT('',(7.775,-0.11375,-2.25));
#8314=CARTESIAN_POINT('',(7.775,-0.11375,-2.25));
#8315=CARTESIAN_POINT('',(7.825,-0.11375,-2.25));
#8316=CARTESIAN_POINT('Origin',(7.825,0.0425,-2.25));
#8317=CARTESIAN_POINT('',(7.775,0.0425,-2.25));
#8318=CARTESIAN_POINT('Origin',(7.775,0.,0.));
#8319=CARTESIAN_POINT('Origin',(-1.3,0.,0.));
#8320=CARTESIAN_POINT('',(-1.3,1.935,4.4));
#8321=CARTESIAN_POINT('',(-1.3,1.935,1.95));
#8322=CARTESIAN_POINT('',(-1.3,1.935,4.4));
#8323=CARTESIAN_POINT('',(-1.3,3.135,3.2));
#8324=CARTESIAN_POINT('',(-1.3,3.135,3.2));
#8325=CARTESIAN_POINT('',(-1.3,3.135,2.45));
#8326=CARTESIAN_POINT('',(-1.3,3.135,2.45));
#8327=CARTESIAN_POINT('',(-1.3,2.435,2.45));
#8328=CARTESIAN_POINT('',(-1.3,2.435,2.45));
#8329=CARTESIAN_POINT('Origin',(-1.3,2.435,1.95));
#8330=CARTESIAN_POINT('Origin',(-1.3,1.935,4.4));
#8331=CARTESIAN_POINT('',(1.3,1.935,1.95));
#8332=CARTESIAN_POINT('',(-1.3,1.935,1.95));
#8333=CARTESIAN_POINT('',(1.3,1.935,4.4));
#8334=CARTESIAN_POINT('',(1.3,1.935,4.4));
#8335=CARTESIAN_POINT('',(-1.3,1.935,4.4));
#8336=CARTESIAN_POINT('Origin',(-1.3,3.135,3.2));
#8337=CARTESIAN_POINT('',(1.3,3.135,3.2));
#8338=CARTESIAN_POINT('',(1.3,3.135,3.2));
#8339=CARTESIAN_POINT('',(-1.3,3.135,3.2));
#8340=CARTESIAN_POINT('Origin',(-1.3,3.135,2.45));
#8341=CARTESIAN_POINT('',(1.3,3.135,2.45));
#8342=CARTESIAN_POINT('',(1.3,3.135,2.45));
#8343=CARTESIAN_POINT('',(-1.3,3.135,2.45));
#8344=CARTESIAN_POINT('Origin',(-1.3,2.435,2.45));
#8345=CARTESIAN_POINT('',(1.3,2.435,2.45));
#8346=CARTESIAN_POINT('',(1.3,2.435,2.45));
#8347=CARTESIAN_POINT('',(-1.3,2.435,2.45));
#8348=CARTESIAN_POINT('Origin',(-1.3,2.435,1.95));
#8349=CARTESIAN_POINT('Origin',(1.3,2.435,1.95));
#8350=CARTESIAN_POINT('Origin',(1.3,0.,0.));
#8351=UNCERTAINTY_MEASURE_WITH_UNIT(LENGTH_MEASURE(0.01),#8355,
'DISTANCE_ACCURACY_VALUE',
'Maximum model space distance between geometric entities at asserted c
onnectivities');
#8352=UNCERTAINTY_MEASURE_WITH_UNIT(LENGTH_MEASURE(0.01),#8355,
'DISTANCE_ACCURACY_VALUE',
'Maximum model space distance between geometric entities at asserted c
onnectivities');
#8353=(
GEOMETRIC_REPRESENTATION_CONTEXT(3)
GLOBAL_UNCERTAINTY_ASSIGNED_CONTEXT((#8351))
GLOBAL_UNIT_ASSIGNED_CONTEXT((#8355,#8357,#8358))
REPRESENTATION_CONTEXT('','3D')
);
#8354=(
GEOMETRIC_REPRESENTATION_CONTEXT(3)
GLOBAL_UNCERTAINTY_ASSIGNED_CONTEXT((#8352))
GLOBAL_UNIT_ASSIGNED_CONTEXT((#8355,#8357,#8358))
REPRESENTATION_CONTEXT('','3D')
);
#8355=(
LENGTH_UNIT()
NAMED_UNIT(*)
SI_UNIT(.MILLI.,.METRE.)
);
#8356=(
LENGTH_UNIT()
NAMED_UNIT(*)
SI_UNIT($,.METRE.)
);
#8357=(
NAMED_UNIT(*)
PLANE_ANGLE_UNIT()
SI_UNIT($,.RADIAN.)
);
#8358=(
NAMED_UNIT(*)
SI_UNIT($,.STERADIAN.)
SOLID_ANGLE_UNIT()
);
#8359=SHAPE_DEFINITION_REPRESENTATION(#8360,#8361);
#8360=PRODUCT_DEFINITION_SHAPE('',$,#8363);
#8361=SHAPE_REPRESENTATION('',(#5228),#8353);
#8362=PRODUCT_DEFINITION_CONTEXT('part definition',#8367,'design');
#8363=PRODUCT_DEFINITION('436500400',
'MOLEX-MICROFIT-RA-4POS-0436500400 v1',#8364,#8362);
#8364=PRODUCT_DEFINITION_FORMATION('',$,#8369);
#8365=PRODUCT_RELATED_PRODUCT_CATEGORY(
'MOLEX-MICROFIT-RA-4POS-0436500400 v1',
'MOLEX-MICROFIT-RA-4POS-0436500400 v1',(#8369));
#8366=APPLICATION_PROTOCOL_DEFINITION('international standard',
'ap242_managed_model_based_3d_engineering',2011,#8367);
#8367=APPLICATION_CONTEXT('Managed model based 3d engineering');
#8368=PRODUCT_CONTEXT('part definition',#8367,'mechanical');
#8369=PRODUCT('436500400','MOLEX-MICROFIT-RA-4POS-0436500400 v1',$,(#8368));
#8370=PRESENTATION_STYLE_ASSIGNMENT((#8372));
#8371=PRESENTATION_STYLE_ASSIGNMENT((#8373));
#8372=SURFACE_STYLE_USAGE(.BOTH.,#8374);
#8373=SURFACE_STYLE_USAGE(.BOTH.,#8375);
#8374=SURFACE_SIDE_STYLE('',(#8376));
#8375=SURFACE_SIDE_STYLE('',(#8377));
#8376=SURFACE_STYLE_FILL_AREA(#8378);
#8377=SURFACE_STYLE_FILL_AREA(#8379);
#8378=FILL_AREA_STYLE('Steel - Satin',(#8380));
#8379=FILL_AREA_STYLE(
'EPX 150 - Air Baked (with Carbon M2 M3 L1 3D Printers)',(#8381));
#8380=FILL_AREA_STYLE_COLOUR('Steel - Satin',#8382);
#8381=FILL_AREA_STYLE_COLOUR(
'EPX 150 - Air Baked (with Carbon M2 M3 L1 3D Printers)',#8383);
#8382=COLOUR_RGB('Steel - Satin',0.627450980392157,0.627450980392157,0.627450980392157);
#8383=COLOUR_RGB(
'EPX 150 - Air Baked (with Carbon M2 M3 L1 3D Printers)',0.247058823529412,
0.247058823529412,0.247058823529412);
ENDSEC;
END-ISO-10303-21;
