ISO-10303-21;
HEADER;
/* Generated by software containing ST-Developer
 * from STEP Tools, Inc. (www.steptools.com) 
 */

FILE_DESCRIPTION(
/* description */ ('',
'CAx-IF Rec.Pracs.---Representation and Presentation of Product Manufa
cturing Information (PMI)---4.0---2014-10-13'),
/* implementation_level */ '2;1');

FILE_NAME(
/* name */ 'MOLEX_ULTRAFIT-RA-2POS_IN_1723104102.step',
/* time_stamp */ '2025-02-04T18:41:13-06:00',
/* author */ (''),
/* organization */ (''),
/* preprocessor_version */ 'ST-DEVELOPER v20',
/* originating_system */ 'Autodesk Translation Framework v13.20.0.188',

/* authorisation */ '');

FILE_SCHEMA (('AP242_MANAGED_MODEL_BASED_3D_ENGINEERING_MIM_LF { 1 0 10303 442 1 1 4 }'));
ENDSEC;

DATA;
#10=MECHANICAL_DESIGN_GEOMETRIC_PRESENTATION_REPRESENTATION('',(#13),#5903);
#11=SHAPE_REPRESENTATION_RELATIONSHIP('SRR','None',#5910,#12);
#12=ADVANCED_BREP_SHAPE_REPRESENTATION('',(#14),#5902);
#13=STYLED_ITEM('',(#5920),#14);
#14=MANIFOLD_SOLID_BREP('Body1',#3621);
#15=ELLIPSE('',#3736,0.222520388095035,0.2);
#16=ELLIPSE('',#3764,0.222520388095035,0.2);
#17=SPHERICAL_SURFACE('',#3732,0.2);
#18=SPHERICAL_SURFACE('',#3760,0.2);
#19=CYLINDRICAL_SURFACE('',#3674,0.2);
#20=CYLINDRICAL_SURFACE('',#3709,1.135);
#21=CYLINDRICAL_SURFACE('',#3716,0.5);
#22=CYLINDRICAL_SURFACE('',#3730,0.2);
#23=CYLINDRICAL_SURFACE('',#3735,0.2);
#24=CYLINDRICAL_SURFACE('',#3738,0.2);
#25=CYLINDRICAL_SURFACE('',#3744,0.2);
#26=CYLINDRICAL_SURFACE('',#3750,0.75);
#27=CYLINDRICAL_SURFACE('',#3754,0.2);
#28=CYLINDRICAL_SURFACE('',#3758,0.2);
#29=CYLINDRICAL_SURFACE('',#3763,0.2);
#30=CYLINDRICAL_SURFACE('',#3772,0.75);
#31=CYLINDRICAL_SURFACE('',#3777,0.2);
#32=CYLINDRICAL_SURFACE('',#3781,0.5);
#33=CYLINDRICAL_SURFACE('',#3782,0.5);
#34=CYLINDRICAL_SURFACE('',#3785,0.13);
#35=CYLINDRICAL_SURFACE('',#3786,0.13);
#36=CYLINDRICAL_SURFACE('',#3789,0.2);
#37=CYLINDRICAL_SURFACE('',#3808,1.135);
#38=CYLINDRICAL_SURFACE('',#3815,0.5);
#39=CYLINDRICAL_SURFACE('',#3856,0.1);
#40=CYLINDRICAL_SURFACE('',#3858,1.5);
#41=CYLINDRICAL_SURFACE('',#3860,0.1);
#42=CYLINDRICAL_SURFACE('',#3863,0.85);
#43=CYLINDRICAL_SURFACE('',#3866,0.1);
#44=CYLINDRICAL_SURFACE('',#3868,1.5);
#45=CYLINDRICAL_SURFACE('',#3870,0.1);
#46=CYLINDRICAL_SURFACE('',#3873,0.85);
#47=CYLINDRICAL_SURFACE('',#3876,0.1);
#48=CYLINDRICAL_SURFACE('',#3878,1.5);
#49=CYLINDRICAL_SURFACE('',#3880,0.1);
#50=CYLINDRICAL_SURFACE('',#3883,0.85);
#51=CYLINDRICAL_SURFACE('',#3886,0.1);
#52=CYLINDRICAL_SURFACE('',#3888,1.5);
#53=CYLINDRICAL_SURFACE('',#3890,0.1);
#54=CYLINDRICAL_SURFACE('',#3893,0.85);
#55=CIRCLE('',#3636,0.1);
#56=CIRCLE('',#3637,1.5);
#57=CIRCLE('',#3638,0.1);
#58=CIRCLE('',#3639,0.85);
#59=CIRCLE('',#3640,0.1);
#60=CIRCLE('',#3641,1.5);
#61=CIRCLE('',#3642,0.1);
#62=CIRCLE('',#3643,0.85);
#63=CIRCLE('',#3644,0.1);
#64=CIRCLE('',#3645,1.5);
#65=CIRCLE('',#3646,0.1);
#66=CIRCLE('',#3647,0.85);
#67=CIRCLE('',#3648,0.1);
#68=CIRCLE('',#3649,1.5);
#69=CIRCLE('',#3650,0.1);
#70=CIRCLE('',#3651,0.85);
#71=CIRCLE('',#3672,0.2);
#72=CIRCLE('',#3673,0.2);
#73=CIRCLE('',#3675,0.2);
#74=CIRCLE('',#3698,0.2);
#75=CIRCLE('',#3701,0.5);
#76=CIRCLE('',#3702,1.135);
#77=CIRCLE('',#3710,1.135);
#78=CIRCLE('',#3717,0.5);
#79=CIRCLE('',#3726,0.200003807977349);
#80=CIRCLE('',#3728,0.5);
#81=CIRCLE('',#3729,0.13);
#82=CIRCLE('',#3731,0.2);
#83=CIRCLE('',#3733,0.2);
#84=CIRCLE('',#3734,0.2);
#85=CIRCLE('',#3739,0.2);
#86=CIRCLE('',#3741,0.2);
#87=CIRCLE('',#3742,0.2);
#88=CIRCLE('',#3745,0.2);
#89=CIRCLE('',#3747,0.75);
#90=CIRCLE('',#3748,0.2);
#91=CIRCLE('',#3749,0.75);
#92=CIRCLE('',#3751,0.75);
#93=CIRCLE('',#3757,0.2);
#94=CIRCLE('',#3759,0.2);
#95=CIRCLE('',#3761,0.2);
#96=CIRCLE('',#3762,0.2);
#97=CIRCLE('',#3766,0.13);
#98=CIRCLE('',#3767,0.5);
#99=CIRCLE('',#3771,0.75);
#100=CIRCLE('',#3774,0.5);
#101=CIRCLE('',#3775,0.13);
#102=CIRCLE('',#3779,0.13);
#103=CIRCLE('',#3780,0.5);
#104=CIRCLE('',#3788,0.200003807977349);
#105=CIRCLE('',#3801,0.5);
#106=CIRCLE('',#3802,1.135);
#107=CIRCLE('',#3809,1.135);
#108=CIRCLE('',#3816,0.5);
#109=CIRCLE('',#3857,0.1);
#110=CIRCLE('',#3859,1.5);
#111=CIRCLE('',#3861,0.1);
#112=CIRCLE('',#3864,0.85);
#113=CIRCLE('',#3867,0.1);
#114=CIRCLE('',#3869,1.5);
#115=CIRCLE('',#3871,0.1);
#116=CIRCLE('',#3874,0.85);
#117=CIRCLE('',#3877,0.1);
#118=CIRCLE('',#3879,1.5);
#119=CIRCLE('',#3881,0.1);
#120=CIRCLE('',#3884,0.85);
#121=CIRCLE('',#3887,0.1);
#122=CIRCLE('',#3889,1.5);
#123=CIRCLE('',#3891,0.1);
#124=CIRCLE('',#3894,0.85);
#125=FACE_BOUND('',#324,.T.);
#126=FACE_BOUND('',#325,.T.);
#127=FACE_BOUND('',#326,.T.);
#128=FACE_BOUND('',#327,.T.);
#129=FACE_BOUND('',#328,.T.);
#130=FACE_BOUND('',#372,.T.);
#131=FACE_BOUND('',#373,.T.);
#132=FACE_BOUND('',#395,.T.);
#133=FACE_BOUND('',#436,.T.);
#134=FACE_OUTER_BOUND('',#323,.T.);
#135=FACE_OUTER_BOUND('',#329,.T.);
#136=FACE_OUTER_BOUND('',#330,.T.);
#137=FACE_OUTER_BOUND('',#331,.T.);
#138=FACE_OUTER_BOUND('',#332,.T.);
#139=FACE_OUTER_BOUND('',#333,.T.);
#140=FACE_OUTER_BOUND('',#334,.T.);
#141=FACE_OUTER_BOUND('',#335,.T.);
#142=FACE_OUTER_BOUND('',#336,.T.);
#143=FACE_OUTER_BOUND('',#337,.T.);
#144=FACE_OUTER_BOUND('',#338,.T.);
#145=FACE_OUTER_BOUND('',#339,.T.);
#146=FACE_OUTER_BOUND('',#340,.T.);
#147=FACE_OUTER_BOUND('',#341,.T.);
#148=FACE_OUTER_BOUND('',#342,.T.);
#149=FACE_OUTER_BOUND('',#343,.T.);
#150=FACE_OUTER_BOUND('',#344,.T.);
#151=FACE_OUTER_BOUND('',#345,.T.);
#152=FACE_OUTER_BOUND('',#346,.T.);
#153=FACE_OUTER_BOUND('',#347,.T.);
#154=FACE_OUTER_BOUND('',#348,.T.);
#155=FACE_OUTER_BOUND('',#349,.T.);
#156=FACE_OUTER_BOUND('',#350,.T.);
#157=FACE_OUTER_BOUND('',#351,.T.);
#158=FACE_OUTER_BOUND('',#352,.T.);
#159=FACE_OUTER_BOUND('',#353,.T.);
#160=FACE_OUTER_BOUND('',#354,.T.);
#161=FACE_OUTER_BOUND('',#355,.T.);
#162=FACE_OUTER_BOUND('',#356,.T.);
#163=FACE_OUTER_BOUND('',#357,.T.);
#164=FACE_OUTER_BOUND('',#358,.T.);
#165=FACE_OUTER_BOUND('',#359,.T.);
#166=FACE_OUTER_BOUND('',#360,.T.);
#167=FACE_OUTER_BOUND('',#361,.T.);
#168=FACE_OUTER_BOUND('',#362,.T.);
#169=FACE_OUTER_BOUND('',#363,.T.);
#170=FACE_OUTER_BOUND('',#364,.T.);
#171=FACE_OUTER_BOUND('',#365,.T.);
#172=FACE_OUTER_BOUND('',#366,.T.);
#173=FACE_OUTER_BOUND('',#367,.T.);
#174=FACE_OUTER_BOUND('',#368,.T.);
#175=FACE_OUTER_BOUND('',#369,.T.);
#176=FACE_OUTER_BOUND('',#370,.T.);
#177=FACE_OUTER_BOUND('',#371,.T.);
#178=FACE_OUTER_BOUND('',#374,.T.);
#179=FACE_OUTER_BOUND('',#375,.T.);
#180=FACE_OUTER_BOUND('',#376,.T.);
#181=FACE_OUTER_BOUND('',#377,.T.);
#182=FACE_OUTER_BOUND('',#378,.T.);
#183=FACE_OUTER_BOUND('',#379,.T.);
#184=FACE_OUTER_BOUND('',#380,.T.);
#185=FACE_OUTER_BOUND('',#381,.T.);
#186=FACE_OUTER_BOUND('',#382,.T.);
#187=FACE_OUTER_BOUND('',#383,.T.);
#188=FACE_OUTER_BOUND('',#384,.T.);
#189=FACE_OUTER_BOUND('',#385,.T.);
#190=FACE_OUTER_BOUND('',#386,.T.);
#191=FACE_OUTER_BOUND('',#387,.T.);
#192=FACE_OUTER_BOUND('',#388,.T.);
#193=FACE_OUTER_BOUND('',#389,.T.);
#194=FACE_OUTER_BOUND('',#390,.T.);
#195=FACE_OUTER_BOUND('',#391,.T.);
#196=FACE_OUTER_BOUND('',#392,.T.);
#197=FACE_OUTER_BOUND('',#393,.T.);
#198=FACE_OUTER_BOUND('',#394,.T.);
#199=FACE_OUTER_BOUND('',#396,.T.);
#200=FACE_OUTER_BOUND('',#397,.T.);
#201=FACE_OUTER_BOUND('',#398,.T.);
#202=FACE_OUTER_BOUND('',#399,.T.);
#203=FACE_OUTER_BOUND('',#400,.T.);
#204=FACE_OUTER_BOUND('',#401,.T.);
#205=FACE_OUTER_BOUND('',#402,.T.);
#206=FACE_OUTER_BOUND('',#403,.T.);
#207=FACE_OUTER_BOUND('',#404,.T.);
#208=FACE_OUTER_BOUND('',#405,.T.);
#209=FACE_OUTER_BOUND('',#406,.T.);
#210=FACE_OUTER_BOUND('',#407,.T.);
#211=FACE_OUTER_BOUND('',#408,.T.);
#212=FACE_OUTER_BOUND('',#409,.T.);
#213=FACE_OUTER_BOUND('',#410,.T.);
#214=FACE_OUTER_BOUND('',#411,.T.);
#215=FACE_OUTER_BOUND('',#412,.T.);
#216=FACE_OUTER_BOUND('',#413,.T.);
#217=FACE_OUTER_BOUND('',#414,.T.);
#218=FACE_OUTER_BOUND('',#415,.T.);
#219=FACE_OUTER_BOUND('',#416,.T.);
#220=FACE_OUTER_BOUND('',#417,.T.);
#221=FACE_OUTER_BOUND('',#418,.T.);
#222=FACE_OUTER_BOUND('',#419,.T.);
#223=FACE_OUTER_BOUND('',#420,.T.);
#224=FACE_OUTER_BOUND('',#421,.T.);
#225=FACE_OUTER_BOUND('',#422,.T.);
#226=FACE_OUTER_BOUND('',#423,.T.);
#227=FACE_OUTER_BOUND('',#424,.T.);
#228=FACE_OUTER_BOUND('',#425,.T.);
#229=FACE_OUTER_BOUND('',#426,.T.);
#230=FACE_OUTER_BOUND('',#427,.T.);
#231=FACE_OUTER_BOUND('',#428,.T.);
#232=FACE_OUTER_BOUND('',#429,.T.);
#233=FACE_OUTER_BOUND('',#430,.T.);
#234=FACE_OUTER_BOUND('',#431,.T.);
#235=FACE_OUTER_BOUND('',#432,.T.);
#236=FACE_OUTER_BOUND('',#433,.T.);
#237=FACE_OUTER_BOUND('',#434,.T.);
#238=FACE_OUTER_BOUND('',#435,.T.);
#239=FACE_OUTER_BOUND('',#437,.T.);
#240=FACE_OUTER_BOUND('',#438,.T.);
#241=FACE_OUTER_BOUND('',#439,.T.);
#242=FACE_OUTER_BOUND('',#440,.T.);
#243=FACE_OUTER_BOUND('',#441,.T.);
#244=FACE_OUTER_BOUND('',#442,.T.);
#245=FACE_OUTER_BOUND('',#443,.T.);
#246=FACE_OUTER_BOUND('',#444,.T.);
#247=FACE_OUTER_BOUND('',#445,.T.);
#248=FACE_OUTER_BOUND('',#446,.T.);
#249=FACE_OUTER_BOUND('',#447,.T.);
#250=FACE_OUTER_BOUND('',#448,.T.);
#251=FACE_OUTER_BOUND('',#449,.T.);
#252=FACE_OUTER_BOUND('',#450,.T.);
#253=FACE_OUTER_BOUND('',#451,.T.);
#254=FACE_OUTER_BOUND('',#452,.T.);
#255=FACE_OUTER_BOUND('',#453,.T.);
#256=FACE_OUTER_BOUND('',#454,.T.);
#257=FACE_OUTER_BOUND('',#455,.T.);
#258=FACE_OUTER_BOUND('',#456,.T.);
#259=FACE_OUTER_BOUND('',#457,.T.);
#260=FACE_OUTER_BOUND('',#458,.T.);
#261=FACE_OUTER_BOUND('',#459,.T.);
#262=FACE_OUTER_BOUND('',#460,.T.);
#263=FACE_OUTER_BOUND('',#461,.T.);
#264=FACE_OUTER_BOUND('',#462,.T.);
#265=FACE_OUTER_BOUND('',#463,.T.);
#266=FACE_OUTER_BOUND('',#464,.T.);
#267=FACE_OUTER_BOUND('',#465,.T.);
#268=FACE_OUTER_BOUND('',#466,.T.);
#269=FACE_OUTER_BOUND('',#467,.T.);
#270=FACE_OUTER_BOUND('',#468,.T.);
#271=FACE_OUTER_BOUND('',#469,.T.);
#272=FACE_OUTER_BOUND('',#470,.T.);
#273=FACE_OUTER_BOUND('',#471,.T.);
#274=FACE_OUTER_BOUND('',#472,.T.);
#275=FACE_OUTER_BOUND('',#473,.T.);
#276=FACE_OUTER_BOUND('',#474,.T.);
#277=FACE_OUTER_BOUND('',#475,.T.);
#278=FACE_OUTER_BOUND('',#476,.T.);
#279=FACE_OUTER_BOUND('',#477,.T.);
#280=FACE_OUTER_BOUND('',#478,.T.);
#281=FACE_OUTER_BOUND('',#479,.T.);
#282=FACE_OUTER_BOUND('',#480,.T.);
#283=FACE_OUTER_BOUND('',#481,.T.);
#284=FACE_OUTER_BOUND('',#482,.T.);
#285=FACE_OUTER_BOUND('',#483,.T.);
#286=FACE_OUTER_BOUND('',#484,.T.);
#287=FACE_OUTER_BOUND('',#485,.T.);
#288=FACE_OUTER_BOUND('',#486,.T.);
#289=FACE_OUTER_BOUND('',#487,.T.);
#290=FACE_OUTER_BOUND('',#488,.T.);
#291=FACE_OUTER_BOUND('',#489,.T.);
#292=FACE_OUTER_BOUND('',#490,.T.);
#293=FACE_OUTER_BOUND('',#491,.T.);
#294=FACE_OUTER_BOUND('',#492,.T.);
#295=FACE_OUTER_BOUND('',#493,.T.);
#296=FACE_OUTER_BOUND('',#494,.T.);
#297=FACE_OUTER_BOUND('',#495,.T.);
#298=FACE_OUTER_BOUND('',#496,.T.);
#299=FACE_OUTER_BOUND('',#497,.T.);
#300=FACE_OUTER_BOUND('',#498,.T.);
#301=FACE_OUTER_BOUND('',#499,.T.);
#302=FACE_OUTER_BOUND('',#500,.T.);
#303=FACE_OUTER_BOUND('',#501,.T.);
#304=FACE_OUTER_BOUND('',#502,.T.);
#305=FACE_OUTER_BOUND('',#503,.T.);
#306=FACE_OUTER_BOUND('',#504,.T.);
#307=FACE_OUTER_BOUND('',#505,.T.);
#308=FACE_OUTER_BOUND('',#506,.T.);
#309=FACE_OUTER_BOUND('',#507,.T.);
#310=FACE_OUTER_BOUND('',#508,.T.);
#311=FACE_OUTER_BOUND('',#509,.T.);
#312=FACE_OUTER_BOUND('',#510,.T.);
#313=FACE_OUTER_BOUND('',#511,.T.);
#314=FACE_OUTER_BOUND('',#512,.T.);
#315=FACE_OUTER_BOUND('',#513,.T.);
#316=FACE_OUTER_BOUND('',#514,.T.);
#317=FACE_OUTER_BOUND('',#515,.T.);
#318=FACE_OUTER_BOUND('',#516,.T.);
#319=FACE_OUTER_BOUND('',#517,.T.);
#320=FACE_OUTER_BOUND('',#518,.T.);
#321=FACE_OUTER_BOUND('',#519,.T.);
#322=FACE_OUTER_BOUND('',#520,.T.);
#323=EDGE_LOOP('',(#2253,#2254,#2255,#2256,#2257,#2258,#2259,#2260));
#324=EDGE_LOOP('',(#2261,#2262,#2263,#2264));
#325=EDGE_LOOP('',(#2265,#2266,#2267,#2268));
#326=EDGE_LOOP('',(#2269,#2270,#2271,#2272));
#327=EDGE_LOOP('',(#2273,#2274,#2275,#2276));
#328=EDGE_LOOP('',(#2277,#2278,#2279,#2280,#2281,#2282,#2283,#2284,#2285,
#2286,#2287,#2288,#2289,#2290,#2291,#2292,#2293,#2294,#2295,#2296,#2297,
#2298,#2299,#2300));
#329=EDGE_LOOP('',(#2301,#2302,#2303,#2304));
#330=EDGE_LOOP('',(#2305,#2306,#2307,#2308));
#331=EDGE_LOOP('',(#2309,#2310,#2311,#2312));
#332=EDGE_LOOP('',(#2313,#2314,#2315,#2316));
#333=EDGE_LOOP('',(#2317,#2318,#2319,#2320));
#334=EDGE_LOOP('',(#2321,#2322,#2323,#2324));
#335=EDGE_LOOP('',(#2325,#2326,#2327,#2328));
#336=EDGE_LOOP('',(#2329,#2330,#2331,#2332));
#337=EDGE_LOOP('',(#2333,#2334,#2335,#2336));
#338=EDGE_LOOP('',(#2337,#2338,#2339,#2340));
#339=EDGE_LOOP('',(#2341,#2342,#2343,#2344));
#340=EDGE_LOOP('',(#2345,#2346,#2347,#2348,#2349,#2350,#2351,#2352));
#341=EDGE_LOOP('',(#2353,#2354,#2355,#2356));
#342=EDGE_LOOP('',(#2357,#2358,#2359,#2360,#2361,#2362,#2363,#2364,#2365,
#2366,#2367,#2368,#2369,#2370,#2371,#2372));
#343=EDGE_LOOP('',(#2373,#2374,#2375,#2376,#2377,#2378));
#344=EDGE_LOOP('',(#2379,#2380,#2381,#2382));
#345=EDGE_LOOP('',(#2383,#2384,#2385,#2386,#2387,#2388,#2389,#2390));
#346=EDGE_LOOP('',(#2391,#2392,#2393,#2394));
#347=EDGE_LOOP('',(#2395,#2396,#2397,#2398,#2399,#2400));
#348=EDGE_LOOP('',(#2401,#2402,#2403,#2404,#2405,#2406,#2407,#2408,#2409,
#2410,#2411,#2412,#2413,#2414,#2415,#2416,#2417,#2418,#2419,#2420,#2421,
#2422,#2423,#2424,#2425,#2426,#2427,#2428,#2429,#2430,#2431,#2432));
#349=EDGE_LOOP('',(#2433,#2434,#2435,#2436));
#350=EDGE_LOOP('',(#2437,#2438,#2439,#2440));
#351=EDGE_LOOP('',(#2441,#2442,#2443,#2444,#2445,#2446));
#352=EDGE_LOOP('',(#2447,#2448,#2449,#2450,#2451,#2452,#2453,#2454));
#353=EDGE_LOOP('',(#2455,#2456,#2457,#2458));
#354=EDGE_LOOP('',(#2459,#2460,#2461,#2462,#2463,#2464));
#355=EDGE_LOOP('',(#2465,#2466,#2467,#2468,#2469,#2470,#2471,#2472,#2473,
#2474,#2475,#2476,#2477,#2478,#2479,#2480));
#356=EDGE_LOOP('',(#2481,#2482,#2483,#2484));
#357=EDGE_LOOP('',(#2485,#2486,#2487,#2488,#2489,#2490));
#358=EDGE_LOOP('',(#2491,#2492,#2493,#2494,#2495,#2496,#2497,#2498));
#359=EDGE_LOOP('',(#2499,#2500,#2501,#2502));
#360=EDGE_LOOP('',(#2503,#2504,#2505,#2506));
#361=EDGE_LOOP('',(#2507,#2508,#2509,#2510));
#362=EDGE_LOOP('',(#2511,#2512,#2513,#2514));
#363=EDGE_LOOP('',(#2515,#2516,#2517,#2518,#2519,#2520,#2521,#2522));
#364=EDGE_LOOP('',(#2523,#2524,#2525,#2526));
#365=EDGE_LOOP('',(#2527,#2528,#2529,#2530));
#366=EDGE_LOOP('',(#2531,#2532,#2533,#2534));
#367=EDGE_LOOP('',(#2535,#2536,#2537,#2538));
#368=EDGE_LOOP('',(#2539,#2540,#2541,#2542));
#369=EDGE_LOOP('',(#2543,#2544,#2545,#2546));
#370=EDGE_LOOP('',(#2547,#2548,#2549,#2550));
#371=EDGE_LOOP('',(#2551,#2552,#2553,#2554,#2555,#2556,#2557,#2558,#2559,
#2560));
#372=EDGE_LOOP('',(#2561,#2562,#2563,#2564));
#373=EDGE_LOOP('',(#2565,#2566,#2567,#2568));
#374=EDGE_LOOP('',(#2569,#2570,#2571,#2572));
#375=EDGE_LOOP('',(#2573,#2574,#2575,#2576,#2577,#2578,#2579,#2580));
#376=EDGE_LOOP('',(#2581,#2582,#2583,#2584));
#377=EDGE_LOOP('',(#2585,#2586,#2587,#2588));
#378=EDGE_LOOP('',(#2589,#2590,#2591,#2592));
#379=EDGE_LOOP('',(#2593,#2594,#2595,#2596));
#380=EDGE_LOOP('',(#2597,#2598,#2599,#2600));
#381=EDGE_LOOP('',(#2601,#2602,#2603,#2604));
#382=EDGE_LOOP('',(#2605,#2606,#2607,#2608));
#383=EDGE_LOOP('',(#2609,#2610,#2611,#2612));
#384=EDGE_LOOP('',(#2613,#2614,#2615,#2616));
#385=EDGE_LOOP('',(#2617,#2618,#2619,#2620));
#386=EDGE_LOOP('',(#2621,#2622,#2623,#2624));
#387=EDGE_LOOP('',(#2625,#2626,#2627,#2628));
#388=EDGE_LOOP('',(#2629,#2630,#2631,#2632));
#389=EDGE_LOOP('',(#2633,#2634,#2635,#2636));
#390=EDGE_LOOP('',(#2637,#2638,#2639,#2640));
#391=EDGE_LOOP('',(#2641,#2642,#2643,#2644));
#392=EDGE_LOOP('',(#2645,#2646,#2647,#2648,#2649,#2650,#2651,#2652));
#393=EDGE_LOOP('',(#2653,#2654,#2655,#2656));
#394=EDGE_LOOP('',(#2657,#2658,#2659,#2660));
#395=EDGE_LOOP('',(#2661,#2662,#2663,#2664));
#396=EDGE_LOOP('',(#2665,#2666,#2667,#2668));
#397=EDGE_LOOP('',(#2669,#2670,#2671,#2672,#2673,#2674,#2675));
#398=EDGE_LOOP('',(#2676,#2677,#2678,#2679,#2680,#2681,#2682,#2683));
#399=EDGE_LOOP('',(#2684,#2685,#2686,#2687));
#400=EDGE_LOOP('',(#2688,#2689,#2690));
#401=EDGE_LOOP('',(#2691,#2692,#2693,#2694));
#402=EDGE_LOOP('',(#2695,#2696,#2697,#2698,#2699,#2700,#2701,#2702));
#403=EDGE_LOOP('',(#2703,#2704,#2705,#2706));
#404=EDGE_LOOP('',(#2707,#2708,#2709,#2710,#2711,#2712,#2713,#2714,#2715,
#2716,#2717,#2718));
#405=EDGE_LOOP('',(#2719,#2720,#2721,#2722));
#406=EDGE_LOOP('',(#2723,#2724,#2725,#2726));
#407=EDGE_LOOP('',(#2727,#2728,#2729,#2730,#2731,#2732,#2733,#2734,#2735,
#2736,#2737,#2738));
#408=EDGE_LOOP('',(#2739,#2740,#2741,#2742));
#409=EDGE_LOOP('',(#2743,#2744,#2745,#2746,#2747,#2748,#2749,#2750));
#410=EDGE_LOOP('',(#2751,#2752,#2753,#2754,#2755,#2756));
#411=EDGE_LOOP('',(#2757,#2758,#2759,#2760));
#412=EDGE_LOOP('',(#2761,#2762,#2763,#2764));
#413=EDGE_LOOP('',(#2765,#2766,#2767,#2768,#2769,#2770));
#414=EDGE_LOOP('',(#2771,#2772,#2773,#2774));
#415=EDGE_LOOP('',(#2775,#2776,#2777));
#416=EDGE_LOOP('',(#2778,#2779,#2780,#2781));
#417=EDGE_LOOP('',(#2782,#2783,#2784,#2785,#2786,#2787,#2788,#2789));
#418=EDGE_LOOP('',(#2790,#2791,#2792,#2793,#2794));
#419=EDGE_LOOP('',(#2795,#2796,#2797,#2798,#2799));
#420=EDGE_LOOP('',(#2800,#2801,#2802,#2803,#2804,#2805,#2806,#2807));
#421=EDGE_LOOP('',(#2808,#2809,#2810,#2811));
#422=EDGE_LOOP('',(#2812,#2813,#2814,#2815,#2816,#2817,#2818,#2819,#2820));
#423=EDGE_LOOP('',(#2821,#2822,#2823,#2824,#2825,#2826,#2827,#2828));
#424=EDGE_LOOP('',(#2829,#2830,#2831,#2832));
#425=EDGE_LOOP('',(#2833,#2834,#2835,#2836,#2837,#2838,#2839,#2840,#2841));
#426=EDGE_LOOP('',(#2842,#2843,#2844,#2845));
#427=EDGE_LOOP('',(#2846,#2847,#2848,#2849));
#428=EDGE_LOOP('',(#2850,#2851,#2852,#2853));
#429=EDGE_LOOP('',(#2854,#2855,#2856,#2857));
#430=EDGE_LOOP('',(#2858,#2859,#2860,#2861));
#431=EDGE_LOOP('',(#2862,#2863,#2864,#2865));
#432=EDGE_LOOP('',(#2866,#2867,#2868,#2869,#2870,#2871,#2872));
#433=EDGE_LOOP('',(#2873,#2874,#2875,#2876));
#434=EDGE_LOOP('',(#2877,#2878,#2879,#2880));
#435=EDGE_LOOP('',(#2881,#2882,#2883,#2884,#2885,#2886));
#436=EDGE_LOOP('',(#2887,#2888,#2889,#2890));
#437=EDGE_LOOP('',(#2891,#2892,#2893,#2894));
#438=EDGE_LOOP('',(#2895,#2896,#2897,#2898));
#439=EDGE_LOOP('',(#2899,#2900,#2901,#2902));
#440=EDGE_LOOP('',(#2903,#2904,#2905,#2906,#2907,#2908));
#441=EDGE_LOOP('',(#2909,#2910,#2911,#2912));
#442=EDGE_LOOP('',(#2913,#2914,#2915,#2916,#2917,#2918));
#443=EDGE_LOOP('',(#2919,#2920,#2921,#2922));
#444=EDGE_LOOP('',(#2923,#2924,#2925,#2926));
#445=EDGE_LOOP('',(#2927,#2928,#2929,#2930,#2931,#2932,#2933,#2934));
#446=EDGE_LOOP('',(#2935,#2936,#2937,#2938));
#447=EDGE_LOOP('',(#2939,#2940,#2941,#2942));
#448=EDGE_LOOP('',(#2943,#2944,#2945,#2946));
#449=EDGE_LOOP('',(#2947,#2948,#2949,#2950));
#450=EDGE_LOOP('',(#2951,#2952,#2953,#2954));
#451=EDGE_LOOP('',(#2955,#2956,#2957,#2958));
#452=EDGE_LOOP('',(#2959,#2960,#2961,#2962));
#453=EDGE_LOOP('',(#2963,#2964,#2965,#2966));
#454=EDGE_LOOP('',(#2967,#2968,#2969,#2970));
#455=EDGE_LOOP('',(#2971,#2972,#2973,#2974));
#456=EDGE_LOOP('',(#2975,#2976,#2977,#2978));
#457=EDGE_LOOP('',(#2979,#2980,#2981,#2982));
#458=EDGE_LOOP('',(#2983,#2984,#2985,#2986));
#459=EDGE_LOOP('',(#2987,#2988,#2989,#2990));
#460=EDGE_LOOP('',(#2991,#2992,#2993,#2994));
#461=EDGE_LOOP('',(#2995,#2996,#2997,#2998,#2999,#3000,#3001,#3002));
#462=EDGE_LOOP('',(#3003,#3004,#3005,#3006));
#463=EDGE_LOOP('',(#3007,#3008,#3009,#3010));
#464=EDGE_LOOP('',(#3011,#3012,#3013,#3014));
#465=EDGE_LOOP('',(#3015,#3016,#3017,#3018));
#466=EDGE_LOOP('',(#3019,#3020,#3021,#3022));
#467=EDGE_LOOP('',(#3023,#3024,#3025,#3026));
#468=EDGE_LOOP('',(#3027,#3028,#3029,#3030,#3031,#3032));
#469=EDGE_LOOP('',(#3033,#3034,#3035,#3036));
#470=EDGE_LOOP('',(#3037,#3038,#3039,#3040));
#471=EDGE_LOOP('',(#3041,#3042,#3043,#3044,#3045,#3046,#3047,#3048));
#472=EDGE_LOOP('',(#3049,#3050,#3051,#3052));
#473=EDGE_LOOP('',(#3053,#3054,#3055,#3056));
#474=EDGE_LOOP('',(#3057,#3058,#3059,#3060));
#475=EDGE_LOOP('',(#3061,#3062,#3063,#3064,#3065,#3066));
#476=EDGE_LOOP('',(#3067,#3068,#3069,#3070,#3071,#3072));
#477=EDGE_LOOP('',(#3073,#3074,#3075,#3076));
#478=EDGE_LOOP('',(#3077,#3078,#3079,#3080));
#479=EDGE_LOOP('',(#3081,#3082,#3083,#3084));
#480=EDGE_LOOP('',(#3085,#3086,#3087,#3088));
#481=EDGE_LOOP('',(#3089,#3090,#3091,#3092));
#482=EDGE_LOOP('',(#3093,#3094,#3095,#3096,#3097,#3098));
#483=EDGE_LOOP('',(#3099,#3100,#3101,#3102,#3103,#3104,#3105,#3106));
#484=EDGE_LOOP('',(#3107,#3108,#3109,#3110,#3111,#3112));
#485=EDGE_LOOP('',(#3113,#3114,#3115,#3116,#3117,#3118,#3119,#3120));
#486=EDGE_LOOP('',(#3121,#3122,#3123,#3124));
#487=EDGE_LOOP('',(#3125,#3126,#3127,#3128));
#488=EDGE_LOOP('',(#3129,#3130,#3131,#3132));
#489=EDGE_LOOP('',(#3133,#3134,#3135,#3136));
#490=EDGE_LOOP('',(#3137,#3138,#3139,#3140));
#491=EDGE_LOOP('',(#3141,#3142,#3143,#3144));
#492=EDGE_LOOP('',(#3145,#3146,#3147,#3148));
#493=EDGE_LOOP('',(#3149,#3150,#3151,#3152));
#494=EDGE_LOOP('',(#3153,#3154,#3155,#3156));
#495=EDGE_LOOP('',(#3157,#3158,#3159,#3160));
#496=EDGE_LOOP('',(#3161,#3162,#3163,#3164));
#497=EDGE_LOOP('',(#3165,#3166,#3167,#3168));
#498=EDGE_LOOP('',(#3169,#3170,#3171,#3172));
#499=EDGE_LOOP('',(#3173,#3174,#3175,#3176));
#500=EDGE_LOOP('',(#3177,#3178,#3179,#3180));
#501=EDGE_LOOP('',(#3181,#3182,#3183,#3184));
#502=EDGE_LOOP('',(#3185,#3186,#3187,#3188));
#503=EDGE_LOOP('',(#3189,#3190,#3191,#3192));
#504=EDGE_LOOP('',(#3193,#3194,#3195,#3196));
#505=EDGE_LOOP('',(#3197,#3198,#3199,#3200));
#506=EDGE_LOOP('',(#3201,#3202,#3203,#3204));
#507=EDGE_LOOP('',(#3205,#3206,#3207,#3208));
#508=EDGE_LOOP('',(#3209,#3210,#3211,#3212));
#509=EDGE_LOOP('',(#3213,#3214,#3215,#3216));
#510=EDGE_LOOP('',(#3217,#3218,#3219,#3220));
#511=EDGE_LOOP('',(#3221,#3222,#3223,#3224));
#512=EDGE_LOOP('',(#3225,#3226,#3227,#3228));
#513=EDGE_LOOP('',(#3229,#3230,#3231,#3232));
#514=EDGE_LOOP('',(#3233,#3234,#3235,#3236));
#515=EDGE_LOOP('',(#3237,#3238,#3239,#3240));
#516=EDGE_LOOP('',(#3241,#3242,#3243,#3244));
#517=EDGE_LOOP('',(#3245,#3246,#3247,#3248));
#518=EDGE_LOOP('',(#3249,#3250,#3251,#3252));
#519=EDGE_LOOP('',(#3253,#3254,#3255,#3256));
#520=EDGE_LOOP('',(#3257,#3258,#3259,#3260,#3261,#3262,#3263,#3264,#3265,
#3266,#3267,#3268,#3269,#3270,#3271,#3272,#3273,#3274,#3275,#3276,#3277,
#3278,#3279,#3280));
#521=LINE('',#4866,#963);
#522=LINE('',#4868,#964);
#523=LINE('',#4870,#965);
#524=LINE('',#4872,#966);
#525=LINE('',#4874,#967);
#526=LINE('',#4876,#968);
#527=LINE('',#4878,#969);
#528=LINE('',#4879,#970);
#529=LINE('',#4882,#971);
#530=LINE('',#4884,#972);
#531=LINE('',#4886,#973);
#532=LINE('',#4887,#974);
#533=LINE('',#4890,#975);
#534=LINE('',#4892,#976);
#535=LINE('',#4894,#977);
#536=LINE('',#4895,#978);
#537=LINE('',#4898,#979);
#538=LINE('',#4900,#980);
#539=LINE('',#4902,#981);
#540=LINE('',#4903,#982);
#541=LINE('',#4906,#983);
#542=LINE('',#4908,#984);
#543=LINE('',#4910,#985);
#544=LINE('',#4911,#986);
#545=LINE('',#4914,#987);
#546=LINE('',#4922,#988);
#547=LINE('',#4926,#989);
#548=LINE('',#4934,#990);
#549=LINE('',#4938,#991);
#550=LINE('',#4946,#992);
#551=LINE('',#4950,#993);
#552=LINE('',#4958,#994);
#553=LINE('',#4962,#995);
#554=LINE('',#4964,#996);
#555=LINE('',#4965,#997);
#556=LINE('',#4968,#998);
#557=LINE('',#4969,#999);
#558=LINE('',#4972,#1000);
#559=LINE('',#4973,#1001);
#560=LINE('',#4975,#1002);
#561=LINE('',#4980,#1003);
#562=LINE('',#4982,#1004);
#563=LINE('',#4984,#1005);
#564=LINE('',#4985,#1006);
#565=LINE('',#4987,#1007);
#566=LINE('',#4988,#1008);
#567=LINE('',#4990,#1009);
#568=LINE('',#4992,#1010);
#569=LINE('',#4996,#1011);
#570=LINE('',#4998,#1012);
#571=LINE('',#4999,#1013);
#572=LINE('',#5003,#1014);
#573=LINE('',#5005,#1015);
#574=LINE('',#5006,#1016);
#575=LINE('',#5008,#1017);
#576=LINE('',#5010,#1018);
#577=LINE('',#5011,#1019);
#578=LINE('',#5015,#1020);
#579=LINE('',#5017,#1021);
#580=LINE('',#5019,#1022);
#581=LINE('',#5020,#1023);
#582=LINE('',#5024,#1024);
#583=LINE('',#5025,#1025);
#584=LINE('',#5027,#1026);
#585=LINE('',#5029,#1027);
#586=LINE('',#5031,#1028);
#587=LINE('',#5033,#1029);
#588=LINE('',#5035,#1030);
#589=LINE('',#5037,#1031);
#590=LINE('',#5038,#1032);
#591=LINE('',#5040,#1033);
#592=LINE('',#5042,#1034);
#593=LINE('',#5044,#1035);
#594=LINE('',#5046,#1036);
#595=LINE('',#5047,#1037);
#596=LINE('',#5050,#1038);
#597=LINE('',#5052,#1039);
#598=LINE('',#5054,#1040);
#599=LINE('',#5056,#1041);
#600=LINE('',#5057,#1042);
#601=LINE('',#5060,#1043);
#602=LINE('',#5062,#1044);
#603=LINE('',#5063,#1045);
#604=LINE('',#5065,#1046);
#605=LINE('',#5067,#1047);
#606=LINE('',#5068,#1048);
#607=LINE('',#5071,#1049);
#608=LINE('',#5072,#1050);
#609=LINE('',#5076,#1051);
#610=LINE('',#5078,#1052);
#611=LINE('',#5079,#1053);
#612=LINE('',#5080,#1054);
#613=LINE('',#5086,#1055);
#614=LINE('',#5088,#1056);
#615=LINE('',#5090,#1057);
#616=LINE('',#5092,#1058);
#617=LINE('',#5093,#1059);
#618=LINE('',#5095,#1060);
#619=LINE('',#5097,#1061);
#620=LINE('',#5098,#1062);
#621=LINE('',#5102,#1063);
#622=LINE('',#5104,#1064);
#623=LINE('',#5106,#1065);
#624=LINE('',#5108,#1066);
#625=LINE('',#5110,#1067);
#626=LINE('',#5112,#1068);
#627=LINE('',#5114,#1069);
#628=LINE('',#5116,#1070);
#629=LINE('',#5118,#1071);
#630=LINE('',#5120,#1072);
#631=LINE('',#5122,#1073);
#632=LINE('',#5124,#1074);
#633=LINE('',#5126,#1075);
#634=LINE('',#5128,#1076);
#635=LINE('',#5130,#1077);
#636=LINE('',#5132,#1078);
#637=LINE('',#5134,#1079);
#638=LINE('',#5136,#1080);
#639=LINE('',#5137,#1081);
#640=LINE('',#5140,#1082);
#641=LINE('',#5143,#1083);
#642=LINE('',#5146,#1084);
#643=LINE('',#5147,#1085);
#644=LINE('',#5150,#1086);
#645=LINE('',#5152,#1087);
#646=LINE('',#5154,#1088);
#647=LINE('',#5155,#1089);
#648=LINE('',#5159,#1090);
#649=LINE('',#5161,#1091);
#650=LINE('',#5163,#1092);
#651=LINE('',#5165,#1093);
#652=LINE('',#5166,#1094);
#653=LINE('',#5167,#1095);
#654=LINE('',#5171,#1096);
#655=LINE('',#5172,#1097);
#656=LINE('',#5173,#1098);
#657=LINE('',#5176,#1099);
#658=LINE('',#5178,#1100);
#659=LINE('',#5180,#1101);
#660=LINE('',#5182,#1102);
#661=LINE('',#5183,#1103);
#662=LINE('',#5186,#1104);
#663=LINE('',#5188,#1105);
#664=LINE('',#5190,#1106);
#665=LINE('',#5192,#1107);
#666=LINE('',#5194,#1108);
#667=LINE('',#5196,#1109);
#668=LINE('',#5197,#1110);
#669=LINE('',#5199,#1111);
#670=LINE('',#5201,#1112);
#671=LINE('',#5203,#1113);
#672=LINE('',#5205,#1114);
#673=LINE('',#5207,#1115);
#674=LINE('',#5209,#1116);
#675=LINE('',#5210,#1117);
#676=LINE('',#5213,#1118);
#677=LINE('',#5214,#1119);
#678=LINE('',#5217,#1120);
#679=LINE('',#5219,#1121);
#680=LINE('',#5221,#1122);
#681=LINE('',#5222,#1123);
#682=LINE('',#5225,#1124);
#683=LINE('',#5227,#1125);
#684=LINE('',#5229,#1126);
#685=LINE('',#5231,#1127);
#686=LINE('',#5233,#1128);
#687=LINE('',#5235,#1129);
#688=LINE('',#5236,#1130);
#689=LINE('',#5238,#1131);
#690=LINE('',#5240,#1132);
#691=LINE('',#5242,#1133);
#692=LINE('',#5246,#1134);
#693=LINE('',#5247,#1135);
#694=LINE('',#5248,#1136);
#695=LINE('',#5250,#1137);
#696=LINE('',#5252,#1138);
#697=LINE('',#5254,#1139);
#698=LINE('',#5256,#1140);
#699=LINE('',#5258,#1141);
#700=LINE('',#5261,#1142);
#701=LINE('',#5264,#1143);
#702=LINE('',#5268,#1144);
#703=LINE('',#5270,#1145);
#704=LINE('',#5272,#1146);
#705=LINE('',#5273,#1147);
#706=LINE('',#5276,#1148);
#707=LINE('',#5278,#1149);
#708=LINE('',#5280,#1150);
#709=LINE('',#5281,#1151);
#710=LINE('',#5285,#1152);
#711=LINE('',#5287,#1153);
#712=LINE('',#5289,#1154);
#713=LINE('',#5290,#1155);
#714=LINE('',#5294,#1156);
#715=LINE('',#5296,#1157);
#716=LINE('',#5299,#1158);
#717=LINE('',#5301,#1159);
#718=LINE('',#5304,#1160);
#719=LINE('',#5307,#1161);
#720=LINE('',#5309,#1162);
#721=LINE('',#5310,#1163);
#722=LINE('',#5313,#1164);
#723=LINE('',#5315,#1165);
#724=LINE('',#5316,#1166);
#725=LINE('',#5319,#1167);
#726=LINE('',#5320,#1168);
#727=LINE('',#5323,#1169);
#728=LINE('',#5324,#1170);
#729=LINE('',#5327,#1171);
#730=LINE('',#5328,#1172);
#731=LINE('',#5331,#1173);
#732=LINE('',#5332,#1174);
#733=LINE('',#5336,#1175);
#734=LINE('',#5339,#1176);
#735=LINE('',#5340,#1177);
#736=LINE('',#5343,#1178);
#737=LINE('',#5345,#1179);
#738=LINE('',#5346,#1180);
#739=LINE('',#5349,#1181);
#740=LINE('',#5350,#1182);
#741=LINE('',#5353,#1183);
#742=LINE('',#5355,#1184);
#743=LINE('',#5356,#1185);
#744=LINE('',#5359,#1186);
#745=LINE('',#5360,#1187);
#746=LINE('',#5364,#1188);
#747=LINE('',#5366,#1189);
#748=LINE('',#5369,#1190);
#749=LINE('',#5370,#1191);
#750=LINE('',#5372,#1192);
#751=LINE('',#5373,#1193);
#752=LINE('',#5375,#1194);
#753=LINE('',#5380,#1195);
#754=LINE('',#5382,#1196);
#755=LINE('',#5384,#1197);
#756=LINE('',#5385,#1198);
#757=LINE('',#5387,#1199);
#758=LINE('',#5388,#1200);
#759=LINE('',#5391,#1201);
#760=LINE('',#5393,#1202);
#761=LINE('',#5395,#1203);
#762=LINE('',#5399,#1204);
#763=LINE('',#5401,#1205);
#764=LINE('',#5403,#1206);
#765=LINE('',#5407,#1207);
#766=LINE('',#5411,#1208);
#767=LINE('',#5419,#1209);
#768=LINE('',#5423,#1210);
#769=LINE('',#5425,#1211);
#770=LINE('',#5427,#1212);
#771=LINE('',#5429,#1213);
#772=LINE('',#5431,#1214);
#773=LINE('',#5433,#1215);
#774=LINE('',#5434,#1216);
#775=LINE('',#5437,#1217);
#776=LINE('',#5442,#1218);
#777=LINE('',#5445,#1219);
#778=LINE('',#5447,#1220);
#779=LINE('',#5449,#1221);
#780=LINE('',#5451,#1222);
#781=LINE('',#5453,#1223);
#782=LINE('',#5455,#1224);
#783=LINE('',#5459,#1225);
#784=LINE('',#5461,#1226);
#785=LINE('',#5462,#1227);
#786=LINE('',#5465,#1228);
#787=LINE('',#5472,#1229);
#788=LINE('',#5474,#1230);
#789=LINE('',#5477,#1231);
#790=LINE('',#5479,#1232);
#791=LINE('',#5483,#1233);
#792=LINE('',#5485,#1234);
#793=LINE('',#5486,#1235);
#794=LINE('',#5489,#1236);
#795=LINE('',#5492,#1237);
#796=LINE('',#5495,#1238);
#797=LINE('',#5496,#1239);
#798=LINE('',#5498,#1240);
#799=LINE('',#5500,#1241);
#800=LINE('',#5501,#1242);
#801=LINE('',#5503,#1243);
#802=LINE('',#5504,#1244);
#803=LINE('',#5507,#1245);
#804=LINE('',#5518,#1246);
#805=LINE('',#5522,#1247);
#806=LINE('',#5523,#1248);
#807=LINE('',#5527,#1249);
#808=LINE('',#5530,#1250);
#809=LINE('',#5533,#1251);
#810=LINE('',#5535,#1252);
#811=LINE('',#5536,#1253);
#812=LINE('',#5539,#1254);
#813=LINE('',#5541,#1255);
#814=LINE('',#5542,#1256);
#815=LINE('',#5544,#1257);
#816=LINE('',#5546,#1258);
#817=LINE('',#5549,#1259);
#818=LINE('',#5554,#1260);
#819=LINE('',#5556,#1261);
#820=LINE('',#5558,#1262);
#821=LINE('',#5559,#1263);
#822=LINE('',#5565,#1264);
#823=LINE('',#5568,#1265);
#824=LINE('',#5570,#1266);
#825=LINE('',#5572,#1267);
#826=LINE('',#5574,#1268);
#827=LINE('',#5579,#1269);
#828=LINE('',#5581,#1270);
#829=LINE('',#5582,#1271);
#830=LINE('',#5587,#1272);
#831=LINE('',#5588,#1273);
#832=LINE('',#5592,#1274);
#833=LINE('',#5593,#1275);
#834=LINE('',#5595,#1276);
#835=LINE('',#5596,#1277);
#836=LINE('',#5599,#1278);
#837=LINE('',#5601,#1279);
#838=LINE('',#5603,#1280);
#839=LINE('',#5604,#1281);
#840=LINE('',#5606,#1282);
#841=LINE('',#5607,#1283);
#842=LINE('',#5610,#1284);
#843=LINE('',#5612,#1285);
#844=LINE('',#5614,#1286);
#845=LINE('',#5616,#1287);
#846=LINE('',#5621,#1288);
#847=LINE('',#5622,#1289);
#848=LINE('',#5623,#1290);
#849=LINE('',#5627,#1291);
#850=LINE('',#5629,#1292);
#851=LINE('',#5632,#1293);
#852=LINE('',#5634,#1294);
#853=LINE('',#5637,#1295);
#854=LINE('',#5641,#1296);
#855=LINE('',#5642,#1297);
#856=LINE('',#5643,#1298);
#857=LINE('',#5646,#1299);
#858=LINE('',#5648,#1300);
#859=LINE('',#5649,#1301);
#860=LINE('',#5652,#1302);
#861=LINE('',#5653,#1303);
#862=LINE('',#5656,#1304);
#863=LINE('',#5657,#1305);
#864=LINE('',#5659,#1306);
#865=LINE('',#5663,#1307);
#866=LINE('',#5666,#1308);
#867=LINE('',#5667,#1309);
#868=LINE('',#5670,#1310);
#869=LINE('',#5672,#1311);
#870=LINE('',#5673,#1312);
#871=LINE('',#5676,#1313);
#872=LINE('',#5677,#1314);
#873=LINE('',#5680,#1315);
#874=LINE('',#5682,#1316);
#875=LINE('',#5683,#1317);
#876=LINE('',#5686,#1318);
#877=LINE('',#5687,#1319);
#878=LINE('',#5691,#1320);
#879=LINE('',#5693,#1321);
#880=LINE('',#5696,#1322);
#881=LINE('',#5697,#1323);
#882=LINE('',#5699,#1324);
#883=LINE('',#5701,#1325);
#884=LINE('',#5703,#1326);
#885=LINE('',#5706,#1327);
#886=LINE('',#5709,#1328);
#887=LINE('',#5713,#1329);
#888=LINE('',#5714,#1330);
#889=LINE('',#5717,#1331);
#890=LINE('',#5718,#1332);
#891=LINE('',#5721,#1333);
#892=LINE('',#5722,#1334);
#893=LINE('',#5725,#1335);
#894=LINE('',#5727,#1336);
#895=LINE('',#5729,#1337);
#896=LINE('',#5730,#1338);
#897=LINE('',#5732,#1339);
#898=LINE('',#5734,#1340);
#899=LINE('',#5736,#1341);
#900=LINE('',#5740,#1342);
#901=LINE('',#5741,#1343);
#902=LINE('',#5744,#1344);
#903=LINE('',#5745,#1345);
#904=LINE('',#5748,#1346);
#905=LINE('',#5749,#1347);
#906=LINE('',#5752,#1348);
#907=LINE('',#5753,#1349);
#908=LINE('',#5756,#1350);
#909=LINE('',#5757,#1351);
#910=LINE('',#5760,#1352);
#911=LINE('',#5761,#1353);
#912=LINE('',#5763,#1354);
#913=LINE('',#5767,#1355);
#914=LINE('',#5769,#1356);
#915=LINE('',#5771,#1357);
#916=LINE('',#5773,#1358);
#917=LINE('',#5774,#1359);
#918=LINE('',#5777,#1360);
#919=LINE('',#5779,#1361);
#920=LINE('',#5781,#1362);
#921=LINE('',#5783,#1363);
#922=LINE('',#5784,#1364);
#923=LINE('',#5786,#1365);
#924=LINE('',#5788,#1366);
#925=LINE('',#5790,#1367);
#926=LINE('',#5792,#1368);
#927=LINE('',#5795,#1369);
#928=LINE('',#5797,#1370);
#929=LINE('',#5799,#1371);
#930=LINE('',#5801,#1372);
#931=LINE('',#5805,#1373);
#932=LINE('',#5807,#1374);
#933=LINE('',#5808,#1375);
#934=LINE('',#5812,#1376);
#935=LINE('',#5816,#1377);
#936=LINE('',#5820,#1378);
#937=LINE('',#5823,#1379);
#938=LINE('',#5824,#1380);
#939=LINE('',#5828,#1381);
#940=LINE('',#5831,#1382);
#941=LINE('',#5832,#1383);
#942=LINE('',#5836,#1384);
#943=LINE('',#5840,#1385);
#944=LINE('',#5844,#1386);
#945=LINE('',#5847,#1387);
#946=LINE('',#5848,#1388);
#947=LINE('',#5852,#1389);
#948=LINE('',#5855,#1390);
#949=LINE('',#5856,#1391);
#950=LINE('',#5860,#1392);
#951=LINE('',#5864,#1393);
#952=LINE('',#5868,#1394);
#953=LINE('',#5871,#1395);
#954=LINE('',#5872,#1396);
#955=LINE('',#5876,#1397);
#956=LINE('',#5879,#1398);
#957=LINE('',#5880,#1399);
#958=LINE('',#5884,#1400);
#959=LINE('',#5888,#1401);
#960=LINE('',#5892,#1402);
#961=LINE('',#5895,#1403);
#962=LINE('',#5896,#1404);
#963=VECTOR('',#3900,4.73);
#964=VECTOR('',#3901,1.16);
#965=VECTOR('',#3902,6.47);
#966=VECTOR('',#3903,10.3);
#967=VECTOR('',#3904,6.47);
#968=VECTOR('',#3905,1.16);
#969=VECTOR('',#3906,4.73);
#970=VECTOR('',#3907,7.98);
#971=VECTOR('',#3908,1.2);
#972=VECTOR('',#3909,8.2);
#973=VECTOR('',#3910,1.2);
#974=VECTOR('',#3911,8.2);
#975=VECTOR('',#3912,1.2);
#976=VECTOR('',#3913,8.2);
#977=VECTOR('',#3914,1.2);
#978=VECTOR('',#3915,8.2);
#979=VECTOR('',#3916,1.5);
#980=VECTOR('',#3917,0.5);
#981=VECTOR('',#3918,1.5);
#982=VECTOR('',#3919,0.5);
#983=VECTOR('',#3920,1.5);
#984=VECTOR('',#3921,0.5);
#985=VECTOR('',#3922,1.5);
#986=VECTOR('',#3923,0.5);
#987=VECTOR('',#3924,0.2126062346163);
#988=VECTOR('',#3931,0.2126062346163);
#989=VECTOR('',#3934,0.2126062346164);
#990=VECTOR('',#3941,0.2126062346163);
#991=VECTOR('',#3944,0.2126062346163);
#992=VECTOR('',#3951,0.2126062346163);
#993=VECTOR('',#3954,0.2126062346164);
#994=VECTOR('',#3961,0.2126062346163);
#995=VECTOR('',#3966,0.3);
#996=VECTOR('',#3967,1.2);
#997=VECTOR('',#3968,0.3);
#998=VECTOR('',#3971,0.3);
#999=VECTOR('',#3972,8.2);
#1000=VECTOR('',#3975,1.2);
#1001=VECTOR('',#3976,0.3);
#1002=VECTOR('',#3979,8.2);
#1003=VECTOR('',#3984,1.2);
#1004=VECTOR('',#3985,8.2);
#1005=VECTOR('',#3986,1.2);
#1006=VECTOR('',#3987,8.2);
#1007=VECTOR('',#3990,0.3);
#1008=VECTOR('',#3991,0.3);
#1009=VECTOR('',#3994,0.3);
#1010=VECTOR('',#3997,0.3);
#1011=VECTOR('',#4002,3.7);
#1012=VECTOR('',#4003,4.45);
#1013=VECTOR('',#4004,4.78909177193292);
#1014=VECTOR('',#4007,2.);
#1015=VECTOR('',#4008,0.65);
#1016=VECTOR('',#4009,2.175);
#1017=VECTOR('',#4010,0.01);
#1018=VECTOR('',#4011,3.525);
#1019=VECTOR('',#4012,0.5);
#1020=VECTOR('',#4015,0.525);
#1021=VECTOR('',#4016,0.65);
#1022=VECTOR('',#4017,0.525);
#1023=VECTOR('',#4018,0.65);
#1024=VECTOR('',#4021,0.7742071881607);
#1025=VECTOR('',#4022,4.78402930705792);
#1026=VECTOR('',#4023,5.77);
#1027=VECTOR('',#4024,0.17);
#1028=VECTOR('',#4025,0.45);
#1029=VECTOR('',#4026,0.66);
#1030=VECTOR('',#4027,0.45);
#1031=VECTOR('',#4028,0.17);
#1032=VECTOR('',#4029,5.77);
#1033=VECTOR('',#4030,4.725);
#1034=VECTOR('',#4031,1.5);
#1035=VECTOR('',#4032,0.753);
#1036=VECTOR('',#4033,2.);
#1037=VECTOR('',#4034,0.753);
#1038=VECTOR('',#4037,2.225);
#1039=VECTOR('',#4038,2.225);
#1040=VECTOR('',#4039,1.01980390271898);
#1041=VECTOR('',#4040,1.1);
#1042=VECTOR('',#4041,1.01980390271898);
#1043=VECTOR('',#4044,0.5);
#1044=VECTOR('',#4045,0.7742071881607);
#1045=VECTOR('',#4046,0.5);
#1046=VECTOR('',#4049,4.78402930705792);
#1047=VECTOR('',#4050,1.16);
#1048=VECTOR('',#4051,4.78909177193292);
#1049=VECTOR('',#4054,6.47);
#1050=VECTOR('',#4055,2.175);
#1051=VECTOR('',#4058,11.2);
#1052=VECTOR('',#4059,1.975);
#1053=VECTOR('',#4060,6.47);
#1054=VECTOR('',#4061,0.7);
#1055=VECTOR('',#4066,1.975);
#1056=VECTOR('',#4067,1.15);
#1057=VECTOR('',#4068,1.);
#1058=VECTOR('',#4069,1.15);
#1059=VECTOR('',#4070,2.175);
#1060=VECTOR('',#4071,1.15);
#1061=VECTOR('',#4072,1.);
#1062=VECTOR('',#4073,1.15);
#1063=VECTOR('',#4076,1.05);
#1064=VECTOR('',#4077,0.12);
#1065=VECTOR('',#4078,0.95);
#1066=VECTOR('',#4079,0.9593123708949);
#1067=VECTOR('',#4080,0.3906876291051);
#1068=VECTOR('',#4081,3.84137525821);
#1069=VECTOR('',#4082,1.18137525821);
#1070=VECTOR('',#4083,0.66);
#1071=VECTOR('',#4084,2.);
#1072=VECTOR('',#4085,3.075084486289);
#1073=VECTOR('',#4086,0.3186247417897);
#1074=VECTOR('',#4087,3.075084486289);
#1075=VECTOR('',#4088,3.18137525821);
#1076=VECTOR('',#4089,3.18137525821);
#1077=VECTOR('',#4090,0.3906876291051);
#1078=VECTOR('',#4091,0.9593123708949);
#1079=VECTOR('',#4092,0.95);
#1080=VECTOR('',#4093,0.12);
#1081=VECTOR('',#4094,1.05);
#1082=VECTOR('',#4097,11.2);
#1083=VECTOR('',#4100,11.2);
#1084=VECTOR('',#4103,2.175);
#1085=VECTOR('',#4104,6.47);
#1086=VECTOR('',#4107,0.7);
#1087=VECTOR('',#4108,4.78909177193292);
#1088=VECTOR('',#4109,0.525);
#1089=VECTOR('',#4110,6.47);
#1090=VECTOR('',#4113,2.);
#1091=VECTOR('',#4114,0.5);
#1092=VECTOR('',#4115,3.525);
#1093=VECTOR('',#4116,0.01);
#1094=VECTOR('',#4117,3.7);
#1095=VECTOR('',#4118,0.65);
#1096=VECTOR('',#4121,0.525);
#1097=VECTOR('',#4122,0.65);
#1098=VECTOR('',#4123,0.65);
#1099=VECTOR('',#4126,2.225);
#1100=VECTOR('',#4127,1.01980390271898);
#1101=VECTOR('',#4128,1.1);
#1102=VECTOR('',#4129,1.01980390271898);
#1103=VECTOR('',#4130,2.225);
#1104=VECTOR('',#4133,5.77);
#1105=VECTOR('',#4134,0.17);
#1106=VECTOR('',#4135,0.45);
#1107=VECTOR('',#4136,0.66);
#1108=VECTOR('',#4137,0.45);
#1109=VECTOR('',#4138,0.17);
#1110=VECTOR('',#4139,5.77);
#1111=VECTOR('',#4140,4.78402930705792);
#1112=VECTOR('',#4141,0.7742071881607);
#1113=VECTOR('',#4142,0.753);
#1114=VECTOR('',#4143,2.);
#1115=VECTOR('',#4144,0.753);
#1116=VECTOR('',#4145,1.5);
#1117=VECTOR('',#4146,4.725);
#1118=VECTOR('',#4149,0.5);
#1119=VECTOR('',#4150,2.225);
#1120=VECTOR('',#4153,1.01980390271898);
#1121=VECTOR('',#4154,1.1);
#1122=VECTOR('',#4155,1.01980390271898);
#1123=VECTOR('',#4156,2.225);
#1124=VECTOR('',#4159,4.725);
#1125=VECTOR('',#4160,1.5);
#1126=VECTOR('',#4161,0.753);
#1127=VECTOR('',#4162,2.);
#1128=VECTOR('',#4163,0.753);
#1129=VECTOR('',#4164,0.7742071881607);
#1130=VECTOR('',#4165,4.78402930705792);
#1131=VECTOR('',#4168,0.5);
#1132=VECTOR('',#4171,0.5);
#1133=VECTOR('',#4174,0.5);
#1134=VECTOR('',#4179,1.16);
#1135=VECTOR('',#4180,4.78909177193292);
#1136=VECTOR('',#4181,0.5);
#1137=VECTOR('',#4184,0.5);
#1138=VECTOR('',#4187,0.5);
#1139=VECTOR('',#4190,0.5);
#1140=VECTOR('',#4193,0.5);
#1141=VECTOR('',#4196,0.5);
#1142=VECTOR('',#4201,4.45);
#1143=VECTOR('',#4204,9.9);
#1144=VECTOR('',#4207,0.635);
#1145=VECTOR('',#4208,0.635);
#1146=VECTOR('',#4209,0.635);
#1147=VECTOR('',#4210,0.635);
#1148=VECTOR('',#4211,0.635);
#1149=VECTOR('',#4212,0.635);
#1150=VECTOR('',#4213,0.635);
#1151=VECTOR('',#4214,0.635);
#1152=VECTOR('',#4217,0.635);
#1153=VECTOR('',#4218,5.6);
#1154=VECTOR('',#4219,0.635);
#1155=VECTOR('',#4220,5.6);
#1156=VECTOR('',#4223,0.635);
#1157=VECTOR('',#4224,4.8025);
#1158=VECTOR('',#4227,1.1425);
#1159=VECTOR('',#4228,1.1425);
#1160=VECTOR('',#4231,4.8025);
#1161=VECTOR('',#4234,0.848528137423923);
#1162=VECTOR('',#4235,0.235);
#1163=VECTOR('',#4236,0.848528137423923);
#1164=VECTOR('',#4239,0.635);
#1165=VECTOR('',#4240,0.848528137423923);
#1166=VECTOR('',#4241,0.235);
#1167=VECTOR('',#4244,0.235);
#1168=VECTOR('',#4245,0.235);
#1169=VECTOR('',#4248,0.848528137423923);
#1170=VECTOR('',#4249,0.635);
#1171=VECTOR('',#4252,1.1425);
#1172=VECTOR('',#4253,0.635);
#1173=VECTOR('',#4256,5.6);
#1174=VECTOR('',#4257,0.635);
#1175=VECTOR('',#4262,0.635);
#1176=VECTOR('',#4265,0.635);
#1177=VECTOR('',#4266,4.8025);
#1178=VECTOR('',#4269,0.848528137423923);
#1179=VECTOR('',#4270,0.848528137423923);
#1180=VECTOR('',#4271,0.235);
#1181=VECTOR('',#4274,0.235);
#1182=VECTOR('',#4275,0.848528137423923);
#1183=VECTOR('',#4278,0.635);
#1184=VECTOR('',#4279,0.235);
#1185=VECTOR('',#4280,0.848528137423923);
#1186=VECTOR('',#4283,4.8025);
#1187=VECTOR('',#4284,0.635);
#1188=VECTOR('',#4289,0.635);
#1189=VECTOR('',#4292,1.1425);
#1190=VECTOR('',#4295,0.635);
#1191=VECTOR('',#4296,5.6);
#1192=VECTOR('',#4299,0.635);
#1193=VECTOR('',#4300,0.635);
#1194=VECTOR('',#4303,0.635);
#1195=VECTOR('',#4308,3.04);
#1196=VECTOR('',#4309,3.04);
#1197=VECTOR('',#4310,3.04);
#1198=VECTOR('',#4311,3.04);
#1199=VECTOR('',#4314,8.10061685810524);
#1200=VECTOR('',#4315,8.10061685810524);
#1201=VECTOR('',#4318,3.70014089002711);
#1202=VECTOR('',#4319,4.20031985235113);
#1203=VECTOR('',#4320,2.556652844721);
#1204=VECTOR('',#4325,2.869459186282);
#1205=VECTOR('',#4326,5.75683561432905);
#1206=VECTOR('',#4327,1.72086921537392);
#1207=VECTOR('',#4330,0.7455341703785);
#1208=VECTOR('',#4335,2.87120455984);
#1209=VECTOR('',#4346,5.85438213204305);
#1210=VECTOR('',#4351,1.595);
#1211=VECTOR('',#4352,4.70420695479204);
#1212=VECTOR('',#4353,2.31);
#1213=VECTOR('',#4354,4.70420695479204);
#1214=VECTOR('',#4355,1.595);
#1215=VECTOR('',#4356,5.85438213204305);
#1216=VECTOR('',#4357,5.5);
#1217=VECTOR('',#4360,1.595085200405);
#1218=VECTOR('',#4365,1.91);
#1219=VECTOR('',#4368,0.0722559875369);
#1220=VECTOR('',#4369,0.3866943105576);
#1221=VECTOR('',#4370,0.0722559875369);
#1222=VECTOR('',#4371,2.556652844721);
#1223=VECTOR('',#4372,2.87120455984);
#1224=VECTOR('',#4373,1.595085200405);
#1225=VECTOR('',#4378,1.35);
#1226=VECTOR('',#4379,1.91);
#1227=VECTOR('',#4380,1.35);
#1228=VECTOR('',#4383,1.35008430807799);
#1229=VECTOR('',#4390,1.995);
#1230=VECTOR('',#4391,1.31);
#1231=VECTOR('',#4394,1.31);
#1232=VECTOR('',#4395,1.995);
#1233=VECTOR('',#4398,2.56);
#1234=VECTOR('',#4399,7.8);
#1235=VECTOR('',#4400,2.56);
#1236=VECTOR('',#4403,7.4);
#1237=VECTOR('',#4406,7.4);
#1238=VECTOR('',#4409,6.3);
#1239=VECTOR('',#4410,7.4);
#1240=VECTOR('',#4411,6.25);
#1241=VECTOR('',#4412,2.31);
#1242=VECTOR('',#4413,6.25);
#1243=VECTOR('',#4416,1.35008430807799);
#1244=VECTOR('',#4417,1.030073324667);
#1245=VECTOR('',#4422,1.030073324667);
#1246=VECTOR('',#4439,5.75683561432905);
#1247=VECTOR('',#4444,2.869459186282);
#1248=VECTOR('',#4445,3.70014089002711);
#1249=VECTOR('',#4448,0.7455341703785);
#1250=VECTOR('',#4451,1.72086921537408);
#1251=VECTOR('',#4454,1.15);
#1252=VECTOR('',#4455,1.94338960346891);
#1253=VECTOR('',#4456,0.95);
#1254=VECTOR('',#4459,0.95);
#1255=VECTOR('',#4460,1.94338960346891);
#1256=VECTOR('',#4461,1.15);
#1257=VECTOR('',#4464,0.26);
#1258=VECTOR('',#4465,0.26);
#1259=VECTOR('',#4470,7.4);
#1260=VECTOR('',#4475,0.7455341703785);
#1261=VECTOR('',#4478,5.25);
#1262=VECTOR('',#4481,5.25);
#1263=VECTOR('',#4482,11.2);
#1264=VECTOR('',#4489,0.7455341703785);
#1265=VECTOR('',#4494,0.95);
#1266=VECTOR('',#4497,0.95);
#1267=VECTOR('',#4500,0.95);
#1268=VECTOR('',#4503,0.95);
#1269=VECTOR('',#4510,4.20031985235113);
#1270=VECTOR('',#4511,3.04);
#1271=VECTOR('',#4512,8.10061685810524);
#1272=VECTOR('',#4519,3.7);
#1273=VECTOR('',#4520,8.10061685810524);
#1274=VECTOR('',#4523,0.66);
#1275=VECTOR('',#4524,1.04);
#1276=VECTOR('',#4525,3.04);
#1277=VECTOR('',#4526,2.);
#1278=VECTOR('',#4527,0.635);
#1279=VECTOR('',#4528,0.635);
#1280=VECTOR('',#4529,0.635);
#1281=VECTOR('',#4530,0.635);
#1282=VECTOR('',#4533,8.10061685810524);
#1283=VECTOR('',#4534,8.10061685810524);
#1284=VECTOR('',#4539,8.10061685810524);
#1285=VECTOR('',#4542,3.90014850570411);
#1286=VECTOR('',#4545,3.90014850570411);
#1287=VECTOR('',#4548,8.10061685810524);
#1288=VECTOR('',#4553,0.635);
#1289=VECTOR('',#4554,5.6);
#1290=VECTOR('',#4555,5.6);
#1291=VECTOR('',#4558,0.635);
#1292=VECTOR('',#4559,4.8025);
#1293=VECTOR('',#4562,1.1425);
#1294=VECTOR('',#4563,1.1425);
#1295=VECTOR('',#4566,4.8025);
#1296=VECTOR('',#4569,0.235);
#1297=VECTOR('',#4570,0.848528137423923);
#1298=VECTOR('',#4571,0.848528137423923);
#1299=VECTOR('',#4574,0.235);
#1300=VECTOR('',#4575,0.235);
#1301=VECTOR('',#4576,0.235);
#1302=VECTOR('',#4579,0.848528137423923);
#1303=VECTOR('',#4580,0.635);
#1304=VECTOR('',#4583,1.1425);
#1305=VECTOR('',#4584,0.635);
#1306=VECTOR('',#4587,5.6);
#1307=VECTOR('',#4592,0.635);
#1308=VECTOR('',#4595,0.635);
#1309=VECTOR('',#4596,4.8025);
#1310=VECTOR('',#4599,0.848528137423923);
#1311=VECTOR('',#4600,0.235);
#1312=VECTOR('',#4601,0.848528137423923);
#1313=VECTOR('',#4604,0.235);
#1314=VECTOR('',#4605,0.848528137423923);
#1315=VECTOR('',#4608,0.635);
#1316=VECTOR('',#4609,0.235);
#1317=VECTOR('',#4610,0.848528137423923);
#1318=VECTOR('',#4613,4.8025);
#1319=VECTOR('',#4614,0.635);
#1320=VECTOR('',#4619,0.635);
#1321=VECTOR('',#4622,1.1425);
#1322=VECTOR('',#4625,0.635);
#1323=VECTOR('',#4626,5.6);
#1324=VECTOR('',#4629,0.635);
#1325=VECTOR('',#4632,0.635);
#1326=VECTOR('',#4635,0.848528137423923);
#1327=VECTOR('',#4640,0.235);
#1328=VECTOR('',#4645,0.235);
#1329=VECTOR('',#4650,0.7);
#1330=VECTOR('',#4651,0.5);
#1331=VECTOR('',#4654,0.17);
#1332=VECTOR('',#4655,0.5);
#1333=VECTOR('',#4658,0.45);
#1334=VECTOR('',#4659,0.5);
#1335=VECTOR('',#4662,0.7);
#1336=VECTOR('',#4663,0.17);
#1337=VECTOR('',#4664,0.45);
#1338=VECTOR('',#4665,0.66);
#1339=VECTOR('',#4668,0.5);
#1340=VECTOR('',#4671,0.5);
#1341=VECTOR('',#4674,0.5);
#1342=VECTOR('',#4679,0.7);
#1343=VECTOR('',#4680,0.5);
#1344=VECTOR('',#4683,0.17);
#1345=VECTOR('',#4684,0.5);
#1346=VECTOR('',#4687,0.5);
#1347=VECTOR('',#4688,0.45);
#1348=VECTOR('',#4691,0.5);
#1349=VECTOR('',#4692,0.66);
#1350=VECTOR('',#4695,0.5);
#1351=VECTOR('',#4696,0.45);
#1352=VECTOR('',#4699,0.17);
#1353=VECTOR('',#4700,0.5);
#1354=VECTOR('',#4703,0.7);
#1355=VECTOR('',#4708,2.225);
#1356=VECTOR('',#4709,1.01980390271898);
#1357=VECTOR('',#4710,1.1);
#1358=VECTOR('',#4711,1.01980390271898);
#1359=VECTOR('',#4712,2.225);
#1360=VECTOR('',#4715,0.753);
#1361=VECTOR('',#4716,2.);
#1362=VECTOR('',#4717,0.753);
#1363=VECTOR('',#4718,1.5);
#1364=VECTOR('',#4719,4.725);
#1365=VECTOR('',#4722,0.5);
#1366=VECTOR('',#4725,0.5);
#1367=VECTOR('',#4728,0.5);
#1368=VECTOR('',#4731,0.5);
#1369=VECTOR('',#4736,0.5);
#1370=VECTOR('',#4739,0.5);
#1371=VECTOR('',#4742,0.5);
#1372=VECTOR('',#4745,0.5);
#1373=VECTOR('',#4750,3.17);
#1374=VECTOR('',#4751,0.2126062346163);
#1375=VECTOR('',#4752,3.17);
#1376=VECTOR('',#4757,3.17);
#1377=VECTOR('',#4762,3.17);
#1378=VECTOR('',#4767,3.17);
#1379=VECTOR('',#4770,0.2126062346163);
#1380=VECTOR('',#4771,3.17);
#1381=VECTOR('',#4776,3.17);
#1382=VECTOR('',#4779,0.2126062346164);
#1383=VECTOR('',#4780,3.17);
#1384=VECTOR('',#4785,3.17);
#1385=VECTOR('',#4790,3.17);
#1386=VECTOR('',#4795,3.17);
#1387=VECTOR('',#4798,0.2126062346163);
#1388=VECTOR('',#4799,3.17);
#1389=VECTOR('',#4804,3.17);
#1390=VECTOR('',#4807,0.2126062346163);
#1391=VECTOR('',#4808,3.17);
#1392=VECTOR('',#4813,3.17);
#1393=VECTOR('',#4818,3.17);
#1394=VECTOR('',#4823,3.17);
#1395=VECTOR('',#4826,0.2126062346163);
#1396=VECTOR('',#4827,3.17);
#1397=VECTOR('',#4832,3.17);
#1398=VECTOR('',#4835,0.2126062346163);
#1399=VECTOR('',#4836,3.17);
#1400=VECTOR('',#4841,3.17);
#1401=VECTOR('',#4846,3.17);
#1402=VECTOR('',#4851,3.17);
#1403=VECTOR('',#4854,0.2126062346163);
#1404=VECTOR('',#4855,3.17);
#1405=VERTEX_POINT('',#4864);
#1406=VERTEX_POINT('',#4865);
#1407=VERTEX_POINT('',#4867);
#1408=VERTEX_POINT('',#4869);
#1409=VERTEX_POINT('',#4871);
#1410=VERTEX_POINT('',#4873);
#1411=VERTEX_POINT('',#4875);
#1412=VERTEX_POINT('',#4877);
#1413=VERTEX_POINT('',#4880);
#1414=VERTEX_POINT('',#4881);
#1415=VERTEX_POINT('',#4883);
#1416=VERTEX_POINT('',#4885);
#1417=VERTEX_POINT('',#4888);
#1418=VERTEX_POINT('',#4889);
#1419=VERTEX_POINT('',#4891);
#1420=VERTEX_POINT('',#4893);
#1421=VERTEX_POINT('',#4896);
#1422=VERTEX_POINT('',#4897);
#1423=VERTEX_POINT('',#4899);
#1424=VERTEX_POINT('',#4901);
#1425=VERTEX_POINT('',#4904);
#1426=VERTEX_POINT('',#4905);
#1427=VERTEX_POINT('',#4907);
#1428=VERTEX_POINT('',#4909);
#1429=VERTEX_POINT('',#4912);
#1430=VERTEX_POINT('',#4913);
#1431=VERTEX_POINT('',#4915);
#1432=VERTEX_POINT('',#4917);
#1433=VERTEX_POINT('',#4919);
#1434=VERTEX_POINT('',#4921);
#1435=VERTEX_POINT('',#4923);
#1436=VERTEX_POINT('',#4925);
#1437=VERTEX_POINT('',#4927);
#1438=VERTEX_POINT('',#4929);
#1439=VERTEX_POINT('',#4931);
#1440=VERTEX_POINT('',#4933);
#1441=VERTEX_POINT('',#4935);
#1442=VERTEX_POINT('',#4937);
#1443=VERTEX_POINT('',#4939);
#1444=VERTEX_POINT('',#4941);
#1445=VERTEX_POINT('',#4943);
#1446=VERTEX_POINT('',#4945);
#1447=VERTEX_POINT('',#4947);
#1448=VERTEX_POINT('',#4949);
#1449=VERTEX_POINT('',#4951);
#1450=VERTEX_POINT('',#4953);
#1451=VERTEX_POINT('',#4955);
#1452=VERTEX_POINT('',#4957);
#1453=VERTEX_POINT('',#4961);
#1454=VERTEX_POINT('',#4963);
#1455=VERTEX_POINT('',#4967);
#1456=VERTEX_POINT('',#4971);
#1457=VERTEX_POINT('',#4978);
#1458=VERTEX_POINT('',#4979);
#1459=VERTEX_POINT('',#4981);
#1460=VERTEX_POINT('',#4983);
#1461=VERTEX_POINT('',#4995);
#1462=VERTEX_POINT('',#4997);
#1463=VERTEX_POINT('',#5001);
#1464=VERTEX_POINT('',#5002);
#1465=VERTEX_POINT('',#5004);
#1466=VERTEX_POINT('',#5007);
#1467=VERTEX_POINT('',#5009);
#1468=VERTEX_POINT('',#5013);
#1469=VERTEX_POINT('',#5014);
#1470=VERTEX_POINT('',#5016);
#1471=VERTEX_POINT('',#5018);
#1472=VERTEX_POINT('',#5022);
#1473=VERTEX_POINT('',#5023);
#1474=VERTEX_POINT('',#5026);
#1475=VERTEX_POINT('',#5028);
#1476=VERTEX_POINT('',#5030);
#1477=VERTEX_POINT('',#5032);
#1478=VERTEX_POINT('',#5034);
#1479=VERTEX_POINT('',#5036);
#1480=VERTEX_POINT('',#5039);
#1481=VERTEX_POINT('',#5041);
#1482=VERTEX_POINT('',#5043);
#1483=VERTEX_POINT('',#5045);
#1484=VERTEX_POINT('',#5049);
#1485=VERTEX_POINT('',#5051);
#1486=VERTEX_POINT('',#5053);
#1487=VERTEX_POINT('',#5055);
#1488=VERTEX_POINT('',#5059);
#1489=VERTEX_POINT('',#5061);
#1490=VERTEX_POINT('',#5066);
#1491=VERTEX_POINT('',#5070);
#1492=VERTEX_POINT('',#5074);
#1493=VERTEX_POINT('',#5075);
#1494=VERTEX_POINT('',#5077);
#1495=VERTEX_POINT('',#5082);
#1496=VERTEX_POINT('',#5083);
#1497=VERTEX_POINT('',#5085);
#1498=VERTEX_POINT('',#5087);
#1499=VERTEX_POINT('',#5089);
#1500=VERTEX_POINT('',#5091);
#1501=VERTEX_POINT('',#5094);
#1502=VERTEX_POINT('',#5096);
#1503=VERTEX_POINT('',#5099);
#1504=VERTEX_POINT('',#5101);
#1505=VERTEX_POINT('',#5103);
#1506=VERTEX_POINT('',#5105);
#1507=VERTEX_POINT('',#5107);
#1508=VERTEX_POINT('',#5109);
#1509=VERTEX_POINT('',#5111);
#1510=VERTEX_POINT('',#5113);
#1511=VERTEX_POINT('',#5115);
#1512=VERTEX_POINT('',#5117);
#1513=VERTEX_POINT('',#5119);
#1514=VERTEX_POINT('',#5121);
#1515=VERTEX_POINT('',#5123);
#1516=VERTEX_POINT('',#5125);
#1517=VERTEX_POINT('',#5127);
#1518=VERTEX_POINT('',#5129);
#1519=VERTEX_POINT('',#5131);
#1520=VERTEX_POINT('',#5133);
#1521=VERTEX_POINT('',#5135);
#1522=VERTEX_POINT('',#5139);
#1523=VERTEX_POINT('',#5141);
#1524=VERTEX_POINT('',#5145);
#1525=VERTEX_POINT('',#5149);
#1526=VERTEX_POINT('',#5151);
#1527=VERTEX_POINT('',#5153);
#1528=VERTEX_POINT('',#5157);
#1529=VERTEX_POINT('',#5158);
#1530=VERTEX_POINT('',#5160);
#1531=VERTEX_POINT('',#5162);
#1532=VERTEX_POINT('',#5164);
#1533=VERTEX_POINT('',#5169);
#1534=VERTEX_POINT('',#5170);
#1535=VERTEX_POINT('',#5175);
#1536=VERTEX_POINT('',#5177);
#1537=VERTEX_POINT('',#5179);
#1538=VERTEX_POINT('',#5181);
#1539=VERTEX_POINT('',#5185);
#1540=VERTEX_POINT('',#5187);
#1541=VERTEX_POINT('',#5189);
#1542=VERTEX_POINT('',#5191);
#1543=VERTEX_POINT('',#5193);
#1544=VERTEX_POINT('',#5195);
#1545=VERTEX_POINT('',#5198);
#1546=VERTEX_POINT('',#5200);
#1547=VERTEX_POINT('',#5202);
#1548=VERTEX_POINT('',#5204);
#1549=VERTEX_POINT('',#5206);
#1550=VERTEX_POINT('',#5208);
#1551=VERTEX_POINT('',#5212);
#1552=VERTEX_POINT('',#5216);
#1553=VERTEX_POINT('',#5218);
#1554=VERTEX_POINT('',#5220);
#1555=VERTEX_POINT('',#5224);
#1556=VERTEX_POINT('',#5226);
#1557=VERTEX_POINT('',#5228);
#1558=VERTEX_POINT('',#5230);
#1559=VERTEX_POINT('',#5232);
#1560=VERTEX_POINT('',#5234);
#1561=VERTEX_POINT('',#5245);
#1562=VERTEX_POINT('',#5263);
#1563=VERTEX_POINT('',#5266);
#1564=VERTEX_POINT('',#5267);
#1565=VERTEX_POINT('',#5269);
#1566=VERTEX_POINT('',#5271);
#1567=VERTEX_POINT('',#5274);
#1568=VERTEX_POINT('',#5275);
#1569=VERTEX_POINT('',#5277);
#1570=VERTEX_POINT('',#5279);
#1571=VERTEX_POINT('',#5283);
#1572=VERTEX_POINT('',#5284);
#1573=VERTEX_POINT('',#5286);
#1574=VERTEX_POINT('',#5288);
#1575=VERTEX_POINT('',#5292);
#1576=VERTEX_POINT('',#5293);
#1577=VERTEX_POINT('',#5295);
#1578=VERTEX_POINT('',#5297);
#1579=VERTEX_POINT('',#5300);
#1580=VERTEX_POINT('',#5302);
#1581=VERTEX_POINT('',#5306);
#1582=VERTEX_POINT('',#5308);
#1583=VERTEX_POINT('',#5312);
#1584=VERTEX_POINT('',#5314);
#1585=VERTEX_POINT('',#5318);
#1586=VERTEX_POINT('',#5322);
#1587=VERTEX_POINT('',#5326);
#1588=VERTEX_POINT('',#5330);
#1589=VERTEX_POINT('',#5334);
#1590=VERTEX_POINT('',#5338);
#1591=VERTEX_POINT('',#5342);
#1592=VERTEX_POINT('',#5344);
#1593=VERTEX_POINT('',#5348);
#1594=VERTEX_POINT('',#5352);
#1595=VERTEX_POINT('',#5354);
#1596=VERTEX_POINT('',#5358);
#1597=VERTEX_POINT('',#5362);
#1598=VERTEX_POINT('',#5368);
#1599=VERTEX_POINT('',#5378);
#1600=VERTEX_POINT('',#5379);
#1601=VERTEX_POINT('',#5381);
#1602=VERTEX_POINT('',#5383);
#1603=VERTEX_POINT('',#5390);
#1604=VERTEX_POINT('',#5392);
#1605=VERTEX_POINT('',#5394);
#1606=VERTEX_POINT('',#5398);
#1607=VERTEX_POINT('',#5400);
#1608=VERTEX_POINT('',#5402);
#1609=VERTEX_POINT('',#5404);
#1610=VERTEX_POINT('',#5406);
#1611=VERTEX_POINT('',#5410);
#1612=VERTEX_POINT('',#5414);
#1613=VERTEX_POINT('',#5418);
#1614=VERTEX_POINT('',#5422);
#1615=VERTEX_POINT('',#5424);
#1616=VERTEX_POINT('',#5426);
#1617=VERTEX_POINT('',#5428);
#1618=VERTEX_POINT('',#5430);
#1619=VERTEX_POINT('',#5432);
#1620=VERTEX_POINT('',#5436);
#1621=VERTEX_POINT('',#5440);
#1622=VERTEX_POINT('',#5441);
#1623=VERTEX_POINT('',#5444);
#1624=VERTEX_POINT('',#5446);
#1625=VERTEX_POINT('',#5448);
#1626=VERTEX_POINT('',#5450);
#1627=VERTEX_POINT('',#5452);
#1628=VERTEX_POINT('',#5454);
#1629=VERTEX_POINT('',#5458);
#1630=VERTEX_POINT('',#5460);
#1631=VERTEX_POINT('',#5464);
#1632=VERTEX_POINT('',#5468);
#1633=VERTEX_POINT('',#5469);
#1634=VERTEX_POINT('',#5471);
#1635=VERTEX_POINT('',#5473);
#1636=VERTEX_POINT('',#5476);
#1637=VERTEX_POINT('',#5478);
#1638=VERTEX_POINT('',#5480);
#1639=VERTEX_POINT('',#5482);
#1640=VERTEX_POINT('',#5484);
#1641=VERTEX_POINT('',#5488);
#1642=VERTEX_POINT('',#5490);
#1643=VERTEX_POINT('',#5494);
#1644=VERTEX_POINT('',#5497);
#1645=VERTEX_POINT('',#5499);
#1646=VERTEX_POINT('',#5513);
#1647=VERTEX_POINT('',#5517);
#1648=VERTEX_POINT('',#5521);
#1649=VERTEX_POINT('',#5524);
#1650=VERTEX_POINT('',#5526);
#1651=VERTEX_POINT('',#5528);
#1652=VERTEX_POINT('',#5532);
#1653=VERTEX_POINT('',#5534);
#1654=VERTEX_POINT('',#5538);
#1655=VERTEX_POINT('',#5540);
#1656=VERTEX_POINT('',#5545);
#1657=VERTEX_POINT('',#5551);
#1658=VERTEX_POINT('',#5553);
#1659=VERTEX_POINT('',#5562);
#1660=VERTEX_POINT('',#5564);
#1661=VERTEX_POINT('',#5578);
#1662=VERTEX_POINT('',#5580);
#1663=VERTEX_POINT('',#5586);
#1664=VERTEX_POINT('',#5590);
#1665=VERTEX_POINT('',#5591);
#1666=VERTEX_POINT('',#5594);
#1667=VERTEX_POINT('',#5597);
#1668=VERTEX_POINT('',#5598);
#1669=VERTEX_POINT('',#5600);
#1670=VERTEX_POINT('',#5602);
#1671=VERTEX_POINT('',#5619);
#1672=VERTEX_POINT('',#5620);
#1673=VERTEX_POINT('',#5625);
#1674=VERTEX_POINT('',#5626);
#1675=VERTEX_POINT('',#5628);
#1676=VERTEX_POINT('',#5630);
#1677=VERTEX_POINT('',#5633);
#1678=VERTEX_POINT('',#5635);
#1679=VERTEX_POINT('',#5639);
#1680=VERTEX_POINT('',#5640);
#1681=VERTEX_POINT('',#5645);
#1682=VERTEX_POINT('',#5647);
#1683=VERTEX_POINT('',#5651);
#1684=VERTEX_POINT('',#5655);
#1685=VERTEX_POINT('',#5661);
#1686=VERTEX_POINT('',#5665);
#1687=VERTEX_POINT('',#5669);
#1688=VERTEX_POINT('',#5671);
#1689=VERTEX_POINT('',#5675);
#1690=VERTEX_POINT('',#5679);
#1691=VERTEX_POINT('',#5681);
#1692=VERTEX_POINT('',#5685);
#1693=VERTEX_POINT('',#5689);
#1694=VERTEX_POINT('',#5695);
#1695=VERTEX_POINT('',#5712);
#1696=VERTEX_POINT('',#5716);
#1697=VERTEX_POINT('',#5720);
#1698=VERTEX_POINT('',#5724);
#1699=VERTEX_POINT('',#5726);
#1700=VERTEX_POINT('',#5728);
#1701=VERTEX_POINT('',#5739);
#1702=VERTEX_POINT('',#5743);
#1703=VERTEX_POINT('',#5747);
#1704=VERTEX_POINT('',#5751);
#1705=VERTEX_POINT('',#5755);
#1706=VERTEX_POINT('',#5759);
#1707=VERTEX_POINT('',#5766);
#1708=VERTEX_POINT('',#5768);
#1709=VERTEX_POINT('',#5770);
#1710=VERTEX_POINT('',#5772);
#1711=VERTEX_POINT('',#5776);
#1712=VERTEX_POINT('',#5778);
#1713=VERTEX_POINT('',#5780);
#1714=VERTEX_POINT('',#5782);
#1715=VERTEX_POINT('',#5804);
#1716=VERTEX_POINT('',#5806);
#1717=VERTEX_POINT('',#5810);
#1718=VERTEX_POINT('',#5814);
#1719=VERTEX_POINT('',#5818);
#1720=VERTEX_POINT('',#5822);
#1721=VERTEX_POINT('',#5826);
#1722=VERTEX_POINT('',#5830);
#1723=VERTEX_POINT('',#5834);
#1724=VERTEX_POINT('',#5838);
#1725=VERTEX_POINT('',#5842);
#1726=VERTEX_POINT('',#5846);
#1727=VERTEX_POINT('',#5850);
#1728=VERTEX_POINT('',#5854);
#1729=VERTEX_POINT('',#5858);
#1730=VERTEX_POINT('',#5862);
#1731=VERTEX_POINT('',#5866);
#1732=VERTEX_POINT('',#5870);
#1733=VERTEX_POINT('',#5874);
#1734=VERTEX_POINT('',#5878);
#1735=VERTEX_POINT('',#5882);
#1736=VERTEX_POINT('',#5886);
#1737=VERTEX_POINT('',#5890);
#1738=VERTEX_POINT('',#5894);
#1739=EDGE_CURVE('',#1405,#1406,#521,.T.);
#1740=EDGE_CURVE('',#1407,#1406,#522,.T.);
#1741=EDGE_CURVE('',#1408,#1407,#523,.T.);
#1742=EDGE_CURVE('',#1409,#1408,#524,.T.);
#1743=EDGE_CURVE('',#1410,#1409,#525,.T.);
#1744=EDGE_CURVE('',#1410,#1411,#526,.T.);
#1745=EDGE_CURVE('',#1412,#1411,#527,.T.);
#1746=EDGE_CURVE('',#1405,#1412,#528,.T.);
#1747=EDGE_CURVE('',#1413,#1414,#529,.T.);
#1748=EDGE_CURVE('',#1415,#1413,#530,.T.);
#1749=EDGE_CURVE('',#1415,#1416,#531,.T.);
#1750=EDGE_CURVE('',#1414,#1416,#532,.T.);
#1751=EDGE_CURVE('',#1417,#1418,#533,.T.);
#1752=EDGE_CURVE('',#1419,#1417,#534,.T.);
#1753=EDGE_CURVE('',#1419,#1420,#535,.T.);
#1754=EDGE_CURVE('',#1418,#1420,#536,.T.);
#1755=EDGE_CURVE('',#1421,#1422,#537,.T.);
#1756=EDGE_CURVE('',#1421,#1423,#538,.T.);
#1757=EDGE_CURVE('',#1423,#1424,#539,.T.);
#1758=EDGE_CURVE('',#1422,#1424,#540,.T.);
#1759=EDGE_CURVE('',#1425,#1426,#541,.T.);
#1760=EDGE_CURVE('',#1426,#1427,#542,.T.);
#1761=EDGE_CURVE('',#1428,#1427,#543,.T.);
#1762=EDGE_CURVE('',#1425,#1428,#544,.T.);
#1763=EDGE_CURVE('',#1429,#1430,#545,.T.);
#1764=EDGE_CURVE('',#1431,#1429,#55,.T.);
#1765=EDGE_CURVE('',#1432,#1431,#56,.T.);
#1766=EDGE_CURVE('',#1433,#1432,#57,.T.);
#1767=EDGE_CURVE('',#1434,#1433,#546,.T.);
#1768=EDGE_CURVE('',#1434,#1435,#58,.T.);
#1769=EDGE_CURVE('',#1436,#1435,#547,.T.);
#1770=EDGE_CURVE('',#1437,#1436,#59,.T.);
#1771=EDGE_CURVE('',#1438,#1437,#60,.T.);
#1772=EDGE_CURVE('',#1439,#1438,#61,.T.);
#1773=EDGE_CURVE('',#1440,#1439,#548,.T.);
#1774=EDGE_CURVE('',#1440,#1441,#62,.T.);
#1775=EDGE_CURVE('',#1442,#1441,#549,.T.);
#1776=EDGE_CURVE('',#1443,#1442,#63,.T.);
#1777=EDGE_CURVE('',#1444,#1443,#64,.T.);
#1778=EDGE_CURVE('',#1445,#1444,#65,.T.);
#1779=EDGE_CURVE('',#1446,#1445,#550,.T.);
#1780=EDGE_CURVE('',#1446,#1447,#66,.T.);
#1781=EDGE_CURVE('',#1448,#1447,#551,.T.);
#1782=EDGE_CURVE('',#1449,#1448,#67,.T.);
#1783=EDGE_CURVE('',#1450,#1449,#68,.T.);
#1784=EDGE_CURVE('',#1451,#1450,#69,.T.);
#1785=EDGE_CURVE('',#1452,#1451,#552,.T.);
#1786=EDGE_CURVE('',#1452,#1430,#70,.T.);
#1787=EDGE_CURVE('',#1418,#1453,#553,.T.);
#1788=EDGE_CURVE('',#1454,#1453,#554,.T.);
#1789=EDGE_CURVE('',#1417,#1454,#555,.T.);
#1790=EDGE_CURVE('',#1419,#1455,#556,.T.);
#1791=EDGE_CURVE('',#1455,#1454,#557,.T.);
#1792=EDGE_CURVE('',#1456,#1455,#558,.T.);
#1793=EDGE_CURVE('',#1420,#1456,#559,.T.);
#1794=EDGE_CURVE('',#1453,#1456,#560,.T.);
#1795=EDGE_CURVE('',#1457,#1458,#561,.T.);
#1796=EDGE_CURVE('',#1458,#1459,#562,.T.);
#1797=EDGE_CURVE('',#1459,#1460,#563,.T.);
#1798=EDGE_CURVE('',#1460,#1457,#564,.T.);
#1799=EDGE_CURVE('',#1414,#1458,#565,.T.);
#1800=EDGE_CURVE('',#1413,#1457,#566,.T.);
#1801=EDGE_CURVE('',#1415,#1460,#567,.T.);
#1802=EDGE_CURVE('',#1416,#1459,#568,.T.);
#1803=EDGE_CURVE('',#1406,#1461,#569,.T.);
#1804=EDGE_CURVE('',#1405,#1462,#570,.T.);
#1805=EDGE_CURVE('',#1461,#1462,#571,.T.);
#1806=EDGE_CURVE('',#1463,#1464,#572,.T.);
#1807=EDGE_CURVE('',#1464,#1465,#573,.T.);
#1808=EDGE_CURVE('',#1407,#1465,#574,.T.);
#1809=EDGE_CURVE('',#1466,#1461,#575,.T.);
#1810=EDGE_CURVE('',#1467,#1466,#576,.T.);
#1811=EDGE_CURVE('',#1467,#1463,#577,.T.);
#1812=EDGE_CURVE('',#1468,#1469,#578,.T.);
#1813=EDGE_CURVE('',#1470,#1469,#579,.T.);
#1814=EDGE_CURVE('',#1471,#1470,#580,.T.);
#1815=EDGE_CURVE('',#1471,#1468,#581,.T.);
#1816=EDGE_CURVE('',#1472,#1473,#582,.T.);
#1817=EDGE_CURVE('',#1469,#1472,#583,.T.);
#1818=EDGE_CURVE('',#1468,#1474,#584,.T.);
#1819=EDGE_CURVE('',#1475,#1474,#585,.T.);
#1820=EDGE_CURVE('',#1476,#1475,#586,.T.);
#1821=EDGE_CURVE('',#1477,#1476,#587,.T.);
#1822=EDGE_CURVE('',#1478,#1477,#588,.T.);
#1823=EDGE_CURVE('',#1479,#1478,#589,.T.);
#1824=EDGE_CURVE('',#1464,#1479,#590,.T.);
#1825=EDGE_CURVE('',#1480,#1463,#591,.T.);
#1826=EDGE_CURVE('',#1481,#1480,#592,.T.);
#1827=EDGE_CURVE('',#1482,#1481,#593,.T.);
#1828=EDGE_CURVE('',#1483,#1482,#594,.T.);
#1829=EDGE_CURVE('',#1473,#1483,#595,.T.);
#1830=EDGE_CURVE('',#1428,#1484,#596,.T.);
#1831=EDGE_CURVE('',#1485,#1427,#597,.T.);
#1832=EDGE_CURVE('',#1486,#1485,#598,.T.);
#1833=EDGE_CURVE('',#1487,#1486,#599,.T.);
#1834=EDGE_CURVE('',#1484,#1487,#600,.T.);
#1835=EDGE_CURVE('',#1488,#1473,#601,.T.);
#1836=EDGE_CURVE('',#1489,#1488,#602,.T.);
#1837=EDGE_CURVE('',#1489,#1472,#603,.T.);
#1838=EDGE_CURVE('',#1466,#1489,#604,.T.);
#1839=EDGE_CURVE('',#1490,#1462,#605,.T.);
#1840=EDGE_CURVE('',#1470,#1490,#606,.T.);
#1841=EDGE_CURVE('',#1491,#1465,#607,.T.);
#1842=EDGE_CURVE('',#1408,#1491,#608,.T.);
#1843=EDGE_CURVE('',#1492,#1493,#609,.T.);
#1844=EDGE_CURVE('',#1494,#1492,#610,.T.);
#1845=EDGE_CURVE('',#1494,#1471,#611,.T.);
#1846=EDGE_CURVE('',#1490,#1493,#612,.T.);
#1847=EDGE_CURVE('',#1495,#1496,#71,.T.);
#1848=EDGE_CURVE('',#1497,#1496,#613,.T.);
#1849=EDGE_CURVE('',#1497,#1498,#614,.T.);
#1850=EDGE_CURVE('',#1499,#1498,#615,.T.);
#1851=EDGE_CURVE('',#1500,#1499,#616,.T.);
#1852=EDGE_CURVE('',#1409,#1500,#617,.T.);
#1853=EDGE_CURVE('',#1491,#1501,#618,.T.);
#1854=EDGE_CURVE('',#1501,#1502,#619,.T.);
#1855=EDGE_CURVE('',#1494,#1502,#620,.T.);
#1856=EDGE_CURVE('',#1492,#1503,#72,.T.);
#1857=EDGE_CURVE('',#1504,#1503,#621,.T.);
#1858=EDGE_CURVE('',#1505,#1504,#622,.T.);
#1859=EDGE_CURVE('',#1506,#1505,#623,.T.);
#1860=EDGE_CURVE('',#1506,#1507,#624,.T.);
#1861=EDGE_CURVE('',#1508,#1507,#625,.T.);
#1862=EDGE_CURVE('',#1508,#1509,#626,.T.);
#1863=EDGE_CURVE('',#1510,#1509,#627,.T.);
#1864=EDGE_CURVE('',#1511,#1510,#628,.T.);
#1865=EDGE_CURVE('',#1512,#1511,#629,.T.);
#1866=EDGE_CURVE('',#1513,#1512,#630,.T.);
#1867=EDGE_CURVE('',#1514,#1513,#631,.T.);
#1868=EDGE_CURVE('',#1515,#1514,#632,.T.);
#1869=EDGE_CURVE('',#1516,#1515,#633,.T.);
#1870=EDGE_CURVE('',#1517,#1516,#634,.T.);
#1871=EDGE_CURVE('',#1518,#1517,#635,.T.);
#1872=EDGE_CURVE('',#1519,#1518,#636,.T.);
#1873=EDGE_CURVE('',#1520,#1519,#637,.T.);
#1874=EDGE_CURVE('',#1520,#1521,#638,.T.);
#1875=EDGE_CURVE('',#1495,#1521,#639,.T.);
#1876=EDGE_CURVE('',#1522,#1495,#640,.T.);
#1877=EDGE_CURVE('',#1523,#1522,#73,.T.);
#1878=EDGE_CURVE('',#1523,#1496,#641,.T.);
#1879=EDGE_CURVE('',#1410,#1524,#642,.T.);
#1880=EDGE_CURVE('',#1500,#1524,#643,.T.);
#1881=EDGE_CURVE('',#1525,#1523,#644,.T.);
#1882=EDGE_CURVE('',#1526,#1525,#645,.T.);
#1883=EDGE_CURVE('',#1527,#1526,#646,.T.);
#1884=EDGE_CURVE('',#1497,#1527,#647,.T.);
#1885=EDGE_CURVE('',#1528,#1529,#648,.T.);
#1886=EDGE_CURVE('',#1530,#1528,#649,.T.);
#1887=EDGE_CURVE('',#1531,#1530,#650,.T.);
#1888=EDGE_CURVE('',#1531,#1532,#651,.T.);
#1889=EDGE_CURVE('',#1411,#1532,#652,.T.);
#1890=EDGE_CURVE('',#1524,#1529,#653,.T.);
#1891=EDGE_CURVE('',#1533,#1534,#654,.T.);
#1892=EDGE_CURVE('',#1533,#1527,#655,.T.);
#1893=EDGE_CURVE('',#1526,#1534,#656,.T.);
#1894=EDGE_CURVE('',#1423,#1535,#657,.T.);
#1895=EDGE_CURVE('',#1535,#1536,#658,.T.);
#1896=EDGE_CURVE('',#1536,#1537,#659,.T.);
#1897=EDGE_CURVE('',#1537,#1538,#660,.T.);
#1898=EDGE_CURVE('',#1538,#1424,#661,.T.);
#1899=EDGE_CURVE('',#1529,#1539,#662,.T.);
#1900=EDGE_CURVE('',#1539,#1540,#663,.T.);
#1901=EDGE_CURVE('',#1540,#1541,#664,.T.);
#1902=EDGE_CURVE('',#1541,#1542,#665,.T.);
#1903=EDGE_CURVE('',#1542,#1543,#666,.T.);
#1904=EDGE_CURVE('',#1543,#1544,#667,.T.);
#1905=EDGE_CURVE('',#1533,#1544,#668,.T.);
#1906=EDGE_CURVE('',#1534,#1545,#669,.T.);
#1907=EDGE_CURVE('',#1545,#1546,#670,.T.);
#1908=EDGE_CURVE('',#1546,#1547,#671,.T.);
#1909=EDGE_CURVE('',#1547,#1548,#672,.T.);
#1910=EDGE_CURVE('',#1548,#1549,#673,.T.);
#1911=EDGE_CURVE('',#1549,#1550,#674,.T.);
#1912=EDGE_CURVE('',#1550,#1528,#675,.T.);
#1913=EDGE_CURVE('',#1551,#1538,#676,.T.);
#1914=EDGE_CURVE('',#1551,#1422,#677,.T.);
#1915=EDGE_CURVE('',#1552,#1551,#678,.T.);
#1916=EDGE_CURVE('',#1553,#1552,#679,.T.);
#1917=EDGE_CURVE('',#1554,#1553,#680,.T.);
#1918=EDGE_CURVE('',#1421,#1554,#681,.T.);
#1919=EDGE_CURVE('',#1555,#1530,#682,.T.);
#1920=EDGE_CURVE('',#1556,#1555,#683,.T.);
#1921=EDGE_CURVE('',#1557,#1556,#684,.T.);
#1922=EDGE_CURVE('',#1558,#1557,#685,.T.);
#1923=EDGE_CURVE('',#1559,#1558,#686,.T.);
#1924=EDGE_CURVE('',#1560,#1559,#687,.T.);
#1925=EDGE_CURVE('',#1531,#1560,#688,.T.);
#1926=EDGE_CURVE('',#1554,#1535,#689,.T.);
#1927=EDGE_CURVE('',#1553,#1536,#690,.T.);
#1928=EDGE_CURVE('',#1552,#1537,#691,.T.);
#1929=EDGE_CURVE('',#1525,#1561,#692,.T.);
#1930=EDGE_CURVE('',#1532,#1561,#693,.T.);
#1931=EDGE_CURVE('',#1560,#1545,#694,.T.);
#1932=EDGE_CURVE('',#1559,#1546,#695,.T.);
#1933=EDGE_CURVE('',#1558,#1547,#696,.T.);
#1934=EDGE_CURVE('',#1557,#1548,#697,.T.);
#1935=EDGE_CURVE('',#1556,#1549,#698,.T.);
#1936=EDGE_CURVE('',#1555,#1550,#699,.T.);
#1937=EDGE_CURVE('',#1412,#1561,#700,.T.);
#1938=EDGE_CURVE('',#1562,#1522,#701,.T.);
#1939=EDGE_CURVE('',#1562,#1493,#74,.T.);
#1940=EDGE_CURVE('',#1563,#1564,#702,.T.);
#1941=EDGE_CURVE('',#1563,#1565,#703,.T.);
#1942=EDGE_CURVE('',#1565,#1566,#704,.T.);
#1943=EDGE_CURVE('',#1564,#1566,#705,.T.);
#1944=EDGE_CURVE('',#1567,#1568,#706,.T.);
#1945=EDGE_CURVE('',#1567,#1569,#707,.T.);
#1946=EDGE_CURVE('',#1569,#1570,#708,.T.);
#1947=EDGE_CURVE('',#1568,#1570,#709,.T.);
#1948=EDGE_CURVE('',#1571,#1572,#710,.T.);
#1949=EDGE_CURVE('',#1573,#1572,#711,.T.);
#1950=EDGE_CURVE('',#1574,#1573,#712,.T.);
#1951=EDGE_CURVE('',#1571,#1574,#713,.T.);
#1952=EDGE_CURVE('',#1575,#1576,#714,.T.);
#1953=EDGE_CURVE('',#1577,#1576,#715,.T.);
#1954=EDGE_CURVE('',#1578,#1577,#75,.T.);
#1955=EDGE_CURVE('',#1567,#1578,#716,.T.);
#1956=EDGE_CURVE('',#1579,#1568,#717,.T.);
#1957=EDGE_CURVE('',#1580,#1579,#76,.T.);
#1958=EDGE_CURVE('',#1575,#1580,#718,.T.);
#1959=EDGE_CURVE('',#1581,#1571,#719,.T.);
#1960=EDGE_CURVE('',#1581,#1582,#720,.T.);
#1961=EDGE_CURVE('',#1572,#1582,#721,.T.);
#1962=EDGE_CURVE('',#1583,#1571,#722,.T.);
#1963=EDGE_CURVE('',#1583,#1584,#723,.T.);
#1964=EDGE_CURVE('',#1584,#1581,#724,.T.);
#1965=EDGE_CURVE('',#1585,#1582,#725,.T.);
#1966=EDGE_CURVE('',#1585,#1584,#726,.T.);
#1967=EDGE_CURVE('',#1585,#1586,#727,.T.);
#1968=EDGE_CURVE('',#1586,#1572,#728,.T.);
#1969=EDGE_CURVE('',#1587,#1570,#729,.T.);
#1970=EDGE_CURVE('',#1579,#1587,#730,.T.);
#1971=EDGE_CURVE('',#1588,#1586,#731,.T.);
#1972=EDGE_CURVE('',#1573,#1588,#732,.T.);
#1973=EDGE_CURVE('',#1589,#1587,#77,.T.);
#1974=EDGE_CURVE('',#1580,#1589,#733,.T.);
#1975=EDGE_CURVE('',#1590,#1575,#734,.T.);
#1976=EDGE_CURVE('',#1590,#1589,#735,.T.);
#1977=EDGE_CURVE('',#1591,#1575,#736,.T.);
#1978=EDGE_CURVE('',#1590,#1592,#737,.T.);
#1979=EDGE_CURVE('',#1592,#1591,#738,.T.);
#1980=EDGE_CURVE('',#1591,#1593,#739,.T.);
#1981=EDGE_CURVE('',#1593,#1576,#740,.T.);
#1982=EDGE_CURVE('',#1594,#1576,#741,.T.);
#1983=EDGE_CURVE('',#1595,#1593,#742,.T.);
#1984=EDGE_CURVE('',#1595,#1594,#743,.T.);
#1985=EDGE_CURVE('',#1596,#1594,#744,.T.);
#1986=EDGE_CURVE('',#1577,#1596,#745,.T.);
#1987=EDGE_CURVE('',#1597,#1596,#78,.T.);
#1988=EDGE_CURVE('',#1578,#1597,#746,.T.);
#1989=EDGE_CURVE('',#1569,#1597,#747,.T.);
#1990=EDGE_CURVE('',#1574,#1598,#748,.T.);
#1991=EDGE_CURVE('',#1583,#1598,#749,.T.);
#1992=EDGE_CURVE('',#1586,#1583,#750,.T.);
#1993=EDGE_CURVE('',#1598,#1588,#751,.T.);
#1994=EDGE_CURVE('',#1594,#1590,#752,.T.);
#1995=EDGE_CURVE('',#1599,#1600,#753,.T.);
#1996=EDGE_CURVE('',#1601,#1599,#754,.T.);
#1997=EDGE_CURVE('',#1602,#1601,#755,.T.);
#1998=EDGE_CURVE('',#1600,#1602,#756,.T.);
#1999=EDGE_CURVE('',#1516,#1599,#757,.T.);
#2000=EDGE_CURVE('',#1517,#1600,#758,.T.);
#2001=EDGE_CURVE('',#1603,#1518,#759,.T.);
#2002=EDGE_CURVE('',#1604,#1602,#760,.T.);
#2003=EDGE_CURVE('',#1605,#1604,#761,.T.);
#2004=EDGE_CURVE('',#1605,#1603,#79,.T.);
#2005=EDGE_CURVE('',#1606,#1603,#762,.T.);
#2006=EDGE_CURVE('',#1607,#1606,#763,.T.);
#2007=EDGE_CURVE('',#1607,#1608,#764,.T.);
#2008=EDGE_CURVE('',#1608,#1609,#80,.T.);
#2009=EDGE_CURVE('',#1609,#1610,#765,.T.);
#2010=EDGE_CURVE('',#1519,#1610,#81,.T.);
#2011=EDGE_CURVE('',#1611,#1605,#766,.T.);
#2012=EDGE_CURVE('',#1606,#1611,#82,.T.);
#2013=EDGE_CURVE('',#1611,#1612,#83,.T.);
#2014=EDGE_CURVE('',#1612,#1606,#84,.T.);
#2015=EDGE_CURVE('',#1613,#1612,#767,.T.);
#2016=EDGE_CURVE('',#1607,#1613,#15,.T.);
#2017=EDGE_CURVE('',#1614,#1612,#768,.T.);
#2018=EDGE_CURVE('',#1614,#1615,#769,.T.);
#2019=EDGE_CURVE('',#1615,#1616,#770,.T.);
#2020=EDGE_CURVE('',#1617,#1616,#771,.T.);
#2021=EDGE_CURVE('',#1618,#1617,#772,.T.);
#2022=EDGE_CURVE('',#1618,#1619,#773,.T.);
#2023=EDGE_CURVE('',#1613,#1619,#774,.T.);
#2024=EDGE_CURVE('',#1620,#1611,#775,.T.);
#2025=EDGE_CURVE('',#1614,#1620,#85,.T.);
#2026=EDGE_CURVE('',#1621,#1622,#776,.T.);
#2027=EDGE_CURVE('',#1622,#1620,#86,.T.);
#2028=EDGE_CURVE('',#1623,#1604,#777,.T.);
#2029=EDGE_CURVE('',#1623,#1624,#778,.T.);
#2030=EDGE_CURVE('',#1624,#1625,#779,.T.);
#2031=EDGE_CURVE('',#1625,#1626,#780,.T.);
#2032=EDGE_CURVE('',#1626,#1627,#781,.T.);
#2033=EDGE_CURVE('',#1627,#1628,#782,.T.);
#2034=EDGE_CURVE('',#1628,#1621,#87,.T.);
#2035=EDGE_CURVE('',#1629,#1621,#783,.T.);
#2036=EDGE_CURVE('',#1629,#1630,#784,.T.);
#2037=EDGE_CURVE('',#1622,#1630,#785,.T.);
#2038=EDGE_CURVE('',#1631,#1628,#786,.T.);
#2039=EDGE_CURVE('',#1629,#1631,#88,.T.);
#2040=EDGE_CURVE('',#1632,#1633,#89,.T.);
#2041=EDGE_CURVE('',#1633,#1634,#787,.T.);
#2042=EDGE_CURVE('',#1634,#1635,#788,.T.);
#2043=EDGE_CURVE('',#1635,#1630,#90,.T.);
#2044=EDGE_CURVE('',#1636,#1631,#789,.T.);
#2045=EDGE_CURVE('',#1636,#1637,#790,.T.);
#2046=EDGE_CURVE('',#1637,#1638,#91,.T.);
#2047=EDGE_CURVE('',#1639,#1638,#791,.T.);
#2048=EDGE_CURVE('',#1640,#1639,#792,.T.);
#2049=EDGE_CURVE('',#1640,#1632,#793,.T.);
#2050=EDGE_CURVE('',#1641,#1632,#794,.T.);
#2051=EDGE_CURVE('',#1642,#1641,#92,.T.);
#2052=EDGE_CURVE('',#1642,#1633,#795,.T.);
#2053=EDGE_CURVE('',#1642,#1643,#796,.T.);
#2054=EDGE_CURVE('',#1637,#1643,#797,.T.);
#2055=EDGE_CURVE('',#1636,#1644,#798,.T.);
#2056=EDGE_CURVE('',#1645,#1644,#799,.T.);
#2057=EDGE_CURVE('',#1634,#1645,#800,.T.);
#2058=EDGE_CURVE('',#1620,#1635,#801,.T.);
#2059=EDGE_CURVE('',#1645,#1615,#802,.T.);
#2060=EDGE_CURVE('',#1644,#1616,#803,.T.);
#2061=EDGE_CURVE('',#1628,#1617,#93,.T.);
#2062=EDGE_CURVE('',#1618,#1627,#94,.T.);
#2063=EDGE_CURVE('',#1627,#1646,#95,.T.);
#2064=EDGE_CURVE('',#1646,#1618,#96,.T.);
#2065=EDGE_CURVE('',#1646,#1647,#804,.T.);
#2066=EDGE_CURVE('',#1619,#1647,#16,.T.);
#2067=EDGE_CURVE('',#1648,#1646,#805,.T.);
#2068=EDGE_CURVE('',#1648,#1507,#806,.T.);
#2069=EDGE_CURVE('',#1506,#1649,#97,.T.);
#2070=EDGE_CURVE('',#1650,#1649,#807,.T.);
#2071=EDGE_CURVE('',#1651,#1650,#98,.T.);
#2072=EDGE_CURVE('',#1647,#1651,#808,.T.);
#2073=EDGE_CURVE('',#1652,#1613,#809,.T.);
#2074=EDGE_CURVE('',#1652,#1653,#810,.T.);
#2075=EDGE_CURVE('',#1653,#1608,#811,.T.);
#2076=EDGE_CURVE('',#1651,#1654,#812,.T.);
#2077=EDGE_CURVE('',#1655,#1654,#813,.T.);
#2078=EDGE_CURVE('',#1619,#1655,#814,.T.);
#2079=EDGE_CURVE('',#1641,#1652,#815,.T.);
#2080=EDGE_CURVE('',#1656,#1655,#816,.T.);
#2081=EDGE_CURVE('',#1656,#1643,#99,.T.);
#2082=EDGE_CURVE('',#1638,#1656,#817,.T.);
#2083=EDGE_CURVE('',#1654,#1657,#100,.T.);
#2084=EDGE_CURVE('',#1657,#1658,#818,.T.);
#2085=EDGE_CURVE('',#1658,#1505,#101,.T.);
#2086=EDGE_CURVE('',#1504,#1639,#819,.T.);
#2087=EDGE_CURVE('',#1521,#1640,#820,.T.);
#2088=EDGE_CURVE('',#1503,#1562,#821,.T.);
#2089=EDGE_CURVE('',#1659,#1520,#102,.T.);
#2090=EDGE_CURVE('',#1660,#1659,#822,.T.);
#2091=EDGE_CURVE('',#1653,#1660,#103,.T.);
#2092=EDGE_CURVE('',#1660,#1609,#823,.T.);
#2093=EDGE_CURVE('',#1650,#1657,#824,.T.);
#2094=EDGE_CURVE('',#1659,#1610,#825,.T.);
#2095=EDGE_CURVE('',#1649,#1658,#826,.T.);
#2096=EDGE_CURVE('',#1625,#1661,#827,.T.);
#2097=EDGE_CURVE('',#1661,#1662,#828,.T.);
#2098=EDGE_CURVE('',#1508,#1662,#829,.T.);
#2099=EDGE_CURVE('',#1648,#1626,#104,.T.);
#2100=EDGE_CURVE('',#1663,#1662,#830,.T.);
#2101=EDGE_CURVE('',#1663,#1509,#831,.T.);
#2102=EDGE_CURVE('',#1664,#1665,#832,.T.);
#2103=EDGE_CURVE('',#1665,#1663,#833,.T.);
#2104=EDGE_CURVE('',#1666,#1661,#834,.T.);
#2105=EDGE_CURVE('',#1664,#1666,#835,.T.);
#2106=EDGE_CURVE('',#1667,#1668,#836,.T.);
#2107=EDGE_CURVE('',#1668,#1669,#837,.T.);
#2108=EDGE_CURVE('',#1670,#1669,#838,.T.);
#2109=EDGE_CURVE('',#1667,#1670,#839,.T.);
#2110=EDGE_CURVE('',#1664,#1511,#840,.T.);
#2111=EDGE_CURVE('',#1510,#1665,#841,.T.);
#2112=EDGE_CURVE('',#1512,#1666,#842,.T.);
#2113=EDGE_CURVE('',#1624,#1513,#843,.T.);
#2114=EDGE_CURVE('',#1514,#1623,#844,.T.);
#2115=EDGE_CURVE('',#1515,#1601,#845,.T.);
#2116=EDGE_CURVE('',#1671,#1672,#846,.T.);
#2117=EDGE_CURVE('',#1668,#1672,#847,.T.);
#2118=EDGE_CURVE('',#1671,#1667,#848,.T.);
#2119=EDGE_CURVE('',#1673,#1674,#849,.T.);
#2120=EDGE_CURVE('',#1675,#1674,#850,.T.);
#2121=EDGE_CURVE('',#1676,#1675,#105,.T.);
#2122=EDGE_CURVE('',#1563,#1676,#851,.T.);
#2123=EDGE_CURVE('',#1677,#1564,#852,.T.);
#2124=EDGE_CURVE('',#1678,#1677,#106,.T.);
#2125=EDGE_CURVE('',#1673,#1678,#853,.T.);
#2126=EDGE_CURVE('',#1679,#1680,#854,.T.);
#2127=EDGE_CURVE('',#1672,#1680,#855,.T.);
#2128=EDGE_CURVE('',#1679,#1671,#856,.T.);
#2129=EDGE_CURVE('',#1681,#1680,#857,.T.);
#2130=EDGE_CURVE('',#1682,#1679,#858,.T.);
#2131=EDGE_CURVE('',#1681,#1682,#859,.T.);
#2132=EDGE_CURVE('',#1681,#1683,#860,.T.);
#2133=EDGE_CURVE('',#1683,#1672,#861,.T.);
#2134=EDGE_CURVE('',#1684,#1566,#862,.T.);
#2135=EDGE_CURVE('',#1677,#1684,#863,.T.);
#2136=EDGE_CURVE('',#1669,#1683,#864,.T.);
#2137=EDGE_CURVE('',#1685,#1684,#107,.T.);
#2138=EDGE_CURVE('',#1678,#1685,#865,.T.);
#2139=EDGE_CURVE('',#1686,#1673,#866,.T.);
#2140=EDGE_CURVE('',#1686,#1685,#867,.T.);
#2141=EDGE_CURVE('',#1686,#1687,#868,.T.);
#2142=EDGE_CURVE('',#1687,#1688,#869,.T.);
#2143=EDGE_CURVE('',#1688,#1673,#870,.T.);
#2144=EDGE_CURVE('',#1688,#1689,#871,.T.);
#2145=EDGE_CURVE('',#1689,#1674,#872,.T.);
#2146=EDGE_CURVE('',#1690,#1674,#873,.T.);
#2147=EDGE_CURVE('',#1691,#1689,#874,.T.);
#2148=EDGE_CURVE('',#1691,#1690,#875,.T.);
#2149=EDGE_CURVE('',#1692,#1690,#876,.T.);
#2150=EDGE_CURVE('',#1675,#1692,#877,.T.);
#2151=EDGE_CURVE('',#1693,#1692,#108,.T.);
#2152=EDGE_CURVE('',#1676,#1693,#878,.T.);
#2153=EDGE_CURVE('',#1565,#1693,#879,.T.);
#2154=EDGE_CURVE('',#1694,#1671,#880,.T.);
#2155=EDGE_CURVE('',#1694,#1670,#881,.T.);
#2156=EDGE_CURVE('',#1683,#1694,#882,.T.);
#2157=EDGE_CURVE('',#1690,#1686,#883,.T.);
#2158=EDGE_CURVE('',#1694,#1682,#884,.T.);
#2159=EDGE_CURVE('',#1691,#1687,#885,.T.);
#2160=EDGE_CURVE('',#1595,#1592,#886,.T.);
#2161=EDGE_CURVE('',#1499,#1695,#887,.T.);
#2162=EDGE_CURVE('',#1695,#1539,#888,.T.);
#2163=EDGE_CURVE('',#1695,#1696,#889,.T.);
#2164=EDGE_CURVE('',#1696,#1540,#890,.T.);
#2165=EDGE_CURVE('',#1696,#1697,#891,.T.);
#2166=EDGE_CURVE('',#1697,#1541,#892,.T.);
#2167=EDGE_CURVE('',#1498,#1698,#893,.T.);
#2168=EDGE_CURVE('',#1699,#1698,#894,.T.);
#2169=EDGE_CURVE('',#1700,#1699,#895,.T.);
#2170=EDGE_CURVE('',#1697,#1700,#896,.T.);
#2171=EDGE_CURVE('',#1700,#1542,#897,.T.);
#2172=EDGE_CURVE('',#1699,#1543,#898,.T.);
#2173=EDGE_CURVE('',#1698,#1544,#899,.T.);
#2174=EDGE_CURVE('',#1502,#1701,#900,.T.);
#2175=EDGE_CURVE('',#1701,#1474,#901,.T.);
#2176=EDGE_CURVE('',#1702,#1701,#902,.T.);
#2177=EDGE_CURVE('',#1702,#1475,#903,.T.);
#2178=EDGE_CURVE('',#1703,#1476,#904,.T.);
#2179=EDGE_CURVE('',#1703,#1702,#905,.T.);
#2180=EDGE_CURVE('',#1704,#1477,#906,.T.);
#2181=EDGE_CURVE('',#1704,#1703,#907,.T.);
#2182=EDGE_CURVE('',#1705,#1478,#908,.T.);
#2183=EDGE_CURVE('',#1705,#1704,#909,.T.);
#2184=EDGE_CURVE('',#1706,#1705,#910,.T.);
#2185=EDGE_CURVE('',#1706,#1479,#911,.T.);
#2186=EDGE_CURVE('',#1501,#1706,#912,.T.);
#2187=EDGE_CURVE('',#1425,#1707,#913,.T.);
#2188=EDGE_CURVE('',#1707,#1708,#914,.T.);
#2189=EDGE_CURVE('',#1708,#1709,#915,.T.);
#2190=EDGE_CURVE('',#1709,#1710,#916,.T.);
#2191=EDGE_CURVE('',#1710,#1426,#917,.T.);
#2192=EDGE_CURVE('',#1488,#1711,#918,.T.);
#2193=EDGE_CURVE('',#1711,#1712,#919,.T.);
#2194=EDGE_CURVE('',#1712,#1713,#920,.T.);
#2195=EDGE_CURVE('',#1713,#1714,#921,.T.);
#2196=EDGE_CURVE('',#1714,#1467,#922,.T.);
#2197=EDGE_CURVE('',#1707,#1484,#923,.T.);
#2198=EDGE_CURVE('',#1708,#1487,#924,.T.);
#2199=EDGE_CURVE('',#1709,#1486,#925,.T.);
#2200=EDGE_CURVE('',#1710,#1485,#926,.T.);
#2201=EDGE_CURVE('',#1714,#1480,#927,.T.);
#2202=EDGE_CURVE('',#1713,#1481,#928,.T.);
#2203=EDGE_CURVE('',#1712,#1482,#929,.T.);
#2204=EDGE_CURVE('',#1711,#1483,#930,.T.);
#2205=EDGE_CURVE('',#1430,#1715,#931,.T.);
#2206=EDGE_CURVE('',#1716,#1715,#932,.T.);
#2207=EDGE_CURVE('',#1429,#1716,#933,.T.);
#2208=EDGE_CURVE('',#1717,#1716,#109,.T.);
#2209=EDGE_CURVE('',#1431,#1717,#934,.T.);
#2210=EDGE_CURVE('',#1718,#1717,#110,.T.);
#2211=EDGE_CURVE('',#1432,#1718,#935,.T.);
#2212=EDGE_CURVE('',#1719,#1718,#111,.T.);
#2213=EDGE_CURVE('',#1433,#1719,#936,.T.);
#2214=EDGE_CURVE('',#1720,#1719,#937,.T.);
#2215=EDGE_CURVE('',#1434,#1720,#938,.T.);
#2216=EDGE_CURVE('',#1721,#1720,#112,.T.);
#2217=EDGE_CURVE('',#1435,#1721,#939,.T.);
#2218=EDGE_CURVE('',#1722,#1721,#940,.T.);
#2219=EDGE_CURVE('',#1436,#1722,#941,.T.);
#2220=EDGE_CURVE('',#1723,#1722,#113,.T.);
#2221=EDGE_CURVE('',#1437,#1723,#942,.T.);
#2222=EDGE_CURVE('',#1724,#1723,#114,.T.);
#2223=EDGE_CURVE('',#1438,#1724,#943,.T.);
#2224=EDGE_CURVE('',#1725,#1724,#115,.T.);
#2225=EDGE_CURVE('',#1439,#1725,#944,.T.);
#2226=EDGE_CURVE('',#1726,#1725,#945,.T.);
#2227=EDGE_CURVE('',#1440,#1726,#946,.T.);
#2228=EDGE_CURVE('',#1727,#1726,#116,.T.);
#2229=EDGE_CURVE('',#1441,#1727,#947,.T.);
#2230=EDGE_CURVE('',#1728,#1727,#948,.T.);
#2231=EDGE_CURVE('',#1442,#1728,#949,.T.);
#2232=EDGE_CURVE('',#1729,#1728,#117,.T.);
#2233=EDGE_CURVE('',#1443,#1729,#950,.T.);
#2234=EDGE_CURVE('',#1730,#1729,#118,.T.);
#2235=EDGE_CURVE('',#1444,#1730,#951,.T.);
#2236=EDGE_CURVE('',#1731,#1730,#119,.T.);
#2237=EDGE_CURVE('',#1445,#1731,#952,.T.);
#2238=EDGE_CURVE('',#1732,#1731,#953,.T.);
#2239=EDGE_CURVE('',#1446,#1732,#954,.T.);
#2240=EDGE_CURVE('',#1733,#1732,#120,.T.);
#2241=EDGE_CURVE('',#1447,#1733,#955,.T.);
#2242=EDGE_CURVE('',#1734,#1733,#956,.T.);
#2243=EDGE_CURVE('',#1448,#1734,#957,.T.);
#2244=EDGE_CURVE('',#1735,#1734,#121,.T.);
#2245=EDGE_CURVE('',#1449,#1735,#958,.T.);
#2246=EDGE_CURVE('',#1736,#1735,#122,.T.);
#2247=EDGE_CURVE('',#1450,#1736,#959,.T.);
#2248=EDGE_CURVE('',#1737,#1736,#123,.T.);
#2249=EDGE_CURVE('',#1451,#1737,#960,.T.);
#2250=EDGE_CURVE('',#1738,#1737,#961,.T.);
#2251=EDGE_CURVE('',#1452,#1738,#962,.T.);
#2252=EDGE_CURVE('',#1715,#1738,#124,.T.);
#2253=ORIENTED_EDGE('',*,*,#1739,.T.);
#2254=ORIENTED_EDGE('',*,*,#1740,.F.);
#2255=ORIENTED_EDGE('',*,*,#1741,.F.);
#2256=ORIENTED_EDGE('',*,*,#1742,.F.);
#2257=ORIENTED_EDGE('',*,*,#1743,.F.);
#2258=ORIENTED_EDGE('',*,*,#1744,.T.);
#2259=ORIENTED_EDGE('',*,*,#1745,.F.);
#2260=ORIENTED_EDGE('',*,*,#1746,.F.);
#2261=ORIENTED_EDGE('',*,*,#1747,.F.);
#2262=ORIENTED_EDGE('',*,*,#1748,.F.);
#2263=ORIENTED_EDGE('',*,*,#1749,.T.);
#2264=ORIENTED_EDGE('',*,*,#1750,.F.);
#2265=ORIENTED_EDGE('',*,*,#1751,.F.);
#2266=ORIENTED_EDGE('',*,*,#1752,.F.);
#2267=ORIENTED_EDGE('',*,*,#1753,.T.);
#2268=ORIENTED_EDGE('',*,*,#1754,.F.);
#2269=ORIENTED_EDGE('',*,*,#1755,.F.);
#2270=ORIENTED_EDGE('',*,*,#1756,.T.);
#2271=ORIENTED_EDGE('',*,*,#1757,.T.);
#2272=ORIENTED_EDGE('',*,*,#1758,.F.);
#2273=ORIENTED_EDGE('',*,*,#1759,.T.);
#2274=ORIENTED_EDGE('',*,*,#1760,.T.);
#2275=ORIENTED_EDGE('',*,*,#1761,.F.);
#2276=ORIENTED_EDGE('',*,*,#1762,.F.);
#2277=ORIENTED_EDGE('',*,*,#1763,.F.);
#2278=ORIENTED_EDGE('',*,*,#1764,.F.);
#2279=ORIENTED_EDGE('',*,*,#1765,.F.);
#2280=ORIENTED_EDGE('',*,*,#1766,.F.);
#2281=ORIENTED_EDGE('',*,*,#1767,.F.);
#2282=ORIENTED_EDGE('',*,*,#1768,.T.);
#2283=ORIENTED_EDGE('',*,*,#1769,.F.);
#2284=ORIENTED_EDGE('',*,*,#1770,.F.);
#2285=ORIENTED_EDGE('',*,*,#1771,.F.);
#2286=ORIENTED_EDGE('',*,*,#1772,.F.);
#2287=ORIENTED_EDGE('',*,*,#1773,.F.);
#2288=ORIENTED_EDGE('',*,*,#1774,.T.);
#2289=ORIENTED_EDGE('',*,*,#1775,.F.);
#2290=ORIENTED_EDGE('',*,*,#1776,.F.);
#2291=ORIENTED_EDGE('',*,*,#1777,.F.);
#2292=ORIENTED_EDGE('',*,*,#1778,.F.);
#2293=ORIENTED_EDGE('',*,*,#1779,.F.);
#2294=ORIENTED_EDGE('',*,*,#1780,.T.);
#2295=ORIENTED_EDGE('',*,*,#1781,.F.);
#2296=ORIENTED_EDGE('',*,*,#1782,.F.);
#2297=ORIENTED_EDGE('',*,*,#1783,.F.);
#2298=ORIENTED_EDGE('',*,*,#1784,.F.);
#2299=ORIENTED_EDGE('',*,*,#1785,.F.);
#2300=ORIENTED_EDGE('',*,*,#1786,.T.);
#2301=ORIENTED_EDGE('',*,*,#1751,.T.);
#2302=ORIENTED_EDGE('',*,*,#1787,.T.);
#2303=ORIENTED_EDGE('',*,*,#1788,.F.);
#2304=ORIENTED_EDGE('',*,*,#1789,.F.);
#2305=ORIENTED_EDGE('',*,*,#1790,.F.);
#2306=ORIENTED_EDGE('',*,*,#1752,.T.);
#2307=ORIENTED_EDGE('',*,*,#1789,.T.);
#2308=ORIENTED_EDGE('',*,*,#1791,.F.);
#2309=ORIENTED_EDGE('',*,*,#1753,.F.);
#2310=ORIENTED_EDGE('',*,*,#1790,.T.);
#2311=ORIENTED_EDGE('',*,*,#1792,.F.);
#2312=ORIENTED_EDGE('',*,*,#1793,.F.);
#2313=ORIENTED_EDGE('',*,*,#1754,.T.);
#2314=ORIENTED_EDGE('',*,*,#1793,.T.);
#2315=ORIENTED_EDGE('',*,*,#1794,.F.);
#2316=ORIENTED_EDGE('',*,*,#1787,.F.);
#2317=ORIENTED_EDGE('',*,*,#1791,.T.);
#2318=ORIENTED_EDGE('',*,*,#1788,.T.);
#2319=ORIENTED_EDGE('',*,*,#1794,.T.);
#2320=ORIENTED_EDGE('',*,*,#1792,.T.);
#2321=ORIENTED_EDGE('',*,*,#1795,.T.);
#2322=ORIENTED_EDGE('',*,*,#1796,.T.);
#2323=ORIENTED_EDGE('',*,*,#1797,.T.);
#2324=ORIENTED_EDGE('',*,*,#1798,.T.);
#2325=ORIENTED_EDGE('',*,*,#1747,.T.);
#2326=ORIENTED_EDGE('',*,*,#1799,.T.);
#2327=ORIENTED_EDGE('',*,*,#1795,.F.);
#2328=ORIENTED_EDGE('',*,*,#1800,.F.);
#2329=ORIENTED_EDGE('',*,*,#1800,.T.);
#2330=ORIENTED_EDGE('',*,*,#1798,.F.);
#2331=ORIENTED_EDGE('',*,*,#1801,.F.);
#2332=ORIENTED_EDGE('',*,*,#1748,.T.);
#2333=ORIENTED_EDGE('',*,*,#1749,.F.);
#2334=ORIENTED_EDGE('',*,*,#1801,.T.);
#2335=ORIENTED_EDGE('',*,*,#1797,.F.);
#2336=ORIENTED_EDGE('',*,*,#1802,.F.);
#2337=ORIENTED_EDGE('',*,*,#1750,.T.);
#2338=ORIENTED_EDGE('',*,*,#1802,.T.);
#2339=ORIENTED_EDGE('',*,*,#1796,.F.);
#2340=ORIENTED_EDGE('',*,*,#1799,.F.);
#2341=ORIENTED_EDGE('',*,*,#1803,.F.);
#2342=ORIENTED_EDGE('',*,*,#1739,.F.);
#2343=ORIENTED_EDGE('',*,*,#1804,.T.);
#2344=ORIENTED_EDGE('',*,*,#1805,.F.);
#2345=ORIENTED_EDGE('',*,*,#1806,.T.);
#2346=ORIENTED_EDGE('',*,*,#1807,.T.);
#2347=ORIENTED_EDGE('',*,*,#1808,.F.);
#2348=ORIENTED_EDGE('',*,*,#1740,.T.);
#2349=ORIENTED_EDGE('',*,*,#1803,.T.);
#2350=ORIENTED_EDGE('',*,*,#1809,.F.);
#2351=ORIENTED_EDGE('',*,*,#1810,.F.);
#2352=ORIENTED_EDGE('',*,*,#1811,.T.);
#2353=ORIENTED_EDGE('',*,*,#1812,.T.);
#2354=ORIENTED_EDGE('',*,*,#1813,.F.);
#2355=ORIENTED_EDGE('',*,*,#1814,.F.);
#2356=ORIENTED_EDGE('',*,*,#1815,.T.);
#2357=ORIENTED_EDGE('',*,*,#1816,.F.);
#2358=ORIENTED_EDGE('',*,*,#1817,.F.);
#2359=ORIENTED_EDGE('',*,*,#1812,.F.);
#2360=ORIENTED_EDGE('',*,*,#1818,.T.);
#2361=ORIENTED_EDGE('',*,*,#1819,.F.);
#2362=ORIENTED_EDGE('',*,*,#1820,.F.);
#2363=ORIENTED_EDGE('',*,*,#1821,.F.);
#2364=ORIENTED_EDGE('',*,*,#1822,.F.);
#2365=ORIENTED_EDGE('',*,*,#1823,.F.);
#2366=ORIENTED_EDGE('',*,*,#1824,.F.);
#2367=ORIENTED_EDGE('',*,*,#1806,.F.);
#2368=ORIENTED_EDGE('',*,*,#1825,.F.);
#2369=ORIENTED_EDGE('',*,*,#1826,.F.);
#2370=ORIENTED_EDGE('',*,*,#1827,.F.);
#2371=ORIENTED_EDGE('',*,*,#1828,.F.);
#2372=ORIENTED_EDGE('',*,*,#1829,.F.);
#2373=ORIENTED_EDGE('',*,*,#1830,.F.);
#2374=ORIENTED_EDGE('',*,*,#1761,.T.);
#2375=ORIENTED_EDGE('',*,*,#1831,.F.);
#2376=ORIENTED_EDGE('',*,*,#1832,.F.);
#2377=ORIENTED_EDGE('',*,*,#1833,.F.);
#2378=ORIENTED_EDGE('',*,*,#1834,.F.);
#2379=ORIENTED_EDGE('',*,*,#1816,.T.);
#2380=ORIENTED_EDGE('',*,*,#1835,.F.);
#2381=ORIENTED_EDGE('',*,*,#1836,.F.);
#2382=ORIENTED_EDGE('',*,*,#1837,.T.);
#2383=ORIENTED_EDGE('',*,*,#1817,.T.);
#2384=ORIENTED_EDGE('',*,*,#1837,.F.);
#2385=ORIENTED_EDGE('',*,*,#1838,.F.);
#2386=ORIENTED_EDGE('',*,*,#1809,.T.);
#2387=ORIENTED_EDGE('',*,*,#1805,.T.);
#2388=ORIENTED_EDGE('',*,*,#1839,.F.);
#2389=ORIENTED_EDGE('',*,*,#1840,.F.);
#2390=ORIENTED_EDGE('',*,*,#1813,.T.);
#2391=ORIENTED_EDGE('',*,*,#1808,.T.);
#2392=ORIENTED_EDGE('',*,*,#1841,.F.);
#2393=ORIENTED_EDGE('',*,*,#1842,.F.);
#2394=ORIENTED_EDGE('',*,*,#1741,.T.);
#2395=ORIENTED_EDGE('',*,*,#1843,.F.);
#2396=ORIENTED_EDGE('',*,*,#1844,.F.);
#2397=ORIENTED_EDGE('',*,*,#1845,.T.);
#2398=ORIENTED_EDGE('',*,*,#1814,.T.);
#2399=ORIENTED_EDGE('',*,*,#1840,.T.);
#2400=ORIENTED_EDGE('',*,*,#1846,.T.);
#2401=ORIENTED_EDGE('',*,*,#1847,.T.);
#2402=ORIENTED_EDGE('',*,*,#1848,.F.);
#2403=ORIENTED_EDGE('',*,*,#1849,.T.);
#2404=ORIENTED_EDGE('',*,*,#1850,.F.);
#2405=ORIENTED_EDGE('',*,*,#1851,.F.);
#2406=ORIENTED_EDGE('',*,*,#1852,.F.);
#2407=ORIENTED_EDGE('',*,*,#1742,.T.);
#2408=ORIENTED_EDGE('',*,*,#1842,.T.);
#2409=ORIENTED_EDGE('',*,*,#1853,.T.);
#2410=ORIENTED_EDGE('',*,*,#1854,.T.);
#2411=ORIENTED_EDGE('',*,*,#1855,.F.);
#2412=ORIENTED_EDGE('',*,*,#1844,.T.);
#2413=ORIENTED_EDGE('',*,*,#1856,.T.);
#2414=ORIENTED_EDGE('',*,*,#1857,.F.);
#2415=ORIENTED_EDGE('',*,*,#1858,.F.);
#2416=ORIENTED_EDGE('',*,*,#1859,.F.);
#2417=ORIENTED_EDGE('',*,*,#1860,.T.);
#2418=ORIENTED_EDGE('',*,*,#1861,.F.);
#2419=ORIENTED_EDGE('',*,*,#1862,.T.);
#2420=ORIENTED_EDGE('',*,*,#1863,.F.);
#2421=ORIENTED_EDGE('',*,*,#1864,.F.);
#2422=ORIENTED_EDGE('',*,*,#1865,.F.);
#2423=ORIENTED_EDGE('',*,*,#1866,.F.);
#2424=ORIENTED_EDGE('',*,*,#1867,.F.);
#2425=ORIENTED_EDGE('',*,*,#1868,.F.);
#2426=ORIENTED_EDGE('',*,*,#1869,.F.);
#2427=ORIENTED_EDGE('',*,*,#1870,.F.);
#2428=ORIENTED_EDGE('',*,*,#1871,.F.);
#2429=ORIENTED_EDGE('',*,*,#1872,.F.);
#2430=ORIENTED_EDGE('',*,*,#1873,.F.);
#2431=ORIENTED_EDGE('',*,*,#1874,.T.);
#2432=ORIENTED_EDGE('',*,*,#1875,.F.);
#2433=ORIENTED_EDGE('',*,*,#1847,.F.);
#2434=ORIENTED_EDGE('',*,*,#1876,.F.);
#2435=ORIENTED_EDGE('',*,*,#1877,.F.);
#2436=ORIENTED_EDGE('',*,*,#1878,.T.);
#2437=ORIENTED_EDGE('',*,*,#1879,.F.);
#2438=ORIENTED_EDGE('',*,*,#1743,.T.);
#2439=ORIENTED_EDGE('',*,*,#1852,.T.);
#2440=ORIENTED_EDGE('',*,*,#1880,.T.);
#2441=ORIENTED_EDGE('',*,*,#1878,.F.);
#2442=ORIENTED_EDGE('',*,*,#1881,.F.);
#2443=ORIENTED_EDGE('',*,*,#1882,.F.);
#2444=ORIENTED_EDGE('',*,*,#1883,.F.);
#2445=ORIENTED_EDGE('',*,*,#1884,.F.);
#2446=ORIENTED_EDGE('',*,*,#1848,.T.);
#2447=ORIENTED_EDGE('',*,*,#1885,.F.);
#2448=ORIENTED_EDGE('',*,*,#1886,.F.);
#2449=ORIENTED_EDGE('',*,*,#1887,.F.);
#2450=ORIENTED_EDGE('',*,*,#1888,.T.);
#2451=ORIENTED_EDGE('',*,*,#1889,.F.);
#2452=ORIENTED_EDGE('',*,*,#1744,.F.);
#2453=ORIENTED_EDGE('',*,*,#1879,.T.);
#2454=ORIENTED_EDGE('',*,*,#1890,.T.);
#2455=ORIENTED_EDGE('',*,*,#1891,.F.);
#2456=ORIENTED_EDGE('',*,*,#1892,.T.);
#2457=ORIENTED_EDGE('',*,*,#1883,.T.);
#2458=ORIENTED_EDGE('',*,*,#1893,.T.);
#2459=ORIENTED_EDGE('',*,*,#1757,.F.);
#2460=ORIENTED_EDGE('',*,*,#1894,.T.);
#2461=ORIENTED_EDGE('',*,*,#1895,.T.);
#2462=ORIENTED_EDGE('',*,*,#1896,.T.);
#2463=ORIENTED_EDGE('',*,*,#1897,.T.);
#2464=ORIENTED_EDGE('',*,*,#1898,.T.);
#2465=ORIENTED_EDGE('',*,*,#1899,.T.);
#2466=ORIENTED_EDGE('',*,*,#1900,.T.);
#2467=ORIENTED_EDGE('',*,*,#1901,.T.);
#2468=ORIENTED_EDGE('',*,*,#1902,.T.);
#2469=ORIENTED_EDGE('',*,*,#1903,.T.);
#2470=ORIENTED_EDGE('',*,*,#1904,.T.);
#2471=ORIENTED_EDGE('',*,*,#1905,.F.);
#2472=ORIENTED_EDGE('',*,*,#1891,.T.);
#2473=ORIENTED_EDGE('',*,*,#1906,.T.);
#2474=ORIENTED_EDGE('',*,*,#1907,.T.);
#2475=ORIENTED_EDGE('',*,*,#1908,.T.);
#2476=ORIENTED_EDGE('',*,*,#1909,.T.);
#2477=ORIENTED_EDGE('',*,*,#1910,.T.);
#2478=ORIENTED_EDGE('',*,*,#1911,.T.);
#2479=ORIENTED_EDGE('',*,*,#1912,.T.);
#2480=ORIENTED_EDGE('',*,*,#1885,.T.);
#2481=ORIENTED_EDGE('',*,*,#1758,.T.);
#2482=ORIENTED_EDGE('',*,*,#1898,.F.);
#2483=ORIENTED_EDGE('',*,*,#1913,.F.);
#2484=ORIENTED_EDGE('',*,*,#1914,.T.);
#2485=ORIENTED_EDGE('',*,*,#1755,.T.);
#2486=ORIENTED_EDGE('',*,*,#1914,.F.);
#2487=ORIENTED_EDGE('',*,*,#1915,.F.);
#2488=ORIENTED_EDGE('',*,*,#1916,.F.);
#2489=ORIENTED_EDGE('',*,*,#1917,.F.);
#2490=ORIENTED_EDGE('',*,*,#1918,.F.);
#2491=ORIENTED_EDGE('',*,*,#1887,.T.);
#2492=ORIENTED_EDGE('',*,*,#1919,.F.);
#2493=ORIENTED_EDGE('',*,*,#1920,.F.);
#2494=ORIENTED_EDGE('',*,*,#1921,.F.);
#2495=ORIENTED_EDGE('',*,*,#1922,.F.);
#2496=ORIENTED_EDGE('',*,*,#1923,.F.);
#2497=ORIENTED_EDGE('',*,*,#1924,.F.);
#2498=ORIENTED_EDGE('',*,*,#1925,.F.);
#2499=ORIENTED_EDGE('',*,*,#1756,.F.);
#2500=ORIENTED_EDGE('',*,*,#1918,.T.);
#2501=ORIENTED_EDGE('',*,*,#1926,.T.);
#2502=ORIENTED_EDGE('',*,*,#1894,.F.);
#2503=ORIENTED_EDGE('',*,*,#1917,.T.);
#2504=ORIENTED_EDGE('',*,*,#1927,.T.);
#2505=ORIENTED_EDGE('',*,*,#1895,.F.);
#2506=ORIENTED_EDGE('',*,*,#1926,.F.);
#2507=ORIENTED_EDGE('',*,*,#1916,.T.);
#2508=ORIENTED_EDGE('',*,*,#1928,.T.);
#2509=ORIENTED_EDGE('',*,*,#1896,.F.);
#2510=ORIENTED_EDGE('',*,*,#1927,.F.);
#2511=ORIENTED_EDGE('',*,*,#1915,.T.);
#2512=ORIENTED_EDGE('',*,*,#1913,.T.);
#2513=ORIENTED_EDGE('',*,*,#1897,.F.);
#2514=ORIENTED_EDGE('',*,*,#1928,.F.);
#2515=ORIENTED_EDGE('',*,*,#1906,.F.);
#2516=ORIENTED_EDGE('',*,*,#1893,.F.);
#2517=ORIENTED_EDGE('',*,*,#1882,.T.);
#2518=ORIENTED_EDGE('',*,*,#1929,.T.);
#2519=ORIENTED_EDGE('',*,*,#1930,.F.);
#2520=ORIENTED_EDGE('',*,*,#1888,.F.);
#2521=ORIENTED_EDGE('',*,*,#1925,.T.);
#2522=ORIENTED_EDGE('',*,*,#1931,.T.);
#2523=ORIENTED_EDGE('',*,*,#1931,.F.);
#2524=ORIENTED_EDGE('',*,*,#1924,.T.);
#2525=ORIENTED_EDGE('',*,*,#1932,.T.);
#2526=ORIENTED_EDGE('',*,*,#1907,.F.);
#2527=ORIENTED_EDGE('',*,*,#1923,.T.);
#2528=ORIENTED_EDGE('',*,*,#1933,.T.);
#2529=ORIENTED_EDGE('',*,*,#1908,.F.);
#2530=ORIENTED_EDGE('',*,*,#1932,.F.);
#2531=ORIENTED_EDGE('',*,*,#1922,.T.);
#2532=ORIENTED_EDGE('',*,*,#1934,.T.);
#2533=ORIENTED_EDGE('',*,*,#1909,.F.);
#2534=ORIENTED_EDGE('',*,*,#1933,.F.);
#2535=ORIENTED_EDGE('',*,*,#1921,.T.);
#2536=ORIENTED_EDGE('',*,*,#1935,.T.);
#2537=ORIENTED_EDGE('',*,*,#1910,.F.);
#2538=ORIENTED_EDGE('',*,*,#1934,.F.);
#2539=ORIENTED_EDGE('',*,*,#1920,.T.);
#2540=ORIENTED_EDGE('',*,*,#1936,.T.);
#2541=ORIENTED_EDGE('',*,*,#1911,.F.);
#2542=ORIENTED_EDGE('',*,*,#1935,.F.);
#2543=ORIENTED_EDGE('',*,*,#1886,.T.);
#2544=ORIENTED_EDGE('',*,*,#1912,.F.);
#2545=ORIENTED_EDGE('',*,*,#1936,.F.);
#2546=ORIENTED_EDGE('',*,*,#1919,.T.);
#2547=ORIENTED_EDGE('',*,*,#1745,.T.);
#2548=ORIENTED_EDGE('',*,*,#1889,.T.);
#2549=ORIENTED_EDGE('',*,*,#1930,.T.);
#2550=ORIENTED_EDGE('',*,*,#1937,.F.);
#2551=ORIENTED_EDGE('',*,*,#1877,.T.);
#2552=ORIENTED_EDGE('',*,*,#1938,.F.);
#2553=ORIENTED_EDGE('',*,*,#1939,.T.);
#2554=ORIENTED_EDGE('',*,*,#1846,.F.);
#2555=ORIENTED_EDGE('',*,*,#1839,.T.);
#2556=ORIENTED_EDGE('',*,*,#1804,.F.);
#2557=ORIENTED_EDGE('',*,*,#1746,.T.);
#2558=ORIENTED_EDGE('',*,*,#1937,.T.);
#2559=ORIENTED_EDGE('',*,*,#1929,.F.);
#2560=ORIENTED_EDGE('',*,*,#1881,.T.);
#2561=ORIENTED_EDGE('',*,*,#1940,.F.);
#2562=ORIENTED_EDGE('',*,*,#1941,.T.);
#2563=ORIENTED_EDGE('',*,*,#1942,.T.);
#2564=ORIENTED_EDGE('',*,*,#1943,.F.);
#2565=ORIENTED_EDGE('',*,*,#1944,.F.);
#2566=ORIENTED_EDGE('',*,*,#1945,.T.);
#2567=ORIENTED_EDGE('',*,*,#1946,.T.);
#2568=ORIENTED_EDGE('',*,*,#1947,.F.);
#2569=ORIENTED_EDGE('',*,*,#1948,.T.);
#2570=ORIENTED_EDGE('',*,*,#1949,.F.);
#2571=ORIENTED_EDGE('',*,*,#1950,.F.);
#2572=ORIENTED_EDGE('',*,*,#1951,.F.);
#2573=ORIENTED_EDGE('',*,*,#1952,.T.);
#2574=ORIENTED_EDGE('',*,*,#1953,.F.);
#2575=ORIENTED_EDGE('',*,*,#1954,.F.);
#2576=ORIENTED_EDGE('',*,*,#1955,.F.);
#2577=ORIENTED_EDGE('',*,*,#1944,.T.);
#2578=ORIENTED_EDGE('',*,*,#1956,.F.);
#2579=ORIENTED_EDGE('',*,*,#1957,.F.);
#2580=ORIENTED_EDGE('',*,*,#1958,.F.);
#2581=ORIENTED_EDGE('',*,*,#1959,.F.);
#2582=ORIENTED_EDGE('',*,*,#1960,.T.);
#2583=ORIENTED_EDGE('',*,*,#1961,.F.);
#2584=ORIENTED_EDGE('',*,*,#1948,.F.);
#2585=ORIENTED_EDGE('',*,*,#1959,.T.);
#2586=ORIENTED_EDGE('',*,*,#1962,.F.);
#2587=ORIENTED_EDGE('',*,*,#1963,.T.);
#2588=ORIENTED_EDGE('',*,*,#1964,.T.);
#2589=ORIENTED_EDGE('',*,*,#1965,.T.);
#2590=ORIENTED_EDGE('',*,*,#1960,.F.);
#2591=ORIENTED_EDGE('',*,*,#1964,.F.);
#2592=ORIENTED_EDGE('',*,*,#1966,.F.);
#2593=ORIENTED_EDGE('',*,*,#1961,.T.);
#2594=ORIENTED_EDGE('',*,*,#1965,.F.);
#2595=ORIENTED_EDGE('',*,*,#1967,.T.);
#2596=ORIENTED_EDGE('',*,*,#1968,.T.);
#2597=ORIENTED_EDGE('',*,*,#1947,.T.);
#2598=ORIENTED_EDGE('',*,*,#1969,.F.);
#2599=ORIENTED_EDGE('',*,*,#1970,.F.);
#2600=ORIENTED_EDGE('',*,*,#1956,.T.);
#2601=ORIENTED_EDGE('',*,*,#1968,.F.);
#2602=ORIENTED_EDGE('',*,*,#1971,.F.);
#2603=ORIENTED_EDGE('',*,*,#1972,.F.);
#2604=ORIENTED_EDGE('',*,*,#1949,.T.);
#2605=ORIENTED_EDGE('',*,*,#1957,.T.);
#2606=ORIENTED_EDGE('',*,*,#1970,.T.);
#2607=ORIENTED_EDGE('',*,*,#1973,.F.);
#2608=ORIENTED_EDGE('',*,*,#1974,.F.);
#2609=ORIENTED_EDGE('',*,*,#1975,.T.);
#2610=ORIENTED_EDGE('',*,*,#1958,.T.);
#2611=ORIENTED_EDGE('',*,*,#1974,.T.);
#2612=ORIENTED_EDGE('',*,*,#1976,.F.);
#2613=ORIENTED_EDGE('',*,*,#1977,.T.);
#2614=ORIENTED_EDGE('',*,*,#1975,.F.);
#2615=ORIENTED_EDGE('',*,*,#1978,.T.);
#2616=ORIENTED_EDGE('',*,*,#1979,.T.);
#2617=ORIENTED_EDGE('',*,*,#1977,.F.);
#2618=ORIENTED_EDGE('',*,*,#1980,.T.);
#2619=ORIENTED_EDGE('',*,*,#1981,.T.);
#2620=ORIENTED_EDGE('',*,*,#1952,.F.);
#2621=ORIENTED_EDGE('',*,*,#1982,.T.);
#2622=ORIENTED_EDGE('',*,*,#1981,.F.);
#2623=ORIENTED_EDGE('',*,*,#1983,.F.);
#2624=ORIENTED_EDGE('',*,*,#1984,.T.);
#2625=ORIENTED_EDGE('',*,*,#1982,.F.);
#2626=ORIENTED_EDGE('',*,*,#1985,.F.);
#2627=ORIENTED_EDGE('',*,*,#1986,.F.);
#2628=ORIENTED_EDGE('',*,*,#1953,.T.);
#2629=ORIENTED_EDGE('',*,*,#1954,.T.);
#2630=ORIENTED_EDGE('',*,*,#1986,.T.);
#2631=ORIENTED_EDGE('',*,*,#1987,.F.);
#2632=ORIENTED_EDGE('',*,*,#1988,.F.);
#2633=ORIENTED_EDGE('',*,*,#1945,.F.);
#2634=ORIENTED_EDGE('',*,*,#1955,.T.);
#2635=ORIENTED_EDGE('',*,*,#1988,.T.);
#2636=ORIENTED_EDGE('',*,*,#1989,.F.);
#2637=ORIENTED_EDGE('',*,*,#1962,.T.);
#2638=ORIENTED_EDGE('',*,*,#1951,.T.);
#2639=ORIENTED_EDGE('',*,*,#1990,.T.);
#2640=ORIENTED_EDGE('',*,*,#1991,.F.);
#2641=ORIENTED_EDGE('',*,*,#1992,.T.);
#2642=ORIENTED_EDGE('',*,*,#1991,.T.);
#2643=ORIENTED_EDGE('',*,*,#1993,.T.);
#2644=ORIENTED_EDGE('',*,*,#1971,.T.);
#2645=ORIENTED_EDGE('',*,*,#1994,.T.);
#2646=ORIENTED_EDGE('',*,*,#1976,.T.);
#2647=ORIENTED_EDGE('',*,*,#1973,.T.);
#2648=ORIENTED_EDGE('',*,*,#1969,.T.);
#2649=ORIENTED_EDGE('',*,*,#1946,.F.);
#2650=ORIENTED_EDGE('',*,*,#1989,.T.);
#2651=ORIENTED_EDGE('',*,*,#1987,.T.);
#2652=ORIENTED_EDGE('',*,*,#1985,.T.);
#2653=ORIENTED_EDGE('',*,*,#1967,.F.);
#2654=ORIENTED_EDGE('',*,*,#1966,.T.);
#2655=ORIENTED_EDGE('',*,*,#1963,.F.);
#2656=ORIENTED_EDGE('',*,*,#1992,.F.);
#2657=ORIENTED_EDGE('',*,*,#1995,.F.);
#2658=ORIENTED_EDGE('',*,*,#1996,.F.);
#2659=ORIENTED_EDGE('',*,*,#1997,.F.);
#2660=ORIENTED_EDGE('',*,*,#1998,.F.);
#2661=ORIENTED_EDGE('',*,*,#1950,.T.);
#2662=ORIENTED_EDGE('',*,*,#1972,.T.);
#2663=ORIENTED_EDGE('',*,*,#1993,.F.);
#2664=ORIENTED_EDGE('',*,*,#1990,.F.);
#2665=ORIENTED_EDGE('',*,*,#1870,.T.);
#2666=ORIENTED_EDGE('',*,*,#1999,.T.);
#2667=ORIENTED_EDGE('',*,*,#1995,.T.);
#2668=ORIENTED_EDGE('',*,*,#2000,.F.);
#2669=ORIENTED_EDGE('',*,*,#2001,.T.);
#2670=ORIENTED_EDGE('',*,*,#1871,.T.);
#2671=ORIENTED_EDGE('',*,*,#2000,.T.);
#2672=ORIENTED_EDGE('',*,*,#1998,.T.);
#2673=ORIENTED_EDGE('',*,*,#2002,.F.);
#2674=ORIENTED_EDGE('',*,*,#2003,.F.);
#2675=ORIENTED_EDGE('',*,*,#2004,.T.);
#2676=ORIENTED_EDGE('',*,*,#2005,.F.);
#2677=ORIENTED_EDGE('',*,*,#2006,.F.);
#2678=ORIENTED_EDGE('',*,*,#2007,.T.);
#2679=ORIENTED_EDGE('',*,*,#2008,.T.);
#2680=ORIENTED_EDGE('',*,*,#2009,.T.);
#2681=ORIENTED_EDGE('',*,*,#2010,.F.);
#2682=ORIENTED_EDGE('',*,*,#1872,.T.);
#2683=ORIENTED_EDGE('',*,*,#2001,.F.);
#2684=ORIENTED_EDGE('',*,*,#2005,.T.);
#2685=ORIENTED_EDGE('',*,*,#2004,.F.);
#2686=ORIENTED_EDGE('',*,*,#2011,.F.);
#2687=ORIENTED_EDGE('',*,*,#2012,.F.);
#2688=ORIENTED_EDGE('',*,*,#2012,.T.);
#2689=ORIENTED_EDGE('',*,*,#2013,.T.);
#2690=ORIENTED_EDGE('',*,*,#2014,.T.);
#2691=ORIENTED_EDGE('',*,*,#2015,.F.);
#2692=ORIENTED_EDGE('',*,*,#2016,.F.);
#2693=ORIENTED_EDGE('',*,*,#2006,.T.);
#2694=ORIENTED_EDGE('',*,*,#2014,.F.);
#2695=ORIENTED_EDGE('',*,*,#2017,.F.);
#2696=ORIENTED_EDGE('',*,*,#2018,.T.);
#2697=ORIENTED_EDGE('',*,*,#2019,.T.);
#2698=ORIENTED_EDGE('',*,*,#2020,.F.);
#2699=ORIENTED_EDGE('',*,*,#2021,.F.);
#2700=ORIENTED_EDGE('',*,*,#2022,.T.);
#2701=ORIENTED_EDGE('',*,*,#2023,.F.);
#2702=ORIENTED_EDGE('',*,*,#2015,.T.);
#2703=ORIENTED_EDGE('',*,*,#2024,.F.);
#2704=ORIENTED_EDGE('',*,*,#2025,.F.);
#2705=ORIENTED_EDGE('',*,*,#2017,.T.);
#2706=ORIENTED_EDGE('',*,*,#2013,.F.);
#2707=ORIENTED_EDGE('',*,*,#2026,.T.);
#2708=ORIENTED_EDGE('',*,*,#2027,.T.);
#2709=ORIENTED_EDGE('',*,*,#2024,.T.);
#2710=ORIENTED_EDGE('',*,*,#2011,.T.);
#2711=ORIENTED_EDGE('',*,*,#2003,.T.);
#2712=ORIENTED_EDGE('',*,*,#2028,.F.);
#2713=ORIENTED_EDGE('',*,*,#2029,.T.);
#2714=ORIENTED_EDGE('',*,*,#2030,.T.);
#2715=ORIENTED_EDGE('',*,*,#2031,.T.);
#2716=ORIENTED_EDGE('',*,*,#2032,.T.);
#2717=ORIENTED_EDGE('',*,*,#2033,.T.);
#2718=ORIENTED_EDGE('',*,*,#2034,.T.);
#2719=ORIENTED_EDGE('',*,*,#2035,.F.);
#2720=ORIENTED_EDGE('',*,*,#2036,.T.);
#2721=ORIENTED_EDGE('',*,*,#2037,.F.);
#2722=ORIENTED_EDGE('',*,*,#2026,.F.);
#2723=ORIENTED_EDGE('',*,*,#2035,.T.);
#2724=ORIENTED_EDGE('',*,*,#2034,.F.);
#2725=ORIENTED_EDGE('',*,*,#2038,.F.);
#2726=ORIENTED_EDGE('',*,*,#2039,.F.);
#2727=ORIENTED_EDGE('',*,*,#2040,.T.);
#2728=ORIENTED_EDGE('',*,*,#2041,.T.);
#2729=ORIENTED_EDGE('',*,*,#2042,.T.);
#2730=ORIENTED_EDGE('',*,*,#2043,.T.);
#2731=ORIENTED_EDGE('',*,*,#2036,.F.);
#2732=ORIENTED_EDGE('',*,*,#2039,.T.);
#2733=ORIENTED_EDGE('',*,*,#2044,.F.);
#2734=ORIENTED_EDGE('',*,*,#2045,.T.);
#2735=ORIENTED_EDGE('',*,*,#2046,.T.);
#2736=ORIENTED_EDGE('',*,*,#2047,.F.);
#2737=ORIENTED_EDGE('',*,*,#2048,.F.);
#2738=ORIENTED_EDGE('',*,*,#2049,.T.);
#2739=ORIENTED_EDGE('',*,*,#2040,.F.);
#2740=ORIENTED_EDGE('',*,*,#2050,.F.);
#2741=ORIENTED_EDGE('',*,*,#2051,.F.);
#2742=ORIENTED_EDGE('',*,*,#2052,.T.);
#2743=ORIENTED_EDGE('',*,*,#2052,.F.);
#2744=ORIENTED_EDGE('',*,*,#2053,.T.);
#2745=ORIENTED_EDGE('',*,*,#2054,.F.);
#2746=ORIENTED_EDGE('',*,*,#2045,.F.);
#2747=ORIENTED_EDGE('',*,*,#2055,.T.);
#2748=ORIENTED_EDGE('',*,*,#2056,.F.);
#2749=ORIENTED_EDGE('',*,*,#2057,.F.);
#2750=ORIENTED_EDGE('',*,*,#2041,.F.);
#2751=ORIENTED_EDGE('',*,*,#2058,.T.);
#2752=ORIENTED_EDGE('',*,*,#2042,.F.);
#2753=ORIENTED_EDGE('',*,*,#2057,.T.);
#2754=ORIENTED_EDGE('',*,*,#2059,.T.);
#2755=ORIENTED_EDGE('',*,*,#2018,.F.);
#2756=ORIENTED_EDGE('',*,*,#2025,.T.);
#2757=ORIENTED_EDGE('',*,*,#2037,.T.);
#2758=ORIENTED_EDGE('',*,*,#2043,.F.);
#2759=ORIENTED_EDGE('',*,*,#2058,.F.);
#2760=ORIENTED_EDGE('',*,*,#2027,.F.);
#2761=ORIENTED_EDGE('',*,*,#2056,.T.);
#2762=ORIENTED_EDGE('',*,*,#2060,.T.);
#2763=ORIENTED_EDGE('',*,*,#2019,.F.);
#2764=ORIENTED_EDGE('',*,*,#2059,.F.);
#2765=ORIENTED_EDGE('',*,*,#2020,.T.);
#2766=ORIENTED_EDGE('',*,*,#2060,.F.);
#2767=ORIENTED_EDGE('',*,*,#2055,.F.);
#2768=ORIENTED_EDGE('',*,*,#2044,.T.);
#2769=ORIENTED_EDGE('',*,*,#2038,.T.);
#2770=ORIENTED_EDGE('',*,*,#2061,.T.);
#2771=ORIENTED_EDGE('',*,*,#2021,.T.);
#2772=ORIENTED_EDGE('',*,*,#2061,.F.);
#2773=ORIENTED_EDGE('',*,*,#2033,.F.);
#2774=ORIENTED_EDGE('',*,*,#2062,.F.);
#2775=ORIENTED_EDGE('',*,*,#2062,.T.);
#2776=ORIENTED_EDGE('',*,*,#2063,.T.);
#2777=ORIENTED_EDGE('',*,*,#2064,.T.);
#2778=ORIENTED_EDGE('',*,*,#2065,.T.);
#2779=ORIENTED_EDGE('',*,*,#2066,.F.);
#2780=ORIENTED_EDGE('',*,*,#2022,.F.);
#2781=ORIENTED_EDGE('',*,*,#2064,.F.);
#2782=ORIENTED_EDGE('',*,*,#2065,.F.);
#2783=ORIENTED_EDGE('',*,*,#2067,.F.);
#2784=ORIENTED_EDGE('',*,*,#2068,.T.);
#2785=ORIENTED_EDGE('',*,*,#1860,.F.);
#2786=ORIENTED_EDGE('',*,*,#2069,.T.);
#2787=ORIENTED_EDGE('',*,*,#2070,.F.);
#2788=ORIENTED_EDGE('',*,*,#2071,.F.);
#2789=ORIENTED_EDGE('',*,*,#2072,.F.);
#2790=ORIENTED_EDGE('',*,*,#2073,.F.);
#2791=ORIENTED_EDGE('',*,*,#2074,.T.);
#2792=ORIENTED_EDGE('',*,*,#2075,.T.);
#2793=ORIENTED_EDGE('',*,*,#2007,.F.);
#2794=ORIENTED_EDGE('',*,*,#2016,.T.);
#2795=ORIENTED_EDGE('',*,*,#2072,.T.);
#2796=ORIENTED_EDGE('',*,*,#2076,.T.);
#2797=ORIENTED_EDGE('',*,*,#2077,.F.);
#2798=ORIENTED_EDGE('',*,*,#2078,.F.);
#2799=ORIENTED_EDGE('',*,*,#2066,.T.);
#2800=ORIENTED_EDGE('',*,*,#2051,.T.);
#2801=ORIENTED_EDGE('',*,*,#2079,.T.);
#2802=ORIENTED_EDGE('',*,*,#2073,.T.);
#2803=ORIENTED_EDGE('',*,*,#2023,.T.);
#2804=ORIENTED_EDGE('',*,*,#2078,.T.);
#2805=ORIENTED_EDGE('',*,*,#2080,.F.);
#2806=ORIENTED_EDGE('',*,*,#2081,.T.);
#2807=ORIENTED_EDGE('',*,*,#2053,.F.);
#2808=ORIENTED_EDGE('',*,*,#2081,.F.);
#2809=ORIENTED_EDGE('',*,*,#2082,.F.);
#2810=ORIENTED_EDGE('',*,*,#2046,.F.);
#2811=ORIENTED_EDGE('',*,*,#2054,.T.);
#2812=ORIENTED_EDGE('',*,*,#2082,.T.);
#2813=ORIENTED_EDGE('',*,*,#2080,.T.);
#2814=ORIENTED_EDGE('',*,*,#2077,.T.);
#2815=ORIENTED_EDGE('',*,*,#2083,.T.);
#2816=ORIENTED_EDGE('',*,*,#2084,.T.);
#2817=ORIENTED_EDGE('',*,*,#2085,.T.);
#2818=ORIENTED_EDGE('',*,*,#1858,.T.);
#2819=ORIENTED_EDGE('',*,*,#2086,.T.);
#2820=ORIENTED_EDGE('',*,*,#2047,.T.);
#2821=ORIENTED_EDGE('',*,*,#1876,.T.);
#2822=ORIENTED_EDGE('',*,*,#1875,.T.);
#2823=ORIENTED_EDGE('',*,*,#2087,.T.);
#2824=ORIENTED_EDGE('',*,*,#2048,.T.);
#2825=ORIENTED_EDGE('',*,*,#2086,.F.);
#2826=ORIENTED_EDGE('',*,*,#1857,.T.);
#2827=ORIENTED_EDGE('',*,*,#2088,.T.);
#2828=ORIENTED_EDGE('',*,*,#1938,.T.);
#2829=ORIENTED_EDGE('',*,*,#1939,.F.);
#2830=ORIENTED_EDGE('',*,*,#2088,.F.);
#2831=ORIENTED_EDGE('',*,*,#1856,.F.);
#2832=ORIENTED_EDGE('',*,*,#1843,.T.);
#2833=ORIENTED_EDGE('',*,*,#2050,.T.);
#2834=ORIENTED_EDGE('',*,*,#2049,.F.);
#2835=ORIENTED_EDGE('',*,*,#2087,.F.);
#2836=ORIENTED_EDGE('',*,*,#1874,.F.);
#2837=ORIENTED_EDGE('',*,*,#2089,.F.);
#2838=ORIENTED_EDGE('',*,*,#2090,.F.);
#2839=ORIENTED_EDGE('',*,*,#2091,.F.);
#2840=ORIENTED_EDGE('',*,*,#2074,.F.);
#2841=ORIENTED_EDGE('',*,*,#2079,.F.);
#2842=ORIENTED_EDGE('',*,*,#2008,.F.);
#2843=ORIENTED_EDGE('',*,*,#2075,.F.);
#2844=ORIENTED_EDGE('',*,*,#2091,.T.);
#2845=ORIENTED_EDGE('',*,*,#2092,.T.);
#2846=ORIENTED_EDGE('',*,*,#2071,.T.);
#2847=ORIENTED_EDGE('',*,*,#2093,.T.);
#2848=ORIENTED_EDGE('',*,*,#2083,.F.);
#2849=ORIENTED_EDGE('',*,*,#2076,.F.);
#2850=ORIENTED_EDGE('',*,*,#2009,.F.);
#2851=ORIENTED_EDGE('',*,*,#2092,.F.);
#2852=ORIENTED_EDGE('',*,*,#2090,.T.);
#2853=ORIENTED_EDGE('',*,*,#2094,.T.);
#2854=ORIENTED_EDGE('',*,*,#2070,.T.);
#2855=ORIENTED_EDGE('',*,*,#2095,.T.);
#2856=ORIENTED_EDGE('',*,*,#2084,.F.);
#2857=ORIENTED_EDGE('',*,*,#2093,.F.);
#2858=ORIENTED_EDGE('',*,*,#2010,.T.);
#2859=ORIENTED_EDGE('',*,*,#2094,.F.);
#2860=ORIENTED_EDGE('',*,*,#2089,.T.);
#2861=ORIENTED_EDGE('',*,*,#1873,.T.);
#2862=ORIENTED_EDGE('',*,*,#2069,.F.);
#2863=ORIENTED_EDGE('',*,*,#1859,.T.);
#2864=ORIENTED_EDGE('',*,*,#2085,.F.);
#2865=ORIENTED_EDGE('',*,*,#2095,.F.);
#2866=ORIENTED_EDGE('',*,*,#2031,.F.);
#2867=ORIENTED_EDGE('',*,*,#2096,.T.);
#2868=ORIENTED_EDGE('',*,*,#2097,.T.);
#2869=ORIENTED_EDGE('',*,*,#2098,.F.);
#2870=ORIENTED_EDGE('',*,*,#1861,.T.);
#2871=ORIENTED_EDGE('',*,*,#2068,.F.);
#2872=ORIENTED_EDGE('',*,*,#2099,.T.);
#2873=ORIENTED_EDGE('',*,*,#2032,.F.);
#2874=ORIENTED_EDGE('',*,*,#2099,.F.);
#2875=ORIENTED_EDGE('',*,*,#2067,.T.);
#2876=ORIENTED_EDGE('',*,*,#2063,.F.);
#2877=ORIENTED_EDGE('',*,*,#2100,.F.);
#2878=ORIENTED_EDGE('',*,*,#2101,.T.);
#2879=ORIENTED_EDGE('',*,*,#1862,.F.);
#2880=ORIENTED_EDGE('',*,*,#2098,.T.);
#2881=ORIENTED_EDGE('',*,*,#2102,.T.);
#2882=ORIENTED_EDGE('',*,*,#2103,.T.);
#2883=ORIENTED_EDGE('',*,*,#2100,.T.);
#2884=ORIENTED_EDGE('',*,*,#2097,.F.);
#2885=ORIENTED_EDGE('',*,*,#2104,.F.);
#2886=ORIENTED_EDGE('',*,*,#2105,.F.);
#2887=ORIENTED_EDGE('',*,*,#2106,.T.);
#2888=ORIENTED_EDGE('',*,*,#2107,.T.);
#2889=ORIENTED_EDGE('',*,*,#2108,.F.);
#2890=ORIENTED_EDGE('',*,*,#2109,.F.);
#2891=ORIENTED_EDGE('',*,*,#2102,.F.);
#2892=ORIENTED_EDGE('',*,*,#2110,.T.);
#2893=ORIENTED_EDGE('',*,*,#1864,.T.);
#2894=ORIENTED_EDGE('',*,*,#2111,.T.);
#2895=ORIENTED_EDGE('',*,*,#1863,.T.);
#2896=ORIENTED_EDGE('',*,*,#2101,.F.);
#2897=ORIENTED_EDGE('',*,*,#2103,.F.);
#2898=ORIENTED_EDGE('',*,*,#2111,.F.);
#2899=ORIENTED_EDGE('',*,*,#2110,.F.);
#2900=ORIENTED_EDGE('',*,*,#2105,.T.);
#2901=ORIENTED_EDGE('',*,*,#2112,.F.);
#2902=ORIENTED_EDGE('',*,*,#1865,.T.);
#2903=ORIENTED_EDGE('',*,*,#1866,.T.);
#2904=ORIENTED_EDGE('',*,*,#2112,.T.);
#2905=ORIENTED_EDGE('',*,*,#2104,.T.);
#2906=ORIENTED_EDGE('',*,*,#2096,.F.);
#2907=ORIENTED_EDGE('',*,*,#2030,.F.);
#2908=ORIENTED_EDGE('',*,*,#2113,.T.);
#2909=ORIENTED_EDGE('',*,*,#2113,.F.);
#2910=ORIENTED_EDGE('',*,*,#2029,.F.);
#2911=ORIENTED_EDGE('',*,*,#2114,.F.);
#2912=ORIENTED_EDGE('',*,*,#1867,.T.);
#2913=ORIENTED_EDGE('',*,*,#1868,.T.);
#2914=ORIENTED_EDGE('',*,*,#2114,.T.);
#2915=ORIENTED_EDGE('',*,*,#2028,.T.);
#2916=ORIENTED_EDGE('',*,*,#2002,.T.);
#2917=ORIENTED_EDGE('',*,*,#1997,.T.);
#2918=ORIENTED_EDGE('',*,*,#2115,.F.);
#2919=ORIENTED_EDGE('',*,*,#1869,.T.);
#2920=ORIENTED_EDGE('',*,*,#2115,.T.);
#2921=ORIENTED_EDGE('',*,*,#1996,.T.);
#2922=ORIENTED_EDGE('',*,*,#1999,.F.);
#2923=ORIENTED_EDGE('',*,*,#2116,.T.);
#2924=ORIENTED_EDGE('',*,*,#2117,.F.);
#2925=ORIENTED_EDGE('',*,*,#2106,.F.);
#2926=ORIENTED_EDGE('',*,*,#2118,.F.);
#2927=ORIENTED_EDGE('',*,*,#2119,.T.);
#2928=ORIENTED_EDGE('',*,*,#2120,.F.);
#2929=ORIENTED_EDGE('',*,*,#2121,.F.);
#2930=ORIENTED_EDGE('',*,*,#2122,.F.);
#2931=ORIENTED_EDGE('',*,*,#1940,.T.);
#2932=ORIENTED_EDGE('',*,*,#2123,.F.);
#2933=ORIENTED_EDGE('',*,*,#2124,.F.);
#2934=ORIENTED_EDGE('',*,*,#2125,.F.);
#2935=ORIENTED_EDGE('',*,*,#2126,.T.);
#2936=ORIENTED_EDGE('',*,*,#2127,.F.);
#2937=ORIENTED_EDGE('',*,*,#2116,.F.);
#2938=ORIENTED_EDGE('',*,*,#2128,.F.);
#2939=ORIENTED_EDGE('',*,*,#2129,.T.);
#2940=ORIENTED_EDGE('',*,*,#2126,.F.);
#2941=ORIENTED_EDGE('',*,*,#2130,.F.);
#2942=ORIENTED_EDGE('',*,*,#2131,.F.);
#2943=ORIENTED_EDGE('',*,*,#2129,.F.);
#2944=ORIENTED_EDGE('',*,*,#2132,.T.);
#2945=ORIENTED_EDGE('',*,*,#2133,.T.);
#2946=ORIENTED_EDGE('',*,*,#2127,.T.);
#2947=ORIENTED_EDGE('',*,*,#1943,.T.);
#2948=ORIENTED_EDGE('',*,*,#2134,.F.);
#2949=ORIENTED_EDGE('',*,*,#2135,.F.);
#2950=ORIENTED_EDGE('',*,*,#2123,.T.);
#2951=ORIENTED_EDGE('',*,*,#2133,.F.);
#2952=ORIENTED_EDGE('',*,*,#2136,.F.);
#2953=ORIENTED_EDGE('',*,*,#2107,.F.);
#2954=ORIENTED_EDGE('',*,*,#2117,.T.);
#2955=ORIENTED_EDGE('',*,*,#2124,.T.);
#2956=ORIENTED_EDGE('',*,*,#2135,.T.);
#2957=ORIENTED_EDGE('',*,*,#2137,.F.);
#2958=ORIENTED_EDGE('',*,*,#2138,.F.);
#2959=ORIENTED_EDGE('',*,*,#2139,.T.);
#2960=ORIENTED_EDGE('',*,*,#2125,.T.);
#2961=ORIENTED_EDGE('',*,*,#2138,.T.);
#2962=ORIENTED_EDGE('',*,*,#2140,.F.);
#2963=ORIENTED_EDGE('',*,*,#2139,.F.);
#2964=ORIENTED_EDGE('',*,*,#2141,.T.);
#2965=ORIENTED_EDGE('',*,*,#2142,.T.);
#2966=ORIENTED_EDGE('',*,*,#2143,.T.);
#2967=ORIENTED_EDGE('',*,*,#2119,.F.);
#2968=ORIENTED_EDGE('',*,*,#2143,.F.);
#2969=ORIENTED_EDGE('',*,*,#2144,.T.);
#2970=ORIENTED_EDGE('',*,*,#2145,.T.);
#2971=ORIENTED_EDGE('',*,*,#2146,.T.);
#2972=ORIENTED_EDGE('',*,*,#2145,.F.);
#2973=ORIENTED_EDGE('',*,*,#2147,.F.);
#2974=ORIENTED_EDGE('',*,*,#2148,.T.);
#2975=ORIENTED_EDGE('',*,*,#2146,.F.);
#2976=ORIENTED_EDGE('',*,*,#2149,.F.);
#2977=ORIENTED_EDGE('',*,*,#2150,.F.);
#2978=ORIENTED_EDGE('',*,*,#2120,.T.);
#2979=ORIENTED_EDGE('',*,*,#2121,.T.);
#2980=ORIENTED_EDGE('',*,*,#2150,.T.);
#2981=ORIENTED_EDGE('',*,*,#2151,.F.);
#2982=ORIENTED_EDGE('',*,*,#2152,.F.);
#2983=ORIENTED_EDGE('',*,*,#1941,.F.);
#2984=ORIENTED_EDGE('',*,*,#2122,.T.);
#2985=ORIENTED_EDGE('',*,*,#2152,.T.);
#2986=ORIENTED_EDGE('',*,*,#2153,.F.);
#2987=ORIENTED_EDGE('',*,*,#2154,.T.);
#2988=ORIENTED_EDGE('',*,*,#2118,.T.);
#2989=ORIENTED_EDGE('',*,*,#2109,.T.);
#2990=ORIENTED_EDGE('',*,*,#2155,.F.);
#2991=ORIENTED_EDGE('',*,*,#2156,.T.);
#2992=ORIENTED_EDGE('',*,*,#2155,.T.);
#2993=ORIENTED_EDGE('',*,*,#2108,.T.);
#2994=ORIENTED_EDGE('',*,*,#2136,.T.);
#2995=ORIENTED_EDGE('',*,*,#2157,.T.);
#2996=ORIENTED_EDGE('',*,*,#2140,.T.);
#2997=ORIENTED_EDGE('',*,*,#2137,.T.);
#2998=ORIENTED_EDGE('',*,*,#2134,.T.);
#2999=ORIENTED_EDGE('',*,*,#1942,.F.);
#3000=ORIENTED_EDGE('',*,*,#2153,.T.);
#3001=ORIENTED_EDGE('',*,*,#2151,.T.);
#3002=ORIENTED_EDGE('',*,*,#2149,.T.);
#3003=ORIENTED_EDGE('',*,*,#2131,.T.);
#3004=ORIENTED_EDGE('',*,*,#2158,.F.);
#3005=ORIENTED_EDGE('',*,*,#2156,.F.);
#3006=ORIENTED_EDGE('',*,*,#2132,.F.);
#3007=ORIENTED_EDGE('',*,*,#2154,.F.);
#3008=ORIENTED_EDGE('',*,*,#2158,.T.);
#3009=ORIENTED_EDGE('',*,*,#2130,.T.);
#3010=ORIENTED_EDGE('',*,*,#2128,.T.);
#3011=ORIENTED_EDGE('',*,*,#2159,.T.);
#3012=ORIENTED_EDGE('',*,*,#2141,.F.);
#3013=ORIENTED_EDGE('',*,*,#2157,.F.);
#3014=ORIENTED_EDGE('',*,*,#2148,.F.);
#3015=ORIENTED_EDGE('',*,*,#2142,.F.);
#3016=ORIENTED_EDGE('',*,*,#2159,.F.);
#3017=ORIENTED_EDGE('',*,*,#2147,.T.);
#3018=ORIENTED_EDGE('',*,*,#2144,.F.);
#3019=ORIENTED_EDGE('',*,*,#1978,.F.);
#3020=ORIENTED_EDGE('',*,*,#1994,.F.);
#3021=ORIENTED_EDGE('',*,*,#1984,.F.);
#3022=ORIENTED_EDGE('',*,*,#2160,.T.);
#3023=ORIENTED_EDGE('',*,*,#1979,.F.);
#3024=ORIENTED_EDGE('',*,*,#2160,.F.);
#3025=ORIENTED_EDGE('',*,*,#1983,.T.);
#3026=ORIENTED_EDGE('',*,*,#1980,.F.);
#3027=ORIENTED_EDGE('',*,*,#1899,.F.);
#3028=ORIENTED_EDGE('',*,*,#1890,.F.);
#3029=ORIENTED_EDGE('',*,*,#1880,.F.);
#3030=ORIENTED_EDGE('',*,*,#1851,.T.);
#3031=ORIENTED_EDGE('',*,*,#2161,.T.);
#3032=ORIENTED_EDGE('',*,*,#2162,.T.);
#3033=ORIENTED_EDGE('',*,*,#2162,.F.);
#3034=ORIENTED_EDGE('',*,*,#2163,.T.);
#3035=ORIENTED_EDGE('',*,*,#2164,.T.);
#3036=ORIENTED_EDGE('',*,*,#1900,.F.);
#3037=ORIENTED_EDGE('',*,*,#2165,.T.);
#3038=ORIENTED_EDGE('',*,*,#2166,.T.);
#3039=ORIENTED_EDGE('',*,*,#1901,.F.);
#3040=ORIENTED_EDGE('',*,*,#2164,.F.);
#3041=ORIENTED_EDGE('',*,*,#2163,.F.);
#3042=ORIENTED_EDGE('',*,*,#2161,.F.);
#3043=ORIENTED_EDGE('',*,*,#1850,.T.);
#3044=ORIENTED_EDGE('',*,*,#2167,.T.);
#3045=ORIENTED_EDGE('',*,*,#2168,.F.);
#3046=ORIENTED_EDGE('',*,*,#2169,.F.);
#3047=ORIENTED_EDGE('',*,*,#2170,.F.);
#3048=ORIENTED_EDGE('',*,*,#2165,.F.);
#3049=ORIENTED_EDGE('',*,*,#2170,.T.);
#3050=ORIENTED_EDGE('',*,*,#2171,.T.);
#3051=ORIENTED_EDGE('',*,*,#1902,.F.);
#3052=ORIENTED_EDGE('',*,*,#2166,.F.);
#3053=ORIENTED_EDGE('',*,*,#2169,.T.);
#3054=ORIENTED_EDGE('',*,*,#2172,.T.);
#3055=ORIENTED_EDGE('',*,*,#1903,.F.);
#3056=ORIENTED_EDGE('',*,*,#2171,.F.);
#3057=ORIENTED_EDGE('',*,*,#2168,.T.);
#3058=ORIENTED_EDGE('',*,*,#2173,.T.);
#3059=ORIENTED_EDGE('',*,*,#1904,.F.);
#3060=ORIENTED_EDGE('',*,*,#2172,.F.);
#3061=ORIENTED_EDGE('',*,*,#1905,.T.);
#3062=ORIENTED_EDGE('',*,*,#2173,.F.);
#3063=ORIENTED_EDGE('',*,*,#2167,.F.);
#3064=ORIENTED_EDGE('',*,*,#1849,.F.);
#3065=ORIENTED_EDGE('',*,*,#1884,.T.);
#3066=ORIENTED_EDGE('',*,*,#1892,.F.);
#3067=ORIENTED_EDGE('',*,*,#1818,.F.);
#3068=ORIENTED_EDGE('',*,*,#1815,.F.);
#3069=ORIENTED_EDGE('',*,*,#1845,.F.);
#3070=ORIENTED_EDGE('',*,*,#1855,.T.);
#3071=ORIENTED_EDGE('',*,*,#2174,.T.);
#3072=ORIENTED_EDGE('',*,*,#2175,.T.);
#3073=ORIENTED_EDGE('',*,*,#1819,.T.);
#3074=ORIENTED_EDGE('',*,*,#2175,.F.);
#3075=ORIENTED_EDGE('',*,*,#2176,.F.);
#3076=ORIENTED_EDGE('',*,*,#2177,.T.);
#3077=ORIENTED_EDGE('',*,*,#2178,.T.);
#3078=ORIENTED_EDGE('',*,*,#1820,.T.);
#3079=ORIENTED_EDGE('',*,*,#2177,.F.);
#3080=ORIENTED_EDGE('',*,*,#2179,.F.);
#3081=ORIENTED_EDGE('',*,*,#2180,.T.);
#3082=ORIENTED_EDGE('',*,*,#1821,.T.);
#3083=ORIENTED_EDGE('',*,*,#2178,.F.);
#3084=ORIENTED_EDGE('',*,*,#2181,.F.);
#3085=ORIENTED_EDGE('',*,*,#2182,.T.);
#3086=ORIENTED_EDGE('',*,*,#1822,.T.);
#3087=ORIENTED_EDGE('',*,*,#2180,.F.);
#3088=ORIENTED_EDGE('',*,*,#2183,.F.);
#3089=ORIENTED_EDGE('',*,*,#1823,.T.);
#3090=ORIENTED_EDGE('',*,*,#2182,.F.);
#3091=ORIENTED_EDGE('',*,*,#2184,.F.);
#3092=ORIENTED_EDGE('',*,*,#2185,.T.);
#3093=ORIENTED_EDGE('',*,*,#1824,.T.);
#3094=ORIENTED_EDGE('',*,*,#2185,.F.);
#3095=ORIENTED_EDGE('',*,*,#2186,.F.);
#3096=ORIENTED_EDGE('',*,*,#1853,.F.);
#3097=ORIENTED_EDGE('',*,*,#1841,.T.);
#3098=ORIENTED_EDGE('',*,*,#1807,.F.);
#3099=ORIENTED_EDGE('',*,*,#2184,.T.);
#3100=ORIENTED_EDGE('',*,*,#2183,.T.);
#3101=ORIENTED_EDGE('',*,*,#2181,.T.);
#3102=ORIENTED_EDGE('',*,*,#2179,.T.);
#3103=ORIENTED_EDGE('',*,*,#2176,.T.);
#3104=ORIENTED_EDGE('',*,*,#2174,.F.);
#3105=ORIENTED_EDGE('',*,*,#1854,.F.);
#3106=ORIENTED_EDGE('',*,*,#2186,.T.);
#3107=ORIENTED_EDGE('',*,*,#2187,.T.);
#3108=ORIENTED_EDGE('',*,*,#2188,.T.);
#3109=ORIENTED_EDGE('',*,*,#2189,.T.);
#3110=ORIENTED_EDGE('',*,*,#2190,.T.);
#3111=ORIENTED_EDGE('',*,*,#2191,.T.);
#3112=ORIENTED_EDGE('',*,*,#1759,.F.);
#3113=ORIENTED_EDGE('',*,*,#1810,.T.);
#3114=ORIENTED_EDGE('',*,*,#1838,.T.);
#3115=ORIENTED_EDGE('',*,*,#1836,.T.);
#3116=ORIENTED_EDGE('',*,*,#2192,.T.);
#3117=ORIENTED_EDGE('',*,*,#2193,.T.);
#3118=ORIENTED_EDGE('',*,*,#2194,.T.);
#3119=ORIENTED_EDGE('',*,*,#2195,.T.);
#3120=ORIENTED_EDGE('',*,*,#2196,.T.);
#3121=ORIENTED_EDGE('',*,*,#2187,.F.);
#3122=ORIENTED_EDGE('',*,*,#1762,.T.);
#3123=ORIENTED_EDGE('',*,*,#1830,.T.);
#3124=ORIENTED_EDGE('',*,*,#2197,.F.);
#3125=ORIENTED_EDGE('',*,*,#2188,.F.);
#3126=ORIENTED_EDGE('',*,*,#2197,.T.);
#3127=ORIENTED_EDGE('',*,*,#1834,.T.);
#3128=ORIENTED_EDGE('',*,*,#2198,.F.);
#3129=ORIENTED_EDGE('',*,*,#2189,.F.);
#3130=ORIENTED_EDGE('',*,*,#2198,.T.);
#3131=ORIENTED_EDGE('',*,*,#1833,.T.);
#3132=ORIENTED_EDGE('',*,*,#2199,.F.);
#3133=ORIENTED_EDGE('',*,*,#2190,.F.);
#3134=ORIENTED_EDGE('',*,*,#2199,.T.);
#3135=ORIENTED_EDGE('',*,*,#1832,.T.);
#3136=ORIENTED_EDGE('',*,*,#2200,.F.);
#3137=ORIENTED_EDGE('',*,*,#2191,.F.);
#3138=ORIENTED_EDGE('',*,*,#2200,.T.);
#3139=ORIENTED_EDGE('',*,*,#1831,.T.);
#3140=ORIENTED_EDGE('',*,*,#1760,.F.);
#3141=ORIENTED_EDGE('',*,*,#1825,.T.);
#3142=ORIENTED_EDGE('',*,*,#1811,.F.);
#3143=ORIENTED_EDGE('',*,*,#2196,.F.);
#3144=ORIENTED_EDGE('',*,*,#2201,.T.);
#3145=ORIENTED_EDGE('',*,*,#2195,.F.);
#3146=ORIENTED_EDGE('',*,*,#2202,.T.);
#3147=ORIENTED_EDGE('',*,*,#1826,.T.);
#3148=ORIENTED_EDGE('',*,*,#2201,.F.);
#3149=ORIENTED_EDGE('',*,*,#2194,.F.);
#3150=ORIENTED_EDGE('',*,*,#2203,.T.);
#3151=ORIENTED_EDGE('',*,*,#1827,.T.);
#3152=ORIENTED_EDGE('',*,*,#2202,.F.);
#3153=ORIENTED_EDGE('',*,*,#2193,.F.);
#3154=ORIENTED_EDGE('',*,*,#2204,.T.);
#3155=ORIENTED_EDGE('',*,*,#1828,.T.);
#3156=ORIENTED_EDGE('',*,*,#2203,.F.);
#3157=ORIENTED_EDGE('',*,*,#2192,.F.);
#3158=ORIENTED_EDGE('',*,*,#1835,.T.);
#3159=ORIENTED_EDGE('',*,*,#1829,.T.);
#3160=ORIENTED_EDGE('',*,*,#2204,.F.);
#3161=ORIENTED_EDGE('',*,*,#1763,.T.);
#3162=ORIENTED_EDGE('',*,*,#2205,.T.);
#3163=ORIENTED_EDGE('',*,*,#2206,.F.);
#3164=ORIENTED_EDGE('',*,*,#2207,.F.);
#3165=ORIENTED_EDGE('',*,*,#1764,.T.);
#3166=ORIENTED_EDGE('',*,*,#2207,.T.);
#3167=ORIENTED_EDGE('',*,*,#2208,.F.);
#3168=ORIENTED_EDGE('',*,*,#2209,.F.);
#3169=ORIENTED_EDGE('',*,*,#1765,.T.);
#3170=ORIENTED_EDGE('',*,*,#2209,.T.);
#3171=ORIENTED_EDGE('',*,*,#2210,.F.);
#3172=ORIENTED_EDGE('',*,*,#2211,.F.);
#3173=ORIENTED_EDGE('',*,*,#1766,.T.);
#3174=ORIENTED_EDGE('',*,*,#2211,.T.);
#3175=ORIENTED_EDGE('',*,*,#2212,.F.);
#3176=ORIENTED_EDGE('',*,*,#2213,.F.);
#3177=ORIENTED_EDGE('',*,*,#1767,.T.);
#3178=ORIENTED_EDGE('',*,*,#2213,.T.);
#3179=ORIENTED_EDGE('',*,*,#2214,.F.);
#3180=ORIENTED_EDGE('',*,*,#2215,.F.);
#3181=ORIENTED_EDGE('',*,*,#1768,.F.);
#3182=ORIENTED_EDGE('',*,*,#2215,.T.);
#3183=ORIENTED_EDGE('',*,*,#2216,.F.);
#3184=ORIENTED_EDGE('',*,*,#2217,.F.);
#3185=ORIENTED_EDGE('',*,*,#1769,.T.);
#3186=ORIENTED_EDGE('',*,*,#2217,.T.);
#3187=ORIENTED_EDGE('',*,*,#2218,.F.);
#3188=ORIENTED_EDGE('',*,*,#2219,.F.);
#3189=ORIENTED_EDGE('',*,*,#1770,.T.);
#3190=ORIENTED_EDGE('',*,*,#2219,.T.);
#3191=ORIENTED_EDGE('',*,*,#2220,.F.);
#3192=ORIENTED_EDGE('',*,*,#2221,.F.);
#3193=ORIENTED_EDGE('',*,*,#1771,.T.);
#3194=ORIENTED_EDGE('',*,*,#2221,.T.);
#3195=ORIENTED_EDGE('',*,*,#2222,.F.);
#3196=ORIENTED_EDGE('',*,*,#2223,.F.);
#3197=ORIENTED_EDGE('',*,*,#1772,.T.);
#3198=ORIENTED_EDGE('',*,*,#2223,.T.);
#3199=ORIENTED_EDGE('',*,*,#2224,.F.);
#3200=ORIENTED_EDGE('',*,*,#2225,.F.);
#3201=ORIENTED_EDGE('',*,*,#1773,.T.);
#3202=ORIENTED_EDGE('',*,*,#2225,.T.);
#3203=ORIENTED_EDGE('',*,*,#2226,.F.);
#3204=ORIENTED_EDGE('',*,*,#2227,.F.);
#3205=ORIENTED_EDGE('',*,*,#1774,.F.);
#3206=ORIENTED_EDGE('',*,*,#2227,.T.);
#3207=ORIENTED_EDGE('',*,*,#2228,.F.);
#3208=ORIENTED_EDGE('',*,*,#2229,.F.);
#3209=ORIENTED_EDGE('',*,*,#1775,.T.);
#3210=ORIENTED_EDGE('',*,*,#2229,.T.);
#3211=ORIENTED_EDGE('',*,*,#2230,.F.);
#3212=ORIENTED_EDGE('',*,*,#2231,.F.);
#3213=ORIENTED_EDGE('',*,*,#1776,.T.);
#3214=ORIENTED_EDGE('',*,*,#2231,.T.);
#3215=ORIENTED_EDGE('',*,*,#2232,.F.);
#3216=ORIENTED_EDGE('',*,*,#2233,.F.);
#3217=ORIENTED_EDGE('',*,*,#1777,.T.);
#3218=ORIENTED_EDGE('',*,*,#2233,.T.);
#3219=ORIENTED_EDGE('',*,*,#2234,.F.);
#3220=ORIENTED_EDGE('',*,*,#2235,.F.);
#3221=ORIENTED_EDGE('',*,*,#1778,.T.);
#3222=ORIENTED_EDGE('',*,*,#2235,.T.);
#3223=ORIENTED_EDGE('',*,*,#2236,.F.);
#3224=ORIENTED_EDGE('',*,*,#2237,.F.);
#3225=ORIENTED_EDGE('',*,*,#1779,.T.);
#3226=ORIENTED_EDGE('',*,*,#2237,.T.);
#3227=ORIENTED_EDGE('',*,*,#2238,.F.);
#3228=ORIENTED_EDGE('',*,*,#2239,.F.);
#3229=ORIENTED_EDGE('',*,*,#1780,.F.);
#3230=ORIENTED_EDGE('',*,*,#2239,.T.);
#3231=ORIENTED_EDGE('',*,*,#2240,.F.);
#3232=ORIENTED_EDGE('',*,*,#2241,.F.);
#3233=ORIENTED_EDGE('',*,*,#1781,.T.);
#3234=ORIENTED_EDGE('',*,*,#2241,.T.);
#3235=ORIENTED_EDGE('',*,*,#2242,.F.);
#3236=ORIENTED_EDGE('',*,*,#2243,.F.);
#3237=ORIENTED_EDGE('',*,*,#1782,.T.);
#3238=ORIENTED_EDGE('',*,*,#2243,.T.);
#3239=ORIENTED_EDGE('',*,*,#2244,.F.);
#3240=ORIENTED_EDGE('',*,*,#2245,.F.);
#3241=ORIENTED_EDGE('',*,*,#1783,.T.);
#3242=ORIENTED_EDGE('',*,*,#2245,.T.);
#3243=ORIENTED_EDGE('',*,*,#2246,.F.);
#3244=ORIENTED_EDGE('',*,*,#2247,.F.);
#3245=ORIENTED_EDGE('',*,*,#1784,.T.);
#3246=ORIENTED_EDGE('',*,*,#2247,.T.);
#3247=ORIENTED_EDGE('',*,*,#2248,.F.);
#3248=ORIENTED_EDGE('',*,*,#2249,.F.);
#3249=ORIENTED_EDGE('',*,*,#1785,.T.);
#3250=ORIENTED_EDGE('',*,*,#2249,.T.);
#3251=ORIENTED_EDGE('',*,*,#2250,.F.);
#3252=ORIENTED_EDGE('',*,*,#2251,.F.);
#3253=ORIENTED_EDGE('',*,*,#1786,.F.);
#3254=ORIENTED_EDGE('',*,*,#2251,.T.);
#3255=ORIENTED_EDGE('',*,*,#2252,.F.);
#3256=ORIENTED_EDGE('',*,*,#2205,.F.);
#3257=ORIENTED_EDGE('',*,*,#2206,.T.);
#3258=ORIENTED_EDGE('',*,*,#2252,.T.);
#3259=ORIENTED_EDGE('',*,*,#2250,.T.);
#3260=ORIENTED_EDGE('',*,*,#2248,.T.);
#3261=ORIENTED_EDGE('',*,*,#2246,.T.);
#3262=ORIENTED_EDGE('',*,*,#2244,.T.);
#3263=ORIENTED_EDGE('',*,*,#2242,.T.);
#3264=ORIENTED_EDGE('',*,*,#2240,.T.);
#3265=ORIENTED_EDGE('',*,*,#2238,.T.);
#3266=ORIENTED_EDGE('',*,*,#2236,.T.);
#3267=ORIENTED_EDGE('',*,*,#2234,.T.);
#3268=ORIENTED_EDGE('',*,*,#2232,.T.);
#3269=ORIENTED_EDGE('',*,*,#2230,.T.);
#3270=ORIENTED_EDGE('',*,*,#2228,.T.);
#3271=ORIENTED_EDGE('',*,*,#2226,.T.);
#3272=ORIENTED_EDGE('',*,*,#2224,.T.);
#3273=ORIENTED_EDGE('',*,*,#2222,.T.);
#3274=ORIENTED_EDGE('',*,*,#2220,.T.);
#3275=ORIENTED_EDGE('',*,*,#2218,.T.);
#3276=ORIENTED_EDGE('',*,*,#2216,.T.);
#3277=ORIENTED_EDGE('',*,*,#2214,.T.);
#3278=ORIENTED_EDGE('',*,*,#2212,.T.);
#3279=ORIENTED_EDGE('',*,*,#2210,.T.);
#3280=ORIENTED_EDGE('',*,*,#2208,.T.);
#3281=PLANE('',#3635);
#3282=PLANE('',#3652);
#3283=PLANE('',#3653);
#3284=PLANE('',#3654);
#3285=PLANE('',#3655);
#3286=PLANE('',#3656);
#3287=PLANE('',#3657);
#3288=PLANE('',#3658);
#3289=PLANE('',#3659);
#3290=PLANE('',#3660);
#3291=PLANE('',#3661);
#3292=PLANE('',#3662);
#3293=PLANE('',#3663);
#3294=PLANE('',#3664);
#3295=PLANE('',#3665);
#3296=PLANE('',#3666);
#3297=PLANE('',#3667);
#3298=PLANE('',#3668);
#3299=PLANE('',#3669);
#3300=PLANE('',#3670);
#3301=PLANE('',#3671);
#3302=PLANE('',#3676);
#3303=PLANE('',#3677);
#3304=PLANE('',#3678);
#3305=PLANE('',#3679);
#3306=PLANE('',#3680);
#3307=PLANE('',#3681);
#3308=PLANE('',#3682);
#3309=PLANE('',#3683);
#3310=PLANE('',#3684);
#3311=PLANE('',#3685);
#3312=PLANE('',#3686);
#3313=PLANE('',#3687);
#3314=PLANE('',#3688);
#3315=PLANE('',#3689);
#3316=PLANE('',#3690);
#3317=PLANE('',#3691);
#3318=PLANE('',#3692);
#3319=PLANE('',#3693);
#3320=PLANE('',#3694);
#3321=PLANE('',#3695);
#3322=PLANE('',#3696);
#3323=PLANE('',#3697);
#3324=PLANE('',#3699);
#3325=PLANE('',#3700);
#3326=PLANE('',#3703);
#3327=PLANE('',#3704);
#3328=PLANE('',#3705);
#3329=PLANE('',#3706);
#3330=PLANE('',#3707);
#3331=PLANE('',#3708);
#3332=PLANE('',#3711);
#3333=PLANE('',#3712);
#3334=PLANE('',#3713);
#3335=PLANE('',#3714);
#3336=PLANE('',#3715);
#3337=PLANE('',#3718);
#3338=PLANE('',#3719);
#3339=PLANE('',#3720);
#3340=PLANE('',#3721);
#3341=PLANE('',#3722);
#3342=PLANE('',#3723);
#3343=PLANE('',#3724);
#3344=PLANE('',#3725);
#3345=PLANE('',#3727);
#3346=PLANE('',#3737);
#3347=PLANE('',#3740);
#3348=PLANE('',#3743);
#3349=PLANE('',#3746);
#3350=PLANE('',#3752);
#3351=PLANE('',#3753);
#3352=PLANE('',#3755);
#3353=PLANE('',#3756);
#3354=PLANE('',#3765);
#3355=PLANE('',#3768);
#3356=PLANE('',#3769);
#3357=PLANE('',#3770);
#3358=PLANE('',#3773);
#3359=PLANE('',#3776);
#3360=PLANE('',#3778);
#3361=PLANE('',#3783);
#3362=PLANE('',#3784);
#3363=PLANE('',#3787);
#3364=PLANE('',#3790);
#3365=PLANE('',#3791);
#3366=PLANE('',#3792);
#3367=PLANE('',#3793);
#3368=PLANE('',#3794);
#3369=PLANE('',#3795);
#3370=PLANE('',#3796);
#3371=PLANE('',#3797);
#3372=PLANE('',#3798);
#3373=PLANE('',#3799);
#3374=PLANE('',#3800);
#3375=PLANE('',#3803);
#3376=PLANE('',#3804);
#3377=PLANE('',#3805);
#3378=PLANE('',#3806);
#3379=PLANE('',#3807);
#3380=PLANE('',#3810);
#3381=PLANE('',#3811);
#3382=PLANE('',#3812);
#3383=PLANE('',#3813);
#3384=PLANE('',#3814);
#3385=PLANE('',#3817);
#3386=PLANE('',#3818);
#3387=PLANE('',#3819);
#3388=PLANE('',#3820);
#3389=PLANE('',#3821);
#3390=PLANE('',#3822);
#3391=PLANE('',#3823);
#3392=PLANE('',#3824);
#3393=PLANE('',#3825);
#3394=PLANE('',#3826);
#3395=PLANE('',#3827);
#3396=PLANE('',#3828);
#3397=PLANE('',#3829);
#3398=PLANE('',#3830);
#3399=PLANE('',#3831);
#3400=PLANE('',#3832);
#3401=PLANE('',#3833);
#3402=PLANE('',#3834);
#3403=PLANE('',#3835);
#3404=PLANE('',#3836);
#3405=PLANE('',#3837);
#3406=PLANE('',#3838);
#3407=PLANE('',#3839);
#3408=PLANE('',#3840);
#3409=PLANE('',#3841);
#3410=PLANE('',#3842);
#3411=PLANE('',#3843);
#3412=PLANE('',#3844);
#3413=PLANE('',#3845);
#3414=PLANE('',#3846);
#3415=PLANE('',#3847);
#3416=PLANE('',#3848);
#3417=PLANE('',#3849);
#3418=PLANE('',#3850);
#3419=PLANE('',#3851);
#3420=PLANE('',#3852);
#3421=PLANE('',#3853);
#3422=PLANE('',#3854);
#3423=PLANE('',#3855);
#3424=PLANE('',#3862);
#3425=PLANE('',#3865);
#3426=PLANE('',#3872);
#3427=PLANE('',#3875);
#3428=PLANE('',#3882);
#3429=PLANE('',#3885);
#3430=PLANE('',#3892);
#3431=PLANE('',#3895);
#3432=ADVANCED_FACE('',(#134,#125,#126,#127,#128,#129),#3281,.F.);
#3433=ADVANCED_FACE('',(#135),#3282,.T.);
#3434=ADVANCED_FACE('',(#136),#3283,.T.);
#3435=ADVANCED_FACE('',(#137),#3284,.T.);
#3436=ADVANCED_FACE('',(#138),#3285,.T.);
#3437=ADVANCED_FACE('',(#139),#3286,.T.);
#3438=ADVANCED_FACE('',(#140),#3287,.T.);
#3439=ADVANCED_FACE('',(#141),#3288,.T.);
#3440=ADVANCED_FACE('',(#142),#3289,.T.);
#3441=ADVANCED_FACE('',(#143),#3290,.T.);
#3442=ADVANCED_FACE('',(#144),#3291,.T.);
#3443=ADVANCED_FACE('',(#145),#3292,.F.);
#3444=ADVANCED_FACE('',(#146),#3293,.T.);
#3445=ADVANCED_FACE('',(#147),#3294,.T.);
#3446=ADVANCED_FACE('',(#148),#3295,.F.);
#3447=ADVANCED_FACE('',(#149),#3296,.F.);
#3448=ADVANCED_FACE('',(#150),#3297,.F.);
#3449=ADVANCED_FACE('',(#151),#3298,.T.);
#3450=ADVANCED_FACE('',(#152),#3299,.T.);
#3451=ADVANCED_FACE('',(#153),#3300,.T.);
#3452=ADVANCED_FACE('',(#154),#3301,.T.);
#3453=ADVANCED_FACE('',(#155),#19,.T.);
#3454=ADVANCED_FACE('',(#156),#3302,.T.);
#3455=ADVANCED_FACE('',(#157),#3303,.T.);
#3456=ADVANCED_FACE('',(#158),#3304,.F.);
#3457=ADVANCED_FACE('',(#159),#3305,.F.);
#3458=ADVANCED_FACE('',(#160),#3306,.T.);
#3459=ADVANCED_FACE('',(#161),#3307,.T.);
#3460=ADVANCED_FACE('',(#162),#3308,.T.);
#3461=ADVANCED_FACE('',(#163),#3309,.F.);
#3462=ADVANCED_FACE('',(#164),#3310,.F.);
#3463=ADVANCED_FACE('',(#165),#3311,.T.);
#3464=ADVANCED_FACE('',(#166),#3312,.T.);
#3465=ADVANCED_FACE('',(#167),#3313,.T.);
#3466=ADVANCED_FACE('',(#168),#3314,.T.);
#3467=ADVANCED_FACE('',(#169),#3315,.F.);
#3468=ADVANCED_FACE('',(#170),#3316,.T.);
#3469=ADVANCED_FACE('',(#171),#3317,.T.);
#3470=ADVANCED_FACE('',(#172),#3318,.T.);
#3471=ADVANCED_FACE('',(#173),#3319,.T.);
#3472=ADVANCED_FACE('',(#174),#3320,.T.);
#3473=ADVANCED_FACE('',(#175),#3321,.T.);
#3474=ADVANCED_FACE('',(#176),#3322,.T.);
#3475=ADVANCED_FACE('',(#177,#130,#131),#3323,.T.);
#3476=ADVANCED_FACE('',(#178),#3324,.F.);
#3477=ADVANCED_FACE('',(#179),#3325,.F.);
#3478=ADVANCED_FACE('',(#180),#3326,.T.);
#3479=ADVANCED_FACE('',(#181),#3327,.T.);
#3480=ADVANCED_FACE('',(#182),#3328,.T.);
#3481=ADVANCED_FACE('',(#183),#3329,.T.);
#3482=ADVANCED_FACE('',(#184),#3330,.T.);
#3483=ADVANCED_FACE('',(#185),#3331,.T.);
#3484=ADVANCED_FACE('',(#186),#20,.T.);
#3485=ADVANCED_FACE('',(#187),#3332,.T.);
#3486=ADVANCED_FACE('',(#188),#3333,.T.);
#3487=ADVANCED_FACE('',(#189),#3334,.T.);
#3488=ADVANCED_FACE('',(#190),#3335,.T.);
#3489=ADVANCED_FACE('',(#191),#3336,.T.);
#3490=ADVANCED_FACE('',(#192),#21,.F.);
#3491=ADVANCED_FACE('',(#193),#3337,.T.);
#3492=ADVANCED_FACE('',(#194),#3338,.T.);
#3493=ADVANCED_FACE('',(#195),#3339,.T.);
#3494=ADVANCED_FACE('',(#196),#3340,.T.);
#3495=ADVANCED_FACE('',(#197),#3341,.T.);
#3496=ADVANCED_FACE('',(#198,#132),#3342,.T.);
#3497=ADVANCED_FACE('',(#199),#3343,.F.);
#3498=ADVANCED_FACE('',(#200),#3344,.F.);
#3499=ADVANCED_FACE('',(#201),#3345,.T.);
#3500=ADVANCED_FACE('',(#202),#22,.F.);
#3501=ADVANCED_FACE('',(#203),#17,.F.);
#3502=ADVANCED_FACE('',(#204),#23,.F.);
#3503=ADVANCED_FACE('',(#205),#3346,.F.);
#3504=ADVANCED_FACE('',(#206),#24,.F.);
#3505=ADVANCED_FACE('',(#207),#3347,.F.);
#3506=ADVANCED_FACE('',(#208),#3348,.T.);
#3507=ADVANCED_FACE('',(#209),#25,.F.);
#3508=ADVANCED_FACE('',(#210),#3349,.T.);
#3509=ADVANCED_FACE('',(#211),#26,.T.);
#3510=ADVANCED_FACE('',(#212),#3350,.T.);
#3511=ADVANCED_FACE('',(#213),#3351,.F.);
#3512=ADVANCED_FACE('',(#214),#27,.F.);
#3513=ADVANCED_FACE('',(#215),#3352,.F.);
#3514=ADVANCED_FACE('',(#216),#3353,.F.);
#3515=ADVANCED_FACE('',(#217),#28,.F.);
#3516=ADVANCED_FACE('',(#218),#18,.F.);
#3517=ADVANCED_FACE('',(#219),#29,.F.);
#3518=ADVANCED_FACE('',(#220),#3354,.F.);
#3519=ADVANCED_FACE('',(#221),#3355,.T.);
#3520=ADVANCED_FACE('',(#222),#3356,.T.);
#3521=ADVANCED_FACE('',(#223),#3357,.T.);
#3522=ADVANCED_FACE('',(#224),#30,.T.);
#3523=ADVANCED_FACE('',(#225),#3358,.T.);
#3524=ADVANCED_FACE('',(#226),#3359,.T.);
#3525=ADVANCED_FACE('',(#227),#31,.T.);
#3526=ADVANCED_FACE('',(#228),#3360,.F.);
#3527=ADVANCED_FACE('',(#229),#32,.T.);
#3528=ADVANCED_FACE('',(#230),#33,.T.);
#3529=ADVANCED_FACE('',(#231),#3361,.T.);
#3530=ADVANCED_FACE('',(#232),#3362,.T.);
#3531=ADVANCED_FACE('',(#233),#34,.F.);
#3532=ADVANCED_FACE('',(#234),#35,.F.);
#3533=ADVANCED_FACE('',(#235),#3363,.F.);
#3534=ADVANCED_FACE('',(#236),#36,.F.);
#3535=ADVANCED_FACE('',(#237),#3364,.F.);
#3536=ADVANCED_FACE('',(#238,#133),#3365,.T.);
#3537=ADVANCED_FACE('',(#239),#3366,.F.);
#3538=ADVANCED_FACE('',(#240),#3367,.F.);
#3539=ADVANCED_FACE('',(#241),#3368,.F.);
#3540=ADVANCED_FACE('',(#242),#3369,.F.);
#3541=ADVANCED_FACE('',(#243),#3370,.F.);
#3542=ADVANCED_FACE('',(#244),#3371,.F.);
#3543=ADVANCED_FACE('',(#245),#3372,.F.);
#3544=ADVANCED_FACE('',(#246),#3373,.F.);
#3545=ADVANCED_FACE('',(#247),#3374,.F.);
#3546=ADVANCED_FACE('',(#248),#3375,.T.);
#3547=ADVANCED_FACE('',(#249),#3376,.T.);
#3548=ADVANCED_FACE('',(#250),#3377,.T.);
#3549=ADVANCED_FACE('',(#251),#3378,.T.);
#3550=ADVANCED_FACE('',(#252),#3379,.T.);
#3551=ADVANCED_FACE('',(#253),#37,.T.);
#3552=ADVANCED_FACE('',(#254),#3380,.T.);
#3553=ADVANCED_FACE('',(#255),#3381,.T.);
#3554=ADVANCED_FACE('',(#256),#3382,.T.);
#3555=ADVANCED_FACE('',(#257),#3383,.T.);
#3556=ADVANCED_FACE('',(#258),#3384,.T.);
#3557=ADVANCED_FACE('',(#259),#38,.F.);
#3558=ADVANCED_FACE('',(#260),#3385,.T.);
#3559=ADVANCED_FACE('',(#261),#3386,.T.);
#3560=ADVANCED_FACE('',(#262),#3387,.T.);
#3561=ADVANCED_FACE('',(#263),#3388,.T.);
#3562=ADVANCED_FACE('',(#264),#3389,.T.);
#3563=ADVANCED_FACE('',(#265),#3390,.T.);
#3564=ADVANCED_FACE('',(#266),#3391,.T.);
#3565=ADVANCED_FACE('',(#267),#3392,.T.);
#3566=ADVANCED_FACE('',(#268),#3393,.T.);
#3567=ADVANCED_FACE('',(#269),#3394,.T.);
#3568=ADVANCED_FACE('',(#270),#3395,.F.);
#3569=ADVANCED_FACE('',(#271),#3396,.T.);
#3570=ADVANCED_FACE('',(#272),#3397,.T.);
#3571=ADVANCED_FACE('',(#273),#3398,.F.);
#3572=ADVANCED_FACE('',(#274),#3399,.T.);
#3573=ADVANCED_FACE('',(#275),#3400,.T.);
#3574=ADVANCED_FACE('',(#276),#3401,.T.);
#3575=ADVANCED_FACE('',(#277),#3402,.F.);
#3576=ADVANCED_FACE('',(#278),#3403,.F.);
#3577=ADVANCED_FACE('',(#279),#3404,.F.);
#3578=ADVANCED_FACE('',(#280),#3405,.F.);
#3579=ADVANCED_FACE('',(#281),#3406,.F.);
#3580=ADVANCED_FACE('',(#282),#3407,.F.);
#3581=ADVANCED_FACE('',(#283),#3408,.F.);
#3582=ADVANCED_FACE('',(#284),#3409,.F.);
#3583=ADVANCED_FACE('',(#285),#3410,.F.);
#3584=ADVANCED_FACE('',(#286),#3411,.T.);
#3585=ADVANCED_FACE('',(#287),#3412,.T.);
#3586=ADVANCED_FACE('',(#288),#3413,.F.);
#3587=ADVANCED_FACE('',(#289),#3414,.F.);
#3588=ADVANCED_FACE('',(#290),#3415,.F.);
#3589=ADVANCED_FACE('',(#291),#3416,.F.);
#3590=ADVANCED_FACE('',(#292),#3417,.F.);
#3591=ADVANCED_FACE('',(#293),#3418,.F.);
#3592=ADVANCED_FACE('',(#294),#3419,.F.);
#3593=ADVANCED_FACE('',(#295),#3420,.F.);
#3594=ADVANCED_FACE('',(#296),#3421,.F.);
#3595=ADVANCED_FACE('',(#297),#3422,.F.);
#3596=ADVANCED_FACE('',(#298),#3423,.T.);
#3597=ADVANCED_FACE('',(#299),#39,.T.);
#3598=ADVANCED_FACE('',(#300),#40,.T.);
#3599=ADVANCED_FACE('',(#301),#41,.T.);
#3600=ADVANCED_FACE('',(#302),#3424,.T.);
#3601=ADVANCED_FACE('',(#303),#42,.F.);
#3602=ADVANCED_FACE('',(#304),#3425,.T.);
#3603=ADVANCED_FACE('',(#305),#43,.T.);
#3604=ADVANCED_FACE('',(#306),#44,.T.);
#3605=ADVANCED_FACE('',(#307),#45,.T.);
#3606=ADVANCED_FACE('',(#308),#3426,.T.);
#3607=ADVANCED_FACE('',(#309),#46,.F.);
#3608=ADVANCED_FACE('',(#310),#3427,.T.);
#3609=ADVANCED_FACE('',(#311),#47,.T.);
#3610=ADVANCED_FACE('',(#312),#48,.T.);
#3611=ADVANCED_FACE('',(#313),#49,.T.);
#3612=ADVANCED_FACE('',(#314),#3428,.T.);
#3613=ADVANCED_FACE('',(#315),#50,.F.);
#3614=ADVANCED_FACE('',(#316),#3429,.T.);
#3615=ADVANCED_FACE('',(#317),#51,.T.);
#3616=ADVANCED_FACE('',(#318),#52,.T.);
#3617=ADVANCED_FACE('',(#319),#53,.T.);
#3618=ADVANCED_FACE('',(#320),#3430,.T.);
#3619=ADVANCED_FACE('',(#321),#54,.F.);
#3620=ADVANCED_FACE('',(#322),#3431,.T.);
#3621=CLOSED_SHELL('',(#3432,#3433,#3434,#3435,#3436,#3437,#3438,#3439,
#3440,#3441,#3442,#3443,#3444,#3445,#3446,#3447,#3448,#3449,#3450,#3451,
#3452,#3453,#3454,#3455,#3456,#3457,#3458,#3459,#3460,#3461,#3462,#3463,
#3464,#3465,#3466,#3467,#3468,#3469,#3470,#3471,#3472,#3473,#3474,#3475,
#3476,#3477,#3478,#3479,#3480,#3481,#3482,#3483,#3484,#3485,#3486,#3487,
#3488,#3489,#3490,#3491,#3492,#3493,#3494,#3495,#3496,#3497,#3498,#3499,
#3500,#3501,#3502,#3503,#3504,#3505,#3506,#3507,#3508,#3509,#3510,#3511,
#3512,#3513,#3514,#3515,#3516,#3517,#3518,#3519,#3520,#3521,#3522,#3523,
#3524,#3525,#3526,#3527,#3528,#3529,#3530,#3531,#3532,#3533,#3534,#3535,
#3536,#3537,#3538,#3539,#3540,#3541,#3542,#3543,#3544,#3545,#3546,#3547,
#3548,#3549,#3550,#3551,#3552,#3553,#3554,#3555,#3556,#3557,#3558,#3559,
#3560,#3561,#3562,#3563,#3564,#3565,#3566,#3567,#3568,#3569,#3570,#3571,
#3572,#3573,#3574,#3575,#3576,#3577,#3578,#3579,#3580,#3581,#3582,#3583,
#3584,#3585,#3586,#3587,#3588,#3589,#3590,#3591,#3592,#3593,#3594,#3595,
#3596,#3597,#3598,#3599,#3600,#3601,#3602,#3603,#3604,#3605,#3606,#3607,
#3608,#3609,#3610,#3611,#3612,#3613,#3614,#3615,#3616,#3617,#3618,#3619,
#3620));
#3622=DERIVED_UNIT_ELEMENT(#3624,1.);
#3623=DERIVED_UNIT_ELEMENT(#5905,-3.);
#3624=(
MASS_UNIT()
NAMED_UNIT(*)
SI_UNIT(.KILO.,.GRAM.)
);
#3625=DERIVED_UNIT((#3622,#3623));
#3626=MEASURE_REPRESENTATION_ITEM('density measure',
POSITIVE_RATIO_MEASURE(7850.),#3625);
#3627=PROPERTY_DEFINITION_REPRESENTATION(#3632,#3629);
#3628=PROPERTY_DEFINITION_REPRESENTATION(#3633,#3630);
#3629=REPRESENTATION('material name',(#3631),#5902);
#3630=REPRESENTATION('density',(#3626),#5902);
#3631=DESCRIPTIVE_REPRESENTATION_ITEM('Steel','Steel');
#3632=PROPERTY_DEFINITION('material property','material name',#5912);
#3633=PROPERTY_DEFINITION('material property','density of part',#5912);
#3634=AXIS2_PLACEMENT_3D('',#4862,#3896,#3897);
#3635=AXIS2_PLACEMENT_3D('',#4863,#3898,#3899);
#3636=AXIS2_PLACEMENT_3D('',#4916,#3925,#3926);
#3637=AXIS2_PLACEMENT_3D('',#4918,#3927,#3928);
#3638=AXIS2_PLACEMENT_3D('',#4920,#3929,#3930);
#3639=AXIS2_PLACEMENT_3D('',#4924,#3932,#3933);
#3640=AXIS2_PLACEMENT_3D('',#4928,#3935,#3936);
#3641=AXIS2_PLACEMENT_3D('',#4930,#3937,#3938);
#3642=AXIS2_PLACEMENT_3D('',#4932,#3939,#3940);
#3643=AXIS2_PLACEMENT_3D('',#4936,#3942,#3943);
#3644=AXIS2_PLACEMENT_3D('',#4940,#3945,#3946);
#3645=AXIS2_PLACEMENT_3D('',#4942,#3947,#3948);
#3646=AXIS2_PLACEMENT_3D('',#4944,#3949,#3950);
#3647=AXIS2_PLACEMENT_3D('',#4948,#3952,#3953);
#3648=AXIS2_PLACEMENT_3D('',#4952,#3955,#3956);
#3649=AXIS2_PLACEMENT_3D('',#4954,#3957,#3958);
#3650=AXIS2_PLACEMENT_3D('',#4956,#3959,#3960);
#3651=AXIS2_PLACEMENT_3D('',#4959,#3962,#3963);
#3652=AXIS2_PLACEMENT_3D('',#4960,#3964,#3965);
#3653=AXIS2_PLACEMENT_3D('',#4966,#3969,#3970);
#3654=AXIS2_PLACEMENT_3D('',#4970,#3973,#3974);
#3655=AXIS2_PLACEMENT_3D('',#4974,#3977,#3978);
#3656=AXIS2_PLACEMENT_3D('',#4976,#3980,#3981);
#3657=AXIS2_PLACEMENT_3D('',#4977,#3982,#3983);
#3658=AXIS2_PLACEMENT_3D('',#4986,#3988,#3989);
#3659=AXIS2_PLACEMENT_3D('',#4989,#3992,#3993);
#3660=AXIS2_PLACEMENT_3D('',#4991,#3995,#3996);
#3661=AXIS2_PLACEMENT_3D('',#4993,#3998,#3999);
#3662=AXIS2_PLACEMENT_3D('',#4994,#4000,#4001);
#3663=AXIS2_PLACEMENT_3D('',#5000,#4005,#4006);
#3664=AXIS2_PLACEMENT_3D('',#5012,#4013,#4014);
#3665=AXIS2_PLACEMENT_3D('',#5021,#4019,#4020);
#3666=AXIS2_PLACEMENT_3D('',#5048,#4035,#4036);
#3667=AXIS2_PLACEMENT_3D('',#5058,#4042,#4043);
#3668=AXIS2_PLACEMENT_3D('',#5064,#4047,#4048);
#3669=AXIS2_PLACEMENT_3D('',#5069,#4052,#4053);
#3670=AXIS2_PLACEMENT_3D('',#5073,#4056,#4057);
#3671=AXIS2_PLACEMENT_3D('',#5081,#4062,#4063);
#3672=AXIS2_PLACEMENT_3D('',#5084,#4064,#4065);
#3673=AXIS2_PLACEMENT_3D('',#5100,#4074,#4075);
#3674=AXIS2_PLACEMENT_3D('',#5138,#4095,#4096);
#3675=AXIS2_PLACEMENT_3D('',#5142,#4098,#4099);
#3676=AXIS2_PLACEMENT_3D('',#5144,#4101,#4102);
#3677=AXIS2_PLACEMENT_3D('',#5148,#4105,#4106);
#3678=AXIS2_PLACEMENT_3D('',#5156,#4111,#4112);
#3679=AXIS2_PLACEMENT_3D('',#5168,#4119,#4120);
#3680=AXIS2_PLACEMENT_3D('',#5174,#4124,#4125);
#3681=AXIS2_PLACEMENT_3D('',#5184,#4131,#4132);
#3682=AXIS2_PLACEMENT_3D('',#5211,#4147,#4148);
#3683=AXIS2_PLACEMENT_3D('',#5215,#4151,#4152);
#3684=AXIS2_PLACEMENT_3D('',#5223,#4157,#4158);
#3685=AXIS2_PLACEMENT_3D('',#5237,#4166,#4167);
#3686=AXIS2_PLACEMENT_3D('',#5239,#4169,#4170);
#3687=AXIS2_PLACEMENT_3D('',#5241,#4172,#4173);
#3688=AXIS2_PLACEMENT_3D('',#5243,#4175,#4176);
#3689=AXIS2_PLACEMENT_3D('',#5244,#4177,#4178);
#3690=AXIS2_PLACEMENT_3D('',#5249,#4182,#4183);
#3691=AXIS2_PLACEMENT_3D('',#5251,#4185,#4186);
#3692=AXIS2_PLACEMENT_3D('',#5253,#4188,#4189);
#3693=AXIS2_PLACEMENT_3D('',#5255,#4191,#4192);
#3694=AXIS2_PLACEMENT_3D('',#5257,#4194,#4195);
#3695=AXIS2_PLACEMENT_3D('',#5259,#4197,#4198);
#3696=AXIS2_PLACEMENT_3D('',#5260,#4199,#4200);
#3697=AXIS2_PLACEMENT_3D('',#5262,#4202,#4203);
#3698=AXIS2_PLACEMENT_3D('',#5265,#4205,#4206);
#3699=AXIS2_PLACEMENT_3D('',#5282,#4215,#4216);
#3700=AXIS2_PLACEMENT_3D('',#5291,#4221,#4222);
#3701=AXIS2_PLACEMENT_3D('',#5298,#4225,#4226);
#3702=AXIS2_PLACEMENT_3D('',#5303,#4229,#4230);
#3703=AXIS2_PLACEMENT_3D('',#5305,#4232,#4233);
#3704=AXIS2_PLACEMENT_3D('',#5311,#4237,#4238);
#3705=AXIS2_PLACEMENT_3D('',#5317,#4242,#4243);
#3706=AXIS2_PLACEMENT_3D('',#5321,#4246,#4247);
#3707=AXIS2_PLACEMENT_3D('',#5325,#4250,#4251);
#3708=AXIS2_PLACEMENT_3D('',#5329,#4254,#4255);
#3709=AXIS2_PLACEMENT_3D('',#5333,#4258,#4259);
#3710=AXIS2_PLACEMENT_3D('',#5335,#4260,#4261);
#3711=AXIS2_PLACEMENT_3D('',#5337,#4263,#4264);
#3712=AXIS2_PLACEMENT_3D('',#5341,#4267,#4268);
#3713=AXIS2_PLACEMENT_3D('',#5347,#4272,#4273);
#3714=AXIS2_PLACEMENT_3D('',#5351,#4276,#4277);
#3715=AXIS2_PLACEMENT_3D('',#5357,#4281,#4282);
#3716=AXIS2_PLACEMENT_3D('',#5361,#4285,#4286);
#3717=AXIS2_PLACEMENT_3D('',#5363,#4287,#4288);
#3718=AXIS2_PLACEMENT_3D('',#5365,#4290,#4291);
#3719=AXIS2_PLACEMENT_3D('',#5367,#4293,#4294);
#3720=AXIS2_PLACEMENT_3D('',#5371,#4297,#4298);
#3721=AXIS2_PLACEMENT_3D('',#5374,#4301,#4302);
#3722=AXIS2_PLACEMENT_3D('',#5376,#4304,#4305);
#3723=AXIS2_PLACEMENT_3D('',#5377,#4306,#4307);
#3724=AXIS2_PLACEMENT_3D('',#5386,#4312,#4313);
#3725=AXIS2_PLACEMENT_3D('',#5389,#4316,#4317);
#3726=AXIS2_PLACEMENT_3D('',#5396,#4321,#4322);
#3727=AXIS2_PLACEMENT_3D('',#5397,#4323,#4324);
#3728=AXIS2_PLACEMENT_3D('',#5405,#4328,#4329);
#3729=AXIS2_PLACEMENT_3D('',#5408,#4331,#4332);
#3730=AXIS2_PLACEMENT_3D('',#5409,#4333,#4334);
#3731=AXIS2_PLACEMENT_3D('',#5412,#4336,#4337);
#3732=AXIS2_PLACEMENT_3D('',#5413,#4338,#4339);
#3733=AXIS2_PLACEMENT_3D('',#5415,#4340,#4341);
#3734=AXIS2_PLACEMENT_3D('',#5416,#4342,#4343);
#3735=AXIS2_PLACEMENT_3D('',#5417,#4344,#4345);
#3736=AXIS2_PLACEMENT_3D('',#5420,#4347,#4348);
#3737=AXIS2_PLACEMENT_3D('',#5421,#4349,#4350);
#3738=AXIS2_PLACEMENT_3D('',#5435,#4358,#4359);
#3739=AXIS2_PLACEMENT_3D('',#5438,#4361,#4362);
#3740=AXIS2_PLACEMENT_3D('',#5439,#4363,#4364);
#3741=AXIS2_PLACEMENT_3D('',#5443,#4366,#4367);
#3742=AXIS2_PLACEMENT_3D('',#5456,#4374,#4375);
#3743=AXIS2_PLACEMENT_3D('',#5457,#4376,#4377);
#3744=AXIS2_PLACEMENT_3D('',#5463,#4381,#4382);
#3745=AXIS2_PLACEMENT_3D('',#5466,#4384,#4385);
#3746=AXIS2_PLACEMENT_3D('',#5467,#4386,#4387);
#3747=AXIS2_PLACEMENT_3D('',#5470,#4388,#4389);
#3748=AXIS2_PLACEMENT_3D('',#5475,#4392,#4393);
#3749=AXIS2_PLACEMENT_3D('',#5481,#4396,#4397);
#3750=AXIS2_PLACEMENT_3D('',#5487,#4401,#4402);
#3751=AXIS2_PLACEMENT_3D('',#5491,#4404,#4405);
#3752=AXIS2_PLACEMENT_3D('',#5493,#4407,#4408);
#3753=AXIS2_PLACEMENT_3D('',#5502,#4414,#4415);
#3754=AXIS2_PLACEMENT_3D('',#5505,#4418,#4419);
#3755=AXIS2_PLACEMENT_3D('',#5506,#4420,#4421);
#3756=AXIS2_PLACEMENT_3D('',#5508,#4423,#4424);
#3757=AXIS2_PLACEMENT_3D('',#5509,#4425,#4426);
#3758=AXIS2_PLACEMENT_3D('',#5510,#4427,#4428);
#3759=AXIS2_PLACEMENT_3D('',#5511,#4429,#4430);
#3760=AXIS2_PLACEMENT_3D('',#5512,#4431,#4432);
#3761=AXIS2_PLACEMENT_3D('',#5514,#4433,#4434);
#3762=AXIS2_PLACEMENT_3D('',#5515,#4435,#4436);
#3763=AXIS2_PLACEMENT_3D('',#5516,#4437,#4438);
#3764=AXIS2_PLACEMENT_3D('',#5519,#4440,#4441);
#3765=AXIS2_PLACEMENT_3D('',#5520,#4442,#4443);
#3766=AXIS2_PLACEMENT_3D('',#5525,#4446,#4447);
#3767=AXIS2_PLACEMENT_3D('',#5529,#4449,#4450);
#3768=AXIS2_PLACEMENT_3D('',#5531,#4452,#4453);
#3769=AXIS2_PLACEMENT_3D('',#5537,#4457,#4458);
#3770=AXIS2_PLACEMENT_3D('',#5543,#4462,#4463);
#3771=AXIS2_PLACEMENT_3D('',#5547,#4466,#4467);
#3772=AXIS2_PLACEMENT_3D('',#5548,#4468,#4469);
#3773=AXIS2_PLACEMENT_3D('',#5550,#4471,#4472);
#3774=AXIS2_PLACEMENT_3D('',#5552,#4473,#4474);
#3775=AXIS2_PLACEMENT_3D('',#5555,#4476,#4477);
#3776=AXIS2_PLACEMENT_3D('',#5557,#4479,#4480);
#3777=AXIS2_PLACEMENT_3D('',#5560,#4483,#4484);
#3778=AXIS2_PLACEMENT_3D('',#5561,#4485,#4486);
#3779=AXIS2_PLACEMENT_3D('',#5563,#4487,#4488);
#3780=AXIS2_PLACEMENT_3D('',#5566,#4490,#4491);
#3781=AXIS2_PLACEMENT_3D('',#5567,#4492,#4493);
#3782=AXIS2_PLACEMENT_3D('',#5569,#4495,#4496);
#3783=AXIS2_PLACEMENT_3D('',#5571,#4498,#4499);
#3784=AXIS2_PLACEMENT_3D('',#5573,#4501,#4502);
#3785=AXIS2_PLACEMENT_3D('',#5575,#4504,#4505);
#3786=AXIS2_PLACEMENT_3D('',#5576,#4506,#4507);
#3787=AXIS2_PLACEMENT_3D('',#5577,#4508,#4509);
#3788=AXIS2_PLACEMENT_3D('',#5583,#4513,#4514);
#3789=AXIS2_PLACEMENT_3D('',#5584,#4515,#4516);
#3790=AXIS2_PLACEMENT_3D('',#5585,#4517,#4518);
#3791=AXIS2_PLACEMENT_3D('',#5589,#4521,#4522);
#3792=AXIS2_PLACEMENT_3D('',#5605,#4531,#4532);
#3793=AXIS2_PLACEMENT_3D('',#5608,#4535,#4536);
#3794=AXIS2_PLACEMENT_3D('',#5609,#4537,#4538);
#3795=AXIS2_PLACEMENT_3D('',#5611,#4540,#4541);
#3796=AXIS2_PLACEMENT_3D('',#5613,#4543,#4544);
#3797=AXIS2_PLACEMENT_3D('',#5615,#4546,#4547);
#3798=AXIS2_PLACEMENT_3D('',#5617,#4549,#4550);
#3799=AXIS2_PLACEMENT_3D('',#5618,#4551,#4552);
#3800=AXIS2_PLACEMENT_3D('',#5624,#4556,#4557);
#3801=AXIS2_PLACEMENT_3D('',#5631,#4560,#4561);
#3802=AXIS2_PLACEMENT_3D('',#5636,#4564,#4565);
#3803=AXIS2_PLACEMENT_3D('',#5638,#4567,#4568);
#3804=AXIS2_PLACEMENT_3D('',#5644,#4572,#4573);
#3805=AXIS2_PLACEMENT_3D('',#5650,#4577,#4578);
#3806=AXIS2_PLACEMENT_3D('',#5654,#4581,#4582);
#3807=AXIS2_PLACEMENT_3D('',#5658,#4585,#4586);
#3808=AXIS2_PLACEMENT_3D('',#5660,#4588,#4589);
#3809=AXIS2_PLACEMENT_3D('',#5662,#4590,#4591);
#3810=AXIS2_PLACEMENT_3D('',#5664,#4593,#4594);
#3811=AXIS2_PLACEMENT_3D('',#5668,#4597,#4598);
#3812=AXIS2_PLACEMENT_3D('',#5674,#4602,#4603);
#3813=AXIS2_PLACEMENT_3D('',#5678,#4606,#4607);
#3814=AXIS2_PLACEMENT_3D('',#5684,#4611,#4612);
#3815=AXIS2_PLACEMENT_3D('',#5688,#4615,#4616);
#3816=AXIS2_PLACEMENT_3D('',#5690,#4617,#4618);
#3817=AXIS2_PLACEMENT_3D('',#5692,#4620,#4621);
#3818=AXIS2_PLACEMENT_3D('',#5694,#4623,#4624);
#3819=AXIS2_PLACEMENT_3D('',#5698,#4627,#4628);
#3820=AXIS2_PLACEMENT_3D('',#5700,#4630,#4631);
#3821=AXIS2_PLACEMENT_3D('',#5702,#4633,#4634);
#3822=AXIS2_PLACEMENT_3D('',#5704,#4636,#4637);
#3823=AXIS2_PLACEMENT_3D('',#5705,#4638,#4639);
#3824=AXIS2_PLACEMENT_3D('',#5707,#4641,#4642);
#3825=AXIS2_PLACEMENT_3D('',#5708,#4643,#4644);
#3826=AXIS2_PLACEMENT_3D('',#5710,#4646,#4647);
#3827=AXIS2_PLACEMENT_3D('',#5711,#4648,#4649);
#3828=AXIS2_PLACEMENT_3D('',#5715,#4652,#4653);
#3829=AXIS2_PLACEMENT_3D('',#5719,#4656,#4657);
#3830=AXIS2_PLACEMENT_3D('',#5723,#4660,#4661);
#3831=AXIS2_PLACEMENT_3D('',#5731,#4666,#4667);
#3832=AXIS2_PLACEMENT_3D('',#5733,#4669,#4670);
#3833=AXIS2_PLACEMENT_3D('',#5735,#4672,#4673);
#3834=AXIS2_PLACEMENT_3D('',#5737,#4675,#4676);
#3835=AXIS2_PLACEMENT_3D('',#5738,#4677,#4678);
#3836=AXIS2_PLACEMENT_3D('',#5742,#4681,#4682);
#3837=AXIS2_PLACEMENT_3D('',#5746,#4685,#4686);
#3838=AXIS2_PLACEMENT_3D('',#5750,#4689,#4690);
#3839=AXIS2_PLACEMENT_3D('',#5754,#4693,#4694);
#3840=AXIS2_PLACEMENT_3D('',#5758,#4697,#4698);
#3841=AXIS2_PLACEMENT_3D('',#5762,#4701,#4702);
#3842=AXIS2_PLACEMENT_3D('',#5764,#4704,#4705);
#3843=AXIS2_PLACEMENT_3D('',#5765,#4706,#4707);
#3844=AXIS2_PLACEMENT_3D('',#5775,#4713,#4714);
#3845=AXIS2_PLACEMENT_3D('',#5785,#4720,#4721);
#3846=AXIS2_PLACEMENT_3D('',#5787,#4723,#4724);
#3847=AXIS2_PLACEMENT_3D('',#5789,#4726,#4727);
#3848=AXIS2_PLACEMENT_3D('',#5791,#4729,#4730);
#3849=AXIS2_PLACEMENT_3D('',#5793,#4732,#4733);
#3850=AXIS2_PLACEMENT_3D('',#5794,#4734,#4735);
#3851=AXIS2_PLACEMENT_3D('',#5796,#4737,#4738);
#3852=AXIS2_PLACEMENT_3D('',#5798,#4740,#4741);
#3853=AXIS2_PLACEMENT_3D('',#5800,#4743,#4744);
#3854=AXIS2_PLACEMENT_3D('',#5802,#4746,#4747);
#3855=AXIS2_PLACEMENT_3D('',#5803,#4748,#4749);
#3856=AXIS2_PLACEMENT_3D('',#5809,#4753,#4754);
#3857=AXIS2_PLACEMENT_3D('',#5811,#4755,#4756);
#3858=AXIS2_PLACEMENT_3D('',#5813,#4758,#4759);
#3859=AXIS2_PLACEMENT_3D('',#5815,#4760,#4761);
#3860=AXIS2_PLACEMENT_3D('',#5817,#4763,#4764);
#3861=AXIS2_PLACEMENT_3D('',#5819,#4765,#4766);
#3862=AXIS2_PLACEMENT_3D('',#5821,#4768,#4769);
#3863=AXIS2_PLACEMENT_3D('',#5825,#4772,#4773);
#3864=AXIS2_PLACEMENT_3D('',#5827,#4774,#4775);
#3865=AXIS2_PLACEMENT_3D('',#5829,#4777,#4778);
#3866=AXIS2_PLACEMENT_3D('',#5833,#4781,#4782);
#3867=AXIS2_PLACEMENT_3D('',#5835,#4783,#4784);
#3868=AXIS2_PLACEMENT_3D('',#5837,#4786,#4787);
#3869=AXIS2_PLACEMENT_3D('',#5839,#4788,#4789);
#3870=AXIS2_PLACEMENT_3D('',#5841,#4791,#4792);
#3871=AXIS2_PLACEMENT_3D('',#5843,#4793,#4794);
#3872=AXIS2_PLACEMENT_3D('',#5845,#4796,#4797);
#3873=AXIS2_PLACEMENT_3D('',#5849,#4800,#4801);
#3874=AXIS2_PLACEMENT_3D('',#5851,#4802,#4803);
#3875=AXIS2_PLACEMENT_3D('',#5853,#4805,#4806);
#3876=AXIS2_PLACEMENT_3D('',#5857,#4809,#4810);
#3877=AXIS2_PLACEMENT_3D('',#5859,#4811,#4812);
#3878=AXIS2_PLACEMENT_3D('',#5861,#4814,#4815);
#3879=AXIS2_PLACEMENT_3D('',#5863,#4816,#4817);
#3880=AXIS2_PLACEMENT_3D('',#5865,#4819,#4820);
#3881=AXIS2_PLACEMENT_3D('',#5867,#4821,#4822);
#3882=AXIS2_PLACEMENT_3D('',#5869,#4824,#4825);
#3883=AXIS2_PLACEMENT_3D('',#5873,#4828,#4829);
#3884=AXIS2_PLACEMENT_3D('',#5875,#4830,#4831);
#3885=AXIS2_PLACEMENT_3D('',#5877,#4833,#4834);
#3886=AXIS2_PLACEMENT_3D('',#5881,#4837,#4838);
#3887=AXIS2_PLACEMENT_3D('',#5883,#4839,#4840);
#3888=AXIS2_PLACEMENT_3D('',#5885,#4842,#4843);
#3889=AXIS2_PLACEMENT_3D('',#5887,#4844,#4845);
#3890=AXIS2_PLACEMENT_3D('',#5889,#4847,#4848);
#3891=AXIS2_PLACEMENT_3D('',#5891,#4849,#4850);
#3892=AXIS2_PLACEMENT_3D('',#5893,#4852,#4853);
#3893=AXIS2_PLACEMENT_3D('',#5897,#4856,#4857);
#3894=AXIS2_PLACEMENT_3D('',#5898,#4858,#4859);
#3895=AXIS2_PLACEMENT_3D('',#5899,#4860,#4861);
#3896=DIRECTION('axis',(0.,0.,1.));
#3897=DIRECTION('refdir',(1.,0.,0.));
#3898=DIRECTION('center_axis',(0.,1.,0.));
#3899=DIRECTION('ref_axis',(1.,0.,0.));
#3900=DIRECTION('',(0.,0.,1.));
#3901=DIRECTION('',(-1.,0.,0.));
#3902=DIRECTION('',(0.,0.,-1.));
#3903=DIRECTION('',(1.,0.,0.));
#3904=DIRECTION('',(0.,0.,1.));
#3905=DIRECTION('',(1.,0.,0.));
#3906=DIRECTION('',(0.,0.,1.));
#3907=DIRECTION('',(-1.,0.,0.));
#3908=DIRECTION('',(-1.,0.,0.));
#3909=DIRECTION('',(0.,0.,1.));
#3910=DIRECTION('',(-1.,0.,0.));
#3911=DIRECTION('',(0.,0.,-1.));
#3912=DIRECTION('',(1.,0.,0.));
#3913=DIRECTION('',(0.,0.,-1.));
#3914=DIRECTION('',(1.,0.,0.));
#3915=DIRECTION('',(0.,0.,1.));
#3916=DIRECTION('',(0.,0.,1.));
#3917=DIRECTION('',(-1.,0.,0.));
#3918=DIRECTION('',(0.,0.,1.));
#3919=DIRECTION('',(-1.,0.,0.));
#3920=DIRECTION('',(0.,0.,1.));
#3921=DIRECTION('',(1.,0.,0.));
#3922=DIRECTION('',(0.,0.,1.));
#3923=DIRECTION('',(1.,0.,0.));
#3924=DIRECTION('',(0.,0.,-1.));
#3925=DIRECTION('center_axis',(0.,-1.,0.));
#3926=DIRECTION('ref_axis',(-0.157142857142902,0.,0.987575881868814));
#3927=DIRECTION('center_axis',(0.,-1.,0.));
#3928=DIRECTION('ref_axis',(0.157142857142902,0.,0.987575881868814));
#3929=DIRECTION('center_axis',(0.,-1.,0.));
#3930=DIRECTION('ref_axis',(1.,0.,0.));
#3931=DIRECTION('',(0.,0.,1.));
#3932=DIRECTION('center_axis',(0.,-1.,0.));
#3933=DIRECTION('ref_axis',(-1.,0.,0.));
#3934=DIRECTION('',(-1.,0.,0.));
#3935=DIRECTION('center_axis',(0.,-1.,0.));
#3936=DIRECTION('ref_axis',(0.987575881868814,0.,0.157142857142902));
#3937=DIRECTION('center_axis',(0.,-1.,0.));
#3938=DIRECTION('ref_axis',(0.987575881868814,0.,-0.157142857142902));
#3939=DIRECTION('center_axis',(0.,-1.,0.));
#3940=DIRECTION('ref_axis',(0.,0.,-1.));
#3941=DIRECTION('',(1.,0.,0.));
#3942=DIRECTION('center_axis',(0.,-1.,0.));
#3943=DIRECTION('ref_axis',(0.,0.,1.));
#3944=DIRECTION('',(0.,0.,1.));
#3945=DIRECTION('center_axis',(0.,-1.,0.));
#3946=DIRECTION('ref_axis',(0.157142857142805,0.,-0.987575881868829));
#3947=DIRECTION('center_axis',(0.,-1.,0.));
#3948=DIRECTION('ref_axis',(-0.157142857142902,0.,-0.987575881868814));
#3949=DIRECTION('center_axis',(0.,-1.,0.));
#3950=DIRECTION('ref_axis',(-1.,0.,0.));
#3951=DIRECTION('',(0.,0.,-1.));
#3952=DIRECTION('center_axis',(0.,-1.,0.));
#3953=DIRECTION('ref_axis',(1.,0.,0.));
#3954=DIRECTION('',(1.,0.,0.));
#3955=DIRECTION('center_axis',(0.,-1.,0.));
#3956=DIRECTION('ref_axis',(-0.987575881868829,0.,-0.157142857142805));
#3957=DIRECTION('center_axis',(0.,-1.,0.));
#3958=DIRECTION('ref_axis',(-0.987575881868814,0.,0.157142857142902));
#3959=DIRECTION('center_axis',(0.,-1.,0.));
#3960=DIRECTION('ref_axis',(0.,0.,1.));
#3961=DIRECTION('',(-1.,0.,0.));
#3962=DIRECTION('center_axis',(0.,-1.,0.));
#3963=DIRECTION('ref_axis',(0.,0.,-1.));
#3964=DIRECTION('center_axis',(0.,0.,-1.));
#3965=DIRECTION('ref_axis',(1.,0.,0.));
#3966=DIRECTION('',(0.,-1.,0.));
#3967=DIRECTION('',(1.,0.,0.));
#3968=DIRECTION('',(0.,-1.,0.));
#3969=DIRECTION('center_axis',(-1.,0.,0.));
#3970=DIRECTION('ref_axis',(0.,0.,-1.));
#3971=DIRECTION('',(0.,-1.,0.));
#3972=DIRECTION('',(0.,0.,-1.));
#3973=DIRECTION('center_axis',(0.,0.,1.));
#3974=DIRECTION('ref_axis',(-1.,0.,0.));
#3975=DIRECTION('',(-1.,0.,0.));
#3976=DIRECTION('',(0.,-1.,0.));
#3977=DIRECTION('center_axis',(1.,0.,0.));
#3978=DIRECTION('ref_axis',(0.,0.,1.));
#3979=DIRECTION('',(0.,0.,1.));
#3980=DIRECTION('center_axis',(0.,-1.,0.));
#3981=DIRECTION('ref_axis',(1.,0.,0.));
#3982=DIRECTION('center_axis',(0.,-1.,0.));
#3983=DIRECTION('ref_axis',(1.,0.,0.));
#3984=DIRECTION('',(-1.,0.,0.));
#3985=DIRECTION('',(0.,0.,-1.));
#3986=DIRECTION('',(1.,0.,0.));
#3987=DIRECTION('',(0.,0.,1.));
#3988=DIRECTION('center_axis',(0.,0.,1.));
#3989=DIRECTION('ref_axis',(-1.,0.,0.));
#3990=DIRECTION('',(0.,-1.,0.));
#3991=DIRECTION('',(0.,-1.,0.));
#3992=DIRECTION('center_axis',(1.,0.,0.));
#3993=DIRECTION('ref_axis',(0.,0.,1.));
#3994=DIRECTION('',(0.,-1.,0.));
#3995=DIRECTION('center_axis',(0.,0.,-1.));
#3996=DIRECTION('ref_axis',(1.,0.,0.));
#3997=DIRECTION('',(0.,-1.,0.));
#3998=DIRECTION('center_axis',(-1.,0.,0.));
#3999=DIRECTION('ref_axis',(0.,0.,-1.));
#4000=DIRECTION('center_axis',(-1.,0.,0.));
#4001=DIRECTION('ref_axis',(0.,0.,1.));
#4002=DIRECTION('',(0.,1.,0.));
#4003=DIRECTION('',(0.,1.,0.));
#4004=DIRECTION('',(0.,0.156605894335803,-0.987661173611317));
#4005=DIRECTION('center_axis',(0.,0.,-1.));
#4006=DIRECTION('ref_axis',(0.,1.,0.));
#4007=DIRECTION('',(0.,1.,0.));
#4008=DIRECTION('',(1.,0.,0.));
#4009=DIRECTION('',(0.,1.,0.));
#4010=DIRECTION('',(-1.,0.,0.));
#4011=DIRECTION('',(0.,1.,0.));
#4012=DIRECTION('',(1.,0.,0.));
#4013=DIRECTION('center_axis',(0.,0.,-1.));
#4014=DIRECTION('ref_axis',(0.,1.,0.));
#4015=DIRECTION('',(0.,1.,0.));
#4016=DIRECTION('',(-1.,0.,0.));
#4017=DIRECTION('',(0.,1.,0.));
#4018=DIRECTION('',(-1.,0.,0.));
#4019=DIRECTION('center_axis',(-1.,0.,0.));
#4020=DIRECTION('ref_axis',(0.,0.,1.));
#4021=DIRECTION('',(0.,-1.,0.));
#4022=DIRECTION('',(0.,0.156605894335803,-0.987661173611317));
#4023=DIRECTION('',(0.,0.,1.));
#4024=DIRECTION('',(0.,1.,0.));
#4025=DIRECTION('',(0.,0.,-1.));
#4026=DIRECTION('',(0.,1.,0.));
#4027=DIRECTION('',(0.,0.,1.));
#4028=DIRECTION('',(0.,1.,0.));
#4029=DIRECTION('',(0.,0.,1.));
#4030=DIRECTION('',(0.,0.,1.));
#4031=DIRECTION('',(0.,-1.,0.));
#4032=DIRECTION('',(0.,0.,-1.));
#4033=DIRECTION('',(0.,-1.,0.));
#4034=DIRECTION('',(0.,0.,1.));
#4035=DIRECTION('center_axis',(-1.,0.,0.));
#4036=DIRECTION('ref_axis',(0.,0.,1.));
#4037=DIRECTION('',(0.,-1.,0.));
#4038=DIRECTION('',(0.,1.,0.));
#4039=DIRECTION('',(0.,0.980580675690916,0.196116135138203));
#4040=DIRECTION('',(0.,0.,1.));
#4041=DIRECTION('',(0.,-0.980580675690916,0.196116135138203));
#4042=DIRECTION('center_axis',(0.,0.,1.));
#4043=DIRECTION('ref_axis',(0.,-1.,0.));
#4044=DIRECTION('',(1.,0.,0.));
#4045=DIRECTION('',(0.,-1.,0.));
#4046=DIRECTION('',(1.,0.,0.));
#4047=DIRECTION('center_axis',(0.,-0.987661173611317,-0.156605894335803));
#4048=DIRECTION('ref_axis',(0.,0.156605894335803,-0.987661173611317));
#4049=DIRECTION('',(0.,0.156605894335803,-0.987661173611317));
#4050=DIRECTION('',(-1.,0.,0.));
#4051=DIRECTION('',(0.,0.156605894335803,-0.987661173611317));
#4052=DIRECTION('center_axis',(1.,0.,0.));
#4053=DIRECTION('ref_axis',(0.,0.,-1.));
#4054=DIRECTION('',(0.,0.,-1.));
#4055=DIRECTION('',(0.,1.,0.));
#4056=DIRECTION('center_axis',(1.,0.,0.));
#4057=DIRECTION('ref_axis',(0.,0.,-1.));
#4058=DIRECTION('',(0.,0.,-1.));
#4059=DIRECTION('',(0.,1.,0.));
#4060=DIRECTION('',(0.,0.,-1.));
#4061=DIRECTION('',(0.,1.,0.));
#4062=DIRECTION('center_axis',(0.,0.,1.));
#4063=DIRECTION('ref_axis',(1.,0.,0.));
#4064=DIRECTION('center_axis',(0.,0.,1.));
#4065=DIRECTION('ref_axis',(0.,1.,0.));
#4066=DIRECTION('',(0.,1.,0.));
#4067=DIRECTION('',(1.,0.,0.));
#4068=DIRECTION('',(0.,1.,0.));
#4069=DIRECTION('',(1.,0.,0.));
#4070=DIRECTION('',(0.,1.,0.));
#4071=DIRECTION('',(-1.,0.,0.));
#4072=DIRECTION('',(0.,1.,0.));
#4073=DIRECTION('',(-1.,0.,0.));
#4074=DIRECTION('center_axis',(0.,0.,1.));
#4075=DIRECTION('ref_axis',(1.,0.,0.));
#4076=DIRECTION('',(1.,0.,0.));
#4077=DIRECTION('',(0.,-1.,0.));
#4078=DIRECTION('',(1.,0.,0.));
#4079=DIRECTION('',(0.,-1.,0.));
#4080=DIRECTION('',(-1.,0.,0.));
#4081=DIRECTION('',(0.,-1.,0.));
#4082=DIRECTION('',(1.,0.,0.));
#4083=DIRECTION('',(0.,-1.,0.));
#4084=DIRECTION('',(1.,0.,0.));
#4085=DIRECTION('',(0.,-1.,0.));
#4086=DIRECTION('',(1.,0.,0.));
#4087=DIRECTION('',(0.,1.,0.));
#4088=DIRECTION('',(1.,0.,0.));
#4089=DIRECTION('',(0.,-1.,0.));
#4090=DIRECTION('',(-1.,0.,0.));
#4091=DIRECTION('',(0.,-1.,0.));
#4092=DIRECTION('',(1.,0.,0.));
#4093=DIRECTION('',(0.,-1.,0.));
#4094=DIRECTION('',(1.,0.,0.));
#4095=DIRECTION('center_axis',(0.,0.,1.));
#4096=DIRECTION('ref_axis',(0.,1.,0.));
#4097=DIRECTION('',(0.,0.,1.));
#4098=DIRECTION('center_axis',(0.,0.,-1.));
#4099=DIRECTION('ref_axis',(-1.,0.,0.));
#4100=DIRECTION('',(0.,0.,1.));
#4101=DIRECTION('center_axis',(-1.,0.,0.));
#4102=DIRECTION('ref_axis',(0.,0.,1.));
#4103=DIRECTION('',(0.,1.,0.));
#4104=DIRECTION('',(0.,0.,-1.));
#4105=DIRECTION('center_axis',(-1.,0.,0.));
#4106=DIRECTION('ref_axis',(0.,0.,1.));
#4107=DIRECTION('',(0.,1.,0.));
#4108=DIRECTION('',(0.,0.156605894335803,-0.987661173611317));
#4109=DIRECTION('',(0.,1.,0.));
#4110=DIRECTION('',(0.,0.,-1.));
#4111=DIRECTION('center_axis',(0.,0.,1.));
#4112=DIRECTION('ref_axis',(0.,1.,0.));
#4113=DIRECTION('',(0.,1.,0.));
#4114=DIRECTION('',(-1.,0.,0.));
#4115=DIRECTION('',(0.,-1.,0.));
#4116=DIRECTION('',(1.,0.,0.));
#4117=DIRECTION('',(0.,1.,0.));
#4118=DIRECTION('',(1.,0.,0.));
#4119=DIRECTION('center_axis',(0.,0.,1.));
#4120=DIRECTION('ref_axis',(0.,1.,0.));
#4121=DIRECTION('',(0.,1.,0.));
#4122=DIRECTION('',(-1.,0.,0.));
#4123=DIRECTION('',(1.,0.,0.));
#4124=DIRECTION('center_axis',(-1.,0.,0.));
#4125=DIRECTION('ref_axis',(0.,0.,1.));
#4126=DIRECTION('',(0.,-1.,0.));
#4127=DIRECTION('',(0.,-0.980580675690916,0.196116135138203));
#4128=DIRECTION('',(0.,0.,1.));
#4129=DIRECTION('',(0.,0.980580675690916,0.196116135138203));
#4130=DIRECTION('',(0.,1.,0.));
#4131=DIRECTION('center_axis',(-1.,0.,0.));
#4132=DIRECTION('ref_axis',(0.,0.,1.));
#4133=DIRECTION('',(0.,0.,1.));
#4134=DIRECTION('',(0.,1.,0.));
#4135=DIRECTION('',(0.,0.,1.));
#4136=DIRECTION('',(0.,1.,0.));
#4137=DIRECTION('',(0.,0.,-1.));
#4138=DIRECTION('',(0.,1.,0.));
#4139=DIRECTION('',(0.,0.,1.));
#4140=DIRECTION('',(0.,0.156605894335803,-0.987661173611317));
#4141=DIRECTION('',(0.,-1.,0.));
#4142=DIRECTION('',(0.,0.,1.));
#4143=DIRECTION('',(0.,-1.,0.));
#4144=DIRECTION('',(0.,0.,-1.));
#4145=DIRECTION('',(0.,-1.,0.));
#4146=DIRECTION('',(0.,0.,1.));
#4147=DIRECTION('center_axis',(0.,0.,1.));
#4148=DIRECTION('ref_axis',(0.,1.,0.));
#4149=DIRECTION('',(-1.,0.,0.));
#4150=DIRECTION('',(0.,1.,0.));
#4151=DIRECTION('center_axis',(-1.,0.,0.));
#4152=DIRECTION('ref_axis',(0.,0.,1.));
#4153=DIRECTION('',(0.,0.980580675690916,0.196116135138203));
#4154=DIRECTION('',(0.,0.,1.));
#4155=DIRECTION('',(0.,-0.980580675690916,0.196116135138203));
#4156=DIRECTION('',(0.,-1.,0.));
#4157=DIRECTION('center_axis',(-1.,0.,0.));
#4158=DIRECTION('ref_axis',(0.,0.,1.));
#4159=DIRECTION('',(0.,0.,1.));
#4160=DIRECTION('',(0.,-1.,0.));
#4161=DIRECTION('',(0.,0.,-1.));
#4162=DIRECTION('',(0.,-1.,0.));
#4163=DIRECTION('',(0.,0.,1.));
#4164=DIRECTION('',(0.,-1.,0.));
#4165=DIRECTION('',(0.,0.156605894335803,-0.987661173611317));
#4166=DIRECTION('center_axis',(0.,0.,-1.));
#4167=DIRECTION('ref_axis',(0.,-1.,0.));
#4168=DIRECTION('',(-1.,0.,0.));
#4169=DIRECTION('center_axis',(0.,-0.196116135138203,-0.980580675690916));
#4170=DIRECTION('ref_axis',(0.,-0.980580675690916,0.196116135138203));
#4171=DIRECTION('',(-1.,0.,0.));
#4172=DIRECTION('center_axis',(0.,-1.,0.));
#4173=DIRECTION('ref_axis',(0.,0.,1.));
#4174=DIRECTION('',(-1.,0.,0.));
#4175=DIRECTION('center_axis',(0.,-0.196116135138203,0.980580675690916));
#4176=DIRECTION('ref_axis',(0.,0.980580675690916,0.196116135138203));
#4177=DIRECTION('center_axis',(0.,0.987661173611317,0.156605894335803));
#4178=DIRECTION('ref_axis',(0.,0.156605894335803,-0.987661173611317));
#4179=DIRECTION('',(1.,0.,0.));
#4180=DIRECTION('',(0.,0.156605894335803,-0.987661173611317));
#4181=DIRECTION('',(-1.,0.,0.));
#4182=DIRECTION('center_axis',(0.,0.,-1.));
#4183=DIRECTION('ref_axis',(0.,-1.,0.));
#4184=DIRECTION('',(-1.,0.,0.));
#4185=DIRECTION('center_axis',(0.,-1.,0.));
#4186=DIRECTION('ref_axis',(0.,0.,1.));
#4187=DIRECTION('',(-1.,0.,0.));
#4188=DIRECTION('center_axis',(0.,0.,-1.));
#4189=DIRECTION('ref_axis',(0.,-1.,0.));
#4190=DIRECTION('',(-1.,0.,0.));
#4191=DIRECTION('center_axis',(0.,1.,0.));
#4192=DIRECTION('ref_axis',(0.,0.,-1.));
#4193=DIRECTION('',(-1.,0.,0.));
#4194=DIRECTION('center_axis',(0.,0.,-1.));
#4195=DIRECTION('ref_axis',(0.,-1.,0.));
#4196=DIRECTION('',(-1.,0.,0.));
#4197=DIRECTION('center_axis',(0.,-1.,0.));
#4198=DIRECTION('ref_axis',(0.,0.,1.));
#4199=DIRECTION('center_axis',(-1.,0.,0.));
#4200=DIRECTION('ref_axis',(0.,0.,1.));
#4201=DIRECTION('',(0.,1.,0.));
#4202=DIRECTION('center_axis',(0.,0.,-1.));
#4203=DIRECTION('ref_axis',(-1.,0.,0.));
#4204=DIRECTION('',(-1.,0.,0.));
#4205=DIRECTION('center_axis',(0.,0.,-1.));
#4206=DIRECTION('ref_axis',(0.,1.,0.));
#4207=DIRECTION('',(0.,1.,0.));
#4208=DIRECTION('',(1.,0.,0.));
#4209=DIRECTION('',(0.,1.,0.));
#4210=DIRECTION('',(1.,0.,0.));
#4211=DIRECTION('',(0.,1.,0.));
#4212=DIRECTION('',(1.,0.,0.));
#4213=DIRECTION('',(0.,1.,0.));
#4214=DIRECTION('',(1.,0.,0.));
#4215=DIRECTION('center_axis',(1.,0.,0.));
#4216=DIRECTION('ref_axis',(0.,0.,-1.));
#4217=DIRECTION('',(0.,1.,0.));
#4218=DIRECTION('',(0.,0.,1.));
#4219=DIRECTION('',(0.,1.,0.));
#4220=DIRECTION('',(0.,0.,-1.));
#4221=DIRECTION('center_axis',(1.,0.,0.));
#4222=DIRECTION('ref_axis',(0.,0.,-1.));
#4223=DIRECTION('',(0.,0.,1.));
#4224=DIRECTION('',(0.,-1.,0.));
#4225=DIRECTION('center_axis',(-1.,0.,0.));
#4226=DIRECTION('ref_axis',(0.,1.,0.));
#4227=DIRECTION('',(0.,0.,-1.));
#4228=DIRECTION('',(0.,0.,1.));
#4229=DIRECTION('center_axis',(1.,0.,0.));
#4230=DIRECTION('ref_axis',(0.,0.,-1.));
#4231=DIRECTION('',(0.,1.,0.));
#4232=DIRECTION('center_axis',(-0.970142500145338,0.,0.242535625036309));
#4233=DIRECTION('ref_axis',(0.242535625036309,0.,0.970142500145338));
#4234=DIRECTION('',(-0.235702260395494,-0.235702260395494,-0.942809041582074));
#4235=DIRECTION('',(0.,1.,0.));
#4236=DIRECTION('',(0.235702260395494,-0.235702260395494,0.942809041582074));
#4237=DIRECTION('center_axis',(0.,-0.970142500145338,0.242535625036309));
#4238=DIRECTION('ref_axis',(0.,0.242535625036309,0.970142500145338));
#4239=DIRECTION('',(-1.,0.,0.));
#4240=DIRECTION('',(-0.235702260395494,0.235702260395494,0.942809041582074));
#4241=DIRECTION('',(-1.,0.,0.));
#4242=DIRECTION('center_axis',(0.,0.,1.));
#4243=DIRECTION('ref_axis',(0.,-1.,0.));
#4244=DIRECTION('',(-1.,0.,0.));
#4245=DIRECTION('',(0.,-1.,0.));
#4246=DIRECTION('center_axis',(0.,0.970142500145338,0.242535625036309));
#4247=DIRECTION('ref_axis',(0.,0.242535625036309,-0.970142500145338));
#4248=DIRECTION('',(0.235702260395494,0.235702260395494,-0.942809041582074));
#4249=DIRECTION('',(-1.,0.,0.));
#4250=DIRECTION('center_axis',(0.,1.,0.));
#4251=DIRECTION('ref_axis',(0.,0.,1.));
#4252=DIRECTION('',(0.,0.,1.));
#4253=DIRECTION('',(1.,0.,0.));
#4254=DIRECTION('center_axis',(0.,1.,0.));
#4255=DIRECTION('ref_axis',(0.,0.,1.));
#4256=DIRECTION('',(0.,0.,1.));
#4257=DIRECTION('',(1.,0.,0.));
#4258=DIRECTION('center_axis',(1.,0.,0.));
#4259=DIRECTION('ref_axis',(0.,0.,-1.));
#4260=DIRECTION('center_axis',(1.,0.,0.));
#4261=DIRECTION('ref_axis',(0.,0.,-1.));
#4262=DIRECTION('',(1.,0.,0.));
#4263=DIRECTION('center_axis',(0.,0.,-1.));
#4264=DIRECTION('ref_axis',(0.,1.,0.));
#4265=DIRECTION('',(-1.,0.,0.));
#4266=DIRECTION('',(0.,1.,0.));
#4267=DIRECTION('center_axis',(0.,-0.242535625036309,-0.970142500145338));
#4268=DIRECTION('ref_axis',(0.,-0.970142500145338,0.242535625036309));
#4269=DIRECTION('',(-0.235702260395494,0.942809041582074,-0.235702260395494));
#4270=DIRECTION('',(-0.235702260395494,-0.942809041582074,0.235702260395494));
#4271=DIRECTION('',(-1.,0.,0.));
#4272=DIRECTION('center_axis',(-0.970142500145338,-0.242535625036309,0.));
#4273=DIRECTION('ref_axis',(0.242535625036309,-0.970142500145338,0.));
#4274=DIRECTION('',(0.,0.,1.));
#4275=DIRECTION('',(-0.235702260395494,0.942809041582074,0.235702260395494));
#4276=DIRECTION('center_axis',(0.,-0.242535625036309,0.970142500145338));
#4277=DIRECTION('ref_axis',(0.,0.970142500145338,0.242535625036309));
#4278=DIRECTION('',(-1.,0.,0.));
#4279=DIRECTION('',(-1.,0.,0.));
#4280=DIRECTION('',(0.235702260395494,0.942809041582074,0.235702260395494));
#4281=DIRECTION('center_axis',(0.,0.,1.));
#4282=DIRECTION('ref_axis',(0.,-1.,0.));
#4283=DIRECTION('',(0.,-1.,0.));
#4284=DIRECTION('',(1.,0.,0.));
#4285=DIRECTION('center_axis',(1.,0.,0.));
#4286=DIRECTION('ref_axis',(0.,0.,-1.));
#4287=DIRECTION('center_axis',(-1.,0.,0.));
#4288=DIRECTION('ref_axis',(0.,1.,0.));
#4289=DIRECTION('',(1.,0.,0.));
#4290=DIRECTION('center_axis',(0.,-1.,0.));
#4291=DIRECTION('ref_axis',(0.,0.,-1.));
#4292=DIRECTION('',(0.,0.,-1.));
#4293=DIRECTION('center_axis',(0.,-1.,0.));
#4294=DIRECTION('ref_axis',(0.,0.,-1.));
#4295=DIRECTION('',(1.,0.,0.));
#4296=DIRECTION('',(0.,0.,-1.));
#4297=DIRECTION('center_axis',(1.,0.,0.));
#4298=DIRECTION('ref_axis',(0.,0.,-1.));
#4299=DIRECTION('',(0.,-1.,0.));
#4300=DIRECTION('',(0.,1.,0.));
#4301=DIRECTION('center_axis',(1.,0.,0.));
#4302=DIRECTION('ref_axis',(0.,0.,-1.));
#4303=DIRECTION('',(0.,0.,-1.));
#4304=DIRECTION('center_axis',(0.970142500145338,0.,0.242535625036309));
#4305=DIRECTION('ref_axis',(-0.242535625036309,0.,0.970142500145338));
#4306=DIRECTION('center_axis',(0.,0.,1.));
#4307=DIRECTION('ref_axis',(1.,0.,0.));
#4308=DIRECTION('',(0.,1.,0.));
#4309=DIRECTION('',(-1.,0.,0.));
#4310=DIRECTION('',(0.,-1.,0.));
#4311=DIRECTION('',(1.,0.,0.));
#4312=DIRECTION('center_axis',(-0.999961923064171,0.,-0.00872653549837375));
#4313=DIRECTION('ref_axis',(0.,-1.,0.));
#4314=DIRECTION('',(0.00872620324394374,0.00872620324394374,-0.99992385047757));
#4315=DIRECTION('',(0.00872620324394374,-0.00872620324394374,-0.99992385047757));
#4316=DIRECTION('center_axis',(0.,0.999961923064171,-0.00872653549837375));
#4317=DIRECTION('ref_axis',(-1.,0.,0.));
#4318=DIRECTION('',(0.,0.00872653549837375,0.999961923064171));
#4319=DIRECTION('',(-0.00872620324394374,-0.00872620324394374,-0.99992385047757));
#4320=DIRECTION('',(1.,0.,0.));
#4321=DIRECTION('center_axis',(1.03349820621993E-12,0.999961923064187,-0.00872653549659167));
#4322=DIRECTION('ref_axis',(-0.999999999818771,1.66139589054661E-7,1.90375928219532E-5));
#4323=DIRECTION('center_axis',(1.,0.,0.));
#4324=DIRECTION('ref_axis',(0.,0.,-1.));
#4325=DIRECTION('',(0.,-1.,0.));
#4326=DIRECTION('',(0.,-0.0174524064372798,-0.999847695156391));
#4327=DIRECTION('',(0.,-0.906307787036641,-0.422618261740719));
#4328=DIRECTION('center_axis',(1.,0.,0.));
#4329=DIRECTION('ref_axis',(0.,-0.422618261740719,0.906307787036641));
#4330=DIRECTION('',(0.,0.,-1.));
#4331=DIRECTION('center_axis',(1.,0.,0.));
#4332=DIRECTION('ref_axis',(0.,0.,-1.));
#4333=DIRECTION('center_axis',(0.,-1.,0.));
#4334=DIRECTION('ref_axis',(-1.,0.,0.));
#4335=DIRECTION('',(0.,-1.,0.));
#4336=DIRECTION('center_axis',(0.,-1.,0.));
#4337=DIRECTION('ref_axis',(-1.,0.,0.));
#4338=DIRECTION('center_axis',(0.707106781186535,0.706999085398836,-0.0123407149398291));
#4339=DIRECTION('ref_axis',(-0.707106781186559,0.706999085398813,-0.0123407149398291));
#4340=DIRECTION('center_axis',(1.,0.,0.));
#4341=DIRECTION('ref_axis',(0.,0.,-1.));
#4342=DIRECTION('center_axis',(0.,0.0174524064372798,0.999847695156391));
#4343=DIRECTION('ref_axis',(0.,0.999847695156391,-0.0174524064372798));
#4344=DIRECTION('center_axis',(0.,-0.0174524064372798,-0.999847695156391));
#4345=DIRECTION('ref_axis',(-1.,0.,0.));
#4346=DIRECTION('',(0.,-0.0174524064372798,-0.999847695156391));
#4347=DIRECTION('center_axis',(0.,0.422618261740681,-0.906307787036659));
#4348=DIRECTION('ref_axis',(0.,0.906307787036659,0.422618261740681));
#4349=DIRECTION('center_axis',(0.,0.999847695156391,-0.0174524064372798));
#4350=DIRECTION('ref_axis',(0.,0.0174524064372798,0.999847695156391));
#4351=DIRECTION('',(-1.,0.,0.));
#4352=DIRECTION('',(0.,0.0174524064372798,0.999847695156391));
#4353=DIRECTION('',(1.,0.,0.));
#4354=DIRECTION('',(0.,0.0174524064372798,0.999847695156391));
#4355=DIRECTION('',(-1.,0.,0.));
#4356=DIRECTION('',(0.,0.0174524064372798,0.999847695156391));
#4357=DIRECTION('',(1.,0.,0.));
#4358=DIRECTION('center_axis',(-1.,0.,0.));
#4359=DIRECTION('ref_axis',(0.,0.999847695156391,-0.0174524064372898));
#4360=DIRECTION('',(-0.9999997730778,-0.0006716241359121,-5.258676648464E-5));
#4361=DIRECTION('center_axis',(-1.,0.,0.));
#4362=DIRECTION('ref_axis',(0.,0.999847695156391,-0.0174524064372898));
#4363=DIRECTION('center_axis',(0.,0.,-1.));
#4364=DIRECTION('ref_axis',(0.,1.,0.));
#4365=DIRECTION('',(-1.,0.,0.));
#4366=DIRECTION('center_axis',(0.,0.,-1.));
#4367=DIRECTION('ref_axis',(0.,-1.,0.));
#4368=DIRECTION('',(0.,1.,0.));
#4369=DIRECTION('',(1.,0.,0.));
#4370=DIRECTION('',(0.,1.,0.));
#4371=DIRECTION('',(1.,0.,0.));
#4372=DIRECTION('',(0.,1.,0.));
#4373=DIRECTION('',(-0.9999997730778,0.0006716241359121,5.258676648464E-5));
#4374=DIRECTION('center_axis',(0.,0.,-1.));
#4375=DIRECTION('ref_axis',(0.,-1.,0.));
#4376=DIRECTION('center_axis',(0.,1.,0.));
#4377=DIRECTION('ref_axis',(-1.,0.,0.));
#4378=DIRECTION('',(0.,0.,1.));
#4379=DIRECTION('',(-1.,0.,0.));
#4380=DIRECTION('',(0.,0.,-1.));
#4381=DIRECTION('center_axis',(0.,0.,1.));
#4382=DIRECTION('ref_axis',(0.,-1.,0.));
#4383=DIRECTION('',(-6.28393681402707E-5,-0.000793504311558308,0.99999968320101));
#4384=DIRECTION('center_axis',(0.,0.,1.));
#4385=DIRECTION('ref_axis',(0.,-1.,0.));
#4386=DIRECTION('center_axis',(0.,0.,-1.));
#4387=DIRECTION('ref_axis',(0.,1.,0.));
#4388=DIRECTION('center_axis',(0.,0.,-1.));
#4389=DIRECTION('ref_axis',(-1.,0.,0.));
#4390=DIRECTION('',(1.,0.,0.));
#4391=DIRECTION('',(0.,-1.,0.));
#4392=DIRECTION('center_axis',(0.,0.,1.));
#4393=DIRECTION('ref_axis',(-1.,0.,0.));
#4394=DIRECTION('',(0.,-1.,0.));
#4395=DIRECTION('',(1.,0.,0.));
#4396=DIRECTION('center_axis',(0.,0.,-1.));
#4397=DIRECTION('ref_axis',(0.,1.,0.));
#4398=DIRECTION('',(0.,1.,0.));
#4399=DIRECTION('',(1.,0.,0.));
#4400=DIRECTION('',(0.,1.,0.));
#4401=DIRECTION('center_axis',(0.,0.,-1.));
#4402=DIRECTION('ref_axis',(-1.,0.,0.));
#4403=DIRECTION('',(0.,0.,-1.));
#4404=DIRECTION('center_axis',(0.,0.,1.));
#4405=DIRECTION('ref_axis',(0.,1.,0.));
#4406=DIRECTION('',(0.,0.,-1.));
#4407=DIRECTION('center_axis',(0.,1.,0.));
#4408=DIRECTION('ref_axis',(0.,0.,1.));
#4409=DIRECTION('',(1.,0.,0.));
#4410=DIRECTION('',(0.,0.,1.));
#4411=DIRECTION('',(0.,0.,1.));
#4412=DIRECTION('',(1.,0.,0.));
#4413=DIRECTION('',(0.,0.,1.));
#4414=DIRECTION('center_axis',(-1.,0.,0.));
#4415=DIRECTION('ref_axis',(0.,0.,1.));
#4416=DIRECTION('',(-6.28393681401107E-5,0.000793504311557708,-0.99999968320101));
#4417=DIRECTION('',(0.,-1.,0.));
#4418=DIRECTION('center_axis',(0.,0.,-1.));
#4419=DIRECTION('ref_axis',(0.,-1.,0.));
#4420=DIRECTION('center_axis',(0.,0.,1.));
#4421=DIRECTION('ref_axis',(1.,0.,0.));
#4422=DIRECTION('',(0.,-1.,0.));
#4423=DIRECTION('center_axis',(1.,0.,0.));
#4424=DIRECTION('ref_axis',(0.,0.,-1.));
#4425=DIRECTION('center_axis',(1.,0.,0.));
#4426=DIRECTION('ref_axis',(0.,0.999847695156391,-0.0174524064372898));
#4427=DIRECTION('center_axis',(-1.,0.,0.));
#4428=DIRECTION('ref_axis',(0.,0.999847695156391,-0.0174524064372898));
#4429=DIRECTION('center_axis',(-1.,0.,0.));
#4430=DIRECTION('ref_axis',(0.,0.999847695156391,-0.0174524064372898));
#4431=DIRECTION('center_axis',(0.,0.713250449154167,0.700909264299866));
#4432=DIRECTION('ref_axis',(0.,0.700909264299866,-0.713250449154167));
#4433=DIRECTION('center_axis',(0.,-1.,0.));
#4434=DIRECTION('ref_axis',(0.,0.,-1.));
#4435=DIRECTION('center_axis',(0.,0.0174524064372798,0.999847695156391));
#4436=DIRECTION('ref_axis',(1.,0.,0.));
#4437=DIRECTION('center_axis',(0.,0.0174524064372798,0.999847695156391));
#4438=DIRECTION('ref_axis',(1.,0.,0.));
#4439=DIRECTION('',(0.,0.0174524064372798,0.999847695156391));
#4440=DIRECTION('center_axis',(0.,0.422618261740681,-0.906307787036659));
#4441=DIRECTION('ref_axis',(0.,0.906307787036659,0.422618261740681));
#4442=DIRECTION('center_axis',(1.,0.,0.));
#4443=DIRECTION('ref_axis',(0.,0.,-1.));
#4444=DIRECTION('',(0.,1.,0.));
#4445=DIRECTION('',(0.,0.00872653549837375,0.999961923064171));
#4446=DIRECTION('center_axis',(1.,0.,0.));
#4447=DIRECTION('ref_axis',(0.,0.,-1.));
#4448=DIRECTION('',(0.,0.,-1.));
#4449=DIRECTION('center_axis',(1.,0.,0.));
#4450=DIRECTION('ref_axis',(0.,-0.422618261740719,0.906307787036641));
#4451=DIRECTION('',(0.,-0.906307787036659,-0.422618261740681));
#4452=DIRECTION('center_axis',(0.,-0.422618261740681,0.906307787036659));
#4453=DIRECTION('ref_axis',(0.,-0.906307787036659,-0.422618261740681));
#4454=DIRECTION('',(1.,0.,0.));
#4455=DIRECTION('',(0.,-0.906307787036641,-0.422618261740719));
#4456=DIRECTION('',(1.,0.,0.));
#4457=DIRECTION('center_axis',(0.,-0.422618261740681,0.906307787036659));
#4458=DIRECTION('ref_axis',(0.,-0.906307787036659,-0.422618261740681));
#4459=DIRECTION('',(1.,0.,0.));
#4460=DIRECTION('',(0.,-0.906307787036641,-0.422618261740719));
#4461=DIRECTION('',(1.,0.,0.));
#4462=DIRECTION('center_axis',(0.,0.,1.));
#4463=DIRECTION('ref_axis',(0.,-1.,0.));
#4464=DIRECTION('',(0.,-1.,0.));
#4465=DIRECTION('',(0.,-1.,0.));
#4466=DIRECTION('center_axis',(0.,0.,1.));
#4467=DIRECTION('ref_axis',(1.,0.,0.));
#4468=DIRECTION('center_axis',(0.,0.,1.));
#4469=DIRECTION('ref_axis',(1.,0.,0.));
#4470=DIRECTION('',(0.,0.,1.));
#4471=DIRECTION('center_axis',(1.,0.,0.));
#4472=DIRECTION('ref_axis',(0.,0.,-1.));
#4473=DIRECTION('center_axis',(1.,0.,0.));
#4474=DIRECTION('ref_axis',(0.,-0.422618261740719,0.906307787036641));
#4475=DIRECTION('',(0.,0.,-1.));
#4476=DIRECTION('center_axis',(-1.,0.,0.));
#4477=DIRECTION('ref_axis',(0.,1.,0.));
#4478=DIRECTION('',(0.,0.,-1.));
#4479=DIRECTION('center_axis',(0.,1.,0.));
#4480=DIRECTION('ref_axis',(1.,0.,0.));
#4481=DIRECTION('',(0.,0.,-1.));
#4482=DIRECTION('',(0.,0.,-1.));
#4483=DIRECTION('center_axis',(0.,0.,-1.));
#4484=DIRECTION('ref_axis',(0.,1.,0.));
#4485=DIRECTION('center_axis',(1.,0.,0.));
#4486=DIRECTION('ref_axis',(0.,0.,-1.));
#4487=DIRECTION('center_axis',(-1.,0.,0.));
#4488=DIRECTION('ref_axis',(0.,1.,0.));
#4489=DIRECTION('',(0.,0.,-1.));
#4490=DIRECTION('center_axis',(1.,0.,0.));
#4491=DIRECTION('ref_axis',(0.,-0.422618261740719,0.906307787036641));
#4492=DIRECTION('center_axis',(1.,0.,0.));
#4493=DIRECTION('ref_axis',(0.,0.,-1.));
#4494=DIRECTION('',(1.,0.,0.));
#4495=DIRECTION('center_axis',(1.,0.,0.));
#4496=DIRECTION('ref_axis',(0.,0.,-1.));
#4497=DIRECTION('',(1.,0.,0.));
#4498=DIRECTION('center_axis',(0.,-1.,0.));
#4499=DIRECTION('ref_axis',(0.,0.,-1.));
#4500=DIRECTION('',(1.,0.,0.));
#4501=DIRECTION('center_axis',(0.,-1.,0.));
#4502=DIRECTION('ref_axis',(0.,0.,-1.));
#4503=DIRECTION('',(1.,0.,0.));
#4504=DIRECTION('center_axis',(1.,0.,0.));
#4505=DIRECTION('ref_axis',(0.,0.,-1.));
#4506=DIRECTION('center_axis',(1.,0.,0.));
#4507=DIRECTION('ref_axis',(0.,0.,-1.));
#4508=DIRECTION('center_axis',(0.,0.999961923064171,-0.00872653549837375));
#4509=DIRECTION('ref_axis',(-1.,0.,0.));
#4510=DIRECTION('',(0.00872620324394374,-0.00872620324394374,-0.99992385047757));
#4511=DIRECTION('',(1.,0.,0.));
#4512=DIRECTION('',(-0.00872620324394374,-0.00872620324394374,-0.99992385047757));
#4513=DIRECTION('center_axis',(-1.03343941705369E-12,0.999961923064187,
-0.00872653549659173));
#4514=DIRECTION('ref_axis',(1.90393430052682E-5,-0.00872653549501004,-0.999961922882945));
#4515=DIRECTION('center_axis',(0.,1.,0.));
#4516=DIRECTION('ref_axis',(1.,0.,0.));
#4517=DIRECTION('center_axis',(0.999961923064171,0.,-0.00872653549837375));
#4518=DIRECTION('ref_axis',(0.,1.,0.));
#4519=DIRECTION('',(0.,1.,0.));
#4520=DIRECTION('',(0.00872620324394374,-0.00872620324394374,0.99992385047757));
#4521=DIRECTION('center_axis',(0.,0.,1.));
#4522=DIRECTION('ref_axis',(1.,0.,0.));
#4523=DIRECTION('',(0.,-1.,0.));
#4524=DIRECTION('',(1.,0.,0.));
#4525=DIRECTION('',(0.,1.,0.));
#4526=DIRECTION('',(-1.,0.,0.));
#4527=DIRECTION('',(0.,1.,0.));
#4528=DIRECTION('',(1.,0.,0.));
#4529=DIRECTION('',(0.,1.,0.));
#4530=DIRECTION('',(1.,0.,0.));
#4531=DIRECTION('center_axis',(-0.999961923064171,0.,-0.00872653549837375));
#4532=DIRECTION('ref_axis',(0.,-1.,0.));
#4533=DIRECTION('',(-0.00872620324394374,-0.00872620324394374,0.99992385047757));
#4534=DIRECTION('',(0.00872620324394374,0.00872620324394374,-0.99992385047757));
#4535=DIRECTION('center_axis',(0.,-0.999961923064171,-0.00872653549837375));
#4536=DIRECTION('ref_axis',(1.,0.,0.));
#4537=DIRECTION('center_axis',(0.,-0.999961923064171,-0.00872653549837375));
#4538=DIRECTION('ref_axis',(1.,0.,0.));
#4539=DIRECTION('',(0.00872620324394374,0.00872620324394374,-0.99992385047757));
#4540=DIRECTION('center_axis',(-0.999961923064171,0.,-0.00872653549837375));
#4541=DIRECTION('ref_axis',(0.,-1.,0.));
#4542=DIRECTION('',(-0.00872653549837375,0.,0.999961923064171));
#4543=DIRECTION('center_axis',(0.,-1.,0.));
#4544=DIRECTION('ref_axis',(0.,0.,-1.));
#4545=DIRECTION('',(-0.00872653549837375,0.,-0.999961923064171));
#4546=DIRECTION('center_axis',(0.999961923064171,0.,-0.00872653549837375));
#4547=DIRECTION('ref_axis',(0.,1.,0.));
#4548=DIRECTION('',(-0.00872620324394374,0.00872620324394374,-0.99992385047757));
#4549=DIRECTION('center_axis',(0.,-0.999961923064171,-0.00872653549837375));
#4550=DIRECTION('ref_axis',(1.,0.,0.));
#4551=DIRECTION('center_axis',(1.,0.,0.));
#4552=DIRECTION('ref_axis',(0.,0.,-1.));
#4553=DIRECTION('',(0.,1.,0.));
#4554=DIRECTION('',(0.,0.,1.));
#4555=DIRECTION('',(0.,0.,-1.));
#4556=DIRECTION('center_axis',(1.,0.,0.));
#4557=DIRECTION('ref_axis',(0.,0.,-1.));
#4558=DIRECTION('',(0.,0.,1.));
#4559=DIRECTION('',(0.,-1.,0.));
#4560=DIRECTION('center_axis',(-1.,0.,0.));
#4561=DIRECTION('ref_axis',(0.,1.,0.));
#4562=DIRECTION('',(0.,0.,-1.));
#4563=DIRECTION('',(0.,0.,1.));
#4564=DIRECTION('center_axis',(1.,0.,0.));
#4565=DIRECTION('ref_axis',(0.,0.,-1.));
#4566=DIRECTION('',(0.,1.,0.));
#4567=DIRECTION('center_axis',(-0.970142500145338,0.,0.242535625036309));
#4568=DIRECTION('ref_axis',(0.242535625036309,0.,0.970142500145338));
#4569=DIRECTION('',(0.,1.,0.));
#4570=DIRECTION('',(0.235702260395494,-0.235702260395494,0.942809041582074));
#4571=DIRECTION('',(-0.235702260395494,-0.235702260395494,-0.942809041582074));
#4572=DIRECTION('center_axis',(0.,0.,1.));
#4573=DIRECTION('ref_axis',(0.,-1.,0.));
#4574=DIRECTION('',(-1.,0.,0.));
#4575=DIRECTION('',(-1.,0.,0.));
#4576=DIRECTION('',(0.,-1.,0.));
#4577=DIRECTION('center_axis',(0.,0.970142500145338,0.242535625036309));
#4578=DIRECTION('ref_axis',(0.,0.242535625036309,-0.970142500145338));
#4579=DIRECTION('',(0.235702260395494,0.235702260395494,-0.942809041582074));
#4580=DIRECTION('',(-1.,0.,0.));
#4581=DIRECTION('center_axis',(0.,1.,0.));
#4582=DIRECTION('ref_axis',(0.,0.,1.));
#4583=DIRECTION('',(0.,0.,1.));
#4584=DIRECTION('',(1.,0.,0.));
#4585=DIRECTION('center_axis',(0.,1.,0.));
#4586=DIRECTION('ref_axis',(0.,0.,1.));
#4587=DIRECTION('',(0.,0.,1.));
#4588=DIRECTION('center_axis',(1.,0.,0.));
#4589=DIRECTION('ref_axis',(0.,0.,-1.));
#4590=DIRECTION('center_axis',(1.,0.,0.));
#4591=DIRECTION('ref_axis',(0.,0.,-1.));
#4592=DIRECTION('',(1.,0.,0.));
#4593=DIRECTION('center_axis',(0.,0.,-1.));
#4594=DIRECTION('ref_axis',(0.,1.,0.));
#4595=DIRECTION('',(-1.,0.,0.));
#4596=DIRECTION('',(0.,1.,0.));
#4597=DIRECTION('center_axis',(0.,-0.242535625036309,-0.970142500145338));
#4598=DIRECTION('ref_axis',(0.,-0.970142500145338,0.242535625036309));
#4599=DIRECTION('',(-0.235702260395494,-0.942809041582074,0.235702260395494));
#4600=DIRECTION('',(-1.,0.,0.));
#4601=DIRECTION('',(-0.235702260395494,0.942809041582074,-0.235702260395494));
#4602=DIRECTION('center_axis',(-0.970142500145338,-0.242535625036309,0.));
#4603=DIRECTION('ref_axis',(0.242535625036309,-0.970142500145338,0.));
#4604=DIRECTION('',(0.,0.,1.));
#4605=DIRECTION('',(-0.235702260395494,0.942809041582074,0.235702260395494));
#4606=DIRECTION('center_axis',(0.,-0.242535625036309,0.970142500145338));
#4607=DIRECTION('ref_axis',(0.,0.970142500145338,0.242535625036309));
#4608=DIRECTION('',(-1.,0.,0.));
#4609=DIRECTION('',(-1.,0.,0.));
#4610=DIRECTION('',(0.235702260395494,0.942809041582074,0.235702260395494));
#4611=DIRECTION('center_axis',(0.,0.,1.));
#4612=DIRECTION('ref_axis',(0.,-1.,0.));
#4613=DIRECTION('',(0.,-1.,0.));
#4614=DIRECTION('',(1.,0.,0.));
#4615=DIRECTION('center_axis',(1.,0.,0.));
#4616=DIRECTION('ref_axis',(0.,0.,-1.));
#4617=DIRECTION('center_axis',(-1.,0.,0.));
#4618=DIRECTION('ref_axis',(0.,1.,0.));
#4619=DIRECTION('',(1.,0.,0.));
#4620=DIRECTION('center_axis',(0.,-1.,0.));
#4621=DIRECTION('ref_axis',(0.,0.,-1.));
#4622=DIRECTION('',(0.,0.,-1.));
#4623=DIRECTION('center_axis',(0.,-1.,0.));
#4624=DIRECTION('ref_axis',(0.,0.,-1.));
#4625=DIRECTION('',(-1.,0.,0.));
#4626=DIRECTION('',(0.,0.,-1.));
#4627=DIRECTION('center_axis',(1.,0.,0.));
#4628=DIRECTION('ref_axis',(0.,0.,-1.));
#4629=DIRECTION('',(0.,-1.,0.));
#4630=DIRECTION('center_axis',(1.,0.,0.));
#4631=DIRECTION('ref_axis',(0.,0.,-1.));
#4632=DIRECTION('',(0.,0.,-1.));
#4633=DIRECTION('center_axis',(0.970142500145338,0.,0.242535625036309));
#4634=DIRECTION('ref_axis',(-0.242535625036309,0.,0.970142500145338));
#4635=DIRECTION('',(-0.235702260395494,0.235702260395494,0.942809041582074));
#4636=DIRECTION('center_axis',(0.,-0.970142500145338,0.242535625036309));
#4637=DIRECTION('ref_axis',(0.,0.242535625036309,0.970142500145338));
#4638=DIRECTION('center_axis',(0.970142500145338,-0.242535625036309,0.));
#4639=DIRECTION('ref_axis',(-0.242535625036309,-0.970142500145338,0.));
#4640=DIRECTION('',(0.,0.,-1.));
#4641=DIRECTION('center_axis',(0.,-1.,0.));
#4642=DIRECTION('ref_axis',(0.,0.,-1.));
#4643=DIRECTION('center_axis',(0.970142500145338,-0.242535625036309,0.));
#4644=DIRECTION('ref_axis',(-0.242535625036309,-0.970142500145338,0.));
#4645=DIRECTION('',(0.,0.,-1.));
#4646=DIRECTION('center_axis',(0.,-1.,0.));
#4647=DIRECTION('ref_axis',(0.,0.,-1.));
#4648=DIRECTION('center_axis',(0.,-1.,0.));
#4649=DIRECTION('ref_axis',(1.,0.,0.));
#4650=DIRECTION('',(0.,0.,-1.));
#4651=DIRECTION('',(-1.,0.,0.));
#4652=DIRECTION('center_axis',(0.,0.,1.));
#4653=DIRECTION('ref_axis',(0.,1.,0.));
#4654=DIRECTION('',(0.,1.,0.));
#4655=DIRECTION('',(-1.,0.,0.));
#4656=DIRECTION('center_axis',(0.,-1.,0.));
#4657=DIRECTION('ref_axis',(0.,0.,1.));
#4658=DIRECTION('',(0.,0.,1.));
#4659=DIRECTION('',(-1.,0.,0.));
#4660=DIRECTION('center_axis',(1.,0.,0.));
#4661=DIRECTION('ref_axis',(0.,1.,0.));
#4662=DIRECTION('',(0.,0.,-1.));
#4663=DIRECTION('',(0.,1.,0.));
#4664=DIRECTION('',(0.,0.,-1.));
#4665=DIRECTION('',(0.,1.,0.));
#4666=DIRECTION('center_axis',(0.,0.,1.));
#4667=DIRECTION('ref_axis',(0.,1.,0.));
#4668=DIRECTION('',(-1.,0.,0.));
#4669=DIRECTION('center_axis',(0.,1.,0.));
#4670=DIRECTION('ref_axis',(0.,0.,-1.));
#4671=DIRECTION('',(-1.,0.,0.));
#4672=DIRECTION('center_axis',(0.,0.,1.));
#4673=DIRECTION('ref_axis',(0.,1.,0.));
#4674=DIRECTION('',(-1.,0.,0.));
#4675=DIRECTION('center_axis',(0.,1.,0.));
#4676=DIRECTION('ref_axis',(-1.,0.,0.));
#4677=DIRECTION('center_axis',(0.,1.,0.));
#4678=DIRECTION('ref_axis',(-1.,0.,0.));
#4679=DIRECTION('',(0.,0.,-1.));
#4680=DIRECTION('',(1.,0.,0.));
#4681=DIRECTION('center_axis',(0.,0.,-1.));
#4682=DIRECTION('ref_axis',(0.,1.,0.));
#4683=DIRECTION('',(0.,1.,0.));
#4684=DIRECTION('',(1.,0.,0.));
#4685=DIRECTION('center_axis',(0.,-1.,0.));
#4686=DIRECTION('ref_axis',(0.,0.,-1.));
#4687=DIRECTION('',(1.,0.,0.));
#4688=DIRECTION('',(0.,0.,-1.));
#4689=DIRECTION('center_axis',(0.,0.,-1.));
#4690=DIRECTION('ref_axis',(0.,1.,0.));
#4691=DIRECTION('',(1.,0.,0.));
#4692=DIRECTION('',(0.,1.,0.));
#4693=DIRECTION('center_axis',(0.,1.,0.));
#4694=DIRECTION('ref_axis',(0.,0.,1.));
#4695=DIRECTION('',(1.,0.,0.));
#4696=DIRECTION('',(0.,0.,1.));
#4697=DIRECTION('center_axis',(0.,0.,-1.));
#4698=DIRECTION('ref_axis',(0.,1.,0.));
#4699=DIRECTION('',(0.,1.,0.));
#4700=DIRECTION('',(1.,0.,0.));
#4701=DIRECTION('center_axis',(0.,-1.,0.));
#4702=DIRECTION('ref_axis',(1.,0.,0.));
#4703=DIRECTION('',(0.,0.,-1.));
#4704=DIRECTION('center_axis',(-1.,0.,0.));
#4705=DIRECTION('ref_axis',(0.,-1.,0.));
#4706=DIRECTION('center_axis',(-1.,0.,0.));
#4707=DIRECTION('ref_axis',(0.,0.,1.));
#4708=DIRECTION('',(0.,-1.,0.));
#4709=DIRECTION('',(0.,-0.980580675690916,0.196116135138203));
#4710=DIRECTION('',(0.,0.,1.));
#4711=DIRECTION('',(0.,0.980580675690916,0.196116135138203));
#4712=DIRECTION('',(0.,1.,0.));
#4713=DIRECTION('center_axis',(-1.,0.,0.));
#4714=DIRECTION('ref_axis',(0.,0.,1.));
#4715=DIRECTION('',(0.,0.,1.));
#4716=DIRECTION('',(0.,-1.,0.));
#4717=DIRECTION('',(0.,0.,-1.));
#4718=DIRECTION('',(0.,-1.,0.));
#4719=DIRECTION('',(0.,0.,1.));
#4720=DIRECTION('center_axis',(0.,0.,1.));
#4721=DIRECTION('ref_axis',(0.,-1.,0.));
#4722=DIRECTION('',(1.,0.,0.));
#4723=DIRECTION('center_axis',(0.,0.196116135138203,0.980580675690916));
#4724=DIRECTION('ref_axis',(0.,-0.980580675690916,0.196116135138203));
#4725=DIRECTION('',(1.,0.,0.));
#4726=DIRECTION('center_axis',(0.,1.,0.));
#4727=DIRECTION('ref_axis',(0.,0.,1.));
#4728=DIRECTION('',(1.,0.,0.));
#4729=DIRECTION('center_axis',(0.,0.196116135138203,-0.980580675690916));
#4730=DIRECTION('ref_axis',(0.,0.980580675690916,0.196116135138203));
#4731=DIRECTION('',(1.,0.,0.));
#4732=DIRECTION('center_axis',(0.,0.,-1.));
#4733=DIRECTION('ref_axis',(0.,1.,0.));
#4734=DIRECTION('center_axis',(0.,1.,0.));
#4735=DIRECTION('ref_axis',(0.,0.,1.));
#4736=DIRECTION('',(1.,0.,0.));
#4737=DIRECTION('center_axis',(0.,0.,1.));
#4738=DIRECTION('ref_axis',(0.,-1.,0.));
#4739=DIRECTION('',(1.,0.,0.));
#4740=DIRECTION('center_axis',(0.,-1.,0.));
#4741=DIRECTION('ref_axis',(0.,0.,-1.));
#4742=DIRECTION('',(1.,0.,0.));
#4743=DIRECTION('center_axis',(0.,0.,1.));
#4744=DIRECTION('ref_axis',(0.,-1.,0.));
#4745=DIRECTION('',(1.,0.,0.));
#4746=DIRECTION('center_axis',(0.,1.,0.));
#4747=DIRECTION('ref_axis',(0.,0.,1.));
#4748=DIRECTION('center_axis',(-1.,0.,0.));
#4749=DIRECTION('ref_axis',(0.,0.,-1.));
#4750=DIRECTION('',(0.,-1.,0.));
#4751=DIRECTION('',(0.,0.,-1.));
#4752=DIRECTION('',(0.,-1.,0.));
#4753=DIRECTION('center_axis',(0.,-1.,0.));
#4754=DIRECTION('ref_axis',(1.,0.,0.));
#4755=DIRECTION('center_axis',(0.,-1.,0.));
#4756=DIRECTION('ref_axis',(-0.157142857142902,0.,0.987575881868814));
#4757=DIRECTION('',(0.,-1.,0.));
#4758=DIRECTION('center_axis',(0.,-1.,0.));
#4759=DIRECTION('ref_axis',(1.,0.,0.));
#4760=DIRECTION('center_axis',(0.,-1.,0.));
#4761=DIRECTION('ref_axis',(0.157142857142902,0.,0.987575881868814));
#4762=DIRECTION('',(0.,-1.,0.));
#4763=DIRECTION('center_axis',(0.,-1.,0.));
#4764=DIRECTION('ref_axis',(1.,0.,0.));
#4765=DIRECTION('center_axis',(0.,-1.,0.));
#4766=DIRECTION('ref_axis',(1.,0.,0.));
#4767=DIRECTION('',(0.,-1.,0.));
#4768=DIRECTION('center_axis',(1.,0.,0.));
#4769=DIRECTION('ref_axis',(0.,0.,1.));
#4770=DIRECTION('',(0.,0.,1.));
#4771=DIRECTION('',(0.,-1.,0.));
#4772=DIRECTION('center_axis',(0.,-1.,0.));
#4773=DIRECTION('ref_axis',(1.,0.,0.));
#4774=DIRECTION('center_axis',(0.,1.,0.));
#4775=DIRECTION('ref_axis',(0.,0.,-1.));
#4776=DIRECTION('',(0.,-1.,0.));
#4777=DIRECTION('center_axis',(0.,0.,1.));
#4778=DIRECTION('ref_axis',(-1.,0.,0.));
#4779=DIRECTION('',(-1.,0.,0.));
#4780=DIRECTION('',(0.,-1.,0.));
#4781=DIRECTION('center_axis',(0.,-1.,0.));
#4782=DIRECTION('ref_axis',(1.,0.,0.));
#4783=DIRECTION('center_axis',(0.,-1.,0.));
#4784=DIRECTION('ref_axis',(0.987575881868814,0.,0.157142857142902));
#4785=DIRECTION('',(0.,-1.,0.));
#4786=DIRECTION('center_axis',(0.,-1.,0.));
#4787=DIRECTION('ref_axis',(1.,0.,0.));
#4788=DIRECTION('center_axis',(0.,-1.,0.));
#4789=DIRECTION('ref_axis',(0.987575881868814,0.,-0.157142857142902));
#4790=DIRECTION('',(0.,-1.,0.));
#4791=DIRECTION('center_axis',(0.,-1.,0.));
#4792=DIRECTION('ref_axis',(1.,0.,0.));
#4793=DIRECTION('center_axis',(0.,-1.,0.));
#4794=DIRECTION('ref_axis',(0.,0.,-1.));
#4795=DIRECTION('',(0.,-1.,0.));
#4796=DIRECTION('center_axis',(0.,0.,-1.));
#4797=DIRECTION('ref_axis',(1.,0.,0.));
#4798=DIRECTION('',(1.,0.,0.));
#4799=DIRECTION('',(0.,-1.,0.));
#4800=DIRECTION('center_axis',(0.,-1.,0.));
#4801=DIRECTION('ref_axis',(1.,0.,0.));
#4802=DIRECTION('center_axis',(0.,1.,0.));
#4803=DIRECTION('ref_axis',(-1.,0.,0.));
#4804=DIRECTION('',(0.,-1.,0.));
#4805=DIRECTION('center_axis',(1.,0.,0.));
#4806=DIRECTION('ref_axis',(0.,0.,1.));
#4807=DIRECTION('',(0.,0.,1.));
#4808=DIRECTION('',(0.,-1.,0.));
#4809=DIRECTION('center_axis',(0.,-1.,0.));
#4810=DIRECTION('ref_axis',(1.,0.,0.));
#4811=DIRECTION('center_axis',(0.,-1.,0.));
#4812=DIRECTION('ref_axis',(0.157142857142902,0.,-0.987575881868814));
#4813=DIRECTION('',(0.,-1.,0.));
#4814=DIRECTION('center_axis',(0.,-1.,0.));
#4815=DIRECTION('ref_axis',(1.,0.,0.));
#4816=DIRECTION('center_axis',(0.,-1.,0.));
#4817=DIRECTION('ref_axis',(-0.157142857142902,0.,-0.987575881868814));
#4818=DIRECTION('',(0.,-1.,0.));
#4819=DIRECTION('center_axis',(0.,-1.,0.));
#4820=DIRECTION('ref_axis',(1.,0.,0.));
#4821=DIRECTION('center_axis',(0.,-1.,0.));
#4822=DIRECTION('ref_axis',(-1.,0.,0.));
#4823=DIRECTION('',(0.,-1.,0.));
#4824=DIRECTION('center_axis',(-1.,0.,0.));
#4825=DIRECTION('ref_axis',(0.,0.,-1.));
#4826=DIRECTION('',(0.,0.,-1.));
#4827=DIRECTION('',(0.,-1.,0.));
#4828=DIRECTION('center_axis',(0.,-1.,0.));
#4829=DIRECTION('ref_axis',(1.,0.,0.));
#4830=DIRECTION('center_axis',(0.,1.,0.));
#4831=DIRECTION('ref_axis',(0.,0.,1.));
#4832=DIRECTION('',(0.,-1.,0.));
#4833=DIRECTION('center_axis',(0.,0.,-1.));
#4834=DIRECTION('ref_axis',(1.,0.,0.));
#4835=DIRECTION('',(1.,0.,0.));
#4836=DIRECTION('',(0.,-1.,0.));
#4837=DIRECTION('center_axis',(0.,-1.,0.));
#4838=DIRECTION('ref_axis',(1.,0.,0.));
#4839=DIRECTION('center_axis',(0.,-1.,0.));
#4840=DIRECTION('ref_axis',(-0.987575881868814,0.,-0.157142857142902));
#4841=DIRECTION('',(0.,-1.,0.));
#4842=DIRECTION('center_axis',(0.,-1.,0.));
#4843=DIRECTION('ref_axis',(-1.,0.,1.22464679914735E-16));
#4844=DIRECTION('center_axis',(0.,-1.,0.));
#4845=DIRECTION('ref_axis',(-0.987575881868814,0.,0.157142857142902));
#4846=DIRECTION('',(0.,-1.,0.));
#4847=DIRECTION('center_axis',(0.,-1.,0.));
#4848=DIRECTION('ref_axis',(1.,0.,0.));
#4849=DIRECTION('center_axis',(0.,-1.,0.));
#4850=DIRECTION('ref_axis',(0.,0.,1.));
#4851=DIRECTION('',(0.,-1.,0.));
#4852=DIRECTION('center_axis',(0.,0.,1.));
#4853=DIRECTION('ref_axis',(-1.,0.,0.));
#4854=DIRECTION('',(-1.,0.,0.));
#4855=DIRECTION('',(0.,-1.,0.));
#4856=DIRECTION('center_axis',(0.,-1.,0.));
#4857=DIRECTION('ref_axis',(1.,0.,0.));
#4858=DIRECTION('center_axis',(0.,1.,0.));
#4859=DIRECTION('ref_axis',(1.,0.,0.));
#4860=DIRECTION('center_axis',(0.,-1.,0.));
#4861=DIRECTION('ref_axis',(1.,0.,0.));
#4862=CARTESIAN_POINT('',(0.,0.,0.));
#4863=CARTESIAN_POINT('Origin',(0.,-2.675,0.));
#4864=CARTESIAN_POINT('',(3.99,-2.675,-3.1));
#4865=CARTESIAN_POINT('',(3.99,-2.675,1.63));
#4866=CARTESIAN_POINT('',(3.99,-2.675,-3.1));
#4867=CARTESIAN_POINT('',(5.15,-2.675,1.63));
#4868=CARTESIAN_POINT('',(5.15,-2.675,1.63));
#4869=CARTESIAN_POINT('',(5.15,-2.675,8.1));
#4870=CARTESIAN_POINT('',(5.15,-2.675,8.1));
#4871=CARTESIAN_POINT('',(-5.15,-2.675,8.1));
#4872=CARTESIAN_POINT('',(-5.15,-2.675,8.1));
#4873=CARTESIAN_POINT('',(-5.15,-2.675,1.63));
#4874=CARTESIAN_POINT('',(-5.15,-2.675,1.63));
#4875=CARTESIAN_POINT('',(-3.99,-2.675,1.63));
#4876=CARTESIAN_POINT('',(-5.15,-2.675,1.63));
#4877=CARTESIAN_POINT('',(-3.99,-2.675,-3.1));
#4878=CARTESIAN_POINT('',(-3.99,-2.675,-3.1));
#4879=CARTESIAN_POINT('',(3.99,-2.675,-3.1));
#4880=CARTESIAN_POINT('',(2.9,-2.675,6.6));
#4881=CARTESIAN_POINT('',(1.7,-2.675,6.6));
#4882=CARTESIAN_POINT('',(2.9,-2.675,6.6));
#4883=CARTESIAN_POINT('',(2.9,-2.675,-1.6));
#4884=CARTESIAN_POINT('',(2.9,-2.675,-1.6));
#4885=CARTESIAN_POINT('',(1.7,-2.675,-1.6));
#4886=CARTESIAN_POINT('',(2.9,-2.675,-1.6));
#4887=CARTESIAN_POINT('',(1.7,-2.675,6.6));
#4888=CARTESIAN_POINT('',(-2.9,-2.675,-1.6));
#4889=CARTESIAN_POINT('',(-1.7,-2.675,-1.6));
#4890=CARTESIAN_POINT('',(-2.9,-2.675,-1.6));
#4891=CARTESIAN_POINT('',(-2.9,-2.675,6.6));
#4892=CARTESIAN_POINT('',(-2.9,-2.675,6.6));
#4893=CARTESIAN_POINT('',(-1.7,-2.675,6.6));
#4894=CARTESIAN_POINT('',(-2.9,-2.675,6.6));
#4895=CARTESIAN_POINT('',(-1.7,-2.675,-1.6));
#4896=CARTESIAN_POINT('',(-4.,-2.675,2.105));
#4897=CARTESIAN_POINT('',(-4.,-2.675,3.605));
#4898=CARTESIAN_POINT('',(-4.,-2.675,2.105));
#4899=CARTESIAN_POINT('',(-4.5,-2.675,2.105));
#4900=CARTESIAN_POINT('',(-4.,-2.675,2.105));
#4901=CARTESIAN_POINT('',(-4.5,-2.675,3.605));
#4902=CARTESIAN_POINT('',(-4.5,-2.675,2.105));
#4903=CARTESIAN_POINT('',(-4.,-2.675,3.605));
#4904=CARTESIAN_POINT('',(4.,-2.675,2.105));
#4905=CARTESIAN_POINT('',(4.,-2.675,3.605));
#4906=CARTESIAN_POINT('',(4.,-2.675,2.105));
#4907=CARTESIAN_POINT('',(4.5,-2.675,3.605));
#4908=CARTESIAN_POINT('',(4.,-2.675,3.605));
#4909=CARTESIAN_POINT('',(4.5,-2.675,2.105));
#4910=CARTESIAN_POINT('',(4.5,-2.675,2.105));
#4911=CARTESIAN_POINT('',(4.,-2.675,2.105));
#4912=CARTESIAN_POINT('',(-0.32,-2.675,4.232606234616));
#4913=CARTESIAN_POINT('',(-0.32,-2.675,4.02));
#4914=CARTESIAN_POINT('',(-0.32,-2.675,4.232606234616));
#4915=CARTESIAN_POINT('',(-0.2357142857143,-2.675,4.331363822803));
#4916=CARTESIAN_POINT('Origin',(-0.22,-2.675,4.232606234616));
#4917=CARTESIAN_POINT('',(0.2357142857143,-2.675,4.331363822803));
#4918=CARTESIAN_POINT('Origin',(0.,-2.675,2.85));
#4919=CARTESIAN_POINT('',(0.32,-2.675,4.232606234616));
#4920=CARTESIAN_POINT('Origin',(0.22,-2.675,4.232606234616));
#4921=CARTESIAN_POINT('',(0.32,-2.675,4.02));
#4922=CARTESIAN_POINT('',(0.32,-2.675,4.02));
#4923=CARTESIAN_POINT('',(1.17,-2.675,3.17));
#4924=CARTESIAN_POINT('Origin',(1.17,-2.675,4.02));
#4925=CARTESIAN_POINT('',(1.382606234616,-2.675,3.17));
#4926=CARTESIAN_POINT('',(1.382606234616,-2.675,3.17));
#4927=CARTESIAN_POINT('',(1.481363822803,-2.675,3.085714285714));
#4928=CARTESIAN_POINT('Origin',(1.382606234616,-2.675,3.07));
#4929=CARTESIAN_POINT('',(1.481363822803,-2.675,2.614285714286));
#4930=CARTESIAN_POINT('Origin',(0.,-2.675,2.85));
#4931=CARTESIAN_POINT('',(1.382606234616,-2.675,2.53));
#4932=CARTESIAN_POINT('Origin',(1.382606234616,-2.675,2.63));
#4933=CARTESIAN_POINT('',(1.17,-2.675,2.53));
#4934=CARTESIAN_POINT('',(1.17,-2.675,2.53));
#4935=CARTESIAN_POINT('',(0.32,-2.675,1.68));
#4936=CARTESIAN_POINT('Origin',(1.17,-2.675,1.68));
#4937=CARTESIAN_POINT('',(0.32,-2.675,1.467393765384));
#4938=CARTESIAN_POINT('',(0.32,-2.675,1.467393765384));
#4939=CARTESIAN_POINT('',(0.2357142857143,-2.675,1.368636177197));
#4940=CARTESIAN_POINT('Origin',(0.22,-2.675,1.467393765384));
#4941=CARTESIAN_POINT('',(-0.2357142857143,-2.675,1.368636177197));
#4942=CARTESIAN_POINT('Origin',(0.,-2.675,2.85));
#4943=CARTESIAN_POINT('',(-0.32,-2.675,1.467393765384));
#4944=CARTESIAN_POINT('Origin',(-0.22,-2.675,1.467393765384));
#4945=CARTESIAN_POINT('',(-0.32,-2.675,1.68));
#4946=CARTESIAN_POINT('',(-0.32,-2.675,1.68));
#4947=CARTESIAN_POINT('',(-1.17,-2.675,2.53));
#4948=CARTESIAN_POINT('Origin',(-1.17,-2.675,1.68));
#4949=CARTESIAN_POINT('',(-1.382606234616,-2.675,2.53));
#4950=CARTESIAN_POINT('',(-1.382606234616,-2.675,2.53));
#4951=CARTESIAN_POINT('',(-1.481363822803,-2.675,2.614285714286));
#4952=CARTESIAN_POINT('Origin',(-1.382606234616,-2.675,2.63));
#4953=CARTESIAN_POINT('',(-1.481363822803,-2.675,3.085714285714));
#4954=CARTESIAN_POINT('Origin',(0.,-2.675,2.85));
#4955=CARTESIAN_POINT('',(-1.382606234616,-2.675,3.17));
#4956=CARTESIAN_POINT('Origin',(-1.382606234616,-2.675,3.07));
#4957=CARTESIAN_POINT('',(-1.17,-2.675,3.17));
#4958=CARTESIAN_POINT('',(-1.17,-2.675,3.17));
#4959=CARTESIAN_POINT('Origin',(-1.17,-2.675,4.02));
#4960=CARTESIAN_POINT('Origin',(-2.9,-2.675,-1.6));
#4961=CARTESIAN_POINT('',(-1.7,-2.975,-1.6));
#4962=CARTESIAN_POINT('',(-1.7,-2.675,-1.6));
#4963=CARTESIAN_POINT('',(-2.9,-2.975,-1.6));
#4964=CARTESIAN_POINT('',(-2.9,-2.975,-1.6));
#4965=CARTESIAN_POINT('',(-2.9,-2.675,-1.6));
#4966=CARTESIAN_POINT('Origin',(-2.9,-2.675,6.6));
#4967=CARTESIAN_POINT('',(-2.9,-2.975,6.6));
#4968=CARTESIAN_POINT('',(-2.9,-2.675,6.6));
#4969=CARTESIAN_POINT('',(-2.9,-2.975,6.6));
#4970=CARTESIAN_POINT('Origin',(-1.7,-2.675,6.6));
#4971=CARTESIAN_POINT('',(-1.7,-2.975,6.6));
#4972=CARTESIAN_POINT('',(-1.7,-2.975,6.6));
#4973=CARTESIAN_POINT('',(-1.7,-2.675,6.6));
#4974=CARTESIAN_POINT('Origin',(-1.7,-2.675,-1.6));
#4975=CARTESIAN_POINT('',(-1.7,-2.975,-1.6));
#4976=CARTESIAN_POINT('Origin',(0.,-2.975,0.));
#4977=CARTESIAN_POINT('Origin',(0.,-2.975,0.));
#4978=CARTESIAN_POINT('',(2.9,-2.975,6.6));
#4979=CARTESIAN_POINT('',(1.7,-2.975,6.6));
#4980=CARTESIAN_POINT('',(2.9,-2.975,6.6));
#4981=CARTESIAN_POINT('',(1.7,-2.975,-1.6));
#4982=CARTESIAN_POINT('',(1.7,-2.975,6.6));
#4983=CARTESIAN_POINT('',(2.9,-2.975,-1.6));
#4984=CARTESIAN_POINT('',(1.7,-2.975,-1.6));
#4985=CARTESIAN_POINT('',(2.9,-2.975,-1.6));
#4986=CARTESIAN_POINT('Origin',(2.9,-2.675,6.6));
#4987=CARTESIAN_POINT('',(1.7,-2.675,6.6));
#4988=CARTESIAN_POINT('',(2.9,-2.675,6.6));
#4989=CARTESIAN_POINT('Origin',(2.9,-2.675,-1.6));
#4990=CARTESIAN_POINT('',(2.9,-2.675,-1.6));
#4991=CARTESIAN_POINT('Origin',(1.7,-2.675,-1.6));
#4992=CARTESIAN_POINT('',(1.7,-2.675,-1.6));
#4993=CARTESIAN_POINT('Origin',(1.7,-2.675,6.6));
#4994=CARTESIAN_POINT('Origin',(3.99,-2.675,0.));
#4995=CARTESIAN_POINT('',(3.99,1.025,1.63));
#4996=CARTESIAN_POINT('',(3.99,-2.675,1.63));
#4997=CARTESIAN_POINT('',(3.99,1.775,-3.1));
#4998=CARTESIAN_POINT('',(3.99,-2.675,-3.1));
#4999=CARTESIAN_POINT('',(3.99,1.025,1.63));
#5000=CARTESIAN_POINT('Origin',(5.15,-2.675,1.63));
#5001=CARTESIAN_POINT('',(4.5,-2.5,1.63));
#5002=CARTESIAN_POINT('',(4.5,-0.5,1.63));
#5003=CARTESIAN_POINT('',(4.5,-2.5,1.63));
#5004=CARTESIAN_POINT('',(5.15,-0.5,1.63));
#5005=CARTESIAN_POINT('',(4.5,-0.5,1.63));
#5006=CARTESIAN_POINT('',(5.15,-2.675,1.63));
#5007=CARTESIAN_POINT('',(4.,1.025,1.63));
#5008=CARTESIAN_POINT('',(4.,1.025,1.63));
#5009=CARTESIAN_POINT('',(4.,-2.5,1.63));
#5010=CARTESIAN_POINT('',(4.,-2.5,1.63));
#5011=CARTESIAN_POINT('',(4.,-2.5,1.63));
#5012=CARTESIAN_POINT('Origin',(5.15,-2.675,1.63));
#5013=CARTESIAN_POINT('',(4.5,0.5,1.63));
#5014=CARTESIAN_POINT('',(4.5,1.025,1.63));
#5015=CARTESIAN_POINT('',(4.5,0.5,1.63));
#5016=CARTESIAN_POINT('',(5.15,1.025,1.63));
#5017=CARTESIAN_POINT('',(5.15,1.025,1.63));
#5018=CARTESIAN_POINT('',(5.15,0.5,1.63));
#5019=CARTESIAN_POINT('',(5.15,0.5,1.63));
#5020=CARTESIAN_POINT('',(5.15,0.5,1.63));
#5021=CARTESIAN_POINT('Origin',(4.5,0.,0.));
#5022=CARTESIAN_POINT('',(4.5,1.774207188161,-3.095));
#5023=CARTESIAN_POINT('',(4.5,1.,-3.095));
#5024=CARTESIAN_POINT('',(4.5,1.774207188161,-3.095));
#5025=CARTESIAN_POINT('',(4.5,1.025,1.63));
#5026=CARTESIAN_POINT('',(4.5,0.5,7.4));
#5027=CARTESIAN_POINT('',(4.5,0.5,1.63));
#5028=CARTESIAN_POINT('',(4.5,0.33,7.4));
#5029=CARTESIAN_POINT('',(4.5,0.33,7.4));
#5030=CARTESIAN_POINT('',(4.5,0.33,7.85));
#5031=CARTESIAN_POINT('',(4.5,0.33,7.85));
#5032=CARTESIAN_POINT('',(4.5,-0.33,7.85));
#5033=CARTESIAN_POINT('',(4.5,-0.33,7.85));
#5034=CARTESIAN_POINT('',(4.5,-0.33,7.4));
#5035=CARTESIAN_POINT('',(4.5,-0.33,7.4));
#5036=CARTESIAN_POINT('',(4.5,-0.5,7.4));
#5037=CARTESIAN_POINT('',(4.5,-0.5,7.4));
#5038=CARTESIAN_POINT('',(4.5,-0.5,1.63));
#5039=CARTESIAN_POINT('',(4.5,-2.5,-3.095));
#5040=CARTESIAN_POINT('',(4.5,-2.5,-3.095));
#5041=CARTESIAN_POINT('',(4.5,-1.,-3.095));
#5042=CARTESIAN_POINT('',(4.5,-1.,-3.095));
#5043=CARTESIAN_POINT('',(4.5,-1.,-2.342));
#5044=CARTESIAN_POINT('',(4.5,-1.,-2.342));
#5045=CARTESIAN_POINT('',(4.5,1.,-2.342));
#5046=CARTESIAN_POINT('',(4.5,1.,-2.342));
#5047=CARTESIAN_POINT('',(4.5,1.,-3.095));
#5048=CARTESIAN_POINT('Origin',(4.5,0.,0.));
#5049=CARTESIAN_POINT('',(4.5,-4.9,2.105));
#5050=CARTESIAN_POINT('',(4.5,-2.675,2.105));
#5051=CARTESIAN_POINT('',(4.5,-4.9,3.605));
#5052=CARTESIAN_POINT('',(4.5,-4.9,3.605));
#5053=CARTESIAN_POINT('',(4.5,-5.9,3.405));
#5054=CARTESIAN_POINT('',(4.5,-5.9,3.405));
#5055=CARTESIAN_POINT('',(4.5,-5.9,2.305));
#5056=CARTESIAN_POINT('',(4.5,-5.9,2.305));
#5057=CARTESIAN_POINT('',(4.5,-4.9,2.105));
#5058=CARTESIAN_POINT('Origin',(4.,2.1,-3.095));
#5059=CARTESIAN_POINT('',(4.,1.,-3.095));
#5060=CARTESIAN_POINT('',(4.,1.,-3.095));
#5061=CARTESIAN_POINT('',(4.,1.774207188161,-3.095));
#5062=CARTESIAN_POINT('',(4.,1.774207188161,-3.095));
#5063=CARTESIAN_POINT('',(4.,1.774207188161,-3.095));
#5064=CARTESIAN_POINT('Origin',(5.15,1.025,1.63));
#5065=CARTESIAN_POINT('',(4.,1.025,1.63));
#5066=CARTESIAN_POINT('',(5.15,1.775,-3.1));
#5067=CARTESIAN_POINT('',(5.15,1.775,-3.1));
#5068=CARTESIAN_POINT('',(5.15,1.025,1.63));
#5069=CARTESIAN_POINT('Origin',(5.15,-2.675,8.1));
#5070=CARTESIAN_POINT('',(5.15,-0.5,8.1));
#5071=CARTESIAN_POINT('',(5.15,-0.5,8.1));
#5072=CARTESIAN_POINT('',(5.15,-2.675,8.1));
#5073=CARTESIAN_POINT('Origin',(5.15,-2.675,8.1));
#5074=CARTESIAN_POINT('',(5.15,2.475,8.1));
#5075=CARTESIAN_POINT('',(5.15,2.475,-3.1));
#5076=CARTESIAN_POINT('',(5.15,2.475,8.1));
#5077=CARTESIAN_POINT('',(5.15,0.5,8.1));
#5078=CARTESIAN_POINT('',(5.15,0.5,8.1));
#5079=CARTESIAN_POINT('',(5.15,0.5,8.1));
#5080=CARTESIAN_POINT('',(5.15,1.775,-3.1));
#5081=CARTESIAN_POINT('Origin',(-5.15,-2.675,8.1));
#5082=CARTESIAN_POINT('',(-4.95,2.675,8.1));
#5083=CARTESIAN_POINT('',(-5.15,2.475,8.1));
#5084=CARTESIAN_POINT('Origin',(-4.95,2.475,8.1));
#5085=CARTESIAN_POINT('',(-5.15,0.5,8.1));
#5086=CARTESIAN_POINT('',(-5.15,0.5,8.1));
#5087=CARTESIAN_POINT('',(-4.,0.5,8.1));
#5088=CARTESIAN_POINT('',(-5.15,0.5,8.1));
#5089=CARTESIAN_POINT('',(-4.,-0.5,8.1));
#5090=CARTESIAN_POINT('',(-4.,-0.5,8.1));
#5091=CARTESIAN_POINT('',(-5.15,-0.5,8.1));
#5092=CARTESIAN_POINT('',(-5.15,-0.5,8.1));
#5093=CARTESIAN_POINT('',(-5.15,-2.675,8.1));
#5094=CARTESIAN_POINT('',(4.,-0.5,8.1));
#5095=CARTESIAN_POINT('',(5.15,-0.5,8.1));
#5096=CARTESIAN_POINT('',(4.,0.5,8.1));
#5097=CARTESIAN_POINT('',(4.,-0.5,8.1));
#5098=CARTESIAN_POINT('',(5.15,0.5,8.1));
#5099=CARTESIAN_POINT('',(4.95,2.675,8.1));
#5100=CARTESIAN_POINT('Origin',(4.95,2.475,8.1));
#5101=CARTESIAN_POINT('',(3.9,2.675,8.1));
#5102=CARTESIAN_POINT('',(3.9,2.675,8.1));
#5103=CARTESIAN_POINT('',(3.9,2.795,8.1));
#5104=CARTESIAN_POINT('',(3.9,2.795,8.1));
#5105=CARTESIAN_POINT('',(2.95,2.795,8.1));
#5106=CARTESIAN_POINT('',(2.95,2.795,8.1));
#5107=CARTESIAN_POINT('',(2.95,1.835687629105,8.1));
#5108=CARTESIAN_POINT('',(2.95,2.795,8.1));
#5109=CARTESIAN_POINT('',(3.340687629105,1.835687629105,8.1));
#5110=CARTESIAN_POINT('',(3.340687629105,1.835687629105,8.1));
#5111=CARTESIAN_POINT('',(3.340687629105,-2.005687629105,8.1));
#5112=CARTESIAN_POINT('',(3.340687629105,1.835687629105,8.1));
#5113=CARTESIAN_POINT('',(2.159312370895,-2.005687629105,8.1));
#5114=CARTESIAN_POINT('',(2.159312370895,-2.005687629105,8.1));
#5115=CARTESIAN_POINT('',(2.159312370895,-1.345687629105,8.1));
#5116=CARTESIAN_POINT('',(2.159312370895,-1.345687629105,8.1));
#5117=CARTESIAN_POINT('',(0.1593123708949,-1.345687629105,8.1));
#5118=CARTESIAN_POINT('',(0.1593123708949,-1.345687629105,8.1));
#5119=CARTESIAN_POINT('',(0.1593123708949,1.729396857184,8.1));
#5120=CARTESIAN_POINT('',(0.1593123708949,1.729396857184,8.1));
#5121=CARTESIAN_POINT('',(-0.1593123708949,1.729396857184,8.1));
#5122=CARTESIAN_POINT('',(-0.1593123708949,1.729396857184,8.1));
#5123=CARTESIAN_POINT('',(-0.1593123708949,-1.345687629105,8.1));
#5124=CARTESIAN_POINT('',(-0.1593123708949,-1.345687629105,8.1));
#5125=CARTESIAN_POINT('',(-3.340687629105,-1.345687629105,8.1));
#5126=CARTESIAN_POINT('',(-3.340687629105,-1.345687629105,8.1));
#5127=CARTESIAN_POINT('',(-3.340687629105,1.835687629105,8.1));
#5128=CARTESIAN_POINT('',(-3.340687629105,1.835687629105,8.1));
#5129=CARTESIAN_POINT('',(-2.95,1.835687629105,8.1));
#5130=CARTESIAN_POINT('',(-2.95,1.835687629105,8.1));
#5131=CARTESIAN_POINT('',(-2.95,2.795,8.1));
#5132=CARTESIAN_POINT('',(-2.95,2.795,8.1));
#5133=CARTESIAN_POINT('',(-3.9,2.795,8.1));
#5134=CARTESIAN_POINT('',(-3.9,2.795,8.1));
#5135=CARTESIAN_POINT('',(-3.9,2.675,8.1));
#5136=CARTESIAN_POINT('',(-3.9,2.795,8.1));
#5137=CARTESIAN_POINT('',(-4.95,2.675,8.1));
#5138=CARTESIAN_POINT('Origin',(-4.95,2.475,-26.13545143338));
#5139=CARTESIAN_POINT('',(-4.95,2.675,-3.1));
#5140=CARTESIAN_POINT('',(-4.95,2.675,-3.1));
#5141=CARTESIAN_POINT('',(-5.15,2.475,-3.1));
#5142=CARTESIAN_POINT('Origin',(-4.95,2.475,-3.1));
#5143=CARTESIAN_POINT('',(-5.15,2.475,-3.1));
#5144=CARTESIAN_POINT('Origin',(-5.15,-2.675,-3.1));
#5145=CARTESIAN_POINT('',(-5.15,-0.5,1.63));
#5146=CARTESIAN_POINT('',(-5.15,-2.675,1.63));
#5147=CARTESIAN_POINT('',(-5.15,-0.5,8.1));
#5148=CARTESIAN_POINT('Origin',(-5.15,-2.675,-3.1));
#5149=CARTESIAN_POINT('',(-5.15,1.775,-3.1));
#5150=CARTESIAN_POINT('',(-5.15,1.775,-3.1));
#5151=CARTESIAN_POINT('',(-5.15,1.025,1.63));
#5152=CARTESIAN_POINT('',(-5.15,1.025,1.63));
#5153=CARTESIAN_POINT('',(-5.15,0.5,1.63));
#5154=CARTESIAN_POINT('',(-5.15,0.5,1.63));
#5155=CARTESIAN_POINT('',(-5.15,0.5,8.1));
#5156=CARTESIAN_POINT('Origin',(-5.15,-2.675,1.63));
#5157=CARTESIAN_POINT('',(-4.5,-2.5,1.63));
#5158=CARTESIAN_POINT('',(-4.5,-0.5,1.63));
#5159=CARTESIAN_POINT('',(-4.5,-2.5,1.63));
#5160=CARTESIAN_POINT('',(-4.,-2.5,1.63));
#5161=CARTESIAN_POINT('',(-4.,-2.5,1.63));
#5162=CARTESIAN_POINT('',(-4.,1.025,1.63));
#5163=CARTESIAN_POINT('',(-4.,1.025,1.63));
#5164=CARTESIAN_POINT('',(-3.99,1.025,1.63));
#5165=CARTESIAN_POINT('',(-4.,1.025,1.63));
#5166=CARTESIAN_POINT('',(-3.99,-2.675,1.63));
#5167=CARTESIAN_POINT('',(-5.15,-0.5,1.63));
#5168=CARTESIAN_POINT('Origin',(-5.15,-2.675,1.63));
#5169=CARTESIAN_POINT('',(-4.5,0.5,1.63));
#5170=CARTESIAN_POINT('',(-4.5,1.025,1.63));
#5171=CARTESIAN_POINT('',(-4.5,0.5,1.63));
#5172=CARTESIAN_POINT('',(-4.5,0.5,1.63));
#5173=CARTESIAN_POINT('',(-5.15,1.025,1.63));
#5174=CARTESIAN_POINT('Origin',(-4.5,0.,0.));
#5175=CARTESIAN_POINT('',(-4.5,-4.9,2.105));
#5176=CARTESIAN_POINT('',(-4.5,-2.675,2.105));
#5177=CARTESIAN_POINT('',(-4.5,-5.9,2.305));
#5178=CARTESIAN_POINT('',(-4.5,-4.9,2.105));
#5179=CARTESIAN_POINT('',(-4.5,-5.9,3.405));
#5180=CARTESIAN_POINT('',(-4.5,-5.9,2.305));
#5181=CARTESIAN_POINT('',(-4.5,-4.9,3.605));
#5182=CARTESIAN_POINT('',(-4.5,-5.9,3.405));
#5183=CARTESIAN_POINT('',(-4.5,-4.9,3.605));
#5184=CARTESIAN_POINT('Origin',(-4.5,0.,0.));
#5185=CARTESIAN_POINT('',(-4.5,-0.5,7.4));
#5186=CARTESIAN_POINT('',(-4.5,-0.5,1.63));
#5187=CARTESIAN_POINT('',(-4.5,-0.33,7.4));
#5188=CARTESIAN_POINT('',(-4.5,-0.5,7.4));
#5189=CARTESIAN_POINT('',(-4.5,-0.33,7.85));
#5190=CARTESIAN_POINT('',(-4.5,-0.33,7.4));
#5191=CARTESIAN_POINT('',(-4.5,0.33,7.85));
#5192=CARTESIAN_POINT('',(-4.5,-0.33,7.85));
#5193=CARTESIAN_POINT('',(-4.5,0.33,7.4));
#5194=CARTESIAN_POINT('',(-4.5,0.33,7.85));
#5195=CARTESIAN_POINT('',(-4.5,0.5,7.4));
#5196=CARTESIAN_POINT('',(-4.5,0.33,7.4));
#5197=CARTESIAN_POINT('',(-4.5,0.5,1.63));
#5198=CARTESIAN_POINT('',(-4.5,1.774207188161,-3.095));
#5199=CARTESIAN_POINT('',(-4.5,1.025,1.63));
#5200=CARTESIAN_POINT('',(-4.5,1.,-3.095));
#5201=CARTESIAN_POINT('',(-4.5,1.774207188161,-3.095));
#5202=CARTESIAN_POINT('',(-4.5,1.,-2.342));
#5203=CARTESIAN_POINT('',(-4.5,1.,-3.095));
#5204=CARTESIAN_POINT('',(-4.5,-1.,-2.342));
#5205=CARTESIAN_POINT('',(-4.5,1.,-2.342));
#5206=CARTESIAN_POINT('',(-4.5,-1.,-3.095));
#5207=CARTESIAN_POINT('',(-4.5,-1.,-2.342));
#5208=CARTESIAN_POINT('',(-4.5,-2.5,-3.095));
#5209=CARTESIAN_POINT('',(-4.5,-1.,-3.095));
#5210=CARTESIAN_POINT('',(-4.5,-2.5,-3.095));
#5211=CARTESIAN_POINT('Origin',(-4.,-4.9,3.605));
#5212=CARTESIAN_POINT('',(-4.,-4.9,3.605));
#5213=CARTESIAN_POINT('',(-4.,-4.9,3.605));
#5214=CARTESIAN_POINT('',(-4.,-4.9,3.605));
#5215=CARTESIAN_POINT('Origin',(-4.,0.,0.));
#5216=CARTESIAN_POINT('',(-4.,-5.9,3.405));
#5217=CARTESIAN_POINT('',(-4.,-5.9,3.405));
#5218=CARTESIAN_POINT('',(-4.,-5.9,2.305));
#5219=CARTESIAN_POINT('',(-4.,-5.9,2.305));
#5220=CARTESIAN_POINT('',(-4.,-4.9,2.105));
#5221=CARTESIAN_POINT('',(-4.,-4.9,2.105));
#5222=CARTESIAN_POINT('',(-4.,-2.675,2.105));
#5223=CARTESIAN_POINT('Origin',(-4.,0.,0.));
#5224=CARTESIAN_POINT('',(-4.,-2.5,-3.095));
#5225=CARTESIAN_POINT('',(-4.,-2.5,-3.095));
#5226=CARTESIAN_POINT('',(-4.,-1.,-3.095));
#5227=CARTESIAN_POINT('',(-4.,-1.,-3.095));
#5228=CARTESIAN_POINT('',(-4.,-1.,-2.342));
#5229=CARTESIAN_POINT('',(-4.,-1.,-2.342));
#5230=CARTESIAN_POINT('',(-4.,1.,-2.342));
#5231=CARTESIAN_POINT('',(-4.,1.,-2.342));
#5232=CARTESIAN_POINT('',(-4.,1.,-3.095));
#5233=CARTESIAN_POINT('',(-4.,1.,-3.095));
#5234=CARTESIAN_POINT('',(-4.,1.774207188161,-3.095));
#5235=CARTESIAN_POINT('',(-4.,1.774207188161,-3.095));
#5236=CARTESIAN_POINT('',(-4.,1.025,1.63));
#5237=CARTESIAN_POINT('Origin',(-4.,-2.5,2.105));
#5238=CARTESIAN_POINT('',(-4.,-4.9,2.105));
#5239=CARTESIAN_POINT('Origin',(-4.,-4.9,2.105));
#5240=CARTESIAN_POINT('',(-4.,-5.9,2.305));
#5241=CARTESIAN_POINT('Origin',(-4.,-5.9,2.305));
#5242=CARTESIAN_POINT('',(-4.,-5.9,3.405));
#5243=CARTESIAN_POINT('Origin',(-4.,-5.9,3.405));
#5244=CARTESIAN_POINT('Origin',(-5.15,1.025,1.63));
#5245=CARTESIAN_POINT('',(-3.99,1.775,-3.1));
#5246=CARTESIAN_POINT('',(-5.15,1.775,-3.1));
#5247=CARTESIAN_POINT('',(-3.99,1.025,1.63));
#5248=CARTESIAN_POINT('',(-4.,1.774207188161,-3.095));
#5249=CARTESIAN_POINT('Origin',(-4.,2.1,-3.095));
#5250=CARTESIAN_POINT('',(-4.,1.,-3.095));
#5251=CARTESIAN_POINT('Origin',(-4.,1.,-3.095));
#5252=CARTESIAN_POINT('',(-4.,1.,-2.342));
#5253=CARTESIAN_POINT('Origin',(-4.,1.,-2.342));
#5254=CARTESIAN_POINT('',(-4.,-1.,-2.342));
#5255=CARTESIAN_POINT('Origin',(-4.,-1.,-2.342));
#5256=CARTESIAN_POINT('',(-4.,-1.,-3.095));
#5257=CARTESIAN_POINT('Origin',(-4.,-1.,-3.095));
#5258=CARTESIAN_POINT('',(-4.,-2.5,-3.095));
#5259=CARTESIAN_POINT('Origin',(-4.,-2.5,-3.095));
#5260=CARTESIAN_POINT('Origin',(-3.99,-2.675,0.));
#5261=CARTESIAN_POINT('',(-3.99,-2.675,-3.1));
#5262=CARTESIAN_POINT('Origin',(5.15,-2.675,-3.1));
#5263=CARTESIAN_POINT('',(4.95,2.675,-3.1));
#5264=CARTESIAN_POINT('',(4.95,2.675,-3.1));
#5265=CARTESIAN_POINT('Origin',(4.95,2.475,-3.1));
#5266=CARTESIAN_POINT('',(1.4325,-0.0725,-3.1));
#5267=CARTESIAN_POINT('',(1.4325,0.5625,-3.1));
#5268=CARTESIAN_POINT('',(1.4325,-0.0725,-3.1));
#5269=CARTESIAN_POINT('',(2.0675,-0.0725,-3.1));
#5270=CARTESIAN_POINT('',(1.4325,-0.0725,-3.1));
#5271=CARTESIAN_POINT('',(2.0675,0.5625,-3.1));
#5272=CARTESIAN_POINT('',(2.0675,-0.0725,-3.1));
#5273=CARTESIAN_POINT('',(1.4325,0.5625,-3.1));
#5274=CARTESIAN_POINT('',(-2.0675,-0.0725,-3.1));
#5275=CARTESIAN_POINT('',(-2.0675,0.5625,-3.1));
#5276=CARTESIAN_POINT('',(-2.0675,-0.0725,-3.1));
#5277=CARTESIAN_POINT('',(-1.4325,-0.0725,-3.1));
#5278=CARTESIAN_POINT('',(-2.0675,-0.0725,-3.1));
#5279=CARTESIAN_POINT('',(-1.4325,0.5625,-3.1));
#5280=CARTESIAN_POINT('',(-1.4325,-0.0725,-3.1));
#5281=CARTESIAN_POINT('',(-2.0675,0.5625,-3.1));
#5282=CARTESIAN_POINT('Origin',(-2.0675,0.,0.));
#5283=CARTESIAN_POINT('',(-2.0675,-0.0725,5.6));
#5284=CARTESIAN_POINT('',(-2.0675,0.5625,5.6));
#5285=CARTESIAN_POINT('',(-2.0675,-0.0725,5.6));
#5286=CARTESIAN_POINT('',(-2.0675,0.5625,0.));
#5287=CARTESIAN_POINT('',(-2.0675,0.5625,0.));
#5288=CARTESIAN_POINT('',(-2.0675,-0.0725,0.));
#5289=CARTESIAN_POINT('',(-2.0675,-0.0725,0.));
#5290=CARTESIAN_POINT('',(-2.0675,-0.0725,5.6));
#5291=CARTESIAN_POINT('Origin',(-2.0675,0.,0.));
#5292=CARTESIAN_POINT('',(-2.0675,-5.375,-5.3775));
#5293=CARTESIAN_POINT('',(-2.0675,-5.375,-4.7425));
#5294=CARTESIAN_POINT('',(-2.0675,-5.375,-5.3775));
#5295=CARTESIAN_POINT('',(-2.0675,-0.5725,-4.7425));
#5296=CARTESIAN_POINT('',(-2.0675,-0.5725,-4.7425));
#5297=CARTESIAN_POINT('',(-2.0675,-0.0725,-4.2425));
#5298=CARTESIAN_POINT('Origin',(-2.0675,-0.5725,-4.2425));
#5299=CARTESIAN_POINT('',(-2.0675,-0.0725,-3.1));
#5300=CARTESIAN_POINT('',(-2.0675,0.5625,-4.2425));
#5301=CARTESIAN_POINT('',(-2.0675,0.5625,-4.2425));
#5302=CARTESIAN_POINT('',(-2.0675,-0.5725,-5.3775));
#5303=CARTESIAN_POINT('Origin',(-2.0675,-0.5725,-4.2425));
#5304=CARTESIAN_POINT('',(-2.0675,-5.375,-5.3775));
#5305=CARTESIAN_POINT('Origin',(-1.9675,0.245,6.));
#5306=CARTESIAN_POINT('',(-1.8675,0.1275,6.4));
#5307=CARTESIAN_POINT('',(-1.8675,0.1275,6.4));
#5308=CARTESIAN_POINT('',(-1.8675,0.3625,6.4));
#5309=CARTESIAN_POINT('',(-1.8675,0.1275,6.4));
#5310=CARTESIAN_POINT('',(-2.0675,0.5625,5.6));
#5311=CARTESIAN_POINT('Origin',(-1.75,0.0275,6.));
#5312=CARTESIAN_POINT('',(-1.4325,-0.0725,5.6));
#5313=CARTESIAN_POINT('',(-1.4325,-0.0725,5.6));
#5314=CARTESIAN_POINT('',(-1.6325,0.1275,6.4));
#5315=CARTESIAN_POINT('',(-1.4325,-0.0725,5.6));
#5316=CARTESIAN_POINT('',(-1.6325,0.1275,6.4));
#5317=CARTESIAN_POINT('Origin',(-2.0675,0.5625,6.4));
#5318=CARTESIAN_POINT('',(-1.6325,0.3625,6.4));
#5319=CARTESIAN_POINT('',(-1.6325,0.3625,6.4));
#5320=CARTESIAN_POINT('',(-1.6325,0.3625,6.4));
#5321=CARTESIAN_POINT('Origin',(-1.75,0.4625,6.));
#5322=CARTESIAN_POINT('',(-1.4325,0.5625,5.6));
#5323=CARTESIAN_POINT('',(-1.6325,0.3625,6.4));
#5324=CARTESIAN_POINT('',(-1.4325,0.5625,5.6));
#5325=CARTESIAN_POINT('Origin',(-2.0675,0.5625,-4.2425));
#5326=CARTESIAN_POINT('',(-1.4325,0.5625,-4.2425));
#5327=CARTESIAN_POINT('',(-1.4325,0.5625,-4.2425));
#5328=CARTESIAN_POINT('',(-2.0675,0.5625,-4.2425));
#5329=CARTESIAN_POINT('Origin',(-2.0675,0.5625,-4.2425));
#5330=CARTESIAN_POINT('',(-1.4325,0.5625,0.));
#5331=CARTESIAN_POINT('',(-1.4325,0.5625,0.));
#5332=CARTESIAN_POINT('',(-2.0675,0.5625,0.));
#5333=CARTESIAN_POINT('Origin',(-2.0675,-0.5725,-4.2425));
#5334=CARTESIAN_POINT('',(-1.4325,-0.5725,-5.3775));
#5335=CARTESIAN_POINT('Origin',(-1.4325,-0.5725,-4.2425));
#5336=CARTESIAN_POINT('',(-2.0675,-0.5725,-5.3775));
#5337=CARTESIAN_POINT('Origin',(-2.0675,-6.175,-5.3775));
#5338=CARTESIAN_POINT('',(-1.4325,-5.375,-5.3775));
#5339=CARTESIAN_POINT('',(-1.4325,-5.375,-5.3775));
#5340=CARTESIAN_POINT('',(-1.4325,-5.375,-5.3775));
#5341=CARTESIAN_POINT('Origin',(-1.75,-5.775,-5.2775));
#5342=CARTESIAN_POINT('',(-1.8675,-6.175,-5.1775));
#5343=CARTESIAN_POINT('',(-1.8675,-6.175,-5.1775));
#5344=CARTESIAN_POINT('',(-1.6325,-6.175,-5.1775));
#5345=CARTESIAN_POINT('',(-1.4325,-5.375,-5.3775));
#5346=CARTESIAN_POINT('',(-1.6325,-6.175,-5.1775));
#5347=CARTESIAN_POINT('Origin',(-1.9675,-5.775,-5.06));
#5348=CARTESIAN_POINT('',(-1.8675,-6.175,-4.9425));
#5349=CARTESIAN_POINT('',(-1.8675,-6.175,-5.1775));
#5350=CARTESIAN_POINT('',(-1.8675,-6.175,-4.9425));
#5351=CARTESIAN_POINT('Origin',(-1.75,-5.775,-4.8425));
#5352=CARTESIAN_POINT('',(-1.4325,-5.375,-4.7425));
#5353=CARTESIAN_POINT('',(-1.4325,-5.375,-4.7425));
#5354=CARTESIAN_POINT('',(-1.6325,-6.175,-4.9425));
#5355=CARTESIAN_POINT('',(-1.6325,-6.175,-4.9425));
#5356=CARTESIAN_POINT('',(-1.6325,-6.175,-4.9425));
#5357=CARTESIAN_POINT('Origin',(-2.0675,-0.5725,-4.7425));
#5358=CARTESIAN_POINT('',(-1.4325,-0.5725,-4.7425));
#5359=CARTESIAN_POINT('',(-1.4325,-0.5725,-4.7425));
#5360=CARTESIAN_POINT('',(-2.0675,-0.5725,-4.7425));
#5361=CARTESIAN_POINT('Origin',(-2.0675,-0.5725,-4.2425));
#5362=CARTESIAN_POINT('',(-1.4325,-0.0725,-4.2425));
#5363=CARTESIAN_POINT('Origin',(-1.4325,-0.5725,-4.2425));
#5364=CARTESIAN_POINT('',(-2.0675,-0.0725,-4.2425));
#5365=CARTESIAN_POINT('Origin',(-2.0675,-0.0725,6.4));
#5366=CARTESIAN_POINT('',(-1.4325,-0.0725,-3.1));
#5367=CARTESIAN_POINT('Origin',(-2.0675,-0.0725,6.4));
#5368=CARTESIAN_POINT('',(-1.4325,-0.0725,0.));
#5369=CARTESIAN_POINT('',(-2.0675,-0.0725,0.));
#5370=CARTESIAN_POINT('',(-1.4325,-0.0725,5.6));
#5371=CARTESIAN_POINT('Origin',(-1.4325,0.,0.));
#5372=CARTESIAN_POINT('',(-1.4325,0.5625,5.6));
#5373=CARTESIAN_POINT('',(-1.4325,-0.0725,0.));
#5374=CARTESIAN_POINT('Origin',(-1.4325,0.,0.));
#5375=CARTESIAN_POINT('',(-1.4325,-5.375,-4.7425));
#5376=CARTESIAN_POINT('Origin',(-1.5325,0.245,6.));
#5377=CARTESIAN_POINT('Origin',(0.,0.,0.));
#5378=CARTESIAN_POINT('',(-3.27,-1.275,0.));
#5379=CARTESIAN_POINT('',(-3.27,1.765,0.));
#5380=CARTESIAN_POINT('',(-3.27,-1.275,0.));
#5381=CARTESIAN_POINT('',(-0.23,-1.275,0.));
#5382=CARTESIAN_POINT('',(-0.23,-1.275,0.));
#5383=CARTESIAN_POINT('',(-0.23,1.765,0.));
#5384=CARTESIAN_POINT('',(-0.23,1.765,0.));
#5385=CARTESIAN_POINT('',(-3.27,1.765,0.));
#5386=CARTESIAN_POINT('Origin',(-3.27,1.765,0.));
#5387=CARTESIAN_POINT('',(-3.340687629105,-1.345687629105,8.1));
#5388=CARTESIAN_POINT('',(-3.340687629105,1.835687629105,8.1));
#5389=CARTESIAN_POINT('Origin',(-0.23,1.765,0.));
#5390=CARTESIAN_POINT('',(-2.95,1.803398218279,4.4));
#5391=CARTESIAN_POINT('',(-2.95,1.803398218279,4.4));
#5392=CARTESIAN_POINT('',(-0.1933471552788,1.801652844721,4.2));
#5393=CARTESIAN_POINT('',(-0.1933471552788,1.801652844721,4.2));
#5394=CARTESIAN_POINT('',(-2.75,1.801652844721,4.2));
#5395=CARTESIAN_POINT('',(-2.75,1.801652844721,4.2));
#5396=CARTESIAN_POINT('Origin',(-2.7499961920589,1.80339818505045,4.39999619240894));
#5397=CARTESIAN_POINT('Origin',(-2.95,0.,0.));
#5398=CARTESIAN_POINT('',(-2.95,4.672857404561,4.4));
#5399=CARTESIAN_POINT('',(-2.95,4.672857404561,4.4));
#5400=CARTESIAN_POINT('',(-2.95,4.773328039495,10.15595882038));
#5401=CARTESIAN_POINT('',(-2.95,4.773328039495,10.15595882038));
#5402=CARTESIAN_POINT('',(-2.95,3.21369086913,9.428688063897));
#5403=CARTESIAN_POINT('',(-2.95,4.773328039495,10.15595882038));
#5404=CARTESIAN_POINT('',(-2.95,2.925,8.975534170379));
#5405=CARTESIAN_POINT('Origin',(-2.95,3.425,8.975534170379));
#5406=CARTESIAN_POINT('',(-2.95,2.925,8.23));
#5407=CARTESIAN_POINT('',(-2.95,2.925,8.975534170379));
#5408=CARTESIAN_POINT('Origin',(-2.95,2.795,8.23));
#5409=CARTESIAN_POINT('Origin',(-2.75,21.836776,4.4));
#5410=CARTESIAN_POINT('',(-2.75,4.672857404561,4.2));
#5411=CARTESIAN_POINT('',(-2.75,4.672857404561,4.2));
#5412=CARTESIAN_POINT('Origin',(-2.75,4.672857404561,4.4));
#5413=CARTESIAN_POINT('Origin',(-2.75,4.672857404561,4.4));
#5414=CARTESIAN_POINT('',(-2.75,4.872826943592,4.396509518713));
#5415=CARTESIAN_POINT('Origin',(-2.75,4.672857404561,4.4));
#5416=CARTESIAN_POINT('Origin',(-2.75,4.672857404561,4.4));
#5417=CARTESIAN_POINT('Origin',(-2.75,5.134376523399,30.84041261007));
#5418=CARTESIAN_POINT('',(-2.75,4.975,10.25));
#5419=CARTESIAN_POINT('',(-2.75,4.975,10.25));
#5420=CARTESIAN_POINT('Origin',(-2.75,4.77332803949535,10.1559588203816));
#5421=CARTESIAN_POINT('Origin',(-2.95,4.869396857184,4.2));
#5422=CARTESIAN_POINT('',(-1.155,4.872826943592,4.396509518713));
#5423=CARTESIAN_POINT('',(-1.155,4.872826943592,4.396509518713));
#5424=CARTESIAN_POINT('',(-1.155,4.954926675333,9.1));
#5425=CARTESIAN_POINT('',(-1.155,4.872826943592,4.396509518713));
#5426=CARTESIAN_POINT('',(1.155,4.954926675333,9.1));
#5427=CARTESIAN_POINT('',(-1.155,4.954926675333,9.1));
#5428=CARTESIAN_POINT('',(1.155,4.872826943592,4.396509518713));
#5429=CARTESIAN_POINT('',(1.155,4.872826943592,4.396509518713));
#5430=CARTESIAN_POINT('',(2.75,4.872826943592,4.396509518713));
#5431=CARTESIAN_POINT('',(2.75,4.872826943592,4.396509518713));
#5432=CARTESIAN_POINT('',(2.75,4.975,10.25));
#5433=CARTESIAN_POINT('',(2.75,4.872826943592,4.396509518713));
#5434=CARTESIAN_POINT('',(-2.75,4.975,10.25));
#5435=CARTESIAN_POINT('Origin',(18.57708,4.672857404561,4.4));
#5436=CARTESIAN_POINT('',(-1.15492137724558,4.67392865099423,4.20007761152307));
#5437=CARTESIAN_POINT('',(-1.154915161555,4.673928702281,4.200083880373));
#5438=CARTESIAN_POINT('Origin',(-1.155,4.672857404561,4.4));
#5439=CARTESIAN_POINT('Origin',(-2.95,1.729396857184,4.2));
#5440=CARTESIAN_POINT('',(0.955,4.475,4.2));
#5441=CARTESIAN_POINT('',(-0.955,4.475,4.2));
#5442=CARTESIAN_POINT('',(0.955,4.475,4.2));
#5443=CARTESIAN_POINT('Origin',(-0.955,4.675,4.2));
#5444=CARTESIAN_POINT('',(-0.1933471552788,1.729396857184,4.2));
#5445=CARTESIAN_POINT('',(-0.1933471552788,1.729396857184,4.2));
#5446=CARTESIAN_POINT('',(0.1933471552788,1.729396857184,4.2));
#5447=CARTESIAN_POINT('',(-0.1933471552788,1.729396857184,4.2));
#5448=CARTESIAN_POINT('',(0.1933471552788,1.801652844721,4.2));
#5449=CARTESIAN_POINT('',(0.1933471552788,1.729396857184,4.2));
#5450=CARTESIAN_POINT('',(2.75,1.801652844721,4.2));
#5451=CARTESIAN_POINT('',(0.1933471552788,1.801652844721,4.2));
#5452=CARTESIAN_POINT('',(2.75,4.672857404561,4.2));
#5453=CARTESIAN_POINT('',(2.75,1.801652844721,4.2));
#5454=CARTESIAN_POINT('',(1.15492134999885,4.67392876140107,4.20007763939346));
#5455=CARTESIAN_POINT('',(2.75,4.672857404561,4.2));
#5456=CARTESIAN_POINT('Origin',(0.955,4.675,4.2));
#5457=CARTESIAN_POINT('Origin',(-3.9,4.475,0.));
#5458=CARTESIAN_POINT('',(0.955,4.475,2.85));
#5459=CARTESIAN_POINT('',(0.955,4.475,2.85));
#5460=CARTESIAN_POINT('',(-0.955,4.475,2.85));
#5461=CARTESIAN_POINT('',(0.955,4.475,2.85));
#5462=CARTESIAN_POINT('',(-0.955,4.475,4.2));
#5463=CARTESIAN_POINT('Origin',(0.955,4.675,-26.13545143338));
#5464=CARTESIAN_POINT('',(1.155,4.675,2.85));
#5465=CARTESIAN_POINT('',(1.155,4.675,2.85));
#5466=CARTESIAN_POINT('Origin',(0.955,4.675,2.85));
#5467=CARTESIAN_POINT('Origin',(-3.9,0.245,2.85));
#5468=CARTESIAN_POINT('',(-3.9,5.235,2.85));
#5469=CARTESIAN_POINT('',(-3.15,5.985,2.85));
#5470=CARTESIAN_POINT('Origin',(-3.15,5.235,2.85));
#5471=CARTESIAN_POINT('',(-1.155,5.985,2.85));
#5472=CARTESIAN_POINT('',(-3.15,5.985,2.85));
#5473=CARTESIAN_POINT('',(-1.155,4.675,2.85));
#5474=CARTESIAN_POINT('',(-1.155,5.985,2.85));
#5475=CARTESIAN_POINT('Origin',(-0.955,4.675,2.85));
#5476=CARTESIAN_POINT('',(1.155,5.985,2.85));
#5477=CARTESIAN_POINT('',(1.155,5.985,2.85));
#5478=CARTESIAN_POINT('',(3.15,5.985,2.85));
#5479=CARTESIAN_POINT('',(1.155,5.985,2.85));
#5480=CARTESIAN_POINT('',(3.9,5.235,2.85));
#5481=CARTESIAN_POINT('Origin',(3.15,5.235,2.85));
#5482=CARTESIAN_POINT('',(3.9,2.675,2.85));
#5483=CARTESIAN_POINT('',(3.9,2.675,2.85));
#5484=CARTESIAN_POINT('',(-3.9,2.675,2.85));
#5485=CARTESIAN_POINT('',(-3.9,2.675,2.85));
#5486=CARTESIAN_POINT('',(-3.9,2.675,2.85));
#5487=CARTESIAN_POINT('Origin',(-3.15,5.235,30.84041261007));
#5488=CARTESIAN_POINT('',(-3.9,5.235,10.25));
#5489=CARTESIAN_POINT('',(-3.9,5.235,10.25));
#5490=CARTESIAN_POINT('',(-3.15,5.985,10.25));
#5491=CARTESIAN_POINT('Origin',(-3.15,5.235,10.25));
#5492=CARTESIAN_POINT('',(-3.15,5.985,10.25));
#5493=CARTESIAN_POINT('Origin',(-3.9,5.985,2.85));
#5494=CARTESIAN_POINT('',(3.15,5.985,10.25));
#5495=CARTESIAN_POINT('',(-3.15,5.985,10.25));
#5496=CARTESIAN_POINT('',(3.15,5.985,2.85));
#5497=CARTESIAN_POINT('',(1.155,5.985,9.1));
#5498=CARTESIAN_POINT('',(1.155,5.985,2.85));
#5499=CARTESIAN_POINT('',(-1.155,5.985,9.1));
#5500=CARTESIAN_POINT('',(-1.155,5.985,9.1));
#5501=CARTESIAN_POINT('',(-1.155,5.985,2.85));
#5502=CARTESIAN_POINT('Origin',(-1.155,5.985,2.85));
#5503=CARTESIAN_POINT('',(-1.154915161555,4.673928702281,4.200083880373));
#5504=CARTESIAN_POINT('',(-1.155,5.985,9.1));
#5505=CARTESIAN_POINT('Origin',(-0.955,4.675,30.84041261007));
#5506=CARTESIAN_POINT('Origin',(-1.155,5.985,9.1));
#5507=CARTESIAN_POINT('',(1.155,5.985,9.1));
#5508=CARTESIAN_POINT('Origin',(1.155,5.985,9.1));
#5509=CARTESIAN_POINT('Origin',(1.155,4.672857404561,4.4));
#5510=CARTESIAN_POINT('Origin',(18.57708,4.672857404561,4.4));
#5511=CARTESIAN_POINT('Origin',(2.75,4.672857404561,4.4));
#5512=CARTESIAN_POINT('Origin',(2.75,4.672857404561,4.4));
#5513=CARTESIAN_POINT('',(2.95,4.672857404561,4.4));
#5514=CARTESIAN_POINT('Origin',(2.75,4.672857404561,4.4));
#5515=CARTESIAN_POINT('Origin',(2.75,4.672857404561,4.4));
#5516=CARTESIAN_POINT('Origin',(2.75,4.139859117179,-26.13545143338));
#5517=CARTESIAN_POINT('',(2.95,4.773328039495,10.15595882038));
#5518=CARTESIAN_POINT('',(2.95,4.672857404561,4.4));
#5519=CARTESIAN_POINT('Origin',(2.75,4.77332803949485,10.1559588203813));
#5520=CARTESIAN_POINT('Origin',(2.95,0.,0.));
#5521=CARTESIAN_POINT('',(2.95,1.803398218279,4.4));
#5522=CARTESIAN_POINT('',(2.95,1.803398218279,4.4));
#5523=CARTESIAN_POINT('',(2.95,1.803398218279,4.4));
#5524=CARTESIAN_POINT('',(2.95,2.925,8.23));
#5525=CARTESIAN_POINT('Origin',(2.95,2.795,8.23));
#5526=CARTESIAN_POINT('',(2.95,2.925,8.975534170379));
#5527=CARTESIAN_POINT('',(2.95,2.925,8.975534170379));
#5528=CARTESIAN_POINT('',(2.95,3.21369086913,9.428688063897));
#5529=CARTESIAN_POINT('Origin',(2.95,3.425,8.975534170379));
#5530=CARTESIAN_POINT('',(2.95,4.773328039495,10.15595882038));
#5531=CARTESIAN_POINT('Origin',(-3.9,4.975,10.25));
#5532=CARTESIAN_POINT('',(-3.9,4.975,10.25));
#5533=CARTESIAN_POINT('',(-3.9,4.975,10.25));
#5534=CARTESIAN_POINT('',(-3.9,3.21369086913,9.428688063897));
#5535=CARTESIAN_POINT('',(-3.9,4.975,10.25));
#5536=CARTESIAN_POINT('',(-3.9,3.21369086913,9.428688063897));
#5537=CARTESIAN_POINT('Origin',(-3.9,4.975,10.25));
#5538=CARTESIAN_POINT('',(3.9,3.21369086913,9.428688063897));
#5539=CARTESIAN_POINT('',(2.95,3.21369086913,9.428688063897));
#5540=CARTESIAN_POINT('',(3.9,4.975,10.25));
#5541=CARTESIAN_POINT('',(3.9,4.975,10.25));
#5542=CARTESIAN_POINT('',(2.75,4.975,10.25));
#5543=CARTESIAN_POINT('Origin',(-3.9,5.985,10.25));
#5544=CARTESIAN_POINT('',(-3.9,5.235,10.25));
#5545=CARTESIAN_POINT('',(3.9,5.235,10.25));
#5546=CARTESIAN_POINT('',(3.9,5.235,10.25));
#5547=CARTESIAN_POINT('Origin',(3.15,5.235,10.25));
#5548=CARTESIAN_POINT('Origin',(3.15,5.235,-26.13545143338));
#5549=CARTESIAN_POINT('',(3.9,5.235,2.85));
#5550=CARTESIAN_POINT('Origin',(3.9,0.,0.));
#5551=CARTESIAN_POINT('',(3.9,2.925,8.975534170379));
#5552=CARTESIAN_POINT('Origin',(3.9,3.425,8.975534170379));
#5553=CARTESIAN_POINT('',(3.9,2.925,8.23));
#5554=CARTESIAN_POINT('',(3.9,2.925,8.975534170379));
#5555=CARTESIAN_POINT('Origin',(3.9,2.795,8.23));
#5556=CARTESIAN_POINT('',(3.9,2.675,8.1));
#5557=CARTESIAN_POINT('Origin',(0.,2.675,0.));
#5558=CARTESIAN_POINT('',(-3.9,2.675,8.1));
#5559=CARTESIAN_POINT('',(4.95,2.675,8.1));
#5560=CARTESIAN_POINT('Origin',(4.95,2.475,30.84041261007));
#5561=CARTESIAN_POINT('Origin',(-3.9,0.,0.));
#5562=CARTESIAN_POINT('',(-3.9,2.925,8.23));
#5563=CARTESIAN_POINT('Origin',(-3.9,2.795,8.23));
#5564=CARTESIAN_POINT('',(-3.9,2.925,8.975534170379));
#5565=CARTESIAN_POINT('',(-3.9,2.925,8.975534170379));
#5566=CARTESIAN_POINT('Origin',(-3.9,3.425,8.975534170379));
#5567=CARTESIAN_POINT('Origin',(-3.9,3.425,8.975534170379));
#5568=CARTESIAN_POINT('',(-3.9,2.925,8.975534170379));
#5569=CARTESIAN_POINT('Origin',(-3.9,3.425,8.975534170379));
#5570=CARTESIAN_POINT('',(2.95,2.925,8.975534170379));
#5571=CARTESIAN_POINT('Origin',(-3.9,2.925,8.975534170379));
#5572=CARTESIAN_POINT('',(-3.9,2.925,8.23));
#5573=CARTESIAN_POINT('Origin',(-3.9,2.925,8.975534170379));
#5574=CARTESIAN_POINT('',(2.95,2.925,8.23));
#5575=CARTESIAN_POINT('Origin',(-3.9,2.795,8.23));
#5576=CARTESIAN_POINT('Origin',(-3.9,2.795,8.23));
#5577=CARTESIAN_POINT('Origin',(3.27,1.765,0.));
#5578=CARTESIAN_POINT('',(0.23,1.765,0.));
#5579=CARTESIAN_POINT('',(0.1933471552788,1.801652844721,4.2));
#5580=CARTESIAN_POINT('',(3.27,1.765,0.));
#5581=CARTESIAN_POINT('',(0.23,1.765,0.));
#5582=CARTESIAN_POINT('',(3.340687629105,1.835687629105,8.1));
#5583=CARTESIAN_POINT('Origin',(2.7499961920589,1.80339818505045,4.39999619240894));
#5584=CARTESIAN_POINT('Origin',(2.75,-22.026776,4.4));
#5585=CARTESIAN_POINT('Origin',(3.27,-1.935,0.));
#5586=CARTESIAN_POINT('',(3.27,-1.935,0.));
#5587=CARTESIAN_POINT('',(3.27,-1.935,0.));
#5588=CARTESIAN_POINT('',(3.27,-1.935,0.));
#5589=CARTESIAN_POINT('Origin',(0.,0.,0.));
#5590=CARTESIAN_POINT('',(2.23,-1.275,0.));
#5591=CARTESIAN_POINT('',(2.23,-1.935,0.));
#5592=CARTESIAN_POINT('',(2.23,-1.275,0.));
#5593=CARTESIAN_POINT('',(2.23,-1.935,0.));
#5594=CARTESIAN_POINT('',(0.23,-1.275,0.));
#5595=CARTESIAN_POINT('',(0.23,-1.275,0.));
#5596=CARTESIAN_POINT('',(2.23,-1.275,0.));
#5597=CARTESIAN_POINT('',(1.4325,-0.0725,0.));
#5598=CARTESIAN_POINT('',(1.4325,0.5625,0.));
#5599=CARTESIAN_POINT('',(1.4325,-0.0725,0.));
#5600=CARTESIAN_POINT('',(2.0675,0.5625,0.));
#5601=CARTESIAN_POINT('',(1.4325,0.5625,0.));
#5602=CARTESIAN_POINT('',(2.0675,-0.0725,0.));
#5603=CARTESIAN_POINT('',(2.0675,-0.0725,0.));
#5604=CARTESIAN_POINT('',(1.4325,-0.0725,0.));
#5605=CARTESIAN_POINT('Origin',(2.23,-0.895,0.));
#5606=CARTESIAN_POINT('',(2.23,-1.275,0.));
#5607=CARTESIAN_POINT('',(2.159312370895,-2.005687629105,8.1));
#5608=CARTESIAN_POINT('Origin',(2.23,-1.935,0.));
#5609=CARTESIAN_POINT('Origin',(0.23,-1.275,0.));
#5610=CARTESIAN_POINT('',(0.1593123708949,-1.345687629105,8.1));
#5611=CARTESIAN_POINT('Origin',(0.23,1.765,0.));
#5612=CARTESIAN_POINT('',(0.1933471552788,1.729396857184,4.2));
#5613=CARTESIAN_POINT('Origin',(-2.95,1.729396857184,10.25));
#5614=CARTESIAN_POINT('',(-0.1593123708949,1.729396857184,8.1));
#5615=CARTESIAN_POINT('Origin',(-0.23,-1.275,0.));
#5616=CARTESIAN_POINT('',(-0.1593123708949,-1.345687629105,8.1));
#5617=CARTESIAN_POINT('Origin',(-3.27,-1.275,0.));
#5618=CARTESIAN_POINT('Origin',(1.4325,0.,0.));
#5619=CARTESIAN_POINT('',(1.4325,-0.0725,5.6));
#5620=CARTESIAN_POINT('',(1.4325,0.5625,5.6));
#5621=CARTESIAN_POINT('',(1.4325,-0.0725,5.6));
#5622=CARTESIAN_POINT('',(1.4325,0.5625,0.));
#5623=CARTESIAN_POINT('',(1.4325,-0.0725,5.6));
#5624=CARTESIAN_POINT('Origin',(1.4325,0.,0.));
#5625=CARTESIAN_POINT('',(1.4325,-5.375,-5.3775));
#5626=CARTESIAN_POINT('',(1.4325,-5.375,-4.7425));
#5627=CARTESIAN_POINT('',(1.4325,-5.375,-5.3775));
#5628=CARTESIAN_POINT('',(1.4325,-0.5725,-4.7425));
#5629=CARTESIAN_POINT('',(1.4325,-0.5725,-4.7425));
#5630=CARTESIAN_POINT('',(1.4325,-0.0725,-4.2425));
#5631=CARTESIAN_POINT('Origin',(1.4325,-0.5725,-4.2425));
#5632=CARTESIAN_POINT('',(1.4325,-0.0725,-3.1));
#5633=CARTESIAN_POINT('',(1.4325,0.5625,-4.2425));
#5634=CARTESIAN_POINT('',(1.4325,0.5625,-4.2425));
#5635=CARTESIAN_POINT('',(1.4325,-0.5725,-5.3775));
#5636=CARTESIAN_POINT('Origin',(1.4325,-0.5725,-4.2425));
#5637=CARTESIAN_POINT('',(1.4325,-5.375,-5.3775));
#5638=CARTESIAN_POINT('Origin',(1.5325,0.245,6.));
#5639=CARTESIAN_POINT('',(1.6325,0.1275,6.4));
#5640=CARTESIAN_POINT('',(1.6325,0.3625,6.4));
#5641=CARTESIAN_POINT('',(1.6325,0.1275,6.4));
#5642=CARTESIAN_POINT('',(1.4325,0.5625,5.6));
#5643=CARTESIAN_POINT('',(1.6325,0.1275,6.4));
#5644=CARTESIAN_POINT('Origin',(1.4325,0.5625,6.4));
#5645=CARTESIAN_POINT('',(1.8675,0.3625,6.4));
#5646=CARTESIAN_POINT('',(1.8675,0.3625,6.4));
#5647=CARTESIAN_POINT('',(1.8675,0.1275,6.4));
#5648=CARTESIAN_POINT('',(1.8675,0.1275,6.4));
#5649=CARTESIAN_POINT('',(1.8675,0.3625,6.4));
#5650=CARTESIAN_POINT('Origin',(1.75,0.4625,6.));
#5651=CARTESIAN_POINT('',(2.0675,0.5625,5.6));
#5652=CARTESIAN_POINT('',(1.8675,0.3625,6.4));
#5653=CARTESIAN_POINT('',(2.0675,0.5625,5.6));
#5654=CARTESIAN_POINT('Origin',(1.4325,0.5625,-4.2425));
#5655=CARTESIAN_POINT('',(2.0675,0.5625,-4.2425));
#5656=CARTESIAN_POINT('',(2.0675,0.5625,-4.2425));
#5657=CARTESIAN_POINT('',(1.4325,0.5625,-4.2425));
#5658=CARTESIAN_POINT('Origin',(1.4325,0.5625,-4.2425));
#5659=CARTESIAN_POINT('',(2.0675,0.5625,0.));
#5660=CARTESIAN_POINT('Origin',(1.4325,-0.5725,-4.2425));
#5661=CARTESIAN_POINT('',(2.0675,-0.5725,-5.3775));
#5662=CARTESIAN_POINT('Origin',(2.0675,-0.5725,-4.2425));
#5663=CARTESIAN_POINT('',(1.4325,-0.5725,-5.3775));
#5664=CARTESIAN_POINT('Origin',(1.4325,-6.175,-5.3775));
#5665=CARTESIAN_POINT('',(2.0675,-5.375,-5.3775));
#5666=CARTESIAN_POINT('',(2.0675,-5.375,-5.3775));
#5667=CARTESIAN_POINT('',(2.0675,-5.375,-5.3775));
#5668=CARTESIAN_POINT('Origin',(1.75,-5.775,-5.2775));
#5669=CARTESIAN_POINT('',(1.8675,-6.175,-5.1775));
#5670=CARTESIAN_POINT('',(2.0675,-5.375,-5.3775));
#5671=CARTESIAN_POINT('',(1.6325,-6.175,-5.1775));
#5672=CARTESIAN_POINT('',(1.8675,-6.175,-5.1775));
#5673=CARTESIAN_POINT('',(1.6325,-6.175,-5.1775));
#5674=CARTESIAN_POINT('Origin',(1.5325,-5.775,-5.06));
#5675=CARTESIAN_POINT('',(1.6325,-6.175,-4.9425));
#5676=CARTESIAN_POINT('',(1.6325,-6.175,-5.1775));
#5677=CARTESIAN_POINT('',(1.6325,-6.175,-4.9425));
#5678=CARTESIAN_POINT('Origin',(1.75,-5.775,-4.8425));
#5679=CARTESIAN_POINT('',(2.0675,-5.375,-4.7425));
#5680=CARTESIAN_POINT('',(2.0675,-5.375,-4.7425));
#5681=CARTESIAN_POINT('',(1.8675,-6.175,-4.9425));
#5682=CARTESIAN_POINT('',(1.8675,-6.175,-4.9425));
#5683=CARTESIAN_POINT('',(1.8675,-6.175,-4.9425));
#5684=CARTESIAN_POINT('Origin',(1.4325,-0.5725,-4.7425));
#5685=CARTESIAN_POINT('',(2.0675,-0.5725,-4.7425));
#5686=CARTESIAN_POINT('',(2.0675,-0.5725,-4.7425));
#5687=CARTESIAN_POINT('',(1.4325,-0.5725,-4.7425));
#5688=CARTESIAN_POINT('Origin',(1.4325,-0.5725,-4.2425));
#5689=CARTESIAN_POINT('',(2.0675,-0.0725,-4.2425));
#5690=CARTESIAN_POINT('Origin',(2.0675,-0.5725,-4.2425));
#5691=CARTESIAN_POINT('',(1.4325,-0.0725,-4.2425));
#5692=CARTESIAN_POINT('Origin',(1.4325,-0.0725,6.4));
#5693=CARTESIAN_POINT('',(2.0675,-0.0725,-3.1));
#5694=CARTESIAN_POINT('Origin',(1.4325,-0.0725,6.4));
#5695=CARTESIAN_POINT('',(2.0675,-0.0725,5.6));
#5696=CARTESIAN_POINT('',(2.0675,-0.0725,5.6));
#5697=CARTESIAN_POINT('',(2.0675,-0.0725,5.6));
#5698=CARTESIAN_POINT('Origin',(2.0675,0.,0.));
#5699=CARTESIAN_POINT('',(2.0675,0.5625,5.6));
#5700=CARTESIAN_POINT('Origin',(2.0675,0.,0.));
#5701=CARTESIAN_POINT('',(2.0675,-5.375,-4.7425));
#5702=CARTESIAN_POINT('Origin',(1.9675,0.245,6.));
#5703=CARTESIAN_POINT('',(2.0675,-0.0725,5.6));
#5704=CARTESIAN_POINT('Origin',(1.75,0.0275,6.));
#5705=CARTESIAN_POINT('Origin',(1.9675,-5.775,-5.06));
#5706=CARTESIAN_POINT('',(1.8675,-6.175,-4.9425));
#5707=CARTESIAN_POINT('Origin',(1.4325,-6.175,-4.7425));
#5708=CARTESIAN_POINT('Origin',(-1.5325,-5.775,-5.06));
#5709=CARTESIAN_POINT('',(-1.6325,-6.175,-4.9425));
#5710=CARTESIAN_POINT('Origin',(-2.0675,-6.175,-4.7425));
#5711=CARTESIAN_POINT('Origin',(-5.15,-0.5,8.1));
#5712=CARTESIAN_POINT('',(-4.,-0.5,7.4));
#5713=CARTESIAN_POINT('',(-4.,-0.5,8.1));
#5714=CARTESIAN_POINT('',(-4.,-0.5,7.4));
#5715=CARTESIAN_POINT('Origin',(-4.,-1.75,7.4));
#5716=CARTESIAN_POINT('',(-4.,-0.33,7.4));
#5717=CARTESIAN_POINT('',(-4.,-0.5,7.4));
#5718=CARTESIAN_POINT('',(-4.,-0.33,7.4));
#5719=CARTESIAN_POINT('Origin',(-4.,-0.33,7.4));
#5720=CARTESIAN_POINT('',(-4.,-0.33,7.85));
#5721=CARTESIAN_POINT('',(-4.,-0.33,7.4));
#5722=CARTESIAN_POINT('',(-4.,-0.33,7.85));
#5723=CARTESIAN_POINT('Origin',(-4.,-0.5,8.1));
#5724=CARTESIAN_POINT('',(-4.,0.5,7.4));
#5725=CARTESIAN_POINT('',(-4.,0.5,8.1));
#5726=CARTESIAN_POINT('',(-4.,0.33,7.4));
#5727=CARTESIAN_POINT('',(-4.,0.33,7.4));
#5728=CARTESIAN_POINT('',(-4.,0.33,7.85));
#5729=CARTESIAN_POINT('',(-4.,0.33,7.85));
#5730=CARTESIAN_POINT('',(-4.,-0.33,7.85));
#5731=CARTESIAN_POINT('Origin',(-4.,-0.33,7.85));
#5732=CARTESIAN_POINT('',(-4.,0.33,7.85));
#5733=CARTESIAN_POINT('Origin',(-4.,0.33,7.85));
#5734=CARTESIAN_POINT('',(-4.,0.33,7.4));
#5735=CARTESIAN_POINT('Origin',(-4.,0.33,7.4));
#5736=CARTESIAN_POINT('',(-4.,0.5,7.4));
#5737=CARTESIAN_POINT('Origin',(-4.,0.5,8.1));
#5738=CARTESIAN_POINT('Origin',(5.15,0.5,8.1));
#5739=CARTESIAN_POINT('',(4.,0.5,7.4));
#5740=CARTESIAN_POINT('',(4.,0.5,8.1));
#5741=CARTESIAN_POINT('',(4.,0.5,7.4));
#5742=CARTESIAN_POINT('Origin',(4.,0.33,7.4));
#5743=CARTESIAN_POINT('',(4.,0.33,7.4));
#5744=CARTESIAN_POINT('',(4.,0.33,7.4));
#5745=CARTESIAN_POINT('',(4.,0.33,7.4));
#5746=CARTESIAN_POINT('Origin',(4.,0.33,7.85));
#5747=CARTESIAN_POINT('',(4.,0.33,7.85));
#5748=CARTESIAN_POINT('',(4.,0.33,7.85));
#5749=CARTESIAN_POINT('',(4.,0.33,7.85));
#5750=CARTESIAN_POINT('Origin',(4.,-0.33,7.85));
#5751=CARTESIAN_POINT('',(4.,-0.33,7.85));
#5752=CARTESIAN_POINT('',(4.,-0.33,7.85));
#5753=CARTESIAN_POINT('',(4.,-0.33,7.85));
#5754=CARTESIAN_POINT('Origin',(4.,-0.33,7.4));
#5755=CARTESIAN_POINT('',(4.,-0.33,7.4));
#5756=CARTESIAN_POINT('',(4.,-0.33,7.4));
#5757=CARTESIAN_POINT('',(4.,-0.33,7.4));
#5758=CARTESIAN_POINT('Origin',(4.,-1.75,7.4));
#5759=CARTESIAN_POINT('',(4.,-0.5,7.4));
#5760=CARTESIAN_POINT('',(4.,-0.5,7.4));
#5761=CARTESIAN_POINT('',(4.,-0.5,7.4));
#5762=CARTESIAN_POINT('Origin',(4.,-0.5,8.1));
#5763=CARTESIAN_POINT('',(4.,-0.5,8.1));
#5764=CARTESIAN_POINT('Origin',(4.,0.5,8.1));
#5765=CARTESIAN_POINT('Origin',(4.,0.,0.));
#5766=CARTESIAN_POINT('',(4.,-4.9,2.105));
#5767=CARTESIAN_POINT('',(4.,-2.675,2.105));
#5768=CARTESIAN_POINT('',(4.,-5.9,2.305));
#5769=CARTESIAN_POINT('',(4.,-4.9,2.105));
#5770=CARTESIAN_POINT('',(4.,-5.9,3.405));
#5771=CARTESIAN_POINT('',(4.,-5.9,2.305));
#5772=CARTESIAN_POINT('',(4.,-4.9,3.605));
#5773=CARTESIAN_POINT('',(4.,-5.9,3.405));
#5774=CARTESIAN_POINT('',(4.,-4.9,3.605));
#5775=CARTESIAN_POINT('Origin',(4.,0.,0.));
#5776=CARTESIAN_POINT('',(4.,1.,-2.342));
#5777=CARTESIAN_POINT('',(4.,1.,-3.095));
#5778=CARTESIAN_POINT('',(4.,-1.,-2.342));
#5779=CARTESIAN_POINT('',(4.,1.,-2.342));
#5780=CARTESIAN_POINT('',(4.,-1.,-3.095));
#5781=CARTESIAN_POINT('',(4.,-1.,-2.342));
#5782=CARTESIAN_POINT('',(4.,-2.5,-3.095));
#5783=CARTESIAN_POINT('',(4.,-1.,-3.095));
#5784=CARTESIAN_POINT('',(4.,-2.5,-3.095));
#5785=CARTESIAN_POINT('Origin',(4.,-2.5,2.105));
#5786=CARTESIAN_POINT('',(4.,-4.9,2.105));
#5787=CARTESIAN_POINT('Origin',(4.,-4.9,2.105));
#5788=CARTESIAN_POINT('',(4.,-5.9,2.305));
#5789=CARTESIAN_POINT('Origin',(4.,-5.9,2.305));
#5790=CARTESIAN_POINT('',(4.,-5.9,3.405));
#5791=CARTESIAN_POINT('Origin',(4.,-5.9,3.405));
#5792=CARTESIAN_POINT('',(4.,-4.9,3.605));
#5793=CARTESIAN_POINT('Origin',(4.,-4.9,3.605));
#5794=CARTESIAN_POINT('Origin',(4.,-2.5,-3.095));
#5795=CARTESIAN_POINT('',(4.,-2.5,-3.095));
#5796=CARTESIAN_POINT('Origin',(4.,-1.,-3.095));
#5797=CARTESIAN_POINT('',(4.,-1.,-3.095));
#5798=CARTESIAN_POINT('Origin',(4.,-1.,-2.342));
#5799=CARTESIAN_POINT('',(4.,-1.,-2.342));
#5800=CARTESIAN_POINT('Origin',(4.,1.,-2.342));
#5801=CARTESIAN_POINT('',(4.,1.,-2.342));
#5802=CARTESIAN_POINT('Origin',(4.,1.,-3.095));
#5803=CARTESIAN_POINT('Origin',(-0.32,-2.675,4.232606234616));
#5804=CARTESIAN_POINT('',(-0.32,-5.845,4.02));
#5805=CARTESIAN_POINT('',(-0.32,-2.675,4.02));
#5806=CARTESIAN_POINT('',(-0.32,-5.845,4.232606234616));
#5807=CARTESIAN_POINT('',(-0.32,-5.845,4.232606234616));
#5808=CARTESIAN_POINT('',(-0.32,-2.675,4.232606234616));
#5809=CARTESIAN_POINT('Origin',(-0.22,-2.675,4.232606234616));
#5810=CARTESIAN_POINT('',(-0.2357142857143,-5.845,4.331363822803));
#5811=CARTESIAN_POINT('Origin',(-0.22,-5.845,4.232606234616));
#5812=CARTESIAN_POINT('',(-0.2357142857143,-2.675,4.331363822803));
#5813=CARTESIAN_POINT('Origin',(0.,-2.675,2.85));
#5814=CARTESIAN_POINT('',(0.2357142857143,-5.845,4.331363822803));
#5815=CARTESIAN_POINT('Origin',(0.,-5.845,2.85));
#5816=CARTESIAN_POINT('',(0.2357142857143,-2.675,4.331363822803));
#5817=CARTESIAN_POINT('Origin',(0.22,-2.675,4.232606234616));
#5818=CARTESIAN_POINT('',(0.32,-5.845,4.232606234616));
#5819=CARTESIAN_POINT('Origin',(0.22,-5.845,4.232606234616));
#5820=CARTESIAN_POINT('',(0.32,-2.675,4.232606234616));
#5821=CARTESIAN_POINT('Origin',(0.32,-2.675,4.02));
#5822=CARTESIAN_POINT('',(0.32,-5.845,4.02));
#5823=CARTESIAN_POINT('',(0.32,-5.845,4.02));
#5824=CARTESIAN_POINT('',(0.32,-2.675,4.02));
#5825=CARTESIAN_POINT('Origin',(1.17,-2.675,4.02));
#5826=CARTESIAN_POINT('',(1.17,-5.845,3.17));
#5827=CARTESIAN_POINT('Origin',(1.17,-5.845,4.02));
#5828=CARTESIAN_POINT('',(1.17,-2.675,3.17));
#5829=CARTESIAN_POINT('Origin',(1.382606234616,-2.675,3.17));
#5830=CARTESIAN_POINT('',(1.382606234616,-5.845,3.17));
#5831=CARTESIAN_POINT('',(1.382606234616,-5.845,3.17));
#5832=CARTESIAN_POINT('',(1.382606234616,-2.675,3.17));
#5833=CARTESIAN_POINT('Origin',(1.382606234616,-2.675,3.07));
#5834=CARTESIAN_POINT('',(1.481363822803,-5.845,3.085714285714));
#5835=CARTESIAN_POINT('Origin',(1.382606234616,-5.845,3.07));
#5836=CARTESIAN_POINT('',(1.481363822803,-2.675,3.085714285714));
#5837=CARTESIAN_POINT('Origin',(0.,-2.675,2.85));
#5838=CARTESIAN_POINT('',(1.481363822803,-5.845,2.614285714286));
#5839=CARTESIAN_POINT('Origin',(0.,-5.845,2.85));
#5840=CARTESIAN_POINT('',(1.481363822803,-2.675,2.614285714286));
#5841=CARTESIAN_POINT('Origin',(1.382606234616,-2.675,2.63));
#5842=CARTESIAN_POINT('',(1.382606234616,-5.845,2.53));
#5843=CARTESIAN_POINT('Origin',(1.382606234616,-5.845,2.63));
#5844=CARTESIAN_POINT('',(1.382606234616,-2.675,2.53));
#5845=CARTESIAN_POINT('Origin',(1.17,-2.675,2.53));
#5846=CARTESIAN_POINT('',(1.17,-5.845,2.53));
#5847=CARTESIAN_POINT('',(1.17,-5.845,2.53));
#5848=CARTESIAN_POINT('',(1.17,-2.675,2.53));
#5849=CARTESIAN_POINT('Origin',(1.17,-2.675,1.68));
#5850=CARTESIAN_POINT('',(0.32,-5.845,1.68));
#5851=CARTESIAN_POINT('Origin',(1.17,-5.845,1.68));
#5852=CARTESIAN_POINT('',(0.32,-2.675,1.68));
#5853=CARTESIAN_POINT('Origin',(0.32,-2.675,1.467393765384));
#5854=CARTESIAN_POINT('',(0.32,-5.845,1.467393765384));
#5855=CARTESIAN_POINT('',(0.32,-5.845,1.467393765384));
#5856=CARTESIAN_POINT('',(0.32,-2.675,1.467393765384));
#5857=CARTESIAN_POINT('Origin',(0.22,-2.675,1.467393765384));
#5858=CARTESIAN_POINT('',(0.2357142857143,-5.845,1.368636177197));
#5859=CARTESIAN_POINT('Origin',(0.22,-5.845,1.467393765384));
#5860=CARTESIAN_POINT('',(0.2357142857143,-2.675,1.368636177197));
#5861=CARTESIAN_POINT('Origin',(0.,-2.675,2.85));
#5862=CARTESIAN_POINT('',(-0.2357142857143,-5.845,1.368636177197));
#5863=CARTESIAN_POINT('Origin',(0.,-5.845,2.85));
#5864=CARTESIAN_POINT('',(-0.2357142857143,-2.675,1.368636177197));
#5865=CARTESIAN_POINT('Origin',(-0.22,-2.675,1.467393765384));
#5866=CARTESIAN_POINT('',(-0.32,-5.845,1.467393765384));
#5867=CARTESIAN_POINT('Origin',(-0.22,-5.845,1.467393765384));
#5868=CARTESIAN_POINT('',(-0.32,-2.675,1.467393765384));
#5869=CARTESIAN_POINT('Origin',(-0.32,-2.675,1.68));
#5870=CARTESIAN_POINT('',(-0.32,-5.845,1.68));
#5871=CARTESIAN_POINT('',(-0.32,-5.845,1.68));
#5872=CARTESIAN_POINT('',(-0.32,-2.675,1.68));
#5873=CARTESIAN_POINT('Origin',(-1.17,-2.675,1.68));
#5874=CARTESIAN_POINT('',(-1.17,-5.845,2.53));
#5875=CARTESIAN_POINT('Origin',(-1.17,-5.845,1.68));
#5876=CARTESIAN_POINT('',(-1.17,-2.675,2.53));
#5877=CARTESIAN_POINT('Origin',(-1.382606234616,-2.675,2.53));
#5878=CARTESIAN_POINT('',(-1.382606234616,-5.845,2.53));
#5879=CARTESIAN_POINT('',(-1.382606234616,-5.845,2.53));
#5880=CARTESIAN_POINT('',(-1.382606234616,-2.675,2.53));
#5881=CARTESIAN_POINT('Origin',(-1.382606234616,-2.675,2.63));
#5882=CARTESIAN_POINT('',(-1.481363822803,-5.845,2.614285714286));
#5883=CARTESIAN_POINT('Origin',(-1.382606234616,-5.845,2.63));
#5884=CARTESIAN_POINT('',(-1.481363822803,-2.675,2.614285714286));
#5885=CARTESIAN_POINT('Origin',(0.,-2.675,2.85));
#5886=CARTESIAN_POINT('',(-1.481363822803,-5.845,3.085714285714));
#5887=CARTESIAN_POINT('Origin',(0.,-5.845,2.85));
#5888=CARTESIAN_POINT('',(-1.481363822803,-2.675,3.085714285714));
#5889=CARTESIAN_POINT('Origin',(-1.382606234616,-2.675,3.07));
#5890=CARTESIAN_POINT('',(-1.382606234616,-5.845,3.17));
#5891=CARTESIAN_POINT('Origin',(-1.382606234616,-5.845,3.07));
#5892=CARTESIAN_POINT('',(-1.382606234616,-2.675,3.17));
#5893=CARTESIAN_POINT('Origin',(-1.17,-2.675,3.17));
#5894=CARTESIAN_POINT('',(-1.17,-5.845,3.17));
#5895=CARTESIAN_POINT('',(-1.17,-5.845,3.17));
#5896=CARTESIAN_POINT('',(-1.17,-2.675,3.17));
#5897=CARTESIAN_POINT('Origin',(-1.17,-2.675,4.02));
#5898=CARTESIAN_POINT('Origin',(-1.17,-5.845,4.02));
#5899=CARTESIAN_POINT('Origin',(0.,-5.845,0.));
#5900=UNCERTAINTY_MEASURE_WITH_UNIT(LENGTH_MEASURE(0.01),#5904,
'DISTANCE_ACCURACY_VALUE',
'Maximum model space distance between geometric entities at asserted c
onnectivities');
#5901=UNCERTAINTY_MEASURE_WITH_UNIT(LENGTH_MEASURE(0.01),#5904,
'DISTANCE_ACCURACY_VALUE',
'Maximum model space distance between geometric entities at asserted c
onnectivities');
#5902=(
GEOMETRIC_REPRESENTATION_CONTEXT(3)
GLOBAL_UNCERTAINTY_ASSIGNED_CONTEXT((#5900))
GLOBAL_UNIT_ASSIGNED_CONTEXT((#5904,#5906,#5907))
REPRESENTATION_CONTEXT('','3D')
);
#5903=(
GEOMETRIC_REPRESENTATION_CONTEXT(3)
GLOBAL_UNCERTAINTY_ASSIGNED_CONTEXT((#5901))
GLOBAL_UNIT_ASSIGNED_CONTEXT((#5904,#5906,#5907))
REPRESENTATION_CONTEXT('','3D')
);
#5904=(
LENGTH_UNIT()
NAMED_UNIT(*)
SI_UNIT(.MILLI.,.METRE.)
);
#5905=(
LENGTH_UNIT()
NAMED_UNIT(*)
SI_UNIT($,.METRE.)
);
#5906=(
NAMED_UNIT(*)
PLANE_ANGLE_UNIT()
SI_UNIT($,.RADIAN.)
);
#5907=(
NAMED_UNIT(*)
SI_UNIT($,.STERADIAN.)
SOLID_ANGLE_UNIT()
);
#5908=SHAPE_DEFINITION_REPRESENTATION(#5909,#5910);
#5909=PRODUCT_DEFINITION_SHAPE('',$,#5912);
#5910=SHAPE_REPRESENTATION('',(#3634),#5902);
#5911=PRODUCT_DEFINITION_CONTEXT('part definition',#5916,'design');
#5912=PRODUCT_DEFINITION('1723104102',
'MOLEX_ULTRAFIT-RA-2POS_IN_1723104102 v1',#5913,#5911);
#5913=PRODUCT_DEFINITION_FORMATION('',$,#5918);
#5914=PRODUCT_RELATED_PRODUCT_CATEGORY(
'MOLEX_ULTRAFIT-RA-2POS_IN_1723104102 v1',
'MOLEX_ULTRAFIT-RA-2POS_IN_1723104102 v1',(#5918));
#5915=APPLICATION_PROTOCOL_DEFINITION('international standard',
'ap242_managed_model_based_3d_engineering',2011,#5916);
#5916=APPLICATION_CONTEXT('Managed model based 3d engineering');
#5917=PRODUCT_CONTEXT('part definition',#5916,'mechanical');
#5918=PRODUCT('1723104102','MOLEX_ULTRAFIT-RA-2POS_IN_1723104102 v1',$,
(#5917));
#5919=PRESENTATION_STYLE_ASSIGNMENT((#5921));
#5920=PRESENTATION_STYLE_ASSIGNMENT((#5922));
#5921=SURFACE_STYLE_USAGE(.BOTH.,#5923);
#5922=SURFACE_STYLE_USAGE(.BOTH.,#5924);
#5923=SURFACE_SIDE_STYLE('',(#5925));
#5924=SURFACE_SIDE_STYLE('',(#5926));
#5925=SURFACE_STYLE_FILL_AREA(#5927);
#5926=SURFACE_STYLE_FILL_AREA(#5928);
#5927=FILL_AREA_STYLE('Steel - Satin',(#5929));
#5928=FILL_AREA_STYLE('ABS (White)',(#5930));
#5929=FILL_AREA_STYLE_COLOUR('Steel - Satin',#5931);
#5930=FILL_AREA_STYLE_COLOUR('ABS (White)',#5932);
#5931=COLOUR_RGB('Steel - Satin',0.627450980392157,0.627450980392157,0.627450980392157);
#5932=COLOUR_RGB('ABS (White)',0.964705882352941,0.964705882352941,0.952941176470588);
ENDSEC;
END-ISO-10303-21;
