ISO-10303-21;
HEADER;
/* Generated by software containing ST-Developer
 * from STEP Tools, Inc. (www.steptools.com) 
 */

FILE_DESCRIPTION(
/* description */ ('',
'CAx-IF Rec.Pracs.---Representation and Presentation of Product Manufa
cturing Information (PMI)---4.0---2014-10-13'),
/* implementation_level */ '2;1');

FILE_NAME(
/* name */ 'MOLEX_ULTRAFIT-RA-2POS_OUT_1723101302.step',
/* time_stamp */ '2025-02-04T18:42:25-06:00',
/* author */ (''),
/* organization */ (''),
/* preprocessor_version */ 'ST-DEVELOPER v20',
/* originating_system */ 'Autodesk Translation Framework v13.20.0.188',

/* authorisation */ '');

FILE_SCHEMA (('AP242_MANAGED_MODEL_BASED_3D_ENGINEERING_MIM_LF { 1 0 10303 442 1 1 4 }'));
ENDSEC;

DATA;
#10=MECHANICAL_DESIGN_GEOMETRIC_PRESENTATION_REPRESENTATION('',(#13),#5463);
#11=SHAPE_REPRESENTATION_RELATIONSHIP('SRR','None',#5470,#12);
#12=ADVANCED_BREP_SHAPE_REPRESENTATION('',(#14),#5462);
#13=STYLED_ITEM('',(#5480),#14);
#14=MANIFOLD_SOLID_BREP('Body1',#3287);
#15=ELLIPSE('',#3389,0.22252038809504,0.2);
#16=ELLIPSE('',#3406,0.22252038809504,0.2);
#17=SPHERICAL_SURFACE('',#3385,0.2);
#18=SPHERICAL_SURFACE('',#3402,0.2);
#19=CYLINDRICAL_SURFACE('',#3319,0.2);
#20=CYLINDRICAL_SURFACE('',#3359,1.135);
#21=CYLINDRICAL_SURFACE('',#3366,0.5);
#22=CYLINDRICAL_SURFACE('',#3383,0.2);
#23=CYLINDRICAL_SURFACE('',#3388,0.2);
#24=CYLINDRICAL_SURFACE('',#3391,0.2);
#25=CYLINDRICAL_SURFACE('',#3397,0.2);
#26=CYLINDRICAL_SURFACE('',#3400,0.2);
#27=CYLINDRICAL_SURFACE('',#3405,0.2);
#28=CYLINDRICAL_SURFACE('',#3415,0.75);
#29=CYLINDRICAL_SURFACE('',#3418,0.2);
#30=CYLINDRICAL_SURFACE('',#3420,0.75);
#31=CYLINDRICAL_SURFACE('',#3424,0.2);
#32=CYLINDRICAL_SURFACE('',#3442,0.13);
#33=CYLINDRICAL_SURFACE('',#3443,0.13);
#34=CYLINDRICAL_SURFACE('',#3446,0.5);
#35=CYLINDRICAL_SURFACE('',#3447,0.5);
#36=CYLINDRICAL_SURFACE('',#3450,0.2);
#37=CYLINDRICAL_SURFACE('',#3466,1.135);
#38=CYLINDRICAL_SURFACE('',#3473,0.5);
#39=CYLINDRICAL_SURFACE('',#3485,0.25);
#40=CYLINDRICAL_SURFACE('',#3488,0.25);
#41=CYLINDRICAL_SURFACE('',#3491,0.25);
#42=CYLINDRICAL_SURFACE('',#3494,0.5);
#43=CYLINDRICAL_SURFACE('',#3503,0.25);
#44=CYLINDRICAL_SURFACE('',#3518,0.25);
#45=CYLINDRICAL_SURFACE('',#3520,0.25);
#46=CYLINDRICAL_SURFACE('',#3521,0.5);
#47=CYLINDRICAL_SURFACE('',#3523,0.25);
#48=CYLINDRICAL_SURFACE('',#3526,0.25);
#49=CYLINDRICAL_SURFACE('',#3527,0.5);
#50=CYLINDRICAL_SURFACE('',#3529,0.25);
#51=CYLINDRICAL_SURFACE('',#3531,0.25);
#52=CYLINDRICAL_SURFACE('',#3533,0.25);
#53=CYLINDRICAL_SURFACE('',#3535,0.25);
#54=CYLINDRICAL_SURFACE('',#3537,0.5);
#55=CYLINDRICAL_SURFACE('',#3539,0.1);
#56=CYLINDRICAL_SURFACE('',#3541,1.475);
#57=CYLINDRICAL_SURFACE('',#3543,0.1);
#58=CYLINDRICAL_SURFACE('',#3546,0.85);
#59=CYLINDRICAL_SURFACE('',#3549,0.1);
#60=CYLINDRICAL_SURFACE('',#3551,1.475);
#61=CYLINDRICAL_SURFACE('',#3553,0.1);
#62=CYLINDRICAL_SURFACE('',#3556,0.85);
#63=CYLINDRICAL_SURFACE('',#3559,0.1);
#64=CYLINDRICAL_SURFACE('',#3561,1.475);
#65=CYLINDRICAL_SURFACE('',#3563,0.1);
#66=CYLINDRICAL_SURFACE('',#3566,0.85);
#67=CYLINDRICAL_SURFACE('',#3569,0.1);
#68=CYLINDRICAL_SURFACE('',#3571,1.475);
#69=CYLINDRICAL_SURFACE('',#3573,0.1);
#70=CYLINDRICAL_SURFACE('',#3576,0.85);
#71=FACE_BOUND('',#354,.T.);
#72=FACE_BOUND('',#362,.T.);
#73=FACE_BOUND('',#363,.T.);
#74=FACE_BOUND('',#364,.T.);
#75=FACE_BOUND('',#386,.T.);
#76=FACE_BOUND('',#448,.T.);
#77=CIRCLE('',#3302,0.1);
#78=CIRCLE('',#3303,1.475);
#79=CIRCLE('',#3304,0.1);
#80=CIRCLE('',#3305,0.85);
#81=CIRCLE('',#3306,0.1);
#82=CIRCLE('',#3307,1.475);
#83=CIRCLE('',#3308,0.1);
#84=CIRCLE('',#3309,0.85);
#85=CIRCLE('',#3310,0.1);
#86=CIRCLE('',#3311,1.475);
#87=CIRCLE('',#3312,0.1);
#88=CIRCLE('',#3313,0.85);
#89=CIRCLE('',#3314,0.1);
#90=CIRCLE('',#3315,1.475);
#91=CIRCLE('',#3316,0.1);
#92=CIRCLE('',#3317,0.85);
#93=CIRCLE('',#3320,0.2);
#94=CIRCLE('',#3321,0.2);
#95=CIRCLE('',#3322,0.2);
#96=CIRCLE('',#3324,0.2);
#97=CIRCLE('',#3326,0.13);
#98=CIRCLE('',#3327,0.5);
#99=CIRCLE('',#3329,0.75);
#100=CIRCLE('',#3330,0.2);
#101=CIRCLE('',#3331,0.2);
#102=CIRCLE('',#3332,0.75);
#103=CIRCLE('',#3333,0.2);
#104=CIRCLE('',#3336,0.2);
#105=CIRCLE('',#3337,0.25);
#106=CIRCLE('',#3338,0.25);
#107=CIRCLE('',#3339,0.25);
#108=CIRCLE('',#3340,0.5);
#109=CIRCLE('',#3341,0.5);
#110=CIRCLE('',#3342,0.25);
#111=CIRCLE('',#3343,0.25);
#112=CIRCLE('',#3344,0.25);
#113=CIRCLE('',#3345,0.25);
#114=CIRCLE('',#3346,0.5);
#115=CIRCLE('',#3347,0.5);
#116=CIRCLE('',#3348,0.25);
#117=CIRCLE('',#3351,0.5);
#118=CIRCLE('',#3352,1.135);
#119=CIRCLE('',#3360,1.135);
#120=CIRCLE('',#3367,0.5);
#121=CIRCLE('',#3379,0.200003807977349);
#122=CIRCLE('',#3381,0.5);
#123=CIRCLE('',#3382,0.13);
#124=CIRCLE('',#3384,0.2);
#125=CIRCLE('',#3386,0.2);
#126=CIRCLE('',#3387,0.2);
#127=CIRCLE('',#3392,0.2);
#128=CIRCLE('',#3394,0.2);
#129=CIRCLE('',#3395,0.2);
#130=CIRCLE('',#3399,0.2);
#131=CIRCLE('',#3401,0.2);
#132=CIRCLE('',#3403,0.2);
#133=CIRCLE('',#3404,0.2);
#134=CIRCLE('',#3408,0.13);
#135=CIRCLE('',#3409,0.5);
#136=CIRCLE('',#3413,0.75);
#137=CIRCLE('',#3414,0.75);
#138=CIRCLE('',#3422,0.5);
#139=CIRCLE('',#3423,0.13);
#140=CIRCLE('',#3449,0.200003807977349);
#141=CIRCLE('',#3459,0.5);
#142=CIRCLE('',#3460,1.135);
#143=CIRCLE('',#3467,1.135);
#144=CIRCLE('',#3474,0.5);
#145=CIRCLE('',#3486,0.25);
#146=CIRCLE('',#3489,0.25);
#147=CIRCLE('',#3492,0.25);
#148=CIRCLE('',#3495,0.5);
#149=CIRCLE('',#3498,0.25);
#150=CIRCLE('',#3499,0.25);
#151=CIRCLE('',#3500,0.25);
#152=CIRCLE('',#3501,0.25);
#153=CIRCLE('',#3504,0.25);
#154=CIRCLE('',#3506,0.25);
#155=CIRCLE('',#3507,0.25);
#156=CIRCLE('',#3508,0.25);
#157=CIRCLE('',#3509,0.5);
#158=CIRCLE('',#3511,0.5);
#159=CIRCLE('',#3512,0.25);
#160=CIRCLE('',#3513,0.25);
#161=CIRCLE('',#3514,0.25);
#162=CIRCLE('',#3515,0.25);
#163=CIRCLE('',#3516,0.5);
#164=CIRCLE('',#3517,0.25);
#165=CIRCLE('',#3540,0.1);
#166=CIRCLE('',#3542,1.475);
#167=CIRCLE('',#3544,0.1);
#168=CIRCLE('',#3547,0.85);
#169=CIRCLE('',#3550,0.1);
#170=CIRCLE('',#3552,1.475);
#171=CIRCLE('',#3554,0.1);
#172=CIRCLE('',#3557,0.85);
#173=CIRCLE('',#3560,0.1);
#174=CIRCLE('',#3562,1.475);
#175=CIRCLE('',#3564,0.1);
#176=CIRCLE('',#3567,0.85);
#177=CIRCLE('',#3570,0.1);
#178=CIRCLE('',#3572,1.475);
#179=CIRCLE('',#3574,0.1);
#180=CIRCLE('',#3577,0.85);
#181=FACE_OUTER_BOUND('',#353,.T.);
#182=FACE_OUTER_BOUND('',#355,.T.);
#183=FACE_OUTER_BOUND('',#356,.T.);
#184=FACE_OUTER_BOUND('',#357,.T.);
#185=FACE_OUTER_BOUND('',#358,.T.);
#186=FACE_OUTER_BOUND('',#359,.T.);
#187=FACE_OUTER_BOUND('',#360,.T.);
#188=FACE_OUTER_BOUND('',#361,.T.);
#189=FACE_OUTER_BOUND('',#365,.T.);
#190=FACE_OUTER_BOUND('',#366,.T.);
#191=FACE_OUTER_BOUND('',#367,.T.);
#192=FACE_OUTER_BOUND('',#368,.T.);
#193=FACE_OUTER_BOUND('',#369,.T.);
#194=FACE_OUTER_BOUND('',#370,.T.);
#195=FACE_OUTER_BOUND('',#371,.T.);
#196=FACE_OUTER_BOUND('',#372,.T.);
#197=FACE_OUTER_BOUND('',#373,.T.);
#198=FACE_OUTER_BOUND('',#374,.T.);
#199=FACE_OUTER_BOUND('',#375,.T.);
#200=FACE_OUTER_BOUND('',#376,.T.);
#201=FACE_OUTER_BOUND('',#377,.T.);
#202=FACE_OUTER_BOUND('',#378,.T.);
#203=FACE_OUTER_BOUND('',#379,.T.);
#204=FACE_OUTER_BOUND('',#380,.T.);
#205=FACE_OUTER_BOUND('',#381,.T.);
#206=FACE_OUTER_BOUND('',#382,.T.);
#207=FACE_OUTER_BOUND('',#383,.T.);
#208=FACE_OUTER_BOUND('',#384,.T.);
#209=FACE_OUTER_BOUND('',#385,.T.);
#210=FACE_OUTER_BOUND('',#387,.T.);
#211=FACE_OUTER_BOUND('',#388,.T.);
#212=FACE_OUTER_BOUND('',#389,.T.);
#213=FACE_OUTER_BOUND('',#390,.T.);
#214=FACE_OUTER_BOUND('',#391,.T.);
#215=FACE_OUTER_BOUND('',#392,.T.);
#216=FACE_OUTER_BOUND('',#393,.T.);
#217=FACE_OUTER_BOUND('',#394,.T.);
#218=FACE_OUTER_BOUND('',#395,.T.);
#219=FACE_OUTER_BOUND('',#396,.T.);
#220=FACE_OUTER_BOUND('',#397,.T.);
#221=FACE_OUTER_BOUND('',#398,.T.);
#222=FACE_OUTER_BOUND('',#399,.T.);
#223=FACE_OUTER_BOUND('',#400,.T.);
#224=FACE_OUTER_BOUND('',#401,.T.);
#225=FACE_OUTER_BOUND('',#402,.T.);
#226=FACE_OUTER_BOUND('',#403,.T.);
#227=FACE_OUTER_BOUND('',#404,.T.);
#228=FACE_OUTER_BOUND('',#405,.T.);
#229=FACE_OUTER_BOUND('',#406,.T.);
#230=FACE_OUTER_BOUND('',#407,.T.);
#231=FACE_OUTER_BOUND('',#408,.T.);
#232=FACE_OUTER_BOUND('',#409,.T.);
#233=FACE_OUTER_BOUND('',#410,.T.);
#234=FACE_OUTER_BOUND('',#411,.T.);
#235=FACE_OUTER_BOUND('',#412,.T.);
#236=FACE_OUTER_BOUND('',#413,.T.);
#237=FACE_OUTER_BOUND('',#414,.T.);
#238=FACE_OUTER_BOUND('',#415,.T.);
#239=FACE_OUTER_BOUND('',#416,.T.);
#240=FACE_OUTER_BOUND('',#417,.T.);
#241=FACE_OUTER_BOUND('',#418,.T.);
#242=FACE_OUTER_BOUND('',#419,.T.);
#243=FACE_OUTER_BOUND('',#420,.T.);
#244=FACE_OUTER_BOUND('',#421,.T.);
#245=FACE_OUTER_BOUND('',#422,.T.);
#246=FACE_OUTER_BOUND('',#423,.T.);
#247=FACE_OUTER_BOUND('',#424,.T.);
#248=FACE_OUTER_BOUND('',#425,.T.);
#249=FACE_OUTER_BOUND('',#426,.T.);
#250=FACE_OUTER_BOUND('',#427,.T.);
#251=FACE_OUTER_BOUND('',#428,.T.);
#252=FACE_OUTER_BOUND('',#429,.T.);
#253=FACE_OUTER_BOUND('',#430,.T.);
#254=FACE_OUTER_BOUND('',#431,.T.);
#255=FACE_OUTER_BOUND('',#432,.T.);
#256=FACE_OUTER_BOUND('',#433,.T.);
#257=FACE_OUTER_BOUND('',#434,.T.);
#258=FACE_OUTER_BOUND('',#435,.T.);
#259=FACE_OUTER_BOUND('',#436,.T.);
#260=FACE_OUTER_BOUND('',#437,.T.);
#261=FACE_OUTER_BOUND('',#438,.T.);
#262=FACE_OUTER_BOUND('',#439,.T.);
#263=FACE_OUTER_BOUND('',#440,.T.);
#264=FACE_OUTER_BOUND('',#441,.T.);
#265=FACE_OUTER_BOUND('',#442,.T.);
#266=FACE_OUTER_BOUND('',#443,.T.);
#267=FACE_OUTER_BOUND('',#444,.T.);
#268=FACE_OUTER_BOUND('',#445,.T.);
#269=FACE_OUTER_BOUND('',#446,.T.);
#270=FACE_OUTER_BOUND('',#447,.T.);
#271=FACE_OUTER_BOUND('',#449,.T.);
#272=FACE_OUTER_BOUND('',#450,.T.);
#273=FACE_OUTER_BOUND('',#451,.T.);
#274=FACE_OUTER_BOUND('',#452,.T.);
#275=FACE_OUTER_BOUND('',#453,.T.);
#276=FACE_OUTER_BOUND('',#454,.T.);
#277=FACE_OUTER_BOUND('',#455,.T.);
#278=FACE_OUTER_BOUND('',#456,.T.);
#279=FACE_OUTER_BOUND('',#457,.T.);
#280=FACE_OUTER_BOUND('',#458,.T.);
#281=FACE_OUTER_BOUND('',#459,.T.);
#282=FACE_OUTER_BOUND('',#460,.T.);
#283=FACE_OUTER_BOUND('',#461,.T.);
#284=FACE_OUTER_BOUND('',#462,.T.);
#285=FACE_OUTER_BOUND('',#463,.T.);
#286=FACE_OUTER_BOUND('',#464,.T.);
#287=FACE_OUTER_BOUND('',#465,.T.);
#288=FACE_OUTER_BOUND('',#466,.T.);
#289=FACE_OUTER_BOUND('',#467,.T.);
#290=FACE_OUTER_BOUND('',#468,.T.);
#291=FACE_OUTER_BOUND('',#469,.T.);
#292=FACE_OUTER_BOUND('',#470,.T.);
#293=FACE_OUTER_BOUND('',#471,.T.);
#294=FACE_OUTER_BOUND('',#472,.T.);
#295=FACE_OUTER_BOUND('',#473,.T.);
#296=FACE_OUTER_BOUND('',#474,.T.);
#297=FACE_OUTER_BOUND('',#475,.T.);
#298=FACE_OUTER_BOUND('',#476,.T.);
#299=FACE_OUTER_BOUND('',#477,.T.);
#300=FACE_OUTER_BOUND('',#478,.T.);
#301=FACE_OUTER_BOUND('',#479,.T.);
#302=FACE_OUTER_BOUND('',#480,.T.);
#303=FACE_OUTER_BOUND('',#481,.T.);
#304=FACE_OUTER_BOUND('',#482,.T.);
#305=FACE_OUTER_BOUND('',#483,.T.);
#306=FACE_OUTER_BOUND('',#484,.T.);
#307=FACE_OUTER_BOUND('',#485,.T.);
#308=FACE_OUTER_BOUND('',#486,.T.);
#309=FACE_OUTER_BOUND('',#487,.T.);
#310=FACE_OUTER_BOUND('',#488,.T.);
#311=FACE_OUTER_BOUND('',#489,.T.);
#312=FACE_OUTER_BOUND('',#490,.T.);
#313=FACE_OUTER_BOUND('',#491,.T.);
#314=FACE_OUTER_BOUND('',#492,.T.);
#315=FACE_OUTER_BOUND('',#493,.T.);
#316=FACE_OUTER_BOUND('',#494,.T.);
#317=FACE_OUTER_BOUND('',#495,.T.);
#318=FACE_OUTER_BOUND('',#496,.T.);
#319=FACE_OUTER_BOUND('',#497,.T.);
#320=FACE_OUTER_BOUND('',#498,.T.);
#321=FACE_OUTER_BOUND('',#499,.T.);
#322=FACE_OUTER_BOUND('',#500,.T.);
#323=FACE_OUTER_BOUND('',#501,.T.);
#324=FACE_OUTER_BOUND('',#502,.T.);
#325=FACE_OUTER_BOUND('',#503,.T.);
#326=FACE_OUTER_BOUND('',#504,.T.);
#327=FACE_OUTER_BOUND('',#505,.T.);
#328=FACE_OUTER_BOUND('',#506,.T.);
#329=FACE_OUTER_BOUND('',#507,.T.);
#330=FACE_OUTER_BOUND('',#508,.T.);
#331=FACE_OUTER_BOUND('',#509,.T.);
#332=FACE_OUTER_BOUND('',#510,.T.);
#333=FACE_OUTER_BOUND('',#511,.T.);
#334=FACE_OUTER_BOUND('',#512,.T.);
#335=FACE_OUTER_BOUND('',#513,.T.);
#336=FACE_OUTER_BOUND('',#514,.T.);
#337=FACE_OUTER_BOUND('',#515,.T.);
#338=FACE_OUTER_BOUND('',#516,.T.);
#339=FACE_OUTER_BOUND('',#517,.T.);
#340=FACE_OUTER_BOUND('',#518,.T.);
#341=FACE_OUTER_BOUND('',#519,.T.);
#342=FACE_OUTER_BOUND('',#520,.T.);
#343=FACE_OUTER_BOUND('',#521,.T.);
#344=FACE_OUTER_BOUND('',#522,.T.);
#345=FACE_OUTER_BOUND('',#523,.T.);
#346=FACE_OUTER_BOUND('',#524,.T.);
#347=FACE_OUTER_BOUND('',#525,.T.);
#348=FACE_OUTER_BOUND('',#526,.T.);
#349=FACE_OUTER_BOUND('',#527,.T.);
#350=FACE_OUTER_BOUND('',#528,.T.);
#351=FACE_OUTER_BOUND('',#529,.T.);
#352=FACE_OUTER_BOUND('',#530,.T.);
#353=EDGE_LOOP('',(#2049,#2050,#2051,#2052,#2053,#2054,#2055,#2056,#2057,
#2058,#2059,#2060));
#354=EDGE_LOOP('',(#2061,#2062,#2063,#2064,#2065,#2066,#2067,#2068,#2069,
#2070,#2071,#2072,#2073,#2074,#2075,#2076,#2077,#2078,#2079,#2080,#2081,
#2082,#2083,#2084));
#355=EDGE_LOOP('',(#2085,#2086,#2087,#2088,#2089,#2090,#2091,#2092,#2093,
#2094,#2095,#2096));
#356=EDGE_LOOP('',(#2097,#2098,#2099,#2100,#2101,#2102));
#357=EDGE_LOOP('',(#2103,#2104,#2105,#2106,#2107,#2108,#2109,#2110,#2111,
#2112,#2113,#2114,#2115,#2116,#2117,#2118,#2119,#2120,#2121,#2122,#2123,
#2124,#2125,#2126,#2127,#2128,#2129,#2130,#2131,#2132));
#358=EDGE_LOOP('',(#2133,#2134,#2135,#2136,#2137,#2138,#2139,#2140,#2141));
#359=EDGE_LOOP('',(#2142,#2143,#2144,#2145,#2146,#2147,#2148,#2149,#2150,
#2151,#2152,#2153,#2154,#2155));
#360=EDGE_LOOP('',(#2156,#2157,#2158,#2159));
#361=EDGE_LOOP('',(#2160,#2161,#2162,#2163,#2164,#2165));
#362=EDGE_LOOP('',(#2166,#2167,#2168,#2169));
#363=EDGE_LOOP('',(#2170,#2171,#2172,#2173,#2174,#2175,#2176,#2177,#2178,
#2179,#2180,#2181,#2182,#2183,#2184,#2185,#2186,#2187,#2188,#2189,#2190,
#2191,#2192,#2193));
#364=EDGE_LOOP('',(#2194,#2195,#2196,#2197));
#365=EDGE_LOOP('',(#2198,#2199,#2200,#2201));
#366=EDGE_LOOP('',(#2202,#2203,#2204,#2205,#2206,#2207,#2208,#2209));
#367=EDGE_LOOP('',(#2210,#2211,#2212,#2213));
#368=EDGE_LOOP('',(#2214,#2215,#2216,#2217));
#369=EDGE_LOOP('',(#2218,#2219,#2220,#2221));
#370=EDGE_LOOP('',(#2222,#2223,#2224,#2225));
#371=EDGE_LOOP('',(#2226,#2227,#2228,#2229));
#372=EDGE_LOOP('',(#2230,#2231,#2232,#2233));
#373=EDGE_LOOP('',(#2234,#2235,#2236,#2237));
#374=EDGE_LOOP('',(#2238,#2239,#2240,#2241));
#375=EDGE_LOOP('',(#2242,#2243,#2244,#2245));
#376=EDGE_LOOP('',(#2246,#2247,#2248,#2249));
#377=EDGE_LOOP('',(#2250,#2251,#2252,#2253));
#378=EDGE_LOOP('',(#2254,#2255,#2256,#2257));
#379=EDGE_LOOP('',(#2258,#2259,#2260,#2261));
#380=EDGE_LOOP('',(#2262,#2263,#2264,#2265));
#381=EDGE_LOOP('',(#2266,#2267,#2268,#2269));
#382=EDGE_LOOP('',(#2270,#2271,#2272,#2273));
#383=EDGE_LOOP('',(#2274,#2275,#2276,#2277,#2278,#2279,#2280,#2281));
#384=EDGE_LOOP('',(#2282,#2283,#2284,#2285));
#385=EDGE_LOOP('',(#2286,#2287,#2288,#2289,#2290,#2291));
#386=EDGE_LOOP('',(#2292,#2293,#2294,#2295));
#387=EDGE_LOOP('',(#2296,#2297,#2298,#2299));
#388=EDGE_LOOP('',(#2300,#2301,#2302,#2303));
#389=EDGE_LOOP('',(#2304,#2305,#2306,#2307));
#390=EDGE_LOOP('',(#2308,#2309,#2310,#2311));
#391=EDGE_LOOP('',(#2312,#2313,#2314,#2315,#2316,#2317,#2318));
#392=EDGE_LOOP('',(#2319,#2320,#2321,#2322,#2323,#2324,#2325,#2326));
#393=EDGE_LOOP('',(#2327,#2328,#2329,#2330));
#394=EDGE_LOOP('',(#2331,#2332,#2333));
#395=EDGE_LOOP('',(#2334,#2335,#2336,#2337));
#396=EDGE_LOOP('',(#2338,#2339,#2340,#2341,#2342,#2343,#2344,#2345));
#397=EDGE_LOOP('',(#2346,#2347,#2348,#2349));
#398=EDGE_LOOP('',(#2350,#2351,#2352,#2353,#2354,#2355,#2356,#2357,#2358,
#2359,#2360,#2361,#2362,#2363));
#399=EDGE_LOOP('',(#2364,#2365,#2366,#2367));
#400=EDGE_LOOP('',(#2368,#2369,#2370,#2371));
#401=EDGE_LOOP('',(#2372,#2373,#2374,#2375,#2376,#2377,#2378));
#402=EDGE_LOOP('',(#2379,#2380,#2381,#2382));
#403=EDGE_LOOP('',(#2383,#2384,#2385));
#404=EDGE_LOOP('',(#2386,#2387,#2388,#2389));
#405=EDGE_LOOP('',(#2390,#2391,#2392,#2393,#2394,#2395,#2396,#2397));
#406=EDGE_LOOP('',(#2398,#2399,#2400,#2401,#2402));
#407=EDGE_LOOP('',(#2403,#2404,#2405,#2406,#2407));
#408=EDGE_LOOP('',(#2408,#2409,#2410,#2411,#2412,#2413,#2414,#2415));
#409=EDGE_LOOP('',(#2416,#2417,#2418,#2419));
#410=EDGE_LOOP('',(#2420,#2421,#2422,#2423,#2424,#2425,#2426,#2427));
#411=EDGE_LOOP('',(#2428,#2429,#2430,#2431,#2432,#2433,#2434));
#412=EDGE_LOOP('',(#2435,#2436,#2437,#2438));
#413=EDGE_LOOP('',(#2439,#2440,#2441,#2442));
#414=EDGE_LOOP('',(#2443,#2444,#2445,#2446));
#415=EDGE_LOOP('',(#2447,#2448,#2449,#2450,#2451,#2452,#2453,#2454,#2455));
#416=EDGE_LOOP('',(#2456,#2457,#2458,#2459,#2460,#2461));
#417=EDGE_LOOP('',(#2462,#2463,#2464,#2465,#2466,#2467,#2468,#2469,#2470,
#2471,#2472,#2473));
#418=EDGE_LOOP('',(#2474,#2475,#2476,#2477));
#419=EDGE_LOOP('',(#2478,#2479,#2480,#2481));
#420=EDGE_LOOP('',(#2482,#2483,#2484,#2485));
#421=EDGE_LOOP('',(#2486,#2487,#2488,#2489));
#422=EDGE_LOOP('',(#2490,#2491,#2492,#2493));
#423=EDGE_LOOP('',(#2494,#2495,#2496,#2497));
#424=EDGE_LOOP('',(#2498,#2499,#2500,#2501));
#425=EDGE_LOOP('',(#2502,#2503,#2504,#2505));
#426=EDGE_LOOP('',(#2506,#2507,#2508,#2509));
#427=EDGE_LOOP('',(#2510,#2511,#2512,#2513));
#428=EDGE_LOOP('',(#2514,#2515,#2516,#2517));
#429=EDGE_LOOP('',(#2518,#2519,#2520,#2521));
#430=EDGE_LOOP('',(#2522,#2523,#2524,#2525));
#431=EDGE_LOOP('',(#2526,#2527,#2528,#2529));
#432=EDGE_LOOP('',(#2530,#2531,#2532,#2533));
#433=EDGE_LOOP('',(#2534,#2535,#2536,#2537));
#434=EDGE_LOOP('',(#2538,#2539,#2540,#2541));
#435=EDGE_LOOP('',(#2542,#2543,#2544,#2545));
#436=EDGE_LOOP('',(#2546,#2547,#2548,#2549));
#437=EDGE_LOOP('',(#2550,#2551,#2552,#2553));
#438=EDGE_LOOP('',(#2554,#2555,#2556,#2557));
#439=EDGE_LOOP('',(#2558,#2559,#2560,#2561));
#440=EDGE_LOOP('',(#2562,#2563,#2564,#2565,#2566,#2567,#2568));
#441=EDGE_LOOP('',(#2569,#2570,#2571,#2572));
#442=EDGE_LOOP('',(#2573,#2574,#2575,#2576));
#443=EDGE_LOOP('',(#2577,#2578,#2579,#2580));
#444=EDGE_LOOP('',(#2581,#2582,#2583,#2584,#2585,#2586));
#445=EDGE_LOOP('',(#2587,#2588,#2589,#2590));
#446=EDGE_LOOP('',(#2591,#2592,#2593,#2594,#2595,#2596));
#447=EDGE_LOOP('',(#2597,#2598,#2599,#2600));
#448=EDGE_LOOP('',(#2601,#2602,#2603,#2604));
#449=EDGE_LOOP('',(#2605,#2606,#2607,#2608));
#450=EDGE_LOOP('',(#2609,#2610,#2611,#2612,#2613,#2614,#2615,#2616));
#451=EDGE_LOOP('',(#2617,#2618,#2619,#2620));
#452=EDGE_LOOP('',(#2621,#2622,#2623,#2624));
#453=EDGE_LOOP('',(#2625,#2626,#2627,#2628));
#454=EDGE_LOOP('',(#2629,#2630,#2631,#2632));
#455=EDGE_LOOP('',(#2633,#2634,#2635,#2636));
#456=EDGE_LOOP('',(#2637,#2638,#2639,#2640));
#457=EDGE_LOOP('',(#2641,#2642,#2643,#2644));
#458=EDGE_LOOP('',(#2645,#2646,#2647,#2648));
#459=EDGE_LOOP('',(#2649,#2650,#2651,#2652));
#460=EDGE_LOOP('',(#2653,#2654,#2655,#2656));
#461=EDGE_LOOP('',(#2657,#2658,#2659,#2660));
#462=EDGE_LOOP('',(#2661,#2662,#2663,#2664));
#463=EDGE_LOOP('',(#2665,#2666,#2667,#2668));
#464=EDGE_LOOP('',(#2669,#2670,#2671,#2672));
#465=EDGE_LOOP('',(#2673,#2674,#2675,#2676));
#466=EDGE_LOOP('',(#2677,#2678,#2679,#2680,#2681,#2682,#2683,#2684));
#467=EDGE_LOOP('',(#2685,#2686,#2687,#2688));
#468=EDGE_LOOP('',(#2689,#2690,#2691,#2692));
#469=EDGE_LOOP('',(#2693,#2694,#2695,#2696));
#470=EDGE_LOOP('',(#2697,#2698,#2699,#2700));
#471=EDGE_LOOP('',(#2701,#2702,#2703,#2704));
#472=EDGE_LOOP('',(#2705,#2706,#2707,#2708));
#473=EDGE_LOOP('',(#2709,#2710,#2711,#2712));
#474=EDGE_LOOP('',(#2713,#2714,#2715,#2716));
#475=EDGE_LOOP('',(#2717,#2718,#2719,#2720));
#476=EDGE_LOOP('',(#2721,#2722,#2723,#2724));
#477=EDGE_LOOP('',(#2725,#2726,#2727,#2728));
#478=EDGE_LOOP('',(#2729,#2730,#2731,#2732));
#479=EDGE_LOOP('',(#2733,#2734,#2735,#2736));
#480=EDGE_LOOP('',(#2737,#2738,#2739,#2740,#2741,#2742,#2743,#2744));
#481=EDGE_LOOP('',(#2745,#2746,#2747,#2748,#2749,#2750,#2751,#2752));
#482=EDGE_LOOP('',(#2753,#2754,#2755,#2756,#2757,#2758,#2759,#2760));
#483=EDGE_LOOP('',(#2761,#2762,#2763,#2764));
#484=EDGE_LOOP('',(#2765,#2766,#2767,#2768,#2769,#2770,#2771,#2772,#2773,
#2774,#2775,#2776,#2777,#2778,#2779,#2780));
#485=EDGE_LOOP('',(#2781,#2782,#2783,#2784,#2785,#2786,#2787,#2788,#2789,
#2790,#2791,#2792,#2793,#2794,#2795,#2796));
#486=EDGE_LOOP('',(#2797,#2798,#2799,#2800));
#487=EDGE_LOOP('',(#2801,#2802,#2803,#2804));
#488=EDGE_LOOP('',(#2805,#2806,#2807,#2808));
#489=EDGE_LOOP('',(#2809,#2810,#2811,#2812));
#490=EDGE_LOOP('',(#2813,#2814,#2815,#2816));
#491=EDGE_LOOP('',(#2817,#2818,#2819,#2820));
#492=EDGE_LOOP('',(#2821,#2822,#2823,#2824));
#493=EDGE_LOOP('',(#2825,#2826,#2827,#2828));
#494=EDGE_LOOP('',(#2829,#2830,#2831,#2832));
#495=EDGE_LOOP('',(#2833,#2834,#2835,#2836));
#496=EDGE_LOOP('',(#2837,#2838,#2839,#2840));
#497=EDGE_LOOP('',(#2841,#2842,#2843,#2844));
#498=EDGE_LOOP('',(#2845,#2846,#2847,#2848));
#499=EDGE_LOOP('',(#2849,#2850,#2851,#2852));
#500=EDGE_LOOP('',(#2853,#2854,#2855,#2856));
#501=EDGE_LOOP('',(#2857,#2858,#2859,#2860));
#502=EDGE_LOOP('',(#2861,#2862,#2863,#2864));
#503=EDGE_LOOP('',(#2865,#2866,#2867,#2868));
#504=EDGE_LOOP('',(#2869,#2870,#2871,#2872));
#505=EDGE_LOOP('',(#2873,#2874,#2875,#2876));
#506=EDGE_LOOP('',(#2877,#2878,#2879,#2880));
#507=EDGE_LOOP('',(#2881,#2882,#2883,#2884));
#508=EDGE_LOOP('',(#2885,#2886,#2887,#2888));
#509=EDGE_LOOP('',(#2889,#2890,#2891,#2892));
#510=EDGE_LOOP('',(#2893,#2894,#2895,#2896));
#511=EDGE_LOOP('',(#2897,#2898,#2899,#2900));
#512=EDGE_LOOP('',(#2901,#2902,#2903,#2904));
#513=EDGE_LOOP('',(#2905,#2906,#2907,#2908));
#514=EDGE_LOOP('',(#2909,#2910,#2911,#2912));
#515=EDGE_LOOP('',(#2913,#2914,#2915,#2916));
#516=EDGE_LOOP('',(#2917,#2918,#2919,#2920));
#517=EDGE_LOOP('',(#2921,#2922,#2923,#2924));
#518=EDGE_LOOP('',(#2925,#2926,#2927,#2928));
#519=EDGE_LOOP('',(#2929,#2930,#2931,#2932));
#520=EDGE_LOOP('',(#2933,#2934,#2935,#2936));
#521=EDGE_LOOP('',(#2937,#2938,#2939,#2940));
#522=EDGE_LOOP('',(#2941,#2942,#2943,#2944));
#523=EDGE_LOOP('',(#2945,#2946,#2947,#2948));
#524=EDGE_LOOP('',(#2949,#2950,#2951,#2952));
#525=EDGE_LOOP('',(#2953,#2954,#2955,#2956));
#526=EDGE_LOOP('',(#2957,#2958,#2959,#2960));
#527=EDGE_LOOP('',(#2961,#2962,#2963,#2964));
#528=EDGE_LOOP('',(#2965,#2966,#2967,#2968));
#529=EDGE_LOOP('',(#2969,#2970,#2971,#2972));
#530=EDGE_LOOP('',(#2973,#2974,#2975,#2976,#2977,#2978,#2979,#2980,#2981,
#2982,#2983,#2984,#2985,#2986,#2987,#2988,#2989,#2990,#2991,#2992,#2993,
#2994,#2995,#2996));
#531=LINE('',#4509,#899);
#532=LINE('',#4511,#900);
#533=LINE('',#4513,#901);
#534=LINE('',#4515,#902);
#535=LINE('',#4517,#903);
#536=LINE('',#4519,#904);
#537=LINE('',#4521,#905);
#538=LINE('',#4523,#906);
#539=LINE('',#4525,#907);
#540=LINE('',#4527,#908);
#541=LINE('',#4529,#909);
#542=LINE('',#4530,#910);
#543=LINE('',#4533,#911);
#544=LINE('',#4541,#912);
#545=LINE('',#4545,#913);
#546=LINE('',#4553,#914);
#547=LINE('',#4557,#915);
#548=LINE('',#4565,#916);
#549=LINE('',#4569,#917);
#550=LINE('',#4577,#918);
#551=LINE('',#4582,#919);
#552=LINE('',#4583,#920);
#553=LINE('',#4585,#921);
#554=LINE('',#4587,#922);
#555=LINE('',#4588,#923);
#556=LINE('',#4590,#924);
#557=LINE('',#4592,#925);
#558=LINE('',#4594,#926);
#559=LINE('',#4596,#927);
#560=LINE('',#4597,#928);
#561=LINE('',#4602,#929);
#562=LINE('',#4606,#930);
#563=LINE('',#4610,#931);
#564=LINE('',#4612,#932);
#565=LINE('',#4613,#933);
#566=LINE('',#4615,#934);
#567=LINE('',#4617,#935);
#568=LINE('',#4619,#936);
#569=LINE('',#4621,#937);
#570=LINE('',#4623,#938);
#571=LINE('',#4627,#939);
#572=LINE('',#4629,#940);
#573=LINE('',#4631,#941);
#574=LINE('',#4633,#942);
#575=LINE('',#4635,#943);
#576=LINE('',#4637,#944);
#577=LINE('',#4639,#945);
#578=LINE('',#4641,#946);
#579=LINE('',#4643,#947);
#580=LINE('',#4645,#948);
#581=LINE('',#4647,#949);
#582=LINE('',#4649,#950);
#583=LINE('',#4651,#951);
#584=LINE('',#4653,#952);
#585=LINE('',#4655,#953);
#586=LINE('',#4657,#954);
#587=LINE('',#4658,#955);
#588=LINE('',#4663,#956);
#589=LINE('',#4667,#957);
#590=LINE('',#4669,#958);
#591=LINE('',#4671,#959);
#592=LINE('',#4672,#960);
#593=LINE('',#4677,#961);
#594=LINE('',#4679,#962);
#595=LINE('',#4683,#963);
#596=LINE('',#4687,#964);
#597=LINE('',#4689,#965);
#598=LINE('',#4693,#966);
#599=LINE('',#4696,#967);
#600=LINE('',#4699,#968);
#601=LINE('',#4700,#969);
#602=LINE('',#4704,#970);
#603=LINE('',#4707,#971);
#604=LINE('',#4709,#972);
#605=LINE('',#4711,#973);
#606=LINE('',#4712,#974);
#607=LINE('',#4717,#975);
#608=LINE('',#4721,#976);
#609=LINE('',#4725,#977);
#610=LINE('',#4729,#978);
#611=LINE('',#4733,#979);
#612=LINE('',#4737,#980);
#613=LINE('',#4741,#981);
#614=LINE('',#4745,#982);
#615=LINE('',#4749,#983);
#616=LINE('',#4753,#984);
#617=LINE('',#4757,#985);
#618=LINE('',#4760,#986);
#619=LINE('',#4763,#987);
#620=LINE('',#4765,#988);
#621=LINE('',#4767,#989);
#622=LINE('',#4768,#990);
#623=LINE('',#4772,#991);
#624=LINE('',#4774,#992);
#625=LINE('',#4776,#993);
#626=LINE('',#4777,#994);
#627=LINE('',#4781,#995);
#628=LINE('',#4783,#996);
#629=LINE('',#4786,#997);
#630=LINE('',#4788,#998);
#631=LINE('',#4791,#999);
#632=LINE('',#4794,#1000);
#633=LINE('',#4796,#1001);
#634=LINE('',#4797,#1002);
#635=LINE('',#4800,#1003);
#636=LINE('',#4802,#1004);
#637=LINE('',#4803,#1005);
#638=LINE('',#4806,#1006);
#639=LINE('',#4807,#1007);
#640=LINE('',#4810,#1008);
#641=LINE('',#4811,#1009);
#642=LINE('',#4814,#1010);
#643=LINE('',#4815,#1011);
#644=LINE('',#4818,#1012);
#645=LINE('',#4819,#1013);
#646=LINE('',#4823,#1014);
#647=LINE('',#4826,#1015);
#648=LINE('',#4827,#1016);
#649=LINE('',#4830,#1017);
#650=LINE('',#4832,#1018);
#651=LINE('',#4833,#1019);
#652=LINE('',#4836,#1020);
#653=LINE('',#4837,#1021);
#654=LINE('',#4840,#1022);
#655=LINE('',#4842,#1023);
#656=LINE('',#4843,#1024);
#657=LINE('',#4846,#1025);
#658=LINE('',#4847,#1026);
#659=LINE('',#4851,#1027);
#660=LINE('',#4853,#1028);
#661=LINE('',#4856,#1029);
#662=LINE('',#4857,#1030);
#663=LINE('',#4859,#1031);
#664=LINE('',#4860,#1032);
#665=LINE('',#4862,#1033);
#666=LINE('',#4867,#1034);
#667=LINE('',#4869,#1035);
#668=LINE('',#4871,#1036);
#669=LINE('',#4873,#1037);
#670=LINE('',#4875,#1038);
#671=LINE('',#4876,#1039);
#672=LINE('',#4878,#1040);
#673=LINE('',#4879,#1041);
#674=LINE('',#4881,#1042);
#675=LINE('',#4883,#1043);
#676=LINE('',#4885,#1044);
#677=LINE('',#4888,#1045);
#678=LINE('',#4890,#1046);
#679=LINE('',#4892,#1047);
#680=LINE('',#4896,#1048);
#681=LINE('',#4898,#1049);
#682=LINE('',#4900,#1050);
#683=LINE('',#4904,#1051);
#684=LINE('',#4908,#1052);
#685=LINE('',#4916,#1053);
#686=LINE('',#4920,#1054);
#687=LINE('',#4922,#1055);
#688=LINE('',#4924,#1056);
#689=LINE('',#4926,#1057);
#690=LINE('',#4928,#1058);
#691=LINE('',#4930,#1059);
#692=LINE('',#4931,#1060);
#693=LINE('',#4934,#1061);
#694=LINE('',#4939,#1062);
#695=LINE('',#4942,#1063);
#696=LINE('',#4944,#1064);
#697=LINE('',#4946,#1065);
#698=LINE('',#4948,#1066);
#699=LINE('',#4950,#1067);
#700=LINE('',#4952,#1068);
#701=LINE('',#4954,#1069);
#702=LINE('',#4956,#1070);
#703=LINE('',#4959,#1071);
#704=LINE('',#4960,#1072);
#705=LINE('',#4962,#1073);
#706=LINE('',#4965,#1074);
#707=LINE('',#4966,#1075);
#708=LINE('',#4976,#1076);
#709=LINE('',#4980,#1077);
#710=LINE('',#4981,#1078);
#711=LINE('',#4985,#1079);
#712=LINE('',#4988,#1080);
#713=LINE('',#4990,#1081);
#714=LINE('',#4991,#1082);
#715=LINE('',#4994,#1083);
#716=LINE('',#4996,#1084);
#717=LINE('',#4997,#1085);
#718=LINE('',#5002,#1086);
#719=LINE('',#5005,#1087);
#720=LINE('',#5007,#1088);
#721=LINE('',#5009,#1089);
#722=LINE('',#5011,#1090);
#723=LINE('',#5012,#1091);
#724=LINE('',#5014,#1092);
#725=LINE('',#5015,#1093);
#726=LINE('',#5019,#1094);
#727=LINE('',#5024,#1095);
#728=LINE('',#5026,#1096);
#729=LINE('',#5028,#1097);
#730=LINE('',#5031,#1098);
#731=LINE('',#5033,#1099);
#732=LINE('',#5034,#1100);
#733=LINE('',#5036,#1101);
#734=LINE('',#5038,#1102);
#735=LINE('',#5039,#1103);
#736=LINE('',#5042,#1104);
#737=LINE('',#5043,#1105);
#738=LINE('',#5046,#1106);
#739=LINE('',#5047,#1107);
#740=LINE('',#5049,#1108);
#741=LINE('',#5052,#1109);
#742=LINE('',#5054,#1110);
#743=LINE('',#5055,#1111);
#744=LINE('',#5058,#1112);
#745=LINE('',#5060,#1113);
#746=LINE('',#5064,#1114);
#747=LINE('',#5065,#1115);
#748=LINE('',#5068,#1116);
#749=LINE('',#5069,#1117);
#750=LINE('',#5071,#1118);
#751=LINE('',#5074,#1119);
#752=LINE('',#5076,#1120);
#753=LINE('',#5077,#1121);
#754=LINE('',#5080,#1122);
#755=LINE('',#5082,#1123);
#756=LINE('',#5085,#1124);
#757=LINE('',#5087,#1125);
#758=LINE('',#5089,#1126);
#759=LINE('',#5091,#1127);
#760=LINE('',#5096,#1128);
#761=LINE('',#5098,#1129);
#762=LINE('',#5099,#1130);
#763=LINE('',#5104,#1131);
#764=LINE('',#5105,#1132);
#765=LINE('',#5108,#1133);
#766=LINE('',#5109,#1134);
#767=LINE('',#5111,#1135);
#768=LINE('',#5112,#1136);
#769=LINE('',#5114,#1137);
#770=LINE('',#5119,#1138);
#771=LINE('',#5121,#1139);
#772=LINE('',#5123,#1140);
#773=LINE('',#5124,#1141);
#774=LINE('',#5128,#1142);
#775=LINE('',#5129,#1143);
#776=LINE('',#5130,#1144);
#777=LINE('',#5134,#1145);
#778=LINE('',#5136,#1146);
#779=LINE('',#5139,#1147);
#780=LINE('',#5141,#1148);
#781=LINE('',#5144,#1149);
#782=LINE('',#5148,#1150);
#783=LINE('',#5149,#1151);
#784=LINE('',#5150,#1152);
#785=LINE('',#5153,#1153);
#786=LINE('',#5155,#1154);
#787=LINE('',#5156,#1155);
#788=LINE('',#5159,#1156);
#789=LINE('',#5160,#1157);
#790=LINE('',#5163,#1158);
#791=LINE('',#5164,#1159);
#792=LINE('',#5166,#1160);
#793=LINE('',#5170,#1161);
#794=LINE('',#5173,#1162);
#795=LINE('',#5174,#1163);
#796=LINE('',#5177,#1164);
#797=LINE('',#5179,#1165);
#798=LINE('',#5180,#1166);
#799=LINE('',#5183,#1167);
#800=LINE('',#5184,#1168);
#801=LINE('',#5187,#1169);
#802=LINE('',#5189,#1170);
#803=LINE('',#5190,#1171);
#804=LINE('',#5193,#1172);
#805=LINE('',#5194,#1173);
#806=LINE('',#5198,#1174);
#807=LINE('',#5200,#1175);
#808=LINE('',#5203,#1176);
#809=LINE('',#5204,#1177);
#810=LINE('',#5206,#1178);
#811=LINE('',#5208,#1179);
#812=LINE('',#5210,#1180);
#813=LINE('',#5213,#1181);
#814=LINE('',#5216,#1182);
#815=LINE('',#5220,#1183);
#816=LINE('',#5222,#1184);
#817=LINE('',#5226,#1185);
#818=LINE('',#5227,#1186);
#819=LINE('',#5230,#1187);
#820=LINE('',#5234,#1188);
#821=LINE('',#5235,#1189);
#822=LINE('',#5238,#1190);
#823=LINE('',#5242,#1191);
#824=LINE('',#5243,#1192);
#825=LINE('',#5246,#1193);
#826=LINE('',#5251,#1194);
#827=LINE('',#5253,#1195);
#828=LINE('',#5255,#1196);
#829=LINE('',#5256,#1197);
#830=LINE('',#5258,#1198);
#831=LINE('',#5259,#1199);
#832=LINE('',#5263,#1200);
#833=LINE('',#5267,#1201);
#834=LINE('',#5272,#1202);
#835=LINE('',#5276,#1203);
#836=LINE('',#5278,#1204);
#837=LINE('',#5279,#1205);
#838=LINE('',#5281,#1206);
#839=LINE('',#5283,#1207);
#840=LINE('',#5284,#1208);
#841=LINE('',#5288,#1209);
#842=LINE('',#5293,#1210);
#843=LINE('',#5296,#1211);
#844=LINE('',#5300,#1212);
#845=LINE('',#5306,#1213);
#846=LINE('',#5310,#1214);
#847=LINE('',#5314,#1215);
#848=LINE('',#5318,#1216);
#849=LINE('',#5322,#1217);
#850=LINE('',#5326,#1218);
#851=LINE('',#5328,#1219);
#852=LINE('',#5330,#1220);
#853=LINE('',#5333,#1221);
#854=LINE('',#5335,#1222);
#855=LINE('',#5337,#1223);
#856=LINE('',#5340,#1224);
#857=LINE('',#5343,#1225);
#858=LINE('',#5345,#1226);
#859=LINE('',#5347,#1227);
#860=LINE('',#5349,#1228);
#861=LINE('',#5351,#1229);
#862=LINE('',#5353,#1230);
#863=LINE('',#5355,#1231);
#864=LINE('',#5357,#1232);
#865=LINE('',#5359,#1233);
#866=LINE('',#5361,#1234);
#867=LINE('',#5365,#1235);
#868=LINE('',#5367,#1236);
#869=LINE('',#5368,#1237);
#870=LINE('',#5372,#1238);
#871=LINE('',#5376,#1239);
#872=LINE('',#5380,#1240);
#873=LINE('',#5383,#1241);
#874=LINE('',#5384,#1242);
#875=LINE('',#5388,#1243);
#876=LINE('',#5391,#1244);
#877=LINE('',#5392,#1245);
#878=LINE('',#5396,#1246);
#879=LINE('',#5400,#1247);
#880=LINE('',#5404,#1248);
#881=LINE('',#5407,#1249);
#882=LINE('',#5408,#1250);
#883=LINE('',#5412,#1251);
#884=LINE('',#5415,#1252);
#885=LINE('',#5416,#1253);
#886=LINE('',#5420,#1254);
#887=LINE('',#5424,#1255);
#888=LINE('',#5428,#1256);
#889=LINE('',#5431,#1257);
#890=LINE('',#5432,#1258);
#891=LINE('',#5436,#1259);
#892=LINE('',#5439,#1260);
#893=LINE('',#5440,#1261);
#894=LINE('',#5444,#1262);
#895=LINE('',#5448,#1263);
#896=LINE('',#5452,#1264);
#897=LINE('',#5455,#1265);
#898=LINE('',#5456,#1266);
#899=VECTOR('',#3583,1.5);
#900=VECTOR('',#3584,8.);
#901=VECTOR('',#3585,1.5);
#902=VECTOR('',#3586,1.2);
#903=VECTOR('',#3587,8.2);
#904=VECTOR('',#3588,1.2);
#905=VECTOR('',#3589,1.5);
#906=VECTOR('',#3590,8.);
#907=VECTOR('',#3591,1.5);
#908=VECTOR('',#3592,1.2);
#909=VECTOR('',#3593,8.2);
#910=VECTOR('',#3594,1.2);
#911=VECTOR('',#3595,0.1872858947178);
#912=VECTOR('',#3602,0.1872858947178);
#913=VECTOR('',#3605,0.1872858947178);
#914=VECTOR('',#3612,0.1872858947178);
#915=VECTOR('',#3615,0.1872858947178);
#916=VECTOR('',#3622,0.1872858947178);
#917=VECTOR('',#3625,0.1872858947178);
#918=VECTOR('',#3632,0.1872858947178);
#919=VECTOR('',#3637,11.2);
#920=VECTOR('',#3638,5.);
#921=VECTOR('',#3639,0.3);
#922=VECTOR('',#3640,8.2);
#923=VECTOR('',#3641,0.3);
#924=VECTOR('',#3642,1.9);
#925=VECTOR('',#3643,5.25);
#926=VECTOR('',#3644,1.4);
#927=VECTOR('',#3645,5.25);
#928=VECTOR('',#3646,1.7);
#929=VECTOR('',#3651,5.25);
#930=VECTOR('',#3654,5.95);
#931=VECTOR('',#3659,0.5);
#932=VECTOR('',#3660,1.4);
#933=VECTOR('',#3661,0.5);
#934=VECTOR('',#3662,1.9);
#935=VECTOR('',#3663,0.5);
#936=VECTOR('',#3664,1.4);
#937=VECTOR('',#3665,0.5);
#938=VECTOR('',#3666,1.7);
#939=VECTOR('',#3669,0.2967949192431);
#940=VECTOR('',#3670,0.95);
#941=VECTOR('',#3671,1.109312370895);
#942=VECTOR('',#3672,0.3906876291051);
#943=VECTOR('',#3673,3.18137525821);
#944=VECTOR('',#3674,3.18137525821);
#945=VECTOR('',#3675,3.075084486289);
#946=VECTOR('',#3676,0.3186247417897);
#947=VECTOR('',#3677,3.075084486289);
#948=VECTOR('',#3678,2.);
#949=VECTOR('',#3679,0.66);
#950=VECTOR('',#3680,1.18137525821);
#951=VECTOR('',#3681,3.84137525821);
#952=VECTOR('',#3682,0.3906876291051);
#953=VECTOR('',#3683,1.109312370895);
#954=VECTOR('',#3684,0.95);
#955=VECTOR('',#3685,0.2967949192431);
#956=VECTOR('',#3690,0.8154803191018);
#957=VECTOR('',#3693,1.77788291562492);
#958=VECTOR('',#3694,0.41);
#959=VECTOR('',#3695,7.4);
#960=VECTOR('',#3696,2.736794919243);
#961=VECTOR('',#3701,1.995);
#962=VECTOR('',#3702,1.31);
#963=VECTOR('',#3705,1.91);
#964=VECTOR('',#3708,1.31);
#965=VECTOR('',#3709,1.995);
#966=VECTOR('',#3712,2.736794919243);
#967=VECTOR('',#3715,7.6);
#968=VECTOR('',#3718,5.95);
#969=VECTOR('',#3719,7.6);
#970=VECTOR('',#3724,5.);
#971=VECTOR('',#3725,0.635);
#972=VECTOR('',#3726,0.635);
#973=VECTOR('',#3727,0.635);
#974=VECTOR('',#3728,0.635);
#975=VECTOR('',#3731,2.2);
#976=VECTOR('',#3734,0.085);
#977=VECTOR('',#3737,0.19);
#978=VECTOR('',#3740,1.68);
#979=VECTOR('',#3743,0.19);
#980=VECTOR('',#3746,0.085);
#981=VECTOR('',#3749,2.2);
#982=VECTOR('',#3752,0.085);
#983=VECTOR('',#3755,0.19);
#984=VECTOR('',#3758,1.68);
#985=VECTOR('',#3761,0.19);
#986=VECTOR('',#3764,0.085);
#987=VECTOR('',#3765,0.635);
#988=VECTOR('',#3766,0.635);
#989=VECTOR('',#3767,0.635);
#990=VECTOR('',#3768,0.635);
#991=VECTOR('',#3771,0.635);
#992=VECTOR('',#3772,5.6);
#993=VECTOR('',#3773,0.635);
#994=VECTOR('',#3774,5.6);
#995=VECTOR('',#3777,0.635);
#996=VECTOR('',#3778,4.6525);
#997=VECTOR('',#3781,1.1425);
#998=VECTOR('',#3782,1.1425);
#999=VECTOR('',#3785,4.6525);
#1000=VECTOR('',#3788,0.848528137423923);
#1001=VECTOR('',#3789,0.235);
#1002=VECTOR('',#3790,0.848528137423923);
#1003=VECTOR('',#3793,0.635);
#1004=VECTOR('',#3794,0.848528137423923);
#1005=VECTOR('',#3795,0.235);
#1006=VECTOR('',#3798,0.235);
#1007=VECTOR('',#3799,0.235);
#1008=VECTOR('',#3802,0.848528137423923);
#1009=VECTOR('',#3803,0.635);
#1010=VECTOR('',#3806,1.1425);
#1011=VECTOR('',#3807,0.635);
#1012=VECTOR('',#3810,5.6);
#1013=VECTOR('',#3811,0.635);
#1014=VECTOR('',#3816,0.635);
#1015=VECTOR('',#3819,0.635);
#1016=VECTOR('',#3820,4.6525);
#1017=VECTOR('',#3823,0.848528137423923);
#1018=VECTOR('',#3824,0.848528137423923);
#1019=VECTOR('',#3825,0.235);
#1020=VECTOR('',#3828,0.235);
#1021=VECTOR('',#3829,0.848528137423923);
#1022=VECTOR('',#3832,0.635);
#1023=VECTOR('',#3833,0.235);
#1024=VECTOR('',#3834,0.848528137423923);
#1025=VECTOR('',#3837,4.6525);
#1026=VECTOR('',#3838,0.635);
#1027=VECTOR('',#3843,0.635);
#1028=VECTOR('',#3846,1.1425);
#1029=VECTOR('',#3849,0.635);
#1030=VECTOR('',#3850,5.6);
#1031=VECTOR('',#3853,0.635);
#1032=VECTOR('',#3854,0.635);
#1033=VECTOR('',#3857,0.635);
#1034=VECTOR('',#3862,2.);
#1035=VECTOR('',#3863,3.04);
#1036=VECTOR('',#3864,3.04);
#1037=VECTOR('',#3865,3.7);
#1038=VECTOR('',#3866,1.04);
#1039=VECTOR('',#3867,0.66);
#1040=VECTOR('',#3870,8.10061685810524);
#1041=VECTOR('',#3871,8.10061685810524);
#1042=VECTOR('',#3874,8.10061685810524);
#1043=VECTOR('',#3877,8.10061685810524);
#1044=VECTOR('',#3880,8.10061685810524);
#1045=VECTOR('',#3883,3.70014089002711);
#1046=VECTOR('',#3884,4.20031985235113);
#1047=VECTOR('',#3885,2.556652844721);
#1048=VECTOR('',#3890,2.869459186282);
#1049=VECTOR('',#3891,5.75683561432905);
#1050=VECTOR('',#3892,1.55536252752993);
#1051=VECTOR('',#3895,0.8154803191018);
#1052=VECTOR('',#3900,2.87120455984);
#1053=VECTOR('',#3911,5.85438213204305);
#1054=VECTOR('',#3916,1.595);
#1055=VECTOR('',#3917,4.70420695479204);
#1056=VECTOR('',#3918,2.31);
#1057=VECTOR('',#3919,4.70420695479204);
#1058=VECTOR('',#3920,1.595);
#1059=VECTOR('',#3921,5.85438213204305);
#1060=VECTOR('',#3922,5.5);
#1061=VECTOR('',#3925,1.595);
#1062=VECTOR('',#3930,1.91);
#1063=VECTOR('',#3933,0.1521425954389);
#1064=VECTOR('',#3934,0.0722559875369);
#1065=VECTOR('',#3935,0.3866943105576);
#1066=VECTOR('',#3936,0.0722559875369);
#1067=VECTOR('',#3937,2.556652844721);
#1068=VECTOR('',#3938,2.87120455984);
#1069=VECTOR('',#3939,1.595);
#1070=VECTOR('',#3940,0.1521425954389);
#1071=VECTOR('',#3945,1.35);
#1072=VECTOR('',#3946,1.35);
#1073=VECTOR('',#3949,1.35);
#1074=VECTOR('',#3952,1.180073324667);
#1075=VECTOR('',#3953,6.25);
#1076=VECTOR('',#3968,5.75683561432905);
#1077=VECTOR('',#3973,2.869459186282);
#1078=VECTOR('',#3974,3.70014089002711);
#1079=VECTOR('',#3977,0.8154803191018);
#1080=VECTOR('',#3980,1.55536252752993);
#1081=VECTOR('',#3983,1.15);
#1082=VECTOR('',#3984,0.95);
#1083=VECTOR('',#3987,0.95);
#1084=VECTOR('',#3988,1.77788291562492);
#1085=VECTOR('',#3989,1.15);
#1086=VECTOR('',#3994,0.41);
#1087=VECTOR('',#3997,6.3);
#1088=VECTOR('',#4000,7.4);
#1089=VECTOR('',#4003,7.4);
#1090=VECTOR('',#4004,2.31);
#1091=VECTOR('',#4005,6.25);
#1092=VECTOR('',#4008,1.35);
#1093=VECTOR('',#4009,1.180073324667);
#1094=VECTOR('',#4016,7.4);
#1095=VECTOR('',#4021,0.8154803191018);
#1096=VECTOR('',#4024,5.25);
#1097=VECTOR('',#4027,11.2);
#1098=VECTOR('',#4030,5.25);
#1099=VECTOR('',#4031,1.4);
#1100=VECTOR('',#4032,5.25);
#1101=VECTOR('',#4033,0.3);
#1102=VECTOR('',#4034,8.2);
#1103=VECTOR('',#4035,0.3);
#1104=VECTOR('',#4038,1.2);
#1105=VECTOR('',#4039,0.3);
#1106=VECTOR('',#4042,8.2);
#1107=VECTOR('',#4043,0.3);
#1108=VECTOR('',#4046,1.2);
#1109=VECTOR('',#4049,1.2);
#1110=VECTOR('',#4050,8.2);
#1111=VECTOR('',#4051,1.2);
#1112=VECTOR('',#4056,0.3);
#1113=VECTOR('',#4059,0.3);
#1114=VECTOR('',#4064,0.5);
#1115=VECTOR('',#4065,5.25);
#1116=VECTOR('',#4068,1.4);
#1117=VECTOR('',#4069,5.25);
#1118=VECTOR('',#4072,0.5);
#1119=VECTOR('',#4075,0.5);
#1120=VECTOR('',#4076,1.4);
#1121=VECTOR('',#4077,0.5);
#1122=VECTOR('',#4082,5.25);
#1123=VECTOR('',#4085,5.25);
#1124=VECTOR('',#4090,0.95);
#1125=VECTOR('',#4093,0.95);
#1126=VECTOR('',#4096,0.95);
#1127=VECTOR('',#4099,0.95);
#1128=VECTOR('',#4106,4.20031985235113);
#1129=VECTOR('',#4107,3.04);
#1130=VECTOR('',#4108,8.10061685810524);
#1131=VECTOR('',#4115,3.04);
#1132=VECTOR('',#4116,8.10061685810524);
#1133=VECTOR('',#4119,3.04);
#1134=VECTOR('',#4120,8.10061685810524);
#1135=VECTOR('',#4123,3.04);
#1136=VECTOR('',#4124,3.90014850570411);
#1137=VECTOR('',#4127,3.90014850570411);
#1138=VECTOR('',#4132,0.635);
#1139=VECTOR('',#4133,0.635);
#1140=VECTOR('',#4134,0.635);
#1141=VECTOR('',#4135,0.635);
#1142=VECTOR('',#4138,0.635);
#1143=VECTOR('',#4139,5.6);
#1144=VECTOR('',#4140,5.6);
#1145=VECTOR('',#4143,0.635);
#1146=VECTOR('',#4144,4.6525);
#1147=VECTOR('',#4147,1.1425);
#1148=VECTOR('',#4148,1.1425);
#1149=VECTOR('',#4151,4.6525);
#1150=VECTOR('',#4154,0.235);
#1151=VECTOR('',#4155,0.848528137423923);
#1152=VECTOR('',#4156,0.848528137423923);
#1153=VECTOR('',#4159,0.235);
#1154=VECTOR('',#4160,0.235);
#1155=VECTOR('',#4161,0.235);
#1156=VECTOR('',#4164,0.848528137423923);
#1157=VECTOR('',#4165,0.635);
#1158=VECTOR('',#4168,1.1425);
#1159=VECTOR('',#4169,0.635);
#1160=VECTOR('',#4172,5.6);
#1161=VECTOR('',#4177,0.635);
#1162=VECTOR('',#4180,0.635);
#1163=VECTOR('',#4181,4.6525);
#1164=VECTOR('',#4184,0.848528137423923);
#1165=VECTOR('',#4185,0.235);
#1166=VECTOR('',#4186,0.848528137423923);
#1167=VECTOR('',#4189,0.235);
#1168=VECTOR('',#4190,0.848528137423923);
#1169=VECTOR('',#4193,0.635);
#1170=VECTOR('',#4194,0.235);
#1171=VECTOR('',#4195,0.848528137423923);
#1172=VECTOR('',#4198,4.6525);
#1173=VECTOR('',#4199,0.635);
#1174=VECTOR('',#4204,0.635);
#1175=VECTOR('',#4207,1.1425);
#1176=VECTOR('',#4210,0.635);
#1177=VECTOR('',#4211,5.6);
#1178=VECTOR('',#4214,0.635);
#1179=VECTOR('',#4217,0.635);
#1180=VECTOR('',#4220,0.848528137423923);
#1181=VECTOR('',#4225,0.235);
#1182=VECTOR('',#4230,0.235);
#1183=VECTOR('',#4235,1.);
#1184=VECTOR('',#4236,1.);
#1185=VECTOR('',#4241,2.2);
#1186=VECTOR('',#4242,1.);
#1187=VECTOR('',#4245,1.);
#1188=VECTOR('',#4250,1.);
#1189=VECTOR('',#4251,0.085);
#1190=VECTOR('',#4254,1.);
#1191=VECTOR('',#4259,1.);
#1192=VECTOR('',#4260,0.19);
#1193=VECTOR('',#4263,1.);
#1194=VECTOR('',#4268,1.3);
#1195=VECTOR('',#4269,0.5);
#1196=VECTOR('',#4270,0.19);
#1197=VECTOR('',#4271,1.);
#1198=VECTOR('',#4272,0.19);
#1199=VECTOR('',#4273,0.5);
#1200=VECTOR('',#4276,1.3);
#1201=VECTOR('',#4279,0.32);
#1202=VECTOR('',#4284,0.32);
#1203=VECTOR('',#4289,0.5);
#1204=VECTOR('',#4290,0.19);
#1205=VECTOR('',#4291,1.);
#1206=VECTOR('',#4292,1.);
#1207=VECTOR('',#4293,0.19);
#1208=VECTOR('',#4294,0.5);
#1209=VECTOR('',#4299,0.5);
#1210=VECTOR('',#4304,0.32);
#1211=VECTOR('',#4307,0.085);
#1212=VECTOR('',#4310,0.19);
#1213=VECTOR('',#4317,0.19);
#1214=VECTOR('',#4320,0.085);
#1215=VECTOR('',#4323,2.2);
#1216=VECTOR('',#4326,0.085);
#1217=VECTOR('',#4329,0.19);
#1218=VECTOR('',#4334,0.32);
#1219=VECTOR('',#4337,0.5);
#1220=VECTOR('',#4340,0.5);
#1221=VECTOR('',#4345,1.);
#1222=VECTOR('',#4348,1.);
#1223=VECTOR('',#4351,1.);
#1224=VECTOR('',#4356,0.5);
#1225=VECTOR('',#4361,1.);
#1226=VECTOR('',#4364,1.);
#1227=VECTOR('',#4367,1.);
#1228=VECTOR('',#4370,1.);
#1229=VECTOR('',#4373,1.);
#1230=VECTOR('',#4376,1.);
#1231=VECTOR('',#4379,1.);
#1232=VECTOR('',#4382,1.);
#1233=VECTOR('',#4385,1.);
#1234=VECTOR('',#4388,1.);
#1235=VECTOR('',#4393,3.17);
#1236=VECTOR('',#4394,0.1872858947178);
#1237=VECTOR('',#4395,3.17);
#1238=VECTOR('',#4400,3.17);
#1239=VECTOR('',#4405,3.17);
#1240=VECTOR('',#4410,3.17);
#1241=VECTOR('',#4413,0.1872858947178);
#1242=VECTOR('',#4414,3.17);
#1243=VECTOR('',#4419,3.17);
#1244=VECTOR('',#4422,0.1872858947178);
#1245=VECTOR('',#4423,3.17);
#1246=VECTOR('',#4428,3.17);
#1247=VECTOR('',#4433,3.17);
#1248=VECTOR('',#4438,3.17);
#1249=VECTOR('',#4441,0.1872858947178);
#1250=VECTOR('',#4442,3.17);
#1251=VECTOR('',#4447,3.17);
#1252=VECTOR('',#4450,0.1872858947178);
#1253=VECTOR('',#4451,3.17);
#1254=VECTOR('',#4456,3.17);
#1255=VECTOR('',#4461,3.17);
#1256=VECTOR('',#4466,3.17);
#1257=VECTOR('',#4469,0.1872858947178);
#1258=VECTOR('',#4470,3.17);
#1259=VECTOR('',#4475,3.17);
#1260=VECTOR('',#4478,0.1872858947178);
#1261=VECTOR('',#4479,3.17);
#1262=VECTOR('',#4484,3.17);
#1263=VECTOR('',#4489,3.17);
#1264=VECTOR('',#4494,3.17);
#1265=VECTOR('',#4497,0.1872858947178);
#1266=VECTOR('',#4498,3.17);
#1267=VERTEX_POINT('',#4507);
#1268=VERTEX_POINT('',#4508);
#1269=VERTEX_POINT('',#4510);
#1270=VERTEX_POINT('',#4512);
#1271=VERTEX_POINT('',#4514);
#1272=VERTEX_POINT('',#4516);
#1273=VERTEX_POINT('',#4518);
#1274=VERTEX_POINT('',#4520);
#1275=VERTEX_POINT('',#4522);
#1276=VERTEX_POINT('',#4524);
#1277=VERTEX_POINT('',#4526);
#1278=VERTEX_POINT('',#4528);
#1279=VERTEX_POINT('',#4531);
#1280=VERTEX_POINT('',#4532);
#1281=VERTEX_POINT('',#4534);
#1282=VERTEX_POINT('',#4536);
#1283=VERTEX_POINT('',#4538);
#1284=VERTEX_POINT('',#4540);
#1285=VERTEX_POINT('',#4542);
#1286=VERTEX_POINT('',#4544);
#1287=VERTEX_POINT('',#4546);
#1288=VERTEX_POINT('',#4548);
#1289=VERTEX_POINT('',#4550);
#1290=VERTEX_POINT('',#4552);
#1291=VERTEX_POINT('',#4554);
#1292=VERTEX_POINT('',#4556);
#1293=VERTEX_POINT('',#4558);
#1294=VERTEX_POINT('',#4560);
#1295=VERTEX_POINT('',#4562);
#1296=VERTEX_POINT('',#4564);
#1297=VERTEX_POINT('',#4566);
#1298=VERTEX_POINT('',#4568);
#1299=VERTEX_POINT('',#4570);
#1300=VERTEX_POINT('',#4572);
#1301=VERTEX_POINT('',#4574);
#1302=VERTEX_POINT('',#4576);
#1303=VERTEX_POINT('',#4580);
#1304=VERTEX_POINT('',#4581);
#1305=VERTEX_POINT('',#4584);
#1306=VERTEX_POINT('',#4586);
#1307=VERTEX_POINT('',#4589);
#1308=VERTEX_POINT('',#4591);
#1309=VERTEX_POINT('',#4593);
#1310=VERTEX_POINT('',#4595);
#1311=VERTEX_POINT('',#4599);
#1312=VERTEX_POINT('',#4601);
#1313=VERTEX_POINT('',#4603);
#1314=VERTEX_POINT('',#4605);
#1315=VERTEX_POINT('',#4609);
#1316=VERTEX_POINT('',#4611);
#1317=VERTEX_POINT('',#4614);
#1318=VERTEX_POINT('',#4616);
#1319=VERTEX_POINT('',#4618);
#1320=VERTEX_POINT('',#4620);
#1321=VERTEX_POINT('',#4622);
#1322=VERTEX_POINT('',#4624);
#1323=VERTEX_POINT('',#4626);
#1324=VERTEX_POINT('',#4628);
#1325=VERTEX_POINT('',#4630);
#1326=VERTEX_POINT('',#4632);
#1327=VERTEX_POINT('',#4634);
#1328=VERTEX_POINT('',#4636);
#1329=VERTEX_POINT('',#4638);
#1330=VERTEX_POINT('',#4640);
#1331=VERTEX_POINT('',#4642);
#1332=VERTEX_POINT('',#4644);
#1333=VERTEX_POINT('',#4646);
#1334=VERTEX_POINT('',#4648);
#1335=VERTEX_POINT('',#4650);
#1336=VERTEX_POINT('',#4652);
#1337=VERTEX_POINT('',#4654);
#1338=VERTEX_POINT('',#4656);
#1339=VERTEX_POINT('',#4660);
#1340=VERTEX_POINT('',#4662);
#1341=VERTEX_POINT('',#4664);
#1342=VERTEX_POINT('',#4666);
#1343=VERTEX_POINT('',#4668);
#1344=VERTEX_POINT('',#4670);
#1345=VERTEX_POINT('',#4674);
#1346=VERTEX_POINT('',#4676);
#1347=VERTEX_POINT('',#4678);
#1348=VERTEX_POINT('',#4680);
#1349=VERTEX_POINT('',#4682);
#1350=VERTEX_POINT('',#4684);
#1351=VERTEX_POINT('',#4686);
#1352=VERTEX_POINT('',#4688);
#1353=VERTEX_POINT('',#4690);
#1354=VERTEX_POINT('',#4692);
#1355=VERTEX_POINT('',#4694);
#1356=VERTEX_POINT('',#4698);
#1357=VERTEX_POINT('',#4702);
#1358=VERTEX_POINT('',#4705);
#1359=VERTEX_POINT('',#4706);
#1360=VERTEX_POINT('',#4708);
#1361=VERTEX_POINT('',#4710);
#1362=VERTEX_POINT('',#4713);
#1363=VERTEX_POINT('',#4714);
#1364=VERTEX_POINT('',#4716);
#1365=VERTEX_POINT('',#4718);
#1366=VERTEX_POINT('',#4720);
#1367=VERTEX_POINT('',#4722);
#1368=VERTEX_POINT('',#4724);
#1369=VERTEX_POINT('',#4726);
#1370=VERTEX_POINT('',#4728);
#1371=VERTEX_POINT('',#4730);
#1372=VERTEX_POINT('',#4732);
#1373=VERTEX_POINT('',#4734);
#1374=VERTEX_POINT('',#4736);
#1375=VERTEX_POINT('',#4738);
#1376=VERTEX_POINT('',#4740);
#1377=VERTEX_POINT('',#4742);
#1378=VERTEX_POINT('',#4744);
#1379=VERTEX_POINT('',#4746);
#1380=VERTEX_POINT('',#4748);
#1381=VERTEX_POINT('',#4750);
#1382=VERTEX_POINT('',#4752);
#1383=VERTEX_POINT('',#4754);
#1384=VERTEX_POINT('',#4756);
#1385=VERTEX_POINT('',#4758);
#1386=VERTEX_POINT('',#4761);
#1387=VERTEX_POINT('',#4762);
#1388=VERTEX_POINT('',#4764);
#1389=VERTEX_POINT('',#4766);
#1390=VERTEX_POINT('',#4770);
#1391=VERTEX_POINT('',#4771);
#1392=VERTEX_POINT('',#4773);
#1393=VERTEX_POINT('',#4775);
#1394=VERTEX_POINT('',#4779);
#1395=VERTEX_POINT('',#4780);
#1396=VERTEX_POINT('',#4782);
#1397=VERTEX_POINT('',#4784);
#1398=VERTEX_POINT('',#4787);
#1399=VERTEX_POINT('',#4789);
#1400=VERTEX_POINT('',#4793);
#1401=VERTEX_POINT('',#4795);
#1402=VERTEX_POINT('',#4799);
#1403=VERTEX_POINT('',#4801);
#1404=VERTEX_POINT('',#4805);
#1405=VERTEX_POINT('',#4809);
#1406=VERTEX_POINT('',#4813);
#1407=VERTEX_POINT('',#4817);
#1408=VERTEX_POINT('',#4821);
#1409=VERTEX_POINT('',#4825);
#1410=VERTEX_POINT('',#4829);
#1411=VERTEX_POINT('',#4831);
#1412=VERTEX_POINT('',#4835);
#1413=VERTEX_POINT('',#4839);
#1414=VERTEX_POINT('',#4841);
#1415=VERTEX_POINT('',#4845);
#1416=VERTEX_POINT('',#4849);
#1417=VERTEX_POINT('',#4855);
#1418=VERTEX_POINT('',#4865);
#1419=VERTEX_POINT('',#4866);
#1420=VERTEX_POINT('',#4868);
#1421=VERTEX_POINT('',#4870);
#1422=VERTEX_POINT('',#4872);
#1423=VERTEX_POINT('',#4874);
#1424=VERTEX_POINT('',#4887);
#1425=VERTEX_POINT('',#4889);
#1426=VERTEX_POINT('',#4891);
#1427=VERTEX_POINT('',#4895);
#1428=VERTEX_POINT('',#4897);
#1429=VERTEX_POINT('',#4899);
#1430=VERTEX_POINT('',#4901);
#1431=VERTEX_POINT('',#4903);
#1432=VERTEX_POINT('',#4907);
#1433=VERTEX_POINT('',#4911);
#1434=VERTEX_POINT('',#4915);
#1435=VERTEX_POINT('',#4919);
#1436=VERTEX_POINT('',#4921);
#1437=VERTEX_POINT('',#4923);
#1438=VERTEX_POINT('',#4925);
#1439=VERTEX_POINT('',#4927);
#1440=VERTEX_POINT('',#4929);
#1441=VERTEX_POINT('',#4933);
#1442=VERTEX_POINT('',#4937);
#1443=VERTEX_POINT('',#4938);
#1444=VERTEX_POINT('',#4940);
#1445=VERTEX_POINT('',#4943);
#1446=VERTEX_POINT('',#4945);
#1447=VERTEX_POINT('',#4947);
#1448=VERTEX_POINT('',#4949);
#1449=VERTEX_POINT('',#4951);
#1450=VERTEX_POINT('',#4953);
#1451=VERTEX_POINT('',#4955);
#1452=VERTEX_POINT('',#4964);
#1453=VERTEX_POINT('',#4971);
#1454=VERTEX_POINT('',#4975);
#1455=VERTEX_POINT('',#4979);
#1456=VERTEX_POINT('',#4982);
#1457=VERTEX_POINT('',#4984);
#1458=VERTEX_POINT('',#4986);
#1459=VERTEX_POINT('',#4993);
#1460=VERTEX_POINT('',#4995);
#1461=VERTEX_POINT('',#4999);
#1462=VERTEX_POINT('',#5001);
#1463=VERTEX_POINT('',#5003);
#1464=VERTEX_POINT('',#5010);
#1465=VERTEX_POINT('',#5021);
#1466=VERTEX_POINT('',#5023);
#1467=VERTEX_POINT('',#5030);
#1468=VERTEX_POINT('',#5032);
#1469=VERTEX_POINT('',#5035);
#1470=VERTEX_POINT('',#5037);
#1471=VERTEX_POINT('',#5041);
#1472=VERTEX_POINT('',#5045);
#1473=VERTEX_POINT('',#5051);
#1474=VERTEX_POINT('',#5053);
#1475=VERTEX_POINT('',#5063);
#1476=VERTEX_POINT('',#5067);
#1477=VERTEX_POINT('',#5073);
#1478=VERTEX_POINT('',#5075);
#1479=VERTEX_POINT('',#5095);
#1480=VERTEX_POINT('',#5097);
#1481=VERTEX_POINT('',#5103);
#1482=VERTEX_POINT('',#5107);
#1483=VERTEX_POINT('',#5117);
#1484=VERTEX_POINT('',#5118);
#1485=VERTEX_POINT('',#5120);
#1486=VERTEX_POINT('',#5122);
#1487=VERTEX_POINT('',#5126);
#1488=VERTEX_POINT('',#5127);
#1489=VERTEX_POINT('',#5132);
#1490=VERTEX_POINT('',#5133);
#1491=VERTEX_POINT('',#5135);
#1492=VERTEX_POINT('',#5137);
#1493=VERTEX_POINT('',#5140);
#1494=VERTEX_POINT('',#5142);
#1495=VERTEX_POINT('',#5146);
#1496=VERTEX_POINT('',#5147);
#1497=VERTEX_POINT('',#5152);
#1498=VERTEX_POINT('',#5154);
#1499=VERTEX_POINT('',#5158);
#1500=VERTEX_POINT('',#5162);
#1501=VERTEX_POINT('',#5168);
#1502=VERTEX_POINT('',#5172);
#1503=VERTEX_POINT('',#5176);
#1504=VERTEX_POINT('',#5178);
#1505=VERTEX_POINT('',#5182);
#1506=VERTEX_POINT('',#5186);
#1507=VERTEX_POINT('',#5188);
#1508=VERTEX_POINT('',#5192);
#1509=VERTEX_POINT('',#5196);
#1510=VERTEX_POINT('',#5202);
#1511=VERTEX_POINT('',#5219);
#1512=VERTEX_POINT('',#5221);
#1513=VERTEX_POINT('',#5225);
#1514=VERTEX_POINT('',#5229);
#1515=VERTEX_POINT('',#5233);
#1516=VERTEX_POINT('',#5237);
#1517=VERTEX_POINT('',#5241);
#1518=VERTEX_POINT('',#5245);
#1519=VERTEX_POINT('',#5249);
#1520=VERTEX_POINT('',#5250);
#1521=VERTEX_POINT('',#5252);
#1522=VERTEX_POINT('',#5254);
#1523=VERTEX_POINT('',#5257);
#1524=VERTEX_POINT('',#5261);
#1525=VERTEX_POINT('',#5262);
#1526=VERTEX_POINT('',#5264);
#1527=VERTEX_POINT('',#5266);
#1528=VERTEX_POINT('',#5269);
#1529=VERTEX_POINT('',#5271);
#1530=VERTEX_POINT('',#5275);
#1531=VERTEX_POINT('',#5277);
#1532=VERTEX_POINT('',#5280);
#1533=VERTEX_POINT('',#5282);
#1534=VERTEX_POINT('',#5286);
#1535=VERTEX_POINT('',#5290);
#1536=VERTEX_POINT('',#5292);
#1537=VERTEX_POINT('',#5295);
#1538=VERTEX_POINT('',#5297);
#1539=VERTEX_POINT('',#5299);
#1540=VERTEX_POINT('',#5303);
#1541=VERTEX_POINT('',#5305);
#1542=VERTEX_POINT('',#5307);
#1543=VERTEX_POINT('',#5309);
#1544=VERTEX_POINT('',#5311);
#1545=VERTEX_POINT('',#5313);
#1546=VERTEX_POINT('',#5315);
#1547=VERTEX_POINT('',#5317);
#1548=VERTEX_POINT('',#5319);
#1549=VERTEX_POINT('',#5321);
#1550=VERTEX_POINT('',#5324);
#1551=VERTEX_POINT('',#5364);
#1552=VERTEX_POINT('',#5366);
#1553=VERTEX_POINT('',#5370);
#1554=VERTEX_POINT('',#5374);
#1555=VERTEX_POINT('',#5378);
#1556=VERTEX_POINT('',#5382);
#1557=VERTEX_POINT('',#5386);
#1558=VERTEX_POINT('',#5390);
#1559=VERTEX_POINT('',#5394);
#1560=VERTEX_POINT('',#5398);
#1561=VERTEX_POINT('',#5402);
#1562=VERTEX_POINT('',#5406);
#1563=VERTEX_POINT('',#5410);
#1564=VERTEX_POINT('',#5414);
#1565=VERTEX_POINT('',#5418);
#1566=VERTEX_POINT('',#5422);
#1567=VERTEX_POINT('',#5426);
#1568=VERTEX_POINT('',#5430);
#1569=VERTEX_POINT('',#5434);
#1570=VERTEX_POINT('',#5438);
#1571=VERTEX_POINT('',#5442);
#1572=VERTEX_POINT('',#5446);
#1573=VERTEX_POINT('',#5450);
#1574=VERTEX_POINT('',#5454);
#1575=EDGE_CURVE('',#1267,#1268,#531,.T.);
#1576=EDGE_CURVE('',#1269,#1267,#532,.T.);
#1577=EDGE_CURVE('',#1270,#1269,#533,.T.);
#1578=EDGE_CURVE('',#1270,#1271,#534,.T.);
#1579=EDGE_CURVE('',#1272,#1271,#535,.T.);
#1580=EDGE_CURVE('',#1273,#1272,#536,.T.);
#1581=EDGE_CURVE('',#1274,#1273,#537,.T.);
#1582=EDGE_CURVE('',#1275,#1274,#538,.T.);
#1583=EDGE_CURVE('',#1276,#1275,#539,.T.);
#1584=EDGE_CURVE('',#1276,#1277,#540,.T.);
#1585=EDGE_CURVE('',#1278,#1277,#541,.T.);
#1586=EDGE_CURVE('',#1268,#1278,#542,.T.);
#1587=EDGE_CURVE('',#1279,#1280,#543,.T.);
#1588=EDGE_CURVE('',#1281,#1279,#77,.T.);
#1589=EDGE_CURVE('',#1282,#1281,#78,.T.);
#1590=EDGE_CURVE('',#1283,#1282,#79,.T.);
#1591=EDGE_CURVE('',#1284,#1283,#544,.T.);
#1592=EDGE_CURVE('',#1284,#1285,#80,.T.);
#1593=EDGE_CURVE('',#1286,#1285,#545,.T.);
#1594=EDGE_CURVE('',#1287,#1286,#81,.T.);
#1595=EDGE_CURVE('',#1288,#1287,#82,.T.);
#1596=EDGE_CURVE('',#1289,#1288,#83,.T.);
#1597=EDGE_CURVE('',#1290,#1289,#546,.T.);
#1598=EDGE_CURVE('',#1290,#1291,#84,.T.);
#1599=EDGE_CURVE('',#1292,#1291,#547,.T.);
#1600=EDGE_CURVE('',#1293,#1292,#85,.T.);
#1601=EDGE_CURVE('',#1294,#1293,#86,.T.);
#1602=EDGE_CURVE('',#1295,#1294,#87,.T.);
#1603=EDGE_CURVE('',#1296,#1295,#548,.T.);
#1604=EDGE_CURVE('',#1296,#1297,#88,.T.);
#1605=EDGE_CURVE('',#1298,#1297,#549,.T.);
#1606=EDGE_CURVE('',#1299,#1298,#89,.T.);
#1607=EDGE_CURVE('',#1300,#1299,#90,.T.);
#1608=EDGE_CURVE('',#1301,#1300,#91,.T.);
#1609=EDGE_CURVE('',#1302,#1301,#550,.T.);
#1610=EDGE_CURVE('',#1302,#1280,#92,.T.);
#1611=EDGE_CURVE('',#1303,#1304,#551,.T.);
#1612=EDGE_CURVE('',#1267,#1303,#552,.T.);
#1613=EDGE_CURVE('',#1268,#1305,#553,.T.);
#1614=EDGE_CURVE('',#1306,#1305,#554,.T.);
#1615=EDGE_CURVE('',#1276,#1306,#555,.T.);
#1616=EDGE_CURVE('',#1275,#1307,#556,.T.);
#1617=EDGE_CURVE('',#1307,#1308,#557,.T.);
#1618=EDGE_CURVE('',#1308,#1309,#558,.T.);
#1619=EDGE_CURVE('',#1310,#1309,#559,.T.);
#1620=EDGE_CURVE('',#1310,#1304,#560,.T.);
#1621=EDGE_CURVE('',#1311,#1304,#93,.T.);
#1622=EDGE_CURVE('',#1312,#1311,#561,.T.);
#1623=EDGE_CURVE('',#1313,#1312,#94,.T.);
#1624=EDGE_CURVE('',#1314,#1313,#562,.T.);
#1625=EDGE_CURVE('',#1303,#1314,#95,.T.);
#1626=EDGE_CURVE('',#1310,#1315,#563,.T.);
#1627=EDGE_CURVE('',#1315,#1316,#564,.T.);
#1628=EDGE_CURVE('',#1316,#1307,#565,.T.);
#1629=EDGE_CURVE('',#1274,#1317,#566,.T.);
#1630=EDGE_CURVE('',#1317,#1318,#567,.T.);
#1631=EDGE_CURVE('',#1318,#1319,#568,.T.);
#1632=EDGE_CURVE('',#1319,#1320,#569,.T.);
#1633=EDGE_CURVE('',#1320,#1321,#570,.T.);
#1634=EDGE_CURVE('',#1321,#1322,#96,.T.);
#1635=EDGE_CURVE('',#1322,#1323,#571,.T.);
#1636=EDGE_CURVE('',#1324,#1323,#572,.T.);
#1637=EDGE_CURVE('',#1324,#1325,#573,.T.);
#1638=EDGE_CURVE('',#1326,#1325,#574,.T.);
#1639=EDGE_CURVE('',#1327,#1326,#575,.T.);
#1640=EDGE_CURVE('',#1328,#1327,#576,.T.);
#1641=EDGE_CURVE('',#1329,#1328,#577,.T.);
#1642=EDGE_CURVE('',#1330,#1329,#578,.T.);
#1643=EDGE_CURVE('',#1331,#1330,#579,.T.);
#1644=EDGE_CURVE('',#1332,#1331,#580,.T.);
#1645=EDGE_CURVE('',#1333,#1332,#581,.T.);
#1646=EDGE_CURVE('',#1334,#1333,#582,.T.);
#1647=EDGE_CURVE('',#1334,#1335,#583,.T.);
#1648=EDGE_CURVE('',#1336,#1335,#584,.T.);
#1649=EDGE_CURVE('',#1337,#1336,#585,.T.);
#1650=EDGE_CURVE('',#1338,#1337,#586,.T.);
#1651=EDGE_CURVE('',#1338,#1311,#587,.T.);
#1652=EDGE_CURVE('',#1339,#1338,#97,.T.);
#1653=EDGE_CURVE('',#1340,#1339,#588,.T.);
#1654=EDGE_CURVE('',#1341,#1340,#98,.T.);
#1655=EDGE_CURVE('',#1342,#1341,#589,.T.);
#1656=EDGE_CURVE('',#1343,#1342,#590,.T.);
#1657=EDGE_CURVE('',#1343,#1344,#591,.T.);
#1658=EDGE_CURVE('',#1312,#1344,#592,.T.);
#1659=EDGE_CURVE('',#1344,#1345,#99,.T.);
#1660=EDGE_CURVE('',#1345,#1346,#593,.T.);
#1661=EDGE_CURVE('',#1346,#1347,#594,.T.);
#1662=EDGE_CURVE('',#1347,#1348,#100,.T.);
#1663=EDGE_CURVE('',#1349,#1348,#595,.T.);
#1664=EDGE_CURVE('',#1349,#1350,#101,.T.);
#1665=EDGE_CURVE('',#1351,#1350,#596,.T.);
#1666=EDGE_CURVE('',#1351,#1352,#597,.T.);
#1667=EDGE_CURVE('',#1352,#1353,#102,.T.);
#1668=EDGE_CURVE('',#1353,#1354,#598,.T.);
#1669=EDGE_CURVE('',#1354,#1355,#103,.T.);
#1670=EDGE_CURVE('',#1313,#1355,#599,.T.);
#1671=EDGE_CURVE('',#1355,#1356,#600,.T.);
#1672=EDGE_CURVE('',#1356,#1314,#601,.T.);
#1673=EDGE_CURVE('',#1356,#1357,#104,.T.);
#1674=EDGE_CURVE('',#1269,#1357,#602,.T.);
#1675=EDGE_CURVE('',#1358,#1359,#603,.T.);
#1676=EDGE_CURVE('',#1358,#1360,#604,.T.);
#1677=EDGE_CURVE('',#1360,#1361,#605,.T.);
#1678=EDGE_CURVE('',#1359,#1361,#606,.T.);
#1679=EDGE_CURVE('',#1362,#1363,#105,.T.);
#1680=EDGE_CURVE('',#1364,#1362,#607,.T.);
#1681=EDGE_CURVE('',#1365,#1364,#106,.T.);
#1682=EDGE_CURVE('',#1366,#1365,#608,.T.);
#1683=EDGE_CURVE('',#1367,#1366,#107,.T.);
#1684=EDGE_CURVE('',#1368,#1367,#609,.T.);
#1685=EDGE_CURVE('',#1368,#1369,#108,.T.);
#1686=EDGE_CURVE('',#1370,#1369,#610,.T.);
#1687=EDGE_CURVE('',#1370,#1371,#109,.T.);
#1688=EDGE_CURVE('',#1372,#1371,#611,.T.);
#1689=EDGE_CURVE('',#1373,#1372,#110,.T.);
#1690=EDGE_CURVE('',#1374,#1373,#612,.T.);
#1691=EDGE_CURVE('',#1375,#1374,#111,.T.);
#1692=EDGE_CURVE('',#1376,#1375,#613,.T.);
#1693=EDGE_CURVE('',#1377,#1376,#112,.T.);
#1694=EDGE_CURVE('',#1378,#1377,#614,.T.);
#1695=EDGE_CURVE('',#1379,#1378,#113,.T.);
#1696=EDGE_CURVE('',#1380,#1379,#615,.T.);
#1697=EDGE_CURVE('',#1380,#1381,#114,.T.);
#1698=EDGE_CURVE('',#1382,#1381,#616,.T.);
#1699=EDGE_CURVE('',#1382,#1383,#115,.T.);
#1700=EDGE_CURVE('',#1384,#1383,#617,.T.);
#1701=EDGE_CURVE('',#1385,#1384,#116,.T.);
#1702=EDGE_CURVE('',#1363,#1385,#618,.T.);
#1703=EDGE_CURVE('',#1386,#1387,#619,.T.);
#1704=EDGE_CURVE('',#1386,#1388,#620,.T.);
#1705=EDGE_CURVE('',#1388,#1389,#621,.T.);
#1706=EDGE_CURVE('',#1387,#1389,#622,.T.);
#1707=EDGE_CURVE('',#1390,#1391,#623,.T.);
#1708=EDGE_CURVE('',#1392,#1391,#624,.T.);
#1709=EDGE_CURVE('',#1393,#1392,#625,.T.);
#1710=EDGE_CURVE('',#1390,#1393,#626,.T.);
#1711=EDGE_CURVE('',#1394,#1395,#627,.T.);
#1712=EDGE_CURVE('',#1396,#1395,#628,.T.);
#1713=EDGE_CURVE('',#1397,#1396,#117,.T.);
#1714=EDGE_CURVE('',#1386,#1397,#629,.T.);
#1715=EDGE_CURVE('',#1398,#1387,#630,.T.);
#1716=EDGE_CURVE('',#1399,#1398,#118,.T.);
#1717=EDGE_CURVE('',#1394,#1399,#631,.T.);
#1718=EDGE_CURVE('',#1400,#1390,#632,.T.);
#1719=EDGE_CURVE('',#1400,#1401,#633,.T.);
#1720=EDGE_CURVE('',#1391,#1401,#634,.T.);
#1721=EDGE_CURVE('',#1402,#1390,#635,.T.);
#1722=EDGE_CURVE('',#1402,#1403,#636,.T.);
#1723=EDGE_CURVE('',#1403,#1400,#637,.T.);
#1724=EDGE_CURVE('',#1404,#1401,#638,.T.);
#1725=EDGE_CURVE('',#1404,#1403,#639,.T.);
#1726=EDGE_CURVE('',#1404,#1405,#640,.T.);
#1727=EDGE_CURVE('',#1405,#1391,#641,.T.);
#1728=EDGE_CURVE('',#1406,#1389,#642,.T.);
#1729=EDGE_CURVE('',#1398,#1406,#643,.T.);
#1730=EDGE_CURVE('',#1407,#1405,#644,.T.);
#1731=EDGE_CURVE('',#1392,#1407,#645,.T.);
#1732=EDGE_CURVE('',#1408,#1406,#119,.T.);
#1733=EDGE_CURVE('',#1399,#1408,#646,.T.);
#1734=EDGE_CURVE('',#1409,#1394,#647,.T.);
#1735=EDGE_CURVE('',#1409,#1408,#648,.T.);
#1736=EDGE_CURVE('',#1410,#1394,#649,.T.);
#1737=EDGE_CURVE('',#1409,#1411,#650,.T.);
#1738=EDGE_CURVE('',#1411,#1410,#651,.T.);
#1739=EDGE_CURVE('',#1410,#1412,#652,.T.);
#1740=EDGE_CURVE('',#1412,#1395,#653,.T.);
#1741=EDGE_CURVE('',#1413,#1395,#654,.T.);
#1742=EDGE_CURVE('',#1414,#1412,#655,.T.);
#1743=EDGE_CURVE('',#1414,#1413,#656,.T.);
#1744=EDGE_CURVE('',#1415,#1413,#657,.T.);
#1745=EDGE_CURVE('',#1396,#1415,#658,.T.);
#1746=EDGE_CURVE('',#1416,#1415,#120,.T.);
#1747=EDGE_CURVE('',#1397,#1416,#659,.T.);
#1748=EDGE_CURVE('',#1388,#1416,#660,.T.);
#1749=EDGE_CURVE('',#1393,#1417,#661,.T.);
#1750=EDGE_CURVE('',#1402,#1417,#662,.T.);
#1751=EDGE_CURVE('',#1405,#1402,#663,.T.);
#1752=EDGE_CURVE('',#1417,#1407,#664,.T.);
#1753=EDGE_CURVE('',#1413,#1409,#665,.T.);
#1754=EDGE_CURVE('',#1418,#1419,#666,.T.);
#1755=EDGE_CURVE('',#1420,#1418,#667,.T.);
#1756=EDGE_CURVE('',#1421,#1420,#668,.T.);
#1757=EDGE_CURVE('',#1421,#1422,#669,.T.);
#1758=EDGE_CURVE('',#1423,#1422,#670,.T.);
#1759=EDGE_CURVE('',#1419,#1423,#671,.T.);
#1760=EDGE_CURVE('',#1419,#1332,#672,.T.);
#1761=EDGE_CURVE('',#1331,#1418,#673,.T.);
#1762=EDGE_CURVE('',#1333,#1423,#674,.T.);
#1763=EDGE_CURVE('',#1334,#1422,#675,.T.);
#1764=EDGE_CURVE('',#1335,#1421,#676,.T.);
#1765=EDGE_CURVE('',#1424,#1336,#677,.T.);
#1766=EDGE_CURVE('',#1425,#1420,#678,.T.);
#1767=EDGE_CURVE('',#1426,#1425,#679,.T.);
#1768=EDGE_CURVE('',#1426,#1424,#121,.T.);
#1769=EDGE_CURVE('',#1427,#1424,#680,.T.);
#1770=EDGE_CURVE('',#1428,#1427,#681,.T.);
#1771=EDGE_CURVE('',#1428,#1429,#682,.T.);
#1772=EDGE_CURVE('',#1429,#1430,#122,.T.);
#1773=EDGE_CURVE('',#1430,#1431,#683,.T.);
#1774=EDGE_CURVE('',#1337,#1431,#123,.T.);
#1775=EDGE_CURVE('',#1432,#1426,#684,.T.);
#1776=EDGE_CURVE('',#1427,#1432,#124,.T.);
#1777=EDGE_CURVE('',#1432,#1433,#125,.T.);
#1778=EDGE_CURVE('',#1433,#1427,#126,.T.);
#1779=EDGE_CURVE('',#1434,#1433,#685,.T.);
#1780=EDGE_CURVE('',#1428,#1434,#15,.T.);
#1781=EDGE_CURVE('',#1435,#1433,#686,.T.);
#1782=EDGE_CURVE('',#1435,#1436,#687,.T.);
#1783=EDGE_CURVE('',#1436,#1437,#688,.T.);
#1784=EDGE_CURVE('',#1438,#1437,#689,.T.);
#1785=EDGE_CURVE('',#1439,#1438,#690,.T.);
#1786=EDGE_CURVE('',#1439,#1440,#691,.T.);
#1787=EDGE_CURVE('',#1434,#1440,#692,.T.);
#1788=EDGE_CURVE('',#1441,#1432,#693,.T.);
#1789=EDGE_CURVE('',#1435,#1441,#127,.T.);
#1790=EDGE_CURVE('',#1442,#1443,#694,.T.);
#1791=EDGE_CURVE('',#1443,#1444,#128,.T.);
#1792=EDGE_CURVE('',#1441,#1444,#695,.T.);
#1793=EDGE_CURVE('',#1445,#1425,#696,.T.);
#1794=EDGE_CURVE('',#1445,#1446,#697,.T.);
#1795=EDGE_CURVE('',#1446,#1447,#698,.T.);
#1796=EDGE_CURVE('',#1447,#1448,#699,.T.);
#1797=EDGE_CURVE('',#1448,#1449,#700,.T.);
#1798=EDGE_CURVE('',#1449,#1450,#701,.T.);
#1799=EDGE_CURVE('',#1450,#1451,#702,.T.);
#1800=EDGE_CURVE('',#1451,#1442,#129,.T.);
#1801=EDGE_CURVE('',#1349,#1442,#703,.T.);
#1802=EDGE_CURVE('',#1443,#1348,#704,.T.);
#1803=EDGE_CURVE('',#1350,#1451,#705,.T.);
#1804=EDGE_CURVE('',#1452,#1437,#706,.T.);
#1805=EDGE_CURVE('',#1351,#1452,#707,.T.);
#1806=EDGE_CURVE('',#1450,#1438,#130,.T.);
#1807=EDGE_CURVE('',#1439,#1449,#131,.T.);
#1808=EDGE_CURVE('',#1449,#1453,#132,.T.);
#1809=EDGE_CURVE('',#1453,#1439,#133,.T.);
#1810=EDGE_CURVE('',#1453,#1454,#708,.T.);
#1811=EDGE_CURVE('',#1440,#1454,#16,.T.);
#1812=EDGE_CURVE('',#1455,#1453,#709,.T.);
#1813=EDGE_CURVE('',#1455,#1325,#710,.T.);
#1814=EDGE_CURVE('',#1324,#1456,#134,.T.);
#1815=EDGE_CURVE('',#1457,#1456,#711,.T.);
#1816=EDGE_CURVE('',#1458,#1457,#135,.T.);
#1817=EDGE_CURVE('',#1454,#1458,#712,.T.);
#1818=EDGE_CURVE('',#1342,#1434,#713,.T.);
#1819=EDGE_CURVE('',#1341,#1429,#714,.T.);
#1820=EDGE_CURVE('',#1458,#1459,#715,.T.);
#1821=EDGE_CURVE('',#1460,#1459,#716,.T.);
#1822=EDGE_CURVE('',#1440,#1460,#717,.T.);
#1823=EDGE_CURVE('',#1461,#1343,#136,.T.);
#1824=EDGE_CURVE('',#1462,#1460,#718,.T.);
#1825=EDGE_CURVE('',#1462,#1463,#137,.T.);
#1826=EDGE_CURVE('',#1461,#1463,#719,.T.);
#1827=EDGE_CURVE('',#1461,#1345,#720,.T.);
#1828=EDGE_CURVE('',#1352,#1463,#721,.T.);
#1829=EDGE_CURVE('',#1464,#1452,#722,.T.);
#1830=EDGE_CURVE('',#1346,#1464,#723,.T.);
#1831=EDGE_CURVE('',#1444,#1347,#724,.T.);
#1832=EDGE_CURVE('',#1464,#1436,#725,.T.);
#1833=EDGE_CURVE('',#1353,#1462,#726,.T.);
#1834=EDGE_CURVE('',#1459,#1465,#138,.T.);
#1835=EDGE_CURVE('',#1465,#1466,#727,.T.);
#1836=EDGE_CURVE('',#1466,#1323,#139,.T.);
#1837=EDGE_CURVE('',#1322,#1354,#728,.T.);
#1838=EDGE_CURVE('',#1321,#1357,#729,.T.);
#1839=EDGE_CURVE('',#1320,#1467,#730,.T.);
#1840=EDGE_CURVE('',#1468,#1467,#731,.T.);
#1841=EDGE_CURVE('',#1317,#1468,#732,.T.);
#1842=EDGE_CURVE('',#1273,#1469,#733,.T.);
#1843=EDGE_CURVE('',#1470,#1469,#734,.T.);
#1844=EDGE_CURVE('',#1270,#1470,#735,.T.);
#1845=EDGE_CURVE('',#1471,#1470,#736,.T.);
#1846=EDGE_CURVE('',#1271,#1471,#737,.T.);
#1847=EDGE_CURVE('',#1472,#1471,#738,.T.);
#1848=EDGE_CURVE('',#1272,#1472,#739,.T.);
#1849=EDGE_CURVE('',#1469,#1472,#740,.T.);
#1850=EDGE_CURVE('',#1305,#1473,#741,.T.);
#1851=EDGE_CURVE('',#1473,#1474,#742,.T.);
#1852=EDGE_CURVE('',#1474,#1306,#743,.T.);
#1853=EDGE_CURVE('',#1277,#1474,#744,.T.);
#1854=EDGE_CURVE('',#1278,#1473,#745,.T.);
#1855=EDGE_CURVE('',#1468,#1475,#746,.T.);
#1856=EDGE_CURVE('',#1318,#1475,#747,.T.);
#1857=EDGE_CURVE('',#1476,#1475,#748,.T.);
#1858=EDGE_CURVE('',#1319,#1476,#749,.T.);
#1859=EDGE_CURVE('',#1467,#1476,#750,.T.);
#1860=EDGE_CURVE('',#1477,#1308,#751,.T.);
#1861=EDGE_CURVE('',#1477,#1478,#752,.T.);
#1862=EDGE_CURVE('',#1478,#1309,#753,.T.);
#1863=EDGE_CURVE('',#1315,#1478,#754,.T.);
#1864=EDGE_CURVE('',#1316,#1477,#755,.T.);
#1865=EDGE_CURVE('',#1339,#1431,#756,.T.);
#1866=EDGE_CURVE('',#1456,#1466,#757,.T.);
#1867=EDGE_CURVE('',#1340,#1430,#758,.T.);
#1868=EDGE_CURVE('',#1457,#1465,#759,.T.);
#1869=EDGE_CURVE('',#1447,#1479,#760,.T.);
#1870=EDGE_CURVE('',#1479,#1480,#761,.T.);
#1871=EDGE_CURVE('',#1326,#1480,#762,.T.);
#1872=EDGE_CURVE('',#1455,#1448,#140,.T.);
#1873=EDGE_CURVE('',#1480,#1481,#763,.T.);
#1874=EDGE_CURVE('',#1327,#1481,#764,.T.);
#1875=EDGE_CURVE('',#1481,#1482,#765,.T.);
#1876=EDGE_CURVE('',#1328,#1482,#766,.T.);
#1877=EDGE_CURVE('',#1482,#1479,#767,.T.);
#1878=EDGE_CURVE('',#1446,#1329,#768,.T.);
#1879=EDGE_CURVE('',#1330,#1445,#769,.T.);
#1880=EDGE_CURVE('',#1483,#1484,#770,.T.);
#1881=EDGE_CURVE('',#1484,#1485,#771,.T.);
#1882=EDGE_CURVE('',#1486,#1485,#772,.T.);
#1883=EDGE_CURVE('',#1483,#1486,#773,.T.);
#1884=EDGE_CURVE('',#1487,#1488,#774,.T.);
#1885=EDGE_CURVE('',#1484,#1488,#775,.T.);
#1886=EDGE_CURVE('',#1487,#1483,#776,.T.);
#1887=EDGE_CURVE('',#1489,#1490,#777,.T.);
#1888=EDGE_CURVE('',#1491,#1490,#778,.T.);
#1889=EDGE_CURVE('',#1492,#1491,#141,.T.);
#1890=EDGE_CURVE('',#1358,#1492,#779,.T.);
#1891=EDGE_CURVE('',#1493,#1359,#780,.T.);
#1892=EDGE_CURVE('',#1494,#1493,#142,.T.);
#1893=EDGE_CURVE('',#1489,#1494,#781,.T.);
#1894=EDGE_CURVE('',#1495,#1496,#782,.T.);
#1895=EDGE_CURVE('',#1488,#1496,#783,.T.);
#1896=EDGE_CURVE('',#1495,#1487,#784,.T.);
#1897=EDGE_CURVE('',#1497,#1496,#785,.T.);
#1898=EDGE_CURVE('',#1498,#1495,#786,.T.);
#1899=EDGE_CURVE('',#1497,#1498,#787,.T.);
#1900=EDGE_CURVE('',#1497,#1499,#788,.T.);
#1901=EDGE_CURVE('',#1499,#1488,#789,.T.);
#1902=EDGE_CURVE('',#1500,#1361,#790,.T.);
#1903=EDGE_CURVE('',#1493,#1500,#791,.T.);
#1904=EDGE_CURVE('',#1485,#1499,#792,.T.);
#1905=EDGE_CURVE('',#1501,#1500,#143,.T.);
#1906=EDGE_CURVE('',#1494,#1501,#793,.T.);
#1907=EDGE_CURVE('',#1502,#1489,#794,.T.);
#1908=EDGE_CURVE('',#1502,#1501,#795,.T.);
#1909=EDGE_CURVE('',#1502,#1503,#796,.T.);
#1910=EDGE_CURVE('',#1503,#1504,#797,.T.);
#1911=EDGE_CURVE('',#1504,#1489,#798,.T.);
#1912=EDGE_CURVE('',#1504,#1505,#799,.T.);
#1913=EDGE_CURVE('',#1505,#1490,#800,.T.);
#1914=EDGE_CURVE('',#1506,#1490,#801,.T.);
#1915=EDGE_CURVE('',#1507,#1505,#802,.T.);
#1916=EDGE_CURVE('',#1507,#1506,#803,.T.);
#1917=EDGE_CURVE('',#1508,#1506,#804,.T.);
#1918=EDGE_CURVE('',#1491,#1508,#805,.T.);
#1919=EDGE_CURVE('',#1509,#1508,#144,.T.);
#1920=EDGE_CURVE('',#1492,#1509,#806,.T.);
#1921=EDGE_CURVE('',#1360,#1509,#807,.T.);
#1922=EDGE_CURVE('',#1510,#1487,#808,.T.);
#1923=EDGE_CURVE('',#1510,#1486,#809,.T.);
#1924=EDGE_CURVE('',#1499,#1510,#810,.T.);
#1925=EDGE_CURVE('',#1506,#1502,#811,.T.);
#1926=EDGE_CURVE('',#1510,#1498,#812,.T.);
#1927=EDGE_CURVE('',#1507,#1503,#813,.T.);
#1928=EDGE_CURVE('',#1414,#1411,#814,.T.);
#1929=EDGE_CURVE('',#1362,#1511,#815,.T.);
#1930=EDGE_CURVE('',#1363,#1512,#816,.T.);
#1931=EDGE_CURVE('',#1511,#1512,#145,.T.);
#1932=EDGE_CURVE('',#1513,#1511,#817,.T.);
#1933=EDGE_CURVE('',#1364,#1513,#818,.T.);
#1934=EDGE_CURVE('',#1365,#1514,#819,.T.);
#1935=EDGE_CURVE('',#1514,#1513,#146,.T.);
#1936=EDGE_CURVE('',#1366,#1515,#820,.T.);
#1937=EDGE_CURVE('',#1515,#1514,#821,.T.);
#1938=EDGE_CURVE('',#1367,#1516,#822,.T.);
#1939=EDGE_CURVE('',#1516,#1515,#147,.T.);
#1940=EDGE_CURVE('',#1368,#1517,#823,.T.);
#1941=EDGE_CURVE('',#1517,#1516,#824,.T.);
#1942=EDGE_CURVE('',#1369,#1518,#825,.T.);
#1943=EDGE_CURVE('',#1518,#1517,#148,.T.);
#1944=EDGE_CURVE('',#1519,#1520,#826,.T.);
#1945=EDGE_CURVE('',#1521,#1519,#827,.T.);
#1946=EDGE_CURVE('',#1522,#1521,#828,.T.);
#1947=EDGE_CURVE('',#1370,#1522,#829,.T.);
#1948=EDGE_CURVE('',#1523,#1518,#830,.T.);
#1949=EDGE_CURVE('',#1523,#1520,#831,.T.);
#1950=EDGE_CURVE('',#1524,#1525,#832,.T.);
#1951=EDGE_CURVE('',#1524,#1526,#149,.T.);
#1952=EDGE_CURVE('',#1526,#1527,#833,.T.);
#1953=EDGE_CURVE('',#1527,#1519,#150,.T.);
#1954=EDGE_CURVE('',#1520,#1528,#151,.T.);
#1955=EDGE_CURVE('',#1528,#1529,#834,.T.);
#1956=EDGE_CURVE('',#1529,#1525,#152,.T.);
#1957=EDGE_CURVE('',#1530,#1525,#835,.T.);
#1958=EDGE_CURVE('',#1531,#1530,#836,.T.);
#1959=EDGE_CURVE('',#1382,#1531,#837,.T.);
#1960=EDGE_CURVE('',#1381,#1532,#838,.T.);
#1961=EDGE_CURVE('',#1533,#1532,#839,.T.);
#1962=EDGE_CURVE('',#1533,#1524,#840,.T.);
#1963=EDGE_CURVE('',#1534,#1533,#153,.T.);
#1964=EDGE_CURVE('',#1534,#1526,#841,.T.);
#1965=EDGE_CURVE('',#1530,#1535,#154,.T.);
#1966=EDGE_CURVE('',#1536,#1535,#842,.T.);
#1967=EDGE_CURVE('',#1536,#1523,#155,.T.);
#1968=EDGE_CURVE('',#1512,#1537,#843,.T.);
#1969=EDGE_CURVE('',#1537,#1538,#156,.T.);
#1970=EDGE_CURVE('',#1538,#1539,#844,.T.);
#1971=EDGE_CURVE('',#1539,#1531,#157,.T.);
#1972=EDGE_CURVE('',#1532,#1540,#158,.T.);
#1973=EDGE_CURVE('',#1540,#1541,#845,.T.);
#1974=EDGE_CURVE('',#1541,#1542,#159,.T.);
#1975=EDGE_CURVE('',#1542,#1543,#846,.T.);
#1976=EDGE_CURVE('',#1543,#1544,#160,.T.);
#1977=EDGE_CURVE('',#1544,#1545,#847,.T.);
#1978=EDGE_CURVE('',#1545,#1546,#161,.T.);
#1979=EDGE_CURVE('',#1546,#1547,#848,.T.);
#1980=EDGE_CURVE('',#1547,#1548,#162,.T.);
#1981=EDGE_CURVE('',#1548,#1549,#849,.T.);
#1982=EDGE_CURVE('',#1549,#1522,#163,.T.);
#1983=EDGE_CURVE('',#1521,#1550,#164,.T.);
#1984=EDGE_CURVE('',#1534,#1550,#850,.T.);
#1985=EDGE_CURVE('',#1535,#1529,#851,.T.);
#1986=EDGE_CURVE('',#1536,#1528,#852,.T.);
#1987=EDGE_CURVE('',#1383,#1539,#853,.T.);
#1988=EDGE_CURVE('',#1384,#1538,#854,.T.);
#1989=EDGE_CURVE('',#1385,#1537,#855,.T.);
#1990=EDGE_CURVE('',#1550,#1527,#856,.T.);
#1991=EDGE_CURVE('',#1371,#1549,#857,.T.);
#1992=EDGE_CURVE('',#1372,#1548,#858,.T.);
#1993=EDGE_CURVE('',#1373,#1547,#859,.T.);
#1994=EDGE_CURVE('',#1374,#1546,#860,.T.);
#1995=EDGE_CURVE('',#1375,#1545,#861,.T.);
#1996=EDGE_CURVE('',#1376,#1544,#862,.T.);
#1997=EDGE_CURVE('',#1377,#1543,#863,.T.);
#1998=EDGE_CURVE('',#1378,#1542,#864,.T.);
#1999=EDGE_CURVE('',#1379,#1541,#865,.T.);
#2000=EDGE_CURVE('',#1380,#1540,#866,.T.);
#2001=EDGE_CURVE('',#1280,#1551,#867,.T.);
#2002=EDGE_CURVE('',#1552,#1551,#868,.T.);
#2003=EDGE_CURVE('',#1279,#1552,#869,.T.);
#2004=EDGE_CURVE('',#1553,#1552,#165,.T.);
#2005=EDGE_CURVE('',#1281,#1553,#870,.T.);
#2006=EDGE_CURVE('',#1554,#1553,#166,.T.);
#2007=EDGE_CURVE('',#1282,#1554,#871,.T.);
#2008=EDGE_CURVE('',#1555,#1554,#167,.T.);
#2009=EDGE_CURVE('',#1283,#1555,#872,.T.);
#2010=EDGE_CURVE('',#1556,#1555,#873,.T.);
#2011=EDGE_CURVE('',#1284,#1556,#874,.T.);
#2012=EDGE_CURVE('',#1557,#1556,#168,.T.);
#2013=EDGE_CURVE('',#1285,#1557,#875,.T.);
#2014=EDGE_CURVE('',#1558,#1557,#876,.T.);
#2015=EDGE_CURVE('',#1286,#1558,#877,.T.);
#2016=EDGE_CURVE('',#1559,#1558,#169,.T.);
#2017=EDGE_CURVE('',#1287,#1559,#878,.T.);
#2018=EDGE_CURVE('',#1560,#1559,#170,.T.);
#2019=EDGE_CURVE('',#1288,#1560,#879,.T.);
#2020=EDGE_CURVE('',#1561,#1560,#171,.T.);
#2021=EDGE_CURVE('',#1289,#1561,#880,.T.);
#2022=EDGE_CURVE('',#1562,#1561,#881,.T.);
#2023=EDGE_CURVE('',#1290,#1562,#882,.T.);
#2024=EDGE_CURVE('',#1563,#1562,#172,.T.);
#2025=EDGE_CURVE('',#1291,#1563,#883,.T.);
#2026=EDGE_CURVE('',#1564,#1563,#884,.T.);
#2027=EDGE_CURVE('',#1292,#1564,#885,.T.);
#2028=EDGE_CURVE('',#1565,#1564,#173,.T.);
#2029=EDGE_CURVE('',#1293,#1565,#886,.T.);
#2030=EDGE_CURVE('',#1566,#1565,#174,.T.);
#2031=EDGE_CURVE('',#1294,#1566,#887,.T.);
#2032=EDGE_CURVE('',#1567,#1566,#175,.T.);
#2033=EDGE_CURVE('',#1295,#1567,#888,.T.);
#2034=EDGE_CURVE('',#1568,#1567,#889,.T.);
#2035=EDGE_CURVE('',#1296,#1568,#890,.T.);
#2036=EDGE_CURVE('',#1569,#1568,#176,.T.);
#2037=EDGE_CURVE('',#1297,#1569,#891,.T.);
#2038=EDGE_CURVE('',#1570,#1569,#892,.T.);
#2039=EDGE_CURVE('',#1298,#1570,#893,.T.);
#2040=EDGE_CURVE('',#1571,#1570,#177,.T.);
#2041=EDGE_CURVE('',#1299,#1571,#894,.T.);
#2042=EDGE_CURVE('',#1572,#1571,#178,.T.);
#2043=EDGE_CURVE('',#1300,#1572,#895,.T.);
#2044=EDGE_CURVE('',#1573,#1572,#179,.T.);
#2045=EDGE_CURVE('',#1301,#1573,#896,.T.);
#2046=EDGE_CURVE('',#1574,#1573,#897,.T.);
#2047=EDGE_CURVE('',#1302,#1574,#898,.T.);
#2048=EDGE_CURVE('',#1551,#1574,#180,.T.);
#2049=ORIENTED_EDGE('',*,*,#1575,.F.);
#2050=ORIENTED_EDGE('',*,*,#1576,.F.);
#2051=ORIENTED_EDGE('',*,*,#1577,.F.);
#2052=ORIENTED_EDGE('',*,*,#1578,.T.);
#2053=ORIENTED_EDGE('',*,*,#1579,.F.);
#2054=ORIENTED_EDGE('',*,*,#1580,.F.);
#2055=ORIENTED_EDGE('',*,*,#1581,.F.);
#2056=ORIENTED_EDGE('',*,*,#1582,.F.);
#2057=ORIENTED_EDGE('',*,*,#1583,.F.);
#2058=ORIENTED_EDGE('',*,*,#1584,.T.);
#2059=ORIENTED_EDGE('',*,*,#1585,.F.);
#2060=ORIENTED_EDGE('',*,*,#1586,.F.);
#2061=ORIENTED_EDGE('',*,*,#1587,.F.);
#2062=ORIENTED_EDGE('',*,*,#1588,.F.);
#2063=ORIENTED_EDGE('',*,*,#1589,.F.);
#2064=ORIENTED_EDGE('',*,*,#1590,.F.);
#2065=ORIENTED_EDGE('',*,*,#1591,.F.);
#2066=ORIENTED_EDGE('',*,*,#1592,.T.);
#2067=ORIENTED_EDGE('',*,*,#1593,.F.);
#2068=ORIENTED_EDGE('',*,*,#1594,.F.);
#2069=ORIENTED_EDGE('',*,*,#1595,.F.);
#2070=ORIENTED_EDGE('',*,*,#1596,.F.);
#2071=ORIENTED_EDGE('',*,*,#1597,.F.);
#2072=ORIENTED_EDGE('',*,*,#1598,.T.);
#2073=ORIENTED_EDGE('',*,*,#1599,.F.);
#2074=ORIENTED_EDGE('',*,*,#1600,.F.);
#2075=ORIENTED_EDGE('',*,*,#1601,.F.);
#2076=ORIENTED_EDGE('',*,*,#1602,.F.);
#2077=ORIENTED_EDGE('',*,*,#1603,.F.);
#2078=ORIENTED_EDGE('',*,*,#1604,.T.);
#2079=ORIENTED_EDGE('',*,*,#1605,.F.);
#2080=ORIENTED_EDGE('',*,*,#1606,.F.);
#2081=ORIENTED_EDGE('',*,*,#1607,.F.);
#2082=ORIENTED_EDGE('',*,*,#1608,.F.);
#2083=ORIENTED_EDGE('',*,*,#1609,.F.);
#2084=ORIENTED_EDGE('',*,*,#1610,.T.);
#2085=ORIENTED_EDGE('',*,*,#1611,.F.);
#2086=ORIENTED_EDGE('',*,*,#1612,.F.);
#2087=ORIENTED_EDGE('',*,*,#1575,.T.);
#2088=ORIENTED_EDGE('',*,*,#1613,.T.);
#2089=ORIENTED_EDGE('',*,*,#1614,.F.);
#2090=ORIENTED_EDGE('',*,*,#1615,.F.);
#2091=ORIENTED_EDGE('',*,*,#1583,.T.);
#2092=ORIENTED_EDGE('',*,*,#1616,.T.);
#2093=ORIENTED_EDGE('',*,*,#1617,.T.);
#2094=ORIENTED_EDGE('',*,*,#1618,.T.);
#2095=ORIENTED_EDGE('',*,*,#1619,.F.);
#2096=ORIENTED_EDGE('',*,*,#1620,.T.);
#2097=ORIENTED_EDGE('',*,*,#1621,.F.);
#2098=ORIENTED_EDGE('',*,*,#1622,.F.);
#2099=ORIENTED_EDGE('',*,*,#1623,.F.);
#2100=ORIENTED_EDGE('',*,*,#1624,.F.);
#2101=ORIENTED_EDGE('',*,*,#1625,.F.);
#2102=ORIENTED_EDGE('',*,*,#1611,.T.);
#2103=ORIENTED_EDGE('',*,*,#1621,.T.);
#2104=ORIENTED_EDGE('',*,*,#1620,.F.);
#2105=ORIENTED_EDGE('',*,*,#1626,.T.);
#2106=ORIENTED_EDGE('',*,*,#1627,.T.);
#2107=ORIENTED_EDGE('',*,*,#1628,.T.);
#2108=ORIENTED_EDGE('',*,*,#1616,.F.);
#2109=ORIENTED_EDGE('',*,*,#1582,.T.);
#2110=ORIENTED_EDGE('',*,*,#1629,.T.);
#2111=ORIENTED_EDGE('',*,*,#1630,.T.);
#2112=ORIENTED_EDGE('',*,*,#1631,.T.);
#2113=ORIENTED_EDGE('',*,*,#1632,.T.);
#2114=ORIENTED_EDGE('',*,*,#1633,.T.);
#2115=ORIENTED_EDGE('',*,*,#1634,.T.);
#2116=ORIENTED_EDGE('',*,*,#1635,.T.);
#2117=ORIENTED_EDGE('',*,*,#1636,.F.);
#2118=ORIENTED_EDGE('',*,*,#1637,.T.);
#2119=ORIENTED_EDGE('',*,*,#1638,.F.);
#2120=ORIENTED_EDGE('',*,*,#1639,.F.);
#2121=ORIENTED_EDGE('',*,*,#1640,.F.);
#2122=ORIENTED_EDGE('',*,*,#1641,.F.);
#2123=ORIENTED_EDGE('',*,*,#1642,.F.);
#2124=ORIENTED_EDGE('',*,*,#1643,.F.);
#2125=ORIENTED_EDGE('',*,*,#1644,.F.);
#2126=ORIENTED_EDGE('',*,*,#1645,.F.);
#2127=ORIENTED_EDGE('',*,*,#1646,.F.);
#2128=ORIENTED_EDGE('',*,*,#1647,.T.);
#2129=ORIENTED_EDGE('',*,*,#1648,.F.);
#2130=ORIENTED_EDGE('',*,*,#1649,.F.);
#2131=ORIENTED_EDGE('',*,*,#1650,.F.);
#2132=ORIENTED_EDGE('',*,*,#1651,.T.);
#2133=ORIENTED_EDGE('',*,*,#1651,.F.);
#2134=ORIENTED_EDGE('',*,*,#1652,.F.);
#2135=ORIENTED_EDGE('',*,*,#1653,.F.);
#2136=ORIENTED_EDGE('',*,*,#1654,.F.);
#2137=ORIENTED_EDGE('',*,*,#1655,.F.);
#2138=ORIENTED_EDGE('',*,*,#1656,.F.);
#2139=ORIENTED_EDGE('',*,*,#1657,.T.);
#2140=ORIENTED_EDGE('',*,*,#1658,.F.);
#2141=ORIENTED_EDGE('',*,*,#1622,.T.);
#2142=ORIENTED_EDGE('',*,*,#1658,.T.);
#2143=ORIENTED_EDGE('',*,*,#1659,.T.);
#2144=ORIENTED_EDGE('',*,*,#1660,.T.);
#2145=ORIENTED_EDGE('',*,*,#1661,.T.);
#2146=ORIENTED_EDGE('',*,*,#1662,.T.);
#2147=ORIENTED_EDGE('',*,*,#1663,.F.);
#2148=ORIENTED_EDGE('',*,*,#1664,.T.);
#2149=ORIENTED_EDGE('',*,*,#1665,.F.);
#2150=ORIENTED_EDGE('',*,*,#1666,.T.);
#2151=ORIENTED_EDGE('',*,*,#1667,.T.);
#2152=ORIENTED_EDGE('',*,*,#1668,.T.);
#2153=ORIENTED_EDGE('',*,*,#1669,.T.);
#2154=ORIENTED_EDGE('',*,*,#1670,.F.);
#2155=ORIENTED_EDGE('',*,*,#1623,.T.);
#2156=ORIENTED_EDGE('',*,*,#1624,.T.);
#2157=ORIENTED_EDGE('',*,*,#1670,.T.);
#2158=ORIENTED_EDGE('',*,*,#1671,.T.);
#2159=ORIENTED_EDGE('',*,*,#1672,.T.);
#2160=ORIENTED_EDGE('',*,*,#1625,.T.);
#2161=ORIENTED_EDGE('',*,*,#1672,.F.);
#2162=ORIENTED_EDGE('',*,*,#1673,.T.);
#2163=ORIENTED_EDGE('',*,*,#1674,.F.);
#2164=ORIENTED_EDGE('',*,*,#1576,.T.);
#2165=ORIENTED_EDGE('',*,*,#1612,.T.);
#2166=ORIENTED_EDGE('',*,*,#1675,.F.);
#2167=ORIENTED_EDGE('',*,*,#1676,.T.);
#2168=ORIENTED_EDGE('',*,*,#1677,.T.);
#2169=ORIENTED_EDGE('',*,*,#1678,.F.);
#2170=ORIENTED_EDGE('',*,*,#1679,.F.);
#2171=ORIENTED_EDGE('',*,*,#1680,.F.);
#2172=ORIENTED_EDGE('',*,*,#1681,.F.);
#2173=ORIENTED_EDGE('',*,*,#1682,.F.);
#2174=ORIENTED_EDGE('',*,*,#1683,.F.);
#2175=ORIENTED_EDGE('',*,*,#1684,.F.);
#2176=ORIENTED_EDGE('',*,*,#1685,.T.);
#2177=ORIENTED_EDGE('',*,*,#1686,.F.);
#2178=ORIENTED_EDGE('',*,*,#1687,.T.);
#2179=ORIENTED_EDGE('',*,*,#1688,.F.);
#2180=ORIENTED_EDGE('',*,*,#1689,.F.);
#2181=ORIENTED_EDGE('',*,*,#1690,.F.);
#2182=ORIENTED_EDGE('',*,*,#1691,.F.);
#2183=ORIENTED_EDGE('',*,*,#1692,.F.);
#2184=ORIENTED_EDGE('',*,*,#1693,.F.);
#2185=ORIENTED_EDGE('',*,*,#1694,.F.);
#2186=ORIENTED_EDGE('',*,*,#1695,.F.);
#2187=ORIENTED_EDGE('',*,*,#1696,.F.);
#2188=ORIENTED_EDGE('',*,*,#1697,.T.);
#2189=ORIENTED_EDGE('',*,*,#1698,.F.);
#2190=ORIENTED_EDGE('',*,*,#1699,.T.);
#2191=ORIENTED_EDGE('',*,*,#1700,.F.);
#2192=ORIENTED_EDGE('',*,*,#1701,.F.);
#2193=ORIENTED_EDGE('',*,*,#1702,.F.);
#2194=ORIENTED_EDGE('',*,*,#1703,.F.);
#2195=ORIENTED_EDGE('',*,*,#1704,.T.);
#2196=ORIENTED_EDGE('',*,*,#1705,.T.);
#2197=ORIENTED_EDGE('',*,*,#1706,.F.);
#2198=ORIENTED_EDGE('',*,*,#1707,.T.);
#2199=ORIENTED_EDGE('',*,*,#1708,.F.);
#2200=ORIENTED_EDGE('',*,*,#1709,.F.);
#2201=ORIENTED_EDGE('',*,*,#1710,.F.);
#2202=ORIENTED_EDGE('',*,*,#1711,.T.);
#2203=ORIENTED_EDGE('',*,*,#1712,.F.);
#2204=ORIENTED_EDGE('',*,*,#1713,.F.);
#2205=ORIENTED_EDGE('',*,*,#1714,.F.);
#2206=ORIENTED_EDGE('',*,*,#1703,.T.);
#2207=ORIENTED_EDGE('',*,*,#1715,.F.);
#2208=ORIENTED_EDGE('',*,*,#1716,.F.);
#2209=ORIENTED_EDGE('',*,*,#1717,.F.);
#2210=ORIENTED_EDGE('',*,*,#1718,.F.);
#2211=ORIENTED_EDGE('',*,*,#1719,.T.);
#2212=ORIENTED_EDGE('',*,*,#1720,.F.);
#2213=ORIENTED_EDGE('',*,*,#1707,.F.);
#2214=ORIENTED_EDGE('',*,*,#1718,.T.);
#2215=ORIENTED_EDGE('',*,*,#1721,.F.);
#2216=ORIENTED_EDGE('',*,*,#1722,.T.);
#2217=ORIENTED_EDGE('',*,*,#1723,.T.);
#2218=ORIENTED_EDGE('',*,*,#1724,.T.);
#2219=ORIENTED_EDGE('',*,*,#1719,.F.);
#2220=ORIENTED_EDGE('',*,*,#1723,.F.);
#2221=ORIENTED_EDGE('',*,*,#1725,.F.);
#2222=ORIENTED_EDGE('',*,*,#1720,.T.);
#2223=ORIENTED_EDGE('',*,*,#1724,.F.);
#2224=ORIENTED_EDGE('',*,*,#1726,.T.);
#2225=ORIENTED_EDGE('',*,*,#1727,.T.);
#2226=ORIENTED_EDGE('',*,*,#1706,.T.);
#2227=ORIENTED_EDGE('',*,*,#1728,.F.);
#2228=ORIENTED_EDGE('',*,*,#1729,.F.);
#2229=ORIENTED_EDGE('',*,*,#1715,.T.);
#2230=ORIENTED_EDGE('',*,*,#1727,.F.);
#2231=ORIENTED_EDGE('',*,*,#1730,.F.);
#2232=ORIENTED_EDGE('',*,*,#1731,.F.);
#2233=ORIENTED_EDGE('',*,*,#1708,.T.);
#2234=ORIENTED_EDGE('',*,*,#1716,.T.);
#2235=ORIENTED_EDGE('',*,*,#1729,.T.);
#2236=ORIENTED_EDGE('',*,*,#1732,.F.);
#2237=ORIENTED_EDGE('',*,*,#1733,.F.);
#2238=ORIENTED_EDGE('',*,*,#1734,.T.);
#2239=ORIENTED_EDGE('',*,*,#1717,.T.);
#2240=ORIENTED_EDGE('',*,*,#1733,.T.);
#2241=ORIENTED_EDGE('',*,*,#1735,.F.);
#2242=ORIENTED_EDGE('',*,*,#1736,.T.);
#2243=ORIENTED_EDGE('',*,*,#1734,.F.);
#2244=ORIENTED_EDGE('',*,*,#1737,.T.);
#2245=ORIENTED_EDGE('',*,*,#1738,.T.);
#2246=ORIENTED_EDGE('',*,*,#1736,.F.);
#2247=ORIENTED_EDGE('',*,*,#1739,.T.);
#2248=ORIENTED_EDGE('',*,*,#1740,.T.);
#2249=ORIENTED_EDGE('',*,*,#1711,.F.);
#2250=ORIENTED_EDGE('',*,*,#1741,.T.);
#2251=ORIENTED_EDGE('',*,*,#1740,.F.);
#2252=ORIENTED_EDGE('',*,*,#1742,.F.);
#2253=ORIENTED_EDGE('',*,*,#1743,.T.);
#2254=ORIENTED_EDGE('',*,*,#1741,.F.);
#2255=ORIENTED_EDGE('',*,*,#1744,.F.);
#2256=ORIENTED_EDGE('',*,*,#1745,.F.);
#2257=ORIENTED_EDGE('',*,*,#1712,.T.);
#2258=ORIENTED_EDGE('',*,*,#1713,.T.);
#2259=ORIENTED_EDGE('',*,*,#1745,.T.);
#2260=ORIENTED_EDGE('',*,*,#1746,.F.);
#2261=ORIENTED_EDGE('',*,*,#1747,.F.);
#2262=ORIENTED_EDGE('',*,*,#1704,.F.);
#2263=ORIENTED_EDGE('',*,*,#1714,.T.);
#2264=ORIENTED_EDGE('',*,*,#1747,.T.);
#2265=ORIENTED_EDGE('',*,*,#1748,.F.);
#2266=ORIENTED_EDGE('',*,*,#1721,.T.);
#2267=ORIENTED_EDGE('',*,*,#1710,.T.);
#2268=ORIENTED_EDGE('',*,*,#1749,.T.);
#2269=ORIENTED_EDGE('',*,*,#1750,.F.);
#2270=ORIENTED_EDGE('',*,*,#1751,.T.);
#2271=ORIENTED_EDGE('',*,*,#1750,.T.);
#2272=ORIENTED_EDGE('',*,*,#1752,.T.);
#2273=ORIENTED_EDGE('',*,*,#1730,.T.);
#2274=ORIENTED_EDGE('',*,*,#1753,.T.);
#2275=ORIENTED_EDGE('',*,*,#1735,.T.);
#2276=ORIENTED_EDGE('',*,*,#1732,.T.);
#2277=ORIENTED_EDGE('',*,*,#1728,.T.);
#2278=ORIENTED_EDGE('',*,*,#1705,.F.);
#2279=ORIENTED_EDGE('',*,*,#1748,.T.);
#2280=ORIENTED_EDGE('',*,*,#1746,.T.);
#2281=ORIENTED_EDGE('',*,*,#1744,.T.);
#2282=ORIENTED_EDGE('',*,*,#1726,.F.);
#2283=ORIENTED_EDGE('',*,*,#1725,.T.);
#2284=ORIENTED_EDGE('',*,*,#1722,.F.);
#2285=ORIENTED_EDGE('',*,*,#1751,.F.);
#2286=ORIENTED_EDGE('',*,*,#1754,.F.);
#2287=ORIENTED_EDGE('',*,*,#1755,.F.);
#2288=ORIENTED_EDGE('',*,*,#1756,.F.);
#2289=ORIENTED_EDGE('',*,*,#1757,.T.);
#2290=ORIENTED_EDGE('',*,*,#1758,.F.);
#2291=ORIENTED_EDGE('',*,*,#1759,.F.);
#2292=ORIENTED_EDGE('',*,*,#1709,.T.);
#2293=ORIENTED_EDGE('',*,*,#1731,.T.);
#2294=ORIENTED_EDGE('',*,*,#1752,.F.);
#2295=ORIENTED_EDGE('',*,*,#1749,.F.);
#2296=ORIENTED_EDGE('',*,*,#1760,.T.);
#2297=ORIENTED_EDGE('',*,*,#1644,.T.);
#2298=ORIENTED_EDGE('',*,*,#1761,.T.);
#2299=ORIENTED_EDGE('',*,*,#1754,.T.);
#2300=ORIENTED_EDGE('',*,*,#1645,.T.);
#2301=ORIENTED_EDGE('',*,*,#1760,.F.);
#2302=ORIENTED_EDGE('',*,*,#1759,.T.);
#2303=ORIENTED_EDGE('',*,*,#1762,.F.);
#2304=ORIENTED_EDGE('',*,*,#1646,.T.);
#2305=ORIENTED_EDGE('',*,*,#1762,.T.);
#2306=ORIENTED_EDGE('',*,*,#1758,.T.);
#2307=ORIENTED_EDGE('',*,*,#1763,.F.);
#2308=ORIENTED_EDGE('',*,*,#1757,.F.);
#2309=ORIENTED_EDGE('',*,*,#1764,.F.);
#2310=ORIENTED_EDGE('',*,*,#1647,.F.);
#2311=ORIENTED_EDGE('',*,*,#1763,.T.);
#2312=ORIENTED_EDGE('',*,*,#1765,.T.);
#2313=ORIENTED_EDGE('',*,*,#1648,.T.);
#2314=ORIENTED_EDGE('',*,*,#1764,.T.);
#2315=ORIENTED_EDGE('',*,*,#1756,.T.);
#2316=ORIENTED_EDGE('',*,*,#1766,.F.);
#2317=ORIENTED_EDGE('',*,*,#1767,.F.);
#2318=ORIENTED_EDGE('',*,*,#1768,.T.);
#2319=ORIENTED_EDGE('',*,*,#1769,.F.);
#2320=ORIENTED_EDGE('',*,*,#1770,.F.);
#2321=ORIENTED_EDGE('',*,*,#1771,.T.);
#2322=ORIENTED_EDGE('',*,*,#1772,.T.);
#2323=ORIENTED_EDGE('',*,*,#1773,.T.);
#2324=ORIENTED_EDGE('',*,*,#1774,.F.);
#2325=ORIENTED_EDGE('',*,*,#1649,.T.);
#2326=ORIENTED_EDGE('',*,*,#1765,.F.);
#2327=ORIENTED_EDGE('',*,*,#1769,.T.);
#2328=ORIENTED_EDGE('',*,*,#1768,.F.);
#2329=ORIENTED_EDGE('',*,*,#1775,.F.);
#2330=ORIENTED_EDGE('',*,*,#1776,.F.);
#2331=ORIENTED_EDGE('',*,*,#1776,.T.);
#2332=ORIENTED_EDGE('',*,*,#1777,.T.);
#2333=ORIENTED_EDGE('',*,*,#1778,.T.);
#2334=ORIENTED_EDGE('',*,*,#1779,.F.);
#2335=ORIENTED_EDGE('',*,*,#1780,.F.);
#2336=ORIENTED_EDGE('',*,*,#1770,.T.);
#2337=ORIENTED_EDGE('',*,*,#1778,.F.);
#2338=ORIENTED_EDGE('',*,*,#1781,.F.);
#2339=ORIENTED_EDGE('',*,*,#1782,.T.);
#2340=ORIENTED_EDGE('',*,*,#1783,.T.);
#2341=ORIENTED_EDGE('',*,*,#1784,.F.);
#2342=ORIENTED_EDGE('',*,*,#1785,.F.);
#2343=ORIENTED_EDGE('',*,*,#1786,.T.);
#2344=ORIENTED_EDGE('',*,*,#1787,.F.);
#2345=ORIENTED_EDGE('',*,*,#1779,.T.);
#2346=ORIENTED_EDGE('',*,*,#1788,.F.);
#2347=ORIENTED_EDGE('',*,*,#1789,.F.);
#2348=ORIENTED_EDGE('',*,*,#1781,.T.);
#2349=ORIENTED_EDGE('',*,*,#1777,.F.);
#2350=ORIENTED_EDGE('',*,*,#1790,.T.);
#2351=ORIENTED_EDGE('',*,*,#1791,.T.);
#2352=ORIENTED_EDGE('',*,*,#1792,.F.);
#2353=ORIENTED_EDGE('',*,*,#1788,.T.);
#2354=ORIENTED_EDGE('',*,*,#1775,.T.);
#2355=ORIENTED_EDGE('',*,*,#1767,.T.);
#2356=ORIENTED_EDGE('',*,*,#1793,.F.);
#2357=ORIENTED_EDGE('',*,*,#1794,.T.);
#2358=ORIENTED_EDGE('',*,*,#1795,.T.);
#2359=ORIENTED_EDGE('',*,*,#1796,.T.);
#2360=ORIENTED_EDGE('',*,*,#1797,.T.);
#2361=ORIENTED_EDGE('',*,*,#1798,.T.);
#2362=ORIENTED_EDGE('',*,*,#1799,.T.);
#2363=ORIENTED_EDGE('',*,*,#1800,.T.);
#2364=ORIENTED_EDGE('',*,*,#1801,.F.);
#2365=ORIENTED_EDGE('',*,*,#1663,.T.);
#2366=ORIENTED_EDGE('',*,*,#1802,.F.);
#2367=ORIENTED_EDGE('',*,*,#1790,.F.);
#2368=ORIENTED_EDGE('',*,*,#1801,.T.);
#2369=ORIENTED_EDGE('',*,*,#1800,.F.);
#2370=ORIENTED_EDGE('',*,*,#1803,.F.);
#2371=ORIENTED_EDGE('',*,*,#1664,.F.);
#2372=ORIENTED_EDGE('',*,*,#1784,.T.);
#2373=ORIENTED_EDGE('',*,*,#1804,.F.);
#2374=ORIENTED_EDGE('',*,*,#1805,.F.);
#2375=ORIENTED_EDGE('',*,*,#1665,.T.);
#2376=ORIENTED_EDGE('',*,*,#1803,.T.);
#2377=ORIENTED_EDGE('',*,*,#1799,.F.);
#2378=ORIENTED_EDGE('',*,*,#1806,.T.);
#2379=ORIENTED_EDGE('',*,*,#1785,.T.);
#2380=ORIENTED_EDGE('',*,*,#1806,.F.);
#2381=ORIENTED_EDGE('',*,*,#1798,.F.);
#2382=ORIENTED_EDGE('',*,*,#1807,.F.);
#2383=ORIENTED_EDGE('',*,*,#1807,.T.);
#2384=ORIENTED_EDGE('',*,*,#1808,.T.);
#2385=ORIENTED_EDGE('',*,*,#1809,.T.);
#2386=ORIENTED_EDGE('',*,*,#1810,.T.);
#2387=ORIENTED_EDGE('',*,*,#1811,.F.);
#2388=ORIENTED_EDGE('',*,*,#1786,.F.);
#2389=ORIENTED_EDGE('',*,*,#1809,.F.);
#2390=ORIENTED_EDGE('',*,*,#1810,.F.);
#2391=ORIENTED_EDGE('',*,*,#1812,.F.);
#2392=ORIENTED_EDGE('',*,*,#1813,.T.);
#2393=ORIENTED_EDGE('',*,*,#1637,.F.);
#2394=ORIENTED_EDGE('',*,*,#1814,.T.);
#2395=ORIENTED_EDGE('',*,*,#1815,.F.);
#2396=ORIENTED_EDGE('',*,*,#1816,.F.);
#2397=ORIENTED_EDGE('',*,*,#1817,.F.);
#2398=ORIENTED_EDGE('',*,*,#1818,.F.);
#2399=ORIENTED_EDGE('',*,*,#1655,.T.);
#2400=ORIENTED_EDGE('',*,*,#1819,.T.);
#2401=ORIENTED_EDGE('',*,*,#1771,.F.);
#2402=ORIENTED_EDGE('',*,*,#1780,.T.);
#2403=ORIENTED_EDGE('',*,*,#1817,.T.);
#2404=ORIENTED_EDGE('',*,*,#1820,.T.);
#2405=ORIENTED_EDGE('',*,*,#1821,.F.);
#2406=ORIENTED_EDGE('',*,*,#1822,.F.);
#2407=ORIENTED_EDGE('',*,*,#1811,.T.);
#2408=ORIENTED_EDGE('',*,*,#1823,.T.);
#2409=ORIENTED_EDGE('',*,*,#1656,.T.);
#2410=ORIENTED_EDGE('',*,*,#1818,.T.);
#2411=ORIENTED_EDGE('',*,*,#1787,.T.);
#2412=ORIENTED_EDGE('',*,*,#1822,.T.);
#2413=ORIENTED_EDGE('',*,*,#1824,.F.);
#2414=ORIENTED_EDGE('',*,*,#1825,.T.);
#2415=ORIENTED_EDGE('',*,*,#1826,.F.);
#2416=ORIENTED_EDGE('',*,*,#1659,.F.);
#2417=ORIENTED_EDGE('',*,*,#1657,.F.);
#2418=ORIENTED_EDGE('',*,*,#1823,.F.);
#2419=ORIENTED_EDGE('',*,*,#1827,.T.);
#2420=ORIENTED_EDGE('',*,*,#1827,.F.);
#2421=ORIENTED_EDGE('',*,*,#1826,.T.);
#2422=ORIENTED_EDGE('',*,*,#1828,.F.);
#2423=ORIENTED_EDGE('',*,*,#1666,.F.);
#2424=ORIENTED_EDGE('',*,*,#1805,.T.);
#2425=ORIENTED_EDGE('',*,*,#1829,.F.);
#2426=ORIENTED_EDGE('',*,*,#1830,.F.);
#2427=ORIENTED_EDGE('',*,*,#1660,.F.);
#2428=ORIENTED_EDGE('',*,*,#1831,.T.);
#2429=ORIENTED_EDGE('',*,*,#1661,.F.);
#2430=ORIENTED_EDGE('',*,*,#1830,.T.);
#2431=ORIENTED_EDGE('',*,*,#1832,.T.);
#2432=ORIENTED_EDGE('',*,*,#1782,.F.);
#2433=ORIENTED_EDGE('',*,*,#1789,.T.);
#2434=ORIENTED_EDGE('',*,*,#1792,.T.);
#2435=ORIENTED_EDGE('',*,*,#1802,.T.);
#2436=ORIENTED_EDGE('',*,*,#1662,.F.);
#2437=ORIENTED_EDGE('',*,*,#1831,.F.);
#2438=ORIENTED_EDGE('',*,*,#1791,.F.);
#2439=ORIENTED_EDGE('',*,*,#1829,.T.);
#2440=ORIENTED_EDGE('',*,*,#1804,.T.);
#2441=ORIENTED_EDGE('',*,*,#1783,.F.);
#2442=ORIENTED_EDGE('',*,*,#1832,.F.);
#2443=ORIENTED_EDGE('',*,*,#1825,.F.);
#2444=ORIENTED_EDGE('',*,*,#1833,.F.);
#2445=ORIENTED_EDGE('',*,*,#1667,.F.);
#2446=ORIENTED_EDGE('',*,*,#1828,.T.);
#2447=ORIENTED_EDGE('',*,*,#1668,.F.);
#2448=ORIENTED_EDGE('',*,*,#1833,.T.);
#2449=ORIENTED_EDGE('',*,*,#1824,.T.);
#2450=ORIENTED_EDGE('',*,*,#1821,.T.);
#2451=ORIENTED_EDGE('',*,*,#1834,.T.);
#2452=ORIENTED_EDGE('',*,*,#1835,.T.);
#2453=ORIENTED_EDGE('',*,*,#1836,.T.);
#2454=ORIENTED_EDGE('',*,*,#1635,.F.);
#2455=ORIENTED_EDGE('',*,*,#1837,.T.);
#2456=ORIENTED_EDGE('',*,*,#1673,.F.);
#2457=ORIENTED_EDGE('',*,*,#1671,.F.);
#2458=ORIENTED_EDGE('',*,*,#1669,.F.);
#2459=ORIENTED_EDGE('',*,*,#1837,.F.);
#2460=ORIENTED_EDGE('',*,*,#1634,.F.);
#2461=ORIENTED_EDGE('',*,*,#1838,.T.);
#2462=ORIENTED_EDGE('',*,*,#1838,.F.);
#2463=ORIENTED_EDGE('',*,*,#1633,.F.);
#2464=ORIENTED_EDGE('',*,*,#1839,.T.);
#2465=ORIENTED_EDGE('',*,*,#1840,.F.);
#2466=ORIENTED_EDGE('',*,*,#1841,.F.);
#2467=ORIENTED_EDGE('',*,*,#1629,.F.);
#2468=ORIENTED_EDGE('',*,*,#1581,.T.);
#2469=ORIENTED_EDGE('',*,*,#1842,.T.);
#2470=ORIENTED_EDGE('',*,*,#1843,.F.);
#2471=ORIENTED_EDGE('',*,*,#1844,.F.);
#2472=ORIENTED_EDGE('',*,*,#1577,.T.);
#2473=ORIENTED_EDGE('',*,*,#1674,.T.);
#2474=ORIENTED_EDGE('',*,*,#1578,.F.);
#2475=ORIENTED_EDGE('',*,*,#1844,.T.);
#2476=ORIENTED_EDGE('',*,*,#1845,.F.);
#2477=ORIENTED_EDGE('',*,*,#1846,.F.);
#2478=ORIENTED_EDGE('',*,*,#1579,.T.);
#2479=ORIENTED_EDGE('',*,*,#1846,.T.);
#2480=ORIENTED_EDGE('',*,*,#1847,.F.);
#2481=ORIENTED_EDGE('',*,*,#1848,.F.);
#2482=ORIENTED_EDGE('',*,*,#1580,.T.);
#2483=ORIENTED_EDGE('',*,*,#1848,.T.);
#2484=ORIENTED_EDGE('',*,*,#1849,.F.);
#2485=ORIENTED_EDGE('',*,*,#1842,.F.);
#2486=ORIENTED_EDGE('',*,*,#1614,.T.);
#2487=ORIENTED_EDGE('',*,*,#1850,.T.);
#2488=ORIENTED_EDGE('',*,*,#1851,.T.);
#2489=ORIENTED_EDGE('',*,*,#1852,.T.);
#2490=ORIENTED_EDGE('',*,*,#1849,.T.);
#2491=ORIENTED_EDGE('',*,*,#1847,.T.);
#2492=ORIENTED_EDGE('',*,*,#1845,.T.);
#2493=ORIENTED_EDGE('',*,*,#1843,.T.);
#2494=ORIENTED_EDGE('',*,*,#1584,.F.);
#2495=ORIENTED_EDGE('',*,*,#1615,.T.);
#2496=ORIENTED_EDGE('',*,*,#1852,.F.);
#2497=ORIENTED_EDGE('',*,*,#1853,.F.);
#2498=ORIENTED_EDGE('',*,*,#1585,.T.);
#2499=ORIENTED_EDGE('',*,*,#1853,.T.);
#2500=ORIENTED_EDGE('',*,*,#1851,.F.);
#2501=ORIENTED_EDGE('',*,*,#1854,.F.);
#2502=ORIENTED_EDGE('',*,*,#1586,.T.);
#2503=ORIENTED_EDGE('',*,*,#1854,.T.);
#2504=ORIENTED_EDGE('',*,*,#1850,.F.);
#2505=ORIENTED_EDGE('',*,*,#1613,.F.);
#2506=ORIENTED_EDGE('',*,*,#1841,.T.);
#2507=ORIENTED_EDGE('',*,*,#1855,.T.);
#2508=ORIENTED_EDGE('',*,*,#1856,.F.);
#2509=ORIENTED_EDGE('',*,*,#1630,.F.);
#2510=ORIENTED_EDGE('',*,*,#1631,.F.);
#2511=ORIENTED_EDGE('',*,*,#1856,.T.);
#2512=ORIENTED_EDGE('',*,*,#1857,.F.);
#2513=ORIENTED_EDGE('',*,*,#1858,.F.);
#2514=ORIENTED_EDGE('',*,*,#1839,.F.);
#2515=ORIENTED_EDGE('',*,*,#1632,.F.);
#2516=ORIENTED_EDGE('',*,*,#1858,.T.);
#2517=ORIENTED_EDGE('',*,*,#1859,.F.);
#2518=ORIENTED_EDGE('',*,*,#1618,.F.);
#2519=ORIENTED_EDGE('',*,*,#1860,.F.);
#2520=ORIENTED_EDGE('',*,*,#1861,.T.);
#2521=ORIENTED_EDGE('',*,*,#1862,.T.);
#2522=ORIENTED_EDGE('',*,*,#1840,.T.);
#2523=ORIENTED_EDGE('',*,*,#1859,.T.);
#2524=ORIENTED_EDGE('',*,*,#1857,.T.);
#2525=ORIENTED_EDGE('',*,*,#1855,.F.);
#2526=ORIENTED_EDGE('',*,*,#1619,.T.);
#2527=ORIENTED_EDGE('',*,*,#1862,.F.);
#2528=ORIENTED_EDGE('',*,*,#1863,.F.);
#2529=ORIENTED_EDGE('',*,*,#1626,.F.);
#2530=ORIENTED_EDGE('',*,*,#1627,.F.);
#2531=ORIENTED_EDGE('',*,*,#1863,.T.);
#2532=ORIENTED_EDGE('',*,*,#1861,.F.);
#2533=ORIENTED_EDGE('',*,*,#1864,.F.);
#2534=ORIENTED_EDGE('',*,*,#1617,.F.);
#2535=ORIENTED_EDGE('',*,*,#1628,.F.);
#2536=ORIENTED_EDGE('',*,*,#1864,.T.);
#2537=ORIENTED_EDGE('',*,*,#1860,.T.);
#2538=ORIENTED_EDGE('',*,*,#1774,.T.);
#2539=ORIENTED_EDGE('',*,*,#1865,.F.);
#2540=ORIENTED_EDGE('',*,*,#1652,.T.);
#2541=ORIENTED_EDGE('',*,*,#1650,.T.);
#2542=ORIENTED_EDGE('',*,*,#1814,.F.);
#2543=ORIENTED_EDGE('',*,*,#1636,.T.);
#2544=ORIENTED_EDGE('',*,*,#1836,.F.);
#2545=ORIENTED_EDGE('',*,*,#1866,.F.);
#2546=ORIENTED_EDGE('',*,*,#1773,.F.);
#2547=ORIENTED_EDGE('',*,*,#1867,.F.);
#2548=ORIENTED_EDGE('',*,*,#1653,.T.);
#2549=ORIENTED_EDGE('',*,*,#1865,.T.);
#2550=ORIENTED_EDGE('',*,*,#1815,.T.);
#2551=ORIENTED_EDGE('',*,*,#1866,.T.);
#2552=ORIENTED_EDGE('',*,*,#1835,.F.);
#2553=ORIENTED_EDGE('',*,*,#1868,.F.);
#2554=ORIENTED_EDGE('',*,*,#1772,.F.);
#2555=ORIENTED_EDGE('',*,*,#1819,.F.);
#2556=ORIENTED_EDGE('',*,*,#1654,.T.);
#2557=ORIENTED_EDGE('',*,*,#1867,.T.);
#2558=ORIENTED_EDGE('',*,*,#1816,.T.);
#2559=ORIENTED_EDGE('',*,*,#1868,.T.);
#2560=ORIENTED_EDGE('',*,*,#1834,.F.);
#2561=ORIENTED_EDGE('',*,*,#1820,.F.);
#2562=ORIENTED_EDGE('',*,*,#1796,.F.);
#2563=ORIENTED_EDGE('',*,*,#1869,.T.);
#2564=ORIENTED_EDGE('',*,*,#1870,.T.);
#2565=ORIENTED_EDGE('',*,*,#1871,.F.);
#2566=ORIENTED_EDGE('',*,*,#1638,.T.);
#2567=ORIENTED_EDGE('',*,*,#1813,.F.);
#2568=ORIENTED_EDGE('',*,*,#1872,.T.);
#2569=ORIENTED_EDGE('',*,*,#1797,.F.);
#2570=ORIENTED_EDGE('',*,*,#1872,.F.);
#2571=ORIENTED_EDGE('',*,*,#1812,.T.);
#2572=ORIENTED_EDGE('',*,*,#1808,.F.);
#2573=ORIENTED_EDGE('',*,*,#1639,.T.);
#2574=ORIENTED_EDGE('',*,*,#1871,.T.);
#2575=ORIENTED_EDGE('',*,*,#1873,.T.);
#2576=ORIENTED_EDGE('',*,*,#1874,.F.);
#2577=ORIENTED_EDGE('',*,*,#1640,.T.);
#2578=ORIENTED_EDGE('',*,*,#1874,.T.);
#2579=ORIENTED_EDGE('',*,*,#1875,.T.);
#2580=ORIENTED_EDGE('',*,*,#1876,.F.);
#2581=ORIENTED_EDGE('',*,*,#1641,.T.);
#2582=ORIENTED_EDGE('',*,*,#1876,.T.);
#2583=ORIENTED_EDGE('',*,*,#1877,.T.);
#2584=ORIENTED_EDGE('',*,*,#1869,.F.);
#2585=ORIENTED_EDGE('',*,*,#1795,.F.);
#2586=ORIENTED_EDGE('',*,*,#1878,.T.);
#2587=ORIENTED_EDGE('',*,*,#1878,.F.);
#2588=ORIENTED_EDGE('',*,*,#1794,.F.);
#2589=ORIENTED_EDGE('',*,*,#1879,.F.);
#2590=ORIENTED_EDGE('',*,*,#1642,.T.);
#2591=ORIENTED_EDGE('',*,*,#1643,.T.);
#2592=ORIENTED_EDGE('',*,*,#1879,.T.);
#2593=ORIENTED_EDGE('',*,*,#1793,.T.);
#2594=ORIENTED_EDGE('',*,*,#1766,.T.);
#2595=ORIENTED_EDGE('',*,*,#1755,.T.);
#2596=ORIENTED_EDGE('',*,*,#1761,.F.);
#2597=ORIENTED_EDGE('',*,*,#1877,.F.);
#2598=ORIENTED_EDGE('',*,*,#1875,.F.);
#2599=ORIENTED_EDGE('',*,*,#1873,.F.);
#2600=ORIENTED_EDGE('',*,*,#1870,.F.);
#2601=ORIENTED_EDGE('',*,*,#1880,.T.);
#2602=ORIENTED_EDGE('',*,*,#1881,.T.);
#2603=ORIENTED_EDGE('',*,*,#1882,.F.);
#2604=ORIENTED_EDGE('',*,*,#1883,.F.);
#2605=ORIENTED_EDGE('',*,*,#1884,.T.);
#2606=ORIENTED_EDGE('',*,*,#1885,.F.);
#2607=ORIENTED_EDGE('',*,*,#1880,.F.);
#2608=ORIENTED_EDGE('',*,*,#1886,.F.);
#2609=ORIENTED_EDGE('',*,*,#1887,.T.);
#2610=ORIENTED_EDGE('',*,*,#1888,.F.);
#2611=ORIENTED_EDGE('',*,*,#1889,.F.);
#2612=ORIENTED_EDGE('',*,*,#1890,.F.);
#2613=ORIENTED_EDGE('',*,*,#1675,.T.);
#2614=ORIENTED_EDGE('',*,*,#1891,.F.);
#2615=ORIENTED_EDGE('',*,*,#1892,.F.);
#2616=ORIENTED_EDGE('',*,*,#1893,.F.);
#2617=ORIENTED_EDGE('',*,*,#1894,.T.);
#2618=ORIENTED_EDGE('',*,*,#1895,.F.);
#2619=ORIENTED_EDGE('',*,*,#1884,.F.);
#2620=ORIENTED_EDGE('',*,*,#1896,.F.);
#2621=ORIENTED_EDGE('',*,*,#1897,.T.);
#2622=ORIENTED_EDGE('',*,*,#1894,.F.);
#2623=ORIENTED_EDGE('',*,*,#1898,.F.);
#2624=ORIENTED_EDGE('',*,*,#1899,.F.);
#2625=ORIENTED_EDGE('',*,*,#1897,.F.);
#2626=ORIENTED_EDGE('',*,*,#1900,.T.);
#2627=ORIENTED_EDGE('',*,*,#1901,.T.);
#2628=ORIENTED_EDGE('',*,*,#1895,.T.);
#2629=ORIENTED_EDGE('',*,*,#1678,.T.);
#2630=ORIENTED_EDGE('',*,*,#1902,.F.);
#2631=ORIENTED_EDGE('',*,*,#1903,.F.);
#2632=ORIENTED_EDGE('',*,*,#1891,.T.);
#2633=ORIENTED_EDGE('',*,*,#1901,.F.);
#2634=ORIENTED_EDGE('',*,*,#1904,.F.);
#2635=ORIENTED_EDGE('',*,*,#1881,.F.);
#2636=ORIENTED_EDGE('',*,*,#1885,.T.);
#2637=ORIENTED_EDGE('',*,*,#1892,.T.);
#2638=ORIENTED_EDGE('',*,*,#1903,.T.);
#2639=ORIENTED_EDGE('',*,*,#1905,.F.);
#2640=ORIENTED_EDGE('',*,*,#1906,.F.);
#2641=ORIENTED_EDGE('',*,*,#1907,.T.);
#2642=ORIENTED_EDGE('',*,*,#1893,.T.);
#2643=ORIENTED_EDGE('',*,*,#1906,.T.);
#2644=ORIENTED_EDGE('',*,*,#1908,.F.);
#2645=ORIENTED_EDGE('',*,*,#1907,.F.);
#2646=ORIENTED_EDGE('',*,*,#1909,.T.);
#2647=ORIENTED_EDGE('',*,*,#1910,.T.);
#2648=ORIENTED_EDGE('',*,*,#1911,.T.);
#2649=ORIENTED_EDGE('',*,*,#1887,.F.);
#2650=ORIENTED_EDGE('',*,*,#1911,.F.);
#2651=ORIENTED_EDGE('',*,*,#1912,.T.);
#2652=ORIENTED_EDGE('',*,*,#1913,.T.);
#2653=ORIENTED_EDGE('',*,*,#1914,.T.);
#2654=ORIENTED_EDGE('',*,*,#1913,.F.);
#2655=ORIENTED_EDGE('',*,*,#1915,.F.);
#2656=ORIENTED_EDGE('',*,*,#1916,.T.);
#2657=ORIENTED_EDGE('',*,*,#1914,.F.);
#2658=ORIENTED_EDGE('',*,*,#1917,.F.);
#2659=ORIENTED_EDGE('',*,*,#1918,.F.);
#2660=ORIENTED_EDGE('',*,*,#1888,.T.);
#2661=ORIENTED_EDGE('',*,*,#1889,.T.);
#2662=ORIENTED_EDGE('',*,*,#1918,.T.);
#2663=ORIENTED_EDGE('',*,*,#1919,.F.);
#2664=ORIENTED_EDGE('',*,*,#1920,.F.);
#2665=ORIENTED_EDGE('',*,*,#1676,.F.);
#2666=ORIENTED_EDGE('',*,*,#1890,.T.);
#2667=ORIENTED_EDGE('',*,*,#1920,.T.);
#2668=ORIENTED_EDGE('',*,*,#1921,.F.);
#2669=ORIENTED_EDGE('',*,*,#1922,.T.);
#2670=ORIENTED_EDGE('',*,*,#1886,.T.);
#2671=ORIENTED_EDGE('',*,*,#1883,.T.);
#2672=ORIENTED_EDGE('',*,*,#1923,.F.);
#2673=ORIENTED_EDGE('',*,*,#1924,.T.);
#2674=ORIENTED_EDGE('',*,*,#1923,.T.);
#2675=ORIENTED_EDGE('',*,*,#1882,.T.);
#2676=ORIENTED_EDGE('',*,*,#1904,.T.);
#2677=ORIENTED_EDGE('',*,*,#1925,.T.);
#2678=ORIENTED_EDGE('',*,*,#1908,.T.);
#2679=ORIENTED_EDGE('',*,*,#1905,.T.);
#2680=ORIENTED_EDGE('',*,*,#1902,.T.);
#2681=ORIENTED_EDGE('',*,*,#1677,.F.);
#2682=ORIENTED_EDGE('',*,*,#1921,.T.);
#2683=ORIENTED_EDGE('',*,*,#1919,.T.);
#2684=ORIENTED_EDGE('',*,*,#1917,.T.);
#2685=ORIENTED_EDGE('',*,*,#1899,.T.);
#2686=ORIENTED_EDGE('',*,*,#1926,.F.);
#2687=ORIENTED_EDGE('',*,*,#1924,.F.);
#2688=ORIENTED_EDGE('',*,*,#1900,.F.);
#2689=ORIENTED_EDGE('',*,*,#1922,.F.);
#2690=ORIENTED_EDGE('',*,*,#1926,.T.);
#2691=ORIENTED_EDGE('',*,*,#1898,.T.);
#2692=ORIENTED_EDGE('',*,*,#1896,.T.);
#2693=ORIENTED_EDGE('',*,*,#1927,.T.);
#2694=ORIENTED_EDGE('',*,*,#1909,.F.);
#2695=ORIENTED_EDGE('',*,*,#1925,.F.);
#2696=ORIENTED_EDGE('',*,*,#1916,.F.);
#2697=ORIENTED_EDGE('',*,*,#1910,.F.);
#2698=ORIENTED_EDGE('',*,*,#1927,.F.);
#2699=ORIENTED_EDGE('',*,*,#1915,.T.);
#2700=ORIENTED_EDGE('',*,*,#1912,.F.);
#2701=ORIENTED_EDGE('',*,*,#1737,.F.);
#2702=ORIENTED_EDGE('',*,*,#1753,.F.);
#2703=ORIENTED_EDGE('',*,*,#1743,.F.);
#2704=ORIENTED_EDGE('',*,*,#1928,.T.);
#2705=ORIENTED_EDGE('',*,*,#1738,.F.);
#2706=ORIENTED_EDGE('',*,*,#1928,.F.);
#2707=ORIENTED_EDGE('',*,*,#1742,.T.);
#2708=ORIENTED_EDGE('',*,*,#1739,.F.);
#2709=ORIENTED_EDGE('',*,*,#1929,.F.);
#2710=ORIENTED_EDGE('',*,*,#1679,.T.);
#2711=ORIENTED_EDGE('',*,*,#1930,.T.);
#2712=ORIENTED_EDGE('',*,*,#1931,.F.);
#2713=ORIENTED_EDGE('',*,*,#1929,.T.);
#2714=ORIENTED_EDGE('',*,*,#1932,.F.);
#2715=ORIENTED_EDGE('',*,*,#1933,.F.);
#2716=ORIENTED_EDGE('',*,*,#1680,.T.);
#2717=ORIENTED_EDGE('',*,*,#1934,.F.);
#2718=ORIENTED_EDGE('',*,*,#1681,.T.);
#2719=ORIENTED_EDGE('',*,*,#1933,.T.);
#2720=ORIENTED_EDGE('',*,*,#1935,.F.);
#2721=ORIENTED_EDGE('',*,*,#1936,.F.);
#2722=ORIENTED_EDGE('',*,*,#1682,.T.);
#2723=ORIENTED_EDGE('',*,*,#1934,.T.);
#2724=ORIENTED_EDGE('',*,*,#1937,.F.);
#2725=ORIENTED_EDGE('',*,*,#1938,.F.);
#2726=ORIENTED_EDGE('',*,*,#1683,.T.);
#2727=ORIENTED_EDGE('',*,*,#1936,.T.);
#2728=ORIENTED_EDGE('',*,*,#1939,.F.);
#2729=ORIENTED_EDGE('',*,*,#1940,.F.);
#2730=ORIENTED_EDGE('',*,*,#1684,.T.);
#2731=ORIENTED_EDGE('',*,*,#1938,.T.);
#2732=ORIENTED_EDGE('',*,*,#1941,.F.);
#2733=ORIENTED_EDGE('',*,*,#1942,.F.);
#2734=ORIENTED_EDGE('',*,*,#1685,.F.);
#2735=ORIENTED_EDGE('',*,*,#1940,.T.);
#2736=ORIENTED_EDGE('',*,*,#1943,.F.);
#2737=ORIENTED_EDGE('',*,*,#1944,.F.);
#2738=ORIENTED_EDGE('',*,*,#1945,.F.);
#2739=ORIENTED_EDGE('',*,*,#1946,.F.);
#2740=ORIENTED_EDGE('',*,*,#1947,.F.);
#2741=ORIENTED_EDGE('',*,*,#1686,.T.);
#2742=ORIENTED_EDGE('',*,*,#1942,.T.);
#2743=ORIENTED_EDGE('',*,*,#1948,.F.);
#2744=ORIENTED_EDGE('',*,*,#1949,.T.);
#2745=ORIENTED_EDGE('',*,*,#1950,.F.);
#2746=ORIENTED_EDGE('',*,*,#1951,.T.);
#2747=ORIENTED_EDGE('',*,*,#1952,.T.);
#2748=ORIENTED_EDGE('',*,*,#1953,.T.);
#2749=ORIENTED_EDGE('',*,*,#1944,.T.);
#2750=ORIENTED_EDGE('',*,*,#1954,.T.);
#2751=ORIENTED_EDGE('',*,*,#1955,.T.);
#2752=ORIENTED_EDGE('',*,*,#1956,.T.);
#2753=ORIENTED_EDGE('',*,*,#1950,.T.);
#2754=ORIENTED_EDGE('',*,*,#1957,.F.);
#2755=ORIENTED_EDGE('',*,*,#1958,.F.);
#2756=ORIENTED_EDGE('',*,*,#1959,.F.);
#2757=ORIENTED_EDGE('',*,*,#1698,.T.);
#2758=ORIENTED_EDGE('',*,*,#1960,.T.);
#2759=ORIENTED_EDGE('',*,*,#1961,.F.);
#2760=ORIENTED_EDGE('',*,*,#1962,.T.);
#2761=ORIENTED_EDGE('',*,*,#1963,.F.);
#2762=ORIENTED_EDGE('',*,*,#1964,.T.);
#2763=ORIENTED_EDGE('',*,*,#1951,.F.);
#2764=ORIENTED_EDGE('',*,*,#1962,.F.);
#2765=ORIENTED_EDGE('',*,*,#1965,.T.);
#2766=ORIENTED_EDGE('',*,*,#1966,.F.);
#2767=ORIENTED_EDGE('',*,*,#1967,.T.);
#2768=ORIENTED_EDGE('',*,*,#1948,.T.);
#2769=ORIENTED_EDGE('',*,*,#1943,.T.);
#2770=ORIENTED_EDGE('',*,*,#1941,.T.);
#2771=ORIENTED_EDGE('',*,*,#1939,.T.);
#2772=ORIENTED_EDGE('',*,*,#1937,.T.);
#2773=ORIENTED_EDGE('',*,*,#1935,.T.);
#2774=ORIENTED_EDGE('',*,*,#1932,.T.);
#2775=ORIENTED_EDGE('',*,*,#1931,.T.);
#2776=ORIENTED_EDGE('',*,*,#1968,.T.);
#2777=ORIENTED_EDGE('',*,*,#1969,.T.);
#2778=ORIENTED_EDGE('',*,*,#1970,.T.);
#2779=ORIENTED_EDGE('',*,*,#1971,.T.);
#2780=ORIENTED_EDGE('',*,*,#1958,.T.);
#2781=ORIENTED_EDGE('',*,*,#1963,.T.);
#2782=ORIENTED_EDGE('',*,*,#1961,.T.);
#2783=ORIENTED_EDGE('',*,*,#1972,.T.);
#2784=ORIENTED_EDGE('',*,*,#1973,.T.);
#2785=ORIENTED_EDGE('',*,*,#1974,.T.);
#2786=ORIENTED_EDGE('',*,*,#1975,.T.);
#2787=ORIENTED_EDGE('',*,*,#1976,.T.);
#2788=ORIENTED_EDGE('',*,*,#1977,.T.);
#2789=ORIENTED_EDGE('',*,*,#1978,.T.);
#2790=ORIENTED_EDGE('',*,*,#1979,.T.);
#2791=ORIENTED_EDGE('',*,*,#1980,.T.);
#2792=ORIENTED_EDGE('',*,*,#1981,.T.);
#2793=ORIENTED_EDGE('',*,*,#1982,.T.);
#2794=ORIENTED_EDGE('',*,*,#1946,.T.);
#2795=ORIENTED_EDGE('',*,*,#1983,.T.);
#2796=ORIENTED_EDGE('',*,*,#1984,.F.);
#2797=ORIENTED_EDGE('',*,*,#1965,.F.);
#2798=ORIENTED_EDGE('',*,*,#1957,.T.);
#2799=ORIENTED_EDGE('',*,*,#1956,.F.);
#2800=ORIENTED_EDGE('',*,*,#1985,.F.);
#2801=ORIENTED_EDGE('',*,*,#1966,.T.);
#2802=ORIENTED_EDGE('',*,*,#1985,.T.);
#2803=ORIENTED_EDGE('',*,*,#1955,.F.);
#2804=ORIENTED_EDGE('',*,*,#1986,.F.);
#2805=ORIENTED_EDGE('',*,*,#1967,.F.);
#2806=ORIENTED_EDGE('',*,*,#1986,.T.);
#2807=ORIENTED_EDGE('',*,*,#1954,.F.);
#2808=ORIENTED_EDGE('',*,*,#1949,.F.);
#2809=ORIENTED_EDGE('',*,*,#1987,.F.);
#2810=ORIENTED_EDGE('',*,*,#1699,.F.);
#2811=ORIENTED_EDGE('',*,*,#1959,.T.);
#2812=ORIENTED_EDGE('',*,*,#1971,.F.);
#2813=ORIENTED_EDGE('',*,*,#1988,.F.);
#2814=ORIENTED_EDGE('',*,*,#1700,.T.);
#2815=ORIENTED_EDGE('',*,*,#1987,.T.);
#2816=ORIENTED_EDGE('',*,*,#1970,.F.);
#2817=ORIENTED_EDGE('',*,*,#1989,.F.);
#2818=ORIENTED_EDGE('',*,*,#1701,.T.);
#2819=ORIENTED_EDGE('',*,*,#1988,.T.);
#2820=ORIENTED_EDGE('',*,*,#1969,.F.);
#2821=ORIENTED_EDGE('',*,*,#1930,.F.);
#2822=ORIENTED_EDGE('',*,*,#1702,.T.);
#2823=ORIENTED_EDGE('',*,*,#1989,.T.);
#2824=ORIENTED_EDGE('',*,*,#1968,.F.);
#2825=ORIENTED_EDGE('',*,*,#1984,.T.);
#2826=ORIENTED_EDGE('',*,*,#1990,.T.);
#2827=ORIENTED_EDGE('',*,*,#1952,.F.);
#2828=ORIENTED_EDGE('',*,*,#1964,.F.);
#2829=ORIENTED_EDGE('',*,*,#1983,.F.);
#2830=ORIENTED_EDGE('',*,*,#1945,.T.);
#2831=ORIENTED_EDGE('',*,*,#1953,.F.);
#2832=ORIENTED_EDGE('',*,*,#1990,.F.);
#2833=ORIENTED_EDGE('',*,*,#1991,.F.);
#2834=ORIENTED_EDGE('',*,*,#1687,.F.);
#2835=ORIENTED_EDGE('',*,*,#1947,.T.);
#2836=ORIENTED_EDGE('',*,*,#1982,.F.);
#2837=ORIENTED_EDGE('',*,*,#1992,.F.);
#2838=ORIENTED_EDGE('',*,*,#1688,.T.);
#2839=ORIENTED_EDGE('',*,*,#1991,.T.);
#2840=ORIENTED_EDGE('',*,*,#1981,.F.);
#2841=ORIENTED_EDGE('',*,*,#1993,.F.);
#2842=ORIENTED_EDGE('',*,*,#1689,.T.);
#2843=ORIENTED_EDGE('',*,*,#1992,.T.);
#2844=ORIENTED_EDGE('',*,*,#1980,.F.);
#2845=ORIENTED_EDGE('',*,*,#1994,.F.);
#2846=ORIENTED_EDGE('',*,*,#1690,.T.);
#2847=ORIENTED_EDGE('',*,*,#1993,.T.);
#2848=ORIENTED_EDGE('',*,*,#1979,.F.);
#2849=ORIENTED_EDGE('',*,*,#1995,.F.);
#2850=ORIENTED_EDGE('',*,*,#1691,.T.);
#2851=ORIENTED_EDGE('',*,*,#1994,.T.);
#2852=ORIENTED_EDGE('',*,*,#1978,.F.);
#2853=ORIENTED_EDGE('',*,*,#1996,.F.);
#2854=ORIENTED_EDGE('',*,*,#1692,.T.);
#2855=ORIENTED_EDGE('',*,*,#1995,.T.);
#2856=ORIENTED_EDGE('',*,*,#1977,.F.);
#2857=ORIENTED_EDGE('',*,*,#1997,.F.);
#2858=ORIENTED_EDGE('',*,*,#1693,.T.);
#2859=ORIENTED_EDGE('',*,*,#1996,.T.);
#2860=ORIENTED_EDGE('',*,*,#1976,.F.);
#2861=ORIENTED_EDGE('',*,*,#1998,.F.);
#2862=ORIENTED_EDGE('',*,*,#1694,.T.);
#2863=ORIENTED_EDGE('',*,*,#1997,.T.);
#2864=ORIENTED_EDGE('',*,*,#1975,.F.);
#2865=ORIENTED_EDGE('',*,*,#1999,.F.);
#2866=ORIENTED_EDGE('',*,*,#1695,.T.);
#2867=ORIENTED_EDGE('',*,*,#1998,.T.);
#2868=ORIENTED_EDGE('',*,*,#1974,.F.);
#2869=ORIENTED_EDGE('',*,*,#2000,.F.);
#2870=ORIENTED_EDGE('',*,*,#1696,.T.);
#2871=ORIENTED_EDGE('',*,*,#1999,.T.);
#2872=ORIENTED_EDGE('',*,*,#1973,.F.);
#2873=ORIENTED_EDGE('',*,*,#1960,.F.);
#2874=ORIENTED_EDGE('',*,*,#1697,.F.);
#2875=ORIENTED_EDGE('',*,*,#2000,.T.);
#2876=ORIENTED_EDGE('',*,*,#1972,.F.);
#2877=ORIENTED_EDGE('',*,*,#1587,.T.);
#2878=ORIENTED_EDGE('',*,*,#2001,.T.);
#2879=ORIENTED_EDGE('',*,*,#2002,.F.);
#2880=ORIENTED_EDGE('',*,*,#2003,.F.);
#2881=ORIENTED_EDGE('',*,*,#1588,.T.);
#2882=ORIENTED_EDGE('',*,*,#2003,.T.);
#2883=ORIENTED_EDGE('',*,*,#2004,.F.);
#2884=ORIENTED_EDGE('',*,*,#2005,.F.);
#2885=ORIENTED_EDGE('',*,*,#1589,.T.);
#2886=ORIENTED_EDGE('',*,*,#2005,.T.);
#2887=ORIENTED_EDGE('',*,*,#2006,.F.);
#2888=ORIENTED_EDGE('',*,*,#2007,.F.);
#2889=ORIENTED_EDGE('',*,*,#1590,.T.);
#2890=ORIENTED_EDGE('',*,*,#2007,.T.);
#2891=ORIENTED_EDGE('',*,*,#2008,.F.);
#2892=ORIENTED_EDGE('',*,*,#2009,.F.);
#2893=ORIENTED_EDGE('',*,*,#1591,.T.);
#2894=ORIENTED_EDGE('',*,*,#2009,.T.);
#2895=ORIENTED_EDGE('',*,*,#2010,.F.);
#2896=ORIENTED_EDGE('',*,*,#2011,.F.);
#2897=ORIENTED_EDGE('',*,*,#1592,.F.);
#2898=ORIENTED_EDGE('',*,*,#2011,.T.);
#2899=ORIENTED_EDGE('',*,*,#2012,.F.);
#2900=ORIENTED_EDGE('',*,*,#2013,.F.);
#2901=ORIENTED_EDGE('',*,*,#1593,.T.);
#2902=ORIENTED_EDGE('',*,*,#2013,.T.);
#2903=ORIENTED_EDGE('',*,*,#2014,.F.);
#2904=ORIENTED_EDGE('',*,*,#2015,.F.);
#2905=ORIENTED_EDGE('',*,*,#1594,.T.);
#2906=ORIENTED_EDGE('',*,*,#2015,.T.);
#2907=ORIENTED_EDGE('',*,*,#2016,.F.);
#2908=ORIENTED_EDGE('',*,*,#2017,.F.);
#2909=ORIENTED_EDGE('',*,*,#1595,.T.);
#2910=ORIENTED_EDGE('',*,*,#2017,.T.);
#2911=ORIENTED_EDGE('',*,*,#2018,.F.);
#2912=ORIENTED_EDGE('',*,*,#2019,.F.);
#2913=ORIENTED_EDGE('',*,*,#1596,.T.);
#2914=ORIENTED_EDGE('',*,*,#2019,.T.);
#2915=ORIENTED_EDGE('',*,*,#2020,.F.);
#2916=ORIENTED_EDGE('',*,*,#2021,.F.);
#2917=ORIENTED_EDGE('',*,*,#1597,.T.);
#2918=ORIENTED_EDGE('',*,*,#2021,.T.);
#2919=ORIENTED_EDGE('',*,*,#2022,.F.);
#2920=ORIENTED_EDGE('',*,*,#2023,.F.);
#2921=ORIENTED_EDGE('',*,*,#1598,.F.);
#2922=ORIENTED_EDGE('',*,*,#2023,.T.);
#2923=ORIENTED_EDGE('',*,*,#2024,.F.);
#2924=ORIENTED_EDGE('',*,*,#2025,.F.);
#2925=ORIENTED_EDGE('',*,*,#1599,.T.);
#2926=ORIENTED_EDGE('',*,*,#2025,.T.);
#2927=ORIENTED_EDGE('',*,*,#2026,.F.);
#2928=ORIENTED_EDGE('',*,*,#2027,.F.);
#2929=ORIENTED_EDGE('',*,*,#1600,.T.);
#2930=ORIENTED_EDGE('',*,*,#2027,.T.);
#2931=ORIENTED_EDGE('',*,*,#2028,.F.);
#2932=ORIENTED_EDGE('',*,*,#2029,.F.);
#2933=ORIENTED_EDGE('',*,*,#1601,.T.);
#2934=ORIENTED_EDGE('',*,*,#2029,.T.);
#2935=ORIENTED_EDGE('',*,*,#2030,.F.);
#2936=ORIENTED_EDGE('',*,*,#2031,.F.);
#2937=ORIENTED_EDGE('',*,*,#1602,.T.);
#2938=ORIENTED_EDGE('',*,*,#2031,.T.);
#2939=ORIENTED_EDGE('',*,*,#2032,.F.);
#2940=ORIENTED_EDGE('',*,*,#2033,.F.);
#2941=ORIENTED_EDGE('',*,*,#1603,.T.);
#2942=ORIENTED_EDGE('',*,*,#2033,.T.);
#2943=ORIENTED_EDGE('',*,*,#2034,.F.);
#2944=ORIENTED_EDGE('',*,*,#2035,.F.);
#2945=ORIENTED_EDGE('',*,*,#1604,.F.);
#2946=ORIENTED_EDGE('',*,*,#2035,.T.);
#2947=ORIENTED_EDGE('',*,*,#2036,.F.);
#2948=ORIENTED_EDGE('',*,*,#2037,.F.);
#2949=ORIENTED_EDGE('',*,*,#1605,.T.);
#2950=ORIENTED_EDGE('',*,*,#2037,.T.);
#2951=ORIENTED_EDGE('',*,*,#2038,.F.);
#2952=ORIENTED_EDGE('',*,*,#2039,.F.);
#2953=ORIENTED_EDGE('',*,*,#1606,.T.);
#2954=ORIENTED_EDGE('',*,*,#2039,.T.);
#2955=ORIENTED_EDGE('',*,*,#2040,.F.);
#2956=ORIENTED_EDGE('',*,*,#2041,.F.);
#2957=ORIENTED_EDGE('',*,*,#1607,.T.);
#2958=ORIENTED_EDGE('',*,*,#2041,.T.);
#2959=ORIENTED_EDGE('',*,*,#2042,.F.);
#2960=ORIENTED_EDGE('',*,*,#2043,.F.);
#2961=ORIENTED_EDGE('',*,*,#1608,.T.);
#2962=ORIENTED_EDGE('',*,*,#2043,.T.);
#2963=ORIENTED_EDGE('',*,*,#2044,.F.);
#2964=ORIENTED_EDGE('',*,*,#2045,.F.);
#2965=ORIENTED_EDGE('',*,*,#1609,.T.);
#2966=ORIENTED_EDGE('',*,*,#2045,.T.);
#2967=ORIENTED_EDGE('',*,*,#2046,.F.);
#2968=ORIENTED_EDGE('',*,*,#2047,.F.);
#2969=ORIENTED_EDGE('',*,*,#1610,.F.);
#2970=ORIENTED_EDGE('',*,*,#2047,.T.);
#2971=ORIENTED_EDGE('',*,*,#2048,.F.);
#2972=ORIENTED_EDGE('',*,*,#2001,.F.);
#2973=ORIENTED_EDGE('',*,*,#2002,.T.);
#2974=ORIENTED_EDGE('',*,*,#2048,.T.);
#2975=ORIENTED_EDGE('',*,*,#2046,.T.);
#2976=ORIENTED_EDGE('',*,*,#2044,.T.);
#2977=ORIENTED_EDGE('',*,*,#2042,.T.);
#2978=ORIENTED_EDGE('',*,*,#2040,.T.);
#2979=ORIENTED_EDGE('',*,*,#2038,.T.);
#2980=ORIENTED_EDGE('',*,*,#2036,.T.);
#2981=ORIENTED_EDGE('',*,*,#2034,.T.);
#2982=ORIENTED_EDGE('',*,*,#2032,.T.);
#2983=ORIENTED_EDGE('',*,*,#2030,.T.);
#2984=ORIENTED_EDGE('',*,*,#2028,.T.);
#2985=ORIENTED_EDGE('',*,*,#2026,.T.);
#2986=ORIENTED_EDGE('',*,*,#2024,.T.);
#2987=ORIENTED_EDGE('',*,*,#2022,.T.);
#2988=ORIENTED_EDGE('',*,*,#2020,.T.);
#2989=ORIENTED_EDGE('',*,*,#2018,.T.);
#2990=ORIENTED_EDGE('',*,*,#2016,.T.);
#2991=ORIENTED_EDGE('',*,*,#2014,.T.);
#2992=ORIENTED_EDGE('',*,*,#2012,.T.);
#2993=ORIENTED_EDGE('',*,*,#2010,.T.);
#2994=ORIENTED_EDGE('',*,*,#2008,.T.);
#2995=ORIENTED_EDGE('',*,*,#2006,.T.);
#2996=ORIENTED_EDGE('',*,*,#2004,.T.);
#2997=PLANE('',#3301);
#2998=PLANE('',#3318);
#2999=PLANE('',#3323);
#3000=PLANE('',#3325);
#3001=PLANE('',#3328);
#3002=PLANE('',#3334);
#3003=PLANE('',#3335);
#3004=PLANE('',#3349);
#3005=PLANE('',#3350);
#3006=PLANE('',#3353);
#3007=PLANE('',#3354);
#3008=PLANE('',#3355);
#3009=PLANE('',#3356);
#3010=PLANE('',#3357);
#3011=PLANE('',#3358);
#3012=PLANE('',#3361);
#3013=PLANE('',#3362);
#3014=PLANE('',#3363);
#3015=PLANE('',#3364);
#3016=PLANE('',#3365);
#3017=PLANE('',#3368);
#3018=PLANE('',#3369);
#3019=PLANE('',#3370);
#3020=PLANE('',#3371);
#3021=PLANE('',#3372);
#3022=PLANE('',#3373);
#3023=PLANE('',#3374);
#3024=PLANE('',#3375);
#3025=PLANE('',#3376);
#3026=PLANE('',#3377);
#3027=PLANE('',#3378);
#3028=PLANE('',#3380);
#3029=PLANE('',#3390);
#3030=PLANE('',#3393);
#3031=PLANE('',#3396);
#3032=PLANE('',#3398);
#3033=PLANE('',#3407);
#3034=PLANE('',#3410);
#3035=PLANE('',#3411);
#3036=PLANE('',#3412);
#3037=PLANE('',#3416);
#3038=PLANE('',#3417);
#3039=PLANE('',#3419);
#3040=PLANE('',#3421);
#3041=PLANE('',#3425);
#3042=PLANE('',#3426);
#3043=PLANE('',#3427);
#3044=PLANE('',#3428);
#3045=PLANE('',#3429);
#3046=PLANE('',#3430);
#3047=PLANE('',#3431);
#3048=PLANE('',#3432);
#3049=PLANE('',#3433);
#3050=PLANE('',#3434);
#3051=PLANE('',#3435);
#3052=PLANE('',#3436);
#3053=PLANE('',#3437);
#3054=PLANE('',#3438);
#3055=PLANE('',#3439);
#3056=PLANE('',#3440);
#3057=PLANE('',#3441);
#3058=PLANE('',#3444);
#3059=PLANE('',#3445);
#3060=PLANE('',#3448);
#3061=PLANE('',#3451);
#3062=PLANE('',#3452);
#3063=PLANE('',#3453);
#3064=PLANE('',#3454);
#3065=PLANE('',#3455);
#3066=PLANE('',#3456);
#3067=PLANE('',#3457);
#3068=PLANE('',#3458);
#3069=PLANE('',#3461);
#3070=PLANE('',#3462);
#3071=PLANE('',#3463);
#3072=PLANE('',#3464);
#3073=PLANE('',#3465);
#3074=PLANE('',#3468);
#3075=PLANE('',#3469);
#3076=PLANE('',#3470);
#3077=PLANE('',#3471);
#3078=PLANE('',#3472);
#3079=PLANE('',#3475);
#3080=PLANE('',#3476);
#3081=PLANE('',#3477);
#3082=PLANE('',#3478);
#3083=PLANE('',#3479);
#3084=PLANE('',#3480);
#3085=PLANE('',#3481);
#3086=PLANE('',#3482);
#3087=PLANE('',#3483);
#3088=PLANE('',#3484);
#3089=PLANE('',#3487);
#3090=PLANE('',#3490);
#3091=PLANE('',#3493);
#3092=PLANE('',#3496);
#3093=PLANE('',#3497);
#3094=PLANE('',#3502);
#3095=PLANE('',#3505);
#3096=PLANE('',#3510);
#3097=PLANE('',#3519);
#3098=PLANE('',#3522);
#3099=PLANE('',#3524);
#3100=PLANE('',#3525);
#3101=PLANE('',#3528);
#3102=PLANE('',#3530);
#3103=PLANE('',#3532);
#3104=PLANE('',#3534);
#3105=PLANE('',#3536);
#3106=PLANE('',#3538);
#3107=PLANE('',#3545);
#3108=PLANE('',#3548);
#3109=PLANE('',#3555);
#3110=PLANE('',#3558);
#3111=PLANE('',#3565);
#3112=PLANE('',#3568);
#3113=PLANE('',#3575);
#3114=PLANE('',#3578);
#3115=ADVANCED_FACE('',(#181,#71),#2997,.F.);
#3116=ADVANCED_FACE('',(#182),#2998,.T.);
#3117=ADVANCED_FACE('',(#183),#19,.T.);
#3118=ADVANCED_FACE('',(#184),#2999,.T.);
#3119=ADVANCED_FACE('',(#185),#3000,.F.);
#3120=ADVANCED_FACE('',(#186),#3001,.T.);
#3121=ADVANCED_FACE('',(#187),#3002,.T.);
#3122=ADVANCED_FACE('',(#188,#72,#73,#74),#3003,.T.);
#3123=ADVANCED_FACE('',(#189),#3004,.F.);
#3124=ADVANCED_FACE('',(#190),#3005,.F.);
#3125=ADVANCED_FACE('',(#191),#3006,.T.);
#3126=ADVANCED_FACE('',(#192),#3007,.T.);
#3127=ADVANCED_FACE('',(#193),#3008,.T.);
#3128=ADVANCED_FACE('',(#194),#3009,.T.);
#3129=ADVANCED_FACE('',(#195),#3010,.T.);
#3130=ADVANCED_FACE('',(#196),#3011,.T.);
#3131=ADVANCED_FACE('',(#197),#20,.T.);
#3132=ADVANCED_FACE('',(#198),#3012,.T.);
#3133=ADVANCED_FACE('',(#199),#3013,.T.);
#3134=ADVANCED_FACE('',(#200),#3014,.T.);
#3135=ADVANCED_FACE('',(#201),#3015,.T.);
#3136=ADVANCED_FACE('',(#202),#3016,.T.);
#3137=ADVANCED_FACE('',(#203),#21,.F.);
#3138=ADVANCED_FACE('',(#204),#3017,.T.);
#3139=ADVANCED_FACE('',(#205),#3018,.T.);
#3140=ADVANCED_FACE('',(#206),#3019,.T.);
#3141=ADVANCED_FACE('',(#207),#3020,.T.);
#3142=ADVANCED_FACE('',(#208),#3021,.T.);
#3143=ADVANCED_FACE('',(#209,#75),#3022,.T.);
#3144=ADVANCED_FACE('',(#210),#3023,.F.);
#3145=ADVANCED_FACE('',(#211),#3024,.F.);
#3146=ADVANCED_FACE('',(#212),#3025,.F.);
#3147=ADVANCED_FACE('',(#213),#3026,.F.);
#3148=ADVANCED_FACE('',(#214),#3027,.F.);
#3149=ADVANCED_FACE('',(#215),#3028,.T.);
#3150=ADVANCED_FACE('',(#216),#22,.F.);
#3151=ADVANCED_FACE('',(#217),#17,.F.);
#3152=ADVANCED_FACE('',(#218),#23,.F.);
#3153=ADVANCED_FACE('',(#219),#3029,.F.);
#3154=ADVANCED_FACE('',(#220),#24,.F.);
#3155=ADVANCED_FACE('',(#221),#3030,.F.);
#3156=ADVANCED_FACE('',(#222),#3031,.T.);
#3157=ADVANCED_FACE('',(#223),#25,.F.);
#3158=ADVANCED_FACE('',(#224),#3032,.F.);
#3159=ADVANCED_FACE('',(#225),#26,.F.);
#3160=ADVANCED_FACE('',(#226),#18,.F.);
#3161=ADVANCED_FACE('',(#227),#27,.F.);
#3162=ADVANCED_FACE('',(#228),#3033,.F.);
#3163=ADVANCED_FACE('',(#229),#3034,.T.);
#3164=ADVANCED_FACE('',(#230),#3035,.T.);
#3165=ADVANCED_FACE('',(#231),#3036,.T.);
#3166=ADVANCED_FACE('',(#232),#28,.T.);
#3167=ADVANCED_FACE('',(#233),#3037,.T.);
#3168=ADVANCED_FACE('',(#234),#3038,.F.);
#3169=ADVANCED_FACE('',(#235),#29,.F.);
#3170=ADVANCED_FACE('',(#236),#3039,.F.);
#3171=ADVANCED_FACE('',(#237),#30,.T.);
#3172=ADVANCED_FACE('',(#238),#3040,.T.);
#3173=ADVANCED_FACE('',(#239),#31,.T.);
#3174=ADVANCED_FACE('',(#240),#3041,.T.);
#3175=ADVANCED_FACE('',(#241),#3042,.T.);
#3176=ADVANCED_FACE('',(#242),#3043,.T.);
#3177=ADVANCED_FACE('',(#243),#3044,.T.);
#3178=ADVANCED_FACE('',(#244),#3045,.T.);
#3179=ADVANCED_FACE('',(#245),#3046,.T.);
#3180=ADVANCED_FACE('',(#246),#3047,.T.);
#3181=ADVANCED_FACE('',(#247),#3048,.T.);
#3182=ADVANCED_FACE('',(#248),#3049,.T.);
#3183=ADVANCED_FACE('',(#249),#3050,.T.);
#3184=ADVANCED_FACE('',(#250),#3051,.T.);
#3185=ADVANCED_FACE('',(#251),#3052,.T.);
#3186=ADVANCED_FACE('',(#252),#3053,.F.);
#3187=ADVANCED_FACE('',(#253),#3054,.F.);
#3188=ADVANCED_FACE('',(#254),#3055,.T.);
#3189=ADVANCED_FACE('',(#255),#3056,.T.);
#3190=ADVANCED_FACE('',(#256),#3057,.T.);
#3191=ADVANCED_FACE('',(#257),#32,.F.);
#3192=ADVANCED_FACE('',(#258),#33,.F.);
#3193=ADVANCED_FACE('',(#259),#3058,.T.);
#3194=ADVANCED_FACE('',(#260),#3059,.T.);
#3195=ADVANCED_FACE('',(#261),#34,.T.);
#3196=ADVANCED_FACE('',(#262),#35,.T.);
#3197=ADVANCED_FACE('',(#263),#3060,.F.);
#3198=ADVANCED_FACE('',(#264),#36,.F.);
#3199=ADVANCED_FACE('',(#265),#3061,.F.);
#3200=ADVANCED_FACE('',(#266),#3062,.F.);
#3201=ADVANCED_FACE('',(#267),#3063,.F.);
#3202=ADVANCED_FACE('',(#268),#3064,.F.);
#3203=ADVANCED_FACE('',(#269),#3065,.F.);
#3204=ADVANCED_FACE('',(#270,#76),#3066,.T.);
#3205=ADVANCED_FACE('',(#271),#3067,.F.);
#3206=ADVANCED_FACE('',(#272),#3068,.F.);
#3207=ADVANCED_FACE('',(#273),#3069,.T.);
#3208=ADVANCED_FACE('',(#274),#3070,.T.);
#3209=ADVANCED_FACE('',(#275),#3071,.T.);
#3210=ADVANCED_FACE('',(#276),#3072,.T.);
#3211=ADVANCED_FACE('',(#277),#3073,.T.);
#3212=ADVANCED_FACE('',(#278),#37,.T.);
#3213=ADVANCED_FACE('',(#279),#3074,.T.);
#3214=ADVANCED_FACE('',(#280),#3075,.T.);
#3215=ADVANCED_FACE('',(#281),#3076,.T.);
#3216=ADVANCED_FACE('',(#282),#3077,.T.);
#3217=ADVANCED_FACE('',(#283),#3078,.T.);
#3218=ADVANCED_FACE('',(#284),#38,.F.);
#3219=ADVANCED_FACE('',(#285),#3079,.T.);
#3220=ADVANCED_FACE('',(#286),#3080,.T.);
#3221=ADVANCED_FACE('',(#287),#3081,.T.);
#3222=ADVANCED_FACE('',(#288),#3082,.T.);
#3223=ADVANCED_FACE('',(#289),#3083,.T.);
#3224=ADVANCED_FACE('',(#290),#3084,.T.);
#3225=ADVANCED_FACE('',(#291),#3085,.T.);
#3226=ADVANCED_FACE('',(#292),#3086,.T.);
#3227=ADVANCED_FACE('',(#293),#3087,.T.);
#3228=ADVANCED_FACE('',(#294),#3088,.T.);
#3229=ADVANCED_FACE('',(#295),#39,.F.);
#3230=ADVANCED_FACE('',(#296),#3089,.F.);
#3231=ADVANCED_FACE('',(#297),#40,.F.);
#3232=ADVANCED_FACE('',(#298),#3090,.F.);
#3233=ADVANCED_FACE('',(#299),#41,.F.);
#3234=ADVANCED_FACE('',(#300),#3091,.F.);
#3235=ADVANCED_FACE('',(#301),#42,.T.);
#3236=ADVANCED_FACE('',(#302),#3092,.F.);
#3237=ADVANCED_FACE('',(#303),#3093,.T.);
#3238=ADVANCED_FACE('',(#304),#3094,.F.);
#3239=ADVANCED_FACE('',(#305),#43,.F.);
#3240=ADVANCED_FACE('',(#306),#3095,.T.);
#3241=ADVANCED_FACE('',(#307),#3096,.T.);
#3242=ADVANCED_FACE('',(#308),#44,.F.);
#3243=ADVANCED_FACE('',(#309),#3097,.T.);
#3244=ADVANCED_FACE('',(#310),#45,.F.);
#3245=ADVANCED_FACE('',(#311),#46,.T.);
#3246=ADVANCED_FACE('',(#312),#3098,.F.);
#3247=ADVANCED_FACE('',(#313),#47,.F.);
#3248=ADVANCED_FACE('',(#314),#3099,.F.);
#3249=ADVANCED_FACE('',(#315),#3100,.T.);
#3250=ADVANCED_FACE('',(#316),#48,.F.);
#3251=ADVANCED_FACE('',(#317),#49,.T.);
#3252=ADVANCED_FACE('',(#318),#3101,.F.);
#3253=ADVANCED_FACE('',(#319),#50,.F.);
#3254=ADVANCED_FACE('',(#320),#3102,.F.);
#3255=ADVANCED_FACE('',(#321),#51,.F.);
#3256=ADVANCED_FACE('',(#322),#3103,.F.);
#3257=ADVANCED_FACE('',(#323),#52,.F.);
#3258=ADVANCED_FACE('',(#324),#3104,.F.);
#3259=ADVANCED_FACE('',(#325),#53,.F.);
#3260=ADVANCED_FACE('',(#326),#3105,.F.);
#3261=ADVANCED_FACE('',(#327),#54,.T.);
#3262=ADVANCED_FACE('',(#328),#3106,.T.);
#3263=ADVANCED_FACE('',(#329),#55,.T.);
#3264=ADVANCED_FACE('',(#330),#56,.T.);
#3265=ADVANCED_FACE('',(#331),#57,.T.);
#3266=ADVANCED_FACE('',(#332),#3107,.T.);
#3267=ADVANCED_FACE('',(#333),#58,.F.);
#3268=ADVANCED_FACE('',(#334),#3108,.T.);
#3269=ADVANCED_FACE('',(#335),#59,.T.);
#3270=ADVANCED_FACE('',(#336),#60,.T.);
#3271=ADVANCED_FACE('',(#337),#61,.T.);
#3272=ADVANCED_FACE('',(#338),#3109,.T.);
#3273=ADVANCED_FACE('',(#339),#62,.F.);
#3274=ADVANCED_FACE('',(#340),#3110,.T.);
#3275=ADVANCED_FACE('',(#341),#63,.T.);
#3276=ADVANCED_FACE('',(#342),#64,.T.);
#3277=ADVANCED_FACE('',(#343),#65,.T.);
#3278=ADVANCED_FACE('',(#344),#3111,.T.);
#3279=ADVANCED_FACE('',(#345),#66,.F.);
#3280=ADVANCED_FACE('',(#346),#3112,.T.);
#3281=ADVANCED_FACE('',(#347),#67,.T.);
#3282=ADVANCED_FACE('',(#348),#68,.T.);
#3283=ADVANCED_FACE('',(#349),#69,.T.);
#3284=ADVANCED_FACE('',(#350),#3113,.T.);
#3285=ADVANCED_FACE('',(#351),#70,.F.);
#3286=ADVANCED_FACE('',(#352),#3114,.T.);
#3287=CLOSED_SHELL('',(#3115,#3116,#3117,#3118,#3119,#3120,#3121,#3122,
#3123,#3124,#3125,#3126,#3127,#3128,#3129,#3130,#3131,#3132,#3133,#3134,
#3135,#3136,#3137,#3138,#3139,#3140,#3141,#3142,#3143,#3144,#3145,#3146,
#3147,#3148,#3149,#3150,#3151,#3152,#3153,#3154,#3155,#3156,#3157,#3158,
#3159,#3160,#3161,#3162,#3163,#3164,#3165,#3166,#3167,#3168,#3169,#3170,
#3171,#3172,#3173,#3174,#3175,#3176,#3177,#3178,#3179,#3180,#3181,#3182,
#3183,#3184,#3185,#3186,#3187,#3188,#3189,#3190,#3191,#3192,#3193,#3194,
#3195,#3196,#3197,#3198,#3199,#3200,#3201,#3202,#3203,#3204,#3205,#3206,
#3207,#3208,#3209,#3210,#3211,#3212,#3213,#3214,#3215,#3216,#3217,#3218,
#3219,#3220,#3221,#3222,#3223,#3224,#3225,#3226,#3227,#3228,#3229,#3230,
#3231,#3232,#3233,#3234,#3235,#3236,#3237,#3238,#3239,#3240,#3241,#3242,
#3243,#3244,#3245,#3246,#3247,#3248,#3249,#3250,#3251,#3252,#3253,#3254,
#3255,#3256,#3257,#3258,#3259,#3260,#3261,#3262,#3263,#3264,#3265,#3266,
#3267,#3268,#3269,#3270,#3271,#3272,#3273,#3274,#3275,#3276,#3277,#3278,
#3279,#3280,#3281,#3282,#3283,#3284,#3285,#3286));
#3288=DERIVED_UNIT_ELEMENT(#3290,1.);
#3289=DERIVED_UNIT_ELEMENT(#5465,-3.);
#3290=(
MASS_UNIT()
NAMED_UNIT(*)
SI_UNIT(.KILO.,.GRAM.)
);
#3291=DERIVED_UNIT((#3288,#3289));
#3292=MEASURE_REPRESENTATION_ITEM('density measure',
POSITIVE_RATIO_MEASURE(7850.),#3291);
#3293=PROPERTY_DEFINITION_REPRESENTATION(#3298,#3295);
#3294=PROPERTY_DEFINITION_REPRESENTATION(#3299,#3296);
#3295=REPRESENTATION('material name',(#3297),#5462);
#3296=REPRESENTATION('density',(#3292),#5462);
#3297=DESCRIPTIVE_REPRESENTATION_ITEM('Steel','Steel');
#3298=PROPERTY_DEFINITION('material property','material name',#5472);
#3299=PROPERTY_DEFINITION('material property','density of part',#5472);
#3300=AXIS2_PLACEMENT_3D('',#4505,#3579,#3580);
#3301=AXIS2_PLACEMENT_3D('',#4506,#3581,#3582);
#3302=AXIS2_PLACEMENT_3D('',#4535,#3596,#3597);
#3303=AXIS2_PLACEMENT_3D('',#4537,#3598,#3599);
#3304=AXIS2_PLACEMENT_3D('',#4539,#3600,#3601);
#3305=AXIS2_PLACEMENT_3D('',#4543,#3603,#3604);
#3306=AXIS2_PLACEMENT_3D('',#4547,#3606,#3607);
#3307=AXIS2_PLACEMENT_3D('',#4549,#3608,#3609);
#3308=AXIS2_PLACEMENT_3D('',#4551,#3610,#3611);
#3309=AXIS2_PLACEMENT_3D('',#4555,#3613,#3614);
#3310=AXIS2_PLACEMENT_3D('',#4559,#3616,#3617);
#3311=AXIS2_PLACEMENT_3D('',#4561,#3618,#3619);
#3312=AXIS2_PLACEMENT_3D('',#4563,#3620,#3621);
#3313=AXIS2_PLACEMENT_3D('',#4567,#3623,#3624);
#3314=AXIS2_PLACEMENT_3D('',#4571,#3626,#3627);
#3315=AXIS2_PLACEMENT_3D('',#4573,#3628,#3629);
#3316=AXIS2_PLACEMENT_3D('',#4575,#3630,#3631);
#3317=AXIS2_PLACEMENT_3D('',#4578,#3633,#3634);
#3318=AXIS2_PLACEMENT_3D('',#4579,#3635,#3636);
#3319=AXIS2_PLACEMENT_3D('',#4598,#3647,#3648);
#3320=AXIS2_PLACEMENT_3D('',#4600,#3649,#3650);
#3321=AXIS2_PLACEMENT_3D('',#4604,#3652,#3653);
#3322=AXIS2_PLACEMENT_3D('',#4607,#3655,#3656);
#3323=AXIS2_PLACEMENT_3D('',#4608,#3657,#3658);
#3324=AXIS2_PLACEMENT_3D('',#4625,#3667,#3668);
#3325=AXIS2_PLACEMENT_3D('',#4659,#3686,#3687);
#3326=AXIS2_PLACEMENT_3D('',#4661,#3688,#3689);
#3327=AXIS2_PLACEMENT_3D('',#4665,#3691,#3692);
#3328=AXIS2_PLACEMENT_3D('',#4673,#3697,#3698);
#3329=AXIS2_PLACEMENT_3D('',#4675,#3699,#3700);
#3330=AXIS2_PLACEMENT_3D('',#4681,#3703,#3704);
#3331=AXIS2_PLACEMENT_3D('',#4685,#3706,#3707);
#3332=AXIS2_PLACEMENT_3D('',#4691,#3710,#3711);
#3333=AXIS2_PLACEMENT_3D('',#4695,#3713,#3714);
#3334=AXIS2_PLACEMENT_3D('',#4697,#3716,#3717);
#3335=AXIS2_PLACEMENT_3D('',#4701,#3720,#3721);
#3336=AXIS2_PLACEMENT_3D('',#4703,#3722,#3723);
#3337=AXIS2_PLACEMENT_3D('',#4715,#3729,#3730);
#3338=AXIS2_PLACEMENT_3D('',#4719,#3732,#3733);
#3339=AXIS2_PLACEMENT_3D('',#4723,#3735,#3736);
#3340=AXIS2_PLACEMENT_3D('',#4727,#3738,#3739);
#3341=AXIS2_PLACEMENT_3D('',#4731,#3741,#3742);
#3342=AXIS2_PLACEMENT_3D('',#4735,#3744,#3745);
#3343=AXIS2_PLACEMENT_3D('',#4739,#3747,#3748);
#3344=AXIS2_PLACEMENT_3D('',#4743,#3750,#3751);
#3345=AXIS2_PLACEMENT_3D('',#4747,#3753,#3754);
#3346=AXIS2_PLACEMENT_3D('',#4751,#3756,#3757);
#3347=AXIS2_PLACEMENT_3D('',#4755,#3759,#3760);
#3348=AXIS2_PLACEMENT_3D('',#4759,#3762,#3763);
#3349=AXIS2_PLACEMENT_3D('',#4769,#3769,#3770);
#3350=AXIS2_PLACEMENT_3D('',#4778,#3775,#3776);
#3351=AXIS2_PLACEMENT_3D('',#4785,#3779,#3780);
#3352=AXIS2_PLACEMENT_3D('',#4790,#3783,#3784);
#3353=AXIS2_PLACEMENT_3D('',#4792,#3786,#3787);
#3354=AXIS2_PLACEMENT_3D('',#4798,#3791,#3792);
#3355=AXIS2_PLACEMENT_3D('',#4804,#3796,#3797);
#3356=AXIS2_PLACEMENT_3D('',#4808,#3800,#3801);
#3357=AXIS2_PLACEMENT_3D('',#4812,#3804,#3805);
#3358=AXIS2_PLACEMENT_3D('',#4816,#3808,#3809);
#3359=AXIS2_PLACEMENT_3D('',#4820,#3812,#3813);
#3360=AXIS2_PLACEMENT_3D('',#4822,#3814,#3815);
#3361=AXIS2_PLACEMENT_3D('',#4824,#3817,#3818);
#3362=AXIS2_PLACEMENT_3D('',#4828,#3821,#3822);
#3363=AXIS2_PLACEMENT_3D('',#4834,#3826,#3827);
#3364=AXIS2_PLACEMENT_3D('',#4838,#3830,#3831);
#3365=AXIS2_PLACEMENT_3D('',#4844,#3835,#3836);
#3366=AXIS2_PLACEMENT_3D('',#4848,#3839,#3840);
#3367=AXIS2_PLACEMENT_3D('',#4850,#3841,#3842);
#3368=AXIS2_PLACEMENT_3D('',#4852,#3844,#3845);
#3369=AXIS2_PLACEMENT_3D('',#4854,#3847,#3848);
#3370=AXIS2_PLACEMENT_3D('',#4858,#3851,#3852);
#3371=AXIS2_PLACEMENT_3D('',#4861,#3855,#3856);
#3372=AXIS2_PLACEMENT_3D('',#4863,#3858,#3859);
#3373=AXIS2_PLACEMENT_3D('',#4864,#3860,#3861);
#3374=AXIS2_PLACEMENT_3D('',#4877,#3868,#3869);
#3375=AXIS2_PLACEMENT_3D('',#4880,#3872,#3873);
#3376=AXIS2_PLACEMENT_3D('',#4882,#3875,#3876);
#3377=AXIS2_PLACEMENT_3D('',#4884,#3878,#3879);
#3378=AXIS2_PLACEMENT_3D('',#4886,#3881,#3882);
#3379=AXIS2_PLACEMENT_3D('',#4893,#3886,#3887);
#3380=AXIS2_PLACEMENT_3D('',#4894,#3888,#3889);
#3381=AXIS2_PLACEMENT_3D('',#4902,#3893,#3894);
#3382=AXIS2_PLACEMENT_3D('',#4905,#3896,#3897);
#3383=AXIS2_PLACEMENT_3D('',#4906,#3898,#3899);
#3384=AXIS2_PLACEMENT_3D('',#4909,#3901,#3902);
#3385=AXIS2_PLACEMENT_3D('',#4910,#3903,#3904);
#3386=AXIS2_PLACEMENT_3D('',#4912,#3905,#3906);
#3387=AXIS2_PLACEMENT_3D('',#4913,#3907,#3908);
#3388=AXIS2_PLACEMENT_3D('',#4914,#3909,#3910);
#3389=AXIS2_PLACEMENT_3D('',#4917,#3912,#3913);
#3390=AXIS2_PLACEMENT_3D('',#4918,#3914,#3915);
#3391=AXIS2_PLACEMENT_3D('',#4932,#3923,#3924);
#3392=AXIS2_PLACEMENT_3D('',#4935,#3926,#3927);
#3393=AXIS2_PLACEMENT_3D('',#4936,#3928,#3929);
#3394=AXIS2_PLACEMENT_3D('',#4941,#3931,#3932);
#3395=AXIS2_PLACEMENT_3D('',#4957,#3941,#3942);
#3396=AXIS2_PLACEMENT_3D('',#4958,#3943,#3944);
#3397=AXIS2_PLACEMENT_3D('',#4961,#3947,#3948);
#3398=AXIS2_PLACEMENT_3D('',#4963,#3950,#3951);
#3399=AXIS2_PLACEMENT_3D('',#4967,#3954,#3955);
#3400=AXIS2_PLACEMENT_3D('',#4968,#3956,#3957);
#3401=AXIS2_PLACEMENT_3D('',#4969,#3958,#3959);
#3402=AXIS2_PLACEMENT_3D('',#4970,#3960,#3961);
#3403=AXIS2_PLACEMENT_3D('',#4972,#3962,#3963);
#3404=AXIS2_PLACEMENT_3D('',#4973,#3964,#3965);
#3405=AXIS2_PLACEMENT_3D('',#4974,#3966,#3967);
#3406=AXIS2_PLACEMENT_3D('',#4977,#3969,#3970);
#3407=AXIS2_PLACEMENT_3D('',#4978,#3971,#3972);
#3408=AXIS2_PLACEMENT_3D('',#4983,#3975,#3976);
#3409=AXIS2_PLACEMENT_3D('',#4987,#3978,#3979);
#3410=AXIS2_PLACEMENT_3D('',#4989,#3981,#3982);
#3411=AXIS2_PLACEMENT_3D('',#4992,#3985,#3986);
#3412=AXIS2_PLACEMENT_3D('',#4998,#3990,#3991);
#3413=AXIS2_PLACEMENT_3D('',#5000,#3992,#3993);
#3414=AXIS2_PLACEMENT_3D('',#5004,#3995,#3996);
#3415=AXIS2_PLACEMENT_3D('',#5006,#3998,#3999);
#3416=AXIS2_PLACEMENT_3D('',#5008,#4001,#4002);
#3417=AXIS2_PLACEMENT_3D('',#5013,#4006,#4007);
#3418=AXIS2_PLACEMENT_3D('',#5016,#4010,#4011);
#3419=AXIS2_PLACEMENT_3D('',#5017,#4012,#4013);
#3420=AXIS2_PLACEMENT_3D('',#5018,#4014,#4015);
#3421=AXIS2_PLACEMENT_3D('',#5020,#4017,#4018);
#3422=AXIS2_PLACEMENT_3D('',#5022,#4019,#4020);
#3423=AXIS2_PLACEMENT_3D('',#5025,#4022,#4023);
#3424=AXIS2_PLACEMENT_3D('',#5027,#4025,#4026);
#3425=AXIS2_PLACEMENT_3D('',#5029,#4028,#4029);
#3426=AXIS2_PLACEMENT_3D('',#5040,#4036,#4037);
#3427=AXIS2_PLACEMENT_3D('',#5044,#4040,#4041);
#3428=AXIS2_PLACEMENT_3D('',#5048,#4044,#4045);
#3429=AXIS2_PLACEMENT_3D('',#5050,#4047,#4048);
#3430=AXIS2_PLACEMENT_3D('',#5056,#4052,#4053);
#3431=AXIS2_PLACEMENT_3D('',#5057,#4054,#4055);
#3432=AXIS2_PLACEMENT_3D('',#5059,#4057,#4058);
#3433=AXIS2_PLACEMENT_3D('',#5061,#4060,#4061);
#3434=AXIS2_PLACEMENT_3D('',#5062,#4062,#4063);
#3435=AXIS2_PLACEMENT_3D('',#5066,#4066,#4067);
#3436=AXIS2_PLACEMENT_3D('',#5070,#4070,#4071);
#3437=AXIS2_PLACEMENT_3D('',#5072,#4073,#4074);
#3438=AXIS2_PLACEMENT_3D('',#5078,#4078,#4079);
#3439=AXIS2_PLACEMENT_3D('',#5079,#4080,#4081);
#3440=AXIS2_PLACEMENT_3D('',#5081,#4083,#4084);
#3441=AXIS2_PLACEMENT_3D('',#5083,#4086,#4087);
#3442=AXIS2_PLACEMENT_3D('',#5084,#4088,#4089);
#3443=AXIS2_PLACEMENT_3D('',#5086,#4091,#4092);
#3444=AXIS2_PLACEMENT_3D('',#5088,#4094,#4095);
#3445=AXIS2_PLACEMENT_3D('',#5090,#4097,#4098);
#3446=AXIS2_PLACEMENT_3D('',#5092,#4100,#4101);
#3447=AXIS2_PLACEMENT_3D('',#5093,#4102,#4103);
#3448=AXIS2_PLACEMENT_3D('',#5094,#4104,#4105);
#3449=AXIS2_PLACEMENT_3D('',#5100,#4109,#4110);
#3450=AXIS2_PLACEMENT_3D('',#5101,#4111,#4112);
#3451=AXIS2_PLACEMENT_3D('',#5102,#4113,#4114);
#3452=AXIS2_PLACEMENT_3D('',#5106,#4117,#4118);
#3453=AXIS2_PLACEMENT_3D('',#5110,#4121,#4122);
#3454=AXIS2_PLACEMENT_3D('',#5113,#4125,#4126);
#3455=AXIS2_PLACEMENT_3D('',#5115,#4128,#4129);
#3456=AXIS2_PLACEMENT_3D('',#5116,#4130,#4131);
#3457=AXIS2_PLACEMENT_3D('',#5125,#4136,#4137);
#3458=AXIS2_PLACEMENT_3D('',#5131,#4141,#4142);
#3459=AXIS2_PLACEMENT_3D('',#5138,#4145,#4146);
#3460=AXIS2_PLACEMENT_3D('',#5143,#4149,#4150);
#3461=AXIS2_PLACEMENT_3D('',#5145,#4152,#4153);
#3462=AXIS2_PLACEMENT_3D('',#5151,#4157,#4158);
#3463=AXIS2_PLACEMENT_3D('',#5157,#4162,#4163);
#3464=AXIS2_PLACEMENT_3D('',#5161,#4166,#4167);
#3465=AXIS2_PLACEMENT_3D('',#5165,#4170,#4171);
#3466=AXIS2_PLACEMENT_3D('',#5167,#4173,#4174);
#3467=AXIS2_PLACEMENT_3D('',#5169,#4175,#4176);
#3468=AXIS2_PLACEMENT_3D('',#5171,#4178,#4179);
#3469=AXIS2_PLACEMENT_3D('',#5175,#4182,#4183);
#3470=AXIS2_PLACEMENT_3D('',#5181,#4187,#4188);
#3471=AXIS2_PLACEMENT_3D('',#5185,#4191,#4192);
#3472=AXIS2_PLACEMENT_3D('',#5191,#4196,#4197);
#3473=AXIS2_PLACEMENT_3D('',#5195,#4200,#4201);
#3474=AXIS2_PLACEMENT_3D('',#5197,#4202,#4203);
#3475=AXIS2_PLACEMENT_3D('',#5199,#4205,#4206);
#3476=AXIS2_PLACEMENT_3D('',#5201,#4208,#4209);
#3477=AXIS2_PLACEMENT_3D('',#5205,#4212,#4213);
#3478=AXIS2_PLACEMENT_3D('',#5207,#4215,#4216);
#3479=AXIS2_PLACEMENT_3D('',#5209,#4218,#4219);
#3480=AXIS2_PLACEMENT_3D('',#5211,#4221,#4222);
#3481=AXIS2_PLACEMENT_3D('',#5212,#4223,#4224);
#3482=AXIS2_PLACEMENT_3D('',#5214,#4226,#4227);
#3483=AXIS2_PLACEMENT_3D('',#5215,#4228,#4229);
#3484=AXIS2_PLACEMENT_3D('',#5217,#4231,#4232);
#3485=AXIS2_PLACEMENT_3D('',#5218,#4233,#4234);
#3486=AXIS2_PLACEMENT_3D('',#5223,#4237,#4238);
#3487=AXIS2_PLACEMENT_3D('',#5224,#4239,#4240);
#3488=AXIS2_PLACEMENT_3D('',#5228,#4243,#4244);
#3489=AXIS2_PLACEMENT_3D('',#5231,#4246,#4247);
#3490=AXIS2_PLACEMENT_3D('',#5232,#4248,#4249);
#3491=AXIS2_PLACEMENT_3D('',#5236,#4252,#4253);
#3492=AXIS2_PLACEMENT_3D('',#5239,#4255,#4256);
#3493=AXIS2_PLACEMENT_3D('',#5240,#4257,#4258);
#3494=AXIS2_PLACEMENT_3D('',#5244,#4261,#4262);
#3495=AXIS2_PLACEMENT_3D('',#5247,#4264,#4265);
#3496=AXIS2_PLACEMENT_3D('',#5248,#4266,#4267);
#3497=AXIS2_PLACEMENT_3D('',#5260,#4274,#4275);
#3498=AXIS2_PLACEMENT_3D('',#5265,#4277,#4278);
#3499=AXIS2_PLACEMENT_3D('',#5268,#4280,#4281);
#3500=AXIS2_PLACEMENT_3D('',#5270,#4282,#4283);
#3501=AXIS2_PLACEMENT_3D('',#5273,#4285,#4286);
#3502=AXIS2_PLACEMENT_3D('',#5274,#4287,#4288);
#3503=AXIS2_PLACEMENT_3D('',#5285,#4295,#4296);
#3504=AXIS2_PLACEMENT_3D('',#5287,#4297,#4298);
#3505=AXIS2_PLACEMENT_3D('',#5289,#4300,#4301);
#3506=AXIS2_PLACEMENT_3D('',#5291,#4302,#4303);
#3507=AXIS2_PLACEMENT_3D('',#5294,#4305,#4306);
#3508=AXIS2_PLACEMENT_3D('',#5298,#4308,#4309);
#3509=AXIS2_PLACEMENT_3D('',#5301,#4311,#4312);
#3510=AXIS2_PLACEMENT_3D('',#5302,#4313,#4314);
#3511=AXIS2_PLACEMENT_3D('',#5304,#4315,#4316);
#3512=AXIS2_PLACEMENT_3D('',#5308,#4318,#4319);
#3513=AXIS2_PLACEMENT_3D('',#5312,#4321,#4322);
#3514=AXIS2_PLACEMENT_3D('',#5316,#4324,#4325);
#3515=AXIS2_PLACEMENT_3D('',#5320,#4327,#4328);
#3516=AXIS2_PLACEMENT_3D('',#5323,#4330,#4331);
#3517=AXIS2_PLACEMENT_3D('',#5325,#4332,#4333);
#3518=AXIS2_PLACEMENT_3D('',#5327,#4335,#4336);
#3519=AXIS2_PLACEMENT_3D('',#5329,#4338,#4339);
#3520=AXIS2_PLACEMENT_3D('',#5331,#4341,#4342);
#3521=AXIS2_PLACEMENT_3D('',#5332,#4343,#4344);
#3522=AXIS2_PLACEMENT_3D('',#5334,#4346,#4347);
#3523=AXIS2_PLACEMENT_3D('',#5336,#4349,#4350);
#3524=AXIS2_PLACEMENT_3D('',#5338,#4352,#4353);
#3525=AXIS2_PLACEMENT_3D('',#5339,#4354,#4355);
#3526=AXIS2_PLACEMENT_3D('',#5341,#4357,#4358);
#3527=AXIS2_PLACEMENT_3D('',#5342,#4359,#4360);
#3528=AXIS2_PLACEMENT_3D('',#5344,#4362,#4363);
#3529=AXIS2_PLACEMENT_3D('',#5346,#4365,#4366);
#3530=AXIS2_PLACEMENT_3D('',#5348,#4368,#4369);
#3531=AXIS2_PLACEMENT_3D('',#5350,#4371,#4372);
#3532=AXIS2_PLACEMENT_3D('',#5352,#4374,#4375);
#3533=AXIS2_PLACEMENT_3D('',#5354,#4377,#4378);
#3534=AXIS2_PLACEMENT_3D('',#5356,#4380,#4381);
#3535=AXIS2_PLACEMENT_3D('',#5358,#4383,#4384);
#3536=AXIS2_PLACEMENT_3D('',#5360,#4386,#4387);
#3537=AXIS2_PLACEMENT_3D('',#5362,#4389,#4390);
#3538=AXIS2_PLACEMENT_3D('',#5363,#4391,#4392);
#3539=AXIS2_PLACEMENT_3D('',#5369,#4396,#4397);
#3540=AXIS2_PLACEMENT_3D('',#5371,#4398,#4399);
#3541=AXIS2_PLACEMENT_3D('',#5373,#4401,#4402);
#3542=AXIS2_PLACEMENT_3D('',#5375,#4403,#4404);
#3543=AXIS2_PLACEMENT_3D('',#5377,#4406,#4407);
#3544=AXIS2_PLACEMENT_3D('',#5379,#4408,#4409);
#3545=AXIS2_PLACEMENT_3D('',#5381,#4411,#4412);
#3546=AXIS2_PLACEMENT_3D('',#5385,#4415,#4416);
#3547=AXIS2_PLACEMENT_3D('',#5387,#4417,#4418);
#3548=AXIS2_PLACEMENT_3D('',#5389,#4420,#4421);
#3549=AXIS2_PLACEMENT_3D('',#5393,#4424,#4425);
#3550=AXIS2_PLACEMENT_3D('',#5395,#4426,#4427);
#3551=AXIS2_PLACEMENT_3D('',#5397,#4429,#4430);
#3552=AXIS2_PLACEMENT_3D('',#5399,#4431,#4432);
#3553=AXIS2_PLACEMENT_3D('',#5401,#4434,#4435);
#3554=AXIS2_PLACEMENT_3D('',#5403,#4436,#4437);
#3555=AXIS2_PLACEMENT_3D('',#5405,#4439,#4440);
#3556=AXIS2_PLACEMENT_3D('',#5409,#4443,#4444);
#3557=AXIS2_PLACEMENT_3D('',#5411,#4445,#4446);
#3558=AXIS2_PLACEMENT_3D('',#5413,#4448,#4449);
#3559=AXIS2_PLACEMENT_3D('',#5417,#4452,#4453);
#3560=AXIS2_PLACEMENT_3D('',#5419,#4454,#4455);
#3561=AXIS2_PLACEMENT_3D('',#5421,#4457,#4458);
#3562=AXIS2_PLACEMENT_3D('',#5423,#4459,#4460);
#3563=AXIS2_PLACEMENT_3D('',#5425,#4462,#4463);
#3564=AXIS2_PLACEMENT_3D('',#5427,#4464,#4465);
#3565=AXIS2_PLACEMENT_3D('',#5429,#4467,#4468);
#3566=AXIS2_PLACEMENT_3D('',#5433,#4471,#4472);
#3567=AXIS2_PLACEMENT_3D('',#5435,#4473,#4474);
#3568=AXIS2_PLACEMENT_3D('',#5437,#4476,#4477);
#3569=AXIS2_PLACEMENT_3D('',#5441,#4480,#4481);
#3570=AXIS2_PLACEMENT_3D('',#5443,#4482,#4483);
#3571=AXIS2_PLACEMENT_3D('',#5445,#4485,#4486);
#3572=AXIS2_PLACEMENT_3D('',#5447,#4487,#4488);
#3573=AXIS2_PLACEMENT_3D('',#5449,#4490,#4491);
#3574=AXIS2_PLACEMENT_3D('',#5451,#4492,#4493);
#3575=AXIS2_PLACEMENT_3D('',#5453,#4495,#4496);
#3576=AXIS2_PLACEMENT_3D('',#5457,#4499,#4500);
#3577=AXIS2_PLACEMENT_3D('',#5458,#4501,#4502);
#3578=AXIS2_PLACEMENT_3D('',#5459,#4503,#4504);
#3579=DIRECTION('axis',(0.,0.,1.));
#3580=DIRECTION('refdir',(1.,0.,0.));
#3581=DIRECTION('center_axis',(0.,1.,0.));
#3582=DIRECTION('ref_axis',(1.,0.,0.));
#3583=DIRECTION('',(0.,0.,1.));
#3584=DIRECTION('',(-1.,0.,0.));
#3585=DIRECTION('',(0.,0.,-1.));
#3586=DIRECTION('',(-1.,0.,0.));
#3587=DIRECTION('',(0.,0.,-1.));
#3588=DIRECTION('',(-1.,0.,0.));
#3589=DIRECTION('',(0.,0.,-1.));
#3590=DIRECTION('',(1.,0.,0.));
#3591=DIRECTION('',(0.,0.,1.));
#3592=DIRECTION('',(1.,0.,0.));
#3593=DIRECTION('',(0.,0.,1.));
#3594=DIRECTION('',(1.,0.,0.));
#3595=DIRECTION('',(0.,0.,-1.));
#3596=DIRECTION('center_axis',(0.,-1.,0.));
#3597=DIRECTION('ref_axis',(-0.160000000000007,0.,0.987117014340244));
#3598=DIRECTION('center_axis',(0.,-1.,0.));
#3599=DIRECTION('ref_axis',(0.160000000000007,0.,0.987117014340244));
#3600=DIRECTION('center_axis',(0.,-1.,0.));
#3601=DIRECTION('ref_axis',(1.,0.,0.));
#3602=DIRECTION('',(0.,0.,1.));
#3603=DIRECTION('center_axis',(0.,-1.,0.));
#3604=DIRECTION('ref_axis',(-1.,0.,0.));
#3605=DIRECTION('',(-1.,0.,0.));
#3606=DIRECTION('center_axis',(0.,-1.,0.));
#3607=DIRECTION('ref_axis',(0.987117014340244,0.,0.160000000000007));
#3608=DIRECTION('center_axis',(0.,-1.,0.));
#3609=DIRECTION('ref_axis',(0.987117014340244,0.,-0.160000000000007));
#3610=DIRECTION('center_axis',(0.,-1.,0.));
#3611=DIRECTION('ref_axis',(0.,0.,-1.));
#3612=DIRECTION('',(1.,0.,0.));
#3613=DIRECTION('center_axis',(0.,-1.,0.));
#3614=DIRECTION('ref_axis',(0.,0.,1.));
#3615=DIRECTION('',(0.,0.,1.));
#3616=DIRECTION('center_axis',(0.,-1.,0.));
#3617=DIRECTION('ref_axis',(0.160000000000007,0.,-0.987117014340244));
#3618=DIRECTION('center_axis',(0.,-1.,0.));
#3619=DIRECTION('ref_axis',(-0.160000000000007,0.,-0.987117014340244));
#3620=DIRECTION('center_axis',(0.,-1.,0.));
#3621=DIRECTION('ref_axis',(-1.,0.,0.));
#3622=DIRECTION('',(0.,0.,-1.));
#3623=DIRECTION('center_axis',(0.,-1.,0.));
#3624=DIRECTION('ref_axis',(1.,0.,0.));
#3625=DIRECTION('',(1.,0.,0.));
#3626=DIRECTION('center_axis',(0.,-1.,0.));
#3627=DIRECTION('ref_axis',(-0.987117014340244,0.,-0.160000000000007));
#3628=DIRECTION('center_axis',(0.,-1.,0.));
#3629=DIRECTION('ref_axis',(-0.987117014340244,0.,0.160000000000007));
#3630=DIRECTION('center_axis',(0.,-1.,0.));
#3631=DIRECTION('ref_axis',(-2.442490654175E-14,0.,1.));
#3632=DIRECTION('',(-1.,0.,0.));
#3633=DIRECTION('center_axis',(0.,-1.,0.));
#3634=DIRECTION('ref_axis',(0.,0.,-1.));
#3635=DIRECTION('center_axis',(-1.,0.,0.));
#3636=DIRECTION('ref_axis',(0.,0.,1.));
#3637=DIRECTION('',(0.,0.,1.));
#3638=DIRECTION('',(0.,1.,0.));
#3639=DIRECTION('',(0.,-1.,0.));
#3640=DIRECTION('',(0.,0.,-1.));
#3641=DIRECTION('',(0.,-1.,0.));
#3642=DIRECTION('',(0.,1.,0.));
#3643=DIRECTION('',(0.,0.,-1.));
#3644=DIRECTION('',(0.,1.,0.));
#3645=DIRECTION('',(0.,0.,-1.));
#3646=DIRECTION('',(0.,1.,0.));
#3647=DIRECTION('center_axis',(0.,0.,1.));
#3648=DIRECTION('ref_axis',(0.,1.,0.));
#3649=DIRECTION('center_axis',(0.,0.,1.));
#3650=DIRECTION('ref_axis',(-0.500000000000017,0.866025403784429,0.));
#3651=DIRECTION('',(0.,0.,1.));
#3652=DIRECTION('center_axis',(0.,0.,1.));
#3653=DIRECTION('ref_axis',(0.,1.,0.));
#3654=DIRECTION('',(0.,0.,1.));
#3655=DIRECTION('center_axis',(0.,0.,-1.));
#3656=DIRECTION('ref_axis',(-1.,0.,0.));
#3657=DIRECTION('center_axis',(0.,0.,1.));
#3658=DIRECTION('ref_axis',(1.,0.,0.));
#3659=DIRECTION('',(-1.,0.,0.));
#3660=DIRECTION('',(0.,-1.,0.));
#3661=DIRECTION('',(1.,0.,0.));
#3662=DIRECTION('',(0.,1.,0.));
#3663=DIRECTION('',(1.,0.,0.));
#3664=DIRECTION('',(0.,1.,0.));
#3665=DIRECTION('',(-1.,0.,0.));
#3666=DIRECTION('',(0.,1.,0.));
#3667=DIRECTION('center_axis',(0.,0.,1.));
#3668=DIRECTION('ref_axis',(1.,-3.5527136788E-14,0.));
#3669=DIRECTION('',(0.,1.,0.));
#3670=DIRECTION('',(1.,0.,0.));
#3671=DIRECTION('',(0.,-1.,0.));
#3672=DIRECTION('',(-1.,0.,0.));
#3673=DIRECTION('',(0.,1.,0.));
#3674=DIRECTION('',(1.,0.,0.));
#3675=DIRECTION('',(0.,-1.,0.));
#3676=DIRECTION('',(1.,0.,0.));
#3677=DIRECTION('',(0.,1.,0.));
#3678=DIRECTION('',(1.,0.,0.));
#3679=DIRECTION('',(0.,1.,0.));
#3680=DIRECTION('',(1.,0.,0.));
#3681=DIRECTION('',(0.,1.,0.));
#3682=DIRECTION('',(-1.,0.,0.));
#3683=DIRECTION('',(0.,-1.,0.));
#3684=DIRECTION('',(1.,0.,0.));
#3685=DIRECTION('',(0.,-1.,0.));
#3686=DIRECTION('center_axis',(1.,0.,0.));
#3687=DIRECTION('ref_axis',(0.,0.,-1.));
#3688=DIRECTION('center_axis',(-1.,0.,0.));
#3689=DIRECTION('ref_axis',(0.,1.,0.));
#3690=DIRECTION('',(0.,0.,-1.));
#3691=DIRECTION('center_axis',(1.,0.,0.));
#3692=DIRECTION('ref_axis',(0.,-0.422618261740719,0.906307787036641));
#3693=DIRECTION('',(0.,-0.906307787036641,-0.422618261740719));
#3694=DIRECTION('',(0.,-1.,0.));
#3695=DIRECTION('',(0.,0.,-1.));
#3696=DIRECTION('',(0.,1.,0.));
#3697=DIRECTION('center_axis',(0.,0.,-1.));
#3698=DIRECTION('ref_axis',(0.,1.,0.));
#3699=DIRECTION('center_axis',(0.,0.,-1.));
#3700=DIRECTION('ref_axis',(-1.,0.,0.));
#3701=DIRECTION('',(1.,0.,0.));
#3702=DIRECTION('',(0.,-1.,0.));
#3703=DIRECTION('center_axis',(0.,0.,1.));
#3704=DIRECTION('ref_axis',(-1.,0.,0.));
#3705=DIRECTION('',(-1.,0.,0.));
#3706=DIRECTION('center_axis',(0.,0.,1.));
#3707=DIRECTION('ref_axis',(0.,-1.,0.));
#3708=DIRECTION('',(0.,-1.,0.));
#3709=DIRECTION('',(1.,0.,0.));
#3710=DIRECTION('center_axis',(0.,0.,-1.));
#3711=DIRECTION('ref_axis',(0.,1.,0.));
#3712=DIRECTION('',(0.,-1.,0.));
#3713=DIRECTION('center_axis',(0.,0.,1.));
#3714=DIRECTION('ref_axis',(0.500000000000017,0.866025403784429,0.));
#3715=DIRECTION('',(1.,0.,0.));
#3716=DIRECTION('center_axis',(0.,1.,0.));
#3717=DIRECTION('ref_axis',(1.,0.,0.));
#3718=DIRECTION('',(0.,0.,-1.));
#3719=DIRECTION('',(-1.,0.,0.));
#3720=DIRECTION('center_axis',(0.,0.,-1.));
#3721=DIRECTION('ref_axis',(-1.,0.,0.));
#3722=DIRECTION('center_axis',(0.,0.,-1.));
#3723=DIRECTION('ref_axis',(0.,1.,0.));
#3724=DIRECTION('',(0.,1.,0.));
#3725=DIRECTION('',(0.,1.,0.));
#3726=DIRECTION('',(1.,0.,0.));
#3727=DIRECTION('',(0.,1.,0.));
#3728=DIRECTION('',(1.,0.,0.));
#3729=DIRECTION('center_axis',(0.,0.,-1.));
#3730=DIRECTION('ref_axis',(0.,1.,0.));
#3731=DIRECTION('',(1.,0.,0.));
#3732=DIRECTION('center_axis',(0.,0.,-1.));
#3733=DIRECTION('ref_axis',(-1.,0.,0.));
#3734=DIRECTION('',(0.,1.,0.));
#3735=DIRECTION('center_axis',(0.,0.,-1.));
#3736=DIRECTION('ref_axis',(0.,-1.,0.));
#3737=DIRECTION('',(-1.,0.,0.));
#3738=DIRECTION('center_axis',(0.,0.,-1.));
#3739=DIRECTION('ref_axis',(0.,1.,0.));
#3740=DIRECTION('',(0.,1.,0.));
#3741=DIRECTION('center_axis',(0.,0.,-1.));
#3742=DIRECTION('ref_axis',(1.,0.,0.));
#3743=DIRECTION('',(1.,0.,0.));
#3744=DIRECTION('center_axis',(0.,0.,-1.));
#3745=DIRECTION('ref_axis',(-1.,0.,0.));
#3746=DIRECTION('',(0.,1.,0.));
#3747=DIRECTION('center_axis',(0.,0.,-1.));
#3748=DIRECTION('ref_axis',(0.,-1.,0.));
#3749=DIRECTION('',(-1.,0.,0.));
#3750=DIRECTION('center_axis',(0.,0.,-1.));
#3751=DIRECTION('ref_axis',(1.,0.,0.));
#3752=DIRECTION('',(0.,-1.,0.));
#3753=DIRECTION('center_axis',(0.,0.,-1.));
#3754=DIRECTION('ref_axis',(0.,1.,0.));
#3755=DIRECTION('',(1.,0.,0.));
#3756=DIRECTION('center_axis',(0.,0.,-1.));
#3757=DIRECTION('ref_axis',(0.,-1.,0.));
#3758=DIRECTION('',(0.,-1.,0.));
#3759=DIRECTION('center_axis',(0.,0.,-1.));
#3760=DIRECTION('ref_axis',(-1.,0.,0.));
#3761=DIRECTION('',(-1.,0.,0.));
#3762=DIRECTION('center_axis',(0.,0.,-1.));
#3763=DIRECTION('ref_axis',(1.,0.,0.));
#3764=DIRECTION('',(0.,-1.,0.));
#3765=DIRECTION('',(0.,1.,0.));
#3766=DIRECTION('',(1.,0.,0.));
#3767=DIRECTION('',(0.,1.,0.));
#3768=DIRECTION('',(1.,0.,0.));
#3769=DIRECTION('center_axis',(1.,0.,0.));
#3770=DIRECTION('ref_axis',(0.,0.,-1.));
#3771=DIRECTION('',(0.,1.,0.));
#3772=DIRECTION('',(0.,0.,1.));
#3773=DIRECTION('',(0.,1.,0.));
#3774=DIRECTION('',(0.,0.,-1.));
#3775=DIRECTION('center_axis',(1.,0.,0.));
#3776=DIRECTION('ref_axis',(0.,0.,-1.));
#3777=DIRECTION('',(0.,0.,1.));
#3778=DIRECTION('',(0.,-1.,0.));
#3779=DIRECTION('center_axis',(-1.,0.,0.));
#3780=DIRECTION('ref_axis',(0.,1.,0.));
#3781=DIRECTION('',(0.,0.,-1.));
#3782=DIRECTION('',(0.,0.,1.));
#3783=DIRECTION('center_axis',(1.,0.,0.));
#3784=DIRECTION('ref_axis',(0.,0.,-1.));
#3785=DIRECTION('',(0.,1.,0.));
#3786=DIRECTION('center_axis',(-0.970142500145338,0.,0.242535625036309));
#3787=DIRECTION('ref_axis',(0.242535625036309,0.,0.970142500145338));
#3788=DIRECTION('',(-0.235702260395494,-0.235702260395494,-0.942809041582074));
#3789=DIRECTION('',(0.,1.,0.));
#3790=DIRECTION('',(0.235702260395494,-0.235702260395494,0.942809041582074));
#3791=DIRECTION('center_axis',(0.,-0.970142500145338,0.242535625036309));
#3792=DIRECTION('ref_axis',(0.,0.242535625036309,0.970142500145338));
#3793=DIRECTION('',(-1.,0.,0.));
#3794=DIRECTION('',(-0.235702260395494,0.235702260395494,0.942809041582074));
#3795=DIRECTION('',(-1.,0.,0.));
#3796=DIRECTION('center_axis',(0.,0.,1.));
#3797=DIRECTION('ref_axis',(0.,-1.,0.));
#3798=DIRECTION('',(-1.,0.,0.));
#3799=DIRECTION('',(0.,-1.,0.));
#3800=DIRECTION('center_axis',(0.,0.970142500145338,0.242535625036309));
#3801=DIRECTION('ref_axis',(0.,0.242535625036309,-0.970142500145338));
#3802=DIRECTION('',(0.235702260395494,0.235702260395494,-0.942809041582074));
#3803=DIRECTION('',(-1.,0.,0.));
#3804=DIRECTION('center_axis',(0.,1.,0.));
#3805=DIRECTION('ref_axis',(0.,0.,1.));
#3806=DIRECTION('',(0.,0.,1.));
#3807=DIRECTION('',(1.,0.,0.));
#3808=DIRECTION('center_axis',(0.,1.,0.));
#3809=DIRECTION('ref_axis',(0.,0.,1.));
#3810=DIRECTION('',(0.,0.,1.));
#3811=DIRECTION('',(1.,0.,0.));
#3812=DIRECTION('center_axis',(1.,0.,0.));
#3813=DIRECTION('ref_axis',(0.,0.,-1.));
#3814=DIRECTION('center_axis',(1.,0.,0.));
#3815=DIRECTION('ref_axis',(0.,0.,-1.));
#3816=DIRECTION('',(1.,0.,0.));
#3817=DIRECTION('center_axis',(0.,0.,-1.));
#3818=DIRECTION('ref_axis',(0.,1.,0.));
#3819=DIRECTION('',(-1.,0.,0.));
#3820=DIRECTION('',(0.,1.,0.));
#3821=DIRECTION('center_axis',(0.,-0.242535625036309,-0.970142500145338));
#3822=DIRECTION('ref_axis',(0.,-0.970142500145338,0.242535625036309));
#3823=DIRECTION('',(-0.235702260395494,0.942809041582074,-0.235702260395494));
#3824=DIRECTION('',(-0.235702260395494,-0.942809041582074,0.235702260395494));
#3825=DIRECTION('',(-1.,0.,0.));
#3826=DIRECTION('center_axis',(-0.970142500145338,-0.242535625036309,0.));
#3827=DIRECTION('ref_axis',(0.242535625036309,-0.970142500145338,0.));
#3828=DIRECTION('',(0.,0.,1.));
#3829=DIRECTION('',(-0.235702260395494,0.942809041582074,0.235702260395494));
#3830=DIRECTION('center_axis',(0.,-0.242535625036309,0.970142500145338));
#3831=DIRECTION('ref_axis',(0.,0.970142500145338,0.242535625036309));
#3832=DIRECTION('',(-1.,0.,0.));
#3833=DIRECTION('',(-1.,0.,0.));
#3834=DIRECTION('',(0.235702260395494,0.942809041582074,0.235702260395494));
#3835=DIRECTION('center_axis',(0.,0.,1.));
#3836=DIRECTION('ref_axis',(0.,-1.,0.));
#3837=DIRECTION('',(0.,-1.,0.));
#3838=DIRECTION('',(1.,0.,0.));
#3839=DIRECTION('center_axis',(1.,0.,0.));
#3840=DIRECTION('ref_axis',(0.,0.,-1.));
#3841=DIRECTION('center_axis',(-1.,0.,0.));
#3842=DIRECTION('ref_axis',(0.,1.,0.));
#3843=DIRECTION('',(1.,0.,0.));
#3844=DIRECTION('center_axis',(0.,-1.,0.));
#3845=DIRECTION('ref_axis',(0.,0.,-1.));
#3846=DIRECTION('',(0.,0.,-1.));
#3847=DIRECTION('center_axis',(0.,-1.,0.));
#3848=DIRECTION('ref_axis',(0.,0.,-1.));
#3849=DIRECTION('',(1.,0.,0.));
#3850=DIRECTION('',(0.,0.,-1.));
#3851=DIRECTION('center_axis',(1.,0.,0.));
#3852=DIRECTION('ref_axis',(0.,0.,-1.));
#3853=DIRECTION('',(0.,-1.,0.));
#3854=DIRECTION('',(0.,1.,0.));
#3855=DIRECTION('center_axis',(1.,0.,0.));
#3856=DIRECTION('ref_axis',(0.,0.,-1.));
#3857=DIRECTION('',(0.,0.,-1.));
#3858=DIRECTION('center_axis',(0.970142500145338,0.,0.242535625036309));
#3859=DIRECTION('ref_axis',(-0.242535625036309,0.,0.970142500145338));
#3860=DIRECTION('center_axis',(0.,0.,1.));
#3861=DIRECTION('ref_axis',(1.,0.,0.));
#3862=DIRECTION('',(-1.,0.,0.));
#3863=DIRECTION('',(0.,-1.,0.));
#3864=DIRECTION('',(1.,0.,0.));
#3865=DIRECTION('',(0.,-1.,0.));
#3866=DIRECTION('',(-1.,0.,0.));
#3867=DIRECTION('',(0.,-1.,0.));
#3868=DIRECTION('center_axis',(0.,-0.999961923064171,-0.00872653549837375));
#3869=DIRECTION('ref_axis',(1.,0.,0.));
#3870=DIRECTION('',(0.00872620324394374,-0.00872620324394374,0.99992385047757));
#3871=DIRECTION('',(-0.00872620324394374,0.00872620324394374,-0.99992385047757));
#3872=DIRECTION('center_axis',(0.999961923064171,0.,-0.00872653549837375));
#3873=DIRECTION('ref_axis',(0.,1.,0.));
#3874=DIRECTION('',(-0.00872620324394374,0.00872620324394374,-0.99992385047757));
#3875=DIRECTION('center_axis',(0.,-0.999961923064171,-0.00872653549837375));
#3876=DIRECTION('ref_axis',(1.,0.,0.));
#3877=DIRECTION('',(0.00872620324394374,0.00872620324394374,-0.99992385047757));
#3878=DIRECTION('center_axis',(-0.999961923064171,0.,-0.00872653549837375));
#3879=DIRECTION('ref_axis',(0.,-1.,0.));
#3880=DIRECTION('',(0.00872620324394374,-0.00872620324394374,-0.99992385047757));
#3881=DIRECTION('center_axis',(0.,0.999961923064171,-0.00872653549837375));
#3882=DIRECTION('ref_axis',(-1.,0.,0.));
#3883=DIRECTION('',(0.,0.00872653549837375,0.999961923064171));
#3884=DIRECTION('',(-0.00872620324394374,-0.00872620324394374,-0.99992385047757));
#3885=DIRECTION('',(1.,0.,0.));
#3886=DIRECTION('center_axis',(1.03349820621993E-12,0.999961923064187,-0.00872653549659167));
#3887=DIRECTION('ref_axis',(-0.999999999818771,1.66139589054661E-7,1.90375928219532E-5));
#3888=DIRECTION('center_axis',(1.,0.,0.));
#3889=DIRECTION('ref_axis',(0.,0.,-1.));
#3890=DIRECTION('',(0.,-1.,0.));
#3891=DIRECTION('',(0.,-0.0174524064372798,-0.999847695156391));
#3892=DIRECTION('',(0.,-0.906307787036641,-0.422618261740719));
#3893=DIRECTION('center_axis',(1.,0.,0.));
#3894=DIRECTION('ref_axis',(0.,-0.422618261740719,0.906307787036641));
#3895=DIRECTION('',(0.,0.,-1.));
#3896=DIRECTION('center_axis',(1.,0.,0.));
#3897=DIRECTION('ref_axis',(0.,0.,-1.));
#3898=DIRECTION('center_axis',(0.,-1.,0.));
#3899=DIRECTION('ref_axis',(-1.,0.,0.));
#3900=DIRECTION('',(0.,-1.,0.));
#3901=DIRECTION('center_axis',(0.,-1.,0.));
#3902=DIRECTION('ref_axis',(-1.,0.,0.));
#3903=DIRECTION('center_axis',(0.707106781186535,0.706999085398836,-0.0123407149398291));
#3904=DIRECTION('ref_axis',(-0.707106781186559,0.706999085398813,-0.0123407149398291));
#3905=DIRECTION('center_axis',(1.,0.,0.));
#3906=DIRECTION('ref_axis',(0.,0.,-1.));
#3907=DIRECTION('center_axis',(0.,0.0174524064372798,0.999847695156391));
#3908=DIRECTION('ref_axis',(0.,0.999847695156391,-0.0174524064372798));
#3909=DIRECTION('center_axis',(0.,-0.0174524064372798,-0.999847695156391));
#3910=DIRECTION('ref_axis',(-1.,0.,0.));
#3911=DIRECTION('',(0.,-0.0174524064372798,-0.999847695156391));
#3912=DIRECTION('center_axis',(0.,0.422618261740719,-0.906307787036641));
#3913=DIRECTION('ref_axis',(0.,0.906307787036641,0.422618261740719));
#3914=DIRECTION('center_axis',(0.,0.999847695156391,-0.0174524064372798));
#3915=DIRECTION('ref_axis',(0.,0.0174524064372798,0.999847695156391));
#3916=DIRECTION('',(-1.,0.,0.));
#3917=DIRECTION('',(0.,0.0174524064372798,0.999847695156391));
#3918=DIRECTION('',(1.,0.,0.));
#3919=DIRECTION('',(0.,0.0174524064372798,0.999847695156391));
#3920=DIRECTION('',(-1.,0.,0.));
#3921=DIRECTION('',(0.,0.0174524064372798,0.999847695156391));
#3922=DIRECTION('',(1.,0.,0.));
#3923=DIRECTION('center_axis',(-1.,0.,0.));
#3924=DIRECTION('ref_axis',(0.,0.999847695156391,-0.0174524064372798));
#3925=DIRECTION('',(-1.,0.,0.));
#3926=DIRECTION('center_axis',(-1.,0.,0.));
#3927=DIRECTION('ref_axis',(0.,0.999847695156391,-0.0174524064372898));
#3928=DIRECTION('center_axis',(0.,0.,-1.));
#3929=DIRECTION('ref_axis',(0.,1.,0.));
#3930=DIRECTION('',(-1.,0.,0.));
#3931=DIRECTION('center_axis',(0.,0.,-1.));
#3932=DIRECTION('ref_axis',(0.,-1.,0.));
#3933=DIRECTION('',(0.,1.,0.));
#3934=DIRECTION('',(0.,1.,0.));
#3935=DIRECTION('',(1.,0.,0.));
#3936=DIRECTION('',(0.,1.,0.));
#3937=DIRECTION('',(1.,0.,0.));
#3938=DIRECTION('',(0.,1.,0.));
#3939=DIRECTION('',(-1.,0.,0.));
#3940=DIRECTION('',(0.,1.,0.));
#3941=DIRECTION('center_axis',(0.,0.,-1.));
#3942=DIRECTION('ref_axis',(1.,0.,0.));
#3943=DIRECTION('center_axis',(0.,1.,0.));
#3944=DIRECTION('ref_axis',(-1.,0.,0.));
#3945=DIRECTION('',(0.,0.,1.));
#3946=DIRECTION('',(0.,0.,-1.));
#3947=DIRECTION('center_axis',(0.,0.,1.));
#3948=DIRECTION('ref_axis',(0.,-1.,0.));
#3949=DIRECTION('',(0.,0.,1.));
#3950=DIRECTION('center_axis',(1.,0.,0.));
#3951=DIRECTION('ref_axis',(0.,0.,-1.));
#3952=DIRECTION('',(0.,-1.,0.));
#3953=DIRECTION('',(0.,0.,1.));
#3954=DIRECTION('center_axis',(1.,0.,0.));
#3955=DIRECTION('ref_axis',(0.,0.,-1.));
#3956=DIRECTION('center_axis',(-1.,0.,0.));
#3957=DIRECTION('ref_axis',(0.,0.999847695156391,-0.0174524064372798));
#3958=DIRECTION('center_axis',(-1.,0.,0.));
#3959=DIRECTION('ref_axis',(0.,0.999847695156391,-0.0174524064372898));
#3960=DIRECTION('center_axis',(0.,0.713250449154167,0.700909264299866));
#3961=DIRECTION('ref_axis',(0.,0.700909264299866,-0.713250449154167));
#3962=DIRECTION('center_axis',(0.,-1.,0.));
#3963=DIRECTION('ref_axis',(0.,0.,-1.));
#3964=DIRECTION('center_axis',(0.,0.0174524064372798,0.999847695156391));
#3965=DIRECTION('ref_axis',(1.,0.,0.));
#3966=DIRECTION('center_axis',(0.,0.0174524064372798,0.999847695156391));
#3967=DIRECTION('ref_axis',(1.,0.,0.));
#3968=DIRECTION('',(0.,0.0174524064372798,0.999847695156391));
#3969=DIRECTION('center_axis',(0.,0.422618261740719,-0.906307787036641));
#3970=DIRECTION('ref_axis',(0.,0.906307787036641,0.422618261740719));
#3971=DIRECTION('center_axis',(1.,0.,0.));
#3972=DIRECTION('ref_axis',(0.,0.,-1.));
#3973=DIRECTION('',(0.,1.,0.));
#3974=DIRECTION('',(0.,0.00872653549837375,0.999961923064171));
#3975=DIRECTION('center_axis',(1.,0.,0.));
#3976=DIRECTION('ref_axis',(0.,0.,-1.));
#3977=DIRECTION('',(0.,0.,-1.));
#3978=DIRECTION('center_axis',(1.,0.,0.));
#3979=DIRECTION('ref_axis',(0.,-0.422618261740719,0.906307787036641));
#3980=DIRECTION('',(0.,-0.906307787036641,-0.422618261740719));
#3981=DIRECTION('center_axis',(0.,-0.422618261740719,0.906307787036641));
#3982=DIRECTION('ref_axis',(0.,-0.906307787036641,-0.422618261740719));
#3983=DIRECTION('',(1.,0.,0.));
#3984=DIRECTION('',(1.,0.,0.));
#3985=DIRECTION('center_axis',(0.,-0.422618261740719,0.906307787036641));
#3986=DIRECTION('ref_axis',(0.,-0.906307787036641,-0.422618261740719));
#3987=DIRECTION('',(1.,0.,0.));
#3988=DIRECTION('',(0.,-0.906307787036641,-0.422618261740719));
#3989=DIRECTION('',(1.,0.,0.));
#3990=DIRECTION('center_axis',(0.,0.,1.));
#3991=DIRECTION('ref_axis',(0.,-1.,0.));
#3992=DIRECTION('center_axis',(0.,0.,1.));
#3993=DIRECTION('ref_axis',(0.,1.,0.));
#3994=DIRECTION('',(0.,-1.,0.));
#3995=DIRECTION('center_axis',(0.,0.,1.));
#3996=DIRECTION('ref_axis',(1.,0.,0.));
#3997=DIRECTION('',(1.,0.,0.));
#3998=DIRECTION('center_axis',(0.,0.,-1.));
#3999=DIRECTION('ref_axis',(-1.,0.,0.));
#4000=DIRECTION('',(0.,0.,-1.));
#4001=DIRECTION('center_axis',(0.,1.,0.));
#4002=DIRECTION('ref_axis',(0.,0.,1.));
#4003=DIRECTION('',(0.,0.,1.));
#4004=DIRECTION('',(1.,0.,0.));
#4005=DIRECTION('',(0.,0.,1.));
#4006=DIRECTION('center_axis',(-1.,0.,0.));
#4007=DIRECTION('ref_axis',(0.,0.,1.));
#4008=DIRECTION('',(0.,0.,-1.));
#4009=DIRECTION('',(0.,-1.,0.));
#4010=DIRECTION('center_axis',(0.,0.,-1.));
#4011=DIRECTION('ref_axis',(0.,-1.,0.));
#4012=DIRECTION('center_axis',(0.,0.,1.));
#4013=DIRECTION('ref_axis',(1.,0.,0.));
#4014=DIRECTION('center_axis',(0.,0.,1.));
#4015=DIRECTION('ref_axis',(1.,0.,0.));
#4016=DIRECTION('',(0.,0.,1.));
#4017=DIRECTION('center_axis',(1.,0.,0.));
#4018=DIRECTION('ref_axis',(0.,0.,-1.));
#4019=DIRECTION('center_axis',(1.,0.,0.));
#4020=DIRECTION('ref_axis',(0.,-0.422618261740719,0.906307787036641));
#4021=DIRECTION('',(0.,0.,-1.));
#4022=DIRECTION('center_axis',(-1.,0.,0.));
#4023=DIRECTION('ref_axis',(0.,1.,0.));
#4024=DIRECTION('',(0.,0.,-1.));
#4025=DIRECTION('center_axis',(0.,0.,-1.));
#4026=DIRECTION('ref_axis',(0.,1.,0.));
#4027=DIRECTION('',(0.,0.,-1.));
#4028=DIRECTION('center_axis',(1.,0.,0.));
#4029=DIRECTION('ref_axis',(0.,0.,-1.));
#4030=DIRECTION('',(0.,0.,-1.));
#4031=DIRECTION('',(0.,1.,0.));
#4032=DIRECTION('',(0.,0.,-1.));
#4033=DIRECTION('',(0.,-1.,0.));
#4034=DIRECTION('',(0.,0.,1.));
#4035=DIRECTION('',(0.,-1.,0.));
#4036=DIRECTION('center_axis',(0.,0.,-1.));
#4037=DIRECTION('ref_axis',(1.,0.,0.));
#4038=DIRECTION('',(1.,0.,0.));
#4039=DIRECTION('',(0.,-1.,0.));
#4040=DIRECTION('center_axis',(-1.,0.,0.));
#4041=DIRECTION('ref_axis',(0.,0.,-1.));
#4042=DIRECTION('',(0.,0.,-1.));
#4043=DIRECTION('',(0.,-1.,0.));
#4044=DIRECTION('center_axis',(0.,0.,1.));
#4045=DIRECTION('ref_axis',(-1.,0.,0.));
#4046=DIRECTION('',(-1.,0.,0.));
#4047=DIRECTION('center_axis',(0.,-1.,0.));
#4048=DIRECTION('ref_axis',(1.,0.,0.));
#4049=DIRECTION('',(1.,0.,0.));
#4050=DIRECTION('',(0.,0.,1.));
#4051=DIRECTION('',(-1.,0.,0.));
#4052=DIRECTION('center_axis',(0.,-1.,0.));
#4053=DIRECTION('ref_axis',(1.,0.,0.));
#4054=DIRECTION('center_axis',(0.,0.,1.));
#4055=DIRECTION('ref_axis',(-1.,0.,0.));
#4056=DIRECTION('',(0.,-1.,0.));
#4057=DIRECTION('center_axis',(1.,0.,0.));
#4058=DIRECTION('ref_axis',(0.,0.,1.));
#4059=DIRECTION('',(0.,-1.,0.));
#4060=DIRECTION('center_axis',(0.,0.,-1.));
#4061=DIRECTION('ref_axis',(1.,0.,0.));
#4062=DIRECTION('center_axis',(0.,-1.,0.));
#4063=DIRECTION('ref_axis',(1.,0.,0.));
#4064=DIRECTION('',(1.,0.,0.));
#4065=DIRECTION('',(0.,0.,-1.));
#4066=DIRECTION('center_axis',(1.,0.,0.));
#4067=DIRECTION('ref_axis',(0.,1.,0.));
#4068=DIRECTION('',(0.,-1.,0.));
#4069=DIRECTION('',(0.,0.,-1.));
#4070=DIRECTION('center_axis',(0.,1.,0.));
#4071=DIRECTION('ref_axis',(-1.,0.,0.));
#4072=DIRECTION('',(1.,0.,0.));
#4073=DIRECTION('center_axis',(0.,0.,1.));
#4074=DIRECTION('ref_axis',(1.,0.,0.));
#4075=DIRECTION('',(1.,0.,0.));
#4076=DIRECTION('',(0.,1.,0.));
#4077=DIRECTION('',(1.,0.,0.));
#4078=DIRECTION('center_axis',(0.,0.,1.));
#4079=DIRECTION('ref_axis',(1.,0.,0.));
#4080=DIRECTION('center_axis',(0.,1.,0.));
#4081=DIRECTION('ref_axis',(-1.,0.,0.));
#4082=DIRECTION('',(0.,0.,-1.));
#4083=DIRECTION('center_axis',(-1.,0.,0.));
#4084=DIRECTION('ref_axis',(0.,-1.,0.));
#4085=DIRECTION('',(0.,0.,-1.));
#4086=DIRECTION('center_axis',(0.,-1.,0.));
#4087=DIRECTION('ref_axis',(1.,0.,0.));
#4088=DIRECTION('center_axis',(1.,0.,0.));
#4089=DIRECTION('ref_axis',(0.,0.,-1.));
#4090=DIRECTION('',(1.,0.,0.));
#4091=DIRECTION('center_axis',(1.,0.,0.));
#4092=DIRECTION('ref_axis',(0.,0.,-1.));
#4093=DIRECTION('',(1.,0.,0.));
#4094=DIRECTION('center_axis',(0.,-1.,0.));
#4095=DIRECTION('ref_axis',(0.,0.,-1.));
#4096=DIRECTION('',(1.,0.,0.));
#4097=DIRECTION('center_axis',(0.,-1.,0.));
#4098=DIRECTION('ref_axis',(0.,0.,-1.));
#4099=DIRECTION('',(1.,0.,0.));
#4100=DIRECTION('center_axis',(1.,0.,0.));
#4101=DIRECTION('ref_axis',(0.,0.,-1.));
#4102=DIRECTION('center_axis',(1.,0.,0.));
#4103=DIRECTION('ref_axis',(0.,0.,-1.));
#4104=DIRECTION('center_axis',(0.,0.999961923064171,-0.00872653549837375));
#4105=DIRECTION('ref_axis',(-1.,0.,0.));
#4106=DIRECTION('',(0.00872620324394374,-0.00872620324394374,-0.99992385047757));
#4107=DIRECTION('',(1.,0.,0.));
#4108=DIRECTION('',(-0.00872620324394374,-0.00872620324394374,-0.99992385047757));
#4109=DIRECTION('center_axis',(-1.03343941705369E-12,0.999961923064187,
-0.00872653549659173));
#4110=DIRECTION('ref_axis',(1.90393430052682E-5,-0.00872653549501004,-0.999961922882945));
#4111=DIRECTION('center_axis',(0.,1.,0.));
#4112=DIRECTION('ref_axis',(1.,0.,0.));
#4113=DIRECTION('center_axis',(0.999961923064171,0.,-0.00872653549837375));
#4114=DIRECTION('ref_axis',(0.,1.,0.));
#4115=DIRECTION('',(0.,-1.,0.));
#4116=DIRECTION('',(-0.00872620324394374,0.00872620324394374,-0.99992385047757));
#4117=DIRECTION('center_axis',(0.,-0.999961923064171,-0.00872653549837375));
#4118=DIRECTION('ref_axis',(1.,0.,0.));
#4119=DIRECTION('',(-1.,0.,0.));
#4120=DIRECTION('',(0.00872620324394374,0.00872620324394374,-0.99992385047757));
#4121=DIRECTION('center_axis',(-0.999961923064171,0.,-0.00872653549837375));
#4122=DIRECTION('ref_axis',(0.,-1.,0.));
#4123=DIRECTION('',(0.,1.,0.));
#4124=DIRECTION('',(-0.00872653549837375,0.,0.999961923064171));
#4125=DIRECTION('center_axis',(0.,-1.,0.));
#4126=DIRECTION('ref_axis',(0.,0.,-1.));
#4127=DIRECTION('',(-0.00872653549837375,0.,-0.999961923064171));
#4128=DIRECTION('center_axis',(0.999961923064171,0.,-0.00872653549837375));
#4129=DIRECTION('ref_axis',(0.,1.,0.));
#4130=DIRECTION('center_axis',(0.,0.,1.));
#4131=DIRECTION('ref_axis',(1.,0.,0.));
#4132=DIRECTION('',(0.,1.,0.));
#4133=DIRECTION('',(1.,0.,0.));
#4134=DIRECTION('',(0.,1.,0.));
#4135=DIRECTION('',(1.,0.,0.));
#4136=DIRECTION('center_axis',(1.,0.,0.));
#4137=DIRECTION('ref_axis',(0.,0.,-1.));
#4138=DIRECTION('',(0.,1.,0.));
#4139=DIRECTION('',(0.,0.,1.));
#4140=DIRECTION('',(0.,0.,-1.));
#4141=DIRECTION('center_axis',(1.,0.,0.));
#4142=DIRECTION('ref_axis',(0.,0.,-1.));
#4143=DIRECTION('',(0.,0.,1.));
#4144=DIRECTION('',(0.,-1.,0.));
#4145=DIRECTION('center_axis',(-1.,0.,0.));
#4146=DIRECTION('ref_axis',(0.,1.,0.));
#4147=DIRECTION('',(0.,0.,-1.));
#4148=DIRECTION('',(0.,0.,1.));
#4149=DIRECTION('center_axis',(1.,0.,0.));
#4150=DIRECTION('ref_axis',(0.,0.,-1.));
#4151=DIRECTION('',(0.,1.,0.));
#4152=DIRECTION('center_axis',(-0.970142500145338,0.,0.242535625036309));
#4153=DIRECTION('ref_axis',(0.242535625036309,0.,0.970142500145338));
#4154=DIRECTION('',(0.,1.,0.));
#4155=DIRECTION('',(0.235702260395494,-0.235702260395494,0.942809041582074));
#4156=DIRECTION('',(-0.235702260395494,-0.235702260395494,-0.942809041582074));
#4157=DIRECTION('center_axis',(0.,0.,1.));
#4158=DIRECTION('ref_axis',(0.,-1.,0.));
#4159=DIRECTION('',(-1.,0.,0.));
#4160=DIRECTION('',(-1.,0.,0.));
#4161=DIRECTION('',(0.,-1.,0.));
#4162=DIRECTION('center_axis',(0.,0.970142500145338,0.242535625036309));
#4163=DIRECTION('ref_axis',(0.,0.242535625036309,-0.970142500145338));
#4164=DIRECTION('',(0.235702260395494,0.235702260395494,-0.942809041582074));
#4165=DIRECTION('',(-1.,0.,0.));
#4166=DIRECTION('center_axis',(0.,1.,0.));
#4167=DIRECTION('ref_axis',(0.,0.,1.));
#4168=DIRECTION('',(0.,0.,1.));
#4169=DIRECTION('',(1.,0.,0.));
#4170=DIRECTION('center_axis',(0.,1.,0.));
#4171=DIRECTION('ref_axis',(0.,0.,1.));
#4172=DIRECTION('',(0.,0.,1.));
#4173=DIRECTION('center_axis',(1.,0.,0.));
#4174=DIRECTION('ref_axis',(0.,0.,-1.));
#4175=DIRECTION('center_axis',(1.,0.,0.));
#4176=DIRECTION('ref_axis',(0.,0.,-1.));
#4177=DIRECTION('',(1.,0.,0.));
#4178=DIRECTION('center_axis',(0.,0.,-1.));
#4179=DIRECTION('ref_axis',(0.,1.,0.));
#4180=DIRECTION('',(-1.,0.,0.));
#4181=DIRECTION('',(0.,1.,0.));
#4182=DIRECTION('center_axis',(0.,-0.242535625036309,-0.970142500145338));
#4183=DIRECTION('ref_axis',(0.,-0.970142500145338,0.242535625036309));
#4184=DIRECTION('',(-0.235702260395494,-0.942809041582074,0.235702260395494));
#4185=DIRECTION('',(-1.,0.,0.));
#4186=DIRECTION('',(-0.235702260395494,0.942809041582074,-0.235702260395494));
#4187=DIRECTION('center_axis',(-0.970142500145338,-0.242535625036309,0.));
#4188=DIRECTION('ref_axis',(0.242535625036309,-0.970142500145338,0.));
#4189=DIRECTION('',(0.,0.,1.));
#4190=DIRECTION('',(-0.235702260395494,0.942809041582074,0.235702260395494));
#4191=DIRECTION('center_axis',(0.,-0.242535625036309,0.970142500145338));
#4192=DIRECTION('ref_axis',(0.,0.970142500145338,0.242535625036309));
#4193=DIRECTION('',(-1.,0.,0.));
#4194=DIRECTION('',(-1.,0.,0.));
#4195=DIRECTION('',(0.235702260395494,0.942809041582074,0.235702260395494));
#4196=DIRECTION('center_axis',(0.,0.,1.));
#4197=DIRECTION('ref_axis',(0.,-1.,0.));
#4198=DIRECTION('',(0.,-1.,0.));
#4199=DIRECTION('',(1.,0.,0.));
#4200=DIRECTION('center_axis',(1.,0.,0.));
#4201=DIRECTION('ref_axis',(0.,0.,-1.));
#4202=DIRECTION('center_axis',(-1.,0.,0.));
#4203=DIRECTION('ref_axis',(0.,1.,0.));
#4204=DIRECTION('',(1.,0.,0.));
#4205=DIRECTION('center_axis',(0.,-1.,0.));
#4206=DIRECTION('ref_axis',(0.,0.,-1.));
#4207=DIRECTION('',(0.,0.,-1.));
#4208=DIRECTION('center_axis',(0.,-1.,0.));
#4209=DIRECTION('ref_axis',(0.,0.,-1.));
#4210=DIRECTION('',(-1.,0.,0.));
#4211=DIRECTION('',(0.,0.,-1.));
#4212=DIRECTION('center_axis',(1.,0.,0.));
#4213=DIRECTION('ref_axis',(0.,0.,-1.));
#4214=DIRECTION('',(0.,-1.,0.));
#4215=DIRECTION('center_axis',(1.,0.,0.));
#4216=DIRECTION('ref_axis',(0.,0.,-1.));
#4217=DIRECTION('',(0.,0.,-1.));
#4218=DIRECTION('center_axis',(0.970142500145338,0.,0.242535625036309));
#4219=DIRECTION('ref_axis',(-0.242535625036309,0.,0.970142500145338));
#4220=DIRECTION('',(-0.235702260395494,0.235702260395494,0.942809041582074));
#4221=DIRECTION('center_axis',(0.,-0.970142500145338,0.242535625036309));
#4222=DIRECTION('ref_axis',(0.,0.242535625036309,0.970142500145338));
#4223=DIRECTION('center_axis',(0.970142500145338,-0.242535625036309,0.));
#4224=DIRECTION('ref_axis',(-0.242535625036309,-0.970142500145338,0.));
#4225=DIRECTION('',(0.,0.,-1.));
#4226=DIRECTION('center_axis',(0.,-1.,0.));
#4227=DIRECTION('ref_axis',(0.,0.,-1.));
#4228=DIRECTION('center_axis',(0.970142500145338,-0.242535625036309,0.));
#4229=DIRECTION('ref_axis',(-0.242535625036309,-0.970142500145338,0.));
#4230=DIRECTION('',(0.,0.,-1.));
#4231=DIRECTION('center_axis',(0.,-1.,0.));
#4232=DIRECTION('ref_axis',(0.,0.,-1.));
#4233=DIRECTION('center_axis',(0.,0.,-1.));
#4234=DIRECTION('ref_axis',(-1.,0.,0.));
#4235=DIRECTION('',(0.,0.,1.));
#4236=DIRECTION('',(0.,0.,1.));
#4237=DIRECTION('center_axis',(0.,0.,-1.));
#4238=DIRECTION('ref_axis',(0.,1.,0.));
#4239=DIRECTION('center_axis',(0.,1.,0.));
#4240=DIRECTION('ref_axis',(1.,0.,0.));
#4241=DIRECTION('',(1.,0.,0.));
#4242=DIRECTION('',(0.,0.,1.));
#4243=DIRECTION('center_axis',(0.,0.,-1.));
#4244=DIRECTION('ref_axis',(-1.,0.,0.));
#4245=DIRECTION('',(0.,0.,1.));
#4246=DIRECTION('center_axis',(0.,0.,-1.));
#4247=DIRECTION('ref_axis',(-1.,0.,0.));
#4248=DIRECTION('center_axis',(-1.,0.,0.));
#4249=DIRECTION('ref_axis',(0.,1.,0.));
#4250=DIRECTION('',(0.,0.,1.));
#4251=DIRECTION('',(0.,1.,0.));
#4252=DIRECTION('center_axis',(0.,0.,-1.));
#4253=DIRECTION('ref_axis',(-1.,0.,0.));
#4254=DIRECTION('',(0.,0.,1.));
#4255=DIRECTION('center_axis',(0.,0.,-1.));
#4256=DIRECTION('ref_axis',(0.,-1.,0.));
#4257=DIRECTION('center_axis',(0.,-1.,0.));
#4258=DIRECTION('ref_axis',(-1.,0.,0.));
#4259=DIRECTION('',(0.,0.,1.));
#4260=DIRECTION('',(-1.,0.,0.));
#4261=DIRECTION('center_axis',(0.,0.,-1.));
#4262=DIRECTION('ref_axis',(-1.,0.,0.));
#4263=DIRECTION('',(0.,0.,1.));
#4264=DIRECTION('center_axis',(0.,0.,1.));
#4265=DIRECTION('ref_axis',(1.,0.,0.));
#4266=DIRECTION('center_axis',(-1.,0.,0.));
#4267=DIRECTION('ref_axis',(0.,1.,0.));
#4268=DIRECTION('',(0.,1.,0.));
#4269=DIRECTION('',(0.,-1.276756478319E-14,-1.));
#4270=DIRECTION('',(0.,1.,0.));
#4271=DIRECTION('',(0.,0.,1.));
#4272=DIRECTION('',(0.,1.,0.));
#4273=DIRECTION('',(0.,1.287858708565E-14,-1.));
#4274=DIRECTION('center_axis',(0.,0.,-1.));
#4275=DIRECTION('ref_axis',(-1.,0.,0.));
#4276=DIRECTION('',(0.,1.,0.));
#4277=DIRECTION('center_axis',(0.,0.,1.));
#4278=DIRECTION('ref_axis',(1.,0.,0.));
#4279=DIRECTION('',(-1.,0.,0.));
#4280=DIRECTION('center_axis',(0.,0.,1.));
#4281=DIRECTION('ref_axis',(0.,1.,0.));
#4282=DIRECTION('center_axis',(0.,0.,1.));
#4283=DIRECTION('ref_axis',(-1.,0.,0.));
#4284=DIRECTION('',(1.,0.,0.));
#4285=DIRECTION('center_axis',(0.,0.,1.));
#4286=DIRECTION('ref_axis',(0.,-1.,0.));
#4287=DIRECTION('center_axis',(1.,0.,0.));
#4288=DIRECTION('ref_axis',(0.,-1.,0.));
#4289=DIRECTION('',(0.,1.287858708565E-14,-1.));
#4290=DIRECTION('',(0.,-1.,0.));
#4291=DIRECTION('',(0.,0.,1.));
#4292=DIRECTION('',(0.,0.,1.));
#4293=DIRECTION('',(0.,-1.,0.));
#4294=DIRECTION('',(0.,-1.276756478319E-14,-1.));
#4295=DIRECTION('center_axis',(0.,0.,-1.));
#4296=DIRECTION('ref_axis',(-1.,0.,0.));
#4297=DIRECTION('center_axis',(0.,0.,-1.));
#4298=DIRECTION('ref_axis',(0.,1.,0.));
#4299=DIRECTION('',(0.,0.,-1.));
#4300=DIRECTION('center_axis',(0.,0.,-1.));
#4301=DIRECTION('ref_axis',(-1.,0.,0.));
#4302=DIRECTION('center_axis',(0.,0.,-1.));
#4303=DIRECTION('ref_axis',(1.,-7.638334409421E-14,0.));
#4304=DIRECTION('',(1.,0.,0.));
#4305=DIRECTION('center_axis',(0.,0.,-1.));
#4306=DIRECTION('ref_axis',(0.,-1.,0.));
#4307=DIRECTION('',(0.,-1.,0.));
#4308=DIRECTION('center_axis',(0.,0.,-1.));
#4309=DIRECTION('ref_axis',(1.,0.,0.));
#4310=DIRECTION('',(-1.,0.,0.));
#4311=DIRECTION('center_axis',(0.,0.,1.));
#4312=DIRECTION('ref_axis',(0.,1.,0.));
#4313=DIRECTION('center_axis',(0.,0.,-1.));
#4314=DIRECTION('ref_axis',(-1.,0.,0.));
#4315=DIRECTION('center_axis',(0.,0.,1.));
#4316=DIRECTION('ref_axis',(-1.,0.,0.));
#4317=DIRECTION('',(1.,0.,0.));
#4318=DIRECTION('center_axis',(0.,0.,-1.));
#4319=DIRECTION('ref_axis',(0.,1.,0.));
#4320=DIRECTION('',(0.,-1.,0.));
#4321=DIRECTION('center_axis',(0.,0.,-1.));
#4322=DIRECTION('ref_axis',(1.,0.,0.));
#4323=DIRECTION('',(-1.,0.,0.));
#4324=DIRECTION('center_axis',(0.,0.,-1.));
#4325=DIRECTION('ref_axis',(0.,-1.,0.));
#4326=DIRECTION('',(0.,1.,0.));
#4327=DIRECTION('center_axis',(0.,0.,-1.));
#4328=DIRECTION('ref_axis',(-1.,0.,0.));
#4329=DIRECTION('',(1.,0.,0.));
#4330=DIRECTION('center_axis',(0.,0.,1.));
#4331=DIRECTION('ref_axis',(0.,-1.,0.));
#4332=DIRECTION('center_axis',(0.,0.,-1.));
#4333=DIRECTION('ref_axis',(-1.,7.638334409421E-14,0.));
#4334=DIRECTION('',(-1.,0.,0.));
#4335=DIRECTION('center_axis',(0.,0.,-1.));
#4336=DIRECTION('ref_axis',(-1.,0.,0.));
#4337=DIRECTION('',(0.,0.,-1.));
#4338=DIRECTION('center_axis',(0.,1.,0.));
#4339=DIRECTION('ref_axis',(1.,0.,0.));
#4340=DIRECTION('',(0.,0.,-1.));
#4341=DIRECTION('center_axis',(0.,0.,-1.));
#4342=DIRECTION('ref_axis',(-1.,0.,0.));
#4343=DIRECTION('center_axis',(0.,0.,-1.));
#4344=DIRECTION('ref_axis',(-1.,0.,0.));
#4345=DIRECTION('',(0.,0.,1.));
#4346=DIRECTION('center_axis',(0.,-1.,0.));
#4347=DIRECTION('ref_axis',(-1.,0.,0.));
#4348=DIRECTION('',(0.,0.,1.));
#4349=DIRECTION('center_axis',(0.,0.,-1.));
#4350=DIRECTION('ref_axis',(-1.,0.,0.));
#4351=DIRECTION('',(0.,0.,1.));
#4352=DIRECTION('center_axis',(1.,0.,0.));
#4353=DIRECTION('ref_axis',(0.,-1.,0.));
#4354=DIRECTION('center_axis',(0.,-1.,0.));
#4355=DIRECTION('ref_axis',(-1.,0.,0.));
#4356=DIRECTION('',(0.,0.,-1.));
#4357=DIRECTION('center_axis',(0.,0.,-1.));
#4358=DIRECTION('ref_axis',(-1.,0.,0.));
#4359=DIRECTION('center_axis',(0.,0.,-1.));
#4360=DIRECTION('ref_axis',(-1.,0.,0.));
#4361=DIRECTION('',(0.,0.,1.));
#4362=DIRECTION('center_axis',(0.,1.,0.));
#4363=DIRECTION('ref_axis',(1.,0.,0.));
#4364=DIRECTION('',(0.,0.,1.));
#4365=DIRECTION('center_axis',(0.,0.,-1.));
#4366=DIRECTION('ref_axis',(-1.,0.,0.));
#4367=DIRECTION('',(0.,0.,1.));
#4368=DIRECTION('center_axis',(-1.,0.,0.));
#4369=DIRECTION('ref_axis',(0.,1.,0.));
#4370=DIRECTION('',(0.,0.,1.));
#4371=DIRECTION('center_axis',(0.,0.,-1.));
#4372=DIRECTION('ref_axis',(-1.,0.,0.));
#4373=DIRECTION('',(0.,0.,1.));
#4374=DIRECTION('center_axis',(0.,-1.,0.));
#4375=DIRECTION('ref_axis',(-1.,0.,0.));
#4376=DIRECTION('',(0.,0.,1.));
#4377=DIRECTION('center_axis',(0.,0.,-1.));
#4378=DIRECTION('ref_axis',(-1.,0.,0.));
#4379=DIRECTION('',(0.,0.,1.));
#4380=DIRECTION('center_axis',(1.,0.,0.));
#4381=DIRECTION('ref_axis',(0.,-1.,0.));
#4382=DIRECTION('',(0.,0.,1.));
#4383=DIRECTION('center_axis',(0.,0.,-1.));
#4384=DIRECTION('ref_axis',(-1.,0.,0.));
#4385=DIRECTION('',(0.,0.,1.));
#4386=DIRECTION('center_axis',(0.,1.,0.));
#4387=DIRECTION('ref_axis',(1.,0.,0.));
#4388=DIRECTION('',(0.,0.,1.));
#4389=DIRECTION('center_axis',(0.,0.,-1.));
#4390=DIRECTION('ref_axis',(-1.,0.,0.));
#4391=DIRECTION('center_axis',(-1.,0.,0.));
#4392=DIRECTION('ref_axis',(0.,0.,-1.));
#4393=DIRECTION('',(0.,-1.,0.));
#4394=DIRECTION('',(0.,0.,-1.));
#4395=DIRECTION('',(0.,-1.,0.));
#4396=DIRECTION('center_axis',(0.,-1.,0.));
#4397=DIRECTION('ref_axis',(1.,0.,0.));
#4398=DIRECTION('center_axis',(0.,-1.,0.));
#4399=DIRECTION('ref_axis',(-0.160000000000007,0.,0.987117014340244));
#4400=DIRECTION('',(0.,-1.,0.));
#4401=DIRECTION('center_axis',(0.,-1.,0.));
#4402=DIRECTION('ref_axis',(1.,0.,0.));
#4403=DIRECTION('center_axis',(0.,-1.,0.));
#4404=DIRECTION('ref_axis',(0.160000000000007,0.,0.987117014340244));
#4405=DIRECTION('',(0.,-1.,0.));
#4406=DIRECTION('center_axis',(0.,-1.,0.));
#4407=DIRECTION('ref_axis',(1.,0.,0.));
#4408=DIRECTION('center_axis',(0.,-1.,0.));
#4409=DIRECTION('ref_axis',(1.,0.,0.));
#4410=DIRECTION('',(0.,-1.,0.));
#4411=DIRECTION('center_axis',(1.,0.,0.));
#4412=DIRECTION('ref_axis',(0.,0.,1.));
#4413=DIRECTION('',(0.,0.,1.));
#4414=DIRECTION('',(0.,-1.,0.));
#4415=DIRECTION('center_axis',(0.,-1.,0.));
#4416=DIRECTION('ref_axis',(1.,0.,0.));
#4417=DIRECTION('center_axis',(0.,1.,0.));
#4418=DIRECTION('ref_axis',(0.,0.,-1.));
#4419=DIRECTION('',(0.,-1.,0.));
#4420=DIRECTION('center_axis',(0.,0.,1.));
#4421=DIRECTION('ref_axis',(-1.,0.,0.));
#4422=DIRECTION('',(-1.,0.,0.));
#4423=DIRECTION('',(0.,-1.,0.));
#4424=DIRECTION('center_axis',(0.,-1.,0.));
#4425=DIRECTION('ref_axis',(1.,0.,0.));
#4426=DIRECTION('center_axis',(0.,-1.,0.));
#4427=DIRECTION('ref_axis',(0.987117014340244,0.,0.160000000000007));
#4428=DIRECTION('',(0.,-1.,0.));
#4429=DIRECTION('center_axis',(0.,-1.,0.));
#4430=DIRECTION('ref_axis',(1.,0.,0.));
#4431=DIRECTION('center_axis',(0.,-1.,0.));
#4432=DIRECTION('ref_axis',(0.987117014340244,0.,-0.160000000000007));
#4433=DIRECTION('',(0.,-1.,0.));
#4434=DIRECTION('center_axis',(0.,-1.,0.));
#4435=DIRECTION('ref_axis',(1.,0.,0.));
#4436=DIRECTION('center_axis',(0.,-1.,0.));
#4437=DIRECTION('ref_axis',(0.,0.,-1.));
#4438=DIRECTION('',(0.,-1.,0.));
#4439=DIRECTION('center_axis',(0.,0.,-1.));
#4440=DIRECTION('ref_axis',(1.,0.,0.));
#4441=DIRECTION('',(1.,0.,0.));
#4442=DIRECTION('',(0.,-1.,0.));
#4443=DIRECTION('center_axis',(0.,-1.,0.));
#4444=DIRECTION('ref_axis',(1.,0.,0.));
#4445=DIRECTION('center_axis',(0.,1.,0.));
#4446=DIRECTION('ref_axis',(-1.,0.,0.));
#4447=DIRECTION('',(0.,-1.,0.));
#4448=DIRECTION('center_axis',(1.,0.,0.));
#4449=DIRECTION('ref_axis',(0.,0.,1.));
#4450=DIRECTION('',(0.,0.,1.));
#4451=DIRECTION('',(0.,-1.,0.));
#4452=DIRECTION('center_axis',(0.,-1.,0.));
#4453=DIRECTION('ref_axis',(1.,0.,0.));
#4454=DIRECTION('center_axis',(0.,-1.,0.));
#4455=DIRECTION('ref_axis',(0.160000000000007,0.,-0.987117014340244));
#4456=DIRECTION('',(0.,-1.,0.));
#4457=DIRECTION('center_axis',(0.,-1.,0.));
#4458=DIRECTION('ref_axis',(1.,0.,0.));
#4459=DIRECTION('center_axis',(0.,-1.,0.));
#4460=DIRECTION('ref_axis',(-0.160000000000007,0.,-0.987117014340244));
#4461=DIRECTION('',(0.,-1.,0.));
#4462=DIRECTION('center_axis',(0.,-1.,0.));
#4463=DIRECTION('ref_axis',(1.,0.,0.));
#4464=DIRECTION('center_axis',(0.,-1.,0.));
#4465=DIRECTION('ref_axis',(-1.,0.,0.));
#4466=DIRECTION('',(0.,-1.,0.));
#4467=DIRECTION('center_axis',(-1.,0.,0.));
#4468=DIRECTION('ref_axis',(0.,0.,-1.));
#4469=DIRECTION('',(0.,0.,-1.));
#4470=DIRECTION('',(0.,-1.,0.));
#4471=DIRECTION('center_axis',(0.,-1.,0.));
#4472=DIRECTION('ref_axis',(1.,0.,0.));
#4473=DIRECTION('center_axis',(0.,1.,0.));
#4474=DIRECTION('ref_axis',(0.,0.,1.));
#4475=DIRECTION('',(0.,-1.,0.));
#4476=DIRECTION('center_axis',(0.,0.,-1.));
#4477=DIRECTION('ref_axis',(1.,0.,0.));
#4478=DIRECTION('',(1.,0.,0.));
#4479=DIRECTION('',(0.,-1.,0.));
#4480=DIRECTION('center_axis',(0.,-1.,0.));
#4481=DIRECTION('ref_axis',(1.,0.,0.));
#4482=DIRECTION('center_axis',(0.,-1.,0.));
#4483=DIRECTION('ref_axis',(-0.987117014340244,0.,-0.160000000000007));
#4484=DIRECTION('',(0.,-1.,0.));
#4485=DIRECTION('center_axis',(0.,-1.,0.));
#4486=DIRECTION('ref_axis',(-1.,0.,1.22464679914735E-16));
#4487=DIRECTION('center_axis',(0.,-1.,0.));
#4488=DIRECTION('ref_axis',(-0.987117014340244,0.,0.160000000000007));
#4489=DIRECTION('',(0.,-1.,0.));
#4490=DIRECTION('center_axis',(0.,-1.,0.));
#4491=DIRECTION('ref_axis',(1.,0.,0.));
#4492=DIRECTION('center_axis',(0.,-1.,0.));
#4493=DIRECTION('ref_axis',(-1.7763568394E-14,0.,1.));
#4494=DIRECTION('',(0.,-1.,0.));
#4495=DIRECTION('center_axis',(0.,0.,1.));
#4496=DIRECTION('ref_axis',(-1.,0.,0.));
#4497=DIRECTION('',(-1.,0.,0.));
#4498=DIRECTION('',(0.,-1.,0.));
#4499=DIRECTION('center_axis',(0.,-1.,0.));
#4500=DIRECTION('ref_axis',(1.,0.,0.));
#4501=DIRECTION('center_axis',(0.,1.,0.));
#4502=DIRECTION('ref_axis',(1.,0.,0.));
#4503=DIRECTION('center_axis',(0.,-1.,0.));
#4504=DIRECTION('ref_axis',(1.,0.,0.));
#4505=CARTESIAN_POINT('',(0.,0.,0.));
#4506=CARTESIAN_POINT('Origin',(0.,-2.6,0.));
#4507=CARTESIAN_POINT('',(-4.,-2.6,-3.1));
#4508=CARTESIAN_POINT('',(-4.,-2.6,-1.6));
#4509=CARTESIAN_POINT('',(-4.,-2.6,-3.1));
#4510=CARTESIAN_POINT('',(4.,-2.6,-3.1));
#4511=CARTESIAN_POINT('',(4.,-2.6,-3.1));
#4512=CARTESIAN_POINT('',(4.,-2.6,-1.6));
#4513=CARTESIAN_POINT('',(4.,-2.6,-1.6));
#4514=CARTESIAN_POINT('',(2.8,-2.6,-1.6));
#4515=CARTESIAN_POINT('',(4.,-2.6,-1.6));
#4516=CARTESIAN_POINT('',(2.8,-2.6,6.6));
#4517=CARTESIAN_POINT('',(2.8,-2.6,6.6));
#4518=CARTESIAN_POINT('',(4.,-2.6,6.6));
#4519=CARTESIAN_POINT('',(4.,-2.6,6.6));
#4520=CARTESIAN_POINT('',(4.,-2.6,8.1));
#4521=CARTESIAN_POINT('',(4.,-2.6,8.1));
#4522=CARTESIAN_POINT('',(-4.,-2.6,8.1));
#4523=CARTESIAN_POINT('',(-4.,-2.6,8.1));
#4524=CARTESIAN_POINT('',(-4.,-2.6,6.6));
#4525=CARTESIAN_POINT('',(-4.,-2.6,6.6));
#4526=CARTESIAN_POINT('',(-2.8,-2.6,6.6));
#4527=CARTESIAN_POINT('',(-4.,-2.6,6.6));
#4528=CARTESIAN_POINT('',(-2.8,-2.6,-1.6));
#4529=CARTESIAN_POINT('',(-2.8,-2.6,-1.6));
#4530=CARTESIAN_POINT('',(-4.,-2.6,-1.6));
#4531=CARTESIAN_POINT('',(-0.32,-2.6,4.207285894718));
#4532=CARTESIAN_POINT('',(-0.32,-2.6,4.02));
#4533=CARTESIAN_POINT('',(-0.32,-2.6,4.207285894718));
#4534=CARTESIAN_POINT('',(-0.236,-2.6,4.305997596152));
#4535=CARTESIAN_POINT('Origin',(-0.22,-2.6,4.207285894718));
#4536=CARTESIAN_POINT('',(0.236,-2.6,4.305997596152));
#4537=CARTESIAN_POINT('Origin',(0.,-2.6,2.85));
#4538=CARTESIAN_POINT('',(0.32,-2.6,4.207285894718));
#4539=CARTESIAN_POINT('Origin',(0.22,-2.6,4.207285894718));
#4540=CARTESIAN_POINT('',(0.32,-2.6,4.02));
#4541=CARTESIAN_POINT('',(0.32,-2.6,4.02));
#4542=CARTESIAN_POINT('',(1.17,-2.6,3.17));
#4543=CARTESIAN_POINT('Origin',(1.17,-2.6,4.02));
#4544=CARTESIAN_POINT('',(1.357285894718,-2.6,3.17));
#4545=CARTESIAN_POINT('',(1.357285894718,-2.6,3.17));
#4546=CARTESIAN_POINT('',(1.455997596152,-2.6,3.086));
#4547=CARTESIAN_POINT('Origin',(1.357285894718,-2.6,3.07));
#4548=CARTESIAN_POINT('',(1.455997596152,-2.6,2.614));
#4549=CARTESIAN_POINT('Origin',(0.,-2.6,2.85));
#4550=CARTESIAN_POINT('',(1.357285894718,-2.6,2.53));
#4551=CARTESIAN_POINT('Origin',(1.357285894718,-2.6,2.63));
#4552=CARTESIAN_POINT('',(1.17,-2.6,2.53));
#4553=CARTESIAN_POINT('',(1.17,-2.6,2.53));
#4554=CARTESIAN_POINT('',(0.32,-2.6,1.68));
#4555=CARTESIAN_POINT('Origin',(1.17,-2.6,1.68));
#4556=CARTESIAN_POINT('',(0.32,-2.6,1.492714105282));
#4557=CARTESIAN_POINT('',(0.32,-2.6,1.492714105282));
#4558=CARTESIAN_POINT('',(0.236,-2.6,1.394002403848));
#4559=CARTESIAN_POINT('Origin',(0.22,-2.6,1.492714105282));
#4560=CARTESIAN_POINT('',(-0.236,-2.6,1.394002403848));
#4561=CARTESIAN_POINT('Origin',(0.,-2.6,2.85));
#4562=CARTESIAN_POINT('',(-0.32,-2.6,1.492714105282));
#4563=CARTESIAN_POINT('Origin',(-0.22,-2.6,1.492714105282));
#4564=CARTESIAN_POINT('',(-0.32,-2.6,1.68));
#4565=CARTESIAN_POINT('',(-0.32,-2.6,1.68));
#4566=CARTESIAN_POINT('',(-1.17,-2.6,2.53));
#4567=CARTESIAN_POINT('Origin',(-1.17,-2.6,1.68));
#4568=CARTESIAN_POINT('',(-1.357285894718,-2.6,2.53));
#4569=CARTESIAN_POINT('',(-1.357285894718,-2.6,2.53));
#4570=CARTESIAN_POINT('',(-1.455997596152,-2.6,2.614));
#4571=CARTESIAN_POINT('Origin',(-1.357285894718,-2.6,2.63));
#4572=CARTESIAN_POINT('',(-1.455997596152,-2.6,3.086));
#4573=CARTESIAN_POINT('Origin',(0.,-2.6,2.85));
#4574=CARTESIAN_POINT('',(-1.357285894718,-2.6,3.17));
#4575=CARTESIAN_POINT('Origin',(-1.357285894718,-2.6,3.07));
#4576=CARTESIAN_POINT('',(-1.17,-2.6,3.17));
#4577=CARTESIAN_POINT('',(-1.17,-2.6,3.17));
#4578=CARTESIAN_POINT('Origin',(-1.17,-2.6,4.02));
#4579=CARTESIAN_POINT('Origin',(-4.,-2.6,-3.1));
#4580=CARTESIAN_POINT('',(-4.,2.4,-3.1));
#4581=CARTESIAN_POINT('',(-4.,2.4,8.1));
#4582=CARTESIAN_POINT('',(-4.,2.4,-3.1));
#4583=CARTESIAN_POINT('',(-4.,-2.6,-3.1));
#4584=CARTESIAN_POINT('',(-4.,-2.9,-1.6));
#4585=CARTESIAN_POINT('',(-4.,-2.6,-1.6));
#4586=CARTESIAN_POINT('',(-4.,-2.9,6.6));
#4587=CARTESIAN_POINT('',(-4.,-2.9,6.6));
#4588=CARTESIAN_POINT('',(-4.,-2.6,6.6));
#4589=CARTESIAN_POINT('',(-4.,-0.7,8.1));
#4590=CARTESIAN_POINT('',(-4.,-2.6,8.1));
#4591=CARTESIAN_POINT('',(-4.,-0.7,2.85));
#4592=CARTESIAN_POINT('',(-4.,-0.7,8.1));
#4593=CARTESIAN_POINT('',(-4.,0.7,2.85));
#4594=CARTESIAN_POINT('',(-4.,-0.7,2.85));
#4595=CARTESIAN_POINT('',(-4.,0.7,8.1));
#4596=CARTESIAN_POINT('',(-4.,0.7,8.1));
#4597=CARTESIAN_POINT('',(-4.,0.7,8.1));
#4598=CARTESIAN_POINT('Origin',(-3.8,2.4,-26.13545143338));
#4599=CARTESIAN_POINT('',(-3.9,2.573205080757,8.1));
#4600=CARTESIAN_POINT('Origin',(-3.8,2.4,8.1));
#4601=CARTESIAN_POINT('',(-3.9,2.573205080757,2.85));
#4602=CARTESIAN_POINT('',(-3.9,2.573205080757,2.85));
#4603=CARTESIAN_POINT('',(-3.8,2.6,2.85));
#4604=CARTESIAN_POINT('Origin',(-3.8,2.4,2.85));
#4605=CARTESIAN_POINT('',(-3.8,2.6,-3.1));
#4606=CARTESIAN_POINT('',(-3.8,2.6,-3.1));
#4607=CARTESIAN_POINT('Origin',(-3.8,2.4,-3.1));
#4608=CARTESIAN_POINT('Origin',(-4.,-2.6,8.1));
#4609=CARTESIAN_POINT('',(-4.5,0.7,8.1));
#4610=CARTESIAN_POINT('',(-4.,0.7,8.1));
#4611=CARTESIAN_POINT('',(-4.5,-0.7,8.1));
#4612=CARTESIAN_POINT('',(-4.5,0.7,8.1));
#4613=CARTESIAN_POINT('',(-4.5,-0.7,8.1));
#4614=CARTESIAN_POINT('',(4.,-0.7,8.1));
#4615=CARTESIAN_POINT('',(4.,-2.6,8.1));
#4616=CARTESIAN_POINT('',(4.5,-0.7,8.1));
#4617=CARTESIAN_POINT('',(4.,-0.7,8.1));
#4618=CARTESIAN_POINT('',(4.5,0.7,8.1));
#4619=CARTESIAN_POINT('',(4.5,-0.7,8.1));
#4620=CARTESIAN_POINT('',(4.,0.7,8.1));
#4621=CARTESIAN_POINT('',(4.5,0.7,8.1));
#4622=CARTESIAN_POINT('',(4.,2.4,8.1));
#4623=CARTESIAN_POINT('',(4.,0.7,8.1));
#4624=CARTESIAN_POINT('',(3.9,2.573205080757,8.1));
#4625=CARTESIAN_POINT('Origin',(3.8,2.4,8.1));
#4626=CARTESIAN_POINT('',(3.9,2.87,8.1));
#4627=CARTESIAN_POINT('',(3.9,2.573205080757,8.1));
#4628=CARTESIAN_POINT('',(2.95,2.87,8.1));
#4629=CARTESIAN_POINT('',(2.95,2.87,8.1));
#4630=CARTESIAN_POINT('',(2.95,1.760687629105,8.1));
#4631=CARTESIAN_POINT('',(2.95,2.87,8.1));
#4632=CARTESIAN_POINT('',(3.340687629105,1.760687629105,8.1));
#4633=CARTESIAN_POINT('',(3.340687629105,1.760687629105,8.1));
#4634=CARTESIAN_POINT('',(3.340687629105,-1.420687629105,8.1));
#4635=CARTESIAN_POINT('',(3.340687629105,-1.420687629105,8.1));
#4636=CARTESIAN_POINT('',(0.1593123708949,-1.420687629105,8.1));
#4637=CARTESIAN_POINT('',(0.1593123708949,-1.420687629105,8.1));
#4638=CARTESIAN_POINT('',(0.1593123708949,1.654396857184,8.1));
#4639=CARTESIAN_POINT('',(0.1593123708949,1.654396857184,8.1));
#4640=CARTESIAN_POINT('',(-0.1593123708949,1.654396857184,8.1));
#4641=CARTESIAN_POINT('',(-0.1593123708949,1.654396857184,8.1));
#4642=CARTESIAN_POINT('',(-0.1593123708949,-1.420687629105,8.1));
#4643=CARTESIAN_POINT('',(-0.1593123708949,-1.420687629105,8.1));
#4644=CARTESIAN_POINT('',(-2.159312370895,-1.420687629105,8.1));
#4645=CARTESIAN_POINT('',(-2.159312370895,-1.420687629105,8.1));
#4646=CARTESIAN_POINT('',(-2.159312370895,-2.080687629105,8.1));
#4647=CARTESIAN_POINT('',(-2.159312370895,-2.080687629105,8.1));
#4648=CARTESIAN_POINT('',(-3.340687629105,-2.080687629105,8.1));
#4649=CARTESIAN_POINT('',(-3.340687629105,-2.080687629105,8.1));
#4650=CARTESIAN_POINT('',(-3.340687629105,1.760687629105,8.1));
#4651=CARTESIAN_POINT('',(-3.340687629105,-2.080687629105,8.1));
#4652=CARTESIAN_POINT('',(-2.95,1.760687629105,8.1));
#4653=CARTESIAN_POINT('',(-2.95,1.760687629105,8.1));
#4654=CARTESIAN_POINT('',(-2.95,2.87,8.1));
#4655=CARTESIAN_POINT('',(-2.95,2.87,8.1));
#4656=CARTESIAN_POINT('',(-3.9,2.87,8.1));
#4657=CARTESIAN_POINT('',(-3.9,2.87,8.1));
#4658=CARTESIAN_POINT('',(-3.9,2.87,8.1));
#4659=CARTESIAN_POINT('Origin',(-3.9,0.,0.));
#4660=CARTESIAN_POINT('',(-3.9,3.,8.23));
#4661=CARTESIAN_POINT('Origin',(-3.9,2.87,8.23));
#4662=CARTESIAN_POINT('',(-3.9,3.,9.045480319102));
#4663=CARTESIAN_POINT('',(-3.9,3.,9.045480319102));
#4664=CARTESIAN_POINT('',(-3.9,3.28869086913,9.49863421262));
#4665=CARTESIAN_POINT('Origin',(-3.9,3.5,9.045480319102));
#4666=CARTESIAN_POINT('',(-3.9,4.9,10.25));
#4667=CARTESIAN_POINT('',(-3.9,4.9,10.25));
#4668=CARTESIAN_POINT('',(-3.9,5.31,10.25));
#4669=CARTESIAN_POINT('',(-3.9,5.31,10.25));
#4670=CARTESIAN_POINT('',(-3.9,5.31,2.85));
#4671=CARTESIAN_POINT('',(-3.9,5.31,10.25));
#4672=CARTESIAN_POINT('',(-3.9,2.573205080757,2.85));
#4673=CARTESIAN_POINT('Origin',(-3.9,0.17,2.85));
#4674=CARTESIAN_POINT('',(-3.15,6.06,2.85));
#4675=CARTESIAN_POINT('Origin',(-3.15,5.31,2.85));
#4676=CARTESIAN_POINT('',(-1.155,6.06,2.85));
#4677=CARTESIAN_POINT('',(-3.15,6.06,2.85));
#4678=CARTESIAN_POINT('',(-1.155,4.75,2.85));
#4679=CARTESIAN_POINT('',(-1.155,6.06,2.85));
#4680=CARTESIAN_POINT('',(-0.955,4.55,2.85));
#4681=CARTESIAN_POINT('Origin',(-0.955,4.75,2.85));
#4682=CARTESIAN_POINT('',(0.955,4.55,2.85));
#4683=CARTESIAN_POINT('',(0.955,4.55,2.85));
#4684=CARTESIAN_POINT('',(1.155,4.75,2.85));
#4685=CARTESIAN_POINT('Origin',(0.955,4.75,2.85));
#4686=CARTESIAN_POINT('',(1.155,6.06,2.85));
#4687=CARTESIAN_POINT('',(1.155,6.06,2.85));
#4688=CARTESIAN_POINT('',(3.15,6.06,2.85));
#4689=CARTESIAN_POINT('',(1.155,6.06,2.85));
#4690=CARTESIAN_POINT('',(3.9,5.31,2.85));
#4691=CARTESIAN_POINT('Origin',(3.15,5.31,2.85));
#4692=CARTESIAN_POINT('',(3.9,2.573205080757,2.85));
#4693=CARTESIAN_POINT('',(3.9,5.31,2.85));
#4694=CARTESIAN_POINT('',(3.8,2.6,2.85));
#4695=CARTESIAN_POINT('Origin',(3.8,2.4,2.85));
#4696=CARTESIAN_POINT('',(-3.8,2.6,2.85));
#4697=CARTESIAN_POINT('Origin',(0.,2.6,0.));
#4698=CARTESIAN_POINT('',(3.8,2.6,-3.1));
#4699=CARTESIAN_POINT('',(3.8,2.6,2.85));
#4700=CARTESIAN_POINT('',(3.8,2.6,-3.1));
#4701=CARTESIAN_POINT('Origin',(4.,-2.6,-3.1));
#4702=CARTESIAN_POINT('',(4.,2.4,-3.1));
#4703=CARTESIAN_POINT('Origin',(3.8,2.4,-3.1));
#4704=CARTESIAN_POINT('',(4.,-2.6,-3.1));
#4705=CARTESIAN_POINT('',(1.4325,-0.1475,-3.1));
#4706=CARTESIAN_POINT('',(1.4325,0.4875,-3.1));
#4707=CARTESIAN_POINT('',(1.4325,-0.1475,-3.1));
#4708=CARTESIAN_POINT('',(2.0675,-0.1475,-3.1));
#4709=CARTESIAN_POINT('',(1.4325,-0.1475,-3.1));
#4710=CARTESIAN_POINT('',(2.0675,0.4875,-3.1));
#4711=CARTESIAN_POINT('',(2.0675,-0.1475,-3.1));
#4712=CARTESIAN_POINT('',(1.4325,0.4875,-3.1));
#4713=CARTESIAN_POINT('',(1.1,2.095,-3.1));
#4714=CARTESIAN_POINT('',(1.35,1.845,-3.1));
#4715=CARTESIAN_POINT('Origin',(1.1,1.845,-3.1));
#4716=CARTESIAN_POINT('',(-1.1,2.095,-3.1));
#4717=CARTESIAN_POINT('',(-1.1,2.095,-3.1));
#4718=CARTESIAN_POINT('',(-1.35,1.845,-3.1));
#4719=CARTESIAN_POINT('Origin',(-1.1,1.845,-3.1));
#4720=CARTESIAN_POINT('',(-1.35,1.76,-3.1));
#4721=CARTESIAN_POINT('',(-1.35,1.76,-3.1));
#4722=CARTESIAN_POINT('',(-1.1,1.51,-3.1));
#4723=CARTESIAN_POINT('Origin',(-1.1,1.76,-3.1));
#4724=CARTESIAN_POINT('',(-0.91,1.51,-3.1));
#4725=CARTESIAN_POINT('',(-0.91,1.51,-3.1));
#4726=CARTESIAN_POINT('',(-0.41,1.01,-3.1));
#4727=CARTESIAN_POINT('Origin',(-0.91,1.01,-3.1));
#4728=CARTESIAN_POINT('',(-0.41,-0.67,-3.1));
#4729=CARTESIAN_POINT('',(-0.41,-0.67,-3.1));
#4730=CARTESIAN_POINT('',(-0.91,-1.17,-3.1));
#4731=CARTESIAN_POINT('Origin',(-0.91,-0.67,-3.1));
#4732=CARTESIAN_POINT('',(-1.1,-1.17,-3.1));
#4733=CARTESIAN_POINT('',(-1.1,-1.17,-3.1));
#4734=CARTESIAN_POINT('',(-1.35,-1.42,-3.1));
#4735=CARTESIAN_POINT('Origin',(-1.1,-1.42,-3.1));
#4736=CARTESIAN_POINT('',(-1.35,-1.505,-3.1));
#4737=CARTESIAN_POINT('',(-1.35,-1.505,-3.1));
#4738=CARTESIAN_POINT('',(-1.1,-1.755,-3.1));
#4739=CARTESIAN_POINT('Origin',(-1.1,-1.505,-3.1));
#4740=CARTESIAN_POINT('',(1.1,-1.755,-3.1));
#4741=CARTESIAN_POINT('',(1.1,-1.755,-3.1));
#4742=CARTESIAN_POINT('',(1.35,-1.505,-3.1));
#4743=CARTESIAN_POINT('Origin',(1.1,-1.505,-3.1));
#4744=CARTESIAN_POINT('',(1.35,-1.42,-3.1));
#4745=CARTESIAN_POINT('',(1.35,-1.42,-3.1));
#4746=CARTESIAN_POINT('',(1.1,-1.17,-3.1));
#4747=CARTESIAN_POINT('Origin',(1.1,-1.42,-3.1));
#4748=CARTESIAN_POINT('',(0.91,-1.17,-3.1));
#4749=CARTESIAN_POINT('',(0.91,-1.17,-3.1));
#4750=CARTESIAN_POINT('',(0.41,-0.67,-3.1));
#4751=CARTESIAN_POINT('Origin',(0.91,-0.67,-3.1));
#4752=CARTESIAN_POINT('',(0.41,1.01,-3.1));
#4753=CARTESIAN_POINT('',(0.41,1.01,-3.1));
#4754=CARTESIAN_POINT('',(0.91,1.51,-3.1));
#4755=CARTESIAN_POINT('Origin',(0.91,1.01,-3.1));
#4756=CARTESIAN_POINT('',(1.1,1.51,-3.1));
#4757=CARTESIAN_POINT('',(1.1,1.51,-3.1));
#4758=CARTESIAN_POINT('',(1.35,1.76,-3.1));
#4759=CARTESIAN_POINT('Origin',(1.1,1.76,-3.1));
#4760=CARTESIAN_POINT('',(1.35,1.845,-3.1));
#4761=CARTESIAN_POINT('',(-2.0675,-0.1475,-3.1));
#4762=CARTESIAN_POINT('',(-2.0675,0.4875,-3.1));
#4763=CARTESIAN_POINT('',(-2.0675,-0.1475,-3.1));
#4764=CARTESIAN_POINT('',(-1.4325,-0.1475,-3.1));
#4765=CARTESIAN_POINT('',(-2.0675,-0.1475,-3.1));
#4766=CARTESIAN_POINT('',(-1.4325,0.4875,-3.1));
#4767=CARTESIAN_POINT('',(-1.4325,-0.1475,-3.1));
#4768=CARTESIAN_POINT('',(-2.0675,0.4875,-3.1));
#4769=CARTESIAN_POINT('Origin',(-2.0675,0.,0.));
#4770=CARTESIAN_POINT('',(-2.0675,-0.1475,5.6));
#4771=CARTESIAN_POINT('',(-2.0675,0.4875,5.6));
#4772=CARTESIAN_POINT('',(-2.0675,-0.1475,5.6));
#4773=CARTESIAN_POINT('',(-2.0675,0.4875,0.));
#4774=CARTESIAN_POINT('',(-2.0675,0.4875,0.));
#4775=CARTESIAN_POINT('',(-2.0675,-0.1475,0.));
#4776=CARTESIAN_POINT('',(-2.0675,-0.1475,0.));
#4777=CARTESIAN_POINT('',(-2.0675,-0.1475,5.6));
#4778=CARTESIAN_POINT('Origin',(-2.0675,0.,0.));
#4779=CARTESIAN_POINT('',(-2.0675,-5.3,-5.3775));
#4780=CARTESIAN_POINT('',(-2.0675,-5.3,-4.7425));
#4781=CARTESIAN_POINT('',(-2.0675,-5.3,-5.3775));
#4782=CARTESIAN_POINT('',(-2.0675,-0.6475,-4.7425));
#4783=CARTESIAN_POINT('',(-2.0675,-0.6475,-4.7425));
#4784=CARTESIAN_POINT('',(-2.0675,-0.1475,-4.2425));
#4785=CARTESIAN_POINT('Origin',(-2.0675,-0.6475,-4.2425));
#4786=CARTESIAN_POINT('',(-2.0675,-0.1475,-3.1));
#4787=CARTESIAN_POINT('',(-2.0675,0.4875,-4.2425));
#4788=CARTESIAN_POINT('',(-2.0675,0.4875,-4.2425));
#4789=CARTESIAN_POINT('',(-2.0675,-0.6475,-5.3775));
#4790=CARTESIAN_POINT('Origin',(-2.0675,-0.6475,-4.2425));
#4791=CARTESIAN_POINT('',(-2.0675,-5.3,-5.3775));
#4792=CARTESIAN_POINT('Origin',(-1.9675,0.17,6.));
#4793=CARTESIAN_POINT('',(-1.8675,0.0525,6.4));
#4794=CARTESIAN_POINT('',(-1.8675,0.0525,6.4));
#4795=CARTESIAN_POINT('',(-1.8675,0.2875,6.4));
#4796=CARTESIAN_POINT('',(-1.8675,0.0525,6.4));
#4797=CARTESIAN_POINT('',(-2.0675,0.4875,5.6));
#4798=CARTESIAN_POINT('Origin',(-1.75,-0.0475,6.));
#4799=CARTESIAN_POINT('',(-1.4325,-0.1475,5.6));
#4800=CARTESIAN_POINT('',(-1.4325,-0.1475,5.6));
#4801=CARTESIAN_POINT('',(-1.6325,0.0525,6.4));
#4802=CARTESIAN_POINT('',(-1.4325,-0.1475,5.6));
#4803=CARTESIAN_POINT('',(-1.6325,0.0525,6.4));
#4804=CARTESIAN_POINT('Origin',(-2.0675,0.4875,6.4));
#4805=CARTESIAN_POINT('',(-1.6325,0.2875,6.4));
#4806=CARTESIAN_POINT('',(-1.6325,0.2875,6.4));
#4807=CARTESIAN_POINT('',(-1.6325,0.2875,6.4));
#4808=CARTESIAN_POINT('Origin',(-1.75,0.3875,6.));
#4809=CARTESIAN_POINT('',(-1.4325,0.4875,5.6));
#4810=CARTESIAN_POINT('',(-1.6325,0.2875,6.4));
#4811=CARTESIAN_POINT('',(-1.4325,0.4875,5.6));
#4812=CARTESIAN_POINT('Origin',(-2.0675,0.4875,-4.2425));
#4813=CARTESIAN_POINT('',(-1.4325,0.4875,-4.2425));
#4814=CARTESIAN_POINT('',(-1.4325,0.4875,-4.2425));
#4815=CARTESIAN_POINT('',(-2.0675,0.4875,-4.2425));
#4816=CARTESIAN_POINT('Origin',(-2.0675,0.4875,-4.2425));
#4817=CARTESIAN_POINT('',(-1.4325,0.4875,0.));
#4818=CARTESIAN_POINT('',(-1.4325,0.4875,0.));
#4819=CARTESIAN_POINT('',(-2.0675,0.4875,0.));
#4820=CARTESIAN_POINT('Origin',(-2.0675,-0.6475,-4.2425));
#4821=CARTESIAN_POINT('',(-1.4325,-0.6475,-5.3775));
#4822=CARTESIAN_POINT('Origin',(-1.4325,-0.6475,-4.2425));
#4823=CARTESIAN_POINT('',(-2.0675,-0.6475,-5.3775));
#4824=CARTESIAN_POINT('Origin',(-2.0675,-6.1,-5.3775));
#4825=CARTESIAN_POINT('',(-1.4325,-5.3,-5.3775));
#4826=CARTESIAN_POINT('',(-1.4325,-5.3,-5.3775));
#4827=CARTESIAN_POINT('',(-1.4325,-5.3,-5.3775));
#4828=CARTESIAN_POINT('Origin',(-1.75,-5.7,-5.2775));
#4829=CARTESIAN_POINT('',(-1.8675,-6.1,-5.1775));
#4830=CARTESIAN_POINT('',(-1.8675,-6.1,-5.1775));
#4831=CARTESIAN_POINT('',(-1.6325,-6.1,-5.1775));
#4832=CARTESIAN_POINT('',(-1.4325,-5.3,-5.3775));
#4833=CARTESIAN_POINT('',(-1.6325,-6.1,-5.1775));
#4834=CARTESIAN_POINT('Origin',(-1.9675,-5.7,-5.06));
#4835=CARTESIAN_POINT('',(-1.8675,-6.1,-4.9425));
#4836=CARTESIAN_POINT('',(-1.8675,-6.1,-5.1775));
#4837=CARTESIAN_POINT('',(-1.8675,-6.1,-4.9425));
#4838=CARTESIAN_POINT('Origin',(-1.75,-5.7,-4.8425));
#4839=CARTESIAN_POINT('',(-1.4325,-5.3,-4.7425));
#4840=CARTESIAN_POINT('',(-1.4325,-5.3,-4.7425));
#4841=CARTESIAN_POINT('',(-1.6325,-6.1,-4.9425));
#4842=CARTESIAN_POINT('',(-1.6325,-6.1,-4.9425));
#4843=CARTESIAN_POINT('',(-1.6325,-6.1,-4.9425));
#4844=CARTESIAN_POINT('Origin',(-2.0675,-0.6475,-4.7425));
#4845=CARTESIAN_POINT('',(-1.4325,-0.6475,-4.7425));
#4846=CARTESIAN_POINT('',(-1.4325,-0.6475,-4.7425));
#4847=CARTESIAN_POINT('',(-2.0675,-0.6475,-4.7425));
#4848=CARTESIAN_POINT('Origin',(-2.0675,-0.6475,-4.2425));
#4849=CARTESIAN_POINT('',(-1.4325,-0.1475,-4.2425));
#4850=CARTESIAN_POINT('Origin',(-1.4325,-0.6475,-4.2425));
#4851=CARTESIAN_POINT('',(-2.0675,-0.1475,-4.2425));
#4852=CARTESIAN_POINT('Origin',(-2.0675,-0.1475,6.4));
#4853=CARTESIAN_POINT('',(-1.4325,-0.1475,-3.1));
#4854=CARTESIAN_POINT('Origin',(-2.0675,-0.1475,6.4));
#4855=CARTESIAN_POINT('',(-1.4325,-0.1475,0.));
#4856=CARTESIAN_POINT('',(-2.0675,-0.1475,0.));
#4857=CARTESIAN_POINT('',(-1.4325,-0.1475,5.6));
#4858=CARTESIAN_POINT('Origin',(-1.4325,0.,0.));
#4859=CARTESIAN_POINT('',(-1.4325,0.4875,5.6));
#4860=CARTESIAN_POINT('',(-1.4325,-0.1475,0.));
#4861=CARTESIAN_POINT('Origin',(-1.4325,0.,0.));
#4862=CARTESIAN_POINT('',(-1.4325,-5.3,-4.7425));
#4863=CARTESIAN_POINT('Origin',(-1.5325,0.17,6.));
#4864=CARTESIAN_POINT('Origin',(0.,0.,0.));
#4865=CARTESIAN_POINT('',(-0.23,-1.35,0.));
#4866=CARTESIAN_POINT('',(-2.23,-1.35,0.));
#4867=CARTESIAN_POINT('',(-0.23,-1.35,0.));
#4868=CARTESIAN_POINT('',(-0.23,1.69,0.));
#4869=CARTESIAN_POINT('',(-0.23,1.69,0.));
#4870=CARTESIAN_POINT('',(-3.27,1.69,0.));
#4871=CARTESIAN_POINT('',(-3.27,1.69,0.));
#4872=CARTESIAN_POINT('',(-3.27,-2.01,0.));
#4873=CARTESIAN_POINT('',(-3.27,1.69,0.));
#4874=CARTESIAN_POINT('',(-2.23,-2.01,0.));
#4875=CARTESIAN_POINT('',(-2.23,-2.01,0.));
#4876=CARTESIAN_POINT('',(-2.23,-1.35,0.));
#4877=CARTESIAN_POINT('Origin',(-3.27,-1.35,0.));
#4878=CARTESIAN_POINT('',(-2.23,-1.35,0.));
#4879=CARTESIAN_POINT('',(-0.1593123708949,-1.420687629105,8.1));
#4880=CARTESIAN_POINT('Origin',(-2.23,-2.01,0.));
#4881=CARTESIAN_POINT('',(-2.159312370895,-2.080687629105,8.1));
#4882=CARTESIAN_POINT('Origin',(-3.27,-2.01,0.));
#4883=CARTESIAN_POINT('',(-3.340687629105,-2.080687629105,8.1));
#4884=CARTESIAN_POINT('Origin',(-3.27,1.69,0.));
#4885=CARTESIAN_POINT('',(-3.340687629105,1.760687629105,8.1));
#4886=CARTESIAN_POINT('Origin',(-0.23,1.69,0.));
#4887=CARTESIAN_POINT('',(-2.95,1.728398218279,4.4));
#4888=CARTESIAN_POINT('',(-2.95,1.728398218279,4.4));
#4889=CARTESIAN_POINT('',(-0.1933471552788,1.726652844721,4.2));
#4890=CARTESIAN_POINT('',(-0.1933471552788,1.726652844721,4.2));
#4891=CARTESIAN_POINT('',(-2.75,1.726652844721,4.2));
#4892=CARTESIAN_POINT('',(-2.75,1.726652844721,4.2));
#4893=CARTESIAN_POINT('Origin',(-2.7499961920589,1.72839818505045,4.39999619240894));
#4894=CARTESIAN_POINT('Origin',(-2.95,0.,0.));
#4895=CARTESIAN_POINT('',(-2.95,4.597857404561,4.4));
#4896=CARTESIAN_POINT('',(-2.95,4.597857404561,4.4));
#4897=CARTESIAN_POINT('',(-2.95,4.698328039495,10.15595882038));
#4898=CARTESIAN_POINT('',(-2.95,4.698328039495,10.15595882038));
#4899=CARTESIAN_POINT('',(-2.95,3.28869086913,9.49863421262));
#4900=CARTESIAN_POINT('',(-2.95,4.698328039495,10.15595882038));
#4901=CARTESIAN_POINT('',(-2.95,3.,9.045480319102));
#4902=CARTESIAN_POINT('Origin',(-2.95,3.5,9.045480319102));
#4903=CARTESIAN_POINT('',(-2.95,3.,8.23));
#4904=CARTESIAN_POINT('',(-2.95,3.,9.045480319102));
#4905=CARTESIAN_POINT('Origin',(-2.95,2.87,8.23));
#4906=CARTESIAN_POINT('Origin',(-2.75,21.911776,4.4));
#4907=CARTESIAN_POINT('',(-2.75,4.597857404561,4.2));
#4908=CARTESIAN_POINT('',(-2.75,4.597857404561,4.2));
#4909=CARTESIAN_POINT('Origin',(-2.75,4.597857404561,4.4));
#4910=CARTESIAN_POINT('Origin',(-2.75,4.597857404561,4.4));
#4911=CARTESIAN_POINT('',(-2.75,4.797826943592,4.396509518713));
#4912=CARTESIAN_POINT('Origin',(-2.75,4.597857404561,4.4));
#4913=CARTESIAN_POINT('Origin',(-2.75,4.597857404561,4.4));
#4914=CARTESIAN_POINT('Origin',(-2.75,5.059376523399,30.84041261007));
#4915=CARTESIAN_POINT('',(-2.75,4.9,10.25));
#4916=CARTESIAN_POINT('',(-2.75,4.9,10.25));
#4917=CARTESIAN_POINT('Origin',(-2.75,4.69832803949535,10.1559588203815));
#4918=CARTESIAN_POINT('Origin',(-2.95,4.794396857184,4.2));
#4919=CARTESIAN_POINT('',(-1.155,4.797826943592,4.396509518713));
#4920=CARTESIAN_POINT('',(-1.155,4.797826943592,4.396509518713));
#4921=CARTESIAN_POINT('',(-1.155,4.879926675333,9.1));
#4922=CARTESIAN_POINT('',(-1.155,4.797826943592,4.396509518713));
#4923=CARTESIAN_POINT('',(1.155,4.879926675333,9.1));
#4924=CARTESIAN_POINT('',(-1.155,4.879926675333,9.1));
#4925=CARTESIAN_POINT('',(1.155,4.797826943592,4.396509518713));
#4926=CARTESIAN_POINT('',(1.155,4.797826943592,4.396509518713));
#4927=CARTESIAN_POINT('',(2.75,4.797826943592,4.396509518713));
#4928=CARTESIAN_POINT('',(2.75,4.797826943592,4.396509518713));
#4929=CARTESIAN_POINT('',(2.75,4.9,10.25));
#4930=CARTESIAN_POINT('',(2.75,4.797826943592,4.396509518713));
#4931=CARTESIAN_POINT('',(-2.75,4.9,10.25));
#4932=CARTESIAN_POINT('Origin',(16.2324,4.597857404561,4.4));
#4933=CARTESIAN_POINT('',(-1.155,4.597857404561,4.2));
#4934=CARTESIAN_POINT('',(-1.155,4.597857404561,4.2));
#4935=CARTESIAN_POINT('Origin',(-1.155,4.597857404561,4.4));
#4936=CARTESIAN_POINT('Origin',(-2.95,1.654396857184,4.2));
#4937=CARTESIAN_POINT('',(0.955,4.55,4.2));
#4938=CARTESIAN_POINT('',(-0.955,4.55,4.2));
#4939=CARTESIAN_POINT('',(0.955,4.55,4.2));
#4940=CARTESIAN_POINT('',(-1.155,4.75,4.2));
#4941=CARTESIAN_POINT('Origin',(-0.955,4.75,4.2));
#4942=CARTESIAN_POINT('',(-1.155,4.597857404561,4.2));
#4943=CARTESIAN_POINT('',(-0.1933471552788,1.654396857184,4.2));
#4944=CARTESIAN_POINT('',(-0.1933471552788,1.654396857184,4.2));
#4945=CARTESIAN_POINT('',(0.1933471552788,1.654396857184,4.2));
#4946=CARTESIAN_POINT('',(-0.1933471552788,1.654396857184,4.2));
#4947=CARTESIAN_POINT('',(0.1933471552788,1.726652844721,4.2));
#4948=CARTESIAN_POINT('',(0.1933471552788,1.654396857184,4.2));
#4949=CARTESIAN_POINT('',(2.75,1.726652844721,4.2));
#4950=CARTESIAN_POINT('',(0.1933471552788,1.726652844721,4.2));
#4951=CARTESIAN_POINT('',(2.75,4.597857404561,4.2));
#4952=CARTESIAN_POINT('',(2.75,1.726652844721,4.2));
#4953=CARTESIAN_POINT('',(1.155,4.597857404561,4.2));
#4954=CARTESIAN_POINT('',(2.75,4.597857404561,4.2));
#4955=CARTESIAN_POINT('',(1.155,4.75,4.2));
#4956=CARTESIAN_POINT('',(1.155,4.597857404561,4.2));
#4957=CARTESIAN_POINT('Origin',(0.955,4.75,4.2));
#4958=CARTESIAN_POINT('Origin',(-3.9,4.55,0.));
#4959=CARTESIAN_POINT('',(0.955,4.55,2.85));
#4960=CARTESIAN_POINT('',(-0.955,4.55,4.2));
#4961=CARTESIAN_POINT('Origin',(0.955,4.75,-26.13545143338));
#4962=CARTESIAN_POINT('',(1.155,4.75,2.85));
#4963=CARTESIAN_POINT('Origin',(1.155,6.06,9.1));
#4964=CARTESIAN_POINT('',(1.155,6.06,9.1));
#4965=CARTESIAN_POINT('',(1.155,6.06,9.1));
#4966=CARTESIAN_POINT('',(1.155,6.06,2.85));
#4967=CARTESIAN_POINT('Origin',(1.155,4.597857404561,4.4));
#4968=CARTESIAN_POINT('Origin',(16.2324,4.597857404561,4.4));
#4969=CARTESIAN_POINT('Origin',(2.75,4.597857404561,4.4));
#4970=CARTESIAN_POINT('Origin',(2.75,4.597857404561,4.4));
#4971=CARTESIAN_POINT('',(2.95,4.597857404561,4.4));
#4972=CARTESIAN_POINT('Origin',(2.75,4.597857404561,4.4));
#4973=CARTESIAN_POINT('Origin',(2.75,4.597857404561,4.4));
#4974=CARTESIAN_POINT('Origin',(2.75,4.064859117179,-26.13545143338));
#4975=CARTESIAN_POINT('',(2.95,4.698328039495,10.15595882038));
#4976=CARTESIAN_POINT('',(2.95,4.597857404561,4.4));
#4977=CARTESIAN_POINT('Origin',(2.75,4.69832803949485,10.1559588203813));
#4978=CARTESIAN_POINT('Origin',(2.95,0.,0.));
#4979=CARTESIAN_POINT('',(2.95,1.728398218279,4.4));
#4980=CARTESIAN_POINT('',(2.95,1.728398218279,4.4));
#4981=CARTESIAN_POINT('',(2.95,1.728398218279,4.4));
#4982=CARTESIAN_POINT('',(2.95,3.,8.23));
#4983=CARTESIAN_POINT('Origin',(2.95,2.87,8.23));
#4984=CARTESIAN_POINT('',(2.95,3.,9.045480319102));
#4985=CARTESIAN_POINT('',(2.95,3.,9.045480319102));
#4986=CARTESIAN_POINT('',(2.95,3.28869086913,9.49863421262));
#4987=CARTESIAN_POINT('Origin',(2.95,3.5,9.045480319102));
#4988=CARTESIAN_POINT('',(2.95,4.698328039495,10.15595882038));
#4989=CARTESIAN_POINT('Origin',(-3.9,4.9,10.25));
#4990=CARTESIAN_POINT('',(-3.9,4.9,10.25));
#4991=CARTESIAN_POINT('',(-3.9,3.28869086913,9.49863421262));
#4992=CARTESIAN_POINT('Origin',(-3.9,4.9,10.25));
#4993=CARTESIAN_POINT('',(3.9,3.28869086913,9.49863421262));
#4994=CARTESIAN_POINT('',(2.95,3.28869086913,9.49863421262));
#4995=CARTESIAN_POINT('',(3.9,4.9,10.25));
#4996=CARTESIAN_POINT('',(3.9,4.9,10.25));
#4997=CARTESIAN_POINT('',(2.75,4.9,10.25));
#4998=CARTESIAN_POINT('Origin',(-3.9,6.06,10.25));
#4999=CARTESIAN_POINT('',(-3.15,6.06,10.25));
#5000=CARTESIAN_POINT('Origin',(-3.15,5.31,10.25));
#5001=CARTESIAN_POINT('',(3.9,5.31,10.25));
#5002=CARTESIAN_POINT('',(3.9,5.31,10.25));
#5003=CARTESIAN_POINT('',(3.15,6.06,10.25));
#5004=CARTESIAN_POINT('Origin',(3.15,5.31,10.25));
#5005=CARTESIAN_POINT('',(-3.15,6.06,10.25));
#5006=CARTESIAN_POINT('Origin',(-3.15,5.31,30.84041261007));
#5007=CARTESIAN_POINT('',(-3.15,6.06,10.25));
#5008=CARTESIAN_POINT('Origin',(-3.9,6.06,2.85));
#5009=CARTESIAN_POINT('',(3.15,6.06,2.85));
#5010=CARTESIAN_POINT('',(-1.155,6.06,9.1));
#5011=CARTESIAN_POINT('',(-1.155,6.06,9.1));
#5012=CARTESIAN_POINT('',(-1.155,6.06,2.85));
#5013=CARTESIAN_POINT('Origin',(-1.155,6.06,2.85));
#5014=CARTESIAN_POINT('',(-1.155,4.75,4.2));
#5015=CARTESIAN_POINT('',(-1.155,6.06,9.1));
#5016=CARTESIAN_POINT('Origin',(-0.955,4.75,30.84041261007));
#5017=CARTESIAN_POINT('Origin',(-1.155,6.06,9.1));
#5018=CARTESIAN_POINT('Origin',(3.15,5.31,-26.13545143338));
#5019=CARTESIAN_POINT('',(3.9,5.31,2.85));
#5020=CARTESIAN_POINT('Origin',(3.9,0.,0.));
#5021=CARTESIAN_POINT('',(3.9,3.,9.045480319102));
#5022=CARTESIAN_POINT('Origin',(3.9,3.5,9.045480319102));
#5023=CARTESIAN_POINT('',(3.9,3.,8.23));
#5024=CARTESIAN_POINT('',(3.9,3.,9.045480319102));
#5025=CARTESIAN_POINT('Origin',(3.9,2.87,8.23));
#5026=CARTESIAN_POINT('',(3.9,2.573205080757,8.1));
#5027=CARTESIAN_POINT('Origin',(3.8,2.4,30.84041261007));
#5028=CARTESIAN_POINT('',(4.,2.4,8.1));
#5029=CARTESIAN_POINT('Origin',(4.,-2.6,8.1));
#5030=CARTESIAN_POINT('',(4.,0.7,2.85));
#5031=CARTESIAN_POINT('',(4.,0.7,8.1));
#5032=CARTESIAN_POINT('',(4.,-0.7,2.85));
#5033=CARTESIAN_POINT('',(4.,-0.7,2.85));
#5034=CARTESIAN_POINT('',(4.,-0.7,8.1));
#5035=CARTESIAN_POINT('',(4.,-2.9,6.6));
#5036=CARTESIAN_POINT('',(4.,-2.6,6.6));
#5037=CARTESIAN_POINT('',(4.,-2.9,-1.6));
#5038=CARTESIAN_POINT('',(4.,-2.9,-1.6));
#5039=CARTESIAN_POINT('',(4.,-2.6,-1.6));
#5040=CARTESIAN_POINT('Origin',(2.8,-2.6,-1.6));
#5041=CARTESIAN_POINT('',(2.8,-2.9,-1.6));
#5042=CARTESIAN_POINT('',(2.8,-2.9,-1.6));
#5043=CARTESIAN_POINT('',(2.8,-2.6,-1.6));
#5044=CARTESIAN_POINT('Origin',(2.8,-2.6,6.6));
#5045=CARTESIAN_POINT('',(2.8,-2.9,6.6));
#5046=CARTESIAN_POINT('',(2.8,-2.9,6.6));
#5047=CARTESIAN_POINT('',(2.8,-2.6,6.6));
#5048=CARTESIAN_POINT('Origin',(4.,-2.6,6.6));
#5049=CARTESIAN_POINT('',(4.,-2.9,6.6));
#5050=CARTESIAN_POINT('Origin',(0.,-2.9,0.));
#5051=CARTESIAN_POINT('',(-2.8,-2.9,-1.6));
#5052=CARTESIAN_POINT('',(-4.,-2.9,-1.6));
#5053=CARTESIAN_POINT('',(-2.8,-2.9,6.6));
#5054=CARTESIAN_POINT('',(-2.8,-2.9,-1.6));
#5055=CARTESIAN_POINT('',(-2.8,-2.9,6.6));
#5056=CARTESIAN_POINT('Origin',(0.,-2.9,0.));
#5057=CARTESIAN_POINT('Origin',(-2.8,-2.6,6.6));
#5058=CARTESIAN_POINT('',(-2.8,-2.6,6.6));
#5059=CARTESIAN_POINT('Origin',(-2.8,-2.6,-1.6));
#5060=CARTESIAN_POINT('',(-2.8,-2.6,-1.6));
#5061=CARTESIAN_POINT('Origin',(-4.,-2.6,-1.6));
#5062=CARTESIAN_POINT('Origin',(4.,-0.7,8.1));
#5063=CARTESIAN_POINT('',(4.5,-0.7,2.85));
#5064=CARTESIAN_POINT('',(4.,-0.7,2.85));
#5065=CARTESIAN_POINT('',(4.5,-0.7,8.1));
#5066=CARTESIAN_POINT('Origin',(4.5,-0.7,8.1));
#5067=CARTESIAN_POINT('',(4.5,0.7,2.85));
#5068=CARTESIAN_POINT('',(4.5,0.7,2.85));
#5069=CARTESIAN_POINT('',(4.5,0.7,8.1));
#5070=CARTESIAN_POINT('Origin',(4.5,0.7,8.1));
#5071=CARTESIAN_POINT('',(4.,0.7,2.85));
#5072=CARTESIAN_POINT('Origin',(0.,-2.6,2.85));
#5073=CARTESIAN_POINT('',(-4.5,-0.7,2.85));
#5074=CARTESIAN_POINT('',(-4.5,-0.7,2.85));
#5075=CARTESIAN_POINT('',(-4.5,0.7,2.85));
#5076=CARTESIAN_POINT('',(-4.5,-0.7,2.85));
#5077=CARTESIAN_POINT('',(-4.5,0.7,2.85));
#5078=CARTESIAN_POINT('Origin',(0.,-2.6,2.85));
#5079=CARTESIAN_POINT('Origin',(-4.,0.7,8.1));
#5080=CARTESIAN_POINT('',(-4.5,0.7,8.1));
#5081=CARTESIAN_POINT('Origin',(-4.5,0.7,8.1));
#5082=CARTESIAN_POINT('',(-4.5,-0.7,8.1));
#5083=CARTESIAN_POINT('Origin',(-4.5,-0.7,8.1));
#5084=CARTESIAN_POINT('Origin',(-3.9,2.87,8.23));
#5085=CARTESIAN_POINT('',(-3.9,3.,8.23));
#5086=CARTESIAN_POINT('Origin',(-3.9,2.87,8.23));
#5087=CARTESIAN_POINT('',(2.95,3.,8.23));
#5088=CARTESIAN_POINT('Origin',(-3.9,3.,9.045480319102));
#5089=CARTESIAN_POINT('',(-3.9,3.,9.045480319102));
#5090=CARTESIAN_POINT('Origin',(-3.9,3.,9.045480319102));
#5091=CARTESIAN_POINT('',(2.95,3.,9.045480319102));
#5092=CARTESIAN_POINT('Origin',(-3.9,3.5,9.045480319102));
#5093=CARTESIAN_POINT('Origin',(-3.9,3.5,9.045480319102));
#5094=CARTESIAN_POINT('Origin',(3.27,1.69,0.));
#5095=CARTESIAN_POINT('',(0.23,1.69,0.));
#5096=CARTESIAN_POINT('',(0.1933471552788,1.726652844721,4.2));
#5097=CARTESIAN_POINT('',(3.27,1.69,0.));
#5098=CARTESIAN_POINT('',(0.23,1.69,0.));
#5099=CARTESIAN_POINT('',(3.340687629105,1.760687629105,8.1));
#5100=CARTESIAN_POINT('Origin',(2.7499961920589,1.72839818505045,4.39999619240894));
#5101=CARTESIAN_POINT('Origin',(2.75,-21.951776,4.4));
#5102=CARTESIAN_POINT('Origin',(3.27,-1.35,0.));
#5103=CARTESIAN_POINT('',(3.27,-1.35,0.));
#5104=CARTESIAN_POINT('',(3.27,1.69,0.));
#5105=CARTESIAN_POINT('',(3.340687629105,-1.420687629105,8.1));
#5106=CARTESIAN_POINT('Origin',(0.23,-1.35,0.));
#5107=CARTESIAN_POINT('',(0.23,-1.35,0.));
#5108=CARTESIAN_POINT('',(3.27,-1.35,0.));
#5109=CARTESIAN_POINT('',(0.1593123708949,-1.420687629105,8.1));
#5110=CARTESIAN_POINT('Origin',(0.23,1.69,0.));
#5111=CARTESIAN_POINT('',(0.23,-1.35,0.));
#5112=CARTESIAN_POINT('',(0.1933471552788,1.654396857184,4.2));
#5113=CARTESIAN_POINT('Origin',(-2.95,1.654396857184,10.25));
#5114=CARTESIAN_POINT('',(-0.1593123708949,1.654396857184,8.1));
#5115=CARTESIAN_POINT('Origin',(-0.23,-1.35,0.));
#5116=CARTESIAN_POINT('Origin',(0.,0.,0.));
#5117=CARTESIAN_POINT('',(1.4325,-0.1475,0.));
#5118=CARTESIAN_POINT('',(1.4325,0.4875,0.));
#5119=CARTESIAN_POINT('',(1.4325,-0.1475,0.));
#5120=CARTESIAN_POINT('',(2.0675,0.4875,0.));
#5121=CARTESIAN_POINT('',(1.4325,0.4875,0.));
#5122=CARTESIAN_POINT('',(2.0675,-0.1475,0.));
#5123=CARTESIAN_POINT('',(2.0675,-0.1475,0.));
#5124=CARTESIAN_POINT('',(1.4325,-0.1475,0.));
#5125=CARTESIAN_POINT('Origin',(1.4325,0.,0.));
#5126=CARTESIAN_POINT('',(1.4325,-0.1475,5.6));
#5127=CARTESIAN_POINT('',(1.4325,0.4875,5.6));
#5128=CARTESIAN_POINT('',(1.4325,-0.1475,5.6));
#5129=CARTESIAN_POINT('',(1.4325,0.4875,0.));
#5130=CARTESIAN_POINT('',(1.4325,-0.1475,5.6));
#5131=CARTESIAN_POINT('Origin',(1.4325,0.,0.));
#5132=CARTESIAN_POINT('',(1.4325,-5.3,-5.3775));
#5133=CARTESIAN_POINT('',(1.4325,-5.3,-4.7425));
#5134=CARTESIAN_POINT('',(1.4325,-5.3,-5.3775));
#5135=CARTESIAN_POINT('',(1.4325,-0.6475,-4.7425));
#5136=CARTESIAN_POINT('',(1.4325,-0.6475,-4.7425));
#5137=CARTESIAN_POINT('',(1.4325,-0.1475,-4.2425));
#5138=CARTESIAN_POINT('Origin',(1.4325,-0.6475,-4.2425));
#5139=CARTESIAN_POINT('',(1.4325,-0.1475,-3.1));
#5140=CARTESIAN_POINT('',(1.4325,0.4875,-4.2425));
#5141=CARTESIAN_POINT('',(1.4325,0.4875,-4.2425));
#5142=CARTESIAN_POINT('',(1.4325,-0.6475,-5.3775));
#5143=CARTESIAN_POINT('Origin',(1.4325,-0.6475,-4.2425));
#5144=CARTESIAN_POINT('',(1.4325,-5.3,-5.3775));
#5145=CARTESIAN_POINT('Origin',(1.5325,0.17,6.));
#5146=CARTESIAN_POINT('',(1.6325,0.0525,6.4));
#5147=CARTESIAN_POINT('',(1.6325,0.2875,6.4));
#5148=CARTESIAN_POINT('',(1.6325,0.0525,6.4));
#5149=CARTESIAN_POINT('',(1.4325,0.4875,5.6));
#5150=CARTESIAN_POINT('',(1.6325,0.0525,6.4));
#5151=CARTESIAN_POINT('Origin',(1.4325,0.4875,6.4));
#5152=CARTESIAN_POINT('',(1.8675,0.2875,6.4));
#5153=CARTESIAN_POINT('',(1.8675,0.2875,6.4));
#5154=CARTESIAN_POINT('',(1.8675,0.0525,6.4));
#5155=CARTESIAN_POINT('',(1.8675,0.0525,6.4));
#5156=CARTESIAN_POINT('',(1.8675,0.2875,6.4));
#5157=CARTESIAN_POINT('Origin',(1.75,0.3875,6.));
#5158=CARTESIAN_POINT('',(2.0675,0.4875,5.6));
#5159=CARTESIAN_POINT('',(1.8675,0.2875,6.4));
#5160=CARTESIAN_POINT('',(2.0675,0.4875,5.6));
#5161=CARTESIAN_POINT('Origin',(1.4325,0.4875,-4.2425));
#5162=CARTESIAN_POINT('',(2.0675,0.4875,-4.2425));
#5163=CARTESIAN_POINT('',(2.0675,0.4875,-4.2425));
#5164=CARTESIAN_POINT('',(1.4325,0.4875,-4.2425));
#5165=CARTESIAN_POINT('Origin',(1.4325,0.4875,-4.2425));
#5166=CARTESIAN_POINT('',(2.0675,0.4875,0.));
#5167=CARTESIAN_POINT('Origin',(1.4325,-0.6475,-4.2425));
#5168=CARTESIAN_POINT('',(2.0675,-0.6475,-5.3775));
#5169=CARTESIAN_POINT('Origin',(2.0675,-0.6475,-4.2425));
#5170=CARTESIAN_POINT('',(1.4325,-0.6475,-5.3775));
#5171=CARTESIAN_POINT('Origin',(1.4325,-6.1,-5.3775));
#5172=CARTESIAN_POINT('',(2.0675,-5.3,-5.3775));
#5173=CARTESIAN_POINT('',(2.0675,-5.3,-5.3775));
#5174=CARTESIAN_POINT('',(2.0675,-5.3,-5.3775));
#5175=CARTESIAN_POINT('Origin',(1.75,-5.7,-5.2775));
#5176=CARTESIAN_POINT('',(1.8675,-6.1,-5.1775));
#5177=CARTESIAN_POINT('',(2.0675,-5.3,-5.3775));
#5178=CARTESIAN_POINT('',(1.6325,-6.1,-5.1775));
#5179=CARTESIAN_POINT('',(1.8675,-6.1,-5.1775));
#5180=CARTESIAN_POINT('',(1.6325,-6.1,-5.1775));
#5181=CARTESIAN_POINT('Origin',(1.5325,-5.7,-5.06));
#5182=CARTESIAN_POINT('',(1.6325,-6.1,-4.9425));
#5183=CARTESIAN_POINT('',(1.6325,-6.1,-5.1775));
#5184=CARTESIAN_POINT('',(1.6325,-6.1,-4.9425));
#5185=CARTESIAN_POINT('Origin',(1.75,-5.7,-4.8425));
#5186=CARTESIAN_POINT('',(2.0675,-5.3,-4.7425));
#5187=CARTESIAN_POINT('',(2.0675,-5.3,-4.7425));
#5188=CARTESIAN_POINT('',(1.8675,-6.1,-4.9425));
#5189=CARTESIAN_POINT('',(1.8675,-6.1,-4.9425));
#5190=CARTESIAN_POINT('',(1.8675,-6.1,-4.9425));
#5191=CARTESIAN_POINT('Origin',(1.4325,-0.6475,-4.7425));
#5192=CARTESIAN_POINT('',(2.0675,-0.6475,-4.7425));
#5193=CARTESIAN_POINT('',(2.0675,-0.6475,-4.7425));
#5194=CARTESIAN_POINT('',(1.4325,-0.6475,-4.7425));
#5195=CARTESIAN_POINT('Origin',(1.4325,-0.6475,-4.2425));
#5196=CARTESIAN_POINT('',(2.0675,-0.1475,-4.2425));
#5197=CARTESIAN_POINT('Origin',(2.0675,-0.6475,-4.2425));
#5198=CARTESIAN_POINT('',(1.4325,-0.1475,-4.2425));
#5199=CARTESIAN_POINT('Origin',(1.4325,-0.1475,6.4));
#5200=CARTESIAN_POINT('',(2.0675,-0.1475,-3.1));
#5201=CARTESIAN_POINT('Origin',(1.4325,-0.1475,6.4));
#5202=CARTESIAN_POINT('',(2.0675,-0.1475,5.6));
#5203=CARTESIAN_POINT('',(2.0675,-0.1475,5.6));
#5204=CARTESIAN_POINT('',(2.0675,-0.1475,5.6));
#5205=CARTESIAN_POINT('Origin',(2.0675,0.,0.));
#5206=CARTESIAN_POINT('',(2.0675,0.4875,5.6));
#5207=CARTESIAN_POINT('Origin',(2.0675,0.,0.));
#5208=CARTESIAN_POINT('',(2.0675,-5.3,-4.7425));
#5209=CARTESIAN_POINT('Origin',(1.9675,0.17,6.));
#5210=CARTESIAN_POINT('',(2.0675,-0.1475,5.6));
#5211=CARTESIAN_POINT('Origin',(1.75,-0.0475,6.));
#5212=CARTESIAN_POINT('Origin',(1.9675,-5.7,-5.06));
#5213=CARTESIAN_POINT('',(1.8675,-6.1,-4.9425));
#5214=CARTESIAN_POINT('Origin',(1.4325,-6.1,-4.7425));
#5215=CARTESIAN_POINT('Origin',(-1.5325,-5.7,-5.06));
#5216=CARTESIAN_POINT('',(-1.6325,-6.1,-4.9425));
#5217=CARTESIAN_POINT('Origin',(-2.0675,-6.1,-4.7425));
#5218=CARTESIAN_POINT('Origin',(1.1,1.845,-3.1));
#5219=CARTESIAN_POINT('',(1.1,2.095,-2.1));
#5220=CARTESIAN_POINT('',(1.1,2.095,-3.1));
#5221=CARTESIAN_POINT('',(1.35,1.845,-2.1));
#5222=CARTESIAN_POINT('',(1.35,1.845,-3.1));
#5223=CARTESIAN_POINT('Origin',(1.1,1.845,-2.1));
#5224=CARTESIAN_POINT('Origin',(-1.1,2.095,-3.1));
#5225=CARTESIAN_POINT('',(-1.1,2.095,-2.1));
#5226=CARTESIAN_POINT('',(-1.1,2.095,-2.1));
#5227=CARTESIAN_POINT('',(-1.1,2.095,-3.1));
#5228=CARTESIAN_POINT('Origin',(-1.1,1.845,-3.1));
#5229=CARTESIAN_POINT('',(-1.35,1.845,-2.1));
#5230=CARTESIAN_POINT('',(-1.35,1.845,-3.1));
#5231=CARTESIAN_POINT('Origin',(-1.1,1.845,-2.1));
#5232=CARTESIAN_POINT('Origin',(-1.35,1.76,-3.1));
#5233=CARTESIAN_POINT('',(-1.35,1.76,-2.1));
#5234=CARTESIAN_POINT('',(-1.35,1.76,-3.1));
#5235=CARTESIAN_POINT('',(-1.35,1.76,-2.1));
#5236=CARTESIAN_POINT('Origin',(-1.1,1.76,-3.1));
#5237=CARTESIAN_POINT('',(-1.1,1.51,-2.1));
#5238=CARTESIAN_POINT('',(-1.1,1.51,-3.1));
#5239=CARTESIAN_POINT('Origin',(-1.1,1.76,-2.1));
#5240=CARTESIAN_POINT('Origin',(-0.91,1.51,-3.1));
#5241=CARTESIAN_POINT('',(-0.91,1.51,-2.1));
#5242=CARTESIAN_POINT('',(-0.91,1.51,-3.1));
#5243=CARTESIAN_POINT('',(-0.91,1.51,-2.1));
#5244=CARTESIAN_POINT('Origin',(-0.91,1.01,-3.1));
#5245=CARTESIAN_POINT('',(-0.41,1.01,-2.1));
#5246=CARTESIAN_POINT('',(-0.41,1.01,-3.1));
#5247=CARTESIAN_POINT('Origin',(-0.91,1.01,-2.1));
#5248=CARTESIAN_POINT('Origin',(-0.41,-0.67,-3.1));
#5249=CARTESIAN_POINT('',(-0.41,-0.48,-2.6));
#5250=CARTESIAN_POINT('',(-0.41,0.82,-2.6));
#5251=CARTESIAN_POINT('',(-0.41,-0.48,-2.6));
#5252=CARTESIAN_POINT('',(-0.41,-0.48,-2.1));
#5253=CARTESIAN_POINT('',(-0.41,-0.48,-2.1));
#5254=CARTESIAN_POINT('',(-0.41,-0.67,-2.1));
#5255=CARTESIAN_POINT('',(-0.41,-0.67,-2.1));
#5256=CARTESIAN_POINT('',(-0.41,-0.67,-3.1));
#5257=CARTESIAN_POINT('',(-0.41,0.82,-2.1));
#5258=CARTESIAN_POINT('',(-0.41,0.82,-2.1));
#5259=CARTESIAN_POINT('',(-0.41,0.82,-2.1));
#5260=CARTESIAN_POINT('Origin',(0.,-2.6,-2.6));
#5261=CARTESIAN_POINT('',(0.41,-0.48,-2.6));
#5262=CARTESIAN_POINT('',(0.41,0.82,-2.6));
#5263=CARTESIAN_POINT('',(0.41,-0.48,-2.6));
#5264=CARTESIAN_POINT('',(0.16,-0.23,-2.6));
#5265=CARTESIAN_POINT('Origin',(0.16,-0.48,-2.6));
#5266=CARTESIAN_POINT('',(-0.16,-0.23,-2.6));
#5267=CARTESIAN_POINT('',(0.16,-0.23,-2.6));
#5268=CARTESIAN_POINT('Origin',(-0.16,-0.48,-2.6));
#5269=CARTESIAN_POINT('',(-0.16,0.57,-2.6));
#5270=CARTESIAN_POINT('Origin',(-0.16,0.82,-2.6));
#5271=CARTESIAN_POINT('',(0.16,0.57,-2.6));
#5272=CARTESIAN_POINT('',(-0.16,0.57,-2.6));
#5273=CARTESIAN_POINT('Origin',(0.16,0.82,-2.6));
#5274=CARTESIAN_POINT('Origin',(0.41,1.01,-3.1));
#5275=CARTESIAN_POINT('',(0.41,0.82,-2.1));
#5276=CARTESIAN_POINT('',(0.41,0.82,-2.1));
#5277=CARTESIAN_POINT('',(0.41,1.01,-2.1));
#5278=CARTESIAN_POINT('',(0.41,1.01,-2.1));
#5279=CARTESIAN_POINT('',(0.41,1.01,-3.1));
#5280=CARTESIAN_POINT('',(0.41,-0.67,-2.1));
#5281=CARTESIAN_POINT('',(0.41,-0.67,-3.1));
#5282=CARTESIAN_POINT('',(0.41,-0.48,-2.1));
#5283=CARTESIAN_POINT('',(0.41,-0.48,-2.1));
#5284=CARTESIAN_POINT('',(0.41,-0.48,-2.1));
#5285=CARTESIAN_POINT('Origin',(0.16,-0.48,-2.1));
#5286=CARTESIAN_POINT('',(0.16,-0.23,-2.1));
#5287=CARTESIAN_POINT('Origin',(0.16,-0.48,-2.1));
#5288=CARTESIAN_POINT('',(0.16,-0.23,-2.1));
#5289=CARTESIAN_POINT('Origin',(0.,-2.6,-2.1));
#5290=CARTESIAN_POINT('',(0.16,0.57,-2.1));
#5291=CARTESIAN_POINT('Origin',(0.16,0.82,-2.1));
#5292=CARTESIAN_POINT('',(-0.16,0.57,-2.1));
#5293=CARTESIAN_POINT('',(-0.16,0.57,-2.1));
#5294=CARTESIAN_POINT('Origin',(-0.16,0.82,-2.1));
#5295=CARTESIAN_POINT('',(1.35,1.76,-2.1));
#5296=CARTESIAN_POINT('',(1.35,1.845,-2.1));
#5297=CARTESIAN_POINT('',(1.1,1.51,-2.1));
#5298=CARTESIAN_POINT('Origin',(1.1,1.76,-2.1));
#5299=CARTESIAN_POINT('',(0.91,1.51,-2.1));
#5300=CARTESIAN_POINT('',(1.1,1.51,-2.1));
#5301=CARTESIAN_POINT('Origin',(0.91,1.01,-2.1));
#5302=CARTESIAN_POINT('Origin',(0.,-2.6,-2.1));
#5303=CARTESIAN_POINT('',(0.91,-1.17,-2.1));
#5304=CARTESIAN_POINT('Origin',(0.91,-0.67,-2.1));
#5305=CARTESIAN_POINT('',(1.1,-1.17,-2.1));
#5306=CARTESIAN_POINT('',(0.91,-1.17,-2.1));
#5307=CARTESIAN_POINT('',(1.35,-1.42,-2.1));
#5308=CARTESIAN_POINT('Origin',(1.1,-1.42,-2.1));
#5309=CARTESIAN_POINT('',(1.35,-1.505,-2.1));
#5310=CARTESIAN_POINT('',(1.35,-1.42,-2.1));
#5311=CARTESIAN_POINT('',(1.1,-1.755,-2.1));
#5312=CARTESIAN_POINT('Origin',(1.1,-1.505,-2.1));
#5313=CARTESIAN_POINT('',(-1.1,-1.755,-2.1));
#5314=CARTESIAN_POINT('',(1.1,-1.755,-2.1));
#5315=CARTESIAN_POINT('',(-1.35,-1.505,-2.1));
#5316=CARTESIAN_POINT('Origin',(-1.1,-1.505,-2.1));
#5317=CARTESIAN_POINT('',(-1.35,-1.42,-2.1));
#5318=CARTESIAN_POINT('',(-1.35,-1.505,-2.1));
#5319=CARTESIAN_POINT('',(-1.1,-1.17,-2.1));
#5320=CARTESIAN_POINT('Origin',(-1.1,-1.42,-2.1));
#5321=CARTESIAN_POINT('',(-0.91,-1.17,-2.1));
#5322=CARTESIAN_POINT('',(-1.1,-1.17,-2.1));
#5323=CARTESIAN_POINT('Origin',(-0.91,-0.67,-2.1));
#5324=CARTESIAN_POINT('',(-0.16,-0.23,-2.1));
#5325=CARTESIAN_POINT('Origin',(-0.16,-0.48,-2.1));
#5326=CARTESIAN_POINT('',(0.16,-0.23,-2.1));
#5327=CARTESIAN_POINT('Origin',(0.16,0.82,-2.1));
#5328=CARTESIAN_POINT('',(0.16,0.57,-2.1));
#5329=CARTESIAN_POINT('Origin',(-0.16,0.57,-2.1));
#5330=CARTESIAN_POINT('',(-0.16,0.57,-2.1));
#5331=CARTESIAN_POINT('Origin',(-0.16,0.82,-2.1));
#5332=CARTESIAN_POINT('Origin',(0.91,1.01,-3.1));
#5333=CARTESIAN_POINT('',(0.91,1.51,-3.1));
#5334=CARTESIAN_POINT('Origin',(1.1,1.51,-3.1));
#5335=CARTESIAN_POINT('',(1.1,1.51,-3.1));
#5336=CARTESIAN_POINT('Origin',(1.1,1.76,-3.1));
#5337=CARTESIAN_POINT('',(1.35,1.76,-3.1));
#5338=CARTESIAN_POINT('Origin',(1.35,1.845,-3.1));
#5339=CARTESIAN_POINT('Origin',(0.16,-0.23,-2.1));
#5340=CARTESIAN_POINT('',(-0.16,-0.23,-2.1));
#5341=CARTESIAN_POINT('Origin',(-0.16,-0.48,-2.1));
#5342=CARTESIAN_POINT('Origin',(-0.91,-0.67,-3.1));
#5343=CARTESIAN_POINT('',(-0.91,-1.17,-3.1));
#5344=CARTESIAN_POINT('Origin',(-1.1,-1.17,-3.1));
#5345=CARTESIAN_POINT('',(-1.1,-1.17,-3.1));
#5346=CARTESIAN_POINT('Origin',(-1.1,-1.42,-3.1));
#5347=CARTESIAN_POINT('',(-1.35,-1.42,-3.1));
#5348=CARTESIAN_POINT('Origin',(-1.35,-1.505,-3.1));
#5349=CARTESIAN_POINT('',(-1.35,-1.505,-3.1));
#5350=CARTESIAN_POINT('Origin',(-1.1,-1.505,-3.1));
#5351=CARTESIAN_POINT('',(-1.1,-1.755,-3.1));
#5352=CARTESIAN_POINT('Origin',(1.1,-1.755,-3.1));
#5353=CARTESIAN_POINT('',(1.1,-1.755,-3.1));
#5354=CARTESIAN_POINT('Origin',(1.1,-1.505,-3.1));
#5355=CARTESIAN_POINT('',(1.35,-1.505,-3.1));
#5356=CARTESIAN_POINT('Origin',(1.35,-1.42,-3.1));
#5357=CARTESIAN_POINT('',(1.35,-1.42,-3.1));
#5358=CARTESIAN_POINT('Origin',(1.1,-1.42,-3.1));
#5359=CARTESIAN_POINT('',(1.1,-1.17,-3.1));
#5360=CARTESIAN_POINT('Origin',(0.91,-1.17,-3.1));
#5361=CARTESIAN_POINT('',(0.91,-1.17,-3.1));
#5362=CARTESIAN_POINT('Origin',(0.91,-0.67,-3.1));
#5363=CARTESIAN_POINT('Origin',(-0.32,-2.6,4.207285894718));
#5364=CARTESIAN_POINT('',(-0.32,-5.77,4.02));
#5365=CARTESIAN_POINT('',(-0.32,-2.6,4.02));
#5366=CARTESIAN_POINT('',(-0.32,-5.77,4.207285894718));
#5367=CARTESIAN_POINT('',(-0.32,-5.77,4.207285894718));
#5368=CARTESIAN_POINT('',(-0.32,-2.6,4.207285894718));
#5369=CARTESIAN_POINT('Origin',(-0.22,-2.6,4.207285894718));
#5370=CARTESIAN_POINT('',(-0.236,-5.77,4.305997596152));
#5371=CARTESIAN_POINT('Origin',(-0.22,-5.77,4.207285894718));
#5372=CARTESIAN_POINT('',(-0.236,-2.6,4.305997596152));
#5373=CARTESIAN_POINT('Origin',(0.,-2.6,2.85));
#5374=CARTESIAN_POINT('',(0.236,-5.77,4.305997596152));
#5375=CARTESIAN_POINT('Origin',(0.,-5.77,2.85));
#5376=CARTESIAN_POINT('',(0.236,-2.6,4.305997596152));
#5377=CARTESIAN_POINT('Origin',(0.22,-2.6,4.207285894718));
#5378=CARTESIAN_POINT('',(0.32,-5.77,4.207285894718));
#5379=CARTESIAN_POINT('Origin',(0.22,-5.77,4.207285894718));
#5380=CARTESIAN_POINT('',(0.32,-2.6,4.207285894718));
#5381=CARTESIAN_POINT('Origin',(0.32,-2.6,4.02));
#5382=CARTESIAN_POINT('',(0.32,-5.77,4.02));
#5383=CARTESIAN_POINT('',(0.32,-5.77,4.02));
#5384=CARTESIAN_POINT('',(0.32,-2.6,4.02));
#5385=CARTESIAN_POINT('Origin',(1.17,-2.6,4.02));
#5386=CARTESIAN_POINT('',(1.17,-5.77,3.17));
#5387=CARTESIAN_POINT('Origin',(1.17,-5.77,4.02));
#5388=CARTESIAN_POINT('',(1.17,-2.6,3.17));
#5389=CARTESIAN_POINT('Origin',(1.357285894718,-2.6,3.17));
#5390=CARTESIAN_POINT('',(1.357285894718,-5.77,3.17));
#5391=CARTESIAN_POINT('',(1.357285894718,-5.77,3.17));
#5392=CARTESIAN_POINT('',(1.357285894718,-2.6,3.17));
#5393=CARTESIAN_POINT('Origin',(1.357285894718,-2.6,3.07));
#5394=CARTESIAN_POINT('',(1.455997596152,-5.77,3.086));
#5395=CARTESIAN_POINT('Origin',(1.357285894718,-5.77,3.07));
#5396=CARTESIAN_POINT('',(1.455997596152,-2.6,3.086));
#5397=CARTESIAN_POINT('Origin',(0.,-2.6,2.85));
#5398=CARTESIAN_POINT('',(1.455997596152,-5.77,2.614));
#5399=CARTESIAN_POINT('Origin',(0.,-5.77,2.85));
#5400=CARTESIAN_POINT('',(1.455997596152,-2.6,2.614));
#5401=CARTESIAN_POINT('Origin',(1.357285894718,-2.6,2.63));
#5402=CARTESIAN_POINT('',(1.357285894718,-5.77,2.53));
#5403=CARTESIAN_POINT('Origin',(1.357285894718,-5.77,2.63));
#5404=CARTESIAN_POINT('',(1.357285894718,-2.6,2.53));
#5405=CARTESIAN_POINT('Origin',(1.17,-2.6,2.53));
#5406=CARTESIAN_POINT('',(1.17,-5.77,2.53));
#5407=CARTESIAN_POINT('',(1.17,-5.77,2.53));
#5408=CARTESIAN_POINT('',(1.17,-2.6,2.53));
#5409=CARTESIAN_POINT('Origin',(1.17,-2.6,1.68));
#5410=CARTESIAN_POINT('',(0.32,-5.77,1.68));
#5411=CARTESIAN_POINT('Origin',(1.17,-5.77,1.68));
#5412=CARTESIAN_POINT('',(0.32,-2.6,1.68));
#5413=CARTESIAN_POINT('Origin',(0.32,-2.6,1.492714105282));
#5414=CARTESIAN_POINT('',(0.32,-5.77,1.492714105282));
#5415=CARTESIAN_POINT('',(0.32,-5.77,1.492714105282));
#5416=CARTESIAN_POINT('',(0.32,-2.6,1.492714105282));
#5417=CARTESIAN_POINT('Origin',(0.22,-2.6,1.492714105282));
#5418=CARTESIAN_POINT('',(0.236,-5.77,1.394002403848));
#5419=CARTESIAN_POINT('Origin',(0.22,-5.77,1.492714105282));
#5420=CARTESIAN_POINT('',(0.236,-2.6,1.394002403848));
#5421=CARTESIAN_POINT('Origin',(0.,-2.6,2.85));
#5422=CARTESIAN_POINT('',(-0.236,-5.77,1.394002403848));
#5423=CARTESIAN_POINT('Origin',(0.,-5.77,2.85));
#5424=CARTESIAN_POINT('',(-0.236,-2.6,1.394002403848));
#5425=CARTESIAN_POINT('Origin',(-0.22,-2.6,1.492714105282));
#5426=CARTESIAN_POINT('',(-0.32,-5.77,1.492714105282));
#5427=CARTESIAN_POINT('Origin',(-0.22,-5.77,1.492714105282));
#5428=CARTESIAN_POINT('',(-0.32,-2.6,1.492714105282));
#5429=CARTESIAN_POINT('Origin',(-0.32,-2.6,1.68));
#5430=CARTESIAN_POINT('',(-0.32,-5.77,1.68));
#5431=CARTESIAN_POINT('',(-0.32,-5.77,1.68));
#5432=CARTESIAN_POINT('',(-0.32,-2.6,1.68));
#5433=CARTESIAN_POINT('Origin',(-1.17,-2.6,1.68));
#5434=CARTESIAN_POINT('',(-1.17,-5.77,2.53));
#5435=CARTESIAN_POINT('Origin',(-1.17,-5.77,1.68));
#5436=CARTESIAN_POINT('',(-1.17,-2.6,2.53));
#5437=CARTESIAN_POINT('Origin',(-1.357285894718,-2.6,2.53));
#5438=CARTESIAN_POINT('',(-1.357285894718,-5.77,2.53));
#5439=CARTESIAN_POINT('',(-1.357285894718,-5.77,2.53));
#5440=CARTESIAN_POINT('',(-1.357285894718,-2.6,2.53));
#5441=CARTESIAN_POINT('Origin',(-1.357285894718,-2.6,2.63));
#5442=CARTESIAN_POINT('',(-1.455997596152,-5.77,2.614));
#5443=CARTESIAN_POINT('Origin',(-1.357285894718,-5.77,2.63));
#5444=CARTESIAN_POINT('',(-1.455997596152,-2.6,2.614));
#5445=CARTESIAN_POINT('Origin',(0.,-2.6,2.85));
#5446=CARTESIAN_POINT('',(-1.455997596152,-5.77,3.086));
#5447=CARTESIAN_POINT('Origin',(0.,-5.77,2.85));
#5448=CARTESIAN_POINT('',(-1.455997596152,-2.6,3.086));
#5449=CARTESIAN_POINT('Origin',(-1.357285894718,-2.6,3.07));
#5450=CARTESIAN_POINT('',(-1.357285894718,-5.77,3.17));
#5451=CARTESIAN_POINT('Origin',(-1.357285894718,-5.77,3.07));
#5452=CARTESIAN_POINT('',(-1.357285894718,-2.6,3.17));
#5453=CARTESIAN_POINT('Origin',(-1.17,-2.6,3.17));
#5454=CARTESIAN_POINT('',(-1.17,-5.77,3.17));
#5455=CARTESIAN_POINT('',(-1.17,-5.77,3.17));
#5456=CARTESIAN_POINT('',(-1.17,-2.6,3.17));
#5457=CARTESIAN_POINT('Origin',(-1.17,-2.6,4.02));
#5458=CARTESIAN_POINT('Origin',(-1.17,-5.77,4.02));
#5459=CARTESIAN_POINT('Origin',(0.,-5.77,0.));
#5460=UNCERTAINTY_MEASURE_WITH_UNIT(LENGTH_MEASURE(0.01),#5464,
'DISTANCE_ACCURACY_VALUE',
'Maximum model space distance between geometric entities at asserted c
onnectivities');
#5461=UNCERTAINTY_MEASURE_WITH_UNIT(LENGTH_MEASURE(0.01),#5464,
'DISTANCE_ACCURACY_VALUE',
'Maximum model space distance between geometric entities at asserted c
onnectivities');
#5462=(
GEOMETRIC_REPRESENTATION_CONTEXT(3)
GLOBAL_UNCERTAINTY_ASSIGNED_CONTEXT((#5460))
GLOBAL_UNIT_ASSIGNED_CONTEXT((#5464,#5466,#5467))
REPRESENTATION_CONTEXT('','3D')
);
#5463=(
GEOMETRIC_REPRESENTATION_CONTEXT(3)
GLOBAL_UNCERTAINTY_ASSIGNED_CONTEXT((#5461))
GLOBAL_UNIT_ASSIGNED_CONTEXT((#5464,#5466,#5467))
REPRESENTATION_CONTEXT('','3D')
);
#5464=(
LENGTH_UNIT()
NAMED_UNIT(*)
SI_UNIT(.MILLI.,.METRE.)
);
#5465=(
LENGTH_UNIT()
NAMED_UNIT(*)
SI_UNIT($,.METRE.)
);
#5466=(
NAMED_UNIT(*)
PLANE_ANGLE_UNIT()
SI_UNIT($,.RADIAN.)
);
#5467=(
NAMED_UNIT(*)
SI_UNIT($,.STERADIAN.)
SOLID_ANGLE_UNIT()
);
#5468=SHAPE_DEFINITION_REPRESENTATION(#5469,#5470);
#5469=PRODUCT_DEFINITION_SHAPE('',$,#5472);
#5470=SHAPE_REPRESENTATION('',(#3300),#5462);
#5471=PRODUCT_DEFINITION_CONTEXT('part definition',#5476,'design');
#5472=PRODUCT_DEFINITION('1723101102',
'MOLEX_ULTRAFIT-RA-2POS_OUT_1723101302 v1',#5473,#5471);
#5473=PRODUCT_DEFINITION_FORMATION('',$,#5478);
#5474=PRODUCT_RELATED_PRODUCT_CATEGORY(
'MOLEX_ULTRAFIT-RA-2POS_OUT_1723101302 v1',
'MOLEX_ULTRAFIT-RA-2POS_OUT_1723101302 v1',(#5478));
#5475=APPLICATION_PROTOCOL_DEFINITION('international standard',
'ap242_managed_model_based_3d_engineering',2011,#5476);
#5476=APPLICATION_CONTEXT('Managed model based 3d engineering');
#5477=PRODUCT_CONTEXT('part definition',#5476,'mechanical');
#5478=PRODUCT('1723101102','MOLEX_ULTRAFIT-RA-2POS_OUT_1723101302 v1',$,
(#5477));
#5479=PRESENTATION_STYLE_ASSIGNMENT((#5481));
#5480=PRESENTATION_STYLE_ASSIGNMENT((#5482));
#5481=SURFACE_STYLE_USAGE(.BOTH.,#5483);
#5482=SURFACE_STYLE_USAGE(.BOTH.,#5484);
#5483=SURFACE_SIDE_STYLE('',(#5485));
#5484=SURFACE_SIDE_STYLE('',(#5486));
#5485=SURFACE_STYLE_FILL_AREA(#5487);
#5486=SURFACE_STYLE_FILL_AREA(#5488);
#5487=FILL_AREA_STYLE('Steel - Satin',(#5489));
#5488=FILL_AREA_STYLE(
'EPX 150 - Air Baked (with Carbon M2 M3 L1 3D Printers)',(#5490));
#5489=FILL_AREA_STYLE_COLOUR('Steel - Satin',#5491);
#5490=FILL_AREA_STYLE_COLOUR(
'EPX 150 - Air Baked (with Carbon M2 M3 L1 3D Printers)',#5492);
#5491=COLOUR_RGB('Steel - Satin',0.627450980392157,0.627450980392157,0.627450980392157);
#5492=COLOUR_RGB(
'EPX 150 - Air Baked (with Carbon M2 M3 L1 3D Printers)',0.247058823529412,
0.247058823529412,0.247058823529412);
ENDSEC;
END-ISO-10303-21;
