ISO-10303-21;
HEADER;
/* Generated by software containing ST-Developer
 * from STEP Tools, Inc. (www.steptools.com) 
 */

FILE_DESCRIPTION(
/* description */ ('STEP AP242',
'CAx-IF Rec.Pracs.---Representation and Presentation of Product Manufa
cturing Information (PMI)---4.0---2014-10-13'),
/* implementation_level */ '2;1');

FILE_NAME(
/* name */ 'MOLEX-MICROFIT-RA-5POS-0436500500.step',
/* time_stamp */ '2025-02-04T16:39:23-06:00',
/* author */ (''),
/* organization */ (''),
/* preprocessor_version */ 'ST-DEVELOPER v20',
/* originating_system */ 'Autodesk Translation Framework v13.20.0.188',

/* authorisation */ '');

FILE_SCHEMA (('AP242_MANAGED_MODEL_BASED_3D_ENGINEERING_MIM_LF { 1 0 10303 442 1 1 4 }'));
ENDSEC;

DATA;
#10=MECHANICAL_DESIGN_GEOMETRIC_PRESENTATION_REPRESENTATION('',(#13),#5052);
#11=SHAPE_REPRESENTATION_RELATIONSHIP('SRR','None',#5059,#12);
#12=ADVANCED_BREP_SHAPE_REPRESENTATION('',(#14),#5051);
#13=STYLED_ITEM('',(#5069),#14);
#14=MANIFOLD_SOLID_BREP('Body1',#3160);
#15=FACE_BOUND('',#1228,.T.);
#16=FACE_BOUND('',#1229,.T.);
#17=FACE_BOUND('',#1230,.T.);
#18=FACE_BOUND('',#1231,.T.);
#19=FACE_BOUND('',#1232,.T.);
#20=FACE_BOUND('',#1233,.T.);
#21=FACE_BOUND('',#1234,.T.);
#22=FACE_BOUND('',#1239,.T.);
#23=FACE_BOUND('',#1240,.T.);
#24=FACE_BOUND('',#1241,.T.);
#25=FACE_BOUND('',#1242,.T.);
#26=FACE_BOUND('',#1243,.T.);
#27=FACE_BOUND('',#1245,.T.);
#28=FACE_BOUND('',#1279,.T.);
#29=FACE_BOUND('',#1285,.T.);
#30=FACE_BOUND('',#1292,.T.);
#31=FACE_BOUND('',#1298,.T.);
#32=FACE_BOUND('',#1305,.T.);
#33=PLANE('',#3192);
#34=PLANE('',#3193);
#35=PLANE('',#3194);
#36=PLANE('',#3195);
#37=PLANE('',#3196);
#38=PLANE('',#3197);
#39=PLANE('',#3198);
#40=PLANE('',#3199);
#41=PLANE('',#3200);
#42=PLANE('',#3201);
#43=PLANE('',#3202);
#44=PLANE('',#3203);
#45=PLANE('',#3204);
#46=PLANE('',#3205);
#47=PLANE('',#3206);
#48=PLANE('',#3207);
#49=PLANE('',#3208);
#50=PLANE('',#3209);
#51=PLANE('',#3210);
#52=PLANE('',#3211);
#53=PLANE('',#3212);
#54=PLANE('',#3213);
#55=PLANE('',#3214);
#56=PLANE('',#3215);
#57=PLANE('',#3216);
#58=PLANE('',#3217);
#59=PLANE('',#3218);
#60=PLANE('',#3219);
#61=PLANE('',#3220);
#62=PLANE('',#3221);
#63=PLANE('',#3222);
#64=PLANE('',#3223);
#65=PLANE('',#3224);
#66=PLANE('',#3225);
#67=PLANE('',#3226);
#68=PLANE('',#3227);
#69=PLANE('',#3228);
#70=PLANE('',#3229);
#71=PLANE('',#3230);
#72=PLANE('',#3231);
#73=PLANE('',#3232);
#74=PLANE('',#3233);
#75=PLANE('',#3234);
#76=PLANE('',#3235);
#77=PLANE('',#3236);
#78=PLANE('',#3237);
#79=PLANE('',#3238);
#80=PLANE('',#3239);
#81=PLANE('',#3240);
#82=PLANE('',#3241);
#83=PLANE('',#3242);
#84=PLANE('',#3243);
#85=PLANE('',#3244);
#86=PLANE('',#3245);
#87=PLANE('',#3246);
#88=PLANE('',#3247);
#89=PLANE('',#3248);
#90=PLANE('',#3249);
#91=PLANE('',#3250);
#92=PLANE('',#3251);
#93=PLANE('',#3252);
#94=PLANE('',#3253);
#95=PLANE('',#3254);
#96=PLANE('',#3255);
#97=PLANE('',#3256);
#98=PLANE('',#3257);
#99=PLANE('',#3258);
#100=PLANE('',#3259);
#101=PLANE('',#3260);
#102=PLANE('',#3261);
#103=PLANE('',#3262);
#104=PLANE('',#3263);
#105=PLANE('',#3264);
#106=PLANE('',#3265);
#107=PLANE('',#3266);
#108=PLANE('',#3267);
#109=PLANE('',#3268);
#110=PLANE('',#3269);
#111=PLANE('',#3270);
#112=PLANE('',#3271);
#113=PLANE('',#3272);
#114=PLANE('',#3273);
#115=PLANE('',#3274);
#116=PLANE('',#3275);
#117=PLANE('',#3276);
#118=PLANE('',#3277);
#119=PLANE('',#3278);
#120=PLANE('',#3279);
#121=PLANE('',#3280);
#122=PLANE('',#3281);
#123=PLANE('',#3282);
#124=PLANE('',#3283);
#125=PLANE('',#3284);
#126=PLANE('',#3285);
#127=PLANE('',#3286);
#128=PLANE('',#3287);
#129=PLANE('',#3288);
#130=PLANE('',#3289);
#131=PLANE('',#3290);
#132=PLANE('',#3291);
#133=PLANE('',#3292);
#134=PLANE('',#3293);
#135=PLANE('',#3294);
#136=PLANE('',#3295);
#137=PLANE('',#3296);
#138=PLANE('',#3297);
#139=PLANE('',#3298);
#140=PLANE('',#3299);
#141=PLANE('',#3300);
#142=PLANE('',#3301);
#143=PLANE('',#3302);
#144=PLANE('',#3303);
#145=PLANE('',#3304);
#146=PLANE('',#3305);
#147=PLANE('',#3306);
#148=PLANE('',#3307);
#149=PLANE('',#3308);
#150=PLANE('',#3309);
#151=PLANE('',#3310);
#152=PLANE('',#3311);
#153=PLANE('',#3312);
#154=PLANE('',#3313);
#155=PLANE('',#3314);
#156=PLANE('',#3315);
#157=PLANE('',#3316);
#158=PLANE('',#3317);
#159=PLANE('',#3318);
#160=PLANE('',#3319);
#161=PLANE('',#3320);
#162=PLANE('',#3321);
#163=PLANE('',#3322);
#164=PLANE('',#3323);
#165=PLANE('',#3324);
#166=PLANE('',#3325);
#167=PLANE('',#3326);
#168=PLANE('',#3327);
#169=PLANE('',#3328);
#170=PLANE('',#3329);
#171=PLANE('',#3330);
#172=PLANE('',#3331);
#173=PLANE('',#3332);
#174=PLANE('',#3333);
#175=PLANE('',#3334);
#176=PLANE('',#3335);
#177=PLANE('',#3336);
#178=PLANE('',#3337);
#179=PLANE('',#3338);
#180=PLANE('',#3339);
#181=PLANE('',#3340);
#182=PLANE('',#3341);
#183=PLANE('',#3342);
#184=PLANE('',#3343);
#185=PLANE('',#3344);
#186=PLANE('',#3345);
#187=PLANE('',#3346);
#188=PLANE('',#3347);
#189=PLANE('',#3348);
#190=PLANE('',#3349);
#191=PLANE('',#3350);
#192=PLANE('',#3351);
#193=PLANE('',#3352);
#194=PLANE('',#3353);
#195=PLANE('',#3354);
#196=PLANE('',#3355);
#197=PLANE('',#3356);
#198=PLANE('',#3357);
#199=PLANE('',#3358);
#200=PLANE('',#3359);
#201=PLANE('',#3360);
#202=PLANE('',#3361);
#203=PLANE('',#3362);
#204=PLANE('',#3363);
#205=PLANE('',#3364);
#206=PLANE('',#3365);
#207=PLANE('',#3366);
#208=LINE('',#4185,#619);
#209=LINE('',#4188,#620);
#210=LINE('',#4193,#621);
#211=LINE('',#4194,#622);
#212=LINE('',#4200,#623);
#213=LINE('',#4205,#624);
#214=LINE('',#4211,#625);
#215=LINE('',#4215,#626);
#216=LINE('',#4230,#627);
#217=LINE('',#4232,#628);
#218=LINE('',#4234,#629);
#219=LINE('',#4236,#630);
#220=LINE('',#4238,#631);
#221=LINE('',#4240,#632);
#222=LINE('',#4242,#633);
#223=LINE('',#4244,#634);
#224=LINE('',#4246,#635);
#225=LINE('',#4247,#636);
#226=LINE('',#4249,#637);
#227=LINE('',#4250,#638);
#228=LINE('',#4252,#639);
#229=LINE('',#4253,#640);
#230=LINE('',#4256,#641);
#231=LINE('',#4258,#642);
#232=LINE('',#4259,#643);
#233=LINE('',#4262,#644);
#234=LINE('',#4264,#645);
#235=LINE('',#4266,#646);
#236=LINE('',#4267,#647);
#237=LINE('',#4271,#648);
#238=LINE('',#4273,#649);
#239=LINE('',#4275,#650);
#240=LINE('',#4277,#651);
#241=LINE('',#4279,#652);
#242=LINE('',#4281,#653);
#243=LINE('',#4283,#654);
#244=LINE('',#4285,#655);
#245=LINE('',#4287,#656);
#246=LINE('',#4288,#657);
#247=LINE('',#4291,#658);
#248=LINE('',#4293,#659);
#249=LINE('',#4295,#660);
#250=LINE('',#4296,#661);
#251=LINE('',#4299,#662);
#252=LINE('',#4301,#663);
#253=LINE('',#4303,#664);
#254=LINE('',#4304,#665);
#255=LINE('',#4307,#666);
#256=LINE('',#4309,#667);
#257=LINE('',#4311,#668);
#258=LINE('',#4312,#669);
#259=LINE('',#4315,#670);
#260=LINE('',#4317,#671);
#261=LINE('',#4319,#672);
#262=LINE('',#4320,#673);
#263=LINE('',#4323,#674);
#264=LINE('',#4325,#675);
#265=LINE('',#4327,#676);
#266=LINE('',#4328,#677);
#267=LINE('',#4330,#678);
#268=LINE('',#4332,#679);
#269=LINE('',#4333,#680);
#270=LINE('',#4336,#681);
#271=LINE('',#4338,#682);
#272=LINE('',#4340,#683);
#273=LINE('',#4341,#684);
#274=LINE('',#4345,#685);
#275=LINE('',#4347,#686);
#276=LINE('',#4349,#687);
#277=LINE('',#4350,#688);
#278=LINE('',#4354,#689);
#279=LINE('',#4356,#690);
#280=LINE('',#4358,#691);
#281=LINE('',#4359,#692);
#282=LINE('',#4363,#693);
#283=LINE('',#4365,#694);
#284=LINE('',#4367,#695);
#285=LINE('',#4369,#696);
#286=LINE('',#4371,#697);
#287=LINE('',#4372,#698);
#288=LINE('',#4373,#699);
#289=LINE('',#4375,#700);
#290=LINE('',#4377,#701);
#291=LINE('',#4378,#702);
#292=LINE('',#4380,#703);
#293=LINE('',#4381,#704);
#294=LINE('',#4384,#705);
#295=LINE('',#4386,#706);
#296=LINE('',#4388,#707);
#297=LINE('',#4390,#708);
#298=LINE('',#4391,#709);
#299=LINE('',#4394,#710);
#300=LINE('',#4396,#711);
#301=LINE('',#4398,#712);
#302=LINE('',#4399,#713);
#303=LINE('',#4402,#714);
#304=LINE('',#4404,#715);
#305=LINE('',#4406,#716);
#306=LINE('',#4408,#717);
#307=LINE('',#4409,#718);
#308=LINE('',#4412,#719);
#309=LINE('',#4414,#720);
#310=LINE('',#4416,#721);
#311=LINE('',#4417,#722);
#312=LINE('',#4420,#723);
#313=LINE('',#4422,#724);
#314=LINE('',#4424,#725);
#315=LINE('',#4426,#726);
#316=LINE('',#4427,#727);
#317=LINE('',#4430,#728);
#318=LINE('',#4431,#729);
#319=LINE('',#4434,#730);
#320=LINE('',#4436,#731);
#321=LINE('',#4438,#732);
#322=LINE('',#4439,#733);
#323=LINE('',#4443,#734);
#324=LINE('',#4445,#735);
#325=LINE('',#4447,#736);
#326=LINE('',#4448,#737);
#327=LINE('',#4450,#738);
#328=LINE('',#4451,#739);
#329=LINE('',#4454,#740);
#330=LINE('',#4455,#741);
#331=LINE('',#4457,#742);
#332=LINE('',#4458,#743);
#333=LINE('',#4461,#744);
#334=LINE('',#4463,#745);
#335=LINE('',#4464,#746);
#336=LINE('',#4467,#747);
#337=LINE('',#4469,#748);
#338=LINE('',#4470,#749);
#339=LINE('',#4472,#750);
#340=LINE('',#4473,#751);
#341=LINE('',#4477,#752);
#342=LINE('',#4478,#753);
#343=LINE('',#4480,#754);
#344=LINE('',#4481,#755);
#345=LINE('',#4484,#756);
#346=LINE('',#4486,#757);
#347=LINE('',#4487,#758);
#348=LINE('',#4489,#759);
#349=LINE('',#4490,#760);
#350=LINE('',#4495,#761);
#351=LINE('',#4497,#762);
#352=LINE('',#4498,#763);
#353=LINE('',#4500,#764);
#354=LINE('',#4501,#765);
#355=LINE('',#4506,#766);
#356=LINE('',#4508,#767);
#357=LINE('',#4509,#768);
#358=LINE('',#4511,#769);
#359=LINE('',#4512,#770);
#360=LINE('',#4514,#771);
#361=LINE('',#4518,#772);
#362=LINE('',#4519,#773);
#363=LINE('',#4522,#774);
#364=LINE('',#4523,#775);
#365=LINE('',#4525,#776);
#366=LINE('',#4526,#777);
#367=LINE('',#4532,#778);
#368=LINE('',#4534,#779);
#369=LINE('',#4535,#780);
#370=LINE('',#4538,#781);
#371=LINE('',#4539,#782);
#372=LINE('',#4542,#783);
#373=LINE('',#4543,#784);
#374=LINE('',#4546,#785);
#375=LINE('',#4547,#786);
#376=LINE('',#4549,#787);
#377=LINE('',#4553,#788);
#378=LINE('',#4555,#789);
#379=LINE('',#4557,#790);
#380=LINE('',#4558,#791);
#381=LINE('',#4561,#792);
#382=LINE('',#4563,#793);
#383=LINE('',#4564,#794);
#384=LINE('',#4567,#795);
#385=LINE('',#4568,#796);
#386=LINE('',#4571,#797);
#387=LINE('',#4572,#798);
#388=LINE('',#4574,#799);
#389=LINE('',#4578,#800);
#390=LINE('',#4580,#801);
#391=LINE('',#4582,#802);
#392=LINE('',#4583,#803);
#393=LINE('',#4586,#804);
#394=LINE('',#4588,#805);
#395=LINE('',#4589,#806);
#396=LINE('',#4592,#807);
#397=LINE('',#4593,#808);
#398=LINE('',#4596,#809);
#399=LINE('',#4597,#810);
#400=LINE('',#4600,#811);
#401=LINE('',#4601,#812);
#402=LINE('',#4603,#813);
#403=LINE('',#4607,#814);
#404=LINE('',#4609,#815);
#405=LINE('',#4611,#816);
#406=LINE('',#4612,#817);
#407=LINE('',#4615,#818);
#408=LINE('',#4617,#819);
#409=LINE('',#4618,#820);
#410=LINE('',#4621,#821);
#411=LINE('',#4622,#822);
#412=LINE('',#4625,#823);
#413=LINE('',#4626,#824);
#414=LINE('',#4628,#825);
#415=LINE('',#4632,#826);
#416=LINE('',#4634,#827);
#417=LINE('',#4636,#828);
#418=LINE('',#4637,#829);
#419=LINE('',#4640,#830);
#420=LINE('',#4642,#831);
#421=LINE('',#4643,#832);
#422=LINE('',#4646,#833);
#423=LINE('',#4647,#834);
#424=LINE('',#4650,#835);
#425=LINE('',#4651,#836);
#426=LINE('',#4654,#837);
#427=LINE('',#4655,#838);
#428=LINE('',#4657,#839);
#429=LINE('',#4661,#840);
#430=LINE('',#4663,#841);
#431=LINE('',#4665,#842);
#432=LINE('',#4666,#843);
#433=LINE('',#4668,#844);
#434=LINE('',#4670,#845);
#435=LINE('',#4671,#846);
#436=LINE('',#4674,#847);
#437=LINE('',#4676,#848);
#438=LINE('',#4677,#849);
#439=LINE('',#4679,#850);
#440=LINE('',#4681,#851);
#441=LINE('',#4683,#852);
#442=LINE('',#4685,#853);
#443=LINE('',#4687,#854);
#444=LINE('',#4688,#855);
#445=LINE('',#4689,#856);
#446=LINE('',#4693,#857);
#447=LINE('',#4695,#858);
#448=LINE('',#4696,#859);
#449=LINE('',#4698,#860);
#450=LINE('',#4699,#861);
#451=LINE('',#4705,#862);
#452=LINE('',#4707,#863);
#453=LINE('',#4709,#864);
#454=LINE('',#4710,#865);
#455=LINE('',#4713,#866);
#456=LINE('',#4715,#867);
#457=LINE('',#4716,#868);
#458=LINE('',#4719,#869);
#459=LINE('',#4721,#870);
#460=LINE('',#4722,#871);
#461=LINE('',#4724,#872);
#462=LINE('',#4726,#873);
#463=LINE('',#4729,#874);
#464=LINE('',#4731,#875);
#465=LINE('',#4732,#876);
#466=LINE('',#4735,#877);
#467=LINE('',#4737,#878);
#468=LINE('',#4738,#879);
#469=LINE('',#4740,#880);
#470=LINE('',#4744,#881);
#471=LINE('',#4746,#882);
#472=LINE('',#4748,#883);
#473=LINE('',#4749,#884);
#474=LINE('',#4751,#885);
#475=LINE('',#4753,#886);
#476=LINE('',#4754,#887);
#477=LINE('',#4756,#888);
#478=LINE('',#4758,#889);
#479=LINE('',#4761,#890);
#480=LINE('',#4762,#891);
#481=LINE('',#4764,#892);
#482=LINE('',#4766,#893);
#483=LINE('',#4771,#894);
#484=LINE('',#4773,#895);
#485=LINE('',#4775,#896);
#486=LINE('',#4776,#897);
#487=LINE('',#4779,#898);
#488=LINE('',#4781,#899);
#489=LINE('',#4782,#900);
#490=LINE('',#4785,#901);
#491=LINE('',#4787,#902);
#492=LINE('',#4788,#903);
#493=LINE('',#4790,#904);
#494=LINE('',#4792,#905);
#495=LINE('',#4795,#906);
#496=LINE('',#4797,#907);
#497=LINE('',#4798,#908);
#498=LINE('',#4801,#909);
#499=LINE('',#4803,#910);
#500=LINE('',#4804,#911);
#501=LINE('',#4806,#912);
#502=LINE('',#4810,#913);
#503=LINE('',#4812,#914);
#504=LINE('',#4814,#915);
#505=LINE('',#4815,#916);
#506=LINE('',#4817,#917);
#507=LINE('',#4819,#918);
#508=LINE('',#4820,#919);
#509=LINE('',#4822,#920);
#510=LINE('',#4824,#921);
#511=LINE('',#4827,#922);
#512=LINE('',#4828,#923);
#513=LINE('',#4830,#924);
#514=LINE('',#4832,#925);
#515=LINE('',#4837,#926);
#516=LINE('',#4839,#927);
#517=LINE('',#4841,#928);
#518=LINE('',#4842,#929);
#519=LINE('',#4845,#930);
#520=LINE('',#4847,#931);
#521=LINE('',#4848,#932);
#522=LINE('',#4851,#933);
#523=LINE('',#4853,#934);
#524=LINE('',#4854,#935);
#525=LINE('',#4856,#936);
#526=LINE('',#4858,#937);
#527=LINE('',#4861,#938);
#528=LINE('',#4863,#939);
#529=LINE('',#4864,#940);
#530=LINE('',#4867,#941);
#531=LINE('',#4869,#942);
#532=LINE('',#4870,#943);
#533=LINE('',#4872,#944);
#534=LINE('',#4876,#945);
#535=LINE('',#4878,#946);
#536=LINE('',#4880,#947);
#537=LINE('',#4881,#948);
#538=LINE('',#4883,#949);
#539=LINE('',#4885,#950);
#540=LINE('',#4886,#951);
#541=LINE('',#4888,#952);
#542=LINE('',#4890,#953);
#543=LINE('',#4893,#954);
#544=LINE('',#4894,#955);
#545=LINE('',#4896,#956);
#546=LINE('',#4898,#957);
#547=LINE('',#4903,#958);
#548=LINE('',#4905,#959);
#549=LINE('',#4907,#960);
#550=LINE('',#4908,#961);
#551=LINE('',#4911,#962);
#552=LINE('',#4913,#963);
#553=LINE('',#4914,#964);
#554=LINE('',#4917,#965);
#555=LINE('',#4919,#966);
#556=LINE('',#4920,#967);
#557=LINE('',#4922,#968);
#558=LINE('',#4924,#969);
#559=LINE('',#4927,#970);
#560=LINE('',#4929,#971);
#561=LINE('',#4930,#972);
#562=LINE('',#4933,#973);
#563=LINE('',#4935,#974);
#564=LINE('',#4936,#975);
#565=LINE('',#4938,#976);
#566=LINE('',#4942,#977);
#567=LINE('',#4944,#978);
#568=LINE('',#4946,#979);
#569=LINE('',#4947,#980);
#570=LINE('',#4949,#981);
#571=LINE('',#4951,#982);
#572=LINE('',#4952,#983);
#573=LINE('',#4954,#984);
#574=LINE('',#4956,#985);
#575=LINE('',#4959,#986);
#576=LINE('',#4960,#987);
#577=LINE('',#4962,#988);
#578=LINE('',#4964,#989);
#579=LINE('',#4969,#990);
#580=LINE('',#4971,#991);
#581=LINE('',#4973,#992);
#582=LINE('',#4974,#993);
#583=LINE('',#4977,#994);
#584=LINE('',#4979,#995);
#585=LINE('',#4980,#996);
#586=LINE('',#4983,#997);
#587=LINE('',#4985,#998);
#588=LINE('',#4986,#999);
#589=LINE('',#4988,#1000);
#590=LINE('',#4990,#1001);
#591=LINE('',#4993,#1002);
#592=LINE('',#4995,#1003);
#593=LINE('',#4996,#1004);
#594=LINE('',#4999,#1005);
#595=LINE('',#5001,#1006);
#596=LINE('',#5002,#1007);
#597=LINE('',#5004,#1008);
#598=LINE('',#5008,#1009);
#599=LINE('',#5010,#1010);
#600=LINE('',#5012,#1011);
#601=LINE('',#5013,#1012);
#602=LINE('',#5015,#1013);
#603=LINE('',#5017,#1014);
#604=LINE('',#5018,#1015);
#605=LINE('',#5020,#1016);
#606=LINE('',#5022,#1017);
#607=LINE('',#5025,#1018);
#608=LINE('',#5026,#1019);
#609=LINE('',#5028,#1020);
#610=LINE('',#5030,#1021);
#611=LINE('',#5033,#1022);
#612=LINE('',#5034,#1023);
#613=LINE('',#5036,#1024);
#614=LINE('',#5037,#1025);
#615=LINE('',#5039,#1026);
#616=LINE('',#5041,#1027);
#617=LINE('',#5045,#1028);
#618=LINE('',#5047,#1029);
#619=VECTOR('',#3379,1.);
#620=VECTOR('',#3382,1.);
#621=VECTOR('',#3387,1.);
#622=VECTOR('',#3388,1.);
#623=VECTOR('',#3393,1.);
#624=VECTOR('',#3398,1.);
#625=VECTOR('',#3403,1.);
#626=VECTOR('',#3406,1.);
#627=VECTOR('',#3415,1.);
#628=VECTOR('',#3416,1.);
#629=VECTOR('',#3417,1.);
#630=VECTOR('',#3418,1.);
#631=VECTOR('',#3419,1.);
#632=VECTOR('',#3420,1.);
#633=VECTOR('',#3421,1.);
#634=VECTOR('',#3422,1.);
#635=VECTOR('',#3423,1.);
#636=VECTOR('',#3424,1.);
#637=VECTOR('',#3427,1.);
#638=VECTOR('',#3428,1.);
#639=VECTOR('',#3431,1.);
#640=VECTOR('',#3432,1.);
#641=VECTOR('',#3437,1.);
#642=VECTOR('',#3438,1.);
#643=VECTOR('',#3439,1.);
#644=VECTOR('',#3442,1.);
#645=VECTOR('',#3443,1.);
#646=VECTOR('',#3444,1.);
#647=VECTOR('',#3445,1.);
#648=VECTOR('',#3448,1.);
#649=VECTOR('',#3449,1.);
#650=VECTOR('',#3450,1.);
#651=VECTOR('',#3451,1.);
#652=VECTOR('',#3452,1.);
#653=VECTOR('',#3453,1.);
#654=VECTOR('',#3454,1.);
#655=VECTOR('',#3455,1.);
#656=VECTOR('',#3456,1.);
#657=VECTOR('',#3457,1.);
#658=VECTOR('',#3458,1.);
#659=VECTOR('',#3459,1.);
#660=VECTOR('',#3460,1.);
#661=VECTOR('',#3461,1.);
#662=VECTOR('',#3462,1.);
#663=VECTOR('',#3463,1.);
#664=VECTOR('',#3464,1.);
#665=VECTOR('',#3465,1.);
#666=VECTOR('',#3466,1.);
#667=VECTOR('',#3467,1.);
#668=VECTOR('',#3468,1.);
#669=VECTOR('',#3469,1.);
#670=VECTOR('',#3470,1.);
#671=VECTOR('',#3471,1.);
#672=VECTOR('',#3472,1.);
#673=VECTOR('',#3473,1.);
#674=VECTOR('',#3474,1.);
#675=VECTOR('',#3475,1.);
#676=VECTOR('',#3476,1.);
#677=VECTOR('',#3477,1.);
#678=VECTOR('',#3478,1.);
#679=VECTOR('',#3479,1.);
#680=VECTOR('',#3480,1.);
#681=VECTOR('',#3481,1.);
#682=VECTOR('',#3482,1.);
#683=VECTOR('',#3483,1.);
#684=VECTOR('',#3484,1.);
#685=VECTOR('',#3487,1.);
#686=VECTOR('',#3488,1.);
#687=VECTOR('',#3489,1.);
#688=VECTOR('',#3490,1.);
#689=VECTOR('',#3493,1.);
#690=VECTOR('',#3494,1.);
#691=VECTOR('',#3495,1.);
#692=VECTOR('',#3496,1.);
#693=VECTOR('',#3499,1.);
#694=VECTOR('',#3500,1.);
#695=VECTOR('',#3501,1.);
#696=VECTOR('',#3502,1.);
#697=VECTOR('',#3503,1.);
#698=VECTOR('',#3504,1.);
#699=VECTOR('',#3505,1.);
#700=VECTOR('',#3508,1.);
#701=VECTOR('',#3509,1.);
#702=VECTOR('',#3510,1.);
#703=VECTOR('',#3511,1.);
#704=VECTOR('',#3512,1.);
#705=VECTOR('',#3513,1.);
#706=VECTOR('',#3514,1.);
#707=VECTOR('',#3515,1.);
#708=VECTOR('',#3516,1.);
#709=VECTOR('',#3517,1.);
#710=VECTOR('',#3518,1.);
#711=VECTOR('',#3519,1.);
#712=VECTOR('',#3520,1.);
#713=VECTOR('',#3521,1.);
#714=VECTOR('',#3522,1.);
#715=VECTOR('',#3523,1.);
#716=VECTOR('',#3524,1.);
#717=VECTOR('',#3525,1.);
#718=VECTOR('',#3526,1.);
#719=VECTOR('',#3527,1.);
#720=VECTOR('',#3528,1.);
#721=VECTOR('',#3529,1.);
#722=VECTOR('',#3530,1.);
#723=VECTOR('',#3531,1.);
#724=VECTOR('',#3532,1.);
#725=VECTOR('',#3533,1.);
#726=VECTOR('',#3534,1.);
#727=VECTOR('',#3535,1.);
#728=VECTOR('',#3538,1.);
#729=VECTOR('',#3539,1.);
#730=VECTOR('',#3540,1.);
#731=VECTOR('',#3541,1.);
#732=VECTOR('',#3542,1.);
#733=VECTOR('',#3543,1.);
#734=VECTOR('',#3546,1.);
#735=VECTOR('',#3547,1.);
#736=VECTOR('',#3548,1.);
#737=VECTOR('',#3549,1.);
#738=VECTOR('',#3550,1.);
#739=VECTOR('',#3551,1.);
#740=VECTOR('',#3554,1.);
#741=VECTOR('',#3555,1.);
#742=VECTOR('',#3556,1.);
#743=VECTOR('',#3557,1.);
#744=VECTOR('',#3560,1.);
#745=VECTOR('',#3561,1.);
#746=VECTOR('',#3562,1.);
#747=VECTOR('',#3565,1.);
#748=VECTOR('',#3566,1.);
#749=VECTOR('',#3567,1.);
#750=VECTOR('',#3570,1.);
#751=VECTOR('',#3571,1.);
#752=VECTOR('',#3578,1.);
#753=VECTOR('',#3579,1.);
#754=VECTOR('',#3582,1.);
#755=VECTOR('',#3583,1.);
#756=VECTOR('',#3586,1.);
#757=VECTOR('',#3587,1.);
#758=VECTOR('',#3588,1.);
#759=VECTOR('',#3591,1.);
#760=VECTOR('',#3592,1.);
#761=VECTOR('',#3599,1.);
#762=VECTOR('',#3600,1.);
#763=VECTOR('',#3601,1.);
#764=VECTOR('',#3604,1.);
#765=VECTOR('',#3605,1.);
#766=VECTOR('',#3612,1.);
#767=VECTOR('',#3613,1.);
#768=VECTOR('',#3614,1.);
#769=VECTOR('',#3617,1.);
#770=VECTOR('',#3618,1.);
#771=VECTOR('',#3621,1.);
#772=VECTOR('',#3626,1.);
#773=VECTOR('',#3627,1.);
#774=VECTOR('',#3630,1.);
#775=VECTOR('',#3631,1.);
#776=VECTOR('',#3634,1.);
#777=VECTOR('',#3635,1.);
#778=VECTOR('',#3644,1.);
#779=VECTOR('',#3645,1.);
#780=VECTOR('',#3646,1.);
#781=VECTOR('',#3649,1.);
#782=VECTOR('',#3650,1.);
#783=VECTOR('',#3653,1.);
#784=VECTOR('',#3654,1.);
#785=VECTOR('',#3657,1.);
#786=VECTOR('',#3658,1.);
#787=VECTOR('',#3661,1.);
#788=VECTOR('',#3664,1.);
#789=VECTOR('',#3665,1.);
#790=VECTOR('',#3666,1.);
#791=VECTOR('',#3667,1.);
#792=VECTOR('',#3670,1.);
#793=VECTOR('',#3671,1.);
#794=VECTOR('',#3672,1.);
#795=VECTOR('',#3675,1.);
#796=VECTOR('',#3676,1.);
#797=VECTOR('',#3679,1.);
#798=VECTOR('',#3680,1.);
#799=VECTOR('',#3683,1.);
#800=VECTOR('',#3686,1.);
#801=VECTOR('',#3687,1.);
#802=VECTOR('',#3688,1.);
#803=VECTOR('',#3689,1.);
#804=VECTOR('',#3692,1.);
#805=VECTOR('',#3693,1.);
#806=VECTOR('',#3694,1.);
#807=VECTOR('',#3697,1.);
#808=VECTOR('',#3698,1.);
#809=VECTOR('',#3701,1.);
#810=VECTOR('',#3702,1.);
#811=VECTOR('',#3705,1.);
#812=VECTOR('',#3706,1.);
#813=VECTOR('',#3709,1.);
#814=VECTOR('',#3712,1.);
#815=VECTOR('',#3713,1.);
#816=VECTOR('',#3714,1.);
#817=VECTOR('',#3715,1.);
#818=VECTOR('',#3718,1.);
#819=VECTOR('',#3719,1.);
#820=VECTOR('',#3720,1.);
#821=VECTOR('',#3723,1.);
#822=VECTOR('',#3724,1.);
#823=VECTOR('',#3727,1.);
#824=VECTOR('',#3728,1.);
#825=VECTOR('',#3731,1.);
#826=VECTOR('',#3734,1.);
#827=VECTOR('',#3735,1.);
#828=VECTOR('',#3736,1.);
#829=VECTOR('',#3737,1.);
#830=VECTOR('',#3740,1.);
#831=VECTOR('',#3741,1.);
#832=VECTOR('',#3742,1.);
#833=VECTOR('',#3745,1.);
#834=VECTOR('',#3746,1.);
#835=VECTOR('',#3749,1.);
#836=VECTOR('',#3750,1.);
#837=VECTOR('',#3753,1.);
#838=VECTOR('',#3754,1.);
#839=VECTOR('',#3757,1.);
#840=VECTOR('',#3760,1.);
#841=VECTOR('',#3761,1.);
#842=VECTOR('',#3762,1.);
#843=VECTOR('',#3763,1.);
#844=VECTOR('',#3766,1.);
#845=VECTOR('',#3767,1.);
#846=VECTOR('',#3768,1.);
#847=VECTOR('',#3771,1.);
#848=VECTOR('',#3772,1.);
#849=VECTOR('',#3773,1.);
#850=VECTOR('',#3776,1.);
#851=VECTOR('',#3777,1.);
#852=VECTOR('',#3778,1.);
#853=VECTOR('',#3779,1.);
#854=VECTOR('',#3780,1.);
#855=VECTOR('',#3781,1.);
#856=VECTOR('',#3782,1.);
#857=VECTOR('',#3789,1.);
#858=VECTOR('',#3790,1.);
#859=VECTOR('',#3791,1.);
#860=VECTOR('',#3794,1.);
#861=VECTOR('',#3795,1.);
#862=VECTOR('',#3802,1.);
#863=VECTOR('',#3803,1.);
#864=VECTOR('',#3804,1.);
#865=VECTOR('',#3805,1.);
#866=VECTOR('',#3808,1.);
#867=VECTOR('',#3809,1.);
#868=VECTOR('',#3810,1.);
#869=VECTOR('',#3813,1.);
#870=VECTOR('',#3814,1.);
#871=VECTOR('',#3815,1.);
#872=VECTOR('',#3818,1.);
#873=VECTOR('',#3821,1.);
#874=VECTOR('',#3824,1.);
#875=VECTOR('',#3825,1.);
#876=VECTOR('',#3826,1.);
#877=VECTOR('',#3829,1.);
#878=VECTOR('',#3830,1.);
#879=VECTOR('',#3831,1.);
#880=VECTOR('',#3834,1.);
#881=VECTOR('',#3837,1.);
#882=VECTOR('',#3838,1.);
#883=VECTOR('',#3839,1.);
#884=VECTOR('',#3840,1.);
#885=VECTOR('',#3843,1.);
#886=VECTOR('',#3846,1.);
#887=VECTOR('',#3847,1.);
#888=VECTOR('',#3850,1.);
#889=VECTOR('',#3853,1.);
#890=VECTOR('',#3858,1.);
#891=VECTOR('',#3859,1.);
#892=VECTOR('',#3862,1.);
#893=VECTOR('',#3865,1.);
#894=VECTOR('',#3870,1.);
#895=VECTOR('',#3871,1.);
#896=VECTOR('',#3872,1.);
#897=VECTOR('',#3873,1.);
#898=VECTOR('',#3876,1.);
#899=VECTOR('',#3877,1.);
#900=VECTOR('',#3878,1.);
#901=VECTOR('',#3881,1.);
#902=VECTOR('',#3882,1.);
#903=VECTOR('',#3883,1.);
#904=VECTOR('',#3886,1.);
#905=VECTOR('',#3889,1.);
#906=VECTOR('',#3892,1.);
#907=VECTOR('',#3893,1.);
#908=VECTOR('',#3894,1.);
#909=VECTOR('',#3897,1.);
#910=VECTOR('',#3898,1.);
#911=VECTOR('',#3899,1.);
#912=VECTOR('',#3902,1.);
#913=VECTOR('',#3905,1.);
#914=VECTOR('',#3906,1.);
#915=VECTOR('',#3907,1.);
#916=VECTOR('',#3908,1.);
#917=VECTOR('',#3911,1.);
#918=VECTOR('',#3914,1.);
#919=VECTOR('',#3915,1.);
#920=VECTOR('',#3918,1.);
#921=VECTOR('',#3921,1.);
#922=VECTOR('',#3926,1.);
#923=VECTOR('',#3927,1.);
#924=VECTOR('',#3930,1.);
#925=VECTOR('',#3933,1.);
#926=VECTOR('',#3938,1.);
#927=VECTOR('',#3939,1.);
#928=VECTOR('',#3940,1.);
#929=VECTOR('',#3941,1.);
#930=VECTOR('',#3944,1.);
#931=VECTOR('',#3945,1.);
#932=VECTOR('',#3946,1.);
#933=VECTOR('',#3949,1.);
#934=VECTOR('',#3950,1.);
#935=VECTOR('',#3951,1.);
#936=VECTOR('',#3954,1.);
#937=VECTOR('',#3957,1.);
#938=VECTOR('',#3960,1.);
#939=VECTOR('',#3961,1.);
#940=VECTOR('',#3962,1.);
#941=VECTOR('',#3965,1.);
#942=VECTOR('',#3966,1.);
#943=VECTOR('',#3967,1.);
#944=VECTOR('',#3970,1.);
#945=VECTOR('',#3973,1.);
#946=VECTOR('',#3974,1.);
#947=VECTOR('',#3975,1.);
#948=VECTOR('',#3976,1.);
#949=VECTOR('',#3979,1.);
#950=VECTOR('',#3982,1.);
#951=VECTOR('',#3983,1.);
#952=VECTOR('',#3986,1.);
#953=VECTOR('',#3989,1.);
#954=VECTOR('',#3994,1.);
#955=VECTOR('',#3995,1.);
#956=VECTOR('',#3998,1.);
#957=VECTOR('',#4001,1.);
#958=VECTOR('',#4006,1.);
#959=VECTOR('',#4007,1.);
#960=VECTOR('',#4008,1.);
#961=VECTOR('',#4009,1.);
#962=VECTOR('',#4012,1.);
#963=VECTOR('',#4013,1.);
#964=VECTOR('',#4014,1.);
#965=VECTOR('',#4017,1.);
#966=VECTOR('',#4018,1.);
#967=VECTOR('',#4019,1.);
#968=VECTOR('',#4022,1.);
#969=VECTOR('',#4025,1.);
#970=VECTOR('',#4028,1.);
#971=VECTOR('',#4029,1.);
#972=VECTOR('',#4030,1.);
#973=VECTOR('',#4033,1.);
#974=VECTOR('',#4034,1.);
#975=VECTOR('',#4035,1.);
#976=VECTOR('',#4038,1.);
#977=VECTOR('',#4041,1.);
#978=VECTOR('',#4042,1.);
#979=VECTOR('',#4043,1.);
#980=VECTOR('',#4044,1.);
#981=VECTOR('',#4047,1.);
#982=VECTOR('',#4050,1.);
#983=VECTOR('',#4051,1.);
#984=VECTOR('',#4054,1.);
#985=VECTOR('',#4057,1.);
#986=VECTOR('',#4062,1.);
#987=VECTOR('',#4063,1.);
#988=VECTOR('',#4066,1.);
#989=VECTOR('',#4069,1.);
#990=VECTOR('',#4074,1.);
#991=VECTOR('',#4075,1.);
#992=VECTOR('',#4076,1.);
#993=VECTOR('',#4077,1.);
#994=VECTOR('',#4080,1.);
#995=VECTOR('',#4081,1.);
#996=VECTOR('',#4082,1.);
#997=VECTOR('',#4085,1.);
#998=VECTOR('',#4086,1.);
#999=VECTOR('',#4087,1.);
#1000=VECTOR('',#4090,1.);
#1001=VECTOR('',#4093,1.);
#1002=VECTOR('',#4096,1.);
#1003=VECTOR('',#4097,1.);
#1004=VECTOR('',#4098,1.);
#1005=VECTOR('',#4101,1.);
#1006=VECTOR('',#4102,1.);
#1007=VECTOR('',#4103,1.);
#1008=VECTOR('',#4106,1.);
#1009=VECTOR('',#4109,1.);
#1010=VECTOR('',#4110,1.);
#1011=VECTOR('',#4111,1.);
#1012=VECTOR('',#4112,1.);
#1013=VECTOR('',#4115,1.);
#1014=VECTOR('',#4118,1.);
#1015=VECTOR('',#4119,1.);
#1016=VECTOR('',#4122,1.);
#1017=VECTOR('',#4125,1.);
#1018=VECTOR('',#4130,1.);
#1019=VECTOR('',#4131,1.);
#1020=VECTOR('',#4134,1.);
#1021=VECTOR('',#4137,1.);
#1022=VECTOR('',#4142,1.);
#1023=VECTOR('',#4143,1.);
#1024=VECTOR('',#4146,1.);
#1025=VECTOR('',#4147,1.);
#1026=VECTOR('',#4150,1.);
#1027=VECTOR('',#4153,1.);
#1028=VECTOR('',#4160,1.);
#1029=VECTOR('',#4163,1.);
#1030=CYLINDRICAL_SURFACE('',#3177,1.4);
#1031=CYLINDRICAL_SURFACE('',#3180,1.4);
#1032=CYLINDRICAL_SURFACE('',#3182,1.1);
#1033=CYLINDRICAL_SURFACE('',#3186,1.1);
#1034=FACE_OUTER_BOUND('',#1215,.T.);
#1035=FACE_OUTER_BOUND('',#1216,.T.);
#1036=FACE_OUTER_BOUND('',#1217,.T.);
#1037=FACE_OUTER_BOUND('',#1218,.T.);
#1038=FACE_OUTER_BOUND('',#1219,.T.);
#1039=FACE_OUTER_BOUND('',#1220,.T.);
#1040=FACE_OUTER_BOUND('',#1221,.T.);
#1041=FACE_OUTER_BOUND('',#1222,.T.);
#1042=FACE_OUTER_BOUND('',#1223,.T.);
#1043=FACE_OUTER_BOUND('',#1224,.T.);
#1044=FACE_OUTER_BOUND('',#1225,.T.);
#1045=FACE_OUTER_BOUND('',#1226,.T.);
#1046=FACE_OUTER_BOUND('',#1227,.T.);
#1047=FACE_OUTER_BOUND('',#1235,.T.);
#1048=FACE_OUTER_BOUND('',#1236,.T.);
#1049=FACE_OUTER_BOUND('',#1237,.T.);
#1050=FACE_OUTER_BOUND('',#1238,.T.);
#1051=FACE_OUTER_BOUND('',#1244,.T.);
#1052=FACE_OUTER_BOUND('',#1246,.T.);
#1053=FACE_OUTER_BOUND('',#1247,.T.);
#1054=FACE_OUTER_BOUND('',#1248,.T.);
#1055=FACE_OUTER_BOUND('',#1249,.T.);
#1056=FACE_OUTER_BOUND('',#1250,.T.);
#1057=FACE_OUTER_BOUND('',#1251,.T.);
#1058=FACE_OUTER_BOUND('',#1252,.T.);
#1059=FACE_OUTER_BOUND('',#1253,.T.);
#1060=FACE_OUTER_BOUND('',#1254,.T.);
#1061=FACE_OUTER_BOUND('',#1255,.T.);
#1062=FACE_OUTER_BOUND('',#1256,.T.);
#1063=FACE_OUTER_BOUND('',#1257,.T.);
#1064=FACE_OUTER_BOUND('',#1258,.T.);
#1065=FACE_OUTER_BOUND('',#1259,.T.);
#1066=FACE_OUTER_BOUND('',#1260,.T.);
#1067=FACE_OUTER_BOUND('',#1261,.T.);
#1068=FACE_OUTER_BOUND('',#1262,.T.);
#1069=FACE_OUTER_BOUND('',#1263,.T.);
#1070=FACE_OUTER_BOUND('',#1264,.T.);
#1071=FACE_OUTER_BOUND('',#1265,.T.);
#1072=FACE_OUTER_BOUND('',#1266,.T.);
#1073=FACE_OUTER_BOUND('',#1267,.T.);
#1074=FACE_OUTER_BOUND('',#1268,.T.);
#1075=FACE_OUTER_BOUND('',#1269,.T.);
#1076=FACE_OUTER_BOUND('',#1270,.T.);
#1077=FACE_OUTER_BOUND('',#1271,.T.);
#1078=FACE_OUTER_BOUND('',#1272,.T.);
#1079=FACE_OUTER_BOUND('',#1273,.T.);
#1080=FACE_OUTER_BOUND('',#1274,.T.);
#1081=FACE_OUTER_BOUND('',#1275,.T.);
#1082=FACE_OUTER_BOUND('',#1276,.T.);
#1083=FACE_OUTER_BOUND('',#1277,.T.);
#1084=FACE_OUTER_BOUND('',#1278,.T.);
#1085=FACE_OUTER_BOUND('',#1280,.T.);
#1086=FACE_OUTER_BOUND('',#1281,.T.);
#1087=FACE_OUTER_BOUND('',#1282,.T.);
#1088=FACE_OUTER_BOUND('',#1283,.T.);
#1089=FACE_OUTER_BOUND('',#1284,.T.);
#1090=FACE_OUTER_BOUND('',#1286,.T.);
#1091=FACE_OUTER_BOUND('',#1287,.T.);
#1092=FACE_OUTER_BOUND('',#1288,.T.);
#1093=FACE_OUTER_BOUND('',#1289,.T.);
#1094=FACE_OUTER_BOUND('',#1290,.T.);
#1095=FACE_OUTER_BOUND('',#1291,.T.);
#1096=FACE_OUTER_BOUND('',#1293,.T.);
#1097=FACE_OUTER_BOUND('',#1294,.T.);
#1098=FACE_OUTER_BOUND('',#1295,.T.);
#1099=FACE_OUTER_BOUND('',#1296,.T.);
#1100=FACE_OUTER_BOUND('',#1297,.T.);
#1101=FACE_OUTER_BOUND('',#1299,.T.);
#1102=FACE_OUTER_BOUND('',#1300,.T.);
#1103=FACE_OUTER_BOUND('',#1301,.T.);
#1104=FACE_OUTER_BOUND('',#1302,.T.);
#1105=FACE_OUTER_BOUND('',#1303,.T.);
#1106=FACE_OUTER_BOUND('',#1304,.T.);
#1107=FACE_OUTER_BOUND('',#1306,.T.);
#1108=FACE_OUTER_BOUND('',#1307,.T.);
#1109=FACE_OUTER_BOUND('',#1308,.T.);
#1110=FACE_OUTER_BOUND('',#1309,.T.);
#1111=FACE_OUTER_BOUND('',#1310,.T.);
#1112=FACE_OUTER_BOUND('',#1311,.T.);
#1113=FACE_OUTER_BOUND('',#1312,.T.);
#1114=FACE_OUTER_BOUND('',#1313,.T.);
#1115=FACE_OUTER_BOUND('',#1314,.T.);
#1116=FACE_OUTER_BOUND('',#1315,.T.);
#1117=FACE_OUTER_BOUND('',#1316,.T.);
#1118=FACE_OUTER_BOUND('',#1317,.T.);
#1119=FACE_OUTER_BOUND('',#1318,.T.);
#1120=FACE_OUTER_BOUND('',#1319,.T.);
#1121=FACE_OUTER_BOUND('',#1320,.T.);
#1122=FACE_OUTER_BOUND('',#1321,.T.);
#1123=FACE_OUTER_BOUND('',#1322,.T.);
#1124=FACE_OUTER_BOUND('',#1323,.T.);
#1125=FACE_OUTER_BOUND('',#1324,.T.);
#1126=FACE_OUTER_BOUND('',#1325,.T.);
#1127=FACE_OUTER_BOUND('',#1326,.T.);
#1128=FACE_OUTER_BOUND('',#1327,.T.);
#1129=FACE_OUTER_BOUND('',#1328,.T.);
#1130=FACE_OUTER_BOUND('',#1329,.T.);
#1131=FACE_OUTER_BOUND('',#1330,.T.);
#1132=FACE_OUTER_BOUND('',#1331,.T.);
#1133=FACE_OUTER_BOUND('',#1332,.T.);
#1134=FACE_OUTER_BOUND('',#1333,.T.);
#1135=FACE_OUTER_BOUND('',#1334,.T.);
#1136=FACE_OUTER_BOUND('',#1335,.T.);
#1137=FACE_OUTER_BOUND('',#1336,.T.);
#1138=FACE_OUTER_BOUND('',#1337,.T.);
#1139=FACE_OUTER_BOUND('',#1338,.T.);
#1140=FACE_OUTER_BOUND('',#1339,.T.);
#1141=FACE_OUTER_BOUND('',#1340,.T.);
#1142=FACE_OUTER_BOUND('',#1341,.T.);
#1143=FACE_OUTER_BOUND('',#1342,.T.);
#1144=FACE_OUTER_BOUND('',#1343,.T.);
#1145=FACE_OUTER_BOUND('',#1344,.T.);
#1146=FACE_OUTER_BOUND('',#1345,.T.);
#1147=FACE_OUTER_BOUND('',#1346,.T.);
#1148=FACE_OUTER_BOUND('',#1347,.T.);
#1149=FACE_OUTER_BOUND('',#1348,.T.);
#1150=FACE_OUTER_BOUND('',#1349,.T.);
#1151=FACE_OUTER_BOUND('',#1350,.T.);
#1152=FACE_OUTER_BOUND('',#1351,.T.);
#1153=FACE_OUTER_BOUND('',#1352,.T.);
#1154=FACE_OUTER_BOUND('',#1353,.T.);
#1155=FACE_OUTER_BOUND('',#1354,.T.);
#1156=FACE_OUTER_BOUND('',#1355,.T.);
#1157=FACE_OUTER_BOUND('',#1356,.T.);
#1158=FACE_OUTER_BOUND('',#1357,.T.);
#1159=FACE_OUTER_BOUND('',#1358,.T.);
#1160=FACE_OUTER_BOUND('',#1359,.T.);
#1161=FACE_OUTER_BOUND('',#1360,.T.);
#1162=FACE_OUTER_BOUND('',#1361,.T.);
#1163=FACE_OUTER_BOUND('',#1362,.T.);
#1164=FACE_OUTER_BOUND('',#1363,.T.);
#1165=FACE_OUTER_BOUND('',#1364,.T.);
#1166=FACE_OUTER_BOUND('',#1365,.T.);
#1167=FACE_OUTER_BOUND('',#1366,.T.);
#1168=FACE_OUTER_BOUND('',#1367,.T.);
#1169=FACE_OUTER_BOUND('',#1368,.T.);
#1170=FACE_OUTER_BOUND('',#1369,.T.);
#1171=FACE_OUTER_BOUND('',#1370,.T.);
#1172=FACE_OUTER_BOUND('',#1371,.T.);
#1173=FACE_OUTER_BOUND('',#1372,.T.);
#1174=FACE_OUTER_BOUND('',#1373,.T.);
#1175=FACE_OUTER_BOUND('',#1374,.T.);
#1176=FACE_OUTER_BOUND('',#1375,.T.);
#1177=FACE_OUTER_BOUND('',#1376,.T.);
#1178=FACE_OUTER_BOUND('',#1377,.T.);
#1179=FACE_OUTER_BOUND('',#1378,.T.);
#1180=FACE_OUTER_BOUND('',#1379,.T.);
#1181=FACE_OUTER_BOUND('',#1380,.T.);
#1182=FACE_OUTER_BOUND('',#1381,.T.);
#1183=FACE_OUTER_BOUND('',#1382,.T.);
#1184=FACE_OUTER_BOUND('',#1383,.T.);
#1185=FACE_OUTER_BOUND('',#1384,.T.);
#1186=FACE_OUTER_BOUND('',#1385,.T.);
#1187=FACE_OUTER_BOUND('',#1386,.T.);
#1188=FACE_OUTER_BOUND('',#1387,.T.);
#1189=FACE_OUTER_BOUND('',#1388,.T.);
#1190=FACE_OUTER_BOUND('',#1389,.T.);
#1191=FACE_OUTER_BOUND('',#1390,.T.);
#1192=FACE_OUTER_BOUND('',#1391,.T.);
#1193=FACE_OUTER_BOUND('',#1392,.T.);
#1194=FACE_OUTER_BOUND('',#1393,.T.);
#1195=FACE_OUTER_BOUND('',#1394,.T.);
#1196=FACE_OUTER_BOUND('',#1395,.T.);
#1197=FACE_OUTER_BOUND('',#1396,.T.);
#1198=FACE_OUTER_BOUND('',#1397,.T.);
#1199=FACE_OUTER_BOUND('',#1398,.T.);
#1200=FACE_OUTER_BOUND('',#1399,.T.);
#1201=FACE_OUTER_BOUND('',#1400,.T.);
#1202=FACE_OUTER_BOUND('',#1401,.T.);
#1203=FACE_OUTER_BOUND('',#1402,.T.);
#1204=FACE_OUTER_BOUND('',#1403,.T.);
#1205=FACE_OUTER_BOUND('',#1404,.T.);
#1206=FACE_OUTER_BOUND('',#1405,.T.);
#1207=FACE_OUTER_BOUND('',#1406,.T.);
#1208=FACE_OUTER_BOUND('',#1407,.T.);
#1209=FACE_OUTER_BOUND('',#1408,.T.);
#1210=FACE_OUTER_BOUND('',#1409,.T.);
#1211=FACE_OUTER_BOUND('',#1410,.T.);
#1212=FACE_OUTER_BOUND('',#1411,.T.);
#1213=FACE_OUTER_BOUND('',#1412,.T.);
#1214=FACE_OUTER_BOUND('',#1413,.T.);
#1215=EDGE_LOOP('',(#2123,#2124,#2125,#2126));
#1216=EDGE_LOOP('',(#2127,#2128,#2129,#2130));
#1217=EDGE_LOOP('',(#2131,#2132,#2133,#2134));
#1218=EDGE_LOOP('',(#2135,#2136,#2137,#2138,#2139));
#1219=EDGE_LOOP('',(#2140,#2141,#2142,#2143,#2144));
#1220=EDGE_LOOP('',(#2145,#2146,#2147,#2148));
#1221=EDGE_LOOP('',(#2149,#2150,#2151,#2152,#2153,#2154,#2155,#2156,#2157,
#2158));
#1222=EDGE_LOOP('',(#2159,#2160,#2161,#2162));
#1223=EDGE_LOOP('',(#2163,#2164,#2165,#2166));
#1224=EDGE_LOOP('',(#2167,#2168,#2169,#2170));
#1225=EDGE_LOOP('',(#2171,#2172,#2173,#2174,#2175));
#1226=EDGE_LOOP('',(#2176,#2177,#2178,#2179,#2180));
#1227=EDGE_LOOP('',(#2181,#2182,#2183,#2184,#2185,#2186,#2187,#2188,#2189,
#2190));
#1228=EDGE_LOOP('',(#2191,#2192,#2193,#2194));
#1229=EDGE_LOOP('',(#2195,#2196,#2197,#2198));
#1230=EDGE_LOOP('',(#2199,#2200,#2201,#2202));
#1231=EDGE_LOOP('',(#2203,#2204,#2205,#2206));
#1232=EDGE_LOOP('',(#2207,#2208,#2209,#2210));
#1233=EDGE_LOOP('',(#2211,#2212,#2213,#2214));
#1234=EDGE_LOOP('',(#2215,#2216,#2217,#2218));
#1235=EDGE_LOOP('',(#2219,#2220,#2221,#2222));
#1236=EDGE_LOOP('',(#2223,#2224,#2225,#2226));
#1237=EDGE_LOOP('',(#2227,#2228,#2229,#2230,#2231,#2232,#2233,#2234));
#1238=EDGE_LOOP('',(#2235,#2236,#2237,#2238,#2239,#2240,#2241,#2242));
#1239=EDGE_LOOP('',(#2243,#2244,#2245,#2246,#2247));
#1240=EDGE_LOOP('',(#2248,#2249,#2250,#2251));
#1241=EDGE_LOOP('',(#2252,#2253,#2254,#2255,#2256));
#1242=EDGE_LOOP('',(#2257,#2258,#2259,#2260));
#1243=EDGE_LOOP('',(#2261,#2262,#2263,#2264,#2265));
#1244=EDGE_LOOP('',(#2266,#2267,#2268,#2269,#2270,#2271));
#1245=EDGE_LOOP('',(#2272,#2273,#2274,#2275));
#1246=EDGE_LOOP('',(#2276,#2277,#2278,#2279,#2280,#2281,#2282,#2283));
#1247=EDGE_LOOP('',(#2284,#2285,#2286,#2287,#2288,#2289,#2290,#2291));
#1248=EDGE_LOOP('',(#2292,#2293,#2294,#2295));
#1249=EDGE_LOOP('',(#2296,#2297,#2298,#2299));
#1250=EDGE_LOOP('',(#2300,#2301,#2302,#2303));
#1251=EDGE_LOOP('',(#2304,#2305,#2306,#2307));
#1252=EDGE_LOOP('',(#2308,#2309,#2310,#2311));
#1253=EDGE_LOOP('',(#2312,#2313,#2314,#2315,#2316));
#1254=EDGE_LOOP('',(#2317,#2318,#2319,#2320,#2321));
#1255=EDGE_LOOP('',(#2322,#2323,#2324,#2325));
#1256=EDGE_LOOP('',(#2326,#2327,#2328,#2329));
#1257=EDGE_LOOP('',(#2330,#2331,#2332));
#1258=EDGE_LOOP('',(#2333,#2334,#2335));
#1259=EDGE_LOOP('',(#2336,#2337,#2338,#2339));
#1260=EDGE_LOOP('',(#2340,#2341,#2342,#2343));
#1261=EDGE_LOOP('',(#2344,#2345,#2346));
#1262=EDGE_LOOP('',(#2347,#2348,#2349));
#1263=EDGE_LOOP('',(#2350,#2351,#2352,#2353));
#1264=EDGE_LOOP('',(#2354,#2355,#2356,#2357));
#1265=EDGE_LOOP('',(#2358,#2359,#2360,#2361));
#1266=EDGE_LOOP('',(#2362,#2363,#2364,#2365,#2366));
#1267=EDGE_LOOP('',(#2367,#2368,#2369,#2370));
#1268=EDGE_LOOP('',(#2371,#2372,#2373,#2374));
#1269=EDGE_LOOP('',(#2375,#2376,#2377,#2378));
#1270=EDGE_LOOP('',(#2379,#2380,#2381,#2382,#2383));
#1271=EDGE_LOOP('',(#2384,#2385,#2386,#2387));
#1272=EDGE_LOOP('',(#2388,#2389,#2390,#2391));
#1273=EDGE_LOOP('',(#2392,#2393,#2394,#2395));
#1274=EDGE_LOOP('',(#2396,#2397,#2398,#2399));
#1275=EDGE_LOOP('',(#2400,#2401,#2402,#2403));
#1276=EDGE_LOOP('',(#2404,#2405,#2406,#2407));
#1277=EDGE_LOOP('',(#2408,#2409,#2410,#2411));
#1278=EDGE_LOOP('',(#2412,#2413,#2414,#2415,#2416));
#1279=EDGE_LOOP('',(#2417,#2418,#2419,#2420));
#1280=EDGE_LOOP('',(#2421,#2422,#2423,#2424));
#1281=EDGE_LOOP('',(#2425,#2426,#2427,#2428));
#1282=EDGE_LOOP('',(#2429,#2430,#2431,#2432));
#1283=EDGE_LOOP('',(#2433,#2434,#2435,#2436));
#1284=EDGE_LOOP('',(#2437,#2438,#2439,#2440));
#1285=EDGE_LOOP('',(#2441,#2442,#2443,#2444));
#1286=EDGE_LOOP('',(#2445,#2446,#2447,#2448));
#1287=EDGE_LOOP('',(#2449,#2450,#2451,#2452));
#1288=EDGE_LOOP('',(#2453,#2454,#2455,#2456));
#1289=EDGE_LOOP('',(#2457,#2458,#2459,#2460));
#1290=EDGE_LOOP('',(#2461,#2462,#2463,#2464));
#1291=EDGE_LOOP('',(#2465,#2466,#2467,#2468,#2469));
#1292=EDGE_LOOP('',(#2470,#2471,#2472,#2473));
#1293=EDGE_LOOP('',(#2474,#2475,#2476,#2477));
#1294=EDGE_LOOP('',(#2478,#2479,#2480,#2481));
#1295=EDGE_LOOP('',(#2482,#2483,#2484,#2485));
#1296=EDGE_LOOP('',(#2486,#2487,#2488,#2489));
#1297=EDGE_LOOP('',(#2490,#2491,#2492,#2493));
#1298=EDGE_LOOP('',(#2494,#2495,#2496,#2497));
#1299=EDGE_LOOP('',(#2498,#2499,#2500,#2501));
#1300=EDGE_LOOP('',(#2502,#2503,#2504,#2505));
#1301=EDGE_LOOP('',(#2506,#2507,#2508,#2509));
#1302=EDGE_LOOP('',(#2510,#2511,#2512,#2513));
#1303=EDGE_LOOP('',(#2514,#2515,#2516,#2517));
#1304=EDGE_LOOP('',(#2518,#2519,#2520,#2521,#2522));
#1305=EDGE_LOOP('',(#2523,#2524,#2525,#2526));
#1306=EDGE_LOOP('',(#2527,#2528,#2529,#2530,#2531));
#1307=EDGE_LOOP('',(#2532,#2533,#2534,#2535,#2536));
#1308=EDGE_LOOP('',(#2537,#2538,#2539,#2540,#2541,#2542,#2543,#2544,#2545,
#2546));
#1309=EDGE_LOOP('',(#2547,#2548,#2549,#2550));
#1310=EDGE_LOOP('',(#2551,#2552,#2553,#2554));
#1311=EDGE_LOOP('',(#2555,#2556,#2557,#2558,#2559));
#1312=EDGE_LOOP('',(#2560,#2561,#2562,#2563,#2564));
#1313=EDGE_LOOP('',(#2565,#2566,#2567,#2568));
#1314=EDGE_LOOP('',(#2569,#2570,#2571,#2572));
#1315=EDGE_LOOP('',(#2573,#2574,#2575,#2576));
#1316=EDGE_LOOP('',(#2577,#2578,#2579,#2580));
#1317=EDGE_LOOP('',(#2581,#2582,#2583,#2584));
#1318=EDGE_LOOP('',(#2585,#2586,#2587,#2588));
#1319=EDGE_LOOP('',(#2589,#2590,#2591,#2592));
#1320=EDGE_LOOP('',(#2593,#2594,#2595,#2596));
#1321=EDGE_LOOP('',(#2597,#2598,#2599,#2600));
#1322=EDGE_LOOP('',(#2601,#2602,#2603,#2604));
#1323=EDGE_LOOP('',(#2605,#2606,#2607,#2608));
#1324=EDGE_LOOP('',(#2609,#2610,#2611,#2612));
#1325=EDGE_LOOP('',(#2613,#2614,#2615,#2616));
#1326=EDGE_LOOP('',(#2617,#2618,#2619,#2620));
#1327=EDGE_LOOP('',(#2621,#2622,#2623,#2624));
#1328=EDGE_LOOP('',(#2625,#2626,#2627,#2628));
#1329=EDGE_LOOP('',(#2629,#2630,#2631,#2632));
#1330=EDGE_LOOP('',(#2633,#2634,#2635,#2636));
#1331=EDGE_LOOP('',(#2637,#2638,#2639,#2640));
#1332=EDGE_LOOP('',(#2641,#2642,#2643,#2644));
#1333=EDGE_LOOP('',(#2645,#2646,#2647,#2648));
#1334=EDGE_LOOP('',(#2649,#2650,#2651,#2652));
#1335=EDGE_LOOP('',(#2653,#2654,#2655,#2656));
#1336=EDGE_LOOP('',(#2657,#2658,#2659,#2660));
#1337=EDGE_LOOP('',(#2661,#2662,#2663,#2664));
#1338=EDGE_LOOP('',(#2665,#2666,#2667,#2668));
#1339=EDGE_LOOP('',(#2669,#2670,#2671,#2672));
#1340=EDGE_LOOP('',(#2673,#2674,#2675,#2676));
#1341=EDGE_LOOP('',(#2677,#2678,#2679,#2680));
#1342=EDGE_LOOP('',(#2681,#2682,#2683,#2684));
#1343=EDGE_LOOP('',(#2685,#2686,#2687,#2688));
#1344=EDGE_LOOP('',(#2689,#2690,#2691,#2692));
#1345=EDGE_LOOP('',(#2693,#2694,#2695,#2696));
#1346=EDGE_LOOP('',(#2697,#2698,#2699,#2700));
#1347=EDGE_LOOP('',(#2701,#2702,#2703,#2704));
#1348=EDGE_LOOP('',(#2705,#2706,#2707,#2708));
#1349=EDGE_LOOP('',(#2709,#2710,#2711,#2712));
#1350=EDGE_LOOP('',(#2713,#2714,#2715,#2716));
#1351=EDGE_LOOP('',(#2717,#2718,#2719,#2720));
#1352=EDGE_LOOP('',(#2721,#2722,#2723,#2724));
#1353=EDGE_LOOP('',(#2725,#2726,#2727,#2728));
#1354=EDGE_LOOP('',(#2729,#2730,#2731,#2732));
#1355=EDGE_LOOP('',(#2733,#2734,#2735,#2736));
#1356=EDGE_LOOP('',(#2737,#2738,#2739,#2740));
#1357=EDGE_LOOP('',(#2741,#2742,#2743,#2744));
#1358=EDGE_LOOP('',(#2745,#2746,#2747,#2748));
#1359=EDGE_LOOP('',(#2749,#2750,#2751,#2752));
#1360=EDGE_LOOP('',(#2753,#2754,#2755,#2756));
#1361=EDGE_LOOP('',(#2757,#2758,#2759,#2760));
#1362=EDGE_LOOP('',(#2761,#2762,#2763,#2764));
#1363=EDGE_LOOP('',(#2765,#2766,#2767,#2768));
#1364=EDGE_LOOP('',(#2769,#2770,#2771,#2772));
#1365=EDGE_LOOP('',(#2773,#2774,#2775,#2776));
#1366=EDGE_LOOP('',(#2777,#2778,#2779,#2780));
#1367=EDGE_LOOP('',(#2781,#2782,#2783,#2784));
#1368=EDGE_LOOP('',(#2785,#2786,#2787,#2788));
#1369=EDGE_LOOP('',(#2789,#2790,#2791,#2792));
#1370=EDGE_LOOP('',(#2793,#2794,#2795,#2796));
#1371=EDGE_LOOP('',(#2797,#2798,#2799,#2800));
#1372=EDGE_LOOP('',(#2801,#2802,#2803,#2804));
#1373=EDGE_LOOP('',(#2805,#2806,#2807,#2808));
#1374=EDGE_LOOP('',(#2809,#2810,#2811,#2812));
#1375=EDGE_LOOP('',(#2813,#2814,#2815,#2816));
#1376=EDGE_LOOP('',(#2817,#2818,#2819,#2820));
#1377=EDGE_LOOP('',(#2821,#2822,#2823,#2824));
#1378=EDGE_LOOP('',(#2825,#2826,#2827,#2828));
#1379=EDGE_LOOP('',(#2829,#2830,#2831,#2832));
#1380=EDGE_LOOP('',(#2833,#2834,#2835,#2836));
#1381=EDGE_LOOP('',(#2837,#2838,#2839,#2840));
#1382=EDGE_LOOP('',(#2841,#2842,#2843,#2844));
#1383=EDGE_LOOP('',(#2845,#2846,#2847,#2848));
#1384=EDGE_LOOP('',(#2849,#2850,#2851,#2852));
#1385=EDGE_LOOP('',(#2853,#2854,#2855,#2856));
#1386=EDGE_LOOP('',(#2857,#2858,#2859,#2860));
#1387=EDGE_LOOP('',(#2861,#2862,#2863,#2864));
#1388=EDGE_LOOP('',(#2865,#2866,#2867,#2868));
#1389=EDGE_LOOP('',(#2869,#2870,#2871,#2872));
#1390=EDGE_LOOP('',(#2873,#2874,#2875,#2876));
#1391=EDGE_LOOP('',(#2877,#2878,#2879,#2880));
#1392=EDGE_LOOP('',(#2881,#2882,#2883,#2884));
#1393=EDGE_LOOP('',(#2885,#2886,#2887,#2888));
#1394=EDGE_LOOP('',(#2889,#2890,#2891,#2892));
#1395=EDGE_LOOP('',(#2893,#2894,#2895,#2896));
#1396=EDGE_LOOP('',(#2897,#2898,#2899,#2900));
#1397=EDGE_LOOP('',(#2901,#2902,#2903,#2904));
#1398=EDGE_LOOP('',(#2905,#2906,#2907,#2908));
#1399=EDGE_LOOP('',(#2909,#2910,#2911,#2912));
#1400=EDGE_LOOP('',(#2913,#2914,#2915,#2916));
#1401=EDGE_LOOP('',(#2917,#2918,#2919,#2920));
#1402=EDGE_LOOP('',(#2921,#2922,#2923,#2924));
#1403=EDGE_LOOP('',(#2925,#2926,#2927,#2928));
#1404=EDGE_LOOP('',(#2929,#2930,#2931,#2932));
#1405=EDGE_LOOP('',(#2933,#2934,#2935,#2936,#2937,#2938));
#1406=EDGE_LOOP('',(#2939,#2940,#2941,#2942,#2943,#2944));
#1407=EDGE_LOOP('',(#2945,#2946,#2947,#2948,#2949,#2950));
#1408=EDGE_LOOP('',(#2951,#2952,#2953,#2954,#2955,#2956));
#1409=EDGE_LOOP('',(#2957,#2958,#2959,#2960));
#1410=EDGE_LOOP('',(#2961,#2962,#2963,#2964));
#1411=EDGE_LOOP('',(#2965,#2966,#2967,#2968));
#1412=EDGE_LOOP('',(#2969,#2970,#2971,#2972));
#1413=EDGE_LOOP('',(#2973,#2974,#2975,#2976));
#1414=(
BOUNDED_CURVE()
B_SPLINE_CURVE(2,(#4172,#4173,#4174),.UNSPECIFIED.,.F.,.F.)
B_SPLINE_CURVE_WITH_KNOTS((3,3),(0.592492645639226,0.688667971856142),
 .UNSPECIFIED.)
CURVE()
GEOMETRIC_REPRESENTATION_ITEM()
RATIONAL_B_SPLINE_CURVE((1.50561508574559,1.37133685787502,1.18014330768048))
REPRESENTATION_ITEM('')
);
#1415=(
BOUNDED_CURVE()
B_SPLINE_CURVE(2,(#4177,#4178,#4179),.UNSPECIFIED.,.F.,.F.)
B_SPLINE_CURVE_WITH_KNOTS((3,3),(-0.138686821760283,-0.042511495543356),
 .UNSPECIFIED.)
CURVE()
GEOMETRIC_REPRESENTATION_ITEM()
RATIONAL_B_SPLINE_CURVE((1.50561508574564,1.37133685787506,1.1801433076805))
REPRESENTATION_ITEM('')
);
#1416=(
BOUNDED_CURVE()
B_SPLINE_CURVE(2,(#4219,#4220,#4221),.UNSPECIFIED.,.F.,.F.)
B_SPLINE_CURVE_WITH_KNOTS((3,3),(-0.138686821760275,-0.0425114955433513),
 .UNSPECIFIED.)
CURVE()
GEOMETRIC_REPRESENTATION_ITEM()
RATIONAL_B_SPLINE_CURVE((1.5056150857456,1.37133685787503,1.18014330768048))
REPRESENTATION_ITEM('')
);
#1417=(
BOUNDED_CURVE()
B_SPLINE_CURVE(2,(#4224,#4225,#4226),.UNSPECIFIED.,.F.,.F.)
B_SPLINE_CURVE_WITH_KNOTS((3,3),(-0.138686821760284,-0.0425114955433571),
 .UNSPECIFIED.)
CURVE()
GEOMETRIC_REPRESENTATION_ITEM()
RATIONAL_B_SPLINE_CURVE((1.50561508574564,1.37133685787506,1.18014330768051))
REPRESENTATION_ITEM('')
);
#1418=CIRCLE('',#3175,0.620710888162987);
#1419=CIRCLE('',#3176,1.4);
#1420=CIRCLE('',#3178,1.4);
#1421=CIRCLE('',#3179,1.4);
#1422=CIRCLE('',#3181,1.4);
#1423=CIRCLE('',#3183,1.1);
#1424=CIRCLE('',#3184,1.1);
#1425=CIRCLE('',#3185,1.1);
#1426=CIRCLE('',#3187,1.1);
#1427=CIRCLE('',#3188,1.1);
#1428=CIRCLE('',#3189,1.1);
#1429=CIRCLE('',#3191,0.620710888162987);
#1430=VERTEX_POINT('',#4168);
#1431=VERTEX_POINT('',#4169);
#1432=VERTEX_POINT('',#4171);
#1433=VERTEX_POINT('',#4175);
#1434=VERTEX_POINT('',#4181);
#1435=VERTEX_POINT('',#4182);
#1436=VERTEX_POINT('',#4184);
#1437=VERTEX_POINT('',#4186);
#1438=VERTEX_POINT('',#4190);
#1439=VERTEX_POINT('',#4191);
#1440=VERTEX_POINT('',#4196);
#1441=VERTEX_POINT('',#4197);
#1442=VERTEX_POINT('',#4199);
#1443=VERTEX_POINT('',#4201);
#1444=VERTEX_POINT('',#4203);
#1445=VERTEX_POINT('',#4207);
#1446=VERTEX_POINT('',#4208);
#1447=VERTEX_POINT('',#4210);
#1448=VERTEX_POINT('',#4212);
#1449=VERTEX_POINT('',#4214);
#1450=VERTEX_POINT('',#4218);
#1451=VERTEX_POINT('',#4222);
#1452=VERTEX_POINT('',#4228);
#1453=VERTEX_POINT('',#4229);
#1454=VERTEX_POINT('',#4231);
#1455=VERTEX_POINT('',#4233);
#1456=VERTEX_POINT('',#4235);
#1457=VERTEX_POINT('',#4237);
#1458=VERTEX_POINT('',#4239);
#1459=VERTEX_POINT('',#4241);
#1460=VERTEX_POINT('',#4243);
#1461=VERTEX_POINT('',#4245);
#1462=VERTEX_POINT('',#4257);
#1463=VERTEX_POINT('',#4261);
#1464=VERTEX_POINT('',#4263);
#1465=VERTEX_POINT('',#4265);
#1466=VERTEX_POINT('',#4269);
#1467=VERTEX_POINT('',#4270);
#1468=VERTEX_POINT('',#4272);
#1469=VERTEX_POINT('',#4274);
#1470=VERTEX_POINT('',#4276);
#1471=VERTEX_POINT('',#4278);
#1472=VERTEX_POINT('',#4280);
#1473=VERTEX_POINT('',#4282);
#1474=VERTEX_POINT('',#4284);
#1475=VERTEX_POINT('',#4286);
#1476=VERTEX_POINT('',#4289);
#1477=VERTEX_POINT('',#4290);
#1478=VERTEX_POINT('',#4292);
#1479=VERTEX_POINT('',#4294);
#1480=VERTEX_POINT('',#4297);
#1481=VERTEX_POINT('',#4298);
#1482=VERTEX_POINT('',#4300);
#1483=VERTEX_POINT('',#4302);
#1484=VERTEX_POINT('',#4305);
#1485=VERTEX_POINT('',#4306);
#1486=VERTEX_POINT('',#4308);
#1487=VERTEX_POINT('',#4310);
#1488=VERTEX_POINT('',#4313);
#1489=VERTEX_POINT('',#4314);
#1490=VERTEX_POINT('',#4316);
#1491=VERTEX_POINT('',#4318);
#1492=VERTEX_POINT('',#4321);
#1493=VERTEX_POINT('',#4322);
#1494=VERTEX_POINT('',#4324);
#1495=VERTEX_POINT('',#4326);
#1496=VERTEX_POINT('',#4329);
#1497=VERTEX_POINT('',#4331);
#1498=VERTEX_POINT('',#4334);
#1499=VERTEX_POINT('',#4335);
#1500=VERTEX_POINT('',#4337);
#1501=VERTEX_POINT('',#4339);
#1502=VERTEX_POINT('',#4343);
#1503=VERTEX_POINT('',#4344);
#1504=VERTEX_POINT('',#4346);
#1505=VERTEX_POINT('',#4348);
#1506=VERTEX_POINT('',#4352);
#1507=VERTEX_POINT('',#4353);
#1508=VERTEX_POINT('',#4355);
#1509=VERTEX_POINT('',#4357);
#1510=VERTEX_POINT('',#4361);
#1511=VERTEX_POINT('',#4362);
#1512=VERTEX_POINT('',#4364);
#1513=VERTEX_POINT('',#4366);
#1514=VERTEX_POINT('',#4368);
#1515=VERTEX_POINT('',#4370);
#1516=VERTEX_POINT('',#4376);
#1517=VERTEX_POINT('',#4379);
#1518=VERTEX_POINT('',#4382);
#1519=VERTEX_POINT('',#4383);
#1520=VERTEX_POINT('',#4385);
#1521=VERTEX_POINT('',#4387);
#1522=VERTEX_POINT('',#4389);
#1523=VERTEX_POINT('',#4392);
#1524=VERTEX_POINT('',#4393);
#1525=VERTEX_POINT('',#4395);
#1526=VERTEX_POINT('',#4397);
#1527=VERTEX_POINT('',#4400);
#1528=VERTEX_POINT('',#4401);
#1529=VERTEX_POINT('',#4403);
#1530=VERTEX_POINT('',#4405);
#1531=VERTEX_POINT('',#4407);
#1532=VERTEX_POINT('',#4410);
#1533=VERTEX_POINT('',#4411);
#1534=VERTEX_POINT('',#4413);
#1535=VERTEX_POINT('',#4415);
#1536=VERTEX_POINT('',#4418);
#1537=VERTEX_POINT('',#4419);
#1538=VERTEX_POINT('',#4421);
#1539=VERTEX_POINT('',#4423);
#1540=VERTEX_POINT('',#4425);
#1541=VERTEX_POINT('',#4429);
#1542=VERTEX_POINT('',#4432);
#1543=VERTEX_POINT('',#4433);
#1544=VERTEX_POINT('',#4435);
#1545=VERTEX_POINT('',#4437);
#1546=VERTEX_POINT('',#4441);
#1547=VERTEX_POINT('',#4442);
#1548=VERTEX_POINT('',#4444);
#1549=VERTEX_POINT('',#4446);
#1550=VERTEX_POINT('',#4449);
#1551=VERTEX_POINT('',#4453);
#1552=VERTEX_POINT('',#4456);
#1553=VERTEX_POINT('',#4460);
#1554=VERTEX_POINT('',#4462);
#1555=VERTEX_POINT('',#4466);
#1556=VERTEX_POINT('',#4468);
#1557=VERTEX_POINT('',#4483);
#1558=VERTEX_POINT('',#4485);
#1559=VERTEX_POINT('',#4494);
#1560=VERTEX_POINT('',#4496);
#1561=VERTEX_POINT('',#4505);
#1562=VERTEX_POINT('',#4507);
#1563=VERTEX_POINT('',#4517);
#1564=VERTEX_POINT('',#4521);
#1565=VERTEX_POINT('',#4531);
#1566=VERTEX_POINT('',#4533);
#1567=VERTEX_POINT('',#4537);
#1568=VERTEX_POINT('',#4541);
#1569=VERTEX_POINT('',#4545);
#1570=VERTEX_POINT('',#4551);
#1571=VERTEX_POINT('',#4552);
#1572=VERTEX_POINT('',#4554);
#1573=VERTEX_POINT('',#4556);
#1574=VERTEX_POINT('',#4560);
#1575=VERTEX_POINT('',#4562);
#1576=VERTEX_POINT('',#4566);
#1577=VERTEX_POINT('',#4570);
#1578=VERTEX_POINT('',#4576);
#1579=VERTEX_POINT('',#4577);
#1580=VERTEX_POINT('',#4579);
#1581=VERTEX_POINT('',#4581);
#1582=VERTEX_POINT('',#4585);
#1583=VERTEX_POINT('',#4587);
#1584=VERTEX_POINT('',#4591);
#1585=VERTEX_POINT('',#4595);
#1586=VERTEX_POINT('',#4599);
#1587=VERTEX_POINT('',#4605);
#1588=VERTEX_POINT('',#4606);
#1589=VERTEX_POINT('',#4608);
#1590=VERTEX_POINT('',#4610);
#1591=VERTEX_POINT('',#4614);
#1592=VERTEX_POINT('',#4616);
#1593=VERTEX_POINT('',#4620);
#1594=VERTEX_POINT('',#4624);
#1595=VERTEX_POINT('',#4630);
#1596=VERTEX_POINT('',#4631);
#1597=VERTEX_POINT('',#4633);
#1598=VERTEX_POINT('',#4635);
#1599=VERTEX_POINT('',#4639);
#1600=VERTEX_POINT('',#4641);
#1601=VERTEX_POINT('',#4645);
#1602=VERTEX_POINT('',#4649);
#1603=VERTEX_POINT('',#4653);
#1604=VERTEX_POINT('',#4659);
#1605=VERTEX_POINT('',#4660);
#1606=VERTEX_POINT('',#4662);
#1607=VERTEX_POINT('',#4664);
#1608=VERTEX_POINT('',#4669);
#1609=VERTEX_POINT('',#4673);
#1610=VERTEX_POINT('',#4675);
#1611=VERTEX_POINT('',#4680);
#1612=VERTEX_POINT('',#4682);
#1613=VERTEX_POINT('',#4684);
#1614=VERTEX_POINT('',#4686);
#1615=VERTEX_POINT('',#4694);
#1616=VERTEX_POINT('',#4703);
#1617=VERTEX_POINT('',#4704);
#1618=VERTEX_POINT('',#4706);
#1619=VERTEX_POINT('',#4708);
#1620=VERTEX_POINT('',#4712);
#1621=VERTEX_POINT('',#4714);
#1622=VERTEX_POINT('',#4718);
#1623=VERTEX_POINT('',#4720);
#1624=VERTEX_POINT('',#4728);
#1625=VERTEX_POINT('',#4730);
#1626=VERTEX_POINT('',#4734);
#1627=VERTEX_POINT('',#4736);
#1628=VERTEX_POINT('',#4742);
#1629=VERTEX_POINT('',#4743);
#1630=VERTEX_POINT('',#4745);
#1631=VERTEX_POINT('',#4747);
#1632=VERTEX_POINT('',#4769);
#1633=VERTEX_POINT('',#4770);
#1634=VERTEX_POINT('',#4772);
#1635=VERTEX_POINT('',#4774);
#1636=VERTEX_POINT('',#4778);
#1637=VERTEX_POINT('',#4780);
#1638=VERTEX_POINT('',#4784);
#1639=VERTEX_POINT('',#4786);
#1640=VERTEX_POINT('',#4794);
#1641=VERTEX_POINT('',#4796);
#1642=VERTEX_POINT('',#4800);
#1643=VERTEX_POINT('',#4802);
#1644=VERTEX_POINT('',#4808);
#1645=VERTEX_POINT('',#4809);
#1646=VERTEX_POINT('',#4811);
#1647=VERTEX_POINT('',#4813);
#1648=VERTEX_POINT('',#4835);
#1649=VERTEX_POINT('',#4836);
#1650=VERTEX_POINT('',#4838);
#1651=VERTEX_POINT('',#4840);
#1652=VERTEX_POINT('',#4844);
#1653=VERTEX_POINT('',#4846);
#1654=VERTEX_POINT('',#4850);
#1655=VERTEX_POINT('',#4852);
#1656=VERTEX_POINT('',#4860);
#1657=VERTEX_POINT('',#4862);
#1658=VERTEX_POINT('',#4866);
#1659=VERTEX_POINT('',#4868);
#1660=VERTEX_POINT('',#4874);
#1661=VERTEX_POINT('',#4875);
#1662=VERTEX_POINT('',#4877);
#1663=VERTEX_POINT('',#4879);
#1664=VERTEX_POINT('',#4901);
#1665=VERTEX_POINT('',#4902);
#1666=VERTEX_POINT('',#4904);
#1667=VERTEX_POINT('',#4906);
#1668=VERTEX_POINT('',#4910);
#1669=VERTEX_POINT('',#4912);
#1670=VERTEX_POINT('',#4916);
#1671=VERTEX_POINT('',#4918);
#1672=VERTEX_POINT('',#4926);
#1673=VERTEX_POINT('',#4928);
#1674=VERTEX_POINT('',#4932);
#1675=VERTEX_POINT('',#4934);
#1676=VERTEX_POINT('',#4940);
#1677=VERTEX_POINT('',#4941);
#1678=VERTEX_POINT('',#4943);
#1679=VERTEX_POINT('',#4945);
#1680=VERTEX_POINT('',#4967);
#1681=VERTEX_POINT('',#4968);
#1682=VERTEX_POINT('',#4970);
#1683=VERTEX_POINT('',#4972);
#1684=VERTEX_POINT('',#4976);
#1685=VERTEX_POINT('',#4978);
#1686=VERTEX_POINT('',#4982);
#1687=VERTEX_POINT('',#4984);
#1688=VERTEX_POINT('',#4992);
#1689=VERTEX_POINT('',#4994);
#1690=VERTEX_POINT('',#4998);
#1691=VERTEX_POINT('',#5000);
#1692=VERTEX_POINT('',#5006);
#1693=VERTEX_POINT('',#5007);
#1694=VERTEX_POINT('',#5009);
#1695=VERTEX_POINT('',#5011);
#1696=EDGE_CURVE('',#1430,#1431,#1418,.T.);
#1697=EDGE_CURVE('',#1430,#1432,#1414,.T.);
#1698=EDGE_CURVE('',#1432,#1433,#1419,.T.);
#1699=EDGE_CURVE('',#1431,#1433,#1415,.T.);
#1700=EDGE_CURVE('',#1434,#1435,#1420,.T.);
#1701=EDGE_CURVE('',#1434,#1436,#208,.T.);
#1702=EDGE_CURVE('',#1436,#1437,#1421,.T.);
#1703=EDGE_CURVE('',#1435,#1437,#209,.T.);
#1704=EDGE_CURVE('',#1438,#1439,#1422,.T.);
#1705=EDGE_CURVE('',#1433,#1438,#210,.T.);
#1706=EDGE_CURVE('',#1432,#1439,#211,.T.);
#1707=EDGE_CURVE('',#1440,#1441,#1423,.T.);
#1708=EDGE_CURVE('',#1440,#1442,#212,.T.);
#1709=EDGE_CURVE('',#1442,#1443,#1424,.T.);
#1710=EDGE_CURVE('',#1443,#1444,#1425,.T.);
#1711=EDGE_CURVE('',#1441,#1444,#213,.T.);
#1712=EDGE_CURVE('',#1445,#1446,#1426,.T.);
#1713=EDGE_CURVE('',#1447,#1446,#214,.T.);
#1714=EDGE_CURVE('',#1448,#1447,#1427,.T.);
#1715=EDGE_CURVE('',#1448,#1449,#215,.T.);
#1716=EDGE_CURVE('',#1449,#1445,#1428,.T.);
#1717=EDGE_CURVE('',#1450,#1435,#1416,.T.);
#1718=EDGE_CURVE('',#1451,#1450,#1429,.T.);
#1719=EDGE_CURVE('',#1451,#1434,#1417,.T.);
#1720=EDGE_CURVE('',#1452,#1453,#216,.T.);
#1721=EDGE_CURVE('',#1453,#1454,#217,.T.);
#1722=EDGE_CURVE('',#1455,#1454,#218,.T.);
#1723=EDGE_CURVE('',#1455,#1456,#219,.T.);
#1724=EDGE_CURVE('',#1456,#1457,#220,.T.);
#1725=EDGE_CURVE('',#1458,#1457,#221,.T.);
#1726=EDGE_CURVE('',#1459,#1458,#222,.T.);
#1727=EDGE_CURVE('',#1460,#1459,#223,.T.);
#1728=EDGE_CURVE('',#1461,#1460,#224,.T.);
#1729=EDGE_CURVE('',#1452,#1461,#225,.T.);
#1730=EDGE_CURVE('',#1460,#1434,#226,.T.);
#1731=EDGE_CURVE('',#1461,#1451,#227,.T.);
#1732=EDGE_CURVE('',#1435,#1453,#228,.T.);
#1733=EDGE_CURVE('',#1450,#1452,#229,.T.);
#1734=EDGE_CURVE('',#1444,#1454,#230,.T.);
#1735=EDGE_CURVE('',#1462,#1443,#231,.T.);
#1736=EDGE_CURVE('',#1462,#1455,#232,.T.);
#1737=EDGE_CURVE('',#1463,#1449,#233,.T.);
#1738=EDGE_CURVE('',#1464,#1463,#234,.T.);
#1739=EDGE_CURVE('',#1464,#1465,#235,.T.);
#1740=EDGE_CURVE('',#1465,#1445,#236,.T.);
#1741=EDGE_CURVE('',#1466,#1467,#237,.T.);
#1742=EDGE_CURVE('',#1466,#1468,#238,.T.);
#1743=EDGE_CURVE('',#1468,#1469,#239,.T.);
#1744=EDGE_CURVE('',#1470,#1469,#240,.T.);
#1745=EDGE_CURVE('',#1470,#1471,#241,.T.);
#1746=EDGE_CURVE('',#1471,#1472,#242,.T.);
#1747=EDGE_CURVE('',#1472,#1473,#243,.T.);
#1748=EDGE_CURVE('',#1473,#1474,#244,.T.);
#1749=EDGE_CURVE('',#1474,#1475,#245,.T.);
#1750=EDGE_CURVE('',#1467,#1475,#246,.T.);
#1751=EDGE_CURVE('',#1476,#1477,#247,.T.);
#1752=EDGE_CURVE('',#1476,#1478,#248,.T.);
#1753=EDGE_CURVE('',#1478,#1479,#249,.T.);
#1754=EDGE_CURVE('',#1479,#1477,#250,.T.);
#1755=EDGE_CURVE('',#1480,#1481,#251,.T.);
#1756=EDGE_CURVE('',#1480,#1482,#252,.T.);
#1757=EDGE_CURVE('',#1482,#1483,#253,.T.);
#1758=EDGE_CURVE('',#1483,#1481,#254,.T.);
#1759=EDGE_CURVE('',#1484,#1485,#255,.T.);
#1760=EDGE_CURVE('',#1484,#1486,#256,.T.);
#1761=EDGE_CURVE('',#1486,#1487,#257,.T.);
#1762=EDGE_CURVE('',#1487,#1485,#258,.T.);
#1763=EDGE_CURVE('',#1488,#1489,#259,.T.);
#1764=EDGE_CURVE('',#1488,#1490,#260,.T.);
#1765=EDGE_CURVE('',#1490,#1491,#261,.T.);
#1766=EDGE_CURVE('',#1491,#1489,#262,.T.);
#1767=EDGE_CURVE('',#1492,#1493,#263,.T.);
#1768=EDGE_CURVE('',#1492,#1494,#264,.T.);
#1769=EDGE_CURVE('',#1494,#1495,#265,.T.);
#1770=EDGE_CURVE('',#1495,#1493,#266,.T.);
#1771=EDGE_CURVE('',#1457,#1496,#267,.T.);
#1772=EDGE_CURVE('',#1456,#1497,#268,.T.);
#1773=EDGE_CURVE('',#1497,#1496,#269,.T.);
#1774=EDGE_CURVE('',#1498,#1499,#270,.T.);
#1775=EDGE_CURVE('',#1500,#1498,#271,.T.);
#1776=EDGE_CURVE('',#1500,#1501,#272,.T.);
#1777=EDGE_CURVE('',#1501,#1499,#273,.T.);
#1778=EDGE_CURVE('',#1502,#1503,#274,.T.);
#1779=EDGE_CURVE('',#1503,#1504,#275,.T.);
#1780=EDGE_CURVE('',#1505,#1504,#276,.T.);
#1781=EDGE_CURVE('',#1505,#1502,#277,.T.);
#1782=EDGE_CURVE('',#1506,#1507,#278,.T.);
#1783=EDGE_CURVE('',#1507,#1508,#279,.T.);
#1784=EDGE_CURVE('',#1509,#1508,#280,.T.);
#1785=EDGE_CURVE('',#1509,#1506,#281,.T.);
#1786=EDGE_CURVE('',#1510,#1511,#282,.T.);
#1787=EDGE_CURVE('',#1511,#1512,#283,.T.);
#1788=EDGE_CURVE('',#1512,#1513,#284,.T.);
#1789=EDGE_CURVE('',#1514,#1513,#285,.T.);
#1790=EDGE_CURVE('',#1514,#1515,#286,.T.);
#1791=EDGE_CURVE('',#1515,#1509,#287,.T.);
#1792=EDGE_CURVE('',#1508,#1510,#288,.T.);
#1793=EDGE_CURVE('',#1506,#1505,#289,.T.);
#1794=EDGE_CURVE('',#1504,#1516,#290,.T.);
#1795=EDGE_CURVE('',#1516,#1470,#291,.T.);
#1796=EDGE_CURVE('',#1517,#1469,#292,.T.);
#1797=EDGE_CURVE('',#1507,#1517,#293,.T.);
#1798=EDGE_CURVE('',#1518,#1519,#294,.T.);
#1799=EDGE_CURVE('',#1520,#1518,#295,.T.);
#1800=EDGE_CURVE('',#1521,#1520,#296,.T.);
#1801=EDGE_CURVE('',#1522,#1521,#297,.T.);
#1802=EDGE_CURVE('',#1519,#1522,#298,.T.);
#1803=EDGE_CURVE('',#1523,#1524,#299,.T.);
#1804=EDGE_CURVE('',#1525,#1523,#300,.T.);
#1805=EDGE_CURVE('',#1526,#1525,#301,.T.);
#1806=EDGE_CURVE('',#1524,#1526,#302,.T.);
#1807=EDGE_CURVE('',#1527,#1528,#303,.T.);
#1808=EDGE_CURVE('',#1529,#1527,#304,.T.);
#1809=EDGE_CURVE('',#1530,#1529,#305,.T.);
#1810=EDGE_CURVE('',#1531,#1530,#306,.T.);
#1811=EDGE_CURVE('',#1528,#1531,#307,.T.);
#1812=EDGE_CURVE('',#1532,#1533,#308,.T.);
#1813=EDGE_CURVE('',#1534,#1532,#309,.T.);
#1814=EDGE_CURVE('',#1535,#1534,#310,.T.);
#1815=EDGE_CURVE('',#1533,#1535,#311,.T.);
#1816=EDGE_CURVE('',#1536,#1537,#312,.T.);
#1817=EDGE_CURVE('',#1538,#1536,#313,.T.);
#1818=EDGE_CURVE('',#1539,#1538,#314,.T.);
#1819=EDGE_CURVE('',#1540,#1539,#315,.T.);
#1820=EDGE_CURVE('',#1537,#1540,#316,.T.);
#1821=EDGE_CURVE('',#1515,#1541,#317,.T.);
#1822=EDGE_CURVE('',#1541,#1502,#318,.T.);
#1823=EDGE_CURVE('',#1542,#1543,#319,.T.);
#1824=EDGE_CURVE('',#1543,#1544,#320,.T.);
#1825=EDGE_CURVE('',#1545,#1544,#321,.T.);
#1826=EDGE_CURVE('',#1542,#1545,#322,.T.);
#1827=EDGE_CURVE('',#1546,#1547,#323,.T.);
#1828=EDGE_CURVE('',#1546,#1548,#324,.T.);
#1829=EDGE_CURVE('',#1549,#1548,#325,.T.);
#1830=EDGE_CURVE('',#1503,#1549,#326,.T.);
#1831=EDGE_CURVE('',#1541,#1550,#327,.T.);
#1832=EDGE_CURVE('',#1550,#1547,#328,.T.);
#1833=EDGE_CURVE('',#1551,#1514,#329,.T.);
#1834=EDGE_CURVE('',#1475,#1551,#330,.T.);
#1835=EDGE_CURVE('',#1474,#1552,#331,.T.);
#1836=EDGE_CURVE('',#1552,#1550,#332,.T.);
#1837=EDGE_CURVE('',#1553,#1543,#333,.T.);
#1838=EDGE_CURVE('',#1554,#1542,#334,.T.);
#1839=EDGE_CURVE('',#1554,#1553,#335,.T.);
#1840=EDGE_CURVE('',#1544,#1555,#336,.T.);
#1841=EDGE_CURVE('',#1556,#1555,#337,.T.);
#1842=EDGE_CURVE('',#1545,#1556,#338,.T.);
#1843=EDGE_CURVE('',#1555,#1553,#339,.T.);
#1844=EDGE_CURVE('',#1556,#1554,#340,.T.);
#1845=EDGE_CURVE('',#1548,#1471,#341,.T.);
#1846=EDGE_CURVE('',#1549,#1516,#342,.T.);
#1847=EDGE_CURVE('',#1468,#1511,#343,.T.);
#1848=EDGE_CURVE('',#1517,#1510,#344,.T.);
#1849=EDGE_CURVE('',#1517,#1557,#345,.T.);
#1850=EDGE_CURVE('',#1557,#1558,#346,.T.);
#1851=EDGE_CURVE('',#1507,#1558,#347,.T.);
#1852=EDGE_CURVE('',#1557,#1510,#348,.T.);
#1853=EDGE_CURVE('',#1558,#1508,#349,.T.);
#1854=EDGE_CURVE('',#1559,#1516,#350,.T.);
#1855=EDGE_CURVE('',#1560,#1504,#351,.T.);
#1856=EDGE_CURVE('',#1559,#1560,#352,.T.);
#1857=EDGE_CURVE('',#1549,#1559,#353,.T.);
#1858=EDGE_CURVE('',#1503,#1560,#354,.T.);
#1859=EDGE_CURVE('',#1467,#1561,#355,.T.);
#1860=EDGE_CURVE('',#1562,#1561,#356,.T.);
#1861=EDGE_CURVE('',#1466,#1562,#357,.T.);
#1862=EDGE_CURVE('',#1512,#1466,#358,.T.);
#1863=EDGE_CURVE('',#1513,#1562,#359,.T.);
#1864=EDGE_CURVE('',#1561,#1551,#360,.T.);
#1865=EDGE_CURVE('',#1473,#1563,#361,.T.);
#1866=EDGE_CURVE('',#1563,#1552,#362,.T.);
#1867=EDGE_CURVE('',#1472,#1564,#363,.T.);
#1868=EDGE_CURVE('',#1564,#1563,#364,.T.);
#1869=EDGE_CURVE('',#1472,#1546,#365,.T.);
#1870=EDGE_CURVE('',#1547,#1564,#366,.T.);
#1871=EDGE_CURVE('',#1537,#1565,#367,.T.);
#1872=EDGE_CURVE('',#1565,#1566,#368,.T.);
#1873=EDGE_CURVE('',#1536,#1566,#369,.T.);
#1874=EDGE_CURVE('',#1540,#1567,#370,.T.);
#1875=EDGE_CURVE('',#1567,#1565,#371,.T.);
#1876=EDGE_CURVE('',#1539,#1568,#372,.T.);
#1877=EDGE_CURVE('',#1568,#1567,#373,.T.);
#1878=EDGE_CURVE('',#1538,#1569,#374,.T.);
#1879=EDGE_CURVE('',#1569,#1568,#375,.T.);
#1880=EDGE_CURVE('',#1566,#1569,#376,.T.);
#1881=EDGE_CURVE('',#1570,#1571,#377,.T.);
#1882=EDGE_CURVE('',#1570,#1572,#378,.T.);
#1883=EDGE_CURVE('',#1572,#1573,#379,.T.);
#1884=EDGE_CURVE('',#1573,#1571,#380,.T.);
#1885=EDGE_CURVE('',#1533,#1574,#381,.T.);
#1886=EDGE_CURVE('',#1574,#1575,#382,.T.);
#1887=EDGE_CURVE('',#1532,#1575,#383,.T.);
#1888=EDGE_CURVE('',#1535,#1576,#384,.T.);
#1889=EDGE_CURVE('',#1576,#1574,#385,.T.);
#1890=EDGE_CURVE('',#1534,#1577,#386,.T.);
#1891=EDGE_CURVE('',#1577,#1576,#387,.T.);
#1892=EDGE_CURVE('',#1575,#1577,#388,.T.);
#1893=EDGE_CURVE('',#1578,#1579,#389,.T.);
#1894=EDGE_CURVE('',#1578,#1580,#390,.T.);
#1895=EDGE_CURVE('',#1580,#1581,#391,.T.);
#1896=EDGE_CURVE('',#1581,#1579,#392,.T.);
#1897=EDGE_CURVE('',#1528,#1582,#393,.T.);
#1898=EDGE_CURVE('',#1582,#1583,#394,.T.);
#1899=EDGE_CURVE('',#1527,#1583,#395,.T.);
#1900=EDGE_CURVE('',#1531,#1584,#396,.T.);
#1901=EDGE_CURVE('',#1584,#1582,#397,.T.);
#1902=EDGE_CURVE('',#1530,#1585,#398,.T.);
#1903=EDGE_CURVE('',#1585,#1584,#399,.T.);
#1904=EDGE_CURVE('',#1529,#1586,#400,.T.);
#1905=EDGE_CURVE('',#1586,#1585,#401,.T.);
#1906=EDGE_CURVE('',#1583,#1586,#402,.T.);
#1907=EDGE_CURVE('',#1587,#1588,#403,.T.);
#1908=EDGE_CURVE('',#1587,#1589,#404,.T.);
#1909=EDGE_CURVE('',#1589,#1590,#405,.T.);
#1910=EDGE_CURVE('',#1590,#1588,#406,.T.);
#1911=EDGE_CURVE('',#1524,#1591,#407,.T.);
#1912=EDGE_CURVE('',#1591,#1592,#408,.T.);
#1913=EDGE_CURVE('',#1523,#1592,#409,.T.);
#1914=EDGE_CURVE('',#1526,#1593,#410,.T.);
#1915=EDGE_CURVE('',#1593,#1591,#411,.T.);
#1916=EDGE_CURVE('',#1525,#1594,#412,.T.);
#1917=EDGE_CURVE('',#1594,#1593,#413,.T.);
#1918=EDGE_CURVE('',#1592,#1594,#414,.T.);
#1919=EDGE_CURVE('',#1595,#1596,#415,.T.);
#1920=EDGE_CURVE('',#1595,#1597,#416,.T.);
#1921=EDGE_CURVE('',#1597,#1598,#417,.T.);
#1922=EDGE_CURVE('',#1598,#1596,#418,.T.);
#1923=EDGE_CURVE('',#1519,#1599,#419,.T.);
#1924=EDGE_CURVE('',#1599,#1600,#420,.T.);
#1925=EDGE_CURVE('',#1518,#1600,#421,.T.);
#1926=EDGE_CURVE('',#1522,#1601,#422,.T.);
#1927=EDGE_CURVE('',#1601,#1599,#423,.T.);
#1928=EDGE_CURVE('',#1521,#1602,#424,.T.);
#1929=EDGE_CURVE('',#1602,#1601,#425,.T.);
#1930=EDGE_CURVE('',#1520,#1603,#426,.T.);
#1931=EDGE_CURVE('',#1603,#1602,#427,.T.);
#1932=EDGE_CURVE('',#1600,#1603,#428,.T.);
#1933=EDGE_CURVE('',#1604,#1605,#429,.T.);
#1934=EDGE_CURVE('',#1604,#1606,#430,.T.);
#1935=EDGE_CURVE('',#1606,#1607,#431,.T.);
#1936=EDGE_CURVE('',#1607,#1605,#432,.T.);
#1937=EDGE_CURVE('',#1465,#1500,#433,.T.);
#1938=EDGE_CURVE('',#1608,#1498,#434,.T.);
#1939=EDGE_CURVE('',#1445,#1608,#435,.T.);
#1940=EDGE_CURVE('',#1609,#1608,#436,.T.);
#1941=EDGE_CURVE('',#1610,#1609,#437,.T.);
#1942=EDGE_CURVE('',#1446,#1610,#438,.T.);
#1943=EDGE_CURVE('',#1501,#1464,#439,.T.);
#1944=EDGE_CURVE('',#1611,#1463,#440,.T.);
#1945=EDGE_CURVE('',#1612,#1611,#441,.T.);
#1946=EDGE_CURVE('',#1613,#1612,#442,.T.);
#1947=EDGE_CURVE('',#1613,#1614,#443,.T.);
#1948=EDGE_CURVE('',#1614,#1610,#444,.T.);
#1949=EDGE_CURVE('',#1499,#1609,#445,.T.);
#1950=EDGE_CURVE('',#1459,#1442,#446,.T.);
#1951=EDGE_CURVE('',#1615,#1458,#447,.T.);
#1952=EDGE_CURVE('',#1443,#1615,#448,.T.);
#1953=EDGE_CURVE('',#1497,#1462,#449,.T.);
#1954=EDGE_CURVE('',#1496,#1615,#450,.T.);
#1955=EDGE_CURVE('',#1616,#1617,#451,.T.);
#1956=EDGE_CURVE('',#1617,#1618,#452,.T.);
#1957=EDGE_CURVE('',#1618,#1619,#453,.T.);
#1958=EDGE_CURVE('',#1619,#1616,#454,.T.);
#1959=EDGE_CURVE('',#1571,#1620,#455,.T.);
#1960=EDGE_CURVE('',#1620,#1621,#456,.T.);
#1961=EDGE_CURVE('',#1621,#1570,#457,.T.);
#1962=EDGE_CURVE('',#1622,#1572,#458,.T.);
#1963=EDGE_CURVE('',#1622,#1623,#459,.T.);
#1964=EDGE_CURVE('',#1573,#1623,#460,.T.);
#1965=EDGE_CURVE('',#1623,#1620,#461,.T.);
#1966=EDGE_CURVE('',#1621,#1622,#462,.T.);
#1967=EDGE_CURVE('',#1493,#1624,#463,.T.);
#1968=EDGE_CURVE('',#1624,#1625,#464,.T.);
#1969=EDGE_CURVE('',#1625,#1492,#465,.T.);
#1970=EDGE_CURVE('',#1626,#1494,#466,.T.);
#1971=EDGE_CURVE('',#1626,#1627,#467,.T.);
#1972=EDGE_CURVE('',#1495,#1627,#468,.T.);
#1973=EDGE_CURVE('',#1627,#1624,#469,.T.);
#1974=EDGE_CURVE('',#1628,#1629,#470,.T.);
#1975=EDGE_CURVE('',#1629,#1630,#471,.T.);
#1976=EDGE_CURVE('',#1630,#1631,#472,.T.);
#1977=EDGE_CURVE('',#1631,#1628,#473,.T.);
#1978=EDGE_CURVE('',#1625,#1626,#474,.T.);
#1979=EDGE_CURVE('',#1626,#1631,#475,.T.);
#1980=EDGE_CURVE('',#1628,#1625,#476,.T.);
#1981=EDGE_CURVE('',#1629,#1624,#477,.T.);
#1982=EDGE_CURVE('',#1627,#1630,#478,.T.);
#1983=EDGE_CURVE('',#1622,#1619,#479,.T.);
#1984=EDGE_CURVE('',#1616,#1621,#480,.T.);
#1985=EDGE_CURVE('',#1617,#1620,#481,.T.);
#1986=EDGE_CURVE('',#1623,#1618,#482,.T.);
#1987=EDGE_CURVE('',#1632,#1633,#483,.T.);
#1988=EDGE_CURVE('',#1633,#1634,#484,.T.);
#1989=EDGE_CURVE('',#1634,#1635,#485,.T.);
#1990=EDGE_CURVE('',#1635,#1632,#486,.T.);
#1991=EDGE_CURVE('',#1579,#1636,#487,.T.);
#1992=EDGE_CURVE('',#1636,#1637,#488,.T.);
#1993=EDGE_CURVE('',#1637,#1578,#489,.T.);
#1994=EDGE_CURVE('',#1638,#1580,#490,.T.);
#1995=EDGE_CURVE('',#1638,#1639,#491,.T.);
#1996=EDGE_CURVE('',#1581,#1639,#492,.T.);
#1997=EDGE_CURVE('',#1639,#1636,#493,.T.);
#1998=EDGE_CURVE('',#1637,#1638,#494,.T.);
#1999=EDGE_CURVE('',#1489,#1640,#495,.T.);
#2000=EDGE_CURVE('',#1640,#1641,#496,.T.);
#2001=EDGE_CURVE('',#1641,#1488,#497,.T.);
#2002=EDGE_CURVE('',#1642,#1490,#498,.T.);
#2003=EDGE_CURVE('',#1642,#1643,#499,.T.);
#2004=EDGE_CURVE('',#1491,#1643,#500,.T.);
#2005=EDGE_CURVE('',#1643,#1640,#501,.T.);
#2006=EDGE_CURVE('',#1644,#1645,#502,.T.);
#2007=EDGE_CURVE('',#1645,#1646,#503,.T.);
#2008=EDGE_CURVE('',#1646,#1647,#504,.T.);
#2009=EDGE_CURVE('',#1647,#1644,#505,.T.);
#2010=EDGE_CURVE('',#1641,#1642,#506,.T.);
#2011=EDGE_CURVE('',#1642,#1647,#507,.T.);
#2012=EDGE_CURVE('',#1644,#1641,#508,.T.);
#2013=EDGE_CURVE('',#1645,#1640,#509,.T.);
#2014=EDGE_CURVE('',#1643,#1646,#510,.T.);
#2015=EDGE_CURVE('',#1638,#1635,#511,.T.);
#2016=EDGE_CURVE('',#1632,#1637,#512,.T.);
#2017=EDGE_CURVE('',#1633,#1636,#513,.T.);
#2018=EDGE_CURVE('',#1639,#1634,#514,.T.);
#2019=EDGE_CURVE('',#1648,#1649,#515,.T.);
#2020=EDGE_CURVE('',#1649,#1650,#516,.T.);
#2021=EDGE_CURVE('',#1650,#1651,#517,.T.);
#2022=EDGE_CURVE('',#1651,#1648,#518,.T.);
#2023=EDGE_CURVE('',#1588,#1652,#519,.T.);
#2024=EDGE_CURVE('',#1652,#1653,#520,.T.);
#2025=EDGE_CURVE('',#1653,#1587,#521,.T.);
#2026=EDGE_CURVE('',#1654,#1589,#522,.T.);
#2027=EDGE_CURVE('',#1654,#1655,#523,.T.);
#2028=EDGE_CURVE('',#1590,#1655,#524,.T.);
#2029=EDGE_CURVE('',#1655,#1652,#525,.T.);
#2030=EDGE_CURVE('',#1653,#1654,#526,.T.);
#2031=EDGE_CURVE('',#1485,#1656,#527,.T.);
#2032=EDGE_CURVE('',#1656,#1657,#528,.T.);
#2033=EDGE_CURVE('',#1657,#1484,#529,.T.);
#2034=EDGE_CURVE('',#1658,#1486,#530,.T.);
#2035=EDGE_CURVE('',#1658,#1659,#531,.T.);
#2036=EDGE_CURVE('',#1487,#1659,#532,.T.);
#2037=EDGE_CURVE('',#1659,#1656,#533,.T.);
#2038=EDGE_CURVE('',#1660,#1661,#534,.T.);
#2039=EDGE_CURVE('',#1661,#1662,#535,.T.);
#2040=EDGE_CURVE('',#1662,#1663,#536,.T.);
#2041=EDGE_CURVE('',#1663,#1660,#537,.T.);
#2042=EDGE_CURVE('',#1657,#1658,#538,.T.);
#2043=EDGE_CURVE('',#1658,#1663,#539,.T.);
#2044=EDGE_CURVE('',#1660,#1657,#540,.T.);
#2045=EDGE_CURVE('',#1661,#1656,#541,.T.);
#2046=EDGE_CURVE('',#1659,#1662,#542,.T.);
#2047=EDGE_CURVE('',#1654,#1651,#543,.T.);
#2048=EDGE_CURVE('',#1648,#1653,#544,.T.);
#2049=EDGE_CURVE('',#1649,#1652,#545,.T.);
#2050=EDGE_CURVE('',#1655,#1650,#546,.T.);
#2051=EDGE_CURVE('',#1664,#1665,#547,.T.);
#2052=EDGE_CURVE('',#1665,#1666,#548,.T.);
#2053=EDGE_CURVE('',#1666,#1667,#549,.T.);
#2054=EDGE_CURVE('',#1667,#1664,#550,.T.);
#2055=EDGE_CURVE('',#1596,#1668,#551,.T.);
#2056=EDGE_CURVE('',#1668,#1669,#552,.T.);
#2057=EDGE_CURVE('',#1669,#1595,#553,.T.);
#2058=EDGE_CURVE('',#1670,#1597,#554,.T.);
#2059=EDGE_CURVE('',#1670,#1671,#555,.T.);
#2060=EDGE_CURVE('',#1598,#1671,#556,.T.);
#2061=EDGE_CURVE('',#1671,#1668,#557,.T.);
#2062=EDGE_CURVE('',#1669,#1670,#558,.T.);
#2063=EDGE_CURVE('',#1481,#1672,#559,.T.);
#2064=EDGE_CURVE('',#1672,#1673,#560,.T.);
#2065=EDGE_CURVE('',#1673,#1480,#561,.T.);
#2066=EDGE_CURVE('',#1674,#1482,#562,.T.);
#2067=EDGE_CURVE('',#1674,#1675,#563,.T.);
#2068=EDGE_CURVE('',#1483,#1675,#564,.T.);
#2069=EDGE_CURVE('',#1675,#1672,#565,.T.);
#2070=EDGE_CURVE('',#1676,#1677,#566,.T.);
#2071=EDGE_CURVE('',#1677,#1678,#567,.T.);
#2072=EDGE_CURVE('',#1678,#1679,#568,.T.);
#2073=EDGE_CURVE('',#1679,#1676,#569,.T.);
#2074=EDGE_CURVE('',#1673,#1674,#570,.T.);
#2075=EDGE_CURVE('',#1674,#1679,#571,.T.);
#2076=EDGE_CURVE('',#1676,#1673,#572,.T.);
#2077=EDGE_CURVE('',#1677,#1672,#573,.T.);
#2078=EDGE_CURVE('',#1675,#1678,#574,.T.);
#2079=EDGE_CURVE('',#1670,#1667,#575,.T.);
#2080=EDGE_CURVE('',#1664,#1669,#576,.T.);
#2081=EDGE_CURVE('',#1665,#1668,#577,.T.);
#2082=EDGE_CURVE('',#1671,#1666,#578,.T.);
#2083=EDGE_CURVE('',#1680,#1681,#579,.T.);
#2084=EDGE_CURVE('',#1681,#1682,#580,.T.);
#2085=EDGE_CURVE('',#1682,#1683,#581,.T.);
#2086=EDGE_CURVE('',#1683,#1680,#582,.T.);
#2087=EDGE_CURVE('',#1605,#1684,#583,.T.);
#2088=EDGE_CURVE('',#1684,#1685,#584,.T.);
#2089=EDGE_CURVE('',#1685,#1604,#585,.T.);
#2090=EDGE_CURVE('',#1686,#1606,#586,.T.);
#2091=EDGE_CURVE('',#1686,#1687,#587,.T.);
#2092=EDGE_CURVE('',#1607,#1687,#588,.T.);
#2093=EDGE_CURVE('',#1687,#1684,#589,.T.);
#2094=EDGE_CURVE('',#1685,#1686,#590,.T.);
#2095=EDGE_CURVE('',#1477,#1688,#591,.T.);
#2096=EDGE_CURVE('',#1688,#1689,#592,.T.);
#2097=EDGE_CURVE('',#1689,#1476,#593,.T.);
#2098=EDGE_CURVE('',#1690,#1478,#594,.T.);
#2099=EDGE_CURVE('',#1690,#1691,#595,.T.);
#2100=EDGE_CURVE('',#1479,#1691,#596,.T.);
#2101=EDGE_CURVE('',#1691,#1688,#597,.T.);
#2102=EDGE_CURVE('',#1692,#1693,#598,.T.);
#2103=EDGE_CURVE('',#1693,#1694,#599,.T.);
#2104=EDGE_CURVE('',#1694,#1695,#600,.T.);
#2105=EDGE_CURVE('',#1695,#1692,#601,.T.);
#2106=EDGE_CURVE('',#1689,#1690,#602,.T.);
#2107=EDGE_CURVE('',#1690,#1695,#603,.T.);
#2108=EDGE_CURVE('',#1692,#1689,#604,.T.);
#2109=EDGE_CURVE('',#1693,#1688,#605,.T.);
#2110=EDGE_CURVE('',#1691,#1694,#606,.T.);
#2111=EDGE_CURVE('',#1686,#1683,#607,.T.);
#2112=EDGE_CURVE('',#1680,#1685,#608,.T.);
#2113=EDGE_CURVE('',#1681,#1684,#609,.T.);
#2114=EDGE_CURVE('',#1687,#1682,#610,.T.);
#2115=EDGE_CURVE('',#1433,#1614,#611,.T.);
#2116=EDGE_CURVE('',#1447,#1438,#612,.T.);
#2117=EDGE_CURVE('',#1439,#1448,#613,.T.);
#2118=EDGE_CURVE('',#1611,#1432,#614,.T.);
#2119=EDGE_CURVE('',#1440,#1436,#615,.T.);
#2120=EDGE_CURVE('',#1437,#1441,#616,.T.);
#2121=EDGE_CURVE('',#1431,#1613,#617,.T.);
#2122=EDGE_CURVE('',#1612,#1430,#618,.T.);
#2123=ORIENTED_EDGE('',*,*,#1696,.F.);
#2124=ORIENTED_EDGE('',*,*,#1697,.T.);
#2125=ORIENTED_EDGE('',*,*,#1698,.T.);
#2126=ORIENTED_EDGE('',*,*,#1699,.F.);
#2127=ORIENTED_EDGE('',*,*,#1700,.F.);
#2128=ORIENTED_EDGE('',*,*,#1701,.T.);
#2129=ORIENTED_EDGE('',*,*,#1702,.T.);
#2130=ORIENTED_EDGE('',*,*,#1703,.F.);
#2131=ORIENTED_EDGE('',*,*,#1704,.F.);
#2132=ORIENTED_EDGE('',*,*,#1705,.F.);
#2133=ORIENTED_EDGE('',*,*,#1698,.F.);
#2134=ORIENTED_EDGE('',*,*,#1706,.T.);
#2135=ORIENTED_EDGE('',*,*,#1707,.F.);
#2136=ORIENTED_EDGE('',*,*,#1708,.T.);
#2137=ORIENTED_EDGE('',*,*,#1709,.T.);
#2138=ORIENTED_EDGE('',*,*,#1710,.T.);
#2139=ORIENTED_EDGE('',*,*,#1711,.F.);
#2140=ORIENTED_EDGE('',*,*,#1712,.T.);
#2141=ORIENTED_EDGE('',*,*,#1713,.F.);
#2142=ORIENTED_EDGE('',*,*,#1714,.F.);
#2143=ORIENTED_EDGE('',*,*,#1715,.T.);
#2144=ORIENTED_EDGE('',*,*,#1716,.T.);
#2145=ORIENTED_EDGE('',*,*,#1700,.T.);
#2146=ORIENTED_EDGE('',*,*,#1717,.F.);
#2147=ORIENTED_EDGE('',*,*,#1718,.F.);
#2148=ORIENTED_EDGE('',*,*,#1719,.T.);
#2149=ORIENTED_EDGE('',*,*,#1720,.T.);
#2150=ORIENTED_EDGE('',*,*,#1721,.T.);
#2151=ORIENTED_EDGE('',*,*,#1722,.F.);
#2152=ORIENTED_EDGE('',*,*,#1723,.T.);
#2153=ORIENTED_EDGE('',*,*,#1724,.T.);
#2154=ORIENTED_EDGE('',*,*,#1725,.F.);
#2155=ORIENTED_EDGE('',*,*,#1726,.F.);
#2156=ORIENTED_EDGE('',*,*,#1727,.F.);
#2157=ORIENTED_EDGE('',*,*,#1728,.F.);
#2158=ORIENTED_EDGE('',*,*,#1729,.F.);
#2159=ORIENTED_EDGE('',*,*,#1730,.T.);
#2160=ORIENTED_EDGE('',*,*,#1719,.F.);
#2161=ORIENTED_EDGE('',*,*,#1731,.F.);
#2162=ORIENTED_EDGE('',*,*,#1728,.T.);
#2163=ORIENTED_EDGE('',*,*,#1732,.T.);
#2164=ORIENTED_EDGE('',*,*,#1720,.F.);
#2165=ORIENTED_EDGE('',*,*,#1733,.F.);
#2166=ORIENTED_EDGE('',*,*,#1717,.T.);
#2167=ORIENTED_EDGE('',*,*,#1729,.T.);
#2168=ORIENTED_EDGE('',*,*,#1731,.T.);
#2169=ORIENTED_EDGE('',*,*,#1718,.T.);
#2170=ORIENTED_EDGE('',*,*,#1733,.T.);
#2171=ORIENTED_EDGE('',*,*,#1734,.F.);
#2172=ORIENTED_EDGE('',*,*,#1710,.F.);
#2173=ORIENTED_EDGE('',*,*,#1735,.F.);
#2174=ORIENTED_EDGE('',*,*,#1736,.T.);
#2175=ORIENTED_EDGE('',*,*,#1722,.T.);
#2176=ORIENTED_EDGE('',*,*,#1737,.F.);
#2177=ORIENTED_EDGE('',*,*,#1738,.F.);
#2178=ORIENTED_EDGE('',*,*,#1739,.T.);
#2179=ORIENTED_EDGE('',*,*,#1740,.T.);
#2180=ORIENTED_EDGE('',*,*,#1716,.F.);
#2181=ORIENTED_EDGE('',*,*,#1741,.F.);
#2182=ORIENTED_EDGE('',*,*,#1742,.T.);
#2183=ORIENTED_EDGE('',*,*,#1743,.T.);
#2184=ORIENTED_EDGE('',*,*,#1744,.F.);
#2185=ORIENTED_EDGE('',*,*,#1745,.T.);
#2186=ORIENTED_EDGE('',*,*,#1746,.T.);
#2187=ORIENTED_EDGE('',*,*,#1747,.T.);
#2188=ORIENTED_EDGE('',*,*,#1748,.T.);
#2189=ORIENTED_EDGE('',*,*,#1749,.T.);
#2190=ORIENTED_EDGE('',*,*,#1750,.F.);
#2191=ORIENTED_EDGE('',*,*,#1751,.F.);
#2192=ORIENTED_EDGE('',*,*,#1752,.T.);
#2193=ORIENTED_EDGE('',*,*,#1753,.T.);
#2194=ORIENTED_EDGE('',*,*,#1754,.T.);
#2195=ORIENTED_EDGE('',*,*,#1755,.F.);
#2196=ORIENTED_EDGE('',*,*,#1756,.T.);
#2197=ORIENTED_EDGE('',*,*,#1757,.T.);
#2198=ORIENTED_EDGE('',*,*,#1758,.T.);
#2199=ORIENTED_EDGE('',*,*,#1759,.F.);
#2200=ORIENTED_EDGE('',*,*,#1760,.T.);
#2201=ORIENTED_EDGE('',*,*,#1761,.T.);
#2202=ORIENTED_EDGE('',*,*,#1762,.T.);
#2203=ORIENTED_EDGE('',*,*,#1763,.F.);
#2204=ORIENTED_EDGE('',*,*,#1764,.T.);
#2205=ORIENTED_EDGE('',*,*,#1765,.T.);
#2206=ORIENTED_EDGE('',*,*,#1766,.T.);
#2207=ORIENTED_EDGE('',*,*,#1767,.F.);
#2208=ORIENTED_EDGE('',*,*,#1768,.T.);
#2209=ORIENTED_EDGE('',*,*,#1769,.T.);
#2210=ORIENTED_EDGE('',*,*,#1770,.T.);
#2211=ORIENTED_EDGE('',*,*,#1771,.F.);
#2212=ORIENTED_EDGE('',*,*,#1724,.F.);
#2213=ORIENTED_EDGE('',*,*,#1772,.T.);
#2214=ORIENTED_EDGE('',*,*,#1773,.T.);
#2215=ORIENTED_EDGE('',*,*,#1774,.F.);
#2216=ORIENTED_EDGE('',*,*,#1775,.F.);
#2217=ORIENTED_EDGE('',*,*,#1776,.T.);
#2218=ORIENTED_EDGE('',*,*,#1777,.T.);
#2219=ORIENTED_EDGE('',*,*,#1778,.T.);
#2220=ORIENTED_EDGE('',*,*,#1779,.T.);
#2221=ORIENTED_EDGE('',*,*,#1780,.F.);
#2222=ORIENTED_EDGE('',*,*,#1781,.T.);
#2223=ORIENTED_EDGE('',*,*,#1782,.T.);
#2224=ORIENTED_EDGE('',*,*,#1783,.T.);
#2225=ORIENTED_EDGE('',*,*,#1784,.F.);
#2226=ORIENTED_EDGE('',*,*,#1785,.T.);
#2227=ORIENTED_EDGE('',*,*,#1786,.T.);
#2228=ORIENTED_EDGE('',*,*,#1787,.T.);
#2229=ORIENTED_EDGE('',*,*,#1788,.T.);
#2230=ORIENTED_EDGE('',*,*,#1789,.F.);
#2231=ORIENTED_EDGE('',*,*,#1790,.T.);
#2232=ORIENTED_EDGE('',*,*,#1791,.T.);
#2233=ORIENTED_EDGE('',*,*,#1784,.T.);
#2234=ORIENTED_EDGE('',*,*,#1792,.T.);
#2235=ORIENTED_EDGE('',*,*,#1782,.F.);
#2236=ORIENTED_EDGE('',*,*,#1793,.T.);
#2237=ORIENTED_EDGE('',*,*,#1780,.T.);
#2238=ORIENTED_EDGE('',*,*,#1794,.T.);
#2239=ORIENTED_EDGE('',*,*,#1795,.T.);
#2240=ORIENTED_EDGE('',*,*,#1744,.T.);
#2241=ORIENTED_EDGE('',*,*,#1796,.F.);
#2242=ORIENTED_EDGE('',*,*,#1797,.F.);
#2243=ORIENTED_EDGE('',*,*,#1798,.F.);
#2244=ORIENTED_EDGE('',*,*,#1799,.F.);
#2245=ORIENTED_EDGE('',*,*,#1800,.F.);
#2246=ORIENTED_EDGE('',*,*,#1801,.F.);
#2247=ORIENTED_EDGE('',*,*,#1802,.F.);
#2248=ORIENTED_EDGE('',*,*,#1803,.F.);
#2249=ORIENTED_EDGE('',*,*,#1804,.F.);
#2250=ORIENTED_EDGE('',*,*,#1805,.F.);
#2251=ORIENTED_EDGE('',*,*,#1806,.F.);
#2252=ORIENTED_EDGE('',*,*,#1807,.F.);
#2253=ORIENTED_EDGE('',*,*,#1808,.F.);
#2254=ORIENTED_EDGE('',*,*,#1809,.F.);
#2255=ORIENTED_EDGE('',*,*,#1810,.F.);
#2256=ORIENTED_EDGE('',*,*,#1811,.F.);
#2257=ORIENTED_EDGE('',*,*,#1812,.F.);
#2258=ORIENTED_EDGE('',*,*,#1813,.F.);
#2259=ORIENTED_EDGE('',*,*,#1814,.F.);
#2260=ORIENTED_EDGE('',*,*,#1815,.F.);
#2261=ORIENTED_EDGE('',*,*,#1816,.F.);
#2262=ORIENTED_EDGE('',*,*,#1817,.F.);
#2263=ORIENTED_EDGE('',*,*,#1818,.F.);
#2264=ORIENTED_EDGE('',*,*,#1819,.F.);
#2265=ORIENTED_EDGE('',*,*,#1820,.F.);
#2266=ORIENTED_EDGE('',*,*,#1785,.F.);
#2267=ORIENTED_EDGE('',*,*,#1791,.F.);
#2268=ORIENTED_EDGE('',*,*,#1821,.T.);
#2269=ORIENTED_EDGE('',*,*,#1822,.T.);
#2270=ORIENTED_EDGE('',*,*,#1781,.F.);
#2271=ORIENTED_EDGE('',*,*,#1793,.F.);
#2272=ORIENTED_EDGE('',*,*,#1823,.T.);
#2273=ORIENTED_EDGE('',*,*,#1824,.T.);
#2274=ORIENTED_EDGE('',*,*,#1825,.F.);
#2275=ORIENTED_EDGE('',*,*,#1826,.F.);
#2276=ORIENTED_EDGE('',*,*,#1827,.F.);
#2277=ORIENTED_EDGE('',*,*,#1828,.T.);
#2278=ORIENTED_EDGE('',*,*,#1829,.F.);
#2279=ORIENTED_EDGE('',*,*,#1830,.F.);
#2280=ORIENTED_EDGE('',*,*,#1778,.F.);
#2281=ORIENTED_EDGE('',*,*,#1822,.F.);
#2282=ORIENTED_EDGE('',*,*,#1831,.T.);
#2283=ORIENTED_EDGE('',*,*,#1832,.T.);
#2284=ORIENTED_EDGE('',*,*,#1831,.F.);
#2285=ORIENTED_EDGE('',*,*,#1821,.F.);
#2286=ORIENTED_EDGE('',*,*,#1790,.F.);
#2287=ORIENTED_EDGE('',*,*,#1833,.F.);
#2288=ORIENTED_EDGE('',*,*,#1834,.F.);
#2289=ORIENTED_EDGE('',*,*,#1749,.F.);
#2290=ORIENTED_EDGE('',*,*,#1835,.T.);
#2291=ORIENTED_EDGE('',*,*,#1836,.T.);
#2292=ORIENTED_EDGE('',*,*,#1837,.T.);
#2293=ORIENTED_EDGE('',*,*,#1823,.F.);
#2294=ORIENTED_EDGE('',*,*,#1838,.F.);
#2295=ORIENTED_EDGE('',*,*,#1839,.T.);
#2296=ORIENTED_EDGE('',*,*,#1840,.T.);
#2297=ORIENTED_EDGE('',*,*,#1841,.F.);
#2298=ORIENTED_EDGE('',*,*,#1842,.F.);
#2299=ORIENTED_EDGE('',*,*,#1825,.T.);
#2300=ORIENTED_EDGE('',*,*,#1843,.T.);
#2301=ORIENTED_EDGE('',*,*,#1839,.F.);
#2302=ORIENTED_EDGE('',*,*,#1844,.F.);
#2303=ORIENTED_EDGE('',*,*,#1841,.T.);
#2304=ORIENTED_EDGE('',*,*,#1838,.T.);
#2305=ORIENTED_EDGE('',*,*,#1826,.T.);
#2306=ORIENTED_EDGE('',*,*,#1842,.T.);
#2307=ORIENTED_EDGE('',*,*,#1844,.T.);
#2308=ORIENTED_EDGE('',*,*,#1837,.F.);
#2309=ORIENTED_EDGE('',*,*,#1843,.F.);
#2310=ORIENTED_EDGE('',*,*,#1840,.F.);
#2311=ORIENTED_EDGE('',*,*,#1824,.F.);
#2312=ORIENTED_EDGE('',*,*,#1829,.T.);
#2313=ORIENTED_EDGE('',*,*,#1845,.T.);
#2314=ORIENTED_EDGE('',*,*,#1745,.F.);
#2315=ORIENTED_EDGE('',*,*,#1795,.F.);
#2316=ORIENTED_EDGE('',*,*,#1846,.F.);
#2317=ORIENTED_EDGE('',*,*,#1743,.F.);
#2318=ORIENTED_EDGE('',*,*,#1847,.T.);
#2319=ORIENTED_EDGE('',*,*,#1786,.F.);
#2320=ORIENTED_EDGE('',*,*,#1848,.F.);
#2321=ORIENTED_EDGE('',*,*,#1796,.T.);
#2322=ORIENTED_EDGE('',*,*,#1849,.T.);
#2323=ORIENTED_EDGE('',*,*,#1850,.T.);
#2324=ORIENTED_EDGE('',*,*,#1851,.F.);
#2325=ORIENTED_EDGE('',*,*,#1797,.T.);
#2326=ORIENTED_EDGE('',*,*,#1852,.T.);
#2327=ORIENTED_EDGE('',*,*,#1792,.F.);
#2328=ORIENTED_EDGE('',*,*,#1853,.F.);
#2329=ORIENTED_EDGE('',*,*,#1850,.F.);
#2330=ORIENTED_EDGE('',*,*,#1851,.T.);
#2331=ORIENTED_EDGE('',*,*,#1853,.T.);
#2332=ORIENTED_EDGE('',*,*,#1783,.F.);
#2333=ORIENTED_EDGE('',*,*,#1849,.F.);
#2334=ORIENTED_EDGE('',*,*,#1848,.T.);
#2335=ORIENTED_EDGE('',*,*,#1852,.F.);
#2336=ORIENTED_EDGE('',*,*,#1854,.T.);
#2337=ORIENTED_EDGE('',*,*,#1794,.F.);
#2338=ORIENTED_EDGE('',*,*,#1855,.F.);
#2339=ORIENTED_EDGE('',*,*,#1856,.F.);
#2340=ORIENTED_EDGE('',*,*,#1857,.T.);
#2341=ORIENTED_EDGE('',*,*,#1856,.T.);
#2342=ORIENTED_EDGE('',*,*,#1858,.F.);
#2343=ORIENTED_EDGE('',*,*,#1830,.T.);
#2344=ORIENTED_EDGE('',*,*,#1779,.F.);
#2345=ORIENTED_EDGE('',*,*,#1858,.T.);
#2346=ORIENTED_EDGE('',*,*,#1855,.T.);
#2347=ORIENTED_EDGE('',*,*,#1846,.T.);
#2348=ORIENTED_EDGE('',*,*,#1854,.F.);
#2349=ORIENTED_EDGE('',*,*,#1857,.F.);
#2350=ORIENTED_EDGE('',*,*,#1741,.T.);
#2351=ORIENTED_EDGE('',*,*,#1859,.T.);
#2352=ORIENTED_EDGE('',*,*,#1860,.F.);
#2353=ORIENTED_EDGE('',*,*,#1861,.F.);
#2354=ORIENTED_EDGE('',*,*,#1788,.F.);
#2355=ORIENTED_EDGE('',*,*,#1862,.T.);
#2356=ORIENTED_EDGE('',*,*,#1861,.T.);
#2357=ORIENTED_EDGE('',*,*,#1863,.F.);
#2358=ORIENTED_EDGE('',*,*,#1750,.T.);
#2359=ORIENTED_EDGE('',*,*,#1834,.T.);
#2360=ORIENTED_EDGE('',*,*,#1864,.F.);
#2361=ORIENTED_EDGE('',*,*,#1859,.F.);
#2362=ORIENTED_EDGE('',*,*,#1860,.T.);
#2363=ORIENTED_EDGE('',*,*,#1864,.T.);
#2364=ORIENTED_EDGE('',*,*,#1833,.T.);
#2365=ORIENTED_EDGE('',*,*,#1789,.T.);
#2366=ORIENTED_EDGE('',*,*,#1863,.T.);
#2367=ORIENTED_EDGE('',*,*,#1748,.F.);
#2368=ORIENTED_EDGE('',*,*,#1865,.T.);
#2369=ORIENTED_EDGE('',*,*,#1866,.T.);
#2370=ORIENTED_EDGE('',*,*,#1835,.F.);
#2371=ORIENTED_EDGE('',*,*,#1747,.F.);
#2372=ORIENTED_EDGE('',*,*,#1867,.T.);
#2373=ORIENTED_EDGE('',*,*,#1868,.T.);
#2374=ORIENTED_EDGE('',*,*,#1865,.F.);
#2375=ORIENTED_EDGE('',*,*,#1867,.F.);
#2376=ORIENTED_EDGE('',*,*,#1869,.T.);
#2377=ORIENTED_EDGE('',*,*,#1827,.T.);
#2378=ORIENTED_EDGE('',*,*,#1870,.T.);
#2379=ORIENTED_EDGE('',*,*,#1832,.F.);
#2380=ORIENTED_EDGE('',*,*,#1836,.F.);
#2381=ORIENTED_EDGE('',*,*,#1866,.F.);
#2382=ORIENTED_EDGE('',*,*,#1868,.F.);
#2383=ORIENTED_EDGE('',*,*,#1870,.F.);
#2384=ORIENTED_EDGE('',*,*,#1862,.F.);
#2385=ORIENTED_EDGE('',*,*,#1787,.F.);
#2386=ORIENTED_EDGE('',*,*,#1847,.F.);
#2387=ORIENTED_EDGE('',*,*,#1742,.F.);
#2388=ORIENTED_EDGE('',*,*,#1869,.F.);
#2389=ORIENTED_EDGE('',*,*,#1746,.F.);
#2390=ORIENTED_EDGE('',*,*,#1845,.F.);
#2391=ORIENTED_EDGE('',*,*,#1828,.F.);
#2392=ORIENTED_EDGE('',*,*,#1816,.T.);
#2393=ORIENTED_EDGE('',*,*,#1871,.T.);
#2394=ORIENTED_EDGE('',*,*,#1872,.T.);
#2395=ORIENTED_EDGE('',*,*,#1873,.F.);
#2396=ORIENTED_EDGE('',*,*,#1820,.T.);
#2397=ORIENTED_EDGE('',*,*,#1874,.T.);
#2398=ORIENTED_EDGE('',*,*,#1875,.T.);
#2399=ORIENTED_EDGE('',*,*,#1871,.F.);
#2400=ORIENTED_EDGE('',*,*,#1819,.T.);
#2401=ORIENTED_EDGE('',*,*,#1876,.T.);
#2402=ORIENTED_EDGE('',*,*,#1877,.T.);
#2403=ORIENTED_EDGE('',*,*,#1874,.F.);
#2404=ORIENTED_EDGE('',*,*,#1818,.T.);
#2405=ORIENTED_EDGE('',*,*,#1878,.T.);
#2406=ORIENTED_EDGE('',*,*,#1879,.T.);
#2407=ORIENTED_EDGE('',*,*,#1876,.F.);
#2408=ORIENTED_EDGE('',*,*,#1817,.T.);
#2409=ORIENTED_EDGE('',*,*,#1873,.T.);
#2410=ORIENTED_EDGE('',*,*,#1880,.T.);
#2411=ORIENTED_EDGE('',*,*,#1878,.F.);
#2412=ORIENTED_EDGE('',*,*,#1872,.F.);
#2413=ORIENTED_EDGE('',*,*,#1875,.F.);
#2414=ORIENTED_EDGE('',*,*,#1877,.F.);
#2415=ORIENTED_EDGE('',*,*,#1879,.F.);
#2416=ORIENTED_EDGE('',*,*,#1880,.F.);
#2417=ORIENTED_EDGE('',*,*,#1881,.F.);
#2418=ORIENTED_EDGE('',*,*,#1882,.T.);
#2419=ORIENTED_EDGE('',*,*,#1883,.T.);
#2420=ORIENTED_EDGE('',*,*,#1884,.T.);
#2421=ORIENTED_EDGE('',*,*,#1812,.T.);
#2422=ORIENTED_EDGE('',*,*,#1885,.T.);
#2423=ORIENTED_EDGE('',*,*,#1886,.T.);
#2424=ORIENTED_EDGE('',*,*,#1887,.F.);
#2425=ORIENTED_EDGE('',*,*,#1815,.T.);
#2426=ORIENTED_EDGE('',*,*,#1888,.T.);
#2427=ORIENTED_EDGE('',*,*,#1889,.T.);
#2428=ORIENTED_EDGE('',*,*,#1885,.F.);
#2429=ORIENTED_EDGE('',*,*,#1814,.T.);
#2430=ORIENTED_EDGE('',*,*,#1890,.T.);
#2431=ORIENTED_EDGE('',*,*,#1891,.T.);
#2432=ORIENTED_EDGE('',*,*,#1888,.F.);
#2433=ORIENTED_EDGE('',*,*,#1813,.T.);
#2434=ORIENTED_EDGE('',*,*,#1887,.T.);
#2435=ORIENTED_EDGE('',*,*,#1892,.T.);
#2436=ORIENTED_EDGE('',*,*,#1890,.F.);
#2437=ORIENTED_EDGE('',*,*,#1886,.F.);
#2438=ORIENTED_EDGE('',*,*,#1889,.F.);
#2439=ORIENTED_EDGE('',*,*,#1891,.F.);
#2440=ORIENTED_EDGE('',*,*,#1892,.F.);
#2441=ORIENTED_EDGE('',*,*,#1893,.F.);
#2442=ORIENTED_EDGE('',*,*,#1894,.T.);
#2443=ORIENTED_EDGE('',*,*,#1895,.T.);
#2444=ORIENTED_EDGE('',*,*,#1896,.T.);
#2445=ORIENTED_EDGE('',*,*,#1807,.T.);
#2446=ORIENTED_EDGE('',*,*,#1897,.T.);
#2447=ORIENTED_EDGE('',*,*,#1898,.T.);
#2448=ORIENTED_EDGE('',*,*,#1899,.F.);
#2449=ORIENTED_EDGE('',*,*,#1811,.T.);
#2450=ORIENTED_EDGE('',*,*,#1900,.T.);
#2451=ORIENTED_EDGE('',*,*,#1901,.T.);
#2452=ORIENTED_EDGE('',*,*,#1897,.F.);
#2453=ORIENTED_EDGE('',*,*,#1810,.T.);
#2454=ORIENTED_EDGE('',*,*,#1902,.T.);
#2455=ORIENTED_EDGE('',*,*,#1903,.T.);
#2456=ORIENTED_EDGE('',*,*,#1900,.F.);
#2457=ORIENTED_EDGE('',*,*,#1809,.T.);
#2458=ORIENTED_EDGE('',*,*,#1904,.T.);
#2459=ORIENTED_EDGE('',*,*,#1905,.T.);
#2460=ORIENTED_EDGE('',*,*,#1902,.F.);
#2461=ORIENTED_EDGE('',*,*,#1808,.T.);
#2462=ORIENTED_EDGE('',*,*,#1899,.T.);
#2463=ORIENTED_EDGE('',*,*,#1906,.T.);
#2464=ORIENTED_EDGE('',*,*,#1904,.F.);
#2465=ORIENTED_EDGE('',*,*,#1898,.F.);
#2466=ORIENTED_EDGE('',*,*,#1901,.F.);
#2467=ORIENTED_EDGE('',*,*,#1903,.F.);
#2468=ORIENTED_EDGE('',*,*,#1905,.F.);
#2469=ORIENTED_EDGE('',*,*,#1906,.F.);
#2470=ORIENTED_EDGE('',*,*,#1907,.F.);
#2471=ORIENTED_EDGE('',*,*,#1908,.T.);
#2472=ORIENTED_EDGE('',*,*,#1909,.T.);
#2473=ORIENTED_EDGE('',*,*,#1910,.T.);
#2474=ORIENTED_EDGE('',*,*,#1803,.T.);
#2475=ORIENTED_EDGE('',*,*,#1911,.T.);
#2476=ORIENTED_EDGE('',*,*,#1912,.T.);
#2477=ORIENTED_EDGE('',*,*,#1913,.F.);
#2478=ORIENTED_EDGE('',*,*,#1806,.T.);
#2479=ORIENTED_EDGE('',*,*,#1914,.T.);
#2480=ORIENTED_EDGE('',*,*,#1915,.T.);
#2481=ORIENTED_EDGE('',*,*,#1911,.F.);
#2482=ORIENTED_EDGE('',*,*,#1805,.T.);
#2483=ORIENTED_EDGE('',*,*,#1916,.T.);
#2484=ORIENTED_EDGE('',*,*,#1917,.T.);
#2485=ORIENTED_EDGE('',*,*,#1914,.F.);
#2486=ORIENTED_EDGE('',*,*,#1804,.T.);
#2487=ORIENTED_EDGE('',*,*,#1913,.T.);
#2488=ORIENTED_EDGE('',*,*,#1918,.T.);
#2489=ORIENTED_EDGE('',*,*,#1916,.F.);
#2490=ORIENTED_EDGE('',*,*,#1912,.F.);
#2491=ORIENTED_EDGE('',*,*,#1915,.F.);
#2492=ORIENTED_EDGE('',*,*,#1917,.F.);
#2493=ORIENTED_EDGE('',*,*,#1918,.F.);
#2494=ORIENTED_EDGE('',*,*,#1919,.F.);
#2495=ORIENTED_EDGE('',*,*,#1920,.T.);
#2496=ORIENTED_EDGE('',*,*,#1921,.T.);
#2497=ORIENTED_EDGE('',*,*,#1922,.T.);
#2498=ORIENTED_EDGE('',*,*,#1798,.T.);
#2499=ORIENTED_EDGE('',*,*,#1923,.T.);
#2500=ORIENTED_EDGE('',*,*,#1924,.T.);
#2501=ORIENTED_EDGE('',*,*,#1925,.F.);
#2502=ORIENTED_EDGE('',*,*,#1802,.T.);
#2503=ORIENTED_EDGE('',*,*,#1926,.T.);
#2504=ORIENTED_EDGE('',*,*,#1927,.T.);
#2505=ORIENTED_EDGE('',*,*,#1923,.F.);
#2506=ORIENTED_EDGE('',*,*,#1801,.T.);
#2507=ORIENTED_EDGE('',*,*,#1928,.T.);
#2508=ORIENTED_EDGE('',*,*,#1929,.T.);
#2509=ORIENTED_EDGE('',*,*,#1926,.F.);
#2510=ORIENTED_EDGE('',*,*,#1800,.T.);
#2511=ORIENTED_EDGE('',*,*,#1930,.T.);
#2512=ORIENTED_EDGE('',*,*,#1931,.T.);
#2513=ORIENTED_EDGE('',*,*,#1928,.F.);
#2514=ORIENTED_EDGE('',*,*,#1799,.T.);
#2515=ORIENTED_EDGE('',*,*,#1925,.T.);
#2516=ORIENTED_EDGE('',*,*,#1932,.T.);
#2517=ORIENTED_EDGE('',*,*,#1930,.F.);
#2518=ORIENTED_EDGE('',*,*,#1924,.F.);
#2519=ORIENTED_EDGE('',*,*,#1927,.F.);
#2520=ORIENTED_EDGE('',*,*,#1929,.F.);
#2521=ORIENTED_EDGE('',*,*,#1931,.F.);
#2522=ORIENTED_EDGE('',*,*,#1932,.F.);
#2523=ORIENTED_EDGE('',*,*,#1933,.F.);
#2524=ORIENTED_EDGE('',*,*,#1934,.T.);
#2525=ORIENTED_EDGE('',*,*,#1935,.T.);
#2526=ORIENTED_EDGE('',*,*,#1936,.T.);
#2527=ORIENTED_EDGE('',*,*,#1937,.T.);
#2528=ORIENTED_EDGE('',*,*,#1775,.T.);
#2529=ORIENTED_EDGE('',*,*,#1938,.F.);
#2530=ORIENTED_EDGE('',*,*,#1939,.F.);
#2531=ORIENTED_EDGE('',*,*,#1740,.F.);
#2532=ORIENTED_EDGE('',*,*,#1712,.F.);
#2533=ORIENTED_EDGE('',*,*,#1939,.T.);
#2534=ORIENTED_EDGE('',*,*,#1940,.F.);
#2535=ORIENTED_EDGE('',*,*,#1941,.F.);
#2536=ORIENTED_EDGE('',*,*,#1942,.F.);
#2537=ORIENTED_EDGE('',*,*,#1943,.T.);
#2538=ORIENTED_EDGE('',*,*,#1738,.T.);
#2539=ORIENTED_EDGE('',*,*,#1944,.F.);
#2540=ORIENTED_EDGE('',*,*,#1945,.F.);
#2541=ORIENTED_EDGE('',*,*,#1946,.F.);
#2542=ORIENTED_EDGE('',*,*,#1947,.T.);
#2543=ORIENTED_EDGE('',*,*,#1948,.T.);
#2544=ORIENTED_EDGE('',*,*,#1941,.T.);
#2545=ORIENTED_EDGE('',*,*,#1949,.F.);
#2546=ORIENTED_EDGE('',*,*,#1777,.F.);
#2547=ORIENTED_EDGE('',*,*,#1938,.T.);
#2548=ORIENTED_EDGE('',*,*,#1774,.T.);
#2549=ORIENTED_EDGE('',*,*,#1949,.T.);
#2550=ORIENTED_EDGE('',*,*,#1940,.T.);
#2551=ORIENTED_EDGE('',*,*,#1937,.F.);
#2552=ORIENTED_EDGE('',*,*,#1739,.F.);
#2553=ORIENTED_EDGE('',*,*,#1943,.F.);
#2554=ORIENTED_EDGE('',*,*,#1776,.F.);
#2555=ORIENTED_EDGE('',*,*,#1709,.F.);
#2556=ORIENTED_EDGE('',*,*,#1950,.F.);
#2557=ORIENTED_EDGE('',*,*,#1726,.T.);
#2558=ORIENTED_EDGE('',*,*,#1951,.F.);
#2559=ORIENTED_EDGE('',*,*,#1952,.F.);
#2560=ORIENTED_EDGE('',*,*,#1953,.T.);
#2561=ORIENTED_EDGE('',*,*,#1735,.T.);
#2562=ORIENTED_EDGE('',*,*,#1952,.T.);
#2563=ORIENTED_EDGE('',*,*,#1954,.F.);
#2564=ORIENTED_EDGE('',*,*,#1773,.F.);
#2565=ORIENTED_EDGE('',*,*,#1725,.T.);
#2566=ORIENTED_EDGE('',*,*,#1771,.T.);
#2567=ORIENTED_EDGE('',*,*,#1954,.T.);
#2568=ORIENTED_EDGE('',*,*,#1951,.T.);
#2569=ORIENTED_EDGE('',*,*,#1723,.F.);
#2570=ORIENTED_EDGE('',*,*,#1736,.F.);
#2571=ORIENTED_EDGE('',*,*,#1953,.F.);
#2572=ORIENTED_EDGE('',*,*,#1772,.F.);
#2573=ORIENTED_EDGE('',*,*,#1955,.T.);
#2574=ORIENTED_EDGE('',*,*,#1956,.T.);
#2575=ORIENTED_EDGE('',*,*,#1957,.T.);
#2576=ORIENTED_EDGE('',*,*,#1958,.T.);
#2577=ORIENTED_EDGE('',*,*,#1959,.T.);
#2578=ORIENTED_EDGE('',*,*,#1960,.T.);
#2579=ORIENTED_EDGE('',*,*,#1961,.T.);
#2580=ORIENTED_EDGE('',*,*,#1881,.T.);
#2581=ORIENTED_EDGE('',*,*,#1962,.F.);
#2582=ORIENTED_EDGE('',*,*,#1963,.T.);
#2583=ORIENTED_EDGE('',*,*,#1964,.F.);
#2584=ORIENTED_EDGE('',*,*,#1883,.F.);
#2585=ORIENTED_EDGE('',*,*,#1964,.T.);
#2586=ORIENTED_EDGE('',*,*,#1965,.T.);
#2587=ORIENTED_EDGE('',*,*,#1959,.F.);
#2588=ORIENTED_EDGE('',*,*,#1884,.F.);
#2589=ORIENTED_EDGE('',*,*,#1961,.F.);
#2590=ORIENTED_EDGE('',*,*,#1966,.T.);
#2591=ORIENTED_EDGE('',*,*,#1962,.T.);
#2592=ORIENTED_EDGE('',*,*,#1882,.F.);
#2593=ORIENTED_EDGE('',*,*,#1967,.T.);
#2594=ORIENTED_EDGE('',*,*,#1968,.T.);
#2595=ORIENTED_EDGE('',*,*,#1969,.T.);
#2596=ORIENTED_EDGE('',*,*,#1767,.T.);
#2597=ORIENTED_EDGE('',*,*,#1970,.F.);
#2598=ORIENTED_EDGE('',*,*,#1971,.T.);
#2599=ORIENTED_EDGE('',*,*,#1972,.F.);
#2600=ORIENTED_EDGE('',*,*,#1769,.F.);
#2601=ORIENTED_EDGE('',*,*,#1972,.T.);
#2602=ORIENTED_EDGE('',*,*,#1973,.T.);
#2603=ORIENTED_EDGE('',*,*,#1967,.F.);
#2604=ORIENTED_EDGE('',*,*,#1770,.F.);
#2605=ORIENTED_EDGE('',*,*,#1974,.T.);
#2606=ORIENTED_EDGE('',*,*,#1975,.T.);
#2607=ORIENTED_EDGE('',*,*,#1976,.T.);
#2608=ORIENTED_EDGE('',*,*,#1977,.T.);
#2609=ORIENTED_EDGE('',*,*,#1969,.F.);
#2610=ORIENTED_EDGE('',*,*,#1978,.T.);
#2611=ORIENTED_EDGE('',*,*,#1970,.T.);
#2612=ORIENTED_EDGE('',*,*,#1768,.F.);
#2613=ORIENTED_EDGE('',*,*,#1979,.F.);
#2614=ORIENTED_EDGE('',*,*,#1978,.F.);
#2615=ORIENTED_EDGE('',*,*,#1980,.F.);
#2616=ORIENTED_EDGE('',*,*,#1977,.F.);
#2617=ORIENTED_EDGE('',*,*,#1980,.T.);
#2618=ORIENTED_EDGE('',*,*,#1968,.F.);
#2619=ORIENTED_EDGE('',*,*,#1981,.F.);
#2620=ORIENTED_EDGE('',*,*,#1974,.F.);
#2621=ORIENTED_EDGE('',*,*,#1979,.T.);
#2622=ORIENTED_EDGE('',*,*,#1976,.F.);
#2623=ORIENTED_EDGE('',*,*,#1982,.F.);
#2624=ORIENTED_EDGE('',*,*,#1971,.F.);
#2625=ORIENTED_EDGE('',*,*,#1981,.T.);
#2626=ORIENTED_EDGE('',*,*,#1973,.F.);
#2627=ORIENTED_EDGE('',*,*,#1982,.T.);
#2628=ORIENTED_EDGE('',*,*,#1975,.F.);
#2629=ORIENTED_EDGE('',*,*,#1983,.F.);
#2630=ORIENTED_EDGE('',*,*,#1966,.F.);
#2631=ORIENTED_EDGE('',*,*,#1984,.F.);
#2632=ORIENTED_EDGE('',*,*,#1958,.F.);
#2633=ORIENTED_EDGE('',*,*,#1984,.T.);
#2634=ORIENTED_EDGE('',*,*,#1960,.F.);
#2635=ORIENTED_EDGE('',*,*,#1985,.F.);
#2636=ORIENTED_EDGE('',*,*,#1955,.F.);
#2637=ORIENTED_EDGE('',*,*,#1983,.T.);
#2638=ORIENTED_EDGE('',*,*,#1957,.F.);
#2639=ORIENTED_EDGE('',*,*,#1986,.F.);
#2640=ORIENTED_EDGE('',*,*,#1963,.F.);
#2641=ORIENTED_EDGE('',*,*,#1985,.T.);
#2642=ORIENTED_EDGE('',*,*,#1965,.F.);
#2643=ORIENTED_EDGE('',*,*,#1986,.T.);
#2644=ORIENTED_EDGE('',*,*,#1956,.F.);
#2645=ORIENTED_EDGE('',*,*,#1987,.T.);
#2646=ORIENTED_EDGE('',*,*,#1988,.T.);
#2647=ORIENTED_EDGE('',*,*,#1989,.T.);
#2648=ORIENTED_EDGE('',*,*,#1990,.T.);
#2649=ORIENTED_EDGE('',*,*,#1991,.T.);
#2650=ORIENTED_EDGE('',*,*,#1992,.T.);
#2651=ORIENTED_EDGE('',*,*,#1993,.T.);
#2652=ORIENTED_EDGE('',*,*,#1893,.T.);
#2653=ORIENTED_EDGE('',*,*,#1994,.F.);
#2654=ORIENTED_EDGE('',*,*,#1995,.T.);
#2655=ORIENTED_EDGE('',*,*,#1996,.F.);
#2656=ORIENTED_EDGE('',*,*,#1895,.F.);
#2657=ORIENTED_EDGE('',*,*,#1996,.T.);
#2658=ORIENTED_EDGE('',*,*,#1997,.T.);
#2659=ORIENTED_EDGE('',*,*,#1991,.F.);
#2660=ORIENTED_EDGE('',*,*,#1896,.F.);
#2661=ORIENTED_EDGE('',*,*,#1993,.F.);
#2662=ORIENTED_EDGE('',*,*,#1998,.T.);
#2663=ORIENTED_EDGE('',*,*,#1994,.T.);
#2664=ORIENTED_EDGE('',*,*,#1894,.F.);
#2665=ORIENTED_EDGE('',*,*,#1999,.T.);
#2666=ORIENTED_EDGE('',*,*,#2000,.T.);
#2667=ORIENTED_EDGE('',*,*,#2001,.T.);
#2668=ORIENTED_EDGE('',*,*,#1763,.T.);
#2669=ORIENTED_EDGE('',*,*,#2002,.F.);
#2670=ORIENTED_EDGE('',*,*,#2003,.T.);
#2671=ORIENTED_EDGE('',*,*,#2004,.F.);
#2672=ORIENTED_EDGE('',*,*,#1765,.F.);
#2673=ORIENTED_EDGE('',*,*,#2004,.T.);
#2674=ORIENTED_EDGE('',*,*,#2005,.T.);
#2675=ORIENTED_EDGE('',*,*,#1999,.F.);
#2676=ORIENTED_EDGE('',*,*,#1766,.F.);
#2677=ORIENTED_EDGE('',*,*,#2006,.T.);
#2678=ORIENTED_EDGE('',*,*,#2007,.T.);
#2679=ORIENTED_EDGE('',*,*,#2008,.T.);
#2680=ORIENTED_EDGE('',*,*,#2009,.T.);
#2681=ORIENTED_EDGE('',*,*,#2001,.F.);
#2682=ORIENTED_EDGE('',*,*,#2010,.T.);
#2683=ORIENTED_EDGE('',*,*,#2002,.T.);
#2684=ORIENTED_EDGE('',*,*,#1764,.F.);
#2685=ORIENTED_EDGE('',*,*,#2011,.F.);
#2686=ORIENTED_EDGE('',*,*,#2010,.F.);
#2687=ORIENTED_EDGE('',*,*,#2012,.F.);
#2688=ORIENTED_EDGE('',*,*,#2009,.F.);
#2689=ORIENTED_EDGE('',*,*,#2012,.T.);
#2690=ORIENTED_EDGE('',*,*,#2000,.F.);
#2691=ORIENTED_EDGE('',*,*,#2013,.F.);
#2692=ORIENTED_EDGE('',*,*,#2006,.F.);
#2693=ORIENTED_EDGE('',*,*,#2011,.T.);
#2694=ORIENTED_EDGE('',*,*,#2008,.F.);
#2695=ORIENTED_EDGE('',*,*,#2014,.F.);
#2696=ORIENTED_EDGE('',*,*,#2003,.F.);
#2697=ORIENTED_EDGE('',*,*,#2013,.T.);
#2698=ORIENTED_EDGE('',*,*,#2005,.F.);
#2699=ORIENTED_EDGE('',*,*,#2014,.T.);
#2700=ORIENTED_EDGE('',*,*,#2007,.F.);
#2701=ORIENTED_EDGE('',*,*,#2015,.F.);
#2702=ORIENTED_EDGE('',*,*,#1998,.F.);
#2703=ORIENTED_EDGE('',*,*,#2016,.F.);
#2704=ORIENTED_EDGE('',*,*,#1990,.F.);
#2705=ORIENTED_EDGE('',*,*,#2016,.T.);
#2706=ORIENTED_EDGE('',*,*,#1992,.F.);
#2707=ORIENTED_EDGE('',*,*,#2017,.F.);
#2708=ORIENTED_EDGE('',*,*,#1987,.F.);
#2709=ORIENTED_EDGE('',*,*,#2015,.T.);
#2710=ORIENTED_EDGE('',*,*,#1989,.F.);
#2711=ORIENTED_EDGE('',*,*,#2018,.F.);
#2712=ORIENTED_EDGE('',*,*,#1995,.F.);
#2713=ORIENTED_EDGE('',*,*,#2017,.T.);
#2714=ORIENTED_EDGE('',*,*,#1997,.F.);
#2715=ORIENTED_EDGE('',*,*,#2018,.T.);
#2716=ORIENTED_EDGE('',*,*,#1988,.F.);
#2717=ORIENTED_EDGE('',*,*,#2019,.T.);
#2718=ORIENTED_EDGE('',*,*,#2020,.T.);
#2719=ORIENTED_EDGE('',*,*,#2021,.T.);
#2720=ORIENTED_EDGE('',*,*,#2022,.T.);
#2721=ORIENTED_EDGE('',*,*,#2023,.T.);
#2722=ORIENTED_EDGE('',*,*,#2024,.T.);
#2723=ORIENTED_EDGE('',*,*,#2025,.T.);
#2724=ORIENTED_EDGE('',*,*,#1907,.T.);
#2725=ORIENTED_EDGE('',*,*,#2026,.F.);
#2726=ORIENTED_EDGE('',*,*,#2027,.T.);
#2727=ORIENTED_EDGE('',*,*,#2028,.F.);
#2728=ORIENTED_EDGE('',*,*,#1909,.F.);
#2729=ORIENTED_EDGE('',*,*,#2028,.T.);
#2730=ORIENTED_EDGE('',*,*,#2029,.T.);
#2731=ORIENTED_EDGE('',*,*,#2023,.F.);
#2732=ORIENTED_EDGE('',*,*,#1910,.F.);
#2733=ORIENTED_EDGE('',*,*,#2025,.F.);
#2734=ORIENTED_EDGE('',*,*,#2030,.T.);
#2735=ORIENTED_EDGE('',*,*,#2026,.T.);
#2736=ORIENTED_EDGE('',*,*,#1908,.F.);
#2737=ORIENTED_EDGE('',*,*,#2031,.T.);
#2738=ORIENTED_EDGE('',*,*,#2032,.T.);
#2739=ORIENTED_EDGE('',*,*,#2033,.T.);
#2740=ORIENTED_EDGE('',*,*,#1759,.T.);
#2741=ORIENTED_EDGE('',*,*,#2034,.F.);
#2742=ORIENTED_EDGE('',*,*,#2035,.T.);
#2743=ORIENTED_EDGE('',*,*,#2036,.F.);
#2744=ORIENTED_EDGE('',*,*,#1761,.F.);
#2745=ORIENTED_EDGE('',*,*,#2036,.T.);
#2746=ORIENTED_EDGE('',*,*,#2037,.T.);
#2747=ORIENTED_EDGE('',*,*,#2031,.F.);
#2748=ORIENTED_EDGE('',*,*,#1762,.F.);
#2749=ORIENTED_EDGE('',*,*,#2038,.T.);
#2750=ORIENTED_EDGE('',*,*,#2039,.T.);
#2751=ORIENTED_EDGE('',*,*,#2040,.T.);
#2752=ORIENTED_EDGE('',*,*,#2041,.T.);
#2753=ORIENTED_EDGE('',*,*,#2033,.F.);
#2754=ORIENTED_EDGE('',*,*,#2042,.T.);
#2755=ORIENTED_EDGE('',*,*,#2034,.T.);
#2756=ORIENTED_EDGE('',*,*,#1760,.F.);
#2757=ORIENTED_EDGE('',*,*,#2043,.F.);
#2758=ORIENTED_EDGE('',*,*,#2042,.F.);
#2759=ORIENTED_EDGE('',*,*,#2044,.F.);
#2760=ORIENTED_EDGE('',*,*,#2041,.F.);
#2761=ORIENTED_EDGE('',*,*,#2044,.T.);
#2762=ORIENTED_EDGE('',*,*,#2032,.F.);
#2763=ORIENTED_EDGE('',*,*,#2045,.F.);
#2764=ORIENTED_EDGE('',*,*,#2038,.F.);
#2765=ORIENTED_EDGE('',*,*,#2043,.T.);
#2766=ORIENTED_EDGE('',*,*,#2040,.F.);
#2767=ORIENTED_EDGE('',*,*,#2046,.F.);
#2768=ORIENTED_EDGE('',*,*,#2035,.F.);
#2769=ORIENTED_EDGE('',*,*,#2045,.T.);
#2770=ORIENTED_EDGE('',*,*,#2037,.F.);
#2771=ORIENTED_EDGE('',*,*,#2046,.T.);
#2772=ORIENTED_EDGE('',*,*,#2039,.F.);
#2773=ORIENTED_EDGE('',*,*,#2047,.F.);
#2774=ORIENTED_EDGE('',*,*,#2030,.F.);
#2775=ORIENTED_EDGE('',*,*,#2048,.F.);
#2776=ORIENTED_EDGE('',*,*,#2022,.F.);
#2777=ORIENTED_EDGE('',*,*,#2048,.T.);
#2778=ORIENTED_EDGE('',*,*,#2024,.F.);
#2779=ORIENTED_EDGE('',*,*,#2049,.F.);
#2780=ORIENTED_EDGE('',*,*,#2019,.F.);
#2781=ORIENTED_EDGE('',*,*,#2047,.T.);
#2782=ORIENTED_EDGE('',*,*,#2021,.F.);
#2783=ORIENTED_EDGE('',*,*,#2050,.F.);
#2784=ORIENTED_EDGE('',*,*,#2027,.F.);
#2785=ORIENTED_EDGE('',*,*,#2049,.T.);
#2786=ORIENTED_EDGE('',*,*,#2029,.F.);
#2787=ORIENTED_EDGE('',*,*,#2050,.T.);
#2788=ORIENTED_EDGE('',*,*,#2020,.F.);
#2789=ORIENTED_EDGE('',*,*,#2051,.T.);
#2790=ORIENTED_EDGE('',*,*,#2052,.T.);
#2791=ORIENTED_EDGE('',*,*,#2053,.T.);
#2792=ORIENTED_EDGE('',*,*,#2054,.T.);
#2793=ORIENTED_EDGE('',*,*,#2055,.T.);
#2794=ORIENTED_EDGE('',*,*,#2056,.T.);
#2795=ORIENTED_EDGE('',*,*,#2057,.T.);
#2796=ORIENTED_EDGE('',*,*,#1919,.T.);
#2797=ORIENTED_EDGE('',*,*,#2058,.F.);
#2798=ORIENTED_EDGE('',*,*,#2059,.T.);
#2799=ORIENTED_EDGE('',*,*,#2060,.F.);
#2800=ORIENTED_EDGE('',*,*,#1921,.F.);
#2801=ORIENTED_EDGE('',*,*,#2060,.T.);
#2802=ORIENTED_EDGE('',*,*,#2061,.T.);
#2803=ORIENTED_EDGE('',*,*,#2055,.F.);
#2804=ORIENTED_EDGE('',*,*,#1922,.F.);
#2805=ORIENTED_EDGE('',*,*,#2057,.F.);
#2806=ORIENTED_EDGE('',*,*,#2062,.T.);
#2807=ORIENTED_EDGE('',*,*,#2058,.T.);
#2808=ORIENTED_EDGE('',*,*,#1920,.F.);
#2809=ORIENTED_EDGE('',*,*,#2063,.T.);
#2810=ORIENTED_EDGE('',*,*,#2064,.T.);
#2811=ORIENTED_EDGE('',*,*,#2065,.T.);
#2812=ORIENTED_EDGE('',*,*,#1755,.T.);
#2813=ORIENTED_EDGE('',*,*,#2066,.F.);
#2814=ORIENTED_EDGE('',*,*,#2067,.T.);
#2815=ORIENTED_EDGE('',*,*,#2068,.F.);
#2816=ORIENTED_EDGE('',*,*,#1757,.F.);
#2817=ORIENTED_EDGE('',*,*,#2068,.T.);
#2818=ORIENTED_EDGE('',*,*,#2069,.T.);
#2819=ORIENTED_EDGE('',*,*,#2063,.F.);
#2820=ORIENTED_EDGE('',*,*,#1758,.F.);
#2821=ORIENTED_EDGE('',*,*,#2070,.T.);
#2822=ORIENTED_EDGE('',*,*,#2071,.T.);
#2823=ORIENTED_EDGE('',*,*,#2072,.T.);
#2824=ORIENTED_EDGE('',*,*,#2073,.T.);
#2825=ORIENTED_EDGE('',*,*,#2065,.F.);
#2826=ORIENTED_EDGE('',*,*,#2074,.T.);
#2827=ORIENTED_EDGE('',*,*,#2066,.T.);
#2828=ORIENTED_EDGE('',*,*,#1756,.F.);
#2829=ORIENTED_EDGE('',*,*,#2075,.F.);
#2830=ORIENTED_EDGE('',*,*,#2074,.F.);
#2831=ORIENTED_EDGE('',*,*,#2076,.F.);
#2832=ORIENTED_EDGE('',*,*,#2073,.F.);
#2833=ORIENTED_EDGE('',*,*,#2076,.T.);
#2834=ORIENTED_EDGE('',*,*,#2064,.F.);
#2835=ORIENTED_EDGE('',*,*,#2077,.F.);
#2836=ORIENTED_EDGE('',*,*,#2070,.F.);
#2837=ORIENTED_EDGE('',*,*,#2075,.T.);
#2838=ORIENTED_EDGE('',*,*,#2072,.F.);
#2839=ORIENTED_EDGE('',*,*,#2078,.F.);
#2840=ORIENTED_EDGE('',*,*,#2067,.F.);
#2841=ORIENTED_EDGE('',*,*,#2077,.T.);
#2842=ORIENTED_EDGE('',*,*,#2069,.F.);
#2843=ORIENTED_EDGE('',*,*,#2078,.T.);
#2844=ORIENTED_EDGE('',*,*,#2071,.F.);
#2845=ORIENTED_EDGE('',*,*,#2079,.F.);
#2846=ORIENTED_EDGE('',*,*,#2062,.F.);
#2847=ORIENTED_EDGE('',*,*,#2080,.F.);
#2848=ORIENTED_EDGE('',*,*,#2054,.F.);
#2849=ORIENTED_EDGE('',*,*,#2080,.T.);
#2850=ORIENTED_EDGE('',*,*,#2056,.F.);
#2851=ORIENTED_EDGE('',*,*,#2081,.F.);
#2852=ORIENTED_EDGE('',*,*,#2051,.F.);
#2853=ORIENTED_EDGE('',*,*,#2079,.T.);
#2854=ORIENTED_EDGE('',*,*,#2053,.F.);
#2855=ORIENTED_EDGE('',*,*,#2082,.F.);
#2856=ORIENTED_EDGE('',*,*,#2059,.F.);
#2857=ORIENTED_EDGE('',*,*,#2081,.T.);
#2858=ORIENTED_EDGE('',*,*,#2061,.F.);
#2859=ORIENTED_EDGE('',*,*,#2082,.T.);
#2860=ORIENTED_EDGE('',*,*,#2052,.F.);
#2861=ORIENTED_EDGE('',*,*,#2083,.T.);
#2862=ORIENTED_EDGE('',*,*,#2084,.T.);
#2863=ORIENTED_EDGE('',*,*,#2085,.T.);
#2864=ORIENTED_EDGE('',*,*,#2086,.T.);
#2865=ORIENTED_EDGE('',*,*,#2087,.T.);
#2866=ORIENTED_EDGE('',*,*,#2088,.T.);
#2867=ORIENTED_EDGE('',*,*,#2089,.T.);
#2868=ORIENTED_EDGE('',*,*,#1933,.T.);
#2869=ORIENTED_EDGE('',*,*,#2090,.F.);
#2870=ORIENTED_EDGE('',*,*,#2091,.T.);
#2871=ORIENTED_EDGE('',*,*,#2092,.F.);
#2872=ORIENTED_EDGE('',*,*,#1935,.F.);
#2873=ORIENTED_EDGE('',*,*,#2092,.T.);
#2874=ORIENTED_EDGE('',*,*,#2093,.T.);
#2875=ORIENTED_EDGE('',*,*,#2087,.F.);
#2876=ORIENTED_EDGE('',*,*,#1936,.F.);
#2877=ORIENTED_EDGE('',*,*,#2089,.F.);
#2878=ORIENTED_EDGE('',*,*,#2094,.T.);
#2879=ORIENTED_EDGE('',*,*,#2090,.T.);
#2880=ORIENTED_EDGE('',*,*,#1934,.F.);
#2881=ORIENTED_EDGE('',*,*,#2095,.T.);
#2882=ORIENTED_EDGE('',*,*,#2096,.T.);
#2883=ORIENTED_EDGE('',*,*,#2097,.T.);
#2884=ORIENTED_EDGE('',*,*,#1751,.T.);
#2885=ORIENTED_EDGE('',*,*,#2098,.F.);
#2886=ORIENTED_EDGE('',*,*,#2099,.T.);
#2887=ORIENTED_EDGE('',*,*,#2100,.F.);
#2888=ORIENTED_EDGE('',*,*,#1753,.F.);
#2889=ORIENTED_EDGE('',*,*,#2100,.T.);
#2890=ORIENTED_EDGE('',*,*,#2101,.T.);
#2891=ORIENTED_EDGE('',*,*,#2095,.F.);
#2892=ORIENTED_EDGE('',*,*,#1754,.F.);
#2893=ORIENTED_EDGE('',*,*,#2102,.T.);
#2894=ORIENTED_EDGE('',*,*,#2103,.T.);
#2895=ORIENTED_EDGE('',*,*,#2104,.T.);
#2896=ORIENTED_EDGE('',*,*,#2105,.T.);
#2897=ORIENTED_EDGE('',*,*,#2097,.F.);
#2898=ORIENTED_EDGE('',*,*,#2106,.T.);
#2899=ORIENTED_EDGE('',*,*,#2098,.T.);
#2900=ORIENTED_EDGE('',*,*,#1752,.F.);
#2901=ORIENTED_EDGE('',*,*,#2107,.F.);
#2902=ORIENTED_EDGE('',*,*,#2106,.F.);
#2903=ORIENTED_EDGE('',*,*,#2108,.F.);
#2904=ORIENTED_EDGE('',*,*,#2105,.F.);
#2905=ORIENTED_EDGE('',*,*,#2108,.T.);
#2906=ORIENTED_EDGE('',*,*,#2096,.F.);
#2907=ORIENTED_EDGE('',*,*,#2109,.F.);
#2908=ORIENTED_EDGE('',*,*,#2102,.F.);
#2909=ORIENTED_EDGE('',*,*,#2107,.T.);
#2910=ORIENTED_EDGE('',*,*,#2104,.F.);
#2911=ORIENTED_EDGE('',*,*,#2110,.F.);
#2912=ORIENTED_EDGE('',*,*,#2099,.F.);
#2913=ORIENTED_EDGE('',*,*,#2109,.T.);
#2914=ORIENTED_EDGE('',*,*,#2101,.F.);
#2915=ORIENTED_EDGE('',*,*,#2110,.T.);
#2916=ORIENTED_EDGE('',*,*,#2103,.F.);
#2917=ORIENTED_EDGE('',*,*,#2111,.F.);
#2918=ORIENTED_EDGE('',*,*,#2094,.F.);
#2919=ORIENTED_EDGE('',*,*,#2112,.F.);
#2920=ORIENTED_EDGE('',*,*,#2086,.F.);
#2921=ORIENTED_EDGE('',*,*,#2112,.T.);
#2922=ORIENTED_EDGE('',*,*,#2088,.F.);
#2923=ORIENTED_EDGE('',*,*,#2113,.F.);
#2924=ORIENTED_EDGE('',*,*,#2083,.F.);
#2925=ORIENTED_EDGE('',*,*,#2111,.T.);
#2926=ORIENTED_EDGE('',*,*,#2085,.F.);
#2927=ORIENTED_EDGE('',*,*,#2114,.F.);
#2928=ORIENTED_EDGE('',*,*,#2091,.F.);
#2929=ORIENTED_EDGE('',*,*,#2113,.T.);
#2930=ORIENTED_EDGE('',*,*,#2093,.F.);
#2931=ORIENTED_EDGE('',*,*,#2114,.T.);
#2932=ORIENTED_EDGE('',*,*,#2084,.F.);
#2933=ORIENTED_EDGE('',*,*,#1942,.T.);
#2934=ORIENTED_EDGE('',*,*,#1948,.F.);
#2935=ORIENTED_EDGE('',*,*,#2115,.F.);
#2936=ORIENTED_EDGE('',*,*,#1705,.T.);
#2937=ORIENTED_EDGE('',*,*,#2116,.F.);
#2938=ORIENTED_EDGE('',*,*,#1713,.T.);
#2939=ORIENTED_EDGE('',*,*,#1737,.T.);
#2940=ORIENTED_EDGE('',*,*,#1715,.F.);
#2941=ORIENTED_EDGE('',*,*,#2117,.F.);
#2942=ORIENTED_EDGE('',*,*,#1706,.F.);
#2943=ORIENTED_EDGE('',*,*,#2118,.F.);
#2944=ORIENTED_EDGE('',*,*,#1944,.T.);
#2945=ORIENTED_EDGE('',*,*,#1950,.T.);
#2946=ORIENTED_EDGE('',*,*,#1708,.F.);
#2947=ORIENTED_EDGE('',*,*,#2119,.T.);
#2948=ORIENTED_EDGE('',*,*,#1701,.F.);
#2949=ORIENTED_EDGE('',*,*,#1730,.F.);
#2950=ORIENTED_EDGE('',*,*,#1727,.T.);
#2951=ORIENTED_EDGE('',*,*,#1734,.T.);
#2952=ORIENTED_EDGE('',*,*,#1721,.F.);
#2953=ORIENTED_EDGE('',*,*,#1732,.F.);
#2954=ORIENTED_EDGE('',*,*,#1703,.T.);
#2955=ORIENTED_EDGE('',*,*,#2120,.T.);
#2956=ORIENTED_EDGE('',*,*,#1711,.T.);
#2957=ORIENTED_EDGE('',*,*,#2117,.T.);
#2958=ORIENTED_EDGE('',*,*,#1714,.T.);
#2959=ORIENTED_EDGE('',*,*,#2116,.T.);
#2960=ORIENTED_EDGE('',*,*,#1704,.T.);
#2961=ORIENTED_EDGE('',*,*,#2119,.F.);
#2962=ORIENTED_EDGE('',*,*,#1707,.T.);
#2963=ORIENTED_EDGE('',*,*,#2120,.F.);
#2964=ORIENTED_EDGE('',*,*,#1702,.F.);
#2965=ORIENTED_EDGE('',*,*,#2115,.T.);
#2966=ORIENTED_EDGE('',*,*,#1947,.F.);
#2967=ORIENTED_EDGE('',*,*,#2121,.F.);
#2968=ORIENTED_EDGE('',*,*,#1699,.T.);
#2969=ORIENTED_EDGE('',*,*,#2118,.T.);
#2970=ORIENTED_EDGE('',*,*,#1697,.F.);
#2971=ORIENTED_EDGE('',*,*,#2122,.F.);
#2972=ORIENTED_EDGE('',*,*,#1945,.T.);
#2973=ORIENTED_EDGE('',*,*,#1696,.T.);
#2974=ORIENTED_EDGE('',*,*,#2121,.T.);
#2975=ORIENTED_EDGE('',*,*,#1946,.T.);
#2976=ORIENTED_EDGE('',*,*,#2122,.T.);
#2977=CONICAL_SURFACE('',#3174,1.4,0.5759586525);
#2978=CONICAL_SURFACE('',#3190,1.4,0.5759586525);
#2979=ADVANCED_FACE('',(#1034),#2977,.T.);
#2980=ADVANCED_FACE('',(#1035),#1030,.T.);
#2981=ADVANCED_FACE('',(#1036),#1031,.T.);
#2982=ADVANCED_FACE('',(#1037),#1032,.T.);
#2983=ADVANCED_FACE('',(#1038),#1033,.T.);
#2984=ADVANCED_FACE('',(#1039),#2978,.T.);
#2985=ADVANCED_FACE('',(#1040),#33,.F.);
#2986=ADVANCED_FACE('',(#1041),#34,.T.);
#2987=ADVANCED_FACE('',(#1042),#35,.T.);
#2988=ADVANCED_FACE('',(#1043),#36,.T.);
#2989=ADVANCED_FACE('',(#1044),#37,.T.);
#2990=ADVANCED_FACE('',(#1045),#38,.T.);
#2991=ADVANCED_FACE('',(#1046,#15,#16,#17,#18,#19,#20,#21),#39,.T.);
#2992=ADVANCED_FACE('',(#1047),#40,.T.);
#2993=ADVANCED_FACE('',(#1048),#41,.T.);
#2994=ADVANCED_FACE('',(#1049),#42,.T.);
#2995=ADVANCED_FACE('',(#1050,#22,#23,#24,#25,#26),#43,.T.);
#2996=ADVANCED_FACE('',(#1051,#27),#44,.T.);
#2997=ADVANCED_FACE('',(#1052),#45,.T.);
#2998=ADVANCED_FACE('',(#1053),#46,.F.);
#2999=ADVANCED_FACE('',(#1054),#47,.F.);
#3000=ADVANCED_FACE('',(#1055),#48,.F.);
#3001=ADVANCED_FACE('',(#1056),#49,.F.);
#3002=ADVANCED_FACE('',(#1057),#50,.F.);
#3003=ADVANCED_FACE('',(#1058),#51,.T.);
#3004=ADVANCED_FACE('',(#1059),#52,.T.);
#3005=ADVANCED_FACE('',(#1060),#53,.T.);
#3006=ADVANCED_FACE('',(#1061),#54,.T.);
#3007=ADVANCED_FACE('',(#1062),#55,.T.);
#3008=ADVANCED_FACE('',(#1063),#56,.T.);
#3009=ADVANCED_FACE('',(#1064),#57,.F.);
#3010=ADVANCED_FACE('',(#1065),#58,.T.);
#3011=ADVANCED_FACE('',(#1066),#59,.T.);
#3012=ADVANCED_FACE('',(#1067),#60,.T.);
#3013=ADVANCED_FACE('',(#1068),#61,.F.);
#3014=ADVANCED_FACE('',(#1069),#62,.T.);
#3015=ADVANCED_FACE('',(#1070),#63,.T.);
#3016=ADVANCED_FACE('',(#1071),#64,.T.);
#3017=ADVANCED_FACE('',(#1072),#65,.F.);
#3018=ADVANCED_FACE('',(#1073),#66,.F.);
#3019=ADVANCED_FACE('',(#1074),#67,.F.);
#3020=ADVANCED_FACE('',(#1075),#68,.F.);
#3021=ADVANCED_FACE('',(#1076),#69,.T.);
#3022=ADVANCED_FACE('',(#1077),#70,.F.);
#3023=ADVANCED_FACE('',(#1078),#71,.F.);
#3024=ADVANCED_FACE('',(#1079),#72,.F.);
#3025=ADVANCED_FACE('',(#1080),#73,.F.);
#3026=ADVANCED_FACE('',(#1081),#74,.F.);
#3027=ADVANCED_FACE('',(#1082),#75,.F.);
#3028=ADVANCED_FACE('',(#1083),#76,.F.);
#3029=ADVANCED_FACE('',(#1084,#28),#77,.T.);
#3030=ADVANCED_FACE('',(#1085),#78,.F.);
#3031=ADVANCED_FACE('',(#1086),#79,.F.);
#3032=ADVANCED_FACE('',(#1087),#80,.F.);
#3033=ADVANCED_FACE('',(#1088),#81,.F.);
#3034=ADVANCED_FACE('',(#1089,#29),#82,.T.);
#3035=ADVANCED_FACE('',(#1090),#83,.F.);
#3036=ADVANCED_FACE('',(#1091),#84,.F.);
#3037=ADVANCED_FACE('',(#1092),#85,.F.);
#3038=ADVANCED_FACE('',(#1093),#86,.F.);
#3039=ADVANCED_FACE('',(#1094),#87,.F.);
#3040=ADVANCED_FACE('',(#1095,#30),#88,.T.);
#3041=ADVANCED_FACE('',(#1096),#89,.F.);
#3042=ADVANCED_FACE('',(#1097),#90,.F.);
#3043=ADVANCED_FACE('',(#1098),#91,.F.);
#3044=ADVANCED_FACE('',(#1099),#92,.F.);
#3045=ADVANCED_FACE('',(#1100,#31),#93,.T.);
#3046=ADVANCED_FACE('',(#1101),#94,.F.);
#3047=ADVANCED_FACE('',(#1102),#95,.F.);
#3048=ADVANCED_FACE('',(#1103),#96,.F.);
#3049=ADVANCED_FACE('',(#1104),#97,.F.);
#3050=ADVANCED_FACE('',(#1105),#98,.F.);
#3051=ADVANCED_FACE('',(#1106,#32),#99,.T.);
#3052=ADVANCED_FACE('',(#1107),#100,.T.);
#3053=ADVANCED_FACE('',(#1108),#101,.T.);
#3054=ADVANCED_FACE('',(#1109),#102,.T.);
#3055=ADVANCED_FACE('',(#1110),#103,.F.);
#3056=ADVANCED_FACE('',(#1111),#104,.T.);
#3057=ADVANCED_FACE('',(#1112),#105,.T.);
#3058=ADVANCED_FACE('',(#1113),#106,.T.);
#3059=ADVANCED_FACE('',(#1114),#107,.F.);
#3060=ADVANCED_FACE('',(#1115),#108,.T.);
#3061=ADVANCED_FACE('',(#1116),#109,.F.);
#3062=ADVANCED_FACE('',(#1117),#110,.T.);
#3063=ADVANCED_FACE('',(#1118),#111,.F.);
#3064=ADVANCED_FACE('',(#1119),#112,.F.);
#3065=ADVANCED_FACE('',(#1120),#113,.F.);
#3066=ADVANCED_FACE('',(#1121),#114,.T.);
#3067=ADVANCED_FACE('',(#1122),#115,.F.);
#3068=ADVANCED_FACE('',(#1123),#116,.F.);
#3069=ADVANCED_FACE('',(#1124),#117,.F.);
#3070=ADVANCED_FACE('',(#1125),#118,.F.);
#3071=ADVANCED_FACE('',(#1126),#119,.F.);
#3072=ADVANCED_FACE('',(#1127),#120,.T.);
#3073=ADVANCED_FACE('',(#1128),#121,.F.);
#3074=ADVANCED_FACE('',(#1129),#122,.F.);
#3075=ADVANCED_FACE('',(#1130),#123,.F.);
#3076=ADVANCED_FACE('',(#1131),#124,.T.);
#3077=ADVANCED_FACE('',(#1132),#125,.F.);
#3078=ADVANCED_FACE('',(#1133),#126,.F.);
#3079=ADVANCED_FACE('',(#1134),#127,.F.);
#3080=ADVANCED_FACE('',(#1135),#128,.T.);
#3081=ADVANCED_FACE('',(#1136),#129,.F.);
#3082=ADVANCED_FACE('',(#1137),#130,.F.);
#3083=ADVANCED_FACE('',(#1138),#131,.F.);
#3084=ADVANCED_FACE('',(#1139),#132,.T.);
#3085=ADVANCED_FACE('',(#1140),#133,.F.);
#3086=ADVANCED_FACE('',(#1141),#134,.F.);
#3087=ADVANCED_FACE('',(#1142),#135,.F.);
#3088=ADVANCED_FACE('',(#1143),#136,.F.);
#3089=ADVANCED_FACE('',(#1144),#137,.F.);
#3090=ADVANCED_FACE('',(#1145),#138,.T.);
#3091=ADVANCED_FACE('',(#1146),#139,.F.);
#3092=ADVANCED_FACE('',(#1147),#140,.F.);
#3093=ADVANCED_FACE('',(#1148),#141,.F.);
#3094=ADVANCED_FACE('',(#1149),#142,.T.);
#3095=ADVANCED_FACE('',(#1150),#143,.F.);
#3096=ADVANCED_FACE('',(#1151),#144,.F.);
#3097=ADVANCED_FACE('',(#1152),#145,.F.);
#3098=ADVANCED_FACE('',(#1153),#146,.T.);
#3099=ADVANCED_FACE('',(#1154),#147,.F.);
#3100=ADVANCED_FACE('',(#1155),#148,.F.);
#3101=ADVANCED_FACE('',(#1156),#149,.F.);
#3102=ADVANCED_FACE('',(#1157),#150,.T.);
#3103=ADVANCED_FACE('',(#1158),#151,.F.);
#3104=ADVANCED_FACE('',(#1159),#152,.F.);
#3105=ADVANCED_FACE('',(#1160),#153,.F.);
#3106=ADVANCED_FACE('',(#1161),#154,.F.);
#3107=ADVANCED_FACE('',(#1162),#155,.F.);
#3108=ADVANCED_FACE('',(#1163),#156,.T.);
#3109=ADVANCED_FACE('',(#1164),#157,.F.);
#3110=ADVANCED_FACE('',(#1165),#158,.F.);
#3111=ADVANCED_FACE('',(#1166),#159,.F.);
#3112=ADVANCED_FACE('',(#1167),#160,.T.);
#3113=ADVANCED_FACE('',(#1168),#161,.F.);
#3114=ADVANCED_FACE('',(#1169),#162,.F.);
#3115=ADVANCED_FACE('',(#1170),#163,.F.);
#3116=ADVANCED_FACE('',(#1171),#164,.T.);
#3117=ADVANCED_FACE('',(#1172),#165,.F.);
#3118=ADVANCED_FACE('',(#1173),#166,.F.);
#3119=ADVANCED_FACE('',(#1174),#167,.F.);
#3120=ADVANCED_FACE('',(#1175),#168,.T.);
#3121=ADVANCED_FACE('',(#1176),#169,.F.);
#3122=ADVANCED_FACE('',(#1177),#170,.F.);
#3123=ADVANCED_FACE('',(#1178),#171,.F.);
#3124=ADVANCED_FACE('',(#1179),#172,.F.);
#3125=ADVANCED_FACE('',(#1180),#173,.F.);
#3126=ADVANCED_FACE('',(#1181),#174,.T.);
#3127=ADVANCED_FACE('',(#1182),#175,.F.);
#3128=ADVANCED_FACE('',(#1183),#176,.F.);
#3129=ADVANCED_FACE('',(#1184),#177,.F.);
#3130=ADVANCED_FACE('',(#1185),#178,.T.);
#3131=ADVANCED_FACE('',(#1186),#179,.F.);
#3132=ADVANCED_FACE('',(#1187),#180,.F.);
#3133=ADVANCED_FACE('',(#1188),#181,.F.);
#3134=ADVANCED_FACE('',(#1189),#182,.T.);
#3135=ADVANCED_FACE('',(#1190),#183,.F.);
#3136=ADVANCED_FACE('',(#1191),#184,.F.);
#3137=ADVANCED_FACE('',(#1192),#185,.F.);
#3138=ADVANCED_FACE('',(#1193),#186,.T.);
#3139=ADVANCED_FACE('',(#1194),#187,.F.);
#3140=ADVANCED_FACE('',(#1195),#188,.F.);
#3141=ADVANCED_FACE('',(#1196),#189,.F.);
#3142=ADVANCED_FACE('',(#1197),#190,.F.);
#3143=ADVANCED_FACE('',(#1198),#191,.F.);
#3144=ADVANCED_FACE('',(#1199),#192,.T.);
#3145=ADVANCED_FACE('',(#1200),#193,.F.);
#3146=ADVANCED_FACE('',(#1201),#194,.F.);
#3147=ADVANCED_FACE('',(#1202),#195,.F.);
#3148=ADVANCED_FACE('',(#1203),#196,.T.);
#3149=ADVANCED_FACE('',(#1204),#197,.F.);
#3150=ADVANCED_FACE('',(#1205),#198,.F.);
#3151=ADVANCED_FACE('',(#1206),#199,.F.);
#3152=ADVANCED_FACE('',(#1207),#200,.F.);
#3153=ADVANCED_FACE('',(#1208),#201,.F.);
#3154=ADVANCED_FACE('',(#1209),#202,.F.);
#3155=ADVANCED_FACE('',(#1210),#203,.T.);
#3156=ADVANCED_FACE('',(#1211),#204,.F.);
#3157=ADVANCED_FACE('',(#1212),#205,.T.);
#3158=ADVANCED_FACE('',(#1213),#206,.T.);
#3159=ADVANCED_FACE('',(#1214),#207,.T.);
#3160=CLOSED_SHELL('',(#2979,#2980,#2981,#2982,#2983,#2984,#2985,#2986,
#2987,#2988,#2989,#2990,#2991,#2992,#2993,#2994,#2995,#2996,#2997,#2998,
#2999,#3000,#3001,#3002,#3003,#3004,#3005,#3006,#3007,#3008,#3009,#3010,
#3011,#3012,#3013,#3014,#3015,#3016,#3017,#3018,#3019,#3020,#3021,#3022,
#3023,#3024,#3025,#3026,#3027,#3028,#3029,#3030,#3031,#3032,#3033,#3034,
#3035,#3036,#3037,#3038,#3039,#3040,#3041,#3042,#3043,#3044,#3045,#3046,
#3047,#3048,#3049,#3050,#3051,#3052,#3053,#3054,#3055,#3056,#3057,#3058,
#3059,#3060,#3061,#3062,#3063,#3064,#3065,#3066,#3067,#3068,#3069,#3070,
#3071,#3072,#3073,#3074,#3075,#3076,#3077,#3078,#3079,#3080,#3081,#3082,
#3083,#3084,#3085,#3086,#3087,#3088,#3089,#3090,#3091,#3092,#3093,#3094,
#3095,#3096,#3097,#3098,#3099,#3100,#3101,#3102,#3103,#3104,#3105,#3106,
#3107,#3108,#3109,#3110,#3111,#3112,#3113,#3114,#3115,#3116,#3117,#3118,
#3119,#3120,#3121,#3122,#3123,#3124,#3125,#3126,#3127,#3128,#3129,#3130,
#3131,#3132,#3133,#3134,#3135,#3136,#3137,#3138,#3139,#3140,#3141,#3142,
#3143,#3144,#3145,#3146,#3147,#3148,#3149,#3150,#3151,#3152,#3153,#3154,
#3155,#3156,#3157,#3158,#3159));
#3161=DERIVED_UNIT_ELEMENT(#3163,1.);
#3162=DERIVED_UNIT_ELEMENT(#5054,-3.);
#3163=(
MASS_UNIT()
NAMED_UNIT(*)
SI_UNIT(.KILO.,.GRAM.)
);
#3164=DERIVED_UNIT((#3161,#3162));
#3165=MEASURE_REPRESENTATION_ITEM('density measure',
POSITIVE_RATIO_MEASURE(7850.),#3164);
#3166=PROPERTY_DEFINITION_REPRESENTATION(#3171,#3168);
#3167=PROPERTY_DEFINITION_REPRESENTATION(#3172,#3169);
#3168=REPRESENTATION('material name',(#3170),#5051);
#3169=REPRESENTATION('density',(#3165),#5051);
#3170=DESCRIPTIVE_REPRESENTATION_ITEM('Steel','Steel');
#3171=PROPERTY_DEFINITION('material property','material name',#5061);
#3172=PROPERTY_DEFINITION('material property','density of part',#5061);
#3173=AXIS2_PLACEMENT_3D('',#4166,#3367,#3368);
#3174=AXIS2_PLACEMENT_3D('',#4167,#3369,#3370);
#3175=AXIS2_PLACEMENT_3D('',#4170,#3371,#3372);
#3176=AXIS2_PLACEMENT_3D('',#4176,#3373,#3374);
#3177=AXIS2_PLACEMENT_3D('',#4180,#3375,#3376);
#3178=AXIS2_PLACEMENT_3D('',#4183,#3377,#3378);
#3179=AXIS2_PLACEMENT_3D('',#4187,#3380,#3381);
#3180=AXIS2_PLACEMENT_3D('',#4189,#3383,#3384);
#3181=AXIS2_PLACEMENT_3D('',#4192,#3385,#3386);
#3182=AXIS2_PLACEMENT_3D('',#4195,#3389,#3390);
#3183=AXIS2_PLACEMENT_3D('',#4198,#3391,#3392);
#3184=AXIS2_PLACEMENT_3D('',#4202,#3394,#3395);
#3185=AXIS2_PLACEMENT_3D('',#4204,#3396,#3397);
#3186=AXIS2_PLACEMENT_3D('',#4206,#3399,#3400);
#3187=AXIS2_PLACEMENT_3D('',#4209,#3401,#3402);
#3188=AXIS2_PLACEMENT_3D('',#4213,#3404,#3405);
#3189=AXIS2_PLACEMENT_3D('',#4216,#3407,#3408);
#3190=AXIS2_PLACEMENT_3D('',#4217,#3409,#3410);
#3191=AXIS2_PLACEMENT_3D('',#4223,#3411,#3412);
#3192=AXIS2_PLACEMENT_3D('',#4227,#3413,#3414);
#3193=AXIS2_PLACEMENT_3D('',#4248,#3425,#3426);
#3194=AXIS2_PLACEMENT_3D('',#4251,#3429,#3430);
#3195=AXIS2_PLACEMENT_3D('',#4254,#3433,#3434);
#3196=AXIS2_PLACEMENT_3D('',#4255,#3435,#3436);
#3197=AXIS2_PLACEMENT_3D('',#4260,#3440,#3441);
#3198=AXIS2_PLACEMENT_3D('',#4268,#3446,#3447);
#3199=AXIS2_PLACEMENT_3D('',#4342,#3485,#3486);
#3200=AXIS2_PLACEMENT_3D('',#4351,#3491,#3492);
#3201=AXIS2_PLACEMENT_3D('',#4360,#3497,#3498);
#3202=AXIS2_PLACEMENT_3D('',#4374,#3506,#3507);
#3203=AXIS2_PLACEMENT_3D('',#4428,#3536,#3537);
#3204=AXIS2_PLACEMENT_3D('',#4440,#3544,#3545);
#3205=AXIS2_PLACEMENT_3D('',#4452,#3552,#3553);
#3206=AXIS2_PLACEMENT_3D('',#4459,#3558,#3559);
#3207=AXIS2_PLACEMENT_3D('',#4465,#3563,#3564);
#3208=AXIS2_PLACEMENT_3D('',#4471,#3568,#3569);
#3209=AXIS2_PLACEMENT_3D('',#4474,#3572,#3573);
#3210=AXIS2_PLACEMENT_3D('',#4475,#3574,#3575);
#3211=AXIS2_PLACEMENT_3D('',#4476,#3576,#3577);
#3212=AXIS2_PLACEMENT_3D('',#4479,#3580,#3581);
#3213=AXIS2_PLACEMENT_3D('',#4482,#3584,#3585);
#3214=AXIS2_PLACEMENT_3D('',#4488,#3589,#3590);
#3215=AXIS2_PLACEMENT_3D('',#4491,#3593,#3594);
#3216=AXIS2_PLACEMENT_3D('',#4492,#3595,#3596);
#3217=AXIS2_PLACEMENT_3D('',#4493,#3597,#3598);
#3218=AXIS2_PLACEMENT_3D('',#4499,#3602,#3603);
#3219=AXIS2_PLACEMENT_3D('',#4502,#3606,#3607);
#3220=AXIS2_PLACEMENT_3D('',#4503,#3608,#3609);
#3221=AXIS2_PLACEMENT_3D('',#4504,#3610,#3611);
#3222=AXIS2_PLACEMENT_3D('',#4510,#3615,#3616);
#3223=AXIS2_PLACEMENT_3D('',#4513,#3619,#3620);
#3224=AXIS2_PLACEMENT_3D('',#4515,#3622,#3623);
#3225=AXIS2_PLACEMENT_3D('',#4516,#3624,#3625);
#3226=AXIS2_PLACEMENT_3D('',#4520,#3628,#3629);
#3227=AXIS2_PLACEMENT_3D('',#4524,#3632,#3633);
#3228=AXIS2_PLACEMENT_3D('',#4527,#3636,#3637);
#3229=AXIS2_PLACEMENT_3D('',#4528,#3638,#3639);
#3230=AXIS2_PLACEMENT_3D('',#4529,#3640,#3641);
#3231=AXIS2_PLACEMENT_3D('',#4530,#3642,#3643);
#3232=AXIS2_PLACEMENT_3D('',#4536,#3647,#3648);
#3233=AXIS2_PLACEMENT_3D('',#4540,#3651,#3652);
#3234=AXIS2_PLACEMENT_3D('',#4544,#3655,#3656);
#3235=AXIS2_PLACEMENT_3D('',#4548,#3659,#3660);
#3236=AXIS2_PLACEMENT_3D('',#4550,#3662,#3663);
#3237=AXIS2_PLACEMENT_3D('',#4559,#3668,#3669);
#3238=AXIS2_PLACEMENT_3D('',#4565,#3673,#3674);
#3239=AXIS2_PLACEMENT_3D('',#4569,#3677,#3678);
#3240=AXIS2_PLACEMENT_3D('',#4573,#3681,#3682);
#3241=AXIS2_PLACEMENT_3D('',#4575,#3684,#3685);
#3242=AXIS2_PLACEMENT_3D('',#4584,#3690,#3691);
#3243=AXIS2_PLACEMENT_3D('',#4590,#3695,#3696);
#3244=AXIS2_PLACEMENT_3D('',#4594,#3699,#3700);
#3245=AXIS2_PLACEMENT_3D('',#4598,#3703,#3704);
#3246=AXIS2_PLACEMENT_3D('',#4602,#3707,#3708);
#3247=AXIS2_PLACEMENT_3D('',#4604,#3710,#3711);
#3248=AXIS2_PLACEMENT_3D('',#4613,#3716,#3717);
#3249=AXIS2_PLACEMENT_3D('',#4619,#3721,#3722);
#3250=AXIS2_PLACEMENT_3D('',#4623,#3725,#3726);
#3251=AXIS2_PLACEMENT_3D('',#4627,#3729,#3730);
#3252=AXIS2_PLACEMENT_3D('',#4629,#3732,#3733);
#3253=AXIS2_PLACEMENT_3D('',#4638,#3738,#3739);
#3254=AXIS2_PLACEMENT_3D('',#4644,#3743,#3744);
#3255=AXIS2_PLACEMENT_3D('',#4648,#3747,#3748);
#3256=AXIS2_PLACEMENT_3D('',#4652,#3751,#3752);
#3257=AXIS2_PLACEMENT_3D('',#4656,#3755,#3756);
#3258=AXIS2_PLACEMENT_3D('',#4658,#3758,#3759);
#3259=AXIS2_PLACEMENT_3D('',#4667,#3764,#3765);
#3260=AXIS2_PLACEMENT_3D('',#4672,#3769,#3770);
#3261=AXIS2_PLACEMENT_3D('',#4678,#3774,#3775);
#3262=AXIS2_PLACEMENT_3D('',#4690,#3783,#3784);
#3263=AXIS2_PLACEMENT_3D('',#4691,#3785,#3786);
#3264=AXIS2_PLACEMENT_3D('',#4692,#3787,#3788);
#3265=AXIS2_PLACEMENT_3D('',#4697,#3792,#3793);
#3266=AXIS2_PLACEMENT_3D('',#4700,#3796,#3797);
#3267=AXIS2_PLACEMENT_3D('',#4701,#3798,#3799);
#3268=AXIS2_PLACEMENT_3D('',#4702,#3800,#3801);
#3269=AXIS2_PLACEMENT_3D('',#4711,#3806,#3807);
#3270=AXIS2_PLACEMENT_3D('',#4717,#3811,#3812);
#3271=AXIS2_PLACEMENT_3D('',#4723,#3816,#3817);
#3272=AXIS2_PLACEMENT_3D('',#4725,#3819,#3820);
#3273=AXIS2_PLACEMENT_3D('',#4727,#3822,#3823);
#3274=AXIS2_PLACEMENT_3D('',#4733,#3827,#3828);
#3275=AXIS2_PLACEMENT_3D('',#4739,#3832,#3833);
#3276=AXIS2_PLACEMENT_3D('',#4741,#3835,#3836);
#3277=AXIS2_PLACEMENT_3D('',#4750,#3841,#3842);
#3278=AXIS2_PLACEMENT_3D('',#4752,#3844,#3845);
#3279=AXIS2_PLACEMENT_3D('',#4755,#3848,#3849);
#3280=AXIS2_PLACEMENT_3D('',#4757,#3851,#3852);
#3281=AXIS2_PLACEMENT_3D('',#4759,#3854,#3855);
#3282=AXIS2_PLACEMENT_3D('',#4760,#3856,#3857);
#3283=AXIS2_PLACEMENT_3D('',#4763,#3860,#3861);
#3284=AXIS2_PLACEMENT_3D('',#4765,#3863,#3864);
#3285=AXIS2_PLACEMENT_3D('',#4767,#3866,#3867);
#3286=AXIS2_PLACEMENT_3D('',#4768,#3868,#3869);
#3287=AXIS2_PLACEMENT_3D('',#4777,#3874,#3875);
#3288=AXIS2_PLACEMENT_3D('',#4783,#3879,#3880);
#3289=AXIS2_PLACEMENT_3D('',#4789,#3884,#3885);
#3290=AXIS2_PLACEMENT_3D('',#4791,#3887,#3888);
#3291=AXIS2_PLACEMENT_3D('',#4793,#3890,#3891);
#3292=AXIS2_PLACEMENT_3D('',#4799,#3895,#3896);
#3293=AXIS2_PLACEMENT_3D('',#4805,#3900,#3901);
#3294=AXIS2_PLACEMENT_3D('',#4807,#3903,#3904);
#3295=AXIS2_PLACEMENT_3D('',#4816,#3909,#3910);
#3296=AXIS2_PLACEMENT_3D('',#4818,#3912,#3913);
#3297=AXIS2_PLACEMENT_3D('',#4821,#3916,#3917);
#3298=AXIS2_PLACEMENT_3D('',#4823,#3919,#3920);
#3299=AXIS2_PLACEMENT_3D('',#4825,#3922,#3923);
#3300=AXIS2_PLACEMENT_3D('',#4826,#3924,#3925);
#3301=AXIS2_PLACEMENT_3D('',#4829,#3928,#3929);
#3302=AXIS2_PLACEMENT_3D('',#4831,#3931,#3932);
#3303=AXIS2_PLACEMENT_3D('',#4833,#3934,#3935);
#3304=AXIS2_PLACEMENT_3D('',#4834,#3936,#3937);
#3305=AXIS2_PLACEMENT_3D('',#4843,#3942,#3943);
#3306=AXIS2_PLACEMENT_3D('',#4849,#3947,#3948);
#3307=AXIS2_PLACEMENT_3D('',#4855,#3952,#3953);
#3308=AXIS2_PLACEMENT_3D('',#4857,#3955,#3956);
#3309=AXIS2_PLACEMENT_3D('',#4859,#3958,#3959);
#3310=AXIS2_PLACEMENT_3D('',#4865,#3963,#3964);
#3311=AXIS2_PLACEMENT_3D('',#4871,#3968,#3969);
#3312=AXIS2_PLACEMENT_3D('',#4873,#3971,#3972);
#3313=AXIS2_PLACEMENT_3D('',#4882,#3977,#3978);
#3314=AXIS2_PLACEMENT_3D('',#4884,#3980,#3981);
#3315=AXIS2_PLACEMENT_3D('',#4887,#3984,#3985);
#3316=AXIS2_PLACEMENT_3D('',#4889,#3987,#3988);
#3317=AXIS2_PLACEMENT_3D('',#4891,#3990,#3991);
#3318=AXIS2_PLACEMENT_3D('',#4892,#3992,#3993);
#3319=AXIS2_PLACEMENT_3D('',#4895,#3996,#3997);
#3320=AXIS2_PLACEMENT_3D('',#4897,#3999,#4000);
#3321=AXIS2_PLACEMENT_3D('',#4899,#4002,#4003);
#3322=AXIS2_PLACEMENT_3D('',#4900,#4004,#4005);
#3323=AXIS2_PLACEMENT_3D('',#4909,#4010,#4011);
#3324=AXIS2_PLACEMENT_3D('',#4915,#4015,#4016);
#3325=AXIS2_PLACEMENT_3D('',#4921,#4020,#4021);
#3326=AXIS2_PLACEMENT_3D('',#4923,#4023,#4024);
#3327=AXIS2_PLACEMENT_3D('',#4925,#4026,#4027);
#3328=AXIS2_PLACEMENT_3D('',#4931,#4031,#4032);
#3329=AXIS2_PLACEMENT_3D('',#4937,#4036,#4037);
#3330=AXIS2_PLACEMENT_3D('',#4939,#4039,#4040);
#3331=AXIS2_PLACEMENT_3D('',#4948,#4045,#4046);
#3332=AXIS2_PLACEMENT_3D('',#4950,#4048,#4049);
#3333=AXIS2_PLACEMENT_3D('',#4953,#4052,#4053);
#3334=AXIS2_PLACEMENT_3D('',#4955,#4055,#4056);
#3335=AXIS2_PLACEMENT_3D('',#4957,#4058,#4059);
#3336=AXIS2_PLACEMENT_3D('',#4958,#4060,#4061);
#3337=AXIS2_PLACEMENT_3D('',#4961,#4064,#4065);
#3338=AXIS2_PLACEMENT_3D('',#4963,#4067,#4068);
#3339=AXIS2_PLACEMENT_3D('',#4965,#4070,#4071);
#3340=AXIS2_PLACEMENT_3D('',#4966,#4072,#4073);
#3341=AXIS2_PLACEMENT_3D('',#4975,#4078,#4079);
#3342=AXIS2_PLACEMENT_3D('',#4981,#4083,#4084);
#3343=AXIS2_PLACEMENT_3D('',#4987,#4088,#4089);
#3344=AXIS2_PLACEMENT_3D('',#4989,#4091,#4092);
#3345=AXIS2_PLACEMENT_3D('',#4991,#4094,#4095);
#3346=AXIS2_PLACEMENT_3D('',#4997,#4099,#4100);
#3347=AXIS2_PLACEMENT_3D('',#5003,#4104,#4105);
#3348=AXIS2_PLACEMENT_3D('',#5005,#4107,#4108);
#3349=AXIS2_PLACEMENT_3D('',#5014,#4113,#4114);
#3350=AXIS2_PLACEMENT_3D('',#5016,#4116,#4117);
#3351=AXIS2_PLACEMENT_3D('',#5019,#4120,#4121);
#3352=AXIS2_PLACEMENT_3D('',#5021,#4123,#4124);
#3353=AXIS2_PLACEMENT_3D('',#5023,#4126,#4127);
#3354=AXIS2_PLACEMENT_3D('',#5024,#4128,#4129);
#3355=AXIS2_PLACEMENT_3D('',#5027,#4132,#4133);
#3356=AXIS2_PLACEMENT_3D('',#5029,#4135,#4136);
#3357=AXIS2_PLACEMENT_3D('',#5031,#4138,#4139);
#3358=AXIS2_PLACEMENT_3D('',#5032,#4140,#4141);
#3359=AXIS2_PLACEMENT_3D('',#5035,#4144,#4145);
#3360=AXIS2_PLACEMENT_3D('',#5038,#4148,#4149);
#3361=AXIS2_PLACEMENT_3D('',#5040,#4151,#4152);
#3362=AXIS2_PLACEMENT_3D('',#5042,#4154,#4155);
#3363=AXIS2_PLACEMENT_3D('',#5043,#4156,#4157);
#3364=AXIS2_PLACEMENT_3D('',#5044,#4158,#4159);
#3365=AXIS2_PLACEMENT_3D('',#5046,#4161,#4162);
#3366=AXIS2_PLACEMENT_3D('',#5048,#4164,#4165);
#3367=DIRECTION('axis',(0.,0.,1.));
#3368=DIRECTION('refdir',(1.,0.,0.));
#3369=DIRECTION('center_axis',(-3.99824040340524E-18,0.,1.));
#3370=DIRECTION('ref_axis',(-1.,0.,-3.99824040340524E-18));
#3371=DIRECTION('center_axis',(0.,0.,-1.));
#3372=DIRECTION('ref_axis',(-1.,0.,0.));
#3373=DIRECTION('center_axis',(0.,0.,-1.));
#3374=DIRECTION('ref_axis',(-1.,0.,0.));
#3375=DIRECTION('center_axis',(0.,0.,-1.));
#3376=DIRECTION('ref_axis',(1.,0.,0.));
#3377=DIRECTION('center_axis',(0.,0.,-1.));
#3378=DIRECTION('ref_axis',(-1.,0.,0.));
#3379=DIRECTION('',(0.,0.,1.));
#3380=DIRECTION('center_axis',(0.,0.,-1.));
#3381=DIRECTION('ref_axis',(1.,0.,0.));
#3382=DIRECTION('',(0.,0.,1.));
#3383=DIRECTION('center_axis',(0.,0.,-1.));
#3384=DIRECTION('ref_axis',(-1.,-1.22464679914735E-16,0.));
#3385=DIRECTION('center_axis',(0.,0.,1.));
#3386=DIRECTION('ref_axis',(-1.,0.,0.));
#3387=DIRECTION('',(0.,0.,1.));
#3388=DIRECTION('',(0.,0.,1.));
#3389=DIRECTION('center_axis',(0.,0.,-1.));
#3390=DIRECTION('ref_axis',(1.,0.,0.));
#3391=DIRECTION('center_axis',(0.,0.,-1.));
#3392=DIRECTION('ref_axis',(1.,0.,0.));
#3393=DIRECTION('',(0.,0.,1.));
#3394=DIRECTION('center_axis',(0.,0.,-1.));
#3395=DIRECTION('ref_axis',(1.,0.,0.));
#3396=DIRECTION('center_axis',(0.,0.,-1.));
#3397=DIRECTION('ref_axis',(1.,0.,0.));
#3398=DIRECTION('',(0.,0.,1.));
#3399=DIRECTION('center_axis',(0.,0.,-1.));
#3400=DIRECTION('ref_axis',(-1.,4.56335677841536E-15,0.));
#3401=DIRECTION('center_axis',(-9.85638338623186E-17,0.,-1.));
#3402=DIRECTION('ref_axis',(-1.,0.,9.85638338623186E-17));
#3403=DIRECTION('',(0.,0.,1.));
#3404=DIRECTION('center_axis',(0.,0.,-1.));
#3405=DIRECTION('ref_axis',(-1.,0.,0.));
#3406=DIRECTION('',(0.,0.,1.));
#3407=DIRECTION('center_axis',(-9.85638338623186E-17,0.,-1.));
#3408=DIRECTION('ref_axis',(-1.,0.,9.85638338623186E-17));
#3409=DIRECTION('center_axis',(-3.99824040340524E-18,0.,1.));
#3410=DIRECTION('ref_axis',(1.,-1.22464679914735E-16,3.99824040340524E-18));
#3411=DIRECTION('center_axis',(0.,0.,-1.));
#3412=DIRECTION('ref_axis',(-1.,0.,0.));
#3413=DIRECTION('center_axis',(1.,0.,0.));
#3414=DIRECTION('ref_axis',(0.,1.,0.));
#3415=DIRECTION('',(0.,-0.5,0.866025403784439));
#3416=DIRECTION('',(0.,0.,1.));
#3417=DIRECTION('',(0.,1.,0.));
#3418=DIRECTION('',(0.,0.,1.));
#3419=DIRECTION('',(0.,1.,0.));
#3420=DIRECTION('',(0.,0.,1.));
#3421=DIRECTION('',(0.,1.,0.));
#3422=DIRECTION('',(0.,0.,1.));
#3423=DIRECTION('',(0.,0.5,0.866025403784439));
#3424=DIRECTION('',(0.,1.,0.));
#3425=DIRECTION('center_axis',(0.,0.866025403784439,-0.5));
#3426=DIRECTION('ref_axis',(-1.,0.,0.));
#3427=DIRECTION('',(1.,0.,0.));
#3428=DIRECTION('',(1.,0.,0.));
#3429=DIRECTION('center_axis',(-4.69582224704928E-15,-0.866025403784439,
-0.5));
#3430=DIRECTION('ref_axis',(3.94430452610506E-31,0.5,-0.866025403784439));
#3431=DIRECTION('',(-1.,5.42226847680107E-15,0.));
#3432=DIRECTION('',(-1.,5.42226847680107E-15,0.));
#3433=DIRECTION('center_axis',(0.,0.,-1.));
#3434=DIRECTION('ref_axis',(0.,-1.,0.));
#3435=DIRECTION('center_axis',(0.,0.,-1.));
#3436=DIRECTION('ref_axis',(0.,-1.,0.));
#3437=DIRECTION('',(-1.,0.,0.));
#3438=DIRECTION('',(0.,1.,0.));
#3439=DIRECTION('',(-1.,0.,0.));
#3440=DIRECTION('center_axis',(0.,0.,-1.));
#3441=DIRECTION('ref_axis',(0.,-1.,0.));
#3442=DIRECTION('',(-1.,1.21052813930718E-15,0.));
#3443=DIRECTION('',(0.,1.,0.));
#3444=DIRECTION('',(-1.,0.,0.));
#3445=DIRECTION('',(0.,1.,0.));
#3446=DIRECTION('center_axis',(0.,0.,-1.));
#3447=DIRECTION('ref_axis',(0.,-1.,0.));
#3448=DIRECTION('',(0.,1.,0.));
#3449=DIRECTION('',(0.,-1.,0.));
#3450=DIRECTION('',(-0.642787609686539,-0.766044443118978,0.));
#3451=DIRECTION('',(1.,0.,0.));
#3452=DIRECTION('',(-0.642787609686539,0.766044443118978,0.));
#3453=DIRECTION('',(0.,1.,0.));
#3454=DIRECTION('',(0.,1.,0.));
#3455=DIRECTION('',(-0.707106781186543,0.707106781186552,0.));
#3456=DIRECTION('',(1.,0.,0.));
#3457=DIRECTION('',(0.707106781186545,0.70710678118655,0.));
#3458=DIRECTION('',(0.,-1.,0.));
#3459=DIRECTION('',(-1.,0.,0.));
#3460=DIRECTION('',(0.,-1.,0.));
#3461=DIRECTION('',(1.,0.,0.));
#3462=DIRECTION('',(0.,-1.,0.));
#3463=DIRECTION('',(-1.,0.,0.));
#3464=DIRECTION('',(0.,-1.,0.));
#3465=DIRECTION('',(1.,0.,0.));
#3466=DIRECTION('',(0.,-1.,0.));
#3467=DIRECTION('',(-1.,0.,0.));
#3468=DIRECTION('',(0.,-1.,0.));
#3469=DIRECTION('',(1.,0.,0.));
#3470=DIRECTION('',(0.,-1.,0.));
#3471=DIRECTION('',(-1.,0.,0.));
#3472=DIRECTION('',(0.,-1.,0.));
#3473=DIRECTION('',(1.,0.,0.));
#3474=DIRECTION('',(0.,-1.,0.));
#3475=DIRECTION('',(-1.,0.,0.));
#3476=DIRECTION('',(0.,-1.,0.));
#3477=DIRECTION('',(1.,0.,0.));
#3478=DIRECTION('',(1.,0.,-9.95799250102957E-17));
#3479=DIRECTION('',(1.,0.,-9.95799250102957E-17));
#3480=DIRECTION('',(0.,1.,0.));
#3481=DIRECTION('',(1.,0.,9.95799250102957E-17));
#3482=DIRECTION('',(0.,1.,0.));
#3483=DIRECTION('',(1.,0.,9.95799250102957E-17));
#3484=DIRECTION('',(0.,1.,0.));
#3485=DIRECTION('center_axis',(-0.766044443118978,-0.642787609686539,0.));
#3486=DIRECTION('ref_axis',(-0.642787609686539,0.766044443118978,0.));
#3487=DIRECTION('',(0.,0.,-1.));
#3488=DIRECTION('',(0.642787609686539,-0.766044443118978,0.));
#3489=DIRECTION('',(0.,0.,-1.));
#3490=DIRECTION('',(-0.642787609686539,0.766044443118978,-2.69193369348506E-16));
#3491=DIRECTION('center_axis',(0.766044443118978,-0.642787609686539,0.));
#3492=DIRECTION('ref_axis',(0.,0.,-1.));
#3493=DIRECTION('',(0.,0.,-1.));
#3494=DIRECTION('',(0.642787609686539,0.766044443118978,0.));
#3495=DIRECTION('',(0.,0.,-1.));
#3496=DIRECTION('',(-0.642787609686539,-0.766044443118978,-2.69193369348506E-16));
#3497=DIRECTION('center_axis',(1.,0.,0.));
#3498=DIRECTION('ref_axis',(0.,1.,0.));
#3499=DIRECTION('',(0.,0.,-1.));
#3500=DIRECTION('',(0.,1.,0.));
#3501=DIRECTION('',(0.,0.,-1.));
#3502=DIRECTION('',(0.,-1.,0.));
#3503=DIRECTION('',(0.,0.,1.));
#3504=DIRECTION('',(0.,-1.,0.));
#3505=DIRECTION('',(0.,0.,-1.));
#3506=DIRECTION('center_axis',(0.,-1.,0.));
#3507=DIRECTION('ref_axis',(0.,0.,-1.));
#3508=DIRECTION('',(-1.,0.,-4.18790538728306E-16));
#3509=DIRECTION('',(0.,0.,-1.));
#3510=DIRECTION('',(0.,0.,-1.));
#3511=DIRECTION('',(0.,0.,-1.));
#3512=DIRECTION('',(0.,0.,-1.));
#3513=DIRECTION('',(0.,0.,-1.));
#3514=DIRECTION('',(-1.,0.,-1.70740499604016E-16));
#3515=DIRECTION('',(-3.41480999208032E-16,0.,1.));
#3516=DIRECTION('',(1.,0.,-2.17987738383329E-15));
#3517=DIRECTION('',(0.707106781186553,0.,-0.707106781186542));
#3518=DIRECTION('',(3.41480999208031E-16,0.,-1.));
#3519=DIRECTION('',(-1.,0.,6.82961998416063E-16));
#3520=DIRECTION('',(-3.41480999208032E-16,0.,1.));
#3521=DIRECTION('',(1.,0.,1.40860912173313E-15));
#3522=DIRECTION('',(6.82961998416065E-16,0.,-1.));
#3523=DIRECTION('',(-1.,0.,1.70740499604016E-16));
#3524=DIRECTION('',(1.37676466347365E-15,0.,1.));
#3525=DIRECTION('',(0.707106781186547,0.,0.707106781186548));
#3526=DIRECTION('',(1.,0.,2.86825971557012E-16));
#3527=DIRECTION('',(3.41480999208031E-16,0.,-1.));
#3528=DIRECTION('',(-1.,0.,6.82961998416064E-16));
#3529=DIRECTION('',(-2.39036699445622E-15,0.,1.));
#3530=DIRECTION('',(1.,0.,1.40860912173313E-15));
#3531=DIRECTION('',(6.82961998416065E-16,0.,-1.));
#3532=DIRECTION('',(-1.,0.,1.70740499604016E-16));
#3533=DIRECTION('',(1.37676466347365E-15,0.,1.));
#3534=DIRECTION('',(0.707106781186547,0.,0.707106781186548));
#3535=DIRECTION('',(1.,0.,2.86825971557012E-16));
#3536=DIRECTION('center_axis',(-4.18790538728306E-16,0.,1.));
#3537=DIRECTION('ref_axis',(1.,0.,4.18790538728306E-16));
#3538=DIRECTION('',(-1.,0.,-4.18790538728306E-16));
#3539=DIRECTION('',(0.,-1.,0.));
#3540=DIRECTION('',(-1.,0.,0.));
#3541=DIRECTION('',(0.,1.,3.77896192899512E-15));
#3542=DIRECTION('',(-1.,0.,0.));
#3543=DIRECTION('',(0.,1.,3.77896192899512E-15));
#3544=DIRECTION('center_axis',(-1.,0.,0.));
#3545=DIRECTION('ref_axis',(0.,0.,1.));
#3546=DIRECTION('',(0.,0.,-1.));
#3547=DIRECTION('',(0.,-1.,0.));
#3548=DIRECTION('',(0.,0.,-1.));
#3549=DIRECTION('',(0.,0.,-1.));
#3550=DIRECTION('',(0.,0.,-1.));
#3551=DIRECTION('',(0.,-1.,0.));
#3552=DIRECTION('center_axis',(0.,-1.,0.));
#3553=DIRECTION('ref_axis',(0.,0.,-1.));
#3554=DIRECTION('',(1.,0.,0.));
#3555=DIRECTION('',(0.,0.,-1.));
#3556=DIRECTION('',(0.,0.,-1.));
#3557=DIRECTION('',(-1.,0.,0.));
#3558=DIRECTION('center_axis',(0.,0.585846996418766,-0.810421678379293));
#3559=DIRECTION('ref_axis',(-1.,0.,0.));
#3560=DIRECTION('',(0.,-0.810421678379293,-0.585846996418766));
#3561=DIRECTION('',(0.,-0.810421678379293,-0.585846996418766));
#3562=DIRECTION('',(-1.,0.,0.));
#3563=DIRECTION('center_axis',(0.,-1.,-7.22801448323675E-16));
#3564=DIRECTION('ref_axis',(0.,7.22801448323675E-16,-1.));
#3565=DIRECTION('',(0.,-7.22801448323674E-16,1.));
#3566=DIRECTION('',(-1.,0.,0.));
#3567=DIRECTION('',(0.,-7.22801448323674E-16,1.));
#3568=DIRECTION('center_axis',(0.,1.15648231731787E-15,-1.));
#3569=DIRECTION('ref_axis',(-1.,0.,0.));
#3570=DIRECTION('',(0.,-1.,-1.15648231731787E-15));
#3571=DIRECTION('',(0.,-1.,-1.15648231731787E-15));
#3572=DIRECTION('center_axis',(-1.,0.,0.));
#3573=DIRECTION('ref_axis',(0.,0.,1.));
#3574=DIRECTION('center_axis',(-1.,0.,0.));
#3575=DIRECTION('ref_axis',(0.,0.,1.));
#3576=DIRECTION('center_axis',(-0.766044443118978,-0.642787609686539,0.));
#3577=DIRECTION('ref_axis',(-0.642787609686539,0.766044443118978,0.));
#3578=DIRECTION('',(0.60658472488997,-0.722899525100392,-0.330864395394529));
#3579=DIRECTION('',(0.642787609686539,-0.766044443118978,0.));
#3580=DIRECTION('center_axis',(0.766044443118978,-0.642787609686539,0.));
#3581=DIRECTION('ref_axis',(0.,0.,-1.));
#3582=DIRECTION('',(0.60658472488997,0.722899525100393,0.330864395394527));
#3583=DIRECTION('',(0.642787609686539,0.766044443118978,0.));
#3584=DIRECTION('center_axis',(1.,1.03971844920479E-15,0.));
#3585=DIRECTION('ref_axis',(-1.03971844920479E-15,1.,0.));
#3586=DIRECTION('',(-1.03971844920479E-15,1.,0.));
#3587=DIRECTION('',(0.,0.,1.));
#3588=DIRECTION('',(-1.03971844920479E-15,1.,0.));
#3589=DIRECTION('center_axis',(9.29316147844717E-16,-1.,0.));
#3590=DIRECTION('ref_axis',(0.,0.,-1.));
#3591=DIRECTION('',(1.,9.29316147844717E-16,0.));
#3592=DIRECTION('',(1.,9.29316147844717E-16,0.));
#3593=DIRECTION('center_axis',(0.,0.,-1.));
#3594=DIRECTION('ref_axis',(0.,-1.,0.));
#3595=DIRECTION('center_axis',(0.,0.,-1.));
#3596=DIRECTION('ref_axis',(0.,-1.,0.));
#3597=DIRECTION('center_axis',(-1.,1.03971844920479E-15,0.));
#3598=DIRECTION('ref_axis',(0.,0.,1.));
#3599=DIRECTION('',(-1.03971844920479E-15,-1.,0.));
#3600=DIRECTION('',(-1.03971844920479E-15,-1.,0.));
#3601=DIRECTION('',(0.,0.,1.));
#3602=DIRECTION('center_axis',(-9.29316147844717E-16,-1.,0.));
#3603=DIRECTION('ref_axis',(-1.,9.29316147844717E-16,0.));
#3604=DIRECTION('',(1.,-9.29316147844717E-16,0.));
#3605=DIRECTION('',(1.,-9.29316147844717E-16,0.));
#3606=DIRECTION('center_axis',(0.,0.,-1.));
#3607=DIRECTION('ref_axis',(0.,-1.,0.));
#3608=DIRECTION('center_axis',(0.,0.,-1.));
#3609=DIRECTION('ref_axis',(0.,-1.,0.));
#3610=DIRECTION('center_axis',(-1.,0.,0.));
#3611=DIRECTION('ref_axis',(0.,0.,1.));
#3612=DIRECTION('',(0.,0.,-1.));
#3613=DIRECTION('',(0.,1.,0.));
#3614=DIRECTION('',(0.,0.,-1.));
#3615=DIRECTION('center_axis',(0.,-1.,0.));
#3616=DIRECTION('ref_axis',(0.,0.,-1.));
#3617=DIRECTION('',(-0.877895572914386,0.,-0.478852130680571));
#3618=DIRECTION('',(-1.,0.,0.));
#3619=DIRECTION('center_axis',(-0.70710678118655,0.707106781186545,0.));
#3620=DIRECTION('ref_axis',(0.,0.,1.));
#3621=DIRECTION('',(0.707106781186545,0.70710678118655,0.));
#3622=DIRECTION('center_axis',(0.,0.,1.));
#3623=DIRECTION('ref_axis',(1.,0.,0.));
#3624=DIRECTION('center_axis',(-0.707106781186552,-0.707106781186543,0.));
#3625=DIRECTION('ref_axis',(-0.707106781186543,0.707106781186552,0.));
#3626=DIRECTION('',(0.,0.,-1.));
#3627=DIRECTION('',(-0.707106781186543,0.707106781186552,0.));
#3628=DIRECTION('center_axis',(-1.,0.,0.));
#3629=DIRECTION('ref_axis',(0.,0.,1.));
#3630=DIRECTION('',(0.,0.,-1.));
#3631=DIRECTION('',(0.,1.,0.));
#3632=DIRECTION('center_axis',(0.,1.,0.));
#3633=DIRECTION('ref_axis',(1.,0.,0.));
#3634=DIRECTION('',(-0.877895572914385,0.,0.478852130680573));
#3635=DIRECTION('',(1.,0.,0.));
#3636=DIRECTION('center_axis',(0.,0.,-1.));
#3637=DIRECTION('ref_axis',(0.,-1.,0.));
#3638=DIRECTION('center_axis',(-0.478852130680571,0.,0.877895572914386));
#3639=DIRECTION('ref_axis',(0.,1.,0.));
#3640=DIRECTION('center_axis',(0.478852130680573,0.,0.877895572914385));
#3641=DIRECTION('ref_axis',(0.,-1.,0.));
#3642=DIRECTION('center_axis',(-1.,0.,-6.82961998416065E-16));
#3643=DIRECTION('ref_axis',(-6.82961998416065E-16,0.,1.));
#3644=DIRECTION('',(0.,1.,0.));
#3645=DIRECTION('',(-6.82961998416065E-16,0.,1.));
#3646=DIRECTION('',(0.,1.,0.));
#3647=DIRECTION('center_axis',(2.86825971557012E-16,0.,-1.));
#3648=DIRECTION('ref_axis',(0.,-1.,0.));
#3649=DIRECTION('',(0.,1.,0.));
#3650=DIRECTION('',(-1.,0.,-2.86825971557012E-16));
#3651=DIRECTION('center_axis',(0.707106781186548,0.,-0.707106781186547));
#3652=DIRECTION('ref_axis',(0.,-1.,0.));
#3653=DIRECTION('',(0.,1.,0.));
#3654=DIRECTION('',(-0.707106781186547,0.,-0.707106781186548));
#3655=DIRECTION('center_axis',(1.,0.,-1.37676466347366E-15));
#3656=DIRECTION('ref_axis',(-1.37676466347366E-15,0.,-1.));
#3657=DIRECTION('',(0.,1.,0.));
#3658=DIRECTION('',(-1.37676466347365E-15,0.,-1.));
#3659=DIRECTION('center_axis',(1.70740499604016E-16,0.,1.));
#3660=DIRECTION('ref_axis',(1.,0.,-1.70740499604016E-16));
#3661=DIRECTION('',(1.,0.,-1.70740499604016E-16));
#3662=DIRECTION('center_axis',(0.,-1.,0.));
#3663=DIRECTION('ref_axis',(0.,0.,-1.));
#3664=DIRECTION('',(0.,0.,1.));
#3665=DIRECTION('',(-1.,0.,0.));
#3666=DIRECTION('',(0.,0.,1.));
#3667=DIRECTION('',(1.,0.,0.));
#3668=DIRECTION('center_axis',(-1.,0.,-3.41480999208031E-16));
#3669=DIRECTION('ref_axis',(-3.41480999208031E-16,0.,1.));
#3670=DIRECTION('',(0.,1.,0.));
#3671=DIRECTION('',(-3.41480999208031E-16,0.,1.));
#3672=DIRECTION('',(0.,1.,0.));
#3673=DIRECTION('center_axis',(1.40860912173313E-15,0.,-1.));
#3674=DIRECTION('ref_axis',(0.,-1.,0.));
#3675=DIRECTION('',(0.,1.,0.));
#3676=DIRECTION('',(-1.,0.,-1.40860912173313E-15));
#3677=DIRECTION('center_axis',(1.,0.,2.39036699445622E-15));
#3678=DIRECTION('ref_axis',(-2.39036699445622E-15,0.,1.));
#3679=DIRECTION('',(0.,1.,0.));
#3680=DIRECTION('',(2.39036699445622E-15,0.,-1.));
#3681=DIRECTION('center_axis',(6.82961998416065E-16,0.,1.));
#3682=DIRECTION('ref_axis',(1.,0.,-6.82961998416065E-16));
#3683=DIRECTION('',(1.,0.,-6.82961998416064E-16));
#3684=DIRECTION('center_axis',(0.,-1.,0.));
#3685=DIRECTION('ref_axis',(0.,0.,-1.));
#3686=DIRECTION('',(0.,0.,1.));
#3687=DIRECTION('',(-1.,0.,0.));
#3688=DIRECTION('',(0.,0.,1.));
#3689=DIRECTION('',(1.,0.,0.));
#3690=DIRECTION('center_axis',(-1.,0.,-6.82961998416065E-16));
#3691=DIRECTION('ref_axis',(-6.82961998416065E-16,0.,1.));
#3692=DIRECTION('',(0.,1.,0.));
#3693=DIRECTION('',(-6.82961998416065E-16,0.,1.));
#3694=DIRECTION('',(0.,1.,0.));
#3695=DIRECTION('center_axis',(2.86825971557012E-16,0.,-1.));
#3696=DIRECTION('ref_axis',(0.,-1.,0.));
#3697=DIRECTION('',(0.,1.,0.));
#3698=DIRECTION('',(-1.,0.,-2.86825971557012E-16));
#3699=DIRECTION('center_axis',(0.707106781186548,0.,-0.707106781186547));
#3700=DIRECTION('ref_axis',(0.,-1.,0.));
#3701=DIRECTION('',(0.,1.,0.));
#3702=DIRECTION('',(-0.707106781186547,0.,-0.707106781186548));
#3703=DIRECTION('center_axis',(1.,0.,-1.37676466347366E-15));
#3704=DIRECTION('ref_axis',(-1.37676466347366E-15,0.,-1.));
#3705=DIRECTION('',(0.,1.,0.));
#3706=DIRECTION('',(-1.37676466347365E-15,0.,-1.));
#3707=DIRECTION('center_axis',(1.70740499604016E-16,0.,1.));
#3708=DIRECTION('ref_axis',(1.,0.,-1.70740499604016E-16));
#3709=DIRECTION('',(1.,0.,-1.70740499604016E-16));
#3710=DIRECTION('center_axis',(0.,-1.,0.));
#3711=DIRECTION('ref_axis',(0.,0.,-1.));
#3712=DIRECTION('',(0.,0.,1.));
#3713=DIRECTION('',(-1.,0.,0.));
#3714=DIRECTION('',(0.,0.,1.));
#3715=DIRECTION('',(1.,0.,0.));
#3716=DIRECTION('center_axis',(-1.,0.,-3.41480999208031E-16));
#3717=DIRECTION('ref_axis',(-3.41480999208031E-16,0.,1.));
#3718=DIRECTION('',(0.,1.,0.));
#3719=DIRECTION('',(-3.41480999208031E-16,0.,1.));
#3720=DIRECTION('',(0.,1.,0.));
#3721=DIRECTION('center_axis',(1.40860912173313E-15,0.,-1.));
#3722=DIRECTION('ref_axis',(0.,-1.,0.));
#3723=DIRECTION('',(0.,1.,0.));
#3724=DIRECTION('',(-1.,0.,-1.40860912173313E-15));
#3725=DIRECTION('center_axis',(1.,0.,3.41480999208032E-16));
#3726=DIRECTION('ref_axis',(-3.41480999208032E-16,0.,1.));
#3727=DIRECTION('',(0.,1.,0.));
#3728=DIRECTION('',(3.41480999208032E-16,0.,-1.));
#3729=DIRECTION('center_axis',(6.82961998416063E-16,0.,1.));
#3730=DIRECTION('ref_axis',(1.,0.,-6.82961998416063E-16));
#3731=DIRECTION('',(1.,0.,-6.82961998416063E-16));
#3732=DIRECTION('center_axis',(0.,-1.,0.));
#3733=DIRECTION('ref_axis',(0.,0.,-1.));
#3734=DIRECTION('',(0.,0.,1.));
#3735=DIRECTION('',(-1.,0.,0.));
#3736=DIRECTION('',(0.,0.,1.));
#3737=DIRECTION('',(1.,0.,0.));
#3738=DIRECTION('center_axis',(-1.,0.,0.));
#3739=DIRECTION('ref_axis',(0.,0.,1.));
#3740=DIRECTION('',(0.,1.,0.));
#3741=DIRECTION('',(0.,0.,1.));
#3742=DIRECTION('',(0.,1.,0.));
#3743=DIRECTION('center_axis',(-0.707106781186542,0.,-0.707106781186553));
#3744=DIRECTION('ref_axis',(-0.707106781186553,0.,0.707106781186542));
#3745=DIRECTION('',(0.,1.,0.));
#3746=DIRECTION('',(-0.707106781186553,0.,0.707106781186542));
#3747=DIRECTION('center_axis',(-2.17987738383329E-15,0.,-1.));
#3748=DIRECTION('ref_axis',(-1.,0.,2.17987738383329E-15));
#3749=DIRECTION('',(0.,1.,0.));
#3750=DIRECTION('',(-1.,0.,2.17987738383329E-15));
#3751=DIRECTION('center_axis',(1.,0.,3.41480999208032E-16));
#3752=DIRECTION('ref_axis',(-3.41480999208032E-16,0.,1.));
#3753=DIRECTION('',(0.,1.,0.));
#3754=DIRECTION('',(3.41480999208032E-16,0.,-1.));
#3755=DIRECTION('center_axis',(-1.70740499604016E-16,0.,1.));
#3756=DIRECTION('ref_axis',(1.,0.,1.70740499604016E-16));
#3757=DIRECTION('',(1.,0.,1.70740499604016E-16));
#3758=DIRECTION('center_axis',(0.,-1.,0.));
#3759=DIRECTION('ref_axis',(0.,0.,-1.));
#3760=DIRECTION('',(0.,0.,1.));
#3761=DIRECTION('',(-1.,0.,0.));
#3762=DIRECTION('',(0.,0.,1.));
#3763=DIRECTION('',(1.,0.,0.));
#3764=DIRECTION('center_axis',(-1.,0.,0.));
#3765=DIRECTION('ref_axis',(0.,0.,1.));
#3766=DIRECTION('',(0.,0.,1.));
#3767=DIRECTION('',(0.,0.,1.));
#3768=DIRECTION('',(0.,1.,0.));
#3769=DIRECTION('center_axis',(0.,0.,-1.));
#3770=DIRECTION('ref_axis',(0.,-1.,0.));
#3771=DIRECTION('',(-1.,0.,0.));
#3772=DIRECTION('',(0.,1.,0.));
#3773=DIRECTION('',(1.,0.,0.));
#3774=DIRECTION('center_axis',(1.,0.,0.));
#3775=DIRECTION('ref_axis',(0.,1.,0.));
#3776=DIRECTION('',(0.,0.,-1.));
#3777=DIRECTION('',(0.,0.,1.));
#3778=DIRECTION('',(0.,-0.5,0.866025403784439));
#3779=DIRECTION('',(0.,-1.,0.));
#3780=DIRECTION('',(0.,0.5,0.866025403784439));
#3781=DIRECTION('',(0.,0.,1.));
#3782=DIRECTION('',(0.,0.,-1.));
#3783=DIRECTION('center_axis',(0.,-1.,0.));
#3784=DIRECTION('ref_axis',(0.,0.,-1.));
#3785=DIRECTION('center_axis',(0.,-1.,0.));
#3786=DIRECTION('ref_axis',(0.,0.,-1.));
#3787=DIRECTION('center_axis',(0.,0.,-1.));
#3788=DIRECTION('ref_axis',(0.,-1.,0.));
#3789=DIRECTION('',(1.,0.,0.));
#3790=DIRECTION('',(-1.,0.,0.));
#3791=DIRECTION('',(0.,1.,0.));
#3792=DIRECTION('center_axis',(1.,0.,0.));
#3793=DIRECTION('ref_axis',(0.,1.,0.));
#3794=DIRECTION('',(0.,0.,-1.));
#3795=DIRECTION('',(0.,0.,-1.));
#3796=DIRECTION('center_axis',(0.,-1.,0.));
#3797=DIRECTION('ref_axis',(0.,0.,-1.));
#3798=DIRECTION('center_axis',(0.,-1.,0.));
#3799=DIRECTION('ref_axis',(0.,0.,-1.));
#3800=DIRECTION('center_axis',(0.,1.,0.));
#3801=DIRECTION('ref_axis',(1.,0.,0.));
#3802=DIRECTION('',(0.,0.,1.));
#3803=DIRECTION('',(-1.,0.,0.));
#3804=DIRECTION('',(0.,0.,-1.));
#3805=DIRECTION('',(1.,0.,0.));
#3806=DIRECTION('center_axis',(1.,0.,0.));
#3807=DIRECTION('ref_axis',(0.,1.,0.));
#3808=DIRECTION('',(0.,-1.,0.));
#3809=DIRECTION('',(0.,0.,-1.));
#3810=DIRECTION('',(0.,1.,-7.04027384730847E-17));
#3811=DIRECTION('center_axis',(1.,0.,0.));
#3812=DIRECTION('ref_axis',(0.,1.,0.));
#3813=DIRECTION('',(0.,1.,-7.04027384730847E-17));
#3814=DIRECTION('',(0.,0.,1.));
#3815=DIRECTION('',(0.,-1.,0.));
#3816=DIRECTION('center_axis',(0.,0.,-1.));
#3817=DIRECTION('ref_axis',(0.,-1.,0.));
#3818=DIRECTION('',(1.,0.,0.));
#3819=DIRECTION('center_axis',(0.,7.04027384730847E-17,1.));
#3820=DIRECTION('ref_axis',(0.,-1.,7.04027384730847E-17));
#3821=DIRECTION('',(-1.,0.,0.));
#3822=DIRECTION('center_axis',(1.,0.,0.));
#3823=DIRECTION('ref_axis',(0.,1.,0.));
#3824=DIRECTION('',(0.,0.,-1.));
#3825=DIRECTION('',(0.,1.,0.));
#3826=DIRECTION('',(0.,-2.90573446562279E-16,1.));
#3827=DIRECTION('center_axis',(1.,0.,0.));
#3828=DIRECTION('ref_axis',(0.,1.,0.));
#3829=DIRECTION('',(0.,-2.90573446562279E-16,1.));
#3830=DIRECTION('',(0.,-1.,0.));
#3831=DIRECTION('',(0.,0.,-1.));
#3832=DIRECTION('center_axis',(0.,1.,0.));
#3833=DIRECTION('ref_axis',(1.,0.,0.));
#3834=DIRECTION('',(1.,0.,0.));
#3835=DIRECTION('center_axis',(0.,0.,1.));
#3836=DIRECTION('ref_axis',(1.,0.,0.));
#3837=DIRECTION('',(0.,-1.,0.));
#3838=DIRECTION('',(-1.,0.,0.));
#3839=DIRECTION('',(0.,1.,0.));
#3840=DIRECTION('',(1.,0.,0.));
#3841=DIRECTION('center_axis',(0.,-1.,-2.90573446562279E-16));
#3842=DIRECTION('ref_axis',(0.,2.90573446562279E-16,-1.));
#3843=DIRECTION('',(-1.,0.,0.));
#3844=DIRECTION('center_axis',(0.,-0.967372223380245,0.253359391837683));
#3845=DIRECTION('ref_axis',(-1.,0.,0.));
#3846=DIRECTION('',(0.245599354379008,-0.245599354379008,-0.937742989447124));
#3847=DIRECTION('',(0.245599354379008,0.245599354379008,0.937742989447124));
#3848=DIRECTION('center_axis',(0.967372223380245,0.,-0.253359391837683));
#3849=DIRECTION('ref_axis',(0.,-1.,0.));
#3850=DIRECTION('',(0.245599354379008,-0.245599354379008,0.937742989447124));
#3851=DIRECTION('center_axis',(0.967372223380245,0.,0.253359391837683));
#3852=DIRECTION('ref_axis',(0.,-1.,0.));
#3853=DIRECTION('',(0.245599354379008,0.245599354379008,-0.937742989447124));
#3854=DIRECTION('center_axis',(0.,0.967372223380246,0.253359391837683));
#3855=DIRECTION('ref_axis',(1.,0.,0.));
#3856=DIRECTION('center_axis',(0.,0.253359391837683,0.967372223380245));
#3857=DIRECTION('ref_axis',(1.,0.,0.));
#3858=DIRECTION('',(0.245599354379008,-0.937742989447124,0.245599354379009));
#3859=DIRECTION('',(0.245599354379008,0.937742989447124,-0.245599354379009));
#3860=DIRECTION('center_axis',(0.967372223380245,-0.253359391837683,0.));
#3861=DIRECTION('ref_axis',(0.,0.,-1.));
#3862=DIRECTION('',(0.245599354379008,0.937742989447124,0.245599354379009));
#3863=DIRECTION('center_axis',(0.967372223380245,0.253359391837683,0.));
#3864=DIRECTION('ref_axis',(0.,0.,-1.));
#3865=DIRECTION('',(0.245599354379008,-0.937742989447124,-0.245599354379009));
#3866=DIRECTION('center_axis',(0.,0.253359391837683,-0.967372223380245));
#3867=DIRECTION('ref_axis',(-1.,0.,0.));
#3868=DIRECTION('center_axis',(0.,1.,0.));
#3869=DIRECTION('ref_axis',(1.,0.,0.));
#3870=DIRECTION('',(0.,0.,1.));
#3871=DIRECTION('',(-1.,0.,0.));
#3872=DIRECTION('',(0.,0.,-1.));
#3873=DIRECTION('',(1.,0.,0.));
#3874=DIRECTION('center_axis',(1.,0.,0.));
#3875=DIRECTION('ref_axis',(0.,1.,0.));
#3876=DIRECTION('',(0.,-1.,0.));
#3877=DIRECTION('',(0.,0.,-1.));
#3878=DIRECTION('',(0.,1.,-7.04027384730847E-17));
#3879=DIRECTION('center_axis',(1.,0.,0.));
#3880=DIRECTION('ref_axis',(0.,1.,0.));
#3881=DIRECTION('',(0.,1.,-7.04027384730847E-17));
#3882=DIRECTION('',(0.,0.,1.));
#3883=DIRECTION('',(0.,-1.,0.));
#3884=DIRECTION('center_axis',(0.,0.,-1.));
#3885=DIRECTION('ref_axis',(0.,-1.,0.));
#3886=DIRECTION('',(1.,0.,0.));
#3887=DIRECTION('center_axis',(0.,7.04027384730847E-17,1.));
#3888=DIRECTION('ref_axis',(0.,-1.,7.04027384730847E-17));
#3889=DIRECTION('',(-1.,0.,0.));
#3890=DIRECTION('center_axis',(1.,0.,0.));
#3891=DIRECTION('ref_axis',(0.,1.,0.));
#3892=DIRECTION('',(0.,0.,-1.));
#3893=DIRECTION('',(0.,1.,0.));
#3894=DIRECTION('',(0.,-2.90573446562279E-16,1.));
#3895=DIRECTION('center_axis',(1.,0.,0.));
#3896=DIRECTION('ref_axis',(0.,1.,0.));
#3897=DIRECTION('',(0.,-2.90573446562279E-16,1.));
#3898=DIRECTION('',(0.,-1.,0.));
#3899=DIRECTION('',(0.,0.,-1.));
#3900=DIRECTION('center_axis',(0.,1.,0.));
#3901=DIRECTION('ref_axis',(1.,0.,0.));
#3902=DIRECTION('',(1.,0.,0.));
#3903=DIRECTION('center_axis',(0.,0.,1.));
#3904=DIRECTION('ref_axis',(1.,0.,0.));
#3905=DIRECTION('',(0.,-1.,0.));
#3906=DIRECTION('',(-1.,0.,0.));
#3907=DIRECTION('',(0.,1.,0.));
#3908=DIRECTION('',(1.,0.,0.));
#3909=DIRECTION('center_axis',(0.,-1.,-2.90573446562279E-16));
#3910=DIRECTION('ref_axis',(0.,2.90573446562279E-16,-1.));
#3911=DIRECTION('',(-1.,0.,0.));
#3912=DIRECTION('center_axis',(0.,-0.967372223380245,0.253359391837683));
#3913=DIRECTION('ref_axis',(-1.,0.,0.));
#3914=DIRECTION('',(0.245599354379009,-0.245599354379008,-0.937742989447124));
#3915=DIRECTION('',(0.245599354379009,0.245599354379008,0.937742989447124));
#3916=DIRECTION('center_axis',(0.967372223380245,0.,-0.253359391837684));
#3917=DIRECTION('ref_axis',(0.,-1.,0.));
#3918=DIRECTION('',(0.245599354379009,-0.245599354379008,0.937742989447124));
#3919=DIRECTION('center_axis',(0.967372223380245,0.,0.253359391837684));
#3920=DIRECTION('ref_axis',(0.,-1.,0.));
#3921=DIRECTION('',(0.245599354379009,0.245599354379008,-0.937742989447124));
#3922=DIRECTION('center_axis',(0.,0.967372223380246,0.253359391837683));
#3923=DIRECTION('ref_axis',(1.,0.,0.));
#3924=DIRECTION('center_axis',(0.,0.253359391837683,0.967372223380245));
#3925=DIRECTION('ref_axis',(1.,0.,0.));
#3926=DIRECTION('',(0.245599354379009,-0.937742989447124,0.245599354379009));
#3927=DIRECTION('',(0.245599354379009,0.937742989447124,-0.245599354379009));
#3928=DIRECTION('center_axis',(0.967372223380245,-0.253359391837684,0.));
#3929=DIRECTION('ref_axis',(0.,0.,-1.));
#3930=DIRECTION('',(0.245599354379009,0.937742989447124,0.245599354379009));
#3931=DIRECTION('center_axis',(0.967372223380245,0.253359391837684,0.));
#3932=DIRECTION('ref_axis',(0.,0.,-1.));
#3933=DIRECTION('',(0.245599354379009,-0.937742989447124,-0.245599354379009));
#3934=DIRECTION('center_axis',(0.,0.253359391837683,-0.967372223380245));
#3935=DIRECTION('ref_axis',(-1.,0.,0.));
#3936=DIRECTION('center_axis',(0.,1.,0.));
#3937=DIRECTION('ref_axis',(1.,0.,0.));
#3938=DIRECTION('',(0.,0.,1.));
#3939=DIRECTION('',(-1.,0.,0.));
#3940=DIRECTION('',(0.,0.,-1.));
#3941=DIRECTION('',(1.,0.,0.));
#3942=DIRECTION('center_axis',(1.,0.,0.));
#3943=DIRECTION('ref_axis',(0.,1.,0.));
#3944=DIRECTION('',(0.,-1.,0.));
#3945=DIRECTION('',(0.,0.,-1.));
#3946=DIRECTION('',(0.,1.,-7.04027384730847E-17));
#3947=DIRECTION('center_axis',(1.,0.,0.));
#3948=DIRECTION('ref_axis',(0.,1.,0.));
#3949=DIRECTION('',(0.,1.,-7.04027384730847E-17));
#3950=DIRECTION('',(0.,0.,1.));
#3951=DIRECTION('',(0.,-1.,0.));
#3952=DIRECTION('center_axis',(0.,0.,-1.));
#3953=DIRECTION('ref_axis',(0.,-1.,0.));
#3954=DIRECTION('',(1.,0.,0.));
#3955=DIRECTION('center_axis',(0.,7.04027384730847E-17,1.));
#3956=DIRECTION('ref_axis',(0.,-1.,7.04027384730847E-17));
#3957=DIRECTION('',(-1.,0.,0.));
#3958=DIRECTION('center_axis',(1.,0.,0.));
#3959=DIRECTION('ref_axis',(0.,1.,0.));
#3960=DIRECTION('',(0.,0.,-1.));
#3961=DIRECTION('',(0.,1.,0.));
#3962=DIRECTION('',(0.,-2.90573446562279E-16,1.));
#3963=DIRECTION('center_axis',(1.,0.,0.));
#3964=DIRECTION('ref_axis',(0.,1.,0.));
#3965=DIRECTION('',(0.,-2.90573446562279E-16,1.));
#3966=DIRECTION('',(0.,-1.,0.));
#3967=DIRECTION('',(0.,0.,-1.));
#3968=DIRECTION('center_axis',(0.,1.,0.));
#3969=DIRECTION('ref_axis',(1.,0.,0.));
#3970=DIRECTION('',(1.,0.,0.));
#3971=DIRECTION('center_axis',(0.,0.,1.));
#3972=DIRECTION('ref_axis',(1.,0.,0.));
#3973=DIRECTION('',(0.,-1.,0.));
#3974=DIRECTION('',(-1.,0.,0.));
#3975=DIRECTION('',(0.,1.,0.));
#3976=DIRECTION('',(1.,0.,0.));
#3977=DIRECTION('center_axis',(0.,-1.,-2.90573446562279E-16));
#3978=DIRECTION('ref_axis',(0.,2.90573446562279E-16,-1.));
#3979=DIRECTION('',(-1.,0.,0.));
#3980=DIRECTION('center_axis',(0.,-0.967372223380245,0.253359391837683));
#3981=DIRECTION('ref_axis',(-1.,0.,0.));
#3982=DIRECTION('',(0.245599354379009,-0.245599354379008,-0.937742989447124));
#3983=DIRECTION('',(0.245599354379009,0.245599354379008,0.937742989447124));
#3984=DIRECTION('center_axis',(0.967372223380245,0.,-0.253359391837683));
#3985=DIRECTION('ref_axis',(0.,-1.,0.));
#3986=DIRECTION('',(0.245599354379009,-0.245599354379008,0.937742989447124));
#3987=DIRECTION('center_axis',(0.967372223380245,0.,0.253359391837683));
#3988=DIRECTION('ref_axis',(0.,-1.,0.));
#3989=DIRECTION('',(0.245599354379009,0.245599354379008,-0.937742989447124));
#3990=DIRECTION('center_axis',(0.,0.967372223380246,0.253359391837683));
#3991=DIRECTION('ref_axis',(1.,0.,0.));
#3992=DIRECTION('center_axis',(0.,0.253359391837683,0.967372223380245));
#3993=DIRECTION('ref_axis',(1.,0.,0.));
#3994=DIRECTION('',(0.245599354379009,-0.937742989447124,0.245599354379009));
#3995=DIRECTION('',(0.245599354379009,0.937742989447124,-0.245599354379009));
#3996=DIRECTION('center_axis',(0.967372223380245,-0.253359391837683,0.));
#3997=DIRECTION('ref_axis',(0.,0.,-1.));
#3998=DIRECTION('',(0.245599354379009,0.937742989447124,0.245599354379009));
#3999=DIRECTION('center_axis',(0.967372223380245,0.253359391837683,0.));
#4000=DIRECTION('ref_axis',(0.,0.,-1.));
#4001=DIRECTION('',(0.245599354379009,-0.937742989447124,-0.245599354379009));
#4002=DIRECTION('center_axis',(0.,0.253359391837683,-0.967372223380245));
#4003=DIRECTION('ref_axis',(-1.,0.,0.));
#4004=DIRECTION('center_axis',(0.,1.,0.));
#4005=DIRECTION('ref_axis',(1.,0.,0.));
#4006=DIRECTION('',(0.,0.,1.));
#4007=DIRECTION('',(-1.,0.,0.));
#4008=DIRECTION('',(0.,0.,-1.));
#4009=DIRECTION('',(1.,0.,0.));
#4010=DIRECTION('center_axis',(1.,0.,0.));
#4011=DIRECTION('ref_axis',(0.,1.,0.));
#4012=DIRECTION('',(0.,-1.,0.));
#4013=DIRECTION('',(0.,0.,-1.));
#4014=DIRECTION('',(0.,1.,-7.04027384730847E-17));
#4015=DIRECTION('center_axis',(1.,0.,0.));
#4016=DIRECTION('ref_axis',(0.,1.,0.));
#4017=DIRECTION('',(0.,1.,-7.04027384730847E-17));
#4018=DIRECTION('',(0.,0.,1.));
#4019=DIRECTION('',(0.,-1.,0.));
#4020=DIRECTION('center_axis',(0.,0.,-1.));
#4021=DIRECTION('ref_axis',(0.,-1.,0.));
#4022=DIRECTION('',(1.,0.,0.));
#4023=DIRECTION('center_axis',(0.,7.04027384730847E-17,1.));
#4024=DIRECTION('ref_axis',(0.,-1.,7.04027384730847E-17));
#4025=DIRECTION('',(-1.,0.,0.));
#4026=DIRECTION('center_axis',(1.,0.,0.));
#4027=DIRECTION('ref_axis',(0.,1.,0.));
#4028=DIRECTION('',(0.,0.,-1.));
#4029=DIRECTION('',(0.,1.,0.));
#4030=DIRECTION('',(0.,-2.90573446562279E-16,1.));
#4031=DIRECTION('center_axis',(1.,0.,0.));
#4032=DIRECTION('ref_axis',(0.,1.,0.));
#4033=DIRECTION('',(0.,-2.90573446562279E-16,1.));
#4034=DIRECTION('',(0.,-1.,0.));
#4035=DIRECTION('',(0.,0.,-1.));
#4036=DIRECTION('center_axis',(0.,1.,0.));
#4037=DIRECTION('ref_axis',(1.,0.,0.));
#4038=DIRECTION('',(1.,0.,0.));
#4039=DIRECTION('center_axis',(0.,0.,1.));
#4040=DIRECTION('ref_axis',(1.,0.,0.));
#4041=DIRECTION('',(0.,-1.,0.));
#4042=DIRECTION('',(-1.,0.,0.));
#4043=DIRECTION('',(0.,1.,0.));
#4044=DIRECTION('',(1.,0.,0.));
#4045=DIRECTION('center_axis',(0.,-1.,-2.90573446562279E-16));
#4046=DIRECTION('ref_axis',(0.,2.90573446562279E-16,-1.));
#4047=DIRECTION('',(-1.,0.,0.));
#4048=DIRECTION('center_axis',(0.,-0.967372223380245,0.253359391837683));
#4049=DIRECTION('ref_axis',(-1.,0.,0.));
#4050=DIRECTION('',(0.245599354379009,-0.245599354379008,-0.937742989447124));
#4051=DIRECTION('',(0.245599354379009,0.245599354379008,0.937742989447124));
#4052=DIRECTION('center_axis',(0.967372223380245,0.,-0.253359391837684));
#4053=DIRECTION('ref_axis',(0.,-1.,0.));
#4054=DIRECTION('',(0.245599354379009,-0.245599354379008,0.937742989447124));
#4055=DIRECTION('center_axis',(0.967372223380245,0.,0.253359391837684));
#4056=DIRECTION('ref_axis',(0.,-1.,0.));
#4057=DIRECTION('',(0.245599354379009,0.245599354379008,-0.937742989447124));
#4058=DIRECTION('center_axis',(0.,0.967372223380246,0.253359391837683));
#4059=DIRECTION('ref_axis',(1.,0.,0.));
#4060=DIRECTION('center_axis',(0.,0.253359391837683,0.967372223380245));
#4061=DIRECTION('ref_axis',(1.,0.,0.));
#4062=DIRECTION('',(0.245599354379009,-0.937742989447124,0.245599354379009));
#4063=DIRECTION('',(0.245599354379009,0.937742989447124,-0.245599354379009));
#4064=DIRECTION('center_axis',(0.967372223380245,-0.253359391837684,0.));
#4065=DIRECTION('ref_axis',(0.,0.,-1.));
#4066=DIRECTION('',(0.245599354379009,0.937742989447124,0.245599354379009));
#4067=DIRECTION('center_axis',(0.967372223380245,0.253359391837684,0.));
#4068=DIRECTION('ref_axis',(0.,0.,-1.));
#4069=DIRECTION('',(0.245599354379009,-0.937742989447124,-0.245599354379009));
#4070=DIRECTION('center_axis',(0.,0.253359391837683,-0.967372223380245));
#4071=DIRECTION('ref_axis',(-1.,0.,0.));
#4072=DIRECTION('center_axis',(0.,1.,0.));
#4073=DIRECTION('ref_axis',(1.,0.,0.));
#4074=DIRECTION('',(0.,0.,1.));
#4075=DIRECTION('',(-1.,0.,0.));
#4076=DIRECTION('',(0.,0.,-1.));
#4077=DIRECTION('',(1.,0.,0.));
#4078=DIRECTION('center_axis',(1.,0.,0.));
#4079=DIRECTION('ref_axis',(0.,1.,0.));
#4080=DIRECTION('',(0.,-1.,0.));
#4081=DIRECTION('',(0.,0.,-1.));
#4082=DIRECTION('',(0.,1.,-7.04027384730847E-17));
#4083=DIRECTION('center_axis',(1.,0.,0.));
#4084=DIRECTION('ref_axis',(0.,1.,0.));
#4085=DIRECTION('',(0.,1.,-7.04027384730847E-17));
#4086=DIRECTION('',(0.,0.,1.));
#4087=DIRECTION('',(0.,-1.,0.));
#4088=DIRECTION('center_axis',(0.,0.,-1.));
#4089=DIRECTION('ref_axis',(0.,-1.,0.));
#4090=DIRECTION('',(1.,0.,0.));
#4091=DIRECTION('center_axis',(0.,7.04027384730847E-17,1.));
#4092=DIRECTION('ref_axis',(0.,-1.,7.04027384730847E-17));
#4093=DIRECTION('',(-1.,0.,0.));
#4094=DIRECTION('center_axis',(1.,0.,0.));
#4095=DIRECTION('ref_axis',(0.,1.,0.));
#4096=DIRECTION('',(0.,0.,-1.));
#4097=DIRECTION('',(0.,1.,0.));
#4098=DIRECTION('',(0.,-2.90573446562279E-16,1.));
#4099=DIRECTION('center_axis',(1.,0.,0.));
#4100=DIRECTION('ref_axis',(0.,1.,0.));
#4101=DIRECTION('',(0.,-2.90573446562279E-16,1.));
#4102=DIRECTION('',(0.,-1.,0.));
#4103=DIRECTION('',(0.,0.,-1.));
#4104=DIRECTION('center_axis',(0.,1.,0.));
#4105=DIRECTION('ref_axis',(1.,0.,0.));
#4106=DIRECTION('',(1.,0.,0.));
#4107=DIRECTION('center_axis',(0.,0.,1.));
#4108=DIRECTION('ref_axis',(1.,0.,0.));
#4109=DIRECTION('',(0.,-1.,0.));
#4110=DIRECTION('',(-1.,0.,0.));
#4111=DIRECTION('',(0.,1.,0.));
#4112=DIRECTION('',(1.,0.,0.));
#4113=DIRECTION('center_axis',(0.,-1.,-2.90573446562279E-16));
#4114=DIRECTION('ref_axis',(0.,2.90573446562279E-16,-1.));
#4115=DIRECTION('',(-1.,0.,0.));
#4116=DIRECTION('center_axis',(0.,-0.967372223380245,0.253359391837683));
#4117=DIRECTION('ref_axis',(-1.,0.,0.));
#4118=DIRECTION('',(0.245599354379008,-0.245599354379008,-0.937742989447124));
#4119=DIRECTION('',(0.245599354379008,0.245599354379008,0.937742989447124));
#4120=DIRECTION('center_axis',(0.967372223380245,0.,-0.253359391837683));
#4121=DIRECTION('ref_axis',(0.,-1.,0.));
#4122=DIRECTION('',(0.245599354379008,-0.245599354379008,0.937742989447124));
#4123=DIRECTION('center_axis',(0.967372223380245,0.,0.253359391837683));
#4124=DIRECTION('ref_axis',(0.,-1.,0.));
#4125=DIRECTION('',(0.245599354379008,0.245599354379008,-0.937742989447124));
#4126=DIRECTION('center_axis',(0.,0.967372223380246,0.253359391837683));
#4127=DIRECTION('ref_axis',(1.,0.,0.));
#4128=DIRECTION('center_axis',(0.,0.253359391837683,0.967372223380245));
#4129=DIRECTION('ref_axis',(1.,0.,0.));
#4130=DIRECTION('',(0.245599354379008,-0.937742989447124,0.245599354379009));
#4131=DIRECTION('',(0.245599354379008,0.937742989447124,-0.245599354379009));
#4132=DIRECTION('center_axis',(0.967372223380245,-0.253359391837683,0.));
#4133=DIRECTION('ref_axis',(0.,0.,-1.));
#4134=DIRECTION('',(0.245599354379008,0.937742989447124,0.245599354379009));
#4135=DIRECTION('center_axis',(0.967372223380245,0.253359391837683,0.));
#4136=DIRECTION('ref_axis',(0.,0.,-1.));
#4137=DIRECTION('',(0.245599354379008,-0.937742989447124,-0.245599354379009));
#4138=DIRECTION('center_axis',(0.,0.253359391837683,-0.967372223380245));
#4139=DIRECTION('ref_axis',(-1.,0.,0.));
#4140=DIRECTION('center_axis',(0.,-1.,0.));
#4141=DIRECTION('ref_axis',(0.,0.,-1.));
#4142=DIRECTION('',(1.,-9.85866995782015E-16,0.));
#4143=DIRECTION('',(-1.,9.85866995782015E-16,0.));
#4144=DIRECTION('center_axis',(1.21052813930718E-15,1.,0.));
#4145=DIRECTION('ref_axis',(1.,-1.21052813930718E-15,0.));
#4146=DIRECTION('',(1.,1.97173399156403E-15,0.));
#4147=DIRECTION('',(-1.,-1.97173399156403E-15,0.));
#4148=DIRECTION('center_axis',(0.,-1.,0.));
#4149=DIRECTION('ref_axis',(0.,0.,-1.));
#4150=DIRECTION('',(1.,9.85866995782015E-16,0.));
#4151=DIRECTION('center_axis',(0.,1.,0.));
#4152=DIRECTION('ref_axis',(1.,0.,0.));
#4153=DIRECTION('',(-1.,1.97173399156403E-15,0.));
#4154=DIRECTION('center_axis',(0.,0.,1.));
#4155=DIRECTION('ref_axis',(1.,0.,0.));
#4156=DIRECTION('center_axis',(0.,0.,-1.));
#4157=DIRECTION('ref_axis',(0.,-1.,0.));
#4158=DIRECTION('center_axis',(0.,0.866025403784439,-0.5));
#4159=DIRECTION('ref_axis',(-1.,0.,0.));
#4160=DIRECTION('',(1.,-6.25964416140485E-17,-1.08420217248551E-16));
#4161=DIRECTION('center_axis',(4.69582224704928E-15,-0.866025403784439,
-0.5));
#4162=DIRECTION('ref_axis',(-3.94430452610506E-31,0.5,-0.866025403784439));
#4163=DIRECTION('',(-1.,-5.48486491841512E-15,1.08420217248551E-16));
#4164=DIRECTION('center_axis',(-1.08420217248551E-16,0.,-1.));
#4165=DIRECTION('ref_axis',(-1.,0.,1.08420217248551E-16));
#4166=CARTESIAN_POINT('',(0.,0.,0.));
#4167=CARTESIAN_POINT('Origin',(-4.25,4.6,-2.61));
#4168=CARTESIAN_POINT('',(-4.78937246235776,4.29282032309653,-3.81000000011948));
#4169=CARTESIAN_POINT('',(-4.78937246235775,4.90717967690346,-3.8100000001195));
#4170=CARTESIAN_POINT('Origin',(-4.25,4.6,-3.81));
#4171=CARTESIAN_POINT('',(-5.22979589711327,3.6,-2.61));
#4172=CARTESIAN_POINT('Ctrl Pts',(-4.78937246311917,4.2928203232345,-3.81000000035845));
#4173=CARTESIAN_POINT('Ctrl Pts',(-4.96768904805388,4.04683823591347,-3.38394652736658));
#4174=CARTESIAN_POINT('Ctrl Pts',(-5.22979589711331,3.59999999999993,-2.60999999999988));
#4175=CARTESIAN_POINT('',(-5.22979589711327,5.6,-2.61));
#4176=CARTESIAN_POINT('Origin',(-4.25,4.6,-2.61));
#4177=CARTESIAN_POINT('Ctrl Pts',(-4.78937246311915,4.90717967676547,-3.8100000003585));
#4178=CARTESIAN_POINT('Ctrl Pts',(-4.96768904805387,5.1531617640865,-3.38394652736662));
#4179=CARTESIAN_POINT('Ctrl Pts',(-5.22979589711332,5.60000000000008,-2.60999999999986));
#4180=CARTESIAN_POINT('Origin',(4.25,4.6,-2.61));
#4181=CARTESIAN_POINT('',(5.22979589711327,5.6,-2.61));
#4182=CARTESIAN_POINT('',(5.22979589711327,3.6,-2.61));
#4183=CARTESIAN_POINT('Origin',(4.25,4.6,-2.61));
#4184=CARTESIAN_POINT('',(5.22979589711327,5.6,-2.26));
#4185=CARTESIAN_POINT('',(5.22979589711327,5.6,-2.61));
#4186=CARTESIAN_POINT('',(5.22979589711327,3.6,-2.26));
#4187=CARTESIAN_POINT('Origin',(4.25,4.6,-2.26));
#4188=CARTESIAN_POINT('',(5.22979589711327,3.6,-2.61));
#4189=CARTESIAN_POINT('Origin',(-4.25,4.6,-2.61));
#4190=CARTESIAN_POINT('',(-5.22979589711327,5.6,-2.26));
#4191=CARTESIAN_POINT('',(-5.22979589711327,3.6,-2.26));
#4192=CARTESIAN_POINT('Origin',(-4.25,4.6,-2.26));
#4193=CARTESIAN_POINT('',(-5.22979589711327,5.6,-2.61));
#4194=CARTESIAN_POINT('',(-5.22979589711327,3.6,-2.61));
#4195=CARTESIAN_POINT('Origin',(4.25,4.6,-2.26));
#4196=CARTESIAN_POINT('',(4.70825756949558,5.6,-2.26));
#4197=CARTESIAN_POINT('',(4.70825756949559,3.6,-2.26));
#4198=CARTESIAN_POINT('Origin',(4.25,4.6,-2.26));
#4199=CARTESIAN_POINT('',(4.70825756949558,5.6,-0.509999999999999));
#4200=CARTESIAN_POINT('',(4.70825756949558,5.6,-2.26));
#4201=CARTESIAN_POINT('',(5.35,4.6,-0.509999999999999));
#4202=CARTESIAN_POINT('Origin',(4.25,4.6,-0.509999999999999));
#4203=CARTESIAN_POINT('',(4.70825756949558,3.6,-0.509999999999999));
#4204=CARTESIAN_POINT('Origin',(4.25,4.6,-0.509999999999999));
#4205=CARTESIAN_POINT('',(4.70825756949558,3.6,-2.26));
#4206=CARTESIAN_POINT('Origin',(-4.25,4.6,-2.26));
#4207=CARTESIAN_POINT('',(-5.35,4.6,-0.509999999999998));
#4208=CARTESIAN_POINT('',(-4.70825756949558,5.6,-0.509999999999998));
#4209=CARTESIAN_POINT('Origin',(-4.25,4.6,-0.509999999999998));
#4210=CARTESIAN_POINT('',(-4.70825756949558,5.6,-2.26));
#4211=CARTESIAN_POINT('',(-4.70825756949558,5.6,-2.26));
#4212=CARTESIAN_POINT('',(-4.70825756949559,3.6,-2.26));
#4213=CARTESIAN_POINT('Origin',(-4.25,4.6,-2.26));
#4214=CARTESIAN_POINT('',(-4.70825756949559,3.6,-0.509999999999998));
#4215=CARTESIAN_POINT('',(-4.70825756949559,3.6,-2.26));
#4216=CARTESIAN_POINT('Origin',(-4.25,4.6,-0.509999999999998));
#4217=CARTESIAN_POINT('Origin',(4.25,4.6,-2.61));
#4218=CARTESIAN_POINT('',(4.78937246235775,4.29282032309655,-3.8100000001195));
#4219=CARTESIAN_POINT('Ctrl Pts',(4.78937246311915,4.29282032323453,-3.8100000003585));
#4220=CARTESIAN_POINT('Ctrl Pts',(4.96768904805387,4.0468382359135,-3.38394652736662));
#4221=CARTESIAN_POINT('Ctrl Pts',(5.22979589711332,3.59999999999992,-2.60999999999986));
#4222=CARTESIAN_POINT('',(4.78937246235775,4.90717967690346,-3.8100000001195));
#4223=CARTESIAN_POINT('Origin',(4.25,4.6,-3.81));
#4224=CARTESIAN_POINT('Ctrl Pts',(4.78937246311915,4.90717967676547,-3.8100000003585));
#4225=CARTESIAN_POINT('Ctrl Pts',(4.96768904805387,5.1531617640865,-3.38394652736662));
#4226=CARTESIAN_POINT('Ctrl Pts',(5.22979589711332,5.60000000000008,-2.60999999999986));
#4227=CARTESIAN_POINT('Origin',(4.35,3.6,-3.81));
#4228=CARTESIAN_POINT('',(4.35,4.29282032302755,-3.81));
#4229=CARTESIAN_POINT('',(4.35,3.6,-2.61));
#4230=CARTESIAN_POINT('',(4.35,4.11961524227066,-3.51));
#4231=CARTESIAN_POINT('',(4.35,3.6,-0.509999999999998));
#4232=CARTESIAN_POINT('',(4.35,3.6,-2.26));
#4233=CARTESIAN_POINT('',(4.35,1.6,-0.509999999999998));
#4234=CARTESIAN_POINT('',(4.35,8.06,-0.509999999999998));
#4235=CARTESIAN_POINT('',(4.35,1.6,1.77635683940025E-15));
#4236=CARTESIAN_POINT('',(4.35,1.6,1.77635683940025E-15));
#4237=CARTESIAN_POINT('',(4.35,8.06,5.70685408402666E-16));
#4238=CARTESIAN_POINT('',(4.35,8.06,1.77635683940025E-15));
#4239=CARTESIAN_POINT('',(4.35,8.06,-0.509999999999998));
#4240=CARTESIAN_POINT('',(4.35,8.06,1.77635683940025E-15));
#4241=CARTESIAN_POINT('',(4.35,5.6,-0.509999999999998));
#4242=CARTESIAN_POINT('',(4.35,8.06,-0.509999999999998));
#4243=CARTESIAN_POINT('',(4.35,5.6,-2.61));
#4244=CARTESIAN_POINT('',(4.35,5.6,-2.26));
#4245=CARTESIAN_POINT('',(4.35,4.90717967697245,-3.81));
#4246=CARTESIAN_POINT('',(4.35,5.6,-2.61));
#4247=CARTESIAN_POINT('',(4.35,3.6,-3.81));
#4248=CARTESIAN_POINT('Origin',(5.0039,5.6,-2.61));
#4249=CARTESIAN_POINT('',(5.0039,5.6,-2.61));
#4250=CARTESIAN_POINT('',(5.0039,4.90717967697245,-3.81));
#4251=CARTESIAN_POINT('Origin',(5.0039,3.6,-2.61));
#4252=CARTESIAN_POINT('',(5.0039,3.6,-2.61));
#4253=CARTESIAN_POINT('',(5.0039,4.29282032302755,-3.81));
#4254=CARTESIAN_POINT('Origin',(4.25,4.6,-3.81));
#4255=CARTESIAN_POINT('Origin',(4.35,8.06,-0.509999999999998));
#4256=CARTESIAN_POINT('',(4.70825756949558,3.6,-0.509999999999999));
#4257=CARTESIAN_POINT('',(5.35,1.6,-0.509999999999998));
#4258=CARTESIAN_POINT('',(5.35,8.06,-0.509999999999998));
#4259=CARTESIAN_POINT('',(4.35,1.6,-0.509999999999998));
#4260=CARTESIAN_POINT('Origin',(-5.35,8.06,-0.509999999999998));
#4261=CARTESIAN_POINT('',(-4.35,3.6,-0.509999999999998));
#4262=CARTESIAN_POINT('',(-4.35,3.6,-0.509999999999999));
#4263=CARTESIAN_POINT('',(-4.35,1.6,-0.509999999999998));
#4264=CARTESIAN_POINT('',(-4.35,8.06,-0.509999999999998));
#4265=CARTESIAN_POINT('',(-5.35,1.6,-0.509999999999998));
#4266=CARTESIAN_POINT('',(-5.35,1.6,-0.509999999999998));
#4267=CARTESIAN_POINT('',(-5.35,8.06,-0.509999999999998));
#4268=CARTESIAN_POINT('Origin',(-9.32,9.9,5.70685408402666E-16));
#4269=CARTESIAN_POINT('',(8.385,8.05,0.));
#4270=CARTESIAN_POINT('',(8.385,9.6,0.));
#4271=CARTESIAN_POINT('',(8.385,9.6,0.));
#4272=CARTESIAN_POINT('',(8.38499999999999,0.554165420556302,0.));
#4273=CARTESIAN_POINT('',(8.38499999999999,9.9,5.70685408402666E-16));
#4274=CARTESIAN_POINT('',(7.92,0.,0.));
#4275=CARTESIAN_POINT('',(9.32,1.66845502963189,0.));
#4276=CARTESIAN_POINT('',(-7.92,0.,5.70685408402666E-16));
#4277=CARTESIAN_POINT('',(-9.32,0.,5.70685408402666E-16));
#4278=CARTESIAN_POINT('',(-8.385,0.554165420556308,0.));
#4279=CARTESIAN_POINT('',(-7.92,0.,0.));
#4280=CARTESIAN_POINT('',(-8.385,8.05,0.));
#4281=CARTESIAN_POINT('',(-8.385,9.9,5.70685408402666E-16));
#4282=CARTESIAN_POINT('',(-8.385,9.6,5.70685408402666E-16));
#4283=CARTESIAN_POINT('',(-8.385,9.6,0.));
#4284=CARTESIAN_POINT('',(-8.685,9.9,5.70685408402666E-16));
#4285=CARTESIAN_POINT('',(-8.685,9.9,0.));
#4286=CARTESIAN_POINT('',(8.685,9.9,0.));
#4287=CARTESIAN_POINT('',(-9.32,9.9,5.70685408402666E-16));
#4288=CARTESIAN_POINT('',(8.685,9.9,0.));
#4289=CARTESIAN_POINT('',(-5.68,9.2,4.33680868994202E-16));
#4290=CARTESIAN_POINT('',(-5.68,8.56,6.50521303491303E-16));
#4291=CARTESIAN_POINT('',(-5.68,9.9,5.70685408402666E-16));
#4292=CARTESIAN_POINT('',(-6.32,9.2,4.33680868994202E-16));
#4293=CARTESIAN_POINT('',(-9.32,9.2,5.70685408402666E-16));
#4294=CARTESIAN_POINT('',(-6.32,8.56,5.70685408402666E-16));
#4295=CARTESIAN_POINT('',(-6.32,9.9,5.70685408402666E-16));
#4296=CARTESIAN_POINT('',(-9.32,8.56,5.70685408402666E-16));
#4297=CARTESIAN_POINT('',(-2.68,9.2,4.33680868994202E-16));
#4298=CARTESIAN_POINT('',(-2.68,8.56,6.50521303491303E-16));
#4299=CARTESIAN_POINT('',(-2.68,9.9,5.70685408402666E-16));
#4300=CARTESIAN_POINT('',(-3.32,9.2,4.33680868994202E-16));
#4301=CARTESIAN_POINT('',(-9.32,9.2,5.70685408402666E-16));
#4302=CARTESIAN_POINT('',(-3.32,8.56,5.70685408402666E-16));
#4303=CARTESIAN_POINT('',(-3.32,9.9,5.70685408402666E-16));
#4304=CARTESIAN_POINT('',(-9.32,8.56,5.70685408402666E-16));
#4305=CARTESIAN_POINT('',(0.32,9.2,4.33680868994202E-16));
#4306=CARTESIAN_POINT('',(0.32,8.56,6.50521303491303E-16));
#4307=CARTESIAN_POINT('',(0.320000000000001,9.9,5.70685408402666E-16));
#4308=CARTESIAN_POINT('',(-0.32,9.2,4.33680868994202E-16));
#4309=CARTESIAN_POINT('',(-9.32,9.2,5.70685408402666E-16));
#4310=CARTESIAN_POINT('',(-0.320000000000001,8.56,5.70685408402666E-16));
#4311=CARTESIAN_POINT('',(-0.320000000000001,9.9,5.70685408402666E-16));
#4312=CARTESIAN_POINT('',(-9.32,8.56,5.70685408402666E-16));
#4313=CARTESIAN_POINT('',(3.32,9.2,4.33680868994202E-16));
#4314=CARTESIAN_POINT('',(3.32,8.56,6.50521303491303E-16));
#4315=CARTESIAN_POINT('',(3.32,9.9,5.70685408402666E-16));
#4316=CARTESIAN_POINT('',(2.68,9.2,4.33680868994202E-16));
#4317=CARTESIAN_POINT('',(-9.32,9.2,5.70685408402666E-16));
#4318=CARTESIAN_POINT('',(2.68,8.56,5.70685408402666E-16));
#4319=CARTESIAN_POINT('',(2.68,9.9,5.70685408402666E-16));
#4320=CARTESIAN_POINT('',(-9.32,8.56,5.70685408402666E-16));
#4321=CARTESIAN_POINT('',(6.32,9.2,4.33680868994202E-16));
#4322=CARTESIAN_POINT('',(6.32,8.56,6.50521303491303E-16));
#4323=CARTESIAN_POINT('',(6.32,9.9,5.70685408402666E-16));
#4324=CARTESIAN_POINT('',(5.68,9.2,4.33680868994202E-16));
#4325=CARTESIAN_POINT('',(-9.32,9.2,5.70685408402666E-16));
#4326=CARTESIAN_POINT('',(5.68,8.56,5.70685408402666E-16));
#4327=CARTESIAN_POINT('',(5.68,9.9,5.70685408402666E-16));
#4328=CARTESIAN_POINT('',(-9.32,8.56,5.70685408402666E-16));
#4329=CARTESIAN_POINT('',(5.35,8.06,5.70685408402666E-16));
#4330=CARTESIAN_POINT('',(5.35,8.06,1.67280171666481E-15));
#4331=CARTESIAN_POINT('',(5.35,1.6,5.70685408402666E-16));
#4332=CARTESIAN_POINT('',(5.35,1.6,1.67280171666481E-15));
#4333=CARTESIAN_POINT('',(5.35,8.06,1.62630325872826E-15));
#4334=CARTESIAN_POINT('',(-5.35,8.06,5.70685408402666E-16));
#4335=CARTESIAN_POINT('',(-4.35,8.06,5.70685408402666E-16));
#4336=CARTESIAN_POINT('',(-4.35,8.06,1.7723816416751E-15));
#4337=CARTESIAN_POINT('',(-5.35,1.6,1.66533453693773E-15));
#4338=CARTESIAN_POINT('',(-5.35,8.06,1.66533453693773E-15));
#4339=CARTESIAN_POINT('',(-4.35,1.6,5.70685408402666E-16));
#4340=CARTESIAN_POINT('',(-4.35,1.6,1.7723816416751E-15));
#4341=CARTESIAN_POINT('',(-4.35,8.06,1.73472347597681E-15));
#4342=CARTESIAN_POINT('Origin',(-7.92,0.,38.214));
#4343=CARTESIAN_POINT('',(-9.32,1.66845502963189,3.86));
#4344=CARTESIAN_POINT('',(-9.32,1.6684550296319,3.22));
#4345=CARTESIAN_POINT('',(-9.32,1.66845502963189,38.214));
#4346=CARTESIAN_POINT('',(-7.92,0.,3.22));
#4347=CARTESIAN_POINT('',(-9.32,1.6684550296319,3.22));
#4348=CARTESIAN_POINT('',(-7.92,0.,3.86));
#4349=CARTESIAN_POINT('',(-7.92,0.,38.214));
#4350=CARTESIAN_POINT('',(-7.91999999999999,-7.08427866626125E-15,3.86));
#4351=CARTESIAN_POINT('Origin',(9.32,1.66845502963189,38.214));
#4352=CARTESIAN_POINT('',(7.92,0.,3.86));
#4353=CARTESIAN_POINT('',(7.92,0.,3.22));
#4354=CARTESIAN_POINT('',(7.92,0.,38.214));
#4355=CARTESIAN_POINT('',(9.32,1.66845502963189,3.22));
#4356=CARTESIAN_POINT('',(7.92,0.,3.22));
#4357=CARTESIAN_POINT('',(9.32,1.66845502963189,3.86));
#4358=CARTESIAN_POINT('',(9.32,1.66845502963189,38.214));
#4359=CARTESIAN_POINT('',(9.32000000000001,1.6684550296319,3.86));
#4360=CARTESIAN_POINT('Origin',(9.32,9.9,4.44089209850063E-16));
#4361=CARTESIAN_POINT('',(9.32,1.66845502963189,1.15));
#4362=CARTESIAN_POINT('',(9.32,1.66845502963189,0.509999999999997));
#4363=CARTESIAN_POINT('',(9.32,1.66845502963189,38.214));
#4364=CARTESIAN_POINT('',(9.32,8.05,0.51));
#4365=CARTESIAN_POINT('',(9.32,9.9,0.51));
#4366=CARTESIAN_POINT('',(9.32,8.05,-0.51));
#4367=CARTESIAN_POINT('',(9.32,8.05,-0.51));
#4368=CARTESIAN_POINT('',(9.32,9.9,-0.51));
#4369=CARTESIAN_POINT('',(9.32,8.05,-0.51));
#4370=CARTESIAN_POINT('',(9.32,9.9,3.86));
#4371=CARTESIAN_POINT('',(9.32,9.9,4.44089209850063E-16));
#4372=CARTESIAN_POINT('',(9.32,9.9,3.86));
#4373=CARTESIAN_POINT('',(9.32,1.66845502963189,3.22));
#4374=CARTESIAN_POINT('Origin',(0.,0.,0.));
#4375=CARTESIAN_POINT('',(9.32,0.,3.86));
#4376=CARTESIAN_POINT('',(-7.92,4.33680868994202E-16,1.15));
#4377=CARTESIAN_POINT('',(-7.92,4.33680868994202E-16,3.22));
#4378=CARTESIAN_POINT('',(-7.92,0.,38.214));
#4379=CARTESIAN_POINT('',(7.92,0.,1.15));
#4380=CARTESIAN_POINT('',(7.92,0.,38.214));
#4381=CARTESIAN_POINT('',(7.92,0.,3.22));
#4382=CARTESIAN_POINT('',(-7.27,0.,3.2));
#4383=CARTESIAN_POINT('',(-7.27,0.,1.31));
#4384=CARTESIAN_POINT('',(-7.27,0.,3.2));
#4385=CARTESIAN_POINT('',(-4.72999999999999,0.,3.2));
#4386=CARTESIAN_POINT('',(-4.72999999999999,0.,3.2));
#4387=CARTESIAN_POINT('',(-4.72999999999999,0.,0.65999999999999));
#4388=CARTESIAN_POINT('',(-4.72999999999999,0.,0.65999999999999));
#4389=CARTESIAN_POINT('',(-6.61999999999999,0.,0.659999999999994));
#4390=CARTESIAN_POINT('',(-6.61999999999999,0.,0.659999999999994));
#4391=CARTESIAN_POINT('',(-7.27,0.,1.31));
#4392=CARTESIAN_POINT('',(-4.27,0.,3.2));
#4393=CARTESIAN_POINT('',(-4.27,0.,0.659999999999989));
#4394=CARTESIAN_POINT('',(-4.27,0.,3.2));
#4395=CARTESIAN_POINT('',(-1.72999999999999,0.,3.2));
#4396=CARTESIAN_POINT('',(-1.72999999999999,0.,3.2));
#4397=CARTESIAN_POINT('',(-1.72999999999999,0.,0.659999999999993));
#4398=CARTESIAN_POINT('',(-1.72999999999999,0.,0.659999999999993));
#4399=CARTESIAN_POINT('',(-4.27,0.,0.659999999999989));
#4400=CARTESIAN_POINT('',(-1.27,0.,3.2));
#4401=CARTESIAN_POINT('',(-1.27,0.,0.659999999999996));
#4402=CARTESIAN_POINT('',(-1.27,0.,3.2));
#4403=CARTESIAN_POINT('',(1.27,0.,3.2));
#4404=CARTESIAN_POINT('',(1.27,0.,3.2));
#4405=CARTESIAN_POINT('',(1.27,0.,1.31));
#4406=CARTESIAN_POINT('',(1.27,0.,1.31));
#4407=CARTESIAN_POINT('',(0.619999999999999,0.,0.659999999999996));
#4408=CARTESIAN_POINT('',(0.619999999999999,0.,0.659999999999996));
#4409=CARTESIAN_POINT('',(-1.27,0.,0.659999999999996));
#4410=CARTESIAN_POINT('',(1.73,0.,3.2));
#4411=CARTESIAN_POINT('',(1.73,0.,0.659999999999989));
#4412=CARTESIAN_POINT('',(1.73,0.,3.2));
#4413=CARTESIAN_POINT('',(4.27,0.,3.2));
#4414=CARTESIAN_POINT('',(4.27,0.,3.2));
#4415=CARTESIAN_POINT('',(4.27000000000001,0.,0.659999999999993));
#4416=CARTESIAN_POINT('',(4.27000000000001,0.,0.659999999999993));
#4417=CARTESIAN_POINT('',(1.73,0.,0.659999999999989));
#4418=CARTESIAN_POINT('',(4.73,0.,3.2));
#4419=CARTESIAN_POINT('',(4.73,0.,0.659999999999996));
#4420=CARTESIAN_POINT('',(4.73,0.,3.2));
#4421=CARTESIAN_POINT('',(7.27,0.,3.2));
#4422=CARTESIAN_POINT('',(7.27,0.,3.2));
#4423=CARTESIAN_POINT('',(7.27,0.,1.31));
#4424=CARTESIAN_POINT('',(7.27,0.,1.31));
#4425=CARTESIAN_POINT('',(6.62,0.,0.659999999999996));
#4426=CARTESIAN_POINT('',(6.62,0.,0.659999999999996));
#4427=CARTESIAN_POINT('',(4.73,0.,0.659999999999996));
#4428=CARTESIAN_POINT('Origin',(9.32,9.9,3.86));
#4429=CARTESIAN_POINT('',(-9.32,9.9,3.85999999999999));
#4430=CARTESIAN_POINT('',(9.32,9.9,3.86));
#4431=CARTESIAN_POINT('',(-9.32,9.9,3.85999999999999));
#4432=CARTESIAN_POINT('',(1.3,0.54,3.85999999999998));
#4433=CARTESIAN_POINT('',(-1.3,0.54,3.85999999999998));
#4434=CARTESIAN_POINT('',(1.3,0.54,3.85999999999998));
#4435=CARTESIAN_POINT('',(-1.3,2.95,3.85999999999999));
#4436=CARTESIAN_POINT('',(-1.3,0.54,3.85999999999998));
#4437=CARTESIAN_POINT('',(1.3,2.95,3.85999999999999));
#4438=CARTESIAN_POINT('',(1.3,2.95,3.85999999999999));
#4439=CARTESIAN_POINT('',(1.3,0.54,3.85999999999998));
#4440=CARTESIAN_POINT('Origin',(-9.32,9.9,3.85999999999999));
#4441=CARTESIAN_POINT('',(-9.32,8.05,0.51));
#4442=CARTESIAN_POINT('',(-9.32,8.05,-0.51));
#4443=CARTESIAN_POINT('',(-9.32,8.05,-0.51));
#4444=CARTESIAN_POINT('',(-9.32,1.66845502963189,0.509999999999997));
#4445=CARTESIAN_POINT('',(-9.32,9.9,0.51));
#4446=CARTESIAN_POINT('',(-9.32,1.6684550296319,1.15));
#4447=CARTESIAN_POINT('',(-9.32,1.66845502963189,38.214));
#4448=CARTESIAN_POINT('',(-9.32,1.6684550296319,3.22));
#4449=CARTESIAN_POINT('',(-9.32,9.9,-0.51));
#4450=CARTESIAN_POINT('',(-9.32,9.9,3.85999999999999));
#4451=CARTESIAN_POINT('',(-9.32,8.05,-0.51));
#4452=CARTESIAN_POINT('Origin',(0.,9.9,0.));
#4453=CARTESIAN_POINT('',(8.685,9.9,-0.51));
#4454=CARTESIAN_POINT('',(9.32,9.9,-0.51));
#4455=CARTESIAN_POINT('',(8.685,9.9,-0.51));
#4456=CARTESIAN_POINT('',(-8.685,9.9,-0.51));
#4457=CARTESIAN_POINT('',(-8.685,9.9,-0.51));
#4458=CARTESIAN_POINT('',(-9.32,9.9,-0.51));
#4459=CARTESIAN_POINT('Origin',(1.3,2.2,5.05999999999998));
#4460=CARTESIAN_POINT('',(-1.3,2.2,5.05999999999998));
#4461=CARTESIAN_POINT('',(-1.3,2.2,5.05999999999998));
#4462=CARTESIAN_POINT('',(1.3,2.2,5.05999999999998));
#4463=CARTESIAN_POINT('',(1.3,2.2,5.05999999999998));
#4464=CARTESIAN_POINT('',(1.3,2.2,5.05999999999998));
#4465=CARTESIAN_POINT('Origin',(1.3,2.95,3.85999999999999));
#4466=CARTESIAN_POINT('',(-1.3,2.95,5.05999999999998));
#4467=CARTESIAN_POINT('',(-1.3,2.95,3.85999999999999));
#4468=CARTESIAN_POINT('',(1.3,2.95,5.05999999999998));
#4469=CARTESIAN_POINT('',(1.3,2.95,5.05999999999998));
#4470=CARTESIAN_POINT('',(1.3,2.95,3.85999999999999));
#4471=CARTESIAN_POINT('Origin',(1.3,2.95,5.05999999999998));
#4472=CARTESIAN_POINT('',(-1.3,2.95,5.05999999999998));
#4473=CARTESIAN_POINT('',(1.3,2.95,5.05999999999998));
#4474=CARTESIAN_POINT('Origin',(1.3,0.,0.));
#4475=CARTESIAN_POINT('Origin',(-1.3,0.,0.));
#4476=CARTESIAN_POINT('Origin',(-7.92,0.,38.214));
#4477=CARTESIAN_POINT('',(-15.6403503038103,9.20075521065178,3.95746380207837));
#4478=CARTESIAN_POINT('',(-9.32,1.6684550296319,1.15));
#4479=CARTESIAN_POINT('Origin',(9.32,1.66845502963189,38.214));
#4480=CARTESIAN_POINT('',(16.8870905564146,10.6865623857247,4.63750393986249));
#4481=CARTESIAN_POINT('',(7.92,0.,1.15));
#4482=CARTESIAN_POINT('Origin',(7.92,1.66845502963189,3.22));
#4483=CARTESIAN_POINT('',(7.92,1.66845502963189,1.15));
#4484=CARTESIAN_POINT('',(7.92,1.66845502963189,1.15));
#4485=CARTESIAN_POINT('',(7.92,1.66845502963189,3.22));
#4486=CARTESIAN_POINT('',(7.92,1.66845502963189,3.22));
#4487=CARTESIAN_POINT('',(7.92,1.66845502963189,3.22));
#4488=CARTESIAN_POINT('Origin',(9.32,1.6684550296319,3.22));
#4489=CARTESIAN_POINT('',(9.32,1.6684550296319,1.15));
#4490=CARTESIAN_POINT('',(9.32,1.6684550296319,3.22));
#4491=CARTESIAN_POINT('Origin',(0.,0.,3.22));
#4492=CARTESIAN_POINT('Origin',(0.,0.,1.15));
#4493=CARTESIAN_POINT('Origin',(-7.92,0.,3.22));
#4494=CARTESIAN_POINT('',(-7.92,1.66845502963189,1.15));
#4495=CARTESIAN_POINT('',(-7.92,0.,1.15));
#4496=CARTESIAN_POINT('',(-7.92,1.66845502963189,3.22));
#4497=CARTESIAN_POINT('',(-7.92,0.,3.22));
#4498=CARTESIAN_POINT('',(-7.92,1.66845502963189,3.22));
#4499=CARTESIAN_POINT('Origin',(-7.92,1.66845502963189,3.22));
#4500=CARTESIAN_POINT('',(-7.92,1.66845502963189,1.15));
#4501=CARTESIAN_POINT('',(-7.92,1.66845502963189,3.22));
#4502=CARTESIAN_POINT('Origin',(0.,0.,3.22));
#4503=CARTESIAN_POINT('Origin',(0.,0.,1.15));
#4504=CARTESIAN_POINT('Origin',(8.385,9.6,-0.51));
#4505=CARTESIAN_POINT('',(8.385,9.6,-0.51));
#4506=CARTESIAN_POINT('',(8.385,9.6,-0.51));
#4507=CARTESIAN_POINT('',(8.385,8.05,-0.51));
#4508=CARTESIAN_POINT('',(8.385,9.6,-0.51));
#4509=CARTESIAN_POINT('',(8.385,8.05,-0.51));
#4510=CARTESIAN_POINT('Origin',(8.385,8.05,-0.51));
#4511=CARTESIAN_POINT('',(8.38499999999999,8.05,5.70685408402666E-16));
#4512=CARTESIAN_POINT('',(8.385,8.05,-0.51));
#4513=CARTESIAN_POINT('Origin',(8.685,9.9,-0.51));
#4514=CARTESIAN_POINT('',(8.685,9.9,-0.51));
#4515=CARTESIAN_POINT('Origin',(0.,0.,-0.51));
#4516=CARTESIAN_POINT('Origin',(-8.685,9.9,-0.51));
#4517=CARTESIAN_POINT('',(-8.385,9.6,-0.51));
#4518=CARTESIAN_POINT('',(-8.385,9.6,-0.51));
#4519=CARTESIAN_POINT('',(-8.685,9.9,-0.51));
#4520=CARTESIAN_POINT('Origin',(-8.385,9.6,-0.51));
#4521=CARTESIAN_POINT('',(-8.385,8.05,-0.51));
#4522=CARTESIAN_POINT('',(-8.385,8.05,-0.51));
#4523=CARTESIAN_POINT('',(-8.385,9.6,-0.51));
#4524=CARTESIAN_POINT('Origin',(-8.385,8.05,-0.51));
#4525=CARTESIAN_POINT('',(-8.1706050955414,8.05,-0.116942675159235));
#4526=CARTESIAN_POINT('',(-8.385,8.05,-0.51));
#4527=CARTESIAN_POINT('Origin',(0.,0.,-0.51));
#4528=CARTESIAN_POINT('Origin',(8.38499999999999,9.9,5.70685408402666E-16));
#4529=CARTESIAN_POINT('Origin',(-9.32,9.9,0.51));
#4530=CARTESIAN_POINT('Origin',(4.73,6.6,3.2));
#4531=CARTESIAN_POINT('',(4.73,6.6,0.659999999999996));
#4532=CARTESIAN_POINT('',(4.73,6.6,0.659999999999996));
#4533=CARTESIAN_POINT('',(4.73,6.6,3.2));
#4534=CARTESIAN_POINT('',(4.73,6.6,3.2));
#4535=CARTESIAN_POINT('',(4.73,6.6,3.2));
#4536=CARTESIAN_POINT('Origin',(4.73,6.6,0.659999999999996));
#4537=CARTESIAN_POINT('',(6.62,6.6,0.659999999999996));
#4538=CARTESIAN_POINT('',(6.62,6.6,0.659999999999996));
#4539=CARTESIAN_POINT('',(4.73,6.6,0.659999999999996));
#4540=CARTESIAN_POINT('Origin',(6.62,6.6,0.659999999999996));
#4541=CARTESIAN_POINT('',(7.27,6.6,1.31));
#4542=CARTESIAN_POINT('',(7.27,6.6,1.31));
#4543=CARTESIAN_POINT('',(6.62,6.6,0.659999999999996));
#4544=CARTESIAN_POINT('Origin',(7.27,6.6,1.31));
#4545=CARTESIAN_POINT('',(7.27,6.6,3.2));
#4546=CARTESIAN_POINT('',(7.27,6.6,3.2));
#4547=CARTESIAN_POINT('',(7.27,6.6,1.31));
#4548=CARTESIAN_POINT('Origin',(7.27,6.6,3.2));
#4549=CARTESIAN_POINT('',(7.27,6.6,3.2));
#4550=CARTESIAN_POINT('Origin',(0.,6.6,0.));
#4551=CARTESIAN_POINT('',(6.32,6.6,1.64));
#4552=CARTESIAN_POINT('',(6.32,6.6,2.28));
#4553=CARTESIAN_POINT('',(6.32,6.6,0.));
#4554=CARTESIAN_POINT('',(5.68,6.6,1.64));
#4555=CARTESIAN_POINT('',(0.,6.6,1.64));
#4556=CARTESIAN_POINT('',(5.68,6.6,2.28));
#4557=CARTESIAN_POINT('',(5.68,6.6,0.));
#4558=CARTESIAN_POINT('',(0.,6.6,2.28));
#4559=CARTESIAN_POINT('Origin',(1.73,6.6,3.2));
#4560=CARTESIAN_POINT('',(1.73,6.6,0.659999999999989));
#4561=CARTESIAN_POINT('',(1.73,6.6,0.659999999999989));
#4562=CARTESIAN_POINT('',(1.73,6.6,3.2));
#4563=CARTESIAN_POINT('',(1.73,6.6,3.2));
#4564=CARTESIAN_POINT('',(1.73,6.6,3.2));
#4565=CARTESIAN_POINT('Origin',(1.73,6.6,0.659999999999989));
#4566=CARTESIAN_POINT('',(4.27000000000001,6.6,0.659999999999993));
#4567=CARTESIAN_POINT('',(4.27000000000001,6.6,0.659999999999993));
#4568=CARTESIAN_POINT('',(1.73,6.6,0.659999999999989));
#4569=CARTESIAN_POINT('Origin',(4.27000000000001,6.6,0.659999999999993));
#4570=CARTESIAN_POINT('',(4.27,6.6,3.2));
#4571=CARTESIAN_POINT('',(4.27,6.6,3.2));
#4572=CARTESIAN_POINT('',(4.27000000000001,6.6,0.659999999999993));
#4573=CARTESIAN_POINT('Origin',(4.27,6.6,3.2));
#4574=CARTESIAN_POINT('',(4.27,6.6,3.2));
#4575=CARTESIAN_POINT('Origin',(0.,6.6,0.));
#4576=CARTESIAN_POINT('',(3.32,6.6,1.64));
#4577=CARTESIAN_POINT('',(3.32,6.6,2.28));
#4578=CARTESIAN_POINT('',(3.32,6.6,0.));
#4579=CARTESIAN_POINT('',(2.68,6.6,1.64));
#4580=CARTESIAN_POINT('',(0.,6.6,1.64));
#4581=CARTESIAN_POINT('',(2.68,6.6,2.28));
#4582=CARTESIAN_POINT('',(2.68,6.6,0.));
#4583=CARTESIAN_POINT('',(0.,6.6,2.28));
#4584=CARTESIAN_POINT('Origin',(-1.27,6.6,3.2));
#4585=CARTESIAN_POINT('',(-1.27,6.6,0.659999999999996));
#4586=CARTESIAN_POINT('',(-1.27,6.6,0.659999999999996));
#4587=CARTESIAN_POINT('',(-1.27,6.6,3.2));
#4588=CARTESIAN_POINT('',(-1.27,6.6,3.2));
#4589=CARTESIAN_POINT('',(-1.27,6.6,3.2));
#4590=CARTESIAN_POINT('Origin',(-1.27,6.6,0.659999999999996));
#4591=CARTESIAN_POINT('',(0.619999999999999,6.6,0.659999999999996));
#4592=CARTESIAN_POINT('',(0.619999999999999,6.6,0.659999999999996));
#4593=CARTESIAN_POINT('',(-1.27,6.6,0.659999999999996));
#4594=CARTESIAN_POINT('Origin',(0.619999999999999,6.6,0.659999999999996));
#4595=CARTESIAN_POINT('',(1.27,6.6,1.31));
#4596=CARTESIAN_POINT('',(1.27,6.6,1.31));
#4597=CARTESIAN_POINT('',(0.619999999999999,6.6,0.659999999999996));
#4598=CARTESIAN_POINT('Origin',(1.27,6.6,1.31));
#4599=CARTESIAN_POINT('',(1.27,6.6,3.2));
#4600=CARTESIAN_POINT('',(1.27,6.6,3.2));
#4601=CARTESIAN_POINT('',(1.27,6.6,1.31));
#4602=CARTESIAN_POINT('Origin',(1.27,6.6,3.2));
#4603=CARTESIAN_POINT('',(1.27,6.6,3.2));
#4604=CARTESIAN_POINT('Origin',(0.,6.6,0.));
#4605=CARTESIAN_POINT('',(0.32,6.6,1.64));
#4606=CARTESIAN_POINT('',(0.32,6.6,2.28));
#4607=CARTESIAN_POINT('',(0.32,6.6,0.));
#4608=CARTESIAN_POINT('',(-0.32,6.6,1.64));
#4609=CARTESIAN_POINT('',(0.,6.6,1.64));
#4610=CARTESIAN_POINT('',(-0.32,6.6,2.28));
#4611=CARTESIAN_POINT('',(-0.32,6.6,0.));
#4612=CARTESIAN_POINT('',(0.,6.6,2.28));
#4613=CARTESIAN_POINT('Origin',(-4.27,6.6,3.2));
#4614=CARTESIAN_POINT('',(-4.27,6.6,0.659999999999989));
#4615=CARTESIAN_POINT('',(-4.27,6.6,0.659999999999989));
#4616=CARTESIAN_POINT('',(-4.27,6.6,3.2));
#4617=CARTESIAN_POINT('',(-4.27,6.6,3.2));
#4618=CARTESIAN_POINT('',(-4.27,6.6,3.2));
#4619=CARTESIAN_POINT('Origin',(-4.27,6.6,0.659999999999989));
#4620=CARTESIAN_POINT('',(-1.72999999999999,6.6,0.659999999999993));
#4621=CARTESIAN_POINT('',(-1.72999999999999,6.6,0.659999999999993));
#4622=CARTESIAN_POINT('',(-4.27,6.6,0.659999999999989));
#4623=CARTESIAN_POINT('Origin',(-1.72999999999999,6.6,0.659999999999993));
#4624=CARTESIAN_POINT('',(-1.72999999999999,6.6,3.2));
#4625=CARTESIAN_POINT('',(-1.72999999999999,6.6,3.2));
#4626=CARTESIAN_POINT('',(-1.72999999999999,6.6,0.659999999999993));
#4627=CARTESIAN_POINT('Origin',(-1.72999999999999,6.6,3.2));
#4628=CARTESIAN_POINT('',(-1.72999999999999,6.6,3.2));
#4629=CARTESIAN_POINT('Origin',(0.,6.6,0.));
#4630=CARTESIAN_POINT('',(-2.68,6.6,1.64));
#4631=CARTESIAN_POINT('',(-2.68,6.6,2.28));
#4632=CARTESIAN_POINT('',(-2.68,6.6,0.));
#4633=CARTESIAN_POINT('',(-3.32,6.6,1.64));
#4634=CARTESIAN_POINT('',(0.,6.6,1.64));
#4635=CARTESIAN_POINT('',(-3.32,6.6,2.28));
#4636=CARTESIAN_POINT('',(-3.32,6.6,0.));
#4637=CARTESIAN_POINT('',(0.,6.6,2.28));
#4638=CARTESIAN_POINT('Origin',(-7.27,6.6,3.2));
#4639=CARTESIAN_POINT('',(-7.27,6.6,1.31));
#4640=CARTESIAN_POINT('',(-7.27,6.6,1.31));
#4641=CARTESIAN_POINT('',(-7.27,6.6,3.2));
#4642=CARTESIAN_POINT('',(-7.27,6.6,3.2));
#4643=CARTESIAN_POINT('',(-7.27,6.6,3.2));
#4644=CARTESIAN_POINT('Origin',(-7.27,6.6,1.31));
#4645=CARTESIAN_POINT('',(-6.61999999999999,6.6,0.659999999999994));
#4646=CARTESIAN_POINT('',(-6.61999999999999,6.6,0.659999999999994));
#4647=CARTESIAN_POINT('',(-7.27,6.6,1.31));
#4648=CARTESIAN_POINT('Origin',(-6.61999999999999,6.6,0.659999999999994));
#4649=CARTESIAN_POINT('',(-4.72999999999999,6.6,0.65999999999999));
#4650=CARTESIAN_POINT('',(-4.72999999999999,6.6,0.65999999999999));
#4651=CARTESIAN_POINT('',(-6.61999999999999,6.6,0.659999999999994));
#4652=CARTESIAN_POINT('Origin',(-4.72999999999999,6.6,0.65999999999999));
#4653=CARTESIAN_POINT('',(-4.72999999999999,6.6,3.2));
#4654=CARTESIAN_POINT('',(-4.72999999999999,6.6,3.2));
#4655=CARTESIAN_POINT('',(-4.72999999999999,6.6,0.65999999999999));
#4656=CARTESIAN_POINT('Origin',(-4.72999999999999,6.6,3.2));
#4657=CARTESIAN_POINT('',(-4.72999999999999,6.6,3.2));
#4658=CARTESIAN_POINT('Origin',(0.,6.6,0.));
#4659=CARTESIAN_POINT('',(-5.68,6.6,1.64));
#4660=CARTESIAN_POINT('',(-5.68,6.6,2.28));
#4661=CARTESIAN_POINT('',(-5.68,6.6,0.));
#4662=CARTESIAN_POINT('',(-6.32,6.6,1.64));
#4663=CARTESIAN_POINT('',(0.,6.6,1.64));
#4664=CARTESIAN_POINT('',(-6.32,6.6,2.28));
#4665=CARTESIAN_POINT('',(-6.32,6.6,0.));
#4666=CARTESIAN_POINT('',(0.,6.6,2.28));
#4667=CARTESIAN_POINT('Origin',(-5.35,8.06,1.66533453693773E-15));
#4668=CARTESIAN_POINT('',(-5.35,1.6,1.66533453693773E-15));
#4669=CARTESIAN_POINT('',(-5.35,8.06,-0.509999999999998));
#4670=CARTESIAN_POINT('',(-5.35,8.06,1.66533453693773E-15));
#4671=CARTESIAN_POINT('',(-5.35,8.06,-0.509999999999998));
#4672=CARTESIAN_POINT('Origin',(-5.35,8.06,-0.509999999999998));
#4673=CARTESIAN_POINT('',(-4.35,8.06,-0.509999999999998));
#4674=CARTESIAN_POINT('',(-5.35,8.06,-0.509999999999998));
#4675=CARTESIAN_POINT('',(-4.35,5.6,-0.509999999999999));
#4676=CARTESIAN_POINT('',(-4.35,8.06,-0.509999999999998));
#4677=CARTESIAN_POINT('',(-4.70825756949558,5.6,-0.509999999999999));
#4678=CARTESIAN_POINT('Origin',(-4.35,8.06,-0.509999999999998));
#4679=CARTESIAN_POINT('',(-4.35,1.6,-0.509999999999998));
#4680=CARTESIAN_POINT('',(-4.35,3.6,-2.61));
#4681=CARTESIAN_POINT('',(-4.35,3.6,-2.26));
#4682=CARTESIAN_POINT('',(-4.35,4.29282032302755,-3.81));
#4683=CARTESIAN_POINT('',(-4.35,3.60000000000001,-2.61000000000002));
#4684=CARTESIAN_POINT('',(-4.35,4.90717967697245,-3.81));
#4685=CARTESIAN_POINT('',(-4.35,5.6,-3.81));
#4686=CARTESIAN_POINT('',(-4.35,5.6,-2.61));
#4687=CARTESIAN_POINT('',(-4.35,5.08038475772934,-3.51));
#4688=CARTESIAN_POINT('',(-4.35,5.6,-2.26));
#4689=CARTESIAN_POINT('',(-4.35,8.06,-0.509999999999998));
#4690=CARTESIAN_POINT('Origin',(0.,8.06,0.));
#4691=CARTESIAN_POINT('Origin',(0.,1.6,0.));
#4692=CARTESIAN_POINT('Origin',(4.35,8.06,-0.509999999999998));
#4693=CARTESIAN_POINT('',(4.35,5.6,-0.509999999999999));
#4694=CARTESIAN_POINT('',(5.35,8.06,-0.509999999999998));
#4695=CARTESIAN_POINT('',(4.35,8.06,-0.509999999999998));
#4696=CARTESIAN_POINT('',(5.35,8.06,-0.509999999999998));
#4697=CARTESIAN_POINT('Origin',(5.35,8.06,-0.509999999999998));
#4698=CARTESIAN_POINT('',(5.35,1.6,-0.509999999999998));
#4699=CARTESIAN_POINT('',(5.35,8.06,-0.509999999999998));
#4700=CARTESIAN_POINT('Origin',(0.,8.06,0.));
#4701=CARTESIAN_POINT('Origin',(0.,1.6,0.));
#4702=CARTESIAN_POINT('Origin',(6.32,2.4,2.28));
#4703=CARTESIAN_POINT('',(6.1,2.4,1.86));
#4704=CARTESIAN_POINT('',(6.1,2.4,2.06));
#4705=CARTESIAN_POINT('',(6.1,2.4,2.28));
#4706=CARTESIAN_POINT('',(5.9,2.4,2.06));
#4707=CARTESIAN_POINT('',(6.32,2.4,2.06));
#4708=CARTESIAN_POINT('',(5.9,2.4,1.86));
#4709=CARTESIAN_POINT('',(5.9,2.4,2.28));
#4710=CARTESIAN_POINT('',(6.32,2.4,1.86));
#4711=CARTESIAN_POINT('Origin',(6.32,0.,0.));
#4712=CARTESIAN_POINT('',(6.32,3.24,2.28));
#4713=CARTESIAN_POINT('',(6.32,9.2,2.28));
#4714=CARTESIAN_POINT('',(6.32,3.24,1.64));
#4715=CARTESIAN_POINT('',(6.32,3.24,1.64));
#4716=CARTESIAN_POINT('',(6.32,2.4,1.64));
#4717=CARTESIAN_POINT('Origin',(5.68,0.,0.));
#4718=CARTESIAN_POINT('',(5.68,3.24,1.64));
#4719=CARTESIAN_POINT('',(5.68,2.4,1.64));
#4720=CARTESIAN_POINT('',(5.68,3.24,2.28));
#4721=CARTESIAN_POINT('',(5.68,3.24,0.));
#4722=CARTESIAN_POINT('',(5.68,9.2,2.28));
#4723=CARTESIAN_POINT('Origin',(6.32,9.2,2.28));
#4724=CARTESIAN_POINT('',(6.32,3.24,2.28));
#4725=CARTESIAN_POINT('Origin',(6.32,2.4,1.64));
#4726=CARTESIAN_POINT('',(6.32,3.24,1.64));
#4727=CARTESIAN_POINT('Origin',(6.32,0.,0.));
#4728=CARTESIAN_POINT('',(6.32,8.56,-2.85));
#4729=CARTESIAN_POINT('',(6.32,8.56,1.64));
#4730=CARTESIAN_POINT('',(6.32,9.2,-2.85));
#4731=CARTESIAN_POINT('',(6.32,9.2,-2.85));
#4732=CARTESIAN_POINT('',(6.32,9.2,-3.69));
#4733=CARTESIAN_POINT('Origin',(5.68,0.,0.));
#4734=CARTESIAN_POINT('',(5.68,9.2,-2.85));
#4735=CARTESIAN_POINT('',(5.68,9.2,-3.69));
#4736=CARTESIAN_POINT('',(5.68,8.56,-2.85));
#4737=CARTESIAN_POINT('',(5.68,0.,-2.85));
#4738=CARTESIAN_POINT('',(5.68,8.56,1.64));
#4739=CARTESIAN_POINT('Origin',(6.32,8.56,1.64));
#4740=CARTESIAN_POINT('',(6.32,8.56,-2.85));
#4741=CARTESIAN_POINT('Origin',(6.32,8.56,-3.69));
#4742=CARTESIAN_POINT('',(6.1,8.98,-3.69));
#4743=CARTESIAN_POINT('',(6.1,8.78,-3.69));
#4744=CARTESIAN_POINT('',(6.1,8.56,-3.69));
#4745=CARTESIAN_POINT('',(5.9,8.78,-3.69));
#4746=CARTESIAN_POINT('',(6.32,8.78,-3.69));
#4747=CARTESIAN_POINT('',(5.9,8.98,-3.69));
#4748=CARTESIAN_POINT('',(5.9,8.56,-3.69));
#4749=CARTESIAN_POINT('',(6.32,8.98,-3.69));
#4750=CARTESIAN_POINT('Origin',(6.32,9.2,-3.69));
#4751=CARTESIAN_POINT('',(6.32,9.2,-2.85));
#4752=CARTESIAN_POINT('Origin',(6.32,9.2,-2.85));
#4753=CARTESIAN_POINT('',(5.92533399800598,8.95466600199402,-3.7867298105683));
#4754=CARTESIAN_POINT('',(6.32,9.2,-2.85));
#4755=CARTESIAN_POINT('Origin',(6.32,0.,-2.85));
#4756=CARTESIAN_POINT('',(6.83633100697906,8.04366899302094,-0.878554336989037));
#4757=CARTESIAN_POINT('Origin',(5.9,8.56,-3.69));
#4758=CARTESIAN_POINT('',(5.8867298105683,8.7667298105683,-3.63933200398804));
#4759=CARTESIAN_POINT('Origin',(6.32,8.78,-3.69));
#4760=CARTESIAN_POINT('Origin',(6.32,3.24,1.64));
#4761=CARTESIAN_POINT('',(5.92533399800598,2.3032701894317,1.88533399800598));
#4762=CARTESIAN_POINT('',(6.32,3.24,1.64));
#4763=CARTESIAN_POINT('Origin',(6.32,3.24,0.));
#4764=CARTESIAN_POINT('',(6.18247258225324,2.71489531405783,2.14247258225324));
#4765=CARTESIAN_POINT('Origin',(5.9,2.4,2.28));
#4766=CARTESIAN_POINT('',(5.8867298105683,2.45066799601196,2.0732701894317));
#4767=CARTESIAN_POINT('Origin',(6.32,2.4,2.06));
#4768=CARTESIAN_POINT('Origin',(3.32,2.4,2.28));
#4769=CARTESIAN_POINT('',(3.1,2.4,1.86));
#4770=CARTESIAN_POINT('',(3.1,2.4,2.06));
#4771=CARTESIAN_POINT('',(3.1,2.4,2.28));
#4772=CARTESIAN_POINT('',(2.9,2.4,2.06));
#4773=CARTESIAN_POINT('',(3.32,2.4,2.06));
#4774=CARTESIAN_POINT('',(2.9,2.4,1.86));
#4775=CARTESIAN_POINT('',(2.9,2.4,2.28));
#4776=CARTESIAN_POINT('',(3.32,2.4,1.86));
#4777=CARTESIAN_POINT('Origin',(3.32,0.,0.));
#4778=CARTESIAN_POINT('',(3.32,3.24,2.28));
#4779=CARTESIAN_POINT('',(3.32,9.2,2.28));
#4780=CARTESIAN_POINT('',(3.32,3.24,1.64));
#4781=CARTESIAN_POINT('',(3.32,3.24,1.64));
#4782=CARTESIAN_POINT('',(3.32,2.4,1.64));
#4783=CARTESIAN_POINT('Origin',(2.68,0.,0.));
#4784=CARTESIAN_POINT('',(2.68,3.24,1.64));
#4785=CARTESIAN_POINT('',(2.68,2.4,1.64));
#4786=CARTESIAN_POINT('',(2.68,3.24,2.28));
#4787=CARTESIAN_POINT('',(2.68,3.24,0.));
#4788=CARTESIAN_POINT('',(2.68,9.2,2.28));
#4789=CARTESIAN_POINT('Origin',(3.32,9.2,2.28));
#4790=CARTESIAN_POINT('',(3.32,3.24,2.28));
#4791=CARTESIAN_POINT('Origin',(3.32,2.4,1.64));
#4792=CARTESIAN_POINT('',(3.32,3.24,1.64));
#4793=CARTESIAN_POINT('Origin',(3.32,0.,0.));
#4794=CARTESIAN_POINT('',(3.32,8.56,-2.85));
#4795=CARTESIAN_POINT('',(3.32,8.56,1.64));
#4796=CARTESIAN_POINT('',(3.32,9.2,-2.85));
#4797=CARTESIAN_POINT('',(3.32,9.2,-2.85));
#4798=CARTESIAN_POINT('',(3.32,9.2,-3.69));
#4799=CARTESIAN_POINT('Origin',(2.68,0.,0.));
#4800=CARTESIAN_POINT('',(2.68,9.2,-2.85));
#4801=CARTESIAN_POINT('',(2.68,9.2,-3.69));
#4802=CARTESIAN_POINT('',(2.68,8.56,-2.85));
#4803=CARTESIAN_POINT('',(2.68,0.,-2.85));
#4804=CARTESIAN_POINT('',(2.68,8.56,1.64));
#4805=CARTESIAN_POINT('Origin',(3.32,8.56,1.64));
#4806=CARTESIAN_POINT('',(3.32,8.56,-2.85));
#4807=CARTESIAN_POINT('Origin',(3.32,8.56,-3.69));
#4808=CARTESIAN_POINT('',(3.1,8.98,-3.69));
#4809=CARTESIAN_POINT('',(3.1,8.78,-3.69));
#4810=CARTESIAN_POINT('',(3.1,8.56,-3.69));
#4811=CARTESIAN_POINT('',(2.9,8.78,-3.69));
#4812=CARTESIAN_POINT('',(3.32,8.78,-3.69));
#4813=CARTESIAN_POINT('',(2.9,8.98,-3.69));
#4814=CARTESIAN_POINT('',(2.9,8.56,-3.69));
#4815=CARTESIAN_POINT('',(3.32,8.98,-3.69));
#4816=CARTESIAN_POINT('Origin',(3.32,9.2,-3.69));
#4817=CARTESIAN_POINT('',(3.32,9.2,-2.85));
#4818=CARTESIAN_POINT('Origin',(3.32,9.2,-2.85));
#4819=CARTESIAN_POINT('',(2.92533399800598,8.95466600199402,-3.7867298105683));
#4820=CARTESIAN_POINT('',(3.32,9.2,-2.85));
#4821=CARTESIAN_POINT('Origin',(3.32,0.,-2.85));
#4822=CARTESIAN_POINT('',(3.83633100697906,8.04366899302094,-0.878554336989037));
#4823=CARTESIAN_POINT('Origin',(2.9,8.56,-3.69));
#4824=CARTESIAN_POINT('',(2.8867298105683,8.7667298105683,-3.63933200398804));
#4825=CARTESIAN_POINT('Origin',(3.32,8.78,-3.69));
#4826=CARTESIAN_POINT('Origin',(3.32,3.24,1.64));
#4827=CARTESIAN_POINT('',(2.92533399800598,2.3032701894317,1.88533399800598));
#4828=CARTESIAN_POINT('',(3.32,3.24,1.64));
#4829=CARTESIAN_POINT('Origin',(3.32,3.24,0.));
#4830=CARTESIAN_POINT('',(3.18247258225324,2.71489531405783,2.14247258225324));
#4831=CARTESIAN_POINT('Origin',(2.9,2.4,2.28));
#4832=CARTESIAN_POINT('',(2.8867298105683,2.45066799601196,2.0732701894317));
#4833=CARTESIAN_POINT('Origin',(3.32,2.4,2.06));
#4834=CARTESIAN_POINT('Origin',(0.32,2.4,2.28));
#4835=CARTESIAN_POINT('',(0.1,2.4,1.86));
#4836=CARTESIAN_POINT('',(0.1,2.4,2.06));
#4837=CARTESIAN_POINT('',(0.1,2.4,2.28));
#4838=CARTESIAN_POINT('',(-0.1,2.4,2.06));
#4839=CARTESIAN_POINT('',(0.32,2.4,2.06));
#4840=CARTESIAN_POINT('',(-0.1,2.4,1.86));
#4841=CARTESIAN_POINT('',(-0.1,2.4,2.28));
#4842=CARTESIAN_POINT('',(0.32,2.4,1.86));
#4843=CARTESIAN_POINT('Origin',(0.32,0.,0.));
#4844=CARTESIAN_POINT('',(0.32,3.24,2.28));
#4845=CARTESIAN_POINT('',(0.32,9.2,2.28));
#4846=CARTESIAN_POINT('',(0.32,3.24,1.64));
#4847=CARTESIAN_POINT('',(0.32,3.24,1.64));
#4848=CARTESIAN_POINT('',(0.32,2.4,1.64));
#4849=CARTESIAN_POINT('Origin',(-0.32,0.,0.));
#4850=CARTESIAN_POINT('',(-0.32,3.24,1.64));
#4851=CARTESIAN_POINT('',(-0.32,2.4,1.64));
#4852=CARTESIAN_POINT('',(-0.32,3.24,2.28));
#4853=CARTESIAN_POINT('',(-0.32,3.24,0.));
#4854=CARTESIAN_POINT('',(-0.32,9.2,2.28));
#4855=CARTESIAN_POINT('Origin',(0.32,9.2,2.28));
#4856=CARTESIAN_POINT('',(0.32,3.24,2.28));
#4857=CARTESIAN_POINT('Origin',(0.32,2.4,1.64));
#4858=CARTESIAN_POINT('',(0.32,3.24,1.64));
#4859=CARTESIAN_POINT('Origin',(0.32,0.,0.));
#4860=CARTESIAN_POINT('',(0.32,8.56,-2.85));
#4861=CARTESIAN_POINT('',(0.32,8.56,1.64));
#4862=CARTESIAN_POINT('',(0.32,9.2,-2.85));
#4863=CARTESIAN_POINT('',(0.32,9.2,-2.85));
#4864=CARTESIAN_POINT('',(0.32,9.2,-3.69));
#4865=CARTESIAN_POINT('Origin',(-0.32,0.,0.));
#4866=CARTESIAN_POINT('',(-0.32,9.2,-2.85));
#4867=CARTESIAN_POINT('',(-0.32,9.2,-3.69));
#4868=CARTESIAN_POINT('',(-0.32,8.56,-2.85));
#4869=CARTESIAN_POINT('',(-0.32,0.,-2.85));
#4870=CARTESIAN_POINT('',(-0.32,8.56,1.64));
#4871=CARTESIAN_POINT('Origin',(0.32,8.56,1.64));
#4872=CARTESIAN_POINT('',(0.32,8.56,-2.85));
#4873=CARTESIAN_POINT('Origin',(0.32,8.56,-3.69));
#4874=CARTESIAN_POINT('',(0.1,8.98,-3.69));
#4875=CARTESIAN_POINT('',(0.1,8.78,-3.69));
#4876=CARTESIAN_POINT('',(0.1,8.56,-3.69));
#4877=CARTESIAN_POINT('',(-0.1,8.78,-3.69));
#4878=CARTESIAN_POINT('',(0.32,8.78,-3.69));
#4879=CARTESIAN_POINT('',(-0.1,8.98,-3.69));
#4880=CARTESIAN_POINT('',(-0.1,8.56,-3.69));
#4881=CARTESIAN_POINT('',(0.32,8.98,-3.69));
#4882=CARTESIAN_POINT('Origin',(0.32,9.2,-3.69));
#4883=CARTESIAN_POINT('',(0.32,9.2,-2.85));
#4884=CARTESIAN_POINT('Origin',(0.32,9.2,-2.85));
#4885=CARTESIAN_POINT('',(-0.074666001994018,8.95466600199402,-3.7867298105683));
#4886=CARTESIAN_POINT('',(0.32,9.2,-2.85));
#4887=CARTESIAN_POINT('Origin',(0.32,0.,-2.85));
#4888=CARTESIAN_POINT('',(0.836331006979062,8.04366899302094,-0.878554336989037));
#4889=CARTESIAN_POINT('Origin',(-0.1,8.56,-3.69));
#4890=CARTESIAN_POINT('',(-0.113270189431705,8.7667298105683,-3.63933200398804));
#4891=CARTESIAN_POINT('Origin',(0.32,8.78,-3.69));
#4892=CARTESIAN_POINT('Origin',(0.32,3.24,1.64));
#4893=CARTESIAN_POINT('',(-0.074666001994018,2.3032701894317,1.88533399800598));
#4894=CARTESIAN_POINT('',(0.32,3.24,1.64));
#4895=CARTESIAN_POINT('Origin',(0.32,3.24,0.));
#4896=CARTESIAN_POINT('',(0.18247258225324,2.71489531405783,2.14247258225324));
#4897=CARTESIAN_POINT('Origin',(-0.1,2.4,2.28));
#4898=CARTESIAN_POINT('',(-0.113270189431705,2.45066799601196,2.0732701894317));
#4899=CARTESIAN_POINT('Origin',(0.32,2.4,2.06));
#4900=CARTESIAN_POINT('Origin',(-2.68,2.4,2.28));
#4901=CARTESIAN_POINT('',(-2.9,2.4,1.86));
#4902=CARTESIAN_POINT('',(-2.9,2.4,2.06));
#4903=CARTESIAN_POINT('',(-2.9,2.4,2.28));
#4904=CARTESIAN_POINT('',(-3.1,2.4,2.06));
#4905=CARTESIAN_POINT('',(-2.68,2.4,2.06));
#4906=CARTESIAN_POINT('',(-3.1,2.4,1.86));
#4907=CARTESIAN_POINT('',(-3.1,2.4,2.28));
#4908=CARTESIAN_POINT('',(-2.68,2.4,1.86));
#4909=CARTESIAN_POINT('Origin',(-2.68,0.,0.));
#4910=CARTESIAN_POINT('',(-2.68,3.24,2.28));
#4911=CARTESIAN_POINT('',(-2.68,9.2,2.28));
#4912=CARTESIAN_POINT('',(-2.68,3.24,1.64));
#4913=CARTESIAN_POINT('',(-2.68,3.24,1.64));
#4914=CARTESIAN_POINT('',(-2.68,2.4,1.64));
#4915=CARTESIAN_POINT('Origin',(-3.32,0.,0.));
#4916=CARTESIAN_POINT('',(-3.32,3.24,1.64));
#4917=CARTESIAN_POINT('',(-3.32,2.4,1.64));
#4918=CARTESIAN_POINT('',(-3.32,3.24,2.28));
#4919=CARTESIAN_POINT('',(-3.32,3.24,0.));
#4920=CARTESIAN_POINT('',(-3.32,9.2,2.28));
#4921=CARTESIAN_POINT('Origin',(-2.68,9.2,2.28));
#4922=CARTESIAN_POINT('',(-2.68,3.24,2.28));
#4923=CARTESIAN_POINT('Origin',(-2.68,2.4,1.64));
#4924=CARTESIAN_POINT('',(-2.68,3.24,1.64));
#4925=CARTESIAN_POINT('Origin',(-2.68,0.,0.));
#4926=CARTESIAN_POINT('',(-2.68,8.56,-2.85));
#4927=CARTESIAN_POINT('',(-2.68,8.56,1.64));
#4928=CARTESIAN_POINT('',(-2.68,9.2,-2.85));
#4929=CARTESIAN_POINT('',(-2.68,9.2,-2.85));
#4930=CARTESIAN_POINT('',(-2.68,9.2,-3.69));
#4931=CARTESIAN_POINT('Origin',(-3.32,0.,0.));
#4932=CARTESIAN_POINT('',(-3.32,9.2,-2.85));
#4933=CARTESIAN_POINT('',(-3.32,9.2,-3.69));
#4934=CARTESIAN_POINT('',(-3.32,8.56,-2.85));
#4935=CARTESIAN_POINT('',(-3.32,0.,-2.85));
#4936=CARTESIAN_POINT('',(-3.32,8.56,1.64));
#4937=CARTESIAN_POINT('Origin',(-2.68,8.56,1.64));
#4938=CARTESIAN_POINT('',(-2.68,8.56,-2.85));
#4939=CARTESIAN_POINT('Origin',(-2.68,8.56,-3.69));
#4940=CARTESIAN_POINT('',(-2.9,8.98,-3.69));
#4941=CARTESIAN_POINT('',(-2.9,8.78,-3.69));
#4942=CARTESIAN_POINT('',(-2.9,8.56,-3.69));
#4943=CARTESIAN_POINT('',(-3.1,8.78,-3.69));
#4944=CARTESIAN_POINT('',(-2.68,8.78,-3.69));
#4945=CARTESIAN_POINT('',(-3.1,8.98,-3.69));
#4946=CARTESIAN_POINT('',(-3.1,8.56,-3.69));
#4947=CARTESIAN_POINT('',(-2.68,8.98,-3.69));
#4948=CARTESIAN_POINT('Origin',(-2.68,9.2,-3.69));
#4949=CARTESIAN_POINT('',(-2.68,9.2,-2.85));
#4950=CARTESIAN_POINT('Origin',(-2.68,9.2,-2.85));
#4951=CARTESIAN_POINT('',(-3.07466600199402,8.95466600199402,-3.7867298105683));
#4952=CARTESIAN_POINT('',(-2.68,9.2,-2.85));
#4953=CARTESIAN_POINT('Origin',(-2.68,0.,-2.85));
#4954=CARTESIAN_POINT('',(-2.16366899302094,8.04366899302094,-0.878554336989037));
#4955=CARTESIAN_POINT('Origin',(-3.1,8.56,-3.69));
#4956=CARTESIAN_POINT('',(-3.1132701894317,8.7667298105683,-3.63933200398804));
#4957=CARTESIAN_POINT('Origin',(-2.68,8.78,-3.69));
#4958=CARTESIAN_POINT('Origin',(-2.68,3.24,1.64));
#4959=CARTESIAN_POINT('',(-3.07466600199402,2.3032701894317,1.88533399800598));
#4960=CARTESIAN_POINT('',(-2.68,3.24,1.64));
#4961=CARTESIAN_POINT('Origin',(-2.68,3.24,0.));
#4962=CARTESIAN_POINT('',(-2.81752741774676,2.71489531405783,2.14247258225324));
#4963=CARTESIAN_POINT('Origin',(-3.1,2.4,2.28));
#4964=CARTESIAN_POINT('',(-3.1132701894317,2.45066799601196,2.0732701894317));
#4965=CARTESIAN_POINT('Origin',(-2.68,2.4,2.06));
#4966=CARTESIAN_POINT('Origin',(-5.68,2.4,2.28));
#4967=CARTESIAN_POINT('',(-5.9,2.4,1.86));
#4968=CARTESIAN_POINT('',(-5.9,2.4,2.06));
#4969=CARTESIAN_POINT('',(-5.9,2.4,2.28));
#4970=CARTESIAN_POINT('',(-6.1,2.4,2.06));
#4971=CARTESIAN_POINT('',(-5.68,2.4,2.06));
#4972=CARTESIAN_POINT('',(-6.1,2.4,1.86));
#4973=CARTESIAN_POINT('',(-6.1,2.4,2.28));
#4974=CARTESIAN_POINT('',(-5.68,2.4,1.86));
#4975=CARTESIAN_POINT('Origin',(-5.68,0.,0.));
#4976=CARTESIAN_POINT('',(-5.68,3.24,2.28));
#4977=CARTESIAN_POINT('',(-5.68,9.2,2.28));
#4978=CARTESIAN_POINT('',(-5.68,3.24,1.64));
#4979=CARTESIAN_POINT('',(-5.68,3.24,1.64));
#4980=CARTESIAN_POINT('',(-5.68,2.4,1.64));
#4981=CARTESIAN_POINT('Origin',(-6.32,0.,0.));
#4982=CARTESIAN_POINT('',(-6.32,3.24,1.64));
#4983=CARTESIAN_POINT('',(-6.32,2.4,1.64));
#4984=CARTESIAN_POINT('',(-6.32,3.24,2.28));
#4985=CARTESIAN_POINT('',(-6.32,3.24,0.));
#4986=CARTESIAN_POINT('',(-6.32,9.2,2.28));
#4987=CARTESIAN_POINT('Origin',(-5.68,9.2,2.28));
#4988=CARTESIAN_POINT('',(-5.68,3.24,2.28));
#4989=CARTESIAN_POINT('Origin',(-5.68,2.4,1.64));
#4990=CARTESIAN_POINT('',(-5.68,3.24,1.64));
#4991=CARTESIAN_POINT('Origin',(-5.68,0.,0.));
#4992=CARTESIAN_POINT('',(-5.68,8.56,-2.85));
#4993=CARTESIAN_POINT('',(-5.68,8.56,1.64));
#4994=CARTESIAN_POINT('',(-5.68,9.2,-2.85));
#4995=CARTESIAN_POINT('',(-5.68,9.2,-2.85));
#4996=CARTESIAN_POINT('',(-5.68,9.2,-3.69));
#4997=CARTESIAN_POINT('Origin',(-6.32,0.,0.));
#4998=CARTESIAN_POINT('',(-6.32,9.2,-2.85));
#4999=CARTESIAN_POINT('',(-6.32,9.2,-3.69));
#5000=CARTESIAN_POINT('',(-6.32,8.56,-2.85));
#5001=CARTESIAN_POINT('',(-6.32,0.,-2.85));
#5002=CARTESIAN_POINT('',(-6.32,8.56,1.64));
#5003=CARTESIAN_POINT('Origin',(-5.68,8.56,1.64));
#5004=CARTESIAN_POINT('',(-5.68,8.56,-2.85));
#5005=CARTESIAN_POINT('Origin',(-5.68,8.56,-3.69));
#5006=CARTESIAN_POINT('',(-5.9,8.98,-3.69));
#5007=CARTESIAN_POINT('',(-5.9,8.78,-3.69));
#5008=CARTESIAN_POINT('',(-5.9,8.56,-3.69));
#5009=CARTESIAN_POINT('',(-6.1,8.78,-3.69));
#5010=CARTESIAN_POINT('',(-5.68,8.78,-3.69));
#5011=CARTESIAN_POINT('',(-6.1,8.98,-3.69));
#5012=CARTESIAN_POINT('',(-6.1,8.56,-3.69));
#5013=CARTESIAN_POINT('',(-5.68,8.98,-3.69));
#5014=CARTESIAN_POINT('Origin',(-5.68,9.2,-3.69));
#5015=CARTESIAN_POINT('',(-5.68,9.2,-2.85));
#5016=CARTESIAN_POINT('Origin',(-5.68,9.2,-2.85));
#5017=CARTESIAN_POINT('',(-6.07466600199402,8.95466600199402,-3.7867298105683));
#5018=CARTESIAN_POINT('',(-5.68,9.2,-2.85));
#5019=CARTESIAN_POINT('Origin',(-5.68,0.,-2.85));
#5020=CARTESIAN_POINT('',(-5.16366899302094,8.04366899302094,-0.878554336989037));
#5021=CARTESIAN_POINT('Origin',(-6.1,8.56,-3.69));
#5022=CARTESIAN_POINT('',(-6.1132701894317,8.7667298105683,-3.63933200398804));
#5023=CARTESIAN_POINT('Origin',(-5.68,8.78,-3.69));
#5024=CARTESIAN_POINT('Origin',(-5.68,3.24,1.64));
#5025=CARTESIAN_POINT('',(-6.07466600199402,2.3032701894317,1.88533399800598));
#5026=CARTESIAN_POINT('',(-5.68,3.24,1.64));
#5027=CARTESIAN_POINT('Origin',(-5.68,3.24,0.));
#5028=CARTESIAN_POINT('',(-5.81752741774676,2.71489531405783,2.14247258225324));
#5029=CARTESIAN_POINT('Origin',(-6.1,2.4,2.28));
#5030=CARTESIAN_POINT('',(-6.1132701894317,2.45066799601196,2.0732701894317));
#5031=CARTESIAN_POINT('Origin',(-5.68,2.4,2.06));
#5032=CARTESIAN_POINT('Origin',(-4.70825756949558,5.6,-2.26));
#5033=CARTESIAN_POINT('',(-4.35,5.6,-2.61));
#5034=CARTESIAN_POINT('',(-4.35,5.6,-2.26));
#5035=CARTESIAN_POINT('Origin',(-4.35,3.6,-2.26));
#5036=CARTESIAN_POINT('',(-5.22979589711327,3.6,-2.26));
#5037=CARTESIAN_POINT('',(-5.22979589711327,3.6,-2.61));
#5038=CARTESIAN_POINT('Origin',(4.35,5.6,-2.26));
#5039=CARTESIAN_POINT('',(4.35,5.6,-2.26));
#5040=CARTESIAN_POINT('Origin',(4.70825756949558,3.6,-2.26));
#5041=CARTESIAN_POINT('',(5.22979589711327,3.6,-2.26));
#5042=CARTESIAN_POINT('Origin',(-4.25,4.6,-2.26));
#5043=CARTESIAN_POINT('Origin',(4.25,4.6,-2.26));
#5044=CARTESIAN_POINT('Origin',(5.0039,5.6,-2.61));
#5045=CARTESIAN_POINT('',(5.0039,4.90717967697245,-3.81));
#5046=CARTESIAN_POINT('Origin',(5.00390000000001,3.60000000000005,-2.61));
#5047=CARTESIAN_POINT('',(5.0039,4.2928203230276,-3.81));
#5048=CARTESIAN_POINT('Origin',(-4.25,4.6,-3.81));
#5049=UNCERTAINTY_MEASURE_WITH_UNIT(LENGTH_MEASURE(0.01),#5053,
'DISTANCE_ACCURACY_VALUE',
'Maximum model space distance between geometric entities at asserted c
onnectivities');
#5050=UNCERTAINTY_MEASURE_WITH_UNIT(LENGTH_MEASURE(0.01),#5053,
'DISTANCE_ACCURACY_VALUE',
'Maximum model space distance between geometric entities at asserted c
onnectivities');
#5051=(
GEOMETRIC_REPRESENTATION_CONTEXT(3)
GLOBAL_UNCERTAINTY_ASSIGNED_CONTEXT((#5049))
GLOBAL_UNIT_ASSIGNED_CONTEXT((#5053,#5055,#5056))
REPRESENTATION_CONTEXT('','3D')
);
#5052=(
GEOMETRIC_REPRESENTATION_CONTEXT(3)
GLOBAL_UNCERTAINTY_ASSIGNED_CONTEXT((#5050))
GLOBAL_UNIT_ASSIGNED_CONTEXT((#5053,#5055,#5056))
REPRESENTATION_CONTEXT('','3D')
);
#5053=(
LENGTH_UNIT()
NAMED_UNIT(*)
SI_UNIT(.MILLI.,.METRE.)
);
#5054=(
LENGTH_UNIT()
NAMED_UNIT(*)
SI_UNIT($,.METRE.)
);
#5055=(
NAMED_UNIT(*)
PLANE_ANGLE_UNIT()
SI_UNIT($,.RADIAN.)
);
#5056=(
NAMED_UNIT(*)
SI_UNIT($,.STERADIAN.)
SOLID_ANGLE_UNIT()
);
#5057=SHAPE_DEFINITION_REPRESENTATION(#5058,#5059);
#5058=PRODUCT_DEFINITION_SHAPE('',$,#5061);
#5059=SHAPE_REPRESENTATION('',(#3173),#5051);
#5060=PRODUCT_DEFINITION_CONTEXT('part definition',#5065,'design');
#5061=PRODUCT_DEFINITION('0436500500',
'MOLEX-MICROFIT-RA-5POS-0436500500 v1',#5062,#5060);
#5062=PRODUCT_DEFINITION_FORMATION('',$,#5067);
#5063=PRODUCT_RELATED_PRODUCT_CATEGORY(
'MOLEX-MICROFIT-RA-5POS-0436500500 v1',
'MOLEX-MICROFIT-RA-5POS-0436500500 v1',(#5067));
#5064=APPLICATION_PROTOCOL_DEFINITION('international standard',
'ap242_managed_model_based_3d_engineering',2011,#5065);
#5065=APPLICATION_CONTEXT('Managed model based 3d engineering');
#5066=PRODUCT_CONTEXT('part definition',#5065,'mechanical');
#5067=PRODUCT('0436500500','MOLEX-MICROFIT-RA-5POS-0436500500 v1',
'STEP AP242',(#5066));
#5068=PRESENTATION_STYLE_ASSIGNMENT((#5070));
#5069=PRESENTATION_STYLE_ASSIGNMENT((#5071));
#5070=SURFACE_STYLE_USAGE(.BOTH.,#5072);
#5071=SURFACE_STYLE_USAGE(.BOTH.,#5073);
#5072=SURFACE_SIDE_STYLE('',(#5074));
#5073=SURFACE_SIDE_STYLE('',(#5075));
#5074=SURFACE_STYLE_FILL_AREA(#5076);
#5075=SURFACE_STYLE_FILL_AREA(#5077);
#5076=FILL_AREA_STYLE('Steel - Satin',(#5078));
#5077=FILL_AREA_STYLE(
'EPX 150 - Air Baked (with Carbon M2 M3 L1 3D Printers)',(#5079));
#5078=FILL_AREA_STYLE_COLOUR('Steel - Satin',#5080);
#5079=FILL_AREA_STYLE_COLOUR(
'EPX 150 - Air Baked (with Carbon M2 M3 L1 3D Printers)',#5081);
#5080=COLOUR_RGB('Steel - Satin',0.627450980392157,0.627450980392157,0.627450980392157);
#5081=COLOUR_RGB(
'EPX 150 - Air Baked (with Carbon M2 M3 L1 3D Printers)',0.247058823529412,
0.247058823529412,0.247058823529412);
ENDSEC;
END-ISO-10303-21;
