ISO-10303-21;
HEADER;
FILE_DESCRIPTION (( 'STEP AP214' ),
    '1' );
FILE_NAME ('User Library-01110501Z.STEP',
    '2019-01-17T18:36:40',
    ( '' ),
    ( '' ),
    'SwSTEP 2.0',
    'SolidWorks 2018',
    '' );
FILE_SCHEMA (( 'AUTOMOTIVE_DESIGN' ));
ENDSEC;

DATA;
#1 = VERTEX_POINT ( 'NONE', #528 ) ;
#2 = PLANE ( 'NONE',  #1388 ) ;
#3 = ORIENTED_EDGE ( 'NONE', *, *, #365, .T. ) ;
#4 = ORIENTED_EDGE ( 'NONE', *, *, #487, .F. ) ;
#5 = LINE ( 'NONE', #96, #2020 ) ;
#6 = EDGE_CURVE ( 'NONE', #982, #1737, #2724, .T. ) ;
#7 = ORIENTED_EDGE ( 'NONE', *, *, #1534, .T. ) ;
#8 = CARTESIAN_POINT ( 'NONE',  ( 1.350000000000000089, 2.097183808000000482, 4.461956412000000149 ) ) ;
#9 = CIRCLE ( 'NONE', #2583, 1.000000000171726411 ) ;
#10 = EDGE_LOOP ( 'NONE', ( #2137, #1537, #999, #2048 ) ) ;
#11 = CARTESIAN_POINT ( 'NONE',  ( -0.4760991074127323697, 1.844981318632527900, 3.925371821064625344 ) ) ;
#12 = VECTOR ( 'NONE', #1656, 1000.000000000000000 ) ;
#13 = DIRECTION ( 'NONE',  ( 0.0000000000000000000, 0.0000000000000000000, -1.000000000000000000 ) ) ;
#14 = ADVANCED_FACE ( 'NONE', ( #1215 ), #831, .T. ) ;
#15 = CARTESIAN_POINT ( 'NONE',  ( -0.4760991074047611904, -1.594981318437472595, 3.925371821231565583 ) ) ;
#16 = EDGE_LOOP ( 'NONE', ( #3217, #2480, #2638, #2316, #1450 ) ) ;
#17 = AXIS2_PLACEMENT_3D ( 'NONE', #2705, #1137, #2457 ) ;
#18 = DIRECTION ( 'NONE',  ( 1.000000000000000000, 0.0000000000000000000, 0.0000000000000000000 ) ) ;
#19 = ORIENTED_EDGE ( 'NONE', *, *, #928, .F. ) ;
#20 = CARTESIAN_POINT ( 'NONE',  ( 2.310013951000000620, -1.900688451544182644, 6.292610574555023817 ) ) ;
#21 = ORIENTED_EDGE ( 'NONE', *, *, #852, .F. ) ;
#22 = CARTESIAN_POINT ( 'NONE',  ( 1.350000000000000089, 3.021496722000000190, 4.295799023000000716 ) ) ;
#23 = CARTESIAN_POINT ( 'NONE',  ( -0.5498873528791650145, 2.184446511845311356, -2.819095457076355338 ) ) ;
#24 = PLANE ( 'NONE',  #2947 ) ;
#25 = EDGE_CURVE ( 'NONE', #532, #2049, #506, .T. ) ;
#26 =( BOUNDED_CURVE ( )  B_SPLINE_CURVE ( 3, ( #1997, #685, #1703, #1222 ),
 .UNSPECIFIED., .F., .F. ) 
 B_SPLINE_CURVE_WITH_KNOTS ( ( 4, 4 ),
 ( 4.712388979873362693, 4.960742944215686734 ),
 .UNSPECIFIED. ) 
 CURVE ( )  GEOMETRIC_REPRESENTATION_ITEM ( )  RATIONAL_B_SPLINE_CURVE ( ( 1.000000000000000000, 0.9948666271396400251, 0.9948666271396400251, 1.000000000000000000 ) ) 
 REPRESENTATION_ITEM ( '' )  );
#27 = ADVANCED_FACE ( 'NONE', ( #753 ), #3118, .F. ) ;
#28 = AXIS2_PLACEMENT_3D ( 'NONE', #3165, #1355, #2683 ) ;
#29 = CARTESIAN_POINT ( 'NONE',  ( 0.5500000000000000444, -1.250000000000000000, 0.2500000000000000000 ) ) ;
#30 = CIRCLE ( 'NONE', #3256, 0.5000000000000000000 ) ;
#31 = DIRECTION ( 'NONE',  ( -1.000000000000000000, -0.0000000000000000000, -0.0000000000000000000 ) ) ;
#32 = DIRECTION ( 'NONE',  ( 0.0000000000000000000, 0.0000000000000000000, -1.000000000000000000 ) ) ;
#33 = CIRCLE ( 'NONE', #3281, 0.5000000000000000000 ) ;
#34 = AXIS2_PLACEMENT_3D ( 'NONE', #680, #178, #1998 ) ;
#35 = LINE ( 'NONE', #918, #2129 ) ;
#36 = ORIENTED_EDGE ( 'NONE', *, *, #404, .T. ) ;
#37 = DIRECTION ( 'NONE',  ( 1.000000000000000000, 0.0000000000000000000, -0.0000000000000000000 ) ) ;
#38 = CARTESIAN_POINT ( 'NONE',  ( 0.0000000000000000000, -1.993761908551788142, -2.572611744154238878 ) ) ;
#39 = ORIENTED_EDGE ( 'NONE', *, *, #1724, .F. ) ;
#40 = EDGE_LOOP ( 'NONE', ( #1685, #2095, #3358, #2689, #2512 ) ) ;
#41 = ORIENTED_EDGE ( 'NONE', *, *, #2273, .F. ) ;
#42 = LINE ( 'NONE', #2736, #458 ) ;
#43 = CARTESIAN_POINT ( 'NONE',  ( 0.0000000000000000000, 0.2047647034784014219, 0.09624236117562305626 ) ) ;
#44 = CARTESIAN_POINT ( 'NONE',  ( 0.0000000000000000000, -1.594981318325654485, 3.925371821316950616 ) ) ;
#45 = EDGE_CURVE ( 'NONE', #707, #335, #2526, .T. ) ;
#46 = ORIENTED_EDGE ( 'NONE', *, *, #2587, .T. ) ;
#47 = ORIENTED_EDGE ( 'NONE', *, *, #1418, .T. ) ;
#48 = ORIENTED_EDGE ( 'NONE', *, *, #1478, .T. ) ;
#49 = ADVANCED_FACE ( 'NONE', ( #1911 ), #1214, .F. ) ;
#50 = VERTEX_POINT ( 'NONE', #1821 ) ;
#51 = CARTESIAN_POINT ( 'NONE',  ( -2.449999999999999734, -1.594981318424124384, 3.925371821203166522 ) ) ;
#52 = CYLINDRICAL_SURFACE ( 'NONE', #1729, 0.9999999996444710604 ) ;
#53 = EDGE_CURVE ( 'NONE', #779, #1370, #2219, .T. ) ;
#54 = ORIENTED_EDGE ( 'NONE', *, *, #998, .F. ) ;
#55 = ORIENTED_EDGE ( 'NONE', *, *, #1265, .F. ) ;
#57 = DIRECTION ( 'NONE',  ( -1.000000000000000000, -0.0000000000000000000, 0.0000000000000000000 ) ) ;
#56 = CARTESIAN_POINT ( 'NONE',  ( -2.449999999999999734, -1.250000000000000000, -0.2500000000000000000 ) ) ;
#58 = CIRCLE ( 'NONE', #389, 1.629347284303649834 ) ;
#59 = VERTEX_POINT ( 'NONE', #1587 ) ;
#60 = ORIENTED_EDGE ( 'NONE', *, *, #981, .F. ) ;
#61 = CARTESIAN_POINT ( 'NONE',  ( -1.449999999999999512, 2.356464817986986038, 6.849999999762939495 ) ) ;
#62 = EDGE_CURVE ( 'NONE', #1848, #1980, #2449, .T. ) ;
#63 = AXIS2_PLACEMENT_3D ( 'NONE', #2824, #3325, #161 ) ;
#64 = ORIENTED_EDGE ( 'NONE', *, *, #2524, .F. ) ;
#65 = DIRECTION ( 'NONE',  ( 1.000000000000000000, 0.0000000000000000000, -0.0000000000000000000 ) ) ;
#66 = ADVANCED_FACE ( 'NONE', ( #2366 ), #3352, .T. ) ;
#68 = PLANE ( 'NONE',  #1908 ) ;
#67 = CARTESIAN_POINT ( 'NONE',  ( -2.449999999999999734, -0.2047647034784014219, 0.09624236117562305626 ) ) ;
#69 = DIRECTION ( 'NONE',  ( 0.0000000000000000000, -0.8891220191838943299, -0.4576702251647519759 ) ) ;
#70 = CARTESIAN_POINT ( 'NONE',  ( -0.5500000000000000444, -1.762220655999999996, -2.472292174999999315 ) ) ;
#71 = EDGE_CURVE ( 'NONE', #3005, #1163, #2684, .T. ) ;
#72 = CARTESIAN_POINT ( 'NONE',  ( 0.5500000000000000444, 2.012220655817793524, -2.438008541000000307 ) ) ;
#73 = LINE ( 'NONE', #430, #3018 ) ;
#74 = CARTESIAN_POINT ( 'NONE',  ( -0.5500000000000000444, 0.0000000000000000000, 0.0000000000000000000 ) ) ;
#75 = AXIS2_PLACEMENT_3D ( 'NONE', #1631, #57, #334 ) ;
#77 = CARTESIAN_POINT ( 'NONE',  ( 1.350000000000000089, 2.500000000000000000, 3.500000000000000000 ) ) ;
#76 = DIRECTION ( 'NONE',  ( 1.000000000000000000, 0.0000000000000000000, 0.0000000000000000000 ) ) ;
#78 = CIRCLE ( 'NONE', #2448, 0.4999999996355866672 ) ;
#79 = CARTESIAN_POINT ( 'NONE',  ( 2.349999999999999645, 1.250000000000000000, 0.0000000000000000000 ) ) ;
#80 = DIRECTION ( 'NONE',  ( -1.000000000000000000, -0.0000000000000000000, -0.0000000000000000000 ) ) ;
#81 = AXIS2_PLACEMENT_3D ( 'NONE', #642, #2692, #3210 ) ;
#82 = VECTOR ( 'NONE', #187, 1000.000000000000000 ) ;
#83 = ADVANCED_FACE ( 'NONE', ( #1465 ), #2, .F. ) ;
#84 = VERTEX_POINT ( 'NONE', #2380 ) ;
#85 = ORIENTED_EDGE ( 'NONE', *, *, #1473, .T. ) ;
#86 = LINE ( 'NONE', #2154, #855 ) ;
#87 = CARTESIAN_POINT ( 'NONE',  ( -1.500000000000000000, 1.499999999999999778, 0.2500000000000000000 ) ) ;
#88 = ORIENTED_EDGE ( 'NONE', *, *, #3263, .F. ) ;
#89 = DIRECTION ( 'NONE',  ( 0.0000000000000000000, 0.0000000000000000000, -1.000000000000000000 ) ) ;
#90 = ORIENTED_EDGE ( 'NONE', *, *, #824, .F. ) ;
#91 = ORIENTED_EDGE ( 'NONE', *, *, #2446, .F. ) ;
#92 = VECTOR ( 'NONE', #355, 1000.000000000000000 ) ;
#94 = DIRECTION ( 'NONE',  ( 1.000000000000000000, -0.0000000000000000000, 0.0000000000000000000 ) ) ;
#93 = PLANE ( 'NONE',  #3055 ) ;
#95 = ORIENTED_EDGE ( 'NONE', *, *, #320, .F. ) ;
#96 = CARTESIAN_POINT ( 'NONE',  ( 0.5500000000000000444, 2.189166519000000033, -2.802209688999999226 ) ) ;
#97 = CIRCLE ( 'NONE', #589, 0.9999999998014240665 ) ;
#98 = DIRECTION ( 'NONE',  ( 0.0000000000000000000, 0.2692064068085931461, -0.9630825045307417342 ) ) ;
#99 = EDGE_CURVE ( 'NONE', #532, #1626, #2416, .T. ) ;
#100 = VERTEX_POINT ( 'NONE', #155 ) ;
#101 = CIRCLE ( 'NONE', #1668, 0.4999999996355866672 ) ;
#102 = ORIENTED_EDGE ( 'NONE', *, *, #1946, .F. ) ;
#103 = DIRECTION ( 'NONE',  ( 0.0000000000000000000, 0.0000000000000000000, -1.000000000000000000 ) ) ;
#105 = CARTESIAN_POINT ( 'NONE',  ( -0.4657613418691263218, 1.991654533460588627, -3.343984179653154420 ) ) ;
#104 = CARTESIAN_POINT ( 'NONE',  ( -0.5500000000000000444, 1.612220655999999863, -0.2500000000000000000 ) ) ;
#106 = VERTEX_POINT ( 'NONE', #671 ) ;
#107 = CARTESIAN_POINT ( 'NONE',  ( 1.350000000000000089, 3.021496722000000190, 4.295799023000000716 ) ) ;
#108 = EDGE_CURVE ( 'NONE', #1326, #1535, #2238, .T. ) ;
#109 = B_SPLINE_CURVE_WITH_KNOTS ( 'NONE', 3,
 ( #206, #1300, #1793, #1562 ),
 .UNSPECIFIED., .F., .F.,
 ( 4, 4 ),
 ( 1.762702913268340037E-13, 0.0001501991999493634930 ),
 .UNSPECIFIED. ) ;
#110 = AXIS2_PLACEMENT_3D ( 'NONE', #2158, #2520, #2727 ) ;
#112 = DIRECTION ( 'NONE',  ( 0.0000000000000000000, 0.0000000000000000000, -1.000000000000000000 ) ) ;
#111 = CARTESIAN_POINT ( 'NONE',  ( -0.5500000000000000444, 2.404038600999999886, -2.962163004999999849 ) ) ;
#114 = CARTESIAN_POINT ( 'NONE',  ( -0.5500000000000001554, -1.761314003332638878, 3.649999999979553600 ) ) ;
#113 = CARTESIAN_POINT ( 'NONE',  ( -0.5500000000000001554, 1.250000000000000000, 0.2500000000000000000 ) ) ;
#115 = CARTESIAN_POINT ( 'NONE',  ( -2.449999999999999734, 1.250000000000000000, 0.2500000000000000000 ) ) ;
#116 = LINE ( 'NONE', #801, #1351 ) ;
#117 = EDGE_CURVE ( 'NONE', #1741, #789, #1663, .T. ) ;
#118 = CARTESIAN_POINT ( 'NONE',  ( 0.4760991073764179737, -1.844981318336181841, 3.925371821280570828 ) ) ;
#119 = VECTOR ( 'NONE', #2201, 1000.000000000000000 ) ;
#120 = VECTOR ( 'NONE', #1290, 1000.000000000000000 ) ;
#121 = AXIS2_PLACEMENT_3D ( 'NONE', #756, #1776, #2342 ) ;
#123 = DIRECTION ( 'NONE',  ( -1.000000000000000000, -0.0000000000000000000, -0.0000000000000000000 ) ) ;
#122 = SURFACE_SIDE_STYLE ('',( #3170 ) ) ;
#124 = VERTEX_POINT ( 'NONE', #2292 ) ;
#125 = CIRCLE ( 'NONE', #238, 0.4000000000000001887 ) ;
#127 = CARTESIAN_POINT ( 'NONE',  ( -0.5500000000000000444, 1.762220655999999996, -2.472292174999999315 ) ) ;
#126 = DIRECTION ( 'NONE',  ( 0.0000000000000000000, 0.0000000000000000000, -1.000000000000000000 ) ) ;
#128 = CARTESIAN_POINT ( 'NONE',  ( 0.5500000000000000444, -1.750000000000000222, -0.0000000000000000000 ) ) ;
#129 = ORIENTED_EDGE ( 'NONE', *, *, #1803, .T. ) ;
#130 = EDGE_LOOP ( 'NONE', ( #1530, #2461, #1284, #2168 ) ) ;
#131 = ORIENTED_EDGE ( 'NONE', *, *, #2778, .F. ) ;
#132 = VECTOR ( 'NONE', #1161, 1000.000000000000000 ) ;
#133 = VERTEX_POINT ( 'NONE', #3296 ) ;
#134 = ORIENTED_EDGE ( 'NONE', *, *, #2058, .T. ) ;
#135 = VERTEX_POINT ( 'NONE', #775 ) ;
#136 = ORIENTED_EDGE ( 'NONE', *, *, #3364, .F. ) ;
#137 = ADVANCED_FACE ( 'NONE', ( #312 ), #714, .T. ) ;
#139 = CARTESIAN_POINT ( 'NONE',  ( 0.0000000000000000000, -1.250000000000000000, -0.2500000000000000000 ) ) ;
#138 = DIRECTION ( 'NONE',  ( 0.0000000000000000000, -0.9630285586755498173, 0.2693993228931602646 ) ) ;
#140 = LINE ( 'NONE', #567, #12 ) ;
#141 = ORIENTED_EDGE ( 'NONE', *, *, #2561, .T. ) ;
#143 = CARTESIAN_POINT ( 'NONE',  ( -0.4760991074127323697, 1.844981318632527900, 3.925371821064625344 ) ) ;
#142 = PLANE ( 'NONE',  #2467 ) ;
#144 = CARTESIAN_POINT ( 'NONE',  ( 0.5500000000000003775, 1.511314003803425843, 3.649999999948746243 ) ) ;
#145 = LINE ( 'NONE', #2723, #226 ) ;
#146 = EDGE_CURVE ( 'NONE', #336, #1993, #2565, .T. ) ;
#147 = ORIENTED_EDGE ( 'NONE', *, *, #2603, .F. ) ;
#148 = ORIENTED_EDGE ( 'NONE', *, *, #2420, .T. ) ;
#149 = AXIS2_PLACEMENT_3D ( 'NONE', #2502, #3014, #2734 ) ;
#150 =( LENGTH_UNIT ( ) NAMED_UNIT ( * ) SI_UNIT ( .MILLI., .METRE. ) );
#152 = CARTESIAN_POINT ( 'NONE',  ( -2.410013951604232041, -1.900688451123868861, 6.292610574318673322 ) ) ;
#151 = DIRECTION ( 'NONE',  ( -0.0000000000000000000, 0.0000000000000000000, -1.000000000000000000 ) ) ;
#153 = CARTESIAN_POINT ( 'NONE',  ( -2.449999999999999734, 1.500000000000000000, 3.500000000000000000 ) ) ;
#154 = ADVANCED_FACE ( 'NONE', ( #2326 ), #1622, .F. ) ;
#155 = CARTESIAN_POINT ( 'NONE',  ( 0.5318970632423518641, -1.922524321334377229, -3.096862666922545415 ) ) ;
#156 = VERTEX_POINT ( 'NONE', #1850 ) ;
#157 = DIRECTION ( 'NONE',  ( 0.0000000000000000000, -1.000000000000000000, -0.0000000000000000000 ) ) ;
#158 = DIRECTION ( 'NONE',  ( 0.0000000000000000000, 7.155734337175500122E-15, -1.000000000000000000 ) ) ;
#159 = EDGE_CURVE ( 'NONE', #947, #2474, #2574, .T. ) ;
#160 = FACE_OUTER_BOUND ( 'NONE', #420, .T. ) ;
#162 = CARTESIAN_POINT ( 'NONE',  ( 1.350000000000001421, -2.356464817811414925, 6.849999999658799688 ) ) ;
#161 = DIRECTION ( 'NONE',  ( -0.7182164982214033211, 0.0000000000000000000, 0.6958197048679959362 ) ) ;
#163 = DIRECTION ( 'NONE',  ( 0.0000000000000000000, 1.000000000000000000, 0.0000000000000000000 ) ) ;
#164 = CIRCLE ( 'NONE', #1501, 0.5000000007868328211 ) ;
#165 = EDGE_CURVE ( 'NONE', #982, #135, #2491, .T. ) ;
#166 = VECTOR ( 'NONE', #902, 1000.000000000000000 ) ;
#167 = VERTEX_POINT ( 'NONE', #61 ) ;
#168 = ORIENTED_EDGE ( 'NONE', *, *, #3120, .T. ) ;
#169 = VECTOR ( 'NONE', #790, 1000.000000000000000 ) ;
#170 = AXIS2_PLACEMENT_3D ( 'NONE', #1988, #2007, #1740 ) ;
#172 = DIRECTION ( 'NONE',  ( 0.0000000000000000000, 0.0000000000000000000, -1.000000000000000000 ) ) ;
#171 = CARTESIAN_POINT ( 'NONE',  ( -0.5500000000000000444, -1.762220655999999996, 0.0000000000000000000 ) ) ;
#173 = ORIENTED_EDGE ( 'NONE', *, *, #2579, .F. ) ;
#174 = ORIENTED_EDGE ( 'NONE', *, *, #1418, .F. ) ;
#175 = ORIENTED_EDGE ( 'NONE', *, *, #889, .T. ) ;
#176 = CARTESIAN_POINT ( 'NONE',  ( -0.5500000000000000444, 2.262220656000000218, -2.472292174999999315 ) ) ;
#177 = LINE ( 'NONE', #1436, #3074 ) ;
#178 = DIRECTION ( 'NONE',  ( 1.000000000000000000, 0.0000000000000000000, 0.0000000000000000000 ) ) ;
#179 = EDGE_CURVE ( 'NONE', #941, #953, #1948, .T. ) ;
#180 = ORIENTED_EDGE ( 'NONE', *, *, #748, .F. ) ;
#181 = AXIS2_PLACEMENT_3D ( 'NONE', #1354, #3158, #1618 ) ;
#182 = ORIENTED_EDGE ( 'NONE', *, *, #1766, .F. ) ;
#183 = CIRCLE ( 'NONE', #1496, 0.9999999995299181377 ) ;
#184 = VERTEX_POINT ( 'NONE', #1443 ) ;
#185 = CIRCLE ( 'NONE', #1015, 0.5000000000000000000 ) ;
#186 = CARTESIAN_POINT ( 'NONE',  ( 1.350000000000000089, -1.578133346973058959, 3.887507256373073261 ) ) ;
#188 = DIRECTION ( 'NONE',  ( 1.000000000000000000, 0.0000000000000000000, -0.0000000000000000000 ) ) ;
#187 = DIRECTION ( 'NONE',  ( 1.000000000000000000, 0.0000000000000000000, 0.0000000000000000000 ) ) ;
#189 = ORIENTED_EDGE ( 'NONE', *, *, #2482, .T. ) ;
#191 = CARTESIAN_POINT ( 'NONE',  ( -0.5500000000000001554, 1.761314003803425843, 3.649999999948746243 ) ) ;
#190 = CARTESIAN_POINT ( 'NONE',  ( -0.5500000000000000444, 0.0000000000000000000, -0.0000000000000000000 ) ) ;
#192 = CARTESIAN_POINT ( 'NONE',  ( 0.0000000000000000000, -1.500000000000000000, 0.0000000000000000000 ) ) ;
#193 = EDGE_CURVE ( 'NONE', #1088, #858, #1989, .T. ) ;
#194 = ORIENTED_EDGE ( 'NONE', *, *, #630, .F. ) ;
#195 = ORIENTED_EDGE ( 'NONE', *, *, #970, .F. ) ;
#196 = CARTESIAN_POINT ( 'NONE',  ( 0.2011490963286469147, -1.974060519567299776, 4.200000000000000178 ) ) ;
#197 = AXIS2_PLACEMENT_3D ( 'NONE', #111, #1950, #2001 ) ;
#198 = CARTESIAN_POINT ( 'NONE',  ( 0.5496621629143151333, -2.182088506109911563, -2.827531191063235028 ) ) ;
#199 = CARTESIAN_POINT ( 'NONE',  ( -2.449999999999999734, 1.594981318636840895, 3.925371821103186942 ) ) ;
#200 = DIRECTION ( 'NONE',  ( 0.0000000000000000000, 0.0000000000000000000, -1.000000000000000000 ) ) ;
#201 = DIRECTION ( 'NONE',  ( 1.000000000000000000, 0.0000000000000000000, 0.0000000000000000000 ) ) ;
#202 = VECTOR ( 'NONE', #2472, 1000.000000000000000 ) ;
#203 = B_SPLINE_CURVE_WITH_KNOTS ( 'NONE', 3,
 ( #1877, #1390, #1096, #2924 ),
 .UNSPECIFIED., .F., .F.,
 ( 4, 4 ),
 ( 1.591854459655993228E-14, 0.0002987271457587995492 ),
 .UNSPECIFIED. ) ;
#204 = DIRECTION ( 'NONE',  ( 0.0000000000000000000, -0.2692064068085931461, -0.9630825045307417342 ) ) ;
#205 = FACE_OUTER_BOUND ( 'NONE', #743, .T. ) ;
#206 = CARTESIAN_POINT ( 'NONE',  ( -0.5500000000000001554, 1.904214888269325057, -2.948886831199055258 ) ) ;
#207 = EDGE_CURVE ( 'NONE', #1748, #2984, #1704, .T. ) ;
#208 = LINE ( 'NONE', #1013, #120 ) ;
#210 = CARTESIAN_POINT ( 'NONE',  ( -2.232919150869969283, -2.178301186900640563, 6.237179415359759282 ) ) ;
#209 = CARTESIAN_POINT ( 'NONE',  ( -2.449999999999999734, 2.674829179999999695, 5.659597042999999772 ) ) ;
#211 = DIRECTION ( 'NONE',  ( 0.0000000000000000000, 0.0000000000000000000, -1.000000000000000000 ) ) ;
#212 = ORIENTED_EDGE ( 'NONE', *, *, #2945, .F. ) ;
#213 = EDGE_CURVE ( 'NONE', #1045, #1666, #58, .T. ) ;
#214 = ORIENTED_EDGE ( 'NONE', *, *, #2936, .F. ) ;
#215 = VERTEX_POINT ( 'NONE', #1297 ) ;
#216 = ORIENTED_EDGE ( 'NONE', *, *, #3117, .T. ) ;
#217 = LINE ( 'NONE', #1598, #2268 ) ;
#218 = DIRECTION ( 'NONE',  ( 1.000000000000000000, 0.0000000000000000000, 0.0000000000000000000 ) ) ;
#219 = ORIENTED_EDGE ( 'NONE', *, *, #2835, .F. ) ;
#220 = ORIENTED_EDGE ( 'NONE', *, *, #1131, .F. ) ;
#221 = ORIENTED_EDGE ( 'NONE', *, *, #972, .F. ) ;
#222 = VERTEX_POINT ( 'NONE', #1830 ) ;
#223 = CARTESIAN_POINT ( 'NONE',  ( 0.0000000000000000000, -2.516265668669902755, -0.7033611721235705216 ) ) ;
#224 = CARTESIAN_POINT ( 'NONE',  ( -0.5500000000000001554, 1.922497348158370700, -2.827559801433430664 ) ) ;
#225 = EDGE_CURVE ( 'NONE', #1280, #1160, #3269, .T. ) ;
#226 = VECTOR ( 'NONE', #2970, 1000.000000000000000 ) ;
#227 = ORIENTED_EDGE ( 'NONE', *, *, #1883, .F. ) ;
#228 = LINE ( 'NONE', #87, #505 ) ;
#229 =( NAMED_UNIT ( * ) PLANE_ANGLE_UNIT ( ) SI_UNIT ( $, .RADIAN. ) );
#230 = UNCERTAINTY_MEASURE_WITH_UNIT (LENGTH_MEASURE( 1.000000000000000082E-05 ), #150, 'distance_accuracy_value', 'NONE');
#231 = CARTESIAN_POINT ( 'NONE',  ( -0.5500000000000000444, 1.904214888999999911, -2.948886830999999820 ) ) ;
#232 = ORIENTED_EDGE ( 'NONE', *, *, #3335, .F. ) ;
#233 = EDGE_CURVE ( 'NONE', #2860, #2642, #286, .T. ) ;
#234 = EDGE_LOOP ( 'NONE', ( #2898, #2605 ) ) ;
#235 = CARTESIAN_POINT ( 'NONE',  ( 0.0000000000000000000, -0.9795475040440976278, 0.2740203620691076258 ) ) ;
#236 = EDGE_CURVE ( 'NONE', #1293, #1064, #2407, .T. ) ;
#237 = EDGE_CURVE ( 'NONE', #2555, #341, #2766, .T. ) ;
#238 = AXIS2_PLACEMENT_3D ( 'NONE', #932, #1994, #2771 ) ;
#239 = DIRECTION ( 'NONE',  ( 1.000000000000000000, 0.0000000000000000000, 0.0000000000000000000 ) ) ;
#240 = EDGE_CURVE ( 'NONE', #2097, #2862, #268, .T. ) ;
#241 = CARTESIAN_POINT ( 'NONE',  ( -0.5500000000000000444, 2.262220656000000218, 0.0000000000000000000 ) ) ;
#242 = CARTESIAN_POINT ( 'NONE',  ( 0.5496621620670468777, 2.182088506539045181, -2.827531191139957656 ) ) ;
#243 = LINE ( 'NONE', #1298, #326 ) ;
#244 = CARTESIAN_POINT ( 'NONE',  ( 1.349999999924678118, -2.549999999991390265, 6.691746616777760615 ) ) ;
#245 = VECTOR ( 'NONE', #1090, 1000.000000000000000 ) ;
#246 = CARTESIAN_POINT ( 'NONE',  ( -0.4760991073767291137, -1.844981318449070873, 3.925371821226852465 ) ) ;
#248 = DIRECTION ( 'NONE',  ( 0.0000000000000000000, 0.0000000000000000000, -1.000000000000000000 ) ) ;
#247 = VECTOR ( 'NONE', #1052, 1000.000000000000000 ) ;
#249 = CARTESIAN_POINT ( 'NONE',  ( 0.5472179424049385954, 2.156491367125885628, -2.919102715371147294 ) ) ;
#250 = EDGE_CURVE ( 'NONE', #2675, #2798, #228, .T. ) ;
#251 = VERTEX_POINT ( 'NONE', #361 ) ;
#252 = ORIENTED_EDGE ( 'NONE', *, *, #2777, .F. ) ;
#253 = DIRECTION ( 'NONE',  ( -1.000000000000000000, -0.0000000000000000000, -0.0000000000000000000 ) ) ;
#254 = CIRCLE ( 'NONE', #2245, 0.3999999999999999667 ) ;
#255 = DIRECTION ( 'NONE',  ( 0.0000000000000000000, -1.000000000000000000, 0.0000000000000000000 ) ) ;
#256 = ORIENTED_EDGE ( 'NONE', *, *, #3199, .T. ) ;
#257 = EDGE_LOOP ( 'NONE', ( #41, #60, #1302, #449 ) ) ;
#258 = ORIENTED_EDGE ( 'NONE', *, *, #283, .F. ) ;
#259 = LINE ( 'NONE', #2994, #132 ) ;
#260 = AXIS2_PLACEMENT_3D ( 'NONE', #3122, #1093, #2918 ) ;
#261 = VERTEX_POINT ( 'NONE', #72 ) ;
#262 = VERTEX_POINT ( 'NONE', #2434 ) ;
#263 = ADVANCED_FACE ( 'NONE', ( #390 ), #1823, .T. ) ;
#264 = VECTOR ( 'NONE', #969, 1000.000000000000227 ) ;
#265 = EDGE_LOOP ( 'NONE', ( #1901, #660, #768, #90, #148, #2089, #1490 ) ) ;
#266 = CARTESIAN_POINT ( 'NONE',  ( 0.5500000000000000444, 1.500000000000000000, 3.500000000000000000 ) ) ;
#267 = DIRECTION ( 'NONE',  ( -1.000000000000000000, 0.0000000000000000000, -0.0000000000000000000 ) ) ;
#268 = LINE ( 'NONE', #1176, #3313 ) ;
#269 = DIRECTION ( 'NONE',  ( -0.0000000000000000000, -0.7741407290922617257, -0.6330135318936724875 ) ) ;
#270 = ORIENTED_EDGE ( 'NONE', *, *, #487, .T. ) ;
#271 = DIRECTION ( 'NONE',  ( 0.0000000000000000000, 0.0000000000000000000, -1.000000000000000000 ) ) ;
#272 = ORIENTED_EDGE ( 'NONE', *, *, #2386, .T. ) ;
#273 = EDGE_CURVE ( 'NONE', #696, #1433, #1000, .T. ) ;
#274 = CARTESIAN_POINT ( 'NONE',  ( -0.5318970626724605077, -1.922524321315838725, -3.096862666856275759 ) ) ;
#275 = ADVANCED_FACE ( 'NONE', ( #1168 ), #3190, .F. ) ;
#276 = EDGE_CURVE ( 'NONE', #2362, #1696, #1126, .T. ) ;
#277 = CARTESIAN_POINT ( 'NONE',  ( 0.5500000000000000444, 1.762220655999999996, -5.421010862427522170E-17 ) ) ;
#278 = CARTESIAN_POINT ( 'NONE',  ( 0.5446391459647768052, -1.909205302762434053, -3.049250836502972017 ) ) ;
#279 = CARTESIAN_POINT ( 'NONE',  ( -1.450000000000000400, -2.356464817811415369, 6.849999999658799688 ) ) ;
#280 = AXIS2_PLACEMENT_3D ( 'NONE', #3144, #3102, #2348 ) ;
#281 = DIRECTION ( 'NONE',  ( -1.000000000000000000, -0.0000000000000000000, -0.0000000000000000000 ) ) ;
#282 = VECTOR ( 'NONE', #2940, 1000.000000000000000 ) ;
#283 = EDGE_CURVE ( 'NONE', #1742, #471, #2842, .T. ) ;
#284 = AXIS2_PLACEMENT_3D ( 'NONE', #209, #2531, #720 ) ;
#285 = LINE ( 'NONE', #2656, #245 ) ;
#286 =( BOUNDED_CURVE ( )  B_SPLINE_CURVE ( 3, ( #1309, #196, #2581, #118 ),
 .UNSPECIFIED., .F., .T. ) 
 B_SPLINE_CURVE_WITH_KNOTS ( ( 4, 4 ),
 ( 3.141592653589793116, 4.188009406475867280 ),
 .UNSPECIFIED. ) 
 CURVE ( )  GEOMETRIC_REPRESENTATION_ITEM ( )  RATIONAL_B_SPLINE_CURVE ( ( 1.000000000000000000, 0.9108136915739974970, 0.9108136915739974970, 1.000000000000000000 ) ) 
 REPRESENTATION_ITEM ( '' )  );
#287 = DIRECTION ( 'NONE',  ( 0.0000000000000000000, 0.0000000000000000000, -1.000000000000000000 ) ) ;
#288 = CARTESIAN_POINT ( 'NONE',  ( -0.5229608173257984660, -1.556900421172597415, 3.844351119218225588 ) ) ;
#289 = FACE_OUTER_BOUND ( 'NONE', #2455, .T. ) ;
#290 = CARTESIAN_POINT ( 'NONE',  ( -2.449999999999999734, 2.097183807901051633, 4.461956412114011172 ) ) ;
#291 = ORIENTED_EDGE ( 'NONE', *, *, #762, .T. ) ;
#292 = VECTOR ( 'NONE', #2312, 1000.000000000000000 ) ;
#293 = FACE_OUTER_BOUND ( 'NONE', #1445, .T. ) ;
#294 = ADVANCED_FACE ( 'NONE', ( #1745 ), #1628, .T. ) ;
#295 = CARTESIAN_POINT ( 'NONE',  ( -2.449999999999999734, 0.9026485477000000257, 4.803252983000001031 ) ) ;
#296 = CARTESIAN_POINT ( 'NONE',  ( -2.449999999999999734, -2.500000000000000000, 3.500000000000000000 ) ) ;
#297 = ORIENTED_EDGE ( 'NONE', *, *, #1398, .T. ) ;
#298 = ORIENTED_EDGE ( 'NONE', *, *, #2777, .T. ) ;
#299 = ORIENTED_EDGE ( 'NONE', *, *, #2790, .F. ) ;
#300 = LINE ( 'NONE', #2926, #535 ) ;
#301 = EDGE_CURVE ( 'NONE', #707, #1770, #426, .T. ) ;
#302 = ORIENTED_EDGE ( 'NONE', *, *, #2117, .F. ) ;
#303 = ORIENTED_EDGE ( 'NONE', *, *, #1048, .T. ) ;
#304 = VERTEX_POINT ( 'NONE', #1384 ) ;
#305 = CARTESIAN_POINT ( 'NONE',  ( 1.350000000000000089, -2.904615282999999604, 4.325729058999999488 ) ) ;
#306 = VERTEX_POINT ( 'NONE', #266 ) ;
#307 = CARTESIAN_POINT ( 'NONE',  ( -0.5500000000000001554, 1.250000000000000000, -2.775557562500000174E-17 ) ) ;
#308 = CIRCLE ( 'NONE', #3012, 0.9999999995299181377 ) ;
#309 = CARTESIAN_POINT ( 'NONE',  ( -2.680655409519681031E-16, 2.035298676856899913, -3.500000000547577983 ) ) ;
#310 = ORIENTED_EDGE ( 'NONE', *, *, #3135, .F. ) ;
#311 = DIRECTION ( 'NONE',  ( -1.000000000000000000, -0.0000000000000000000, 0.0000000000000000000 ) ) ;
#312 = FACE_OUTER_BOUND ( 'NONE', #468, .T. ) ;
#313 = ORIENTED_EDGE ( 'NONE', *, *, #3092, .T. ) ;
#314 = CARTESIAN_POINT ( 'NONE',  ( 0.4760991075000000072, 2.750000000000000000, 3.500000000000000000 ) ) ;
#315 = ORIENTED_EDGE ( 'NONE', *, *, #2698, .F. ) ;
#316 = ADVANCED_FACE ( 'NONE', ( #957 ), #2087, .T. ) ;
#317 = CARTESIAN_POINT ( 'NONE',  ( 0.4760991074614651652, 1.844981318664914216, 3.925371821133529782 ) ) ;
#318 = DIRECTION ( 'NONE',  ( 1.000000000000000000, 0.0000000000000000000, 0.0000000000000000000 ) ) ;
#319 = CARTESIAN_POINT ( 'NONE',  ( 0.0000000000000000000, 2.189166519627087304, -2.802209690218251392 ) ) ;
#320 = EDGE_CURVE ( 'NONE', #2807, #1543, #470, .T. ) ;
#321 = DIRECTION ( 'NONE',  ( 0.0000000000000000000, -0.2692064079439458468, -0.9630825042133813740 ) ) ;
#322 = DIRECTION ( 'NONE',  ( -1.000000000000000000, -0.0000000000000000000, -0.0000000000000000000 ) ) ;
#324 = DIRECTION ( 'NONE',  ( -1.000000000000000000, -0.0000000000000000000, 0.0000000000000000000 ) ) ;
#323 = DIRECTION ( 'NONE',  ( 0.0000000000000000000, 0.0000000000000000000, -1.000000000000000000 ) ) ;
#325 = CARTESIAN_POINT ( 'NONE',  ( -0.5499999996180476858, -1.902860606545369260, -2.999873056499958501 ) ) ;
#326 = VECTOR ( 'NONE', #281, 1000.000000000000000 ) ;
#327 = ADVANCED_FACE ( 'NONE', ( #3151 ), #1783, .T. ) ;
#328 = VECTOR ( 'NONE', #3019, 1000.000000000000000 ) ;
#329 =( BOUNDED_CURVE ( )  B_SPLINE_CURVE ( 3, ( #1057, #1087, #583, #274 ),
 .UNSPECIFIED., .F., .F. ) 
 B_SPLINE_CURVE_WITH_KNOTS ( ( 4, 4 ),
 ( 4.969669341967684950, 7.596701272256684234 ),
 .UNSPECIFIED. ) 
 CURVE ( )  GEOMETRIC_REPRESENTATION_ITEM ( )  RATIONAL_B_SPLINE_CURVE ( ( 1.000000000000000000, 0.5029675820986324597, 0.5029675820986324597, 1.000000000000000000 ) ) 
 REPRESENTATION_ITEM ( '' )  );
#330 = DIRECTION ( 'NONE',  ( 1.000000000000000000, 0.0000000000000000000, 0.0000000000000000000 ) ) ;
#331 = PLANE ( 'NONE',  #1957 ) ;
#332 = VECTOR ( 'NONE', #1755, 1000.000000000000000 ) ;
#334 = DIRECTION ( 'NONE',  ( 0.0000000000000000000, 3.469446953584538356E-15, -1.000000000000000000 ) ) ;
#333 = CARTESIAN_POINT ( 'NONE',  ( -2.449999999999999734, -1.750000000000000222, 0.2500000000000000000 ) ) ;
#335 = VERTEX_POINT ( 'NONE', #605 ) ;
#336 = VERTEX_POINT ( 'NONE', #1403 ) ;
#337 = VECTOR ( 'NONE', #2108, 1000.000000000000227 ) ;
#338 = CARTESIAN_POINT ( 'NONE',  ( -0.5318970626724605077, -1.922524321315838725, -3.096862666856275759 ) ) ;
#339 = DIRECTION ( 'NONE',  ( 0.0000000000000000000, 2.602085213965210642E-15, -1.000000000000000000 ) ) ;
#340 = EDGE_CURVE ( 'NONE', #628, #2521, #2644, .T. ) ;
#341 = VERTEX_POINT ( 'NONE', #51 ) ;
#342 = ORIENTED_EDGE ( 'NONE', *, *, #2765, .T. ) ;
#343 = EDGE_LOOP ( 'NONE', ( #2908, #2431, #2442, #1022 ) ) ;
#344 = CYLINDRICAL_SURFACE ( 'NONE', #773, 0.5500000000000000444 ) ;
#345 = ORIENTED_EDGE ( 'NONE', *, *, #3370, .F. ) ;
#346 = ORIENTED_EDGE ( 'NONE', *, *, #873, .F. ) ;
#347 = DIRECTION ( 'NONE',  ( 1.000000000000000000, 0.0000000000000000000, 0.0000000000000000000 ) ) ;
#348 = FACE_OUTER_BOUND ( 'NONE', #834, .T. ) ;
#349 = EDGE_CURVE ( 'NONE', #1073, #1993, #1382, .T. ) ;
#350 = ORIENTED_EDGE ( 'NONE', *, *, #1986, .T. ) ;
#351 = ADVANCED_FACE ( 'NONE', ( #2916 ), #3201, .F. ) ;
#352 = DIRECTION ( 'NONE',  ( 0.0000000000000000000, 0.4253718210893809859, 0.9050186814774066058 ) ) ;
#353 = VECTOR ( 'NONE', #908, 1000.000000000000000 ) ;
#354 = AXIS2_PLACEMENT_3D ( 'NONE', #1175, #2995, #1439 ) ;
#355 = DIRECTION ( 'NONE',  ( -0.0000000000000000000, 1.000000000000000000, 0.0000000000000000000 ) ) ;
#356 = CARTESIAN_POINT ( 'NONE',  ( -2.449999999999999734, 3.004980851000000452, 5.668418110999999371 ) ) ;
#357 = ORIENTED_EDGE ( 'NONE', *, *, #623, .F. ) ;
#358 = EDGE_CURVE ( 'NONE', #84, #2688, #750, .T. ) ;
#359 = ORIENTED_EDGE ( 'NONE', *, *, #1131, .T. ) ;
#360 = ORIENTED_EDGE ( 'NONE', *, *, #2244, .F. ) ;
#361 = CARTESIAN_POINT ( 'NONE',  ( -0.5499999997246353134, -2.189166519522332877, -2.802209689501652168 ) ) ;
#362 = CARTESIAN_POINT ( 'NONE',  ( 0.0000000000000000000, 2.516265668669902755, -0.7033611721235705216 ) ) ;
#364 = CARTESIAN_POINT ( 'NONE',  ( 1.350000000000000533, 2.356464818162555819, 6.849999999867080192 ) ) ;
#363 = DIRECTION ( 'NONE',  ( 1.000000000000000000, 0.0000000000000000000, 0.0000000000000000000 ) ) ;
#365 = EDGE_CURVE ( 'NONE', #2050, #593, #145, .T. ) ;
#366 = CIRCLE ( 'NONE', #719, 0.2500000000000000000 ) ;
#367 = CARTESIAN_POINT ( 'NONE',  ( 0.5500000000000000444, 1.250000000000000000, 0.0000000000000000000 ) ) ;
#368 = CARTESIAN_POINT ( 'NONE',  ( 0.0000000000000000000, 2.262220656000000218, -2.472292174999999315 ) ) ;
#369 = CIRCLE ( 'NONE', #1673, 1.499999999688166552 ) ;
#370 = DIRECTION ( 'NONE',  ( -1.000000000000000000, -0.0000000000000000000, 0.0000000000000000000 ) ) ;
#371 = VECTOR ( 'NONE', #2032, 1000.000000000000114 ) ;
#372 = B_SPLINE_CURVE_WITH_KNOTS ( 'NONE', 3,
 ( #2155, #3181, #288, #556 ),
 .UNSPECIFIED., .F., .F.,
 ( 4, 4 ),
 ( 1.344542269891375843E-14, 0.0002987271457371483028 ),
 .UNSPECIFIED. ) ;
#373 = ORIENTED_EDGE ( 'NONE', *, *, #2185, .T. ) ;
#374 = CIRCLE ( 'NONE', #1182, 0.9999999998014240665 ) ;
#375 = LINE ( 'NONE', #1939, #2938 ) ;
#376 = DIRECTION ( 'NONE',  ( 0.0000000000000000000, 0.7741407287985615504, -0.6330135322528515074 ) ) ;
#377 = ORIENTED_EDGE ( 'NONE', *, *, #1715, .T. ) ;
#378 = DIRECTION ( 'NONE',  ( 0.0000000000000000000, 0.0000000000000000000, -1.000000000000000000 ) ) ;
#379 = ORIENTED_EDGE ( 'NONE', *, *, #1180, .T. ) ;
#380 = ORIENTED_EDGE ( 'NONE', *, *, #564, .F. ) ;
#381 = VECTOR ( 'NONE', #2231, 1000.000000000000000 ) ;
#382 = DIRECTION ( 'NONE',  ( 0.0000000000000000000, 0.0000000000000000000, -1.000000000000000000 ) ) ;
#383 = ORIENTED_EDGE ( 'NONE', *, *, #1921, .T. ) ;
#384 = DIRECTION ( 'NONE',  ( 1.000000000000000000, 0.0000000000000000000, -0.0000000000000000000 ) ) ;
#385 = EDGE_CURVE ( 'NONE', #3338, #2792, #1463, .T. ) ;
#386 = EDGE_LOOP ( 'NONE', ( #934, #1775, #1707, #880, #434, #1287, #1576, #1021 ) ) ;
#387 = LINE ( 'NONE', #2027, #2404 ) ;
#388 = ORIENTED_EDGE ( 'NONE', *, *, #273, .T. ) ;
#389 = AXIS2_PLACEMENT_3D ( 'NONE', #2077, #1800, #2067 ) ;
#390 = FACE_OUTER_BOUND ( 'NONE', #3223, .T. ) ;
#391 = CARTESIAN_POINT ( 'NONE',  ( 1.350000000000000089, -0.9026485477000000257, 4.803252983000001031 ) ) ;
#392 = ORIENTED_EDGE ( 'NONE', *, *, #2800, .T. ) ;
#393 = ORIENTED_EDGE ( 'NONE', *, *, #3022, .T. ) ;
#394 = DIRECTION ( 'NONE',  ( -1.000000000000000000, -0.0000000000000000000, 0.0000000000000000000 ) ) ;
#395 = DIRECTION ( 'NONE',  ( 0.0000000000000000000, -1.734723476792269178E-15, -1.000000000000000000 ) ) ;
#396 = ADVANCED_FACE ( 'NONE', ( #997 ), #826, .T. ) ;
#397 = DIRECTION ( 'NONE',  ( 0.0000000000000000000, 0.0000000000000000000, 1.000000000000000000 ) ) ;
#398 = PLANE ( 'NONE',  #2143 ) ;
#399 = EDGE_CURVE ( 'NONE', #861, #700, #591, .T. ) ;
#401 = CARTESIAN_POINT ( 'NONE',  ( -1.450000000000000400, -2.356464818162555819, 6.849999999867080192 ) ) ;
#400 = DIRECTION ( 'NONE',  ( 0.0000000000000000000, -1.084202172995168217E-14, -1.000000000000000000 ) ) ;
#402 = CARTESIAN_POINT ( 'NONE',  ( 0.5500000000186512361, 1.526496285766228755, 3.750070063797461550 ) ) ;
#403 = LINE ( 'NONE', #2103, #247 ) ;
#404 = EDGE_CURVE ( 'NONE', #304, #1173, #1617, .T. ) ;
#405 = VECTOR ( 'NONE', #2511, 1000.000000000000000 ) ;
#406 = CARTESIAN_POINT ( 'NONE',  ( -0.5500000000000000444, 1.500000000000000000, 0.0000000000000000000 ) ) ;
#407 = LINE ( 'NONE', #128, #731 ) ;
#408 = ADVANCED_FACE ( 'NONE', ( #1250 ), #52, .T. ) ;
#410 = CARTESIAN_POINT ( 'NONE',  ( -0.5500000000000000444, 0.0000000000000000000, -1.110223025000000070E-16 ) ) ;
#409 = CARTESIAN_POINT ( 'NONE',  ( -2.449999999999999734, 1.711503911696735436, 5.391260635787409328 ) ) ;
#411 = ORIENTED_EDGE ( 'NONE', *, *, #1510, .F. ) ;
#412 = LINE ( 'NONE', #2538, #1688 ) ;
#414 = CARTESIAN_POINT ( 'NONE',  ( 0.5500000000000000444, -1.762220655999999996, -2.472292174999999315 ) ) ;
#413 = CARTESIAN_POINT ( 'NONE',  ( 0.5500000000000000444, 1.612220655999999863, -0.6500000000000001332 ) ) ;
#415 = EDGE_CURVE ( 'NONE', #2688, #2242, #1291, .T. ) ;
#416 = ORIENTED_EDGE ( 'NONE', *, *, #301, .F. ) ;
#417 = ORIENTED_EDGE ( 'NONE', *, *, #3364, .T. ) ;
#418 = ORIENTED_EDGE ( 'NONE', *, *, #1999, .T. ) ;
#419 = ORIENTED_EDGE ( 'NONE', *, *, #771, .F. ) ;
#420 = EDGE_LOOP ( 'NONE', ( #666, #1612, #2358, #2713 ) ) ;
#421 = ORIENTED_EDGE ( 'NONE', *, *, #798, .F. ) ;
#422 = CARTESIAN_POINT ( 'NONE',  ( -2.449999999999999734, -1.882052867000000296, 6.269109732000000434 ) ) ;
#423 = VECTOR ( 'NONE', #2313, 1000.000000000000000 ) ;
#424 = EDGE_LOOP ( 'NONE', ( #3123, #1863, #1070, #1391, #1616, #3136 ) ) ;
#425 = CARTESIAN_POINT ( 'NONE',  ( -2.449999999999999734, -1.250000000000000000, 0.2500000000000000000 ) ) ;
#426 = LINE ( 'NONE', #2932, #548 ) ;
#427 = EDGE_CURVE ( 'NONE', #2488, #1980, #2913, .T. ) ;
#428 = ORIENTED_EDGE ( 'NONE', *, *, #668, .F. ) ;
#429 = EDGE_CURVE ( 'NONE', #1748, #954, #140, .T. ) ;
#430 = CARTESIAN_POINT ( 'NONE',  ( -0.5500000000000000444, -0.0000000000000000000, 3.649999999999999911 ) ) ;
#431 = ORIENTED_EDGE ( 'NONE', *, *, #1489, .F. ) ;
#432 =( BOUNDED_CURVE ( )  B_SPLINE_CURVE ( 3, ( #3360, #2079, #2355, #2335 ),
 .UNSPECIFIED., .F., .F. ) 
 B_SPLINE_CURVE_WITH_KNOTS ( ( 4, 4 ),
 ( 1.570796326721096259, 1.819150290612175924 ),
 .UNSPECIFIED. ) 
 CURVE ( )  GEOMETRIC_REPRESENTATION_ITEM ( )  RATIONAL_B_SPLINE_CURVE ( ( 1.000000000000000000, 0.9948666271582702336, 0.9948666271582702336, 1.000000000000000000 ) ) 
 REPRESENTATION_ITEM ( '' )  );
#433 = DIRECTION ( 'NONE',  ( 0.0000000000000000000, 0.0000000000000000000, -1.000000000000000000 ) ) ;
#434 = ORIENTED_EDGE ( 'NONE', *, *, #1636, .F. ) ;
#435 = AXIS2_PLACEMENT_3D ( 'NONE', #1871, #2408, #1349 ) ;
#437 = CARTESIAN_POINT ( 'NONE',  ( 0.5500000000000000444, 1.250000000000000000, 0.2500000000000000000 ) ) ;
#436 = CARTESIAN_POINT ( 'NONE',  ( -2.449999999999999734, 0.9026485477000000257, 4.803252983000001031 ) ) ;
#438 = DIRECTION ( 'NONE',  ( 1.000000000000000000, 0.0000000000000000000, -0.0000000000000000000 ) ) ;
#439 = DIRECTION ( 'NONE',  ( 1.000000000000000000, 0.0000000000000000000, 0.0000000000000000000 ) ) ;
#441 = DIRECTION ( 'NONE',  ( -1.000000000000000000, -0.0000000000000000000, 0.0000000000000000000 ) ) ;
#440 = CARTESIAN_POINT ( 'NONE',  ( -0.5500000000000000444, 1.762220655999999996, -0.5000000000000000000 ) ) ;
#442 = EDGE_CURVE ( 'NONE', #2986, #215, #2722, .T. ) ;
#443 = VECTOR ( 'NONE', #786, 1000.000000000000000 ) ;
#444 = DIRECTION ( 'NONE',  ( 0.0000000000000000000, -0.2692064073373589550, 0.9630825043829380760 ) ) ;
#445 = CIRCLE ( 'NONE', #916, 0.5000000000000000000 ) ;
#446 = AXIS2_PLACEMENT_3D ( 'NONE', #2469, #2981, #2208 ) ;
#447 = CARTESIAN_POINT ( 'NONE',  ( -1.180852820710290984E-16, 2.262220656291291210, -3.383193273384320854 ) ) ;
#448 = FACE_OUTER_BOUND ( 'NONE', #961, .T. ) ;
#449 = ORIENTED_EDGE ( 'NONE', *, *, #3207, .T. ) ;
#450 = CARTESIAN_POINT ( 'NONE',  ( -0.5500000000000000444, 2.404038600999999886, -2.962163004999999849 ) ) ;
#451 = LINE ( 'NONE', #190, #1768 ) ;
#452 = AXIS2_PLACEMENT_3D ( 'NONE', #1007, #2345, #1765 ) ;
#453 = CARTESIAN_POINT ( 'NONE',  ( -0.5500000000000000444, 2.663629028999999981, -2.962137005000000212 ) ) ;
#454 = ORIENTED_EDGE ( 'NONE', *, *, #2346, .F. ) ;
#455 = ORIENTED_EDGE ( 'NONE', *, *, #365, .F. ) ;
#457 = CARTESIAN_POINT ( 'NONE',  ( -2.449999999999999734, -1.750000000000000222, 3.500000000000000000 ) ) ;
#456 = CARTESIAN_POINT ( 'NONE',  ( 0.0000000000000000000, -2.243761908350959899, -2.606895378098101901 ) ) ;
#458 = VECTOR ( 'NONE', #2489, 1000.000000000000000 ) ;
#459 = DIRECTION ( 'NONE',  ( 0.0000000000000000000, -0.0000000000000000000, 1.000000000000000000 ) ) ;
#460 = CIRCLE ( 'NONE', #521, 0.5000000000000000000 ) ;
#461 = EDGE_CURVE ( 'NONE', #2341, #3045, #1378, .T. ) ;
#462 = AXIS2_PLACEMENT_3D ( 'NONE', #472, #1548, #1556 ) ;
#463 = VERTEX_POINT ( 'NONE', #814 ) ;
#464 = ORIENTED_EDGE ( 'NONE', *, *, #427, .T. ) ;
#465 =( LENGTH_UNIT ( ) NAMED_UNIT ( * ) SI_UNIT ( .MILLI., .METRE. ) );
#466 = B_SPLINE_CURVE_WITH_KNOTS ( 'NONE', 3,
 ( #1838, #2614, #2384, #11 ),
 .UNSPECIFIED., .F., .F.,
 ( 4, 4 ),
 ( 4.219685984696612452E-14, 0.0002987271455518660120 ),
 .UNSPECIFIED. ) ;
#467 = CARTESIAN_POINT ( 'NONE',  ( 0.5472179351022325999, -2.156491281441227148, -2.919103021205294191 ) ) ;
#468 = EDGE_LOOP ( 'NONE', ( #2993, #2507, #822, #1278, #1121, #1991 ) ) ;
#469 = DIRECTION ( 'NONE',  ( 1.000000000000000000, 0.0000000000000000000, 0.0000000000000000000 ) ) ;
#470 = LINE ( 'NONE', #2620, #1036 ) ;
#471 = VERTEX_POINT ( 'NONE', #1892 ) ;
#472 = CARTESIAN_POINT ( 'NONE',  ( -2.449999999999999734, -2.500000000000000000, 3.500000000000000000 ) ) ;
#473 = CARTESIAN_POINT ( 'NONE',  ( -0.5499999999999999334, 1.807667228999999987, 4.377881161999999549 ) ) ;
#474 = EDGE_CURVE ( 'NONE', #1045, #2017, #308, .T. ) ;
#475 = ORIENTED_EDGE ( 'NONE', *, *, #237, .F. ) ;
#476 = DIRECTION ( 'NONE',  ( -1.000000000000000000, -0.0000000000000000000, 0.0000000000000000000 ) ) ;
#477 = AXIS2_PLACEMENT_3D ( 'NONE', #1502, #2297, #200 ) ;
#478 = CARTESIAN_POINT ( 'NONE',  ( 0.5500000000000000444, 0.0000000000000000000, 0.0000000000000000000 ) ) ;
#479 = CARTESIAN_POINT ( 'NONE',  ( -2.449999999999999734, -1.711503911999999961, 5.391260636000001050 ) ) ;
#480 = LINE ( 'NONE', #1381, #1447 ) ;
#481 = CARTESIAN_POINT ( 'NONE',  ( 1.350000000000000089, 1.711503911696735436, 5.391260635787409328 ) ) ;
#482 = LINE ( 'NONE', #231, #1100 ) ;
#483 = ORIENTED_EDGE ( 'NONE', *, *, #1753, .T. ) ;
#484 = EDGE_CURVE ( 'NONE', #1626, #2141, #645, .T. ) ;
#485 = FACE_OUTER_BOUND ( 'NONE', #343, .T. ) ;
#486 = VERTEX_POINT ( 'NONE', #2667 ) ;
#487 = EDGE_CURVE ( 'NONE', #3344, #2675, #2487, .T. ) ;
#488 = CARTESIAN_POINT ( 'NONE',  ( -2.449999999999999734, 1.192165127000000213, 4.887328232999999855 ) ) ;
#489 = VERTEX_POINT ( 'NONE', #2145 ) ;
#490 = DIRECTION ( 'NONE',  ( 0.0000000000000000000, 0.0000000000000000000, 1.000000000000000000 ) ) ;
#491 = ORIENTED_EDGE ( 'NONE', *, *, #3009, .T. ) ;
#492 = ORIENTED_EDGE ( 'NONE', *, *, #808, .F. ) ;
#493 = FACE_OUTER_BOUND ( 'NONE', #701, .T. ) ;
#494 = DIRECTION ( 'NONE',  ( -1.000000000000000000, -0.0000000000000000000, 0.0000000000000000000 ) ) ;
#495 = ORIENTED_EDGE ( 'NONE', *, *, #712, .F. ) ;
#496 = AXIS2_PLACEMENT_3D ( 'NONE', #2585, #1009, #733 ) ;
#497 = CARTESIAN_POINT ( 'NONE',  ( 0.5318970623851891899, 1.922524321396789970, -3.096862666796425412 ) ) ;
#498 = ORIENTED_EDGE ( 'NONE', *, *, #725, .F. ) ;
#499 = ORIENTED_EDGE ( 'NONE', *, *, #3359, .F. ) ;
#500 = ORIENTED_EDGE ( 'NONE', *, *, #3148, .F. ) ;
#501 = DIRECTION ( 'NONE',  ( 1.000000000000000000, 0.0000000000000000000, 0.0000000000000000000 ) ) ;
#502 = CARTESIAN_POINT ( 'NONE',  ( 0.5499999991705295521, 2.186806577855118672, -2.810652350871976513 ) ) ;
#503 = LINE ( 'NONE', #3130, #423 ) ;
#504 = ORIENTED_EDGE ( 'NONE', *, *, #2876, .F. ) ;
#505 = VECTOR ( 'NONE', #1635, 1000.000000000000000 ) ;
#506 = B_SPLINE_CURVE_WITH_KNOTS ( 'NONE', 3,
 ( #2891, #1343, #249, #519 ),
 .UNSPECIFIED., .F., .F.,
 ( 4, 4 ),
 ( 1.156312257845521176E-13, 0.0002813570909780401886 ),
 .UNSPECIFIED. ) ;
#507 = CARTESIAN_POINT ( 'NONE',  ( 2.349999999999999645, 0.0000000000000000000, 0.0000000000000000000 ) ) ;
#508 = ORIENTED_EDGE ( 'NONE', *, *, #3309, .F. ) ;
#509 = EDGE_CURVE ( 'NONE', #2479, #2642, #203, .T. ) ;
#510 = PLANE ( 'NONE',  #1641 ) ;
#511 = VERTEX_POINT ( 'NONE', #317 ) ;
#512 = CARTESIAN_POINT ( 'NONE',  ( -2.449999999999999734, -1.250000000000000000, 0.2500000000000000000 ) ) ;
#513 = DIRECTION ( 'NONE',  ( 0.0000000000000000000, 0.7741407287985615504, 0.6330135322528515074 ) ) ;
#514 = ADVANCED_FACE ( 'NONE', ( #670 ), #68, .T. ) ;
#515 = EDGE_CURVE ( 'NONE', #3174, #994, #3266, .T. ) ;
#516 = DIRECTION ( 'NONE',  ( 0.0000000000000000000, 0.9050186814774067168, 0.4253718210893809859 ) ) ;
#517 = DIRECTION ( 'NONE',  ( 1.000000000000000000, 0.0000000000000000000, 0.0000000000000000000 ) ) ;
#518 = AXIS2_PLACEMENT_3D ( 'NONE', #1138, #3206, #1672 ) ;
#519 = CARTESIAN_POINT ( 'NONE',  ( 0.5496621620670468777, 2.182088506539045181, -2.827531191139957656 ) ) ;
#520 = EDGE_CURVE ( 'NONE', #749, #1045, #2025, .T. ) ;
#521 = AXIS2_PLACEMENT_3D ( 'NONE', #2663, #37, #545 ) ;
#522 = LINE ( 'NONE', #406, #1637 ) ;
#523 = PLANE ( 'NONE',  #1018 ) ;
#524 = DIRECTION ( 'NONE',  ( 1.000000000000000000, 0.0000000000000000000, -0.0000000000000000000 ) ) ;
#525 = FACE_OUTER_BOUND ( 'NONE', #1217, .T. ) ;
#526 = ADVANCED_FACE ( 'NONE', ( #747 ), #398, .F. ) ;
#527 = LINE ( 'NONE', #3363, #3166 ) ;
#528 = CARTESIAN_POINT ( 'NONE',  ( -2.449999999999999734, -1.250000000000000000, 0.0000000000000000000 ) ) ;
#529 = EDGE_CURVE ( 'NONE', #2829, #2395, #2740, .T. ) ;
#530 = VERTEX_POINT ( 'NONE', #1159 ) ;
#531 = VECTOR ( 'NONE', #253, 1000.000000000000000 ) ;
#532 = VERTEX_POINT ( 'NONE', #650 ) ;
#533 = ORIENTED_EDGE ( 'NONE', *, *, #2894, .T. ) ;
#534 = ORIENTED_EDGE ( 'NONE', *, *, #349, .F. ) ;
#535 = VECTOR ( 'NONE', #622, 1000.000000000000000 ) ;
#536 = AXIS2_PLACEMENT_3D ( 'NONE', #1699, #138, #2496 ) ;
#537 = CARTESIAN_POINT ( 'NONE',  ( 1.350000000000000089, 2.674829179999999695, 5.659597042999999772 ) ) ;
#538 = PRESENTATION_STYLE_ASSIGNMENT (( #2814 ) ) ;
#539 = CARTESIAN_POINT ( 'NONE',  ( -0.5229154659845832720, 1.556937275194985704, 3.844429528532304907 ) ) ;
#540 = EDGE_LOOP ( 'NONE', ( #1528, #2911, #2946, #1912, #2410, #1195 ) ) ;
#541 = CARTESIAN_POINT ( 'NONE',  ( 0.5500000000000000444, -2.262220656000000218, 0.0000000000000000000 ) ) ;
#542 = EDGE_CURVE ( 'NONE', #1458, #463, #2957, .T. ) ;
#543 = ORIENTED_EDGE ( 'NONE', *, *, #2161, .F. ) ;
#544 = CARTESIAN_POINT ( 'NONE',  ( -2.449999999999999734, -1.250000000000000000, 0.2500000000000000000 ) ) ;
#545 = DIRECTION ( 'NONE',  ( 0.0000000000000000000, 0.0000000000000000000, -1.000000000000000000 ) ) ;
#546 = ORIENTED_EDGE ( 'NONE', *, *, #415, .F. ) ;
#547 = ADVANCED_FACE ( 'NONE', ( #1781 ), #2760, .F. ) ;
#548 = VECTOR ( 'NONE', #321, 1000.000000000000114 ) ;
#549 = CARTESIAN_POINT ( 'NONE',  ( -2.449999999893164304, 1.882052867150230124, 6.269109731773655270 ) ) ;
#550 = CARTESIAN_POINT ( 'NONE',  ( -0.5496620932284336236, 2.182087776437235949, -2.827533801752856402 ) ) ;
#551 = ORIENTED_EDGE ( 'NONE', *, *, #1803, .F. ) ;
#552 = VERTEX_POINT ( 'NONE', #3213 ) ;
#553 = CARTESIAN_POINT ( 'NONE',  ( -0.2500689454818917912, -2.303494296355731219, -3.530735196191284953 ) ) ;
#554 = EDGE_CURVE ( 'NONE', #628, #3254, #1337, .T. ) ;
#555 = AXIS2_PLACEMENT_3D ( 'NONE', #1434, #1420, #3209 ) ;
#557 = DIRECTION ( 'NONE',  ( -1.000000000000000000, -0.0000000000000000000, -0.0000000000000000000 ) ) ;
#556 = CARTESIAN_POINT ( 'NONE',  ( -0.4760991074047611904, -1.594981318437472595, 3.925371821231565583 ) ) ;
#558 = CARTESIAN_POINT ( 'NONE',  ( -2.449999999999999734, 2.674829179999999695, 5.659597042999999772 ) ) ;
#559 = CARTESIAN_POINT ( 'NONE',  ( 0.5500000000000000444, -1.250000000000000000, 0.2500000000000000000 ) ) ;
#560 = AXIS2_PLACEMENT_3D ( 'NONE', #1943, #370, #2206 ) ;
#561 = ADVANCED_FACE ( 'NONE', ( #3310 ), #1583, .F. ) ;
#562 = DIRECTION ( 'NONE',  ( -1.000000000000000000, 3.942553354492739094E-16, 0.0000000000000000000 ) ) ;
#563 = FACE_OUTER_BOUND ( 'NONE', #2265, .T. ) ;
#564 = EDGE_CURVE ( 'NONE', #463, #1279, #2802, .T. ) ;
#565 = LINE ( 'NONE', #1746, #1881 ) ;
#566 = DIRECTION ( 'NONE',  ( 0.0000000000000000000, 0.0000000000000000000, -1.000000000000000000 ) ) ;
#567 = CARTESIAN_POINT ( 'NONE',  ( 0.0000000000000000000, -1.250000000000000000, -0.2500000000000000000 ) ) ;
#568 = VECTOR ( 'NONE', #269, 1000.000000000000114 ) ;
#569 = DIRECTION ( 'NONE',  ( -0.0000000000000000000, 1.000000000000000000, 0.0000000000000000000 ) ) ;
#570 = DIRECTION ( 'NONE',  ( 1.000000000000000000, 0.0000000000000000000, -0.0000000000000000000 ) ) ;
#571 = ORIENTED_EDGE ( 'NONE', *, *, #520, .T. ) ;
#572 = EDGE_CURVE ( 'NONE', #1770, #861, #1985, .T. ) ;
#573 = CYLINDRICAL_SURFACE ( 'NONE', #1867, 0.5000000000000000000 ) ;
#574 = CARTESIAN_POINT ( 'NONE',  ( 0.0000000000000000000, -4.301034567187278945, 5.259928687042120465 ) ) ;
#575 = ORIENTED_EDGE ( 'NONE', *, *, #1852, .F. ) ;
#576 = EDGE_LOOP ( 'NONE', ( #219, #2088, #2324, #3312, #1856, #1430, #3336, #2681, #1767, #2510, #2606, #2267, #258 ) ) ;
#577 =( BOUNDED_CURVE ( )  B_SPLINE_CURVE ( 3, ( #2763, #2505, #926, #2490 ),
 .UNSPECIFIED., .F., .F. ) 
 B_SPLINE_CURVE_WITH_KNOTS ( ( 4, 4 ),
 ( 4.712388979139078060, 4.747440717943905319 ),
 .UNSPECIFIED. ) 
 CURVE ( )  GEOMETRIC_REPRESENTATION_ITEM ( )  RATIONAL_B_SPLINE_CURVE ( ( 1.000000000000000000, 0.9998976172545603891, 0.9998976172545603891, 1.000000000000000000 ) ) 
 REPRESENTATION_ITEM ( '' )  );
#578 = ORIENTED_EDGE ( 'NONE', *, *, #1312, .F. ) ;
#579 = LINE ( 'NONE', #1289, #3255 ) ;
#580 = DIRECTION ( 'NONE',  ( -1.000000000000000000, -0.0000000000000000000, -0.0000000000000000000 ) ) ;
#581 = EDGE_CURVE ( 'NONE', #2141, #532, #874, .T. ) ;
#582 = ORIENTED_EDGE ( 'NONE', *, *, #1404, .F. ) ;
#583 = CARTESIAN_POINT ( 'NONE',  ( -0.3525058619172342089, -2.110037990222418447, -3.767172510314204636 ) ) ;
#584 = ORIENTED_EDGE ( 'NONE', *, *, #2579, .T. ) ;
#585 = ORIENTED_EDGE ( 'NONE', *, *, #2299, .F. ) ;
#586 = ADVANCED_FACE ( 'NONE', ( #1865 ), #2875, .T. ) ;
#587 = CARTESIAN_POINT ( 'NONE',  ( -0.5500000000000000444, -2.262220656000000218, 0.0000000000000000000 ) ) ;
#588 = ORIENTED_EDGE ( 'NONE', *, *, #25, .T. ) ;
#589 = AXIS2_PLACEMENT_3D ( 'NONE', #1512, #3307, #2039 ) ;
#590 = DIRECTION ( 'NONE',  ( 0.0000000000000000000, 0.0000000000000000000, -1.000000000000000000 ) ) ;
#591 = CIRCLE ( 'NONE', #28, 0.5000000005986691143 ) ;
#592 = CARTESIAN_POINT ( 'NONE',  ( 2.349999999999999645, 2.904615282999999604, 4.325729058999999488 ) ) ;
#593 = VERTEX_POINT ( 'NONE', #1142 ) ;
#594 = EDGE_CURVE ( 'NONE', #251, #1581, #3348, .T. ) ;
#595 = VECTOR ( 'NONE', #267, 1000.000000000000000 ) ;
#596 = AXIS2_PLACEMENT_3D ( 'NONE', #2838, #1023, #2852 ) ;
#597 = DIRECTION ( 'NONE',  ( 1.000000000000000000, 0.0000000000000000000, 0.0000000000000000000 ) ) ;
#598 = ORIENTED_EDGE ( 'NONE', *, *, #2637, .F. ) ;
#599 = PLANE ( 'NONE',  #81 ) ;
#600 = DIRECTION ( 'NONE',  ( -0.0000000000000000000, 0.2692064068085931461, 0.9630825045307417342 ) ) ;
#601 = ORIENTED_EDGE ( 'NONE', *, *, #889, .F. ) ;
#602 = EDGE_LOOP ( 'NONE', ( #658, #1415, #2873, #3180 ) ) ;
#603 = DIRECTION ( 'NONE',  ( 0.0000000000000000000, 0.0000000000000000000, -1.000000000000000000 ) ) ;
#604 = EDGE_CURVE ( 'NONE', #3254, #2181, #185, .T. ) ;
#605 = CARTESIAN_POINT ( 'NONE',  ( 0.5500000000000001554, 1.993761908508993930, -2.572611744307335524 ) ) ;
#606 = CARTESIAN_POINT ( 'NONE',  ( 0.0000000000000000000, -2.182114749000000575, -3.096836666999999821 ) ) ;
#607 = AXIS2_PLACEMENT_3D ( 'NONE', #544, #797, #2884 ) ;
#608 = CARTESIAN_POINT ( 'NONE',  ( 0.0000000000000000000, -2.262220656000000218, 0.0000000000000000000 ) ) ;
#609 = CARTESIAN_POINT ( 'NONE',  ( 1.350000000000000089, -1.192165127000000213, 4.887328232999999855 ) ) ;
#610 = EDGE_CURVE ( 'NONE', #1769, #1936, #1037, .T. ) ;
#611 = VECTOR ( 'NONE', #1851, 1000.000000000000000 ) ;
#612 = AXIS2_PLACEMENT_3D ( 'NONE', #2537, #3033, #1185 ) ;
#613 = CARTESIAN_POINT ( 'NONE',  ( -2.449999999999999734, -2.750000000000000000, 3.500000000000000000 ) ) ;
#614 = FACE_OUTER_BOUND ( 'NONE', #2222, .T. ) ;
#615 = CARTESIAN_POINT ( 'NONE',  ( 0.3872634830147996809, 2.232714509312654805, -3.277716905100445555 ) ) ;
#616 = CARTESIAN_POINT ( 'NONE',  ( 0.0000000000000000000, 1.750000000000000222, 0.0000000000000000000 ) ) ;
#617 = CARTESIAN_POINT ( 'NONE',  ( 0.5500000000000002665, -2.404038600999999886, -2.962163004999999849 ) ) ;
#618 = CYLINDRICAL_SURFACE ( 'NONE', #452, 0.4999999996355866672 ) ;
#619 = CARTESIAN_POINT ( 'NONE',  ( 0.4760991073709283650, -1.594981318313016594, 3.925371821290062346 ) ) ;
#620 = VERTEX_POINT ( 'NONE', #705 ) ;
#621 = VECTOR ( 'NONE', #2090, 1000.000000000000000 ) ;
#622 = DIRECTION ( 'NONE',  ( 0.0000000000000000000, 0.0000000000000000000, -1.000000000000000000 ) ) ;
#623 = EDGE_CURVE ( 'NONE', #993, #1742, #1080, .T. ) ;
#624 = ORIENTED_EDGE ( 'NONE', *, *, #2169, .F. ) ;
#625 = ORIENTED_EDGE ( 'NONE', *, *, #1301, .F. ) ;
#626 = ORIENTED_EDGE ( 'NONE', *, *, #2279, .T. ) ;
#627 = LINE ( 'NONE', #2194, #661 ) ;
#628 = VERTEX_POINT ( 'NONE', #1969 ) ;
#629 = DIRECTION ( 'NONE',  ( 0.0000000000000000000, 0.9050186814774067168, 0.4253718210893809859 ) ) ;
#630 = EDGE_CURVE ( 'NONE', #2773, #2676, #634, .T. ) ;
#631 = ORIENTED_EDGE ( 'NONE', *, *, #3028, .T. ) ;
#633 = DIRECTION ( 'NONE',  ( -1.000000000000000000, -0.0000000000000000000, -0.0000000000000000000 ) ) ;
#632 = DIRECTION ( 'NONE',  ( 0.0000000000000000000, 0.0000000000000000000, -1.000000000000000000 ) ) ;
#634 = LINE ( 'NONE', #410, #2193 ) ;
#635 = AXIS2_PLACEMENT_3D ( 'NONE', #3241, #2463, #98 ) ;
#636 = CARTESIAN_POINT ( 'NONE',  ( -2.449999999999999734, -1.192165127000000213, 4.887328232999999855 ) ) ;
#637 = DIRECTION ( 'NONE',  ( 0.0000000000000000000, 0.0000000000000000000, -1.000000000000000000 ) ) ;
#638 = ORIENTED_EDGE ( 'NONE', *, *, #1283, .T. ) ;
#639 = EDGE_CURVE ( 'NONE', #1696, #2242, #2680, .T. ) ;
#640 = ORIENTED_EDGE ( 'NONE', *, *, #179, .F. ) ;
#641 = ORIENTED_EDGE ( 'NONE', *, *, #1615, .T. ) ;
#642 = CARTESIAN_POINT ( 'NONE',  ( -3.783378293334507259, -3.193239541177181007, 3.905156307410230454 ) ) ;
#644 = DIRECTION ( 'NONE',  ( 0.0000000000000000000, 0.8891220191838943299, -0.4576702251647519759 ) ) ;
#643 = DIRECTION ( 'NONE',  ( 0.0000000000000000000, 0.0000000000000000000, -1.000000000000000000 ) ) ;
#645 =( BOUNDED_CURVE ( )  B_SPLINE_CURVE ( 3, ( #1639, #2156, #2454, #2956 ),
 .UNSPECIFIED., .F., .T. ) 
 B_SPLINE_CURVE_WITH_KNOTS ( ( 4, 4 ),
 ( 1.050507242393037818E-30, 1.081026087078710063 ),
 .UNSPECIFIED. ) 
 CURVE ( )  GEOMETRIC_REPRESENTATION_ITEM ( )  RATIONAL_B_SPLINE_CURVE ( ( 1.000000000000000000, 0.9049631962308027910, 0.9049631962308027910, 1.000000000000000000 ) ) 
 REPRESENTATION_ITEM ( '' )  );
#646 = DIRECTION ( 'NONE',  ( 0.0000000000000000000, -0.7741407287985615504, 0.6330135322528515074 ) ) ;
#647 = EDGE_CURVE ( 'NONE', #261, #335, #101, .T. ) ;
#648 = LINE ( 'NONE', #67, #1963 ) ;
#649 = DIRECTION ( 'NONE',  ( -0.0000000000000000000, 0.0000000000000000000, -1.000000000000000000 ) ) ;
#650 = CARTESIAN_POINT ( 'NONE',  ( 0.4853429494386106713, 2.182114749332344950, -3.096836666773088886 ) ) ;
#651 = LINE ( 'NONE', #1831, #2781 ) ;
#653 = CARTESIAN_POINT ( 'NONE',  ( 0.0000000000000000000, -1.250000000000000000, 0.0000000000000000000 ) ) ;
#652 = DIRECTION ( 'NONE',  ( 0.0000000000000000000, 0.0000000000000000000, -1.000000000000000000 ) ) ;
#654 = DIRECTION ( 'NONE',  ( 0.0000000000000000000, 0.0000000000000000000, -1.000000000000000000 ) ) ;
#655 = VECTOR ( 'NONE', #201, 1000.000000000000000 ) ;
#656 = ORIENTED_EDGE ( 'NONE', *, *, #2458, .T. ) ;
#657 = LINE ( 'NONE', #1238, #332 ) ;
#658 = ORIENTED_EDGE ( 'NONE', *, *, #1069, .T. ) ;
#659 = ORIENTED_EDGE ( 'NONE', *, *, #2810, .F. ) ;
#660 = ORIENTED_EDGE ( 'NONE', *, *, #3370, .T. ) ;
#661 = VECTOR ( 'NONE', #569, 1000.000000000000000 ) ;
#663 = CARTESIAN_POINT ( 'NONE',  ( -2.449999999999999734, -0.9026485477000000257, 4.803252983000001031 ) ) ;
#662 = DIRECTION ( 'NONE',  ( 1.000000000000000000, 0.0000000000000000000, 0.0000000000000000000 ) ) ;
#664 = VERTEX_POINT ( 'NONE', #2547 ) ;
#665 = ORIENTED_EDGE ( 'NONE', *, *, #2969, .F. ) ;
#666 = ORIENTED_EDGE ( 'NONE', *, *, #3135, .T. ) ;
#667 = DIRECTION ( 'NONE',  ( -0.7999999998255410416, 0.3798081192834499853, -0.4644844376354312354 ) ) ;
#668 = EDGE_CURVE ( 'NONE', #1133, #1163, #2322, .T. ) ;
#669 = ORIENTED_EDGE ( 'NONE', *, *, #2279, .F. ) ;
#670 = FACE_OUTER_BOUND ( 'NONE', #2432, .T. ) ;
#671 = CARTESIAN_POINT ( 'NONE',  ( 1.350000000000000089, 1.594981318299668160, 3.925371821261661509 ) ) ;
#672 = ORIENTED_EDGE ( 'NONE', *, *, #3054, .T. ) ;
#673 = AXIS2_PLACEMENT_3D ( 'NONE', #2187, #875, #2964 ) ;
#674 = FACE_OUTER_BOUND ( 'NONE', #386, .T. ) ;
#676 = DIRECTION ( 'NONE',  ( 0.0000000000000000000, -1.000000000000000000, -0.0000000000000000000 ) ) ;
#675 = PLANE ( 'NONE',  #536 ) ;
#677 = AXIS2_PLACEMENT_3D ( 'NONE', #3315, #1774, #204 ) ;
#679 = DIRECTION ( 'NONE',  ( -0.0000000000000000000, 1.000000000000000000, 0.0000000000000000000 ) ) ;
#678 = DIRECTION ( 'NONE',  ( 0.0000000000000000000, -0.6330135318936724875, 0.7741407290922617257 ) ) ;
#680 = CARTESIAN_POINT ( 'NONE',  ( -0.5500000000000000444, 0.0000000000000000000, 0.0000000000000000000 ) ) ;
#681 = ORIENTED_EDGE ( 'NONE', *, *, #1822, .T. ) ;
#682 = ORIENTED_EDGE ( 'NONE', *, *, #1468, .T. ) ;
#683 = CARTESIAN_POINT ( 'NONE',  ( 0.5500000000000000444, 1.683012701946109635, -1.097212598742752375E-16 ) ) ;
#684 = EDGE_CURVE ( 'NONE', #1156, #1690, #2640, .T. ) ;
#685 = CARTESIAN_POINT ( 'NONE',  ( 2.132919150881322778, -2.178301186895250208, 6.237179415353166334 ) ) ;
#686 = EDGE_CURVE ( 'NONE', #1915, #1416, #2107, .T. ) ;
#687 = CIRCLE ( 'NONE', #1393, 1.000000000000000000 ) ;
#688 = VERTEX_POINT ( 'NONE', #199 ) ;
#689 = CARTESIAN_POINT ( 'NONE',  ( 1.350000000000000089, -3.021496722000000190, 4.295799023000000716 ) ) ;
#690 = CIRCLE ( 'NONE', #691, 0.5000000000000000000 ) ;
#691 = AXIS2_PLACEMENT_3D ( 'NONE', #2427, #1898, #32 ) ;
#692 = LINE ( 'NONE', #728, #1968 ) ;
#693 = CARTESIAN_POINT ( 'NONE',  ( -2.449999999986416377, -2.098991769613514080, 6.091719167302870552 ) ) ;
#694 = CARTESIAN_POINT ( 'NONE',  ( 2.349999999999999645, 1.750000000000000222, 3.499999999218467384 ) ) ;
#695 = EDGE_CURVE ( 'NONE', #1410, #1613, #387, .T. ) ;
#696 = VERTEX_POINT ( 'NONE', #1720 ) ;
#697 = AXIS2_PLACEMENT_3D ( 'NONE', #1860, #2118, #2126 ) ;
#698 = LINE ( 'NONE', #3362, #3294 ) ;
#699 = ORIENTED_EDGE ( 'NONE', *, *, #2207, .T. ) ;
#700 = VERTEX_POINT ( 'NONE', #2789 ) ;
#701 = EDGE_LOOP ( 'NONE', ( #2063, #1730 ) ) ;
#702 = CYLINDRICAL_SURFACE ( 'NONE', #2170, 1.500000000517424326 ) ;
#703 = CARTESIAN_POINT ( 'NONE',  ( 0.5500000000000000444, 1.500000000000000000, 0.0000000000000000000 ) ) ;
#704 = VERTEX_POINT ( 'NONE', #2014 ) ;
#705 = CARTESIAN_POINT ( 'NONE',  ( 2.349999999999999645, 1.702574877617349935, 5.425670619759287661 ) ) ;
#706 = CIRCLE ( 'NONE', #2011, 0.5000000000000000000 ) ;
#707 = VERTEX_POINT ( 'NONE', #944 ) ;
#709 = CARTESIAN_POINT ( 'NONE',  ( 0.5500000000000001554, 1.500000000000000000, 0.2500000000000000000 ) ) ;
#708 = CARTESIAN_POINT ( 'NONE',  ( -0.5496621623634408982, -2.182088506111941495, -2.827531191055971505 ) ) ;
#710 = CARTESIAN_POINT ( 'NONE',  ( -1.463049553749999898, -1.844981318574567153, 3.925371821199959310 ) ) ;
#711 = VECTOR ( 'NONE', #1252, 1000.000000000000000 ) ;
#712 = EDGE_CURVE ( 'NONE', #2403, #2984, #1427, .T. ) ;
#713 = ORIENTED_EDGE ( 'NONE', *, *, #1233, .F. ) ;
#714 = PLANE ( 'NONE',  #2391 ) ;
#715 = SURFACE_SIDE_STYLE ('',( #2221 ) ) ;
#716 = ORIENTED_EDGE ( 'NONE', *, *, #2810, .T. ) ;
#717 = CARTESIAN_POINT ( 'NONE',  ( -2.436674814926437893, -1.888147010478164134, 6.277036215037506750 ) ) ;
#718 = ORIENTED_EDGE ( 'NONE', *, *, #1923, .F. ) ;
#719 = AXIS2_PLACEMENT_3D ( 'NONE', #3287, #3331, #2545 ) ;
#721 = CARTESIAN_POINT ( 'NONE',  ( -2.342731194989896792, -2.134124962988334762, 6.166914561025332198 ) ) ;
#720 = DIRECTION ( 'NONE',  ( 0.0000000000000000000, 8.673617379919748191E-16, -1.000000000000000000 ) ) ;
#722 = CARTESIAN_POINT ( 'NONE',  ( 0.5500000000000000444, -1.250000000000000000, -0.2500000000000000000 ) ) ;
#723 = CARTESIAN_POINT ( 'NONE',  ( -0.5500000000000001554, 2.243761907920255094, -2.606895378285288167 ) ) ;
#724 = CARTESIAN_POINT ( 'NONE',  ( 0.5446391451416021656, 1.909205302911951119, -3.049250836262397790 ) ) ;
#725 = EDGE_CURVE ( 'NONE', #1410, #2362, #1759, .T. ) ;
#726 = CYLINDRICAL_SURFACE ( 'NONE', #755, 1.629347284072426794 ) ;
#727 = CARTESIAN_POINT ( 'NONE',  ( -0.5499999997246353134, -2.189166519522332877, -2.802209689501652168 ) ) ;
#728 = CARTESIAN_POINT ( 'NONE',  ( -1.449999999887017443, -2.549999999904639658, 6.691746616883380128 ) ) ;
#729 = VECTOR ( 'NONE', #570, 1000.000000000000000 ) ;
#730 = AXIS2_PLACEMENT_3D ( 'NONE', #1125, #1109, #1910 ) ;
#731 = VECTOR ( 'NONE', #2540, 1000.000000000000000 ) ;
#732 = EDGE_LOOP ( 'NONE', ( #492, #1365, #736, #419, #2229, #2598, #881 ) ) ;
#733 = DIRECTION ( 'NONE',  ( 0.0000000000000000000, 0.0000000000000000000, -1.000000000000000000 ) ) ;
#734 = CIRCLE ( 'NONE', #181, 0.9999999995299181377 ) ;
#735 = AXIS2_PLACEMENT_3D ( 'NONE', #785, #524, #2607 ) ;
#736 = ORIENTED_EDGE ( 'NONE', *, *, #225, .F. ) ;
#737 = EDGE_LOOP ( 'NONE', ( #2517, #3076, #2951, #2100 ) ) ;
#738 = ORIENTED_EDGE ( 'NONE', *, *, #1595, .T. ) ;
#739 = DIRECTION ( 'NONE',  ( 1.000000000000000000, 0.0000000000000000000, -0.0000000000000000000 ) ) ;
#740 = LINE ( 'NONE', #3228, #862 ) ;
#741 = DIRECTION ( 'NONE',  ( -1.000000000000000000, -0.0000000000000000000, -0.0000000000000000000 ) ) ;
#742 = ORIENTED_EDGE ( 'NONE', *, *, #53, .T. ) ;
#743 = EDGE_LOOP ( 'NONE', ( #373, #2111, #454, #3293, #533, #2198, #1987, #1170 ) ) ;
#744 = ORIENTED_EDGE ( 'NONE', *, *, #1431, .F. ) ;
#745 = ORIENTED_EDGE ( 'NONE', *, *, #1544, .F. ) ;
#746 = B_SPLINE_CURVE_WITH_KNOTS ( 'NONE', 3,
 ( #2352, #2200, #1674, #1553 ),
 .UNSPECIFIED., .F., .F.,
 ( 4, 4 ),
 ( 1.847396805982398093E-14, 0.0002991365082323270224 ),
 .UNSPECIFIED. ) ;
#747 = FACE_OUTER_BOUND ( 'NONE', #1341, .T. ) ;
#748 = EDGE_CURVE ( 'NONE', #3026, #2403, #782, .T. ) ;
#749 = VERTEX_POINT ( 'NONE', #1206 ) ;
#750 = LINE ( 'NONE', #2209, #2064 ) ;
#751 = DIRECTION ( 'NONE',  ( 0.0000000000000000000, -0.9630285586755498173, 0.2693993228931602646 ) ) ;
#752 = EDGE_CURVE ( 'NONE', #1848, #3183, #183, .T. ) ;
#753 = FACE_OUTER_BOUND ( 'NONE', #2271, .T. ) ;
#754 = APPLICATION_CONTEXT ( 'automotive_design' ) ;
#755 = AXIS2_PLACEMENT_3D ( 'NONE', #305, #1374, #1089 ) ;
#756 = CARTESIAN_POINT ( 'NONE',  ( 0.0000000000000000000, -0.2047647034784014219, 0.09624236117562305626 ) ) ;
#757 = EDGE_CURVE ( 'NONE', #2362, #3100, #1031, .T. ) ;
#758 = PLANE ( 'NONE',  #2812 ) ;
#759 = CARTESIAN_POINT ( 'NONE',  ( 0.0000000000000000000, -1.750000000000000222, 0.0000000000000000000 ) ) ;
#760 = DIRECTION ( 'NONE',  ( 0.0000000000000000000, -1.000000000000000000, -0.0000000000000000000 ) ) ;
#761 = CYLINDRICAL_SURFACE ( 'NONE', #2310, 0.2500000000000000000 ) ;
#762 = EDGE_CURVE ( 'NONE', #700, #1529, #3243, .T. ) ;
#763 = FACE_OUTER_BOUND ( 'NONE', #3035, .T. ) ;
#764 = CARTESIAN_POINT ( 'NONE',  ( -0.0000000000000000000, 1.250000000000000000, -0.2500000000000000000 ) ) ;
#765 = DIRECTION ( 'NONE',  ( -1.000000000000000000, -0.0000000000000000000, 0.0000000000000000000 ) ) ;
#766 = LINE ( 'NONE', #653, #2218 ) ;
#767 = ORIENTED_EDGE ( 'NONE', *, *, #474, .F. ) ;
#768 = ORIENTED_EDGE ( 'NONE', *, *, #610, .F. ) ;
#769 = CYLINDRICAL_SURFACE ( 'NONE', #2699, 0.9999999995299181377 ) ;
#770 = CARTESIAN_POINT ( 'NONE',  ( 0.5500000000000000444, -1.612220655999999863, -0.2500000000000000000 ) ) ;
#771 = EDGE_CURVE ( 'NONE', #2357, #1280, #2599, .T. ) ;
#772 = ORIENTED_EDGE ( 'NONE', *, *, #2707, .F. ) ;
#773 = AXIS2_PLACEMENT_3D ( 'NONE', #319, #836, #2677 ) ;
#774 = CARTESIAN_POINT ( 'NONE',  ( 1.350000000000000089, 0.0000000000000000000, 0.0000000000000000000 ) ) ;
#775 = CARTESIAN_POINT ( 'NONE',  ( -2.449999999999999734, -1.844981318435438222, 3.925371821197848110 ) ) ;
#776 = ORIENTED_EDGE ( 'NONE', *, *, #1555, .T. ) ;
#777 = ORIENTED_EDGE ( 'NONE', *, *, #873, .T. ) ;
#778 = CIRCLE ( 'NONE', #1736, 1.500000000517424326 ) ;
#779 = VERTEX_POINT ( 'NONE', #1805 ) ;
#780 = CARTESIAN_POINT ( 'NONE',  ( 2.323345132434722515, 1.894359337320986603, 6.284870417120769659 ) ) ;
#781 = ADVANCED_FACE ( 'NONE', ( #348 ), #510, .F. ) ;
#782 = LINE ( 'NONE', #2295, #1421 ) ;
#783 = ORIENTED_EDGE ( 'NONE', *, *, #2961, .T. ) ;
#784 = LINE ( 'NONE', #38, #3000 ) ;
#785 = CARTESIAN_POINT ( 'NONE',  ( 0.5500000000000000444, 1.762220655999999996, -2.472292174999999315 ) ) ;
#786 = DIRECTION ( 'NONE',  ( -0.0000000000000000000, -0.0000000000000000000, 1.000000000000000000 ) ) ;
#787 = EDGE_LOOP ( 'NONE', ( #1573, #508, #310, #821, #1105, #2801, #3111, #416, #3179, #744, #1200, #1702, #168 ) ) ;
#788 = EDGE_CURVE ( 'NONE', #2711, #336, #2720, .T. ) ;
#789 = VERTEX_POINT ( 'NONE', #2610 ) ;
#790 = DIRECTION ( 'NONE',  ( -1.000000000000000000, -0.0000000000000000000, -0.0000000000000000000 ) ) ;
#791 = ORIENTED_EDGE ( 'NONE', *, *, #1999, .F. ) ;
#792 = EDGE_CURVE ( 'NONE', #1173, #2375, #2363, .T. ) ;
#793 = CARTESIAN_POINT ( 'NONE',  ( 0.5318970632423518641, -1.922524321334377229, -3.096862666922545415 ) ) ;
#794 = AXIS2_PLACEMENT_3D ( 'NONE', #1751, #2250, #1723 ) ;
#795 = ADVANCED_FACE ( 'NONE', ( #1904 ), #1010, .F. ) ;
#796 = CARTESIAN_POINT ( 'NONE',  ( 2.336674814883774598, -1.888147010498047784, 6.277036215062580915 ) ) ;
#797 = DIRECTION ( 'NONE',  ( 1.000000000000000000, -0.0000000000000000000, 0.0000000000000000000 ) ) ;
#798 = EDGE_CURVE ( 'NONE', #1806, #2521, #2272, .T. ) ;
#799 =( GEOMETRIC_REPRESENTATION_CONTEXT ( 3 ) GLOBAL_UNCERTAINTY_ASSIGNED_CONTEXT ( ( #1187 ) ) GLOBAL_UNIT_ASSIGNED_CONTEXT ( ( #2035, #2333, #1295 ) ) REPRESENTATION_CONTEXT ( 'NONE', 'WORKASPACE' ) );
#800 = DIRECTION ( 'NONE',  ( 1.000000000000000000, 0.0000000000000000000, 0.0000000000000000000 ) ) ;
#801 = CARTESIAN_POINT ( 'NONE',  ( -2.449999999999999734, 0.0000000000000000000, -0.2500000000000000000 ) ) ;
#802 = FACE_OUTER_BOUND ( 'NONE', #2635, .T. ) ;
#803 = CARTESIAN_POINT ( 'NONE',  ( 2.349999999999999645, 0.0000000000000000000, 0.0000000000000000000 ) ) ;
#804 = CARTESIAN_POINT ( 'NONE',  ( -1.449999999962339414, -2.549999999991390265, 6.691746616777760615 ) ) ;
#805 = CIRCLE ( 'NONE', #2197, 0.5000000000000000000 ) ;
#806 = DIRECTION ( 'NONE',  ( -1.000000000000000000, -0.0000000000000000000, 0.0000000000000000000 ) ) ;
#807 = FACE_OUTER_BOUND ( 'NONE', #3146, .T. ) ;
#808 = EDGE_CURVE ( 'NONE', #2871, #3100, #2523, .T. ) ;
#809 = ORIENTED_EDGE ( 'NONE', *, *, #3277, .T. ) ;
#810 = CARTESIAN_POINT ( 'NONE',  ( 0.5500000000000000444, -1.250000000000000000, 0.0000000000000000000 ) ) ;
#811 = CYLINDRICAL_SURFACE ( 'NONE', #1113, 0.5000000005986686702 ) ;
#812 = ADVANCED_FACE ( 'NONE', ( #1122 ), #1820, .F. ) ;
#814 = CARTESIAN_POINT ( 'NONE',  ( -2.449999999999999734, 1.844981318648153401, 3.925371821097869862 ) ) ;
#813 = CARTESIAN_POINT ( 'NONE',  ( 2.349999999999999645, -2.904615282999999604, 4.325729058999999488 ) ) ;
#815 = ORIENTED_EDGE ( 'NONE', *, *, #940, .F. ) ;
#816 = EDGE_LOOP ( 'NONE', ( #665, #2393, #2328, #2022, #2456, #299, #1829, #2669, #2634, #2793, #131, #3349, #1424 ) ) ;
#817 = ORIENTED_EDGE ( 'NONE', *, *, #3187, .T. ) ;
#818 = LINE ( 'NONE', #1919, #92 ) ;
#819 = AXIS2_PLACEMENT_3D ( 'NONE', #3109, #239, #2325 ) ;
#820 = DIRECTION ( 'NONE',  ( 0.0000000000000000000, -0.4253718210893809859, 0.9050186814774067168 ) ) ;
#821 = ORIENTED_EDGE ( 'NONE', *, *, #461, .F. ) ;
#822 = ORIENTED_EDGE ( 'NONE', *, *, #3090, .T. ) ;
#823 = VERTEX_POINT ( 'NONE', #2601 ) ;
#824 = EDGE_CURVE ( 'NONE', #1507, #1769, #109, .T. ) ;
#825 = ORIENTED_EDGE ( 'NONE', *, *, #1788, .F. ) ;
#826 = CYLINDRICAL_SURFACE ( 'NONE', #555, 0.5500000000000000444 ) ;
#827 = CARTESIAN_POINT ( 'NONE',  ( -2.449999999999999734, 0.2047647034784014219, 0.09624236117562305626 ) ) ;
#828 = ORIENTED_EDGE ( 'NONE', *, *, #2327, .T. ) ;
#830 = CARTESIAN_POINT ( 'NONE',  ( -2.449999999999999734, -2.674829179999999695, 5.659597042999999772 ) ) ;
#829 = DIRECTION ( 'NONE',  ( 1.000000000000000000, -0.0000000000000000000, 0.0000000000000000000 ) ) ;
#831 = CYLINDRICAL_SURFACE ( 'NONE', #607, 0.5000000000000002220 ) ;
#832 = CARTESIAN_POINT ( 'NONE',  ( -0.5500000000000001554, 1.500000000000000000, 0.2500000000000000000 ) ) ;
#833 = ORIENTED_EDGE ( 'NONE', *, *, #3120, .F. ) ;
#834 = EDGE_LOOP ( 'NONE', ( #1259, #2478, #624, #2142 ) ) ;
#835 = ADVANCED_FACE ( 'NONE', ( #2799 ), #1499, .T. ) ;
#836 = DIRECTION ( 'NONE',  ( -5.876502180638527820E-16, -0.8891220197450185880, -0.4576702240746483574 ) ) ;
#837 = EDGE_CURVE ( 'NONE', #1330, #552, #432, .T. ) ;
#838 = CARTESIAN_POINT ( 'NONE',  ( 0.0000000000000000000, -1.751034567117746965, 1.431817929407781964 ) ) ;
#839 = AXIS2_PLACEMENT_3D ( 'NONE', #2191, #3237, #2473 ) ;
#840 = CARTESIAN_POINT ( 'NONE',  ( -2.449999999999999734, 1.250000000000000000, 0.2500000000000000000 ) ) ;
#841 = DIRECTION ( 'NONE',  ( 0.0000000000000000000, 0.0000000000000000000, -1.000000000000000000 ) ) ;
#842 = DIRECTION ( 'NONE',  ( 0.0000000000000000000, 0.0000000000000000000, -1.000000000000000000 ) ) ;
#843 = AXIS2_PLACEMENT_3D ( 'NONE', #537, #2130, #1880 ) ;
#844 = CARTESIAN_POINT ( 'NONE',  ( 0.0000000000000000000, 1.750000000000000222, 0.2500000000000000000 ) ) ;
#845 = FACE_OUTER_BOUND ( 'NONE', #424, .T. ) ;
#846 = DIRECTION ( 'NONE',  ( 0.0000000000000000000, 0.2692064079439458468, -0.9630825042133813740 ) ) ;
#847 = ADVANCED_FACE ( 'NONE', ( #2444 ), #1020, .T. ) ;
#848 = PLANE ( 'NONE',  #1773 ) ;
#849 = VECTOR ( 'NONE', #3167, 1000.000000000000000 ) ;
#850 = CARTESIAN_POINT ( 'NONE',  ( -0.5500000000000002665, -2.757036294810273791, -0.7706627738278671869 ) ) ;
#851 = CARTESIAN_POINT ( 'NONE',  ( 0.5500000000000000444, 2.012220655999999774, -0.6500000000000001332 ) ) ;
#852 = EDGE_CURVE ( 'NONE', #511, #1156, #746, .T. ) ;
#853 = ORIENTED_EDGE ( 'NONE', *, *, #25, .F. ) ;
#854 = ORIENTED_EDGE ( 'NONE', *, *, #2047, .F. ) ;
#855 = VECTOR ( 'NONE', #3178, 1000.000000000000114 ) ;
#856 = DIRECTION ( 'NONE',  ( -1.000000000000000000, -0.0000000000000000000, 0.0000000000000000000 ) ) ;
#857 = EDGE_CURVE ( 'NONE', #696, #1208, #706, .T. ) ;
#858 = VERTEX_POINT ( 'NONE', #3326 ) ;
#859 = CARTESIAN_POINT ( 'NONE',  ( -0.4760991074127323697, 1.844981318632527900, 3.925371821064625344 ) ) ;
#860 = ORIENTED_EDGE ( 'NONE', *, *, #925, .T. ) ;
#861 = VERTEX_POINT ( 'NONE', #2006 ) ;
#862 = VECTOR ( 'NONE', #2476, 1000.000000000000000 ) ;
#864 = CARTESIAN_POINT ( 'NONE',  ( 0.0000000000000000000, -1.807667228872379628, 4.377881162059982678 ) ) ;
#863 = CARTESIAN_POINT ( 'NONE',  ( -0.5500000000000000444, 2.189166519522333321, -2.802209689501652168 ) ) ;
#865 = ORIENTED_EDGE ( 'NONE', *, *, #1363, .T. ) ;
#866 = ORIENTED_EDGE ( 'NONE', *, *, #3263, .T. ) ;
#867 = AXIS2_PLACEMENT_3D ( 'NONE', #592, #1115, #2445 ) ;
#868 = DIRECTION ( 'NONE',  ( 0.0000000000000000000, 0.2692064073373589550, 0.9630825043829380760 ) ) ;
#869 = LINE ( 'NONE', #1231, #2188 ) ;
#870 = PLANE ( 'NONE',  #518 ) ;
#871 = ORIENTED_EDGE ( 'NONE', *, *, #903, .T. ) ;
#872 = DIRECTION ( 'NONE',  ( 1.000000000000000000, 0.0000000000000000000, 0.0000000000000000000 ) ) ;
#873 = EDGE_CURVE ( 'NONE', #2595, #1787, #97, .T. ) ;
#874 = LINE ( 'NONE', #924, #1541 ) ;
#875 = DIRECTION ( 'NONE',  ( -1.000000000000000000, 0.0000000000000000000, -0.0000000000000000000 ) ) ;
#876 = ORIENTED_EDGE ( 'NONE', *, *, #647, .F. ) ;
#877 = CARTESIAN_POINT ( 'NONE',  ( -0.4853425315835375176, 2.182114965231594095, -3.096837439265301750 ) ) ;
#879 = DIRECTION ( 'NONE',  ( 0.0000000000000000000, 0.0000000000000000000, -1.000000000000000000 ) ) ;
#878 = CARTESIAN_POINT ( 'NONE',  ( -0.5472174488490807454, -2.156486194928329603, -2.919121217752028929 ) ) ;
#880 = ORIENTED_EDGE ( 'NONE', *, *, #1664, .T. ) ;
#881 = ORIENTED_EDGE ( 'NONE', *, *, #883, .F. ) ;
#882 = CARTESIAN_POINT ( 'NONE',  ( 0.0000000000000000000, -2.550000000311241521, 6.691746616745501086 ) ) ;
#883 = EDGE_CURVE ( 'NONE', #3100, #1828, #1795, .T. ) ;
#884 = CARTESIAN_POINT ( 'NONE',  ( -2.449999999999999734, -1.500000000000000000, -0.0000000000000000000 ) ) ;
#885 = AXIS2_PLACEMENT_3D ( 'NONE', #1630, #1869, #1876 ) ;
#886 =( BOUNDED_CURVE ( )  B_SPLINE_CURVE ( 3, ( #971, #2289, #951, #2243 ),
 .UNSPECIFIED., .F., .F. ) 
 B_SPLINE_CURVE_WITH_KNOTS ( ( 4, 4 ),
 ( 5.236768554256970631, 7.329602060045724343 ),
 .UNSPECIFIED. ) 
 CURVE ( )  GEOMETRIC_REPRESENTATION_ITEM ( )  RATIONAL_B_SPLINE_CURVE ( ( 1.000000000000000000, 0.6671173591231728262, 0.6671173591231728262, 1.000000000000000000 ) ) 
 REPRESENTATION_ITEM ( '' )  );
#887 = CARTESIAN_POINT ( 'NONE',  ( 0.0000000000000000000, 1.944569749388877389, 1.590071312379617741 ) ) ;
#888 = DIRECTION ( 'NONE',  ( 0.0000000000000000000, 8.673617379919732414E-16, -1.000000000000000000 ) ) ;
#889 = EDGE_CURVE ( 'NONE', #530, #1160, #1743, .T. ) ;
#890 = CYLINDRICAL_SURFACE ( 'NONE', #2717, 0.9999999999999995559 ) ;
#891 = AXIS2_PLACEMENT_3D ( 'NONE', #3153, #1358, #2885 ) ;
#892 = PRODUCT ( 'User Library-01110501Z', 'User Library-01110501Z', '', ( #1539 ) ) ;
#893 = VECTOR ( 'NONE', #2269, 1000.000000000000000 ) ;
#894 = DIRECTION ( 'NONE',  ( 0.0000000000000000000, -0.0000000000000000000, -1.000000000000000000 ) ) ;
#895 = FACE_OUTER_BOUND ( 'NONE', #130, .T. ) ;
#897 = CARTESIAN_POINT ( 'NONE',  ( -2.680655409519681031E-16, 2.035298676856899913, -3.500000000547577983 ) ) ;
#896 = DIRECTION ( 'NONE',  ( 0.0000000000000000000, -0.7741407290922617257, 0.6330135318936724875 ) ) ;
#898 = ORIENTED_EDGE ( 'NONE', *, *, #2965, .F. ) ;
#899 = COLOUR_RGB ( '',0.6823529411764706065, 0.8196078431372548767, 0.6078431372549019107 ) ;
#900 = VECTOR ( 'NONE', #667, 1000.000000000000114 ) ;
#902 = DIRECTION ( 'NONE',  ( 0.0000000000000000000, 0.0000000000000000000, -1.000000000000000000 ) ) ;
#901 = DIRECTION ( 'NONE',  ( -0.0000000000000000000, 0.0000000000000000000, -1.000000000000000000 ) ) ;
#903 = EDGE_CURVE ( 'NONE', #2550, #3259, #503, .T. ) ;
#904 = ORIENTED_EDGE ( 'NONE', *, *, #928, .T. ) ;
#905 = ORIENTED_EDGE ( 'NONE', *, *, #461, .T. ) ;
#906 = ORIENTED_EDGE ( 'NONE', *, *, #1571, .T. ) ;
#907 = LINE ( 'NONE', #1897, #1575 ) ;
#908 = DIRECTION ( 'NONE',  ( 1.000000000000000000, 0.0000000000000000000, 0.0000000000000000000 ) ) ;
#909 = ORIENTED_EDGE ( 'NONE', *, *, #2134, .F. ) ;
#910 = VERTEX_POINT ( 'NONE', #2276 ) ;
#911 = ORIENTED_EDGE ( 'NONE', *, *, #1811, .T. ) ;
#912 = DIRECTION ( 'NONE',  ( 0.0000000000000000000, 0.0000000000000000000, -1.000000000000000000 ) ) ;
#913 = ORIENTED_EDGE ( 'NONE', *, *, #630, .T. ) ;
#914 = DIRECTION ( 'NONE',  ( -1.000000000000000000, 0.0000000000000000000, -0.0000000000000000000 ) ) ;
#915 = ORIENTED_EDGE ( 'NONE', *, *, #1011, .T. ) ;
#916 = AXIS2_PLACEMENT_3D ( 'NONE', #1643, #2398, #603 ) ;
#917 = DIRECTION ( 'NONE',  ( 0.0000000000000000000, 0.0000000000000000000, -1.000000000000000000 ) ) ;
#918 = CARTESIAN_POINT ( 'NONE',  ( -1.463049553749999898, 1.594981318999999953, 3.925371821000000150 ) ) ;
#919 = CARTESIAN_POINT ( 'NONE',  ( 0.0000000000000000000, -1.762220655999999996, 0.0000000000000000000 ) ) ;
#920 = VERTEX_POINT ( 'NONE', #2288 ) ;
#921 = VERTEX_POINT ( 'NONE', #191 ) ;
#922 = DIRECTION ( 'NONE',  ( -1.000000000000000000, -0.0000000000000000000, 0.0000000000000000000 ) ) ;
#923 = ADVANCED_FACE ( 'NONE', ( #3185 ), #2019, .F. ) ;
#924 = CARTESIAN_POINT ( 'NONE',  ( 0.0000000000000000000, 2.182114749181207181, -3.096836666949308814 ) ) ;
#925 = EDGE_CURVE ( 'NONE', #1064, #2984, #1817, .T. ) ;
#926 = CARTESIAN_POINT ( 'NONE',  ( 0.5498873761131176652, -2.184446998606388135, -2.819093715694777735 ) ) ;
#927 = CARTESIAN_POINT ( 'NONE',  ( 0.5229608173704032303, 1.556900421622016806, 3.844351119079039591 ) ) ;
#928 = EDGE_CURVE ( 'NONE', #3026, #2015, #2102, .T. ) ;
#929 = CARTESIAN_POINT ( 'NONE',  ( 2.349999999999999645, 2.034891341939565113, 5.425670619967338126 ) ) ;
#930 =( BOUNDED_CURVE ( )  B_SPLINE_CURVE ( 3, ( #2419, #1128, #23, #550 ),
 .UNSPECIFIED., .F., .F. ) 
 B_SPLINE_CURVE_WITH_KNOTS ( ( 4, 4 ),
 ( 4.712388979139078060, 4.747444333288763474 ),
 .UNSPECIFIED. ) 
 CURVE ( )  GEOMETRIC_REPRESENTATION_ITEM ( )  RATIONAL_B_SPLINE_CURVE ( ( 1.000000000000000000, 0.9998975961338653073, 0.9998975961338653073, 1.000000000000000000 ) ) 
 REPRESENTATION_ITEM ( '' )  );
#931 = AXIS2_PLACEMENT_3D ( 'NONE', #3334, #469, #2055 ) ;
#932 = CARTESIAN_POINT ( 'NONE',  ( -0.5500000000000000444, -1.612220655999999863, -0.6500000000000001332 ) ) ;
#933 = LINE ( 'NONE', #2573, #2423 ) ;
#934 = ORIENTED_EDGE ( 'NONE', *, *, #2072, .F. ) ;
#935 = DIRECTION ( 'NONE',  ( 0.0000000000000000000, 0.0000000000000000000, 1.000000000000000000 ) ) ;
#936 = EDGE_CURVE ( 'NONE', #2688, #530, #9, .T. ) ;
#937 = CYLINDRICAL_SURFACE ( 'NONE', #1816, 0.9999999995299181377 ) ;
#938 = ORIENTED_EDGE ( 'NONE', *, *, #792, .F. ) ;
#939 = CARTESIAN_POINT ( 'NONE',  ( -2.449999999999999734, -1.807667228871225662, 4.377881162057526865 ) ) ;
#940 = EDGE_CURVE ( 'NONE', #593, #184, #869, .T. ) ;
#941 = VERTEX_POINT ( 'NONE', #709 ) ;
#942 = CIRCLE ( 'NONE', #3311, 0.9999999999958826269 ) ;
#944 = CARTESIAN_POINT ( 'NONE',  ( -0.5500000000000000444, 1.993761908153759421, -2.572611744514054610 ) ) ;
#943 = CARTESIAN_POINT ( 'NONE',  ( 0.5500000000000000444, 2.262220656000000218, 0.0000000000000000000 ) ) ;
#945 = ORIENTED_EDGE ( 'NONE', *, *, #542, .T. ) ;
#946 = ORIENTED_EDGE ( 'NONE', *, *, #1962, .F. ) ;
#947 = VERTEX_POINT ( 'NONE', #2031 ) ;
#949 = CARTESIAN_POINT ( 'NONE',  ( 0.5500000000000000444, 2.500000000000000000, 3.500000000000000000 ) ) ;
#948 = DIRECTION ( 'NONE',  ( -1.000000000000000000, -0.0000000000000000000, -0.0000000000000000000 ) ) ;
#950 = FACE_OUTER_BOUND ( 'NONE', #2867, .T. ) ;
#951 = CARTESIAN_POINT ( 'NONE',  ( 0.2378887316846459432, 1.788556518369101012, 4.337221322446066729 ) ) ;
#952 = EDGE_CURVE ( 'NONE', #156, #1581, #1579, .T. ) ;
#953 = VERTEX_POINT ( 'NONE', #980 ) ;
#954 = VERTEX_POINT ( 'NONE', #2046 ) ;
#955 = VECTOR ( 'NONE', #3052, 1000.000000000000000 ) ;
#956 = ORIENTED_EDGE ( 'NONE', *, *, #2207, .F. ) ;
#957 = FACE_OUTER_BOUND ( 'NONE', #1801, .T. ) ;
#958 = CARTESIAN_POINT ( 'NONE',  ( 0.5500000000000000444, 2.243761908210859524, -2.606895378223999415 ) ) ;
#959 = DIRECTION ( 'NONE',  ( 1.000000000000000000, 0.0000000000000000000, -0.0000000000000000000 ) ) ;
#960 = ORIENTED_EDGE ( 'NONE', *, *, #2465, .T. ) ;
#961 = EDGE_LOOP ( 'NONE', ( #905, #2559, #575, #1500 ) ) ;
#962 = AXIS2_PLACEMENT_3D ( 'NONE', #803, #1864, #271 ) ;
#963 = CARTESIAN_POINT ( 'NONE',  ( -0.5499999994572752904, -2.186806577852081546, -2.810652350882842487 ) ) ;
#964 = PLANE ( 'NONE',  #170 ) ;
#965 = ORIENTED_EDGE ( 'NONE', *, *, #1146, .T. ) ;
#966 = ORIENTED_EDGE ( 'NONE', *, *, #2258, .T. ) ;
#967 = CARTESIAN_POINT ( 'NONE',  ( -2.449999999999999734, -1.882052867186767564, 6.269109731743777836 ) ) ;
#969 = DIRECTION ( 'NONE',  ( 0.0000000000000000000, -0.7741407287985615504, -0.6330135322528515074 ) ) ;
#968 = CARTESIAN_POINT ( 'NONE',  ( 0.0000000000000000000, 1.594981318325654485, 3.925371821316950616 ) ) ;
#970 = EDGE_CURVE ( 'NONE', #1608, #2519, #2960, .T. ) ;
#971 = CARTESIAN_POINT ( 'NONE',  ( -0.4760991074584270955, 1.594981318653570845, 3.925371821138781581 ) ) ;
#972 = EDGE_CURVE ( 'NONE', #1326, #2555, #372, .T. ) ;
#973 = CIRCLE ( 'NONE', #2822, 0.5000000000000000000 ) ;
#974 = FILL_AREA_STYLE_COLOUR ( '', #899 ) ;
#975 = CARTESIAN_POINT ( 'NONE',  ( -0.5500000000000000444, -2.243761908386339154, -2.606895378273050401 ) ) ;
#976 = LINE ( 'NONE', #884, #119 ) ;
#977 = AXIS2_PLACEMENT_3D ( 'NONE', #192, #163, #2533 ) ;
#978 = CARTESIAN_POINT ( 'NONE',  ( 0.0000000000000000000, -2.356464817635845144, 6.849999999554659880 ) ) ;
#979 = FACE_OUTER_BOUND ( 'NONE', #2991, .T. ) ;
#980 = CARTESIAN_POINT ( 'NONE',  ( 2.349999999999999645, 1.500000000000000000, 0.2500000000000000000 ) ) ;
#981 = EDGE_CURVE ( 'NONE', #2181, #3224, #784, .T. ) ;
#982 = VERTEX_POINT ( 'NONE', #457 ) ;
#983 = PRODUCT_DEFINITION ( 'UNKNOWN', '', #2767, #1483 ) ;
#984 = CIRCLE ( 'NONE', #477, 1.000000000000000000 ) ;
#985 = CYLINDRICAL_SURFACE ( 'NONE', #1457, 0.5500000000000005995 ) ;
#986 = ORIENTED_EDGE ( 'NONE', *, *, #564, .T. ) ;
#987 = ORIENTED_EDGE ( 'NONE', *, *, #2660, .T. ) ;
#988 = ORIENTED_EDGE ( 'NONE', *, *, #2244, .T. ) ;
#989 = VECTOR ( 'NONE', #2912, 1000.000000000000000 ) ;
#990 = DIRECTION ( 'NONE',  ( 1.000000000000000000, 0.0000000000000000000, 0.0000000000000000000 ) ) ;
#991 = VERTEX_POINT ( 'NONE', #277 ) ;
#992 = CARTESIAN_POINT ( 'NONE',  ( -2.449999999999999734, -3.004980851000000452, 5.668418110999999371 ) ) ;
#993 = VERTEX_POINT ( 'NONE', #56 ) ;
#994 = VERTEX_POINT ( 'NONE', #1059 ) ;
#995 = DIRECTION ( 'NONE',  ( -0.8000000000516828136, -0.3798081190925822193, -0.4644844374020106748 ) ) ;
#996 = CARTESIAN_POINT ( 'NONE',  ( -0.5500000000000001554, -1.750000000000000222, 3.500000000000000000 ) ) ;
#997 = FACE_OUTER_BOUND ( 'NONE', #1505, .T. ) ;
#998 = EDGE_CURVE ( 'NONE', #1026, #2555, #2522, .T. ) ;
#999 = ORIENTED_EDGE ( 'NONE', *, *, #213, .F. ) ;
#1000 = LINE ( 'NONE', #844, #2152 ) ;
#1001 = AXIS2_PLACEMENT_3D ( 'NONE', #2725, #1909, #632 ) ;
#1002 = CARTESIAN_POINT ( 'NONE',  ( 0.5500000000000000444, -1.511314003331963640, 3.649999999975104714 ) ) ;
#1003 = ORIENTED_EDGE ( 'NONE', *, *, #686, .T. ) ;
#1004 = EDGE_LOOP ( 'NONE', ( #2224, #2132, #3251, #2670 ) ) ;
#1005 = EDGE_CURVE ( 'NONE', #2746, #1619, #1660, .T. ) ;
#1006 = CARTESIAN_POINT ( 'NONE',  ( 1.350000000000000089, 2.034891341962148381, 5.425670619987058352 ) ) ;
#1007 = CARTESIAN_POINT ( 'NONE',  ( -0.5500000000000000444, 1.512220655999999774, -2.438008540999999862 ) ) ;
#1008 = EDGE_LOOP ( 'NONE', ( #504, #1758, #742, #2054, #2962, #54 ) ) ;
#1009 = DIRECTION ( 'NONE',  ( 1.000000000000000000, 0.0000000000000000000, 0.0000000000000000000 ) ) ;
#1010 = PLANE ( 'NONE',  #819 ) ;
#1011 = EDGE_CURVE ( 'NONE', #2017, #1787, #2210, .T. ) ;
#1012 = ADVANCED_FACE ( 'NONE', ( #2819 ), #2890, .F. ) ;
#1013 = CARTESIAN_POINT ( 'NONE',  ( 0.0000000000000000000, 2.012220655999999774, -0.6500000000000001332 ) ) ;
#1014 = FACE_OUTER_BOUND ( 'NONE', #1086, .T. ) ;
#1015 = AXIS2_PLACEMENT_3D ( 'NONE', #3226, #1684, #112 ) ;
#1016 = DIRECTION ( 'NONE',  ( 1.000000000000000000, 0.0000000000000000000, -0.0000000000000000000 ) ) ;
#1017 = LINE ( 'NONE', #606, #2171 ) ;
#1018 = AXIS2_PLACEMENT_3D ( 'NONE', #43, #516, #820 ) ;
#1020 = PLANE ( 'NONE',  #1837 ) ;
#1019 = LINE ( 'NONE', #2737, #2901 ) ;
#1021 = ORIENTED_EDGE ( 'NONE', *, *, #2729, .T. ) ;
#1022 = ORIENTED_EDGE ( 'NONE', *, *, #1728, .F. ) ;
#1023 = DIRECTION ( 'NONE',  ( 1.000000000000000000, -0.0000000000000000000, 0.0000000000000000000 ) ) ;
#1024 = VECTOR ( 'NONE', #2413, 1000.000000000000000 ) ;
#1025 = ORIENTED_EDGE ( 'NONE', *, *, #2645, .T. ) ;
#1026 = VERTEX_POINT ( 'NONE', #2648 ) ;
#1027 = EDGE_LOOP ( 'NONE', ( #302, #3047, #3316, #2451 ) ) ;
#1028 = CARTESIAN_POINT ( 'NONE',  ( 2.242731195179575199, 2.134124962874174081, 6.166914560934915635 ) ) ;
#1029 = ORIENTED_EDGE ( 'NONE', *, *, #146, .T. ) ;
#1030 = ORIENTED_EDGE ( 'NONE', *, *, #2765, .F. ) ;
#1031 = LINE ( 'NONE', #422, #264 ) ;
#1032 = DIRECTION ( 'NONE',  ( -0.0000000000000000000, -0.0000000000000000000, 1.000000000000000000 ) ) ;
#1033 = EDGE_CURVE ( 'NONE', #1812, #1208, #2655, .T. ) ;
#1034 = ORIENTED_EDGE ( 'NONE', *, *, #2524, .T. ) ;
#1035 = CARTESIAN_POINT ( 'NONE',  ( 0.0000000000000000000, -1.944569749388877389, 1.590071312379617741 ) ) ;
#1036 = VECTOR ( 'NONE', #1394, 1000.000000000000114 ) ;
#1037 =( BOUNDED_CURVE ( )  B_SPLINE_CURVE ( 3, ( #2486, #105, #2204, #897 ),
 .UNSPECIFIED., .F., .F. ) 
 B_SPLINE_CURVE_WITH_KNOTS ( ( 4, 4 ),
 ( 4.969669341969902732, 6.283185307179586232 ),
 .UNSPECIFIED. ) 
 CURVE ( )  GEOMETRIC_REPRESENTATION_ITEM ( )  RATIONAL_B_SPLINE_CURVE ( ( 1.000000000000000000, 0.8613172078945237065, 0.8613172078945237065, 1.000000000000000000 ) ) 
 REPRESENTATION_ITEM ( '' )  );
#1038 = CARTESIAN_POINT ( 'NONE',  ( 2.349999999999999645, 1.750000000000000222, 0.0000000000000000000 ) ) ;
#1039 = EDGE_CURVE ( 'NONE', #993, #1868, #116, .T. ) ;
#1040 = VERTEX_POINT ( 'NONE', #2896 ) ;
#1041 = CARTESIAN_POINT ( 'NONE',  ( 0.0000000000000000000, 2.012220655635586830, -2.438008541000000307 ) ) ;
#1042 = DIRECTION ( 'NONE',  ( 1.000000000000000000, 0.0000000000000000000, 0.0000000000000000000 ) ) ;
#1043 = ORIENTED_EDGE ( 'NONE', *, *, #1749, .T. ) ;
#1044 = AXIS2_PLACEMENT_3D ( 'NONE', #2597, #517, #1051 ) ;
#1045 = VERTEX_POINT ( 'NONE', #2144 ) ;
#1046 = ADVANCED_FACE ( 'NONE', ( #802 ), #1794, .T. ) ;
#1047 = CARTESIAN_POINT ( 'NONE',  ( -0.5500000000000000444, 0.0000000000000000000, -0.0000000000000000000 ) ) ;
#1048 = EDGE_CURVE ( 'NONE', #222, #1073, #1518, .T. ) ;
#1049 = CARTESIAN_POINT ( 'NONE',  ( 2.336674814728620486, 1.888147010296535866, 6.277036215377673756 ) ) ;
#1050 = DIRECTION ( 'NONE',  ( -0.0000000000000000000, 1.000000000000000000, 0.0000000000000000000 ) ) ;
#1051 = DIRECTION ( 'NONE',  ( 0.0000000000000000000, 0.0000000000000000000, -1.000000000000000000 ) ) ;
#1052 = DIRECTION ( 'NONE',  ( -1.000000000000000000, -0.0000000000000000000, 0.0000000000000000000 ) ) ;
#1053 = LINE ( 'NONE', #2068, #1842 ) ;
#1054 = EDGE_CURVE ( 'NONE', #1787, #2330, #1266, .T. ) ;
#1055 = VECTOR ( 'NONE', #1314, 1000.000000000000227 ) ;
#1056 = EDGE_LOOP ( 'NONE', ( #21, #1321, #174, #3071, #2180 ) ) ;
#1057 = CARTESIAN_POINT ( 'NONE',  ( 0.5318970632423518641, -1.922524321334377229, -3.096862666922545415 ) ) ;
#1058 = ADVANCED_FACE ( 'NONE', ( #1181 ), #726, .T. ) ;
#1059 = CARTESIAN_POINT ( 'NONE',  ( 2.310013951005522426, 1.900688451272091184, 6.292610574777511623 ) ) ;
#1060 = CIRCLE ( 'NONE', #2569, 0.9999999999958844032 ) ;
#1061 = AXIS2_PLACEMENT_3D ( 'NONE', #29, #829, #323 ) ;
#1062 = DIRECTION ( 'NONE',  ( 1.000000000000000000, 0.0000000000000000000, 0.0000000000000000000 ) ) ;
#1063 = CARTESIAN_POINT ( 'NONE',  ( 2.349999999986415844, 2.098991769560358822, 6.091719167346335340 ) ) ;
#1064 = VERTEX_POINT ( 'NONE', #3139 ) ;
#1065 = LINE ( 'NONE', #2976, #3375 ) ;
#1066 = VECTOR ( 'NONE', #914, 1000.000000000000000 ) ;
#1067 = CARTESIAN_POINT ( 'NONE',  ( 1.350000000000000089, -2.904615282999999604, 4.325729058999999488 ) ) ;
#1068 = CARTESIAN_POINT ( 'NONE',  ( -0.2011490963288860845, -1.974060519567300442, 4.200000000000000178 ) ) ;
#1069 = EDGE_CURVE ( 'NONE', #1293, #1619, #30, .T. ) ;
#1070 = ORIENTED_EDGE ( 'NONE', *, *, #572, .F. ) ;
#1071 = ORIENTED_EDGE ( 'NONE', *, *, #903, .F. ) ;
#1072 = AXIS2_PLACEMENT_3D ( 'NONE', #2293, #1785, #2036 ) ;
#1073 = VERTEX_POINT ( 'NONE', #1862 ) ;
#1074 = CIRCLE ( 'NONE', #1479, 0.2500000000000000000 ) ;
#1075 = ORIENTED_EDGE ( 'NONE', *, *, #2687, .F. ) ;
#1076 = CARTESIAN_POINT ( 'NONE',  ( -0.5500000000000001554, 1.750000000000000222, 3.500000000000000000 ) ) ;
#1077 = DIRECTION ( 'NONE',  ( -1.000000000000000000, -0.0000000000000000000, -0.0000000000000000000 ) ) ;
#1078 = VERTEX_POINT ( 'NONE', #2703 ) ;
#1079 = CARTESIAN_POINT ( 'NONE',  ( 0.5500000000000001554, -1.904214888078828105, -2.948886831284410537 ) ) ;
#1080 = LINE ( 'NONE', #139, #1166 ) ;
#1081 = VERTEX_POINT ( 'NONE', #333 ) ;
#1082 = ADVANCED_FACE ( 'NONE', ( #2576 ), #1425, .T. ) ;
#1083 = CARTESIAN_POINT ( 'NONE',  ( 0.0000000000000000000, -1.500000000000000000, 3.500000000000000000 ) ) ;
#1084 = VECTOR ( 'NONE', #1274, 1000.000000000000000 ) ;
#1085 = EDGE_CURVE ( 'NONE', #920, #2266, #1097, .T. ) ;
#1086 = EDGE_LOOP ( 'NONE', ( #854, #392, #1116, #1646, #3029, #136 ) ) ;
#1087 = CARTESIAN_POINT ( 'NONE',  ( 0.3525058620280151489, -2.110037990209348902, -3.767172510267485119 ) ) ;
#1088 = VERTEX_POINT ( 'NONE', #1917 ) ;
#1089 = DIRECTION ( 'NONE',  ( 0.0000000000000000000, 0.0000000000000000000, -1.000000000000000000 ) ) ;
#1090 = DIRECTION ( 'NONE',  ( 1.000000000000000000, 0.0000000000000000000, 0.0000000000000000000 ) ) ;
#1091 = AXIS2_PLACEMENT_3D ( 'NONE', #2110, #3373, #2855 ) ;
#1092 = CARTESIAN_POINT ( 'NONE',  ( 0.4760991073764179737, -1.844981318336181841, 3.925371821280570828 ) ) ;
#1093 = DIRECTION ( 'NONE',  ( 1.000000000000000000, 0.0000000000000000000, -0.0000000000000000000 ) ) ;
#1094 = CARTESIAN_POINT ( 'NONE',  ( 2.349999999999999645, 1.882052867050685308, 6.269109731855052381 ) ) ;
#1095 = ADVANCED_FACE ( 'NONE', ( #3161 ), #890, .F. ) ;
#1096 = CARTESIAN_POINT ( 'NONE',  ( 0.5229608173286436346, -1.806900421170201554, 3.844351119212867207 ) ) ;
#1097 = LINE ( 'NONE', #1396, #2739 ) ;
#1098 = CARTESIAN_POINT ( 'NONE',  ( 1.350000000000000089, -1.500000000000000000, 3.499999999999999556 ) ) ;
#1099 = EDGE_CURVE ( 'NONE', #1543, #3174, #2971, .T. ) ;
#1100 = VECTOR ( 'NONE', #1542, 1000.000000000000000 ) ;
#1101 = CARTESIAN_POINT ( 'NONE',  ( 1.350000000000000089, -2.500000000000000000, 3.500000000000000000 ) ) ;
#1102 = CIRCLE ( 'NONE', #560, 0.5000000000000000000 ) ;
#1103 = DIRECTION ( 'NONE',  ( 0.0000000000000000000, 1.000000000000000000, 0.0000000000000000000 ) ) ;
#1104 = EDGE_CURVE ( 'NONE', #222, #3070, #1437, .T. ) ;
#1105 = ORIENTED_EDGE ( 'NONE', *, *, #2800, .F. ) ;
#1106 = CARTESIAN_POINT ( 'NONE',  ( 0.5500000000000001554, -1.500000000000000000, 0.2500000000000000000 ) ) ;
#1107 = VECTOR ( 'NONE', #1454, 1000.000000000000000 ) ;
#1109 = DIRECTION ( 'NONE',  ( 1.000000000000000000, 0.0000000000000000000, -0.0000000000000000000 ) ) ;
#1108 = DIRECTION ( 'NONE',  ( 0.0000000000000000000, 8.673617376892075385E-16, -1.000000000000000000 ) ) ;
#1110 = ORIENTED_EDGE ( 'NONE', *, *, #515, .T. ) ;
#1111 = EDGE_LOOP ( 'NONE', ( #656, #1194, #1269, #55, #3112, #2286, #3196 ) ) ;
#1112 = VERTEX_POINT ( 'NONE', #863 ) ;
#1113 = AXIS2_PLACEMENT_3D ( 'NONE', #453, #2284, #3289 ) ;
#1114 = DIRECTION ( 'NONE',  ( 1.000000000000000000, 0.0000000000000000000, 0.0000000000000000000 ) ) ;
#1115 = DIRECTION ( 'NONE',  ( -1.000000000000000000, -0.0000000000000000000, -0.0000000000000000000 ) ) ;
#1116 = ORIENTED_EDGE ( 'NONE', *, *, #1694, .T. ) ;
#1117 = ORIENTED_EDGE ( 'NONE', *, *, #1534, .F. ) ;
#1118 = ORIENTED_EDGE ( 'NONE', *, *, #1680, .F. ) ;
#1119 = ADVANCED_FACE ( 'NONE', ( #2040 ), #848, .T. ) ;
#1120 = EDGE_CURVE ( 'NONE', #982, #1081, #2124, .T. ) ;
#1121 = ORIENTED_EDGE ( 'NONE', *, *, #1510, .T. ) ;
#1122 = FACE_OUTER_BOUND ( 'NONE', #2714, .T. ) ;
#1123 = CARTESIAN_POINT ( 'NONE',  ( -0.5500000000000000444, 1.612220655999999863, -0.6500000000000001332 ) ) ;
#1124 = EDGE_LOOP ( 'NONE', ( #1339, #2518, #809, #965 ) ) ;
#1125 = CARTESIAN_POINT ( 'NONE',  ( -0.5500000000000000444, 1.762220655999999996, -2.472292174999999315 ) ) ;
#1126 = CIRCLE ( 'NONE', #2034, 0.9999999996444710604 ) ;
#1127 = CARTESIAN_POINT ( 'NONE',  ( 0.0000000000000000000, -1.500000000000000000, 0.0000000000000000000 ) ) ;
#1128 = CARTESIAN_POINT ( 'NONE',  ( -0.5500000000080057516, 2.186806334414788111, -2.810653221776673316 ) ) ;
#1129 = ORIENTED_EDGE ( 'NONE', *, *, #712, .T. ) ;
#1130 = DIRECTION ( 'NONE',  ( 0.0000000000000000000, 0.0000000000000000000, -1.000000000000000000 ) ) ;
#1131 = EDGE_CURVE ( 'NONE', #688, #664, #648, .T. ) ;
#1132 = ORIENTED_EDGE ( 'NONE', *, *, #1522, .T. ) ;
#1133 = VERTEX_POINT ( 'NONE', #2203 ) ;
#1134 = DIRECTION ( 'NONE',  ( 0.0000000000000000000, 0.0000000000000000000, -1.000000000000000000 ) ) ;
#1135 = CARTESIAN_POINT ( 'NONE',  ( 2.349999999999999645, -1.250000000000000000, 0.2500000000000000000 ) ) ;
#1136 = DIRECTION ( 'NONE',  ( 0.0000000000000000000, 0.0000000000000000000, -1.000000000000000000 ) ) ;
#1137 = DIRECTION ( 'NONE',  ( 1.000000000000000000, 0.0000000000000000000, 0.0000000000000000000 ) ) ;
#1138 = CARTESIAN_POINT ( 'NONE',  ( 0.0000000000000000000, 1.500000000000000000, 0.0000000000000000000 ) ) ;
#1139 = VECTOR ( 'NONE', #1570, 1000.000000000000114 ) ;
#1140 = ORIENTED_EDGE ( 'NONE', *, *, #2029, .F. ) ;
#1142 = CARTESIAN_POINT ( 'NONE',  ( 0.5500000000000000444, -2.189166519522333321, -2.802209689501652168 ) ) ;
#1141 = DIRECTION ( 'NONE',  ( 0.0000000000000000000, 0.2693993228931602646, -0.9630285586755498173 ) ) ;
#1143 = FACE_OUTER_BOUND ( 'NONE', #2394, .T. ) ;
#1144 = PLANE ( 'NONE',  #2861 ) ;
#1145 = CARTESIAN_POINT ( 'NONE',  ( -0.5500000000000001554, 2.500000000000000000, 3.500000000000000000 ) ) ;
#1146 = EDGE_CURVE ( 'NONE', #2373, #947, #2041, .T. ) ;
#1147 = LINE ( 'NONE', #882, #2506 ) ;
#1148 = ADVANCED_FACE ( 'NONE', ( #563 ), #93, .F. ) ;
#1149 = ORIENTED_EDGE ( 'NONE', *, *, #1120, .F. ) ;
#1150 = LINE ( 'NONE', #1996, #2475 ) ;
#1151 = DIRECTION ( 'NONE',  ( 0.0000000000000000000, -0.4253718210893809859, 0.9050186814774067168 ) ) ;
#1152 = EDGE_CURVE ( 'NONE', #3045, #486, #3323, .T. ) ;
#1153 = AXIS2_PLACEMENT_3D ( 'NONE', #1067, #2888, #2115 ) ;
#1154 = ORIENTED_EDGE ( 'NONE', *, *, #2516, .T. ) ;
#1155 = DIRECTION ( 'NONE',  ( 0.0000000000000000000, -7.806255647585038768E-15, -1.000000000000000000 ) ) ;
#1156 = VERTEX_POINT ( 'NONE', #3195 ) ;
#1157 = CIRCLE ( 'NONE', #3057, 0.9999999995445423284 ) ;
#1159 = CARTESIAN_POINT ( 'NONE',  ( 1.350000000000000089, -1.822060130122563182, 5.196549744235006152 ) ) ;
#1158 = DIRECTION ( 'NONE',  ( 0.0000000000000000000, 0.0000000000000000000, -1.000000000000000000 ) ) ;
#1160 = VERTEX_POINT ( 'NONE', #3225 ) ;
#1161 = DIRECTION ( 'NONE',  ( -1.000000000000000000, -0.0000000000000000000, -0.0000000000000000000 ) ) ;
#1162 = DIRECTION ( 'NONE',  ( -1.000000000000000000, -0.0000000000000000000, -0.0000000000000000000 ) ) ;
#1163 = VERTEX_POINT ( 'NONE', #104 ) ;
#1164 = DIRECTION ( 'NONE',  ( 1.000000000000000000, 0.0000000000000000000, -0.0000000000000000000 ) ) ;
#1165 = EDGE_CURVE ( 'NONE', #1770, #1507, #1878, .T. ) ;
#1166 = VECTOR ( 'NONE', #3049, 1000.000000000000000 ) ;
#1167 = ORIENTED_EDGE ( 'NONE', *, *, #3054, .F. ) ;
#1168 = FACE_OUTER_BOUND ( 'NONE', #2493, .T. ) ;
#1169 = CARTESIAN_POINT ( 'NONE',  ( 0.5500000000000000444, -1.993761907999999972, -2.572611744000000034 ) ) ;
#1170 = ORIENTED_EDGE ( 'NONE', *, *, #3320, .F. ) ;
#1172 = CARTESIAN_POINT ( 'NONE',  ( -0.5500000000000000444, -2.189166519000000033, -2.802209688999999226 ) ) ;
#1171 = CARTESIAN_POINT ( 'NONE',  ( 1.350000000000000089, -1.750000000000000222, 3.500000000000000444 ) ) ;
#1173 = VERTEX_POINT ( 'NONE', #1171 ) ;
#1175 = CARTESIAN_POINT ( 'NONE',  ( 1.350000000000000089, 2.750000000000000000, 3.500000000000000000 ) ) ;
#1174 = DIRECTION ( 'NONE',  ( -1.000000000000000000, -0.0000000000000000000, -0.0000000000000000000 ) ) ;
#1176 = CARTESIAN_POINT ( 'NONE',  ( 0.0000000000000000000, 1.250000000000000000, 0.0000000000000000000 ) ) ;
#1177 = EDGE_CURVE ( 'NONE', #1133, #1812, #2296, .T. ) ;
#1178 = PLANE ( 'NONE',  #1254 ) ;
#1179 = AXIS2_PLACEMENT_3D ( 'NONE', #391, #2758, #158 ) ;
#1180 = EDGE_CURVE ( 'NONE', #3183, #2280, #375, .T. ) ;
#1181 = FACE_OUTER_BOUND ( 'NONE', #2747, .T. ) ;
#1182 = AXIS2_PLACEMENT_3D ( 'NONE', #436, #3072, #2275 ) ;
#1183 = VECTOR ( 'NONE', #1282, 1000.000000000000000 ) ;
#1184 = EDGE_LOOP ( 'NONE', ( #2674, #19, #817, #1140, #418, #2104, #659, #2914, #3030, #866, #3006, #1708, #1030, #2057, #1248, #2485, #2686, #2923, #1653, #2136 ) ) ;
#1185 = DIRECTION ( 'NONE',  ( 0.0000000000000000000, -0.0000000000000000000, -1.000000000000000000 ) ) ;
#1186 = LINE ( 'NONE', #710, #2301 ) ;
#1187 = UNCERTAINTY_MEASURE_WITH_UNIT (LENGTH_MEASURE( 1.000000000000000082E-05 ), #2035, 'distance_accuracy_value', 'NONE');
#1188 = FILL_AREA_STYLE_COLOUR ( '', #2086 ) ;
#1189 = ORIENTED_EDGE ( 'NONE', *, *, #71, .F. ) ;
#1190 = LINE ( 'NONE', #3304, #1972 ) ;
#1192 = CARTESIAN_POINT ( 'NONE',  ( -0.5500000000000000444, 0.0000000000000000000, 0.0000000000000000000 ) ) ;
#1191 = DIRECTION ( 'NONE',  ( -1.000000000000000000, -0.0000000000000000000, -0.0000000000000000000 ) ) ;
#1193 = EDGE_CURVE ( 'NONE', #486, #2986, #1804, .T. ) ;
#1194 = ORIENTED_EDGE ( 'NONE', *, *, #233, .T. ) ;
#1195 = ORIENTED_EDGE ( 'NONE', *, *, #952, .F. ) ;
#1196 = EDGE_LOOP ( 'NONE', ( #129, #36, #377, #783, #1977 ) ) ;
#1197 = CIRCLE ( 'NONE', #596, 0.5000000000000002220 ) ;
#1198 = EDGE_LOOP ( 'NONE', ( #1189, #2836, #2591, #1577 ) ) ;
#1199 = ORIENTED_EDGE ( 'NONE', *, *, #1489, .T. ) ;
#1200 = ORIENTED_EDGE ( 'NONE', *, *, #71, .T. ) ;
#1201 = AXIS2_PLACEMENT_3D ( 'NONE', #3369, #2621, #2874 ) ;
#1202 = CARTESIAN_POINT ( 'NONE',  ( 0.5500000000000000444, 0.0000000000000000000, 0.0000000000000000000 ) ) ;
#1203 = ORIENTED_EDGE ( 'NONE', *, *, #3128, .T. ) ;
#1204 = ADVANCED_FACE ( 'NONE', ( #2586 ), #675, .T. ) ;
#1206 = CARTESIAN_POINT ( 'NONE',  ( 2.349999999999999645, 1.499999999900334835, 3.499999999713281795 ) ) ;
#1205 = CARTESIAN_POINT ( 'NONE',  ( 2.349999999999999645, -3.021496722000000190, 4.295799023000000716 ) ) ;
#1207 = VECTOR ( 'NONE', #1311, 1000.000000000000000 ) ;
#1208 = VERTEX_POINT ( 'NONE', #683 ) ;
#1209 = AXIS2_PLACEMENT_3D ( 'NONE', #2719, #1929, #841 ) ;
#1210 = VERTEX_POINT ( 'NONE', #2257 ) ;
#1212 = DIRECTION ( 'NONE',  ( 0.0000000000000000000, 0.0000000000000000000, -1.000000000000000000 ) ) ;
#1211 = DIRECTION ( 'NONE',  ( -1.000000000000000000, -0.0000000000000000000, 0.0000000000000000000 ) ) ;
#1213 = CARTESIAN_POINT ( 'NONE',  ( -2.449999999999999734, -3.004980851000000452, 5.668418110999999371 ) ) ;
#1214 = CYLINDRICAL_SURFACE ( 'NONE', #1515, 0.9999999999999995559 ) ;
#1215 = FACE_OUTER_BOUND ( 'NONE', #16, .T. ) ;
#1216 = CARTESIAN_POINT ( 'NONE',  ( 0.0000000000000000000, 2.356464818162555819, 6.849999999867080192 ) ) ;
#1217 = EDGE_LOOP ( 'NONE', ( #2832, #3298, #1624, #2639 ) ) ;
#1218 = DIRECTION ( 'NONE',  ( 0.0000000000000000000, 0.0000000000000000000, -1.000000000000000000 ) ) ;
#1219 = ORIENTED_EDGE ( 'NONE', *, *, #415, .T. ) ;
#1220 = EDGE_CURVE ( 'NONE', #3254, #2241, #412, .T. ) ;
#1222 = CARTESIAN_POINT ( 'NONE',  ( 2.349999999999999645, -2.098991769808981722, 6.091719167156195880 ) ) ;
#1221 = CARTESIAN_POINT ( 'NONE',  ( 2.349999999893164215, -1.882052867422394637, 6.269109731551105291 ) ) ;
#1223 = DIRECTION ( 'NONE',  ( 0.0000000000000000000, 0.0000000000000000000, -1.000000000000000000 ) ) ;
#1224 = EDGE_CURVE ( 'NONE', #2761, #2963, #2921, .T. ) ;
#1225 = CARTESIAN_POINT ( 'NONE',  ( 0.2084926405286421092, 2.262220656291291654, -3.383193273384321742 ) ) ;
#1226 = PLANE ( 'NONE',  #612 ) ;
#1227 = AXIS2_PLACEMENT_3D ( 'NONE', #1145, #3008, #1413 ) ;
#1228 = DIRECTION ( 'NONE',  ( -1.000000000000000000, -0.0000000000000000000, -0.0000000000000000000 ) ) ;
#1229 = LINE ( 'NONE', #2785, #1721 ) ;
#1231 = CARTESIAN_POINT ( 'NONE',  ( 0.5500000000000000444, -2.189166519000000033, -2.802209688999999226 ) ) ;
#1230 = DIRECTION ( 'NONE',  ( 1.000000000000000000, 0.0000000000000000000, 0.0000000000000000000 ) ) ;
#1232 = CARTESIAN_POINT ( 'NONE',  ( 2.310013951604233284, -1.900688451123868417, 6.292610574318673322 ) ) ;
#1233 = EDGE_CURVE ( 'NONE', #1543, #1976, #2783, .T. ) ;
#1234 = VECTOR ( 'NONE', #2651, 1000.000000000000000 ) ;
#1235 = CIRCLE ( 'NONE', #2101, 0.9999999999999995559 ) ;
#1236 = ORIENTED_EDGE ( 'NONE', *, *, #610, .T. ) ;
#1237 = CIRCLE ( 'NONE', #2421, 0.9999999995299181377 ) ;
#1239 = DIRECTION ( 'NONE',  ( 0.0000000000000000000, 0.0000000000000000000, -1.000000000000000000 ) ) ;
#1238 = CARTESIAN_POINT ( 'NONE',  ( 0.0000000000000000000, -2.012220655999999774, -0.6500000000000001332 ) ) ;
#1240 = ORIENTED_EDGE ( 'NONE', *, *, #233, .F. ) ;
#1241 = ORIENTED_EDGE ( 'NONE', *, *, #2372, .F. ) ;
#1242 = EDGE_LOOP ( 'NONE', ( #1932, #3219, #1657, #2483 ) ) ;
#1244 = DIRECTION ( 'NONE',  ( -1.000000000000000000, -0.0000000000000000000, -0.0000000000000000000 ) ) ;
#1243 = DIRECTION ( 'NONE',  ( 1.000000000000000000, 0.0000000000000000000, -0.0000000000000000000 ) ) ;
#1245 = LINE ( 'NONE', #2365, #989 ) ;
#1246 = VECTOR ( 'NONE', #2922, 1000.000000000000227 ) ;
#1247 = EDGE_CURVE ( 'NONE', #530, #2711, #2664, .T. ) ;
#1248 = ORIENTED_EDGE ( 'NONE', *, *, #2123, .T. ) ;
#1249 = ORIENTED_EDGE ( 'NONE', *, *, #1383, .F. ) ;
#1250 = FACE_OUTER_BOUND ( 'NONE', #3087, .T. ) ;
#1251 = CARTESIAN_POINT ( 'NONE',  ( 0.0000000000000000000, -6.028635467427609300E-16, 2.833545538836186681E-16 ) ) ;
#1252 = DIRECTION ( 'NONE',  ( 1.000000000000000000, -0.0000000000000000000, 0.0000000000000000000 ) ) ;
#1253 = VECTOR ( 'NONE', #1164, 1000.000000000000000 ) ;
#1254 = AXIS2_PLACEMENT_3D ( 'NONE', #1697, #397, #1709 ) ;
#1255 = CARTESIAN_POINT ( 'NONE',  ( 1.350000000000000089, -0.9026485477000000257, 4.803252983000001031 ) ) ;
#1256 = DIRECTION ( 'NONE',  ( 1.000000000000000000, 0.0000000000000000000, -0.0000000000000000000 ) ) ;
#1257 = ORIENTED_EDGE ( 'NONE', *, *, #3192, .F. ) ;
#1258 = MANIFOLD_SOLID_BREP ( 'Imported1', #2311 ) ;
#1259 = ORIENTED_EDGE ( 'NONE', *, *, #1301, .T. ) ;
#1260 = CARTESIAN_POINT ( 'NONE',  ( 0.0000000000000000000, 2.440885142868143731, -3.291226801078011466 ) ) ;
#1261 = CARTESIAN_POINT ( 'NONE',  ( 2.349999999999999645, -3.004980851000000452, 5.668418110999999371 ) ) ;
#1262 = EDGE_CURVE ( 'NONE', #953, #749, #2745, .T. ) ;
#1263 = CARTESIAN_POINT ( 'NONE',  ( 2.349999999999999645, -1.750000000000000222, 0.0000000000000000000 ) ) ;
#1264 = CARTESIAN_POINT ( 'NONE',  ( 0.5499999995812624443, 2.189166519522332877, -2.802209689501651724 ) ) ;
#1265 = EDGE_CURVE ( 'NONE', #858, #1853, #1485, .T. ) ;
#1266 = CIRCLE ( 'NONE', #1474, 0.9999999998014240665 ) ;
#1267 = DIRECTION ( 'NONE',  ( 0.0000000000000000000, 0.9050186814774067168, -0.4253718210893809859 ) ) ;
#1268 = LINE ( 'NONE', #703, #1183 ) ;
#1269 = ORIENTED_EDGE ( 'NONE', *, *, #2961, .F. ) ;
#1270 = AXIS2_PLACEMENT_3D ( 'NONE', #3356, #2848, #1584 ) ;
#1271 = DIRECTION ( 'NONE',  ( 0.0000000000000000000, 0.6330135318936724875, 0.7741407290922617257 ) ) ;
#1272 = VECTOR ( 'NONE', #3060, 1000.000000000000000 ) ;
#1274 = DIRECTION ( 'NONE',  ( -1.000000000000000000, -0.0000000000000000000, 0.0000000000000000000 ) ) ;
#1273 = CARTESIAN_POINT ( 'NONE',  ( 0.2011490963244376151, -1.724060519539674541, 4.200000000000000178 ) ) ;
#1275 = CARTESIAN_POINT ( 'NONE',  ( 1.350000000000000533, -4.301034567187278945, 5.259928687042120465 ) ) ;
#1276 = ORIENTED_EDGE ( 'NONE', *, *, #1011, .F. ) ;
#1277 = PRESENTATION_STYLE_ASSIGNMENT (( #1960 ) ) ;
#1278 = ORIENTED_EDGE ( 'NONE', *, *, #837, .T. ) ;
#1279 = VERTEX_POINT ( 'NONE', #1711 ) ;
#1280 = VERTEX_POINT ( 'NONE', #1747 ) ;
#1281 = FACE_OUTER_BOUND ( 'NONE', #2554, .T. ) ;
#1282 = DIRECTION ( 'NONE',  ( 0.0000000000000000000, -0.0000000000000000000, 1.000000000000000000 ) ) ;
#1283 = EDGE_CURVE ( 'NONE', #1040, #1806, #125, .T. ) ;
#1284 = ORIENTED_EDGE ( 'NONE', *, *, #250, .T. ) ;
#1285 = CARTESIAN_POINT ( 'NONE',  ( 0.0000000000000000000, -1.612220655999999863, -0.2500000000000000000 ) ) ;
#1286 = ORIENTED_EDGE ( 'NONE', *, *, #320, .T. ) ;
#1287 = ORIENTED_EDGE ( 'NONE', *, *, #1923, .T. ) ;
#1288 = VERTEX_POINT ( 'NONE', #409 ) ;
#1289 = CARTESIAN_POINT ( 'NONE',  ( 0.0000000000000000000, -1.250000000000000000, 0.0000000000000000000 ) ) ;
#1290 = DIRECTION ( 'NONE',  ( 1.000000000000000000, 0.0000000000000000000, 0.0000000000000000000 ) ) ;
#1291 = LINE ( 'NONE', #864, #1945 ) ;
#1292 = EDGE_CURVE ( 'NONE', #2015, #1280, #2390, .T. ) ;
#1293 = VERTEX_POINT ( 'NONE', #171 ) ;
#1294 = CARTESIAN_POINT ( 'NONE',  ( 0.4657613418030425723, 1.991654533473878663, -3.343984179700661752 ) ) ;
#1295 =( NAMED_UNIT ( * ) SI_UNIT ( $, .STERADIAN. ) SOLID_ANGLE_UNIT ( ) );
#1296 = AXIS2_PLACEMENT_3D ( 'NONE', #1261, #476, #1517 ) ;
#1297 = CARTESIAN_POINT ( 'NONE',  ( -0.5500000000000000444, 2.262220656000000218, -0.5000000000000000000 ) ) ;
#1298 = CARTESIAN_POINT ( 'NONE',  ( -0.05000000000000012768, -2.034891342000000325, 5.425670620000000000 ) ) ;
#1299 = EDGE_LOOP ( 'NONE', ( #1995, #1652, #2562, #2952, #1692, #945 ) ) ;
#1300 = CARTESIAN_POINT ( 'NONE',  ( -0.5500000001050427967, 1.902860606787738718, -2.999873056537697646 ) ) ;
#1301 = EDGE_CURVE ( 'NONE', #2963, #994, #3333, .T. ) ;
#1302 = ORIENTED_EDGE ( 'NONE', *, *, #2160, .T. ) ;
#1303 = AXIS2_PLACEMENT_3D ( 'NONE', #2728, #1256, #3080 ) ;
#1304 =( BOUNDED_CURVE ( )  B_SPLINE_CURVE ( 3, ( #246, #3107, #1068, #2857 ),
 .UNSPECIFIED., .F., .F. ) 
 B_SPLINE_CURVE_WITH_KNOTS ( ( 4, 4 ),
 ( 2.095175900702586524, 3.141592653589793116 ),
 .UNSPECIFIED. ) 
 CURVE ( )  GEOMETRIC_REPRESENTATION_ITEM ( )  RATIONAL_B_SPLINE_CURVE ( ( 1.000000000000000000, 0.9108136915738089812, 0.9108136915738089812, 1.000000000000000000 ) ) 
 REPRESENTATION_ITEM ( '' )  );
#1305 = DIRECTION ( 'NONE',  ( 0.0000000000000000000, -0.0000000000000000000, -1.000000000000000000 ) ) ;
#1306 = DIRECTION ( 'NONE',  ( 0.0000000000000000000, 0.0000000000000000000, -1.000000000000000000 ) ) ;
#1307 = ORIENTED_EDGE ( 'NONE', *, *, #529, .F. ) ;
#1308 = CARTESIAN_POINT ( 'NONE',  ( 2.132919151257179013, 2.178301186693397007, 6.237179415154086470 ) ) ;
#1309 = CARTESIAN_POINT ( 'NONE',  ( 0.0000000000000000000, -1.974060519567300442, 4.200000000000000178 ) ) ;
#1310 = DIRECTION ( 'NONE',  ( 0.0000000000000000000, -1.000000000000000000, -0.0000000000000000000 ) ) ;
#1311 = DIRECTION ( 'NONE',  ( 1.000000000000000000, 0.0000000000000000000, -0.0000000000000000000 ) ) ;
#1312 = EDGE_CURVE ( 'NONE', #628, #1040, #657, .T. ) ;
#1313 = DIRECTION ( 'NONE',  ( 0.0000000000000000000, 0.0000000000000000000, -1.000000000000000000 ) ) ;
#1314 = DIRECTION ( 'NONE',  ( -0.0000000000000000000, -0.4253718210893809859, -0.9050186814774066058 ) ) ;
#1315 = ADVANCED_FACE ( 'NONE', ( #293 ), #811, .F. ) ;
#1316 = FACE_OUTER_BOUND ( 'NONE', #602, .T. ) ;
#1317 = PLANE ( 'NONE',  #1270 ) ;
#1318 = LINE ( 'NONE', #1329, #2782 ) ;
#1319 = CARTESIAN_POINT ( 'NONE',  ( -0.5500000000000001554, -2.750000000000000000, 3.500000000000000000 ) ) ;
#1320 = LINE ( 'NONE', #1488, #3134 ) ;
#1321 = ORIENTED_EDGE ( 'NONE', *, *, #3248, .F. ) ;
#1322 = CARTESIAN_POINT ( 'NONE',  ( 2.349999999999999645, 1.250000000000000000, -0.2500000000000000000 ) ) ;
#1323 = CYLINDRICAL_SURFACE ( 'NONE', #462, 1.000000000000000000 ) ;
#1324 = ORIENTED_EDGE ( 'NONE', *, *, #3113, .T. ) ;
#1325 = ORIENTED_EDGE ( 'NONE', *, *, #1715, .F. ) ;
#1326 = VERTEX_POINT ( 'NONE', #2013 ) ;
#1327 = VECTOR ( 'NONE', #1582, 1000.000000000000227 ) ;
#1328 = PLANE ( 'NONE',  #962 ) ;
#1329 = CARTESIAN_POINT ( 'NONE',  ( -1.450000000000000400, 4.301034567187278945, 5.259928687042120465 ) ) ;
#1330 = VERTEX_POINT ( 'NONE', #2294 ) ;
#1331 = ADVANCED_FACE ( 'NONE', ( #3101 ), #573, .T. ) ;
#1332 = CARTESIAN_POINT ( 'NONE',  ( 0.2500670026845351335, -2.303494487215345998, -3.530735878461964905 ) ) ;
#1333 = DIRECTION ( 'NONE',  ( 1.000000000000000000, 0.0000000000000000000, 0.0000000000000000000 ) ) ;
#1334 = EDGE_CURVE ( 'NONE', #59, #2550, #1190, .T. ) ;
#1335 = ORIENTED_EDGE ( 'NONE', *, *, #349, .T. ) ;
#1336 = DIRECTION ( 'NONE',  ( 1.000000000000000000, 0.0000000000000000000, -0.0000000000000000000 ) ) ;
#1337 = LINE ( 'NONE', #2974, #2278 ) ;
#1338 = CARTESIAN_POINT ( 'NONE',  ( -0.2011490963300169299, -1.724060519539674319, 4.200000000000000178 ) ) ;
#1339 = ORIENTED_EDGE ( 'NONE', *, *, #2106, .F. ) ;
#1340 = CARTESIAN_POINT ( 'NONE',  ( 1.350000000000000089, 3.021496722000000190, 4.295799023000000716 ) ) ;
#1341 = EDGE_LOOP ( 'NONE', ( #1462, #2627, #2754 ) ) ;
#1342 = AXIS2_PLACEMENT_3D ( 'NONE', #1956, #1440, #2959 ) ;
#1343 = CARTESIAN_POINT ( 'NONE',  ( 0.5294159433610683418, 2.159377238766570173, -3.015556314689508799 ) ) ;
#1344 = EDGE_CURVE ( 'NONE', #106, #133, #2428, .T. ) ;
#1345 = STYLED_ITEM ( 'NONE', ( #538 ), #2768 ) ;
#1346 = DIRECTION ( 'NONE',  ( 0.0000000000000000000, -0.4253718202008917593, -0.9050186818950094469 ) ) ;
#1347 = ADVANCED_FACE ( 'NONE', ( #2306 ), #985, .F. ) ;
#1348 = DIRECTION ( 'NONE',  ( 0.0000000000000000000, 0.0000000000000000000, -1.000000000000000000 ) ) ;
#1349 = DIRECTION ( 'NONE',  ( 0.0000000000000000000, -0.0000000000000000000, 1.000000000000000000 ) ) ;
#1350 = CARTESIAN_POINT ( 'NONE',  ( 0.5500000000000000444, 1.250000000000000000, 0.2500000000000000000 ) ) ;
#1351 = VECTOR ( 'NONE', #2666, 1000.000000000000000 ) ;
#1352 = EDGE_CURVE ( 'NONE', #1915, #1410, #2509, .T. ) ;
#1353 = LINE ( 'NONE', #1216, #893 ) ;
#1354 = CARTESIAN_POINT ( 'NONE',  ( -0.5500000000000001554, 2.750000000000000000, 3.500000000000000000 ) ) ;
#1355 = DIRECTION ( 'NONE',  ( 1.000000000000000000, 0.0000000000000000000, 0.0000000000000000000 ) ) ;
#1356 = LINE ( 'NONE', #2061, #655 ) ;
#1357 = STYLED_ITEM ( 'NONE', ( #1277 ), #1258 ) ;
#1358 = DIRECTION ( 'NONE',  ( 1.000000000000000000, 0.0000000000000000000, 0.0000000000000000000 ) ) ;
#1359 = DIRECTION ( 'NONE',  ( 1.000000000000000000, 0.0000000000000000000, 0.0000000000000000000 ) ) ;
#1360 = ORIENTED_EDGE ( 'NONE', *, *, #2290, .T. ) ;
#1361 = ADVANCED_FACE ( 'NONE', ( #3250 ), #3041, .F. ) ;
#1362 = DIRECTION ( 'NONE',  ( 1.000000000000000000, 0.0000000000000000000, 0.0000000000000000000 ) ) ;
#1363 = EDGE_CURVE ( 'NONE', #1073, #3081, #3023, .T. ) ;
#1364 = ORIENTED_EDGE ( 'NONE', *, *, #2372, .T. ) ;
#1365 = ORIENTED_EDGE ( 'NONE', *, *, #2430, .F. ) ;
#1366 = AXIS2_PLACEMENT_3D ( 'NONE', #1942, #3016, #678 ) ;
#1367 = ORIENTED_EDGE ( 'NONE', *, *, #2482, .F. ) ;
#1368 = LINE ( 'NONE', #1469, #2709 ) ;
#1369 = CARTESIAN_POINT ( 'NONE',  ( 0.0000000000000000000, -1.500000000000000000, 3.500000000000000000 ) ) ;
#1370 = VERTEX_POINT ( 'NONE', #114 ) ;
#1371 = CARTESIAN_POINT ( 'NONE',  ( 2.349999999999999645, 2.674829179999999695, 5.659597042999999772 ) ) ;
#1372 = ORIENTED_EDGE ( 'NONE', *, *, #695, .F. ) ;
#1373 = ORIENTED_EDGE ( 'NONE', *, *, #1724, .T. ) ;
#1375 = DIRECTION ( 'NONE',  ( 1.000000000000000000, 0.0000000000000000000, -0.0000000000000000000 ) ) ;
#1374 = DIRECTION ( 'NONE',  ( 1.000000000000000000, 0.0000000000000000000, -0.0000000000000000000 ) ) ;
#1376 = EDGE_LOOP ( 'NONE', ( #495, #1428, #551, #360, #1419, #483, #946, #669 ) ) ;
#1377 = DIRECTION ( 'NONE',  ( -0.0000000000000000000, -0.2692064068085931461, 0.9630825045307417342 ) ) ;
#1378 = CIRCLE ( 'NONE', #730, 0.4999999996355874998 ) ;
#1379 = DIRECTION ( 'NONE',  ( -1.000000000000000000, 0.0000000000000000000, -0.0000000000000000000 ) ) ;
#1380 = ORIENTED_EDGE ( 'NONE', *, *, #725, .T. ) ;
#1381 = CARTESIAN_POINT ( 'NONE',  ( 0.0000000000000000000, -2.230840122628012345, 6.301431642486477358 ) ) ;
#1382 = LINE ( 'NONE', #1369, #1545 ) ;
#1383 = EDGE_CURVE ( 'NONE', #124, #1937, #1019, .T. ) ;
#1384 = CARTESIAN_POINT ( 'NONE',  ( 0.5500000000000000444, -1.750000000000000222, 3.500000000000000000 ) ) ;
#1385 = ORIENTED_EDGE ( 'NONE', *, *, #99, .F. ) ;
#1386 = PLANE ( 'NONE',  #1647 ) ;
#1387 = ADVANCED_FACE ( 'NONE', ( #1727 ), #2232, .T. ) ;
#1388 = AXIS2_PLACEMENT_3D ( 'NONE', #3232, #1965, #2751 ) ;
#1390 = CARTESIAN_POINT ( 'NONE',  ( 0.5500000000058218319, -1.776496285308018619, 3.750070063911164375 ) ) ;
#1389 = CARTESIAN_POINT ( 'NONE',  ( 0.5500000000000000444, 1.250000000000000000, 0.2500000000000000000 ) ) ;
#1391 = ORIENTED_EDGE ( 'NONE', *, *, #1165, .T. ) ;
#1392 = CARTESIAN_POINT ( 'NONE',  ( -0.5499999997246353134, -1.904214888080202339, -2.948886831232667927 ) ) ;
#1393 = AXIS2_PLACEMENT_3D ( 'NONE', #296, #2402, #2151 ) ;
#1394 = DIRECTION ( 'NONE',  ( -0.8000000000516825915, 0.3798081190925823858, 0.4644844374020108968 ) ) ;
#1395 = CARTESIAN_POINT ( 'NONE',  ( 0.4760991074614651652, 1.844981318664914216, 3.925371821133529782 ) ) ;
#1396 = CARTESIAN_POINT ( 'NONE',  ( 0.5500000000000002665, 2.757036294810273791, -0.7706627738278671869 ) ) ;
#1397 = CARTESIAN_POINT ( 'NONE',  ( 0.0000000000000000000, -1.974060519567300442, 4.200000000000000178 ) ) ;
#1398 = EDGE_CURVE ( 'NONE', #1690, #306, #1605, .T. ) ;
#1399 = LINE ( 'NONE', #1202, #2935 ) ;
#1400 = ADVANCED_FACE ( 'NONE', ( #2173 ), #2827, .T. ) ;
#1401 = CARTESIAN_POINT ( 'NONE',  ( 1.449999999999999956, 1.499999999999999778, 0.2500000000000000000 ) ) ;
#1402 = FACE_OUTER_BOUND ( 'NONE', #3025, .T. ) ;
#1403 = CARTESIAN_POINT ( 'NONE',  ( 1.350000000000000089, -1.702574877963902500, 5.425670619821167051 ) ) ;
#1404 = EDGE_CURVE ( 'NONE', #593, #2568, #577, .T. ) ;
#1405 = DIRECTION ( 'NONE',  ( 1.000000000000000000, 0.0000000000000000000, 0.0000000000000000000 ) ) ;
#1406 = CIRCLE ( 'NONE', #3303, 0.5000000000000002220 ) ;
#1408 = CARTESIAN_POINT ( 'NONE',  ( 0.0000000000000000000, -1.750000000000000222, 3.500000000000000000 ) ) ;
#1407 = CARTESIAN_POINT ( 'NONE',  ( -0.5294165898319970198, -2.159376954124604620, -3.015554579866953411 ) ) ;
#1409 = ORIENTED_EDGE ( 'NONE', *, *, #108, .T. ) ;
#1410 = VERTEX_POINT ( 'NONE', #152 ) ;
#1411 = LINE ( 'NONE', #764, #621 ) ;
#1412 = DIRECTION ( 'NONE',  ( 0.0000000000000000000, 0.0000000000000000000, -1.000000000000000000 ) ) ;
#1413 = DIRECTION ( 'NONE',  ( 0.0000000000000000000, -4.336808691980672551E-15, -1.000000000000000000 ) ) ;
#1414 = ORIENTED_EDGE ( 'NONE', *, *, #2603, .T. ) ;
#1415 = ORIENTED_EDGE ( 'NONE', *, *, #2360, .T. ) ;
#1416 = VERTEX_POINT ( 'NONE', #162 ) ;
#1417 = FACE_OUTER_BOUND ( 'NONE', #2109, .T. ) ;
#1418 = EDGE_CURVE ( 'NONE', #2519, #1210, #2347, .T. ) ;
#1419 = ORIENTED_EDGE ( 'NONE', *, *, #3096, .T. ) ;
#1420 = DIRECTION ( 'NONE',  ( 5.876502180638527820E-16, 0.8891220197450185880, -0.4576702240746483574 ) ) ;
#1421 = VECTOR ( 'NONE', #441, 1000.000000000000000 ) ;
#1422 = SHAPE_DEFINITION_REPRESENTATION ( #3365, #2768 ) ;
#1423 = DIRECTION ( 'NONE',  ( 1.000000000000000000, 0.0000000000000000000, 0.0000000000000000000 ) ) ;
#1424 = ORIENTED_EDGE ( 'NONE', *, *, #1177, .F. ) ;
#1426 = DIRECTION ( 'NONE',  ( 1.000000000000000000, 0.0000000000000000000, 0.0000000000000000000 ) ) ;
#1425 = PLANE ( 'NONE',  #2544 ) ;
#1427 = CIRCLE ( 'NONE', #2649, 0.5000000000000002220 ) ;
#1428 = ORIENTED_EDGE ( 'NONE', *, *, #1588, .T. ) ;
#1429 = PLANE ( 'NONE',  #110 ) ;
#1430 = ORIENTED_EDGE ( 'NONE', *, *, #952, .T. ) ;
#1431 = EDGE_CURVE ( 'NONE', #3005, #1935, #1564, .T. ) ;
#1432 = ORIENTED_EDGE ( 'NONE', *, *, #1902, .T. ) ;
#1433 = VERTEX_POINT ( 'NONE', #3024 ) ;
#1434 = CARTESIAN_POINT ( 'NONE',  ( 0.0000000000000000000, -2.189166519627087304, -2.802209690218251392 ) ) ;
#1435 = CARTESIAN_POINT ( 'NONE',  ( 0.0000000000000000000, 1.922497347999999828, -2.827559802000000122 ) ) ;
#1436 = CARTESIAN_POINT ( 'NONE',  ( 0.0000000000000000000, -1.844981318348282384, 3.925371821306316011 ) ) ;
#1437 = CIRCLE ( 'NONE', #1001, 0.9999999996444710604 ) ;
#1438 = CIRCLE ( 'NONE', #2735, 1.500000000517424326 ) ;
#1439 = DIRECTION ( 'NONE',  ( 0.0000000000000000000, 3.469446953584538356E-15, -1.000000000000000000 ) ) ;
#1440 = DIRECTION ( 'NONE',  ( 1.000000000000000000, 0.0000000000000000000, 0.0000000000000000000 ) ) ;
#1441 = EDGE_CURVE ( 'NONE', #910, #1, #766, .T. ) ;
#1442 = CIRCLE ( 'NONE', #2629, 0.5000000000000000000 ) ;
#1443 = CARTESIAN_POINT ( 'NONE',  ( 0.5500000000000000444, -2.243761908095734725, -2.606895378334339153 ) ) ;
#1444 = CARTESIAN_POINT ( 'NONE',  ( 0.0000000000000000000, -2.097183807875067085, 4.461956412058720289 ) ) ;
#1445 = EDGE_LOOP ( 'NONE', ( #417, #853, #1536, #966 ) ) ;
#1446 = CIRCLE ( 'NONE', #697, 0.2500000000000000000 ) ;
#1447 = VECTOR ( 'NONE', #806, 1000.000000000000000 ) ;
#1448 = ORIENTED_EDGE ( 'NONE', *, *, #207, .T. ) ;
#1449 = DIRECTION ( 'NONE',  ( -1.000000000000000000, -0.0000000000000000000, 0.0000000000000000000 ) ) ;
#1450 = ORIENTED_EDGE ( 'NONE', *, *, #2979, .T. ) ;
#1451 =( BOUNDED_CURVE ( )  B_SPLINE_CURVE ( 3, ( #708, #1511, #963, #727 ),
 .UNSPECIFIED., .F., .F. ) 
 B_SPLINE_CURVE_WITH_KNOTS ( ( 4, 4 ),
 ( 1.535744589210627620, 1.570796328040509504 ),
 .UNSPECIFIED. ) 
 CURVE ( )  GEOMETRIC_REPRESENTATION_ITEM ( )  RATIONAL_B_SPLINE_CURVE ( ( 1.000000000000000000, 0.9998976172544141727, 0.9998976172544141727, 1.000000000000000000 ) ) 
 REPRESENTATION_ITEM ( '' )  );
#1452 = ORIENTED_EDGE ( 'NONE', *, *, #1104, .F. ) ;
#1453 = FACE_OUTER_BOUND ( 'NONE', #2525, .T. ) ;
#1455 = CARTESIAN_POINT ( 'NONE',  ( 0.5500000000074339868, -1.526482412985532555, 3.749978628110656853 ) ) ;
#1454 = DIRECTION ( 'NONE',  ( -0.0000000000000000000, -0.0000000000000000000, 1.000000000000000000 ) ) ;
#1456 = ORIENTED_EDGE ( 'NONE', *, *, #429, .F. ) ;
#1457 = AXIS2_PLACEMENT_3D ( 'NONE', #2532, #679, #935 ) ;
#1458 = VERTEX_POINT ( 'NONE', #143 ) ;
#1459 = ORIENTED_EDGE ( 'NONE', *, *, #3359, .T. ) ;
#1461 = DIRECTION ( 'NONE',  ( 1.000000000000000000, 0.0000000000000000000, 0.0000000000000000000 ) ) ;
#1460 = CARTESIAN_POINT ( 'NONE',  ( -0.5500000000000000444, 2.012220655999999774, -0.6500000000000001332 ) ) ;
#1462 = ORIENTED_EDGE ( 'NONE', *, *, #581, .T. ) ;
#1463 = LINE ( 'NONE', #1947, #1701 ) ;
#1464 = ORIENTED_EDGE ( 'NONE', *, *, #752, .F. ) ;
#1465 = FACE_OUTER_BOUND ( 'NONE', #2920, .T. ) ;
#1466 = CARTESIAN_POINT ( 'NONE',  ( 0.0000000000000000000, 1.220304643706872083, 0.3413701927906876987 ) ) ;
#1467 = ORIENTED_EDGE ( 'NONE', *, *, #2618, .T. ) ;
#1468 = EDGE_CURVE ( 'NONE', #124, #2357, #26, .T. ) ;
#1470 = DIRECTION ( 'NONE',  ( 0.0000000000000000000, 0.0000000000000000000, -1.000000000000000000 ) ) ;
#1469 = CARTESIAN_POINT ( 'NONE',  ( 0.5500000000000000444, 1.750000000000000222, 0.0000000000000000000 ) ) ;
#1471 = CARTESIAN_POINT ( 'NONE',  ( 1.350000000000000089, 1.702574877617349935, 5.425670619759287661 ) ) ;
#1472 = ADVANCED_FACE ( 'NONE', ( #448 ), #2823, .T. ) ;
#1473 = EDGE_CURVE ( 'NONE', #1156, #2261, #3372, .T. ) ;
#1474 = AXIS2_PLACEMENT_3D ( 'NONE', #1845, #2910, #1596 ) ;
#1475 = DIRECTION ( 'NONE',  ( 1.000000000000000000, -0.0000000000000000000, 0.0000000000000000000 ) ) ;
#1476 = CARTESIAN_POINT ( 'NONE',  ( 0.5500000000000000444, -1.683012701946109857, 0.0000000000000000000 ) ) ;
#1477 = CARTESIAN_POINT ( 'NONE',  ( -1.180852820710290984E-16, 2.262220656291291210, -3.383193273384320854 ) ) ;
#1478 = EDGE_CURVE ( 'NONE', #688, #489, #35, .T. ) ;
#1479 = AXIS2_PLACEMENT_3D ( 'NONE', #113, #2774, #126 ) ;
#1480 = LINE ( 'NONE', #507, #3328 ) ;
#1481 = DIRECTION ( 'NONE',  ( -0.0000000000000000000, 1.000000000000000000, 0.0000000000000000000 ) ) ;
#1482 = CYLINDRICAL_SURFACE ( 'NONE', #1091, 0.5000000000000000000 ) ;
#1483 = PRODUCT_DEFINITION_CONTEXT ( 'detailed design', #754, 'design' ) ;
#1484 = CARTESIAN_POINT ( 'NONE',  ( 0.5499999995812624443, 1.904214888269631922, -2.948886831187503166 ) ) ;
#1485 = LINE ( 'NONE', #3037, #1644 ) ;
#1487 = DIRECTION ( 'NONE',  ( 1.000000000000000000, 0.0000000000000000000, 0.0000000000000000000 ) ) ;
#1486 = CARTESIAN_POINT ( 'NONE',  ( 2.349999999999999645, -1.500000000000000000, 0.2500000000000000000 ) ) ;
#1488 = CARTESIAN_POINT ( 'NONE',  ( 0.0000000000000000000, 1.500000000000000000, 3.500000000000000000 ) ) ;
#1489 = EDGE_CURVE ( 'NONE', #552, #2488, #3062, .T. ) ;
#1490 = ORIENTED_EDGE ( 'NONE', *, *, #2258, .F. ) ;
#1491 = ORIENTED_EDGE ( 'NONE', *, *, #2251, .F. ) ;
#1492 = ORIENTED_EDGE ( 'NONE', *, *, #554, .F. ) ;
#1493 = ORIENTED_EDGE ( 'NONE', *, *, #1990, .T. ) ;
#1494 = ORIENTED_EDGE ( 'NONE', *, *, #1398, .F. ) ;
#1495 = LINE ( 'NONE', #1041, #2314 ) ;
#1496 = AXIS2_PLACEMENT_3D ( 'NONE', #3280, #188, #172 ) ;
#1497 = EDGE_LOOP ( 'NONE', ( #699, #938, #772, #2906, #2350, #601 ) ) ;
#1498 = DIRECTION ( 'NONE',  ( -1.000000000000000000, -0.0000000000000000000, 0.0000000000000000000 ) ) ;
#1499 = CYLINDRICAL_SURFACE ( 'NONE', #931, 1.629347284303649834 ) ;
#1500 = ORIENTED_EDGE ( 'NONE', *, *, #1694, .F. ) ;
#1501 = AXIS2_PLACEMENT_3D ( 'NONE', #617, #2966, #3244 ) ;
#1503 = DIRECTION ( 'NONE',  ( 0.0000000000000000000, -8.673617378394546768E-16, -1.000000000000000000 ) ) ;
#1502 = CARTESIAN_POINT ( 'NONE',  ( 0.5500000000000000444, -2.500000000000000000, 3.500000000000000000 ) ) ;
#1504 = VECTOR ( 'NONE', #644, 1000.000000000000000 ) ;
#1505 = EDGE_LOOP ( 'NONE', ( #315, #3, #2584, #3275, #2447, #1982, #2600, #2828, #3173, #3177 ) ) ;
#1506 = CARTESIAN_POINT ( 'NONE',  ( 0.5294154884688206941, -2.159377302878000560, -3.015557794480279608 ) ) ;
#1507 = VERTEX_POINT ( 'NONE', #1920 ) ;
#1508 = DIRECTION ( 'NONE',  ( -1.000000000000000000, 0.0000000000000000000, -0.0000000000000000000 ) ) ;
#1509 = ORIENTED_EDGE ( 'NONE', *, *, #3090, .F. ) ;
#1510 = EDGE_CURVE ( 'NONE', #552, #2761, #2009, .T. ) ;
#1512 = CARTESIAN_POINT ( 'NONE',  ( 1.350000000000000089, 0.9026485477000000257, 4.803252983000001031 ) ) ;
#1511 = CARTESIAN_POINT ( 'NONE',  ( -0.5498873755623400195, -2.184446998607740387, -2.819093715689938939 ) ) ;
#1513 = CARTESIAN_POINT ( 'NONE',  ( 0.5500000000000003775, 1.511314003803425843, 3.649999999948746243 ) ) ;
#1514 =( BOUNDED_CURVE ( )  B_SPLINE_CURVE ( 3, ( #242, #2074, #502, #1264 ),
 .UNSPECIFIED., .F., .F. ) 
 B_SPLINE_CURVE_WITH_KNOTS ( ( 4, 4 ),
 ( 1.535744589237462820, 1.570796328040510170 ),
 .UNSPECIFIED. ) 
 CURVE ( )  GEOMETRIC_REPRESENTATION_ITEM ( )  RATIONAL_B_SPLINE_CURVE ( ( 1.000000000000000000, 0.9998976172545708252, 0.9998976172545708252, 1.000000000000000000 ) ) 
 REPRESENTATION_ITEM ( '' )  );
#1515 = AXIS2_PLACEMENT_3D ( 'NONE', #3351, #3110, #1563 ) ;
#1516 = AXIS2_PLACEMENT_3D ( 'NONE', #2847, #3099, #2298 ) ;
#1517 = DIRECTION ( 'NONE',  ( 0.0000000000000000000, 8.673617380497014908E-16, -1.000000000000000000 ) ) ;
#1518 = CIRCLE ( 'NONE', #2376, 1.629347284072426794 ) ;
#1520 = CARTESIAN_POINT ( 'NONE',  ( 0.0000000000000000000, 1.750000000000000222, 3.500000000000000000 ) ) ;
#1519 = CARTESIAN_POINT ( 'NONE',  ( -0.05000000000000012768, -1.702574877925204788, 5.425670619982004617 ) ) ;
#1521 = DIRECTION ( 'NONE',  ( 0.0000000000000000000, -1.000000000000000000, -0.0000000000000000000 ) ) ;
#1522 = EDGE_CURVE ( 'NONE', #1078, #2589, #2425, .T. ) ;
#1523 = CYLINDRICAL_SURFACE ( 'NONE', #2351, 0.5000000000000000000 ) ;
#1524 =( NAMED_UNIT ( * ) SI_UNIT ( $, .STERADIAN. ) SOLID_ANGLE_UNIT ( ) );
#1525 = CIRCLE ( 'NONE', #794, 0.2500000000000000000 ) ;
#1526 = ORIENTED_EDGE ( 'NONE', *, *, #1478, .F. ) ;
#1527 = DIRECTION ( 'NONE',  ( 0.0000000000000000000, 0.0000000000000000000, -1.000000000000000000 ) ) ;
#1528 = ORIENTED_EDGE ( 'NONE', *, *, #3207, .F. ) ;
#1529 = VERTEX_POINT ( 'NONE', #2233 ) ;
#1530 = ORIENTED_EDGE ( 'NONE', *, *, #3028, .F. ) ;
#1531 = DIRECTION ( 'NONE',  ( -1.000000000000000000, -0.0000000000000000000, 0.0000000000000000000 ) ) ;
#1532 = LINE ( 'NONE', #2426, #1655 ) ;
#1533 = CARTESIAN_POINT ( 'NONE',  ( -0.5318970632373705154, 1.922524321424980753, -3.096862666897200356 ) ) ;
#1534 = EDGE_CURVE ( 'NONE', #59, #1868, #1442, .T. ) ;
#1535 = VERTEX_POINT ( 'NONE', #2497 ) ;
#1536 = ORIENTED_EDGE ( 'NONE', *, *, #581, .F. ) ;
#1537 = ORIENTED_EDGE ( 'NONE', *, *, #2889, .T. ) ;
#1538 = ORIENTED_EDGE ( 'NONE', *, *, #2930, .F. ) ;
#1539 = PRODUCT_CONTEXT ( 'NONE', #2337, 'mechanical' ) ;
#1540 = PRESENTATION_LAYER_ASSIGNMENT (  '', '', ( #1357 ) ) ;
#1541 = VECTOR ( 'NONE', #1426, 1000.000000000000000 ) ;
#1542 = DIRECTION ( 'NONE',  ( 0.0000000000000000000, 0.8891220191838943299, 0.4576702251647519759 ) ) ;
#1543 = VERTEX_POINT ( 'NONE', #2195 ) ;
#1544 = EDGE_CURVE ( 'NONE', #2280, #2792, #1060, .T. ) ;
#1545 = VECTOR ( 'NONE', #1886, 1000.000000000000000 ) ;
#1546 = ADVANCED_FACE ( 'NONE', ( #2978 ), #2477, .T. ) ;
#1547 = AXIS2_PLACEMENT_3D ( 'NONE', #1712, #1722, #1739 ) ;
#1548 = DIRECTION ( 'NONE',  ( 1.000000000000000000, 0.0000000000000000000, -0.0000000000000000000 ) ) ;
#1549 = CARTESIAN_POINT ( 'NONE',  ( 1.350000000000000089, 1.822060129486198221, 5.196549744393634818 ) ) ;
#1550 = ORIENTED_EDGE ( 'NONE', *, *, #2498, .F. ) ;
#1551 = EDGE_LOOP ( 'NONE', ( #3069, #584, #380, #2176, #2530 ) ) ;
#1552 = CARTESIAN_POINT ( 'NONE',  ( -0.0000000000000000000, 1.250000000000000000, -0.2500000000000000000 ) ) ;
#1553 = CARTESIAN_POINT ( 'NONE',  ( 0.5500000000000000444, 1.761314003802075812, 3.649999999939848028 ) ) ;
#1554 = CARTESIAN_POINT ( 'NONE',  ( 0.0000000000000000000, 1.993761908551788142, -2.572611744154238878 ) ) ;
#1555 = EDGE_CURVE ( 'NONE', #1662, #688, #2706, .T. ) ;
#1556 = DIRECTION ( 'NONE',  ( 0.0000000000000000000, 0.0000000000000000000, -1.000000000000000000 ) ) ;
#1557 = CARTESIAN_POINT ( 'NONE',  ( -0.5500000000000001554, -1.500000000000000000, 0.2500000000000000000 ) ) ;
#1558 = AXIS2_PLACEMENT_3D ( 'NONE', #3285, #3267, #2023 ) ;
#1559 = DIRECTION ( 'NONE',  ( 0.0000000000000000000, -0.0000000000000000000, -1.000000000000000000 ) ) ;
#1560 = LINE ( 'NONE', #1552, #2854 ) ;
#1561 = AXIS2_PLACEMENT_3D ( 'NONE', #558, #1610, #2650 ) ;
#1562 = CARTESIAN_POINT ( 'NONE',  ( -0.5318970632373705154, 1.922524321424980753, -3.096862666897200356 ) ) ;
#1563 = DIRECTION ( 'NONE',  ( 0.0000000000000000000, 0.0000000000000000000, -1.000000000000000000 ) ) ;
#1564 = LINE ( 'NONE', #3240, #166 ) ;
#1565 = DIRECTION ( 'NONE',  ( 0.0000000000000000000, 0.0000000000000000000, -1.000000000000000000 ) ) ;
#1566 = EDGE_LOOP ( 'NONE', ( #2941, #1219, #1944, #1075, #2513 ) ) ;
#1567 = VERTEX_POINT ( 'NONE', #2178 ) ;
#1568 = FACE_OUTER_BOUND ( 'NONE', #1242, .T. ) ;
#1569 = ADVANCED_FACE ( 'NONE', ( #895 ), #870, .F. ) ;
#1570 = DIRECTION ( 'NONE',  ( 0.0000000000000000000, 0.7741407290922617257, 0.6330135318936724875 ) ) ;
#1571 = EDGE_CURVE ( 'NONE', #2051, #1937, #1147, .T. ) ;
#1572 = ORIENTED_EDGE ( 'NONE', *, *, #1265, .T. ) ;
#1573 = ORIENTED_EDGE ( 'NONE', *, *, #1757, .F. ) ;
#1574 = EDGE_LOOP ( 'NONE', ( #1432, #1286, #3299, #1110, #1614, #3297 ) ) ;
#1575 = VECTOR ( 'NONE', #901, 1000.000000000000000 ) ;
#1576 = ORIENTED_EDGE ( 'NONE', *, *, #2299, .T. ) ;
#1577 = ORIENTED_EDGE ( 'NONE', *, *, #668, .T. ) ;
#1578 = CARTESIAN_POINT ( 'NONE',  ( -0.5500000000000000444, -1.612220655999999863, -0.2500000000000000000 ) ) ;
#1579 = CIRCLE ( 'NONE', #2757, 0.5000000007868328211 ) ;
#1580 = EDGE_CURVE ( 'NONE', #991, #2986, #1102, .T. ) ;
#1581 = VERTEX_POINT ( 'NONE', #1676 ) ;
#1582 = DIRECTION ( 'NONE',  ( -0.0000000000000000000, -0.4253718210893809859, -0.9050186814774066058 ) ) ;
#1583 = CYLINDRICAL_SURFACE ( 'NONE', #2665, 1.000000000171726411 ) ;
#1584 = DIRECTION ( 'NONE',  ( 0.0000000000000000000, 0.0000000000000000000, -1.000000000000000000 ) ) ;
#1585 = DIRECTION ( 'NONE',  ( -1.000000000000000000, 0.0000000000000000000, -0.0000000000000000000 ) ) ;
#1586 = ORIENTED_EDGE ( 'NONE', *, *, #474, .T. ) ;
#1587 = CARTESIAN_POINT ( 'NONE',  ( -2.449999999999999734, 1.750000000000000222, 0.2500000000000000000 ) ) ;
#1588 = EDGE_CURVE ( 'NONE', #2403, #304, #407, .T. ) ;
#1589 = ORIENTED_EDGE ( 'NONE', *, *, #554, .T. ) ;
#1590 = VECTOR ( 'NONE', #1891, 1000.000000000000000 ) ;
#1591 = ADVANCED_FACE ( 'NONE', ( #2742 ), #964, .T. ) ;
#1592 = CARTESIAN_POINT ( 'NONE',  ( -2.122254986127366738, -2.230840122552100624, 6.301431642981845549 ) ) ;
#1593 = CARTESIAN_POINT ( 'NONE',  ( 0.5500000001068791056, -1.902860606605933702, -2.999873056593548970 ) ) ;
#1594 = DIRECTION ( 'NONE',  ( 0.0000000000000000000, 0.0000000000000000000, -1.000000000000000000 ) ) ;
#1595 = EDGE_CURVE ( 'NONE', #306, #1045, #1320, .T. ) ;
#1596 = DIRECTION ( 'NONE',  ( 0.0000000000000000000, 0.0000000000000000000, -1.000000000000000000 ) ) ;
#1597 = VECTOR ( 'NONE', #2788, 1000.000000000000000 ) ;
#1598 = CARTESIAN_POINT ( 'NONE',  ( 0.5500000000000000444, 0.0000000000000000000, -1.110223025000000070E-16 ) ) ;
#1599 = LINE ( 'NONE', #2732, #2622 ) ;
#1600 = ADVANCED_FACE ( 'NONE', ( #289 ), #2797, .T. ) ;
#1601 = DIRECTION ( 'NONE',  ( 0.0000000000000000000, 0.7741407290922617257, 0.6330135318936724875 ) ) ;
#1602 = AXIS2_PLACEMENT_3D ( 'NONE', #2915, #1362, #1882 ) ;
#1603 = LINE ( 'NONE', #3327, #1272 ) ;
#1604 = ORIENTED_EDGE ( 'NONE', *, *, #1571, .F. ) ;
#1605 = CIRCLE ( 'NONE', #1625, 0.9999999995299181377 ) ;
#1606 = ORIENTED_EDGE ( 'NONE', *, *, #213, .T. ) ;
#1607 = ORIENTED_EDGE ( 'NONE', *, *, #2894, .F. ) ;
#1608 = VERTEX_POINT ( 'NONE', #694 ) ;
#1609 = VECTOR ( 'NONE', #1377, 1000.000000000000114 ) ;
#1610 = DIRECTION ( 'NONE',  ( 1.000000000000000000, 0.0000000000000000000, 0.0000000000000000000 ) ) ;
#1611 = CARTESIAN_POINT ( 'NONE',  ( -0.5500000000000001554, 1.511314003803603034, 3.649999999949914642 ) ) ;
#1612 = ORIENTED_EDGE ( 'NONE', *, *, #442, .F. ) ;
#1613 = VERTEX_POINT ( 'NONE', #1232 ) ;
#1614 = ORIENTED_EDGE ( 'NONE', *, *, #3176, .T. ) ;
#1615 = EDGE_CURVE ( 'NONE', #993, #1081, #3291, .T. ) ;
#1616 = ORIENTED_EDGE ( 'NONE', *, *, #824, .T. ) ;
#1617 = LINE ( 'NONE', #1408, #3079 ) ;
#1618 = DIRECTION ( 'NONE',  ( 0.0000000000000000000, 0.0000000000000000000, -1.000000000000000000 ) ) ;
#1619 = VERTEX_POINT ( 'NONE', #2776 ) ;
#1620 = ADVANCED_FACE ( 'NONE', ( #2471 ), #3097, .F. ) ;
#1621 = DIRECTION ( 'NONE',  ( 0.0000000000000000000, 0.0000000000000000000, -1.000000000000000000 ) ) ;
#1622 = CYLINDRICAL_SURFACE ( 'NONE', #2332, 0.9999999998014240665 ) ;
#1623 = CARTESIAN_POINT ( 'NONE',  ( 0.5500000000000001554, -1.904214888078828105, -2.948886831284410537 ) ) ;
#1624 = ORIENTED_EDGE ( 'NONE', *, *, #3242, .F. ) ;
#1625 = AXIS2_PLACEMENT_3D ( 'NONE', #949, #2775, #1212 ) ;
#1626 = VERTEX_POINT ( 'NONE', #1477 ) ;
#1627 = CARTESIAN_POINT ( 'NONE',  ( -0.5500000000000001554, 1.511314003803603034, 3.649999999949914642 ) ) ;
#1628 = PLANE ( 'NONE',  #2731 ) ;
#1629 = DIRECTION ( 'NONE',  ( 1.000000000000000000, 0.0000000000000000000, 0.0000000000000000000 ) ) ;
#1631 = CARTESIAN_POINT ( 'NONE',  ( -2.449999999999999734, 1.192165127000000213, 4.887328232999999855 ) ) ;
#1630 = CARTESIAN_POINT ( 'NONE',  ( 0.0000000000000000000, 2.189166519627087304, -2.802209690218251392 ) ) ;
#1632 = CARTESIAN_POINT ( 'NONE',  ( 1.350000000000000089, 1.578133346928751068, 3.887507255435366460 ) ) ;
#1633 = EDGE_CURVE ( 'NONE', #1, #789, #1525, .T. ) ;
#1634 = ADVANCED_FACE ( 'NONE', ( #2897 ), #3273, .F. ) ;
#1635 = DIRECTION ( 'NONE',  ( 1.000000000000000000, 0.0000000000000000000, 0.0000000000000000000 ) ) ;
#1636 = EDGE_CURVE ( 'NONE', #489, #133, #886, .T. ) ;
#1637 = VECTOR ( 'NONE', #649, 1000.000000000000000 ) ;
#1638 = CARTESIAN_POINT ( 'NONE',  ( 1.449999999999999956, -1.500000000000000000, 0.2500000000000000000 ) ) ;
#1639 = CARTESIAN_POINT ( 'NONE',  ( -1.180852820710290984E-16, 2.262220656291291210, -3.383193273384320854 ) ) ;
#1640 = LINE ( 'NONE', #2927, #849 ) ;
#1641 = AXIS2_PLACEMENT_3D ( 'NONE', #1035, #2070, #1271 ) ;
#1642 = DIRECTION ( 'NONE',  ( 0.0000000000000000000, -0.0000000000000000000, 1.000000000000000000 ) ) ;
#1643 = CARTESIAN_POINT ( 'NONE',  ( 2.349999999999999645, 1.250000000000000000, 0.2500000000000000000 ) ) ;
#1644 = VECTOR ( 'NONE', #2501, 1000.000000000000227 ) ;
#1645 = EDGE_CURVE ( 'NONE', #1782, #471, #1406, .T. ) ;
#1646 = ORIENTED_EDGE ( 'NONE', *, *, #1085, .F. ) ;
#1647 = AXIS2_PLACEMENT_3D ( 'NONE', #838, #3163, #2893 ) ;
#1648 = ORIENTED_EDGE ( 'NONE', *, *, #3230, .F. ) ;
#1649 = VECTOR ( 'NONE', #1243, 1000.000000000000000 ) ;
#1650 = DIRECTION ( 'NONE',  ( 1.000000000000000000, -0.0000000000000000000, 0.0000000000000000000 ) ) ;
#1651 = ORIENTED_EDGE ( 'NONE', *, *, #2979, .F. ) ;
#1652 = ORIENTED_EDGE ( 'NONE', *, *, #62, .F. ) ;
#1653 = ORIENTED_EDGE ( 'NONE', *, *, #1811, .F. ) ;
#1654 = ADVANCED_FACE ( 'NONE', ( #1764 ), #1682, .F. ) ;
#1655 = VECTOR ( 'NONE', #868, 1000.000000000000227 ) ;
#1656 = DIRECTION ( 'NONE',  ( 1.000000000000000000, 0.0000000000000000000, -0.0000000000000000000 ) ) ;
#1657 = ORIENTED_EDGE ( 'NONE', *, *, #117, .F. ) ;
#1658 = ORIENTED_EDGE ( 'NONE', *, *, #1262, .T. ) ;
#1659 = DIRECTION ( 'NONE',  ( 0.0000000000000000000, 0.0000000000000000000, -1.000000000000000000 ) ) ;
#1660 = LINE ( 'NONE', #587, #1590 ) ;
#1661 = CARTESIAN_POINT ( 'NONE',  ( 2.349999999999999645, 3.004980851000000452, 5.668418110999999371 ) ) ;
#1662 = VERTEX_POINT ( 'NONE', #153 ) ;
#1663 = LINE ( 'NONE', #3011, #3084 ) ;
#1664 = EDGE_CURVE ( 'NONE', #1690, #133, #1978, .T. ) ;
#1665 = CARTESIAN_POINT ( 'NONE',  ( 0.0000000000000000000, -2.009545155507530397E-15, -9.445151794702717104E-16 ) ) ;
#1666 = VERTEX_POINT ( 'NONE', #1471 ) ;
#1667 = CARTESIAN_POINT ( 'NONE',  ( -0.2378887317594711448, 2.038556518403724649, 4.337221322460962369 ) ) ;
#1668 = AXIS2_PLACEMENT_3D ( 'NONE', #2560, #3258, #1218 ) ;
#1669 = DIRECTION ( 'NONE',  ( 0.0000000000000000000, 0.0000000000000000000, -1.000000000000000000 ) ) ;
#1670 = ORIENTED_EDGE ( 'NONE', *, *, #1595, .F. ) ;
#1671 = ORIENTED_EDGE ( 'NONE', *, *, #276, .T. ) ;
#1672 = DIRECTION ( 'NONE',  ( 0.0000000000000000000, -0.0000000000000000000, 1.000000000000000000 ) ) ;
#1673 = AXIS2_PLACEMENT_3D ( 'NONE', #689, #922, #1992 ) ;
#1674 = CARTESIAN_POINT ( 'NONE',  ( 0.5500000000202517336, 1.776482413444267605, 3.749978628000412595 ) ) ;
#1675 = CARTESIAN_POINT ( 'NONE',  ( -0.5446391454305370416, -1.909205302738528509, -3.049250836368099904 ) ) ;
#1676 = CARTESIAN_POINT ( 'NONE',  ( -0.5499999997246353134, -1.904214888080202339, -2.948886831232667927 ) ) ;
#1677 = EDGE_CURVE ( 'NONE', #135, #779, #1186, .T. ) ;
#1678 = LINE ( 'NONE', #1958, #1924 ) ;
#1679 = CIRCLE ( 'NONE', #735, 0.4999999996355874998 ) ;
#1680 = EDGE_CURVE ( 'NONE', #2375, #84, #2387, .T. ) ;
#1681 = AXIS2_PLACEMENT_3D ( 'NONE', #613, #2184, #1130 ) ;
#1682 = CYLINDRICAL_SURFACE ( 'NONE', #3238, 0.2500000000000000000 ) ;
#1684 = DIRECTION ( 'NONE',  ( 1.000000000000000000, -0.0000000000000000000, 0.0000000000000000000 ) ) ;
#1683 = CARTESIAN_POINT ( 'NONE',  ( 1.350000000000000533, 4.301034567187278945, 5.259928687042120465 ) ) ;
#1685 = ORIENTED_EDGE ( 'NONE', *, *, #53, .F. ) ;
#1686 = LINE ( 'NONE', #3051, #1849 ) ;
#1687 = AXIS2_PLACEMENT_3D ( 'NONE', #1825, #255, #1836 ) ;
#1688 = VECTOR ( 'NONE', #1228, 1000.000000000000000 ) ;
#1689 = CARTESIAN_POINT ( 'NONE',  ( -2.449999999999999734, 2.098991770000000479, 6.091719167000000823 ) ) ;
#1690 = VERTEX_POINT ( 'NONE', #1513 ) ;
#1691 = EDGE_LOOP ( 'NONE', ( #313, #1236, #383 ) ) ;
#1692 = ORIENTED_EDGE ( 'NONE', *, *, #2072, .T. ) ;
#1693 = CIRCLE ( 'NONE', #843, 0.9999999999958826269 ) ;
#1694 = EDGE_CURVE ( 'NONE', #2341, #2266, #1356, .T. ) ;
#1695 = ORIENTED_EDGE ( 'NONE', *, *, #2853, .F. ) ;
#1696 = VERTEX_POINT ( 'NONE', #479 ) ;
#1697 = CARTESIAN_POINT ( 'NONE',  ( 0.0000000000000000000, 0.0000000000000000000, -0.2500000000000000000 ) ) ;
#1698 = VERTEX_POINT ( 'NONE', #1797 ) ;
#1700 = CARTESIAN_POINT ( 'NONE',  ( -1.463049553749999898, 1.844981318999999953, 3.925371821000000150 ) ) ;
#1699 = CARTESIAN_POINT ( 'NONE',  ( 0.0000000000000000000, -1.220304643706872083, 0.3413701927906876987 ) ) ;
#1701 = VECTOR ( 'NONE', #376, 1000.000000000000227 ) ;
#1702 = ORIENTED_EDGE ( 'NONE', *, *, #2327, .F. ) ;
#1703 = CARTESIAN_POINT ( 'NONE',  ( 2.242731195012344525, -2.134124962979301543, 6.166914561010969464 ) ) ;
#1704 = CIRCLE ( 'NONE', #3295, 0.5000000000000002220 ) ;
#1705 = ADVANCED_FACE ( 'NONE', ( #979 ), #618, .F. ) ;
#1706 = EDGE_CURVE ( 'NONE', #2963, #167, #1725, .T. ) ;
#1707 = ORIENTED_EDGE ( 'NONE', *, *, #684, .T. ) ;
#1708 = ORIENTED_EDGE ( 'NONE', *, *, #1262, .F. ) ;
#1709 = DIRECTION ( 'NONE',  ( 1.000000000000000000, 0.0000000000000000000, -0.0000000000000000000 ) ) ;
#1710 = AXIS2_PLACEMENT_3D ( 'NONE', #1756, #739, #2839 ) ;
#1711 = CARTESIAN_POINT ( 'NONE',  ( -2.449999999999999734, 1.750000000000000222, 3.500000000000000000 ) ) ;
#1713 = DIRECTION ( 'NONE',  ( 0.0000000000000000000, 0.0000000000000000000, -1.000000000000000000 ) ) ;
#1712 = CARTESIAN_POINT ( 'NONE',  ( 0.0000000000000000000, 1.500000000000000000, 0.0000000000000000000 ) ) ;
#1714 = DIRECTION ( 'NONE',  ( 0.0000000000000000000, 0.0000000000000000000, -1.000000000000000000 ) ) ;
#1715 = EDGE_CURVE ( 'NONE', #1173, #1853, #2661, .T. ) ;
#1716 = AXIS2_PLACEMENT_3D ( 'NONE', #2539, #1230, #2030 ) ;
#1717 = CARTESIAN_POINT ( 'NONE',  ( -0.5496620932284336236, 2.182087776437235949, -2.827533801752856402 ) ) ;
#1718 = ADVANCED_FACE ( 'NONE', ( #807 ), #3319, .F. ) ;
#1720 = CARTESIAN_POINT ( 'NONE',  ( 0.5500000000000000444, 1.750000000000000222, 0.2500000000000000000 ) ) ;
#1719 = FILL_AREA_STYLE ('',( #1188 ) ) ;
#1721 = VECTOR ( 'NONE', #2527, 1000.000000000000114 ) ;
#1722 = DIRECTION ( 'NONE',  ( 0.0000000000000000000, 1.000000000000000000, 0.0000000000000000000 ) ) ;
#1723 = DIRECTION ( 'NONE',  ( 0.0000000000000000000, 0.0000000000000000000, -1.000000000000000000 ) ) ;
#1724 = EDGE_CURVE ( 'NONE', #2051, #1828, #692, .T. ) ;
#1725 = LINE ( 'NONE', #2817, #371 ) ;
#1726 = CARTESIAN_POINT ( 'NONE',  ( -3.783378293334507259, 3.193239541177181007, 3.905156307410230454 ) ) ;
#1727 = FACE_OUTER_BOUND ( 'NONE', #2955, .T. ) ;
#1728 = EDGE_CURVE ( 'NONE', #3005, #2024, #208, .T. ) ;
#1729 = AXIS2_PLACEMENT_3D ( 'NONE', #830, #2694, #1136 ) ;
#1730 = ORIENTED_EDGE ( 'NONE', *, *, #3274, .T. ) ;
#1731 = DIRECTION ( 'NONE',  ( -0.0000000000000000000, 1.000000000000000000, 0.0000000000000000000 ) ) ;
#1732 = EDGE_LOOP ( 'NONE', ( #47, #2556, #2866, #3116, #346, #987, #2721, #3374 ) ) ;
#1733 = CYLINDRICAL_SURFACE ( 'NONE', #2060, 0.2500000000000000000 ) ;
#1734 = CARTESIAN_POINT ( 'NONE',  ( 2.349999999999999645, 1.500000000000000000, 0.0000000000000000000 ) ) ;
#1735 = ORIENTED_EDGE ( 'NONE', *, *, #45, .T. ) ;
#1736 = AXIS2_PLACEMENT_3D ( 'NONE', #3198, #2167, #1659 ) ;
#1737 = VERTEX_POINT ( 'NONE', #996 ) ;
#1738 = ORIENTED_EDGE ( 'NONE', *, *, #340, .T. ) ;
#1739 = DIRECTION ( 'NONE',  ( 0.0000000000000000000, -0.0000000000000000000, 1.000000000000000000 ) ) ;
#1740 = DIRECTION ( 'NONE',  ( 0.7182164982214033211, 0.0000000000000000000, -0.6958197048679959362 ) ) ;
#1741 = VERTEX_POINT ( 'NONE', #1557 ) ;
#1742 = VERTEX_POINT ( 'NONE', #3354 ) ;
#1743 = CIRCLE ( 'NONE', #1710, 1.499999999688166552 ) ;
#1744 = EDGE_LOOP ( 'NONE', ( #2153, #4, #1324, #2370 ) ) ;
#1745 = FACE_OUTER_BOUND ( 'NONE', #2309, .T. ) ;
#1746 = CARTESIAN_POINT ( 'NONE',  ( 0.5500000000000000444, 0.0000000000000000000, 3.649999999999999911 ) ) ;
#1747 = CARTESIAN_POINT ( 'NONE',  ( 2.349999999999999645, -2.034891342113042345, 5.425670619548253804 ) ) ;
#1748 = VERTEX_POINT ( 'NONE', #722 ) ;
#1749 = EDGE_CURVE ( 'NONE', #2049, #920, #1514, .T. ) ;
#1750 = CARTESIAN_POINT ( 'NONE',  ( -2.449999999986416377, -2.098991769613514080, 6.091719167302870552 ) ) ;
#1751 = CARTESIAN_POINT ( 'NONE',  ( -2.449999999999999734, -1.250000000000000000, 0.2500000000000000000 ) ) ;
#1752 = ORIENTED_EDGE ( 'NONE', *, *, #2117, .T. ) ;
#1753 = EDGE_CURVE ( 'NONE', #704, #3286, #1603, .T. ) ;
#1754 = DIRECTION ( 'NONE',  ( -1.000000000000000000, -0.0000000000000000000, -0.0000000000000000000 ) ) ;
#1755 = DIRECTION ( 'NONE',  ( -1.000000000000000000, -0.0000000000000000000, -0.0000000000000000000 ) ) ;
#1756 = CARTESIAN_POINT ( 'NONE',  ( 1.350000000000000089, -3.021496722000000190, 4.295799023000000716 ) ) ;
#1757 = EDGE_CURVE ( 'NONE', #1975, #2773, #3247, .T. ) ;
#1758 = ORIENTED_EDGE ( 'NONE', *, *, #2458, .F. ) ;
#1759 =( BOUNDED_CURVE ( )  B_SPLINE_CURVE ( 3, ( #2285, #2806, #717, #1984 ),
 .UNSPECIFIED., .F., .F. ) 
 B_SPLINE_CURVE_WITH_KNOTS ( ( 4, 4 ),
 ( 1.570796327065384412, 1.600790360452213124 ),
 .UNSPECIFIED. ) 
 CURVE ( )  GEOMETRIC_REPRESENTATION_ITEM ( )  RATIONAL_B_SPLINE_CURVE ( ( 1.000000000000000000, 0.9999250312352201409, 0.9999250312352201409, 1.000000000000000000 ) ) 
 REPRESENTATION_ITEM ( '' )  );
#1760 = VECTOR ( 'NONE', #439, 1000.000000000000000 ) ;
#1761 = CARTESIAN_POINT ( 'NONE',  ( -0.5500000000000001554, 1.250000000000000000, 0.2500000000000000000 ) ) ;
#1762 = FACE_OUTER_BOUND ( 'NONE', #2388, .T. ) ;
#1763 = DIRECTION ( 'NONE',  ( 1.000000000000000000, 0.0000000000000000000, -0.0000000000000000000 ) ) ;
#1764 = FACE_OUTER_BOUND ( 'NONE', #1744, .T. ) ;
#1765 = DIRECTION ( 'NONE',  ( 0.0000000000000000000, 0.0000000000000000000, -1.000000000000000000 ) ) ;
#1766 = EDGE_CURVE ( 'NONE', #2595, #664, #1930, .T. ) ;
#1767 = ORIENTED_EDGE ( 'NONE', *, *, #2008, .T. ) ;
#1768 = VECTOR ( 'NONE', #2260, 1000.000000000000000 ) ;
#1769 = VERTEX_POINT ( 'NONE', #1533 ) ;
#1770 = VERTEX_POINT ( 'NONE', #224 ) ;
#1771 = EDGE_LOOP ( 'NONE', ( #3231, #2748, #2179, #582, #3347, #672 ) ) ;
#1772 = LINE ( 'NONE', #2397, #1327 ) ;
#1773 = AXIS2_PLACEMENT_3D ( 'NONE', #2693, #2973, #1141 ) ;
#1774 = DIRECTION ( 'NONE',  ( 0.0000000000000000000, -0.9630825045307418453, 0.2692064068085932016 ) ) ;
#1775 = ORIENTED_EDGE ( 'NONE', *, *, #852, .T. ) ;
#1776 = DIRECTION ( 'NONE',  ( 0.0000000000000000000, 0.9050186814774067168, -0.4253718210893809859 ) ) ;
#1777 = ORIENTED_EDGE ( 'NONE', *, *, #1177, .T. ) ;
#1778 = AXIS2_PLACEMENT_3D ( 'NONE', #3194, #2162, #89 ) ;
#1780 = DIRECTION ( 'NONE',  ( 1.000000000000000000, 0.0000000000000000000, 0.0000000000000000000 ) ) ;
#1779 = CARTESIAN_POINT ( 'NONE',  ( 0.0000000000000000000, 1.250000000000000000, 0.0000000000000000000 ) ) ;
#1781 = FACE_OUTER_BOUND ( 'NONE', #2753, .T. ) ;
#1782 = VERTEX_POINT ( 'NONE', #2578 ) ;
#1783 = CYLINDRICAL_SURFACE ( 'NONE', #260, 0.5000000007868328211 ) ;
#1784 = DIRECTION ( 'NONE',  ( 0.7182164982214033211, 0.0000000000000000000, 0.6958197048679959362 ) ) ;
#1785 = DIRECTION ( 'NONE',  ( 1.000000000000000000, 0.0000000000000000000, 0.0000000000000000000 ) ) ;
#1786 = ORIENTED_EDGE ( 'NONE', *, *, #2185, .F. ) ;
#1787 = VERTEX_POINT ( 'NONE', #1549 ) ;
#1788 = EDGE_CURVE ( 'NONE', #1416, #1937, #3211, .T. ) ;
#1790 = DIRECTION ( 'NONE',  ( 0.0000000000000000000, -7.806255629611194875E-15, -1.000000000000000000 ) ) ;
#1789 = DIRECTION ( 'NONE',  ( 0.0000000000000000000, -0.2693993228931602646, -0.9630285586755498173 ) ) ;
#1791 = ADVANCED_FACE ( 'NONE', ( #485 ), #2865, .T. ) ;
#1792 = AXIS2_PLACEMENT_3D ( 'NONE', #2315, #3341, #211 ) ;
#1793 = CARTESIAN_POINT ( 'NONE',  ( -0.5446391459622421660, 1.909205302939744664, -3.049250836438900603 ) ) ;
#1794 = CYLINDRICAL_SURFACE ( 'NONE', #885, 0.5500000000000000444 ) ;
#1795 =( BOUNDED_CURVE ( )  B_SPLINE_CURVE ( 3, ( #1750, #721, #210, #1592 ),
 .UNSPECIFIED., .F., .F. ) 
 B_SPLINE_CURVE_WITH_KNOTS ( ( 4, 4 ),
 ( 4.464035016579044779, 4.712388980896016655 ),
 .UNSPECIFIED. ) 
 CURVE ( )  GEOMETRIC_REPRESENTATION_ITEM ( )  RATIONAL_B_SPLINE_CURVE ( ( 1.000000000000000000, 0.9948666271406866324, 0.9948666271406866324, 1.000000000000000000 ) ) 
 REPRESENTATION_ITEM ( '' )  );
#1796 = DIRECTION ( 'NONE',  ( 0.0000000000000000000, 0.2692064068085931461, -0.9630825045307417342 ) ) ;
#1797 = CARTESIAN_POINT ( 'NONE',  ( -0.5500000000000001554, 1.250000000000000000, -0.2500000000000000000 ) ) ;
#1798 = CYLINDRICAL_SURFACE ( 'NONE', #1072, 0.5000000000000000000 ) ;
#1799 = CARTESIAN_POINT ( 'NONE',  ( 0.5318970623851891899, 1.922524321396789970, -3.096862666796425412 ) ) ;
#1800 = DIRECTION ( 'NONE',  ( -1.000000000000000000, -0.0000000000000000000, -0.0000000000000000000 ) ) ;
#1801 = EDGE_LOOP ( 'NONE', ( #298, #1572, #1325, #2881, #1916, #1894, #3220, #175 ) ) ;
#1802 = CARTESIAN_POINT ( 'NONE',  ( -2.449999999999999734, 2.034891341943030785, 5.425670620062016170 ) ) ;
#1803 = EDGE_CURVE ( 'NONE', #2479, #304, #1235, .T. ) ;
#1805 = CARTESIAN_POINT ( 'NONE',  ( -0.4760991073767291137, -1.844981318449070873, 3.925371821226852465 ) ) ;
#1804 = LINE ( 'NONE', #943, #3066 ) ;
#1806 = VERTEX_POINT ( 'NONE', #1578 ) ;
#1807 = ORIENTED_EDGE ( 'NONE', *, *, #237, .T. ) ;
#1808 = ORIENTED_EDGE ( 'NONE', *, *, #2386, .F. ) ;
#1809 = CARTESIAN_POINT ( 'NONE',  ( 0.4760991073709283650, -1.594981318313016594, 3.925371821290062346 ) ) ;
#1810 = LINE ( 'NONE', #2592, #531 ) ;
#1811 = EDGE_CURVE ( 'NONE', #2357, #3070, #527, .T. ) ;
#1812 = VERTEX_POINT ( 'NONE', #2081 ) ;
#1813 = ORIENTED_EDGE ( 'NONE', *, *, #970, .T. ) ;
#1814 = ORIENTED_EDGE ( 'NONE', *, *, #6, .F. ) ;
#1815 = EDGE_LOOP ( 'NONE', ( #1493, #2270, #3050, #88, #2113, #625, #2199, #2303 ) ) ;
#1816 = AXIS2_PLACEMENT_3D ( 'NONE', #488, #1016, #13 ) ;
#1817 = LINE ( 'NONE', #2795, #955 ) ;
#1818 = CARTESIAN_POINT ( 'NONE',  ( 0.5500000000000003775, -1.761314003333313893, 3.649999999984002930 ) ) ;
#1819 = ORIENTED_EDGE ( 'NONE', *, *, #2290, .F. ) ;
#1820 = PLANE ( 'NONE',  #121 ) ;
#1821 = CARTESIAN_POINT ( 'NONE',  ( 0.5500000000000002665, -1.922497348067762069, -2.827559801408103368 ) ) ;
#1822 = EDGE_CURVE ( 'NONE', #1980, #463, #2892, .T. ) ;
#1823 = CYLINDRICAL_SURFACE ( 'NONE', #2939, 0.9999999995445423284 ) ;
#1824 =( GEOMETRIC_REPRESENTATION_CONTEXT ( 3 ) GLOBAL_UNCERTAINTY_ASSIGNED_CONTEXT ( ( #2157 ) ) GLOBAL_UNIT_ASSIGNED_CONTEXT ( ( #465, #229, #1524 ) ) REPRESENTATION_CONTEXT ( 'NONE', 'WORKASPACE' ) );
#1825 = CARTESIAN_POINT ( 'NONE',  ( 0.0000000000000000000, 2.012220655999999774, 0.0000000000000000000 ) ) ;
#1826 = ORIENTED_EDGE ( 'NONE', *, *, #165, .T. ) ;
#1827 = CARTESIAN_POINT ( 'NONE',  ( 2.022254986787306308, 2.230840122314005747, 6.301431642743238193 ) ) ;
#1828 = VERTEX_POINT ( 'NONE', #2065 ) ;
#1829 = ORIENTED_EDGE ( 'NONE', *, *, #1085, .T. ) ;
#1830 = CARTESIAN_POINT ( 'NONE',  ( 2.349999999999999645, -1.702574877963902722, 5.425670619821167051 ) ) ;
#1831 = CARTESIAN_POINT ( 'NONE',  ( -2.449999999999999734, 0.0000000000000000000, 0.0000000000000000000 ) ) ;
#1832 = CARTESIAN_POINT ( 'NONE',  ( -2.449999999999999734, -2.674829179999999695, 5.659597042999999772 ) ) ;
#1833 = CARTESIAN_POINT ( 'NONE',  ( 0.0000000000000000000, 2.097183807875064421, 4.461956412058721178 ) ) ;
#1834 = EDGE_CURVE ( 'NONE', #1608, #1433, #3061, .T. ) ;
#1835 = DIRECTION ( 'NONE',  ( 1.000000000000000000, -0.0000000000000000000, 0.0000000000000000000 ) ) ;
#1836 = DIRECTION ( 'NONE',  ( 0.0000000000000000000, -0.0000000000000000000, -1.000000000000000000 ) ) ;
#1837 = AXIS2_PLACEMENT_3D ( 'NONE', #3350, #597, #2953 ) ;
#1838 = CARTESIAN_POINT ( 'NONE',  ( -0.5500000000000001554, 1.761314003803425843, 3.649999999948746243 ) ) ;
#1839 = CARTESIAN_POINT ( 'NONE',  ( 2.349999999999999645, -1.250000000000000000, 0.0000000000000000000 ) ) ;
#1840 = ADVANCED_FACE ( 'NONE', ( #1143 ), #2704, .T. ) ;
#1841 = CARTESIAN_POINT ( 'NONE',  ( -2.449999999999999734, 2.750000000000000000, 3.500000000000000000 ) ) ;
#1842 = VECTOR ( 'NONE', #1559, 1000.000000000000000 ) ;
#1843 = AXIS2_PLACEMENT_3D ( 'NONE', #2495, #3235, #912 ) ;
#1844 = FACE_OUTER_BOUND ( 'NONE', #1198, .T. ) ;
#1845 = CARTESIAN_POINT ( 'NONE',  ( 1.350000000000000089, 0.9026485477000000257, 4.803252983000001031 ) ) ;
#1846 = VECTOR ( 'NONE', #646, 1000.000000000000227 ) ;
#1847 = CARTESIAN_POINT ( 'NONE',  ( -2.449999999999999734, 1.500000000000000000, 0.2500000000000000000 ) ) ;
#1848 = VERTEX_POINT ( 'NONE', #2099 ) ;
#1849 = VECTOR ( 'NONE', #995, 1000.000000000000227 ) ;
#1850 = CARTESIAN_POINT ( 'NONE',  ( -0.5500000000000000444, -1.922497348414591967, -2.827559801811066809 ) ) ;
#1851 = DIRECTION ( 'NONE',  ( 0.0000000000000000000, -1.000000000000000000, -0.0000000000000000000 ) ) ;
#1852 = EDGE_CURVE ( 'NONE', #2266, #486, #1679, .T. ) ;
#1853 = VERTEX_POINT ( 'NONE', #2378 ) ;
#1854 = CARTESIAN_POINT ( 'NONE',  ( -0.5500000000000000444, -1.612220655999999863, -0.6500000000000001332 ) ) ;
#1855 = ORIENTED_EDGE ( 'NONE', *, *, #1834, .T. ) ;
#1856 = ORIENTED_EDGE ( 'NONE', *, *, #2273, .T. ) ;
#1857 = FACE_OUTER_BOUND ( 'NONE', #3168, .T. ) ;
#1858 = VECTOR ( 'NONE', #2659, 999.9999999999998863 ) ;
#1859 = EDGE_LOOP ( 'NONE', ( #1538, #2608, #745, #2535, #2844, #431, #3253 ) ) ;
#1860 = CARTESIAN_POINT ( 'NONE',  ( -0.5500000000000001554, -1.250000000000000000, 0.2500000000000000000 ) ) ;
#1861 = ADVANCED_FACE ( 'NONE', ( #1402 ), #2615, .F. ) ;
#1862 = CARTESIAN_POINT ( 'NONE',  ( 2.349999999999999645, -1.500000000000000000, 3.499999999999999556 ) ) ;
#1863 = ORIENTED_EDGE ( 'NONE', *, *, #399, .F. ) ;
#1864 = DIRECTION ( 'NONE',  ( 1.000000000000000000, 0.0000000000000000000, 0.0000000000000000000 ) ) ;
#1865 = FACE_OUTER_BOUND ( 'NONE', #2868, .T. ) ;
#1866 = DIRECTION ( 'NONE',  ( -1.000000000000000000, 0.0000000000000000000, -0.0000000000000000000 ) ) ;
#1867 = AXIS2_PLACEMENT_3D ( 'NONE', #440, #1763, #2805 ) ;
#1868 = VERTEX_POINT ( 'NONE', #3125 ) ;
#1870 = DIRECTION ( 'NONE',  ( 0.0000000000000000000, -0.0000000000000000000, -1.000000000000000000 ) ) ;
#1869 = DIRECTION ( 'NONE',  ( -5.876502180638527820E-16, -0.8891220197450185880, -0.4576702240746483574 ) ) ;
#1871 = CARTESIAN_POINT ( 'NONE',  ( 0.0000000000000000000, 1.750000000000000222, 0.0000000000000000000 ) ) ;
#1872 = CARTESIAN_POINT ( 'NONE',  ( -0.5500000000000000444, 1.762220655999999996, 0.0000000000000000000 ) ) ;
#1873 = ADVANCED_FACE ( 'NONE', ( #2214 ), #1482, .T. ) ;
#1874 = CARTESIAN_POINT ( 'NONE',  ( 1.350000000000000089, 1.807667228935035730, 4.377881162027535744 ) ) ;
#1875 = EDGE_CURVE ( 'NONE', #167, #1976, #1318, .T. ) ;
#1877 = CARTESIAN_POINT ( 'NONE',  ( 0.5500000000000003775, -1.761314003333313893, 3.649999999984002930 ) ) ;
#1876 = DIRECTION ( 'NONE',  ( 0.0000000000000000000, 0.4576702240746483019, -0.8891220197450184770 ) ) ;
#1878 = CIRCLE ( 'NONE', #197, 0.5000000005986691143 ) ;
#1879 = AXIS2_PLACEMENT_3D ( 'NONE', #22, #2424, #1108 ) ;
#1880 = DIRECTION ( 'NONE',  ( 0.0000000000000000000, 0.0000000000000000000, -1.000000000000000000 ) ) ;
#1881 = VECTOR ( 'NONE', #157, 1000.000000000000000 ) ;
#1882 = DIRECTION ( 'NONE',  ( 0.0000000000000000000, 0.0000000000000000000, -1.000000000000000000 ) ) ;
#1883 = EDGE_CURVE ( 'NONE', #2017, #2519, #1438, .T. ) ;
#1884 = AXIS2_PLACEMENT_3D ( 'NONE', #235, #751, #1789 ) ;
#1885 = VECTOR ( 'NONE', #311, 1000.000000000000000 ) ;
#1886 = DIRECTION ( 'NONE',  ( -1.000000000000000000, -0.0000000000000000000, 0.0000000000000000000 ) ) ;
#1887 = ORIENTED_EDGE ( 'NONE', *, *, #2516, .F. ) ;
#1888 = CARTESIAN_POINT ( 'NONE',  ( 0.0000000000000000000, 2.182087776682943403, -2.827533802190901113 ) ) ;
#1889 = VECTOR ( 'NONE', #1346, 1000.000000000000000 ) ;
#1890 = ADVANCED_FACE ( 'NONE', ( #763 ), #1317, .T. ) ;
#1892 = CARTESIAN_POINT ( 'NONE',  ( -0.5500000000000001554, -1.683012701946109857, 0.0000000000000000000 ) ) ;
#1891 = DIRECTION ( 'NONE',  ( -0.0000000000000000000, 0.0000000000000000000, 1.000000000000000000 ) ) ;
#1893 = EDGE_LOOP ( 'NONE', ( #3031, #342, #640, #1979 ) ) ;
#1894 = ORIENTED_EDGE ( 'NONE', *, *, #358, .T. ) ;
#1895 = ORIENTED_EDGE ( 'NONE', *, *, #2587, .F. ) ;
#1896 = VECTOR ( 'NONE', #501, 1000.000000000000000 ) ;
#1897 = CARTESIAN_POINT ( 'NONE',  ( -0.5500000000000000444, -1.750000000000000222, 0.0000000000000000000 ) ) ;
#1898 = DIRECTION ( 'NONE',  ( 1.000000000000000000, -0.0000000000000000000, 0.0000000000000000000 ) ) ;
#1899 = VERTEX_POINT ( 'NONE', #1839 ) ;
#1900 = EDGE_LOOP ( 'NONE', ( #3149, #1380, #2744, #2317, #39, #2018 ) ) ;
#1901 = ORIENTED_EDGE ( 'NONE', *, *, #484, .F. ) ;
#1902 = EDGE_CURVE ( 'NONE', #2792, #2807, #2112, .T. ) ;
#1903 = ORIENTED_EDGE ( 'NONE', *, *, #3096, .F. ) ;
#1904 = FACE_OUTER_BOUND ( 'NONE', #3342, .T. ) ;
#1905 = CARTESIAN_POINT ( 'NONE',  ( 0.2378887317075603081, 2.038556518412170782, 4.337221322478931107 ) ) ;
#1906 = ORIENTED_EDGE ( 'NONE', *, *, #3043, .T. ) ;
#1907 = ORIENTED_EDGE ( 'NONE', *, *, #1033, .T. ) ;
#1908 = AXIS2_PLACEMENT_3D ( 'NONE', #608, #2440, #1870 ) ;
#1910 = DIRECTION ( 'NONE',  ( 0.0000000000000000000, 0.0000000000000000000, -1.000000000000000000 ) ) ;
#1909 = DIRECTION ( 'NONE',  ( 1.000000000000000000, 0.0000000000000000000, -0.0000000000000000000 ) ) ;
#1911 = FACE_OUTER_BOUND ( 'NONE', #1196, .T. ) ;
#1912 = ORIENTED_EDGE ( 'NONE', *, *, #3160, .F. ) ;
#1913 = AXIS2_PLACEMENT_3D ( 'NONE', #450, #2281, #1527 ) ;
#1914 = ADVANCED_FACE ( 'NONE', ( #2043 ), #937, .T. ) ;
#1915 = VERTEX_POINT ( 'NONE', #279 ) ;
#1916 = ORIENTED_EDGE ( 'NONE', *, *, #1680, .T. ) ;
#1918 = DIRECTION ( 'NONE',  ( -1.000000000000000000, -0.0000000000000000000, -0.0000000000000000000 ) ) ;
#1917 = CARTESIAN_POINT ( 'NONE',  ( -2.449999999999999734, -2.097183807901053854, 4.461956412114009396 ) ) ;
#1919 = CARTESIAN_POINT ( 'NONE',  ( 0.0000000000000000000, -1.976836999102000059, 4.200000000000000178 ) ) ;
#1920 = CARTESIAN_POINT ( 'NONE',  ( -0.5500000000000001554, 1.904214888269325057, -2.948886831199055258 ) ) ;
#1921 = EDGE_CURVE ( 'NONE', #1936, #1529, #3200, .T. ) ;
#1922 = CARTESIAN_POINT ( 'NONE',  ( 0.4853429494386106713, 2.182114749332344950, -3.096836666773088886 ) ) ;
#1923 = EDGE_CURVE ( 'NONE', #489, #2589, #2815, .T. ) ;
#1924 = VECTOR ( 'NONE', #1449, 1000.000000000000000 ) ;
#1925 = PLANE ( 'NONE',  #2125 ) ;
#1926 = CARTESIAN_POINT ( 'NONE',  ( -2.449999999999999734, 0.0000000000000000000, 0.0000000000000000000 ) ) ;
#1927 = LINE ( 'NONE', #44, #729 ) ;
#1928 = AXIS2_PLACEMENT_3D ( 'NONE', #1192, #1487, #3262 ) ;
#1929 = DIRECTION ( 'NONE',  ( 1.000000000000000000, 0.0000000000000000000, 0.0000000000000000000 ) ) ;
#1930 = LINE ( 'NONE', #473, #2582 ) ;
#1931 = EDGE_CURVE ( 'NONE', #749, #620, #2937, .T. ) ;
#1932 = ORIENTED_EDGE ( 'NONE', *, *, #1441, .T. ) ;
#1933 = MECHANICAL_DESIGN_GEOMETRIC_PRESENTATION_REPRESENTATION (  '', ( #1345 ), #1824 ) ;
#1934 = FACE_OUTER_BOUND ( 'NONE', #1056, .T. ) ;
#1935 = VERTEX_POINT ( 'NONE', #2886 ) ;
#1936 = VERTEX_POINT ( 'NONE', #309 ) ;
#1937 = VERTEX_POINT ( 'NONE', #244 ) ;
#1938 = CYLINDRICAL_SURFACE ( 'NONE', #1561, 0.9999999999958826269 ) ;
#1940 = DIRECTION ( 'NONE',  ( 0.0000000000000000000, -0.9630285586755498173, -0.2693993228931602646 ) ) ;
#1939 = CARTESIAN_POINT ( 'NONE',  ( -0.05000000000000012768, 2.034891341935435527, 5.425670619983843146 ) ) ;
#1941 = ORIENTED_EDGE ( 'NONE', *, *, #207, .F. ) ;
#1942 = CARTESIAN_POINT ( 'NONE',  ( 0.0000000000000000000, 1.751034567117746965, 1.431817929407781964 ) ) ;
#1943 = CARTESIAN_POINT ( 'NONE',  ( 0.5500000000000000444, 1.762220655999999996, -0.5000000000000000000 ) ) ;
#1944 = ORIENTED_EDGE ( 'NONE', *, *, #639, .F. ) ;
#1945 = VECTOR ( 'NONE', #324, 1000.000000000000000 ) ;
#1946 = EDGE_CURVE ( 'NONE', #2241, #3224, #690, .T. ) ;
#1947 = CARTESIAN_POINT ( 'NONE',  ( 2.349999999999999645, 1.882052867000000296, 6.269109732000000434 ) ) ;
#1948 = LINE ( 'NONE', #1401, #353 ) ;
#1949 = DIRECTION ( 'NONE',  ( -1.000000000000000000, 0.0000000000000000000, -0.0000000000000000000 ) ) ;
#1951 = DIRECTION ( 'NONE',  ( 1.000000000000000000, 0.0000000000000000000, 0.0000000000000000000 ) ) ;
#1950 = DIRECTION ( 'NONE',  ( 1.000000000000000000, 0.0000000000000000000, 0.0000000000000000000 ) ) ;
#1952 = ORIENTED_EDGE ( 'NONE', *, *, #2534, .T. ) ;
#1953 = ORIENTED_EDGE ( 'NONE', *, *, #2645, .F. ) ;
#1955 = CARTESIAN_POINT ( 'NONE',  ( 2.349999999999999645, -1.500000000000000000, 0.0000000000000000000 ) ) ;
#1954 = PLANE ( 'NONE',  #1547 ) ;
#1956 = CARTESIAN_POINT ( 'NONE',  ( 0.5500000000000000444, 2.750000000000000000, 3.500000000000000000 ) ) ;
#1957 = AXIS2_PLACEMENT_3D ( 'NONE', #362, #2972, #2211 ) ;
#1958 = CARTESIAN_POINT ( 'NONE',  ( 0.0000000000000000000, 1.750000000000000222, 3.500000000000000000 ) ) ;
#1959 = ADVANCED_FACE ( 'NONE', ( #614 ), #1523, .T. ) ;
#1960 = SURFACE_STYLE_USAGE ( .BOTH. , #122 ) ;
#1961 = CARTESIAN_POINT ( 'NONE',  ( -2.449999999999999734, 2.500000000000000000, 3.500000000000000000 ) ) ;
#1962 = EDGE_CURVE ( 'NONE', #3355, #3286, #2385, .T. ) ;
#1963 = VECTOR ( 'NONE', #352, 1000.000000000000227 ) ;
#1964 = LINE ( 'NONE', #2246, #405 ) ;
#1965 = DIRECTION ( 'NONE',  ( 1.000000000000000000, 0.0000000000000000000, 0.0000000000000000000 ) ) ;
#1966 = AXIS2_PLACEMENT_3D ( 'NONE', #2780, #2515, #433 ) ;
#1967 = DIRECTION ( 'NONE',  ( 0.0000000000000000000, 0.0000000000000000000, -1.000000000000000000 ) ) ;
#1968 = VECTOR ( 'NONE', #2604, 1000.000000000000000 ) ;
#1969 = CARTESIAN_POINT ( 'NONE',  ( 0.5500000000000000444, -2.012220655999999774, -0.6500000000000001332 ) ) ;
#1970 = ORIENTED_EDGE ( 'NONE', *, *, #808, .T. ) ;
#1971 = LINE ( 'NONE', #827, #1246 ) ;
#1972 = VECTOR ( 'NONE', #2026, 1000.000000000000000 ) ;
#1973 = CARTESIAN_POINT ( 'NONE',  ( 1.350000000000000089, 2.500000000000000000, 3.500000000000000000 ) ) ;
#1974 = DIRECTION ( 'NONE',  ( 0.0000000000000000000, 0.0000000000000000000, -1.000000000000000000 ) ) ;
#1975 = VERTEX_POINT ( 'NONE', #1872 ) ;
#1976 = VERTEX_POINT ( 'NONE', #2159 ) ;
#1977 = ORIENTED_EDGE ( 'NONE', *, *, #509, .F. ) ;
#1978 = B_SPLINE_CURVE_WITH_KNOTS ( 'NONE', 3,
 ( #144, #402, #927, #3017 ),
 .UNSPECIFIED., .F., .F.,
 ( 4, 4 ),
 ( 5.100024505525558273E-14, 0.0002987271456649728558 ),
 .UNSPECIFIED. ) ;
#1979 = ORIENTED_EDGE ( 'NONE', *, *, #2339, .T. ) ;
#1980 = VERTEX_POINT ( 'NONE', #290 ) ;
#1981 = ORIENTED_EDGE ( 'NONE', *, *, #2085, .F. ) ;
#1982 = ORIENTED_EDGE ( 'NONE', *, *, #1146, .F. ) ;
#1984 = CARTESIAN_POINT ( 'NONE',  ( -2.449999999999999734, -1.882052867186767564, 6.269109731743777836 ) ) ;
#1983 =( NAMED_UNIT ( * ) PLANE_ANGLE_UNIT ( ) SI_UNIT ( $, .RADIAN. ) );
#1985 = LINE ( 'NONE', #1435, #2062 ) ;
#1986 = EDGE_CURVE ( 'NONE', #135, #1088, #3288, .T. ) ;
#1987 = ORIENTED_EDGE ( 'NONE', *, *, #3009, .F. ) ;
#1988 = CARTESIAN_POINT ( 'NONE',  ( 3.747378293335130284, -3.162854891647706612, 3.867997552412873574 ) ) ;
#1989 = LINE ( 'NONE', #1444, #1253 ) ;
#1990 = EDGE_CURVE ( 'NONE', #1288, #2330, #285, .T. ) ;
#1991 = ORIENTED_EDGE ( 'NONE', *, *, #1224, .T. ) ;
#1992 = DIRECTION ( 'NONE',  ( 0.0000000000000000000, -8.673617381687185133E-16, -1.000000000000000000 ) ) ;
#1993 = VERTEX_POINT ( 'NONE', #1098 ) ;
#1994 = DIRECTION ( 'NONE',  ( -1.000000000000000000, -0.0000000000000000000, -0.0000000000000000000 ) ) ;
#1995 = ORIENTED_EDGE ( 'NONE', *, *, #1822, .F. ) ;
#1997 = CARTESIAN_POINT ( 'NONE',  ( 2.022254986127367538, -2.230840122552100624, 6.301431642981844661 ) ) ;
#1996 = CARTESIAN_POINT ( 'NONE',  ( 0.0000000000000000000, 1.922524321181206641, -3.096862666949308895 ) ) ;
#1998 = DIRECTION ( 'NONE',  ( 0.0000000000000000000, 0.0000000000000000000, -1.000000000000000000 ) ) ;
#1999 = EDGE_CURVE ( 'NONE', #3233, #1433, #445, .T. ) ;
#2000 = CARTESIAN_POINT ( 'NONE',  ( 0.5500000000000000444, 1.250000000000000000, 0.2500000000000000000 ) ) ;
#2002 = CARTESIAN_POINT ( 'NONE',  ( 0.5499999994820239380, 1.902860606581135539, -2.999873056514093417 ) ) ;
#2001 = DIRECTION ( 'NONE',  ( 0.0000000000000000000, 0.0000000000000000000, -1.000000000000000000 ) ) ;
#2003 = LINE ( 'NONE', #1047, #611 ) ;
#2004 = ORIENTED_EDGE ( 'NONE', *, *, #1220, .T. ) ;
#2006 = CARTESIAN_POINT ( 'NONE',  ( 0.5500000000000002665, 1.922497348505200376, -2.827559801836394549 ) ) ;
#2005 = PLANE ( 'NONE',  #63 ) ;
#2007 = DIRECTION ( 'NONE',  ( 0.5999999999948069096, -0.5064108254956166677, 0.6193125832946395626 ) ) ;
#2008 = EDGE_CURVE ( 'NONE', #2438, #2746, #805, .T. ) ;
#2009 = LINE ( 'NONE', #1689, #1846 ) ;
#2010 = EDGE_CURVE ( 'NONE', #2829, #84, #1927, .T. ) ;
#2011 = AXIS2_PLACEMENT_3D ( 'NONE', #437, #1244, #2808 ) ;
#2012 = ORIENTED_EDGE ( 'NONE', *, *, #2876, .T. ) ;
#2014 = CARTESIAN_POINT ( 'NONE',  ( 0.5500000000000000444, -1.500000000000000000, 3.500000000000000000 ) ) ;
#2013 = CARTESIAN_POINT ( 'NONE',  ( -0.5500000000000001554, -1.511314003333313671, 3.649999999984002930 ) ) ;
#2015 = VERTEX_POINT ( 'NONE', #2934 ) ;
#2016 = AXIS2_PLACEMENT_3D ( 'NONE', #1319, #3133, #1594 ) ;
#2017 = VERTEX_POINT ( 'NONE', #1632 ) ;
#2018 = ORIENTED_EDGE ( 'NONE', *, *, #2446, .T. ) ;
#2019 = PLANE ( 'NONE',  #2925 ) ;
#2020 = VECTOR ( 'NONE', #69, 1000.000000000000000 ) ;
#2021 = DIRECTION ( 'NONE',  ( -1.000000000000000000, 0.0000000000000000000, -0.0000000000000000000 ) ) ;
#2022 = ORIENTED_EDGE ( 'NONE', *, *, #3242, .T. ) ;
#2023 = DIRECTION ( 'NONE',  ( 0.0000000000000000000, 6.071532165918824830E-15, -1.000000000000000000 ) ) ;
#2024 = VERTEX_POINT ( 'NONE', #851 ) ;
#2025 = LINE ( 'NONE', #2933, #2148 ) ;
#2027 = CARTESIAN_POINT ( 'NONE',  ( 0.0000000000000000000, -1.900688451544182644, 6.292610574555023817 ) ) ;
#2026 = DIRECTION ( 'NONE',  ( 1.000000000000000000, 0.0000000000000000000, -0.0000000000000000000 ) ) ;
#2028 = ORIENTED_EDGE ( 'NONE', *, *, #1344, .F. ) ;
#2029 = EDGE_CURVE ( 'NONE', #3233, #954, #1640, .T. ) ;
#2031 = CARTESIAN_POINT ( 'NONE',  ( -0.4853432489480551393, -2.182114594890312453, -3.096836115034485637 ) ) ;
#2030 = DIRECTION ( 'NONE',  ( 0.0000000000000000000, 0.0000000000000000000, -1.000000000000000000 ) ) ;
#2032 = DIRECTION ( 'NONE',  ( 0.7999999998255410416, 0.3798081192834499853, 0.4644844376354312354 ) ) ;
#2033 = ORIENTED_EDGE ( 'NONE', *, *, #788, .T. ) ;
#2034 = AXIS2_PLACEMENT_3D ( 'NONE', #1832, #856, #3368 ) ;
#2035 =( LENGTH_UNIT ( ) NAMED_UNIT ( * ) SI_UNIT ( .MILLI., .METRE. ) );
#2036 = DIRECTION ( 'NONE',  ( 0.0000000000000000000, 0.0000000000000000000, -1.000000000000000000 ) ) ;
#2037 = AXIS2_PLACEMENT_3D ( 'NONE', #356, #2738, #637 ) ;
#2038 = DIRECTION ( 'NONE',  ( 1.000000000000000000, 0.0000000000000000000, -0.0000000000000000000 ) ) ;
#2039 = DIRECTION ( 'NONE',  ( 0.0000000000000000000, 0.0000000000000000000, -1.000000000000000000 ) ) ;
#2040 = FACE_OUTER_BOUND ( 'NONE', #1691, .T. ) ;
#2041 = B_SPLINE_CURVE_WITH_KNOTS ( 'NONE', 3,
 ( #3212, #878, #1407, #2733 ),
 .UNSPECIFIED., .F., .F.,
 ( 4, 4 ),
 ( 2.676226864996275996E-09, 0.0002817042495142611119 ),
 .UNSPECIFIED. ) ;
#2042 = PLANE ( 'NONE',  #3324 ) ;
#2043 = FACE_OUTER_BOUND ( 'NONE', #2308, .T. ) ;
#2044 = CARTESIAN_POINT ( 'NONE',  ( 1.350000000000000089, -3.021496722000000190, 4.295799023000000716 ) ) ;
#2045 =( BOUNDED_CURVE ( )  B_SPLINE_CURVE ( 3, ( #3127, #796, #2078, #2609 ),
 .UNSPECIFIED., .F., .F. ) 
 B_SPLINE_CURVE_WITH_KNOTS ( ( 4, 4 ),
 ( 1.540802293185579597, 1.570796326524408038 ),
 .UNSPECIFIED. ) 
 CURVE ( )  GEOMETRIC_REPRESENTATION_ITEM ( )  RATIONAL_B_SPLINE_CURVE ( ( 1.000000000000000000, 0.9999250312354601711, 0.9999250312354601711, 1.000000000000000000 ) ) 
 REPRESENTATION_ITEM ( '' )  );
#2046 = CARTESIAN_POINT ( 'NONE',  ( 2.349999999999999645, -1.250000000000000000, -0.2500000000000000000 ) ) ;
#2047 = EDGE_CURVE ( 'NONE', #1112, #823, #930, .T. ) ;
#2048 = ORIENTED_EDGE ( 'NONE', *, *, #520, .F. ) ;
#2049 = VERTEX_POINT ( 'NONE', #2121 ) ;
#2050 = VERTEX_POINT ( 'NONE', #1623 ) ;
#2051 = VERTEX_POINT ( 'NONE', #804 ) ;
#2052 = AXIS2_PLACEMENT_3D ( 'NONE', #1205, #959, #3021 ) ;
#2053 = CARTESIAN_POINT ( 'NONE',  ( 2.349999999999999645, -2.098991769808981722, 6.091719167156195880 ) ) ;
#2054 = ORIENTED_EDGE ( 'NONE', *, *, #2346, .T. ) ;
#2055 = DIRECTION ( 'NONE',  ( 0.0000000000000000000, 0.0000000000000000000, -1.000000000000000000 ) ) ;
#2056 = ORIENTED_EDGE ( 'NONE', *, *, #2085, .T. ) ;
#2057 = ORIENTED_EDGE ( 'NONE', *, *, #2541, .T. ) ;
#2058 = EDGE_CURVE ( 'NONE', #184, #2830, #33, .T. ) ;
#2059 = ORIENTED_EDGE ( 'NONE', *, *, #1247, .T. ) ;
#2060 = AXIS2_PLACEMENT_3D ( 'NONE', #512, #1835, #1313 ) ;
#2061 = CARTESIAN_POINT ( 'NONE',  ( 0.0000000000000000000, 2.243761908000000638, -2.606895377999999930 ) ) ;
#2062 = VECTOR ( 'NONE', #2759, 1000.000000000000000 ) ;
#2063 = ORIENTED_EDGE ( 'NONE', *, *, #3160, .T. ) ;
#2064 = VECTOR ( 'NONE', #2470, 1000.000000000000227 ) ;
#2065 = CARTESIAN_POINT ( 'NONE',  ( -2.122254986127366738, -2.230840122552100624, 6.301431642981845549 ) ) ;
#2066 = FILL_AREA_STYLE ('',( #974 ) ) ;
#2067 = DIRECTION ( 'NONE',  ( 0.0000000000000000000, 0.0000000000000000000, -1.000000000000000000 ) ) ;
#2068 = CARTESIAN_POINT ( 'NONE',  ( 0.5500000000000000444, 2.012220655999999774, 0.0000000000000000000 ) ) ;
#2069 = VERTEX_POINT ( 'NONE', #2944 ) ;
#2070 = DIRECTION ( 'NONE',  ( 0.0000000000000000000, 0.7741407290922617257, -0.6330135318936724875 ) ) ;
#2071 = DIRECTION ( 'NONE',  ( 0.0000000000000000000, 0.0000000000000000000, -1.000000000000000000 ) ) ;
#2072 = EDGE_CURVE ( 'NONE', #511, #1458, #2821, .T. ) ;
#2073 = DIRECTION ( 'NONE',  ( -0.0000000000000000000, -0.0000000000000000000, 1.000000000000000000 ) ) ;
#2074 = CARTESIAN_POINT ( 'NONE',  ( 0.5498873752758252076, 2.184446998613813751, -2.819093715668210987 ) ) ;
#2075 = ORIENTED_EDGE ( 'NONE', *, *, #1788, .T. ) ;
#2076 = CARTESIAN_POINT ( 'NONE',  ( -0.4760991074584270955, 1.594981318653570845, 3.925371821138781581 ) ) ;
#2077 = CARTESIAN_POINT ( 'NONE',  ( 1.350000000000000089, 2.904615282999999604, 4.325729058999999488 ) ) ;
#2078 = CARTESIAN_POINT ( 'NONE',  ( 2.323345132811662772, -1.894359337417548694, 6.284870416676625382 ) ) ;
#2079 = CARTESIAN_POINT ( 'NONE',  ( -2.232919151269949776, 2.178301186687334745, 6.237179415146671957 ) ) ;
#2080 = PLANE ( 'NONE',  #1884 ) ;
#2081 = CARTESIAN_POINT ( 'NONE',  ( 0.5500000000000000444, 1.250000000000000000, -0.2500000000000000000 ) ) ;
#2082 = VECTOR ( 'NONE', #1310, 1000.000000000000000 ) ;
#2083 = CARTESIAN_POINT ( 'NONE',  ( 1.350000000000000089, -1.711503911999999961, 5.391260636000001050 ) ) ;
#2084 = VECTOR ( 'NONE', #2673, 1000.000000000000227 ) ;
#2085 = EDGE_CURVE ( 'NONE', #789, #2069, #976, .T. ) ;
#2087 = PLANE ( 'NONE',  #2564 ) ;
#2086 = COLOUR_RGB ( '',0.6823529411764706065, 0.8196078431372548767, 0.6078431372549019107 ) ;
#2088 = ORIENTED_EDGE ( 'NONE', *, *, #1283, .F. ) ;
#2089 = ORIENTED_EDGE ( 'NONE', *, *, #2047, .T. ) ;
#2090 = DIRECTION ( 'NONE',  ( -1.000000000000000000, -0.0000000000000000000, 0.0000000000000000000 ) ) ;
#2091 = FACE_OUTER_BOUND ( 'NONE', #257, .T. ) ;
#2092 = DIRECTION ( 'NONE',  ( 0.0000000000000000000, 6.071532165918827197E-15, -1.000000000000000000 ) ) ;
#2093 = ADVANCED_FACE ( 'NONE', ( #525 ), #331, .T. ) ;
#2094 = EDGE_CURVE ( 'NONE', #1935, #707, #78, .T. ) ;
#2095 = ORIENTED_EDGE ( 'NONE', *, *, #1677, .F. ) ;
#2096 = ORIENTED_EDGE ( 'NONE', *, *, #2778, .T. ) ;
#2097 = VERTEX_POINT ( 'NONE', #367 ) ;
#2098 = CIRCLE ( 'NONE', #1209, 0.2500000000000000000 ) ;
#2099 = CARTESIAN_POINT ( 'NONE',  ( 1.350000000000000089, 2.097183808172320418, 4.461956412528894411 ) ) ;
#2100 = ORIENTED_EDGE ( 'NONE', *, *, #2169, .T. ) ;
#2101 = AXIS2_PLACEMENT_3D ( 'NONE', #3124, #765, #2092 ) ;
#2102 = LINE ( 'NONE', #1263, #3039 ) ;
#2103 = CARTESIAN_POINT ( 'NONE',  ( 0.0000000000000000000, 1.750000000000000222, 3.500000000000000000 ) ) ;
#2104 = ORIENTED_EDGE ( 'NONE', *, *, #1834, .F. ) ;
#2105 = DIRECTION ( 'NONE',  ( 1.000000000000000000, 0.0000000000000000000, 0.0000000000000000000 ) ) ;
#2106 = EDGE_CURVE ( 'NONE', #2474, #947, #1017, .T. ) ;
#2107 = LINE ( 'NONE', #978, #711 ) ;
#2108 = DIRECTION ( 'NONE',  ( -0.7999999998255410416, -0.3798081192834500963, 0.4644844376354313464 ) ) ;
#2109 = EDGE_LOOP ( 'NONE', ( #256, #1117, #2846, #1808, #833 ) ) ;
#2110 = CARTESIAN_POINT ( 'NONE',  ( -0.5500000000000000444, -1.762220655999999996, -2.472292174999999315 ) ) ;
#2111 = ORIENTED_EDGE ( 'NONE', *, *, #108, .F. ) ;
#2112 =( BOUNDED_CURVE ( )  B_SPLINE_CURVE ( 3, ( #1063, #1028, #1308, #1827 ),
 .UNSPECIFIED., .F., .F. ) 
 B_SPLINE_CURVE_WITH_KNOTS ( ( 4, 4 ),
 ( 1.322442363006130384, 1.570796326868697079 ),
 .UNSPECIFIED. ) 
 CURVE ( )  GEOMETRIC_REPRESENTATION_ITEM ( )  RATIONAL_B_SPLINE_CURVE ( ( 1.000000000000000000, 0.9948666271594472921, 0.9948666271594472921, 1.000000000000000000 ) ) 
 REPRESENTATION_ITEM ( '' )  );
#2113 = ORIENTED_EDGE ( 'NONE', *, *, #3176, .F. ) ;
#2114 = ADVANCED_FACE ( 'NONE', ( #2468 ), #2172, .T. ) ;
#2115 = DIRECTION ( 'NONE',  ( 0.0000000000000000000, 0.0000000000000000000, -1.000000000000000000 ) ) ;
#2116 = CARTESIAN_POINT ( 'NONE',  ( 0.0000000000000000000, -1.750000000000000222, 3.500000000000000000 ) ) ;
#2117 = EDGE_CURVE ( 'NONE', #3081, #3286, #2255, .T. ) ;
#2118 = DIRECTION ( 'NONE',  ( 1.000000000000000000, -0.0000000000000000000, 0.0000000000000000000 ) ) ;
#2119 = MECHANICAL_DESIGN_GEOMETRIC_PRESENTATION_REPRESENTATION (  '', ( #1357 ), #2302 ) ;
#2120 = CARTESIAN_POINT ( 'NONE',  ( -0.5499999999999999334, -1.711503911999999961, 5.391260636000000162 ) ) ;
#2121 = CARTESIAN_POINT ( 'NONE',  ( 0.5496621620670468777, 2.182088506539045181, -2.827531191139957656 ) ) ;
#2122 = DIRECTION ( 'NONE',  ( 0.0000000000000000000, 0.0000000000000000000, -1.000000000000000000 ) ) ;
#2123 = EDGE_CURVE ( 'NONE', #1899, #3081, #2741, .T. ) ;
#2124 = LINE ( 'NONE', #3204, #282 ) ;
#2125 = AXIS2_PLACEMENT_3D ( 'NONE', #74, #1423, #378 ) ;
#2126 = DIRECTION ( 'NONE',  ( 0.0000000000000000000, 0.0000000000000000000, -1.000000000000000000 ) ) ;
#2127 = ADVANCED_FACE ( 'NONE', ( #205 ), #1925, .T. ) ;
#2128 = DIRECTION ( 'NONE',  ( 0.0000000000000000000, 0.0000000000000000000, -1.000000000000000000 ) ) ;
#2129 = VECTOR ( 'NONE', #2977, 1000.000000000000000 ) ;
#2130 = DIRECTION ( 'NONE',  ( 1.000000000000000000, 0.0000000000000000000, 0.0000000000000000000 ) ) ;
#2131 = CARTESIAN_POINT ( 'NONE',  ( -0.5500000000182090343, 1.526482413446627273, 3.749978628008303616 ) ) ;
#2132 = ORIENTED_EDGE ( 'NONE', *, *, #2936, .T. ) ;
#2133 = DIRECTION ( 'NONE',  ( 1.971276677246369793E-16, 1.000000000000000000, 3.097476188563449433E-28 ) ) ;
#2134 = EDGE_CURVE ( 'NONE', #1040, #2241, #1599, .T. ) ;
#2135 = ORIENTED_EDGE ( 'NONE', *, *, #686, .F. ) ;
#2136 = ORIENTED_EDGE ( 'NONE', *, *, #771, .T. ) ;
#2137 = ORIENTED_EDGE ( 'NONE', *, *, #1931, .T. ) ;
#2138 = CIRCLE ( 'NONE', #3137, 0.9999999995445423284 ) ;
#2139 = ORIENTED_EDGE ( 'NONE', *, *, #529, .T. ) ;
#2140 = CARTESIAN_POINT ( 'NONE',  ( 0.5500000000000000444, -2.012220655999999774, -2.438008540999999862 ) ) ;
#2141 = VERTEX_POINT ( 'NONE', #877 ) ;
#2142 = ORIENTED_EDGE ( 'NONE', *, *, #1706, .F. ) ;
#2143 = AXIS2_PLACEMENT_3D ( 'NONE', #1466, #1940, #2213 ) ;
#2145 = CARTESIAN_POINT ( 'NONE',  ( -0.4760991074584270955, 1.594981318653570845, 3.925371821138781581 ) ) ;
#2144 = CARTESIAN_POINT ( 'NONE',  ( 1.350000000000000089, 1.500000000235040876, 3.499999999372053416 ) ) ;
#2146 = ORIENTED_EDGE ( 'NONE', *, *, #1555, .F. ) ;
#2147 = DIRECTION ( 'NONE',  ( 0.0000000000000000000, 0.0000000000000000000, -1.000000000000000000 ) ) ;
#2148 = VECTOR ( 'NONE', #633, 1000.000000000000000 ) ;
#2149 = ORIENTED_EDGE ( 'NONE', *, *, #604, .T. ) ;
#2150 = ADVANCED_FACE ( 'NONE', ( #2975 ), #599, .F. ) ;
#2151 = DIRECTION ( 'NONE',  ( 0.0000000000000000000, -5.204170427930421283E-15, -1.000000000000000000 ) ) ;
#2152 = VECTOR ( 'NONE', #65, 1000.000000000000000 ) ;
#2153 = ORIENTED_EDGE ( 'NONE', *, *, #250, .F. ) ;
#2154 = CARTESIAN_POINT ( 'NONE',  ( 0.5500000000000002665, 2.516265668669902755, -0.7033611721235705216 ) ) ;
#2156 = CARTESIAN_POINT ( 'NONE',  ( -0.2084922955290460789, 2.262220656291291654, -3.383193273384320854 ) ) ;
#2155 = CARTESIAN_POINT ( 'NONE',  ( -0.5500000000000001554, -1.511314003333313671, 3.649999999984002930 ) ) ;
#2157 = UNCERTAINTY_MEASURE_WITH_UNIT (LENGTH_MEASURE( 1.000000000000000082E-05 ), #465, 'distance_accuracy_value', 'NONE');
#2158 = CARTESIAN_POINT ( 'NONE',  ( 0.0000000000000000000, -1.750000000000000222, 0.0000000000000000000 ) ) ;
#2159 = CARTESIAN_POINT ( 'NONE',  ( -1.450000000000001066, 2.550000000126924071, 6.691746616731800934 ) ) ;
#2160 = EDGE_CURVE ( 'NONE', #2181, #50, #3208, .T. ) ;
#2161 = EDGE_CURVE ( 'NONE', #50, #2050, #164, .T. ) ;
#2162 = DIRECTION ( 'NONE',  ( 1.000000000000000000, 0.0000000000000000000, 0.0000000000000000000 ) ) ;
#2163 = ADVANCED_FACE ( 'NONE', ( #1844 ), #3132, .F. ) ;
#2165 = CARTESIAN_POINT ( 'NONE',  ( 0.0000000000000000000, 2.262220656000000218, -0.5000000000000000000 ) ) ;
#2164 = CARTESIAN_POINT ( 'NONE',  ( 0.0000000000000000000, 4.301034567187278945, 5.259928687042120465 ) ) ;
#2166 = AXIS2_PLACEMENT_3D ( 'NONE', #559, #1379, #3186 ) ;
#2167 = DIRECTION ( 'NONE',  ( 1.000000000000000000, 0.0000000000000000000, 0.0000000000000000000 ) ) ;
#2168 = ORIENTED_EDGE ( 'NONE', *, *, #2236, .F. ) ;
#2169 = EDGE_CURVE ( 'NONE', #167, #3174, #1353, .T. ) ;
#2170 = AXIS2_PLACEMENT_3D ( 'NONE', #107, #318, #2147 ) ;
#2171 = VECTOR ( 'NONE', #2436, 1000.000000000000000 ) ;
#2172 = PLANE ( 'NONE',  #1778 ) ;
#2173 = FACE_OUTER_BOUND ( 'NONE', #2400, .T. ) ;
#2174 = CARTESIAN_POINT ( 'NONE',  ( -0.5500000000000000444, -1.762220655999999996, -0.5000000000000000000 ) ) ;
#2175 = ORIENTED_EDGE ( 'NONE', *, *, #2750, .F. ) ;
#2176 = ORIENTED_EDGE ( 'NONE', *, *, #542, .F. ) ;
#2177 = CIRCLE ( 'NONE', #1716, 0.5000000000000000000 ) ;
#2178 = CARTESIAN_POINT ( 'NONE',  ( 0.5500000000000000444, -2.262220656000000218, -0.5000000000000000000 ) ) ;
#2179 = ORIENTED_EDGE ( 'NONE', *, *, #3277, .F. ) ;
#2180 = ORIENTED_EDGE ( 'NONE', *, *, #1473, .F. ) ;
#2181 = VERTEX_POINT ( 'NONE', #2223 ) ;
#2182 = ADVANCED_FACE ( 'NONE', ( #1762 ), #1178, .F. ) ;
#2183 = FACE_OUTER_BOUND ( 'NONE', #1859, .T. ) ;
#2184 = DIRECTION ( 'NONE',  ( 1.000000000000000000, 0.0000000000000000000, -0.0000000000000000000 ) ) ;
#2185 = EDGE_CURVE ( 'NONE', #1741, #1535, #2820, .T. ) ;
#2186 = ORIENTED_EDGE ( 'NONE', *, *, #117, .T. ) ;
#2187 = CARTESIAN_POINT ( 'NONE',  ( -0.5500000000000001554, -1.250000000000000000, 0.2500000000000000000 ) ) ;
#2188 = VECTOR ( 'NONE', #444, 1000.000000000000227 ) ;
#2189 = EDGE_LOOP ( 'NONE', ( #3103, #1167, #134, #3086 ) ) ;
#2191 = CARTESIAN_POINT ( 'NONE',  ( -2.449999999999999734, 2.750000000000000000, 3.500000000000000000 ) ) ;
#2190 = CARTESIAN_POINT ( 'NONE',  ( -2.449999999999999734, -2.750000000000000000, 3.500000000000000000 ) ) ;
#2192 = ORIENTED_EDGE ( 'NONE', *, *, #757, .F. ) ;
#2193 = VECTOR ( 'NONE', #3067, 1000.000000000000000 ) ;
#2194 = CARTESIAN_POINT ( 'NONE',  ( -0.5500000000000000444, 0.0000000000000000000, -0.2500000000000000000 ) ) ;
#2195 = CARTESIAN_POINT ( 'NONE',  ( 1.349999999987447685, 2.550000000126923627, 6.691746616731800934 ) ) ;
#2196 = ORIENTED_EDGE ( 'NONE', *, *, #639, .T. ) ;
#2197 = AXIS2_PLACEMENT_3D ( 'NONE', #70, #1866, #339 ) ;
#2198 = ORIENTED_EDGE ( 'NONE', *, *, #1645, .T. ) ;
#2199 = ORIENTED_EDGE ( 'NONE', *, *, #1224, .F. ) ;
#2200 = CARTESIAN_POINT ( 'NONE',  ( 0.5229154659865189458, 1.806937275193332360, 3.844429528528536366 ) ) ;
#2201 = DIRECTION ( 'NONE',  ( -0.0000000000000000000, -0.0000000000000000000, 1.000000000000000000 ) ) ;
#2202 = ADVANCED_FACE ( 'NONE', ( #3020 ), #761, .F. ) ;
#2204 = CARTESIAN_POINT ( 'NONE',  ( -0.2599149713915058224, 2.035298676856899913, -3.500000000547577095 ) ) ;
#2203 = CARTESIAN_POINT ( 'NONE',  ( 0.5500000000000000444, 1.612220655999999863, -0.2500000000000000000 ) ) ;
#2205 = DIRECTION ( 'NONE',  ( 1.000000000000000000, 0.0000000000000000000, 0.0000000000000000000 ) ) ;
#2206 = DIRECTION ( 'NONE',  ( 0.0000000000000000000, 0.0000000000000000000, -1.000000000000000000 ) ) ;
#2207 = EDGE_CURVE ( 'NONE', #530, #2375, #369, .T. ) ;
#2208 = DIRECTION ( 'NONE',  ( 0.0000000000000000000, 0.0000000000000000000, -1.000000000000000000 ) ) ;
#2209 = CARTESIAN_POINT ( 'NONE',  ( 1.350000000000000089, 0.2047647034784014219, 0.09624236117562305626 ) ) ;
#2210 = CIRCLE ( 'NONE', #1879, 1.500000000517424326 ) ;
#2211 = DIRECTION ( 'NONE',  ( 0.0000000000000000000, -0.2692064068085931461, -0.9630825045307417342 ) ) ;
#2213 = DIRECTION ( 'NONE',  ( 0.0000000000000000000, 0.2693993228931602646, -0.9630285586755498173 ) ) ;
#2212 = DIRECTION ( 'NONE',  ( 1.000000000000000000, 0.0000000000000000000, -0.0000000000000000000 ) ) ;
#2214 = FACE_OUTER_BOUND ( 'NONE', #2189, .T. ) ;
#2215 = ORIENTED_EDGE ( 'NONE', *, *, #857, .F. ) ;
#2217 = CARTESIAN_POINT ( 'NONE',  ( 0.4760991075000000072, 2.500000000000000000, 3.500000000000000000 ) ) ;
#2216 = DIRECTION ( 'NONE',  ( -1.000000000000000000, -0.0000000000000000000, 0.0000000000000000000 ) ) ;
#2218 = VECTOR ( 'NONE', #394, 1000.000000000000000 ) ;
#2219 = B_SPLINE_CURVE_WITH_KNOTS ( 'NONE', 3,
 ( #2343, #2356, #2371, #3361 ),
 .UNSPECIFIED., .F., .F.,
 ( 4, 4 ),
 ( 3.442343885952436985E-14, 0.0002991365083754283193 ),
 .UNSPECIFIED. ) ;
#2220 = ORIENTED_EDGE ( 'NONE', *, *, #2660, .F. ) ;
#2221 = SURFACE_STYLE_FILL_AREA ( #2066 ) ;
#2222 = EDGE_LOOP ( 'NONE', ( #791, #960, #1907, #2215, #388 ) ) ;
#2223 = CARTESIAN_POINT ( 'NONE',  ( 0.5500000000000000444, -1.993761908153759421, -2.572611744514054610 ) ) ;
#2224 = ORIENTED_EDGE ( 'NONE', *, *, #3309, .T. ) ;
#2225 = ORIENTED_EDGE ( 'NONE', *, *, #2430, .T. ) ;
#2226 = CIRCLE ( 'NONE', #3218, 0.5000000000000000000 ) ;
#2227 = CARTESIAN_POINT ( 'NONE',  ( 0.5500000000000000444, -1.511314003331963640, 3.649999999975104714 ) ) ;
#2228 = ORIENTED_EDGE ( 'NONE', *, *, #2895, .F. ) ;
#2229 = ORIENTED_EDGE ( 'NONE', *, *, #1468, .F. ) ;
#2230 = EDGE_LOOP ( 'NONE', ( #95, #2879, #1509, #713 ) ) ;
#2232 = PLANE ( 'NONE',  #2283 ) ;
#2231 = DIRECTION ( 'NONE',  ( -1.000000000000000000, -0.0000000000000000000, -0.0000000000000000000 ) ) ;
#2233 = CARTESIAN_POINT ( 'NONE',  ( 0.5318970623851891899, 1.922524321396789970, -3.096862666796425412 ) ) ;
#2234 = EDGE_LOOP ( 'NONE', ( #1695, #64, #2833, #815, #455, #543, #2917, #3121, #1492, #1738, #1550, #1448, #2904 ) ) ;
#2235 = VECTOR ( 'NONE', #676, 1000.000000000000000 ) ;
#2236 = EDGE_CURVE ( 'NONE', #1078, #2798, #522, .T. ) ;
#2237 = ORIENTED_EDGE ( 'NONE', *, *, #2010, .T. ) ;
#2238 = CIRCLE ( 'NONE', #1558, 1.000000000000000000 ) ;
#2239 = CARTESIAN_POINT ( 'NONE',  ( -0.5500000000000000444, -2.012220655999999774, -2.438008540999999862 ) ) ;
#2240 = DIRECTION ( 'NONE',  ( -0.0000000000000000000, 0.0000000000000000000, 1.000000000000000000 ) ) ;
#2241 = VERTEX_POINT ( 'NONE', #2239 ) ;
#2242 = VERTEX_POINT ( 'NONE', #939 ) ;
#2243 = CARTESIAN_POINT ( 'NONE',  ( 0.4760991073709284760, 1.594981318313016594, 3.925371821290062346 ) ) ;
#2244 = EDGE_CURVE ( 'NONE', #2395, #2479, #565, .T. ) ;
#2245 = AXIS2_PLACEMENT_3D ( 'NONE', #413, #2205, #917 ) ;
#2246 = CARTESIAN_POINT ( 'NONE',  ( 0.5500000000000000444, 0.0000000000000000000, 0.0000000000000000000 ) ) ;
#2248 = CARTESIAN_POINT ( 'NONE',  ( -0.0000000000000000000, 1.612220655999999863, -0.2500000000000000000 ) ) ;
#2247 = CARTESIAN_POINT ( 'NONE',  ( -0.05000000000000012768, 1.900688450999999946, 6.292610574999999429 ) ) ;
#2249 = CARTESIAN_POINT ( 'NONE',  ( 0.5500000000000000444, 2.262220656000000218, -0.5000000000000000000 ) ) ;
#2250 = DIRECTION ( 'NONE',  ( -1.000000000000000000, 0.0000000000000000000, -0.0000000000000000000 ) ) ;
#2251 = EDGE_CURVE ( 'NONE', #2519, #2261, #1678, .T. ) ;
#2252 = ADVANCED_FACE ( 'NONE', ( #160 ), #1226, .F. ) ;
#2253 = LINE ( 'NONE', #2353, #2082 ) ;
#2254 = AXIS2_PLACEMENT_3D ( 'NONE', #2690, #1650, #2679 ) ;
#2255 = LINE ( 'NONE', #1638, #2300 ) ;
#2257 = CARTESIAN_POINT ( 'NONE',  ( 1.350000000000000089, 1.844981318765211542, 3.925371820500466402 ) ) ;
#2256 = DIRECTION ( 'NONE',  ( 0.0000000000000000000, 0.0000000000000000000, -1.000000000000000000 ) ) ;
#2258 = EDGE_CURVE ( 'NONE', #2141, #823, #2466, .T. ) ;
#2259 = VECTOR ( 'NONE', #1470, 1000.000000000000000 ) ;
#2260 = DIRECTION ( 'NONE',  ( 0.0000000000000000000, -1.000000000000000000, -0.0000000000000000000 ) ) ;
#2261 = VERTEX_POINT ( 'NONE', #3278 ) ;
#2262 = ORIENTED_EDGE ( 'NONE', *, *, #2835, .T. ) ;
#2263 = FACE_OUTER_BOUND ( 'NONE', #3343, .T. ) ;
#2264 = CARTESIAN_POINT ( 'NONE',  ( 0.5500000000000000444, -1.250000000000000000, 0.2500000000000000000 ) ) ;
#2265 = EDGE_LOOP ( 'NONE', ( #1199, #464, #681, #986, #2405, #7, #2786, #641, #1149, #1826, #350, #3188, #1970, #2192, #1671, #2196, #1459, #1414, #1981, #2349, #1154, #270, #2319, #776, #359, #216, #393, #411 ) ) ;
#2266 = VERTEX_POINT ( 'NONE', #958 ) ;
#2267 = ORIENTED_EDGE ( 'NONE', *, *, #2561, .F. ) ;
#2268 = VECTOR ( 'NONE', #1050, 1000.000000000000000 ) ;
#2269 = DIRECTION ( 'NONE',  ( 1.000000000000000000, -0.0000000000000000000, 0.0000000000000000000 ) ) ;
#2270 = ORIENTED_EDGE ( 'NONE', *, *, #2691, .F. ) ;
#2271 = EDGE_LOOP ( 'NONE', ( #638, #2678, #2826, #2791 ) ) ;
#2272 = LINE ( 'NONE', #1285, #1207 ) ;
#2273 = EDGE_CURVE ( 'NONE', #3224, #156, #1229, .T. ) ;
#2274 = ORIENTED_EDGE ( 'NONE', *, *, #2010, .F. ) ;
#2276 = CARTESIAN_POINT ( 'NONE',  ( -0.5500000000000001554, -1.250000000000000000, 0.0000000000000000000 ) ) ;
#2275 = DIRECTION ( 'NONE',  ( 0.0000000000000000000, 0.0000000000000000000, -1.000000000000000000 ) ) ;
#2277 = DIRECTION ( 'NONE',  ( 0.0000000000000000000, 0.0000000000000000000, -1.000000000000000000 ) ) ;
#2278 = VECTOR ( 'NONE', #1669, 1000.000000000000000 ) ;
#2279 = EDGE_CURVE ( 'NONE', #2984, #3355, #1964, .T. ) ;
#2280 = VERTEX_POINT ( 'NONE', #929 ) ;
#2281 = DIRECTION ( 'NONE',  ( 1.000000000000000000, 0.0000000000000000000, 0.0000000000000000000 ) ) ;
#2282 = ORIENTED_EDGE ( 'NONE', *, *, #857, .T. ) ;
#2283 = AXIS2_PLACEMENT_3D ( 'NONE', #3246, #3282, #384 ) ;
#2285 = CARTESIAN_POINT ( 'NONE',  ( -2.410013951604232041, -1.900688451123868861, 6.292610574318673322 ) ) ;
#2284 = DIRECTION ( 'NONE',  ( 1.000000000000000000, 0.0000000000000000000, 0.0000000000000000000 ) ) ;
#2286 = ORIENTED_EDGE ( 'NONE', *, *, #1986, .F. ) ;
#2288 = CARTESIAN_POINT ( 'NONE',  ( 0.5499999995812624443, 2.189166519522332877, -2.802209689501651724 ) ) ;
#2287 = CARTESIAN_POINT ( 'NONE',  ( 2.349999999999999645, -1.750000000000000222, 0.2500000000000000000 ) ) ;
#2289 = CARTESIAN_POINT ( 'NONE',  ( -0.2378887317234578413, 1.788556518362786285, 4.337221322432631254 ) ) ;
#2290 = EDGE_CURVE ( 'NONE', #2097, #1208, #1399, .T. ) ;
#2291 = AXIS2_PLACEMENT_3D ( 'NONE', #223, #2336, #1796 ) ;
#2292 = CARTESIAN_POINT ( 'NONE',  ( 2.022254986127367538, -2.230840122552100624, 6.301431642981844661 ) ) ;
#2293 = CARTESIAN_POINT ( 'NONE',  ( -0.5500000000000000444, -1.762220655999999996, -0.5000000000000000000 ) ) ;
#2295 = CARTESIAN_POINT ( 'NONE',  ( 0.0000000000000000000, -1.750000000000000222, 0.2500000000000000000 ) ) ;
#2294 = CARTESIAN_POINT ( 'NONE',  ( -2.122254986787305953, 2.230840122314005747, 6.301431642743238193 ) ) ;
#2296 = LINE ( 'NONE', #2989, #1597 ) ;
#2297 = DIRECTION ( 'NONE',  ( -1.000000000000000000, -0.0000000000000000000, 0.0000000000000000000 ) ) ;
#2298 = DIRECTION ( 'NONE',  ( 0.0000000000000000000, 0.0000000000000000000, -1.000000000000000000 ) ) ;
#2299 = EDGE_CURVE ( 'NONE', #2589, #921, #73, .T. ) ;
#2300 = VECTOR ( 'NONE', #2712, 1000.000000000000000 ) ;
#2301 = VECTOR ( 'NONE', #3308, 1000.000000000000000 ) ;
#2302 =( GEOMETRIC_REPRESENTATION_CONTEXT ( 3 ) GLOBAL_UNCERTAINTY_ASSIGNED_CONTEXT ( ( #230 ) ) GLOBAL_UNIT_ASSIGNED_CONTEXT ( ( #150, #1983, #2743 ) ) REPRESENTATION_CONTEXT ( 'NONE', 'WORKASPACE' ) );
#2303 = ORIENTED_EDGE ( 'NONE', *, *, #3022, .F. ) ;
#2304 = CARTESIAN_POINT ( 'NONE',  ( 0.4853425314697474846, -2.182114965119505090, -3.096837439563068894 ) ) ;
#2305 = VECTOR ( 'NONE', #990, 1000.000000000000000 ) ;
#2307 = DIRECTION ( 'NONE',  ( 1.000000000000000000, 0.0000000000000000000, 0.0000000000000000000 ) ) ;
#2306 = FACE_OUTER_BOUND ( 'NONE', #1008, .T. ) ;
#2308 = EDGE_LOOP ( 'NONE', ( #2718, #2228, #1464, #2441 ) ) ;
#2309 = EDGE_LOOP ( 'NONE', ( #1952, #173, #1071, #3172 ) ) ;
#2310 = AXIS2_PLACEMENT_3D ( 'NONE', #2000, #3046, #1967 ) ;
#2311 = CLOSED_SHELL ( 'NONE', ( #547, #2647, #2401, #1387, #1012, #2658, #2202, #1331, #1654, #1148, #3203, #2856, #2320, #1718, #2182, #2682, #2878, #3126, #835, #2928, #1058, #1591, #1569, #137, #294, #2887, #2150, #1600, #66, #923, #316, #586, #49, #2163, #1959, #27, #14, #2730, #3271, #83, #2367, #795, #1400, #1861, #2909, #1890, #1840, #2452, #2127, #1095, #3138, #1347, #847, #1361, #2630, #2414, #154, #1620, #2613, #812, #351, #2715, #514, #1873, #1546, #396, #327, #3155, #275, #3189, #2252, #1472, #2429, #1046, #2382, #2093, #1705, #1791, #1914, #2696, #263, #2999, #561, #1634, #3371, #3164, #1204, #2114, #1315, #526, #1119, #2837, #781, #408, #3236, #1082 ) ) ;
#2313 = DIRECTION ( 'NONE',  ( 0.0000000000000000000, -0.0000000000000000000, 1.000000000000000000 ) ) ;
#2312 = DIRECTION ( 'NONE',  ( 1.000000000000000000, 0.0000000000000000000, 0.0000000000000000000 ) ) ;
#2314 = VECTOR ( 'NONE', #1062, 1000.000000000000000 ) ;
#2315 = CARTESIAN_POINT ( 'NONE',  ( 1.350000000000000089, -2.500000000000000000, 3.500000000000000000 ) ) ;
#2316 = ORIENTED_EDGE ( 'NONE', *, *, #1645, .F. ) ;
#2317 = ORIENTED_EDGE ( 'NONE', *, *, #883, .T. ) ;
#2318 = ORIENTED_EDGE ( 'NONE', *, *, #3187, .F. ) ;
#2319 = ORIENTED_EDGE ( 'NONE', *, *, #2850, .F. ) ;
#2320 = ADVANCED_FACE ( 'NONE', ( #3245 ), #2580, .F. ) ;
#2321 = B_SPLINE_CURVE_WITH_KNOTS ( 'NONE', 3,
 ( #2304, #1506, #467, #198 ),
 .UNSPECIFIED., .F., .F.,
 ( 4, 4 ),
 ( 8.919181988105601900E-10, 0.0002813589369208502550 ),
 .UNSPECIFIED. ) ;
#2322 = LINE ( 'NONE', #2248, #3147 ) ;
#2323 = CARTESIAN_POINT ( 'NONE',  ( 0.0000000000000000000, -2.262220656000000218, -0.5000000000000000000 ) ) ;
#2324 = ORIENTED_EDGE ( 'NONE', *, *, #2134, .T. ) ;
#2325 = DIRECTION ( 'NONE',  ( 0.0000000000000000000, 0.0000000000000000000, -1.000000000000000000 ) ) ;
#2326 = FACE_OUTER_BOUND ( 'NONE', #2948, .T. ) ;
#2327 = EDGE_CURVE ( 'NONE', #1698, #1163, #2657, .T. ) ;
#2328 = ORIENTED_EDGE ( 'NONE', *, *, #647, .T. ) ;
#2329 = DIRECTION ( 'NONE',  ( 0.0000000000000000000, -1.000000000000000000, 0.0000000000000000000 ) ) ;
#2330 = VERTEX_POINT ( 'NONE', #481 ) ;
#2331 = ORIENTED_EDGE ( 'NONE', *, *, #1054, .F. ) ;
#2332 = AXIS2_PLACEMENT_3D ( 'NONE', #295, #2882, #2122 ) ;
#2333 =( NAMED_UNIT ( * ) PLANE_ANGLE_UNIT ( ) SI_UNIT ( $, .RADIAN. ) );
#2334 = AXIS2_PLACEMENT_3D ( 'NONE', #1213, #3053, #1714 ) ;
#2335 = CARTESIAN_POINT ( 'NONE',  ( -2.449999999999999734, 2.098991769782404315, 6.091719167177928718 ) ) ;
#2336 = DIRECTION ( 'NONE',  ( 0.0000000000000000000, -0.9630825045307418453, -0.2692064068085932016 ) ) ;
#2337 = APPLICATION_CONTEXT ( 'automotive_design' ) ;
#2338 = CARTESIAN_POINT ( 'NONE',  ( -0.05000000000000012768, -2.034891342000000325, 5.425670620000000000 ) ) ;
#2339 = EDGE_CURVE ( 'NONE', #941, #2097, #366, .T. ) ;
#2340 = FACE_OUTER_BOUND ( 'NONE', #1551, .T. ) ;
#2341 = VERTEX_POINT ( 'NONE', #723 ) ;
#2342 = DIRECTION ( 'NONE',  ( 0.0000000000000000000, 0.4253718210893809859, 0.9050186814774067168 ) ) ;
#2343 = CARTESIAN_POINT ( 'NONE',  ( -0.4760991073767291137, -1.844981318449070873, 3.925371821226852465 ) ) ;
#2344 = VECTOR ( 'NONE', #1306, 1000.000000000000000 ) ;
#2345 = DIRECTION ( 'NONE',  ( 1.000000000000000000, 0.0000000000000000000, -0.0000000000000000000 ) ) ;
#2346 = EDGE_CURVE ( 'NONE', #1370, #1326, #933, .T. ) ;
#2347 = CIRCLE ( 'NONE', #354, 0.9999999995299181377 ) ;
#2348 = DIRECTION ( 'NONE',  ( 0.0000000000000000000, 0.0000000000000000000, -1.000000000000000000 ) ) ;
#2349 = ORIENTED_EDGE ( 'NONE', *, *, #1633, .F. ) ;
#2350 = ORIENTED_EDGE ( 'NONE', *, *, #225, .T. ) ;
#2351 = AXIS2_PLACEMENT_3D ( 'NONE', #1350, #1359, #842 ) ;
#2352 = CARTESIAN_POINT ( 'NONE',  ( 0.4760991074614651652, 1.844981318664914216, 3.925371821133529782 ) ) ;
#2353 = CARTESIAN_POINT ( 'NONE',  ( 0.5500000000000000444, 0.0000000000000000000, -0.2500000000000000000 ) ) ;
#2354 = EDGE_LOOP ( 'NONE', ( #682, #911, #189, #2588, #2075, #1249 ) ) ;
#2355 = CARTESIAN_POINT ( 'NONE',  ( -2.342731195204823536, 2.134124962864014652, 6.166914560918763222 ) ) ;
#2356 = CARTESIAN_POINT ( 'NONE',  ( -0.5229154659475253597, -1.806937274738640298, 3.844429528665618268 ) ) ;
#2357 = VERTEX_POINT ( 'NONE', #2053 ) ;
#2358 = ORIENTED_EDGE ( 'NONE', *, *, #1193, .F. ) ;
#2359 = LINE ( 'NONE', #850, #1609 ) ;
#2360 = EDGE_CURVE ( 'NONE', #1619, #1567, #2503, .T. ) ;
#2361 = ORIENTED_EDGE ( 'NONE', *, *, #2965, .T. ) ;
#2362 = VERTEX_POINT ( 'NONE', #967 ) ;
#2363 = CIRCLE ( 'NONE', #2417, 1.499999999688166552 ) ;
#2364 = ORIENTED_EDGE ( 'NONE', *, *, #3113, .F. ) ;
#2365 = CARTESIAN_POINT ( 'NONE',  ( 1.849999999999999867, -1.750000000000000222, 3.500000000000000000 ) ) ;
#2366 = FACE_OUTER_BOUND ( 'NONE', #2702, .T. ) ;
#2367 = ADVANCED_FACE ( 'NONE', ( #3162 ), #3301, .T. ) ;
#2368 = DIRECTION ( 'NONE',  ( 0.0000000000000000000, 0.0000000000000000000, -1.000000000000000000 ) ) ;
#2369 = CARTESIAN_POINT ( 'NONE',  ( 1.350000000000000089, 1.750000000235040876, 3.499999998842928228 ) ) ;
#2370 = ORIENTED_EDGE ( 'NONE', *, *, #2919, .T. ) ;
#2371 = CARTESIAN_POINT ( 'NONE',  ( -0.5500000000069006356, -1.776482412986625237, 3.749978628115860690 ) ) ;
#2372 = EDGE_CURVE ( 'NONE', #941, #306, #1268, .T. ) ;
#2373 = VERTEX_POINT ( 'NONE', #2558 ) ;
#2374 = CARTESIAN_POINT ( 'NONE',  ( 1.350000000000000533, 2.356464817986985594, 6.849999999762939495 ) ) ;
#2375 = VERTEX_POINT ( 'NONE', #186 ) ;
#2376 = AXIS2_PLACEMENT_3D ( 'NONE', #813, #2415, #2128 ) ;
#2377 = CARTESIAN_POINT ( 'NONE',  ( -0.5500000000000001554, 1.683012701946109635, -1.097212598742752375E-16 ) ) ;
#2378 = CARTESIAN_POINT ( 'NONE',  ( 1.350000000000000089, -1.844981318322295838, 3.925371821251026905 ) ) ;
#2379 = AXIS2_PLACEMENT_3D ( 'NONE', #1135, #1949, #103 ) ;
#2380 = CARTESIAN_POINT ( 'NONE',  ( 1.350000000000000089, -1.594981318299668160, 3.925371821261661509 ) ) ;
#2381 = CARTESIAN_POINT ( 'NONE',  ( 0.0000000000000000000, -2.182087776682943403, -2.827533802190901113 ) ) ;
#2382 = ADVANCED_FACE ( 'NONE', ( #845 ), #2542, .T. ) ;
#2383 = CIRCLE ( 'NONE', #2016, 0.9999999999999995559 ) ;
#2384 = CARTESIAN_POINT ( 'NONE',  ( -0.5229608174089188655, 1.806900421581267846, 3.844351118963140301 ) ) ;
#2385 = CIRCLE ( 'NONE', #2166, 0.2500000000000000000 ) ;
#2386 = EDGE_CURVE ( 'NONE', #2773, #2550, #973, .T. ) ;
#2387 = CIRCLE ( 'NONE', #1792, 1.000000000000000000 ) ;
#2388 = EDGE_LOOP ( 'NONE', ( #428, #1777, #2811, #2949, #1456, #3305, #421, #2262, #357, #2980, #3141, #828 ) ) ;
#2389 = VECTOR ( 'NONE', #2073, 1000.000000000000000 ) ;
#2390 = CIRCLE ( 'NONE', #2052, 1.499999999688166552 ) ;
#2391 = AXIS2_PLACEMENT_3D ( 'NONE', #1726, #2553, #1784 ) ;
#2392 = DIRECTION ( 'NONE',  ( 1.000000000000000000, 0.0000000000000000000, 0.0000000000000000000 ) ) ;
#2393 = ORIENTED_EDGE ( 'NONE', *, *, #2459, .T. ) ;
#2394 = EDGE_LOOP ( 'NONE', ( #2146, #631, #1132, #718, #1526 ) ) ;
#2395 = VERTEX_POINT ( 'NONE', #1002 ) ;
#2396 = CYLINDRICAL_SURFACE ( 'NONE', #3015, 0.5500000000000005995 ) ;
#2397 = CARTESIAN_POINT ( 'NONE',  ( 1.350000000000000089, -0.2047647034784014219, 0.09624236117562305626 ) ) ;
#2398 = DIRECTION ( 'NONE',  ( 1.000000000000000000, 0.0000000000000000000, 0.0000000000000000000 ) ) ;
#2399 = ORIENTED_EDGE ( 'NONE', *, *, #146, .F. ) ;
#2400 = EDGE_LOOP ( 'NONE', ( #1586, #2841, #3063, #3249, #297, #738 ) ) ;
#2401 = ADVANCED_FACE ( 'NONE', ( #1316 ), #1798, .T. ) ;
#2402 = DIRECTION ( 'NONE',  ( -1.000000000000000000, -0.0000000000000000000, 0.0000000000000000000 ) ) ;
#2403 = VERTEX_POINT ( 'NONE', #2803 ) ;
#2404 = VECTOR ( 'NONE', #2529, 1000.000000000000000 ) ;
#2405 = ORIENTED_EDGE ( 'NONE', *, *, #2534, .F. ) ;
#2406 = CARTESIAN_POINT ( 'NONE',  ( -0.4760991074047611904, -1.594981318437472595, 3.925371821231565583 ) ) ;
#2407 = LINE ( 'NONE', #919, #3229 ) ;
#2408 = DIRECTION ( 'NONE',  ( 0.0000000000000000000, 1.000000000000000000, 0.0000000000000000000 ) ) ;
#2409 = ORIENTED_EDGE ( 'NONE', *, *, #1588, .F. ) ;
#2410 = ORIENTED_EDGE ( 'NONE', *, *, #2818, .F. ) ;
#2411 = DIRECTION ( 'NONE',  ( 0.0000000000000000000, 0.6330135318936724875, -0.7741407290922617257 ) ) ;
#2412 = EDGE_CURVE ( 'NONE', #2474, #2568, #2321, .T. ) ;
#2413 = DIRECTION ( 'NONE',  ( -1.000000000000000000, -0.0000000000000000000, -0.0000000000000000000 ) ) ;
#2414 = ADVANCED_FACE ( 'NONE', ( #3284 ), #2042, .T. ) ;
#2415 = DIRECTION ( 'NONE',  ( -1.000000000000000000, -0.0000000000000000000, 0.0000000000000000000 ) ) ;
#2416 =( BOUNDED_CURVE ( )  B_SPLINE_CURVE ( 3, ( #1922, #615, #1225, #447 ),
 .UNSPECIFIED., .F., .T. ) 
 B_SPLINE_CURVE_WITH_KNOTS ( ( 4, 4 ),
 ( 5.202157602086801447, 6.283185307179586232 ),
 .UNSPECIFIED. ) 
 CURVE ( )  GEOMETRIC_REPRESENTATION_ITEM ( )  RATIONAL_B_SPLINE_CURVE ( ( 1.000000000000000000, 0.9049629187002306008, 0.9049629187002306008, 1.000000000000000000 ) ) 
 REPRESENTATION_ITEM ( '' )  );
#2417 = AXIS2_PLACEMENT_3D ( 'NONE', #2044, #3322, #248 ) ;
#2418 = DIRECTION ( 'NONE',  ( 0.0000000000000000000, 1.000000000000000000, 0.0000000000000000000 ) ) ;
#2419 = CARTESIAN_POINT ( 'NONE',  ( -0.5500000000000000444, 2.189166519522333321, -2.802209689501652168 ) ) ;
#2420 = EDGE_CURVE ( 'NONE', #1507, #1112, #482, .T. ) ;
#2421 = AXIS2_PLACEMENT_3D ( 'NONE', #1973, #1191, #400 ) ;
#2422 = DIRECTION ( 'NONE',  ( 0.0000000000000000000, 0.0000000000000000000, -1.000000000000000000 ) ) ;
#2423 = VECTOR ( 'NONE', #2567, 1000.000000000000000 ) ;
#2424 = DIRECTION ( 'NONE',  ( -1.000000000000000000, -0.0000000000000000000, -0.0000000000000000000 ) ) ;
#2425 = CIRCLE ( 'NONE', #1227, 0.9999999995299181377 ) ;
#2426 = CARTESIAN_POINT ( 'NONE',  ( -0.5500000000000000444, 2.189166519000000033, -2.802209688999999226 ) ) ;
#2427 = CARTESIAN_POINT ( 'NONE',  ( -0.5500000000000000444, -1.512220655999999774, -2.438008540999999862 ) ) ;
#2428 = LINE ( 'NONE', #968, #2983 ) ;
#2429 = ADVANCED_FACE ( 'NONE', ( #1014 ), #2816, .F. ) ;
#2430 = EDGE_CURVE ( 'NONE', #1160, #2871, #243, .T. ) ;
#2431 = ORIENTED_EDGE ( 'NONE', *, *, #2750, .T. ) ;
#2432 = EDGE_LOOP ( 'NONE', ( #3337, #1257, #1034, #3330 ) ) ;
#2433 = LINE ( 'NONE', #20, #337 ) ;
#2434 = CARTESIAN_POINT ( 'NONE',  ( -0.5318970626724605077, -1.922524321315838725, -3.096862666856275759 ) ) ;
#2435 = ORIENTED_EDGE ( 'NONE', *, *, #2707, .T. ) ;
#2436 = DIRECTION ( 'NONE',  ( -1.000000000000000000, -0.0000000000000000000, -0.0000000000000000000 ) ) ;
#2437 = ORIENTED_EDGE ( 'NONE', *, *, #2790, .T. ) ;
#2438 = VERTEX_POINT ( 'NONE', #975 ) ;
#2439 = AXIS2_PLACEMENT_3D ( 'NONE', #2990, #94, #879 ) ;
#2440 = DIRECTION ( 'NONE',  ( 0.0000000000000000000, -1.000000000000000000, 0.0000000000000000000 ) ) ;
#2441 = ORIENTED_EDGE ( 'NONE', *, *, #62, .T. ) ;
#2442 = ORIENTED_EDGE ( 'NONE', *, *, #2459, .F. ) ;
#2443 = CARTESIAN_POINT ( 'NONE',  ( 0.5500000000000000444, -2.262220656000000218, -2.472292174999999315 ) ) ;
#2444 = FACE_OUTER_BOUND ( 'NONE', #2234, .T. ) ;
#2445 = DIRECTION ( 'NONE',  ( 0.0000000000000000000, 0.0000000000000000000, -1.000000000000000000 ) ) ;
#2446 = EDGE_CURVE ( 'NONE', #2051, #1915, #2619, .T. ) ;
#2447 = ORIENTED_EDGE ( 'NONE', *, *, #159, .F. ) ;
#2448 = AXIS2_PLACEMENT_3D ( 'NONE', #2484, #2954, #1155 ) ;
#2449 = LINE ( 'NONE', #1833, #595 ) ;
#2450 = CARTESIAN_POINT ( 'NONE',  ( 0.5500000000000000444, -1.612220655999999863, -0.6500000000000001332 ) ) ;
#2451 = ORIENTED_EDGE ( 'NONE', *, *, #1962, .T. ) ;
#2452 = ADVANCED_FACE ( 'NONE', ( #2340 ), #3095, .F. ) ;
#2454 = CARTESIAN_POINT ( 'NONE',  ( -0.3872629289917152717, 2.232714597913345589, -3.277717221823572835 ) ) ;
#2453 = DIRECTION ( 'NONE',  ( 0.0000000000000000000, -0.7741407290922617257, 0.6330135318936724875 ) ) ;
#2455 = EDGE_LOOP ( 'NONE', ( #2056, #1895, #1786, #2186 ) ) ;
#2456 = ORIENTED_EDGE ( 'NONE', *, *, #399, .T. ) ;
#2457 = DIRECTION ( 'NONE',  ( 0.0000000000000000000, 0.0000000000000000000, -1.000000000000000000 ) ) ;
#2458 = EDGE_CURVE ( 'NONE', #779, #2860, #1304, .T. ) ;
#2459 = EDGE_CURVE ( 'NONE', #2024, #261, #1053, .T. ) ;
#2460 = DIRECTION ( 'NONE',  ( 0.0000000000000000000, 0.0000000000000000000, -1.000000000000000000 ) ) ;
#2461 = ORIENTED_EDGE ( 'NONE', *, *, #2850, .T. ) ;
#2462 = CARTESIAN_POINT ( 'NONE',  ( 2.349999999986415844, 2.098991769560358822, 6.091719167346335340 ) ) ;
#2463 = DIRECTION ( 'NONE',  ( 0.0000000000000000000, -0.9630825045307418453, -0.2692064068085932016 ) ) ;
#2464 = VECTOR ( 'NONE', #1481, 1000.000000000000000 ) ;
#2465 = EDGE_CURVE ( 'NONE', #3233, #1812, #1560, .T. ) ;
#2466 = B_SPLINE_CURVE_WITH_KNOTS ( 'NONE', 3,
 ( #3252, #3013, #2770, #1717 ),
 .UNSPECIFIED., .F., .F.,
 ( 4, 4 ),
 ( 8.911418848170389260E-10, 0.0002813561120955151290 ),
 .UNSPECIFIED. ) ;
#2467 = AXIS2_PLACEMENT_3D ( 'NONE', #887, #3292, #3058 ) ;
#2468 = FACE_OUTER_BOUND ( 'NONE', #816, .T. ) ;
#2469 = CARTESIAN_POINT ( 'NONE',  ( -0.5500000000000000444, 1.612220655999999863, -0.6500000000000001332 ) ) ;
#2470 = DIRECTION ( 'NONE',  ( 0.0000000000000000000, -0.4253718210893809859, 0.9050186814774066058 ) ) ;
#2471 = FACE_OUTER_BOUND ( 'NONE', #732, .T. ) ;
#2473 = DIRECTION ( 'NONE',  ( 0.0000000000000000000, 0.0000000000000000000, -1.000000000000000000 ) ) ;
#2472 = DIRECTION ( 'NONE',  ( 1.000000000000000000, 0.0000000000000000000, 0.0000000000000000000 ) ) ;
#2474 = VERTEX_POINT ( 'NONE', #3376 ) ;
#2475 = VECTOR ( 'NONE', #3085, 1000.000000000000000 ) ;
#2476 = DIRECTION ( 'NONE',  ( 1.000000000000000000, 0.0000000000000000000, -0.0000000000000000000 ) ) ;
#2477 = PLANE ( 'NONE',  #635 ) ;
#2478 = ORIENTED_EDGE ( 'NONE', *, *, #515, .F. ) ;
#2479 = VERTEX_POINT ( 'NONE', #1818 ) ;
#2480 = ORIENTED_EDGE ( 'NONE', *, *, #623, .T. ) ;
#2481 = FACE_OUTER_BOUND ( 'NONE', #265, .T. ) ;
#2482 = EDGE_CURVE ( 'NONE', #3070, #1613, #2045, .T. ) ;
#2483 = ORIENTED_EDGE ( 'NONE', *, *, #3320, .T. ) ;
#2484 = CARTESIAN_POINT ( 'NONE',  ( -0.5500000000000000444, 1.512220655999999774, -2.438008540999999862 ) ) ;
#2485 = ORIENTED_EDGE ( 'NONE', *, *, #1363, .F. ) ;
#2486 = CARTESIAN_POINT ( 'NONE',  ( -0.5318970632373705154, 1.922524321424980753, -3.096862666897200356 ) ) ;
#2487 = CIRCLE ( 'NONE', #2499, 0.2500000000000000000 ) ;
#2488 = VERTEX_POINT ( 'NONE', #1802 ) ;
#2490 = CARTESIAN_POINT ( 'NONE',  ( 0.5496621629143151333, -2.182088506109911563, -2.827531191063235028 ) ) ;
#2489 = DIRECTION ( 'NONE',  ( -1.000000000000000000, -0.0000000000000000000, -0.0000000000000000000 ) ) ;
#2491 = CIRCLE ( 'NONE', #1681, 0.9999999999999995559 ) ;
#2492 = B_SPLINE_CURVE_WITH_KNOTS ( 'NONE', 3,
 ( #1392, #325, #1675, #338 ),
 .UNSPECIFIED., .F., .F.,
 ( 4, 4 ),
 ( 2.206276119380196563E-13, 0.0001501991999649344794 ),
 .UNSPECIFIED. ) ;
#2493 = EDGE_LOOP ( 'NONE', ( #102, #2834, #2149, #2985 ) ) ;
#2494 = ORIENTED_EDGE ( 'NONE', *, *, #1636, .T. ) ;
#2495 = CARTESIAN_POINT ( 'NONE',  ( 1.350000000000000089, -3.021496722000000190, 4.295799023000000716 ) ) ;
#2496 = DIRECTION ( 'NONE',  ( 0.0000000000000000000, -0.2693993228931602646, -0.9630285586755498173 ) ) ;
#2497 = CARTESIAN_POINT ( 'NONE',  ( -0.5500000000000001554, -1.500000000000000000, 3.500000000000000000 ) ) ;
#2498 = EDGE_CURVE ( 'NONE', #1748, #2521, #2253, .T. ) ;
#2499 = AXIS2_PLACEMENT_3D ( 'NONE', #840, #3182, #1621 ) ;
#2500 = VECTOR ( 'NONE', #2453, 1000.000000000000114 ) ;
#2502 = CARTESIAN_POINT ( 'NONE',  ( 0.0000000000000000000, -1.976836999102000059, 3.649999999999999911 ) ) ;
#2501 = DIRECTION ( 'NONE',  ( -0.0000000000000000000, 0.4253718210893809859, -0.9050186814774066058 ) ) ;
#2503 = LINE ( 'NONE', #2323, #1760 ) ;
#2505 = CARTESIAN_POINT ( 'NONE',  ( 0.5500000000080047524, -2.186806577851406086, -2.810652350885261885 ) ) ;
#2504 = CARTESIAN_POINT ( 'NONE',  ( -2.410013951005522514, 1.900688451272091406, 6.292610574777511623 ) ) ;
#2506 = VECTOR ( 'NONE', #3216, 1000.000000000000000 ) ;
#2507 = ORIENTED_EDGE ( 'NONE', *, *, #1875, .T. ) ;
#2508 = DIRECTION ( 'NONE',  ( -1.000000000000000000, -0.0000000000000000000, -0.0000000000000000000 ) ) ;
#2509 = LINE ( 'NONE', #401, #900 ) ;
#2510 = ORIENTED_EDGE ( 'NONE', *, *, #1005, .T. ) ;
#2511 = DIRECTION ( 'NONE',  ( -0.0000000000000000000, 1.000000000000000000, 0.0000000000000000000 ) ) ;
#2512 = ORIENTED_EDGE ( 'NONE', *, *, #2552, .T. ) ;
#2513 = ORIENTED_EDGE ( 'NONE', *, *, #1247, .F. ) ;
#2514 = FACE_OUTER_BOUND ( 'NONE', #2230, .T. ) ;
#2515 = DIRECTION ( 'NONE',  ( 1.000000000000000000, 0.0000000000000000000, 0.0000000000000000000 ) ) ;
#2516 = EDGE_CURVE ( 'NONE', #1, #3344, #651, .T. ) ;
#2517 = ORIENTED_EDGE ( 'NONE', *, *, #1099, .F. ) ;
#2518 = ORIENTED_EDGE ( 'NONE', *, *, #2412, .T. ) ;
#2519 = VERTEX_POINT ( 'NONE', #2369 ) ;
#2520 = DIRECTION ( 'NONE',  ( 0.0000000000000000000, 1.000000000000000000, 0.0000000000000000000 ) ) ;
#2521 = VERTEX_POINT ( 'NONE', #770 ) ;
#2522 =( BOUNDED_CURVE ( )  B_SPLINE_CURVE ( 3, ( #3150, #1338, #2653, #2406 ),
 .UNSPECIFIED., .F., .F. ) 
 B_SPLINE_CURVE_WITH_KNOTS ( ( 4, 4 ),
 ( 3.141592653589793116, 4.188009406482356312 ),
 .UNSPECIFIED. ) 
 CURVE ( )  GEOMETRIC_REPRESENTATION_ITEM ( )  RATIONAL_B_SPLINE_CURVE ( ( 1.000000000000000000, 0.9108136915729168059, 0.9108136915729168059, 1.000000000000000000 ) ) 
 REPRESENTATION_ITEM ( '' )  );
#2523 = CIRCLE ( 'NONE', #3152, 0.9999999999293283093 ) ;
#2524 = EDGE_CURVE ( 'NONE', #2830, #1567, #3056, .T. ) ;
#2525 = EDGE_LOOP ( 'NONE', ( #499, #546, #3214, #2274, #1203, #2662, #1807 ) ) ;
#2526 = LINE ( 'NONE', #1554, #3002 ) ;
#2527 = DIRECTION ( 'NONE',  ( 0.0000000000000000000, 0.2692064068085931461, -0.9630825045307417342 ) ) ;
#2529 = DIRECTION ( 'NONE',  ( 1.000000000000000000, 0.0000000000000000000, -0.0000000000000000000 ) ) ;
#2528 = CARTESIAN_POINT ( 'NONE',  ( -2.423345132412543901, 1.894359337331516402, 6.284870417133646470 ) ) ;
#2530 = ORIENTED_EDGE ( 'NONE', *, *, #2729, .F. ) ;
#2532 = CARTESIAN_POINT ( 'NONE',  ( 0.0000000000000000000, -1.976836999102000059, 3.649999999999999911 ) ) ;
#2531 = DIRECTION ( 'NONE',  ( -1.000000000000000000, -0.0000000000000000000, -0.0000000000000000000 ) ) ;
#2533 = DIRECTION ( 'NONE',  ( 0.0000000000000000000, -0.0000000000000000000, 1.000000000000000000 ) ) ;
#2534 = EDGE_CURVE ( 'NONE', #59, #1279, #3131, .T. ) ;
#2535 = ORIENTED_EDGE ( 'NONE', *, *, #1180, .F. ) ;
#2536 = DIRECTION ( 'NONE',  ( -1.000000000000000000, 0.0000000000000000000, -0.0000000000000000000 ) ) ;
#2537 = CARTESIAN_POINT ( 'NONE',  ( 0.0000000000000000000, 2.262220656000000218, 0.0000000000000000000 ) ) ;
#2538 = CARTESIAN_POINT ( 'NONE',  ( 0.0000000000000000000, -2.012220655999999774, -2.438008540999999862 ) ) ;
#2539 = CARTESIAN_POINT ( 'NONE',  ( -0.5500000000000001554, 1.250000000000000000, 0.2500000000000000000 ) ) ;
#2540 = DIRECTION ( 'NONE',  ( 0.0000000000000000000, -0.0000000000000000000, 1.000000000000000000 ) ) ;
#2541 = EDGE_CURVE ( 'NONE', #2862, #1899, #1480, .T. ) ;
#2542 = CYLINDRICAL_SURFACE ( 'NONE', #1913, 0.5000000005986691143 ) ;
#2543 = ORIENTED_EDGE ( 'NONE', *, *, #3117, .F. ) ;
#2544 = AXIS2_PLACEMENT_3D ( 'NONE', #2164, #2967, #896 ) ;
#2545 = DIRECTION ( 'NONE',  ( 0.0000000000000000000, 0.0000000000000000000, -1.000000000000000000 ) ) ;
#2546 = VECTOR ( 'NONE', #846, 1000.000000000000114 ) ;
#2547 = CARTESIAN_POINT ( 'NONE',  ( -2.449999999999999734, 1.807667228935035730, 4.377881162027535744 ) ) ;
#2548 = AXIS2_PLACEMENT_3D ( 'NONE', #1841, #1333, #2849 ) ;
#2549 = CARTESIAN_POINT ( 'NONE',  ( -0.5500000000000001554, -1.250000000000000000, 0.2500000000000000000 ) ) ;
#2550 = VERTEX_POINT ( 'NONE', #2632 ) ;
#2551 = LINE ( 'NONE', #3318, #3215 ) ;
#2552 = EDGE_CURVE ( 'NONE', #1737, #1370, #2383, .T. ) ;
#2553 = DIRECTION ( 'NONE',  ( -0.5999999999948069096, 0.5064108254956166677, 0.6193125832946395626 ) ) ;
#2554 = EDGE_LOOP ( 'NONE', ( #147, #475, #221, #1409, #46 ) ) ;
#2555 = VERTEX_POINT ( 'NONE', #15 ) ;
#2556 = ORIENTED_EDGE ( 'NONE', *, *, #3290, .F. ) ;
#2557 = FACE_OUTER_BOUND ( 'NONE', #2633, .T. ) ;
#2558 = CARTESIAN_POINT ( 'NONE',  ( -0.5496621623634408982, -2.182088506111941495, -2.827531191055971505 ) ) ;
#2559 = ORIENTED_EDGE ( 'NONE', *, *, #1152, .T. ) ;
#2560 = CARTESIAN_POINT ( 'NONE',  ( 0.5500000000000000444, 1.512220655999999774, -2.438008540999999862 ) ) ;
#2561 = EDGE_CURVE ( 'NONE', #471, #1293, #2003, .T. ) ;
#2562 = ORIENTED_EDGE ( 'NONE', *, *, #3290, .T. ) ;
#2563 = VECTOR ( 'NONE', #123, 1000.000000000000000 ) ;
#2564 = AXIS2_PLACEMENT_3D ( 'NONE', #774, #330, #2422 ) ;
#2565 = CIRCLE ( 'NONE', #1153, 1.629347284072426794 ) ;
#2566 = DIRECTION ( 'NONE',  ( 1.000000000000000000, 0.0000000000000000000, 0.0000000000000000000 ) ) ;
#2567 = DIRECTION ( 'NONE',  ( -0.0000000000000000000, 1.000000000000000000, 0.0000000000000000000 ) ) ;
#2568 = VERTEX_POINT ( 'NONE', #2643 ) ;
#2569 = AXIS2_PLACEMENT_3D ( 'NONE', #1661, #80, #888 ) ;
#2570 = ORIENTED_EDGE ( 'NONE', *, *, #3128, .F. ) ;
#2571 = DIRECTION ( 'NONE',  ( 0.0000000000000000000, 1.000000000000000000, 0.0000000000000000000 ) ) ;
#2572 = B_SPLINE_CURVE_WITH_KNOTS ( 'NONE', 3,
 ( #1079, #1593, #278, #793 ),
 .UNSPECIFIED., .F., .F.,
 ( 4, 4 ),
 ( 1.889167063950154634E-13, 0.0001501991999144648411 ),
 .UNSPECIFIED. ) ;
#2573 = CARTESIAN_POINT ( 'NONE',  ( -0.5500000000000000444, -0.0000000000000000000, 3.649999999999999911 ) ) ;
#2574 =( BOUNDED_CURVE ( )  B_SPLINE_CURVE ( 3, ( #2631, #553, #1332, #3366 ),
 .UNSPECIFIED., .F., .T. ) 
 B_SPLINE_CURVE_WITH_KNOTS ( ( 4, 4 ),
 ( 5.202156445465922374, 7.364211393757203794 ),
 .UNSPECIFIED. ) 
 CURVE ( )  GEOMETRIC_REPRESENTATION_ITEM ( )  RATIONAL_B_SPLINE_CURVE ( ( 1.000000000000000000, 0.6469479511317823839, 0.6469479511317823839, 1.000000000000000000 ) ) 
 REPRESENTATION_ITEM ( '' )  );
#2575 = CARTESIAN_POINT ( 'NONE',  ( 1.350000000000000089, -2.674829179999999695, 5.659597042999999772 ) ) ;
#2576 = FACE_OUTER_BOUND ( 'NONE', #737, .T. ) ;
#2577 = DIRECTION ( 'NONE',  ( -1.000000000000000000, -0.0000000000000000000, -0.0000000000000000000 ) ) ;
#2578 = CARTESIAN_POINT ( 'NONE',  ( -0.5500000000000001554, -1.750000000000000222, 0.2500000000000000000 ) ) ;
#2579 = EDGE_CURVE ( 'NONE', #3259, #1279, #403, .T. ) ;
#2580 = CYLINDRICAL_SURFACE ( 'NONE', #1843, 1.499999999688166552 ) ;
#2581 = CARTESIAN_POINT ( 'NONE',  ( 0.3753885746401261492, -1.926821000872738221, 4.099493467119918577 ) ) ;
#2582 = VECTOR ( 'NONE', #741, 1000.000000000000000 ) ;
#2583 = AXIS2_PLACEMENT_3D ( 'NONE', #1255, #2577, #1503 ) ;
#2584 = ORIENTED_EDGE ( 'NONE', *, *, #1404, .T. ) ;
#2585 = CARTESIAN_POINT ( 'NONE',  ( 1.350000000000000089, 0.0000000000000000000, 0.0000000000000000000 ) ) ;
#2586 = FACE_OUTER_BOUND ( 'NONE', #234, .T. ) ;
#2587 = EDGE_CURVE ( 'NONE', #1535, #2069, #3329, .T. ) ;
#2588 = ORIENTED_EDGE ( 'NONE', *, *, #3230, .T. ) ;
#2589 = VERTEX_POINT ( 'NONE', #1627 ) ;
#2590 = AXIS2_PLACEMENT_3D ( 'NONE', #3314, #490, #2566 ) ;
#2591 = ORIENTED_EDGE ( 'NONE', *, *, #2969, .T. ) ;
#2592 = CARTESIAN_POINT ( 'NONE',  ( 0.0000000000000000000, -2.262220656000000218, -2.472292174999999315 ) ) ;
#2593 = CIRCLE ( 'NONE', #284, 0.9999999999958826269 ) ;
#2594 = ORIENTED_EDGE ( 'NONE', *, *, #1990, .F. ) ;
#2595 = VERTEX_POINT ( 'NONE', #1874 ) ;
#2596 = ORIENTED_EDGE ( 'NONE', *, *, #3043, .F. ) ;
#2597 = CARTESIAN_POINT ( 'NONE',  ( 1.350000000000000089, 0.0000000000000000000, 0.0000000000000000000 ) ) ;
#2598 = ORIENTED_EDGE ( 'NONE', *, *, #2624, .T. ) ;
#2599 = CIRCLE ( 'NONE', #1296, 0.9999999999293283093 ) ;
#2600 = ORIENTED_EDGE ( 'NONE', *, *, #3068, .T. ) ;
#2601 = CARTESIAN_POINT ( 'NONE',  ( -0.5496620932284336236, 2.182087776437235949, -2.827533801752856402 ) ) ;
#2602 = VECTOR ( 'NONE', #3106, 1000.000000000000000 ) ;
#2603 = EDGE_CURVE ( 'NONE', #341, #2069, #687, .T. ) ;
#2604 = DIRECTION ( 'NONE',  ( -0.8000000000038953729, 0.3798081195098819696, -0.4644844371430915664 ) ) ;
#2605 = ORIENTED_EDGE ( 'NONE', *, *, #159, .T. ) ;
#2606 = ORIENTED_EDGE ( 'NONE', *, *, #1069, .F. ) ;
#2607 = DIRECTION ( 'NONE',  ( 0.0000000000000000000, 0.0000000000000000000, -1.000000000000000000 ) ) ;
#2608 = ORIENTED_EDGE ( 'NONE', *, *, #1902, .F. ) ;
#2609 = CARTESIAN_POINT ( 'NONE',  ( 2.310013951604233284, -1.900688451123868417, 6.292610574318673322 ) ) ;
#2610 = CARTESIAN_POINT ( 'NONE',  ( -2.449999999999999734, -1.500000000000000000, 0.2500000000000000000 ) ) ;
#2611 = CARTESIAN_POINT ( 'NONE',  ( 0.0000000000000000000, -1.724060519539674541, 4.200000000000000178 ) ) ;
#2612 = CARTESIAN_POINT ( 'NONE',  ( -2.449999999999999734, -6.028635467427609300E-16, 2.833545538836186681E-16 ) ) ;
#2613 = ADVANCED_FACE ( 'NONE', ( #2701 ), #24, .F. ) ;
#2614 = CARTESIAN_POINT ( 'NONE',  ( -0.5499999998843384530, 1.776496285630827288, 3.750070063776625773 ) ) ;
#2615 = PLANE ( 'NONE',  #1044 ) ;
#2616 =( BOUNDED_CURVE ( )  B_SPLINE_CURVE ( 3, ( #1809, #3115, #1273, #2611 ),
 .UNSPECIFIED., .F., .F. ) 
 B_SPLINE_CURVE_WITH_KNOTS ( ( 4, 4 ),
 ( 2.095175900723655449, 3.141592653589793116 ),
 .UNSPECIFIED. ) 
 CURVE ( )  GEOMETRIC_REPRESENTATION_ITEM ( )  RATIONAL_B_SPLINE_CURVE ( ( 1.000000000000000000, 0.9108136915773179521, 0.9108136915773179521, 1.000000000000000000 ) ) 
 REPRESENTATION_ITEM ( '' )  );
#2617 = CARTESIAN_POINT ( 'NONE',  ( -2.449999999999999734, 1.750000000000000222, 0.0000000000000000000 ) ) ;
#2618 = EDGE_CURVE ( 'NONE', #1993, #704, #2858, .T. ) ;
#2619 = LINE ( 'NONE', #3119, #1139 ) ;
#2620 = CARTESIAN_POINT ( 'NONE',  ( 2.022254987000000614, 2.230840122628012345, 6.301431642486477358 ) ) ;
#2621 = DIRECTION ( 'NONE',  ( 1.000000000000000000, 0.0000000000000000000, -0.0000000000000000000 ) ) ;
#2622 = VECTOR ( 'NONE', #894, 1000.000000000000000 ) ;
#2623 = DIRECTION ( 'NONE',  ( -1.000000000000000000, -0.0000000000000000000, 0.0000000000000000000 ) ) ;
#2624 = EDGE_CURVE ( 'NONE', #124, #1828, #480, .T. ) ;
#2625 = VECTOR ( 'NONE', #1521, 1000.000000000000000 ) ;
#2626 = DIRECTION ( 'NONE',  ( 0.0000000000000000000, 0.0000000000000000000, -1.000000000000000000 ) ) ;
#2627 = ORIENTED_EDGE ( 'NONE', *, *, #99, .T. ) ;
#2628 = LINE ( 'NONE', #241, #2389 ) ;
#2629 = AXIS2_PLACEMENT_3D ( 'NONE', #115, #2996, #654 ) ;
#2630 = ADVANCED_FACE ( 'NONE', ( #674 ), #2396, .F. ) ;
#2631 = CARTESIAN_POINT ( 'NONE',  ( -0.4853432489480551393, -2.182114594890312453, -3.096836115034485637 ) ) ;
#2632 = CARTESIAN_POINT ( 'NONE',  ( -0.5500000000000001554, 1.750000000000000222, 0.2500000000000000000 ) ) ;
#2633 = EDGE_LOOP ( 'NONE', ( #2752, #2942, #1604, #1373 ) ) ;
#2634 = ORIENTED_EDGE ( 'NONE', *, *, #1193, .T. ) ;
#2635 = EDGE_LOOP ( 'NONE', ( #345, #1385, #588, #1043, #2437, #291, #3001 ) ) ;
#2636 = CYLINDRICAL_SURFACE ( 'NONE', #17, 0.9999999999958844032 ) ;
#2637 = EDGE_CURVE ( 'NONE', #3183, #1787, #3300, .T. ) ;
#2638 = ORIENTED_EDGE ( 'NONE', *, *, #283, .T. ) ;
#2639 = ORIENTED_EDGE ( 'NONE', *, *, #45, .F. ) ;
#2640 = LINE ( 'NONE', #2772, #2235 ) ;
#2641 = CARTESIAN_POINT ( 'NONE',  ( -2.680655409519681031E-16, 2.035298676856899913, -3.500000000547577983 ) ) ;
#2642 = VERTEX_POINT ( 'NONE', #1092 ) ;
#2643 = CARTESIAN_POINT ( 'NONE',  ( 0.5496621629143151333, -2.182088506109911563, -2.827531191063235028 ) ) ;
#2644 = CIRCLE ( 'NONE', #3234, 0.4000000000000001887 ) ;
#2645 = EDGE_CURVE ( 'NONE', #1993, #2375, #2796, .T. ) ;
#2646 = EDGE_LOOP ( 'NONE', ( #2668, #1658, #571, #1670, #1241 ) ) ;
#2647 = ADVANCED_FACE ( 'NONE', ( #2481 ), #344, .T. ) ;
#2648 = CARTESIAN_POINT ( 'NONE',  ( 0.0000000000000000000, -1.724060519539674541, 4.200000000000000178 ) ) ;
#2649 = AXIS2_PLACEMENT_3D ( 'NONE', #3038, #1475, #1239 ) ;
#2650 = DIRECTION ( 'NONE',  ( 0.0000000000000000000, 0.0000000000000000000, -1.000000000000000000 ) ) ;
#2651 = DIRECTION ( 'NONE',  ( -1.000000000000000000, -0.0000000000000000000, 0.0000000000000000000 ) ) ;
#2652 = CARTESIAN_POINT ( 'NONE',  ( -2.449999999999999734, 1.250000000000000000, 0.0000000000000000000 ) ) ;
#2654 = DIRECTION ( 'NONE',  ( 0.0000000000000000000, 0.0000000000000000000, -1.000000000000000000 ) ) ;
#2653 = CARTESIAN_POINT ( 'NONE',  ( -0.3753885746423569203, -1.676821000844524567, 4.099493467118668910 ) ) ;
#2655 = CIRCLE ( 'NONE', #3093, 0.5000000000000000000 ) ;
#2656 = CARTESIAN_POINT ( 'NONE',  ( -0.5499999999999999334, 1.711503911700478664, 5.391260635782259669 ) ) ;
#2657 = LINE ( 'NONE', #2779, #2464 ) ;
#2658 = ADVANCED_FACE ( 'NONE', ( #2716 ), #1328, .T. ) ;
#2659 = DIRECTION ( 'NONE',  ( -5.876502180638527820E-16, -0.8891220197450185880, -0.4576702240746483019 ) ) ;
#2660 = EDGE_CURVE ( 'NONE', #2595, #106, #1772, .T. ) ;
#2661 = CIRCLE ( 'NONE', #1516, 0.9999999999999995559 ) ;
#2662 = ORIENTED_EDGE ( 'NONE', *, *, #998, .T. ) ;
#2663 = CARTESIAN_POINT ( 'NONE',  ( -0.5500000000000000444, 1.762220655999999996, -0.5000000000000000000 ) ) ;
#2664 = CIRCLE ( 'NONE', #1179, 1.000000000171726411 ) ;
#2665 = AXIS2_PLACEMENT_3D ( 'NONE', #663, #1951, #2460 ) ;
#2667 = CARTESIAN_POINT ( 'NONE',  ( 0.5500000000000000444, 2.262220656000000218, -2.472292174999999315 ) ) ;
#2666 = DIRECTION ( 'NONE',  ( -0.0000000000000000000, 1.000000000000000000, 0.0000000000000000000 ) ) ;
#2668 = ORIENTED_EDGE ( 'NONE', *, *, #179, .T. ) ;
#2669 = ORIENTED_EDGE ( 'NONE', *, *, #1852, .T. ) ;
#2670 = ORIENTED_EDGE ( 'NONE', *, *, #442, .T. ) ;
#2671 = LINE ( 'NONE', #1519, #292 ) ;
#2672 = CARTESIAN_POINT ( 'NONE',  ( -2.449999999999999734, -2.034891341999999881, 5.425670620000000000 ) ) ;
#2673 = DIRECTION ( 'NONE',  ( 0.0000000000000000000, -0.4253718210893809859, 0.9050186814774066058 ) ) ;
#2674 = ORIENTED_EDGE ( 'NONE', *, *, #1292, .F. ) ;
#2675 = VERTEX_POINT ( 'NONE', #1847 ) ;
#2676 = VERTEX_POINT ( 'NONE', #307 ) ;
#2677 = DIRECTION ( 'NONE',  ( 0.0000000000000000000, 0.4576702240746483019, -0.8891220197450184770 ) ) ;
#2678 = ORIENTED_EDGE ( 'NONE', *, *, #798, .T. ) ;
#2679 = DIRECTION ( 'NONE',  ( 0.0000000000000000000, 0.0000000000000000000, -1.000000000000000000 ) ) ;
#2680 = CIRCLE ( 'NONE', #1966, 1.000000000171726411 ) ;
#2681 = ORIENTED_EDGE ( 'NONE', *, *, #2859, .T. ) ;
#2682 = ADVANCED_FACE ( 'NONE', ( #2869 ), #2880, .T. ) ;
#2683 = DIRECTION ( 'NONE',  ( 0.0000000000000000000, 0.0000000000000000000, -1.000000000000000000 ) ) ;
#2684 = CIRCLE ( 'NONE', #446, 0.3999999999999999667 ) ;
#2685 = CARTESIAN_POINT ( 'NONE',  ( -2.449999999999999734, -2.009545155507530397E-15, -9.445151794702717104E-16 ) ) ;
#2686 = ORIENTED_EDGE ( 'NONE', *, *, #1048, .F. ) ;
#2687 = EDGE_CURVE ( 'NONE', #2711, #1696, #2950, .T. ) ;
#2688 = VERTEX_POINT ( 'NONE', #3159 ) ;
#2689 = ORIENTED_EDGE ( 'NONE', *, *, #6, .T. ) ;
#2690 = CARTESIAN_POINT ( 'NONE',  ( -0.5500000000000000444, -1.512220655999999774, -2.438008540999999862 ) ) ;
#2691 = EDGE_CURVE ( 'NONE', #1666, #2330, #1693, .T. ) ;
#2692 = DIRECTION ( 'NONE',  ( 0.5999999999948069096, 0.5064108254956166677, -0.6193125832946395626 ) ) ;
#2694 = DIRECTION ( 'NONE',  ( 1.000000000000000000, 0.0000000000000000000, -0.0000000000000000000 ) ) ;
#2693 = CARTESIAN_POINT ( 'NONE',  ( 0.0000000000000000000, 0.9795475040440976278, 0.2740203620691076258 ) ) ;
#2695 = CARTESIAN_POINT ( 'NONE',  ( 2.022254986787306308, 2.230840122314005747, 6.301431642743238193 ) ) ;
#2696 = ADVANCED_FACE ( 'NONE', ( #3032 ), #1938, .T. ) ;
#2697 = CARTESIAN_POINT ( 'NONE',  ( -1.463049553749999898, -1.594981318574566709, 3.925371821199959310 ) ) ;
#2698 = EDGE_CURVE ( 'NONE', #2050, #100, #2572, .T. ) ;
#2699 = AXIS2_PLACEMENT_3D ( 'NONE', #314, #800, #287 ) ;
#2700 = DIRECTION ( 'NONE',  ( 0.0000000000000000000, -0.0000000000000000000, 1.000000000000000000 ) ) ;
#2701 = FACE_OUTER_BOUND ( 'NONE', #3108, .T. ) ;
#2702 = EDGE_LOOP ( 'NONE', ( #1118, #1953, #1467, #1903, #1307, #2237 ) ) ;
#2703 = CARTESIAN_POINT ( 'NONE',  ( -0.5500000000000001554, 1.500000000000000000, 3.500000000000000000 ) ) ;
#2704 = CYLINDRICAL_SURFACE ( 'NONE', #280, 0.9999999995299181377 ) ;
#2705 = CARTESIAN_POINT ( 'NONE',  ( -2.449999999999999734, 3.004980851000000452, 5.668418110999999371 ) ) ;
#2706 = CIRCLE ( 'NONE', #2804, 0.9999999995299181377 ) ;
#2707 = EDGE_CURVE ( 'NONE', #2015, #1173, #1245, .T. ) ;
#2708 = ORIENTED_EDGE ( 'NONE', *, *, #429, .T. ) ;
#2709 = VECTOR ( 'NONE', #151, 1000.000000000000000 ) ;
#2710 = CARTESIAN_POINT ( 'NONE',  ( -2.449999999999999734, -1.192165127000000213, 4.887328232999999855 ) ) ;
#2711 = VERTEX_POINT ( 'NONE', #2083 ) ;
#2712 = DIRECTION ( 'NONE',  ( -1.000000000000000000, -0.0000000000000000000, -0.0000000000000000000 ) ) ;
#2713 = ORIENTED_EDGE ( 'NONE', *, *, #1152, .F. ) ;
#2714 = EDGE_LOOP ( 'NONE', ( #2494, #2028, #2220, #3145, #220, #48 ) ) ;
#2715 = ADVANCED_FACE ( 'NONE', ( #1453 ), #523, .T. ) ;
#2716 = FACE_OUTER_BOUND ( 'NONE', #1184, .T. ) ;
#2717 = AXIS2_PLACEMENT_3D ( 'NONE', #2190, #2212, #643 ) ;
#2718 = ORIENTED_EDGE ( 'NONE', *, *, #427, .F. ) ;
#2719 = CARTESIAN_POINT ( 'NONE',  ( 2.349999999999999645, 1.250000000000000000, 0.2500000000000000000 ) ) ;
#2720 = CIRCLE ( 'NONE', #2988, 0.9999999996444710604 ) ;
#2721 = ORIENTED_EDGE ( 'NONE', *, *, #2997, .F. ) ;
#2722 = LINE ( 'NONE', #2165, #3227 ) ;
#2723 = CARTESIAN_POINT ( 'NONE',  ( 0.5500000000000000444, -1.904214888999999911, -2.948886830999999820 ) ) ;
#2724 = LINE ( 'NONE', #2116, #2769 ) ;
#2725 = CARTESIAN_POINT ( 'NONE',  ( 2.349999999999999645, -2.674829179999999695, 5.659597042999999772 ) ) ;
#2726 = ORIENTED_EDGE ( 'NONE', *, *, #695, .T. ) ;
#2727 = DIRECTION ( 'NONE',  ( 0.0000000000000000000, -0.0000000000000000000, 1.000000000000000000 ) ) ;
#2728 = CARTESIAN_POINT ( 'NONE',  ( -0.5500000000000000444, -2.663629028999999981, -2.962137005000000212 ) ) ;
#2729 = EDGE_CURVE ( 'NONE', #921, #1458, #466, .T. ) ;
#2730 = ADVANCED_FACE ( 'NONE', ( #1417 ), #2987, .T. ) ;
#2731 = AXIS2_PLACEMENT_3D ( 'NONE', #616, #1103, #2700 ) ;
#2732 = CARTESIAN_POINT ( 'NONE',  ( -0.5500000000000000444, -2.012220655999999774, 0.0000000000000000000 ) ) ;
#2734 = DIRECTION ( 'NONE',  ( 0.0000000000000000000, 0.0000000000000000000, 1.000000000000000000 ) ) ;
#2733 = CARTESIAN_POINT ( 'NONE',  ( -0.4853432489480551393, -2.182114594890312453, -3.096836115034485637 ) ) ;
#2735 = AXIS2_PLACEMENT_3D ( 'NONE', #1340, #1042, #1565 ) ;
#2737 = CARTESIAN_POINT ( 'NONE',  ( 2.022254986846860003, -2.230840121870746096, 6.301431642841931691 ) ) ;
#2736 = CARTESIAN_POINT ( 'NONE',  ( -0.05000000000000012768, 1.702574877583542756, 5.425670619899799263 ) ) ;
#2738 = DIRECTION ( 'NONE',  ( 1.000000000000000000, 0.0000000000000000000, 0.0000000000000000000 ) ) ;
#2739 = VECTOR ( 'NONE', #600, 1000.000000000000114 ) ;
#2740 = B_SPLINE_CURVE_WITH_KNOTS ( 'NONE', 3,
 ( #619, #3004, #1455, #2227 ),
 .UNSPECIFIED., .F., .F.,
 ( 4, 4 ),
 ( 4.723615143203948582E-14, 0.0002991365083800226802 ),
 .UNSPECIFIED. ) ;
#2741 = CIRCLE ( 'NONE', #2379, 0.2500000000000000000 ) ;
#2742 = FACE_OUTER_BOUND ( 'NONE', #2354, .T. ) ;
#2743 =( NAMED_UNIT ( * ) SI_UNIT ( $, .STERADIAN. ) SOLID_ANGLE_UNIT ( ) );
#2744 = ORIENTED_EDGE ( 'NONE', *, *, #757, .T. ) ;
#2745 = LINE ( 'NONE', #1734, #1107 ) ;
#2746 = VERTEX_POINT ( 'NONE', #3143 ) ;
#2747 = EDGE_LOOP ( 'NONE', ( #303, #1335, #2399, #1906 ) ) ;
#2748 = ORIENTED_EDGE ( 'NONE', *, *, #3068, .F. ) ;
#2749 = FACE_OUTER_BOUND ( 'NONE', #2756, .T. ) ;
#2750 = EDGE_CURVE ( 'NONE', #1935, #261, #1495, .T. ) ;
#2751 = DIRECTION ( 'NONE',  ( 0.0000000000000000000, 0.0000000000000000000, -1.000000000000000000 ) ) ;
#2752 = ORIENTED_EDGE ( 'NONE', *, *, #2624, .F. ) ;
#2753 = EDGE_LOOP ( 'NONE', ( #1240, #2012, #2570, #2139, #988, #3114 ) ) ;
#2754 = ORIENTED_EDGE ( 'NONE', *, *, #484, .T. ) ;
#2755 = CARTESIAN_POINT ( 'NONE',  ( -0.5500000000000000444, -1.500000000000000000, 0.0000000000000000000 ) ) ;
#2756 = EDGE_LOOP ( 'NONE', ( #1648, #1372, #3034, #1003 ) ) ;
#2757 = AXIS2_PLACEMENT_3D ( 'NONE', #3073, #1531, #1790 ) ;
#2759 = DIRECTION ( 'NONE',  ( 1.000000000000000000, 0.0000000000000000000, 0.0000000000000000000 ) ) ;
#2758 = DIRECTION ( 'NONE',  ( -1.000000000000000000, -0.0000000000000000000, -0.0000000000000000000 ) ) ;
#2760 = CYLINDRICAL_SURFACE ( 'NONE', #149, 0.5500000000000005995 ) ;
#2761 = VERTEX_POINT ( 'NONE', #549 ) ;
#2763 = CARTESIAN_POINT ( 'NONE',  ( 0.5500000000000000444, -2.189166519522333321, -2.802209689501652168 ) ) ;
#2762 = CARTESIAN_POINT ( 'NONE',  ( -0.05000000000000012768, 2.230840121999999592, 6.301431642999999916 ) ) ;
#2764 = CARTESIAN_POINT ( 'NONE',  ( -2.449999999999999734, 1.250000000000000000, 0.2500000000000000000 ) ) ;
#2765 = EDGE_CURVE ( 'NONE', #2862, #953, #2098, .T. ) ;
#2766 = LINE ( 'NONE', #2697, #3044 ) ;
#2767 = PRODUCT_DEFINITION_FORMATION_WITH_SPECIFIED_SOURCE ( 'ANY', '', #892, .NOT_KNOWN. ) ;
#2768 = ADVANCED_BREP_SHAPE_REPRESENTATION ( 'User Library-01110501Z', ( #1258, #2590 ), #799 ) ;
#2769 = VECTOR ( 'NONE', #1336, 1000.000000000000000 ) ;
#2770 = CARTESIAN_POINT ( 'NONE',  ( -0.5472176227370054713, 2.156491277649992266, -2.919104949978026831 ) ) ;
#2772 = CARTESIAN_POINT ( 'NONE',  ( 0.5500000000000000444, 0.0000000000000000000, 3.649999999999999911 ) ) ;
#2771 = DIRECTION ( 'NONE',  ( 0.0000000000000000000, 0.0000000000000000000, -1.000000000000000000 ) ) ;
#2773 = VERTEX_POINT ( 'NONE', #2377 ) ;
#2775 = DIRECTION ( 'NONE',  ( 1.000000000000000000, 0.0000000000000000000, 0.0000000000000000000 ) ) ;
#2774 = DIRECTION ( 'NONE',  ( 1.000000000000000000, 0.0000000000000000000, 0.0000000000000000000 ) ) ;
#2776 = CARTESIAN_POINT ( 'NONE',  ( -0.5500000000000000444, -2.262220656000000218, -0.5000000000000000000 ) ) ;
#2777 = EDGE_CURVE ( 'NONE', #1160, #858, #1157, .T. ) ;
#2778 = EDGE_CURVE ( 'NONE', #1208, #991, #217, .T. ) ;
#2779 = CARTESIAN_POINT ( 'NONE',  ( -0.5500000000000000444, 0.0000000000000000000, -0.2500000000000000000 ) ) ;
#2780 = CARTESIAN_POINT ( 'NONE',  ( -2.449999999999999734, -0.9026485477000000257, 4.803252983000001031 ) ) ;
#2781 = VECTOR ( 'NONE', #2883, 1000.000000000000000 ) ;
#2782 = VECTOR ( 'NONE', #2870, 1000.000000000000114 ) ;
#2783 = LINE ( 'NONE', #3048, #1066 ) ;
#2784 = ORIENTED_EDGE ( 'NONE', *, *, #236, .T. ) ;
#2785 = CARTESIAN_POINT ( 'NONE',  ( -0.5500000000000002665, -2.516265668669902755, -0.7033611721235705216 ) ) ;
#2786 = ORIENTED_EDGE ( 'NONE', *, *, #1039, .F. ) ;
#2787 = LINE ( 'NONE', #2381, #169 ) ;
#2789 = CARTESIAN_POINT ( 'NONE',  ( 0.5499999995812624443, 1.904214888269631922, -2.948886831187503166 ) ) ;
#2788 = DIRECTION ( 'NONE',  ( 0.0000000000000000000, -1.000000000000000000, -0.0000000000000000000 ) ) ;
#2790 = EDGE_CURVE ( 'NONE', #920, #700, #5, .T. ) ;
#2791 = ORIENTED_EDGE ( 'NONE', *, *, #1312, .T. ) ;
#2792 = VERTEX_POINT ( 'NONE', #2462 ) ;
#2793 = ORIENTED_EDGE ( 'NONE', *, *, #1580, .F. ) ;
#2795 = CARTESIAN_POINT ( 'NONE',  ( 0.5500000000000000444, 0.0000000000000000000, 0.0000000000000000000 ) ) ;
#2794 = DIRECTION ( 'NONE',  ( 1.000000000000000000, 0.0000000000000000000, -0.0000000000000000000 ) ) ;
#2796 = CIRCLE ( 'NONE', #3157, 1.000000000000000000 ) ;
#2797 = PLANE ( 'NONE',  #977 ) ;
#2798 = VERTEX_POINT ( 'NONE', #832 ) ;
#2799 = FACE_OUTER_BOUND ( 'NONE', #10, .T. ) ;
#2800 = EDGE_CURVE ( 'NONE', #1112, #2341, #1532, .T. ) ;
#2801 = ORIENTED_EDGE ( 'NONE', *, *, #2420, .F. ) ;
#2802 = CIRCLE ( 'NONE', #839, 0.9999999995299181377 ) ;
#2803 = CARTESIAN_POINT ( 'NONE',  ( 0.5500000000000000444, -1.750000000000000222, 0.2500000000000000000 ) ) ;
#2804 = AXIS2_PLACEMENT_3D ( 'NONE', #1961, #1162, #395 ) ;
#2806 = CARTESIAN_POINT ( 'NONE',  ( -2.423345132832997795, -1.894359337407419686, 6.284870416664237958 ) ) ;
#2805 = DIRECTION ( 'NONE',  ( 0.0000000000000000000, 0.0000000000000000000, -1.000000000000000000 ) ) ;
#2807 = VERTEX_POINT ( 'NONE', #2695 ) ;
#2808 = DIRECTION ( 'NONE',  ( 0.0000000000000000000, 0.0000000000000000000, -1.000000000000000000 ) ) ;
#2809 = DIRECTION ( 'NONE',  ( 0.0000000000000000000, 0.0000000000000000000, -1.000000000000000000 ) ) ;
#2810 = EDGE_CURVE ( 'NONE', #2280, #1608, #778, .T. ) ;
#2811 = ORIENTED_EDGE ( 'NONE', *, *, #2465, .F. ) ;
#2812 = AXIS2_PLACEMENT_3D ( 'NONE', #3339, #2329, #1305 ) ;
#2813 = ORIENTED_EDGE ( 'NONE', *, *, #1753, .F. ) ;
#2814 = SURFACE_STYLE_USAGE ( .BOTH. , #715 ) ;
#2815 = B_SPLINE_CURVE_WITH_KNOTS ( 'NONE', 3,
 ( #2076, #539, #2131, #1611 ),
 .UNSPECIFIED., .F., .F.,
 ( 4, 4 ),
 ( 1.911580703376840180E-14, 0.0002991365082234162900 ),
 .UNSPECIFIED. ) ;
#2816 = PLANE ( 'NONE',  #677 ) ;
#2817 = CARTESIAN_POINT ( 'NONE',  ( -2.410013951000000709, 1.900688451544182644, 6.292610574555023817 ) ) ;
#2818 = EDGE_CURVE ( 'NONE', #1581, #262, #2492, .T. ) ;
#2819 = FACE_OUTER_BOUND ( 'NONE', #1027, .T. ) ;
#2820 = LINE ( 'NONE', #2755, #328 ) ;
#2821 =( BOUNDED_CURVE ( )  B_SPLINE_CURVE ( 3, ( #1395, #1905, #1667, #859 ),
 .UNSPECIFIED., .F., .F. ) 
 B_SPLINE_CURVE_WITH_KNOTS ( ( 4, 4 ),
 ( 5.236768554237173134, 7.329602060197538016 ),
 .UNSPECIFIED. ) 
 CURVE ( )  GEOMETRIC_REPRESENTATION_ITEM ( )  RATIONAL_B_SPLINE_CURVE ( ( 1.000000000000000000, 0.6671173590736554360, 0.6671173590736554360, 1.000000000000000000 ) ) 
 REPRESENTATION_ITEM ( '' )  );
#2822 = AXIS2_PLACEMENT_3D ( 'NONE', #1761, #218, #3321 ) ;
#2823 = CYLINDRICAL_SURFACE ( 'NONE', #3082, 0.4999999996355874998 ) ;
#2825 = DIRECTION ( 'NONE',  ( -0.0000000000000000000, -0.0000000000000000000, 1.000000000000000000 ) ) ;
#2824 = CARTESIAN_POINT ( 'NONE',  ( 3.747378293335130284, 3.162854891647706612, 3.867997552412873574 ) ) ;
#2826 = ORIENTED_EDGE ( 'NONE', *, *, #340, .F. ) ;
#2827 = CYLINDRICAL_SURFACE ( 'NONE', #2900, 0.9999999995299181377 ) ;
#2828 = ORIENTED_EDGE ( 'NONE', *, *, #594, .T. ) ;
#2829 = VERTEX_POINT ( 'NONE', #3205 ) ;
#2830 = VERTEX_POINT ( 'NONE', #2443 ) ;
#2831 = FACE_OUTER_BOUND ( 'NONE', #2646, .T. ) ;
#2832 = ORIENTED_EDGE ( 'NONE', *, *, #301, .T. ) ;
#2833 = ORIENTED_EDGE ( 'NONE', *, *, #2058, .F. ) ;
#2834 = ORIENTED_EDGE ( 'NONE', *, *, #1220, .F. ) ;
#2835 = EDGE_CURVE ( 'NONE', #1806, #1742, #627, .T. ) ;
#2836 = ORIENTED_EDGE ( 'NONE', *, *, #1728, .T. ) ;
#2837 = ADVANCED_FACE ( 'NONE', ( #2183 ), #2636, .F. ) ;
#2839 = DIRECTION ( 'NONE',  ( 0.0000000000000000000, 0.0000000000000000000, -1.000000000000000000 ) ) ;
#2838 = CARTESIAN_POINT ( 'NONE',  ( 2.349999999999999645, -1.250000000000000000, 0.2500000000000000000 ) ) ;
#2840 = VECTOR ( 'NONE', #2968, 1000.000000000000227 ) ;
#2841 = ORIENTED_EDGE ( 'NONE', *, *, #2997, .T. ) ;
#2842 = CIRCLE ( 'NONE', #673, 0.5000000000000002220 ) ;
#2843 = APPLICATION_PROTOCOL_DEFINITION ( 'draft international standard', 'automotive_design', 1998, #754 ) ;
#2844 = ORIENTED_EDGE ( 'NONE', *, *, #2895, .T. ) ;
#2845 = ORIENTED_EDGE ( 'NONE', *, *, #1441, .F. ) ;
#2846 = ORIENTED_EDGE ( 'NONE', *, *, #1334, .T. ) ;
#2847 = CARTESIAN_POINT ( 'NONE',  ( 1.350000000000000089, -2.750000000000000000, 3.500000000000000000 ) ) ;
#2848 = DIRECTION ( 'NONE',  ( 1.000000000000000000, 0.0000000000000000000, 0.0000000000000000000 ) ) ;
#2849 = DIRECTION ( 'NONE',  ( 0.0000000000000000000, 0.0000000000000000000, -1.000000000000000000 ) ) ;
#2850 = EDGE_CURVE ( 'NONE', #1662, #2675, #300, .T. ) ;
#2851 = DIRECTION ( 'NONE',  ( 0.0000000000000000000, 0.0000000000000000000, -1.000000000000000000 ) ) ;
#2852 = DIRECTION ( 'NONE',  ( 0.0000000000000000000, 0.0000000000000000000, -1.000000000000000000 ) ) ;
#2853 = EDGE_CURVE ( 'NONE', #1567, #1064, #2226, .T. ) ;
#2854 = VECTOR ( 'NONE', #494, 1000.000000000000000 ) ;
#2855 = DIRECTION ( 'NONE',  ( 0.0000000000000000000, 0.0000000000000000000, -1.000000000000000000 ) ) ;
#2856 = ADVANCED_FACE ( 'NONE', ( #3221 ), #1144, .T. ) ;
#2857 = CARTESIAN_POINT ( 'NONE',  ( 0.0000000000000000000, -1.974060519567300442, 4.200000000000000178 ) ) ;
#2858 = LINE ( 'NONE', #3171, #1234 ) ;
#2859 = EDGE_CURVE ( 'NONE', #251, #2438, #2359, .T. ) ;
#2860 = VERTEX_POINT ( 'NONE', #1397 ) ;
#2861 = AXIS2_PLACEMENT_3D ( 'NONE', #1127, #2418, #1642 ) ;
#2862 = VERTEX_POINT ( 'NONE', #79 ) ;
#2863 = CARTESIAN_POINT ( 'NONE',  ( 2.349999999999999645, 1.882052867050685308, 6.269109731855052381 ) ) ;
#2864 = LINE ( 'NONE', #8, #1889 ) ;
#2865 = PLANE ( 'NONE',  #1687 ) ;
#2866 = ORIENTED_EDGE ( 'NONE', *, *, #752, .T. ) ;
#2867 = EDGE_LOOP ( 'NONE', ( #915, #598, #379, #716, #1813, #227 ) ) ;
#2868 = EDGE_LOOP ( 'NONE', ( #2708, #2318, #2903, #1129, #1941 ) ) ;
#2869 = FACE_OUTER_BOUND ( 'NONE', #3264, .T. ) ;
#2870 = DIRECTION ( 'NONE',  ( -0.0000000000000000000, 0.7741407290922617257, -0.6330135318936724875 ) ) ;
#2871 = VERTEX_POINT ( 'NONE', #2672 ) ;
#2872 = ORIENTED_EDGE ( 'NONE', *, *, #1522, .F. ) ;
#2873 = ORIENTED_EDGE ( 'NONE', *, *, #2853, .T. ) ;
#2874 = DIRECTION ( 'NONE',  ( 0.0000000000000000000, 0.0000000000000000000, -1.000000000000000000 ) ) ;
#2875 = CYLINDRICAL_SURFACE ( 'NONE', #2439, 0.5000000000000002220 ) ;
#2876 = EDGE_CURVE ( 'NONE', #2860, #1026, #818, .T. ) ;
#2877 = CARTESIAN_POINT ( 'NONE',  ( -0.5500000000000001554, -1.993761908508993930, -2.572611744307335524 ) ) ;
#2878 = ADVANCED_FACE ( 'NONE', ( #950 ), #702, .F. ) ;
#2879 = ORIENTED_EDGE ( 'NONE', *, *, #2930, .T. ) ;
#2880 = PLANE ( 'NONE',  #435 ) ;
#2881 = ORIENTED_EDGE ( 'NONE', *, *, #792, .T. ) ;
#2882 = DIRECTION ( 'NONE',  ( 1.000000000000000000, 0.0000000000000000000, -0.0000000000000000000 ) ) ;
#2883 = DIRECTION ( 'NONE',  ( -0.0000000000000000000, 1.000000000000000000, 0.0000000000000000000 ) ) ;
#2884 = DIRECTION ( 'NONE',  ( 0.0000000000000000000, 0.0000000000000000000, -1.000000000000000000 ) ) ;
#2885 = DIRECTION ( 'NONE',  ( 0.0000000000000000000, 0.0000000000000000000, -1.000000000000000000 ) ) ;
#2886 = CARTESIAN_POINT ( 'NONE',  ( -0.5500000000000000444, 2.012220655817793524, -2.438008541000000307 ) ) ;
#2887 = ADVANCED_FACE ( 'NONE', ( #1857 ), #1429, .F. ) ;
#2888 = DIRECTION ( 'NONE',  ( -1.000000000000000000, -0.0000000000000000000, 0.0000000000000000000 ) ) ;
#2889 = EDGE_CURVE ( 'NONE', #620, #1666, #42, .T. ) ;
#2890 = CYLINDRICAL_SURFACE ( 'NONE', #1061, 0.2500000000000000000 ) ;
#2891 = CARTESIAN_POINT ( 'NONE',  ( 0.4853429494386106713, 2.182114749332344950, -3.096836666773088886 ) ) ;
#2892 = LINE ( 'NONE', #2612, #1055 ) ;
#2893 = DIRECTION ( 'NONE',  ( 0.0000000000000000000, 0.6330135318936724875, 0.7741407290922617257 ) ) ;
#2894 = EDGE_CURVE ( 'NONE', #1737, #1782, #907, .T. ) ;
#2895 = EDGE_CURVE ( 'NONE', #3183, #2488, #259, .T. ) ;
#2896 = CARTESIAN_POINT ( 'NONE',  ( -0.5500000000000000444, -2.012220655999999774, -0.6500000000000001332 ) ) ;
#2897 = FACE_OUTER_BOUND ( 'NONE', #576, .T. ) ;
#2898 = ORIENTED_EDGE ( 'NONE', *, *, #2106, .T. ) ;
#2899 = LINE ( 'NONE', #1888, #2305 ) ;
#2900 = AXIS2_PLACEMENT_3D ( 'NONE', #2217, #1461, #1713 ) ;
#2901 = VECTOR ( 'NONE', #3007, 1000.000000000000114 ) ;
#2902 = EDGE_LOOP ( 'NONE', ( #534, #865, #1752, #2813, #3317 ) ) ;
#2903 = ORIENTED_EDGE ( 'NONE', *, *, #748, .T. ) ;
#2904 = ORIENTED_EDGE ( 'NONE', *, *, #925, .F. ) ;
#2905 = VECTOR ( 'NONE', #31, 1000.000000000000000 ) ;
#2906 = ORIENTED_EDGE ( 'NONE', *, *, #1292, .T. ) ;
#2907 = ORIENTED_EDGE ( 'NONE', *, *, #2339, .F. ) ;
#2908 = ORIENTED_EDGE ( 'NONE', *, *, #1431, .T. ) ;
#2909 = ADVANCED_FACE ( 'NONE', ( #2557 ), #3239, .F. ) ;
#2910 = DIRECTION ( 'NONE',  ( 1.000000000000000000, 0.0000000000000000000, -0.0000000000000000000 ) ) ;
#2911 = ORIENTED_EDGE ( 'NONE', *, *, #2161, .T. ) ;
#2912 = DIRECTION ( 'NONE',  ( -1.000000000000000000, -0.0000000000000000000, -0.0000000000000000000 ) ) ;
#2913 = CIRCLE ( 'NONE', #75, 0.9999999995299181377 ) ;
#2914 = ORIENTED_EDGE ( 'NONE', *, *, #1544, .T. ) ;
#2915 = CARTESIAN_POINT ( 'NONE',  ( 1.350000000000000089, 3.021496722000000190, 4.295799023000000716 ) ) ;
#2916 = FACE_OUTER_BOUND ( 'NONE', #1111, .T. ) ;
#2917 = ORIENTED_EDGE ( 'NONE', *, *, #2160, .F. ) ;
#2918 = DIRECTION ( 'NONE',  ( 0.0000000000000000000, 0.0000000000000000000, -1.000000000000000000 ) ) ;
#2919 = EDGE_CURVE ( 'NONE', #2676, #2798, #1074, .T. ) ;
#2920 = EDGE_LOOP ( 'NONE', ( #85, #2361, #2282, #1819, #2907, #1364, #1494, #3078 ) ) ;
#2921 =( BOUNDED_CURVE ( )  B_SPLINE_CURVE ( 3, ( #3003, #3257, #2528, #3279 ),
 .UNSPECIFIED., .F., .F. ) 
 B_SPLINE_CURVE_WITH_KNOTS ( ( 4, 4 ),
 ( 4.682394946785915835, 4.712388980563233964 ),
 .UNSPECIFIED. ) 
 CURVE ( )  GEOMETRIC_REPRESENTATION_ITEM ( )  RATIONAL_B_SPLINE_CURVE ( ( 1.000000000000000000, 0.9999250312332682578, 0.9999250312332682578, 1.000000000000000000 ) ) 
 REPRESENTATION_ITEM ( '' )  );
#2922 = DIRECTION ( 'NONE',  ( -0.0000000000000000000, 0.4253718210893809859, -0.9050186814774066058 ) ) ;
#2923 = ORIENTED_EDGE ( 'NONE', *, *, #1104, .T. ) ;
#2924 = CARTESIAN_POINT ( 'NONE',  ( 0.4760991073764179737, -1.844981318336181841, 3.925371821280570828 ) ) ;
#2925 = AXIS2_PLACEMENT_3D ( 'NONE', #478, #1780, #3059 ) ;
#2926 = CARTESIAN_POINT ( 'NONE',  ( -2.449999999999999734, 1.500000000000000000, 0.0000000000000000000 ) ) ;
#2927 = CARTESIAN_POINT ( 'NONE',  ( 2.349999999999999645, 0.0000000000000000000, -0.2500000000000000000 ) ) ;
#2928 = ADVANCED_FACE ( 'NONE', ( #2831 ), #1954, .F. ) ;
#2929 = DIRECTION ( 'NONE',  ( 1.000000000000000000, 0.0000000000000000000, -0.0000000000000000000 ) ) ;
#2930 = EDGE_CURVE ( 'NONE', #2807, #1330, #3142, .T. ) ;
#2931 = PRODUCT_RELATED_PRODUCT_CATEGORY ( 'part', '', ( #892 ) ) ;
#2932 = CARTESIAN_POINT ( 'NONE',  ( -0.5500000000000000444, 1.993761907999999972, -2.572611744000000034 ) ) ;
#2933 = CARTESIAN_POINT ( 'NONE',  ( 1.849999999999999867, 1.499999999800669448, 3.499999999882819512 ) ) ;
#2934 = CARTESIAN_POINT ( 'NONE',  ( 2.349999999999999645, -1.750000000000000222, 3.500000000000000444 ) ) ;
#2935 = VECTOR ( 'NONE', #3270, 1000.000000000000000 ) ;
#2936 = EDGE_CURVE ( 'NONE', #1975, #991, #740, .T. ) ;
#2937 = CIRCLE ( 'NONE', #867, 1.629347284303649834 ) ;
#2938 = VECTOR ( 'NONE', #662, 1000.000000000000000 ) ;
#2939 = AXIS2_PLACEMENT_3D ( 'NONE', #2710, #347, #3191 ) ;
#2940 = DIRECTION ( 'NONE',  ( 0.0000000000000000000, 0.0000000000000000000, -1.000000000000000000 ) ) ;
#2941 = ORIENTED_EDGE ( 'NONE', *, *, #936, .F. ) ;
#2942 = ORIENTED_EDGE ( 'NONE', *, *, #1383, .T. ) ;
#2943 = VECTOR ( 'NONE', #948, 1000.000000000000000 ) ;
#2944 = CARTESIAN_POINT ( 'NONE',  ( -2.449999999999999734, -1.500000000000000000, 3.500000000000000000 ) ) ;
#2945 = EDGE_CURVE ( 'NONE', #1088, #2871, #2138, .T. ) ;
#2946 = ORIENTED_EDGE ( 'NONE', *, *, #2698, .T. ) ;
#2947 = AXIS2_PLACEMENT_3D ( 'NONE', #574, #2411, #1601 ) ;
#2948 = EDGE_LOOP ( 'NONE', ( #3104, #2594, #2543, #182, #777 ) ) ;
#2949 = ORIENTED_EDGE ( 'NONE', *, *, #2029, .T. ) ;
#2950 = LINE ( 'NONE', #2120, #2905 ) ;
#2951 = ORIENTED_EDGE ( 'NONE', *, *, #1875, .F. ) ;
#2952 = ORIENTED_EDGE ( 'NONE', *, *, #3248, .T. ) ;
#2953 = DIRECTION ( 'NONE',  ( 0.0000000000000000000, 0.0000000000000000000, -1.000000000000000000 ) ) ;
#2954 = DIRECTION ( 'NONE',  ( -1.000000000000000000, -0.0000000000000000000, 0.0000000000000000000 ) ) ;
#2955 = EDGE_LOOP ( 'NONE', ( #500, #3140, #3040, #1360, #2096, #214, #3357, #913, #2364, #1887, #2845, #491, #141, #2784, #860, #626 ) ) ;
#2956 = CARTESIAN_POINT ( 'NONE',  ( -0.4853425315835375176, 2.182114965231594095, -3.096837439265301750 ) ) ;
#2957 = LINE ( 'NONE', #1700, #2563 ) ;
#2958 = CARTESIAN_POINT ( 'NONE',  ( 0.5500000000000000444, -1.762220655999999996, -0.5000000000000000000 ) ) ;
#2959 = DIRECTION ( 'NONE',  ( 0.0000000000000000000, 0.0000000000000000000, -1.000000000000000000 ) ) ;
#2960 = LINE ( 'NONE', #1520, #1084 ) ;
#2961 = EDGE_CURVE ( 'NONE', #1853, #2642, #177, .T. ) ;
#2962 = ORIENTED_EDGE ( 'NONE', *, *, #972, .T. ) ;
#2963 = VERTEX_POINT ( 'NONE', #2504 ) ;
#2964 = DIRECTION ( 'NONE',  ( 0.0000000000000000000, 0.0000000000000000000, -1.000000000000000000 ) ) ;
#2965 = EDGE_CURVE ( 'NONE', #2261, #696, #1368, .T. ) ;
#2966 = DIRECTION ( 'NONE',  ( -1.000000000000000000, -0.0000000000000000000, 0.0000000000000000000 ) ) ;
#2968 = DIRECTION ( 'NONE',  ( 0.7999999998255410416, -0.3798081192834500963, -0.4644844376354313464 ) ) ;
#2967 = DIRECTION ( 'NONE',  ( 0.0000000000000000000, 0.6330135318936724875, 0.7741407290922617257 ) ) ;
#2969 = EDGE_CURVE ( 'NONE', #2024, #1133, #254, .T. ) ;
#2970 = DIRECTION ( 'NONE',  ( 0.0000000000000000000, -0.8891220191838943299, 0.4576702251647519759 ) ) ;
#2971 = LINE ( 'NONE', #1683, #2500 ) ;
#2972 = DIRECTION ( 'NONE',  ( 0.0000000000000000000, -0.9630825045307418453, 0.2692064068085932016 ) ) ;
#2974 = CARTESIAN_POINT ( 'NONE',  ( 0.5500000000000000444, -2.012220655999999774, 0.0000000000000000000 ) ) ;
#2973 = DIRECTION ( 'NONE',  ( 0.0000000000000000000, -0.9630285586755498173, -0.2693993228931602646 ) ) ;
#2975 = FACE_OUTER_BOUND ( 'NONE', #1900, .T. ) ;
#2976 = CARTESIAN_POINT ( 'NONE',  ( 0.0000000000000000000, -1.750000000000000222, 0.2500000000000000000 ) ) ;
#2977 = DIRECTION ( 'NONE',  ( 1.000000000000000000, 0.0000000000000000000, 0.0000000000000000000 ) ) ;
#2978 = FACE_OUTER_BOUND ( 'NONE', #1771, .T. ) ;
#2979 = EDGE_CURVE ( 'NONE', #1782, #1081, #1065, .T. ) ;
#2980 = ORIENTED_EDGE ( 'NONE', *, *, #1039, .T. ) ;
#2981 = DIRECTION ( 'NONE',  ( 1.000000000000000000, 0.0000000000000000000, 0.0000000000000000000 ) ) ;
#2982 = CYLINDRICAL_SURFACE ( 'NONE', #1303, 0.5000000007868319329 ) ;
#2983 = VECTOR ( 'NONE', #1508, 1000.000000000000000 ) ;
#2984 = VERTEX_POINT ( 'NONE', #1476 ) ;
#2985 = ORIENTED_EDGE ( 'NONE', *, *, #981, .T. ) ;
#2986 = VERTEX_POINT ( 'NONE', #2249 ) ;
#2987 = CYLINDRICAL_SURFACE ( 'NONE', #891, 0.5000000000000000000 ) ;
#2988 = AXIS2_PLACEMENT_3D ( 'NONE', #2575, #2307, #2851 ) ;
#2990 = CARTESIAN_POINT ( 'NONE',  ( 0.5500000000000000444, -1.250000000000000000, 0.2500000000000000000 ) ) ;
#2989 = CARTESIAN_POINT ( 'NONE',  ( 0.5500000000000000444, 0.0000000000000000000, -0.2500000000000000000 ) ) ;
#2991 = EDGE_LOOP ( 'NONE', ( #3272, #1735, #876, #2175 ) ) ;
#2992 = ORIENTED_EDGE ( 'NONE', *, *, #404, .F. ) ;
#2993 = ORIENTED_EDGE ( 'NONE', *, *, #1706, .T. ) ;
#2995 = DIRECTION ( 'NONE',  ( -1.000000000000000000, -0.0000000000000000000, -0.0000000000000000000 ) ) ;
#2994 = CARTESIAN_POINT ( 'NONE',  ( -0.5499999999999999334, 2.034891341987675961, 5.425670619992127186 ) ) ;
#2996 = DIRECTION ( 'NONE',  ( -1.000000000000000000, -0.0000000000000000000, -0.0000000000000000000 ) ) ;
#2997 = EDGE_CURVE ( 'NONE', #2017, #106, #1237, .T. ) ;
#2998 = ORIENTED_EDGE ( 'NONE', *, *, #2919, .F. ) ;
#2999 = ADVANCED_FACE ( 'NONE', ( #2749 ), #142, .T. ) ;
#3000 = VECTOR ( 'NONE', #1077, 1000.000000000000000 ) ;
#3001 = ORIENTED_EDGE ( 'NONE', *, *, #1921, .F. ) ;
#3002 = VECTOR ( 'NONE', #2105, 1000.000000000000000 ) ;
#3004 = CARTESIAN_POINT ( 'NONE',  ( 0.5229154659426785701, -1.556937274743256383, 3.844429528666324813 ) ) ;
#3003 = CARTESIAN_POINT ( 'NONE',  ( -2.449999999893164304, 1.882052867150230124, 6.269109731773655270 ) ) ;
#3005 = VERTEX_POINT ( 'NONE', #1460 ) ;
#3006 = ORIENTED_EDGE ( 'NONE', *, *, #1931, .F. ) ;
#3007 = DIRECTION ( 'NONE',  ( -0.8000000000038949288, -0.3798081195098817475, 0.4644844371430923990 ) ) ;
#3008 = DIRECTION ( 'NONE',  ( -1.000000000000000000, -0.0000000000000000000, -0.0000000000000000000 ) ) ;
#3009 = EDGE_CURVE ( 'NONE', #910, #471, #451, .T. ) ;
#3010 =( BOUNDED_CURVE ( )  B_SPLINE_CURVE ( 3, ( #3353, #780, #1049, #2863 ),
 .UNSPECIFIED., .F., .F. ) 
 B_SPLINE_CURVE_WITH_KNOTS ( ( 4, 4 ),
 ( 4.712388980206145384, 4.742383014033361377 ),
 .UNSPECIFIED. ) 
 CURVE ( )  GEOMETRIC_REPRESENTATION_ITEM ( )  RATIONAL_B_SPLINE_CURVE ( ( 1.000000000000000000, 0.9999250312330186796, 0.9999250312330186796, 1.000000000000000000 ) ) 
 REPRESENTATION_ITEM ( '' )  );
#3011 = CARTESIAN_POINT ( 'NONE',  ( -1.500000000000000000, -1.500000000000000000, 0.2500000000000000000 ) ) ;
#3012 = AXIS2_PLACEMENT_3D ( 'NONE', #77, #1918, #2654 ) ;
#3013 = CARTESIAN_POINT ( 'NONE',  ( -0.5294151029832715460, 2.159377604315296573, -3.015558626558382915 ) ) ;
#3014 = DIRECTION ( 'NONE',  ( -0.0000000000000000000, 1.000000000000000000, 0.0000000000000000000 ) ) ;
#3015 = AXIS2_PLACEMENT_3D ( 'NONE', #3156, #2133, #562 ) ;
#3016 = DIRECTION ( 'NONE',  ( 0.0000000000000000000, 0.7741407290922617257, 0.6330135318936724875 ) ) ;
#3017 = CARTESIAN_POINT ( 'NONE',  ( 0.4760991073709284760, 1.594981318313016594, 3.925371821290062346 ) ) ;
#3018 = VECTOR ( 'NONE', #1731, 1000.000000000000000 ) ;
#3019 = DIRECTION ( 'NONE',  ( 0.0000000000000000000, -0.0000000000000000000, 1.000000000000000000 ) ) ;
#3020 = FACE_OUTER_BOUND ( 'NONE', #1893, .T. ) ;
#3021 = DIRECTION ( 'NONE',  ( 0.0000000000000000000, 0.0000000000000000000, -1.000000000000000000 ) ) ;
#3022 = EDGE_CURVE ( 'NONE', #1288, #2761, #2593, .T. ) ;
#3023 = LINE ( 'NONE', #1955, #2259 ) ;
#3024 = CARTESIAN_POINT ( 'NONE',  ( 2.349999999999999645, 1.750000000000000222, 0.2500000000000000000 ) ) ;
#3025 = EDGE_LOOP ( 'NONE', ( #2033, #1029, #1025, #956, #2059 ) ) ;
#3026 = VERTEX_POINT ( 'NONE', #2287 ) ;
#3027 = LINE ( 'NONE', #1779, #1649 ) ;
#3028 = EDGE_CURVE ( 'NONE', #1662, #1078, #2551, .T. ) ;
#3029 = ORIENTED_EDGE ( 'NONE', *, *, #1749, .F. ) ;
#3030 = ORIENTED_EDGE ( 'NONE', *, *, #385, .F. ) ;
#3031 = ORIENTED_EDGE ( 'NONE', *, *, #240, .T. ) ;
#3032 = FACE_OUTER_BOUND ( 'NONE', #1815, .T. ) ;
#3033 = DIRECTION ( 'NONE',  ( 0.0000000000000000000, -1.000000000000000000, 0.0000000000000000000 ) ) ;
#3034 = ORIENTED_EDGE ( 'NONE', *, *, #1352, .F. ) ;
#3035 = EDGE_LOOP ( 'NONE', ( #3193, #2998, #194, #272, #871, #232, #585, #2872 ) ) ;
#3036 = AXIS2_PLACEMENT_3D ( 'NONE', #425, #2021, #1974 ) ;
#3038 = CARTESIAN_POINT ( 'NONE',  ( 0.5500000000000000444, -1.250000000000000000, 0.2500000000000000000 ) ) ;
#3037 = CARTESIAN_POINT ( 'NONE',  ( 1.350000000000000089, -2.009545155507530397E-15, -9.445151794702717104E-16 ) ) ;
#3039 = VECTOR ( 'NONE', #2825, 1000.000000000000000 ) ;
#3040 = ORIENTED_EDGE ( 'NONE', *, *, #240, .F. ) ;
#3041 = PLANE ( 'NONE',  #1928 ) ;
#3042 = DIRECTION ( 'NONE',  ( 1.000000000000000000, -0.0000000000000000000, 0.0000000000000000000 ) ) ;
#3043 = EDGE_CURVE ( 'NONE', #336, #222, #2671, .T. ) ;
#3044 = VECTOR ( 'NONE', #2508, 1000.000000000000000 ) ;
#3045 = VERTEX_POINT ( 'NONE', #176 ) ;
#3046 = DIRECTION ( 'NONE',  ( 1.000000000000000000, 0.0000000000000000000, 0.0000000000000000000 ) ) ;
#3047 = ORIENTED_EDGE ( 'NONE', *, *, #2123, .F. ) ;
#3049 = DIRECTION ( 'NONE',  ( 1.000000000000000000, 0.0000000000000000000, -0.0000000000000000000 ) ) ;
#3048 = CARTESIAN_POINT ( 'NONE',  ( 0.0000000000000000000, 2.550000000311241521, 6.691746616745501086 ) ) ;
#3050 = ORIENTED_EDGE ( 'NONE', *, *, #2889, .F. ) ;
#3052 = DIRECTION ( 'NONE',  ( -0.0000000000000000000, 1.000000000000000000, 0.0000000000000000000 ) ) ;
#3051 = CARTESIAN_POINT ( 'NONE',  ( -1.450000000000000400, 2.550000000311241521, 6.691746616745501086 ) ) ;
#3053 = DIRECTION ( 'NONE',  ( 1.000000000000000000, 0.0000000000000000000, -0.0000000000000000000 ) ) ;
#3054 = EDGE_CURVE ( 'NONE', #184, #2438, #3105, .T. ) ;
#3055 = AXIS2_PLACEMENT_3D ( 'NONE', #1926, #363, #1158 ) ;
#3056 = LINE ( 'NONE', #541, #443 ) ;
#3057 = AXIS2_PLACEMENT_3D ( 'NONE', #609, #1114, #590 ) ;
#3059 = DIRECTION ( 'NONE',  ( 0.0000000000000000000, 0.0000000000000000000, -1.000000000000000000 ) ) ;
#3058 = DIRECTION ( 'NONE',  ( 0.0000000000000000000, -0.6330135318936724875, 0.7741407290922617257 ) ) ;
#3060 = DIRECTION ( 'NONE',  ( -0.0000000000000000000, 0.0000000000000000000, -1.000000000000000000 ) ) ;
#3061 = LINE ( 'NONE', #1038, #2344 ) ;
#3062 = CIRCLE ( 'NONE', #2037, 0.9999999999958844032 ) ;
#3063 = ORIENTED_EDGE ( 'NONE', *, *, #1344, .T. ) ;
#3064 = DIRECTION ( 'NONE',  ( 0.0000000000000000000, 0.4253718210893809859, 0.9050186814774067168 ) ) ;
#3065 = FACE_OUTER_BOUND ( 'NONE', #1574, .T. ) ;
#3067 = DIRECTION ( 'NONE',  ( 0.0000000000000000000, -1.000000000000000000, -0.0000000000000000000 ) ) ;
#3066 = VECTOR ( 'NONE', #2240, 1000.000000000000000 ) ;
#3068 = EDGE_CURVE ( 'NONE', #2373, #251, #1451, .T. ) ;
#3069 = ORIENTED_EDGE ( 'NONE', *, *, #3335, .T. ) ;
#3070 = VERTEX_POINT ( 'NONE', #1221 ) ;
#3071 = ORIENTED_EDGE ( 'NONE', *, *, #2251, .T. ) ;
#3073 = CARTESIAN_POINT ( 'NONE',  ( -0.5500000000000000444, -2.404038600999999886, -2.962163004999999849 ) ) ;
#3072 = DIRECTION ( 'NONE',  ( 1.000000000000000000, 0.0000000000000000000, -0.0000000000000000000 ) ) ;
#3074 = VECTOR ( 'NONE', #1211, 1000.000000000000000 ) ;
#3075 = ORIENTED_EDGE ( 'NONE', *, *, #273, .F. ) ;
#3076 = ORIENTED_EDGE ( 'NONE', *, *, #1233, .T. ) ;
#3077 = AXIS2_PLACEMENT_3D ( 'NONE', #1665, #629, #1151 ) ;
#3078 = ORIENTED_EDGE ( 'NONE', *, *, #684, .F. ) ;
#3079 = VECTOR ( 'NONE', #1375, 1000.000000000000000 ) ;
#3080 = DIRECTION ( 'NONE',  ( 0.0000000000000000000, 0.0000000000000000000, -1.000000000000000000 ) ) ;
#3081 = VERTEX_POINT ( 'NONE', #1486 ) ;
#3082 = AXIS2_PLACEMENT_3D ( 'NONE', #127, #3094, #2368 ) ;
#3083 = DIRECTION ( 'NONE',  ( 0.0000000000000000000, 0.0000000000000000000, -1.000000000000000000 ) ) ;
#3084 = VECTOR ( 'NONE', #1754, 1000.000000000000000 ) ;
#3085 = DIRECTION ( 'NONE',  ( -1.000000000000000000, -0.0000000000000000000, -0.0000000000000000000 ) ) ;
#3086 = ORIENTED_EDGE ( 'NONE', *, *, #3192, .T. ) ;
#3087 = EDGE_LOOP ( 'NONE', ( #1367, #1452, #2596, #3260, #3302, #3268, #498, #2726 ) ) ;
#3088 = PLANE ( 'NONE',  #2291 ) ;
#3089 = CARTESIAN_POINT ( 'NONE',  ( -0.5500000000000000444, 0.0000000000000000000, -0.0000000000000000000 ) ) ;
#3090 = EDGE_CURVE ( 'NONE', #1976, #1330, #1686, .T. ) ;
#3091 = APPLICATION_PROTOCOL_DEFINITION ( 'draft international standard', 'automotive_design', 1998, #2337 ) ;
#3092 = EDGE_CURVE ( 'NONE', #1529, #1769, #1150, .T. ) ;
#3093 = AXIS2_PLACEMENT_3D ( 'NONE', #1389, #2392, #1348 ) ;
#3094 = DIRECTION ( 'NONE',  ( 1.000000000000000000, 0.0000000000000000000, -0.0000000000000000000 ) ) ;
#3095 = CYLINDRICAL_SURFACE ( 'NONE', #2548, 0.9999999995299181377 ) ;
#3096 = EDGE_CURVE ( 'NONE', #2395, #704, #984, .T. ) ;
#3097 = CYLINDRICAL_SURFACE ( 'NONE', #2334, 0.9999999999293283093 ) ;
#3098 = CARTESIAN_POINT ( 'NONE',  ( 0.0000000000000000000, -1.922524320999999814, -3.096862666999999458 ) ) ;
#3099 = DIRECTION ( 'NONE',  ( 1.000000000000000000, 0.0000000000000000000, -0.0000000000000000000 ) ) ;
#3100 = VERTEX_POINT ( 'NONE', #693 ) ;
#3101 = FACE_OUTER_BOUND ( 'NONE', #1004, .T. ) ;
#3102 = DIRECTION ( 'NONE',  ( 1.000000000000000000, 0.0000000000000000000, 0.0000000000000000000 ) ) ;
#3103 = ORIENTED_EDGE ( 'NONE', *, *, #2008, .F. ) ;
#3104 = ORIENTED_EDGE ( 'NONE', *, *, #1054, .T. ) ;
#3105 = LINE ( 'NONE', #456, #2943 ) ;
#3106 = DIRECTION ( 'NONE',  ( -1.000000000000000000, -0.0000000000000000000, -0.0000000000000000000 ) ) ;
#3107 = CARTESIAN_POINT ( 'NONE',  ( -0.3753885746405156709, -1.926821000872635858, 4.099493467119701862 ) ) ;
#3108 = EDGE_LOOP ( 'NONE', ( #906, #825, #2135, #91 ) ) ;
#3109 = CARTESIAN_POINT ( 'NONE',  ( 1.350000000000000089, 0.0000000000000000000, 0.0000000000000000000 ) ) ;
#3110 = DIRECTION ( 'NONE',  ( 1.000000000000000000, 0.0000000000000000000, -0.0000000000000000000 ) ) ;
#3111 = ORIENTED_EDGE ( 'NONE', *, *, #1165, .F. ) ;
#3112 = ORIENTED_EDGE ( 'NONE', *, *, #193, .F. ) ;
#3113 = EDGE_CURVE ( 'NONE', #3344, #2676, #3027, .T. ) ;
#3114 = ORIENTED_EDGE ( 'NONE', *, *, #509, .T. ) ;
#3115 = CARTESIAN_POINT ( 'NONE',  ( 0.3753885746332724649, -1.676821000846917542, 4.099493467123759949 ) ) ;
#3116 = ORIENTED_EDGE ( 'NONE', *, *, #2637, .T. ) ;
#3117 = EDGE_CURVE ( 'NONE', #664, #1288, #374, .T. ) ;
#3118 = CYLINDRICAL_SURFACE ( 'NONE', #3345, 0.4000000000000001887 ) ;
#3119 = CARTESIAN_POINT ( 'NONE',  ( -1.450000000000000400, -4.301034567187278945, 5.259928687042120465 ) ) ;
#3120 = EDGE_CURVE ( 'NONE', #1698, #2773, #2177, .T. ) ;
#3121 = ORIENTED_EDGE ( 'NONE', *, *, #604, .F. ) ;
#3122 = CARTESIAN_POINT ( 'NONE',  ( -0.5500000000000000444, -2.404038600999999886, -2.962163004999999849 ) ) ;
#3123 = ORIENTED_EDGE ( 'NONE', *, *, #762, .F. ) ;
#3124 = CARTESIAN_POINT ( 'NONE',  ( 0.5500000000000000444, -2.750000000000000000, 3.500000000000000000 ) ) ;
#3125 = CARTESIAN_POINT ( 'NONE',  ( -2.449999999999999734, 1.250000000000000000, -0.2500000000000000000 ) ) ;
#3126 = ADVANCED_FACE ( 'NONE', ( #3065 ), #2005, .F. ) ;
#3127 = CARTESIAN_POINT ( 'NONE',  ( 2.349999999893164215, -1.882052867422394637, 6.269109731551105291 ) ) ;
#3128 = EDGE_CURVE ( 'NONE', #2829, #1026, #2616, .T. ) ;
#3129 = CARTESIAN_POINT ( 'NONE',  ( 0.0000000000000000000, -1.922497347818783009, -2.827559801949345086 ) ) ;
#3130 = CARTESIAN_POINT ( 'NONE',  ( -0.5500000000000000444, 1.750000000000000222, 0.0000000000000000000 ) ) ;
#3131 = LINE ( 'NONE', #2617, #3367 ) ;
#3132 = CYLINDRICAL_SURFACE ( 'NONE', #3169, 0.3999999999999999667 ) ;
#3133 = DIRECTION ( 'NONE',  ( 1.000000000000000000, 0.0000000000000000000, -0.0000000000000000000 ) ) ;
#3134 = VECTOR ( 'NONE', #438, 1000.000000000000000 ) ;
#3135 = EDGE_CURVE ( 'NONE', #3045, #215, #2628, .T. ) ;
#3136 = ORIENTED_EDGE ( 'NONE', *, *, #3092, .F. ) ;
#3137 = AXIS2_PLACEMENT_3D ( 'NONE', #636, #1174, #652 ) ;
#3138 = ADVANCED_FACE ( 'NONE', ( #1281 ), #1323, .T. ) ;
#3139 = CARTESIAN_POINT ( 'NONE',  ( 0.5500000000000000444, -1.762220655999999996, 0.0000000000000000000 ) ) ;
#3140 = ORIENTED_EDGE ( 'NONE', *, *, #2541, .F. ) ;
#3141 = ORIENTED_EDGE ( 'NONE', *, *, #3199, .F. ) ;
#3142 = LINE ( 'NONE', #2762, #381 ) ;
#3143 = CARTESIAN_POINT ( 'NONE',  ( -0.5500000000000000444, -2.262220656000000218, -2.472292174999999315 ) ) ;
#3144 = CARTESIAN_POINT ( 'NONE',  ( -2.449999999999999734, 2.500000000000000000, 3.500000000000000000 ) ) ;
#3145 = ORIENTED_EDGE ( 'NONE', *, *, #1766, .T. ) ;
#3146 = EDGE_LOOP ( 'NONE', ( #180, #904, #2435, #2992, #2409 ) ) ;
#3147 = VECTOR ( 'NONE', #1498, 1000.000000000000000 ) ;
#3148 = EDGE_CURVE ( 'NONE', #1899, #3355, #579, .T. ) ;
#3149 = ORIENTED_EDGE ( 'NONE', *, *, #1352, .T. ) ;
#3150 = CARTESIAN_POINT ( 'NONE',  ( 0.0000000000000000000, -1.724060519539674541, 4.200000000000000178 ) ) ;
#3151 = FACE_OUTER_BOUND ( 'NONE', #540, .T. ) ;
#3152 = AXIS2_PLACEMENT_3D ( 'NONE', #992, #2038, #3083 ) ;
#3153 = CARTESIAN_POINT ( 'NONE',  ( -2.449999999999999734, 1.250000000000000000, 0.2500000000000000000 ) ) ;
#3154 = ORIENTED_EDGE ( 'NONE', *, *, #2691, .T. ) ;
#3155 = ADVANCED_FACE ( 'NONE', ( #2091 ), #3088, .F. ) ;
#3156 = CARTESIAN_POINT ( 'NONE',  ( 0.0000000000000000000, 1.511314002999999850, 3.649999999999999911 ) ) ;
#3157 = AXIS2_PLACEMENT_3D ( 'NONE', #1101, #2929, #2626 ) ;
#3158 = DIRECTION ( 'NONE',  ( 1.000000000000000000, 0.0000000000000000000, 0.0000000000000000000 ) ) ;
#3159 = CARTESIAN_POINT ( 'NONE',  ( 1.350000000000000089, -1.807667228871225662, 4.377881162057526865 ) ) ;
#3160 = EDGE_CURVE ( 'NONE', #262, #100, #3340, .T. ) ;
#3161 = FACE_OUTER_BOUND ( 'NONE', #40, .T. ) ;
#3162 = FACE_OUTER_BOUND ( 'NONE', #1732, .T. ) ;
#3163 = DIRECTION ( 'NONE',  ( 0.0000000000000000000, 0.7741407290922617257, -0.6330135318936724875 ) ) ;
#3164 = ADVANCED_FACE ( 'NONE', ( #493 ), #2080, .F. ) ;
#3165 = CARTESIAN_POINT ( 'NONE',  ( 0.5500000000000002665, 2.404038600999999886, -2.962163004999999849 ) ) ;
#3166 = VECTOR ( 'NONE', #513, 1000.000000000000227 ) ;
#3167 = DIRECTION ( 'NONE',  ( 0.0000000000000000000, -1.000000000000000000, -0.0000000000000000000 ) ) ;
#3168 = EDGE_LOOP ( 'NONE', ( #1814, #3276, #1651, #1607 ) ) ;
#3169 = AXIS2_PLACEMENT_3D ( 'NONE', #1123, #1405, #3202 ) ;
#3170 = SURFACE_STYLE_FILL_AREA ( #1719 ) ;
#3171 = CARTESIAN_POINT ( 'NONE',  ( 0.0000000000000000000, -1.500000000000000000, 3.500000000000000000 ) ) ;
#3172 = ORIENTED_EDGE ( 'NONE', *, *, #1334, .F. ) ;
#3173 = ORIENTED_EDGE ( 'NONE', *, *, #2818, .T. ) ;
#3174 = VERTEX_POINT ( 'NONE', #2374 ) ;
#3175 = LINE ( 'NONE', #3129, #1024 ) ;
#3176 = EDGE_CURVE ( 'NONE', #994, #3338, #3010, .T. ) ;
#3177 = ORIENTED_EDGE ( 'NONE', *, *, #3274, .F. ) ;
#3178 = DIRECTION ( 'NONE',  ( 0.0000000000000000000, -0.2692064068085931461, -0.9630825045307417342 ) ) ;
#3179 = ORIENTED_EDGE ( 'NONE', *, *, #2094, .F. ) ;
#3180 = ORIENTED_EDGE ( 'NONE', *, *, #236, .F. ) ;
#3182 = DIRECTION ( 'NONE',  ( 1.000000000000000000, 0.0000000000000000000, 0.0000000000000000000 ) ) ;
#3181 = CARTESIAN_POINT ( 'NONE',  ( -0.5499999999680911245, -1.526496285270505515, 3.750070063908760964 ) ) ;
#3183 = VERTEX_POINT ( 'NONE', #1006 ) ;
#3184 = DIRECTION ( 'NONE',  ( -1.000000000000000000, -0.0000000000000000000, -0.0000000000000000000 ) ) ;
#3185 = FACE_OUTER_BOUND ( 'NONE', #1376, .T. ) ;
#3186 = DIRECTION ( 'NONE',  ( 0.0000000000000000000, 0.0000000000000000000, -1.000000000000000000 ) ) ;
#3187 = EDGE_CURVE ( 'NONE', #3026, #954, #1197, .T. ) ;
#3188 = ORIENTED_EDGE ( 'NONE', *, *, #2945, .T. ) ;
#3189 = ADVANCED_FACE ( 'NONE', ( #2263 ), #758, .F. ) ;
#3190 = CYLINDRICAL_SURFACE ( 'NONE', #2254, 0.5000000000000000000 ) ;
#3191 = DIRECTION ( 'NONE',  ( 0.0000000000000000000, 0.0000000000000000000, -1.000000000000000000 ) ) ;
#3192 = EDGE_CURVE ( 'NONE', #2830, #2746, #1810, .T. ) ;
#3193 = ORIENTED_EDGE ( 'NONE', *, *, #2236, .T. ) ;
#3194 = CARTESIAN_POINT ( 'NONE',  ( 0.5500000000000000444, 0.0000000000000000000, 0.0000000000000000000 ) ) ;
#3195 = CARTESIAN_POINT ( 'NONE',  ( 0.5500000000000000444, 1.761314003802075812, 3.649999999939848028 ) ) ;
#3196 = ORIENTED_EDGE ( 'NONE', *, *, #1677, .T. ) ;
#3197 = AXIS2_PLACEMENT_3D ( 'NONE', #759, #2571, #459 ) ;
#3198 = CARTESIAN_POINT ( 'NONE',  ( 2.349999999999999645, 3.021496722000000190, 4.295799023000000716 ) ) ;
#3199 = EDGE_CURVE ( 'NONE', #1698, #1868, #1411, .T. ) ;
#3200 =( BOUNDED_CURVE ( )  B_SPLINE_CURVE ( 3, ( #2641, #3346, #1294, #1799 ),
 .UNSPECIFIED., .F., .F. ) 
 B_SPLINE_CURVE_WITH_KNOTS ( ( 4, 4 ),
 ( 2.860692760818547558E-15, 1.313515965011115005 ),
 .UNSPECIFIED. ) 
 CURVE ( )  GEOMETRIC_REPRESENTATION_ITEM ( )  RATIONAL_B_SPLINE_CURVE ( ( 1.000000000000000000, 0.8613172079349364907, 0.8613172079349364907, 1.000000000000000000 ) ) 
 REPRESENTATION_ITEM ( '' )  );
#3201 = PLANE ( 'NONE',  #3077 ) ;
#3202 = DIRECTION ( 'NONE',  ( 0.0000000000000000000, 0.0000000000000000000, -1.000000000000000000 ) ) ;
#3203 = ADVANCED_FACE ( 'NONE', ( #1568 ), #1733, .F. ) ;
#3204 = CARTESIAN_POINT ( 'NONE',  ( -2.449999999999999734, -1.750000000000000222, -0.0000000000000000000 ) ) ;
#3205 = CARTESIAN_POINT ( 'NONE',  ( 0.4760991073709283650, -1.594981318313016594, 3.925371821290062346 ) ) ;
#3206 = DIRECTION ( 'NONE',  ( 0.0000000000000000000, 1.000000000000000000, 0.0000000000000000000 ) ) ;
#3207 = EDGE_CURVE ( 'NONE', #50, #156, #3175, .T. ) ;
#3208 = LINE ( 'NONE', #1169, #2546 ) ;
#3209 = DIRECTION ( 'NONE',  ( 0.0000000000000000000, 0.4576702240746483019, 0.8891220197450184770 ) ) ;
#3210 = DIRECTION ( 'NONE',  ( -0.7182164982214033211, 0.0000000000000000000, -0.6958197048679959362 ) ) ;
#3211 = LINE ( 'NONE', #1275, #568 ) ;
#3213 = CARTESIAN_POINT ( 'NONE',  ( -2.449999999999999734, 2.098991769782404315, 6.091719167177928718 ) ) ;
#3212 = CARTESIAN_POINT ( 'NONE',  ( -0.5496621623634408982, -2.182088506111941495, -2.827531191055971505 ) ) ;
#3214 = ORIENTED_EDGE ( 'NONE', *, *, #358, .F. ) ;
#3215 = VECTOR ( 'NONE', #2794, 1000.000000000000000 ) ;
#3216 = DIRECTION ( 'NONE',  ( 1.000000000000000000, 0.0000000000000000000, -0.0000000000000000000 ) ) ;
#3217 = ORIENTED_EDGE ( 'NONE', *, *, #1615, .F. ) ;
#3218 = AXIS2_PLACEMENT_3D ( 'NONE', #2958, #3184, #1412 ) ;
#3219 = ORIENTED_EDGE ( 'NONE', *, *, #1633, .T. ) ;
#3220 = ORIENTED_EDGE ( 'NONE', *, *, #936, .T. ) ;
#3221 = FACE_OUTER_BOUND ( 'NONE', #2902, .T. ) ;
#3222 = LINE ( 'NONE', #1260, #1858 ) ;
#3223 = EDGE_LOOP ( 'NONE', ( #212, #3261, #252, #2225 ) ) ;
#3224 = VERTEX_POINT ( 'NONE', #2877 ) ;
#3226 = CARTESIAN_POINT ( 'NONE',  ( 0.5500000000000000444, -1.512220655999999774, -2.438008540999999862 ) ) ;
#3225 = CARTESIAN_POINT ( 'NONE',  ( 1.350000000000000089, -2.034891342225724653, 5.425670619646648873 ) ) ;
#3227 = VECTOR ( 'NONE', #557, 1000.000000000000000 ) ;
#3228 = CARTESIAN_POINT ( 'NONE',  ( 0.0000000000000000000, 1.762220655999999996, 0.0000000000000000000 ) ) ;
#3229 = VECTOR ( 'NONE', #872, 1000.000000000000000 ) ;
#3230 = EDGE_CURVE ( 'NONE', #1613, #1416, #2433, .T. ) ;
#3231 = ORIENTED_EDGE ( 'NONE', *, *, #2859, .F. ) ;
#3232 = CARTESIAN_POINT ( 'NONE',  ( 0.5500000000000000444, 0.0000000000000000000, 0.0000000000000000000 ) ) ;
#3233 = VERTEX_POINT ( 'NONE', #1322 ) ;
#3234 = AXIS2_PLACEMENT_3D ( 'NONE', #2450, #580, #1134 ) ;
#3235 = DIRECTION ( 'NONE',  ( 1.000000000000000000, 0.0000000000000000000, -0.0000000000000000000 ) ) ;
#3236 = ADVANCED_FACE ( 'NONE', ( #2514 ), #1386, .T. ) ;
#3237 = DIRECTION ( 'NONE',  ( 1.000000000000000000, 0.0000000000000000000, 0.0000000000000000000 ) ) ;
#3238 = AXIS2_PLACEMENT_3D ( 'NONE', #2764, #3283, #2277 ) ;
#3240 = CARTESIAN_POINT ( 'NONE',  ( -0.5500000000000000444, 2.012220655999999774, 0.0000000000000000000 ) ) ;
#3239 = PLANE ( 'NONE',  #1366 ) ;
#3241 = CARTESIAN_POINT ( 'NONE',  ( 0.0000000000000000000, -2.757036294810273791, -0.7706627738278671869 ) ) ;
#3242 = EDGE_CURVE ( 'NONE', #335, #861, #86, .T. ) ;
#3243 = B_SPLINE_CURVE_WITH_KNOTS ( 'NONE', 3,
 ( #1484, #2002, #724, #497 ),
 .UNSPECIFIED., .F., .F.,
 ( 4, 4 ),
 ( 1.921429132146869444E-13, 0.0001501991999261016644 ),
 .UNSPECIFIED. ) ;
#3244 = DIRECTION ( 'NONE',  ( 0.0000000000000000000, -7.806255629611194875E-15, -1.000000000000000000 ) ) ;
#3245 = FACE_OUTER_BOUND ( 'NONE', #1497, .T. ) ;
#3246 = CARTESIAN_POINT ( 'NONE',  ( 0.0000000000000000000, 0.0000000000000000000, 0.0000000000000000000 ) ) ;
#3247 = LINE ( 'NONE', #3089, #2625 ) ;
#3248 = EDGE_CURVE ( 'NONE', #1210, #511, #698, .T. ) ;
#3249 = ORIENTED_EDGE ( 'NONE', *, *, #1664, .F. ) ;
#3250 = FACE_OUTER_BOUND ( 'NONE', #787, .T. ) ;
#3251 = ORIENTED_EDGE ( 'NONE', *, *, #1580, .T. ) ;
#3252 = CARTESIAN_POINT ( 'NONE',  ( -0.4853425315835375176, 2.182114965231594095, -3.096837439265301750 ) ) ;
#3253 = ORIENTED_EDGE ( 'NONE', *, *, #837, .F. ) ;
#3254 = VERTEX_POINT ( 'NONE', #2140 ) ;
#3255 = VECTOR ( 'NONE', #2623, 1000.000000000000000 ) ;
#3256 = AXIS2_PLACEMENT_3D ( 'NONE', #2174, #76, #382 ) ;
#3258 = DIRECTION ( 'NONE',  ( -1.000000000000000000, -0.0000000000000000000, 0.0000000000000000000 ) ) ;
#3257 = CARTESIAN_POINT ( 'NONE',  ( -2.436674814684269386, 1.888147010317205776, 6.277036215403740016 ) ) ;
#3259 = VERTEX_POINT ( 'NONE', #1076 ) ;
#3260 = ORIENTED_EDGE ( 'NONE', *, *, #788, .F. ) ;
#3261 = ORIENTED_EDGE ( 'NONE', *, *, #193, .T. ) ;
#3262 = DIRECTION ( 'NONE',  ( 0.0000000000000000000, 0.0000000000000000000, -1.000000000000000000 ) ) ;
#3263 = EDGE_CURVE ( 'NONE', #3338, #620, #942, .T. ) ;
#3264 = EDGE_LOOP ( 'NONE', ( #195, #1855, #3075, #898, #1491 ) ) ;
#3265 = PRESENTATION_LAYER_ASSIGNMENT (  '', '', ( #1345 ) ) ;
#3266 = LINE ( 'NONE', #364, #2840 ) ;
#3267 = DIRECTION ( 'NONE',  ( -1.000000000000000000, -0.0000000000000000000, 0.0000000000000000000 ) ) ;
#3268 = ORIENTED_EDGE ( 'NONE', *, *, #276, .F. ) ;
#3269 = LINE ( 'NONE', #2338, #2602 ) ;
#3270 = DIRECTION ( 'NONE',  ( -0.0000000000000000000, 1.000000000000000000, 0.0000000000000000000 ) ) ;
#3271 = ADVANCED_FACE ( 'NONE', ( #1934 ), #769, .F. ) ;
#3272 = ORIENTED_EDGE ( 'NONE', *, *, #2094, .T. ) ;
#3273 = PLANE ( 'NONE',  #34 ) ;
#3274 = EDGE_CURVE ( 'NONE', #100, #262, #329, .T. ) ;
#3275 = ORIENTED_EDGE ( 'NONE', *, *, #2412, .F. ) ;
#3276 = ORIENTED_EDGE ( 'NONE', *, *, #1120, .T. ) ;
#3277 = EDGE_CURVE ( 'NONE', #2568, #2373, #2787, .T. ) ;
#3278 = CARTESIAN_POINT ( 'NONE',  ( 0.5500000000000000444, 1.750000000000000222, 3.500000000000000000 ) ) ;
#3280 = CARTESIAN_POINT ( 'NONE',  ( 1.350000000000000089, 1.192165127000000213, 4.887328232999999855 ) ) ;
#3279 = CARTESIAN_POINT ( 'NONE',  ( -2.410013951005522514, 1.900688451272091406, 6.292610574777511623 ) ) ;
#3281 = AXIS2_PLACEMENT_3D ( 'NONE', #414, #1585, #2256 ) ;
#3282 = DIRECTION ( 'NONE',  ( 0.0000000000000000000, 0.0000000000000000000, 1.000000000000000000 ) ) ;
#3283 = DIRECTION ( 'NONE',  ( 1.000000000000000000, 0.0000000000000000000, 0.0000000000000000000 ) ) ;
#3284 = FACE_OUTER_BOUND ( 'NONE', #1299, .T. ) ;
#3285 = CARTESIAN_POINT ( 'NONE',  ( -0.5500000000000001554, -2.500000000000000000, 3.500000000000000000 ) ) ;
#3286 = VERTEX_POINT ( 'NONE', #1106 ) ;
#3287 = CARTESIAN_POINT ( 'NONE',  ( 0.5500000000000000444, 1.250000000000000000, 0.2500000000000000000 ) ) ;
#3288 = LINE ( 'NONE', #2685, #2084 ) ;
#3289 = DIRECTION ( 'NONE',  ( 0.0000000000000000000, 0.0000000000000000000, -1.000000000000000000 ) ) ;
#3290 = EDGE_CURVE ( 'NONE', #1848, #1210, #2864, .T. ) ;
#3291 = CIRCLE ( 'NONE', #3036, 0.5000000000000002220 ) ;
#3292 = DIRECTION ( 'NONE',  ( 0.0000000000000000000, 0.7741407290922617257, 0.6330135318936724875 ) ) ;
#3293 = ORIENTED_EDGE ( 'NONE', *, *, #2552, .F. ) ;
#3294 = VECTOR ( 'NONE', #322, 1000.000000000000000 ) ;
#3295 = AXIS2_PLACEMENT_3D ( 'NONE', #2264, #2536, #1223 ) ;
#3296 = CARTESIAN_POINT ( 'NONE',  ( 0.4760991073709284760, 1.594981318313016594, 3.925371821290062346 ) ) ;
#3297 = ORIENTED_EDGE ( 'NONE', *, *, #385, .T. ) ;
#3298 = ORIENTED_EDGE ( 'NONE', *, *, #572, .T. ) ;
#3299 = ORIENTED_EDGE ( 'NONE', *, *, #1099, .T. ) ;
#3300 = CIRCLE ( 'NONE', #1602, 1.500000000517424326 ) ;
#3301 = PLANE ( 'NONE',  #496 ) ;
#3302 = ORIENTED_EDGE ( 'NONE', *, *, #2687, .T. ) ;
#3303 = AXIS2_PLACEMENT_3D ( 'NONE', #2549, #3042, #2809 ) ;
#3304 = CARTESIAN_POINT ( 'NONE',  ( 0.0000000000000000000, 1.750000000000000222, 0.2500000000000000000 ) ) ;
#3305 = ORIENTED_EDGE ( 'NONE', *, *, #2498, .T. ) ;
#3306 = DIRECTION ( 'NONE',  ( 1.000000000000000000, 0.0000000000000000000, -0.0000000000000000000 ) ) ;
#3307 = DIRECTION ( 'NONE',  ( 1.000000000000000000, 0.0000000000000000000, -0.0000000000000000000 ) ) ;
#3308 = DIRECTION ( 'NONE',  ( 1.000000000000000000, 0.0000000000000000000, 0.0000000000000000000 ) ) ;
#3309 = EDGE_CURVE ( 'NONE', #215, #1975, #460, .T. ) ;
#3310 = FACE_OUTER_BOUND ( 'NONE', #1566, .T. ) ;
#3311 = AXIS2_PLACEMENT_3D ( 'NONE', #1371, #1629, #566 ) ;
#3312 = ORIENTED_EDGE ( 'NONE', *, *, #1946, .T. ) ;
#3313 = VECTOR ( 'NONE', #3306, 1000.000000000000000 ) ;
#3314 = CARTESIAN_POINT ( 'NONE',  ( 0.0000000000000000000, 0.0000000000000000000, 0.0000000000000000000 ) ) ;
#3315 = CARTESIAN_POINT ( 'NONE',  ( 0.0000000000000000000, 2.757036294810273791, -0.7706627738278671869 ) ) ;
#3316 = ORIENTED_EDGE ( 'NONE', *, *, #3148, .T. ) ;
#3317 = ORIENTED_EDGE ( 'NONE', *, *, #2618, .F. ) ;
#3318 = CARTESIAN_POINT ( 'NONE',  ( 0.0000000000000000000, 1.500000000000000000, 3.500000000000000000 ) ) ;
#3319 = PLANE ( 'NONE',  #3197 ) ;
#3320 = EDGE_CURVE ( 'NONE', #1741, #910, #1446, .T. ) ;
#3321 = DIRECTION ( 'NONE',  ( 0.0000000000000000000, 0.0000000000000000000, -1.000000000000000000 ) ) ;
#3322 = DIRECTION ( 'NONE',  ( 1.000000000000000000, 0.0000000000000000000, -0.0000000000000000000 ) ) ;
#3323 = LINE ( 'NONE', #368, #202 ) ;
#3324 = AXIS2_PLACEMENT_3D ( 'NONE', #1251, #1267, #3064 ) ;
#3326 = CARTESIAN_POINT ( 'NONE',  ( 1.350000000000000089, -2.097183807901053854, 4.461956412114009396 ) ) ;
#3325 = DIRECTION ( 'NONE',  ( -0.5999999999948069096, -0.5064108254956166677, -0.6193125832946395626 ) ) ;
#3327 = CARTESIAN_POINT ( 'NONE',  ( 0.5500000000000000444, -1.500000000000000000, -0.0000000000000000000 ) ) ;
#3328 = VECTOR ( 'NONE', #760, 1000.000000000000000 ) ;
#3329 = LINE ( 'NONE', #1083, #1885 ) ;
#3330 = ORIENTED_EDGE ( 'NONE', *, *, #2360, .F. ) ;
#3331 = DIRECTION ( 'NONE',  ( -1.000000000000000000, -0.0000000000000000000, -0.0000000000000000000 ) ) ;
#3332 = FACE_OUTER_BOUND ( 'NONE', #1124, .T. ) ;
#3334 = CARTESIAN_POINT ( 'NONE',  ( 1.350000000000000089, 2.904615282999999604, 4.325729058999999488 ) ) ;
#3333 = LINE ( 'NONE', #2247, #82 ) ;
#3335 = EDGE_CURVE ( 'NONE', #921, #3259, #734, .T. ) ;
#3336 = ORIENTED_EDGE ( 'NONE', *, *, #594, .F. ) ;
#3337 = ORIENTED_EDGE ( 'NONE', *, *, #1005, .F. ) ;
#3338 = VERTEX_POINT ( 'NONE', #1094 ) ;
#3339 = CARTESIAN_POINT ( 'NONE',  ( 0.0000000000000000000, -2.012220655999999774, 0.0000000000000000000 ) ) ;
#3340 = LINE ( 'NONE', #3098, #1896 ) ;
#3341 = DIRECTION ( 'NONE',  ( 1.000000000000000000, 0.0000000000000000000, 0.0000000000000000000 ) ) ;
#3342 = EDGE_LOOP ( 'NONE', ( #1606, #3154, #2331, #1276, #767 ) ) ;
#3343 = EDGE_LOOP ( 'NONE', ( #909, #578, #1589, #2004 ) ) ;
#3344 = VERTEX_POINT ( 'NONE', #2652 ) ;
#3345 = AXIS2_PLACEMENT_3D ( 'NONE', #1854, #18, #2071 ) ;
#3346 = CARTESIAN_POINT ( 'NONE',  ( 0.2599149713458345778, 2.035298676856899913, -3.500000000547577983 ) ) ;
#3347 = ORIENTED_EDGE ( 'NONE', *, *, #940, .T. ) ;
#3348 = LINE ( 'NONE', #1172, #1504 ) ;
#3349 = ORIENTED_EDGE ( 'NONE', *, *, #1033, .F. ) ;
#3350 = CARTESIAN_POINT ( 'NONE',  ( 0.5500000000000000444, 0.0000000000000000000, 0.0000000000000000000 ) ) ;
#3351 = CARTESIAN_POINT ( 'NONE',  ( 0.4760991075000000072, -2.750000000000000000, 3.500000000000000000 ) ) ;
#3352 = CYLINDRICAL_SURFACE ( 'NONE', #1201, 1.000000000000000000 ) ;
#3353 = CARTESIAN_POINT ( 'NONE',  ( 2.310013951005522426, 1.900688451272091184, 6.292610574777511623 ) ) ;
#3354 = CARTESIAN_POINT ( 'NONE',  ( -0.5500000000000001554, -1.250000000000000000, -0.2500000000000000000 ) ) ;
#3355 = VERTEX_POINT ( 'NONE', #810 ) ;
#3356 = CARTESIAN_POINT ( 'NONE',  ( -0.5500000000000000444, 0.0000000000000000000, 0.0000000000000000000 ) ) ;
#3357 = ORIENTED_EDGE ( 'NONE', *, *, #1757, .T. ) ;
#3358 = ORIENTED_EDGE ( 'NONE', *, *, #165, .F. ) ;
#3359 = EDGE_CURVE ( 'NONE', #2242, #341, #1971, .T. ) ;
#3360 = CARTESIAN_POINT ( 'NONE',  ( -2.122254986787305953, 2.230840122314005747, 6.301431642743238193 ) ) ;
#3361 = CARTESIAN_POINT ( 'NONE',  ( -0.5500000000000001554, -1.761314003332638878, 3.649999999979553600 ) ) ;
#3362 = CARTESIAN_POINT ( 'NONE',  ( 0.9130495537500000758, 1.844981318999999953, 3.925371821000000150 ) ) ;
#3363 = CARTESIAN_POINT ( 'NONE',  ( 2.349999999999999645, -2.098991770000000479, 6.091719167000000823 ) ) ;
#3364 = EDGE_CURVE ( 'NONE', #823, #2049, #2899, .T. ) ;
#3365 = PRODUCT_DEFINITION_SHAPE ( 'NONE', 'NONE',  #983 ) ;
#3366 = CARTESIAN_POINT ( 'NONE',  ( 0.4853425314697474846, -2.182114965119505090, -3.096837439563068894 ) ) ;
#3367 = VECTOR ( 'NONE', #1032, 1000.000000000000000 ) ;
#3368 = DIRECTION ( 'NONE',  ( 0.0000000000000000000, 3.469446953187103133E-15, -1.000000000000000000 ) ) ;
#3369 = CARTESIAN_POINT ( 'NONE',  ( 0.4760991075000000072, -2.500000000000000000, 3.500000000000000000 ) ) ;
#3370 = EDGE_CURVE ( 'NONE', #1626, #1936, #3222, .T. ) ;
#3371 = ADVANCED_FACE ( 'NONE', ( #3332 ), #2982, .F. ) ;
#3372 = CIRCLE ( 'NONE', #1342, 0.9999999995299181377 ) ;
#3373 = DIRECTION ( 'NONE',  ( 1.000000000000000000, -0.0000000000000000000, 0.0000000000000000000 ) ) ;
#3374 = ORIENTED_EDGE ( 'NONE', *, *, #1883, .T. ) ;
#3375 = VECTOR ( 'NONE', #2216, 1000.000000000000000 ) ;
#3376 = CARTESIAN_POINT ( 'NONE',  ( 0.4853425314697474846, -2.182114965119505090, -3.096837439563068894 ) ) ;
ENDSEC;
END-ISO-10303-21;
