ISO-10303-21;
HEADER;
FILE_DESCRIPTION( ( '' ), ' ' );
FILE_NAME( '/vol/tmp/translate-18113757495388338565/5b9e45b1943ff8107a21e82f.step', '2018-09-16T11:59:45', ( '' ), ( '' ), ' ', ' ', ' ' );
FILE_SCHEMA( ( 'AUTOMOTIVE_DESIGN { 1 0 10303 214 1 1 1 1 }' ) );
ENDSEC;
DATA;
#1 = MECHANICAL_DESIGN_GEOMETRIC_PRESENTATION_REPRESENTATION( ' ', ( #10, #11, #12, #13, #14, #15, #16, #17, #18, #19, #20, #21, #22, #23, #24, #25, #26, #27, #28, #29, #30, #31, #32, #33, #34, #35, #36, #37, #38, #39, #40, #41, #42, #43, #44, #45, #46, #47, #48, #49, #50, #51, #52, #53, #54, #55, #56, #57, #58, #59, #60, #61, #62, #63, #64, #65, #66, #67, #68, #69, #70, #71, #72, #73, #74, #75, #76, #77, #78, #79, #80, #81, #82, #83, #84, #85, #86, #87, #88, #89, #90, #91, #92, #93, #94, #95, #96, #97, #98, #99, #100, #101, #102, #103, #104, #105, #106, #107, #108, #109, #110, #111, #112, #113, #114, #115, #116, #117, #118, #119, #120, #121, #122, #123, #124, #125, #126, #127, #128, #129, #130, #131, #132, #133, #134, #135, #136, #137, #138, #139, #140, #141, #142, #143, #144, #145, #146, #147, #148, #149, #150, #151, #152, #153, #154, #155, #156, #157, #158, #159, #160, #161, #162, #163, #164, #165, #166, #167, #168, #169, #170, #171, #172, #173, #174, #175, #176, #177, #178, #179, #180, #181, #182, #183, #184, #185, #186, #187, #188, #189, #190, #191, #192, #193, #194, #195, #196, #197, #198, #199, #200, #201, #202, #203, #204, #205, #206, #207, #208, #209, #210, #211, #212, #213, #214, #215, #216, #217, #218, #219, #220, #221, #222, #223, #224, #225, #226, #227, #228, #229, #230, #231, #232, #233, #234, #235, #236, #237, #238, #239, #240, #241, #242, #243, #244, #245, #246, #247, #248, #249, #250, #251, #252, #253, #254, #255, #256, #257, #258, #259, #260, #261, #262, #263, #264, #265, #266, #267, #268, #269, #270, #271, #272, #273, #274, #275, #276, #277, #278, #279, #280, #281, #282, #283, #284, #285, #286, #287, #288, #289, #290, #291, #292, #293, #294, #295, #296, #297, #298, #299, #300, #301, #302, #303, #304, #305, #306, #307, #308, #309, #310, #311, #312, #313, #314 ), #6 );
#2 = PRODUCT_DEFINITION_CONTEXT( '', #315, 'design' );
#3 = APPLICATION_PROTOCOL_DEFINITION( 'international standard', 'automotive_design', 2001, #315 );
#4 = PRODUCT_CATEGORY_RELATIONSHIP( 'NONE', 'NONE', #316, #317 );
#5 = SHAPE_DEFINITION_REPRESENTATION( #318, #319 );
#6 =  ( GEOMETRIC_REPRESENTATION_CONTEXT( 3 )GLOBAL_UNCERTAINTY_ASSIGNED_CONTEXT( ( #322 ) )GLOBAL_UNIT_ASSIGNED_CONTEXT( ( #324, #325, #326 ) )REPRESENTATION_CONTEXT( 'NONE', 'WORKSPACE' ) );
#10 = STYLED_ITEM( '', ( #328 ), #329 );
#11 = STYLED_ITEM( '', ( #330 ), #331 );
#12 = STYLED_ITEM( '', ( #332 ), #333 );
#13 = STYLED_ITEM( '', ( #334 ), #335 );
#14 = STYLED_ITEM( '', ( #336 ), #337 );
#15 = STYLED_ITEM( '', ( #338 ), #339 );
#16 = STYLED_ITEM( '', ( #340 ), #341 );
#17 = STYLED_ITEM( '', ( #342 ), #343 );
#18 = STYLED_ITEM( '', ( #344 ), #345 );
#19 = STYLED_ITEM( '', ( #346 ), #347 );
#20 = STYLED_ITEM( '', ( #348 ), #349 );
#21 = STYLED_ITEM( '', ( #350 ), #351 );
#22 = STYLED_ITEM( '', ( #352 ), #353 );
#23 = STYLED_ITEM( '', ( #354 ), #355 );
#24 = STYLED_ITEM( '', ( #356 ), #357 );
#25 = STYLED_ITEM( '', ( #358 ), #359 );
#26 = STYLED_ITEM( '', ( #360 ), #361 );
#27 = STYLED_ITEM( '', ( #362 ), #363 );
#28 = STYLED_ITEM( '', ( #364 ), #365 );
#29 = STYLED_ITEM( '', ( #366 ), #367 );
#30 = STYLED_ITEM( '', ( #368 ), #369 );
#31 = STYLED_ITEM( '', ( #370 ), #371 );
#32 = STYLED_ITEM( '', ( #372 ), #373 );
#33 = STYLED_ITEM( '', ( #374 ), #375 );
#34 = STYLED_ITEM( '', ( #376 ), #377 );
#35 = STYLED_ITEM( '', ( #378 ), #379 );
#36 = STYLED_ITEM( '', ( #380 ), #381 );
#37 = STYLED_ITEM( '', ( #382 ), #383 );
#38 = STYLED_ITEM( '', ( #384 ), #385 );
#39 = STYLED_ITEM( '', ( #386 ), #387 );
#40 = STYLED_ITEM( '', ( #388 ), #389 );
#41 = STYLED_ITEM( '', ( #390 ), #391 );
#42 = STYLED_ITEM( '', ( #392 ), #393 );
#43 = STYLED_ITEM( '', ( #394 ), #395 );
#44 = STYLED_ITEM( '', ( #396 ), #397 );
#45 = STYLED_ITEM( '', ( #398 ), #399 );
#46 = STYLED_ITEM( '', ( #400 ), #401 );
#47 = STYLED_ITEM( '', ( #402 ), #403 );
#48 = STYLED_ITEM( '', ( #404 ), #405 );
#49 = STYLED_ITEM( '', ( #406 ), #407 );
#50 = STYLED_ITEM( '', ( #408 ), #409 );
#51 = STYLED_ITEM( '', ( #410 ), #411 );
#52 = STYLED_ITEM( '', ( #412 ), #413 );
#53 = STYLED_ITEM( '', ( #414 ), #415 );
#54 = STYLED_ITEM( '', ( #416 ), #417 );
#55 = STYLED_ITEM( '', ( #418 ), #419 );
#56 = STYLED_ITEM( '', ( #420 ), #421 );
#57 = STYLED_ITEM( '', ( #422 ), #423 );
#58 = STYLED_ITEM( '', ( #424 ), #425 );
#59 = STYLED_ITEM( '', ( #426 ), #427 );
#60 = STYLED_ITEM( '', ( #428 ), #429 );
#61 = STYLED_ITEM( '', ( #430 ), #431 );
#62 = STYLED_ITEM( '', ( #432 ), #433 );
#63 = STYLED_ITEM( '', ( #434 ), #435 );
#64 = STYLED_ITEM( '', ( #436 ), #437 );
#65 = STYLED_ITEM( '', ( #438 ), #439 );
#66 = STYLED_ITEM( '', ( #440 ), #441 );
#67 = STYLED_ITEM( '', ( #442 ), #443 );
#68 = STYLED_ITEM( '', ( #444 ), #445 );
#69 = STYLED_ITEM( '', ( #446 ), #447 );
#70 = STYLED_ITEM( '', ( #448 ), #449 );
#71 = STYLED_ITEM( '', ( #450 ), #451 );
#72 = STYLED_ITEM( '', ( #452 ), #453 );
#73 = STYLED_ITEM( '', ( #454 ), #455 );
#74 = STYLED_ITEM( '', ( #456 ), #457 );
#75 = STYLED_ITEM( '', ( #458 ), #459 );
#76 = STYLED_ITEM( '', ( #460 ), #461 );
#77 = STYLED_ITEM( '', ( #462 ), #463 );
#78 = STYLED_ITEM( '', ( #464 ), #465 );
#79 = STYLED_ITEM( '', ( #466 ), #467 );
#80 = STYLED_ITEM( '', ( #468 ), #469 );
#81 = STYLED_ITEM( '', ( #470 ), #471 );
#82 = STYLED_ITEM( '', ( #472 ), #473 );
#83 = STYLED_ITEM( '', ( #474 ), #475 );
#84 = STYLED_ITEM( '', ( #476 ), #477 );
#85 = STYLED_ITEM( '', ( #478 ), #479 );
#86 = STYLED_ITEM( '', ( #480 ), #481 );
#87 = STYLED_ITEM( '', ( #482 ), #483 );
#88 = STYLED_ITEM( '', ( #484 ), #485 );
#89 = STYLED_ITEM( '', ( #486 ), #487 );
#90 = STYLED_ITEM( '', ( #488 ), #489 );
#91 = STYLED_ITEM( '', ( #490 ), #491 );
#92 = STYLED_ITEM( '', ( #492 ), #493 );
#93 = STYLED_ITEM( '', ( #494 ), #495 );
#94 = STYLED_ITEM( '', ( #496 ), #497 );
#95 = STYLED_ITEM( '', ( #498 ), #499 );
#96 = STYLED_ITEM( '', ( #500 ), #501 );
#97 = STYLED_ITEM( '', ( #502 ), #503 );
#98 = STYLED_ITEM( '', ( #504 ), #505 );
#99 = STYLED_ITEM( '', ( #506 ), #507 );
#100 = STYLED_ITEM( '', ( #508 ), #509 );
#101 = STYLED_ITEM( '', ( #510 ), #511 );
#102 = STYLED_ITEM( '', ( #512 ), #513 );
#103 = STYLED_ITEM( '', ( #514 ), #515 );
#104 = STYLED_ITEM( '', ( #516 ), #517 );
#105 = STYLED_ITEM( '', ( #518 ), #519 );
#106 = STYLED_ITEM( '', ( #520 ), #521 );
#107 = STYLED_ITEM( '', ( #522 ), #523 );
#108 = STYLED_ITEM( '', ( #524 ), #525 );
#109 = STYLED_ITEM( '', ( #526 ), #527 );
#110 = STYLED_ITEM( '', ( #528 ), #529 );
#111 = STYLED_ITEM( '', ( #530 ), #531 );
#112 = STYLED_ITEM( '', ( #532 ), #533 );
#113 = STYLED_ITEM( '', ( #534 ), #535 );
#114 = STYLED_ITEM( '', ( #536 ), #537 );
#115 = STYLED_ITEM( '', ( #538 ), #539 );
#116 = STYLED_ITEM( '', ( #540 ), #541 );
#117 = STYLED_ITEM( '', ( #542 ), #543 );
#118 = STYLED_ITEM( '', ( #544 ), #545 );
#119 = STYLED_ITEM( '', ( #546 ), #547 );
#120 = STYLED_ITEM( '', ( #548 ), #549 );
#121 = STYLED_ITEM( '', ( #550 ), #551 );
#122 = STYLED_ITEM( '', ( #552 ), #553 );
#123 = STYLED_ITEM( '', ( #554 ), #555 );
#124 = STYLED_ITEM( '', ( #556 ), #557 );
#125 = STYLED_ITEM( '', ( #558 ), #559 );
#126 = STYLED_ITEM( '', ( #560 ), #561 );
#127 = STYLED_ITEM( '', ( #562 ), #563 );
#128 = STYLED_ITEM( '', ( #564 ), #565 );
#129 = STYLED_ITEM( '', ( #566 ), #567 );
#130 = STYLED_ITEM( '', ( #568 ), #569 );
#131 = STYLED_ITEM( '', ( #570 ), #571 );
#132 = STYLED_ITEM( '', ( #572 ), #573 );
#133 = STYLED_ITEM( '', ( #574 ), #575 );
#134 = STYLED_ITEM( '', ( #576 ), #577 );
#135 = STYLED_ITEM( '', ( #578 ), #579 );
#136 = STYLED_ITEM( '', ( #580 ), #581 );
#137 = STYLED_ITEM( '', ( #582 ), #583 );
#138 = STYLED_ITEM( '', ( #584 ), #585 );
#139 = STYLED_ITEM( '', ( #586 ), #587 );
#140 = STYLED_ITEM( '', ( #588 ), #589 );
#141 = STYLED_ITEM( '', ( #590 ), #591 );
#142 = STYLED_ITEM( '', ( #592 ), #593 );
#143 = STYLED_ITEM( '', ( #594 ), #595 );
#144 = STYLED_ITEM( '', ( #596 ), #597 );
#145 = STYLED_ITEM( '', ( #598 ), #599 );
#146 = STYLED_ITEM( '', ( #600 ), #601 );
#147 = STYLED_ITEM( '', ( #602 ), #603 );
#148 = STYLED_ITEM( '', ( #604 ), #605 );
#149 = STYLED_ITEM( '', ( #606 ), #607 );
#150 = STYLED_ITEM( '', ( #608 ), #609 );
#151 = STYLED_ITEM( '', ( #610 ), #611 );
#152 = STYLED_ITEM( '', ( #612 ), #613 );
#153 = STYLED_ITEM( '', ( #614 ), #615 );
#154 = STYLED_ITEM( '', ( #616 ), #617 );
#155 = STYLED_ITEM( '', ( #618 ), #619 );
#156 = STYLED_ITEM( '', ( #620 ), #621 );
#157 = STYLED_ITEM( '', ( #622 ), #623 );
#158 = STYLED_ITEM( '', ( #624 ), #625 );
#159 = STYLED_ITEM( '', ( #626 ), #627 );
#160 = STYLED_ITEM( '', ( #628 ), #629 );
#161 = STYLED_ITEM( '', ( #630 ), #631 );
#162 = STYLED_ITEM( '', ( #632 ), #633 );
#163 = STYLED_ITEM( '', ( #634 ), #635 );
#164 = STYLED_ITEM( '', ( #636 ), #637 );
#165 = STYLED_ITEM( '', ( #638 ), #639 );
#166 = STYLED_ITEM( '', ( #640 ), #641 );
#167 = STYLED_ITEM( '', ( #642 ), #643 );
#168 = STYLED_ITEM( '', ( #644 ), #645 );
#169 = STYLED_ITEM( '', ( #646 ), #647 );
#170 = STYLED_ITEM( '', ( #648 ), #649 );
#171 = STYLED_ITEM( '', ( #650 ), #651 );
#172 = STYLED_ITEM( '', ( #652 ), #653 );
#173 = STYLED_ITEM( '', ( #654 ), #655 );
#174 = STYLED_ITEM( '', ( #656 ), #657 );
#175 = STYLED_ITEM( '', ( #658 ), #659 );
#176 = STYLED_ITEM( '', ( #660 ), #661 );
#177 = STYLED_ITEM( '', ( #662 ), #663 );
#178 = STYLED_ITEM( '', ( #664 ), #665 );
#179 = STYLED_ITEM( '', ( #666 ), #667 );
#180 = STYLED_ITEM( '', ( #668 ), #669 );
#181 = STYLED_ITEM( '', ( #670 ), #671 );
#182 = STYLED_ITEM( '', ( #672 ), #673 );
#183 = STYLED_ITEM( '', ( #674 ), #675 );
#184 = STYLED_ITEM( '', ( #676 ), #677 );
#185 = STYLED_ITEM( '', ( #678 ), #679 );
#186 = STYLED_ITEM( '', ( #680 ), #681 );
#187 = STYLED_ITEM( '', ( #682 ), #683 );
#188 = STYLED_ITEM( '', ( #684 ), #685 );
#189 = STYLED_ITEM( '', ( #686 ), #687 );
#190 = STYLED_ITEM( '', ( #688 ), #689 );
#191 = STYLED_ITEM( '', ( #690 ), #691 );
#192 = STYLED_ITEM( '', ( #692 ), #693 );
#193 = STYLED_ITEM( '', ( #694 ), #695 );
#194 = STYLED_ITEM( '', ( #696 ), #697 );
#195 = STYLED_ITEM( '', ( #698 ), #699 );
#196 = STYLED_ITEM( '', ( #700 ), #701 );
#197 = STYLED_ITEM( '', ( #702 ), #703 );
#198 = STYLED_ITEM( '', ( #704 ), #705 );
#199 = STYLED_ITEM( '', ( #706 ), #707 );
#200 = STYLED_ITEM( '', ( #708 ), #709 );
#201 = STYLED_ITEM( '', ( #710 ), #711 );
#202 = STYLED_ITEM( '', ( #712 ), #713 );
#203 = STYLED_ITEM( '', ( #714 ), #715 );
#204 = STYLED_ITEM( '', ( #716 ), #717 );
#205 = STYLED_ITEM( '', ( #718 ), #719 );
#206 = STYLED_ITEM( '', ( #720 ), #721 );
#207 = STYLED_ITEM( '', ( #722 ), #723 );
#208 = STYLED_ITEM( '', ( #724 ), #725 );
#209 = STYLED_ITEM( '', ( #726 ), #727 );
#210 = STYLED_ITEM( '', ( #728 ), #729 );
#211 = STYLED_ITEM( '', ( #730 ), #731 );
#212 = STYLED_ITEM( '', ( #732 ), #733 );
#213 = STYLED_ITEM( '', ( #734 ), #735 );
#214 = STYLED_ITEM( '', ( #736 ), #737 );
#215 = STYLED_ITEM( '', ( #738 ), #739 );
#216 = STYLED_ITEM( '', ( #740 ), #741 );
#217 = STYLED_ITEM( '', ( #742 ), #743 );
#218 = STYLED_ITEM( '', ( #744 ), #745 );
#219 = STYLED_ITEM( '', ( #746 ), #747 );
#220 = STYLED_ITEM( '', ( #748 ), #749 );
#221 = STYLED_ITEM( '', ( #750 ), #751 );
#222 = STYLED_ITEM( '', ( #752 ), #753 );
#223 = STYLED_ITEM( '', ( #754 ), #755 );
#224 = STYLED_ITEM( '', ( #756 ), #757 );
#225 = STYLED_ITEM( '', ( #758 ), #759 );
#226 = STYLED_ITEM( '', ( #760 ), #761 );
#227 = STYLED_ITEM( '', ( #762 ), #763 );
#228 = STYLED_ITEM( '', ( #764 ), #765 );
#229 = STYLED_ITEM( '', ( #766 ), #767 );
#230 = STYLED_ITEM( '', ( #768 ), #769 );
#231 = STYLED_ITEM( '', ( #770 ), #771 );
#232 = STYLED_ITEM( '', ( #772 ), #773 );
#233 = STYLED_ITEM( '', ( #774 ), #775 );
#234 = STYLED_ITEM( '', ( #776 ), #777 );
#235 = STYLED_ITEM( '', ( #778 ), #779 );
#236 = STYLED_ITEM( '', ( #780 ), #781 );
#237 = STYLED_ITEM( '', ( #782 ), #783 );
#238 = STYLED_ITEM( '', ( #784 ), #785 );
#239 = STYLED_ITEM( '', ( #786 ), #787 );
#240 = STYLED_ITEM( '', ( #788 ), #789 );
#241 = STYLED_ITEM( '', ( #790 ), #791 );
#242 = STYLED_ITEM( '', ( #792 ), #793 );
#243 = STYLED_ITEM( '', ( #794 ), #795 );
#244 = STYLED_ITEM( '', ( #796 ), #797 );
#245 = STYLED_ITEM( '', ( #798 ), #799 );
#246 = STYLED_ITEM( '', ( #800 ), #801 );
#247 = STYLED_ITEM( '', ( #802 ), #803 );
#248 = STYLED_ITEM( '', ( #804 ), #805 );
#249 = STYLED_ITEM( '', ( #806 ), #807 );
#250 = STYLED_ITEM( '', ( #808 ), #809 );
#251 = STYLED_ITEM( '', ( #810 ), #811 );
#252 = STYLED_ITEM( '', ( #812 ), #813 );
#253 = STYLED_ITEM( '', ( #814 ), #815 );
#254 = STYLED_ITEM( '', ( #816 ), #817 );
#255 = STYLED_ITEM( '', ( #818 ), #819 );
#256 = STYLED_ITEM( '', ( #820 ), #821 );
#257 = STYLED_ITEM( '', ( #822 ), #823 );
#258 = STYLED_ITEM( '', ( #824 ), #825 );
#259 = STYLED_ITEM( '', ( #826 ), #827 );
#260 = STYLED_ITEM( '', ( #828 ), #829 );
#261 = STYLED_ITEM( '', ( #830 ), #831 );
#262 = STYLED_ITEM( '', ( #832 ), #833 );
#263 = STYLED_ITEM( '', ( #834 ), #835 );
#264 = STYLED_ITEM( '', ( #836 ), #837 );
#265 = STYLED_ITEM( '', ( #838 ), #839 );
#266 = STYLED_ITEM( '', ( #840 ), #841 );
#267 = STYLED_ITEM( '', ( #842 ), #843 );
#268 = STYLED_ITEM( '', ( #844 ), #845 );
#269 = STYLED_ITEM( '', ( #846 ), #847 );
#270 = STYLED_ITEM( '', ( #848 ), #849 );
#271 = STYLED_ITEM( '', ( #850 ), #851 );
#272 = STYLED_ITEM( '', ( #852 ), #853 );
#273 = STYLED_ITEM( '', ( #854 ), #855 );
#274 = STYLED_ITEM( '', ( #856 ), #857 );
#275 = STYLED_ITEM( '', ( #858 ), #859 );
#276 = STYLED_ITEM( '', ( #860 ), #861 );
#277 = STYLED_ITEM( '', ( #862 ), #863 );
#278 = STYLED_ITEM( '', ( #864 ), #865 );
#279 = STYLED_ITEM( '', ( #866 ), #867 );
#280 = STYLED_ITEM( '', ( #868 ), #869 );
#281 = STYLED_ITEM( '', ( #870 ), #871 );
#282 = STYLED_ITEM( '', ( #872 ), #873 );
#283 = STYLED_ITEM( '', ( #874 ), #875 );
#284 = STYLED_ITEM( '', ( #876 ), #877 );
#285 = STYLED_ITEM( '', ( #878 ), #879 );
#286 = STYLED_ITEM( '', ( #880 ), #881 );
#287 = STYLED_ITEM( '', ( #882 ), #883 );
#288 = STYLED_ITEM( '', ( #884 ), #885 );
#289 = STYLED_ITEM( '', ( #886 ), #887 );
#290 = STYLED_ITEM( '', ( #888 ), #889 );
#291 = STYLED_ITEM( '', ( #890 ), #891 );
#292 = STYLED_ITEM( '', ( #892 ), #893 );
#293 = STYLED_ITEM( '', ( #894 ), #895 );
#294 = STYLED_ITEM( '', ( #896 ), #897 );
#295 = STYLED_ITEM( '', ( #898 ), #899 );
#296 = STYLED_ITEM( '', ( #900 ), #901 );
#297 = STYLED_ITEM( '', ( #902 ), #903 );
#298 = STYLED_ITEM( '', ( #904 ), #905 );
#299 = STYLED_ITEM( '', ( #906 ), #907 );
#300 = STYLED_ITEM( '', ( #908 ), #909 );
#301 = STYLED_ITEM( '', ( #910 ), #911 );
#302 = STYLED_ITEM( '', ( #912 ), #913 );
#303 = STYLED_ITEM( '', ( #914 ), #915 );
#304 = STYLED_ITEM( '', ( #916 ), #917 );
#305 = STYLED_ITEM( '', ( #918 ), #919 );
#306 = STYLED_ITEM( '', ( #920 ), #921 );
#307 = STYLED_ITEM( '', ( #922 ), #923 );
#308 = STYLED_ITEM( '', ( #924 ), #925 );
#309 = STYLED_ITEM( '', ( #926 ), #927 );
#310 = STYLED_ITEM( '', ( #928 ), #929 );
#311 = STYLED_ITEM( '', ( #930 ), #931 );
#312 = STYLED_ITEM( '', ( #932 ), #933 );
#313 = STYLED_ITEM( '', ( #934 ), #935 );
#314 = STYLED_ITEM( '', ( #936 ), #937 );
#315 = APPLICATION_CONTEXT( 'core data for automotive mechanical design processes' );
#316 = PRODUCT_CATEGORY( 'part', 'NONE' );
#317 = PRODUCT_RELATED_PRODUCT_CATEGORY( 'detail', ' ', ( #938 ) );
#318 = PRODUCT_DEFINITION_SHAPE( 'NONE', 'NONE', #939 );
#319 = ADVANCED_BREP_SHAPE_REPRESENTATION( 'Open CASCADE STEP translator 6.8 1', ( #940, #941 ), #6 );
#322 = UNCERTAINTY_MEASURE_WITH_UNIT( LENGTH_MEASURE( 1.00000000000000E-06 ), #324, '', '' );
#324 =  ( CONVERSION_BASED_UNIT( 'METRE', #944 )LENGTH_UNIT(  )NAMED_UNIT( #947 ) );
#325 =  ( NAMED_UNIT( #949 )PLANE_ANGLE_UNIT(  )SI_UNIT( $, .RADIAN. ) );
#326 =  ( NAMED_UNIT( #949 )SI_UNIT( $, .STERADIAN. )SOLID_ANGLE_UNIT(  ) );
#328 = PRESENTATION_STYLE_ASSIGNMENT( ( #955 ) );
#329 = EDGE_CURVE( '', #956, #957, #958, .T. );
#330 = PRESENTATION_STYLE_ASSIGNMENT( ( #959 ) );
#331 = EDGE_CURVE( '', #960, #961, #962, .T. );
#332 = PRESENTATION_STYLE_ASSIGNMENT( ( #963 ) );
#333 = EDGE_CURVE( '', #964, #965, #966, .T. );
#334 = PRESENTATION_STYLE_ASSIGNMENT( ( #967 ) );
#335 = ADVANCED_FACE( '', ( #968 ), #969, .T. );
#336 = PRESENTATION_STYLE_ASSIGNMENT( ( #970 ) );
#337 = EDGE_CURVE( '', #971, #972, #973, .T. );
#338 = PRESENTATION_STYLE_ASSIGNMENT( ( #974 ) );
#339 = ADVANCED_FACE( '', ( #975 ), #976, .T. );
#340 = PRESENTATION_STYLE_ASSIGNMENT( ( #977 ) );
#341 = ADVANCED_FACE( '', ( #978 ), #979, .T. );
#342 = PRESENTATION_STYLE_ASSIGNMENT( ( #980 ) );
#343 = EDGE_CURVE( '', #981, #982, #983, .T. );
#344 = PRESENTATION_STYLE_ASSIGNMENT( ( #984 ) );
#345 = ADVANCED_FACE( '', ( #985 ), #986, .F. );
#346 = PRESENTATION_STYLE_ASSIGNMENT( ( #987 ) );
#347 = EDGE_CURVE( '', #988, #989, #990, .T. );
#348 = PRESENTATION_STYLE_ASSIGNMENT( ( #991 ) );
#349 = ADVANCED_FACE( '', ( #992 ), #993, .T. );
#350 = PRESENTATION_STYLE_ASSIGNMENT( ( #994 ) );
#351 = EDGE_CURVE( '', #995, #996, #997, .T. );
#352 = PRESENTATION_STYLE_ASSIGNMENT( ( #998 ) );
#353 = EDGE_CURVE( '', #999, #1000, #1001, .T. );
#354 = PRESENTATION_STYLE_ASSIGNMENT( ( #1002 ) );
#355 = EDGE_CURVE( '', #1003, #1004, #1005, .T. );
#356 = PRESENTATION_STYLE_ASSIGNMENT( ( #1006 ) );
#357 = ADVANCED_FACE( '', ( #1007 ), #1008, .T. );
#358 = PRESENTATION_STYLE_ASSIGNMENT( ( #1009 ) );
#359 = EDGE_CURVE( '', #1010, #1011, #1012, .T. );
#360 = PRESENTATION_STYLE_ASSIGNMENT( ( #1013 ) );
#361 = ADVANCED_FACE( '', ( #1014 ), #1015, .T. );
#362 = PRESENTATION_STYLE_ASSIGNMENT( ( #1016 ) );
#363 = EDGE_CURVE( '', #1017, #1018, #1019, .T. );
#364 = PRESENTATION_STYLE_ASSIGNMENT( ( #1020 ) );
#365 = EDGE_CURVE( '', #1021, #1022, #1023, .T. );
#366 = PRESENTATION_STYLE_ASSIGNMENT( ( #1024 ) );
#367 = EDGE_CURVE( '', #1025, #1026, #1027, .T. );
#368 = PRESENTATION_STYLE_ASSIGNMENT( ( #1028 ) );
#369 = EDGE_CURVE( '', #1029, #1030, #1031, .T. );
#370 = PRESENTATION_STYLE_ASSIGNMENT( ( #1032 ) );
#371 = ADVANCED_FACE( '', ( #1033 ), #1034, .T. );
#372 = PRESENTATION_STYLE_ASSIGNMENT( ( #1035 ) );
#373 = EDGE_CURVE( '', #1036, #1037, #1038, .T. );
#374 = PRESENTATION_STYLE_ASSIGNMENT( ( #1039 ) );
#375 = EDGE_CURVE( '', #1040, #1041, #1042, .T. );
#376 = PRESENTATION_STYLE_ASSIGNMENT( ( #1043 ) );
#377 = ADVANCED_FACE( '', ( #1044 ), #1045, .T. );
#378 = PRESENTATION_STYLE_ASSIGNMENT( ( #1046 ) );
#379 = ADVANCED_FACE( '', ( #1047 ), #1048, .T. );
#380 = PRESENTATION_STYLE_ASSIGNMENT( ( #1049 ) );
#381 = EDGE_CURVE( '', #1050, #961, #1051, .T. );
#382 = PRESENTATION_STYLE_ASSIGNMENT( ( #1052 ) );
#383 = EDGE_CURVE( '', #1053, #1003, #1054, .T. );
#384 = PRESENTATION_STYLE_ASSIGNMENT( ( #1055 ) );
#385 = EDGE_CURVE( '', #1056, #1057, #1058, .T. );
#386 = PRESENTATION_STYLE_ASSIGNMENT( ( #1059 ) );
#387 = EDGE_CURVE( '', #1060, #1061, #1062, .T. );
#388 = PRESENTATION_STYLE_ASSIGNMENT( ( #1063 ) );
#389 = EDGE_CURVE( '', #1064, #1017, #1065, .T. );
#390 = PRESENTATION_STYLE_ASSIGNMENT( ( #1066 ) );
#391 = EDGE_CURVE( '', #1067, #981, #1068, .T. );
#392 = PRESENTATION_STYLE_ASSIGNMENT( ( #1069 ) );
#393 = EDGE_CURVE( '', #1070, #1018, #1071, .T. );
#394 = PRESENTATION_STYLE_ASSIGNMENT( ( #1072 ) );
#395 = ADVANCED_FACE( '', ( #1073 ), #1074, .T. );
#396 = PRESENTATION_STYLE_ASSIGNMENT( ( #1075 ) );
#397 = EDGE_CURVE( '', #1076, #1026, #1077, .T. );
#398 = PRESENTATION_STYLE_ASSIGNMENT( ( #1078 ) );
#399 = EDGE_CURVE( '', #1079, #1080, #1081, .T. );
#400 = PRESENTATION_STYLE_ASSIGNMENT( ( #1082 ) );
#401 = EDGE_CURVE( '', #1083, #1004, #1084, .T. );
#402 = PRESENTATION_STYLE_ASSIGNMENT( ( #1085 ) );
#403 = EDGE_CURVE( '', #1017, #1086, #1087, .T. );
#404 = PRESENTATION_STYLE_ASSIGNMENT( ( #1088 ) );
#405 = ADVANCED_FACE( '', ( #1089 ), #1090, .T. );
#406 = PRESENTATION_STYLE_ASSIGNMENT( ( #1091 ) );
#407 = ADVANCED_FACE( '', ( #1092 ), #1093, .F. );
#408 = PRESENTATION_STYLE_ASSIGNMENT( ( #1094 ) );
#409 = EDGE_CURVE( '', #1095, #1096, #1097, .T. );
#410 = PRESENTATION_STYLE_ASSIGNMENT( ( #1098 ) );
#411 = EDGE_CURVE( '', #1099, #1100, #1101, .T. );
#412 = PRESENTATION_STYLE_ASSIGNMENT( ( #1102 ) );
#413 = EDGE_CURVE( '', #1022, #1103, #1104, .T. );
#414 = PRESENTATION_STYLE_ASSIGNMENT( ( #1105 ) );
#415 = ADVANCED_FACE( '', ( #1106 ), #1107, .F. );
#416 = PRESENTATION_STYLE_ASSIGNMENT( ( #1108 ) );
#417 = ADVANCED_FACE( '', ( #1109 ), #1110, .T. );
#418 = PRESENTATION_STYLE_ASSIGNMENT( ( #1111 ) );
#419 = EDGE_CURVE( '', #1112, #1113, #1114, .T. );
#420 = PRESENTATION_STYLE_ASSIGNMENT( ( #1115 ) );
#421 = EDGE_CURVE( '', #1116, #1117, #1118, .T. );
#422 = PRESENTATION_STYLE_ASSIGNMENT( ( #1119 ) );
#423 = EDGE_CURVE( '', #1120, #1121, #1122, .T. );
#424 = PRESENTATION_STYLE_ASSIGNMENT( ( #1123 ) );
#425 = EDGE_CURVE( '', #1124, #1125, #1126, .T. );
#426 = PRESENTATION_STYLE_ASSIGNMENT( ( #1127 ) );
#427 = EDGE_CURVE( '', #1128, #1129, #1130, .T. );
#428 = PRESENTATION_STYLE_ASSIGNMENT( ( #1131 ) );
#429 = EDGE_CURVE( '', #957, #1132, #1133, .T. );
#430 = PRESENTATION_STYLE_ASSIGNMENT( ( #1134 ) );
#431 = EDGE_CURVE( '', #1135, #964, #1136, .T. );
#432 = PRESENTATION_STYLE_ASSIGNMENT( ( #1137 ) );
#433 = ADVANCED_FACE( '', ( #1138 ), #1139, .T. );
#434 = PRESENTATION_STYLE_ASSIGNMENT( ( #1140 ) );
#435 = ADVANCED_FACE( '', ( #1141 ), #1142, .T. );
#436 = PRESENTATION_STYLE_ASSIGNMENT( ( #1143 ) );
#437 = ADVANCED_FACE( '', ( #1144 ), #1145, .F. );
#438 = PRESENTATION_STYLE_ASSIGNMENT( ( #1146 ) );
#439 = EDGE_CURVE( '', #1147, #1148, #1149, .T. );
#440 = PRESENTATION_STYLE_ASSIGNMENT( ( #1150 ) );
#441 = EDGE_CURVE( '', #1061, #1151, #1152, .T. );
#442 = PRESENTATION_STYLE_ASSIGNMENT( ( #1153 ) );
#443 = EDGE_CURVE( '', #1154, #1155, #1156, .T. );
#444 = PRESENTATION_STYLE_ASSIGNMENT( ( #1157 ) );
#445 = EDGE_CURVE( '', #1158, #1159, #1160, .T. );
#446 = PRESENTATION_STYLE_ASSIGNMENT( ( #1161 ) );
#447 = EDGE_CURVE( '', #1030, #1162, #1163, .T. );
#448 = PRESENTATION_STYLE_ASSIGNMENT( ( #1164 ) );
#449 = EDGE_CURVE( '', #1165, #1166, #1167, .T. );
#450 = PRESENTATION_STYLE_ASSIGNMENT( ( #1168 ) );
#451 = EDGE_CURVE( '', #1169, #1170, #1171, .T. );
#452 = PRESENTATION_STYLE_ASSIGNMENT( ( #1172 ) );
#453 = ADVANCED_FACE( '', ( #1173, #1174 ), #1175, .T. );
#454 = PRESENTATION_STYLE_ASSIGNMENT( ( #1176 ) );
#455 = EDGE_CURVE( '', #1177, #1083, #1178, .T. );
#456 = PRESENTATION_STYLE_ASSIGNMENT( ( #1179 ) );
#457 = EDGE_CURVE( '', #1057, #1125, #1180, .T. );
#458 = PRESENTATION_STYLE_ASSIGNMENT( ( #1181 ) );
#459 = EDGE_CURVE( '', #1026, #1061, #1182, .T. );
#460 = PRESENTATION_STYLE_ASSIGNMENT( ( #1183 ) );
#461 = EDGE_CURVE( '', #1184, #1185, #1186, .T. );
#462 = PRESENTATION_STYLE_ASSIGNMENT( ( #1187 ) );
#463 = EDGE_CURVE( '', #1022, #1057, #1188, .T. );
#464 = PRESENTATION_STYLE_ASSIGNMENT( ( #1189 ) );
#465 = EDGE_CURVE( '', #1190, #1191, #1192, .T. );
#466 = PRESENTATION_STYLE_ASSIGNMENT( ( #1193 ) );
#467 = EDGE_CURVE( '', #1096, #1194, #1195, .T. );
#468 = PRESENTATION_STYLE_ASSIGNMENT( ( #1196 ) );
#469 = EDGE_CURVE( '', #1197, #1086, #1198, .T. );
#470 = PRESENTATION_STYLE_ASSIGNMENT( ( #1199 ) );
#471 = EDGE_CURVE( '', #1100, #1200, #1201, .T. );
#472 = PRESENTATION_STYLE_ASSIGNMENT( ( #1202 ) );
#473 = ADVANCED_FACE( '', ( #1203 ), #1204, .T. );
#474 = PRESENTATION_STYLE_ASSIGNMENT( ( #1205 ) );
#475 = EDGE_CURVE( '', #1037, #1165, #1206, .T. );
#476 = PRESENTATION_STYLE_ASSIGNMENT( ( #1207 ) );
#477 = EDGE_CURVE( '', #996, #1208, #1209, .T. );
#478 = PRESENTATION_STYLE_ASSIGNMENT( ( #1210 ) );
#479 = EDGE_CURVE( '', #1113, #1211, #1212, .T. );
#480 = PRESENTATION_STYLE_ASSIGNMENT( ( #1213 ) );
#481 = EDGE_CURVE( '', #1214, #1070, #1215, .T. );
#482 = PRESENTATION_STYLE_ASSIGNMENT( ( #1216 ) );
#483 = EDGE_CURVE( '', #1076, #1099, #1217, .T. );
#484 = PRESENTATION_STYLE_ASSIGNMENT( ( #1218 ) );
#485 = EDGE_CURVE( '', #1197, #1128, #1219, .T. );
#486 = PRESENTATION_STYLE_ASSIGNMENT( ( #1220 ) );
#487 = EDGE_CURVE( '', #1221, #1222, #1223, .T. );
#488 = PRESENTATION_STYLE_ASSIGNMENT( ( #1224 ) );
#489 = EDGE_CURVE( '', #1225, #1208, #1226, .T. );
#490 = PRESENTATION_STYLE_ASSIGNMENT( ( #1227 ) );
#491 = EDGE_CURVE( '', #1228, #1229, #1230, .T. );
#492 = PRESENTATION_STYLE_ASSIGNMENT( ( #1231 ) );
#493 = EDGE_CURVE( '', #1232, #1025, #1233, .T. );
#494 = PRESENTATION_STYLE_ASSIGNMENT( ( #1234 ) );
#495 = EDGE_CURVE( '', #1235, #1236, #1237, .T. );
#496 = PRESENTATION_STYLE_ASSIGNMENT( ( #1238 ) );
#497 = EDGE_CURVE( '', #1113, #1239, #1240, .T. );
#498 = PRESENTATION_STYLE_ASSIGNMENT( ( #1241 ) );
#499 = EDGE_CURVE( '', #1155, #960, #1242, .T. );
#500 = PRESENTATION_STYLE_ASSIGNMENT( ( #1243 ) );
#501 = EDGE_CURVE( '', #1128, #1004, #1244, .T. );
#502 = PRESENTATION_STYLE_ASSIGNMENT( ( #1245 ) );
#503 = EDGE_CURVE( '', #1151, #999, #1246, .T. );
#504 = PRESENTATION_STYLE_ASSIGNMENT( ( #1247 ) );
#505 = EDGE_CURVE( '', #1248, #1249, #1250, .T. );
#506 = PRESENTATION_STYLE_ASSIGNMENT( ( #1251 ) );
#507 = EDGE_CURVE( '', #1252, #1116, #1253, .T. );
#508 = PRESENTATION_STYLE_ASSIGNMENT( ( #1254 ) );
#509 = EDGE_CURVE( '', #1022, #1120, #1255, .T. );
#510 = PRESENTATION_STYLE_ASSIGNMENT( ( #1256 ) );
#511 = EDGE_CURVE( '', #1225, #1257, #1258, .T. );
#512 = PRESENTATION_STYLE_ASSIGNMENT( ( #1259 ) );
#513 = EDGE_CURVE( '', #1260, #1124, #1261, .T. );
#514 = PRESENTATION_STYLE_ASSIGNMENT( ( #1262 ) );
#515 = ADVANCED_FACE( '', ( #1263 ), #1264, .T. );
#516 = PRESENTATION_STYLE_ASSIGNMENT( ( #1265 ) );
#517 = EDGE_CURVE( '', #1266, #1267, #1268, .T. );
#518 = PRESENTATION_STYLE_ASSIGNMENT( ( #1269 ) );
#519 = ADVANCED_FACE( '', ( #1270 ), #1271, .T. );
#520 = PRESENTATION_STYLE_ASSIGNMENT( ( #1272 ) );
#521 = EDGE_CURVE( '', #1147, #1273, #1274, .T. );
#522 = PRESENTATION_STYLE_ASSIGNMENT( ( #1275 ) );
#523 = EDGE_CURVE( '', #1276, #1155, #1277, .T. );
#524 = PRESENTATION_STYLE_ASSIGNMENT( ( #1278 ) );
#525 = EDGE_CURVE( '', #1121, #995, #1279, .T. );
#526 = PRESENTATION_STYLE_ASSIGNMENT( ( #1280 ) );
#527 = EDGE_CURVE( '', #1121, #1281, #1282, .T. );
#528 = PRESENTATION_STYLE_ASSIGNMENT( ( #1283 ) );
#529 = ADVANCED_FACE( '', ( #1284 ), #1285, .T. );
#530 = PRESENTATION_STYLE_ASSIGNMENT( ( #1286 ) );
#531 = EDGE_CURVE( '', #1287, #1041, #1288, .T. );
#532 = PRESENTATION_STYLE_ASSIGNMENT( ( #1289 ) );
#533 = EDGE_CURVE( '', #1036, #1290, #1291, .T. );
#534 = PRESENTATION_STYLE_ASSIGNMENT( ( #1292 ) );
#535 = ADVANCED_FACE( '', ( #1293 ), #1294, .T. );
#536 = PRESENTATION_STYLE_ASSIGNMENT( ( #1295 ) );
#537 = EDGE_CURVE( '', #961, #1276, #1296, .T. );
#538 = PRESENTATION_STYLE_ASSIGNMENT( ( #1297 ) );
#539 = EDGE_CURVE( '', #1257, #1298, #1299, .T. );
#540 = PRESENTATION_STYLE_ASSIGNMENT( ( #1300 ) );
#541 = EDGE_CURVE( '', #1301, #1112, #1302, .T. );
#542 = PRESENTATION_STYLE_ASSIGNMENT( ( #1303 ) );
#543 = EDGE_CURVE( '', #1304, #964, #1305, .T. );
#544 = PRESENTATION_STYLE_ASSIGNMENT( ( #1306 ) );
#545 = EDGE_CURVE( '', #988, #1177, #1307, .T. );
#546 = PRESENTATION_STYLE_ASSIGNMENT( ( #1308 ) );
#547 = EDGE_CURVE( '', #999, #1053, #1309, .T. );
#548 = PRESENTATION_STYLE_ASSIGNMENT( ( #1310 ) );
#549 = EDGE_CURVE( '', #1311, #1225, #1312, .T. );
#550 = PRESENTATION_STYLE_ASSIGNMENT( ( #1313 ) );
#551 = EDGE_CURVE( '', #1011, #1314, #1315, .T. );
#552 = PRESENTATION_STYLE_ASSIGNMENT( ( #1316 ) );
#553 = ADVANCED_FACE( '', ( #1317 ), #1318, .F. );
#554 = PRESENTATION_STYLE_ASSIGNMENT( ( #1319 ) );
#555 = EDGE_CURVE( '', #1125, #1320, #1321, .T. );
#556 = PRESENTATION_STYLE_ASSIGNMENT( ( #1322 ) );
#557 = ADVANCED_FACE( '', ( #1323 ), #1324, .T. );
#558 = PRESENTATION_STYLE_ASSIGNMENT( ( #1325 ) );
#559 = EDGE_CURVE( '', #1228, #1070, #1326, .T. );
#560 = PRESENTATION_STYLE_ASSIGNMENT( ( #1327 ) );
#561 = EDGE_CURVE( '', #1191, #1328, #1329, .T. );
#562 = PRESENTATION_STYLE_ASSIGNMENT( ( #1330 ) );
#563 = EDGE_CURVE( '', #1029, #1124, #1331, .T. );
#564 = PRESENTATION_STYLE_ASSIGNMENT( ( #1332 ) );
#565 = EDGE_CURVE( '', #1333, #1334, #1335, .T. );
#566 = PRESENTATION_STYLE_ASSIGNMENT( ( #1336 ) );
#567 = EDGE_CURVE( '', #1337, #1235, #1338, .T. );
#568 = PRESENTATION_STYLE_ASSIGNMENT( ( #1339 ) );
#569 = EDGE_CURVE( '', #1340, #1341, #1342, .T. );
#570 = PRESENTATION_STYLE_ASSIGNMENT( ( #1343 ) );
#571 = EDGE_CURVE( '', #1229, #1232, #1344, .T. );
#572 = PRESENTATION_STYLE_ASSIGNMENT( ( #1345 ) );
#573 = EDGE_CURVE( '', #1346, #1347, #1348, .T. );
#574 = PRESENTATION_STYLE_ASSIGNMENT( ( #1349 ) );
#575 = ADVANCED_FACE( '', ( #1350 ), #1351, .F. );
#576 = PRESENTATION_STYLE_ASSIGNMENT( ( #1352 ) );
#577 = EDGE_CURVE( '', #1334, #1158, #1353, .T. );
#578 = PRESENTATION_STYLE_ASSIGNMENT( ( #1354 ) );
#579 = EDGE_CURVE( '', #1314, #1154, #1355, .T. );
#580 = PRESENTATION_STYLE_ASSIGNMENT( ( #1356 ) );
#581 = EDGE_CURVE( '', #1011, #1021, #1357, .T. );
#582 = PRESENTATION_STYLE_ASSIGNMENT( ( #1358 ) );
#583 = EDGE_CURVE( '', #1080, #1208, #1359, .T. );
#584 = PRESENTATION_STYLE_ASSIGNMENT( ( #1360 ) );
#585 = EDGE_CURVE( '', #1170, #1361, #1362, .T. );
#586 = PRESENTATION_STYLE_ASSIGNMENT( ( #1363 ) );
#587 = EDGE_CURVE( '', #1041, #1003, #1364, .T. );
#588 = PRESENTATION_STYLE_ASSIGNMENT( ( #1365 ) );
#589 = ADVANCED_FACE( '', ( #1366 ), #1367, .T. );
#590 = PRESENTATION_STYLE_ASSIGNMENT( ( #1368 ) );
#591 = ADVANCED_FACE( '', ( #1369 ), #1370, .T. );
#592 = PRESENTATION_STYLE_ASSIGNMENT( ( #1371 ) );
#593 = EDGE_CURVE( '', #1372, #1221, #1373, .T. );
#594 = PRESENTATION_STYLE_ASSIGNMENT( ( #1374 ) );
#595 = EDGE_CURVE( '', #1337, #1103, #1375, .T. );
#596 = PRESENTATION_STYLE_ASSIGNMENT( ( #1376 ) );
#597 = ADVANCED_FACE( '', ( #1377 ), #1378, .T. );
#598 = PRESENTATION_STYLE_ASSIGNMENT( ( #1379 ) );
#599 = EDGE_CURVE( '', #1166, #1361, #1380, .T. );
#600 = PRESENTATION_STYLE_ASSIGNMENT( ( #1381 ) );
#601 = EDGE_CURVE( '', #965, #1113, #1382, .T. );
#602 = PRESENTATION_STYLE_ASSIGNMENT( ( #1383 ) );
#603 = EDGE_CURVE( '', #1067, #1384, #1385, .T. );
#604 = PRESENTATION_STYLE_ASSIGNMENT( ( #1386 ) );
#605 = ADVANCED_FACE( '', ( #1387 ), #1388, .F. );
#606 = PRESENTATION_STYLE_ASSIGNMENT( ( #1389 ) );
#607 = ADVANCED_FACE( '', ( #1390 ), #1391, .T. );
#608 = PRESENTATION_STYLE_ASSIGNMENT( ( #1392 ) );
#609 = EDGE_CURVE( '', #1393, #1117, #1394, .T. );
#610 = PRESENTATION_STYLE_ASSIGNMENT( ( #1395 ) );
#611 = EDGE_CURVE( '', #1095, #1333, #1396, .T. );
#612 = PRESENTATION_STYLE_ASSIGNMENT( ( #1397 ) );
#613 = EDGE_CURVE( '', #1398, #1399, #1400, .T. );
#614 = PRESENTATION_STYLE_ASSIGNMENT( ( #1401 ) );
#615 = ADVANCED_FACE( '', ( #1402 ), #1403, .T. );
#616 = PRESENTATION_STYLE_ASSIGNMENT( ( #1404 ) );
#617 = EDGE_CURVE( '', #1053, #1287, #1405, .T. );
#618 = PRESENTATION_STYLE_ASSIGNMENT( ( #1406 ) );
#619 = EDGE_CURVE( '', #1080, #1311, #1407, .T. );
#620 = PRESENTATION_STYLE_ASSIGNMENT( ( #1408 ) );
#621 = EDGE_CURVE( '', #1409, #956, #1410, .T. );
#622 = PRESENTATION_STYLE_ASSIGNMENT( ( #1411 ) );
#623 = ADVANCED_FACE( '', ( #1412 ), #1413, .F. );
#624 = PRESENTATION_STYLE_ASSIGNMENT( ( #1414 ) );
#625 = ADVANCED_FACE( '', ( #1415 ), #1416, .F. );
#626 = PRESENTATION_STYLE_ASSIGNMENT( ( #1417 ) );
#627 = ADVANCED_FACE( '', ( #1418 ), #1419, .T. );
#628 = PRESENTATION_STYLE_ASSIGNMENT( ( #1420 ) );
#629 = EDGE_CURVE( '', #1421, #1421, #1422, .T. );
#630 = PRESENTATION_STYLE_ASSIGNMENT( ( #1423 ) );
#631 = EDGE_CURVE( '', #1132, #1409, #1424, .T. );
#632 = PRESENTATION_STYLE_ASSIGNMENT( ( #1425 ) );
#633 = EDGE_CURVE( '', #1320, #1010, #1426, .T. );
#634 = PRESENTATION_STYLE_ASSIGNMENT( ( #1427 ) );
#635 = EDGE_CURVE( '', #1428, #1429, #1430, .T. );
#636 = PRESENTATION_STYLE_ASSIGNMENT( ( #1431 ) );
#637 = ADVANCED_FACE( '', ( #1432 ), #1433, .F. );
#638 = PRESENTATION_STYLE_ASSIGNMENT( ( #1434 ) );
#639 = EDGE_CURVE( '', #1222, #1435, #1436, .T. );
#640 = PRESENTATION_STYLE_ASSIGNMENT( ( #1437 ) );
#641 = EDGE_CURVE( '', #1000, #1211, #1438, .T. );
#642 = PRESENTATION_STYLE_ASSIGNMENT( ( #1439 ) );
#643 = EDGE_CURVE( '', #1440, #1148, #1441, .T. );
#644 = PRESENTATION_STYLE_ASSIGNMENT( ( #1442 ) );
#645 = ADVANCED_FACE( '', ( #1443 ), #1444, .T. );
#646 = PRESENTATION_STYLE_ASSIGNMENT( ( #1445 ) );
#647 = ADVANCED_FACE( '', ( #1446 ), #1447, .F. );
#648 = PRESENTATION_STYLE_ASSIGNMENT( ( #1448 ) );
#649 = EDGE_CURVE( '', #1449, #1096, #1450, .T. );
#650 = PRESENTATION_STYLE_ASSIGNMENT( ( #1451 ) );
#651 = ADVANCED_FACE( '', ( #1452 ), #1453, .F. );
#652 = PRESENTATION_STYLE_ASSIGNMENT( ( #1454 ) );
#653 = EDGE_CURVE( '', #1455, #1456, #1457, .T. );
#654 = PRESENTATION_STYLE_ASSIGNMENT( ( #1458 ) );
#655 = EDGE_CURVE( '', #1276, #995, #1459, .T. );
#656 = PRESENTATION_STYLE_ASSIGNMENT( ( #1460 ) );
#657 = ADVANCED_FACE( '', ( #1461 ), #1462, .F. );
#658 = PRESENTATION_STYLE_ASSIGNMENT( ( #1463 ) );
#659 = EDGE_CURVE( '', #1169, #1248, #1464, .T. );
#660 = PRESENTATION_STYLE_ASSIGNMENT( ( #1465 ) );
#661 = EDGE_CURVE( '', #1184, #989, #1466, .T. );
#662 = PRESENTATION_STYLE_ASSIGNMENT( ( #1467 ) );
#663 = EDGE_CURVE( '', #1010, #1468, #1469, .T. );
#664 = PRESENTATION_STYLE_ASSIGNMENT( ( #1470 ) );
#665 = ADVANCED_FACE( '', ( #1471 ), #1472, .T. );
#666 = PRESENTATION_STYLE_ASSIGNMENT( ( #1473 ) );
#667 = EDGE_CURVE( '', #1361, #1440, #1474, .T. );
#668 = PRESENTATION_STYLE_ASSIGNMENT( ( #1475 ) );
#669 = EDGE_CURVE( '', #999, #1113, #1476, .T. );
#670 = PRESENTATION_STYLE_ASSIGNMENT( ( #1477 ) );
#671 = EDGE_CURVE( '', #1086, #1304, #1478, .T. );
#672 = PRESENTATION_STYLE_ASSIGNMENT( ( #1479 ) );
#673 = EDGE_CURVE( '', #1341, #1480, #1481, .T. );
#674 = PRESENTATION_STYLE_ASSIGNMENT( ( #1482 ) );
#675 = EDGE_CURVE( '', #1177, #1040, #1483, .T. );
#676 = PRESENTATION_STYLE_ASSIGNMENT( ( #1484 ) );
#677 = EDGE_CURVE( '', #1260, #1468, #1485, .T. );
#678 = PRESENTATION_STYLE_ASSIGNMENT( ( #1486 ) );
#679 = EDGE_CURVE( '', #1487, #1147, #1488, .T. );
#680 = PRESENTATION_STYLE_ASSIGNMENT( ( #1489 ) );
#681 = EDGE_CURVE( '', #1428, #1132, #1490, .T. );
#682 = PRESENTATION_STYLE_ASSIGNMENT( ( #1491 ) );
#683 = EDGE_CURVE( '', #1456, #1079, #1492, .T. );
#684 = PRESENTATION_STYLE_ASSIGNMENT( ( #1493 ) );
#685 = ADVANCED_FACE( '', ( #1494 ), #1495, .F. );
#686 = PRESENTATION_STYLE_ASSIGNMENT( ( #1496 ) );
#687 = EDGE_CURVE( '', #1021, #1154, #1497, .T. );
#688 = PRESENTATION_STYLE_ASSIGNMENT( ( #1498 ) );
#689 = EDGE_CURVE( '', #1257, #1056, #1499, .T. );
#690 = PRESENTATION_STYLE_ASSIGNMENT( ( #1500 ) );
#691 = ADVANCED_FACE( '', ( #1501 ), #1502, .T. );
#692 = PRESENTATION_STYLE_ASSIGNMENT( ( #1503 ) );
#693 = ADVANCED_FACE( '', ( #1504 ), #1505, .T. );
#694 = PRESENTATION_STYLE_ASSIGNMENT( ( #1506 ) );
#695 = EDGE_CURVE( '', #1507, #965, #1508, .T. );
#696 = PRESENTATION_STYLE_ASSIGNMENT( ( #1509 ) );
#697 = EDGE_CURVE( '', #1468, #1314, #1510, .T. );
#698 = PRESENTATION_STYLE_ASSIGNMENT( ( #1511 ) );
#699 = EDGE_CURVE( '', #1159, #956, #1512, .T. );
#700 = PRESENTATION_STYLE_ASSIGNMENT( ( #1513 ) );
#701 = ADVANCED_FACE( '', ( #1514 ), #1515, .T. );
#702 = PRESENTATION_STYLE_ASSIGNMENT( ( #1516 ) );
#703 = EDGE_CURVE( '', #1129, #1112, #1517, .T. );
#704 = PRESENTATION_STYLE_ASSIGNMENT( ( #1518 ) );
#705 = EDGE_CURVE( '', #1519, #1520, #1521, .T. );
#706 = PRESENTATION_STYLE_ASSIGNMENT( ( #1522 ) );
#707 = ADVANCED_FACE( '', ( #1523 ), #1524, .F. );
#708 = PRESENTATION_STYLE_ASSIGNMENT( ( #1525 ) );
#709 = ADVANCED_FACE( '', ( #1526 ), #1527, .F. );
#710 = PRESENTATION_STYLE_ASSIGNMENT( ( #1528 ) );
#711 = EDGE_CURVE( '', #1148, #1529, #1530, .T. );
#712 = PRESENTATION_STYLE_ASSIGNMENT( ( #1531 ) );
#713 = EDGE_CURVE( '', #1340, #1393, #1532, .T. );
#714 = PRESENTATION_STYLE_ASSIGNMENT( ( #1533 ) );
#715 = EDGE_CURVE( '', #1519, #1099, #1534, .T. );
#716 = PRESENTATION_STYLE_ASSIGNMENT( ( #1535 ) );
#717 = EDGE_CURVE( '', #1214, #1301, #1536, .T. );
#718 = PRESENTATION_STYLE_ASSIGNMENT( ( #1537 ) );
#719 = EDGE_CURVE( '', #1135, #1507, #1538, .T. );
#720 = PRESENTATION_STYLE_ASSIGNMENT( ( #1539 ) );
#721 = ADVANCED_FACE( '', ( #1540 ), #1541, .T. );
#722 = PRESENTATION_STYLE_ASSIGNMENT( ( #1542 ) );
#723 = ADVANCED_FACE( '', ( #1543 ), #1544, .F. );
#724 = PRESENTATION_STYLE_ASSIGNMENT( ( #1545 ) );
#725 = EDGE_CURVE( '', #1018, #1546, #1547, .T. );
#726 = PRESENTATION_STYLE_ASSIGNMENT( ( #1548 ) );
#727 = EDGE_CURVE( '', #1435, #1333, #1549, .T. );
#728 = PRESENTATION_STYLE_ASSIGNMENT( ( #1550 ) );
#729 = ADVANCED_FACE( '', ( #1551 ), #1552, .T. );
#730 = PRESENTATION_STYLE_ASSIGNMENT( ( #1553 ) );
#731 = ADVANCED_FACE( '', ( #1554 ), #1555, .F. );
#732 = PRESENTATION_STYLE_ASSIGNMENT( ( #1556 ) );
#733 = EDGE_CURVE( '', #1190, #1393, #1557, .T. );
#734 = PRESENTATION_STYLE_ASSIGNMENT( ( #1558 ) );
#735 = EDGE_CURVE( '', #1440, #1273, #1559, .T. );
#736 = PRESENTATION_STYLE_ASSIGNMENT( ( #1560 ) );
#737 = EDGE_CURVE( '', #1194, #1487, #1561, .T. );
#738 = PRESENTATION_STYLE_ASSIGNMENT( ( #1562 ) );
#739 = EDGE_CURVE( '', #1520, #1252, #1563, .T. );
#740 = PRESENTATION_STYLE_ASSIGNMENT( ( #1564 ) );
#741 = EDGE_CURVE( '', #1334, #972, #1565, .T. );
#742 = PRESENTATION_STYLE_ASSIGNMENT( ( #1566 ) );
#743 = EDGE_CURVE( '', #957, #1346, #1567, .T. );
#744 = PRESENTATION_STYLE_ASSIGNMENT( ( #1568 ) );
#745 = EDGE_CURVE( '', #1298, #1372, #1569, .T. );
#746 = PRESENTATION_STYLE_ASSIGNMENT( ( #1570 ) );
#747 = ADVANCED_FACE( '', ( #1571 ), #1572, .T. );
#748 = PRESENTATION_STYLE_ASSIGNMENT( ( #1573 ) );
#749 = EDGE_CURVE( '', #1200, #1574, #1575, .T. );
#750 = PRESENTATION_STYLE_ASSIGNMENT( ( #1576 ) );
#751 = EDGE_CURVE( '', #1249, #1290, #1577, .T. );
#752 = PRESENTATION_STYLE_ASSIGNMENT( ( #1578 ) );
#753 = EDGE_CURVE( '', #1449, #1487, #1579, .T. );
#754 = PRESENTATION_STYLE_ASSIGNMENT( ( #1580 ) );
#755 = EDGE_CURVE( '', #1346, #1030, #1581, .T. );
#756 = PRESENTATION_STYLE_ASSIGNMENT( ( #1582 ) );
#757 = ADVANCED_FACE( '', ( #1583, #1584 ), #1585, .T. );
#758 = PRESENTATION_STYLE_ASSIGNMENT( ( #1586 ) );
#759 = ADVANCED_FACE( '', ( #1587 ), #1588, .F. );
#760 = PRESENTATION_STYLE_ASSIGNMENT( ( #1589 ) );
#761 = EDGE_CURVE( '', #1590, #1590, #1591, .T. );
#762 = PRESENTATION_STYLE_ASSIGNMENT( ( #1592 ) );
#763 = EDGE_CURVE( '', #1050, #1455, #1593, .T. );
#764 = PRESENTATION_STYLE_ASSIGNMENT( ( #1594 ) );
#765 = EDGE_CURVE( '', #1595, #1252, #1596, .T. );
#766 = PRESENTATION_STYLE_ASSIGNMENT( ( #1597 ) );
#767 = EDGE_CURVE( '', #1239, #1598, #1599, .T. );
#768 = PRESENTATION_STYLE_ASSIGNMENT( ( #1600 ) );
#769 = EDGE_CURVE( '', #1529, #1194, #1601, .T. );
#770 = PRESENTATION_STYLE_ASSIGNMENT( ( #1602 ) );
#771 = EDGE_CURVE( '', #1022, #1281, #1603, .T. );
#772 = PRESENTATION_STYLE_ASSIGNMENT( ( #1604 ) );
#773 = EDGE_CURVE( '', #1158, #1222, #1605, .T. );
#774 = PRESENTATION_STYLE_ASSIGNMENT( ( #1606 ) );
#775 = ADVANCED_FACE( '', ( #1607 ), #1608, .T. );
#776 = PRESENTATION_STYLE_ASSIGNMENT( ( #1609 ) );
#777 = ADVANCED_FACE( '', ( #1610 ), #1611, .F. );
#778 = PRESENTATION_STYLE_ASSIGNMENT( ( #1612 ) );
#779 = EDGE_CURVE( '', #1480, #1067, #1613, .T. );
#780 = PRESENTATION_STYLE_ASSIGNMENT( ( #1614 ) );
#781 = EDGE_CURVE( '', #1287, #1000, #1615, .T. );
#782 = PRESENTATION_STYLE_ASSIGNMENT( ( #1616 ) );
#783 = EDGE_CURVE( '', #1129, #1214, #1617, .T. );
#784 = PRESENTATION_STYLE_ASSIGNMENT( ( #1618 ) );
#785 = ADVANCED_FACE( '', ( #1619 ), #1620, .T. );
#786 = PRESENTATION_STYLE_ASSIGNMENT( ( #1621 ) );
#787 = ADVANCED_FACE( '', ( #1622 ), #1623, .T. );
#788 = PRESENTATION_STYLE_ASSIGNMENT( ( #1624 ) );
#789 = ADVANCED_FACE( '', ( #1625 ), #1626, .T. );
#790 = PRESENTATION_STYLE_ASSIGNMENT( ( #1627 ) );
#791 = EDGE_CURVE( '', #1037, #1449, #1628, .T. );
#792 = PRESENTATION_STYLE_ASSIGNMENT( ( #1629 ) );
#793 = ADVANCED_FACE( '', ( #1630 ), #1631, .T. );
#794 = PRESENTATION_STYLE_ASSIGNMENT( ( #1632 ) );
#795 = EDGE_CURVE( '', #1304, #1064, #1633, .T. );
#796 = PRESENTATION_STYLE_ASSIGNMENT( ( #1634 ) );
#797 = EDGE_CURVE( '', #1103, #1236, #1635, .T. );
#798 = PRESENTATION_STYLE_ASSIGNMENT( ( #1636 ) );
#799 = EDGE_CURVE( '', #1595, #1399, #1637, .T. );
#800 = PRESENTATION_STYLE_ASSIGNMENT( ( #1638 ) );
#801 = EDGE_CURVE( '', #1455, #960, #1639, .T. );
#802 = PRESENTATION_STYLE_ASSIGNMENT( ( #1640 ) );
#803 = EDGE_CURVE( '', #1456, #1337, #1641, .T. );
#804 = PRESENTATION_STYLE_ASSIGNMENT( ( #1642 ) );
#805 = EDGE_CURVE( '', #1079, #1050, #1643, .T. );
#806 = PRESENTATION_STYLE_ASSIGNMENT( ( #1644 ) );
#807 = ADVANCED_FACE( '', ( #1645, #1646 ), #1647, .F. );
#808 = PRESENTATION_STYLE_ASSIGNMENT( ( #1648 ) );
#809 = EDGE_CURVE( '', #1200, #1519, #1649, .T. );
#810 = PRESENTATION_STYLE_ASSIGNMENT( ( #1650 ) );
#811 = EDGE_CURVE( '', #1320, #1260, #1651, .T. );
#812 = PRESENTATION_STYLE_ASSIGNMENT( ( #1652 ) );
#813 = EDGE_CURVE( '', #1117, #1595, #1653, .T. );
#814 = PRESENTATION_STYLE_ASSIGNMENT( ( #1654 ) );
#815 = ADVANCED_FACE( '', ( #1655 ), #1656, .T. );
#816 = PRESENTATION_STYLE_ASSIGNMENT( ( #1657 ) );
#817 = EDGE_CURVE( '', #1429, #1398, #1658, .T. );
#818 = PRESENTATION_STYLE_ASSIGNMENT( ( #1659 ) );
#819 = EDGE_CURVE( '', #1546, #1228, #1660, .T. );
#820 = PRESENTATION_STYLE_ASSIGNMENT( ( #1661 ) );
#821 = EDGE_CURVE( '', #1662, #1029, #1663, .T. );
#822 = PRESENTATION_STYLE_ASSIGNMENT( ( #1664 ) );
#823 = EDGE_CURVE( '', #1598, #1232, #1665, .T. );
#824 = PRESENTATION_STYLE_ASSIGNMENT( ( #1666 ) );
#825 = EDGE_CURVE( '', #1384, #1340, #1667, .T. );
#826 = PRESENTATION_STYLE_ASSIGNMENT( ( #1668 ) );
#827 = ADVANCED_FACE( '', ( #1669 ), #1670, .T. );
#828 = PRESENTATION_STYLE_ASSIGNMENT( ( #1671 ) );
#829 = EDGE_CURVE( '', #1060, #1025, #1672, .T. );
#830 = PRESENTATION_STYLE_ASSIGNMENT( ( #1673 ) );
#831 = EDGE_CURVE( '', #1529, #971, #1674, .T. );
#832 = PRESENTATION_STYLE_ASSIGNMENT( ( #1675 ) );
#833 = EDGE_CURVE( '', #1290, #1169, #1676, .T. );
#834 = PRESENTATION_STYLE_ASSIGNMENT( ( #1677 ) );
#835 = EDGE_CURVE( '', #1546, #1064, #1678, .T. );
#836 = PRESENTATION_STYLE_ASSIGNMENT( ( #1679 ) );
#837 = EDGE_CURVE( '', #1680, #1191, #1681, .T. );
#838 = PRESENTATION_STYLE_ASSIGNMENT( ( #1682 ) );
#839 = ADVANCED_FACE( '', ( #1683 ), #1684, .T. );
#840 = PRESENTATION_STYLE_ASSIGNMENT( ( #1685 ) );
#841 = EDGE_CURVE( '', #1311, #1221, #1686, .T. );
#842 = PRESENTATION_STYLE_ASSIGNMENT( ( #1687 ) );
#843 = EDGE_CURVE( '', #1328, #1384, #1688, .T. );
#844 = PRESENTATION_STYLE_ASSIGNMENT( ( #1689 ) );
#845 = EDGE_CURVE( '', #1162, #1662, #1690, .T. );
#846 = PRESENTATION_STYLE_ASSIGNMENT( ( #1691 ) );
#847 = ADVANCED_FACE( '', ( #1692 ), #1693, .F. );
#848 = PRESENTATION_STYLE_ASSIGNMENT( ( #1694 ) );
#849 = EDGE_CURVE( '', #1151, #1076, #1695, .T. );
#850 = PRESENTATION_STYLE_ASSIGNMENT( ( #1696 ) );
#851 = EDGE_CURVE( '', #1409, #1190, #1697, .T. );
#852 = PRESENTATION_STYLE_ASSIGNMENT( ( #1698 ) );
#853 = EDGE_CURVE( '', #1185, #1520, #1699, .T. );
#854 = PRESENTATION_STYLE_ASSIGNMENT( ( #1700 ) );
#855 = EDGE_CURVE( '', #1662, #1235, #1701, .T. );
#856 = PRESENTATION_STYLE_ASSIGNMENT( ( #1702 ) );
#857 = ADVANCED_FACE( '', ( #1703 ), #1704, .T. );
#858 = PRESENTATION_STYLE_ASSIGNMENT( ( #1705 ) );
#859 = EDGE_CURVE( '', #982, #1680, #1706, .T. );
#860 = PRESENTATION_STYLE_ASSIGNMENT( ( #1707 ) );
#861 = EDGE_CURVE( '', #1211, #1301, #1708, .T. );
#862 = PRESENTATION_STYLE_ASSIGNMENT( ( #1709 ) );
#863 = EDGE_CURVE( '', #1281, #1266, #1710, .T. );
#864 = PRESENTATION_STYLE_ASSIGNMENT( ( #1711 ) );
#865 = EDGE_CURVE( '', #1574, #988, #1712, .T. );
#866 = PRESENTATION_STYLE_ASSIGNMENT( ( #1713 ) );
#867 = EDGE_CURVE( '', #1057, #1266, #1714, .T. );
#868 = PRESENTATION_STYLE_ASSIGNMENT( ( #1715 ) );
#869 = EDGE_CURVE( '', #1267, #1056, #1716, .T. );
#870 = PRESENTATION_STYLE_ASSIGNMENT( ( #1717 ) );
#871 = EDGE_CURVE( '', #1435, #1162, #1718, .T. );
#872 = PRESENTATION_STYLE_ASSIGNMENT( ( #1719 ) );
#873 = EDGE_CURVE( '', #999, #1507, #1720, .T. );
#874 = PRESENTATION_STYLE_ASSIGNMENT( ( #1721 ) );
#875 = EDGE_CURVE( '', #1328, #981, #1722, .T. );
#876 = PRESENTATION_STYLE_ASSIGNMENT( ( #1723 ) );
#877 = EDGE_CURVE( '', #1398, #1480, #1724, .T. );
#878 = PRESENTATION_STYLE_ASSIGNMENT( ( #1725 ) );
#879 = ADVANCED_FACE( '', ( #1726 ), #1727, .F. );
#880 = PRESENTATION_STYLE_ASSIGNMENT( ( #1728 ) );
#881 = EDGE_CURVE( '', #1166, #1036, #1729, .T. );
#882 = PRESENTATION_STYLE_ASSIGNMENT( ( #1730 ) );
#883 = EDGE_CURVE( '', #1239, #1229, #1731, .T. );
#884 = PRESENTATION_STYLE_ASSIGNMENT( ( #1732 ) );
#885 = EDGE_CURVE( '', #1429, #982, #1733, .T. );
#886 = PRESENTATION_STYLE_ASSIGNMENT( ( #1734 ) );
#887 = EDGE_CURVE( '', #1236, #1057, #1735, .T. );
#888 = PRESENTATION_STYLE_ASSIGNMENT( ( #1736 ) );
#889 = EDGE_CURVE( '', #1083, #1197, #1737, .T. );
#890 = PRESENTATION_STYLE_ASSIGNMENT( ( #1738 ) );
#891 = EDGE_CURVE( '', #1273, #1165, #1739, .T. );
#892 = PRESENTATION_STYLE_ASSIGNMENT( ( #1740 ) );
#893 = ADVANCED_FACE( '', ( #1741 ), #1742, .T. );
#894 = PRESENTATION_STYLE_ASSIGNMENT( ( #1743 ) );
#895 = EDGE_CURVE( '', #1598, #1060, #1744, .T. );
#896 = PRESENTATION_STYLE_ASSIGNMENT( ( #1745 ) );
#897 = ADVANCED_FACE( '', ( #1746 ), #1747, .F. );
#898 = PRESENTATION_STYLE_ASSIGNMENT( ( #1748 ) );
#899 = ADVANCED_FACE( '', ( #1749 ), #1750, .T. );
#900 = PRESENTATION_STYLE_ASSIGNMENT( ( #1751 ) );
#901 = ADVANCED_FACE( '', ( #1752 ), #1753, .F. );
#902 = PRESENTATION_STYLE_ASSIGNMENT( ( #1754 ) );
#903 = EDGE_CURVE( '', #1347, #1159, #1755, .T. );
#904 = PRESENTATION_STYLE_ASSIGNMENT( ( #1756 ) );
#905 = EDGE_CURVE( '', #1100, #1135, #1757, .T. );
#906 = PRESENTATION_STYLE_ASSIGNMENT( ( #1758 ) );
#907 = EDGE_CURVE( '', #1298, #1267, #1759, .T. );
#908 = PRESENTATION_STYLE_ASSIGNMENT( ( #1760 ) );
#909 = ADVANCED_FACE( '', ( #1761 ), #1762, .F. );
#910 = PRESENTATION_STYLE_ASSIGNMENT( ( #1763 ) );
#911 = ADVANCED_FACE( '', ( #1764 ), #1765, .T. );
#912 = PRESENTATION_STYLE_ASSIGNMENT( ( #1766 ) );
#913 = EDGE_CURVE( '', #971, #1170, #1767, .T. );
#914 = PRESENTATION_STYLE_ASSIGNMENT( ( #1768 ) );
#915 = EDGE_CURVE( '', #1347, #1372, #1769, .T. );
#916 = PRESENTATION_STYLE_ASSIGNMENT( ( #1770 ) );
#917 = ADVANCED_FACE( '', ( #1771 ), #1772, .F. );
#918 = PRESENTATION_STYLE_ASSIGNMENT( ( #1773 ) );
#919 = EDGE_CURVE( '', #989, #1248, #1774, .T. );
#920 = PRESENTATION_STYLE_ASSIGNMENT( ( #1775 ) );
#921 = EDGE_CURVE( '', #1680, #1428, #1776, .T. );
#922 = PRESENTATION_STYLE_ASSIGNMENT( ( #1777 ) );
#923 = EDGE_CURVE( '', #1040, #1185, #1778, .T. );
#924 = PRESENTATION_STYLE_ASSIGNMENT( ( #1779 ) );
#925 = EDGE_CURVE( '', #1249, #1574, #1780, .T. );
#926 = PRESENTATION_STYLE_ASSIGNMENT( ( #1781 ) );
#927 = ADVANCED_FACE( '', ( #1782 ), #1783, .T. );
#928 = PRESENTATION_STYLE_ASSIGNMENT( ( #1784 ) );
#929 = ADVANCED_FACE( '', ( #1785 ), #1786, .T. );
#930 = PRESENTATION_STYLE_ASSIGNMENT( ( #1787 ) );
#931 = EDGE_CURVE( '', #972, #1095, #1788, .T. );
#932 = PRESENTATION_STYLE_ASSIGNMENT( ( #1789 ) );
#933 = EDGE_CURVE( '', #1399, #1341, #1790, .T. );
#934 = PRESENTATION_STYLE_ASSIGNMENT( ( #1791 ) );
#935 = EDGE_CURVE( '', #1116, #1184, #1792, .T. );
#936 = PRESENTATION_STYLE_ASSIGNMENT( ( #1793 ) );
#937 = EDGE_CURVE( '', #1120, #996, #1794, .T. );
#938 = PRODUCT( 'Open CASCADE STEP translator 6.8 1', 'Open CASCADE STEP translator 6.8 1', 'PART-Open CASCADE STEP translator 6.8 1-DESC', ( #1795 ) );
#939 = PRODUCT_DEFINITION( 'NONE', 'NONE', #1796, #2 );
#940 = MANIFOLD_SOLID_BREP( 'Open CASCADE STEP translator 6.8 1', #1797 );
#941 = AXIS2_PLACEMENT_3D( '', #1798, #1799, #1800 );
#944 = LENGTH_MEASURE_WITH_UNIT( LENGTH_MEASURE( 1.00000000000000 ), #1801 );
#947 = DIMENSIONAL_EXPONENTS( 1.00000000000000, 0.00000000000000, 0.00000000000000, 0.00000000000000, 0.00000000000000, 0.00000000000000, 0.00000000000000 );
#949 = DIMENSIONAL_EXPONENTS( 0.00000000000000, 0.00000000000000, 0.00000000000000, 0.00000000000000, 0.00000000000000, 0.00000000000000, 0.00000000000000 );
#955 = CURVE_STYLE( '', #1802, POSITIVE_LENGTH_MEASURE( 1.00000000000000E-06 ), #1803 );
#956 = VERTEX_POINT( '', #1804 );
#957 = VERTEX_POINT( '', #1805 );
#958 = LINE( '', #1806, #1807 );
#959 = CURVE_STYLE( '', #1808, POSITIVE_LENGTH_MEASURE( 1.00000000000000E-06 ), #1809 );
#960 = VERTEX_POINT( '', #1810 );
#961 = VERTEX_POINT( '', #1811 );
#962 = LINE( '', #1812, #1813 );
#963 = CURVE_STYLE( '', #1814, POSITIVE_LENGTH_MEASURE( 1.00000000000000E-06 ), #1815 );
#964 = VERTEX_POINT( '', #1816 );
#965 = VERTEX_POINT( '', #1817 );
#966 = LINE( '', #1818, #1819 );
#967 = SURFACE_STYLE_USAGE( .BOTH., #1820 );
#968 = FACE_OUTER_BOUND( '', #1821, .T. );
#969 = CYLINDRICAL_SURFACE( '', #1822, 0.000400000000000000 );
#970 = CURVE_STYLE( '', #1823, POSITIVE_LENGTH_MEASURE( 1.00000000000000E-06 ), #1824 );
#971 = VERTEX_POINT( '', #1825 );
#972 = VERTEX_POINT( '', #1826 );
#973 = CIRCLE( '', #1827, 0.000500000000000000 );
#974 = SURFACE_STYLE_USAGE( .BOTH., #1828 );
#975 = FACE_OUTER_BOUND( '', #1829, .T. );
#976 = CYLINDRICAL_SURFACE( '', #1830, 0.00760000000000000 );
#977 = SURFACE_STYLE_USAGE( .BOTH., #1831 );
#978 = FACE_OUTER_BOUND( '', #1832, .T. );
#979 = CYLINDRICAL_SURFACE( '', #1833, 0.000400000000000000 );
#980 = CURVE_STYLE( '', #1834, POSITIVE_LENGTH_MEASURE( 1.00000000000000E-06 ), #1835 );
#981 = VERTEX_POINT( '', #1836 );
#982 = VERTEX_POINT( '', #1837 );
#983 = CIRCLE( '', #1838, 0.000500000000000000 );
#984 = SURFACE_STYLE_USAGE( .BOTH., #1839 );
#985 = FACE_OUTER_BOUND( '', #1840, .T. );
#986 = PLANE( '', #1841 );
#987 = CURVE_STYLE( '', #1842, POSITIVE_LENGTH_MEASURE( 1.00000000000000E-06 ), #1843 );
#988 = VERTEX_POINT( '', #1844 );
#989 = VERTEX_POINT( '', #1845 );
#990 = B_SPLINE_CURVE_WITH_KNOTS( '', 3, ( #1846, #1847, #1848, #1849, #1850 ), .UNSPECIFIED., .F., .F., ( 4, 1, 4 ), ( 0.00000000000000, 0.498192788022081, 1.00000000000000 ), .UNSPECIFIED. );
#991 = SURFACE_STYLE_USAGE( .BOTH., #1851 );
#992 = FACE_OUTER_BOUND( '', #1852, .T. );
#993 = CYLINDRICAL_SURFACE( '', #1853, 0.000500000000000000 );
#994 = CURVE_STYLE( '', #1854, POSITIVE_LENGTH_MEASURE( 1.00000000000000E-06 ), #1855 );
#995 = VERTEX_POINT( '', #1856 );
#996 = VERTEX_POINT( '', #1857 );
#997 = LINE( '', #1858, #1859 );
#998 = CURVE_STYLE( '', #1860, POSITIVE_LENGTH_MEASURE( 1.00000000000000E-06 ), #1861 );
#999 = VERTEX_POINT( '', #1862 );
#1000 = VERTEX_POINT( '', #1863 );
#1001 = LINE( '', #1864, #1865 );
#1002 = CURVE_STYLE( '', #1866, POSITIVE_LENGTH_MEASURE( 1.00000000000000E-06 ), #1867 );
#1003 = VERTEX_POINT( '', #1868 );
#1004 = VERTEX_POINT( '', #1869 );
#1005 = LINE( '', #1870, #1871 );
#1006 = SURFACE_STYLE_USAGE( .BOTH., #1872 );
#1007 = FACE_OUTER_BOUND( '', #1873, .T. );
#1008 = PLANE( '', #1874 );
#1009 = CURVE_STYLE( '', #1875, POSITIVE_LENGTH_MEASURE( 1.00000000000000E-06 ), #1876 );
#1010 = VERTEX_POINT( '', #1877 );
#1011 = VERTEX_POINT( '', #1878 );
#1012 = LINE( '', #1879, #1880 );
#1013 = SURFACE_STYLE_USAGE( .BOTH., #1881 );
#1014 = FACE_OUTER_BOUND( '', #1882, .T. );
#1015 = PLANE( '', #1883 );
#1016 = CURVE_STYLE( '', #1884, POSITIVE_LENGTH_MEASURE( 1.00000000000000E-06 ), #1885 );
#1017 = VERTEX_POINT( '', #1886 );
#1018 = VERTEX_POINT( '', #1887 );
#1019 = LINE( '', #1888, #1889 );
#1020 = CURVE_STYLE( '', #1890, POSITIVE_LENGTH_MEASURE( 1.00000000000000E-06 ), #1891 );
#1021 = VERTEX_POINT( '', #1892 );
#1022 = VERTEX_POINT( '', #1893 );
#1023 = LINE( '', #1894, #1895 );
#1024 = CURVE_STYLE( '', #1896, POSITIVE_LENGTH_MEASURE( 1.00000000000000E-06 ), #1897 );
#1025 = VERTEX_POINT( '', #1898 );
#1026 = VERTEX_POINT( '', #1899 );
#1027 = CIRCLE( '', #1900, 0.00601593250000000 );
#1028 = CURVE_STYLE( '', #1901, POSITIVE_LENGTH_MEASURE( 1.00000000000000E-06 ), #1902 );
#1029 = VERTEX_POINT( '', #1903 );
#1030 = VERTEX_POINT( '', #1904 );
#1031 = CIRCLE( '', #1905, 0.000400000000000000 );
#1032 = SURFACE_STYLE_USAGE( .BOTH., #1906 );
#1033 = FACE_OUTER_BOUND( '', #1907, .T. );
#1034 = CYLINDRICAL_SURFACE( '', #1908, 0.000500000000000000 );
#1035 = CURVE_STYLE( '', #1909, POSITIVE_LENGTH_MEASURE( 1.00000000000000E-06 ), #1910 );
#1036 = VERTEX_POINT( '', #1911 );
#1037 = VERTEX_POINT( '', #1912 );
#1038 = LINE( '', #1913, #1914 );
#1039 = CURVE_STYLE( '', #1915, POSITIVE_LENGTH_MEASURE( 1.00000000000000E-06 ), #1916 );
#1040 = VERTEX_POINT( '', #1917 );
#1041 = VERTEX_POINT( '', #1918 );
#1042 = LINE( '', #1919, #1920 );
#1043 = SURFACE_STYLE_USAGE( .BOTH., #1921 );
#1044 = FACE_OUTER_BOUND( '', #1922, .T. );
#1045 = CYLINDRICAL_SURFACE( '', #1923, 0.00601593250000000 );
#1046 = SURFACE_STYLE_USAGE( .BOTH., #1924 );
#1047 = FACE_OUTER_BOUND( '', #1925, .T. );
#1048 = PLANE( '', #1926 );
#1049 = CURVE_STYLE( '', #1927, POSITIVE_LENGTH_MEASURE( 1.00000000000000E-06 ), #1928 );
#1050 = VERTEX_POINT( '', #1929 );
#1051 = LINE( '', #1930, #1931 );
#1052 = CURVE_STYLE( '', #1932, POSITIVE_LENGTH_MEASURE( 1.00000000000000E-06 ), #1933 );
#1053 = VERTEX_POINT( '', #1934 );
#1054 = CIRCLE( '', #1935, 0.000400000000000000 );
#1055 = CURVE_STYLE( '', #1936, POSITIVE_LENGTH_MEASURE( 1.00000000000000E-06 ), #1937 );
#1056 = VERTEX_POINT( '', #1938 );
#1057 = VERTEX_POINT( '', #1939 );
#1058 = LINE( '', #1940, #1941 );
#1059 = CURVE_STYLE( '', #1942, POSITIVE_LENGTH_MEASURE( 1.00000000000000E-06 ), #1943 );
#1060 = VERTEX_POINT( '', #1944 );
#1061 = VERTEX_POINT( '', #1945 );
#1062 = CIRCLE( '', #1946, 0.00601593250000000 );
#1063 = CURVE_STYLE( '', #1947, POSITIVE_LENGTH_MEASURE( 1.00000000000000E-06 ), #1948 );
#1064 = VERTEX_POINT( '', #1949 );
#1065 = LINE( '', #1950, #1951 );
#1066 = CURVE_STYLE( '', #1952, POSITIVE_LENGTH_MEASURE( 1.00000000000000E-06 ), #1953 );
#1067 = VERTEX_POINT( '', #1954 );
#1068 = LINE( '', #1955, #1956 );
#1069 = CURVE_STYLE( '', #1957, POSITIVE_LENGTH_MEASURE( 1.00000000000000E-06 ), #1958 );
#1070 = VERTEX_POINT( '', #1959 );
#1071 = LINE( '', #1960, #1961 );
#1072 = SURFACE_STYLE_USAGE( .BOTH., #1962 );
#1073 = FACE_OUTER_BOUND( '', #1963, .T. );
#1074 = PLANE( '', #1964 );
#1075 = CURVE_STYLE( '', #1965, POSITIVE_LENGTH_MEASURE( 1.00000000000000E-06 ), #1966 );
#1076 = VERTEX_POINT( '', #1967 );
#1077 = CIRCLE( '', #1968, 0.000400000000000000 );
#1078 = CURVE_STYLE( '', #1969, POSITIVE_LENGTH_MEASURE( 1.00000000000000E-06 ), #1970 );
#1079 = VERTEX_POINT( '', #1971 );
#1080 = VERTEX_POINT( '', #1972 );
#1081 = LINE( '', #1973, #1974 );
#1082 = CURVE_STYLE( '', #1975, POSITIVE_LENGTH_MEASURE( 1.00000000000000E-06 ), #1976 );
#1083 = VERTEX_POINT( '', #1977 );
#1084 = LINE( '', #1978, #1979 );
#1085 = CURVE_STYLE( '', #1980, POSITIVE_LENGTH_MEASURE( 1.00000000000000E-06 ), #1981 );
#1086 = VERTEX_POINT( '', #1982 );
#1087 = LINE( '', #1983, #1984 );
#1088 = SURFACE_STYLE_USAGE( .BOTH., #1985 );
#1089 = FACE_OUTER_BOUND( '', #1986, .T. );
#1090 = PLANE( '', #1987 );
#1091 = SURFACE_STYLE_USAGE( .BOTH., #1988 );
#1092 = FACE_OUTER_BOUND( '', #1989, .T. );
#1093 = CYLINDRICAL_SURFACE( '', #1990, 0.00700000000000000 );
#1094 = CURVE_STYLE( '', #1991, POSITIVE_LENGTH_MEASURE( 1.00000000000000E-06 ), #1992 );
#1095 = VERTEX_POINT( '', #1993 );
#1096 = VERTEX_POINT( '', #1994 );
#1097 = CIRCLE( '', #1995, 0.000500000000000000 );
#1098 = CURVE_STYLE( '', #1996, POSITIVE_LENGTH_MEASURE( 1.00000000000000E-06 ), #1997 );
#1099 = VERTEX_POINT( '', #1998 );
#1100 = VERTEX_POINT( '', #1999 );
#1101 = LINE( '', #2000, #2001 );
#1102 = CURVE_STYLE( '', #2002, POSITIVE_LENGTH_MEASURE( 1.00000000000000E-06 ), #2003 );
#1103 = VERTEX_POINT( '', #2004 );
#1104 = LINE( '', #2005, #2006 );
#1105 = SURFACE_STYLE_USAGE( .BOTH., #2007 );
#1106 = FACE_OUTER_BOUND( '', #2008, .T. );
#1107 = CYLINDRICAL_SURFACE( '', #2009, 0.000400000000000000 );
#1108 = SURFACE_STYLE_USAGE( .BOTH., #2010 );
#1109 = FACE_OUTER_BOUND( '', #2011, .T. );
#1110 = CYLINDRICAL_SURFACE( '', #2012, 0.00601593250000000 );
#1111 = CURVE_STYLE( '', #2013, POSITIVE_LENGTH_MEASURE( 1.00000000000000E-06 ), #2014 );
#1112 = VERTEX_POINT( '', #2015 );
#1113 = VERTEX_POINT( '', #2016 );
#1114 = LINE( '', #2017, #2018 );
#1115 = CURVE_STYLE( '', #2019, POSITIVE_LENGTH_MEASURE( 1.00000000000000E-06 ), #2020 );
#1116 = VERTEX_POINT( '', #2021 );
#1117 = VERTEX_POINT( '', #2022 );
#1118 = CIRCLE( '', #2023, 0.00150000000000000 );
#1119 = CURVE_STYLE( '', #2024, POSITIVE_LENGTH_MEASURE( 1.00000000000000E-06 ), #2025 );
#1120 = VERTEX_POINT( '', #2026 );
#1121 = VERTEX_POINT( '', #2027 );
#1122 = LINE( '', #2028, #2029 );
#1123 = CURVE_STYLE( '', #2030, POSITIVE_LENGTH_MEASURE( 1.00000000000000E-06 ), #2031 );
#1124 = VERTEX_POINT( '', #2032 );
#1125 = VERTEX_POINT( '', #2033 );
#1126 = LINE( '', #2034, #2035 );
#1127 = CURVE_STYLE( '', #2036, POSITIVE_LENGTH_MEASURE( 1.00000000000000E-06 ), #2037 );
#1128 = VERTEX_POINT( '', #2038 );
#1129 = VERTEX_POINT( '', #2039 );
#1130 = LINE( '', #2040, #2041 );
#1131 = CURVE_STYLE( '', #2042, POSITIVE_LENGTH_MEASURE( 1.00000000000000E-06 ), #2043 );
#1132 = VERTEX_POINT( '', #2044 );
#1133 = CIRCLE( '', #2045, 0.00150000000000000 );
#1134 = CURVE_STYLE( '', #2046, POSITIVE_LENGTH_MEASURE( 1.00000000000000E-06 ), #2047 );
#1135 = VERTEX_POINT( '', #2048 );
#1136 = CIRCLE( '', #2049, 0.00700000000000000 );
#1137 = SURFACE_STYLE_USAGE( .BOTH., #2050 );
#1138 = FACE_OUTER_BOUND( '', #2051, .T. );
#1139 = PLANE( '', #2052 );
#1140 = SURFACE_STYLE_USAGE( .BOTH., #2053 );
#1141 = FACE_OUTER_BOUND( '', #2054, .T. );
#1142 = PLANE( '', #2055 );
#1143 = SURFACE_STYLE_USAGE( .BOTH., #2056 );
#1144 = FACE_OUTER_BOUND( '', #2057, .T. );
#1145 = PLANE( '', #2058 );
#1146 = CURVE_STYLE( '', #2059, POSITIVE_LENGTH_MEASURE( 1.00000000000000E-06 ), #2060 );
#1147 = VERTEX_POINT( '', #2061 );
#1148 = VERTEX_POINT( '', #2062 );
#1149 = LINE( '', #2063, #2064 );
#1150 = CURVE_STYLE( '', #2065, POSITIVE_LENGTH_MEASURE( 1.00000000000000E-06 ), #2066 );
#1151 = VERTEX_POINT( '', #2067 );
#1152 = CIRCLE( '', #2068, 0.000400000000000000 );
#1153 = CURVE_STYLE( '', #2069, POSITIVE_LENGTH_MEASURE( 1.00000000000000E-06 ), #2070 );
#1154 = VERTEX_POINT( '', #2071 );
#1155 = VERTEX_POINT( '', #2072 );
#1156 = LINE( '', #2073, #2074 );
#1157 = CURVE_STYLE( '', #2075, POSITIVE_LENGTH_MEASURE( 1.00000000000000E-06 ), #2076 );
#1158 = VERTEX_POINT( '', #2077 );
#1159 = VERTEX_POINT( '', #2078 );
#1160 = LINE( '', #2079, #2080 );
#1161 = CURVE_STYLE( '', #2081, POSITIVE_LENGTH_MEASURE( 1.00000000000000E-06 ), #2082 );
#1162 = VERTEX_POINT( '', #2083 );
#1163 = LINE( '', #2084, #2085 );
#1164 = CURVE_STYLE( '', #2086, POSITIVE_LENGTH_MEASURE( 1.00000000000000E-06 ), #2087 );
#1165 = VERTEX_POINT( '', #2088 );
#1166 = VERTEX_POINT( '', #2089 );
#1167 = LINE( '', #2090, #2091 );
#1168 = CURVE_STYLE( '', #2092, POSITIVE_LENGTH_MEASURE( 1.00000000000000E-06 ), #2093 );
#1169 = VERTEX_POINT( '', #2094 );
#1170 = VERTEX_POINT( '', #2095 );
#1171 = CIRCLE( '', #2096, 0.000500000000000000 );
#1172 = SURFACE_STYLE_USAGE( .BOTH., #2097 );
#1173 = FACE_OUTER_BOUND( '', #2098, .T. );
#1174 = FACE_BOUND( '', #2099, .T. );
#1175 = PLANE( '', #2100 );
#1176 = CURVE_STYLE( '', #2101, POSITIVE_LENGTH_MEASURE( 1.00000000000000E-06 ), #2102 );
#1177 = VERTEX_POINT( '', #2103 );
#1178 = LINE( '', #2104, #2105 );
#1179 = CURVE_STYLE( '', #2106, POSITIVE_LENGTH_MEASURE( 1.00000000000000E-06 ), #2107 );
#1180 = LINE( '', #2108, #2109 );
#1181 = CURVE_STYLE( '', #2110, POSITIVE_LENGTH_MEASURE( 1.00000000000000E-06 ), #2111 );
#1182 = LINE( '', #2112, #2113 );
#1183 = CURVE_STYLE( '', #2114, POSITIVE_LENGTH_MEASURE( 1.00000000000000E-06 ), #2115 );
#1184 = VERTEX_POINT( '', #2116 );
#1185 = VERTEX_POINT( '', #2117 );
#1186 = B_SPLINE_CURVE_WITH_KNOTS( '', 3, ( #2118, #2119, #2120, #2121, #2122 ), .UNSPECIFIED., .F., .F., ( 4, 1, 4 ), ( 0.00000000000000, 0.501807211977919, 1.00000000000000 ), .UNSPECIFIED. );
#1187 = CURVE_STYLE( '', #2123, POSITIVE_LENGTH_MEASURE( 1.00000000000000E-06 ), #2124 );
#1188 = CIRCLE( '', #2125, 0.00541593250000000 );
#1189 = CURVE_STYLE( '', #2126, POSITIVE_LENGTH_MEASURE( 1.00000000000000E-06 ), #2127 );
#1190 = VERTEX_POINT( '', #2128 );
#1191 = VERTEX_POINT( '', #2129 );
#1192 = LINE( '', #2130, #2131 );
#1193 = CURVE_STYLE( '', #2132, POSITIVE_LENGTH_MEASURE( 1.00000000000000E-06 ), #2133 );
#1194 = VERTEX_POINT( '', #2134 );
#1195 = LINE( '', #2135, #2136 );
#1196 = CURVE_STYLE( '', #2137, POSITIVE_LENGTH_MEASURE( 1.00000000000000E-06 ), #2138 );
#1197 = VERTEX_POINT( '', #2139 );
#1198 = LINE( '', #2140, #2141 );
#1199 = CURVE_STYLE( '', #2142, POSITIVE_LENGTH_MEASURE( 1.00000000000000E-06 ), #2143 );
#1200 = VERTEX_POINT( '', #2144 );
#1201 = CIRCLE( '', #2145, 0.000400000000000000 );
#1202 = SURFACE_STYLE_USAGE( .BOTH., #2146 );
#1203 = FACE_OUTER_BOUND( '', #2147, .T. );
#1204 = CYLINDRICAL_SURFACE( '', #2148, 0.000500000000000000 );
#1205 = CURVE_STYLE( '', #2149, POSITIVE_LENGTH_MEASURE( 1.00000000000000E-06 ), #2150 );
#1206 = LINE( '', #2151, #2152 );
#1207 = CURVE_STYLE( '', #2153, POSITIVE_LENGTH_MEASURE( 1.00000000000000E-06 ), #2154 );
#1208 = VERTEX_POINT( '', #2155 );
#1209 = LINE( '', #2156, #2157 );
#1210 = CURVE_STYLE( '', #2158, POSITIVE_LENGTH_MEASURE( 1.00000000000000E-06 ), #2159 );
#1211 = VERTEX_POINT( '', #2160 );
#1212 = LINE( '', #2161, #2162 );
#1213 = CURVE_STYLE( '', #2163, POSITIVE_LENGTH_MEASURE( 1.00000000000000E-06 ), #2164 );
#1214 = VERTEX_POINT( '', #2165 );
#1215 = LINE( '', #2166, #2167 );
#1216 = CURVE_STYLE( '', #2168, POSITIVE_LENGTH_MEASURE( 1.00000000000000E-06 ), #2169 );
#1217 = LINE( '', #2170, #2171 );
#1218 = CURVE_STYLE( '', #2172, POSITIVE_LENGTH_MEASURE( 1.00000000000000E-06 ), #2173 );
#1219 = LINE( '', #2174, #2175 );
#1220 = CURVE_STYLE( '', #2176, POSITIVE_LENGTH_MEASURE( 1.00000000000000E-06 ), #2177 );
#1221 = VERTEX_POINT( '', #2178 );
#1222 = VERTEX_POINT( '', #2179 );
#1223 = CIRCLE( '', #2180, 0.000400000000000000 );
#1224 = CURVE_STYLE( '', #2181, POSITIVE_LENGTH_MEASURE( 1.00000000000000E-06 ), #2182 );
#1225 = VERTEX_POINT( '', #2183 );
#1226 = CIRCLE( '', #2184, 0.00760000000000000 );
#1227 = CURVE_STYLE( '', #2185, POSITIVE_LENGTH_MEASURE( 1.00000000000000E-06 ), #2186 );
#1228 = VERTEX_POINT( '', #2187 );
#1229 = VERTEX_POINT( '', #2188 );
#1230 = LINE( '', #2189, #2190 );
#1231 = CURVE_STYLE( '', #2191, POSITIVE_LENGTH_MEASURE( 1.00000000000000E-06 ), #2192 );
#1232 = VERTEX_POINT( '', #2193 );
#1233 = LINE( '', #2194, #2195 );
#1234 = CURVE_STYLE( '', #2196, POSITIVE_LENGTH_MEASURE( 1.00000000000000E-06 ), #2197 );
#1235 = VERTEX_POINT( '', #2198 );
#1236 = VERTEX_POINT( '', #2199 );
#1237 = LINE( '', #2200, #2201 );
#1238 = CURVE_STYLE( '', #2202, POSITIVE_LENGTH_MEASURE( 1.00000000000000E-06 ), #2203 );
#1239 = VERTEX_POINT( '', #2204 );
#1240 = LINE( '', #2205, #2206 );
#1241 = CURVE_STYLE( '', #2207, POSITIVE_LENGTH_MEASURE( 1.00000000000000E-06 ), #2208 );
#1242 = LINE( '', #2209, #2210 );
#1243 = CURVE_STYLE( '', #2211, POSITIVE_LENGTH_MEASURE( 1.00000000000000E-06 ), #2212 );
#1244 = CIRCLE( '', #2213, 0.00760000000000000 );
#1245 = CURVE_STYLE( '', #2214, POSITIVE_LENGTH_MEASURE( 1.00000000000000E-06 ), #2215 );
#1246 = LINE( '', #2216, #2217 );
#1247 = CURVE_STYLE( '', #2218, POSITIVE_LENGTH_MEASURE( 1.00000000000000E-06 ), #2219 );
#1248 = VERTEX_POINT( '', #2220 );
#1249 = VERTEX_POINT( '', #2221 );
#1250 = LINE( '', #2222, #2223 );
#1251 = CURVE_STYLE( '', #2224, POSITIVE_LENGTH_MEASURE( 1.00000000000000E-06 ), #2225 );
#1252 = VERTEX_POINT( '', #2226 );
#1253 = LINE( '', #2227, #2228 );
#1254 = CURVE_STYLE( '', #2229, POSITIVE_LENGTH_MEASURE( 1.00000000000000E-06 ), #2230 );
#1255 = LINE( '', #2231, #2232 );
#1256 = CURVE_STYLE( '', #2233, POSITIVE_LENGTH_MEASURE( 1.00000000000000E-06 ), #2234 );
#1257 = VERTEX_POINT( '', #2235 );
#1258 = LINE( '', #2236, #2237 );
#1259 = CURVE_STYLE( '', #2238, POSITIVE_LENGTH_MEASURE( 1.00000000000000E-06 ), #2239 );
#1260 = VERTEX_POINT( '', #2240 );
#1261 = CIRCLE( '', #2241, 0.000400000000000000 );
#1262 = SURFACE_STYLE_USAGE( .BOTH., #2242 );
#1263 = FACE_OUTER_BOUND( '', #2243, .T. );
#1264 = PLANE( '', #2244 );
#1265 = CURVE_STYLE( '', #2245, POSITIVE_LENGTH_MEASURE( 1.00000000000000E-06 ), #2246 );
#1266 = VERTEX_POINT( '', #2247 );
#1267 = VERTEX_POINT( '', #2248 );
#1268 = LINE( '', #2249, #2250 );
#1269 = SURFACE_STYLE_USAGE( .BOTH., #2251 );
#1270 = FACE_OUTER_BOUND( '', #2252, .T. );
#1271 = PLANE( '', #2253 );
#1272 = CURVE_STYLE( '', #2254, POSITIVE_LENGTH_MEASURE( 1.00000000000000E-06 ), #2255 );
#1273 = VERTEX_POINT( '', #2256 );
#1274 = LINE( '', #2257, #2258 );
#1275 = CURVE_STYLE( '', #2259, POSITIVE_LENGTH_MEASURE( 1.00000000000000E-06 ), #2260 );
#1276 = VERTEX_POINT( '', #2261 );
#1277 = LINE( '', #2262, #2263 );
#1278 = CURVE_STYLE( '', #2264, POSITIVE_LENGTH_MEASURE( 1.00000000000000E-06 ), #2265 );
#1279 = CIRCLE( '', #2266, 0.000400000000000000 );
#1280 = CURVE_STYLE( '', #2267, POSITIVE_LENGTH_MEASURE( 1.00000000000000E-06 ), #2268 );
#1281 = VERTEX_POINT( '', #2269 );
#1282 = LINE( '', #2270, #2271 );
#1283 = SURFACE_STYLE_USAGE( .BOTH., #2272 );
#1284 = FACE_OUTER_BOUND( '', #2273, .T. );
#1285 = PLANE( '', #2274 );
#1286 = CURVE_STYLE( '', #2275, POSITIVE_LENGTH_MEASURE( 1.00000000000000E-06 ), #2276 );
#1287 = VERTEX_POINT( '', #2277 );
#1288 = CIRCLE( '', #2278, 0.000400000000000000 );
#1289 = CURVE_STYLE( '', #2279, POSITIVE_LENGTH_MEASURE( 1.00000000000000E-06 ), #2280 );
#1290 = VERTEX_POINT( '', #2281 );
#1291 = CIRCLE( '', #2282, 0.000500000000000000 );
#1292 = SURFACE_STYLE_USAGE( .BOTH., #2283 );
#1293 = FACE_OUTER_BOUND( '', #2284, .T. );
#1294 = CYLINDRICAL_SURFACE( '', #2285, 0.000400000000000000 );
#1295 = CURVE_STYLE( '', #2286, POSITIVE_LENGTH_MEASURE( 1.00000000000000E-06 ), #2287 );
#1296 = LINE( '', #2288, #2289 );
#1297 = CURVE_STYLE( '', #2290, POSITIVE_LENGTH_MEASURE( 1.00000000000000E-06 ), #2291 );
#1298 = VERTEX_POINT( '', #2292 );
#1299 = LINE( '', #2293, #2294 );
#1300 = CURVE_STYLE( '', #2295, POSITIVE_LENGTH_MEASURE( 1.00000000000000E-06 ), #2296 );
#1301 = VERTEX_POINT( '', #2297 );
#1302 = LINE( '', #2298, #2299 );
#1303 = CURVE_STYLE( '', #2300, POSITIVE_LENGTH_MEASURE( 1.00000000000000E-06 ), #2301 );
#1304 = VERTEX_POINT( '', #2302 );
#1305 = LINE( '', #2303, #2304 );
#1306 = CURVE_STYLE( '', #2305, POSITIVE_LENGTH_MEASURE( 1.00000000000000E-06 ), #2306 );
#1307 = CIRCLE( '', #2307, 0.000400000000000000 );
#1308 = CURVE_STYLE( '', #2308, POSITIVE_LENGTH_MEASURE( 1.00000000000000E-06 ), #2309 );
#1309 = LINE( '', #2310, #2311 );
#1310 = CURVE_STYLE( '', #2312, POSITIVE_LENGTH_MEASURE( 1.00000000000000E-06 ), #2313 );
#1311 = VERTEX_POINT( '', #2314 );
#1312 = LINE( '', #2315, #2316 );
#1313 = CURVE_STYLE( '', #2317, POSITIVE_LENGTH_MEASURE( 1.00000000000000E-06 ), #2318 );
#1314 = VERTEX_POINT( '', #2319 );
#1315 = LINE( '', #2320, #2321 );
#1316 = SURFACE_STYLE_USAGE( .BOTH., #2322 );
#1317 = FACE_OUTER_BOUND( '', #2323, .T. );
#1318 = PLANE( '', #2324 );
#1319 = CURVE_STYLE( '', #2325, POSITIVE_LENGTH_MEASURE( 1.00000000000000E-06 ), #2326 );
#1320 = VERTEX_POINT( '', #2327 );
#1321 = CIRCLE( '', #2328, 0.000400000000000000 );
#1322 = SURFACE_STYLE_USAGE( .BOTH., #2329 );
#1323 = FACE_OUTER_BOUND( '', #2330, .T. );
#1324 = CYLINDRICAL_SURFACE( '', #2331, 0.00601593250000000 );
#1325 = CURVE_STYLE( '', #2332, POSITIVE_LENGTH_MEASURE( 1.00000000000000E-06 ), #2333 );
#1326 = LINE( '', #2334, #2335 );
#1327 = CURVE_STYLE( '', #2336, POSITIVE_LENGTH_MEASURE( 1.00000000000000E-06 ), #2337 );
#1328 = VERTEX_POINT( '', #2338 );
#1329 = CIRCLE( '', #2339, 0.000500000000000000 );
#1330 = CURVE_STYLE( '', #2340, POSITIVE_LENGTH_MEASURE( 1.00000000000000E-06 ), #2341 );
#1331 = LINE( '', #2342, #2343 );
#1332 = CURVE_STYLE( '', #2344, POSITIVE_LENGTH_MEASURE( 1.00000000000000E-06 ), #2345 );
#1333 = VERTEX_POINT( '', #2346 );
#1334 = VERTEX_POINT( '', #2347 );
#1335 = LINE( '', #2348, #2349 );
#1336 = CURVE_STYLE( '', #2350, POSITIVE_LENGTH_MEASURE( 1.00000000000000E-06 ), #2351 );
#1337 = VERTEX_POINT( '', #2352 );
#1338 = CIRCLE( '', #2353, 0.00700000000000000 );
#1339 = CURVE_STYLE( '', #2354, POSITIVE_LENGTH_MEASURE( 1.00000000000000E-06 ), #2355 );
#1340 = VERTEX_POINT( '', #2356 );
#1341 = VERTEX_POINT( '', #2357 );
#1342 = B_SPLINE_CURVE_WITH_KNOTS( '', 3, ( #2358, #2359, #2360, #2361 ), .UNSPECIFIED., .F., .F., ( 4, 4 ), ( 0.00000000000000, 1.00000000000000 ), .UNSPECIFIED. );
#1343 = CURVE_STYLE( '', #2362, POSITIVE_LENGTH_MEASURE( 1.00000000000000E-06 ), #2363 );
#1344 = CIRCLE( '', #2364, 0.00601593250000000 );
#1345 = CURVE_STYLE( '', #2365, POSITIVE_LENGTH_MEASURE( 1.00000000000000E-06 ), #2366 );
#1346 = VERTEX_POINT( '', #2367 );
#1347 = VERTEX_POINT( '', #2368 );
#1348 = LINE( '', #2369, #2370 );
#1349 = SURFACE_STYLE_USAGE( .BOTH., #2371 );
#1350 = FACE_OUTER_BOUND( '', #2372, .T. );
#1351 = CYLINDRICAL_SURFACE( '', #2373, 0.000400000000000000 );
#1352 = CURVE_STYLE( '', #2374, POSITIVE_LENGTH_MEASURE( 1.00000000000000E-06 ), #2375 );
#1353 = CIRCLE( '', #2376, 0.000500000000000000 );
#1354 = CURVE_STYLE( '', #2377, POSITIVE_LENGTH_MEASURE( 1.00000000000000E-06 ), #2378 );
#1355 = CIRCLE( '', #2379, 0.00601593250000000 );
#1356 = CURVE_STYLE( '', #2380, POSITIVE_LENGTH_MEASURE( 1.00000000000000E-06 ), #2381 );
#1357 = CIRCLE( '', #2382, 0.00601593250000000 );
#1358 = CURVE_STYLE( '', #2383, POSITIVE_LENGTH_MEASURE( 1.00000000000000E-06 ), #2384 );
#1359 = LINE( '', #2385, #2386 );
#1360 = CURVE_STYLE( '', #2387, POSITIVE_LENGTH_MEASURE( 1.00000000000000E-06 ), #2388 );
#1361 = VERTEX_POINT( '', #2389 );
#1362 = LINE( '', #2390, #2391 );
#1363 = CURVE_STYLE( '', #2392, POSITIVE_LENGTH_MEASURE( 1.00000000000000E-06 ), #2393 );
#1364 = LINE( '', #2394, #2395 );
#1365 = SURFACE_STYLE_USAGE( .BOTH., #2396 );
#1366 = FACE_OUTER_BOUND( '', #2397, .T. );
#1367 = CYLINDRICAL_SURFACE( '', #2398, 0.000500000000000000 );
#1368 = SURFACE_STYLE_USAGE( .BOTH., #2399 );
#1369 = FACE_OUTER_BOUND( '', #2400, .T. );
#1370 = CYLINDRICAL_SURFACE( '', #2401, 0.000400000000000000 );
#1371 = CURVE_STYLE( '', #2402, POSITIVE_LENGTH_MEASURE( 1.00000000000000E-06 ), #2403 );
#1372 = VERTEX_POINT( '', #2404 );
#1373 = LINE( '', #2405, #2406 );
#1374 = CURVE_STYLE( '', #2407, POSITIVE_LENGTH_MEASURE( 1.00000000000000E-06 ), #2408 );
#1375 = LINE( '', #2409, #2410 );
#1376 = SURFACE_STYLE_USAGE( .BOTH., #2411 );
#1377 = FACE_OUTER_BOUND( '', #2412, .T. );
#1378 = PLANE( '', #2413 );
#1379 = CURVE_STYLE( '', #2414, POSITIVE_LENGTH_MEASURE( 1.00000000000000E-06 ), #2415 );
#1380 = B_SPLINE_CURVE_WITH_KNOTS( '', 3, ( #2416, #2417, #2418, #2419 ), .UNSPECIFIED., .F., .F., ( 4, 4 ), ( 0.00000000000000, 1.00000000000000 ), .UNSPECIFIED. );
#1381 = CURVE_STYLE( '', #2420, POSITIVE_LENGTH_MEASURE( 1.00000000000000E-06 ), #2421 );
#1382 = LINE( '', #2422, #2423 );
#1383 = CURVE_STYLE( '', #2424, POSITIVE_LENGTH_MEASURE( 1.00000000000000E-06 ), #2425 );
#1384 = VERTEX_POINT( '', #2426 );
#1385 = LINE( '', #2427, #2428 );
#1386 = SURFACE_STYLE_USAGE( .BOTH., #2429 );
#1387 = FACE_OUTER_BOUND( '', #2430, .T. );
#1388 = CYLINDRICAL_SURFACE( '', #2431, 0.00150000000000000 );
#1389 = SURFACE_STYLE_USAGE( .BOTH., #2432 );
#1390 = FACE_OUTER_BOUND( '', #2433, .T. );
#1391 = PLANE( '', #2434 );
#1392 = CURVE_STYLE( '', #2435, POSITIVE_LENGTH_MEASURE( 1.00000000000000E-06 ), #2436 );
#1393 = VERTEX_POINT( '', #2437 );
#1394 = CIRCLE( '', #2438, 0.000500000000000000 );
#1395 = CURVE_STYLE( '', #2439, POSITIVE_LENGTH_MEASURE( 1.00000000000000E-06 ), #2440 );
#1396 = CIRCLE( '', #2441, 0.00150000000000000 );
#1397 = CURVE_STYLE( '', #2442, POSITIVE_LENGTH_MEASURE( 1.00000000000000E-06 ), #2443 );
#1398 = VERTEX_POINT( '', #2444 );
#1399 = VERTEX_POINT( '', #2445 );
#1400 = LINE( '', #2446, #2447 );
#1401 = SURFACE_STYLE_USAGE( .BOTH., #2448 );
#1402 = FACE_OUTER_BOUND( '', #2449, .T. );
#1403 = CYLINDRICAL_SURFACE( '', #2450, 0.000500000000000000 );
#1404 = CURVE_STYLE( '', #2451, POSITIVE_LENGTH_MEASURE( 1.00000000000000E-06 ), #2452 );
#1405 = LINE( '', #2453, #2454 );
#1406 = CURVE_STYLE( '', #2455, POSITIVE_LENGTH_MEASURE( 1.00000000000000E-06 ), #2456 );
#1407 = CIRCLE( '', #2457, 0.00760000000000000 );
#1408 = CURVE_STYLE( '', #2458, POSITIVE_LENGTH_MEASURE( 1.00000000000000E-06 ), #2459 );
#1409 = VERTEX_POINT( '', #2460 );
#1410 = CIRCLE( '', #2461, 0.00150000000000000 );
#1411 = SURFACE_STYLE_USAGE( .BOTH., #2462 );
#1412 = FACE_OUTER_BOUND( '', #2463, .T. );
#1413 = PLANE( '', #2464 );
#1414 = SURFACE_STYLE_USAGE( .BOTH., #2465 );
#1415 = FACE_OUTER_BOUND( '', #2466, .T. );
#1416 = PLANE( '', #2467 );
#1417 = SURFACE_STYLE_USAGE( .BOTH., #2468 );
#1418 = FACE_OUTER_BOUND( '', #2469, .T. );
#1419 = PLANE( '', #2470 );
#1420 = CURVE_STYLE( '', #2471, POSITIVE_LENGTH_MEASURE( 1.00000000000000E-06 ), #2472 );
#1421 = VERTEX_POINT( '', #2473 );
#1422 = CIRCLE( '', #2474, 0.00180500000000000 );
#1423 = CURVE_STYLE( '', #2475, POSITIVE_LENGTH_MEASURE( 1.00000000000000E-06 ), #2476 );
#1424 = LINE( '', #2477, #2478 );
#1425 = CURVE_STYLE( '', #2479, POSITIVE_LENGTH_MEASURE( 1.00000000000000E-06 ), #2480 );
#1426 = CIRCLE( '', #2481, 0.00601593250000000 );
#1427 = CURVE_STYLE( '', #2482, POSITIVE_LENGTH_MEASURE( 1.00000000000000E-06 ), #2483 );
#1428 = VERTEX_POINT( '', #2484 );
#1429 = VERTEX_POINT( '', #2485 );
#1430 = LINE( '', #2486, #2487 );
#1431 = SURFACE_STYLE_USAGE( .BOTH., #2488 );
#1432 = FACE_OUTER_BOUND( '', #2489, .T. );
#1433 = PLANE( '', #2490 );
#1434 = CURVE_STYLE( '', #2491, POSITIVE_LENGTH_MEASURE( 1.00000000000000E-06 ), #2492 );
#1435 = VERTEX_POINT( '', #2493 );
#1436 = LINE( '', #2494, #2495 );
#1437 = CURVE_STYLE( '', #2496, POSITIVE_LENGTH_MEASURE( 1.00000000000000E-06 ), #2497 );
#1438 = CIRCLE( '', #2498, 0.00541593250000000 );
#1439 = CURVE_STYLE( '', #2499, POSITIVE_LENGTH_MEASURE( 1.00000000000000E-06 ), #2500 );
#1440 = VERTEX_POINT( '', #2501 );
#1441 = LINE( '', #2502, #2503 );
#1442 = SURFACE_STYLE_USAGE( .BOTH., #2504 );
#1443 = FACE_OUTER_BOUND( '', #2505, .T. );
#1444 = PLANE( '', #2506 );
#1445 = SURFACE_STYLE_USAGE( .BOTH., #2507 );
#1446 = FACE_OUTER_BOUND( '', #2508, .T. );
#1447 = CYLINDRICAL_SURFACE( '', #2509, 0.00700000000000000 );
#1448 = CURVE_STYLE( '', #2510, POSITIVE_LENGTH_MEASURE( 1.00000000000000E-06 ), #2511 );
#1449 = VERTEX_POINT( '', #2512 );
#1450 = LINE( '', #2513, #2514 );
#1451 = SURFACE_STYLE_USAGE( .BOTH., #2515 );
#1452 = FACE_OUTER_BOUND( '', #2516, .T. );
#1453 = CYLINDRICAL_SURFACE( '', #2517, 0.00150000000000000 );
#1454 = CURVE_STYLE( '', #2518, POSITIVE_LENGTH_MEASURE( 1.00000000000000E-06 ), #2519 );
#1455 = VERTEX_POINT( '', #2520 );
#1456 = VERTEX_POINT( '', #2521 );
#1457 = LINE( '', #2522, #2523 );
#1458 = CURVE_STYLE( '', #2524, POSITIVE_LENGTH_MEASURE( 1.00000000000000E-06 ), #2525 );
#1459 = LINE( '', #2526, #2527 );
#1460 = SURFACE_STYLE_USAGE( .BOTH., #2528 );
#1461 = FACE_OUTER_BOUND( '', #2529, .T. );
#1462 = CYLINDRICAL_SURFACE( '', #2530, 0.000400000000000000 );
#1463 = CURVE_STYLE( '', #2531, POSITIVE_LENGTH_MEASURE( 1.00000000000000E-06 ), #2532 );
#1464 = CIRCLE( '', #2533, 0.00150000000000000 );
#1465 = CURVE_STYLE( '', #2534, POSITIVE_LENGTH_MEASURE( 1.00000000000000E-06 ), #2535 );
#1466 = LINE( '', #2536, #2537 );
#1467 = CURVE_STYLE( '', #2538, POSITIVE_LENGTH_MEASURE( 1.00000000000000E-06 ), #2539 );
#1468 = VERTEX_POINT( '', #2540 );
#1469 = LINE( '', #2541, #2542 );
#1470 = SURFACE_STYLE_USAGE( .BOTH., #2543 );
#1471 = FACE_OUTER_BOUND( '', #2544, .T. );
#1472 = PLANE( '', #2545 );
#1473 = CURVE_STYLE( '', #2546, POSITIVE_LENGTH_MEASURE( 1.00000000000000E-06 ), #2547 );
#1474 = CIRCLE( '', #2548, 0.000500000000000000 );
#1475 = CURVE_STYLE( '', #2549, POSITIVE_LENGTH_MEASURE( 1.00000000000000E-06 ), #2550 );
#1476 = CIRCLE( '', #2551, 0.00541593250000000 );
#1477 = CURVE_STYLE( '', #2552, POSITIVE_LENGTH_MEASURE( 1.00000000000000E-06 ), #2553 );
#1478 = LINE( '', #2554, #2555 );
#1479 = CURVE_STYLE( '', #2556, POSITIVE_LENGTH_MEASURE( 1.00000000000000E-06 ), #2557 );
#1480 = VERTEX_POINT( '', #2558 );
#1481 = LINE( '', #2559, #2560 );
#1482 = CURVE_STYLE( '', #2561, POSITIVE_LENGTH_MEASURE( 1.00000000000000E-06 ), #2562 );
#1483 = LINE( '', #2563, #2564 );
#1484 = CURVE_STYLE( '', #2565, POSITIVE_LENGTH_MEASURE( 1.00000000000000E-06 ), #2566 );
#1485 = CIRCLE( '', #2567, 0.00601593250000000 );
#1486 = CURVE_STYLE( '', #2568, POSITIVE_LENGTH_MEASURE( 1.00000000000000E-06 ), #2569 );
#1487 = VERTEX_POINT( '', #2570 );
#1488 = CIRCLE( '', #2571, 0.000500000000000000 );
#1489 = CURVE_STYLE( '', #2572, POSITIVE_LENGTH_MEASURE( 1.00000000000000E-06 ), #2573 );
#1490 = CIRCLE( '', #2574, 0.000500000000000000 );
#1491 = CURVE_STYLE( '', #2575, POSITIVE_LENGTH_MEASURE( 1.00000000000000E-06 ), #2576 );
#1492 = LINE( '', #2577, #2578 );
#1493 = SURFACE_STYLE_USAGE( .BOTH., #2579 );
#1494 = FACE_OUTER_BOUND( '', #2580, .T. );
#1495 = CYLINDRICAL_SURFACE( '', #2581, 0.000400000000000000 );
#1496 = CURVE_STYLE( '', #2582, POSITIVE_LENGTH_MEASURE( 1.00000000000000E-06 ), #2583 );
#1497 = LINE( '', #2584, #2585 );
#1498 = CURVE_STYLE( '', #2586, POSITIVE_LENGTH_MEASURE( 1.00000000000000E-06 ), #2587 );
#1499 = CIRCLE( '', #2588, 0.000400000000000000 );
#1500 = SURFACE_STYLE_USAGE( .BOTH., #2589 );
#1501 = FACE_OUTER_BOUND( '', #2590, .T. );
#1502 = CYLINDRICAL_SURFACE( '', #2591, 0.000500000000000000 );
#1503 = SURFACE_STYLE_USAGE( .BOTH., #2592 );
#1504 = FACE_OUTER_BOUND( '', #2593, .T. );
#1505 = CYLINDRICAL_SURFACE( '', #2594, 0.000400000000000000 );
#1506 = CURVE_STYLE( '', #2595, POSITIVE_LENGTH_MEASURE( 1.00000000000000E-06 ), #2596 );
#1507 = VERTEX_POINT( '', #2597 );
#1508 = CIRCLE( '', #2598, 0.00700000000000000 );
#1509 = CURVE_STYLE( '', #2599, POSITIVE_LENGTH_MEASURE( 1.00000000000000E-06 ), #2600 );
#1510 = LINE( '', #2601, #2602 );
#1511 = CURVE_STYLE( '', #2603, POSITIVE_LENGTH_MEASURE( 1.00000000000000E-06 ), #2604 );
#1512 = CIRCLE( '', #2605, 0.000500000000000000 );
#1513 = SURFACE_STYLE_USAGE( .BOTH., #2606 );
#1514 = FACE_OUTER_BOUND( '', #2607, .T. );
#1515 = PLANE( '', #2608 );
#1516 = CURVE_STYLE( '', #2609, POSITIVE_LENGTH_MEASURE( 1.00000000000000E-06 ), #2610 );
#1517 = CIRCLE( '', #2611, 0.000400000000000000 );
#1518 = CURVE_STYLE( '', #2612, POSITIVE_LENGTH_MEASURE( 1.00000000000000E-06 ), #2613 );
#1519 = VERTEX_POINT( '', #2614 );
#1520 = VERTEX_POINT( '', #2615 );
#1521 = LINE( '', #2616, #2617 );
#1522 = SURFACE_STYLE_USAGE( .BOTH., #2618 );
#1523 = FACE_OUTER_BOUND( '', #2619, .T. );
#1524 = PLANE( '', #2620 );
#1525 = SURFACE_STYLE_USAGE( .BOTH., #2621 );
#1526 = FACE_OUTER_BOUND( '', #2622, .T. );
#1527 = CYLINDRICAL_SURFACE( '', #2623, 0.00541593250000000 );
#1528 = CURVE_STYLE( '', #2624, POSITIVE_LENGTH_MEASURE( 1.00000000000000E-06 ), #2625 );
#1529 = VERTEX_POINT( '', #2626 );
#1530 = CIRCLE( '', #2627, 0.000500000000000000 );
#1531 = CURVE_STYLE( '', #2628, POSITIVE_LENGTH_MEASURE( 1.00000000000000E-06 ), #2629 );
#1532 = LINE( '', #2630, #2631 );
#1533 = CURVE_STYLE( '', #2632, POSITIVE_LENGTH_MEASURE( 1.00000000000000E-06 ), #2633 );
#1534 = CIRCLE( '', #2634, 0.000400000000000000 );
#1535 = CURVE_STYLE( '', #2635, POSITIVE_LENGTH_MEASURE( 1.00000000000000E-06 ), #2636 );
#1536 = CIRCLE( '', #2637, 0.000400000000000000 );
#1537 = CURVE_STYLE( '', #2638, POSITIVE_LENGTH_MEASURE( 1.00000000000000E-06 ), #2639 );
#1538 = LINE( '', #2640, #2641 );
#1539 = SURFACE_STYLE_USAGE( .BOTH., #2642 );
#1540 = FACE_OUTER_BOUND( '', #2643, .T. );
#1541 = CYLINDRICAL_SURFACE( '', #2644, 0.00760000000000000 );
#1542 = SURFACE_STYLE_USAGE( .BOTH., #2645 );
#1543 = FACE_OUTER_BOUND( '', #2646, .T. );
#1544 = PLANE( '', #2647 );
#1545 = CURVE_STYLE( '', #2648, POSITIVE_LENGTH_MEASURE( 1.00000000000000E-06 ), #2649 );
#1546 = VERTEX_POINT( '', #2650 );
#1547 = LINE( '', #2651, #2652 );
#1548 = CURVE_STYLE( '', #2653, POSITIVE_LENGTH_MEASURE( 1.00000000000000E-06 ), #2654 );
#1549 = CIRCLE( '', #2655, 0.000500000000000000 );
#1550 = SURFACE_STYLE_USAGE( .BOTH., #2656 );
#1551 = FACE_OUTER_BOUND( '', #2657, .T. );
#1552 = CYLINDRICAL_SURFACE( '', #2658, 0.000500000000000000 );
#1553 = SURFACE_STYLE_USAGE( .BOTH., #2659 );
#1554 = FACE_OUTER_BOUND( '', #2660, .T. );
#1555 = PLANE( '', #2661 );
#1556 = CURVE_STYLE( '', #2662, POSITIVE_LENGTH_MEASURE( 1.00000000000000E-06 ), #2663 );
#1557 = LINE( '', #2664, #2665 );
#1558 = CURVE_STYLE( '', #2666, POSITIVE_LENGTH_MEASURE( 1.00000000000000E-06 ), #2667 );
#1559 = LINE( '', #2668, #2669 );
#1560 = CURVE_STYLE( '', #2670, POSITIVE_LENGTH_MEASURE( 1.00000000000000E-06 ), #2671 );
#1561 = LINE( '', #2672, #2673 );
#1562 = CURVE_STYLE( '', #2674, POSITIVE_LENGTH_MEASURE( 1.00000000000000E-06 ), #2675 );
#1563 = CIRCLE( '', #2676, 0.000500000000000000 );
#1564 = CURVE_STYLE( '', #2677, POSITIVE_LENGTH_MEASURE( 1.00000000000000E-06 ), #2678 );
#1565 = CIRCLE( '', #2679, 0.00150000000000000 );
#1566 = CURVE_STYLE( '', #2680, POSITIVE_LENGTH_MEASURE( 1.00000000000000E-06 ), #2681 );
#1567 = CIRCLE( '', #2682, 0.000500000000000000 );
#1568 = CURVE_STYLE( '', #2683, POSITIVE_LENGTH_MEASURE( 1.00000000000000E-06 ), #2684 );
#1569 = LINE( '', #2685, #2686 );
#1570 = SURFACE_STYLE_USAGE( .BOTH., #2687 );
#1571 = FACE_OUTER_BOUND( '', #2688, .T. );
#1572 = CYLINDRICAL_SURFACE( '', #2689, 0.000500000000000000 );
#1573 = CURVE_STYLE( '', #2690, POSITIVE_LENGTH_MEASURE( 1.00000000000000E-06 ), #2691 );
#1574 = VERTEX_POINT( '', #2692 );
#1575 = LINE( '', #2693, #2694 );
#1576 = CURVE_STYLE( '', #2695, POSITIVE_LENGTH_MEASURE( 1.00000000000000E-06 ), #2696 );
#1577 = CIRCLE( '', #2697, 0.00150000000000000 );
#1578 = CURVE_STYLE( '', #2698, POSITIVE_LENGTH_MEASURE( 1.00000000000000E-06 ), #2699 );
#1579 = LINE( '', #2700, #2701 );
#1580 = CURVE_STYLE( '', #2702, POSITIVE_LENGTH_MEASURE( 1.00000000000000E-06 ), #2703 );
#1581 = LINE( '', #2704, #2705 );
#1582 = SURFACE_STYLE_USAGE( .BOTH., #2706 );
#1583 = FACE_OUTER_BOUND( '', #2707, .T. );
#1584 = FACE_BOUND( '', #2708, .T. );
#1585 = PLANE( '', #2709 );
#1586 = SURFACE_STYLE_USAGE( .BOTH., #2710 );
#1587 = FACE_OUTER_BOUND( '', #2711, .T. );
#1588 = CYLINDRICAL_SURFACE( '', #2712, 0.00150000000000000 );
#1589 = CURVE_STYLE( '', #2713, POSITIVE_LENGTH_MEASURE( 1.00000000000000E-06 ), #2714 );
#1590 = VERTEX_POINT( '', #2715 );
#1591 = CIRCLE( '', #2716, 0.00180500000000000 );
#1592 = CURVE_STYLE( '', #2717, POSITIVE_LENGTH_MEASURE( 1.00000000000000E-06 ), #2718 );
#1593 = LINE( '', #2719, #2720 );
#1594 = CURVE_STYLE( '', #2721, POSITIVE_LENGTH_MEASURE( 1.00000000000000E-06 ), #2722 );
#1595 = VERTEX_POINT( '', #2723 );
#1596 = CIRCLE( '', #2724, 0.00150000000000000 );
#1597 = CURVE_STYLE( '', #2725, POSITIVE_LENGTH_MEASURE( 1.00000000000000E-06 ), #2726 );
#1598 = VERTEX_POINT( '', #2727 );
#1599 = CIRCLE( '', #2728, 0.00601593250000000 );
#1600 = CURVE_STYLE( '', #2729, POSITIVE_LENGTH_MEASURE( 1.00000000000000E-06 ), #2730 );
#1601 = B_SPLINE_CURVE_WITH_KNOTS( '', 3, ( #2731, #2732, #2733, #2734 ), .UNSPECIFIED., .F., .F., ( 4, 4 ), ( 0.00000000000000, 1.00000000000000 ), .UNSPECIFIED. );
#1602 = CURVE_STYLE( '', #2735, POSITIVE_LENGTH_MEASURE( 1.00000000000000E-06 ), #2736 );
#1603 = LINE( '', #2737, #2738 );
#1604 = CURVE_STYLE( '', #2739, POSITIVE_LENGTH_MEASURE( 1.00000000000000E-06 ), #2740 );
#1605 = B_SPLINE_CURVE_WITH_KNOTS( '', 3, ( #2741, #2742, #2743, #2744, #2745 ), .UNSPECIFIED., .F., .F., ( 4, 1, 4 ), ( 0.00000000000000, 0.501807211990761, 1.00000000000000 ), .UNSPECIFIED. );
#1606 = SURFACE_STYLE_USAGE( .BOTH., #2746 );
#1607 = FACE_OUTER_BOUND( '', #2747, .T. );
#1608 = PLANE( '', #2748 );
#1609 = SURFACE_STYLE_USAGE( .BOTH., #2749 );
#1610 = FACE_OUTER_BOUND( '', #2750, .T. );
#1611 = CYLINDRICAL_SURFACE( '', #2751, 0.00541593250000000 );
#1612 = CURVE_STYLE( '', #2752, POSITIVE_LENGTH_MEASURE( 1.00000000000000E-06 ), #2753 );
#1613 = CIRCLE( '', #2754, 0.000500000000000000 );
#1614 = CURVE_STYLE( '', #2755, POSITIVE_LENGTH_MEASURE( 1.00000000000000E-06 ), #2756 );
#1615 = LINE( '', #2757, #2758 );
#1616 = CURVE_STYLE( '', #2759, POSITIVE_LENGTH_MEASURE( 1.00000000000000E-06 ), #2760 );
#1617 = LINE( '', #2761, #2762 );
#1618 = SURFACE_STYLE_USAGE( .BOTH., #2763 );
#1619 = FACE_OUTER_BOUND( '', #2764, .T. );
#1620 = PLANE( '', #2765 );
#1621 = SURFACE_STYLE_USAGE( .BOTH., #2766 );
#1622 = FACE_OUTER_BOUND( '', #2767, .T. );
#1623 = PLANE( '', #2768 );
#1624 = SURFACE_STYLE_USAGE( .BOTH., #2769 );
#1625 = FACE_OUTER_BOUND( '', #2770, .T. );
#1626 = PLANE( '', #2771 );
#1627 = CURVE_STYLE( '', #2772, POSITIVE_LENGTH_MEASURE( 1.00000000000000E-06 ), #2773 );
#1628 = LINE( '', #2774, #2775 );
#1629 = SURFACE_STYLE_USAGE( .BOTH., #2776 );
#1630 = FACE_OUTER_BOUND( '', #2777, .T. );
#1631 = CYLINDRICAL_SURFACE( '', #2778, 0.000500000000000000 );
#1632 = CURVE_STYLE( '', #2779, POSITIVE_LENGTH_MEASURE( 1.00000000000000E-06 ), #2780 );
#1633 = LINE( '', #2781, #2782 );
#1634 = CURVE_STYLE( '', #2783, POSITIVE_LENGTH_MEASURE( 1.00000000000000E-06 ), #2784 );
#1635 = CIRCLE( '', #2785, 0.00700000000000000 );
#1636 = CURVE_STYLE( '', #2786, POSITIVE_LENGTH_MEASURE( 1.00000000000000E-06 ), #2787 );
#1637 = CIRCLE( '', #2788, 0.000500000000000000 );
#1638 = CURVE_STYLE( '', #2789, POSITIVE_LENGTH_MEASURE( 1.00000000000000E-06 ), #2790 );
#1639 = LINE( '', #2791, #2792 );
#1640 = CURVE_STYLE( '', #2793, POSITIVE_LENGTH_MEASURE( 1.00000000000000E-06 ), #2794 );
#1641 = LINE( '', #2795, #2796 );
#1642 = CURVE_STYLE( '', #2797, POSITIVE_LENGTH_MEASURE( 1.00000000000000E-06 ), #2798 );
#1643 = LINE( '', #2799, #2800 );
#1644 = SURFACE_STYLE_USAGE( .BOTH., #2801 );
#1645 = FACE_OUTER_BOUND( '', #2802, .T. );
#1646 = FACE_OUTER_BOUND( '', #2803, .T. );
#1647 = CYLINDRICAL_SURFACE( '', #2804, 0.00180500000000000 );
#1648 = CURVE_STYLE( '', #2805, POSITIVE_LENGTH_MEASURE( 1.00000000000000E-06 ), #2806 );
#1649 = LINE( '', #2807, #2808 );
#1650 = CURVE_STYLE( '', #2809, POSITIVE_LENGTH_MEASURE( 1.00000000000000E-06 ), #2810 );
#1651 = LINE( '', #2811, #2812 );
#1652 = CURVE_STYLE( '', #2813, POSITIVE_LENGTH_MEASURE( 1.00000000000000E-06 ), #2814 );
#1653 = LINE( '', #2815, #2816 );
#1654 = SURFACE_STYLE_USAGE( .BOTH., #2817 );
#1655 = FACE_OUTER_BOUND( '', #2818, .T. );
#1656 = PLANE( '', #2819 );
#1657 = CURVE_STYLE( '', #2820, POSITIVE_LENGTH_MEASURE( 1.00000000000000E-06 ), #2821 );
#1658 = LINE( '', #2822, #2823 );
#1659 = CURVE_STYLE( '', #2824, POSITIVE_LENGTH_MEASURE( 1.00000000000000E-06 ), #2825 );
#1660 = LINE( '', #2826, #2827 );
#1661 = CURVE_STYLE( '', #2828, POSITIVE_LENGTH_MEASURE( 1.00000000000000E-06 ), #2829 );
#1662 = VERTEX_POINT( '', #2830 );
#1663 = LINE( '', #2831, #2832 );
#1664 = CURVE_STYLE( '', #2833, POSITIVE_LENGTH_MEASURE( 1.00000000000000E-06 ), #2834 );
#1665 = LINE( '', #2835, #2836 );
#1666 = CURVE_STYLE( '', #2837, POSITIVE_LENGTH_MEASURE( 1.00000000000000E-06 ), #2838 );
#1667 = CIRCLE( '', #2839, 0.000500000000000000 );
#1668 = SURFACE_STYLE_USAGE( .BOTH., #2840 );
#1669 = FACE_OUTER_BOUND( '', #2841, .T. );
#1670 = PLANE( '', #2842 );
#1671 = CURVE_STYLE( '', #2843, POSITIVE_LENGTH_MEASURE( 1.00000000000000E-06 ), #2844 );
#1672 = LINE( '', #2845, #2846 );
#1673 = CURVE_STYLE( '', #2847, POSITIVE_LENGTH_MEASURE( 1.00000000000000E-06 ), #2848 );
#1674 = LINE( '', #2849, #2850 );
#1675 = CURVE_STYLE( '', #2851, POSITIVE_LENGTH_MEASURE( 1.00000000000000E-06 ), #2852 );
#1676 = LINE( '', #2853, #2854 );
#1677 = CURVE_STYLE( '', #2855, POSITIVE_LENGTH_MEASURE( 1.00000000000000E-06 ), #2856 );
#1678 = LINE( '', #2857, #2858 );
#1679 = CURVE_STYLE( '', #2859, POSITIVE_LENGTH_MEASURE( 1.00000000000000E-06 ), #2860 );
#1680 = VERTEX_POINT( '', #2861 );
#1681 = B_SPLINE_CURVE_WITH_KNOTS( '', 3, ( #2862, #2863, #2864, #2865 ), .UNSPECIFIED., .F., .F., ( 4, 4 ), ( 0.00000000000000, 1.00000000000000 ), .UNSPECIFIED. );
#1682 = SURFACE_STYLE_USAGE( .BOTH., #2866 );
#1683 = FACE_OUTER_BOUND( '', #2867, .T. );
#1684 = CYLINDRICAL_SURFACE( '', #2868, 0.00601593250000000 );
#1685 = CURVE_STYLE( '', #2869, POSITIVE_LENGTH_MEASURE( 1.00000000000000E-06 ), #2870 );
#1686 = LINE( '', #2871, #2872 );
#1687 = CURVE_STYLE( '', #2873, POSITIVE_LENGTH_MEASURE( 1.00000000000000E-06 ), #2874 );
#1688 = LINE( '', #2875, #2876 );
#1689 = CURVE_STYLE( '', #2877, POSITIVE_LENGTH_MEASURE( 1.00000000000000E-06 ), #2878 );
#1690 = CIRCLE( '', #2879, 0.000400000000000000 );
#1691 = SURFACE_STYLE_USAGE( .BOTH., #2880 );
#1692 = FACE_OUTER_BOUND( '', #2881, .T. );
#1693 = CYLINDRICAL_SURFACE( '', #2882, 0.00150000000000000 );
#1694 = CURVE_STYLE( '', #2883, POSITIVE_LENGTH_MEASURE( 1.00000000000000E-06 ), #2884 );
#1695 = LINE( '', #2885, #2886 );
#1696 = CURVE_STYLE( '', #2887, POSITIVE_LENGTH_MEASURE( 1.00000000000000E-06 ), #2888 );
#1697 = CIRCLE( '', #2889, 0.000500000000000000 );
#1698 = CURVE_STYLE( '', #2890, POSITIVE_LENGTH_MEASURE( 1.00000000000000E-06 ), #2891 );
#1699 = LINE( '', #2892, #2893 );
#1700 = CURVE_STYLE( '', #2894, POSITIVE_LENGTH_MEASURE( 1.00000000000000E-06 ), #2895 );
#1701 = LINE( '', #2896, #2897 );
#1702 = SURFACE_STYLE_USAGE( .BOTH., #2898 );
#1703 = FACE_OUTER_BOUND( '', #2899, .T. );
#1704 = PLANE( '', #2900 );
#1705 = CURVE_STYLE( '', #2901, POSITIVE_LENGTH_MEASURE( 1.00000000000000E-06 ), #2902 );
#1706 = LINE( '', #2903, #2904 );
#1707 = CURVE_STYLE( '', #2905, POSITIVE_LENGTH_MEASURE( 1.00000000000000E-06 ), #2906 );
#1708 = LINE( '', #2907, #2908 );
#1709 = CURVE_STYLE( '', #2909, POSITIVE_LENGTH_MEASURE( 1.00000000000000E-06 ), #2910 );
#1710 = CIRCLE( '', #2911, 0.00541593250000000 );
#1711 = CURVE_STYLE( '', #2912, POSITIVE_LENGTH_MEASURE( 1.00000000000000E-06 ), #2913 );
#1712 = LINE( '', #2914, #2915 );
#1713 = CURVE_STYLE( '', #2916, POSITIVE_LENGTH_MEASURE( 1.00000000000000E-06 ), #2917 );
#1714 = LINE( '', #2918, #2919 );
#1715 = CURVE_STYLE( '', #2920, POSITIVE_LENGTH_MEASURE( 1.00000000000000E-06 ), #2921 );
#1716 = LINE( '', #2922, #2923 );
#1717 = CURVE_STYLE( '', #2924, POSITIVE_LENGTH_MEASURE( 1.00000000000000E-06 ), #2925 );
#1718 = LINE( '', #2926, #2927 );
#1719 = CURVE_STYLE( '', #2928, POSITIVE_LENGTH_MEASURE( 1.00000000000000E-06 ), #2929 );
#1720 = LINE( '', #2930, #2931 );
#1721 = CURVE_STYLE( '', #2932, POSITIVE_LENGTH_MEASURE( 1.00000000000000E-06 ), #2933 );
#1722 = LINE( '', #2934, #2935 );
#1723 = CURVE_STYLE( '', #2936, POSITIVE_LENGTH_MEASURE( 1.00000000000000E-06 ), #2937 );
#1724 = LINE( '', #2938, #2939 );
#1725 = SURFACE_STYLE_USAGE( .BOTH., #2940 );
#1726 = FACE_OUTER_BOUND( '', #2941, .T. );
#1727 = PLANE( '', #2942 );
#1728 = CURVE_STYLE( '', #2943, POSITIVE_LENGTH_MEASURE( 1.00000000000000E-06 ), #2944 );
#1729 = LINE( '', #2945, #2946 );
#1730 = CURVE_STYLE( '', #2947, POSITIVE_LENGTH_MEASURE( 1.00000000000000E-06 ), #2948 );
#1731 = LINE( '', #2949, #2950 );
#1732 = CURVE_STYLE( '', #2951, POSITIVE_LENGTH_MEASURE( 1.00000000000000E-06 ), #2952 );
#1733 = LINE( '', #2953, #2954 );
#1734 = CURVE_STYLE( '', #2955, POSITIVE_LENGTH_MEASURE( 1.00000000000000E-06 ), #2956 );
#1735 = LINE( '', #2957, #2958 );
#1736 = CURVE_STYLE( '', #2959, POSITIVE_LENGTH_MEASURE( 1.00000000000000E-06 ), #2960 );
#1737 = CIRCLE( '', #2961, 0.00760000000000000 );
#1738 = CURVE_STYLE( '', #2962, POSITIVE_LENGTH_MEASURE( 1.00000000000000E-06 ), #2963 );
#1739 = CIRCLE( '', #2964, 0.000500000000000000 );
#1740 = SURFACE_STYLE_USAGE( .BOTH., #2965 );
#1741 = FACE_OUTER_BOUND( '', #2966, .T. );
#1742 = CYLINDRICAL_SURFACE( '', #2967, 0.000500000000000000 );
#1743 = CURVE_STYLE( '', #2968, POSITIVE_LENGTH_MEASURE( 1.00000000000000E-06 ), #2969 );
#1744 = LINE( '', #2970, #2971 );
#1745 = SURFACE_STYLE_USAGE( .BOTH., #2972 );
#1746 = FACE_OUTER_BOUND( '', #2973, .T. );
#1747 = PLANE( '', #2974 );
#1748 = SURFACE_STYLE_USAGE( .BOTH., #2975 );
#1749 = FACE_OUTER_BOUND( '', #2976, .T. );
#1750 = CYLINDRICAL_SURFACE( '', #2977, 0.000400000000000000 );
#1751 = SURFACE_STYLE_USAGE( .BOTH., #2978 );
#1752 = FACE_OUTER_BOUND( '', #2979, .T. );
#1753 = PLANE( '', #2980 );
#1754 = CURVE_STYLE( '', #2981, POSITIVE_LENGTH_MEASURE( 1.00000000000000E-06 ), #2982 );
#1755 = B_SPLINE_CURVE_WITH_KNOTS( '', 3, ( #2983, #2984, #2985, #2986, #2987 ), .UNSPECIFIED., .F., .F., ( 4, 1, 4 ), ( 0.00000000000000, 0.498192788009239, 1.00000000000000 ), .UNSPECIFIED. );
#1756 = CURVE_STYLE( '', #2988, POSITIVE_LENGTH_MEASURE( 1.00000000000000E-06 ), #2989 );
#1757 = LINE( '', #2990, #2991 );
#1758 = CURVE_STYLE( '', #2992, POSITIVE_LENGTH_MEASURE( 1.00000000000000E-06 ), #2993 );
#1759 = CIRCLE( '', #2994, 0.000400000000000000 );
#1760 = SURFACE_STYLE_USAGE( .BOTH., #2995 );
#1761 = FACE_OUTER_BOUND( '', #2996, .T. );
#1762 = PLANE( '', #2997 );
#1763 = SURFACE_STYLE_USAGE( .BOTH., #2998 );
#1764 = FACE_OUTER_BOUND( '', #2999, .T. );
#1765 = CYLINDRICAL_SURFACE( '', #3000, 0.000500000000000000 );
#1766 = CURVE_STYLE( '', #3001, POSITIVE_LENGTH_MEASURE( 1.00000000000000E-06 ), #3002 );
#1767 = LINE( '', #3003, #3004 );
#1768 = CURVE_STYLE( '', #3005, POSITIVE_LENGTH_MEASURE( 1.00000000000000E-06 ), #3006 );
#1769 = CIRCLE( '', #3007, 0.000400000000000000 );
#1770 = SURFACE_STYLE_USAGE( .BOTH., #3008 );
#1771 = FACE_OUTER_BOUND( '', #3009, .T. );
#1772 = PLANE( '', #3010 );
#1773 = CURVE_STYLE( '', #3011, POSITIVE_LENGTH_MEASURE( 1.00000000000000E-06 ), #3012 );
#1774 = CIRCLE( '', #3013, 0.000500000000000000 );
#1775 = CURVE_STYLE( '', #3014, POSITIVE_LENGTH_MEASURE( 1.00000000000000E-06 ), #3015 );
#1776 = LINE( '', #3016, #3017 );
#1777 = CURVE_STYLE( '', #3018, POSITIVE_LENGTH_MEASURE( 1.00000000000000E-06 ), #3019 );
#1778 = CIRCLE( '', #3020, 0.000400000000000000 );
#1779 = CURVE_STYLE( '', #3021, POSITIVE_LENGTH_MEASURE( 1.00000000000000E-06 ), #3022 );
#1780 = CIRCLE( '', #3023, 0.000500000000000000 );
#1781 = SURFACE_STYLE_USAGE( .BOTH., #3024 );
#1782 = FACE_OUTER_BOUND( '', #3025, .T. );
#1783 = CYLINDRICAL_SURFACE( '', #3026, 0.000500000000000000 );
#1784 = SURFACE_STYLE_USAGE( .BOTH., #3027 );
#1785 = FACE_OUTER_BOUND( '', #3028, .T. );
#1786 = PLANE( '', #3029 );
#1787 = CURVE_STYLE( '', #3030, POSITIVE_LENGTH_MEASURE( 1.00000000000000E-06 ), #3031 );
#1788 = LINE( '', #3032, #3033 );
#1789 = CURVE_STYLE( '', #3034, POSITIVE_LENGTH_MEASURE( 1.00000000000000E-06 ), #3035 );
#1790 = LINE( '', #3036, #3037 );
#1791 = CURVE_STYLE( '', #3038, POSITIVE_LENGTH_MEASURE( 1.00000000000000E-06 ), #3039 );
#1792 = CIRCLE( '', #3040, 0.000500000000000000 );
#1793 = CURVE_STYLE( '', #3041, POSITIVE_LENGTH_MEASURE( 1.00000000000000E-06 ), #3042 );
#1794 = CIRCLE( '', #3043, 0.000400000000000000 );
#1795 = PRODUCT_CONTEXT( '', #315, 'mechanical' );
#1796 = PRODUCT_DEFINITION_FORMATION_WITH_SPECIFIED_SOURCE( ' ', 'NONE', #938, .NOT_KNOWN. );
#1797 = CLOSED_SHELL( '', ( #589, #729, #371, #615, #911, #553, #591, #647, #435, #341, #893, #473, #453, #395, #775, #657, #691, #415, #605, #335, #361, #721, #529, #787, #625, #847, #433, #807, #651, #759, #723, #929, #731, #645, #789, #909, #707, #627, #637, #693, #665, #685, #785, #417, #899, #857, #535, #607, #917, #901, #623, #339, #379, #897, #815, #777, #515, #839, #709, #407, #557, #377, #405, #349, #597, #519, #357, #747, #575, #757, #927, #793, #437, #701, #879, #827, #345 ) );
#1798 = CARTESIAN_POINT( '', ( 0.00000000000000, 0.00000000000000, 0.00000000000000 ) );
#1799 = DIRECTION( '', ( 0.00000000000000, 0.00000000000000, 1.00000000000000 ) );
#1800 = DIRECTION( '', ( 1.00000000000000, 0.00000000000000, 0.00000000000000 ) );
#1801 =  ( LENGTH_UNIT(  )NAMED_UNIT( #947 )SI_UNIT( $, .METRE. ) );
#1802 = DRAUGHTING_PRE_DEFINED_CURVE_FONT( 'continuous' );
#1803 = COLOUR_RGB( '', 0.749019622800000, 0.749019622800000, 0.749019622800000 );
#1804 = CARTESIAN_POINT( '', ( -0.00517500000000000, -0.00393361681461500, 0.000599999999994000 ) );
#1805 = CARTESIAN_POINT( '', ( -0.00517500000000000, -0.00393361681461500, 0.00000000000000 ) );
#1806 = CARTESIAN_POINT( '', ( -0.00517500000001000, -0.00393361681462500, 0.00000000000000 ) );
#1807 = VECTOR( '', #3045, 1.00000000000000 );
#1808 = DRAUGHTING_PRE_DEFINED_CURVE_FONT( 'continuous' );
#1809 = COLOUR_RGB( '', 0.749019622800000, 0.749019622800000, 0.749019622800000 );
#1810 = CARTESIAN_POINT( '', ( -0.00435000000000000, -0.00500565571083200, 0.0173133538225950 ) );
#1811 = CARTESIAN_POINT( '', ( -0.00435000000000000, -0.00454566916296100, 0.0177000000000930 ) );
#1812 = CARTESIAN_POINT( '', ( -0.00435000000001000, -0.00640395519641200, 0.0161379995571450 ) );
#1813 = VECTOR( '', #3046, 1.00000000000000 );
#1814 = DRAUGHTING_PRE_DEFINED_CURVE_FONT( 'continuous' );
#1815 = COLOUR_RGB( '', 0.749019622800000, 0.749019622800000, 0.749019622800000 );
#1816 = CARTESIAN_POINT( '', ( 0.00555000000000000, 0.00337740475150900, 0.0154973437553770 ) );
#1817 = CARTESIAN_POINT( '', ( 0.00455000000000000, 0.00337740475150900, 0.0154973437553770 ) );
#1818 = CARTESIAN_POINT( '', ( 0.00555000000001000, 0.00337740475151900, 0.0154973437553870 ) );
#1819 = VECTOR( '', #3047, 1.00000000000000 );
#1820 = SURFACE_SIDE_STYLE( '', ( #3048 ) );
#1821 = EDGE_LOOP( '', ( #3049, #3050, #3051, #3052 ) );
#1822 = AXIS2_PLACEMENT_3D( '', #3053, #3054, #3055 );
#1823 = DRAUGHTING_PRE_DEFINED_CURVE_FONT( 'continuous' );
#1824 = COLOUR_RGB( '', 0.749019622800000, 0.749019622800000, 0.749019622800000 );
#1825 = CARTESIAN_POINT( '', ( 0.00555000000000000, -0.000544756386683000, 0.000600000000066000 ) );
#1826 = CARTESIAN_POINT( '', ( 0.00517500000000000, -0.00102887930495900, 0.000600000000030000 ) );
#1827 = AXIS2_PLACEMENT_3D( '', #3056, #3057, #3058 );
#1828 = SURFACE_SIDE_STYLE( '', ( #3059 ) );
#1829 = EDGE_LOOP( '', ( #3060, #3061, #3062, #3063 ) );
#1830 = AXIS2_PLACEMENT_3D( '', #3064, #3065, #3066 );
#1831 = SURFACE_SIDE_STYLE( '', ( #3067 ) );
#1832 = EDGE_LOOP( '', ( #3068, #3069, #3070, #3071 ) );
#1833 = AXIS2_PLACEMENT_3D( '', #3072, #3073, #3074 );
#1834 = DRAUGHTING_PRE_DEFINED_CURVE_FONT( 'continuous' );
#1835 = COLOUR_RGB( '', 0.749019622800000, 0.749019622800000, 0.749019622800000 );
#1836 = CARTESIAN_POINT( '', ( -0.00525000000000000, -6.18000000744500E-05, -0.00450000000000000 ) );
#1837 = CARTESIAN_POINT( '', ( -0.00525000000000000, -0.000561800000074000, -0.00400000000000000 ) );
#1838 = AXIS2_PLACEMENT_3D( '', #3075, #3076, #3077 );
#1839 = SURFACE_SIDE_STYLE( '', ( #3078 ) );
#1840 = EDGE_LOOP( '', ( #3079, #3080, #3081, #3082, #3083, #3084, #3085, #3086, #3087, #3088 ) );
#1841 = AXIS2_PLACEMENT_3D( '', #3089, #3090, #3091 );
#1842 = DRAUGHTING_PRE_DEFINED_CURVE_FONT( 'continuous' );
#1843 = COLOUR_RGB( '', 0.749019622800000, 0.749019622800000, 0.749019622800000 );
#1844 = CARTESIAN_POINT( '', ( 0.00555000000000000, 0.00449413973274200, 0.000613749478827000 ) );
#1845 = CARTESIAN_POINT( '', ( 0.00553907000031100, 0.00439016601108400, 0.000600000000126000 ) );
#1846 = CARTESIAN_POINT( '', ( 0.00555000000000000, 0.00449413973275200, 0.000613749478837000 ) );
#1847 = CARTESIAN_POINT( '', ( 0.00554956775148653, 0.00447695710142454, 0.000609739229130635 ) );
#1848 = CARTESIAN_POINT( '', ( 0.00554870011846603, 0.00444246717756258, 0.000601689635072306 ) );
#1849 = CARTESIAN_POINT( '', ( 0.00554228776535214, 0.00440764169127518, 0.000600564567272105 ) );
#1850 = CARTESIAN_POINT( '', ( 0.00553907000031384, 0.00439016601109552, 0.000600000000136000 ) );
#1851 = SURFACE_SIDE_STYLE( '', ( #3092 ) );
#1852 = EDGE_LOOP( '', ( #3093, #3094, #3095, #3096, #3097 ) );
#1853 = AXIS2_PLACEMENT_3D( '', #3098, #3099, #3100 );
#1854 = DRAUGHTING_PRE_DEFINED_CURVE_FONT( 'continuous' );
#1855 = COLOUR_RGB( '', 0.749019622800000, 0.749019622800000, 0.749019622800000 );
#1856 = CARTESIAN_POINT( '', ( -0.00555000000000000, -0.00350475122874300, 0.0165910824018680 ) );
#1857 = CARTESIAN_POINT( '', ( 0.00455000000000000, -0.00350475122874300, 0.0165910824018680 ) );
#1858 = CARTESIAN_POINT( '', ( 0.00000000000000, -0.00350475122875300, 0.0165910824018780 ) );
#1859 = VECTOR( '', #3101, 1.00000000000000 );
#1860 = DRAUGHTING_PRE_DEFINED_CURVE_FONT( 'continuous' );
#1861 = COLOUR_RGB( '', 0.749019622800000, 0.749019622800000, 0.749019622800000 );
#1862 = CARTESIAN_POINT( '', ( 0.00455000000000000, 0.00246027864913700, 0.00709584270172500 ) );
#1863 = CARTESIAN_POINT( '', ( -0.00555000000000000, 0.00246027864913700, 0.00709584270172500 ) );
#1864 = CARTESIAN_POINT( '', ( 0.00555000000001000, 0.00246027864914700, 0.00709584270173500 ) );
#1865 = VECTOR( '', #3102, 1.00000000000000 );
#1866 = DRAUGHTING_PRE_DEFINED_CURVE_FONT( 'continuous' );
#1867 = COLOUR_RGB( '', 0.749019622800000, 0.749019622800000, 0.749019622800000 );
#1868 = CARTESIAN_POINT( '', ( 0.00455000000000000, 0.00210250777271400, 0.00646974366801900 ) );
#1869 = CARTESIAN_POINT( '', ( 0.00455000000000000, 0.00168351449008800, 0.00730773023329700 ) );
#1870 = CARTESIAN_POINT( '', ( 0.00455000000001000, 0.00234476627361300, 0.00598522666623600 ) );
#1871 = VECTOR( '', #3103, 1.00000000000000 );
#1872 = SURFACE_SIDE_STYLE( '', ( #3104 ) );
#1873 = EDGE_LOOP( '', ( #3105, #3106, #3107, #3108 ) );
#1874 = AXIS2_PLACEMENT_3D( '', #3109, #3110, #3111 );
#1875 = DRAUGHTING_PRE_DEFINED_CURVE_FONT( 'continuous' );
#1876 = COLOUR_RGB( '', 0.749019622800000, 0.749019622800000, 0.749019622800000 );
#1877 = CARTESIAN_POINT( '', ( 0.00455000000000000, -0.00593180000000000, 0.0111980135307030 ) );
#1878 = CARTESIAN_POINT( '', ( 0.00455000000000000, -0.00593180000000000, 0.0126819864692970 ) );
#1879 = CARTESIAN_POINT( '', ( 0.00455000000001000, -0.00593180000001000, 0.0112236800522150 ) );
#1880 = VECTOR( '', #3112, 1.00000000000000 );
#1881 = SURFACE_SIDE_STYLE( '', ( #3113 ) );
#1882 = EDGE_LOOP( '', ( #3114, #3115, #3116, #3117 ) );
#1883 = AXIS2_PLACEMENT_3D( '', #3118, #3119, #3120 );
#1884 = DRAUGHTING_PRE_DEFINED_CURVE_FONT( 'continuous' );
#1885 = COLOUR_RGB( '', 0.749019622800000, 0.749019622800000, 0.749019622800000 );
#1886 = CARTESIAN_POINT( '', ( 0.00435000000000000, 0.00462206916288900, 0.0177000000001660 ) );
#1887 = CARTESIAN_POINT( '', ( -0.00435000000000000, 0.00462206916288900, 0.0177000000001660 ) );
#1888 = CARTESIAN_POINT( '', ( 0.00555000000001000, 0.00462206916289900, 0.0177000000001760 ) );
#1889 = VECTOR( '', #3121, 1.00000000000000 );
#1890 = DRAUGHTING_PRE_DEFINED_CURVE_FONT( 'continuous' );
#1891 = COLOUR_RGB( '', 0.749019622800000, 0.749019622800000, 0.749019622800000 );
#1892 = CARTESIAN_POINT( '', ( 0.00455000000000000, -0.00407909578210500, 0.0163262648532980 ) );
#1893 = CARTESIAN_POINT( '', ( 0.00455000000000000, -0.00366845662239600, 0.0158888000198390 ) );
#1894 = CARTESIAN_POINT( '', ( 0.00455000000001000, -0.00366845662240600, 0.0158888000198490 ) );
#1895 = VECTOR( '', #3122, 1.00000000000000 );
#1896 = DRAUGHTING_PRE_DEFINED_CURVE_FONT( 'continuous' );
#1897 = COLOUR_RGB( '', 0.749019622800000, 0.749019622800000, 0.749019622800000 );
#1898 = CARTESIAN_POINT( '', ( -0.00555000000000000, 0.00600820000000000, 0.0111980135307030 ) );
#1899 = CARTESIAN_POINT( '', ( -0.00555000000000000, 0.00305883880456200, 0.00673738670157100 ) );
#1900 = AXIS2_PLACEMENT_3D( '', #3123, #3124, #3125 );
#1901 = DRAUGHTING_PRE_DEFINED_CURVE_FONT( 'continuous' );
#1902 = COLOUR_RGB( '', 0.749019622800000, 0.749019622800000, 0.749019622800000 );
#1903 = CARTESIAN_POINT( '', ( -0.00555000000000000, -0.00564235728090000, 0.000578885438200000 ) );
#1904 = CARTESIAN_POINT( '', ( -0.00555000000000000, -0.00528458640450000, 0.00000000000000 ) );
#1905 = AXIS2_PLACEMENT_3D( '', #3126, #3127, #3128 );
#1906 = SURFACE_SIDE_STYLE( '', ( #3129 ) );
#1907 = EDGE_LOOP( '', ( #3130, #3131, #3132, #3133, #3134 ) );
#1908 = AXIS2_PLACEMENT_3D( '', #3135, #3136, #3137 );
#1909 = DRAUGHTING_PRE_DEFINED_CURVE_FONT( 'continuous' );
#1910 = COLOUR_RGB( '', 0.749019622800000, 0.749019622800000, 0.749019622800000 );
#1911 = CARTESIAN_POINT( '', ( 0.00554970943081200, 0.000638199999926000, 0.00000000000000 ) );
#1912 = CARTESIAN_POINT( '', ( 0.00525000000000000, 0.000638199999926000, 0.00000000000000 ) );
#1913 = CARTESIAN_POINT( '', ( 0.00540000000001000, 0.000638199999936000, 0.00000000000000 ) );
#1914 = VECTOR( '', #3138, 1.00000000000000 );
#1915 = DRAUGHTING_PRE_DEFINED_CURVE_FONT( 'continuous' );
#1916 = COLOUR_RGB( '', 0.749019622800000, 0.749019622800000, 0.749019622800000 );
#1917 = CARTESIAN_POINT( '', ( -0.00555000000000000, 0.00474793688748100, 0.00117888543832200 ) );
#1918 = CARTESIAN_POINT( '', ( -0.00555000000000000, 0.00210250777271400, 0.00646974366801900 ) );
#1919 = CARTESIAN_POINT( '', ( -0.00555000000001000, 0.00503737960657600, 0.000600000000144000 ) );
#1920 = VECTOR( '', #3139, 1.00000000000000 );
#1921 = SURFACE_SIDE_STYLE( '', ( #3140 ) );
#1922 = EDGE_LOOP( '', ( #3141, #3142, #3143, #3144 ) );
#1923 = AXIS2_PLACEMENT_3D( '', #3145, #3146, #3147 );
#1924 = SURFACE_SIDE_STYLE( '', ( #3148 ) );
#1925 = EDGE_LOOP( '', ( #3149, #3150, #3151, #3152, #3153, #3154, #3155, #3156 ) );
#1926 = AXIS2_PLACEMENT_3D( '', #3157, #3158, #3159 );
#1927 = DRAUGHTING_PRE_DEFINED_CURVE_FONT( 'continuous' );
#1928 = COLOUR_RGB( '', 0.749019622800000, 0.749019622800000, 0.749019622800000 );
#1929 = CARTESIAN_POINT( '', ( 0.00435000000000000, -0.00454566916296100, 0.0177000000000930 ) );
#1930 = CARTESIAN_POINT( '', ( 0.00555000000001000, -0.00454566916297100, 0.0177000000001030 ) );
#1931 = VECTOR( '', #3160, 1.00000000000000 );
#1932 = DRAUGHTING_PRE_DEFINED_CURVE_FONT( 'continuous' );
#1933 = COLOUR_RGB( '', 0.749019622800000, 0.749019622800000, 0.749019622800000 );
#1934 = CARTESIAN_POINT( '', ( 0.00455000000000000, 0.00228139321091600, 0.00700639998261500 ) );
#1935 = AXIS2_PLACEMENT_3D( '', #3161, #3162, #3163 );
#1936 = DRAUGHTING_PRE_DEFINED_CURVE_FONT( 'continuous' );
#1937 = COLOUR_RGB( '', 0.749019622800000, 0.749019622800000, 0.749019622800000 );
#1938 = CARTESIAN_POINT( '', ( 0.00455000000000000, -0.00220499321092700, 0.00700639998262000 ) );
#1939 = CARTESIAN_POINT( '', ( 0.00455000000000000, -0.00238387864913700, 0.00709584270172500 ) );
#1940 = CARTESIAN_POINT( '', ( 0.00455000000001000, -0.00230857402154900, 0.00705819038793600 ) );
#1941 = VECTOR( '', #3164, 1.00000000000000 );
#1942 = DRAUGHTING_PRE_DEFINED_CURVE_FONT( 'continuous' );
#1943 = COLOUR_RGB( '', 0.749019622800000, 0.749019622800000, 0.749019622800000 );
#1944 = CARTESIAN_POINT( '', ( 0.00455000000000000, 0.00600820000000000, 0.0111980135307030 ) );
#1945 = CARTESIAN_POINT( '', ( 0.00455000000000000, 0.00305883880456200, 0.00673738670157100 ) );
#1946 = AXIS2_PLACEMENT_3D( '', #3165, #3166, #3167 );
#1947 = DRAUGHTING_PRE_DEFINED_CURVE_FONT( 'continuous' );
#1948 = COLOUR_RGB( '', 0.749019622800000, 0.749019622800000, 0.749019622800000 );
#1949 = CARTESIAN_POINT( '', ( 0.00435000000000000, 0.00505953399640300, 0.0172893608403890 ) );
#1950 = CARTESIAN_POINT( '', ( 0.00435000000001000, 0.00599164654839800, 0.0164144061335510 ) );
#1951 = VECTOR( '', #3168, 1.00000000000000 );
#1952 = DRAUGHTING_PRE_DEFINED_CURVE_FONT( 'continuous' );
#1953 = COLOUR_RGB( '', 0.749019622800000, 0.749019622800000, 0.749019622800000 );
#1954 = CARTESIAN_POINT( '', ( -0.00525000000000000, 0.000138199999926000, -0.00450000000000000 ) );
#1955 = CARTESIAN_POINT( '', ( -0.00525000000001000, 0.000638199999936000, -0.00450000000001000 ) );
#1956 = VECTOR( '', #3169, 1.00000000000000 );
#1957 = DRAUGHTING_PRE_DEFINED_CURVE_FONT( 'continuous' );
#1958 = COLOUR_RGB( '', 0.749019622800000, 0.749019622800000, 0.749019622800000 );
#1959 = CARTESIAN_POINT( '', ( -0.00555000000000000, 0.00380079084345400, 0.0168250703332630 ) );
#1960 = CARTESIAN_POINT( '', ( -0.00278945524808400, 0.00569010380561900, 0.0188378057501680 ) );
#1961 = VECTOR( '', #3170, 1.00000000000000 );
#1962 = SURFACE_SIDE_STYLE( '', ( #3171 ) );
#1963 = EDGE_LOOP( '', ( #3172, #3173, #3174, #3175, #3176, #3177 ) );
#1964 = AXIS2_PLACEMENT_3D( '', #3178, #3179, #3180 );
#1965 = DRAUGHTING_PRE_DEFINED_CURVE_FONT( 'continuous' );
#1966 = COLOUR_RGB( '', 0.749019622800000, 0.749019622800000, 0.749019622800000 );
#1967 = CARTESIAN_POINT( '', ( -0.00555000000000000, 0.00290191052746900, 0.00621257894506200 ) );
#1968 = AXIS2_PLACEMENT_3D( '', #3181, #3182, #3183 );
#1969 = DRAUGHTING_PRE_DEFINED_CURVE_FONT( 'continuous' );
#1970 = COLOUR_RGB( '', 0.749019622800000, 0.749019622800000, 0.749019622800000 );
#1971 = CARTESIAN_POINT( '', ( 0.00555000000000000, -0.00372315655609500, 0.0168237554139130 ) );
#1972 = CARTESIAN_POINT( '', ( 0.00555000000000000, -0.00286353991801600, 0.0159079829150870 ) );
#1973 = CARTESIAN_POINT( '', ( 0.00555000000001000, -0.00454566916297100, 0.0177000000001030 ) );
#1974 = VECTOR( '', #3184, 1.00000000000000 );
#1975 = DRAUGHTING_PRE_DEFINED_CURVE_FONT( 'continuous' );
#1976 = COLOUR_RGB( '', 0.749019622800000, 0.749019622800000, 0.749019622800000 );
#1977 = CARTESIAN_POINT( '', ( 0.00555000000000000, 0.00168351449008800, 0.00730773023329700 ) );
#1978 = CARTESIAN_POINT( '', ( 0.00555000000001000, 0.00168351449009800, 0.00730773023330700 ) );
#1979 = VECTOR( '', #3185, 1.00000000000000 );
#1980 = DRAUGHTING_PRE_DEFINED_CURVE_FONT( 'continuous' );
#1981 = COLOUR_RGB( '', 0.749019622800000, 0.749019622800000, 0.749019622800000 );
#1982 = CARTESIAN_POINT( '', ( 0.00555000000000000, 0.00380079084345400, 0.0168250703332630 ) );
#1983 = CARTESIAN_POINT( '', ( 0.00556445524808400, 0.00379089769192700, 0.0168145308954550 ) );
#1984 = VECTOR( '', #3186, 1.00000000000000 );
#1985 = SURFACE_SIDE_STYLE( '', ( #3187 ) );
#1986 = EDGE_LOOP( '', ( #3188, #3189, #3190, #3191 ) );
#1987 = AXIS2_PLACEMENT_3D( '', #3192, #3193, #3194 );
#1988 = SURFACE_SIDE_STYLE( '', ( #3195 ) );
#1989 = EDGE_LOOP( '', ( #3196, #3197, #3198, #3199 ) );
#1990 = AXIS2_PLACEMENT_3D( '', #3200, #3201, #3202 );
#1991 = DRAUGHTING_PRE_DEFINED_CURVE_FONT( 'continuous' );
#1992 = COLOUR_RGB( '', 0.749019622800000, 0.749019622800000, 0.749019622800000 );
#1993 = CARTESIAN_POINT( '', ( 0.00517500000000000, -0.00102887930495900, 0.00000000000000 ) );
#1994 = CARTESIAN_POINT( '', ( 0.00554970943081200, -0.000561800000074000, 0.00000000000000 ) );
#1995 = AXIS2_PLACEMENT_3D( '', #3203, #3204, #3205 );
#1996 = DRAUGHTING_PRE_DEFINED_CURVE_FONT( 'continuous' );
#1997 = COLOUR_RGB( '', 0.749019622800000, 0.749019622800000, 0.749019622800000 );
#1998 = CARTESIAN_POINT( '', ( -0.00555000000000000, 0.00571875728090000, 0.000578885438200000 ) );
#1999 = CARTESIAN_POINT( '', ( 0.00555000000000000, 0.00571875728090000, 0.000578885438200000 ) );
#2000 = CARTESIAN_POINT( '', ( 0.00555000000001000, 0.00571875728091000, 0.000578885438210000 ) );
#2001 = VECTOR( '', #3206, 1.00000000000000 );
#2002 = DRAUGHTING_PRE_DEFINED_CURVE_FONT( 'continuous' );
#2003 = COLOUR_RGB( '', 0.749019622800000, 0.749019622800000, 0.749019622800000 );
#2004 = CARTESIAN_POINT( '', ( 0.00455000000000000, -0.00330100475150900, 0.0154973437553770 ) );
#2005 = CARTESIAN_POINT( '', ( 0.00455000000001000, -0.00172118568807100, 0.0138143204315120 ) );
#2006 = VECTOR( '', #3207, 1.00000000000000 );
#2007 = SURFACE_SIDE_STYLE( '', ( #3208 ) );
#2008 = EDGE_LOOP( '', ( #3209, #3210, #3211, #3212 ) );
#2009 = AXIS2_PLACEMENT_3D( '', #3213, #3214, #3215 );
#2010 = SURFACE_SIDE_STYLE( '', ( #3216 ) );
#2011 = EDGE_LOOP( '', ( #3217, #3218, #3219, #3220 ) );
#2012 = AXIS2_PLACEMENT_3D( '', #3221, #3222, #3223 );
#2013 = DRAUGHTING_PRE_DEFINED_CURVE_FONT( 'continuous' );
#2014 = COLOUR_RGB( '', 0.749019622800000, 0.749019622800000, 0.749019622800000 );
#2015 = CARTESIAN_POINT( '', ( 0.00455000000000000, 0.00359903501118400, 0.0160256797397540 ) );
#2016 = CARTESIAN_POINT( '', ( 0.00455000000000000, 0.00374485662239600, 0.0158888000198390 ) );
#2017 = CARTESIAN_POINT( '', ( 0.00455000000001000, 0.00383879924523000, 0.0158006180295850 ) );
#2018 = VECTOR( '', #3224, 1.00000000000000 );
#2019 = DRAUGHTING_PRE_DEFINED_CURVE_FONT( 'continuous' );
#2020 = COLOUR_RGB( '', 0.749019622800000, 0.749019622800000, 0.749019622800000 );
#2021 = CARTESIAN_POINT( '', ( -0.00517500000000000, 0.00401001681446600, 0.000600000000030000 ) );
#2022 = CARTESIAN_POINT( '', ( -0.00517500000000000, 0.00110527930481000, 0.000599999999994000 ) );
#2023 = AXIS2_PLACEMENT_3D( '', #3225, #3226, #3227 );
#2024 = DRAUGHTING_PRE_DEFINED_CURVE_FONT( 'continuous' );
#2025 = COLOUR_RGB( '', 0.749019622800000, 0.749019622800000, 0.749019622800000 );
#2026 = CARTESIAN_POINT( '', ( 0.00455000000000000, -0.00352263501123300, 0.0160256797397560 ) );
#2027 = CARTESIAN_POINT( '', ( -0.00555000000000000, -0.00352263501123300, 0.0160256797397560 ) );
#2028 = CARTESIAN_POINT( '', ( 0.00000000000000, -0.00352263501124300, 0.0160256797397660 ) );
#2029 = VECTOR( '', #3228, 1.00000000000000 );
#2030 = DRAUGHTING_PRE_DEFINED_CURVE_FONT( 'continuous' );
#2031 = COLOUR_RGB( '', 0.749019622800000, 0.749019622800000, 0.749019622800000 );
#2032 = CARTESIAN_POINT( '', ( -0.00555000000000000, -0.00282551052746900, 0.00621257894506200 ) );
#2033 = CARTESIAN_POINT( '', ( 0.00455000000000000, -0.00282551052746900, 0.00621257894506200 ) );
#2034 = CARTESIAN_POINT( '', ( 0.00555000000001000, -0.00282551052747900, 0.00621257894507200 ) );
#2035 = VECTOR( '', #3229, 1.00000000000000 );
#2036 = DRAUGHTING_PRE_DEFINED_CURVE_FONT( 'continuous' );
#2037 = COLOUR_RGB( '', 0.749019622800000, 0.749019622800000, 0.749019622800000 );
#2038 = CARTESIAN_POINT( '', ( 0.00455000000000000, 0.00293993991787000, 0.0159079829150870 ) );
#2039 = CARTESIAN_POINT( '', ( 0.00455000000000000, 0.00358115122864300, 0.0165910824019150 ) );
#2040 = CARTESIAN_POINT( '', ( 0.00455000000001000, 0.00117639491900100, 0.0140292314590740 ) );
#2041 = VECTOR( '', #3230, 1.00000000000000 );
#2042 = DRAUGHTING_PRE_DEFINED_CURVE_FONT( 'continuous' );
#2043 = COLOUR_RGB( '', 0.749019622800000, 0.749019622800000, 0.749019622800000 );
#2044 = CARTESIAN_POINT( '', ( -0.00517500000000000, -0.00102887930495900, 0.00000000000000 ) );
#2045 = AXIS2_PLACEMENT_3D( '', #3231, #3232, #3233 );
#2046 = DRAUGHTING_PRE_DEFINED_CURVE_FONT( 'continuous' );
#2047 = COLOUR_RGB( '', 0.749019622800000, 0.749019622800000, 0.749019622800000 );
#2048 = CARTESIAN_POINT( '', ( 0.00555000000000000, 0.00222017080486500, 0.00757605839027000 ) );
#2049 = AXIS2_PLACEMENT_3D( '', #3234, #3235, #3236 );
#2050 = SURFACE_SIDE_STYLE( '', ( #3237 ) );
#2051 = EDGE_LOOP( '', ( #3238, #3239, #3240, #3241 ) );
#2052 = AXIS2_PLACEMENT_3D( '', #3242, #3243, #3244 );
#2053 = SURFACE_SIDE_STYLE( '', ( #3245 ) );
#2054 = EDGE_LOOP( '', ( #3246, #3247, #3248, #3249, #3250, #3251, #3252, #3253 ) );
#2055 = AXIS2_PLACEMENT_3D( '', #3254, #3255, #3256 );
#2056 = SURFACE_SIDE_STYLE( '', ( #3257 ) );
#2057 = EDGE_LOOP( '', ( #3258, #3259, #3260, #3261, #3262, #3263, #3264, #3265, #3266, #3267, #3268 ) );
#2058 = AXIS2_PLACEMENT_3D( '', #3269, #3270, #3271 );
#2059 = DRAUGHTING_PRE_DEFINED_CURVE_FONT( 'continuous' );
#2060 = COLOUR_RGB( '', 0.749019622800000, 0.749019622800000, 0.749019622800000 );
#2061 = CARTESIAN_POINT( '', ( 0.00525000000000000, -6.18000000744500E-05, -0.00450000000000000 ) );
#2062 = CARTESIAN_POINT( '', ( 0.00555000000000000, -6.18000000744500E-05, -0.00450000000000000 ) );
#2063 = CARTESIAN_POINT( '', ( 0.00547500000001000, -6.18000000844500E-05, -0.00450000000001000 ) );
#2064 = VECTOR( '', #3272, 1.00000000000000 );
#2065 = DRAUGHTING_PRE_DEFINED_CURVE_FONT( 'continuous' );
#2066 = COLOUR_RGB( '', 0.749019622800000, 0.749019622800000, 0.749019622800000 );
#2067 = CARTESIAN_POINT( '', ( 0.00455000000000000, 0.00290191052746900, 0.00621257894506200 ) );
#2068 = AXIS2_PLACEMENT_3D( '', #3273, #3274, #3275 );
#2069 = DRAUGHTING_PRE_DEFINED_CURVE_FONT( 'continuous' );
#2070 = COLOUR_RGB( '', 0.749019622800000, 0.749019622800000, 0.749019622800000 );
#2071 = CARTESIAN_POINT( '', ( -0.00555000000000000, -0.00407909578210500, 0.0163262648532980 ) );
#2072 = CARTESIAN_POINT( '', ( -0.00555000000000000, -0.00418314310398100, 0.0164371092364020 ) );
#2073 = CARTESIAN_POINT( '', ( -0.00555000000001000, -0.00407909578211500, 0.0163262648533080 ) );
#2074 = VECTOR( '', #3276, 1.00000000000000 );
#2075 = DRAUGHTING_PRE_DEFINED_CURVE_FONT( 'continuous' );
#2076 = COLOUR_RGB( '', 0.749019622800000, 0.749019622800000, 0.749019622800000 );
#2077 = CARTESIAN_POINT( '', ( 0.00553907000031100, -0.00431376601123300, 0.000600000000020000 ) );
#2078 = CARTESIAN_POINT( '', ( -0.00553907000031100, -0.00431376601123300, 0.000600000000020000 ) );
#2079 = CARTESIAN_POINT( '', ( 0.00555000000001000, -0.00431376601124300, 0.000600000000030000 ) );
#2080 = VECTOR( '', #3277, 1.00000000000000 );
#2081 = DRAUGHTING_PRE_DEFINED_CURVE_FONT( 'continuous' );
#2082 = COLOUR_RGB( '', 0.749019622800000, 0.749019622800000, 0.749019622800000 );
#2083 = CARTESIAN_POINT( '', ( 0.00555000000000000, -0.00528458640450000, 0.00000000000000 ) );
#2084 = CARTESIAN_POINT( '', ( 0.00555000000001000, -0.00528458640451000, 0.00000000000000 ) );
#2085 = VECTOR( '', #3278, 1.00000000000000 );
#2086 = DRAUGHTING_PRE_DEFINED_CURVE_FONT( 'continuous' );
#2087 = COLOUR_RGB( '', 0.749019622800000, 0.749019622800000, 0.749019622800000 );
#2088 = CARTESIAN_POINT( '', ( 0.00525000000000000, 0.000638199999926000, -0.00400000000000000 ) );
#2089 = CARTESIAN_POINT( '', ( 0.00554970943081200, 0.000638199999926000, -0.00400000000000000 ) );
#2090 = CARTESIAN_POINT( '', ( 0.00532500000001000, 0.000638199999936000, -0.00400000000001000 ) );
#2091 = VECTOR( '', #3279, 1.00000000000000 );
#2092 = DRAUGHTING_PRE_DEFINED_CURVE_FONT( 'continuous' );
#2093 = COLOUR_RGB( '', 0.749019622800000, 0.749019622800000, 0.749019622800000 );
#2094 = CARTESIAN_POINT( '', ( 0.00517500000000000, 0.00110527930481000, 0.000599999999994000 ) );
#2095 = CARTESIAN_POINT( '', ( 0.00555000000000000, 0.000621156386535000, 0.000600000000080000 ) );
#2096 = AXIS2_PLACEMENT_3D( '', #3280, #3281, #3282 );
#2097 = SURFACE_SIDE_STYLE( '', ( #3283 ) );
#2098 = EDGE_LOOP( '', ( #3284, #3285, #3286, #3287, #3288, #3289, #3290, #3291, #3292, #3293, #3294, #3295, #3296, #3297, #3298, #3299 ) );
#2099 = EDGE_LOOP( '', ( #3300 ) );
#2100 = AXIS2_PLACEMENT_3D( '', #3301, #3302, #3303 );
#2101 = DRAUGHTING_PRE_DEFINED_CURVE_FONT( 'continuous' );
#2102 = COLOUR_RGB( '', 0.749019622800000, 0.749019622800000, 0.749019622800000 );
#2103 = CARTESIAN_POINT( '', ( 0.00555000000000000, 0.00474793688748100, 0.00117888543832200 ) );
#2104 = CARTESIAN_POINT( '', ( 0.00555000000001000, 0.00503737960657600, 0.000600000000144000 ) );
#2105 = VECTOR( '', #3304, 1.00000000000000 );
#2106 = DRAUGHTING_PRE_DEFINED_CURVE_FONT( 'continuous' );
#2107 = COLOUR_RGB( '', 0.749019622800000, 0.749019622800000, 0.749019622800000 );
#2108 = CARTESIAN_POINT( '', ( 0.00455000000001000, -0.00166366949196500, 0.00853626101609900 ) );
#2109 = VECTOR( '', #3305, 1.00000000000000 );
#2110 = DRAUGHTING_PRE_DEFINED_CURVE_FONT( 'continuous' );
#2111 = COLOUR_RGB( '', 0.749019622800000, 0.749019622800000, 0.749019622800000 );
#2112 = CARTESIAN_POINT( '', ( 0.00555000000001000, 0.00305883880457200, 0.00673738670158100 ) );
#2113 = VECTOR( '', #3306, 1.00000000000000 );
#2114 = DRAUGHTING_PRE_DEFINED_CURVE_FONT( 'continuous' );
#2115 = COLOUR_RGB( '', 0.749019622800000, 0.749019622800000, 0.749019622800000 );
#2116 = CARTESIAN_POINT( '', ( -0.00553907000031100, 0.00439016601108400, 0.000600000000126000 ) );
#2117 = CARTESIAN_POINT( '', ( -0.00555000000000000, 0.00449413973274200, 0.000613749478827000 ) );
#2118 = CARTESIAN_POINT( '', ( -0.00553907000031384, 0.00439016601109552, 0.000600000000136000 ) );
#2119 = CARTESIAN_POINT( '', ( -0.00554228776535214, 0.00440764169127518, 0.000600564567272105 ) );
#2120 = CARTESIAN_POINT( '', ( -0.00554870011846603, 0.00444246717756258, 0.000601689635072306 ) );
#2121 = CARTESIAN_POINT( '', ( -0.00554956775148653, 0.00447695710142454, 0.000609739229130635 ) );
#2122 = CARTESIAN_POINT( '', ( -0.00555000000000000, 0.00449413973275200, 0.000613749478837000 ) );
#2123 = DRAUGHTING_PRE_DEFINED_CURVE_FONT( 'continuous' );
#2124 = COLOUR_RGB( '', 0.749019622800000, 0.749019622800000, 0.749019622800000 );
#2125 = AXIS2_PLACEMENT_3D( '', #3307, #3308, #3309 );
#2126 = DRAUGHTING_PRE_DEFINED_CURVE_FONT( 'continuous' );
#2127 = COLOUR_RGB( '', 0.749019622800000, 0.749019622800000, 0.749019622800000 );
#2128 = CARTESIAN_POINT( '', ( -0.00555000000000000, -0.000544756386683000, 0.000600000000066000 ) );
#2129 = CARTESIAN_POINT( '', ( -0.00555000000000000, -0.000544756386683000, -0.00412943387745700 ) );
#2130 = CARTESIAN_POINT( '', ( -0.00555000000001000, -0.000544756386693000, 0.00000000000000 ) );
#2131 = VECTOR( '', #3310, 1.00000000000000 );
#2132 = DRAUGHTING_PRE_DEFINED_CURVE_FONT( 'continuous' );
#2133 = COLOUR_RGB( '', 0.749019622800000, 0.749019622800000, 0.749019622800000 );
#2134 = CARTESIAN_POINT( '', ( 0.00554970943081200, -0.000561800000074000, -0.00400000000000000 ) );
#2135 = CARTESIAN_POINT( '', ( 0.00554970943082200, -0.000561800000084000, 0.00000000000000 ) );
#2136 = VECTOR( '', #3311, 1.00000000000000 );
#2137 = DRAUGHTING_PRE_DEFINED_CURVE_FONT( 'continuous' );
#2138 = COLOUR_RGB( '', 0.749019622800000, 0.749019622800000, 0.749019622800000 );
#2139 = CARTESIAN_POINT( '', ( 0.00555000000000000, 0.00293993991787000, 0.0159079829150870 ) );
#2140 = CARTESIAN_POINT( '', ( 0.00555000000001000, 0.00293993991788000, 0.0159079829150970 ) );
#2141 = VECTOR( '', #3312, 1.00000000000000 );
#2142 = DRAUGHTING_PRE_DEFINED_CURVE_FONT( 'continuous' );
#2143 = COLOUR_RGB( '', 0.749019622800000, 0.749019622800000, 0.749019622800000 );
#2144 = CARTESIAN_POINT( '', ( 0.00555000000000000, 0.00536098640450000, 0.00000000000000 ) );
#2145 = AXIS2_PLACEMENT_3D( '', #3313, #3314, #3315 );
#2146 = SURFACE_SIDE_STYLE( '', ( #3316 ) );
#2147 = EDGE_LOOP( '', ( #3317, #3318, #3319, #3320, #3321 ) );
#2148 = AXIS2_PLACEMENT_3D( '', #3322, #3323, #3324 );
#2149 = DRAUGHTING_PRE_DEFINED_CURVE_FONT( 'continuous' );
#2150 = COLOUR_RGB( '', 0.749019622800000, 0.749019622800000, 0.749019622800000 );
#2151 = CARTESIAN_POINT( '', ( 0.00525000000001000, 0.000638199999936000, 0.00000000000000 ) );
#2152 = VECTOR( '', #3325, 1.00000000000000 );
#2153 = DRAUGHTING_PRE_DEFINED_CURVE_FONT( 'continuous' );
#2154 = COLOUR_RGB( '', 0.749019622800000, 0.749019622800000, 0.749019622800000 );
#2155 = CARTESIAN_POINT( '', ( 0.00455000000000000, -0.00286353991801600, 0.0159079829150870 ) );
#2156 = CARTESIAN_POINT( '', ( 0.00455000000001000, -0.00194105954158700, 0.0149252400015380 ) );
#2157 = VECTOR( '', #3326, 1.00000000000000 );
#2158 = DRAUGHTING_PRE_DEFINED_CURVE_FONT( 'continuous' );
#2159 = COLOUR_RGB( '', 0.749019622800000, 0.749019622800000, 0.749019622800000 );
#2160 = CARTESIAN_POINT( '', ( -0.00555000000000000, 0.00374485662239600, 0.0158888000198390 ) );
#2161 = CARTESIAN_POINT( '', ( 0.00555000000001000, 0.00374485662240600, 0.0158888000198490 ) );
#2162 = VECTOR( '', #3327, 1.00000000000000 );
#2163 = DRAUGHTING_PRE_DEFINED_CURVE_FONT( 'continuous' );
#2164 = COLOUR_RGB( '', 0.749019622800000, 0.749019622800000, 0.749019622800000 );
#2165 = CARTESIAN_POINT( '', ( -0.00555000000000000, 0.00358115122864300, 0.0165910824019150 ) );
#2166 = CARTESIAN_POINT( '', ( -0.00555000000001000, 0.00293993991788000, 0.0159079829150970 ) );
#2167 = VECTOR( '', #3328, 1.00000000000000 );
#2168 = DRAUGHTING_PRE_DEFINED_CURVE_FONT( 'continuous' );
#2169 = COLOUR_RGB( '', 0.749019622800000, 0.749019622800000, 0.749019622800000 );
#2170 = CARTESIAN_POINT( '', ( -0.00555000000001000, 0.00272860680644700, 0.00655918638713600 ) );
#2171 = VECTOR( '', #3329, 1.00000000000000 );
#2172 = DRAUGHTING_PRE_DEFINED_CURVE_FONT( 'continuous' );
#2173 = COLOUR_RGB( '', 0.749019622800000, 0.749019622800000, 0.749019622800000 );
#2174 = CARTESIAN_POINT( '', ( 0.00555000000001000, 0.00293993991788000, 0.0159079829150970 ) );
#2175 = VECTOR( '', #3330, 1.00000000000000 );
#2176 = DRAUGHTING_PRE_DEFINED_CURVE_FONT( 'continuous' );
#2177 = COLOUR_RGB( '', 0.749019622800000, 0.749019622800000, 0.749019622800000 );
#2178 = CARTESIAN_POINT( '', ( 0.00555000000000000, -0.00467153688763700, 0.00117888543822000 ) );
#2179 = CARTESIAN_POINT( '', ( 0.00555000000000000, -0.00441773973289100, 0.000613749478718000 ) );
#2180 = AXIS2_PLACEMENT_3D( '', #3331, #3332, #3333 );
#2181 = DRAUGHTING_PRE_DEFINED_CURVE_FONT( 'continuous' );
#2182 = COLOUR_RGB( '', 0.749019622800000, 0.749019622800000, 0.749019622800000 );
#2183 = CARTESIAN_POINT( '', ( 0.00455000000000000, -0.00160711449008800, 0.00730773023329700 ) );
#2184 = AXIS2_PLACEMENT_3D( '', #3334, #3335, #3336 );
#2185 = DRAUGHTING_PRE_DEFINED_CURVE_FONT( 'continuous' );
#2186 = COLOUR_RGB( '', 0.749019622800000, 0.749019622800000, 0.749019622800000 );
#2187 = CARTESIAN_POINT( '', ( -0.00555000000000000, 0.00423825567698500, 0.0164144311734710 ) );
#2188 = CARTESIAN_POINT( '', ( -0.00555000000000000, 0.00415549578210500, 0.0163262648532980 ) );
#2189 = CARTESIAN_POINT( '', ( -0.00555000000001000, 0.00600820000001000, 0.0183000000000100 ) );
#2190 = VECTOR( '', #3337, 1.00000000000000 );
#2191 = DRAUGHTING_PRE_DEFINED_CURVE_FONT( 'continuous' );
#2192 = COLOUR_RGB( '', 0.749019622800000, 0.749019622800000, 0.749019622800000 );
#2193 = CARTESIAN_POINT( '', ( -0.00555000000000000, 0.00600820000000000, 0.0126819864692970 ) );
#2194 = CARTESIAN_POINT( '', ( -0.00555000000001000, 0.00600820000001000, 0.0126819864693070 ) );
#2195 = VECTOR( '', #3338, 1.00000000000000 );
#2196 = DRAUGHTING_PRE_DEFINED_CURVE_FONT( 'continuous' );
#2197 = COLOUR_RGB( '', 0.749019622800000, 0.749019622800000, 0.749019622800000 );
#2198 = CARTESIAN_POINT( '', ( 0.00555000000000000, -0.00214377080486500, 0.00757605839027000 ) );
#2199 = CARTESIAN_POINT( '', ( 0.00455000000000000, -0.00214377080486500, 0.00757605839027000 ) );
#2200 = CARTESIAN_POINT( '', ( 0.00555000000001000, -0.00214377080487500, 0.00757605839028000 ) );
#2201 = VECTOR( '', #3339, 1.00000000000000 );
#2202 = DRAUGHTING_PRE_DEFINED_CURVE_FONT( 'continuous' );
#2203 = COLOUR_RGB( '', 0.749019622800000, 0.749019622800000, 0.749019622800000 );
#2204 = CARTESIAN_POINT( '', ( 0.00455000000000000, 0.00415549578210500, 0.0163262648532980 ) );
#2205 = CARTESIAN_POINT( '', ( 0.00455000000001000, 0.00374485662240600, 0.0158888000198490 ) );
#2206 = VECTOR( '', #3340, 1.00000000000000 );
#2207 = DRAUGHTING_PRE_DEFINED_CURVE_FONT( 'continuous' );
#2208 = COLOUR_RGB( '', 0.749019622800000, 0.749019622800000, 0.749019622800000 );
#2209 = CARTESIAN_POINT( '', ( -0.00264171502012400, -0.00617656065421800, 0.0185607500436880 ) );
#2210 = VECTOR( '', #3341, 1.00000000000000 );
#2211 = DRAUGHTING_PRE_DEFINED_CURVE_FONT( 'continuous' );
#2212 = COLOUR_RGB( '', 0.749019622800000, 0.749019622800000, 0.749019622800000 );
#2213 = AXIS2_PLACEMENT_3D( '', #3342, #3343, #3344 );
#2214 = DRAUGHTING_PRE_DEFINED_CURVE_FONT( 'continuous' );
#2215 = COLOUR_RGB( '', 0.749019622800000, 0.749019622800000, 0.749019622800000 );
#2216 = CARTESIAN_POINT( '', ( 0.00455000000001000, 0.00199428749275100, 0.00802782501452700 ) );
#2217 = VECTOR( '', #3345, 1.00000000000000 );
#2218 = DRAUGHTING_PRE_DEFINED_CURVE_FONT( 'continuous' );
#2219 = COLOUR_RGB( '', 0.749019622800000, 0.749019622800000, 0.749019622800000 );
#2220 = CARTESIAN_POINT( '', ( 0.00517500000000000, 0.00401001681446600, 0.000600000000030000 ) );
#2221 = CARTESIAN_POINT( '', ( 0.00517500000000000, 0.00401001681446600, 0.00000000000000 ) );
#2222 = CARTESIAN_POINT( '', ( 0.00517500000001000, 0.00401001681447600, 0.00000000000000 ) );
#2223 = VECTOR( '', #3346, 1.00000000000000 );
#2224 = DRAUGHTING_PRE_DEFINED_CURVE_FONT( 'continuous' );
#2225 = COLOUR_RGB( '', 0.749019622800000, 0.749019622800000, 0.749019622800000 );
#2226 = CARTESIAN_POINT( '', ( -0.00517500000000000, 0.00401001681446600, 0.00000000000000 ) );
#2227 = CARTESIAN_POINT( '', ( -0.00517500000001000, 0.00401001681447600, 0.00000000000000 ) );
#2228 = VECTOR( '', #3347, 1.00000000000000 );
#2229 = DRAUGHTING_PRE_DEFINED_CURVE_FONT( 'continuous' );
#2230 = COLOUR_RGB( '', 0.749019622800000, 0.749019622800000, 0.749019622800000 );
#2231 = CARTESIAN_POINT( '', ( 0.00455000000001000, -0.00354366682884500, 0.0160059376090920 ) );
#2232 = VECTOR( '', #3348, 1.00000000000000 );
#2233 = DRAUGHTING_PRE_DEFINED_CURVE_FONT( 'continuous' );
#2234 = COLOUR_RGB( '', 0.749019622800000, 0.749019622800000, 0.749019622800000 );
#2235 = CARTESIAN_POINT( '', ( 0.00455000000000000, -0.00202610777272800, 0.00646974366802000 ) );
#2236 = CARTESIAN_POINT( '', ( 0.00455000000001000, -0.000591433715347000, 0.00933909178280100 ) );
#2237 = VECTOR( '', #3349, 1.00000000000000 );
#2238 = DRAUGHTING_PRE_DEFINED_CURVE_FONT( 'continuous' );
#2239 = COLOUR_RGB( '', 0.749019622800000, 0.749019622800000, 0.749019622800000 );
#2240 = CARTESIAN_POINT( '', ( -0.00555000000000000, -0.00298243880456200, 0.00673738670157100 ) );
#2241 = AXIS2_PLACEMENT_3D( '', #3350, #3351, #3352 );
#2242 = SURFACE_SIDE_STYLE( '', ( #3353 ) );
#2243 = EDGE_LOOP( '', ( #3354, #3355, #3356, #3357 ) );
#2244 = AXIS2_PLACEMENT_3D( '', #3358, #3359, #3360 );
#2245 = DRAUGHTING_PRE_DEFINED_CURVE_FONT( 'continuous' );
#2246 = COLOUR_RGB( '', 0.749019622800000, 0.749019622800000, 0.749019622800000 );
#2247 = CARTESIAN_POINT( '', ( -0.00555000000000000, -0.00238387864913700, 0.00709584270172500 ) );
#2248 = CARTESIAN_POINT( '', ( -0.00555000000000000, -0.00220499321092700, 0.00700639998262000 ) );
#2249 = CARTESIAN_POINT( '', ( -0.00555000000001000, -0.00146135861617800, 0.00663458268524900 ) );
#2250 = VECTOR( '', #3361, 1.00000000000000 );
#2251 = SURFACE_SIDE_STYLE( '', ( #3362 ) );
#2252 = EDGE_LOOP( '', ( #3363, #3364, #3365, #3366, #3367, #3368 ) );
#2253 = AXIS2_PLACEMENT_3D( '', #3369, #3370, #3371 );
#2254 = DRAUGHTING_PRE_DEFINED_CURVE_FONT( 'continuous' );
#2255 = COLOUR_RGB( '', 0.749019622800000, 0.749019622800000, 0.749019622800000 );
#2256 = CARTESIAN_POINT( '', ( 0.00525000000000000, 0.000138199999926000, -0.00450000000000000 ) );
#2257 = CARTESIAN_POINT( '', ( 0.00525000000001000, -0.000561800000084000, -0.00450000000001000 ) );
#2258 = VECTOR( '', #3372, 1.00000000000000 );
#2259 = DRAUGHTING_PRE_DEFINED_CURVE_FONT( 'continuous' );
#2260 = COLOUR_RGB( '', 0.749019622800000, 0.749019622800000, 0.749019622800000 );
#2261 = CARTESIAN_POINT( '', ( -0.00555000000000000, -0.00372315655609500, 0.0168237554139130 ) );
#2262 = CARTESIAN_POINT( '', ( -0.00555000000001000, -0.00563182326742000, 0.0152194070009860 ) );
#2263 = VECTOR( '', #3373, 1.00000000000000 );
#2264 = DRAUGHTING_PRE_DEFINED_CURVE_FONT( 'continuous' );
#2265 = COLOUR_RGB( '', 0.749019622800000, 0.749019622800000, 0.749019622800000 );
#2266 = AXIS2_PLACEMENT_3D( '', #3374, #3375, #3376 );
#2267 = DRAUGHTING_PRE_DEFINED_CURVE_FONT( 'continuous' );
#2268 = COLOUR_RGB( '', 0.749019622800000, 0.749019622800000, 0.749019622800000 );
#2269 = CARTESIAN_POINT( '', ( -0.00555000000000000, -0.00366845662239600, 0.0158888000198390 ) );
#2270 = CARTESIAN_POINT( '', ( -0.00555000000001000, -0.00460056917441300, 0.0150138453129820 ) );
#2271 = VECTOR( '', #3377, 1.00000000000000 );
#2272 = SURFACE_SIDE_STYLE( '', ( #3378 ) );
#2273 = EDGE_LOOP( '', ( #3379, #3380, #3381, #3382 ) );
#2274 = AXIS2_PLACEMENT_3D( '', #3383, #3384, #3385 );
#2275 = DRAUGHTING_PRE_DEFINED_CURVE_FONT( 'continuous' );
#2276 = COLOUR_RGB( '', 0.749019622800000, 0.749019622800000, 0.749019622800000 );
#2277 = CARTESIAN_POINT( '', ( -0.00555000000000000, 0.00228139321091600, 0.00700639998261500 ) );
#2278 = AXIS2_PLACEMENT_3D( '', #3386, #3387, #3388 );
#2279 = DRAUGHTING_PRE_DEFINED_CURVE_FONT( 'continuous' );
#2280 = COLOUR_RGB( '', 0.749019622800000, 0.749019622800000, 0.749019622800000 );
#2281 = CARTESIAN_POINT( '', ( 0.00517500000000000, 0.00110527930481000, 0.00000000000000 ) );
#2282 = AXIS2_PLACEMENT_3D( '', #3389, #3390, #3391 );
#2283 = SURFACE_SIDE_STYLE( '', ( #3392 ) );
#2284 = EDGE_LOOP( '', ( #3393, #3394, #3395, #3396 ) );
#2285 = AXIS2_PLACEMENT_3D( '', #3397, #3398, #3399 );
#2286 = DRAUGHTING_PRE_DEFINED_CURVE_FONT( 'continuous' );
#2287 = COLOUR_RGB( '', 0.749019622800000, 0.749019622800000, 0.749019622800000 );
#2288 = CARTESIAN_POINT( '', ( -0.00214503104437700, -0.00605701479943700, 0.0193100767584930 ) );
#2289 = VECTOR( '', #3400, 1.00000000000000 );
#2290 = DRAUGHTING_PRE_DEFINED_CURVE_FONT( 'continuous' );
#2291 = COLOUR_RGB( '', 0.749019622800000, 0.749019622800000, 0.749019622800000 );
#2292 = CARTESIAN_POINT( '', ( -0.00555000000000000, -0.00202610777272800, 0.00646974366802000 ) );
#2293 = CARTESIAN_POINT( '', ( 0.00000000000000, -0.00202610777273800, 0.00646974366803000 ) );
#2294 = VECTOR( '', #3401, 1.00000000000000 );
#2295 = DRAUGHTING_PRE_DEFINED_CURVE_FONT( 'continuous' );
#2296 = COLOUR_RGB( '', 0.749019622800000, 0.749019622800000, 0.749019622800000 );
#2297 = CARTESIAN_POINT( '', ( -0.00555000000000000, 0.00359903501118400, 0.0160256797397540 ) );
#2298 = CARTESIAN_POINT( '', ( 0.00000000000000, 0.00359903501119400, 0.0160256797397640 ) );
#2299 = VECTOR( '', #3402, 1.00000000000000 );
#2300 = DRAUGHTING_PRE_DEFINED_CURVE_FONT( 'continuous' );
#2301 = COLOUR_RGB( '', 0.749019622800000, 0.749019622800000, 0.749019622800000 );
#2302 = CARTESIAN_POINT( '', ( 0.00555000000000000, 0.00423825567698500, 0.0164144311734710 ) );
#2303 = CARTESIAN_POINT( '', ( 0.00555000000001000, 0.00600820000001000, 0.0183000000000100 ) );
#2304 = VECTOR( '', #3403, 1.00000000000000 );
#2305 = DRAUGHTING_PRE_DEFINED_CURVE_FONT( 'continuous' );
#2306 = COLOUR_RGB( '', 0.749019622800000, 0.749019622800000, 0.749019622800000 );
#2307 = AXIS2_PLACEMENT_3D( '', #3404, #3405, #3406 );
#2308 = DRAUGHTING_PRE_DEFINED_CURVE_FONT( 'continuous' );
#2309 = COLOUR_RGB( '', 0.749019622800000, 0.749019622800000, 0.749019622800000 );
#2310 = CARTESIAN_POINT( '', ( 0.00455000000001000, 0.00211664586423700, 0.00692402630928000 ) );
#2311 = VECTOR( '', #3407, 1.00000000000000 );
#2312 = DRAUGHTING_PRE_DEFINED_CURVE_FONT( 'continuous' );
#2313 = COLOUR_RGB( '', 0.749019622800000, 0.749019622800000, 0.749019622800000 );
#2314 = CARTESIAN_POINT( '', ( 0.00555000000000000, -0.00160711449008800, 0.00730773023329700 ) );
#2315 = CARTESIAN_POINT( '', ( 0.00555000000001000, -0.00160711449009800, 0.00730773023330700 ) );
#2316 = VECTOR( '', #3408, 1.00000000000000 );
#2317 = DRAUGHTING_PRE_DEFINED_CURVE_FONT( 'continuous' );
#2318 = COLOUR_RGB( '', 0.749019622800000, 0.749019622800000, 0.749019622800000 );
#2319 = CARTESIAN_POINT( '', ( -0.00555000000000000, -0.00593180000000000, 0.0126819864692970 ) );
#2320 = CARTESIAN_POINT( '', ( 0.00555000000001000, -0.00593180000001000, 0.0126819864693070 ) );
#2321 = VECTOR( '', #3409, 1.00000000000000 );
#2322 = SURFACE_SIDE_STYLE( '', ( #3410 ) );
#2323 = EDGE_LOOP( '', ( #3411, #3412, #3413, #3414, #3415, #3416, #3417 ) );
#2324 = AXIS2_PLACEMENT_3D( '', #3418, #3419, #3420 );
#2325 = DRAUGHTING_PRE_DEFINED_CURVE_FONT( 'continuous' );
#2326 = COLOUR_RGB( '', 0.749019622800000, 0.749019622800000, 0.749019622800000 );
#2327 = CARTESIAN_POINT( '', ( 0.00455000000000000, -0.00298243880456200, 0.00673738670157100 ) );
#2328 = AXIS2_PLACEMENT_3D( '', #3421, #3422, #3423 );
#2329 = SURFACE_SIDE_STYLE( '', ( #3424 ) );
#2330 = EDGE_LOOP( '', ( #3425, #3426, #3427, #3428 ) );
#2331 = AXIS2_PLACEMENT_3D( '', #3429, #3430, #3431 );
#2332 = DRAUGHTING_PRE_DEFINED_CURVE_FONT( 'continuous' );
#2333 = COLOUR_RGB( '', 0.749019622800000, 0.749019622800000, 0.749019622800000 );
#2334 = CARTESIAN_POINT( '', ( -0.00555000000001000, 0.00517036822896400, 0.0155394764666480 ) );
#2335 = VECTOR( '', #3432, 1.00000000000000 );
#2336 = DRAUGHTING_PRE_DEFINED_CURVE_FONT( 'continuous' );
#2337 = COLOUR_RGB( '', 0.749019622800000, 0.749019622800000, 0.749019622800000 );
#2338 = CARTESIAN_POINT( '', ( -0.00555000000000000, -6.18000000744500E-05, -0.00450000000000000 ) );
#2339 = AXIS2_PLACEMENT_3D( '', #3433, #3434, #3435 );
#2340 = DRAUGHTING_PRE_DEFINED_CURVE_FONT( 'continuous' );
#2341 = COLOUR_RGB( '', 0.749019622800000, 0.749019622800000, 0.749019622800000 );
#2342 = CARTESIAN_POINT( '', ( -0.00555000000001000, -0.00593180000001000, 0.00000000000000 ) );
#2343 = VECTOR( '', #3436, 1.00000000000000 );
#2344 = DRAUGHTING_PRE_DEFINED_CURVE_FONT( 'continuous' );
#2345 = COLOUR_RGB( '', 0.749019622800000, 0.749019622800000, 0.749019622800000 );
#2346 = CARTESIAN_POINT( '', ( 0.00517500000000000, -0.00393361681461500, 0.00000000000000 ) );
#2347 = CARTESIAN_POINT( '', ( 0.00517500000000000, -0.00393361681461500, 0.000599999999994000 ) );
#2348 = CARTESIAN_POINT( '', ( 0.00517500000001000, -0.00393361681462500, 0.00000000000000 ) );
#2349 = VECTOR( '', #3437, 1.00000000000000 );
#2350 = DRAUGHTING_PRE_DEFINED_CURVE_FONT( 'continuous' );
#2351 = COLOUR_RGB( '', 0.749019622800000, 0.749019622800000, 0.749019622800000 );
#2352 = CARTESIAN_POINT( '', ( 0.00555000000000000, -0.00330100475150900, 0.0154973437553770 ) );
#2353 = AXIS2_PLACEMENT_3D( '', #3438, #3439, #3440 );
#2354 = DRAUGHTING_PRE_DEFINED_CURVE_FONT( 'continuous' );
#2355 = COLOUR_RGB( '', 0.749019622800000, 0.749019622800000, 0.749019622800000 );
#2356 = CARTESIAN_POINT( '', ( -0.00555000000000000, 0.000621156386535000, -0.00412943387745700 ) );
#2357 = CARTESIAN_POINT( '', ( -0.00554970943081200, 0.000638199999926000, -0.00400000000000000 ) );
#2358 = CARTESIAN_POINT( '', ( -0.00555000000001000, 0.000621156386533194, -0.00412943387746384 ) );
#2359 = CARTESIAN_POINT( '', ( -0.00554990314361400, 0.000632453798876308, -0.00408727986376857 ) );
#2360 = CARTESIAN_POINT( '', ( -0.00554980628721800, 0.000638199999925128, -0.00404364163605027 ) );
#2361 = CARTESIAN_POINT( '', ( -0.00554970943082200, 0.000638199999926000, -0.00400000000001000 ) );
#2362 = DRAUGHTING_PRE_DEFINED_CURVE_FONT( 'continuous' );
#2363 = COLOUR_RGB( '', 0.749019622800000, 0.749019622800000, 0.749019622800000 );
#2364 = AXIS2_PLACEMENT_3D( '', #3441, #3442, #3443 );
#2365 = DRAUGHTING_PRE_DEFINED_CURVE_FONT( 'continuous' );
#2366 = COLOUR_RGB( '', 0.749019622800000, 0.749019622800000, 0.749019622800000 );
#2367 = CARTESIAN_POINT( '', ( -0.00555000000000000, -0.00441773973289100, 0.00000000000000 ) );
#2368 = CARTESIAN_POINT( '', ( -0.00555000000000000, -0.00441773973289100, 0.000613749478718000 ) );
#2369 = CARTESIAN_POINT( '', ( -0.00555000000001000, -0.00441773973290100, 0.00000000000000 ) );
#2370 = VECTOR( '', #3444, 1.00000000000000 );
#2371 = SURFACE_SIDE_STYLE( '', ( #3445 ) );
#2372 = EDGE_LOOP( '', ( #3446, #3447, #3448, #3449, #3450, #3451 ) );
#2373 = AXIS2_PLACEMENT_3D( '', #3452, #3453, #3454 );
#2374 = DRAUGHTING_PRE_DEFINED_CURVE_FONT( 'continuous' );
#2375 = COLOUR_RGB( '', 0.749019622800000, 0.749019622800000, 0.749019622800000 );
#2376 = AXIS2_PLACEMENT_3D( '', #3455, #3456, #3457 );
#2377 = DRAUGHTING_PRE_DEFINED_CURVE_FONT( 'continuous' );
#2378 = COLOUR_RGB( '', 0.749019622800000, 0.749019622800000, 0.749019622800000 );
#2379 = AXIS2_PLACEMENT_3D( '', #3458, #3459, #3460 );
#2380 = DRAUGHTING_PRE_DEFINED_CURVE_FONT( 'continuous' );
#2381 = COLOUR_RGB( '', 0.749019622800000, 0.749019622800000, 0.749019622800000 );
#2382 = AXIS2_PLACEMENT_3D( '', #3461, #3462, #3463 );
#2383 = DRAUGHTING_PRE_DEFINED_CURVE_FONT( 'continuous' );
#2384 = COLOUR_RGB( '', 0.749019622800000, 0.749019622800000, 0.749019622800000 );
#2385 = CARTESIAN_POINT( '', ( 0.00555000000001000, -0.00286353991802600, 0.0159079829150970 ) );
#2386 = VECTOR( '', #3464, 1.00000000000000 );
#2387 = DRAUGHTING_PRE_DEFINED_CURVE_FONT( 'continuous' );
#2388 = COLOUR_RGB( '', 0.749019622800000, 0.749019622800000, 0.749019622800000 );
#2389 = CARTESIAN_POINT( '', ( 0.00555000000000000, 0.000621156386535000, -0.00412943387745700 ) );
#2390 = CARTESIAN_POINT( '', ( 0.00555000000001000, 0.000621156386545000, 0.00000000000000 ) );
#2391 = VECTOR( '', #3465, 1.00000000000000 );
#2392 = DRAUGHTING_PRE_DEFINED_CURVE_FONT( 'continuous' );
#2393 = COLOUR_RGB( '', 0.749019622800000, 0.749019622800000, 0.749019622800000 );
#2394 = CARTESIAN_POINT( '', ( 0.00000000000000, 0.00210250777272400, 0.00646974366802900 ) );
#2395 = VECTOR( '', #3466, 1.00000000000000 );
#2396 = SURFACE_SIDE_STYLE( '', ( #3467 ) );
#2397 = EDGE_LOOP( '', ( #3468, #3469, #3470, #3471, #3472 ) );
#2398 = AXIS2_PLACEMENT_3D( '', #3473, #3474, #3475 );
#2399 = SURFACE_SIDE_STYLE( '', ( #3476 ) );
#2400 = EDGE_LOOP( '', ( #3477, #3478, #3479, #3480 ) );
#2401 = AXIS2_PLACEMENT_3D( '', #3481, #3482, #3483 );
#2402 = DRAUGHTING_PRE_DEFINED_CURVE_FONT( 'continuous' );
#2403 = COLOUR_RGB( '', 0.749019622800000, 0.749019622800000, 0.749019622800000 );
#2404 = CARTESIAN_POINT( '', ( -0.00555000000000000, -0.00467153688763700, 0.00117888543822000 ) );
#2405 = CARTESIAN_POINT( '', ( 0.00555000000001000, -0.00467153688764700, 0.00117888543823000 ) );
#2406 = VECTOR( '', #3484, 1.00000000000000 );
#2407 = DRAUGHTING_PRE_DEFINED_CURVE_FONT( 'continuous' );
#2408 = COLOUR_RGB( '', 0.749019622800000, 0.749019622800000, 0.749019622800000 );
#2409 = CARTESIAN_POINT( '', ( 0.00555000000001000, -0.00330100475151900, 0.0154973437553870 ) );
#2410 = VECTOR( '', #3485, 1.00000000000000 );
#2411 = SURFACE_SIDE_STYLE( '', ( #3486 ) );
#2412 = EDGE_LOOP( '', ( #3487, #3488, #3489, #3490 ) );
#2413 = AXIS2_PLACEMENT_3D( '', #3491, #3492, #3493 );
#2414 = DRAUGHTING_PRE_DEFINED_CURVE_FONT( 'continuous' );
#2415 = COLOUR_RGB( '', 0.749019622800000, 0.749019622800000, 0.749019622800000 );
#2416 = CARTESIAN_POINT( '', ( 0.00554970943082200, 0.000638199999926000, -0.00400000000001000 ) );
#2417 = CARTESIAN_POINT( '', ( 0.00554980628721800, 0.000638199999925128, -0.00404364163605027 ) );
#2418 = CARTESIAN_POINT( '', ( 0.00554990314361400, 0.000632453798876308, -0.00408727986376857 ) );
#2419 = CARTESIAN_POINT( '', ( 0.00555000000001000, 0.000621156386533194, -0.00412943387746384 ) );
#2420 = DRAUGHTING_PRE_DEFINED_CURVE_FONT( 'continuous' );
#2421 = COLOUR_RGB( '', 0.749019622800000, 0.749019622800000, 0.749019622800000 );
#2422 = CARTESIAN_POINT( '', ( 0.00455000000001000, 0.00292925737687300, 0.0150199204215920 ) );
#2423 = VECTOR( '', #3494, 1.00000000000000 );
#2424 = DRAUGHTING_PRE_DEFINED_CURVE_FONT( 'continuous' );
#2425 = COLOUR_RGB( '', 0.749019622800000, 0.749019622800000, 0.749019622800000 );
#2426 = CARTESIAN_POINT( '', ( -0.00555000000000000, 0.000138199999926000, -0.00450000000000000 ) );
#2427 = CARTESIAN_POINT( '', ( -0.00547500000001000, 0.000138199999936000, -0.00450000000001000 ) );
#2428 = VECTOR( '', #3495, 1.00000000000000 );
#2429 = SURFACE_SIDE_STYLE( '', ( #3496 ) );
#2430 = EDGE_LOOP( '', ( #3497, #3498, #3499, #3500 ) );
#2431 = AXIS2_PLACEMENT_3D( '', #3501, #3502, #3503 );
#2432 = SURFACE_SIDE_STYLE( '', ( #3504 ) );
#2433 = EDGE_LOOP( '', ( #3505, #3506, #3507, #3508, #3509, #3510, #3511, #3512, #3513 ) );
#2434 = AXIS2_PLACEMENT_3D( '', #3514, #3515, #3516 );
#2435 = DRAUGHTING_PRE_DEFINED_CURVE_FONT( 'continuous' );
#2436 = COLOUR_RGB( '', 0.749019622800000, 0.749019622800000, 0.749019622800000 );
#2437 = CARTESIAN_POINT( '', ( -0.00555000000000000, 0.000621156386535000, 0.000600000000080000 ) );
#2438 = AXIS2_PLACEMENT_3D( '', #3517, #3518, #3519 );
#2439 = DRAUGHTING_PRE_DEFINED_CURVE_FONT( 'continuous' );
#2440 = COLOUR_RGB( '', 0.749019622800000, 0.749019622800000, 0.749019622800000 );
#2441 = AXIS2_PLACEMENT_3D( '', #3520, #3521, #3522 );
#2442 = DRAUGHTING_PRE_DEFINED_CURVE_FONT( 'continuous' );
#2443 = COLOUR_RGB( '', 0.749019622800000, 0.749019622800000, 0.749019622800000 );
#2444 = CARTESIAN_POINT( '', ( -0.00525000000000000, 0.000638199999926000, 0.00000000000000 ) );
#2445 = CARTESIAN_POINT( '', ( -0.00554970943081200, 0.000638199999926000, 0.00000000000000 ) );
#2446 = CARTESIAN_POINT( '', ( 0.00000000000000, 0.000638199999936000, 0.00000000000000 ) );
#2447 = VECTOR( '', #3523, 1.00000000000000 );
#2448 = SURFACE_SIDE_STYLE( '', ( #3524 ) );
#2449 = EDGE_LOOP( '', ( #3525, #3526, #3527, #3528, #3529 ) );
#2450 = AXIS2_PLACEMENT_3D( '', #3530, #3531, #3532 );
#2451 = DRAUGHTING_PRE_DEFINED_CURVE_FONT( 'continuous' );
#2452 = COLOUR_RGB( '', 0.749019622800000, 0.749019622800000, 0.749019622800000 );
#2453 = CARTESIAN_POINT( '', ( 0.00000000000000, 0.00228139321092600, 0.00700639998262500 ) );
#2454 = VECTOR( '', #3533, 1.00000000000000 );
#2455 = DRAUGHTING_PRE_DEFINED_CURVE_FONT( 'continuous' );
#2456 = COLOUR_RGB( '', 0.749019622800000, 0.749019622800000, 0.749019622800000 );
#2457 = AXIS2_PLACEMENT_3D( '', #3534, #3535, #3536 );
#2458 = DRAUGHTING_PRE_DEFINED_CURVE_FONT( 'continuous' );
#2459 = COLOUR_RGB( '', 0.749019622800000, 0.749019622800000, 0.749019622800000 );
#2460 = CARTESIAN_POINT( '', ( -0.00517500000000000, -0.00102887930495900, 0.000600000000030000 ) );
#2461 = AXIS2_PLACEMENT_3D( '', #3537, #3538, #3539 );
#2462 = SURFACE_SIDE_STYLE( '', ( #3540 ) );
#2463 = EDGE_LOOP( '', ( #3541, #3542, #3543, #3544 ) );
#2464 = AXIS2_PLACEMENT_3D( '', #3545, #3546, #3547 );
#2465 = SURFACE_SIDE_STYLE( '', ( #3548 ) );
#2466 = EDGE_LOOP( '', ( #3549, #3550, #3551, #3552 ) );
#2467 = AXIS2_PLACEMENT_3D( '', #3553, #3554, #3555 );
#2468 = SURFACE_SIDE_STYLE( '', ( #3556 ) );
#2469 = EDGE_LOOP( '', ( #3557, #3558, #3559, #3560 ) );
#2470 = AXIS2_PLACEMENT_3D( '', #3561, #3562, #3563 );
#2471 = DRAUGHTING_PRE_DEFINED_CURVE_FONT( 'continuous' );
#2472 = COLOUR_RGB( '', 0.749019622800000, 0.749019622800000, 0.749019622800000 );
#2473 = CARTESIAN_POINT( '', ( 1.00002003952559E-14, 0.00184319999994555, 0.000600000000054030 ) );
#2474 = AXIS2_PLACEMENT_3D( '', #3564, #3565, #3566 );
#2475 = DRAUGHTING_PRE_DEFINED_CURVE_FONT( 'continuous' );
#2476 = COLOUR_RGB( '', 0.749019622800000, 0.749019622800000, 0.749019622800000 );
#2477 = CARTESIAN_POINT( '', ( -0.00517500000001000, -0.00102887930496900, 0.00000000000000 ) );
#2478 = VECTOR( '', #3567, 1.00000000000000 );
#2479 = DRAUGHTING_PRE_DEFINED_CURVE_FONT( 'continuous' );
#2480 = COLOUR_RGB( '', 0.749019622800000, 0.749019622800000, 0.749019622800000 );
#2481 = AXIS2_PLACEMENT_3D( '', #3568, #3569, #3570 );
#2482 = DRAUGHTING_PRE_DEFINED_CURVE_FONT( 'continuous' );
#2483 = COLOUR_RGB( '', 0.749019622800000, 0.749019622800000, 0.749019622800000 );
#2484 = CARTESIAN_POINT( '', ( -0.00554970943081200, -0.000561800000074000, 0.00000000000000 ) );
#2485 = CARTESIAN_POINT( '', ( -0.00525000000000000, -0.000561800000074000, 0.00000000000000 ) );
#2486 = CARTESIAN_POINT( '', ( 0.000150000000010000, -0.000561800000084000, 0.00000000000000 ) );
#2487 = VECTOR( '', #3571, 1.00000000000000 );
#2488 = SURFACE_SIDE_STYLE( '', ( #3572 ) );
#2489 = EDGE_LOOP( '', ( #3573, #3574, #3575, #3576 ) );
#2490 = AXIS2_PLACEMENT_3D( '', #3577, #3578, #3579 );
#2491 = DRAUGHTING_PRE_DEFINED_CURVE_FONT( 'continuous' );
#2492 = COLOUR_RGB( '', 0.749019622800000, 0.749019622800000, 0.749019622800000 );
#2493 = CARTESIAN_POINT( '', ( 0.00555000000000000, -0.00441773973289100, 0.00000000000000 ) );
#2494 = CARTESIAN_POINT( '', ( 0.00555000000001000, -0.00441773973290100, 0.00000000000000 ) );
#2495 = VECTOR( '', #3580, 1.00000000000000 );
#2496 = DRAUGHTING_PRE_DEFINED_CURVE_FONT( 'continuous' );
#2497 = COLOUR_RGB( '', 0.749019622800000, 0.749019622800000, 0.749019622800000 );
#2498 = AXIS2_PLACEMENT_3D( '', #3581, #3582, #3583 );
#2499 = DRAUGHTING_PRE_DEFINED_CURVE_FONT( 'continuous' );
#2500 = COLOUR_RGB( '', 0.749019622800000, 0.749019622800000, 0.749019622800000 );
#2501 = CARTESIAN_POINT( '', ( 0.00555000000000000, 0.000138199999926000, -0.00450000000000000 ) );
#2502 = CARTESIAN_POINT( '', ( 0.00555000000001000, 0.000638199999936000, -0.00450000000001000 ) );
#2503 = VECTOR( '', #3584, 1.00000000000000 );
#2504 = SURFACE_SIDE_STYLE( '', ( #3585 ) );
#2505 = EDGE_LOOP( '', ( #3586, #3587, #3588, #3589 ) );
#2506 = AXIS2_PLACEMENT_3D( '', #3590, #3591, #3592 );
#2507 = SURFACE_SIDE_STYLE( '', ( #3593 ) );
#2508 = EDGE_LOOP( '', ( #3594, #3595, #3596, #3597 ) );
#2509 = AXIS2_PLACEMENT_3D( '', #3598, #3599, #3600 );
#2510 = DRAUGHTING_PRE_DEFINED_CURVE_FONT( 'continuous' );
#2511 = COLOUR_RGB( '', 0.749019622800000, 0.749019622800000, 0.749019622800000 );
#2512 = CARTESIAN_POINT( '', ( 0.00525000000000000, -0.000561800000074000, 0.00000000000000 ) );
#2513 = CARTESIAN_POINT( '', ( 0.00555000000001000, -0.000561800000084000, 0.00000000000000 ) );
#2514 = VECTOR( '', #3601, 1.00000000000000 );
#2515 = SURFACE_SIDE_STYLE( '', ( #3602 ) );
#2516 = EDGE_LOOP( '', ( #3603, #3604, #3605, #3606 ) );
#2517 = AXIS2_PLACEMENT_3D( '', #3607, #3608, #3609 );
#2518 = DRAUGHTING_PRE_DEFINED_CURVE_FONT( 'continuous' );
#2519 = COLOUR_RGB( '', 0.749019622800000, 0.749019622800000, 0.749019622800000 );
#2520 = CARTESIAN_POINT( '', ( 0.00435000000000000, -0.00500565571083200, 0.0173133538225950 ) );
#2521 = CARTESIAN_POINT( '', ( 0.00555000000000000, -0.00418314310398100, 0.0164371092364020 ) );
#2522 = CARTESIAN_POINT( '', ( 0.00541254764623200, -0.00427735668217700, 0.0165374774704590 ) );
#2523 = VECTOR( '', #3610, 1.00000000000000 );
#2524 = DRAUGHTING_PRE_DEFINED_CURVE_FONT( 'continuous' );
#2525 = COLOUR_RGB( '', 0.749019622800000, 0.749019622800000, 0.749019622800000 );
#2526 = CARTESIAN_POINT( '', ( -0.00555000000001000, -0.00454566916297100, 0.0177000000001030 ) );
#2527 = VECTOR( '', #3611, 1.00000000000000 );
#2528 = SURFACE_SIDE_STYLE( '', ( #3612 ) );
#2529 = EDGE_LOOP( '', ( #3613, #3614, #3615, #3616, #3617, #3618 ) );
#2530 = AXIS2_PLACEMENT_3D( '', #3619, #3620, #3621 );
#2531 = DRAUGHTING_PRE_DEFINED_CURVE_FONT( 'continuous' );
#2532 = COLOUR_RGB( '', 0.749019622800000, 0.749019622800000, 0.749019622800000 );
#2533 = AXIS2_PLACEMENT_3D( '', #3622, #3623, #3624 );
#2534 = DRAUGHTING_PRE_DEFINED_CURVE_FONT( 'continuous' );
#2535 = COLOUR_RGB( '', 0.749019622800000, 0.749019622800000, 0.749019622800000 );
#2536 = CARTESIAN_POINT( '', ( 0.00555000000001000, 0.00439016601109400, 0.000600000000136000 ) );
#2537 = VECTOR( '', #3625, 1.00000000000000 );
#2538 = DRAUGHTING_PRE_DEFINED_CURVE_FONT( 'continuous' );
#2539 = COLOUR_RGB( '', 0.749019622800000, 0.749019622800000, 0.749019622800000 );
#2540 = CARTESIAN_POINT( '', ( -0.00555000000000000, -0.00593180000000000, 0.0111980135307030 ) );
#2541 = CARTESIAN_POINT( '', ( 0.00555000000001000, -0.00593180000001000, 0.0111980135307130 ) );
#2542 = VECTOR( '', #3626, 1.00000000000000 );
#2543 = SURFACE_SIDE_STYLE( '', ( #3627 ) );
#2544 = EDGE_LOOP( '', ( #3628, #3629, #3630, #3631, #3632, #3633 ) );
#2545 = AXIS2_PLACEMENT_3D( '', #3634, #3635, #3636 );
#2546 = DRAUGHTING_PRE_DEFINED_CURVE_FONT( 'continuous' );
#2547 = COLOUR_RGB( '', 0.749019622800000, 0.749019622800000, 0.749019622800000 );
#2548 = AXIS2_PLACEMENT_3D( '', #3637, #3638, #3639 );
#2549 = DRAUGHTING_PRE_DEFINED_CURVE_FONT( 'continuous' );
#2550 = COLOUR_RGB( '', 0.749019622800000, 0.749019622800000, 0.749019622800000 );
#2551 = AXIS2_PLACEMENT_3D( '', #3640, #3641, #3642 );
#2552 = DRAUGHTING_PRE_DEFINED_CURVE_FONT( 'continuous' );
#2553 = COLOUR_RGB( '', 0.749019622800000, 0.749019622800000, 0.749019622800000 );
#2554 = CARTESIAN_POINT( '', ( 0.00555000000001000, 0.00517036822896400, 0.0155394764666480 ) );
#2555 = VECTOR( '', #3643, 1.00000000000000 );
#2556 = DRAUGHTING_PRE_DEFINED_CURVE_FONT( 'continuous' );
#2557 = COLOUR_RGB( '', 0.749019622800000, 0.749019622800000, 0.749019622800000 );
#2558 = CARTESIAN_POINT( '', ( -0.00525000000000000, 0.000638199999926000, -0.00400000000000000 ) );
#2559 = CARTESIAN_POINT( '', ( -0.00547500000001000, 0.000638199999936000, -0.00400000000001000 ) );
#2560 = VECTOR( '', #3644, 1.00000000000000 );
#2561 = DRAUGHTING_PRE_DEFINED_CURVE_FONT( 'continuous' );
#2562 = COLOUR_RGB( '', 0.749019622800000, 0.749019622800000, 0.749019622800000 );
#2563 = CARTESIAN_POINT( '', ( 0.00555000000001000, 0.00474793688749100, 0.00117888543833200 ) );
#2564 = VECTOR( '', #3645, 1.00000000000000 );
#2565 = DRAUGHTING_PRE_DEFINED_CURVE_FONT( 'continuous' );
#2566 = COLOUR_RGB( '', 0.749019622800000, 0.749019622800000, 0.749019622800000 );
#2567 = AXIS2_PLACEMENT_3D( '', #3646, #3647, #3648 );
#2568 = DRAUGHTING_PRE_DEFINED_CURVE_FONT( 'continuous' );
#2569 = COLOUR_RGB( '', 0.749019622800000, 0.749019622800000, 0.749019622800000 );
#2570 = CARTESIAN_POINT( '', ( 0.00525000000000000, -0.000561800000074000, -0.00400000000000000 ) );
#2571 = AXIS2_PLACEMENT_3D( '', #3649, #3650, #3651 );
#2572 = DRAUGHTING_PRE_DEFINED_CURVE_FONT( 'continuous' );
#2573 = COLOUR_RGB( '', 0.749019622800000, 0.749019622800000, 0.749019622800000 );
#2574 = AXIS2_PLACEMENT_3D( '', #3652, #3653, #3654 );
#2575 = DRAUGHTING_PRE_DEFINED_CURVE_FONT( 'continuous' );
#2576 = COLOUR_RGB( '', 0.749019622800000, 0.749019622800000, 0.749019622800000 );
#2577 = CARTESIAN_POINT( '', ( 0.00555000000001000, -0.00563182326742000, 0.0152194070009860 ) );
#2578 = VECTOR( '', #3655, 1.00000000000000 );
#2579 = SURFACE_SIDE_STYLE( '', ( #3656 ) );
#2580 = EDGE_LOOP( '', ( #3657, #3658, #3659, #3660 ) );
#2581 = AXIS2_PLACEMENT_3D( '', #3661, #3662, #3663 );
#2582 = DRAUGHTING_PRE_DEFINED_CURVE_FONT( 'continuous' );
#2583 = COLOUR_RGB( '', 0.749019622800000, 0.749019622800000, 0.749019622800000 );
#2584 = CARTESIAN_POINT( '', ( 0.00555000000001000, -0.00407909578211500, 0.0163262648533080 ) );
#2585 = VECTOR( '', #3664, 1.00000000000000 );
#2586 = DRAUGHTING_PRE_DEFINED_CURVE_FONT( 'continuous' );
#2587 = COLOUR_RGB( '', 0.749019622800000, 0.749019622800000, 0.749019622800000 );
#2588 = AXIS2_PLACEMENT_3D( '', #3665, #3666, #3667 );
#2589 = SURFACE_SIDE_STYLE( '', ( #3668 ) );
#2590 = EDGE_LOOP( '', ( #3669, #3670, #3671, #3672, #3673 ) );
#2591 = AXIS2_PLACEMENT_3D( '', #3674, #3675, #3676 );
#2592 = SURFACE_SIDE_STYLE( '', ( #3677 ) );
#2593 = EDGE_LOOP( '', ( #3678, #3679, #3680, #3681 ) );
#2594 = AXIS2_PLACEMENT_3D( '', #3682, #3683, #3684 );
#2595 = DRAUGHTING_PRE_DEFINED_CURVE_FONT( 'continuous' );
#2596 = COLOUR_RGB( '', 0.749019622800000, 0.749019622800000, 0.749019622800000 );
#2597 = CARTESIAN_POINT( '', ( 0.00455000000000000, 0.00222017080486500, 0.00757605839027000 ) );
#2598 = AXIS2_PLACEMENT_3D( '', #3685, #3686, #3687 );
#2599 = DRAUGHTING_PRE_DEFINED_CURVE_FONT( 'continuous' );
#2600 = COLOUR_RGB( '', 0.749019622800000, 0.749019622800000, 0.749019622800000 );
#2601 = CARTESIAN_POINT( '', ( -0.00555000000001000, -0.00593180000001000, 0.0111980135307130 ) );
#2602 = VECTOR( '', #3688, 1.00000000000000 );
#2603 = DRAUGHTING_PRE_DEFINED_CURVE_FONT( 'continuous' );
#2604 = COLOUR_RGB( '', 0.749019622800000, 0.749019622800000, 0.749019622800000 );
#2605 = AXIS2_PLACEMENT_3D( '', #3689, #3690, #3691 );
#2606 = SURFACE_SIDE_STYLE( '', ( #3692 ) );
#2607 = EDGE_LOOP( '', ( #3693, #3694, #3695, #3696, #3697, #3698 ) );
#2608 = AXIS2_PLACEMENT_3D( '', #3699, #3700, #3701 );
#2609 = DRAUGHTING_PRE_DEFINED_CURVE_FONT( 'continuous' );
#2610 = COLOUR_RGB( '', 0.749019622800000, 0.749019622800000, 0.749019622800000 );
#2611 = AXIS2_PLACEMENT_3D( '', #3702, #3703, #3704 );
#2612 = DRAUGHTING_PRE_DEFINED_CURVE_FONT( 'continuous' );
#2613 = COLOUR_RGB( '', 0.749019622800000, 0.749019622800000, 0.749019622800000 );
#2614 = CARTESIAN_POINT( '', ( -0.00555000000000000, 0.00536098640450000, 0.00000000000000 ) );
#2615 = CARTESIAN_POINT( '', ( -0.00555000000000000, 0.00449413973274200, 0.00000000000000 ) );
#2616 = CARTESIAN_POINT( '', ( -0.00555000000001000, 0.00600820000001000, 0.00000000000000 ) );
#2617 = VECTOR( '', #3705, 1.00000000000000 );
#2618 = SURFACE_SIDE_STYLE( '', ( #3706 ) );
#2619 = EDGE_LOOP( '', ( #3707, #3708, #3709, #3710, #3711, #3712, #3713, #3714, #3715 ) );
#2620 = AXIS2_PLACEMENT_3D( '', #3716, #3717, #3718 );
#2621 = SURFACE_SIDE_STYLE( '', ( #3719 ) );
#2622 = EDGE_LOOP( '', ( #3720, #3721, #3722, #3723 ) );
#2623 = AXIS2_PLACEMENT_3D( '', #3724, #3725, #3726 );
#2624 = DRAUGHTING_PRE_DEFINED_CURVE_FONT( 'continuous' );
#2625 = COLOUR_RGB( '', 0.749019622800000, 0.749019622800000, 0.749019622800000 );
#2626 = CARTESIAN_POINT( '', ( 0.00555000000000000, -0.000544756386683000, -0.00412943387745700 ) );
#2627 = AXIS2_PLACEMENT_3D( '', #3727, #3728, #3729 );
#2628 = DRAUGHTING_PRE_DEFINED_CURVE_FONT( 'continuous' );
#2629 = COLOUR_RGB( '', 0.749019622800000, 0.749019622800000, 0.749019622800000 );
#2630 = CARTESIAN_POINT( '', ( -0.00555000000001000, 0.000621156386545000, 0.00000000000000 ) );
#2631 = VECTOR( '', #3730, 1.00000000000000 );
#2632 = DRAUGHTING_PRE_DEFINED_CURVE_FONT( 'continuous' );
#2633 = COLOUR_RGB( '', 0.749019622800000, 0.749019622800000, 0.749019622800000 );
#2634 = AXIS2_PLACEMENT_3D( '', #3731, #3732, #3733 );
#2635 = DRAUGHTING_PRE_DEFINED_CURVE_FONT( 'continuous' );
#2636 = COLOUR_RGB( '', 0.749019622800000, 0.749019622800000, 0.749019622800000 );
#2637 = AXIS2_PLACEMENT_3D( '', #3734, #3735, #3736 );
#2638 = DRAUGHTING_PRE_DEFINED_CURVE_FONT( 'continuous' );
#2639 = COLOUR_RGB( '', 0.749019622800000, 0.749019622800000, 0.749019622800000 );
#2640 = CARTESIAN_POINT( '', ( 0.00555000000001000, 0.00222017080487500, 0.00757605839028000 ) );
#2641 = VECTOR( '', #3737, 1.00000000000000 );
#2642 = SURFACE_SIDE_STYLE( '', ( #3738 ) );
#2643 = EDGE_LOOP( '', ( #3739, #3740, #3741, #3742 ) );
#2644 = AXIS2_PLACEMENT_3D( '', #3743, #3744, #3745 );
#2645 = SURFACE_SIDE_STYLE( '', ( #3746 ) );
#2646 = EDGE_LOOP( '', ( #3747, #3748, #3749, #3750, #3751, #3752, #3753, #3754, #3755, #3756, #3757 ) );
#2647 = AXIS2_PLACEMENT_3D( '', #3758, #3759, #3760 );
#2648 = DRAUGHTING_PRE_DEFINED_CURVE_FONT( 'continuous' );
#2649 = COLOUR_RGB( '', 0.749019622800000, 0.749019622800000, 0.749019622800000 );
#2650 = CARTESIAN_POINT( '', ( -0.00435000000000000, 0.00505953399640300, 0.0172893608403890 ) );
#2651 = CARTESIAN_POINT( '', ( -0.00435000000001000, 0.00599164654839800, 0.0164144061335510 ) );
#2652 = VECTOR( '', #3761, 1.00000000000000 );
#2653 = DRAUGHTING_PRE_DEFINED_CURVE_FONT( 'continuous' );
#2654 = COLOUR_RGB( '', 0.749019622800000, 0.749019622800000, 0.749019622800000 );
#2655 = AXIS2_PLACEMENT_3D( '', #3762, #3763, #3764 );
#2656 = SURFACE_SIDE_STYLE( '', ( #3765 ) );
#2657 = EDGE_LOOP( '', ( #3766, #3767, #3768, #3769, #3770, #3771 ) );
#2658 = AXIS2_PLACEMENT_3D( '', #3772, #3773, #3774 );
#2659 = SURFACE_SIDE_STYLE( '', ( #3775 ) );
#2660 = EDGE_LOOP( '', ( #3776, #3777, #3778, #3779 ) );
#2661 = AXIS2_PLACEMENT_3D( '', #3780, #3781, #3782 );
#2662 = DRAUGHTING_PRE_DEFINED_CURVE_FONT( 'continuous' );
#2663 = COLOUR_RGB( '', 0.749019622800000, 0.749019622800000, 0.749019622800000 );
#2664 = CARTESIAN_POINT( '', ( -0.00555000000001000, -0.00496097960675300, 0.000600000000022000 ) );
#2665 = VECTOR( '', #3783, 1.00000000000000 );
#2666 = DRAUGHTING_PRE_DEFINED_CURVE_FONT( 'continuous' );
#2667 = COLOUR_RGB( '', 0.749019622800000, 0.749019622800000, 0.749019622800000 );
#2668 = CARTESIAN_POINT( '', ( 0.00532500000001000, 0.000138199999936000, -0.00450000000001000 ) );
#2669 = VECTOR( '', #3784, 1.00000000000000 );
#2670 = DRAUGHTING_PRE_DEFINED_CURVE_FONT( 'continuous' );
#2671 = COLOUR_RGB( '', 0.749019622800000, 0.749019622800000, 0.749019622800000 );
#2672 = CARTESIAN_POINT( '', ( 0.00547500000001000, -0.000561800000084000, -0.00400000000001000 ) );
#2673 = VECTOR( '', #3785, 1.00000000000000 );
#2674 = DRAUGHTING_PRE_DEFINED_CURVE_FONT( 'continuous' );
#2675 = COLOUR_RGB( '', 0.749019622800000, 0.749019622800000, 0.749019622800000 );
#2676 = AXIS2_PLACEMENT_3D( '', #3786, #3787, #3788 );
#2677 = DRAUGHTING_PRE_DEFINED_CURVE_FONT( 'continuous' );
#2678 = COLOUR_RGB( '', 0.749019622800000, 0.749019622800000, 0.749019622800000 );
#2679 = AXIS2_PLACEMENT_3D( '', #3789, #3790, #3791 );
#2680 = DRAUGHTING_PRE_DEFINED_CURVE_FONT( 'continuous' );
#2681 = COLOUR_RGB( '', 0.749019622800000, 0.749019622800000, 0.749019622800000 );
#2682 = AXIS2_PLACEMENT_3D( '', #3792, #3793, #3794 );
#2683 = DRAUGHTING_PRE_DEFINED_CURVE_FONT( 'continuous' );
#2684 = COLOUR_RGB( '', 0.749019622800000, 0.749019622800000, 0.749019622800000 );
#2685 = CARTESIAN_POINT( '', ( -0.00555000000001000, -0.00160711449009800, 0.00730773023330700 ) );
#2686 = VECTOR( '', #3795, 1.00000000000000 );
#2687 = SURFACE_SIDE_STYLE( '', ( #3796 ) );
#2688 = EDGE_LOOP( '', ( #3797, #3798, #3799, #3800, #3801, #3802 ) );
#2689 = AXIS2_PLACEMENT_3D( '', #3803, #3804, #3805 );
#2690 = DRAUGHTING_PRE_DEFINED_CURVE_FONT( 'continuous' );
#2691 = COLOUR_RGB( '', 0.749019622800000, 0.749019622800000, 0.749019622800000 );
#2692 = CARTESIAN_POINT( '', ( 0.00555000000000000, 0.00449413973274200, 0.00000000000000 ) );
#2693 = CARTESIAN_POINT( '', ( 0.00555000000001000, 0.00600820000001000, 0.00000000000000 ) );
#2694 = VECTOR( '', #3806, 1.00000000000000 );
#2695 = DRAUGHTING_PRE_DEFINED_CURVE_FONT( 'continuous' );
#2696 = COLOUR_RGB( '', 0.749019622800000, 0.749019622800000, 0.749019622800000 );
#2697 = AXIS2_PLACEMENT_3D( '', #3807, #3808, #3809 );
#2698 = DRAUGHTING_PRE_DEFINED_CURVE_FONT( 'continuous' );
#2699 = COLOUR_RGB( '', 0.749019622800000, 0.749019622800000, 0.749019622800000 );
#2700 = CARTESIAN_POINT( '', ( 0.00525000000001000, -0.000561800000084000, 0.00000000000000 ) );
#2701 = VECTOR( '', #3810, 1.00000000000000 );
#2702 = DRAUGHTING_PRE_DEFINED_CURVE_FONT( 'continuous' );
#2703 = COLOUR_RGB( '', 0.749019622800000, 0.749019622800000, 0.749019622800000 );
#2704 = CARTESIAN_POINT( '', ( -0.00555000000001000, 0.00600820000001000, 0.00000000000000 ) );
#2705 = VECTOR( '', #3811, 1.00000000000000 );
#2706 = SURFACE_SIDE_STYLE( '', ( #3812 ) );
#2707 = EDGE_LOOP( '', ( #3813, #3814, #3815, #3816, #3817, #3818, #3819, #3820, #3821, #3822, #3823, #3824, #3825, #3826, #3827, #3828, #3829, #3830, #3831, #3832, #3833, #3834, #3835, #3836 ) );
#2708 = EDGE_LOOP( '', ( #3837 ) );
#2709 = AXIS2_PLACEMENT_3D( '', #3838, #3839, #3840 );
#2710 = SURFACE_SIDE_STYLE( '', ( #3841 ) );
#2711 = EDGE_LOOP( '', ( #3842, #3843, #3844, #3845 ) );
#2712 = AXIS2_PLACEMENT_3D( '', #3846, #3847, #3848 );
#2713 = DRAUGHTING_PRE_DEFINED_CURVE_FONT( 'continuous' );
#2714 = COLOUR_RGB( '', 0.749019622800000, 0.749019622800000, 0.749019622800000 );
#2715 = CARTESIAN_POINT( '', ( 1.00002003952559E-14, 0.00184319999994555, 0.00000000000000 ) );
#2716 = AXIS2_PLACEMENT_3D( '', #3849, #3850, #3851 );
#2717 = DRAUGHTING_PRE_DEFINED_CURVE_FONT( 'continuous' );
#2718 = COLOUR_RGB( '', 0.749019622800000, 0.749019622800000, 0.749019622800000 );
#2719 = CARTESIAN_POINT( '', ( 0.00435000000001000, -0.00640395519641200, 0.0161379995571450 ) );
#2720 = VECTOR( '', #3852, 1.00000000000000 );
#2721 = DRAUGHTING_PRE_DEFINED_CURVE_FONT( 'continuous' );
#2722 = COLOUR_RGB( '', 0.749019622800000, 0.749019622800000, 0.749019622800000 );
#2723 = CARTESIAN_POINT( '', ( -0.00517500000000000, 0.00110527930481000, 0.00000000000000 ) );
#2724 = AXIS2_PLACEMENT_3D( '', #3853, #3854, #3855 );
#2725 = DRAUGHTING_PRE_DEFINED_CURVE_FONT( 'continuous' );
#2726 = COLOUR_RGB( '', 0.749019622800000, 0.749019622800000, 0.749019622800000 );
#2727 = CARTESIAN_POINT( '', ( 0.00455000000000000, 0.00600820000000000, 0.0126819864692970 ) );
#2728 = AXIS2_PLACEMENT_3D( '', #3856, #3857, #3858 );
#2729 = DRAUGHTING_PRE_DEFINED_CURVE_FONT( 'continuous' );
#2730 = COLOUR_RGB( '', 0.749019622800000, 0.749019622800000, 0.749019622800000 );
#2731 = CARTESIAN_POINT( '', ( 0.00555000000001000, -0.000544756386681613, -0.00412943387746395 ) );
#2732 = CARTESIAN_POINT( '', ( 0.00554990314361400, -0.000556053799024748, -0.00408727986376865 ) );
#2733 = CARTESIAN_POINT( '', ( 0.00554980628721800, -0.000561800000073578, -0.00404364163605031 ) );
#2734 = CARTESIAN_POINT( '', ( 0.00554970943082200, -0.000561800000074450, -0.00400000000001000 ) );
#2735 = DRAUGHTING_PRE_DEFINED_CURVE_FONT( 'continuous' );
#2736 = COLOUR_RGB( '', 0.749019622800000, 0.749019622800000, 0.749019622800000 );
#2737 = CARTESIAN_POINT( '', ( 0.00555000000001000, -0.00366845662240600, 0.0158888000198490 ) );
#2738 = VECTOR( '', #3859, 1.00000000000000 );
#2739 = DRAUGHTING_PRE_DEFINED_CURVE_FONT( 'continuous' );
#2740 = COLOUR_RGB( '', 0.749019622800000, 0.749019622800000, 0.749019622800000 );
#2741 = CARTESIAN_POINT( '', ( 0.00553907000031384, -0.00431376601124452, 0.000600000000030000 ) );
#2742 = CARTESIAN_POINT( '', ( 0.00554228776535220, -0.00433124169142454, 0.000600564567165922 ) );
#2743 = CARTESIAN_POINT( '', ( 0.00554870011846605, -0.00436606717771178, 0.000601689634965731 ) );
#2744 = CARTESIAN_POINT( '', ( 0.00554956775148655, -0.00440055710157390, 0.000609739229022510 ) );
#2745 = CARTESIAN_POINT( '', ( 0.00555000000000000, -0.00441773973290100, 0.000613749478728000 ) );
#2746 = SURFACE_SIDE_STYLE( '', ( #3860 ) );
#2747 = EDGE_LOOP( '', ( #3861, #3862, #3863, #3864 ) );
#2748 = AXIS2_PLACEMENT_3D( '', #3865, #3866, #3867 );
#2749 = SURFACE_SIDE_STYLE( '', ( #3868 ) );
#2750 = EDGE_LOOP( '', ( #3869, #3870, #3871, #3872 ) );
#2751 = AXIS2_PLACEMENT_3D( '', #3873, #3874, #3875 );
#2752 = DRAUGHTING_PRE_DEFINED_CURVE_FONT( 'continuous' );
#2753 = COLOUR_RGB( '', 0.749019622800000, 0.749019622800000, 0.749019622800000 );
#2754 = AXIS2_PLACEMENT_3D( '', #3876, #3877, #3878 );
#2755 = DRAUGHTING_PRE_DEFINED_CURVE_FONT( 'continuous' );
#2756 = COLOUR_RGB( '', 0.749019622800000, 0.749019622800000, 0.749019622800000 );
#2757 = CARTESIAN_POINT( '', ( -0.00555000000001000, 0.00126943045884900, 0.00650041860658600 ) );
#2758 = VECTOR( '', #3879, 1.00000000000000 );
#2759 = DRAUGHTING_PRE_DEFINED_CURVE_FONT( 'continuous' );
#2760 = COLOUR_RGB( '', 0.749019622800000, 0.749019622800000, 0.749019622800000 );
#2761 = CARTESIAN_POINT( '', ( 0.00000000000000, 0.00358115122865300, 0.0165910824019250 ) );
#2762 = VECTOR( '', #3880, 1.00000000000000 );
#2763 = SURFACE_SIDE_STYLE( '', ( #3881 ) );
#2764 = EDGE_LOOP( '', ( #3882, #3883, #3884, #3885, #3886, #3887, #3888 ) );
#2765 = AXIS2_PLACEMENT_3D( '', #3889, #3890, #3891 );
#2766 = SURFACE_SIDE_STYLE( '', ( #3892 ) );
#2767 = EDGE_LOOP( '', ( #3893, #3894, #3895, #3896, #3897, #3898, #3899, #3900, #3901, #3902, #3903, #3904, #3905, #3906, #3907, #3908, #3909, #3910 ) );
#2768 = AXIS2_PLACEMENT_3D( '', #3911, #3912, #3913 );
#2769 = SURFACE_SIDE_STYLE( '', ( #3914 ) );
#2770 = EDGE_LOOP( '', ( #3915, #3916, #3917, #3918 ) );
#2771 = AXIS2_PLACEMENT_3D( '', #3919, #3920, #3921 );
#2772 = DRAUGHTING_PRE_DEFINED_CURVE_FONT( 'continuous' );
#2773 = COLOUR_RGB( '', 0.749019622800000, 0.749019622800000, 0.749019622800000 );
#2774 = CARTESIAN_POINT( '', ( 0.00525000000001000, 0.00272319999997300, 0.00000000000000 ) );
#2775 = VECTOR( '', #3922, 1.00000000000000 );
#2776 = SURFACE_SIDE_STYLE( '', ( #3923 ) );
#2777 = EDGE_LOOP( '', ( #3924, #3925, #3926, #3927, #3928 ) );
#2778 = AXIS2_PLACEMENT_3D( '', #3929, #3930, #3931 );
#2779 = DRAUGHTING_PRE_DEFINED_CURVE_FONT( 'continuous' );
#2780 = COLOUR_RGB( '', 0.749019622800000, 0.749019622800000, 0.749019622800000 );
#2781 = CARTESIAN_POINT( '', ( 0.00460346729076300, 0.00488606133759900, 0.0171045557968390 ) );
#2782 = VECTOR( '', #3932, 1.00000000000000 );
#2783 = DRAUGHTING_PRE_DEFINED_CURVE_FONT( 'continuous' );
#2784 = COLOUR_RGB( '', 0.749019622800000, 0.749019622800000, 0.749019622800000 );
#2785 = AXIS2_PLACEMENT_3D( '', #3933, #3934, #3935 );
#2786 = DRAUGHTING_PRE_DEFINED_CURVE_FONT( 'continuous' );
#2787 = COLOUR_RGB( '', 0.749019622800000, 0.749019622800000, 0.749019622800000 );
#2788 = AXIS2_PLACEMENT_3D( '', #3936, #3937, #3938 );
#2789 = DRAUGHTING_PRE_DEFINED_CURVE_FONT( 'continuous' );
#2790 = COLOUR_RGB( '', 0.749019622800000, 0.749019622800000, 0.749019622800000 );
#2791 = CARTESIAN_POINT( '', ( 0.00555000000001000, -0.00500565571084200, 0.0173133538226050 ) );
#2792 = VECTOR( '', #3939, 1.00000000000000 );
#2793 = DRAUGHTING_PRE_DEFINED_CURVE_FONT( 'continuous' );
#2794 = COLOUR_RGB( '', 0.749019622800000, 0.749019622800000, 0.749019622800000 );
#2795 = CARTESIAN_POINT( '', ( 0.00555000000001000, -0.000664283342517000, 0.0126883742141380 ) );
#2796 = VECTOR( '', #3940, 1.00000000000000 );
#2797 = DRAUGHTING_PRE_DEFINED_CURVE_FONT( 'continuous' );
#2798 = COLOUR_RGB( '', 0.749019622800000, 0.749019622800000, 0.749019622800000 );
#2799 = CARTESIAN_POINT( '', ( 0.00491586367048300, -0.00415781082736200, 0.0172868041852970 ) );
#2800 = VECTOR( '', #3941, 1.00000000000000 );
#2801 = SURFACE_SIDE_STYLE( '', ( #3942 ) );
#2802 = EDGE_LOOP( '', ( #3943 ) );
#2803 = EDGE_LOOP( '', ( #3944 ) );
#2804 = AXIS2_PLACEMENT_3D( '', #3945, #3946, #3947 );
#2805 = DRAUGHTING_PRE_DEFINED_CURVE_FONT( 'continuous' );
#2806 = COLOUR_RGB( '', 0.749019622800000, 0.749019622800000, 0.749019622800000 );
#2807 = CARTESIAN_POINT( '', ( 0.00555000000001000, 0.00536098640451000, 0.00000000000000 ) );
#2808 = VECTOR( '', #3948, 1.00000000000000 );
#2809 = DRAUGHTING_PRE_DEFINED_CURVE_FONT( 'continuous' );
#2810 = COLOUR_RGB( '', 0.749019622800000, 0.749019622800000, 0.749019622800000 );
#2811 = CARTESIAN_POINT( '', ( 0.00555000000001000, -0.00298243880457200, 0.00673738670158100 ) );
#2812 = VECTOR( '', #3949, 1.00000000000000 );
#2813 = DRAUGHTING_PRE_DEFINED_CURVE_FONT( 'continuous' );
#2814 = COLOUR_RGB( '', 0.749019622800000, 0.749019622800000, 0.749019622800000 );
#2815 = CARTESIAN_POINT( '', ( -0.00517500000001000, 0.00110527930482000, 0.00000000000000 ) );
#2816 = VECTOR( '', #3950, 1.00000000000000 );
#2817 = SURFACE_SIDE_STYLE( '', ( #3951 ) );
#2818 = EDGE_LOOP( '', ( #3952, #3953, #3954, #3955, #3956, #3957, #3958 ) );
#2819 = AXIS2_PLACEMENT_3D( '', #3959, #3960, #3961 );
#2820 = DRAUGHTING_PRE_DEFINED_CURVE_FONT( 'continuous' );
#2821 = COLOUR_RGB( '', 0.749019622800000, 0.749019622800000, 0.749019622800000 );
#2822 = CARTESIAN_POINT( '', ( -0.00525000000001000, 0.00332319999997300, 0.00000000000000 ) );
#2823 = VECTOR( '', #3962, 1.00000000000000 );
#2824 = DRAUGHTING_PRE_DEFINED_CURVE_FONT( 'continuous' );
#2825 = COLOUR_RGB( '', 0.749019622800000, 0.749019622800000, 0.749019622800000 );
#2826 = CARTESIAN_POINT( '', ( -0.00182846729076300, 0.00678526745125400, 0.0191278306515870 ) );
#2827 = VECTOR( '', #3963, 1.00000000000000 );
#2828 = DRAUGHTING_PRE_DEFINED_CURVE_FONT( 'continuous' );
#2829 = COLOUR_RGB( '', 0.749019622800000, 0.749019622800000, 0.749019622800000 );
#2830 = CARTESIAN_POINT( '', ( 0.00555000000000000, -0.00564235728090000, 0.000578885438200000 ) );
#2831 = CARTESIAN_POINT( '', ( 0.00555000000001000, -0.00564235728091000, 0.000578885438210000 ) );
#2832 = VECTOR( '', #3964, 1.00000000000000 );
#2833 = DRAUGHTING_PRE_DEFINED_CURVE_FONT( 'continuous' );
#2834 = COLOUR_RGB( '', 0.749019622800000, 0.749019622800000, 0.749019622800000 );
#2835 = CARTESIAN_POINT( '', ( 0.00555000000001000, 0.00600820000001000, 0.0126819864693070 ) );
#2836 = VECTOR( '', #3965, 1.00000000000000 );
#2837 = DRAUGHTING_PRE_DEFINED_CURVE_FONT( 'continuous' );
#2838 = COLOUR_RGB( '', 0.749019622800000, 0.749019622800000, 0.749019622800000 );
#2839 = AXIS2_PLACEMENT_3D( '', #3966, #3967, #3968 );
#2840 = SURFACE_SIDE_STYLE( '', ( #3969 ) );
#2841 = EDGE_LOOP( '', ( #3970, #3971, #3972, #3973, #3974, #3975, #3976, #3977, #3978, #3979, #3980, #3981, #3982, #3983, #3984, #3985, #3986, #3987 ) );
#2842 = AXIS2_PLACEMENT_3D( '', #3988, #3989, #3990 );
#2843 = DRAUGHTING_PRE_DEFINED_CURVE_FONT( 'continuous' );
#2844 = COLOUR_RGB( '', 0.749019622800000, 0.749019622800000, 0.749019622800000 );
#2845 = CARTESIAN_POINT( '', ( 0.00555000000001000, 0.00600820000001000, 0.0111980135307130 ) );
#2846 = VECTOR( '', #3991, 1.00000000000000 );
#2847 = DRAUGHTING_PRE_DEFINED_CURVE_FONT( 'continuous' );
#2848 = COLOUR_RGB( '', 0.749019622800000, 0.749019622800000, 0.749019622800000 );
#2849 = CARTESIAN_POINT( '', ( 0.00555000000001000, -0.000544756386693000, 0.00000000000000 ) );
#2850 = VECTOR( '', #3992, 1.00000000000000 );
#2851 = DRAUGHTING_PRE_DEFINED_CURVE_FONT( 'continuous' );
#2852 = COLOUR_RGB( '', 0.749019622800000, 0.749019622800000, 0.749019622800000 );
#2853 = CARTESIAN_POINT( '', ( 0.00517500000001000, 0.00110527930482000, 0.00000000000000 ) );
#2854 = VECTOR( '', #3993, 1.00000000000000 );
#2855 = DRAUGHTING_PRE_DEFINED_CURVE_FONT( 'continuous' );
#2856 = COLOUR_RGB( '', 0.749019622800000, 0.749019622800000, 0.749019622800000 );
#2857 = CARTESIAN_POINT( '', ( 0.00555000000001000, 0.00505953399641300, 0.0172893608403990 ) );
#2858 = VECTOR( '', #3994, 1.00000000000000 );
#2859 = DRAUGHTING_PRE_DEFINED_CURVE_FONT( 'continuous' );
#2860 = COLOUR_RGB( '', 0.749019622800000, 0.749019622800000, 0.749019622800000 );
#2861 = CARTESIAN_POINT( '', ( -0.00554970943081200, -0.000561800000074000, -0.00400000000000000 ) );
#2862 = CARTESIAN_POINT( '', ( -0.00554970943082200, -0.000561800000074450, -0.00400000000001000 ) );
#2863 = CARTESIAN_POINT( '', ( -0.00554980628721800, -0.000561800000073578, -0.00404364163605031 ) );
#2864 = CARTESIAN_POINT( '', ( -0.00554990314361400, -0.000556053799024748, -0.00408727986376865 ) );
#2865 = CARTESIAN_POINT( '', ( -0.00555000000001000, -0.000544756386681613, -0.00412943387746395 ) );
#2866 = SURFACE_SIDE_STYLE( '', ( #3995 ) );
#2867 = EDGE_LOOP( '', ( #3996, #3997, #3998, #3999 ) );
#2868 = AXIS2_PLACEMENT_3D( '', #4000, #4001, #4002 );
#2869 = DRAUGHTING_PRE_DEFINED_CURVE_FONT( 'continuous' );
#2870 = COLOUR_RGB( '', 0.749019622800000, 0.749019622800000, 0.749019622800000 );
#2871 = CARTESIAN_POINT( '', ( 0.00555000000001000, -0.00160711449009800, 0.00730773023330700 ) );
#2872 = VECTOR( '', #4003, 1.00000000000000 );
#2873 = DRAUGHTING_PRE_DEFINED_CURVE_FONT( 'continuous' );
#2874 = COLOUR_RGB( '', 0.749019622800000, 0.749019622800000, 0.749019622800000 );
#2875 = CARTESIAN_POINT( '', ( -0.00555000000001000, -0.000561800000084000, -0.00450000000001000 ) );
#2876 = VECTOR( '', #4004, 1.00000000000000 );
#2877 = DRAUGHTING_PRE_DEFINED_CURVE_FONT( 'continuous' );
#2878 = COLOUR_RGB( '', 0.749019622800000, 0.749019622800000, 0.749019622800000 );
#2879 = AXIS2_PLACEMENT_3D( '', #4005, #4006, #4007 );
#2880 = SURFACE_SIDE_STYLE( '', ( #4008 ) );
#2881 = EDGE_LOOP( '', ( #4009, #4010, #4011, #4012 ) );
#2882 = AXIS2_PLACEMENT_3D( '', #4013, #4014, #4015 );
#2883 = DRAUGHTING_PRE_DEFINED_CURVE_FONT( 'continuous' );
#2884 = COLOUR_RGB( '', 0.749019622800000, 0.749019622800000, 0.749019622800000 );
#2885 = CARTESIAN_POINT( '', ( 0.00555000000001000, 0.00290191052747900, 0.00621257894507200 ) );
#2886 = VECTOR( '', #4016, 1.00000000000000 );
#2887 = DRAUGHTING_PRE_DEFINED_CURVE_FONT( 'continuous' );
#2888 = COLOUR_RGB( '', 0.749019622800000, 0.749019622800000, 0.749019622800000 );
#2889 = AXIS2_PLACEMENT_3D( '', #4017, #4018, #4019 );
#2890 = DRAUGHTING_PRE_DEFINED_CURVE_FONT( 'continuous' );
#2891 = COLOUR_RGB( '', 0.749019622800000, 0.749019622800000, 0.749019622800000 );
#2892 = CARTESIAN_POINT( '', ( -0.00555000000001000, 0.00449413973275200, 0.00000000000000 ) );
#2893 = VECTOR( '', #4020, 1.00000000000000 );
#2894 = DRAUGHTING_PRE_DEFINED_CURVE_FONT( 'continuous' );
#2895 = COLOUR_RGB( '', 0.749019622800000, 0.749019622800000, 0.749019622800000 );
#2896 = CARTESIAN_POINT( '', ( 0.00555000000001000, -0.00593180000001000, 0.00000000000000 ) );
#2897 = VECTOR( '', #4021, 1.00000000000000 );
#2898 = SURFACE_SIDE_STYLE( '', ( #4022 ) );
#2899 = EDGE_LOOP( '', ( #4023, #4024, #4025, #4026, #4027, #4028 ) );
#2900 = AXIS2_PLACEMENT_3D( '', #4029, #4030, #4031 );
#2901 = DRAUGHTING_PRE_DEFINED_CURVE_FONT( 'continuous' );
#2902 = COLOUR_RGB( '', 0.749019622800000, 0.749019622800000, 0.749019622800000 );
#2903 = CARTESIAN_POINT( '', ( -0.00532500000001000, -0.000561800000084000, -0.00400000000001000 ) );
#2904 = VECTOR( '', #4032, 1.00000000000000 );
#2905 = DRAUGHTING_PRE_DEFINED_CURVE_FONT( 'continuous' );
#2906 = COLOUR_RGB( '', 0.749019622800000, 0.749019622800000, 0.749019622800000 );
#2907 = CARTESIAN_POINT( '', ( -0.00555000000001000, 0.00489570159076200, 0.0148085257338570 ) );
#2908 = VECTOR( '', #4033, 1.00000000000000 );
#2909 = DRAUGHTING_PRE_DEFINED_CURVE_FONT( 'continuous' );
#2910 = COLOUR_RGB( '', 0.749019622800000, 0.749019622800000, 0.749019622800000 );
#2911 = AXIS2_PLACEMENT_3D( '', #4034, #4035, #4036 );
#2912 = DRAUGHTING_PRE_DEFINED_CURVE_FONT( 'continuous' );
#2913 = COLOUR_RGB( '', 0.749019622800000, 0.749019622800000, 0.749019622800000 );
#2914 = CARTESIAN_POINT( '', ( 0.00555000000001000, 0.00449413973275200, 0.00000000000000 ) );
#2915 = VECTOR( '', #4037, 1.00000000000000 );
#2916 = DRAUGHTING_PRE_DEFINED_CURVE_FONT( 'continuous' );
#2917 = COLOUR_RGB( '', 0.749019622800000, 0.749019622800000, 0.749019622800000 );
#2918 = CARTESIAN_POINT( '', ( 0.00555000000001000, -0.00238387864914700, 0.00709584270173500 ) );
#2919 = VECTOR( '', #4038, 1.00000000000000 );
#2920 = DRAUGHTING_PRE_DEFINED_CURVE_FONT( 'continuous' );
#2921 = COLOUR_RGB( '', 0.749019622800000, 0.749019622800000, 0.749019622800000 );
#2922 = CARTESIAN_POINT( '', ( 0.00000000000000, -0.00220499321093700, 0.00700639998263000 ) );
#2923 = VECTOR( '', #4039, 1.00000000000000 );
#2924 = DRAUGHTING_PRE_DEFINED_CURVE_FONT( 'continuous' );
#2925 = COLOUR_RGB( '', 0.749019622800000, 0.749019622800000, 0.749019622800000 );
#2926 = CARTESIAN_POINT( '', ( 0.00555000000001000, 0.00600820000001000, 0.00000000000000 ) );
#2927 = VECTOR( '', #4040, 1.00000000000000 );
#2928 = DRAUGHTING_PRE_DEFINED_CURVE_FONT( 'continuous' );
#2929 = COLOUR_RGB( '', 0.749019622800000, 0.749019622800000, 0.749019622800000 );
#2930 = CARTESIAN_POINT( '', ( 0.00455000000001000, 0.00145870803083000, 0.00909898393837000 ) );
#2931 = VECTOR( '', #4041, 1.00000000000000 );
#2932 = DRAUGHTING_PRE_DEFINED_CURVE_FONT( 'continuous' );
#2933 = COLOUR_RGB( '', 0.749019622800000, 0.749019622800000, 0.749019622800000 );
#2934 = CARTESIAN_POINT( '', ( -0.00532500000001000, -6.18000000844500E-05, -0.00450000000001000 ) );
#2935 = VECTOR( '', #4042, 1.00000000000000 );
#2936 = DRAUGHTING_PRE_DEFINED_CURVE_FONT( 'continuous' );
#2937 = COLOUR_RGB( '', 0.749019622800000, 0.749019622800000, 0.749019622800000 );
#2938 = CARTESIAN_POINT( '', ( -0.00525000000001000, 0.000638199999936000, 0.00000000000000 ) );
#2939 = VECTOR( '', #4043, 1.00000000000000 );
#2940 = SURFACE_SIDE_STYLE( '', ( #4044 ) );
#2941 = EDGE_LOOP( '', ( #4045, #4046, #4047, #4048, #4049, #4050 ) );
#2942 = AXIS2_PLACEMENT_3D( '', #4051, #4052, #4053 );
#2943 = DRAUGHTING_PRE_DEFINED_CURVE_FONT( 'continuous' );
#2944 = COLOUR_RGB( '', 0.749019622800000, 0.749019622800000, 0.749019622800000 );
#2945 = CARTESIAN_POINT( '', ( 0.00554970943082200, 0.000638199999936000, 0.00000000000000 ) );
#2946 = VECTOR( '', #4054, 1.00000000000000 );
#2947 = DRAUGHTING_PRE_DEFINED_CURVE_FONT( 'continuous' );
#2948 = COLOUR_RGB( '', 0.749019622800000, 0.749019622800000, 0.749019622800000 );
#2949 = CARTESIAN_POINT( '', ( 0.00555000000001000, 0.00415549578211500, 0.0163262648533080 ) );
#2950 = VECTOR( '', #4055, 1.00000000000000 );
#2951 = DRAUGHTING_PRE_DEFINED_CURVE_FONT( 'continuous' );
#2952 = COLOUR_RGB( '', 0.749019622800000, 0.749019622800000, 0.749019622800000 );
#2953 = CARTESIAN_POINT( '', ( -0.00525000000001000, -0.000561800000084000, 0.00000000000000 ) );
#2954 = VECTOR( '', #4056, 1.00000000000000 );
#2955 = DRAUGHTING_PRE_DEFINED_CURVE_FONT( 'continuous' );
#2956 = COLOUR_RGB( '', 0.749019622800000, 0.749019622800000, 0.749019622800000 );
#2957 = CARTESIAN_POINT( '', ( 0.00455000000001000, -0.00112809003004400, 0.00960741993994200 ) );
#2958 = VECTOR( '', #4057, 1.00000000000000 );
#2959 = DRAUGHTING_PRE_DEFINED_CURVE_FONT( 'continuous' );
#2960 = COLOUR_RGB( '', 0.749019622800000, 0.749019622800000, 0.749019622800000 );
#2961 = AXIS2_PLACEMENT_3D( '', #4058, #4059, #4060 );
#2962 = DRAUGHTING_PRE_DEFINED_CURVE_FONT( 'continuous' );
#2963 = COLOUR_RGB( '', 0.749019622800000, 0.749019622800000, 0.749019622800000 );
#2964 = AXIS2_PLACEMENT_3D( '', #4061, #4062, #4063 );
#2965 = SURFACE_SIDE_STYLE( '', ( #4064 ) );
#2966 = EDGE_LOOP( '', ( #4065, #4066, #4067, #4068, #4069 ) );
#2967 = AXIS2_PLACEMENT_3D( '', #4070, #4071, #4072 );
#2968 = DRAUGHTING_PRE_DEFINED_CURVE_FONT( 'continuous' );
#2969 = COLOUR_RGB( '', 0.749019622800000, 0.749019622800000, 0.749019622800000 );
#2970 = CARTESIAN_POINT( '', ( 0.00455000000001000, 0.00600820000001000, 0.0119656665215120 ) );
#2971 = VECTOR( '', #4073, 1.00000000000000 );
#2972 = SURFACE_SIDE_STYLE( '', ( #4074 ) );
#2973 = EDGE_LOOP( '', ( #4075, #4076, #4077, #4078, #4079, #4080, #4081 ) );
#2974 = AXIS2_PLACEMENT_3D( '', #4082, #4083, #4084 );
#2975 = SURFACE_SIDE_STYLE( '', ( #4085 ) );
#2976 = EDGE_LOOP( '', ( #4086, #4087, #4088, #4089 ) );
#2977 = AXIS2_PLACEMENT_3D( '', #4090, #4091, #4092 );
#2978 = SURFACE_SIDE_STYLE( '', ( #4093 ) );
#2979 = EDGE_LOOP( '', ( #4094, #4095, #4096, #4097 ) );
#2980 = AXIS2_PLACEMENT_3D( '', #4098, #4099, #4100 );
#2981 = DRAUGHTING_PRE_DEFINED_CURVE_FONT( 'continuous' );
#2982 = COLOUR_RGB( '', 0.749019622800000, 0.749019622800000, 0.749019622800000 );
#2983 = CARTESIAN_POINT( '', ( -0.00555000000000000, -0.00441773973290100, 0.000613749478728000 ) );
#2984 = CARTESIAN_POINT( '', ( -0.00554956775148655, -0.00440055710157390, 0.000609739229022510 ) );
#2985 = CARTESIAN_POINT( '', ( -0.00554870011846605, -0.00436606717771178, 0.000601689634965731 ) );
#2986 = CARTESIAN_POINT( '', ( -0.00554228776535220, -0.00433124169142454, 0.000600564567165922 ) );
#2987 = CARTESIAN_POINT( '', ( -0.00553907000031384, -0.00431376601124452, 0.000600000000030000 ) );
#2988 = DRAUGHTING_PRE_DEFINED_CURVE_FONT( 'continuous' );
#2989 = COLOUR_RGB( '', 0.749019622800000, 0.749019622800000, 0.749019622800000 );
#2990 = CARTESIAN_POINT( '', ( 0.00555000000001000, 0.00217175935755600, 0.00767288128491700 ) );
#2991 = VECTOR( '', #4101, 1.00000000000000 );
#2992 = DRAUGHTING_PRE_DEFINED_CURVE_FONT( 'continuous' );
#2993 = COLOUR_RGB( '', 0.749019622800000, 0.749019622800000, 0.749019622800000 );
#2994 = AXIS2_PLACEMENT_3D( '', #4102, #4103, #4104 );
#2995 = SURFACE_SIDE_STYLE( '', ( #4105 ) );
#2996 = EDGE_LOOP( '', ( #4106, #4107, #4108, #4109 ) );
#2997 = AXIS2_PLACEMENT_3D( '', #4110, #4111, #4112 );
#2998 = SURFACE_SIDE_STYLE( '', ( #4113 ) );
#2999 = EDGE_LOOP( '', ( #4114, #4115, #4116, #4117, #4118, #4119 ) );
#3000 = AXIS2_PLACEMENT_3D( '', #4120, #4121, #4122 );
#3001 = DRAUGHTING_PRE_DEFINED_CURVE_FONT( 'continuous' );
#3002 = COLOUR_RGB( '', 0.749019622800000, 0.749019622800000, 0.749019622800000 );
#3003 = CARTESIAN_POINT( '', ( 0.00555000000001000, -0.00496097960675300, 0.000600000000022000 ) );
#3004 = VECTOR( '', #4123, 1.00000000000000 );
#3005 = DRAUGHTING_PRE_DEFINED_CURVE_FONT( 'continuous' );
#3006 = COLOUR_RGB( '', 0.749019622800000, 0.749019622800000, 0.749019622800000 );
#3007 = AXIS2_PLACEMENT_3D( '', #4124, #4125, #4126 );
#3008 = SURFACE_SIDE_STYLE( '', ( #4127 ) );
#3009 = EDGE_LOOP( '', ( #4128, #4129, #4130, #4131, #4132, #4133, #4134, #4135, #4136, #4137 ) );
#3010 = AXIS2_PLACEMENT_3D( '', #4138, #4139, #4140 );
#3011 = DRAUGHTING_PRE_DEFINED_CURVE_FONT( 'continuous' );
#3012 = COLOUR_RGB( '', 0.749019622800000, 0.749019622800000, 0.749019622800000 );
#3013 = AXIS2_PLACEMENT_3D( '', #4141, #4142, #4143 );
#3014 = DRAUGHTING_PRE_DEFINED_CURVE_FONT( 'continuous' );
#3015 = COLOUR_RGB( '', 0.749019622800000, 0.749019622800000, 0.749019622800000 );
#3016 = CARTESIAN_POINT( '', ( -0.00554970943082200, -0.000561800000084000, 0.00000000000000 ) );
#3017 = VECTOR( '', #4144, 1.00000000000000 );
#3018 = DRAUGHTING_PRE_DEFINED_CURVE_FONT( 'continuous' );
#3019 = COLOUR_RGB( '', 0.749019622800000, 0.749019622800000, 0.749019622800000 );
#3020 = AXIS2_PLACEMENT_3D( '', #4145, #4146, #4147 );
#3021 = DRAUGHTING_PRE_DEFINED_CURVE_FONT( 'continuous' );
#3022 = COLOUR_RGB( '', 0.749019622800000, 0.749019622800000, 0.749019622800000 );
#3023 = AXIS2_PLACEMENT_3D( '', #4148, #4149, #4150 );
#3024 = SURFACE_SIDE_STYLE( '', ( #4151 ) );
#3025 = EDGE_LOOP( '', ( #4152, #4153, #4154, #4155, #4156, #4157 ) );
#3026 = AXIS2_PLACEMENT_3D( '', #4158, #4159, #4160 );
#3027 = SURFACE_SIDE_STYLE( '', ( #4161 ) );
#3028 = EDGE_LOOP( '', ( #4162, #4163, #4164, #4165 ) );
#3029 = AXIS2_PLACEMENT_3D( '', #4166, #4167, #4168 );
#3030 = DRAUGHTING_PRE_DEFINED_CURVE_FONT( 'continuous' );
#3031 = COLOUR_RGB( '', 0.749019622800000, 0.749019622800000, 0.749019622800000 );
#3032 = CARTESIAN_POINT( '', ( 0.00517500000001000, -0.00102887930496900, 0.00000000000000 ) );
#3033 = VECTOR( '', #4169, 1.00000000000000 );
#3034 = DRAUGHTING_PRE_DEFINED_CURVE_FONT( 'continuous' );
#3035 = COLOUR_RGB( '', 0.749019622800000, 0.749019622800000, 0.749019622800000 );
#3036 = CARTESIAN_POINT( '', ( -0.00554970943082200, 0.000638199999936000, 0.00000000000000 ) );
#3037 = VECTOR( '', #4170, 1.00000000000000 );
#3038 = DRAUGHTING_PRE_DEFINED_CURVE_FONT( 'continuous' );
#3039 = COLOUR_RGB( '', 0.749019622800000, 0.749019622800000, 0.749019622800000 );
#3040 = AXIS2_PLACEMENT_3D( '', #4171, #4172, #4173 );
#3041 = DRAUGHTING_PRE_DEFINED_CURVE_FONT( 'continuous' );
#3042 = COLOUR_RGB( '', 0.749019622800000, 0.749019622800000, 0.749019622800000 );
#3043 = AXIS2_PLACEMENT_3D( '', #4174, #4175, #4176 );
#3045 = DIRECTION( '', ( 0.00000000000000, 0.00000000000000, -1.00000000000000 ) );
#3046 = DIRECTION( '', ( 0.00000000000000, 0.765493796798824, 0.643443274160606 ) );
#3047 = DIRECTION( '', ( -1.00000000000000, 0.00000000000000, 0.00000000000000 ) );
#3048 = SURFACE_STYLE_FILL_AREA( #4177 );
#3049 = ORIENTED_EDGE( '', *, *, #531, .T. );
#3050 = ORIENTED_EDGE( '', *, *, #587, .T. );
#3051 = ORIENTED_EDGE( '', *, *, #383, .F. );
#3052 = ORIENTED_EDGE( '', *, *, #617, .T. );
#3053 = CARTESIAN_POINT( '', ( 0.00000000000000, 0.00246027864911600, 0.00664862910621500 ) );
#3054 = DIRECTION( '', ( 1.00000000000000, -1.11022302462483E-16, -5.72594318545075E-30 ) );
#3055 = DIRECTION( '', ( -1.05325004057046E-16, -0.948683298048514, 0.316227766022838 ) );
#3056 = CARTESIAN_POINT( '', ( 0.00505000000001000, -0.000544756386693000, 0.000600000000022000 ) );
#3057 = DIRECTION( '', ( 0.00000000000000, 0.00000000000000, -1.00000000000000 ) );
#3058 = DIRECTION( '', ( 0.790569415039777, -0.612372435698786, 0.00000000000000 ) );
#3059 = SURFACE_STYLE_FILL_AREA( #4178 );
#3060 = ORIENTED_EDGE( '', *, *, #489, .T. );
#3061 = ORIENTED_EDGE( '', *, *, #583, .F. );
#3062 = ORIENTED_EDGE( '', *, *, #619, .T. );
#3063 = ORIENTED_EDGE( '', *, *, #549, .T. );
#3064 = CARTESIAN_POINT( '', ( 0.00555000000000000, -0.00840476114186500, 0.0107065535587690 ) );
#3065 = DIRECTION( '', ( 1.00000000000000, -1.11022302462515E-16, -1.42361808913166E-29 ) );
#3066 = DIRECTION( '', ( 8.09472550952426E-17, 0.729108055767113, 0.684398599513106 ) );
#3067 = SURFACE_STYLE_FILL_AREA( #4179 );
#3068 = ORIENTED_EDGE( '', *, *, #525, .T. );
#3069 = ORIENTED_EDGE( '', *, *, #351, .T. );
#3070 = ORIENTED_EDGE( '', *, *, #937, .F. );
#3071 = ORIENTED_EDGE( '', *, *, #423, .T. );
#3072 = CARTESIAN_POINT( '', ( 0.00000000000000, -0.00379639445104400, 0.0163173229620570 ) );
#3073 = DIRECTION( '', ( 1.00000000000000, -1.11022302462460E-16, -1.26216410032139E-30 ) );
#3074 = DIRECTION( '', ( 1.10966806987755E-16, 0.999500141201597, -0.0316143596801772 ) );
#3075 = CARTESIAN_POINT( '', ( -0.00525000000001000, -6.18000000844500E-05, -0.00400000000001000 ) );
#3076 = DIRECTION( '', ( -1.00000000000000, 0.00000000000000, 0.00000000000000 ) );
#3077 = DIRECTION( '', ( 0.00000000000000, -0.707106781186547, -0.707106781186547 ) );
#3078 = SURFACE_STYLE_FILL_AREA( #4180 );
#3079 = ORIENTED_EDGE( '', *, *, #427, .T. );
#3080 = ORIENTED_EDGE( '', *, *, #703, .T. );
#3081 = ORIENTED_EDGE( '', *, *, #419, .T. );
#3082 = ORIENTED_EDGE( '', *, *, #601, .F. );
#3083 = ORIENTED_EDGE( '', *, *, #695, .F. );
#3084 = ORIENTED_EDGE( '', *, *, #873, .F. );
#3085 = ORIENTED_EDGE( '', *, *, #547, .T. );
#3086 = ORIENTED_EDGE( '', *, *, #383, .T. );
#3087 = ORIENTED_EDGE( '', *, *, #355, .T. );
#3088 = ORIENTED_EDGE( '', *, *, #501, .F. );
#3089 = CARTESIAN_POINT( '', ( 0.00455000000000000, 3.82000000000000E-05, 0.0115634768619920 ) );
#3090 = DIRECTION( '', ( 1.00000000000000, -1.11022302462500E-16, 0.00000000000000 ) );
#3091 = DIRECTION( '', ( 0.00000000000000, 0.00000000000000, 1.00000000000000 ) );
#3092 = SURFACE_STYLE_FILL_AREA( #4181 );
#3093 = ORIENTED_EDGE( '', *, *, #739, .T. );
#3094 = ORIENTED_EDGE( '', *, *, #507, .T. );
#3095 = ORIENTED_EDGE( '', *, *, #935, .T. );
#3096 = ORIENTED_EDGE( '', *, *, #461, .T. );
#3097 = ORIENTED_EDGE( '', *, *, #853, .T. );
#3098 = CARTESIAN_POINT( '', ( -0.00505000000000000, 0.00449413973274200, 0.00000000000000 ) );
#3099 = DIRECTION( '', ( -0.00000000000000, -0.00000000000000, -1.00000000000000 ) );
#3100 = DIRECTION( '', ( -0.790569415041960, -0.612372435695969, 0.00000000000000 ) );
#3101 = DIRECTION( '', ( 1.00000000000000, 0.00000000000000, 0.00000000000000 ) );
#3102 = DIRECTION( '', ( -1.00000000000000, 0.00000000000000, 0.00000000000000 ) );
#3103 = DIRECTION( '', ( 0.00000000000000, -0.447213595493158, 0.894427191003316 ) );
#3104 = SURFACE_STYLE_FILL_AREA( #4182 );
#3105 = ORIENTED_EDGE( '', *, *, #859, .F. );
#3106 = ORIENTED_EDGE( '', *, *, #885, .F. );
#3107 = ORIENTED_EDGE( '', *, *, #635, .F. );
#3108 = ORIENTED_EDGE( '', *, *, #921, .F. );
#3109 = CARTESIAN_POINT( '', ( -0.00525000000000000, -0.000561800000074000, 0.00000000000000 ) );
#3110 = DIRECTION( '', ( -1.11022302462500E-16, -1.00000000000000, 0.00000000000000 ) );
#3111 = DIRECTION( '', ( -1.00000000000000, 1.11022302462500E-16, 0.00000000000000 ) );
#3112 = DIRECTION( '', ( 0.00000000000000, 0.00000000000000, 1.00000000000000 ) );
#3113 = SURFACE_STYLE_FILL_AREA( #4183 );
#3114 = ORIENTED_EDGE( '', *, *, #673, .F. );
#3115 = ORIENTED_EDGE( '', *, *, #933, .F. );
#3116 = ORIENTED_EDGE( '', *, *, #613, .F. );
#3117 = ORIENTED_EDGE( '', *, *, #877, .T. );
#3118 = CARTESIAN_POINT( '', ( -0.00555000000000000, 0.000638199999926000, 0.00000000000000 ) );
#3119 = DIRECTION( '', ( 1.36845553156662E-48, 1.00000000000000, 1.23259516440748E-32 ) );
#3120 = DIRECTION( '', ( 1.00000000000000, 2.27893625898235E-63, -1.11022302462500E-16 ) );
#3121 = DIRECTION( '', ( -1.00000000000000, 0.00000000000000, 0.00000000000000 ) );
#3122 = DIRECTION( '', ( 0.00000000000000, 0.684398599515493, -0.729108055764872 ) );
#3123 = CARTESIAN_POINT( '', ( -0.00555000000001000, 3.82000000100000E-05, 0.0119400000000100 ) );
#3124 = DIRECTION( '', ( -1.00000000000000, 0.00000000000000, 7.43184139828979E-14 ) );
#3125 = DIRECTION( '', ( 0.00000000000000, 0.684398599515221, 0.729108055765127 ) );
#3126 = CARTESIAN_POINT( '', ( -0.00555000000001000, -0.00528458640451000, 0.000400000000010000 ) );
#3127 = DIRECTION( '', ( 1.00000000000000, 0.00000000000000, 0.00000000000000 ) );
#3128 = DIRECTION( '', ( 0.00000000000000, -0.850650808347818, -0.525731112125965 ) );
#3129 = SURFACE_STYLE_FILL_AREA( #4184 );
#3130 = ORIENTED_EDGE( '', *, *, #779, .T. );
#3131 = ORIENTED_EDGE( '', *, *, #603, .T. );
#3132 = ORIENTED_EDGE( '', *, *, #825, .T. );
#3133 = ORIENTED_EDGE( '', *, *, #569, .T. );
#3134 = ORIENTED_EDGE( '', *, *, #673, .T. );
#3135 = CARTESIAN_POINT( '', ( -0.00547500000000000, 0.000138199999926000, -0.00400000000000000 ) );
#3136 = DIRECTION( '', ( -1.00000000000000, 1.11022302462473E-16, 2.68130261422563E-29 ) );
#3137 = DIRECTION( '', ( 7.85046229341398E-17, 0.707106781186548, -0.707106781186548 ) );
#3138 = DIRECTION( '', ( -1.00000000000000, 0.00000000000000, 0.00000000000000 ) );
#3139 = DIRECTION( '', ( 0.00000000000000, -0.447213595493158, 0.894427191003316 ) );
#3140 = SURFACE_STYLE_FILL_AREA( #4185 );
#3141 = ORIENTED_EDGE( '', *, *, #581, .T. );
#3142 = ORIENTED_EDGE( '', *, *, #687, .T. );
#3143 = ORIENTED_EDGE( '', *, *, #579, .F. );
#3144 = ORIENTED_EDGE( '', *, *, #551, .F. );
#3145 = CARTESIAN_POINT( '', ( 0.00555000000000000, 3.82000000000000E-05, 0.0119400000000000 ) );
#3146 = DIRECTION( '', ( 1.00000000000000, -1.11022302462503E-16, -6.15299158298818E-30 ) );
#3147 = DIRECTION( '', ( -4.96506830649453E-17, -0.447213595499958, -0.894427190999916 ) );
#3148 = SURFACE_STYLE_FILL_AREA( #4186 );
#3149 = ORIENTED_EDGE( '', *, *, #537, .F. );
#3150 = ORIENTED_EDGE( '', *, *, #381, .F. );
#3151 = ORIENTED_EDGE( '', *, *, #805, .F. );
#3152 = ORIENTED_EDGE( '', *, *, #399, .T. );
#3153 = ORIENTED_EDGE( '', *, *, #583, .T. );
#3154 = ORIENTED_EDGE( '', *, *, #477, .F. );
#3155 = ORIENTED_EDGE( '', *, *, #351, .F. );
#3156 = ORIENTED_EDGE( '', *, *, #655, .F. );
#3157 = CARTESIAN_POINT( '', ( 0.00555000000000000, -0.00454566916296100, 0.0177000000000930 ) );
#3158 = DIRECTION( '', ( 8.09472550937078E-17, 0.729108055753070, 0.684398599528066 ) );
#3159 = DIRECTION( '', ( 1.00000000000000, 8.98695063852029E-33, -1.18275015684611E-16 ) );
#3160 = DIRECTION( '', ( -1.00000000000000, 0.00000000000000, 0.00000000000000 ) );
#3161 = CARTESIAN_POINT( '', ( 0.00455000000001000, 0.00246027864912600, 0.00664862910622500 ) );
#3162 = DIRECTION( '', ( 1.00000000000000, 0.00000000000000, 0.00000000000000 ) );
#3163 = DIRECTION( '', ( 0.00000000000000, -0.948683298043514, 0.316227766037838 ) );
#3164 = DIRECTION( '', ( 0.00000000000000, -0.894427190997316, 0.447213595505158 ) );
#3165 = CARTESIAN_POINT( '', ( 0.00455000000001000, 3.82000000100000E-05, 0.0119400000000100 ) );
#3166 = DIRECTION( '', ( -1.00000000000000, 0.00000000000000, 7.43184139828979E-14 ) );
#3167 = DIRECTION( '', ( 0.00000000000000, 0.684398599515221, 0.729108055765127 ) );
#3168 = DIRECTION( '', ( 0.00000000000000, -0.729108055751797, 0.684398599529422 ) );
#3169 = DIRECTION( '', ( 0.00000000000000, -1.00000000000000, 0.00000000000000 ) );
#3170 = DIRECTION( '', ( 0.707106781184930, 0.483942890762740, 0.515557250441200 ) );
#3171 = SURFACE_STYLE_FILL_AREA( #4187 );
#3172 = ORIENTED_EDGE( '', *, *, #891, .F. );
#3173 = ORIENTED_EDGE( '', *, *, #521, .F. );
#3174 = ORIENTED_EDGE( '', *, *, #679, .F. );
#3175 = ORIENTED_EDGE( '', *, *, #753, .F. );
#3176 = ORIENTED_EDGE( '', *, *, #791, .F. );
#3177 = ORIENTED_EDGE( '', *, *, #475, .T. );
#3178 = CARTESIAN_POINT( '', ( 0.00525000000000000, -0.000561800000074000, 0.00000000000000 ) );
#3179 = DIRECTION( '', ( -1.00000000000000, 1.11022302462500E-16, 0.00000000000000 ) );
#3180 = DIRECTION( '', ( 0.00000000000000, 0.00000000000000, 1.00000000000000 ) );
#3181 = CARTESIAN_POINT( '', ( -0.00555000000001000, 0.00325968140387900, 0.00639146438327200 ) );
#3182 = DIRECTION( '', ( -1.00000000000000, 0.00000000000000, 0.00000000000000 ) );
#3183 = DIRECTION( '', ( 0.00000000000000, -0.958084185796109, 0.286486811088062 ) );
#3184 = DIRECTION( '', ( 0.00000000000000, 0.684398599528392, -0.729108055752764 ) );
#3185 = DIRECTION( '', ( -1.00000000000000, 0.00000000000000, 0.00000000000000 ) );
#3186 = DIRECTION( '', ( 0.707106781184930, -0.483942890762740, -0.515557250441200 ) );
#3187 = SURFACE_STYLE_FILL_AREA( #4188 );
#3188 = ORIENTED_EDGE( '', *, *, #359, .T. );
#3189 = ORIENTED_EDGE( '', *, *, #551, .T. );
#3190 = ORIENTED_EDGE( '', *, *, #697, .F. );
#3191 = ORIENTED_EDGE( '', *, *, #663, .F. );
#3192 = CARTESIAN_POINT( '', ( 0.00555000000000000, -0.00593180000000000, 0.0111980135307030 ) );
#3193 = DIRECTION( '', ( -1.11022302462500E-16, -1.00000000000000, 0.00000000000000 ) );
#3194 = DIRECTION( '', ( -1.00000000000000, 1.11022302462500E-16, 0.00000000000000 ) );
#3195 = SURFACE_STYLE_FILL_AREA( #4189 );
#3196 = ORIENTED_EDGE( '', *, *, #695, .T. );
#3197 = ORIENTED_EDGE( '', *, *, #333, .F. );
#3198 = ORIENTED_EDGE( '', *, *, #431, .F. );
#3199 = ORIENTED_EDGE( '', *, *, #719, .T. );
#3200 = CARTESIAN_POINT( '', ( 0.00555000000000000, 0.00848116114186500, 0.0107065535587690 ) );
#3201 = DIRECTION( '', ( 1.00000000000000, -1.11022302462503E-16, -1.67352012068087E-30 ) );
#3202 = DIRECTION( '', ( -9.93013661298807E-17, -0.894427190999916, -0.447213595499958 ) );
#3203 = CARTESIAN_POINT( '', ( 0.00505000000001000, -0.000544756386693000, 0.00000000000000 ) );
#3204 = DIRECTION( '', ( 0.00000000000000, 0.00000000000000, 1.00000000000000 ) );
#3205 = DIRECTION( '', ( 0.790569415039777, -0.612372435698786, 0.00000000000000 ) );
#3206 = DIRECTION( '', ( 1.00000000000000, 0.00000000000000, 0.00000000000000 ) );
#3207 = DIRECTION( '', ( 0.00000000000000, 0.684398599515493, -0.729108055764872 ) );
#3208 = SURFACE_STYLE_FILL_AREA( #4190 );
#3209 = ORIENTED_EDGE( '', *, *, #555, .T. );
#3210 = ORIENTED_EDGE( '', *, *, #811, .T. );
#3211 = ORIENTED_EDGE( '', *, *, #513, .T. );
#3212 = ORIENTED_EDGE( '', *, *, #425, .T. );
#3213 = CARTESIAN_POINT( '', ( 0.00555000000000000, -0.00318328140386900, 0.00639146438326200 ) );
#3214 = DIRECTION( '', ( 1.00000000000000, -1.11022302462465E-16, 1.04967972108584E-29 ) );
#3215 = DIRECTION( '', ( 1.06368712260491E-16, 0.958084185800919, 0.286486811071976 ) );
#3216 = SURFACE_STYLE_FILL_AREA( #4191 );
#3217 = ORIENTED_EDGE( '', *, *, #811, .F. );
#3218 = ORIENTED_EDGE( '', *, *, #633, .T. );
#3219 = ORIENTED_EDGE( '', *, *, #663, .T. );
#3220 = ORIENTED_EDGE( '', *, *, #677, .F. );
#3221 = CARTESIAN_POINT( '', ( 0.00555000000000000, 3.82000000000000E-05, 0.0119400000000000 ) );
#3222 = DIRECTION( '', ( 1.00000000000000, -1.11022302462503E-16, -6.15299158298818E-30 ) );
#3223 = DIRECTION( '', ( -4.96506830649453E-17, -0.447213595499958, -0.894427190999916 ) );
#3224 = DIRECTION( '', ( 0.00000000000000, 0.729108055872844, -0.684398599400467 ) );
#3225 = CARTESIAN_POINT( '', ( -0.00555000000001000, 0.00255764805964800, 0.000600000000022000 ) );
#3226 = DIRECTION( '', ( 0.00000000000000, 0.00000000000000, -1.00000000000000 ) );
#3227 = DIRECTION( '', ( 0.00000000000000, 1.00000000000000, 0.00000000000000 ) );
#3228 = DIRECTION( '', ( -1.00000000000000, 0.00000000000000, 0.00000000000000 ) );
#3229 = DIRECTION( '', ( 1.00000000000000, 0.00000000000000, 0.00000000000000 ) );
#3230 = DIRECTION( '', ( 0.00000000000000, 0.684398599529422, 0.729108055751797 ) );
#3231 = CARTESIAN_POINT( '', ( -0.00555000000001000, -0.00248124805979700, 0.00000000000000 ) );
#3232 = DIRECTION( '', ( 0.00000000000000, -0.00000000000000, 1.00000000000000 ) );
#3233 = DIRECTION( '', ( 0.00000000000000, 1.00000000000000, 0.00000000000000 ) );
#3234 = CARTESIAN_POINT( '', ( 0.00555000000001000, 0.00848116114187500, 0.0107065535587790 ) );
#3235 = DIRECTION( '', ( -1.00000000000000, 0.00000000000000, -6.38876564997491E-13 ) );
#3236 = DIRECTION( '', ( 0.00000000000000, -0.894427190999630, -0.447213595500530 ) );
#3237 = SURFACE_STYLE_FILL_AREA( #4192 );
#3238 = ORIENTED_EDGE( '', *, *, #449, .F. );
#3239 = ORIENTED_EDGE( '', *, *, #475, .F. );
#3240 = ORIENTED_EDGE( '', *, *, #373, .F. );
#3241 = ORIENTED_EDGE( '', *, *, #881, .F. );
#3242 = CARTESIAN_POINT( '', ( 0.00525000000000000, 0.000638199999926000, 0.00000000000000 ) );
#3243 = DIRECTION( '', ( 1.36845553156662E-48, 1.00000000000000, 1.23259516440748E-32 ) );
#3244 = DIRECTION( '', ( 1.00000000000000, 2.27893625898235E-63, -1.11022302462500E-16 ) );
#3245 = SURFACE_STYLE_FILL_AREA( #4193 );
#3246 = ORIENTED_EDGE( '', *, *, #393, .F. );
#3247 = ORIENTED_EDGE( '', *, *, #481, .F. );
#3248 = ORIENTED_EDGE( '', *, *, #783, .F. );
#3249 = ORIENTED_EDGE( '', *, *, #427, .F. );
#3250 = ORIENTED_EDGE( '', *, *, #485, .F. );
#3251 = ORIENTED_EDGE( '', *, *, #469, .T. );
#3252 = ORIENTED_EDGE( '', *, *, #403, .F. );
#3253 = ORIENTED_EDGE( '', *, *, #363, .T. );
#3254 = CARTESIAN_POINT( '', ( 0.00555000000000000, 0.00293993991787000, 0.0159079829150870 ) );
#3255 = DIRECTION( '', ( -8.09472550936114E-17, -0.729108055752103, 0.684398599529096 ) );
#3256 = DIRECTION( '', ( -1.00000000000000, 1.11022302462577E-16, 2.53075921292117E-32 ) );
#3257 = SURFACE_STYLE_FILL_AREA( #4194 );
#3258 = ORIENTED_EDGE( '', *, *, #865, .F. );
#3259 = ORIENTED_EDGE( '', *, *, #749, .F. );
#3260 = ORIENTED_EDGE( '', *, *, #471, .F. );
#3261 = ORIENTED_EDGE( '', *, *, #905, .T. );
#3262 = ORIENTED_EDGE( '', *, *, #431, .T. );
#3263 = ORIENTED_EDGE( '', *, *, #543, .F. );
#3264 = ORIENTED_EDGE( '', *, *, #671, .F. );
#3265 = ORIENTED_EDGE( '', *, *, #469, .F. );
#3266 = ORIENTED_EDGE( '', *, *, #889, .F. );
#3267 = ORIENTED_EDGE( '', *, *, #455, .F. );
#3268 = ORIENTED_EDGE( '', *, *, #545, .F. );
#3269 = CARTESIAN_POINT( '', ( 0.00555000000000000, 3.81999999762100E-05, 0.00732739983509900 ) );
#3270 = DIRECTION( '', ( -1.00000000000000, 1.11022302462500E-16, 0.00000000000000 ) );
#3271 = DIRECTION( '', ( 0.00000000000000, 0.00000000000000, 1.00000000000000 ) );
#3272 = DIRECTION( '', ( 1.00000000000000, 0.00000000000000, 0.00000000000000 ) );
#3273 = CARTESIAN_POINT( '', ( 0.00455000000001000, 0.00325968140387900, 0.00639146438327200 ) );
#3274 = DIRECTION( '', ( 1.00000000000000, 0.00000000000000, 0.00000000000000 ) );
#3275 = DIRECTION( '', ( 0.00000000000000, -0.958084185796109, 0.286486811088062 ) );
#3276 = DIRECTION( '', ( 0.00000000000000, -0.684398599515493, 0.729108055764872 ) );
#3277 = DIRECTION( '', ( -1.00000000000000, 0.00000000000000, 0.00000000000000 ) );
#3278 = DIRECTION( '', ( 1.00000000000000, 0.00000000000000, 0.00000000000000 ) );
#3279 = DIRECTION( '', ( 1.00000000000000, 0.00000000000000, 0.00000000000000 ) );
#3280 = CARTESIAN_POINT( '', ( 0.00505000000001000, 0.000621156386545000, 0.000600000000022000 ) );
#3281 = DIRECTION( '', ( 0.00000000000000, 0.00000000000000, -1.00000000000000 ) );
#3282 = DIRECTION( '', ( 0.790569415039777, 0.612372435698786, 0.00000000000000 ) );
#3283 = SURFACE_STYLE_FILL_AREA( #4195 );
#3284 = ORIENTED_EDGE( '', *, *, #935, .F. );
#3285 = ORIENTED_EDGE( '', *, *, #421, .T. );
#3286 = ORIENTED_EDGE( '', *, *, #609, .F. );
#3287 = ORIENTED_EDGE( '', *, *, #733, .F. );
#3288 = ORIENTED_EDGE( '', *, *, #851, .F. );
#3289 = ORIENTED_EDGE( '', *, *, #621, .T. );
#3290 = ORIENTED_EDGE( '', *, *, #699, .F. );
#3291 = ORIENTED_EDGE( '', *, *, #445, .F. );
#3292 = ORIENTED_EDGE( '', *, *, #577, .F. );
#3293 = ORIENTED_EDGE( '', *, *, #741, .T. );
#3294 = ORIENTED_EDGE( '', *, *, #337, .F. );
#3295 = ORIENTED_EDGE( '', *, *, #913, .T. );
#3296 = ORIENTED_EDGE( '', *, *, #451, .F. );
#3297 = ORIENTED_EDGE( '', *, *, #659, .T. );
#3298 = ORIENTED_EDGE( '', *, *, #919, .F. );
#3299 = ORIENTED_EDGE( '', *, *, #661, .F. );
#3300 = ORIENTED_EDGE( '', *, *, #629, .T. );
#3301 = CARTESIAN_POINT( '', ( 0.00555000000000000, -0.00496097960674300, 0.000600000000012000 ) );
#3302 = DIRECTION( '', ( 1.65377069870081E-38, 0.00000000000000, 1.00000000000000 ) );
#3303 = DIRECTION( '', ( 1.00000000000000, 1.35501081440300E-27, -1.56607307231965E-53 ) );
#3304 = DIRECTION( '', ( 0.00000000000000, -0.447213595493158, 0.894427191003316 ) );
#3305 = DIRECTION( '', ( 0.00000000000000, -0.447213595503958, -0.894427190997916 ) );
#3306 = DIRECTION( '', ( 1.00000000000000, 0.00000000000000, 0.00000000000000 ) );
#3307 = CARTESIAN_POINT( '', ( 0.00455000000001000, 3.82000000100000E-05, 0.0119400000000100 ) );
#3308 = DIRECTION( '', ( 1.00000000000000, 0.00000000000000, -8.25737017541690E-13 ) );
#3309 = DIRECTION( '', ( 0.00000000000000, 0.447213595500696, 0.894427190999547 ) );
#3310 = DIRECTION( '', ( 0.00000000000000, 0.00000000000000, -1.00000000000000 ) );
#3311 = DIRECTION( '', ( 0.00000000000000, 0.00000000000000, -1.00000000000000 ) );
#3312 = DIRECTION( '', ( 0.00000000000000, 0.684398599529422, 0.729108055751797 ) );
#3313 = CARTESIAN_POINT( '', ( 0.00555000000001000, 0.00536098640451000, 0.000400000000010000 ) );
#3314 = DIRECTION( '', ( -1.00000000000000, 0.00000000000000, 0.00000000000000 ) );
#3315 = DIRECTION( '', ( 0.00000000000000, 0.850650808347818, -0.525731112125965 ) );
#3316 = SURFACE_STYLE_FILL_AREA( #4196 );
#3317 = ORIENTED_EDGE( '', *, *, #743, .T. );
#3318 = ORIENTED_EDGE( '', *, *, #573, .T. );
#3319 = ORIENTED_EDGE( '', *, *, #903, .T. );
#3320 = ORIENTED_EDGE( '', *, *, #699, .T. );
#3321 = ORIENTED_EDGE( '', *, *, #329, .T. );
#3322 = CARTESIAN_POINT( '', ( -0.00505000000000000, -0.00441773973289100, 0.00000000000000 ) );
#3323 = DIRECTION( '', ( -0.00000000000000, -0.00000000000000, 1.00000000000000 ) );
#3324 = DIRECTION( '', ( -0.790569415041960, 0.612372435695969, 0.00000000000000 ) );
#3325 = DIRECTION( '', ( 0.00000000000000, 0.00000000000000, -1.00000000000000 ) );
#3326 = DIRECTION( '', ( 0.00000000000000, 0.684398599528392, -0.729108055752764 ) );
#3327 = DIRECTION( '', ( -1.00000000000000, 0.00000000000000, 0.00000000000000 ) );
#3328 = DIRECTION( '', ( 0.00000000000000, 0.684398599529422, 0.729108055751797 ) );
#3329 = DIRECTION( '', ( 0.00000000000000, 0.447213595503958, -0.894427190997916 ) );
#3330 = DIRECTION( '', ( -1.00000000000000, 0.00000000000000, 0.00000000000000 ) );
#3331 = CARTESIAN_POINT( '', ( 0.00555000000001000, -0.00431376601124800, 0.00100000000003000 ) );
#3332 = DIRECTION( '', ( 1.00000000000000, 0.00000000000000, 0.00000000000000 ) );
#3333 = DIRECTION( '', ( 0.00000000000000, -0.850650808344753, -0.525731112130924 ) );
#3334 = CARTESIAN_POINT( '', ( 0.00455000000001000, -0.00840476114187500, 0.0107065535587790 ) );
#3335 = DIRECTION( '', ( 1.00000000000000, 0.00000000000000, 5.88282319127778E-14 ) );
#3336 = DIRECTION( '', ( 0.00000000000000, 0.729108055767073, 0.684398599513149 ) );
#3337 = DIRECTION( '', ( 0.00000000000000, -0.684398599515493, -0.729108055764872 ) );
#3338 = DIRECTION( '', ( 0.00000000000000, 0.00000000000000, -1.00000000000000 ) );
#3339 = DIRECTION( '', ( -1.00000000000000, 0.00000000000000, 0.00000000000000 ) );
#3340 = DIRECTION( '', ( 0.00000000000000, 0.684398599515493, 0.729108055764872 ) );
#3341 = DIRECTION( '', ( 0.706575630642903, -0.484306136584709, 0.515944225908167 ) );
#3342 = CARTESIAN_POINT( '', ( 0.00455000000001000, 0.00848116114187500, 0.0107065535587790 ) );
#3343 = DIRECTION( '', ( 1.00000000000000, 0.00000000000000, 5.88438941527664E-13 ) );
#3344 = DIRECTION( '', ( 0.00000000000000, -0.894427191021653, -0.447213595456484 ) );
#3345 = DIRECTION( '', ( 0.00000000000000, -0.447213595503958, 0.894427190997916 ) );
#3346 = DIRECTION( '', ( 0.00000000000000, 0.00000000000000, -1.00000000000000 ) );
#3347 = DIRECTION( '', ( 0.00000000000000, 0.00000000000000, 1.00000000000000 ) );
#3348 = DIRECTION( '', ( 0.00000000000000, 0.729108055752764, 0.684398599528392 ) );
#3349 = DIRECTION( '', ( 0.00000000000000, -0.447213595505158, -0.894427190997316 ) );
#3350 = CARTESIAN_POINT( '', ( -0.00555000000001000, -0.00318328140387900, 0.00639146438327200 ) );
#3351 = DIRECTION( '', ( -1.00000000000000, 0.00000000000000, 0.00000000000000 ) );
#3352 = DIRECTION( '', ( 0.00000000000000, 0.958084185796109, 0.286486811088062 ) );
#3353 = SURFACE_STYLE_FILL_AREA( #4197 );
#3354 = ORIENTED_EDGE( '', *, *, #895, .T. );
#3355 = ORIENTED_EDGE( '', *, *, #829, .T. );
#3356 = ORIENTED_EDGE( '', *, *, #493, .F. );
#3357 = ORIENTED_EDGE( '', *, *, #823, .F. );
#3358 = CARTESIAN_POINT( '', ( 0.00555000000000000, 0.00600820000000000, 0.0126819864692970 ) );
#3359 = DIRECTION( '', ( 1.36845553156662E-48, 1.00000000000000, 1.23259516440748E-32 ) );
#3360 = DIRECTION( '', ( 1.00000000000000, 2.27893625898235E-63, -1.11022302462500E-16 ) );
#3361 = DIRECTION( '', ( 0.00000000000000, 0.894427190997316, -0.447213595505158 ) );
#3362 = SURFACE_STYLE_FILL_AREA( #4198 );
#3363 = ORIENTED_EDGE( '', *, *, #779, .F. );
#3364 = ORIENTED_EDGE( '', *, *, #877, .F. );
#3365 = ORIENTED_EDGE( '', *, *, #817, .F. );
#3366 = ORIENTED_EDGE( '', *, *, #885, .T. );
#3367 = ORIENTED_EDGE( '', *, *, #343, .F. );
#3368 = ORIENTED_EDGE( '', *, *, #391, .F. );
#3369 = CARTESIAN_POINT( '', ( -0.00525000000000000, 0.000638199999926000, 0.00000000000000 ) );
#3370 = DIRECTION( '', ( 1.00000000000000, -1.11022302462500E-16, 0.00000000000000 ) );
#3371 = DIRECTION( '', ( 0.00000000000000, 0.00000000000000, 1.00000000000000 ) );
#3372 = DIRECTION( '', ( 0.00000000000000, 1.00000000000000, 0.00000000000000 ) );
#3373 = DIRECTION( '', ( 0.00000000000000, -0.765493796798824, -0.643443274160606 ) );
#3374 = CARTESIAN_POINT( '', ( -0.00555000000001000, -0.00379639445105400, 0.0163173229620670 ) );
#3375 = DIRECTION( '', ( 1.00000000000000, 0.00000000000000, 0.00000000000000 ) );
#3376 = DIRECTION( '', ( 0.00000000000000, 0.999500141200832, -0.0316143597043623 ) );
#3377 = DIRECTION( '', ( 0.00000000000000, -0.729108055752764, -0.684398599528392 ) );
#3378 = SURFACE_STYLE_FILL_AREA( #4199 );
#3379 = ORIENTED_EDGE( '', *, *, #735, .F. );
#3380 = ORIENTED_EDGE( '', *, *, #643, .T. );
#3381 = ORIENTED_EDGE( '', *, *, #439, .F. );
#3382 = ORIENTED_EDGE( '', *, *, #521, .T. );
#3383 = CARTESIAN_POINT( '', ( 0.00540000000000000, 3.81999999255500E-05, -0.00450000000000000 ) );
#3384 = DIRECTION( '', ( 0.00000000000000, 0.00000000000000, -1.00000000000000 ) );
#3385 = DIRECTION( '', ( 0.00000000000000, -1.00000000000000, 0.00000000000000 ) );
#3386 = CARTESIAN_POINT( '', ( -0.00555000000001000, 0.00246027864912600, 0.00664862910622500 ) );
#3387 = DIRECTION( '', ( 1.00000000000000, 0.00000000000000, 0.00000000000000 ) );
#3388 = DIRECTION( '', ( 0.00000000000000, -0.948683298043514, 0.316227766037838 ) );
#3389 = CARTESIAN_POINT( '', ( 0.00505000000001000, 0.000621156386545000, 0.00000000000000 ) );
#3390 = DIRECTION( '', ( 0.00000000000000, -0.00000000000000, 1.00000000000000 ) );
#3391 = DIRECTION( '', ( 0.790569415039777, 0.612372435698786, 0.00000000000000 ) );
#3392 = SURFACE_STYLE_FILL_AREA( #4200 );
#3393 = ORIENTED_EDGE( '', *, *, #369, .T. );
#3394 = ORIENTED_EDGE( '', *, *, #447, .T. );
#3395 = ORIENTED_EDGE( '', *, *, #845, .T. );
#3396 = ORIENTED_EDGE( '', *, *, #821, .T. );
#3397 = CARTESIAN_POINT( '', ( 0.00555000000000000, -0.00528458640450000, 0.000400000000000000 ) );
#3398 = DIRECTION( '', ( 1.00000000000000, -1.11022302462512E-16, -7.43867518879728E-30 ) );
#3399 = DIRECTION( '', ( -9.44412113348498E-17, -0.850650808352089, -0.525731112119055 ) );
#3400 = DIRECTION( '', ( -0.706575630642740, 0.484306136593596, -0.515944225900048 ) );
#3401 = DIRECTION( '', ( -1.00000000000000, 0.00000000000000, 0.00000000000000 ) );
#3402 = DIRECTION( '', ( 1.00000000000000, 0.00000000000000, 0.00000000000000 ) );
#3403 = DIRECTION( '', ( 0.00000000000000, -0.684398599515493, -0.729108055764872 ) );
#3404 = CARTESIAN_POINT( '', ( 0.00555000000001000, 0.00439016601108900, 0.00100000000013600 ) );
#3405 = DIRECTION( '', ( 1.00000000000000, 0.00000000000000, 0.00000000000000 ) );
#3406 = DIRECTION( '', ( 0.00000000000000, 0.850650808347818, -0.525731112125965 ) );
#3407 = DIRECTION( '', ( 0.00000000000000, -0.894427190997916, -0.447213595503958 ) );
#3408 = DIRECTION( '', ( -1.00000000000000, 0.00000000000000, 0.00000000000000 ) );
#3409 = DIRECTION( '', ( -1.00000000000000, 0.00000000000000, 0.00000000000000 ) );
#3410 = SURFACE_STYLE_FILL_AREA( #4201 );
#3411 = ORIENTED_EDGE( '', *, *, #425, .F. );
#3412 = ORIENTED_EDGE( '', *, *, #563, .F. );
#3413 = ORIENTED_EDGE( '', *, *, #821, .F. );
#3414 = ORIENTED_EDGE( '', *, *, #855, .T. );
#3415 = ORIENTED_EDGE( '', *, *, #495, .T. );
#3416 = ORIENTED_EDGE( '', *, *, #887, .T. );
#3417 = ORIENTED_EDGE( '', *, *, #457, .T. );
#3418 = CARTESIAN_POINT( '', ( 0.00555000000000000, -0.00214377080486500, 0.00757605839027000 ) );
#3419 = DIRECTION( '', ( 9.93013661298807E-17, 0.894427190999916, -0.447213595499958 ) );
#3420 = DIRECTION( '', ( -1.00000000000000, -5.51233315270688E-32, -2.22044604925008E-16 ) );
#3421 = CARTESIAN_POINT( '', ( 0.00455000000001000, -0.00318328140387900, 0.00639146438327200 ) );
#3422 = DIRECTION( '', ( 1.00000000000000, 0.00000000000000, 0.00000000000000 ) );
#3423 = DIRECTION( '', ( 0.00000000000000, 0.958084185796109, 0.286486811088062 ) );
#3424 = SURFACE_STYLE_FILL_AREA( #4202 );
#3425 = ORIENTED_EDGE( '', *, *, #767, .T. );
#3426 = ORIENTED_EDGE( '', *, *, #823, .T. );
#3427 = ORIENTED_EDGE( '', *, *, #571, .F. );
#3428 = ORIENTED_EDGE( '', *, *, #883, .F. );
#3429 = CARTESIAN_POINT( '', ( 0.00555000000000000, 3.82000000000000E-05, 0.0119400000000000 ) );
#3430 = DIRECTION( '', ( 1.00000000000000, -1.11022302462530E-16, -3.22928122438248E-29 ) );
#3431 = DIRECTION( '', ( 7.59835083203285E-17, 0.684398599515167, 0.729108055765178 ) );
#3432 = DIRECTION( '', ( 0.00000000000000, -0.729108055751797, 0.684398599529422 ) );
#3433 = CARTESIAN_POINT( '', ( -0.00555000000001000, -6.18000000844500E-05, -0.00400000000001000 ) );
#3434 = DIRECTION( '', ( 1.00000000000000, 0.00000000000000, 0.00000000000000 ) );
#3435 = DIRECTION( '', ( 0.00000000000000, -0.707106781186547, -0.707106781186547 ) );
#3436 = DIRECTION( '', ( 0.00000000000000, 0.447213595503958, 0.894427190997916 ) );
#3437 = DIRECTION( '', ( 0.00000000000000, 0.00000000000000, 1.00000000000000 ) );
#3438 = CARTESIAN_POINT( '', ( 0.00555000000001000, -0.00840476114187500, 0.0107065535587790 ) );
#3439 = DIRECTION( '', ( -1.00000000000000, 0.00000000000000, -6.38706517854717E-14 ) );
#3440 = DIRECTION( '', ( 0.00000000000000, -0.729108055765134, -0.684398599515214 ) );
#3441 = CARTESIAN_POINT( '', ( -0.00555000000001000, 3.82000000100000E-05, 0.0119400000000100 ) );
#3442 = DIRECTION( '', ( -1.00000000000000, 0.00000000000000, 7.43184139828979E-14 ) );
#3443 = DIRECTION( '', ( 0.00000000000000, 0.684398599515221, 0.729108055765127 ) );
#3444 = DIRECTION( '', ( 0.00000000000000, 0.00000000000000, 1.00000000000000 ) );
#3445 = SURFACE_STYLE_FILL_AREA( #4203 );
#3446 = ORIENTED_EDGE( '', *, *, #903, .F. );
#3447 = ORIENTED_EDGE( '', *, *, #915, .T. );
#3448 = ORIENTED_EDGE( '', *, *, #593, .T. );
#3449 = ORIENTED_EDGE( '', *, *, #487, .T. );
#3450 = ORIENTED_EDGE( '', *, *, #773, .F. );
#3451 = ORIENTED_EDGE( '', *, *, #445, .T. );
#3452 = CARTESIAN_POINT( '', ( 0.00555000000000000, -0.00431376601123800, 0.00100000000002000 ) );
#3453 = DIRECTION( '', ( 1.00000000000000, -1.11022302462532E-16, -1.95793277808837E-29 ) );
#3454 = DIRECTION( '', ( -9.44412113345325E-17, -0.850650808349023, -0.525731112124015 ) );
#3455 = CARTESIAN_POINT( '', ( 0.00505000000001000, -0.00441773973290100, 0.000600000000022000 ) );
#3456 = DIRECTION( '', ( 0.00000000000000, 0.00000000000000, -1.00000000000000 ) );
#3457 = DIRECTION( '', ( 0.790569415039777, 0.612372435698786, 0.00000000000000 ) );
#3458 = CARTESIAN_POINT( '', ( -0.00555000000001000, 3.82000000100000E-05, 0.0119400000000100 ) );
#3459 = DIRECTION( '', ( -1.00000000000000, 0.00000000000000, 7.43382002753517E-13 ) );
#3460 = DIRECTION( '', ( 0.00000000000000, -0.447213595500623, -0.894427190999583 ) );
#3461 = CARTESIAN_POINT( '', ( 0.00455000000001000, 3.82000000100000E-05, 0.0119400000000100 ) );
#3462 = DIRECTION( '', ( -1.00000000000000, 0.00000000000000, 7.43382002753517E-13 ) );
#3463 = DIRECTION( '', ( 0.00000000000000, -0.447213595500623, -0.894427190999583 ) );
#3464 = DIRECTION( '', ( -1.00000000000000, 0.00000000000000, 0.00000000000000 ) );
#3465 = DIRECTION( '', ( 0.00000000000000, 0.00000000000000, -1.00000000000000 ) );
#3466 = DIRECTION( '', ( 1.00000000000000, 0.00000000000000, 0.00000000000000 ) );
#3467 = SURFACE_STYLE_FILL_AREA( #4204 );
#3468 = ORIENTED_EDGE( '', *, *, #561, .T. );
#3469 = ORIENTED_EDGE( '', *, *, #875, .T. );
#3470 = ORIENTED_EDGE( '', *, *, #343, .T. );
#3471 = ORIENTED_EDGE( '', *, *, #859, .T. );
#3472 = ORIENTED_EDGE( '', *, *, #837, .T. );
#3473 = CARTESIAN_POINT( '', ( -0.00532500000000000, -6.18000000744500E-05, -0.00400000000000000 ) );
#3474 = DIRECTION( '', ( 1.00000000000000, -1.11022302462473E-16, 2.68130261422563E-29 ) );
#3475 = DIRECTION( '', ( -7.85046229341398E-17, -0.707106781186548, -0.707106781186548 ) );
#3476 = SURFACE_STYLE_FILL_AREA( #4205 );
#3477 = ORIENTED_EDGE( '', *, *, #907, .T. );
#3478 = ORIENTED_EDGE( '', *, *, #869, .T. );
#3479 = ORIENTED_EDGE( '', *, *, #689, .F. );
#3480 = ORIENTED_EDGE( '', *, *, #539, .T. );
#3481 = CARTESIAN_POINT( '', ( 0.00000000000000, -0.00238387864912800, 0.00664862910622000 ) );
#3482 = DIRECTION( '', ( -1.00000000000000, 1.11022302462557E-16, 1.89227039833541E-29 ) );
#3483 = DIRECTION( '', ( 1.05325004057413E-16, 0.948683298051114, 0.316227766015038 ) );
#3484 = DIRECTION( '', ( 1.00000000000000, 0.00000000000000, 0.00000000000000 ) );
#3485 = DIRECTION( '', ( -1.00000000000000, 0.00000000000000, 0.00000000000000 ) );
#3486 = SURFACE_STYLE_FILL_AREA( #4206 );
#3487 = ORIENTED_EDGE( '', *, *, #603, .F. );
#3488 = ORIENTED_EDGE( '', *, *, #391, .T. );
#3489 = ORIENTED_EDGE( '', *, *, #875, .F. );
#3490 = ORIENTED_EDGE( '', *, *, #843, .T. );
#3491 = CARTESIAN_POINT( '', ( -0.00540000000000000, 3.81999999255500E-05, -0.00450000000000000 ) );
#3492 = DIRECTION( '', ( 0.00000000000000, 0.00000000000000, -1.00000000000000 ) );
#3493 = DIRECTION( '', ( 0.00000000000000, -1.00000000000000, 0.00000000000000 ) );
#3494 = DIRECTION( '', ( 0.00000000000000, 0.684398599515493, 0.729108055764872 ) );
#3495 = DIRECTION( '', ( -1.00000000000000, 0.00000000000000, 0.00000000000000 ) );
#3496 = SURFACE_STYLE_FILL_AREA( #4207 );
#3497 = ORIENTED_EDGE( '', *, *, #565, .F. );
#3498 = ORIENTED_EDGE( '', *, *, #611, .F. );
#3499 = ORIENTED_EDGE( '', *, *, #931, .F. );
#3500 = ORIENTED_EDGE( '', *, *, #741, .F. );
#3501 = CARTESIAN_POINT( '', ( 0.00555000000000000, -0.00248124805978700, 0.00000000000000 ) );
#3502 = DIRECTION( '', ( -0.00000000000000, 0.00000000000000, -1.00000000000000 ) );
#3503 = DIRECTION( '', ( 1.11022302462500E-16, 1.00000000000000, 0.00000000000000 ) );
#3504 = SURFACE_STYLE_FILL_AREA( #4208 );
#3505 = ORIENTED_EDGE( '', *, *, #819, .F. );
#3506 = ORIENTED_EDGE( '', *, *, #835, .T. );
#3507 = ORIENTED_EDGE( '', *, *, #795, .F. );
#3508 = ORIENTED_EDGE( '', *, *, #543, .T. );
#3509 = ORIENTED_EDGE( '', *, *, #333, .T. );
#3510 = ORIENTED_EDGE( '', *, *, #601, .T. );
#3511 = ORIENTED_EDGE( '', *, *, #497, .T. );
#3512 = ORIENTED_EDGE( '', *, *, #883, .T. );
#3513 = ORIENTED_EDGE( '', *, *, #491, .F. );
#3514 = CARTESIAN_POINT( '', ( 0.00555000000000000, 0.00600820000000000, 0.0183000000000000 ) );
#3515 = DIRECTION( '', ( 8.09472550950198E-17, 0.729108055765178, -0.684398599515167 ) );
#3516 = DIRECTION( '', ( -1.00000000000000, 6.29086544706867E-32, -1.18275015688757E-16 ) );
#3517 = CARTESIAN_POINT( '', ( -0.00505000000001000, 0.000621156386545000, 0.000600000000022000 ) );
#3518 = DIRECTION( '', ( 0.00000000000000, 0.00000000000000, -1.00000000000000 ) );
#3519 = DIRECTION( '', ( -0.790569415039777, 0.612372435698786, 0.00000000000000 ) );
#3520 = CARTESIAN_POINT( '', ( 0.00555000000001000, -0.00248124805979700, 0.00000000000000 ) );
#3521 = DIRECTION( '', ( 0.00000000000000, -0.00000000000000, 1.00000000000000 ) );
#3522 = DIRECTION( '', ( 0.00000000000000, 1.00000000000000, 0.00000000000000 ) );
#3523 = DIRECTION( '', ( -1.00000000000000, 0.00000000000000, 0.00000000000000 ) );
#3524 = SURFACE_STYLE_FILL_AREA( #4209 );
#3525 = ORIENTED_EDGE( '', *, *, #667, .T. );
#3526 = ORIENTED_EDGE( '', *, *, #735, .T. );
#3527 = ORIENTED_EDGE( '', *, *, #891, .T. );
#3528 = ORIENTED_EDGE( '', *, *, #449, .T. );
#3529 = ORIENTED_EDGE( '', *, *, #599, .T. );
#3530 = CARTESIAN_POINT( '', ( 0.00532500000000000, 0.000138199999926000, -0.00400000000000000 ) );
#3531 = DIRECTION( '', ( -1.00000000000000, 1.11022302462473E-16, 2.68130261422563E-29 ) );
#3532 = DIRECTION( '', ( 7.85046229341398E-17, 0.707106781186548, -0.707106781186548 ) );
#3533 = DIRECTION( '', ( -1.00000000000000, 0.00000000000000, 0.00000000000000 ) );
#3534 = CARTESIAN_POINT( '', ( 0.00555000000001000, -0.00840476114187500, 0.0107065535587790 ) );
#3535 = DIRECTION( '', ( -1.00000000000000, 0.00000000000000, -5.88282319127778E-14 ) );
#3536 = DIRECTION( '', ( 0.00000000000000, 0.729108055767073, 0.684398599513149 ) );
#3537 = CARTESIAN_POINT( '', ( -0.00555000000001000, -0.00248124805979700, 0.000600000000022000 ) );
#3538 = DIRECTION( '', ( 0.00000000000000, 0.00000000000000, -1.00000000000000 ) );
#3539 = DIRECTION( '', ( 0.00000000000000, 1.00000000000000, 0.00000000000000 ) );
#3540 = SURFACE_STYLE_FILL_AREA( #4210 );
#3541 = ORIENTED_EDGE( '', *, *, #541, .F. );
#3542 = ORIENTED_EDGE( '', *, *, #861, .F. );
#3543 = ORIENTED_EDGE( '', *, *, #479, .F. );
#3544 = ORIENTED_EDGE( '', *, *, #419, .F. );
#3545 = CARTESIAN_POINT( '', ( -0.00555000000000000, 0.00374485662239600, 0.0158888000198390 ) );
#3546 = DIRECTION( '', ( 7.59835083075557E-17, 0.684398599400141, 0.729108055873150 ) );
#3547 = DIRECTION( '', ( 1.00000000000000, -1.11022302462561E-16, -8.98695064000039E-32 ) );
#3548 = SURFACE_STYLE_FILL_AREA( #4211 );
#3549 = ORIENTED_EDGE( '', *, *, #617, .F. );
#3550 = ORIENTED_EDGE( '', *, *, #547, .F. );
#3551 = ORIENTED_EDGE( '', *, *, #353, .T. );
#3552 = ORIENTED_EDGE( '', *, *, #781, .F. );
#3553 = CARTESIAN_POINT( '', ( -0.00555000000000000, 0.00192362233452000, 0.00682751454441700 ) );
#3554 = DIRECTION( '', ( 4.96506830649453E-17, 0.447213595499958, -0.894427190999916 ) );
#3555 = DIRECTION( '', ( -1.00000000000000, -2.75616657635344E-32, -5.55111512312576E-17 ) );
#3556 = SURFACE_STYLE_FILL_AREA( #4212 );
#3557 = ORIENTED_EDGE( '', *, *, #653, .T. );
#3558 = ORIENTED_EDGE( '', *, *, #683, .T. );
#3559 = ORIENTED_EDGE( '', *, *, #805, .T. );
#3560 = ORIENTED_EDGE( '', *, *, #763, .T. );
#3561 = CARTESIAN_POINT( '', ( 0.00495000000000000, -0.00601788923190600, 0.0156787032790550 ) );
#3562 = DIRECTION( '', ( 0.707106781186923, -0.454983102466951, 0.541285854672942 ) );
#3563 = DIRECTION( '', ( -3.92523114671152E-17, -0.765493796799593, -0.643443274159691 ) );
#3564 = CARTESIAN_POINT( '', ( 0.00000000000000, 3.81999999355500E-05, 0.000600000000022000 ) );
#3565 = DIRECTION( '', ( 0.00000000000000, 0.00000000000000, -1.00000000000000 ) );
#3566 = DIRECTION( '', ( 0.00000000000000, 1.00000000000000, 0.00000000000000 ) );
#3567 = DIRECTION( '', ( 0.00000000000000, 0.00000000000000, 1.00000000000000 ) );
#3568 = CARTESIAN_POINT( '', ( 0.00455000000001000, 3.82000000100000E-05, 0.0119400000000100 ) );
#3569 = DIRECTION( '', ( -1.00000000000000, 0.00000000000000, 7.43382002753517E-13 ) );
#3570 = DIRECTION( '', ( 0.00000000000000, -0.447213595500623, -0.894427190999583 ) );
#3571 = DIRECTION( '', ( 1.00000000000000, 0.00000000000000, 0.00000000000000 ) );
#3572 = SURFACE_STYLE_FILL_AREA( #4213 );
#3573 = ORIENTED_EDGE( '', *, *, #423, .F. );
#3574 = ORIENTED_EDGE( '', *, *, #509, .F. );
#3575 = ORIENTED_EDGE( '', *, *, #771, .T. );
#3576 = ORIENTED_EDGE( '', *, *, #527, .F. );
#3577 = CARTESIAN_POINT( '', ( -0.00555000000000000, -0.00323099178893200, 0.0162994391795670 ) );
#3578 = DIRECTION( '', ( -7.59835083217073E-17, -0.684398599528066, 0.729108055753070 ) );
#3579 = DIRECTION( '', ( -1.00000000000000, 1.11022302462487E-16, 1.79739012770406E-32 ) );
#3580 = DIRECTION( '', ( 0.00000000000000, 0.00000000000000, -1.00000000000000 ) );
#3581 = CARTESIAN_POINT( '', ( -0.00555000000001000, 3.82000000100000E-05, 0.0119400000000100 ) );
#3582 = DIRECTION( '', ( 1.00000000000000, 0.00000000000000, -8.25517234522185E-14 ) );
#3583 = DIRECTION( '', ( 0.00000000000000, 0.684398599515227, 0.729108055765122 ) );
#3584 = DIRECTION( '', ( 0.00000000000000, -1.00000000000000, 0.00000000000000 ) );
#3585 = SURFACE_STYLE_FILL_AREA( #4214 );
#3586 = ORIENTED_EDGE( '', *, *, #403, .T. );
#3587 = ORIENTED_EDGE( '', *, *, #671, .T. );
#3588 = ORIENTED_EDGE( '', *, *, #795, .T. );
#3589 = ORIENTED_EDGE( '', *, *, #389, .T. );
#3590 = CARTESIAN_POINT( '', ( 0.00495000000000000, 0.00558100738867100, 0.0159769413000900 ) );
#3591 = DIRECTION( '', ( 0.707106781186998, 0.483942890760999, 0.515557250439998 ) );
#3592 = DIRECTION( '', ( 6.67289294941029E-16, -0.729108055752492, 0.684398599528681 ) );
#3593 = SURFACE_STYLE_FILL_AREA( #4215 );
#3594 = ORIENTED_EDGE( '', *, *, #797, .T. );
#3595 = ORIENTED_EDGE( '', *, *, #495, .F. );
#3596 = ORIENTED_EDGE( '', *, *, #567, .F. );
#3597 = ORIENTED_EDGE( '', *, *, #595, .T. );
#3598 = CARTESIAN_POINT( '', ( 0.00555000000000000, -0.00840476114186500, 0.0107065535587690 ) );
#3599 = DIRECTION( '', ( 1.00000000000000, -1.11022302462509E-16, -8.79749568027652E-30 ) );
#3600 = DIRECTION( '', ( -8.09472550950198E-17, -0.729108055765178, -0.684398599515167 ) );
#3601 = DIRECTION( '', ( 1.00000000000000, 0.00000000000000, 0.00000000000000 ) );
#3602 = SURFACE_STYLE_FILL_AREA( #4216 );
#3603 = ORIENTED_EDGE( '', *, *, #329, .F. );
#3604 = ORIENTED_EDGE( '', *, *, #621, .F. );
#3605 = ORIENTED_EDGE( '', *, *, #631, .F. );
#3606 = ORIENTED_EDGE( '', *, *, #429, .F. );
#3607 = CARTESIAN_POINT( '', ( -0.00555000000000000, -0.00248124805978700, 0.00000000000000 ) );
#3608 = DIRECTION( '', ( -0.00000000000000, 0.00000000000000, -1.00000000000000 ) );
#3609 = DIRECTION( '', ( 1.11022302462500E-16, 1.00000000000000, 0.00000000000000 ) );
#3610 = DIRECTION( '', ( 0.706575630642903, 0.484306136584709, -0.515944225908167 ) );
#3611 = DIRECTION( '', ( 0.00000000000000, 0.684398599528392, -0.729108055752764 ) );
#3612 = SURFACE_STYLE_FILL_AREA( #4217 );
#3613 = ORIENTED_EDGE( '', *, *, #461, .F. );
#3614 = ORIENTED_EDGE( '', *, *, #661, .T. );
#3615 = ORIENTED_EDGE( '', *, *, #347, .F. );
#3616 = ORIENTED_EDGE( '', *, *, #545, .T. );
#3617 = ORIENTED_EDGE( '', *, *, #675, .T. );
#3618 = ORIENTED_EDGE( '', *, *, #923, .T. );
#3619 = CARTESIAN_POINT( '', ( 0.00555000000000000, 0.00439016601107900, 0.00100000000012600 ) );
#3620 = DIRECTION( '', ( 1.00000000000000, -1.11022302462512E-16, 7.43867518879728E-30 ) );
#3621 = DIRECTION( '', ( 9.44412113348498E-17, 0.850650808352089, -0.525731112119055 ) );
#3622 = CARTESIAN_POINT( '', ( 0.00555000000001000, 0.00255764805964800, 0.000600000000022000 ) );
#3623 = DIRECTION( '', ( 0.00000000000000, 0.00000000000000, -1.00000000000000 ) );
#3624 = DIRECTION( '', ( 0.00000000000000, 1.00000000000000, 0.00000000000000 ) );
#3625 = DIRECTION( '', ( 1.00000000000000, 0.00000000000000, 0.00000000000000 ) );
#3626 = DIRECTION( '', ( -1.00000000000000, 0.00000000000000, 0.00000000000000 ) );
#3627 = SURFACE_STYLE_FILL_AREA( #4218 );
#3628 = ORIENTED_EDGE( '', *, *, #539, .F. );
#3629 = ORIENTED_EDGE( '', *, *, #511, .F. );
#3630 = ORIENTED_EDGE( '', *, *, #549, .F. );
#3631 = ORIENTED_EDGE( '', *, *, #841, .T. );
#3632 = ORIENTED_EDGE( '', *, *, #593, .F. );
#3633 = ORIENTED_EDGE( '', *, *, #745, .F. );
#3634 = CARTESIAN_POINT( '', ( 0.00555000000000000, -0.00160711449008800, 0.00730773023329700 ) );
#3635 = DIRECTION( '', ( 9.93013661298551E-17, 0.894427190999316, -0.447213595501158 ) );
#3636 = DIRECTION( '', ( -1.00000000000000, -6.61479978324382E-32, -2.22044604924355E-16 ) );
#3637 = CARTESIAN_POINT( '', ( 0.00555000000001000, 0.000138199999936000, -0.00400000000001000 ) );
#3638 = DIRECTION( '', ( -1.00000000000000, 0.00000000000000, 0.00000000000000 ) );
#3639 = DIRECTION( '', ( 0.00000000000000, 0.707106781186547, -0.707106781186547 ) );
#3640 = CARTESIAN_POINT( '', ( 0.00455000000001000, 3.82000000100000E-05, 0.0119400000000100 ) );
#3641 = DIRECTION( '', ( 1.00000000000000, 0.00000000000000, -8.25517234522185E-14 ) );
#3642 = DIRECTION( '', ( 0.00000000000000, 0.684398599515227, 0.729108055765122 ) );
#3643 = DIRECTION( '', ( 0.00000000000000, 0.729108055751797, -0.684398599529422 ) );
#3644 = DIRECTION( '', ( 1.00000000000000, 0.00000000000000, 0.00000000000000 ) );
#3645 = DIRECTION( '', ( -1.00000000000000, 0.00000000000000, 0.00000000000000 ) );
#3646 = CARTESIAN_POINT( '', ( -0.00555000000001000, 3.82000000100000E-05, 0.0119400000000100 ) );
#3647 = DIRECTION( '', ( -1.00000000000000, 0.00000000000000, 7.43382002753517E-13 ) );
#3648 = DIRECTION( '', ( 0.00000000000000, -0.447213595500623, -0.894427190999583 ) );
#3649 = CARTESIAN_POINT( '', ( 0.00525000000001000, -6.18000000844500E-05, -0.00400000000001000 ) );
#3650 = DIRECTION( '', ( 1.00000000000000, 0.00000000000000, 0.00000000000000 ) );
#3651 = DIRECTION( '', ( 0.00000000000000, -0.707106781186547, -0.707106781186547 ) );
#3652 = CARTESIAN_POINT( '', ( -0.00505000000001000, -0.000544756386693000, 0.00000000000000 ) );
#3653 = DIRECTION( '', ( 0.00000000000000, 0.00000000000000, 1.00000000000000 ) );
#3654 = DIRECTION( '', ( -0.790569415039777, -0.612372435698786, 0.00000000000000 ) );
#3655 = DIRECTION( '', ( 0.00000000000000, 0.765493796798824, 0.643443274160606 ) );
#3656 = SURFACE_STYLE_FILL_AREA( #4219 );
#3657 = ORIENTED_EDGE( '', *, *, #441, .T. );
#3658 = ORIENTED_EDGE( '', *, *, #849, .T. );
#3659 = ORIENTED_EDGE( '', *, *, #397, .T. );
#3660 = ORIENTED_EDGE( '', *, *, #459, .T. );
#3661 = CARTESIAN_POINT( '', ( 0.00555000000000000, 0.00325968140386900, 0.00639146438326200 ) );
#3662 = DIRECTION( '', ( 1.00000000000000, -1.11022302462465E-16, -1.04967972108584E-29 ) );
#3663 = DIRECTION( '', ( -1.06368712260491E-16, -0.958084185800919, 0.286486811071976 ) );
#3664 = DIRECTION( '', ( -1.00000000000000, 0.00000000000000, 0.00000000000000 ) );
#3665 = CARTESIAN_POINT( '', ( 0.00455000000001000, -0.00238387864913800, 0.00664862910623000 ) );
#3666 = DIRECTION( '', ( 1.00000000000000, 0.00000000000000, 0.00000000000000 ) );
#3667 = DIRECTION( '', ( 0.00000000000000, 0.948683298046114, 0.316227766030038 ) );
#3668 = SURFACE_STYLE_FILL_AREA( #4220 );
#3669 = ORIENTED_EDGE( '', *, *, #727, .T. );
#3670 = ORIENTED_EDGE( '', *, *, #565, .T. );
#3671 = ORIENTED_EDGE( '', *, *, #577, .T. );
#3672 = ORIENTED_EDGE( '', *, *, #773, .T. );
#3673 = ORIENTED_EDGE( '', *, *, #639, .T. );
#3674 = CARTESIAN_POINT( '', ( 0.00505000000000000, -0.00441773973289100, 0.00000000000000 ) );
#3675 = DIRECTION( '', ( -0.00000000000000, 0.00000000000000, -1.00000000000000 ) );
#3676 = DIRECTION( '', ( 0.790569415041960, 0.612372435695969, 0.00000000000000 ) );
#3677 = SURFACE_STYLE_FILL_AREA( #4221 );
#3678 = ORIENTED_EDGE( '', *, *, #717, .T. );
#3679 = ORIENTED_EDGE( '', *, *, #541, .T. );
#3680 = ORIENTED_EDGE( '', *, *, #703, .F. );
#3681 = ORIENTED_EDGE( '', *, *, #783, .T. );
#3682 = CARTESIAN_POINT( '', ( 0.00000000000000, 0.00387279445094400, 0.0163173229621040 ) );
#3683 = DIRECTION( '', ( -1.00000000000000, 1.11022302462493E-16, -2.16387387822267E-31 ) );
#3684 = DIRECTION( '', ( -1.10966806987484E-16, -0.999500141198853, -0.0316143597669353 ) );
#3685 = CARTESIAN_POINT( '', ( 0.00455000000001000, 0.00848116114187500, 0.0107065535587790 ) );
#3686 = DIRECTION( '', ( -1.00000000000000, 0.00000000000000, -6.38876564997491E-13 ) );
#3687 = DIRECTION( '', ( 0.00000000000000, -0.894427190999630, -0.447213595500530 ) );
#3688 = DIRECTION( '', ( 0.00000000000000, 0.00000000000000, 1.00000000000000 ) );
#3689 = CARTESIAN_POINT( '', ( -0.00505000000001000, -0.00441773973290100, 0.000600000000022000 ) );
#3690 = DIRECTION( '', ( 0.00000000000000, 0.00000000000000, -1.00000000000000 ) );
#3691 = DIRECTION( '', ( -0.790569415039777, 0.612372435698786, 0.00000000000000 ) );
#3692 = SURFACE_STYLE_FILL_AREA( #4222 );
#3693 = ORIENTED_EDGE( '', *, *, #825, .F. );
#3694 = ORIENTED_EDGE( '', *, *, #843, .F. );
#3695 = ORIENTED_EDGE( '', *, *, #561, .F. );
#3696 = ORIENTED_EDGE( '', *, *, #465, .F. );
#3697 = ORIENTED_EDGE( '', *, *, #733, .T. );
#3698 = ORIENTED_EDGE( '', *, *, #713, .F. );
#3699 = CARTESIAN_POINT( '', ( -0.00555000000000000, 3.81999999762100E-05, 0.00732739983509900 ) );
#3700 = DIRECTION( '', ( -1.00000000000000, 1.11022302462500E-16, 0.00000000000000 ) );
#3701 = DIRECTION( '', ( 0.00000000000000, 0.00000000000000, 1.00000000000000 ) );
#3702 = CARTESIAN_POINT( '', ( 0.00455000000001000, 0.00387279445095400, 0.0163173229621140 ) );
#3703 = DIRECTION( '', ( 1.00000000000000, 0.00000000000000, 0.00000000000000 ) );
#3704 = DIRECTION( '', ( 0.00000000000000, -0.999500141198088, -0.0316143597911204 ) );
#3705 = DIRECTION( '', ( 0.00000000000000, -1.00000000000000, 0.00000000000000 ) );
#3706 = SURFACE_STYLE_FILL_AREA( #4223 );
#3707 = ORIENTED_EDGE( '', *, *, #499, .F. );
#3708 = ORIENTED_EDGE( '', *, *, #443, .F. );
#3709 = ORIENTED_EDGE( '', *, *, #687, .F. );
#3710 = ORIENTED_EDGE( '', *, *, #365, .T. );
#3711 = ORIENTED_EDGE( '', *, *, #413, .T. );
#3712 = ORIENTED_EDGE( '', *, *, #595, .F. );
#3713 = ORIENTED_EDGE( '', *, *, #803, .F. );
#3714 = ORIENTED_EDGE( '', *, *, #653, .F. );
#3715 = ORIENTED_EDGE( '', *, *, #801, .T. );
#3716 = CARTESIAN_POINT( '', ( 0.00555000000000000, -0.00366845662239600, 0.0158888000198390 ) );
#3717 = DIRECTION( '', ( 8.09472550950198E-17, 0.729108055765178, 0.684398599515167 ) );
#3718 = DIRECTION( '', ( 1.00000000000000, -6.29086544706867E-32, -1.18275015688757E-16 ) );
#3719 = SURFACE_STYLE_FILL_AREA( #4224 );
#3720 = ORIENTED_EDGE( '', *, *, #669, .T. );
#3721 = ORIENTED_EDGE( '', *, *, #479, .T. );
#3722 = ORIENTED_EDGE( '', *, *, #641, .F. );
#3723 = ORIENTED_EDGE( '', *, *, #353, .F. );
#3724 = CARTESIAN_POINT( '', ( 0.00555000000000000, 3.82000000000000E-05, 0.0119400000000000 ) );
#3725 = DIRECTION( '', ( 1.00000000000000, -1.11022302462530E-16, -3.22780472646936E-29 ) );
#3726 = DIRECTION( '', ( 7.59835083203285E-17, 0.684398599515167, 0.729108055765178 ) );
#3727 = CARTESIAN_POINT( '', ( 0.00555000000001000, -6.18000000844500E-05, -0.00400000000001000 ) );
#3728 = DIRECTION( '', ( -1.00000000000000, 0.00000000000000, 0.00000000000000 ) );
#3729 = DIRECTION( '', ( 0.00000000000000, -0.707106781186547, -0.707106781186547 ) );
#3730 = DIRECTION( '', ( 0.00000000000000, 0.00000000000000, 1.00000000000000 ) );
#3731 = CARTESIAN_POINT( '', ( -0.00555000000001000, 0.00536098640451000, 0.000400000000010000 ) );
#3732 = DIRECTION( '', ( 1.00000000000000, 0.00000000000000, 0.00000000000000 ) );
#3733 = DIRECTION( '', ( 0.00000000000000, 0.850650808347818, -0.525731112125965 ) );
#3734 = CARTESIAN_POINT( '', ( -0.00555000000001000, 0.00387279445095400, 0.0163173229621140 ) );
#3735 = DIRECTION( '', ( 1.00000000000000, 0.00000000000000, 0.00000000000000 ) );
#3736 = DIRECTION( '', ( 0.00000000000000, -0.999500141198088, -0.0316143597911204 ) );
#3737 = DIRECTION( '', ( -1.00000000000000, 0.00000000000000, 0.00000000000000 ) );
#3738 = SURFACE_STYLE_FILL_AREA( #4225 );
#3739 = ORIENTED_EDGE( '', *, *, #501, .T. );
#3740 = ORIENTED_EDGE( '', *, *, #401, .F. );
#3741 = ORIENTED_EDGE( '', *, *, #889, .T. );
#3742 = ORIENTED_EDGE( '', *, *, #485, .T. );
#3743 = CARTESIAN_POINT( '', ( 0.00555000000000000, 0.00848116114186500, 0.0107065535587690 ) );
#3744 = DIRECTION( '', ( 1.00000000000000, -1.11022302462492E-16, 3.90746044588805E-30 ) );
#3745 = DIRECTION( '', ( -9.93013661323107E-17, -0.894427191021916, -0.447213595455958 ) );
#3746 = SURFACE_STYLE_FILL_AREA( #4226 );
#3747 = ORIENTED_EDGE( '', *, *, #639, .F. );
#3748 = ORIENTED_EDGE( '', *, *, #487, .F. );
#3749 = ORIENTED_EDGE( '', *, *, #841, .F. );
#3750 = ORIENTED_EDGE( '', *, *, #619, .F. );
#3751 = ORIENTED_EDGE( '', *, *, #399, .F. );
#3752 = ORIENTED_EDGE( '', *, *, #683, .F. );
#3753 = ORIENTED_EDGE( '', *, *, #803, .T. );
#3754 = ORIENTED_EDGE( '', *, *, #567, .T. );
#3755 = ORIENTED_EDGE( '', *, *, #855, .F. );
#3756 = ORIENTED_EDGE( '', *, *, #845, .F. );
#3757 = ORIENTED_EDGE( '', *, *, #871, .F. );
#3758 = CARTESIAN_POINT( '', ( 0.00555000000000000, 3.81999999762100E-05, 0.00732739983509900 ) );
#3759 = DIRECTION( '', ( -1.00000000000000, 1.11022302462500E-16, 0.00000000000000 ) );
#3760 = DIRECTION( '', ( 0.00000000000000, 0.00000000000000, 1.00000000000000 ) );
#3761 = DIRECTION( '', ( 0.00000000000000, 0.729108055751797, -0.684398599529422 ) );
#3762 = CARTESIAN_POINT( '', ( 0.00505000000001000, -0.00441773973290100, 0.00000000000000 ) );
#3763 = DIRECTION( '', ( 0.00000000000000, -0.00000000000000, 1.00000000000000 ) );
#3764 = DIRECTION( '', ( 0.790569415039777, 0.612372435698786, 0.00000000000000 ) );
#3765 = SURFACE_STYLE_FILL_AREA( #4227 );
#3766 = ORIENTED_EDGE( '', *, *, #769, .F. );
#3767 = ORIENTED_EDGE( '', *, *, #831, .T. );
#3768 = ORIENTED_EDGE( '', *, *, #337, .T. );
#3769 = ORIENTED_EDGE( '', *, *, #931, .T. );
#3770 = ORIENTED_EDGE( '', *, *, #409, .T. );
#3771 = ORIENTED_EDGE( '', *, *, #467, .T. );
#3772 = CARTESIAN_POINT( '', ( 0.00505000000000000, -0.000544756386683000, 0.00000000000000 ) );
#3773 = DIRECTION( '', ( -0.00000000000000, -0.00000000000000, 1.00000000000000 ) );
#3774 = DIRECTION( '', ( 0.790569415041960, -0.612372435695969, 0.00000000000000 ) );
#3775 = SURFACE_STYLE_FILL_AREA( #4228 );
#3776 = ORIENTED_EDGE( '', *, *, #725, .F. );
#3777 = ORIENTED_EDGE( '', *, *, #363, .F. );
#3778 = ORIENTED_EDGE( '', *, *, #389, .F. );
#3779 = ORIENTED_EDGE( '', *, *, #835, .F. );
#3780 = CARTESIAN_POINT( '', ( 0.00555000000000000, 0.00462206916288900, 0.0177000000001660 ) );
#3781 = DIRECTION( '', ( -7.59835083218207E-17, -0.684398599529096, -0.729108055752103 ) );
#3782 = DIRECTION( '', ( 0.00000000000000, -0.729108055752103, 0.684398599529096 ) );
#3783 = DIRECTION( '', ( 0.00000000000000, 1.00000000000000, 0.00000000000000 ) );
#3784 = DIRECTION( '', ( -1.00000000000000, 0.00000000000000, 0.00000000000000 ) );
#3785 = DIRECTION( '', ( -1.00000000000000, 0.00000000000000, 0.00000000000000 ) );
#3786 = CARTESIAN_POINT( '', ( -0.00505000000001000, 0.00449413973275200, 0.00000000000000 ) );
#3787 = DIRECTION( '', ( 0.00000000000000, 0.00000000000000, 1.00000000000000 ) );
#3788 = DIRECTION( '', ( -0.790569415039777, -0.612372435698786, 0.00000000000000 ) );
#3789 = CARTESIAN_POINT( '', ( 0.00555000000001000, -0.00248124805979700, 0.000600000000022000 ) );
#3790 = DIRECTION( '', ( 0.00000000000000, 0.00000000000000, -1.00000000000000 ) );
#3791 = DIRECTION( '', ( 0.00000000000000, 1.00000000000000, 0.00000000000000 ) );
#3792 = CARTESIAN_POINT( '', ( -0.00505000000001000, -0.00441773973290100, 0.00000000000000 ) );
#3793 = DIRECTION( '', ( 0.00000000000000, 0.00000000000000, 1.00000000000000 ) );
#3794 = DIRECTION( '', ( -0.790569415039777, 0.612372435698786, 0.00000000000000 ) );
#3795 = DIRECTION( '', ( 0.00000000000000, -0.447213595505158, -0.894427190997316 ) );
#3796 = SURFACE_STYLE_FILL_AREA( #4229 );
#3797 = ORIENTED_EDGE( '', *, *, #837, .F. );
#3798 = ORIENTED_EDGE( '', *, *, #921, .T. );
#3799 = ORIENTED_EDGE( '', *, *, #681, .T. );
#3800 = ORIENTED_EDGE( '', *, *, #631, .T. );
#3801 = ORIENTED_EDGE( '', *, *, #851, .T. );
#3802 = ORIENTED_EDGE( '', *, *, #465, .T. );
#3803 = CARTESIAN_POINT( '', ( -0.00505000000000000, -0.000544756386683000, 0.00000000000000 ) );
#3804 = DIRECTION( '', ( -0.00000000000000, -0.00000000000000, -1.00000000000000 ) );
#3805 = DIRECTION( '', ( -0.790569415041960, -0.612372435695969, 0.00000000000000 ) );
#3806 = DIRECTION( '', ( 0.00000000000000, -1.00000000000000, 0.00000000000000 ) );
#3807 = CARTESIAN_POINT( '', ( 0.00555000000001000, 0.00255764805964800, 0.00000000000000 ) );
#3808 = DIRECTION( '', ( 0.00000000000000, -0.00000000000000, 1.00000000000000 ) );
#3809 = DIRECTION( '', ( 0.00000000000000, 1.00000000000000, 0.00000000000000 ) );
#3810 = DIRECTION( '', ( 0.00000000000000, 0.00000000000000, -1.00000000000000 ) );
#3811 = DIRECTION( '', ( 0.00000000000000, -1.00000000000000, 0.00000000000000 ) );
#3812 = SURFACE_STYLE_FILL_AREA( #4230 );
#3813 = ORIENTED_EDGE( '', *, *, #739, .F. );
#3814 = ORIENTED_EDGE( '', *, *, #705, .F. );
#3815 = ORIENTED_EDGE( '', *, *, #809, .F. );
#3816 = ORIENTED_EDGE( '', *, *, #749, .T. );
#3817 = ORIENTED_EDGE( '', *, *, #925, .F. );
#3818 = ORIENTED_EDGE( '', *, *, #751, .T. );
#3819 = ORIENTED_EDGE( '', *, *, #533, .F. );
#3820 = ORIENTED_EDGE( '', *, *, #373, .T. );
#3821 = ORIENTED_EDGE( '', *, *, #791, .T. );
#3822 = ORIENTED_EDGE( '', *, *, #649, .T. );
#3823 = ORIENTED_EDGE( '', *, *, #409, .F. );
#3824 = ORIENTED_EDGE( '', *, *, #611, .T. );
#3825 = ORIENTED_EDGE( '', *, *, #727, .F. );
#3826 = ORIENTED_EDGE( '', *, *, #871, .T. );
#3827 = ORIENTED_EDGE( '', *, *, #447, .F. );
#3828 = ORIENTED_EDGE( '', *, *, #755, .F. );
#3829 = ORIENTED_EDGE( '', *, *, #743, .F. );
#3830 = ORIENTED_EDGE( '', *, *, #429, .T. );
#3831 = ORIENTED_EDGE( '', *, *, #681, .F. );
#3832 = ORIENTED_EDGE( '', *, *, #635, .T. );
#3833 = ORIENTED_EDGE( '', *, *, #817, .T. );
#3834 = ORIENTED_EDGE( '', *, *, #613, .T. );
#3835 = ORIENTED_EDGE( '', *, *, #799, .F. );
#3836 = ORIENTED_EDGE( '', *, *, #765, .T. );
#3837 = ORIENTED_EDGE( '', *, *, #761, .T. );
#3838 = CARTESIAN_POINT( '', ( 0.00555000000000000, 0.00600820000000000, 0.00000000000000 ) );
#3839 = DIRECTION( '', ( 0.00000000000000, 0.00000000000000, -1.00000000000000 ) );
#3840 = DIRECTION( '', ( 0.00000000000000, -1.00000000000000, 0.00000000000000 ) );
#3841 = SURFACE_STYLE_FILL_AREA( #4231 );
#3842 = ORIENTED_EDGE( '', *, *, #507, .F. );
#3843 = ORIENTED_EDGE( '', *, *, #765, .F. );
#3844 = ORIENTED_EDGE( '', *, *, #813, .F. );
#3845 = ORIENTED_EDGE( '', *, *, #421, .F. );
#3846 = CARTESIAN_POINT( '', ( -0.00555000000000000, 0.00255764805963800, 0.00000000000000 ) );
#3847 = DIRECTION( '', ( -0.00000000000000, 0.00000000000000, -1.00000000000000 ) );
#3848 = DIRECTION( '', ( 1.11022302462500E-16, 1.00000000000000, 0.00000000000000 ) );
#3849 = CARTESIAN_POINT( '', ( 0.00000000000000, 3.81999999355500E-05, 0.00000000000000 ) );
#3850 = DIRECTION( '', ( 0.00000000000000, -0.00000000000000, 1.00000000000000 ) );
#3851 = DIRECTION( '', ( 0.00000000000000, 1.00000000000000, 0.00000000000000 ) );
#3852 = DIRECTION( '', ( 0.00000000000000, -0.765493796798824, -0.643443274160606 ) );
#3853 = CARTESIAN_POINT( '', ( -0.00555000000001000, 0.00255764805964800, 0.00000000000000 ) );
#3854 = DIRECTION( '', ( 0.00000000000000, -0.00000000000000, 1.00000000000000 ) );
#3855 = DIRECTION( '', ( 0.00000000000000, 1.00000000000000, 0.00000000000000 ) );
#3856 = CARTESIAN_POINT( '', ( 0.00455000000001000, 3.82000000100000E-05, 0.0119400000000100 ) );
#3857 = DIRECTION( '', ( -1.00000000000000, 0.00000000000000, 7.43184139828979E-14 ) );
#3858 = DIRECTION( '', ( 0.00000000000000, 0.684398599515221, 0.729108055765127 ) );
#3859 = DIRECTION( '', ( -1.00000000000000, 0.00000000000000, 0.00000000000000 ) );
#3860 = SURFACE_STYLE_FILL_AREA( #4232 );
#3861 = ORIENTED_EDGE( '', *, *, #737, .F. );
#3862 = ORIENTED_EDGE( '', *, *, #467, .F. );
#3863 = ORIENTED_EDGE( '', *, *, #649, .F. );
#3864 = ORIENTED_EDGE( '', *, *, #753, .T. );
#3865 = CARTESIAN_POINT( '', ( 0.00555000000000000, -0.000561800000074000, 0.00000000000000 ) );
#3866 = DIRECTION( '', ( -1.11022302462500E-16, -1.00000000000000, 0.00000000000000 ) );
#3867 = DIRECTION( '', ( -1.00000000000000, 1.11022302462500E-16, 0.00000000000000 ) );
#3868 = SURFACE_STYLE_FILL_AREA( #4233 );
#3869 = ORIENTED_EDGE( '', *, *, #463, .T. );
#3870 = ORIENTED_EDGE( '', *, *, #867, .T. );
#3871 = ORIENTED_EDGE( '', *, *, #863, .F. );
#3872 = ORIENTED_EDGE( '', *, *, #771, .F. );
#3873 = CARTESIAN_POINT( '', ( 0.00555000000000000, 3.82000000000000E-05, 0.0119400000000000 ) );
#3874 = DIRECTION( '', ( 1.00000000000000, -1.11022302462503E-16, -6.14911548010353E-30 ) );
#3875 = DIRECTION( '', ( 4.96506830649453E-17, 0.447213595499958, 0.894427190999916 ) );
#3876 = CARTESIAN_POINT( '', ( -0.00525000000001000, 0.000138199999936000, -0.00400000000001000 ) );
#3877 = DIRECTION( '', ( -1.00000000000000, 0.00000000000000, 0.00000000000000 ) );
#3878 = DIRECTION( '', ( 0.00000000000000, 0.707106781186547, -0.707106781186547 ) );
#3879 = DIRECTION( '', ( 0.00000000000000, 0.894427190997916, 0.447213595503958 ) );
#3880 = DIRECTION( '', ( -1.00000000000000, 0.00000000000000, 0.00000000000000 ) );
#3881 = SURFACE_STYLE_FILL_AREA( #4234 );
#3882 = ORIENTED_EDGE( '', *, *, #849, .F. );
#3883 = ORIENTED_EDGE( '', *, *, #503, .T. );
#3884 = ORIENTED_EDGE( '', *, *, #873, .T. );
#3885 = ORIENTED_EDGE( '', *, *, #719, .F. );
#3886 = ORIENTED_EDGE( '', *, *, #905, .F. );
#3887 = ORIENTED_EDGE( '', *, *, #411, .F. );
#3888 = ORIENTED_EDGE( '', *, *, #483, .F. );
#3889 = CARTESIAN_POINT( '', ( 0.00555000000000000, 0.00272860680643700, 0.00655918638712600 ) );
#3890 = DIRECTION( '', ( 9.93013661298807E-17, 0.894427190999916, 0.447213595499958 ) );
#3891 = DIRECTION( '', ( 1.00000000000000, 5.51233315270688E-32, -2.22044604925008E-16 ) );
#3892 = SURFACE_STYLE_FILL_AREA( #4235 );
#3893 = ORIENTED_EDGE( '', *, *, #573, .F. );
#3894 = ORIENTED_EDGE( '', *, *, #755, .T. );
#3895 = ORIENTED_EDGE( '', *, *, #369, .F. );
#3896 = ORIENTED_EDGE( '', *, *, #563, .T. );
#3897 = ORIENTED_EDGE( '', *, *, #513, .F. );
#3898 = ORIENTED_EDGE( '', *, *, #677, .T. );
#3899 = ORIENTED_EDGE( '', *, *, #697, .T. );
#3900 = ORIENTED_EDGE( '', *, *, #579, .T. );
#3901 = ORIENTED_EDGE( '', *, *, #443, .T. );
#3902 = ORIENTED_EDGE( '', *, *, #523, .F. );
#3903 = ORIENTED_EDGE( '', *, *, #655, .T. );
#3904 = ORIENTED_EDGE( '', *, *, #525, .F. );
#3905 = ORIENTED_EDGE( '', *, *, #527, .T. );
#3906 = ORIENTED_EDGE( '', *, *, #863, .T. );
#3907 = ORIENTED_EDGE( '', *, *, #517, .T. );
#3908 = ORIENTED_EDGE( '', *, *, #907, .F. );
#3909 = ORIENTED_EDGE( '', *, *, #745, .T. );
#3910 = ORIENTED_EDGE( '', *, *, #915, .F. );
#3911 = CARTESIAN_POINT( '', ( -0.00555000000000000, 3.81999999762100E-05, 0.00732739983509900 ) );
#3912 = DIRECTION( '', ( -1.00000000000000, 1.11022302462500E-16, 0.00000000000000 ) );
#3913 = DIRECTION( '', ( 0.00000000000000, 0.00000000000000, 1.00000000000000 ) );
#3914 = SURFACE_STYLE_FILL_AREA( #4236 );
#3915 = ORIENTED_EDGE( '', *, *, #537, .T. );
#3916 = ORIENTED_EDGE( '', *, *, #523, .T. );
#3917 = ORIENTED_EDGE( '', *, *, #499, .T. );
#3918 = ORIENTED_EDGE( '', *, *, #331, .T. );
#3919 = CARTESIAN_POINT( '', ( -0.00495000000000000, -0.00601788923190600, 0.0156787032790550 ) );
#3920 = DIRECTION( '', ( -0.707106781186923, -0.454983102466951, 0.541285854672941 ) );
#3921 = DIRECTION( '', ( -0.541106318393786, 0.840954191495781, 2.70426608442812E-16 ) );
#3922 = DIRECTION( '', ( 0.00000000000000, -1.00000000000000, 0.00000000000000 ) );
#3923 = SURFACE_STYLE_FILL_AREA( #4237 );
#3924 = ORIENTED_EDGE( '', *, *, #925, .T. );
#3925 = ORIENTED_EDGE( '', *, *, #865, .T. );
#3926 = ORIENTED_EDGE( '', *, *, #347, .T. );
#3927 = ORIENTED_EDGE( '', *, *, #919, .T. );
#3928 = ORIENTED_EDGE( '', *, *, #505, .T. );
#3929 = CARTESIAN_POINT( '', ( 0.00505000000000000, 0.00449413973274200, 0.00000000000000 ) );
#3930 = DIRECTION( '', ( -0.00000000000000, -0.00000000000000, 1.00000000000000 ) );
#3931 = DIRECTION( '', ( 0.790569415041960, -0.612372435695969, 0.00000000000000 ) );
#3932 = DIRECTION( '', ( -0.707106781184729, 0.483942890753602, 0.515557250450053 ) );
#3933 = CARTESIAN_POINT( '', ( 0.00455000000001000, -0.00840476114187500, 0.0107065535587790 ) );
#3934 = DIRECTION( '', ( -1.00000000000000, 0.00000000000000, -6.38706517854717E-14 ) );
#3935 = DIRECTION( '', ( 0.00000000000000, -0.729108055765134, -0.684398599515214 ) );
#3936 = CARTESIAN_POINT( '', ( -0.00505000000001000, 0.000621156386545000, 0.00000000000000 ) );
#3937 = DIRECTION( '', ( 0.00000000000000, 0.00000000000000, 1.00000000000000 ) );
#3938 = DIRECTION( '', ( -0.790569415039777, 0.612372435698786, 0.00000000000000 ) );
#3939 = DIRECTION( '', ( -1.00000000000000, 0.00000000000000, 0.00000000000000 ) );
#3940 = DIRECTION( '', ( 0.00000000000000, 0.684398599515493, -0.729108055764872 ) );
#3941 = DIRECTION( '', ( -0.706575630642740, -0.484306136593596, 0.515944225900048 ) );
#3942 = SURFACE_STYLE_FILL_AREA( #4238 );
#3943 = ORIENTED_EDGE( '', *, *, #629, .F. );
#3944 = ORIENTED_EDGE( '', *, *, #761, .F. );
#3945 = CARTESIAN_POINT( '', ( 0.00000000000000, 3.81999999255500E-05, 0.00000000000000 ) );
#3946 = DIRECTION( '', ( -0.00000000000000, 0.00000000000000, -1.00000000000000 ) );
#3947 = DIRECTION( '', ( 1.11022302462500E-16, 1.00000000000000, 0.00000000000000 ) );
#3948 = DIRECTION( '', ( -1.00000000000000, 0.00000000000000, 0.00000000000000 ) );
#3949 = DIRECTION( '', ( -1.00000000000000, 0.00000000000000, 0.00000000000000 ) );
#3950 = DIRECTION( '', ( 0.00000000000000, 0.00000000000000, -1.00000000000000 ) );
#3951 = SURFACE_STYLE_FILL_AREA( #4239 );
#3952 = ORIENTED_EDGE( '', *, *, #895, .F. );
#3953 = ORIENTED_EDGE( '', *, *, #767, .F. );
#3954 = ORIENTED_EDGE( '', *, *, #497, .F. );
#3955 = ORIENTED_EDGE( '', *, *, #669, .F. );
#3956 = ORIENTED_EDGE( '', *, *, #503, .F. );
#3957 = ORIENTED_EDGE( '', *, *, #441, .F. );
#3958 = ORIENTED_EDGE( '', *, *, #387, .F. );
#3959 = CARTESIAN_POINT( '', ( 0.00455000000000000, 0.00476573404264100, 0.0112493465737070 ) );
#3960 = DIRECTION( '', ( 1.00000000000000, -1.11022302462500E-16, 0.00000000000000 ) );
#3961 = DIRECTION( '', ( 0.00000000000000, 0.00000000000000, 1.00000000000000 ) );
#3962 = DIRECTION( '', ( 0.00000000000000, 1.00000000000000, 0.00000000000000 ) );
#3963 = DIRECTION( '', ( -0.707106781184729, -0.483942890753602, -0.515557250450053 ) );
#3964 = DIRECTION( '', ( -1.00000000000000, 0.00000000000000, 0.00000000000000 ) );
#3965 = DIRECTION( '', ( -1.00000000000000, 0.00000000000000, 0.00000000000000 ) );
#3966 = CARTESIAN_POINT( '', ( -0.00555000000001000, 0.000138199999936000, -0.00400000000001000 ) );
#3967 = DIRECTION( '', ( 1.00000000000000, 0.00000000000000, 0.00000000000000 ) );
#3968 = DIRECTION( '', ( 0.00000000000000, 0.707106781186547, -0.707106781186547 ) );
#3969 = SURFACE_STYLE_FILL_AREA( #4240 );
#3970 = ORIENTED_EDGE( '', *, *, #853, .F. );
#3971 = ORIENTED_EDGE( '', *, *, #923, .F. );
#3972 = ORIENTED_EDGE( '', *, *, #375, .T. );
#3973 = ORIENTED_EDGE( '', *, *, #531, .F. );
#3974 = ORIENTED_EDGE( '', *, *, #781, .T. );
#3975 = ORIENTED_EDGE( '', *, *, #641, .T. );
#3976 = ORIENTED_EDGE( '', *, *, #861, .T. );
#3977 = ORIENTED_EDGE( '', *, *, #717, .F. );
#3978 = ORIENTED_EDGE( '', *, *, #481, .T. );
#3979 = ORIENTED_EDGE( '', *, *, #559, .F. );
#3980 = ORIENTED_EDGE( '', *, *, #491, .T. );
#3981 = ORIENTED_EDGE( '', *, *, #571, .T. );
#3982 = ORIENTED_EDGE( '', *, *, #493, .T. );
#3983 = ORIENTED_EDGE( '', *, *, #367, .T. );
#3984 = ORIENTED_EDGE( '', *, *, #397, .F. );
#3985 = ORIENTED_EDGE( '', *, *, #483, .T. );
#3986 = ORIENTED_EDGE( '', *, *, #715, .F. );
#3987 = ORIENTED_EDGE( '', *, *, #705, .T. );
#3988 = CARTESIAN_POINT( '', ( -0.00555000000000000, 3.81999999762100E-05, 0.00732739983509900 ) );
#3989 = DIRECTION( '', ( -1.00000000000000, 1.11022302462500E-16, 0.00000000000000 ) );
#3990 = DIRECTION( '', ( 0.00000000000000, 0.00000000000000, 1.00000000000000 ) );
#3991 = DIRECTION( '', ( -1.00000000000000, 0.00000000000000, 0.00000000000000 ) );
#3992 = DIRECTION( '', ( 0.00000000000000, 0.00000000000000, 1.00000000000000 ) );
#3993 = DIRECTION( '', ( 0.00000000000000, 0.00000000000000, 1.00000000000000 ) );
#3994 = DIRECTION( '', ( 1.00000000000000, 0.00000000000000, 0.00000000000000 ) );
#3995 = SURFACE_STYLE_FILL_AREA( #4241 );
#3996 = ORIENTED_EDGE( '', *, *, #459, .F. );
#3997 = ORIENTED_EDGE( '', *, *, #367, .F. );
#3998 = ORIENTED_EDGE( '', *, *, #829, .F. );
#3999 = ORIENTED_EDGE( '', *, *, #387, .T. );
#4000 = CARTESIAN_POINT( '', ( 0.00555000000000000, 3.82000000000000E-05, 0.0119400000000000 ) );
#4001 = DIRECTION( '', ( 1.00000000000000, -1.11022302462530E-16, -3.22928122438248E-29 ) );
#4002 = DIRECTION( '', ( 7.59835083203285E-17, 0.684398599515167, 0.729108055765178 ) );
#4003 = DIRECTION( '', ( 0.00000000000000, -0.447213595505158, -0.894427190997316 ) );
#4004 = DIRECTION( '', ( 0.00000000000000, 1.00000000000000, 0.00000000000000 ) );
#4005 = CARTESIAN_POINT( '', ( 0.00555000000001000, -0.00528458640451000, 0.000400000000010000 ) );
#4006 = DIRECTION( '', ( -1.00000000000000, 0.00000000000000, 0.00000000000000 ) );
#4007 = DIRECTION( '', ( 0.00000000000000, -0.850650808347818, -0.525731112125965 ) );
#4008 = SURFACE_STYLE_FILL_AREA( #4242 );
#4009 = ORIENTED_EDGE( '', *, *, #505, .F. );
#4010 = ORIENTED_EDGE( '', *, *, #659, .F. );
#4011 = ORIENTED_EDGE( '', *, *, #833, .F. );
#4012 = ORIENTED_EDGE( '', *, *, #751, .F. );
#4013 = CARTESIAN_POINT( '', ( 0.00555000000000000, 0.00255764805963800, 0.00000000000000 ) );
#4014 = DIRECTION( '', ( -0.00000000000000, 0.00000000000000, -1.00000000000000 ) );
#4015 = DIRECTION( '', ( 1.11022302462500E-16, 1.00000000000000, 0.00000000000000 ) );
#4016 = DIRECTION( '', ( -1.00000000000000, 0.00000000000000, 0.00000000000000 ) );
#4017 = CARTESIAN_POINT( '', ( -0.00505000000001000, -0.000544756386693000, 0.000600000000022000 ) );
#4018 = DIRECTION( '', ( 0.00000000000000, 0.00000000000000, -1.00000000000000 ) );
#4019 = DIRECTION( '', ( -0.790569415039777, -0.612372435698786, 0.00000000000000 ) );
#4020 = DIRECTION( '', ( 0.00000000000000, 0.00000000000000, -1.00000000000000 ) );
#4021 = DIRECTION( '', ( 0.00000000000000, 0.447213595503958, 0.894427190997916 ) );
#4022 = SURFACE_STYLE_FILL_AREA( #4243 );
#4023 = ORIENTED_EDGE( '', *, *, #587, .F. );
#4024 = ORIENTED_EDGE( '', *, *, #375, .F. );
#4025 = ORIENTED_EDGE( '', *, *, #675, .F. );
#4026 = ORIENTED_EDGE( '', *, *, #455, .T. );
#4027 = ORIENTED_EDGE( '', *, *, #401, .T. );
#4028 = ORIENTED_EDGE( '', *, *, #355, .F. );
#4029 = CARTESIAN_POINT( '', ( 0.00555000000000000, 0.00503737960656600, 0.000600000000134000 ) );
#4030 = DIRECTION( '', ( -9.93013661305351E-17, -0.894427191005316, -0.447213595489158 ) );
#4031 = DIRECTION( '', ( 0.00000000000000, 0.447213595489158, -0.894427191005316 ) );
#4032 = DIRECTION( '', ( -1.00000000000000, 0.00000000000000, 0.00000000000000 ) );
#4033 = DIRECTION( '', ( 0.00000000000000, -0.729108055872844, 0.684398599400467 ) );
#4034 = CARTESIAN_POINT( '', ( -0.00555000000001000, 3.82000000100000E-05, 0.0119400000000100 ) );
#4035 = DIRECTION( '', ( 1.00000000000000, 0.00000000000000, -8.25737017541690E-13 ) );
#4036 = DIRECTION( '', ( 0.00000000000000, 0.447213595500696, 0.894427190999547 ) );
#4037 = DIRECTION( '', ( 0.00000000000000, 0.00000000000000, 1.00000000000000 ) );
#4038 = DIRECTION( '', ( -1.00000000000000, 0.00000000000000, 0.00000000000000 ) );
#4039 = DIRECTION( '', ( 1.00000000000000, 0.00000000000000, 0.00000000000000 ) );
#4040 = DIRECTION( '', ( 0.00000000000000, -1.00000000000000, 0.00000000000000 ) );
#4041 = DIRECTION( '', ( 0.00000000000000, -0.447213595503958, 0.894427190997916 ) );
#4042 = DIRECTION( '', ( 1.00000000000000, 0.00000000000000, 0.00000000000000 ) );
#4043 = DIRECTION( '', ( 0.00000000000000, 0.00000000000000, -1.00000000000000 ) );
#4044 = SURFACE_STYLE_FILL_AREA( #4244 );
#4045 = ORIENTED_EDGE( '', *, *, #667, .F. );
#4046 = ORIENTED_EDGE( '', *, *, #585, .F. );
#4047 = ORIENTED_EDGE( '', *, *, #913, .F. );
#4048 = ORIENTED_EDGE( '', *, *, #831, .F. );
#4049 = ORIENTED_EDGE( '', *, *, #711, .F. );
#4050 = ORIENTED_EDGE( '', *, *, #643, .F. );
#4051 = CARTESIAN_POINT( '', ( 0.00555000000000000, 3.81999999762100E-05, 0.00732739983509900 ) );
#4052 = DIRECTION( '', ( -1.00000000000000, 1.11022302462500E-16, 0.00000000000000 ) );
#4053 = DIRECTION( '', ( 0.00000000000000, 0.00000000000000, 1.00000000000000 ) );
#4054 = DIRECTION( '', ( 0.00000000000000, 0.00000000000000, 1.00000000000000 ) );
#4055 = DIRECTION( '', ( -1.00000000000000, 0.00000000000000, 0.00000000000000 ) );
#4056 = DIRECTION( '', ( 0.00000000000000, 0.00000000000000, -1.00000000000000 ) );
#4057 = DIRECTION( '', ( 0.00000000000000, -0.447213595503958, -0.894427190997916 ) );
#4058 = CARTESIAN_POINT( '', ( 0.00555000000001000, 0.00848116114187500, 0.0107065535587790 ) );
#4059 = DIRECTION( '', ( -1.00000000000000, 0.00000000000000, -5.88438941527664E-13 ) );
#4060 = DIRECTION( '', ( 0.00000000000000, -0.894427191021653, -0.447213595456484 ) );
#4061 = CARTESIAN_POINT( '', ( 0.00525000000001000, 0.000138199999936000, -0.00400000000001000 ) );
#4062 = DIRECTION( '', ( 1.00000000000000, 0.00000000000000, 0.00000000000000 ) );
#4063 = DIRECTION( '', ( 0.00000000000000, 0.707106781186547, -0.707106781186547 ) );
#4064 = SURFACE_STYLE_FILL_AREA( #4245 );
#4065 = ORIENTED_EDGE( '', *, *, #679, .T. );
#4066 = ORIENTED_EDGE( '', *, *, #439, .T. );
#4067 = ORIENTED_EDGE( '', *, *, #711, .T. );
#4068 = ORIENTED_EDGE( '', *, *, #769, .T. );
#4069 = ORIENTED_EDGE( '', *, *, #737, .T. );
#4070 = CARTESIAN_POINT( '', ( 0.00547500000000000, -6.18000000744500E-05, -0.00400000000000000 ) );
#4071 = DIRECTION( '', ( 1.00000000000000, -1.11022302462473E-16, 2.68130261422563E-29 ) );
#4072 = DIRECTION( '', ( -7.85046229341398E-17, -0.707106781186548, -0.707106781186548 ) );
#4073 = DIRECTION( '', ( 0.00000000000000, 0.00000000000000, -1.00000000000000 ) );
#4074 = SURFACE_STYLE_FILL_AREA( #4246 );
#4075 = ORIENTED_EDGE( '', *, *, #359, .F. );
#4076 = ORIENTED_EDGE( '', *, *, #633, .F. );
#4077 = ORIENTED_EDGE( '', *, *, #555, .F. );
#4078 = ORIENTED_EDGE( '', *, *, #457, .F. );
#4079 = ORIENTED_EDGE( '', *, *, #463, .F. );
#4080 = ORIENTED_EDGE( '', *, *, #365, .F. );
#4081 = ORIENTED_EDGE( '', *, *, #581, .F. );
#4082 = CARTESIAN_POINT( '', ( 0.00455000000000000, -0.00468933404264100, 0.0112493465737070 ) );
#4083 = DIRECTION( '', ( -1.00000000000000, 1.11022302462500E-16, 0.00000000000000 ) );
#4084 = DIRECTION( '', ( 0.00000000000000, 0.00000000000000, 1.00000000000000 ) );
#4085 = SURFACE_STYLE_FILL_AREA( #4247 );
#4086 = ORIENTED_EDGE( '', *, *, #715, .T. );
#4087 = ORIENTED_EDGE( '', *, *, #411, .T. );
#4088 = ORIENTED_EDGE( '', *, *, #471, .T. );
#4089 = ORIENTED_EDGE( '', *, *, #809, .T. );
#4090 = CARTESIAN_POINT( '', ( 0.00555000000000000, 0.00536098640450000, 0.000400000000000000 ) );
#4091 = DIRECTION( '', ( 1.00000000000000, -1.11022302462512E-16, 7.43867518879728E-30 ) );
#4092 = DIRECTION( '', ( 9.44412113348498E-17, 0.850650808352089, -0.525731112119055 ) );
#4093 = SURFACE_STYLE_FILL_AREA( #4248 );
#4094 = ORIENTED_EDGE( '', *, *, #869, .F. );
#4095 = ORIENTED_EDGE( '', *, *, #517, .F. );
#4096 = ORIENTED_EDGE( '', *, *, #867, .F. );
#4097 = ORIENTED_EDGE( '', *, *, #385, .F. );
#4098 = CARTESIAN_POINT( '', ( -0.00555000000000000, -0.00238387864913700, 0.00709584270172500 ) );
#4099 = DIRECTION( '', ( -4.96506830651075E-17, -0.447213595501158, -0.894427190999316 ) );
#4100 = DIRECTION( '', ( 0.00000000000000, -0.894427190999316, 0.447213595501158 ) );
#4101 = DIRECTION( '', ( 0.00000000000000, -0.447213595503958, 0.894427190997916 ) );
#4102 = CARTESIAN_POINT( '', ( -0.00555000000001000, -0.00238387864913800, 0.00664862910623000 ) );
#4103 = DIRECTION( '', ( 1.00000000000000, 0.00000000000000, 0.00000000000000 ) );
#4104 = DIRECTION( '', ( 0.00000000000000, 0.948683298046114, 0.316227766030038 ) );
#4105 = SURFACE_STYLE_FILL_AREA( #4249 );
#4106 = ORIENTED_EDGE( '', *, *, #331, .F. );
#4107 = ORIENTED_EDGE( '', *, *, #801, .F. );
#4108 = ORIENTED_EDGE( '', *, *, #763, .F. );
#4109 = ORIENTED_EDGE( '', *, *, #381, .T. );
#4110 = CARTESIAN_POINT( '', ( 0.00555000000000000, -0.00583925708872100, 0.0166126620571280 ) );
#4111 = DIRECTION( '', ( 7.14365538012036E-17, 0.643443274159672, -0.765493796799609 ) );
#4112 = DIRECTION( '', ( -1.00000000000000, 3.17242027319982E-32, -9.33208787580864E-17 ) );
#4113 = SURFACE_STYLE_FILL_AREA( #4250 );
#4114 = ORIENTED_EDGE( '', *, *, #599, .F. );
#4115 = ORIENTED_EDGE( '', *, *, #881, .T. );
#4116 = ORIENTED_EDGE( '', *, *, #533, .T. );
#4117 = ORIENTED_EDGE( '', *, *, #833, .T. );
#4118 = ORIENTED_EDGE( '', *, *, #451, .T. );
#4119 = ORIENTED_EDGE( '', *, *, #585, .T. );
#4120 = CARTESIAN_POINT( '', ( 0.00505000000000000, 0.000621156386535000, 0.00000000000000 ) );
#4121 = DIRECTION( '', ( -0.00000000000000, 0.00000000000000, -1.00000000000000 ) );
#4122 = DIRECTION( '', ( 0.790569415041960, 0.612372435695969, 0.00000000000000 ) );
#4123 = DIRECTION( '', ( 0.00000000000000, 1.00000000000000, 0.00000000000000 ) );
#4124 = CARTESIAN_POINT( '', ( -0.00555000000001000, -0.00431376601124800, 0.00100000000003000 ) );
#4125 = DIRECTION( '', ( -1.00000000000000, 0.00000000000000, 0.00000000000000 ) );
#4126 = DIRECTION( '', ( 0.00000000000000, -0.850650808344753, -0.525731112130924 ) );
#4127 = SURFACE_STYLE_FILL_AREA( #4251 );
#4128 = ORIENTED_EDGE( '', *, *, #511, .T. );
#4129 = ORIENTED_EDGE( '', *, *, #689, .T. );
#4130 = ORIENTED_EDGE( '', *, *, #385, .T. );
#4131 = ORIENTED_EDGE( '', *, *, #887, .F. );
#4132 = ORIENTED_EDGE( '', *, *, #797, .F. );
#4133 = ORIENTED_EDGE( '', *, *, #413, .F. );
#4134 = ORIENTED_EDGE( '', *, *, #509, .T. );
#4135 = ORIENTED_EDGE( '', *, *, #937, .T. );
#4136 = ORIENTED_EDGE( '', *, *, #477, .T. );
#4137 = ORIENTED_EDGE( '', *, *, #489, .F. );
#4138 = CARTESIAN_POINT( '', ( 0.00455000000000000, 3.82000000000000E-05, 0.0115634768619920 ) );
#4139 = DIRECTION( '', ( 1.00000000000000, -1.11022302462500E-16, 0.00000000000000 ) );
#4140 = DIRECTION( '', ( 0.00000000000000, 0.00000000000000, 1.00000000000000 ) );
#4141 = CARTESIAN_POINT( '', ( 0.00505000000001000, 0.00449413973275200, 0.000600000000022000 ) );
#4142 = DIRECTION( '', ( 0.00000000000000, 0.00000000000000, -1.00000000000000 ) );
#4143 = DIRECTION( '', ( 0.790569415039777, -0.612372435698786, 0.00000000000000 ) );
#4144 = DIRECTION( '', ( 0.00000000000000, 0.00000000000000, 1.00000000000000 ) );
#4145 = CARTESIAN_POINT( '', ( -0.00555000000001000, 0.00439016601108900, 0.00100000000013600 ) );
#4146 = DIRECTION( '', ( -1.00000000000000, 0.00000000000000, 0.00000000000000 ) );
#4147 = DIRECTION( '', ( 0.00000000000000, 0.850650808347818, -0.525731112125965 ) );
#4148 = CARTESIAN_POINT( '', ( 0.00505000000001000, 0.00449413973275200, 0.00000000000000 ) );
#4149 = DIRECTION( '', ( 0.00000000000000, 0.00000000000000, 1.00000000000000 ) );
#4150 = DIRECTION( '', ( 0.790569415039777, -0.612372435698786, 0.00000000000000 ) );
#4151 = SURFACE_STYLE_FILL_AREA( #4252 );
#4152 = ORIENTED_EDGE( '', *, *, #569, .F. );
#4153 = ORIENTED_EDGE( '', *, *, #713, .T. );
#4154 = ORIENTED_EDGE( '', *, *, #609, .T. );
#4155 = ORIENTED_EDGE( '', *, *, #813, .T. );
#4156 = ORIENTED_EDGE( '', *, *, #799, .T. );
#4157 = ORIENTED_EDGE( '', *, *, #933, .T. );
#4158 = CARTESIAN_POINT( '', ( -0.00505000000000000, 0.000621156386535000, 0.00000000000000 ) );
#4159 = DIRECTION( '', ( -0.00000000000000, -0.00000000000000, 1.00000000000000 ) );
#4160 = DIRECTION( '', ( -0.790569415041960, 0.612372435695969, 0.00000000000000 ) );
#4161 = SURFACE_STYLE_FILL_AREA( #4253 );
#4162 = ORIENTED_EDGE( '', *, *, #819, .T. );
#4163 = ORIENTED_EDGE( '', *, *, #559, .T. );
#4164 = ORIENTED_EDGE( '', *, *, #393, .T. );
#4165 = ORIENTED_EDGE( '', *, *, #725, .T. );
#4166 = CARTESIAN_POINT( '', ( -0.00495000000000000, 0.00558100738867100, 0.0159769413000900 ) );
#4167 = DIRECTION( '', ( -0.707106781186998, 0.483942890760999, 0.515557250439999 ) );
#4168 = DIRECTION( '', ( 0.564789625779019, 0.825234923286937, -1.71715058985277E-16 ) );
#4169 = DIRECTION( '', ( 0.00000000000000, 0.00000000000000, -1.00000000000000 ) );
#4170 = DIRECTION( '', ( 0.00000000000000, 0.00000000000000, -1.00000000000000 ) );
#4171 = CARTESIAN_POINT( '', ( -0.00505000000001000, 0.00449413973275200, 0.000600000000022000 ) );
#4172 = DIRECTION( '', ( 0.00000000000000, 0.00000000000000, -1.00000000000000 ) );
#4173 = DIRECTION( '', ( -0.790569415039777, -0.612372435698786, 0.00000000000000 ) );
#4174 = CARTESIAN_POINT( '', ( 0.00455000000001000, -0.00379639445105400, 0.0163173229620670 ) );
#4175 = DIRECTION( '', ( 1.00000000000000, 0.00000000000000, 0.00000000000000 ) );
#4176 = DIRECTION( '', ( 0.00000000000000, 0.999500141200832, -0.0316143597043623 ) );
#4177 = FILL_AREA_STYLE( '', ( #4254 ) );
#4178 = FILL_AREA_STYLE( '', ( #4255 ) );
#4179 = FILL_AREA_STYLE( '', ( #4256 ) );
#4180 = FILL_AREA_STYLE( '', ( #4257 ) );
#4181 = FILL_AREA_STYLE( '', ( #4258 ) );
#4182 = FILL_AREA_STYLE( '', ( #4259 ) );
#4183 = FILL_AREA_STYLE( '', ( #4260 ) );
#4184 = FILL_AREA_STYLE( '', ( #4261 ) );
#4185 = FILL_AREA_STYLE( '', ( #4262 ) );
#4186 = FILL_AREA_STYLE( '', ( #4263 ) );
#4187 = FILL_AREA_STYLE( '', ( #4264 ) );
#4188 = FILL_AREA_STYLE( '', ( #4265 ) );
#4189 = FILL_AREA_STYLE( '', ( #4266 ) );
#4190 = FILL_AREA_STYLE( '', ( #4267 ) );
#4191 = FILL_AREA_STYLE( '', ( #4268 ) );
#4192 = FILL_AREA_STYLE( '', ( #4269 ) );
#4193 = FILL_AREA_STYLE( '', ( #4270 ) );
#4194 = FILL_AREA_STYLE( '', ( #4271 ) );
#4195 = FILL_AREA_STYLE( '', ( #4272 ) );
#4196 = FILL_AREA_STYLE( '', ( #4273 ) );
#4197 = FILL_AREA_STYLE( '', ( #4274 ) );
#4198 = FILL_AREA_STYLE( '', ( #4275 ) );
#4199 = FILL_AREA_STYLE( '', ( #4276 ) );
#4200 = FILL_AREA_STYLE( '', ( #4277 ) );
#4201 = FILL_AREA_STYLE( '', ( #4278 ) );
#4202 = FILL_AREA_STYLE( '', ( #4279 ) );
#4203 = FILL_AREA_STYLE( '', ( #4280 ) );
#4204 = FILL_AREA_STYLE( '', ( #4281 ) );
#4205 = FILL_AREA_STYLE( '', ( #4282 ) );
#4206 = FILL_AREA_STYLE( '', ( #4283 ) );
#4207 = FILL_AREA_STYLE( '', ( #4284 ) );
#4208 = FILL_AREA_STYLE( '', ( #4285 ) );
#4209 = FILL_AREA_STYLE( '', ( #4286 ) );
#4210 = FILL_AREA_STYLE( '', ( #4287 ) );
#4211 = FILL_AREA_STYLE( '', ( #4288 ) );
#4212 = FILL_AREA_STYLE( '', ( #4289 ) );
#4213 = FILL_AREA_STYLE( '', ( #4290 ) );
#4214 = FILL_AREA_STYLE( '', ( #4291 ) );
#4215 = FILL_AREA_STYLE( '', ( #4292 ) );
#4216 = FILL_AREA_STYLE( '', ( #4293 ) );
#4217 = FILL_AREA_STYLE( '', ( #4294 ) );
#4218 = FILL_AREA_STYLE( '', ( #4295 ) );
#4219 = FILL_AREA_STYLE( '', ( #4296 ) );
#4220 = FILL_AREA_STYLE( '', ( #4297 ) );
#4221 = FILL_AREA_STYLE( '', ( #4298 ) );
#4222 = FILL_AREA_STYLE( '', ( #4299 ) );
#4223 = FILL_AREA_STYLE( '', ( #4300 ) );
#4224 = FILL_AREA_STYLE( '', ( #4301 ) );
#4225 = FILL_AREA_STYLE( '', ( #4302 ) );
#4226 = FILL_AREA_STYLE( '', ( #4303 ) );
#4227 = FILL_AREA_STYLE( '', ( #4304 ) );
#4228 = FILL_AREA_STYLE( '', ( #4305 ) );
#4229 = FILL_AREA_STYLE( '', ( #4306 ) );
#4230 = FILL_AREA_STYLE( '', ( #4307 ) );
#4231 = FILL_AREA_STYLE( '', ( #4308 ) );
#4232 = FILL_AREA_STYLE( '', ( #4309 ) );
#4233 = FILL_AREA_STYLE( '', ( #4310 ) );
#4234 = FILL_AREA_STYLE( '', ( #4311 ) );
#4235 = FILL_AREA_STYLE( '', ( #4312 ) );
#4236 = FILL_AREA_STYLE( '', ( #4313 ) );
#4237 = FILL_AREA_STYLE( '', ( #4314 ) );
#4238 = FILL_AREA_STYLE( '', ( #4315 ) );
#4239 = FILL_AREA_STYLE( '', ( #4316 ) );
#4240 = FILL_AREA_STYLE( '', ( #4317 ) );
#4241 = FILL_AREA_STYLE( '', ( #4318 ) );
#4242 = FILL_AREA_STYLE( '', ( #4319 ) );
#4243 = FILL_AREA_STYLE( '', ( #4320 ) );
#4244 = FILL_AREA_STYLE( '', ( #4321 ) );
#4245 = FILL_AREA_STYLE( '', ( #4322 ) );
#4246 = FILL_AREA_STYLE( '', ( #4323 ) );
#4247 = FILL_AREA_STYLE( '', ( #4324 ) );
#4248 = FILL_AREA_STYLE( '', ( #4325 ) );
#4249 = FILL_AREA_STYLE( '', ( #4326 ) );
#4250 = FILL_AREA_STYLE( '', ( #4327 ) );
#4251 = FILL_AREA_STYLE( '', ( #4328 ) );
#4252 = FILL_AREA_STYLE( '', ( #4329 ) );
#4253 = FILL_AREA_STYLE( '', ( #4330 ) );
#4254 = FILL_AREA_STYLE_COLOUR( '', #4331 );
#4255 = FILL_AREA_STYLE_COLOUR( '', #4332 );
#4256 = FILL_AREA_STYLE_COLOUR( '', #4333 );
#4257 = FILL_AREA_STYLE_COLOUR( '', #4334 );
#4258 = FILL_AREA_STYLE_COLOUR( '', #4335 );
#4259 = FILL_AREA_STYLE_COLOUR( '', #4336 );
#4260 = FILL_AREA_STYLE_COLOUR( '', #4337 );
#4261 = FILL_AREA_STYLE_COLOUR( '', #4338 );
#4262 = FILL_AREA_STYLE_COLOUR( '', #4339 );
#4263 = FILL_AREA_STYLE_COLOUR( '', #4340 );
#4264 = FILL_AREA_STYLE_COLOUR( '', #4341 );
#4265 = FILL_AREA_STYLE_COLOUR( '', #4342 );
#4266 = FILL_AREA_STYLE_COLOUR( '', #4343 );
#4267 = FILL_AREA_STYLE_COLOUR( '', #4344 );
#4268 = FILL_AREA_STYLE_COLOUR( '', #4345 );
#4269 = FILL_AREA_STYLE_COLOUR( '', #4346 );
#4270 = FILL_AREA_STYLE_COLOUR( '', #4347 );
#4271 = FILL_AREA_STYLE_COLOUR( '', #4348 );
#4272 = FILL_AREA_STYLE_COLOUR( '', #4349 );
#4273 = FILL_AREA_STYLE_COLOUR( '', #4350 );
#4274 = FILL_AREA_STYLE_COLOUR( '', #4351 );
#4275 = FILL_AREA_STYLE_COLOUR( '', #4352 );
#4276 = FILL_AREA_STYLE_COLOUR( '', #4353 );
#4277 = FILL_AREA_STYLE_COLOUR( '', #4354 );
#4278 = FILL_AREA_STYLE_COLOUR( '', #4355 );
#4279 = FILL_AREA_STYLE_COLOUR( '', #4356 );
#4280 = FILL_AREA_STYLE_COLOUR( '', #4357 );
#4281 = FILL_AREA_STYLE_COLOUR( '', #4358 );
#4282 = FILL_AREA_STYLE_COLOUR( '', #4359 );
#4283 = FILL_AREA_STYLE_COLOUR( '', #4360 );
#4284 = FILL_AREA_STYLE_COLOUR( '', #4361 );
#4285 = FILL_AREA_STYLE_COLOUR( '', #4362 );
#4286 = FILL_AREA_STYLE_COLOUR( '', #4363 );
#4287 = FILL_AREA_STYLE_COLOUR( '', #4364 );
#4288 = FILL_AREA_STYLE_COLOUR( '', #4365 );
#4289 = FILL_AREA_STYLE_COLOUR( '', #4366 );
#4290 = FILL_AREA_STYLE_COLOUR( '', #4367 );
#4291 = FILL_AREA_STYLE_COLOUR( '', #4368 );
#4292 = FILL_AREA_STYLE_COLOUR( '', #4369 );
#4293 = FILL_AREA_STYLE_COLOUR( '', #4370 );
#4294 = FILL_AREA_STYLE_COLOUR( '', #4371 );
#4295 = FILL_AREA_STYLE_COLOUR( '', #4372 );
#4296 = FILL_AREA_STYLE_COLOUR( '', #4373 );
#4297 = FILL_AREA_STYLE_COLOUR( '', #4374 );
#4298 = FILL_AREA_STYLE_COLOUR( '', #4375 );
#4299 = FILL_AREA_STYLE_COLOUR( '', #4376 );
#4300 = FILL_AREA_STYLE_COLOUR( '', #4377 );
#4301 = FILL_AREA_STYLE_COLOUR( '', #4378 );
#4302 = FILL_AREA_STYLE_COLOUR( '', #4379 );
#4303 = FILL_AREA_STYLE_COLOUR( '', #4380 );
#4304 = FILL_AREA_STYLE_COLOUR( '', #4381 );
#4305 = FILL_AREA_STYLE_COLOUR( '', #4382 );
#4306 = FILL_AREA_STYLE_COLOUR( '', #4383 );
#4307 = FILL_AREA_STYLE_COLOUR( '', #4384 );
#4308 = FILL_AREA_STYLE_COLOUR( '', #4385 );
#4309 = FILL_AREA_STYLE_COLOUR( '', #4386 );
#4310 = FILL_AREA_STYLE_COLOUR( '', #4387 );
#4311 = FILL_AREA_STYLE_COLOUR( '', #4388 );
#4312 = FILL_AREA_STYLE_COLOUR( '', #4389 );
#4313 = FILL_AREA_STYLE_COLOUR( '', #4390 );
#4314 = FILL_AREA_STYLE_COLOUR( '', #4391 );
#4315 = FILL_AREA_STYLE_COLOUR( '', #4392 );
#4316 = FILL_AREA_STYLE_COLOUR( '', #4393 );
#4317 = FILL_AREA_STYLE_COLOUR( '', #4394 );
#4318 = FILL_AREA_STYLE_COLOUR( '', #4395 );
#4319 = FILL_AREA_STYLE_COLOUR( '', #4396 );
#4320 = FILL_AREA_STYLE_COLOUR( '', #4397 );
#4321 = FILL_AREA_STYLE_COLOUR( '', #4398 );
#4322 = FILL_AREA_STYLE_COLOUR( '', #4399 );
#4323 = FILL_AREA_STYLE_COLOUR( '', #4400 );
#4324 = FILL_AREA_STYLE_COLOUR( '', #4401 );
#4325 = FILL_AREA_STYLE_COLOUR( '', #4402 );
#4326 = FILL_AREA_STYLE_COLOUR( '', #4403 );
#4327 = FILL_AREA_STYLE_COLOUR( '', #4404 );
#4328 = FILL_AREA_STYLE_COLOUR( '', #4405 );
#4329 = FILL_AREA_STYLE_COLOUR( '', #4406 );
#4330 = FILL_AREA_STYLE_COLOUR( '', #4407 );
#4331 = COLOUR_RGB( '', 0.749019622800000, 0.749019622800000, 0.749019622800000 );
#4332 = COLOUR_RGB( '', 0.749019622800000, 0.749019622800000, 0.749019622800000 );
#4333 = COLOUR_RGB( '', 0.749019622800000, 0.749019622800000, 0.749019622800000 );
#4334 = COLOUR_RGB( '', 0.749019622800000, 0.749019622800000, 0.749019622800000 );
#4335 = COLOUR_RGB( '', 0.749019622800000, 0.749019622800000, 0.749019622800000 );
#4336 = COLOUR_RGB( '', 0.749019622800000, 0.749019622800000, 0.749019622800000 );
#4337 = COLOUR_RGB( '', 0.749019622800000, 0.749019622800000, 0.749019622800000 );
#4338 = COLOUR_RGB( '', 0.749019622800000, 0.749019622800000, 0.749019622800000 );
#4339 = COLOUR_RGB( '', 0.749019622800000, 0.749019622800000, 0.749019622800000 );
#4340 = COLOUR_RGB( '', 0.749019622800000, 0.749019622800000, 0.749019622800000 );
#4341 = COLOUR_RGB( '', 0.749019622800000, 0.749019622800000, 0.749019622800000 );
#4342 = COLOUR_RGB( '', 0.749019622800000, 0.749019622800000, 0.749019622800000 );
#4343 = COLOUR_RGB( '', 0.749019622800000, 0.749019622800000, 0.749019622800000 );
#4344 = COLOUR_RGB( '', 0.749019622800000, 0.749019622800000, 0.749019622800000 );
#4345 = COLOUR_RGB( '', 0.749019622800000, 0.749019622800000, 0.749019622800000 );
#4346 = COLOUR_RGB( '', 0.749019622800000, 0.749019622800000, 0.749019622800000 );
#4347 = COLOUR_RGB( '', 0.749019622800000, 0.749019622800000, 0.749019622800000 );
#4348 = COLOUR_RGB( '', 0.749019622800000, 0.749019622800000, 0.749019622800000 );
#4349 = COLOUR_RGB( '', 0.749019622800000, 0.749019622800000, 0.749019622800000 );
#4350 = COLOUR_RGB( '', 0.749019622800000, 0.749019622800000, 0.749019622800000 );
#4351 = COLOUR_RGB( '', 0.749019622800000, 0.749019622800000, 0.749019622800000 );
#4352 = COLOUR_RGB( '', 0.749019622800000, 0.749019622800000, 0.749019622800000 );
#4353 = COLOUR_RGB( '', 0.749019622800000, 0.749019622800000, 0.749019622800000 );
#4354 = COLOUR_RGB( '', 0.749019622800000, 0.749019622800000, 0.749019622800000 );
#4355 = COLOUR_RGB( '', 0.749019622800000, 0.749019622800000, 0.749019622800000 );
#4356 = COLOUR_RGB( '', 0.749019622800000, 0.749019622800000, 0.749019622800000 );
#4357 = COLOUR_RGB( '', 0.749019622800000, 0.749019622800000, 0.749019622800000 );
#4358 = COLOUR_RGB( '', 0.749019622800000, 0.749019622800000, 0.749019622800000 );
#4359 = COLOUR_RGB( '', 0.749019622800000, 0.749019622800000, 0.749019622800000 );
#4360 = COLOUR_RGB( '', 0.749019622800000, 0.749019622800000, 0.749019622800000 );
#4361 = COLOUR_RGB( '', 0.749019622800000, 0.749019622800000, 0.749019622800000 );
#4362 = COLOUR_RGB( '', 0.749019622800000, 0.749019622800000, 0.749019622800000 );
#4363 = COLOUR_RGB( '', 0.749019622800000, 0.749019622800000, 0.749019622800000 );
#4364 = COLOUR_RGB( '', 0.749019622800000, 0.749019622800000, 0.749019622800000 );
#4365 = COLOUR_RGB( '', 0.749019622800000, 0.749019622800000, 0.749019622800000 );
#4366 = COLOUR_RGB( '', 0.749019622800000, 0.749019622800000, 0.749019622800000 );
#4367 = COLOUR_RGB( '', 0.749019622800000, 0.749019622800000, 0.749019622800000 );
#4368 = COLOUR_RGB( '', 0.749019622800000, 0.749019622800000, 0.749019622800000 );
#4369 = COLOUR_RGB( '', 0.749019622800000, 0.749019622800000, 0.749019622800000 );
#4370 = COLOUR_RGB( '', 0.749019622800000, 0.749019622800000, 0.749019622800000 );
#4371 = COLOUR_RGB( '', 0.749019622800000, 0.749019622800000, 0.749019622800000 );
#4372 = COLOUR_RGB( '', 0.749019622800000, 0.749019622800000, 0.749019622800000 );
#4373 = COLOUR_RGB( '', 0.749019622800000, 0.749019622800000, 0.749019622800000 );
#4374 = COLOUR_RGB( '', 0.749019622800000, 0.749019622800000, 0.749019622800000 );
#4375 = COLOUR_RGB( '', 0.749019622800000, 0.749019622800000, 0.749019622800000 );
#4376 = COLOUR_RGB( '', 0.749019622800000, 0.749019622800000, 0.749019622800000 );
#4377 = COLOUR_RGB( '', 0.749019622800000, 0.749019622800000, 0.749019622800000 );
#4378 = COLOUR_RGB( '', 0.749019622800000, 0.749019622800000, 0.749019622800000 );
#4379 = COLOUR_RGB( '', 0.749019622800000, 0.749019622800000, 0.749019622800000 );
#4380 = COLOUR_RGB( '', 0.749019622800000, 0.749019622800000, 0.749019622800000 );
#4381 = COLOUR_RGB( '', 0.749019622800000, 0.749019622800000, 0.749019622800000 );
#4382 = COLOUR_RGB( '', 0.749019622800000, 0.749019622800000, 0.749019622800000 );
#4383 = COLOUR_RGB( '', 0.749019622800000, 0.749019622800000, 0.749019622800000 );
#4384 = COLOUR_RGB( '', 0.749019622800000, 0.749019622800000, 0.749019622800000 );
#4385 = COLOUR_RGB( '', 0.749019622800000, 0.749019622800000, 0.749019622800000 );
#4386 = COLOUR_RGB( '', 0.749019622800000, 0.749019622800000, 0.749019622800000 );
#4387 = COLOUR_RGB( '', 0.749019622800000, 0.749019622800000, 0.749019622800000 );
#4388 = COLOUR_RGB( '', 0.749019622800000, 0.749019622800000, 0.749019622800000 );
#4389 = COLOUR_RGB( '', 0.749019622800000, 0.749019622800000, 0.749019622800000 );
#4390 = COLOUR_RGB( '', 0.749019622800000, 0.749019622800000, 0.749019622800000 );
#4391 = COLOUR_RGB( '', 0.749019622800000, 0.749019622800000, 0.749019622800000 );
#4392 = COLOUR_RGB( '', 0.749019622800000, 0.749019622800000, 0.749019622800000 );
#4393 = COLOUR_RGB( '', 0.749019622800000, 0.749019622800000, 0.749019622800000 );
#4394 = COLOUR_RGB( '', 0.749019622800000, 0.749019622800000, 0.749019622800000 );
#4395 = COLOUR_RGB( '', 0.749019622800000, 0.749019622800000, 0.749019622800000 );
#4396 = COLOUR_RGB( '', 0.749019622800000, 0.749019622800000, 0.749019622800000 );
#4397 = COLOUR_RGB( '', 0.749019622800000, 0.749019622800000, 0.749019622800000 );
#4398 = COLOUR_RGB( '', 0.749019622800000, 0.749019622800000, 0.749019622800000 );
#4399 = COLOUR_RGB( '', 0.749019622800000, 0.749019622800000, 0.749019622800000 );
#4400 = COLOUR_RGB( '', 0.749019622800000, 0.749019622800000, 0.749019622800000 );
#4401 = COLOUR_RGB( '', 0.749019622800000, 0.749019622800000, 0.749019622800000 );
#4402 = COLOUR_RGB( '', 0.749019622800000, 0.749019622800000, 0.749019622800000 );
#4403 = COLOUR_RGB( '', 0.749019622800000, 0.749019622800000, 0.749019622800000 );
#4404 = COLOUR_RGB( '', 0.749019622800000, 0.749019622800000, 0.749019622800000 );
#4405 = COLOUR_RGB( '', 0.749019622800000, 0.749019622800000, 0.749019622800000 );
#4406 = COLOUR_RGB( '', 0.749019622800000, 0.749019622800000, 0.749019622800000 );
#4407 = COLOUR_RGB( '', 0.749019622800000, 0.749019622800000, 0.749019622800000 );
ENDSEC;
END-ISO-10303-21;
