ISO-10303-21;
HEADER;
FILE_DESCRIPTION (( 'STEP AP214' ),
    '1' );
FILE_NAME ('CUI_PJ-058AH.step',
    '2019-05-21T18:05:14',
    ( '' ),
    ( '' ),
    'SwSTEP 2.0',
    'SolidWorks 2019',
    '' );
FILE_SCHEMA (( 'AUTOMOTIVE_DESIGN' ));
ENDSEC;

DATA;
#1 = FACE_OUTER_BOUND ( 'NONE', #2412, .T. ) ;
#2 = SURFACE_STYLE_FILL_AREA ( #5862 ) ;
#3 = DIRECTION ( 'NONE',  ( -1.421904488505579654E-16, 1.000000000000000000, 0.0000000000000000000 ) ) ;
#4 = VECTOR ( 'NONE', #2811, 39.37007874015748143 ) ;
#5 = ORIENTED_EDGE ( 'NONE', *, *, #300, .F. ) ;
#6 = UNCERTAINTY_MEASURE_WITH_UNIT (LENGTH_MEASURE( 1.000000000000000082E-05 ), #765, 'distance_accuracy_value', 'NONE');
#7 = VECTOR ( 'NONE', #5114, 39.37007874015748143 ) ;
#8 = DIRECTION ( 'NONE',  ( 0.0000000000000000000, -1.000000000000000000, 0.0000000000000000000 ) ) ;
#9 = DIRECTION ( 'NONE',  ( -0.0000000000000000000, -0.0000000000000000000, -1.000000000000000000 ) ) ;
#10 = TOROIDAL_SURFACE ( 'NONE', #5453, 0.04330708661417323468, 0.009842519685039369942 ) ;
#11 = CARTESIAN_POINT ( 'NONE',  ( -0.1771653543307086798, 0.0000000000000000000, 0.0000000000000000000 ) ) ;
#12 = ORIENTED_EDGE ( 'NONE', *, *, #2398, .F. ) ;
#13 = CARTESIAN_POINT ( 'NONE',  ( 0.01574803149606299191, 0.06299212598425195375, -0.5629921259842519676 ) ) ;
#14 =( GEOMETRIC_REPRESENTATION_CONTEXT ( 3 ) GLOBAL_UNCERTAINTY_ASSIGNED_CONTEXT ( ( #4827 ) ) GLOBAL_UNIT_ASSIGNED_CONTEXT ( ( #5271, #4977, #2110 ) ) REPRESENTATION_CONTEXT ( 'NONE', 'WORKASPACE' ) );
#15 = MECHANICAL_DESIGN_GEOMETRIC_PRESENTATION_REPRESENTATION (  '', ( #1875 ), #1668 ) ;
#16 = FILL_AREA_STYLE_COLOUR ( '', #523 ) ;
#17 = LENGTH_MEASURE_WITH_UNIT ( LENGTH_MEASURE( 0.02539999999999999897 ), #6349 );
#18 = EDGE_LOOP ( 'NONE', ( #4561, #3167, #1910, #3084 ) ) ;
#19 = STYLED_ITEM ( 'NONE', ( #5690 ), #2046 ) ;
#20 = SURFACE_STYLE_FILL_AREA ( #5969 ) ;
#21 =( NAMED_UNIT ( * ) PLANE_ANGLE_UNIT ( ) SI_UNIT ( $, .RADIAN. ) );
#22 = DIRECTION ( 'NONE',  ( 1.000000000000000000, 0.0000000000000000000, -4.410313921974935221E-16 ) ) ;
#23 = PRESENTATION_STYLE_ASSIGNMENT (( #6357 ) ) ;
#24 = PLANE ( 'NONE',  #2064 ) ;
#25 = EDGE_CURVE ( 'NONE', #1070, #6243, #797, .T. ) ;
#26 = ORIENTED_EDGE ( 'NONE', *, *, #6277, .T. ) ;
#27 = LENGTH_MEASURE_WITH_UNIT ( LENGTH_MEASURE( 0.02539999999999999897 ), #4392 );
#28 = ORIENTED_EDGE ( 'NONE', *, *, #3285, .F. ) ;
#29 = ADVANCED_FACE ( 'NONE', ( #420 ), #3964, .F. ) ;
#30 = CARTESIAN_POINT ( 'NONE',  ( 0.01574803149606299191, 0.1165948038395977215, -0.5905511811023621549 ) ) ;
#31 = DIRECTION ( 'NONE',  ( 1.000000000000000000, 0.0000000000000000000, 0.0000000000000000000 ) ) ;
#32 = AXIS2_PLACEMENT_3D ( 'NONE', #2825, #382, #4767 ) ;
#33 = DIRECTION ( 'NONE',  ( 0.0000000000000000000, 0.0000000000000000000, 1.000000000000000000 ) ) ;
#34 = SURFACE_STYLE_USAGE ( .BOTH. , #5468 ) ;
#35 = DIMENSIONAL_EXPONENTS ( 1.000000000000000000, 0.0000000000000000000, 0.0000000000000000000, 0.0000000000000000000, 0.0000000000000000000, 0.0000000000000000000, 0.0000000000000000000 ) ;
#36 = ORIENTED_EDGE ( 'NONE', *, *, #6307, .T. ) ;
#37 = CIRCLE ( 'NONE', #5380, 0.009842519685039369942 ) ;
#38 = LENGTH_MEASURE_WITH_UNIT ( LENGTH_MEASURE( 0.02539999999999999897 ), #1623 );
#39 = CARTESIAN_POINT ( 'NONE',  ( -0.1417322834645669549, 0.1259842519685039353, -0.5413385826771652809 ) ) ;
#40 = PLANE ( 'NONE',  #6052 ) ;
#41 =( NAMED_UNIT ( * ) PLANE_ANGLE_UNIT ( ) SI_UNIT ( $, .RADIAN. ) );
#42 = CIRCLE ( 'NONE', #4988, 0.02559055118110236532 ) ;
#43 = VERTEX_POINT ( 'NONE', #3522 ) ;
#44 = DIRECTION ( 'NONE',  ( 0.0000000000000000000, 0.0000000000000000000, -1.000000000000000000 ) ) ;
#45 = DIRECTION ( 'NONE',  ( 1.000000000000000000, 1.421904488505579654E-16, 0.0000000000000000000 ) ) ;
#46 = CYLINDRICAL_SURFACE ( 'NONE', #2611, 0.02559055118110236532 ) ;
#47 = PRESENTATION_LAYER_ASSIGNMENT (  '', '', ( #4873 ) ) ;
#48 =( LENGTH_UNIT ( ) NAMED_UNIT ( * ) SI_UNIT ( $, .METRE. ) );
#49 = ORIENTED_EDGE ( 'NONE', *, *, #917, .F. ) ;
#50 = UNCERTAINTY_MEASURE_WITH_UNIT (LENGTH_MEASURE( 1.000000000000000082E-05 ), #5140, 'distance_accuracy_value', 'NONE');
#51 = MECHANICAL_DESIGN_GEOMETRIC_PRESENTATION_REPRESENTATION (  '', ( #2425 ), #558 ) ;
#52 = CARTESIAN_POINT ( 'NONE',  ( 0.0000000000000000000, 0.0000000000000000000, -0.1220472440944882081 ) ) ;
#53 = SURFACE_SIDE_STYLE ('',( #3038 ) ) ;
#54 = LENGTH_MEASURE_WITH_UNIT ( LENGTH_MEASURE( 0.02539999999999999897 ), #1011 );
#55 =( LENGTH_UNIT ( ) NAMED_UNIT ( * ) SI_UNIT ( $, .METRE. ) );
#56 = CARTESIAN_POINT ( 'NONE',  ( -0.05118110236220467513, 0.0000000000000000000, -0.5984251968503937480 ) ) ;
#57 = SURFACE_SIDE_STYLE ('',( #1508 ) ) ;
#58 = VECTOR ( 'NONE', #5413, 39.37007874015748143 ) ;
#59 = ORIENTED_EDGE ( 'NONE', *, *, #6344, .F. ) ;
#60 = ORIENTED_EDGE ( 'NONE', *, *, #6278, .F. ) ;
#61 = CARTESIAN_POINT ( 'NONE',  ( -0.03937007874015747977, 0.2559055118110236671, -0.4035433070866141225 ) ) ;
#62 = ADVANCED_FACE ( 'NONE', ( #5870 ), #3429, .F. ) ;
#63 = ADVANCED_FACE ( 'NONE', ( #4643 ), #171, .F. ) ;
#64 = LENGTH_MEASURE_WITH_UNIT ( LENGTH_MEASURE( 0.02539999999999999897 ), #1912 );
#65 = DIRECTION ( 'NONE',  ( -0.0000000000000000000, -0.0000000000000000000, -1.000000000000000000 ) ) ;
#66 = EDGE_LOOP ( 'NONE', ( #1029, #3971, #1836, #5183 ) ) ;
#67 = COLOUR_RGB ( '',0.2509803921568627416, 0.2509803921568627416, 0.2509803921568627416 ) ;
#68 = UNCERTAINTY_MEASURE_WITH_UNIT (LENGTH_MEASURE( 1.000000000000000082E-05 ), #2336, 'distance_accuracy_value', 'NONE');
#69 = STYLED_ITEM ( 'NONE', ( #3013 ), #4753 ) ;
#70 = PLANE ( 'NONE',  #2698 ) ;
#71 = CIRCLE ( 'NONE', #3670, 0.02559055118110236532 ) ;
#72 = VECTOR ( 'NONE', #2093, 39.37007874015748143 ) ;
#73 = EDGE_CURVE ( 'NONE', #4659, #4697, #2668, .T. ) ;
#74 =( LENGTH_UNIT ( ) NAMED_UNIT ( * ) SI_UNIT ( $, .METRE. ) );
#75 = EDGE_LOOP ( 'NONE', ( #2814, #2754, #6084, #5434, #3627, #217, #3940, #6360, #4568, #1378 ) ) ;
#76 = DIRECTION ( 'NONE',  ( 0.0000000000000000000, -1.000000000000000000, -1.239088197126290817E-16 ) ) ;
#77 = AXIS2_PLACEMENT_3D ( 'NONE', #3258, #1235, #749 ) ;
#78 = DIMENSIONAL_EXPONENTS ( 1.000000000000000000, 0.0000000000000000000, 0.0000000000000000000, 0.0000000000000000000, 0.0000000000000000000, 0.0000000000000000000, 0.0000000000000000000 ) ;
#79 = VERTEX_POINT ( 'NONE', #3558 ) ;
#80 = DIRECTION ( 'NONE',  ( -1.000000000000000000, 0.0000000000000000000, 0.0000000000000000000 ) ) ;
#81 = DIRECTION ( 'NONE',  ( 0.0000000000000000000, 0.0000000000000000000, 1.000000000000000000 ) ) ;
#82 = SURFACE_STYLE_FILL_AREA ( #1529 ) ;
#83 =( LENGTH_UNIT ( ) NAMED_UNIT ( * ) SI_UNIT ( $, .METRE. ) );
#84 = CLOSED_SHELL ( 'NONE', ( #4753, #5652, #4157, #4455, #3763, #1685, #1650, #62, #5922, #3310, #63, #5603, #4589, #6165, #1963, #3341, #1080, #4269, #1519, #2204, #4671, #2887, #661, #3351, #997, #4704, #5197, #1768, #1482, #363, #446, #4741, #4956, #3573, #326, #2046 ) ) ;
#85 =( GEOMETRIC_REPRESENTATION_CONTEXT ( 3 ) GLOBAL_UNCERTAINTY_ASSIGNED_CONTEXT ( ( #2200 ) ) GLOBAL_UNIT_ASSIGNED_CONTEXT ( ( #1535, #491, #3974 ) ) REPRESENTATION_CONTEXT ( 'NONE', 'WORKASPACE' ) );
#86 =( CONVERSION_BASED_UNIT ( 'INCH', #3468 ) LENGTH_UNIT ( ) NAMED_UNIT ( #6231 ) );
#87 = FACE_OUTER_BOUND ( 'NONE', #4923, .T. ) ;
#88 = ORIENTED_EDGE ( 'NONE', *, *, #5408, .F. ) ;
#89 = COLOUR_RGB ( '',1.000000000000000000, 1.000000000000000000, 1.000000000000000000 ) ;
#90 = DIRECTION ( 'NONE',  ( 0.0000000000000000000, -1.239088197126290817E-16, 1.000000000000000000 ) ) ;
#91 = FILL_AREA_STYLE_COLOUR ( '', #1511 ) ;
#92 = CARTESIAN_POINT ( 'NONE',  ( -0.01574803149606299885, 0.08641732283464564901, -0.5770472440944881543 ) ) ;
#93 =( NAMED_UNIT ( * ) PLANE_ANGLE_UNIT ( ) SI_UNIT ( $, .RADIAN. ) );
#94 = ORIENTED_EDGE ( 'NONE', *, *, #5454, .T. ) ;
#95 = DIRECTION ( 'NONE',  ( -0.0000000000000000000, -1.000000000000000000, -0.0000000000000000000 ) ) ;
#96 = ORIENTED_EDGE ( 'NONE', *, *, #5375, .F. ) ;
#97 = DIRECTION ( 'NONE',  ( -1.000000000000000000, 0.0000000000000000000, 0.0000000000000000000 ) ) ;
#98 = CARTESIAN_POINT ( 'NONE',  ( -0.1244991204790700107, 0.3149606299212598381, 0.0000000000000000000 ) ) ;
#99 = DIRECTION ( 'NONE',  ( 1.000000000000000000, 0.0000000000000000000, 0.0000000000000000000 ) ) ;
#100 = CARTESIAN_POINT ( 'NONE',  ( -0.07677165354330710290, 0.1417322834645669549, -0.5629921259842519676 ) ) ;
#101 = ORIENTED_EDGE ( 'NONE', *, *, #4340, .F. ) ;
#102 = MECHANICAL_DESIGN_GEOMETRIC_PRESENTATION_REPRESENTATION (  '', ( #301 ), #5442 ) ;
#103 = ADVANCED_FACE ( 'NONE', ( #5508 ), #4456, .F. ) ;
#104 = EDGE_LOOP ( 'NONE', ( #566, #2397, #5590, #5213 ) ) ;
#105 = DIRECTION ( 'NONE',  ( 0.0000000000000000000, 0.0000000000000000000, -1.000000000000000000 ) ) ;
#106 = COLOUR_RGB ( '',0.2509803921568627416, 0.2509803921568627416, 0.2509803921568627416 ) ;
#107 = PRESENTATION_STYLE_ASSIGNMENT (( #2567 ) ) ;
#108 = EDGE_CURVE ( 'NONE', #4659, #4765, #287, .T. ) ;
#109 = FILL_AREA_STYLE ('',( #2208 ) ) ;
#110 = ORIENTED_EDGE ( 'NONE', *, *, #3415, .F. ) ;
#111 = EDGE_CURVE ( 'NONE', #6006, #2979, #3945, .T. ) ;
#112 = CARTESIAN_POINT ( 'NONE',  ( -0.05118110236220467513, 0.03937007874015747977, -0.5019685039370078705 ) ) ;
#113 = FILL_AREA_STYLE ('',( #2211 ) ) ;
#114 = VECTOR ( 'NONE', #5668, 39.37007874015748143 ) ;
#115 = SURFACE_STYLE_FILL_AREA ( #690 ) ;
#116 = PRESENTATION_STYLE_ASSIGNMENT (( #1595 ) ) ;
#117 = ORIENTED_EDGE ( 'NONE', *, *, #111, .T. ) ;
#118 = UNCERTAINTY_MEASURE_WITH_UNIT (LENGTH_MEASURE( 1.000000000000000082E-05 ), #2633, 'distance_accuracy_value', 'NONE');
#119 = PRESENTATION_LAYER_ASSIGNMENT (  '', '', ( #2394 ) ) ;
#120 = VECTOR ( 'NONE', #4072, 39.37007874015748143 ) ;
#121 = LENGTH_MEASURE_WITH_UNIT ( LENGTH_MEASURE( 0.02539999999999999897 ), #4520 );
#122 = SURFACE_STYLE_USAGE ( .BOTH. , #3040 ) ;
#123 = SURFACE_SIDE_STYLE ('',( #3657 ) ) ;
#124 = LINE ( 'NONE', #92, #4294 ) ;
#125 = ORIENTED_EDGE ( 'NONE', *, *, #6344, .T. ) ;
#126 = EDGE_LOOP ( 'NONE', ( #4996, #1444, #579, #5249 ) ) ;
#127 = DIRECTION ( 'NONE',  ( 1.000000000000000000, 0.0000000000000000000, 0.0000000000000000000 ) ) ;
#128 = CARTESIAN_POINT ( 'NONE',  ( -0.1614173228346456879, 0.2559055118110236671, 0.3961537755413013229 ) ) ;
#129 = LINE ( 'NONE', #2594, #4672 ) ;
#130 = LINE ( 'NONE', #4464, #4121 ) ;
#131 = AXIS2_PLACEMENT_3D ( 'NONE', #1813, #339, #1874 ) ;
#132 = ORIENTED_EDGE ( 'NONE', *, *, #3956, .T. ) ;
#133 = SURFACE_STYLE_USAGE ( .BOTH. , #3640 ) ;
#134 = UNCERTAINTY_MEASURE_WITH_UNIT (LENGTH_MEASURE( 1.000000000000000082E-05 ), #976, 'distance_accuracy_value', 'NONE');
#135 = VERTEX_POINT ( 'NONE', #5460 ) ;
#136 = VECTOR ( 'NONE', #2624, 39.37007874015748143 ) ;
#137 = DIRECTION ( 'NONE',  ( 0.0000000000000000000, -0.5144957554275261247, 0.8574929257125445403 ) ) ;
#138 = COLOUR_RGB ( '',0.2509803921568627416, 0.2509803921568627416, 0.2509803921568627416 ) ;
#139 = AXIS2_PLACEMENT_3D ( 'NONE', #2319, #5325, #2841 ) ;
#140 = DIRECTION ( 'NONE',  ( 0.0000000000000000000, 0.0000000000000000000, 1.000000000000000000 ) ) ;
#141 = EDGE_CURVE ( 'NONE', #3323, #713, #5840, .T. ) ;
#142 = EDGE_CURVE ( 'NONE', #2802, #3696, #3507, .T. ) ;
#143 = CARTESIAN_POINT ( 'NONE',  ( -0.01574803149606299885, 0.1267226730409271029, -0.5877459237344989651 ) ) ;
#144 = CARTESIAN_POINT ( 'NONE',  ( 0.0000000000000000000, 0.2559055118110236671, -0.5787401574803149318 ) ) ;
#145 = PRODUCT_RELATED_PRODUCT_CATEGORY ( 'part', '', ( #2167 ) ) ;
#146 = VERTEX_POINT ( 'NONE', #531 ) ;
#147 =( GEOMETRIC_REPRESENTATION_CONTEXT ( 3 ) GLOBAL_UNCERTAINTY_ASSIGNED_CONTEXT ( ( #1859 ) ) GLOBAL_UNIT_ASSIGNED_CONTEXT ( ( #816, #6153, #3711 ) ) REPRESENTATION_CONTEXT ( 'NONE', 'WORKASPACE' ) );
#148 = DIRECTION ( 'NONE',  ( 0.0000000000000000000, 0.0000000000000000000, -1.000000000000000000 ) ) ;
#149 = FILL_AREA_STYLE_COLOUR ( '', #2877 ) ;
#150 = LENGTH_MEASURE_WITH_UNIT ( LENGTH_MEASURE( 0.02539999999999999897 ), #627 );
#151 = PRESENTATION_LAYER_ASSIGNMENT (  '', '', ( #6311 ) ) ;
#152 = CARTESIAN_POINT ( 'NONE',  ( 0.0000000000000000000, 0.2559055118110236671, -0.4232283464566929387 ) ) ;
#153 = DIRECTION ( 'NONE',  ( 1.084202172485504311E-16, 1.000000000000000000, 0.0000000000000000000 ) ) ;
#154 = DIRECTION ( 'NONE',  ( -1.000000000000000000, -1.936075308009831019E-17, 0.0000000000000000000 ) ) ;
#155 = EDGE_CURVE ( 'NONE', #901, #6086, #124, .T. ) ;
#156 = ORIENTED_EDGE ( 'NONE', *, *, #1884, .F. ) ;
#157 = LENGTH_MEASURE_WITH_UNIT ( LENGTH_MEASURE( 0.02539999999999999897 ), #634 );
#158 = MECHANICAL_DESIGN_GEOMETRIC_PRESENTATION_REPRESENTATION (  '', ( #3450 ), #962 ) ;
#159 = ORIENTED_EDGE ( 'NONE', *, *, #4866, .T. ) ;
#160 = CARTESIAN_POINT ( 'NONE',  ( 0.1771653543307086798, 0.1456692913385826404, -0.5019685039370078705 ) ) ;
#161 =( NAMED_UNIT ( * ) SI_UNIT ( $, .STERADIAN. ) SOLID_ANGLE_UNIT ( ) );
#162 = AXIS2_PLACEMENT_3D ( 'NONE', #2952, #4898, #2462 ) ;
#163 = CARTESIAN_POINT ( 'NONE',  ( -0.05118110236220467513, 0.0000000000000000000, -0.5629921259842519676 ) ) ;
#164 = EDGE_LOOP ( 'NONE', ( #6015, #2779, #4139, #2821 ) ) ;
#165 = ORIENTED_EDGE ( 'NONE', *, *, #108, .F. ) ;
#166 = MECHANICAL_DESIGN_GEOMETRIC_PRESENTATION_REPRESENTATION (  '', ( #5219 ), #3865 ) ;
#167 = DIRECTION ( 'NONE',  ( 0.0000000000000000000, -1.239088197126290817E-16, 1.000000000000000000 ) ) ;
#168 = SURFACE_STYLE_USAGE ( .BOTH. , #4214 ) ;
#169 =( GEOMETRIC_REPRESENTATION_CONTEXT ( 3 ) GLOBAL_UNCERTAINTY_ASSIGNED_CONTEXT ( ( #5407 ) ) GLOBAL_UNIT_ASSIGNED_CONTEXT ( ( #4922, #6359, #4995 ) ) REPRESENTATION_CONTEXT ( 'NONE', 'WORKASPACE' ) );
#170 = CARTESIAN_POINT ( 'NONE',  ( 0.1614173228346456879, 0.2559055118110236671, -0.1377952755905511584 ) ) ;
#171 = CYLINDRICAL_SURFACE ( 'NONE', #3784, 0.02362204724409448786 ) ;
#172 = APPLICATION_PROTOCOL_DEFINITION ( 'draft international standard', 'automotive_design', 1998, #5376 ) ;
#173 = CIRCLE ( 'NONE', #888, 0.009842519685039369942 ) ;
#174 = MECHANICAL_DESIGN_GEOMETRIC_PRESENTATION_REPRESENTATION (  '', ( #2966 ), #982 ) ;
#175 = SURFACE_SIDE_STYLE ('',( #205 ) ) ;
#176 = DIRECTION ( 'NONE',  ( -1.000000000000000000, 0.0000000000000000000, 0.0000000000000000000 ) ) ;
#177 = PRESENTATION_STYLE_ASSIGNMENT (( #4549 ) ) ;
#178 = CIRCLE ( 'NONE', #3476, 0.01968503937007875723 ) ;
#179 = ORIENTED_EDGE ( 'NONE', *, *, #4267, .F. ) ;
#180 = UNCERTAINTY_MEASURE_WITH_UNIT (LENGTH_MEASURE( 1.000000000000000082E-05 ), #5136, 'distance_accuracy_value', 'NONE');
#181 = EDGE_CURVE ( 'NONE', #1323, #3613, #4882, .T. ) ;
#182 = EDGE_CURVE ( 'NONE', #4712, #2032, #3912, .T. ) ;
#183 = CARTESIAN_POINT ( 'NONE',  ( 0.06692913385826773642, 0.1949136480912218305, -0.5787401574803149318 ) ) ;
#184 = DIRECTION ( 'NONE',  ( -1.000000000000000000, -0.0000000000000000000, -0.0000000000000000000 ) ) ;
#185 = PLANE ( 'NONE',  #1146 ) ;
#186 = PRESENTATION_STYLE_ASSIGNMENT (( #1250 ) ) ;
#187 = ORIENTED_EDGE ( 'NONE', *, *, #409, .T. ) ;
#188 = AXIS2_PLACEMENT_3D ( 'NONE', #2030, #3044, #4490 ) ;
#189 = EDGE_LOOP ( 'NONE', ( #1610, #5243, #709, #5735 ) ) ;
#190 = LINE ( 'NONE', #3697, #5419 ) ;
#191 = EDGE_CURVE ( 'NONE', #606, #901, #3009, .T. ) ;
#192 = LINE ( 'NONE', #673, #1997 ) ;
#193 = DIMENSIONAL_EXPONENTS ( 1.000000000000000000, 0.0000000000000000000, 0.0000000000000000000, 0.0000000000000000000, 0.0000000000000000000, 0.0000000000000000000, 0.0000000000000000000 ) ;
#194 = LINE ( 'NONE', #6265, #4224 ) ;
#195 =( GEOMETRIC_REPRESENTATION_CONTEXT ( 3 ) GLOBAL_UNCERTAINTY_ASSIGNED_CONTEXT ( ( #3229 ) ) GLOBAL_UNIT_ASSIGNED_CONTEXT ( ( #86, #5393, #5480 ) ) REPRESENTATION_CONTEXT ( 'NONE', 'WORKASPACE' ) );
#196 =( NAMED_UNIT ( * ) PLANE_ANGLE_UNIT ( ) SI_UNIT ( $, .RADIAN. ) );
#197 = ORIENTED_EDGE ( 'NONE', *, *, #25, .F. ) ;
#198 = UNCERTAINTY_MEASURE_WITH_UNIT (LENGTH_MEASURE( 1.000000000000000082E-05 ), #3085, 'distance_accuracy_value', 'NONE');
#199 = ORIENTED_EDGE ( 'NONE', *, *, #4430, .F. ) ;
#200 = VECTOR ( 'NONE', #5578, 39.37007874015748143 ) ;
#201 = SURFACE_SIDE_STYLE ('',( #5677 ) ) ;
#202 = FILL_AREA_STYLE_COLOUR ( '', #2375 ) ;
#203 = DIRECTION ( 'NONE',  ( 0.0000000000000000000, 1.000000000000000000, 4.336808689942006692E-15 ) ) ;
#204 = CARTESIAN_POINT ( 'NONE',  ( -0.1771653543307086798, 0.3937007874015747699, -0.03937007874015747977 ) ) ;
#205 = SURFACE_STYLE_FILL_AREA ( #5992 ) ;
#206 =( CONVERSION_BASED_UNIT ( 'INCH', #3190 ) LENGTH_UNIT ( ) NAMED_UNIT ( #561 ) );
#207 =( CONVERSION_BASED_UNIT ( 'INCH', #5547 ) LENGTH_UNIT ( ) NAMED_UNIT ( #4759 ) );
#208 = DIRECTION ( 'NONE',  ( 0.0000000000000000000, 0.0000000000000000000, -1.000000000000000000 ) ) ;
#209 = VERTEX_POINT ( 'NONE', #2089 ) ;
#210 = SURFACE_SIDE_STYLE ('',( #4585 ) ) ;
#211 = VECTOR ( 'NONE', #4432, 39.37007874015748143 ) ;
#212 =( GEOMETRIC_REPRESENTATION_CONTEXT ( 3 ) GLOBAL_UNCERTAINTY_ASSIGNED_CONTEXT ( ( #557 ) ) GLOBAL_UNIT_ASSIGNED_CONTEXT ( ( #2761, #3119, #5570 ) ) REPRESENTATION_CONTEXT ( 'NONE', 'WORKASPACE' ) );
#213 = PLANE ( 'NONE',  #3470 ) ;
#214 = SURFACE_STYLE_USAGE ( .BOTH. , #6103 ) ;
#215 = PLANE ( 'NONE',  #6046 ) ;
#216 = ORIENTED_EDGE ( 'NONE', *, *, #4823, .F. ) ;
#217 = ORIENTED_EDGE ( 'NONE', *, *, #108, .T. ) ;
#218 = CARTESIAN_POINT ( 'NONE',  ( 0.0000000000000000000, 0.2559055118110236671, -0.5019685039370078705 ) ) ;
#219 = SURFACE_STYLE_USAGE ( .BOTH. , #2623 ) ;
#220 =( NAMED_UNIT ( * ) PLANE_ANGLE_UNIT ( ) SI_UNIT ( $, .RADIAN. ) );
#221 = CIRCLE ( 'NONE', #5356, 0.03543307086614172485 ) ;
#222 = MECHANICAL_DESIGN_GEOMETRIC_PRESENTATION_REPRESENTATION (  '', ( #4534 ), #1033 ) ;
#223 = EDGE_CURVE ( 'NONE', #5892, #2391, #3981, .T. ) ;
#224 = LENGTH_MEASURE_WITH_UNIT ( LENGTH_MEASURE( 0.02539999999999999897 ), #1187 );
#225 = ORIENTED_EDGE ( 'NONE', *, *, #525, .F. ) ;
#226 = EDGE_CURVE ( 'NONE', #4592, #998, #2939, .T. ) ;
#227 = SURFACE_SIDE_STYLE ('',( #6048 ) ) ;
#228 = ORIENTED_EDGE ( 'NONE', *, *, #2840, .T. ) ;
#229 = DIRECTION ( 'NONE',  ( 0.0000000000000000000, 0.0000000000000000000, 1.000000000000000000 ) ) ;
#230 = VECTOR ( 'NONE', #5637, 39.37007874015748143 ) ;
#231 = CARTESIAN_POINT ( 'NONE',  ( 0.09842519685039369248, 0.1614173228346456879, -0.5019685039370078705 ) ) ;
#232 = DIMENSIONAL_EXPONENTS ( 1.000000000000000000, 0.0000000000000000000, 0.0000000000000000000, 0.0000000000000000000, 0.0000000000000000000, 0.0000000000000000000, 0.0000000000000000000 ) ;
#233 = FILL_AREA_STYLE_COLOUR ( '', #717 ) ;
#234 =( NAMED_UNIT ( * ) SI_UNIT ( $, .STERADIAN. ) SOLID_ANGLE_UNIT ( ) );
#235 = LINE ( 'NONE', #3126, #2210 ) ;
#236 =( GEOMETRIC_REPRESENTATION_CONTEXT ( 3 ) GLOBAL_UNCERTAINTY_ASSIGNED_CONTEXT ( ( #2115 ) ) GLOBAL_UNIT_ASSIGNED_CONTEXT ( ( #745, #6180, #2233 ) ) REPRESENTATION_CONTEXT ( 'NONE', 'WORKASPACE' ) );
#237 = DIRECTION ( 'NONE',  ( -0.0000000000000000000, -0.0000000000000000000, -1.000000000000000000 ) ) ;
#238 = FILL_AREA_STYLE_COLOUR ( '', #404 ) ;
#239 = VERTEX_POINT ( 'NONE', #4389 ) ;
#240 = UNCERTAINTY_MEASURE_WITH_UNIT (LENGTH_MEASURE( 1.000000000000000082E-05 ), #971, 'distance_accuracy_value', 'NONE');
#241 = DIRECTION ( 'NONE',  ( 1.204669080539449344E-16, -1.000000000000000000, 0.0000000000000000000 ) ) ;
#242 = CARTESIAN_POINT ( 'NONE',  ( 0.1771653543307086798, 0.0000000000000000000, -0.5019685039370078705 ) ) ;
#243 = CARTESIAN_POINT ( 'NONE',  ( 0.1929133858267716439, -0.08858267716535427050, -0.4527559055118109410 ) ) ;
#244 = VECTOR ( 'NONE', #4778, 39.37007874015748143 ) ;
#245 = LINE ( 'NONE', #2125, #1545 ) ;
#246 = EDGE_LOOP ( 'NONE', ( #4858, #5703 ) ) ;
#247 = VERTEX_POINT ( 'NONE', #3442 ) ;
#248 =( LENGTH_UNIT ( ) NAMED_UNIT ( * ) SI_UNIT ( $, .METRE. ) );
#249 = DIRECTION ( 'NONE',  ( 1.000000000000000000, 0.0000000000000000000, 0.0000000000000000000 ) ) ;
#250 = LENGTH_MEASURE_WITH_UNIT ( LENGTH_MEASURE( 0.02539999999999999897 ), #5592 );
#251 =( CONVERSION_BASED_UNIT ( 'INCH', #282 ) LENGTH_UNIT ( ) NAMED_UNIT ( #432 ) );
#252 = PRESENTATION_STYLE_ASSIGNMENT (( #2692 ) ) ;
#253 = VERTEX_POINT ( 'NONE', #4040 ) ;
#254 =( NAMED_UNIT ( * ) PLANE_ANGLE_UNIT ( ) SI_UNIT ( $, .RADIAN. ) );
#255 = EDGE_LOOP ( 'NONE', ( #3303, #428, #5368, #5395, #4063, #96, #5221, #4097, #1112 ) ) ;
#256 = ADVANCED_FACE ( 'NONE', ( #5973, #6004 ), #5367, .F. ) ;
#257 = EDGE_CURVE ( 'NONE', #867, #5090, #4603, .T. ) ;
#258 = AXIS2_PLACEMENT_3D ( 'NONE', #152, #4135, #3847 ) ;
#259 = DIRECTION ( 'NONE',  ( -1.204669080539449344E-16, -1.000000000000000000, 0.0000000000000000000 ) ) ;
#260 = FILL_AREA_STYLE_COLOUR ( '', #4931 ) ;
#261 = MECHANICAL_DESIGN_GEOMETRIC_PRESENTATION_REPRESENTATION (  '', ( #2753 ), #875 ) ;
#262 =( NAMED_UNIT ( * ) SI_UNIT ( $, .STERADIAN. ) SOLID_ANGLE_UNIT ( ) );
#263 = SURFACE_SIDE_STYLE ('',( #4190 ) ) ;
#264 = ADVANCED_FACE ( 'NONE', ( #1212 ), #215, .F. ) ;
#265 = CARTESIAN_POINT ( 'NONE',  ( -0.06692913385826773642, 0.1949136480912218305, -0.5787401574803149318 ) ) ;
#266 = COLOUR_RGB ( '',0.2509803921568627416, 0.2509803921568627416, 0.2509803921568627416 ) ;
#267 = DIRECTION ( 'NONE',  ( 0.0000000000000000000, 0.0000000000000000000, -1.000000000000000000 ) ) ;
#268 = SURFACE_SIDE_STYLE ('',( #850 ) ) ;
#269 = VERTEX_POINT ( 'NONE', #3603 ) ;
#270 = STYLED_ITEM ( 'NONE', ( #2477 ), #5568 ) ;
#271 = DIMENSIONAL_EXPONENTS ( 1.000000000000000000, 0.0000000000000000000, 0.0000000000000000000, 0.0000000000000000000, 0.0000000000000000000, 0.0000000000000000000, 0.0000000000000000000 ) ;
#272 = AXIS2_PLACEMENT_3D ( 'NONE', #2326, #5303, #3386 ) ;
#273 =( NAMED_UNIT ( * ) PLANE_ANGLE_UNIT ( ) SI_UNIT ( $, .RADIAN. ) );
#274 = LINE ( 'NONE', #3718, #3742 ) ;
#275 = DIRECTION ( 'NONE',  ( 1.000000000000000000, 9.856383386231860060E-17, 0.0000000000000000000 ) ) ;
#276 = COLOUR_RGB ( '',1.000000000000000000, 1.000000000000000000, 1.000000000000000000 ) ;
#277 = VECTOR ( 'NONE', #2547, 39.37007874015748143 ) ;
#278 = ORIENTED_EDGE ( 'NONE', *, *, #857, .T. ) ;
#279 = ORIENTED_EDGE ( 'NONE', *, *, #2843, .T. ) ;
#280 = AXIS2_PLACEMENT_3D ( 'NONE', #30, #5032, #1971 ) ;
#281 = CARTESIAN_POINT ( 'NONE',  ( 0.1771653543307086798, 0.4330708661417322913, -0.4232283464566929387 ) ) ;
#282 = LENGTH_MEASURE_WITH_UNIT ( LENGTH_MEASURE( 0.02539999999999999897 ), #312 );
#283 = FILL_AREA_STYLE_COLOUR ( '', #4972 ) ;
#284 = ORIENTED_EDGE ( 'NONE', *, *, #2607, .F. ) ;
#285 = SURFACE_STYLE_FILL_AREA ( #3768 ) ;
#286 = ORIENTED_EDGE ( 'NONE', *, *, #182, .T. ) ;
#287 = CIRCLE ( 'NONE', #6251, 0.007874015748031482076 ) ;
#288 = LINE ( 'NONE', #3213, #3523 ) ;
#289 = CARTESIAN_POINT ( 'NONE',  ( 0.05118110236220479309, 0.2559055118110236671, -0.5019685039370078705 ) ) ;
#290 = COLOUR_RGB ( '',1.000000000000000000, 1.000000000000000000, 1.000000000000000000 ) ;
#291 = CARTESIAN_POINT ( 'NONE',  ( -0.1122047244094488277, 0.2559055118110236671, -0.4232283464566929387 ) ) ;
#292 = FACE_OUTER_BOUND ( 'NONE', #590, .T. ) ;
#293 = FACE_OUTER_BOUND ( 'NONE', #584, .T. ) ;
#294 =( GEOMETRIC_REPRESENTATION_CONTEXT ( 3 ) GLOBAL_UNCERTAINTY_ASSIGNED_CONTEXT ( ( #299 ) ) GLOBAL_UNIT_ASSIGNED_CONTEXT ( ( #818, #3714, #2281 ) ) REPRESENTATION_CONTEXT ( 'NONE', 'WORKASPACE' ) );
#295 = PLANE ( 'NONE',  #162 ) ;
#296 = EDGE_CURVE ( 'NONE', #5432, #3631, #1110, .T. ) ;
#297 = CYLINDRICAL_SURFACE ( 'NONE', #1953, 0.1122047244094488277 ) ;
#298 = VERTEX_POINT ( 'NONE', #4168 ) ;
#299 = UNCERTAINTY_MEASURE_WITH_UNIT (LENGTH_MEASURE( 1.000000000000000082E-05 ), #818, 'distance_accuracy_value', 'NONE');
#300 = EDGE_CURVE ( 'NONE', #1148, #5873, #4621, .T. ) ;
#301 = STYLED_ITEM ( 'NONE', ( #107 ), #855 ) ;
#302 = DIRECTION ( 'NONE',  ( 0.0000000000000000000, 0.0000000000000000000, -1.000000000000000000 ) ) ;
#303 = DIRECTION ( 'NONE',  ( -1.000000000000000000, 1.224646799147353700E-16, 0.0000000000000000000 ) ) ;
#304 = FACE_OUTER_BOUND ( 'NONE', #2747, .T. ) ;
#305 = AXIS2_PLACEMENT_3D ( 'NONE', #2377, #2903, #332 ) ;
#306 = CARTESIAN_POINT ( 'NONE',  ( -0.09055118110236218265, 0.2559055118110236671, -0.5629921259842519676 ) ) ;
#307 = ORIENTED_EDGE ( 'NONE', *, *, #338, .F. ) ;
#308 = EDGE_LOOP ( 'NONE', ( #1947, #2344 ) ) ;
#309 = PLANE ( 'NONE',  #2655 ) ;
#310 = PRESENTATION_STYLE_ASSIGNMENT (( #4725 ) ) ;
#311 = DIMENSIONAL_EXPONENTS ( 1.000000000000000000, 0.0000000000000000000, 0.0000000000000000000, 0.0000000000000000000, 0.0000000000000000000, 0.0000000000000000000, 0.0000000000000000000 ) ;
#312 =( LENGTH_UNIT ( ) NAMED_UNIT ( * ) SI_UNIT ( $, .METRE. ) );
#313 = DIRECTION ( 'NONE',  ( 2.134811861556445723E-16, 1.000000000000000000, 0.0000000000000000000 ) ) ;
#314 = DIRECTION ( 'NONE',  ( 0.0000000000000000000, 0.0000000000000000000, -1.000000000000000000 ) ) ;
#315 = EDGE_LOOP ( 'NONE', ( #5203, #5857, #3722, #2315 ) ) ;
#316 = DIRECTION ( 'NONE',  ( 0.0000000000000000000, 1.000000000000000000, 0.0000000000000000000 ) ) ;
#317 = ORIENTED_EDGE ( 'NONE', *, *, #744, .T. ) ;
#318 = FILL_AREA_STYLE_COLOUR ( '', #6124 ) ;
#319 = CIRCLE ( 'NONE', #3913, 0.02559055118110236532 ) ;
#320 = VECTOR ( 'NONE', #3068, 39.37007874015748143 ) ;
#321 = FACE_OUTER_BOUND ( 'NONE', #3574, .T. ) ;
#322 = FILL_AREA_STYLE_COLOUR ( '', #1856 ) ;
#323 = CARTESIAN_POINT ( 'NONE',  ( -0.05118110236220467513, 0.03937007874015747977, -0.3415354330708661457 ) ) ;
#324 = PRESENTATION_STYLE_ASSIGNMENT (( #3289 ) ) ;
#325 = ORIENTED_EDGE ( 'NONE', *, *, #2553, .T. ) ;
#326 = ADVANCED_FACE ( 'NONE', ( #2186 ), #4137, .T. ) ;
#327 = VECTOR ( 'NONE', #4088, 39.37007874015748143 ) ;
#328 = EDGE_CURVE ( 'NONE', #385, #3181, #6193, .T. ) ;
#329 = DIRECTION ( 'NONE',  ( -1.224646799147353700E-16, -1.000000000000000000, 0.0000000000000000000 ) ) ;
#330 =( NAMED_UNIT ( * ) PLANE_ANGLE_UNIT ( ) SI_UNIT ( $, .RADIAN. ) );
#331 =( NAMED_UNIT ( * ) PLANE_ANGLE_UNIT ( ) SI_UNIT ( $, .RADIAN. ) );
#332 = DIRECTION ( 'NONE',  ( 0.0000000000000000000, 0.0000000000000000000, -1.000000000000000000 ) ) ;
#333 = ORIENTED_EDGE ( 'NONE', *, *, #73, .F. ) ;
#334 = VERTEX_POINT ( 'NONE', #1774 ) ;
#335 = CARTESIAN_POINT ( 'NONE',  ( 0.09842519685039369248, 0.1614173228346456879, -0.4035433070866140670 ) ) ;
#336 = VECTOR ( 'NONE', #3876, 39.37007874015748143 ) ;
#337 = PLANE ( 'NONE',  #5676 ) ;
#338 = EDGE_CURVE ( 'NONE', #3715, #476, #1403, .T. ) ;
#339 = DIRECTION ( 'NONE',  ( 0.0000000000000000000, 0.0000000000000000000, -1.000000000000000000 ) ) ;
#340 = ORIENTED_EDGE ( 'NONE', *, *, #1327, .T. ) ;
#341 = LINE ( 'NONE', #4793, #3180 ) ;
#342 = CARTESIAN_POINT ( 'NONE',  ( -0.07677165354330708902, 0.01574803149606299191, -0.5984251968503937480 ) ) ;
#343 = VECTOR ( 'NONE', #1616, 39.37007874015748143 ) ;
#344 = ORIENTED_EDGE ( 'NONE', *, *, #2678, .F. ) ;
#345 =( NAMED_UNIT ( * ) SI_UNIT ( $, .STERADIAN. ) SOLID_ANGLE_UNIT ( ) );
#346 = DIRECTION ( 'NONE',  ( 0.0000000000000000000, 0.0000000000000000000, 1.000000000000000000 ) ) ;
#347 = PRESENTATION_LAYER_ASSIGNMENT (  '', '', ( #1908 ) ) ;
#348 = DIMENSIONAL_EXPONENTS ( 1.000000000000000000, 0.0000000000000000000, 0.0000000000000000000, 0.0000000000000000000, 0.0000000000000000000, 0.0000000000000000000, 0.0000000000000000000 ) ;
#349 = ORIENTED_EDGE ( 'NONE', *, *, #5454, .F. ) ;
#350 = CARTESIAN_POINT ( 'NONE',  ( -0.05118110236220467513, 0.03937007874015747977, -0.3415354330708661457 ) ) ;
#351 = DIRECTION ( 'NONE',  ( 0.0000000000000000000, 0.0000000000000000000, 1.000000000000000000 ) ) ;
#352 = FILL_AREA_STYLE ('',( #1886 ) ) ;
#353 = LENGTH_MEASURE_WITH_UNIT ( LENGTH_MEASURE( 0.02539999999999999897 ), #1797 );
#354 = LINE ( 'NONE', #3783, #907 ) ;
#355 = VERTEX_POINT ( 'NONE', #306 ) ;
#356 = UNCERTAINTY_MEASURE_WITH_UNIT (LENGTH_MEASURE( 1.000000000000000082E-05 ), #3413, 'distance_accuracy_value', 'NONE');
#357 = CARTESIAN_POINT ( 'NONE',  ( 0.05118110236220479309, 0.03937007874015747977, -0.5019685039370078705 ) ) ;
#358 = SURFACE_STYLE_FILL_AREA ( #1832 ) ;
#359 = CARTESIAN_POINT ( 'NONE',  ( 0.07454548415198203326, 0.3400753451205706934, -0.04378292259596482106 ) ) ;
#360 = DIRECTION ( 'NONE',  ( -1.000000000000000000, 0.0000000000000000000, 0.0000000000000000000 ) ) ;
#361 = MECHANICAL_DESIGN_GEOMETRIC_PRESENTATION_REPRESENTATION (  '', ( #4808 ), #682 ) ;
#362 = FILL_AREA_STYLE_COLOUR ( '', #3703 ) ;
#363 = ADVANCED_FACE ( 'NONE', ( #793 ), #6224, .F. ) ;
#364 = VECTOR ( 'NONE', #2444, 39.37007874015748143 ) ;
#365 = VERTEX_POINT ( 'NONE', #1895 ) ;
#366 = EDGE_CURVE ( 'NONE', #5525, #4193, #4720, .T. ) ;
#367 =( NAMED_UNIT ( * ) SI_UNIT ( $, .STERADIAN. ) SOLID_ANGLE_UNIT ( ) );
#368 = VECTOR ( 'NONE', #1064, 39.37007874015748143 ) ;
#369 = DIRECTION ( 'NONE',  ( -1.000000000000000000, 0.0000000000000000000, 0.0000000000000000000 ) ) ;
#370 = PRESENTATION_LAYER_ASSIGNMENT (  '', '', ( #5231 ) ) ;
#371 = LINE ( 'NONE', #1840, #1176 ) ;
#372 = DIRECTION ( 'NONE',  ( 0.0000000000000000000, 0.0000000000000000000, 1.000000000000000000 ) ) ;
#373 = EDGE_CURVE ( 'NONE', #5469, #385, #3297, .T. ) ;
#374 = ORIENTED_EDGE ( 'NONE', *, *, #6040, .T. ) ;
#375 = CARTESIAN_POINT ( 'NONE',  ( 0.1771653543307086798, -0.08858267716535427050, -0.4783464566929133133 ) ) ;
#376 =( NAMED_UNIT ( * ) PLANE_ANGLE_UNIT ( ) SI_UNIT ( $, .RADIAN. ) );
#377 = UNCERTAINTY_MEASURE_WITH_UNIT (LENGTH_MEASURE( 1.000000000000000082E-05 ), #5682, 'distance_accuracy_value', 'NONE');
#378 = PRESENTATION_LAYER_ASSIGNMENT (  '', '', ( #3183 ) ) ;
#379 = ORIENTED_EDGE ( 'NONE', *, *, #338, .T. ) ;
#380 = EDGE_CURVE ( 'NONE', #5758, #5899, #2986, .T. ) ;
#381 = LINE ( 'NONE', #5234, #1398 ) ;
#382 = DIRECTION ( 'NONE',  ( 0.0000000000000000000, -0.5144957554275263467, -0.8574929257125443183 ) ) ;
#383 =( NAMED_UNIT ( * ) SI_UNIT ( $, .STERADIAN. ) SOLID_ANGLE_UNIT ( ) );
#384 = AXIS2_PLACEMENT_3D ( 'NONE', #5148, #5582, #1173 ) ;
#385 = VERTEX_POINT ( 'NONE', #4781 ) ;
#386 = PRESENTATION_STYLE_ASSIGNMENT (( #5767 ) ) ;
#387 = AXIS2_PLACEMENT_3D ( 'NONE', #5154, #2124, #4686 ) ;
#388 = CARTESIAN_POINT ( 'NONE',  ( 0.1771653543307086798, -0.08858267716535427050, -0.4271653543307086243 ) ) ;
#389 =( GEOMETRIC_REPRESENTATION_CONTEXT ( 3 ) GLOBAL_UNCERTAINTY_ASSIGNED_CONTEXT ( ( #4162 ) ) GLOBAL_UNIT_ASSIGNED_CONTEXT ( ( #882, #331, #2376 ) ) REPRESENTATION_CONTEXT ( 'NONE', 'WORKASPACE' ) );
#390 = VERTEX_POINT ( 'NONE', #2351 ) ;
#391 = CARTESIAN_POINT ( 'NONE',  ( 0.0000000000000000000, 0.2559055118110236671, -0.5019685039370078705 ) ) ;
#392 = DIMENSIONAL_EXPONENTS ( 1.000000000000000000, 0.0000000000000000000, 0.0000000000000000000, 0.0000000000000000000, 0.0000000000000000000, 0.0000000000000000000, 0.0000000000000000000 ) ;
#393 = LINE ( 'NONE', #2898, #1278 ) ;
#394 = CARTESIAN_POINT ( 'NONE',  ( 0.06886951056903875545, 0.3444881889763781180, -0.03937007874015750752 ) ) ;
#395 = CARTESIAN_POINT ( 'NONE',  ( 0.0000000000000000000, 0.2559055118110236671, -0.05413385826771659193 ) ) ;
#396 = VECTOR ( 'NONE', #4028, 39.37007874015748143 ) ;
#397 = CARTESIAN_POINT ( 'NONE',  ( 0.01574803149606299191, 0.07800173640789190288, -0.5877459237344989651 ) ) ;
#398 = VERTEX_POINT ( 'NONE', #1834 ) ;
#399 = SURFACE_STYLE_FILL_AREA ( #3727 ) ;
#400 = AXIS2_PLACEMENT_3D ( 'NONE', #4042, #1965, #4457 ) ;
#401 = FILL_AREA_STYLE_COLOUR ( '', #4131 ) ;
#402 = EDGE_LOOP ( 'NONE', ( #1349, #1057 ) ) ;
#403 = DIRECTION ( 'NONE',  ( 0.0000000000000000000, -4.336808689942029569E-16, 1.000000000000000000 ) ) ;
#404 = COLOUR_RGB ( '',1.000000000000000000, 1.000000000000000000, 1.000000000000000000 ) ;
#405 = DIRECTION ( 'NONE',  ( -1.000000000000000000, -0.0000000000000000000, -0.0000000000000000000 ) ) ;
#406 = VERTEX_POINT ( 'NONE', #2289 ) ;
#407 = SURFACE_STYLE_FILL_AREA ( #3833 ) ;
#408 = ADVANCED_FACE ( 'NONE', ( #3753 ), #5724, .T. ) ;
#409 = EDGE_CURVE ( 'NONE', #2911, #4699, #1003, .T. ) ;
#410 = CIRCLE ( 'NONE', #1132, 0.03346456692913385433 ) ;
#411 =( LENGTH_UNIT ( ) NAMED_UNIT ( * ) SI_UNIT ( $, .METRE. ) );
#412 = SURFACE_SIDE_STYLE ('',( #4254 ) ) ;
#413 = EDGE_CURVE ( 'NONE', #365, #2984, #1564, .T. ) ;
#414 = ORIENTED_EDGE ( 'NONE', *, *, #5156, .F. ) ;
#415 = VECTOR ( 'NONE', #2151, 39.37007874015748143 ) ;
#416 = MANIFOLD_SOLID_BREP ( 'Extrude320', #84 ) ;
#417 =( NAMED_UNIT ( * ) PLANE_ANGLE_UNIT ( ) SI_UNIT ( $, .RADIAN. ) );
#418 = VECTOR ( 'NONE', #2956, 39.37007874015748143 ) ;
#419 = VECTOR ( 'NONE', #5392, 39.37007874015748143 ) ;
#420 = FACE_OUTER_BOUND ( 'NONE', #3045, .T. ) ;
#421 = SURFACE_STYLE_USAGE ( .BOTH. , #5871 ) ;
#422 = CARTESIAN_POINT ( 'NONE',  ( 0.1614173228346456879, 0.2559055118110236671, -0.5019685039370078705 ) ) ;
#423 = FILL_AREA_STYLE ('',( #6316 ) ) ;
#424 = PRESENTATION_LAYER_ASSIGNMENT (  '', '', ( #1267 ) ) ;
#425 = FILL_AREA_STYLE_COLOUR ( '', #1708 ) ;
#426 = DIRECTION ( 'NONE',  ( 0.0000000000000000000, 0.0000000000000000000, -1.000000000000000000 ) ) ;
#427 = FILL_AREA_STYLE ('',( #910 ) ) ;
#428 = ORIENTED_EDGE ( 'NONE', *, *, #2883, .F. ) ;
#429 = STYLED_ITEM ( 'NONE', ( #6245 ), #2887 ) ;
#430 = CARTESIAN_POINT ( 'NONE',  ( -0.1772047244094487883, 0.3297244094488189226, -0.05413385826771655723 ) ) ;
#431 =( LENGTH_UNIT ( ) NAMED_UNIT ( * ) SI_UNIT ( $, .METRE. ) );
#432 = DIMENSIONAL_EXPONENTS ( 1.000000000000000000, 0.0000000000000000000, 0.0000000000000000000, 0.0000000000000000000, 0.0000000000000000000, 0.0000000000000000000, 0.0000000000000000000 ) ;
#433 = FILL_AREA_STYLE_COLOUR ( '', #1455 ) ;
#434 = STYLED_ITEM ( 'NONE', ( #310 ), #3251 ) ;
#435 = DIRECTION ( 'NONE',  ( 0.0000000000000000000, 0.0000000000000000000, 1.000000000000000000 ) ) ;
#436 = VERTEX_POINT ( 'NONE', #2504 ) ;
#437 =( LENGTH_UNIT ( ) NAMED_UNIT ( * ) SI_UNIT ( $, .METRE. ) );
#438 = UNCERTAINTY_MEASURE_WITH_UNIT (LENGTH_MEASURE( 1.000000000000000082E-05 ), #3592, 'distance_accuracy_value', 'NONE');
#439 = ORIENTED_EDGE ( 'NONE', *, *, #822, .T. ) ;
#440 = CIRCLE ( 'NONE', #139, 0.1122047244094488277 ) ;
#441 = CARTESIAN_POINT ( 'NONE',  ( 0.09842519685039369248, 0.1614173228346456879, -0.5019685039370078705 ) ) ;
#442 = CARTESIAN_POINT ( 'NONE',  ( 0.0000000000000000000, 0.2559055118110236671, -0.5984251968503937480 ) ) ;
#443 =( NAMED_UNIT ( * ) SI_UNIT ( $, .STERADIAN. ) SOLID_ANGLE_UNIT ( ) );
#444 = LINE ( 'NONE', #6212, #3118 ) ;
#445 = VERTEX_POINT ( 'NONE', #5877 ) ;
#446 = ADVANCED_FACE ( 'NONE', ( #4944 ), #5425, .T. ) ;
#447 = EDGE_CURVE ( 'NONE', #3115, #6227, #4874, .T. ) ;
#448 = MECHANICAL_DESIGN_GEOMETRIC_PRESENTATION_REPRESENTATION (  '', ( #1908 ), #5206 ) ;
#449 = DIRECTION ( 'NONE',  ( 0.0000000000000000000, 0.5144957554275264577, -0.8574929257125443183 ) ) ;
#450 = FILL_AREA_STYLE ('',( #478 ) ) ;
#451 = CARTESIAN_POINT ( 'NONE',  ( -0.05118110236220478615, 0.03937007874015747977, -0.3277559055118110520 ) ) ;
#452 = ORIENTED_EDGE ( 'NONE', *, *, #3035, .T. ) ;
#453 = EDGE_CURVE ( 'NONE', #5776, #1124, #3393, .T. ) ;
#454 = LINE ( 'NONE', #5448, #336 ) ;
#455 = PRESENTATION_LAYER_ASSIGNMENT (  '', '', ( #3271 ) ) ;
#456 = CYLINDRICAL_SURFACE ( 'NONE', #2854, 0.05314960629921260116 ) ;
#457 =( NAMED_UNIT ( * ) PLANE_ANGLE_UNIT ( ) SI_UNIT ( $, .RADIAN. ) );
#458 = EDGE_LOOP ( 'NONE', ( #596, #1646, #4757, #5821 ) ) ;
#459 = MECHANICAL_DESIGN_GEOMETRIC_PRESENTATION_REPRESENTATION (  '', ( #1496 ), #4059 ) ;
#460 = CARTESIAN_POINT ( 'NONE',  ( 0.09842519685039369248, 0.1614173228346456879, -0.5019685039370078705 ) ) ;
#461 = FACE_OUTER_BOUND ( 'NONE', #2465, .T. ) ;
#462 =( LENGTH_UNIT ( ) NAMED_UNIT ( * ) SI_UNIT ( $, .METRE. ) );
#463 = CIRCLE ( 'NONE', #5618, 0.007874015748031482076 ) ;
#464 = SURFACE_STYLE_FILL_AREA ( #4991 ) ;
#465 = ORIENTED_EDGE ( 'NONE', *, *, #2324, .T. ) ;
#466 = CARTESIAN_POINT ( 'NONE',  ( 0.05905511811023622659, 0.007874015748031499423, -0.5787401574803149318 ) ) ;
#467 = ORIENTED_EDGE ( 'NONE', *, *, #4195, .F. ) ;
#468 = VECTOR ( 'NONE', #5545, 39.37007874015748143 ) ;
#469 = AXIS2_PLACEMENT_3D ( 'NONE', #1285, #5698, #798 ) ;
#470 = CARTESIAN_POINT ( 'NONE',  ( -0.1244991204790700107, 0.3149606299212598381, 0.0000000000000000000 ) ) ;
#471 = LINE ( 'NONE', #2100, #4943 ) ;
#472 =( CONVERSION_BASED_UNIT ( 'INCH', #927 ) LENGTH_UNIT ( ) NAMED_UNIT ( #2217 ) );
#473 = AXIS2_PLACEMENT_3D ( 'NONE', #1794, #3812, #1334 ) ;
#474 = DIMENSIONAL_EXPONENTS ( 1.000000000000000000, 0.0000000000000000000, 0.0000000000000000000, 0.0000000000000000000, 0.0000000000000000000, 0.0000000000000000000, 0.0000000000000000000 ) ;
#475 = VECTOR ( 'NONE', #5118, 39.37007874015748143 ) ;
#476 = VERTEX_POINT ( 'NONE', #3625 ) ;
#477 = COLOUR_RGB ( '',1.000000000000000000, 1.000000000000000000, 1.000000000000000000 ) ;
#478 = FILL_AREA_STYLE_COLOUR ( '', #1423 ) ;
#479 = DIRECTION ( 'NONE',  ( -5.421010862427521554E-17, -1.000000000000000000, 0.0000000000000000000 ) ) ;
#480 = EDGE_LOOP ( 'NONE', ( #5, #4816, #5361, #5558 ) ) ;
#481 = DIRECTION ( 'NONE',  ( -1.865294060190115471E-16, -1.000000000000000000, 0.0000000000000000000 ) ) ;
#482 = AXIS2_PLACEMENT_3D ( 'NONE', #2902, #5328, #1803 ) ;
#483 = DIRECTION ( 'NONE',  ( -1.000000000000000000, 0.0000000000000000000, 0.0000000000000000000 ) ) ;
#484 = EDGE_CURVE ( 'NONE', #3696, #3757, #657, .T. ) ;
#485 = DIRECTION ( 'NONE',  ( 0.0000000000000000000, 0.0000000000000000000, -1.000000000000000000 ) ) ;
#486 = EDGE_CURVE ( 'NONE', #2835, #5758, #2113, .T. ) ;
#487 = SURFACE_STYLE_FILL_AREA ( #2505 ) ;
#488 = EDGE_LOOP ( 'NONE', ( #88, #4871, #340, #2494 ) ) ;
#489 = PRESENTATION_LAYER_ASSIGNMENT (  '', '', ( #6356 ) ) ;
#490 = LENGTH_MEASURE_WITH_UNIT ( LENGTH_MEASURE( 0.02539999999999999897 ), #974 );
#491 =( NAMED_UNIT ( * ) PLANE_ANGLE_UNIT ( ) SI_UNIT ( $, .RADIAN. ) );
#492 = SURFACE_SIDE_STYLE ('',( #4487 ) ) ;
#493 = FILL_AREA_STYLE_COLOUR ( '', #2848 ) ;
#494 = SURFACE_STYLE_USAGE ( .BOTH. , #3980 ) ;
#495 = VECTOR ( 'NONE', #5207, 39.37007874015748143 ) ;
#496 = DIRECTION ( 'NONE',  ( 0.0000000000000000000, 0.0000000000000000000, 1.000000000000000000 ) ) ;
#497 = DIRECTION ( 'NONE',  ( 0.0000000000000000000, 0.7071067811865507924, 0.7071067811865441310 ) ) ;
#498 = VERTEX_POINT ( 'NONE', #2144 ) ;
#499 = EDGE_LOOP ( 'NONE', ( #2875, #622, #452, #2561 ) ) ;
#500 = SURFACE_STYLE_USAGE ( .BOTH. , #4495 ) ;
#501 = SURFACE_STYLE_FILL_AREA ( #4925 ) ;
#502 = CARTESIAN_POINT ( 'NONE',  ( -0.05905511811023622659, 0.007874015748031499423, -0.5629921259842519676 ) ) ;
#503 = LENGTH_MEASURE_WITH_UNIT ( LENGTH_MEASURE( 0.02539999999999999897 ), #4968 );
#504 = DIRECTION ( 'NONE',  ( -0.0000000000000000000, -0.0000000000000000000, -1.000000000000000000 ) ) ;
#505 = ORIENTED_EDGE ( 'NONE', *, *, #3956, .F. ) ;
#506 = UNCERTAINTY_MEASURE_WITH_UNIT (LENGTH_MEASURE( 1.000000000000000082E-05 ), #206, 'distance_accuracy_value', 'NONE');
#507 = MECHANICAL_DESIGN_GEOMETRIC_PRESENTATION_REPRESENTATION (  '', ( #2800 ), #6092 ) ;
#508 = PRESENTATION_LAYER_ASSIGNMENT (  '', '', ( #5347 ) ) ;
#509 = LINE ( 'NONE', #39, #58 ) ;
#510 = DIRECTION ( 'NONE',  ( 0.0000000000000000000, 0.8574929257125444293, 0.5144957554275261247 ) ) ;
#511 = AXIS2_PLACEMENT_3D ( 'NONE', #1450, #1547, #5036 ) ;
#512 = FACE_OUTER_BOUND ( 'NONE', #2002, .T. ) ;
#513 = DIMENSIONAL_EXPONENTS ( 1.000000000000000000, 0.0000000000000000000, 0.0000000000000000000, 0.0000000000000000000, 0.0000000000000000000, 0.0000000000000000000, 0.0000000000000000000 ) ;
#514 = ORIENTED_EDGE ( 'NONE', *, *, #1367, .F. ) ;
#515 = AXIS2_PLACEMENT_3D ( 'NONE', #451, #852, #6283 ) ;
#516 = STYLED_ITEM ( 'NONE', ( #4275 ), #1768 ) ;
#517 = CARTESIAN_POINT ( 'NONE',  ( -0.1614173228346456879, 0.1259842519685039353, -0.5413385826771652809 ) ) ;
#518 = SURFACE_STYLE_USAGE ( .BOTH. , #5422 ) ;
#519 = FILL_AREA_STYLE_COLOUR ( '', #1880 ) ;
#520 =( NAMED_UNIT ( * ) SI_UNIT ( $, .STERADIAN. ) SOLID_ANGLE_UNIT ( ) );
#521 = EDGE_LOOP ( 'NONE', ( #2955, #1315, #6327, #965 ) ) ;
#522 = STYLED_ITEM ( 'NONE', ( #1272 ), #1543 ) ;
#523 = COLOUR_RGB ( '',1.000000000000000000, 1.000000000000000000, 1.000000000000000000 ) ;
#524 = EDGE_CURVE ( 'NONE', #5580, #5388, #2575, .T. ) ;
#525 = EDGE_CURVE ( 'NONE', #998, #4699, #1637, .T. ) ;
#526 = DIRECTION ( 'NONE',  ( 0.0000000000000000000, 0.0000000000000000000, 1.000000000000000000 ) ) ;
#527 = CYLINDRICAL_SURFACE ( 'NONE', #3664, 0.05314960629921260116 ) ;
#528 =( NAMED_UNIT ( * ) SI_UNIT ( $, .STERADIAN. ) SOLID_ANGLE_UNIT ( ) );
#529 =( CONVERSION_BASED_UNIT ( 'INCH', #54 ) LENGTH_UNIT ( ) NAMED_UNIT ( #5905 ) );
#530 = SURFACE_STYLE_FILL_AREA ( #5489 ) ;
#531 = CARTESIAN_POINT ( 'NONE',  ( -0.05905511811023623353, 0.2559055118110236671, -0.4232283464566929387 ) ) ;
#532 = CARTESIAN_POINT ( 'NONE',  ( 0.02559055118110236532, -0.08858267716535427050, -0.3395669291338583307 ) ) ;
#533 = ORIENTED_EDGE ( 'NONE', *, *, #610, .T. ) ;
#534 = STYLED_ITEM ( 'NONE', ( #6083 ), #2598 ) ;
#535 = LENGTH_MEASURE_WITH_UNIT ( LENGTH_MEASURE( 0.02539999999999999897 ), #437 );
#536 = ORIENTED_EDGE ( 'NONE', *, *, #2360, .F. ) ;
#537 = CARTESIAN_POINT ( 'NONE',  ( -0.1417322834645669549, 0.1535433070866141780, -0.5413385826771652809 ) ) ;
#538 = CARTESIAN_POINT ( 'NONE',  ( -0.1244991204790700245, 0.1968503937007874127, 0.0000000000000000000 ) ) ;
#539 = EDGE_CURVE ( 'NONE', #209, #1903, #4095, .T. ) ;
#540 =( NAMED_UNIT ( * ) PLANE_ANGLE_UNIT ( ) SI_UNIT ( $, .RADIAN. ) );
#541 = PRESENTATION_LAYER_ASSIGNMENT (  '', '', ( #3733 ) ) ;
#542 = SURFACE_SIDE_STYLE ('',( #5951 ) ) ;
#543 = CARTESIAN_POINT ( 'NONE',  ( 0.1614173228346456601, 0.01574803149606299191, -0.5984251968503937480 ) ) ;
#544 =( NAMED_UNIT ( * ) SI_UNIT ( $, .STERADIAN. ) SOLID_ANGLE_UNIT ( ) );
#545 = EDGE_LOOP ( 'NONE', ( #5441, #4801, #6065, #2627 ) ) ;
#546 = STYLED_ITEM ( 'NONE', ( #3505 ), #3283 ) ;
#547 = CIRCLE ( 'NONE', #4985, 0.02362204724409448786 ) ;
#548 = PRESENTATION_STYLE_ASSIGNMENT (( #4976 ) ) ;
#549 = CARTESIAN_POINT ( 'NONE',  ( 0.1599583576227024129, 0.2775590551181102428, -0.5019685039370078705 ) ) ;
#550 = VECTOR ( 'NONE', #933, 39.37007874015748143 ) ;
#551 = ORIENTED_EDGE ( 'NONE', *, *, #4865, .F. ) ;
#552 = CARTESIAN_POINT ( 'NONE',  ( 0.1929133858267716439, -0.08858267716535427050, -0.4783464566929133133 ) ) ;
#553 = DIRECTION ( 'NONE',  ( 0.0000000000000000000, 0.0000000000000000000, -1.000000000000000000 ) ) ;
#554 = COLOUR_RGB ( '',0.2509803921568627416, 0.2509803921568627416, 0.2509803921568627416 ) ;
#555 = DIRECTION ( 'NONE',  ( 0.0000000000000000000, 0.0000000000000000000, -1.000000000000000000 ) ) ;
#556 = ORIENTED_EDGE ( 'NONE', *, *, #2843, .F. ) ;
#557 = UNCERTAINTY_MEASURE_WITH_UNIT (LENGTH_MEASURE( 1.000000000000000082E-05 ), #2761, 'distance_accuracy_value', 'NONE');
#558 =( GEOMETRIC_REPRESENTATION_CONTEXT ( 3 ) GLOBAL_UNCERTAINTY_ASSIGNED_CONTEXT ( ( #1487 ) ) GLOBAL_UNIT_ASSIGNED_CONTEXT ( ( #1955, #5451, #5391 ) ) REPRESENTATION_CONTEXT ( 'NONE', 'WORKASPACE' ) );
#559 =( LENGTH_UNIT ( ) NAMED_UNIT ( * ) SI_UNIT ( $, .METRE. ) );
#560 = LENGTH_MEASURE_WITH_UNIT ( LENGTH_MEASURE( 0.02539999999999999897 ), #4450 );
#561 = DIMENSIONAL_EXPONENTS ( 1.000000000000000000, 0.0000000000000000000, 0.0000000000000000000, 0.0000000000000000000, 0.0000000000000000000, 0.0000000000000000000, 0.0000000000000000000 ) ;
#562 = DIRECTION ( 'NONE',  ( 0.0000000000000000000, 0.0000000000000000000, 1.000000000000000000 ) ) ;
#563 = EDGE_CURVE ( 'NONE', #3586, #1419, #3894, .T. ) ;
#564 =( NAMED_UNIT ( * ) PLANE_ANGLE_UNIT ( ) SI_UNIT ( $, .RADIAN. ) );
#565 = PLANE ( 'NONE',  #400 ) ;
#566 = ORIENTED_EDGE ( 'NONE', *, *, #4784, .T. ) ;
#567 = CYLINDRICAL_SURFACE ( 'NONE', #5409, 0.007874015748031482076 ) ;
#568 = ORIENTED_EDGE ( 'NONE', *, *, #3810, .T. ) ;
#569 = DIRECTION ( 'NONE',  ( 0.0000000000000000000, 0.0000000000000000000, 1.000000000000000000 ) ) ;
#570 = LINE ( 'NONE', #3549, #3036 ) ;
#571 = MECHANICAL_DESIGN_GEOMETRIC_PRESENTATION_REPRESENTATION (  '', ( #1191 ), #5506 ) ;
#572 = PRESENTATION_STYLE_ASSIGNMENT (( #5467 ) ) ;
#573 =( NAMED_UNIT ( * ) PLANE_ANGLE_UNIT ( ) SI_UNIT ( $, .RADIAN. ) );
#574 = EDGE_CURVE ( 'NONE', #2802, #1807, #4061, .T. ) ;
#575 = VERTEX_POINT ( 'NONE', #3098 ) ;
#576 = EDGE_CURVE ( 'NONE', #2476, #4077, #5748, .T. ) ;
#577 = VECTOR ( 'NONE', #2816, 39.37007874015748143 ) ;
#578 = UNCERTAINTY_MEASURE_WITH_UNIT (LENGTH_MEASURE( 1.000000000000000082E-05 ), #3027, 'distance_accuracy_value', 'NONE');
#579 = ORIENTED_EDGE ( 'NONE', *, *, #3238, .T. ) ;
#580 = COLOUR_RGB ( '',0.2509803921568627416, 0.2509803921568627416, 0.2509803921568627416 ) ;
#581 =( GEOMETRIC_REPRESENTATION_CONTEXT ( 3 ) GLOBAL_UNCERTAINTY_ASSIGNED_CONTEXT ( ( #198 ) ) GLOBAL_UNIT_ASSIGNED_CONTEXT ( ( #3085, #4537, #5534 ) ) REPRESENTATION_CONTEXT ( 'NONE', 'WORKASPACE' ) );
#582 = MECHANICAL_DESIGN_GEOMETRIC_PRESENTATION_REPRESENTATION (  '', ( #3676 ), #5022 ) ;
#583 = VECTOR ( 'NONE', #2228, 39.37007874015748143 ) ;
#584 = EDGE_LOOP ( 'NONE', ( #2146, #159, #3437, #5846 ) ) ;
#585 =( NAMED_UNIT ( * ) SI_UNIT ( $, .STERADIAN. ) SOLID_ANGLE_UNIT ( ) );
#586 = PLANE ( 'NONE',  #1385 ) ;
#587 =( NAMED_UNIT ( * ) SI_UNIT ( $, .STERADIAN. ) SOLID_ANGLE_UNIT ( ) );
#588 = DIRECTION ( 'NONE',  ( 0.0000000000000000000, 0.0000000000000000000, 1.000000000000000000 ) ) ;
#589 = CARTESIAN_POINT ( 'NONE',  ( 0.1771653543307086798, 0.1614173228346456879, -0.5019685039370078705 ) ) ;
#590 = EDGE_LOOP ( 'NONE', ( #5910, #5482, #3695, #2615 ) ) ;
#591 = CARTESIAN_POINT ( 'NONE',  ( -0.05118110236220467513, 0.0000000000000000000, -0.5984251968503937480 ) ) ;
#592 = PRESENTATION_STYLE_ASSIGNMENT (( #122 ) ) ;
#593 = PRESENTATION_STYLE_ASSIGNMENT (( #4421 ) ) ;
#594 = LINE ( 'NONE', #3135, #120 ) ;
#595 = VECTOR ( 'NONE', #4234, 39.37007874015748143 ) ;
#596 = ORIENTED_EDGE ( 'NONE', *, *, #2637, .T. ) ;
#597 =( NAMED_UNIT ( * ) PLANE_ANGLE_UNIT ( ) SI_UNIT ( $, .RADIAN. ) );
#598 = ORIENTED_EDGE ( 'NONE', *, *, #181, .F. ) ;
#599 = CARTESIAN_POINT ( 'NONE',  ( 0.04921259842519691563, 19685.03937007874265, -0.3297244094488189226 ) ) ;
#600 = CARTESIAN_POINT ( 'NONE',  ( 0.05905511811023622659, 0.007874015748031499423, -0.5629921259842519676 ) ) ;
#601 = DIRECTION ( 'NONE',  ( -1.000000000000000000, 0.0000000000000000000, 0.0000000000000000000 ) ) ;
#602 =( CONVERSION_BASED_UNIT ( 'INCH', #1054 ) LENGTH_UNIT ( ) NAMED_UNIT ( #4675 ) );
#603 = DIRECTION ( 'NONE',  ( 0.0000000000000000000, 0.0000000000000000000, 1.000000000000000000 ) ) ;
#604 = ORIENTED_EDGE ( 'NONE', *, *, #2368, .F. ) ;
#605 =( GEOMETRIC_REPRESENTATION_CONTEXT ( 3 ) GLOBAL_UNCERTAINTY_ASSIGNED_CONTEXT ( ( #5967 ) ) GLOBAL_UNIT_ASSIGNED_CONTEXT ( ( #2238, #778, #1300 ) ) REPRESENTATION_CONTEXT ( 'NONE', 'WORKASPACE' ) );
#606 = VERTEX_POINT ( 'NONE', #4515 ) ;
#607 = ADVANCED_FACE ( 'NONE', ( #3595 ), #1238, .F. ) ;
#608 = ADVANCED_FACE ( 'NONE', ( #5511 ), #1202, .F. ) ;
#609 = SURFACE_STYLE_FILL_AREA ( #2014 ) ;
#610 = EDGE_CURVE ( 'NONE', #4560, #135, #354, .T. ) ;
#611 = AXIS2_PLACEMENT_3D ( 'NONE', #1439, #5784, #3407 ) ;
#612 = CARTESIAN_POINT ( 'NONE',  ( 0.1771653543307086798, 0.2559055118110236671, -0.1377952755905511584 ) ) ;
#613 = SURFACE_STYLE_USAGE ( .BOTH. , #3092 ) ;
#614 = CARTESIAN_POINT ( 'NONE',  ( 0.0000000000000000000, -0.08267716535433072833, -0.1574803149606299191 ) ) ;
#615 =( GEOMETRIC_REPRESENTATION_CONTEXT ( 3 ) GLOBAL_UNCERTAINTY_ASSIGNED_CONTEXT ( ( #1071 ) ) GLOBAL_UNIT_ASSIGNED_CONTEXT ( ( #5004, #2205, #1790 ) ) REPRESENTATION_CONTEXT ( 'NONE', 'WORKASPACE' ) );
#616 = ADVANCED_FACE ( 'NONE', ( #4681 ), #297, .F. ) ;
#617 = SURFACE_SIDE_STYLE ('',( #5078 ) ) ;
#618 = PRESENTATION_STYLE_ASSIGNMENT (( #2212 ) ) ;
#619 = MECHANICAL_DESIGN_GEOMETRIC_PRESENTATION_REPRESENTATION (  '', ( #2286 ), #5559 ) ;
#620 = CARTESIAN_POINT ( 'NONE',  ( -0.05118110236220467513, 0.0000000000000000000, -0.5984251968503937480 ) ) ;
#621 = CARTESIAN_POINT ( 'NONE',  ( 0.05905511811023623353, 0.2559055118110236671, -0.4035433070866141225 ) ) ;
#622 = ORIENTED_EDGE ( 'NONE', *, *, #1923, .F. ) ;
#623 = UNCERTAINTY_MEASURE_WITH_UNIT (LENGTH_MEASURE( 1.000000000000000082E-05 ), #2458, 'distance_accuracy_value', 'NONE');
#624 = VECTOR ( 'NONE', #4509, 39.37007874015748143 ) ;
#625 = PRESENTATION_LAYER_ASSIGNMENT (  '', '', ( #3419 ) ) ;
#626 = DIRECTION ( 'NONE',  ( 0.0000000000000000000, 0.0000000000000000000, 1.000000000000000000 ) ) ;
#627 =( LENGTH_UNIT ( ) NAMED_UNIT ( * ) SI_UNIT ( $, .METRE. ) );
#628 = LINE ( 'NONE', #1108, #686 ) ;
#629 = LENGTH_MEASURE_WITH_UNIT ( LENGTH_MEASURE( 0.02539999999999999897 ), #1703 );
#630 = DIRECTION ( 'NONE',  ( 0.0000000000000000000, 0.0000000000000000000, -1.000000000000000000 ) ) ;
#631 =( GEOMETRIC_REPRESENTATION_CONTEXT ( 3 ) GLOBAL_UNCERTAINTY_ASSIGNED_CONTEXT ( ( #4746 ) ) GLOBAL_UNIT_ASSIGNED_CONTEXT ( ( #5639, #3216, #3254 ) ) REPRESENTATION_CONTEXT ( 'NONE', 'WORKASPACE' ) );
#632 =( LENGTH_UNIT ( ) NAMED_UNIT ( * ) SI_UNIT ( $, .METRE. ) );
#633 = ORIENTED_EDGE ( 'NONE', *, *, #4114, .T. ) ;
#634 =( LENGTH_UNIT ( ) NAMED_UNIT ( * ) SI_UNIT ( $, .METRE. ) );
#635 = ORIENTED_EDGE ( 'NONE', *, *, #257, .F. ) ;
#636 = DIRECTION ( 'NONE',  ( 1.000000000000000000, 0.0000000000000000000, 0.0000000000000000000 ) ) ;
#637 = FILL_AREA_STYLE ('',( #6076 ) ) ;
#638 = CARTESIAN_POINT ( 'NONE',  ( 0.1244991204790699690, 0.3149606299212598381, 0.0000000000000000000 ) ) ;
#639 = FACE_OUTER_BOUND ( 'NONE', #1407, .T. ) ;
#640 =( LENGTH_UNIT ( ) NAMED_UNIT ( * ) SI_UNIT ( $, .METRE. ) );
#641 = PRESENTATION_LAYER_ASSIGNMENT (  '', '', ( #849 ) ) ;
#642 = EDGE_LOOP ( 'NONE', ( #1707, #3999, #851, #738 ) ) ;
#643 = CARTESIAN_POINT ( 'NONE',  ( 0.0000000000000000000, 0.2559055118110236671, -0.5846456692913385433 ) ) ;
#644 = UNCERTAINTY_MEASURE_WITH_UNIT (LENGTH_MEASURE( 1.000000000000000082E-05 ), #1899, 'distance_accuracy_value', 'NONE');
#645 = ORIENTED_EDGE ( 'NONE', *, *, #4624, .T. ) ;
#646 =( GEOMETRIC_REPRESENTATION_CONTEXT ( 3 ) GLOBAL_UNCERTAINTY_ASSIGNED_CONTEXT ( ( #2460 ) ) GLOBAL_UNIT_ASSIGNED_CONTEXT ( ( #1360, #6210, #4732 ) ) REPRESENTATION_CONTEXT ( 'NONE', 'WORKASPACE' ) );
#647 = DIRECTION ( 'NONE',  ( 0.0000000000000000000, 1.000000000000000000, 0.0000000000000000000 ) ) ;
#648 = EDGE_CURVE ( 'NONE', #4570, #1464, #5684, .T. ) ;
#649 = AXIS2_PLACEMENT_3D ( 'NONE', #2936, #2479, #1042 ) ;
#650 = DIRECTION ( 'NONE',  ( -1.000000000000000000, -0.0000000000000000000, -0.0000000000000000000 ) ) ;
#651 = ADVANCED_FACE ( 'NONE', ( #4744, #5212 ), #5242, .T. ) ;
#652 =( LENGTH_UNIT ( ) NAMED_UNIT ( * ) SI_UNIT ( $, .METRE. ) );
#653 = COLOUR_RGB ( '',1.000000000000000000, 1.000000000000000000, 1.000000000000000000 ) ;
#654 = DIRECTION ( 'NONE',  ( -1.000000000000000000, 0.0000000000000000000, 0.0000000000000000000 ) ) ;
#655 =( LENGTH_UNIT ( ) NAMED_UNIT ( * ) SI_UNIT ( $, .METRE. ) );
#656 = LENGTH_MEASURE_WITH_UNIT ( LENGTH_MEASURE( 0.02539999999999999897 ), #5112 );
#657 = LINE ( 'NONE', #620, #810 ) ;
#658 = CARTESIAN_POINT ( 'NONE',  ( -0.1771653543307086798, 0.3937007874015747699, -0.06889763779527559306 ) ) ;
#659 = ORIENTED_EDGE ( 'NONE', *, *, #1199, .F. ) ;
#660 = AXIS2_PLACEMENT_3D ( 'NONE', #5771, #783, #2769 ) ;
#661 = ADVANCED_FACE ( 'NONE', ( #4472 ), #40, .F. ) ;
#662 = FILL_AREA_STYLE ('',( #149 ) ) ;
#663 = CARTESIAN_POINT ( 'NONE',  ( -0.05118110236220478615, 0.03937007874015747977, -0.3277559055118110520 ) ) ;
#664 =( NAMED_UNIT ( * ) SI_UNIT ( $, .STERADIAN. ) SOLID_ANGLE_UNIT ( ) );
#665 =( CONVERSION_BASED_UNIT ( 'INCH', #5086 ) LENGTH_UNIT ( ) NAMED_UNIT ( #193 ) );
#666 = PRESENTATION_STYLE_ASSIGNMENT (( #5088 ) ) ;
#667 =( LENGTH_UNIT ( ) NAMED_UNIT ( * ) SI_UNIT ( $, .METRE. ) );
#668 = ORIENTED_EDGE ( 'NONE', *, *, #1399, .T. ) ;
#669 = COLOUR_RGB ( '',1.000000000000000000, 1.000000000000000000, 1.000000000000000000 ) ;
#670 = ORIENTED_EDGE ( 'NONE', *, *, #3801, .F. ) ;
#671 = DIRECTION ( 'NONE',  ( -0.0000000000000000000, -0.0000000000000000000, -1.000000000000000000 ) ) ;
#672 = DIRECTION ( 'NONE',  ( -0.0000000000000000000, -0.0000000000000000000, -1.000000000000000000 ) ) ;
#673 = CARTESIAN_POINT ( 'NONE',  ( -0.1244991204790700107, 0.3149606299212598381, -0.03937007874015750059 ) ) ;
#674 =( NAMED_UNIT ( * ) SI_UNIT ( $, .STERADIAN. ) SOLID_ANGLE_UNIT ( ) );
#675 = CARTESIAN_POINT ( 'NONE',  ( 0.1772047244094487883, 0.1820866141732283006, -0.05413385826771659193 ) ) ;
#676 = VECTOR ( 'NONE', #2371, 39.37007874015748143 ) ;
#677 = FILL_AREA_STYLE ('',( #1714 ) ) ;
#678 = ORIENTED_EDGE ( 'NONE', *, *, #5268, .F. ) ;
#679 = CARTESIAN_POINT ( 'NONE',  ( -0.04330708661417323468, 0.2559055118110236671, -0.5944881889763780070 ) ) ;
#680 = ORIENTED_EDGE ( 'NONE', *, *, #5034, .F. ) ;
#681 = CARTESIAN_POINT ( 'NONE',  ( 0.0000000000000000000, 0.2559055118110236671, -0.4035433070866141225 ) ) ;
#682 =( GEOMETRIC_REPRESENTATION_CONTEXT ( 3 ) GLOBAL_UNCERTAINTY_ASSIGNED_CONTEXT ( ( #4569 ) ) GLOBAL_UNIT_ASSIGNED_CONTEXT ( ( #6228, #4724, #2297 ) ) REPRESENTATION_CONTEXT ( 'NONE', 'WORKASPACE' ) );
#683 = DIMENSIONAL_EXPONENTS ( 1.000000000000000000, 0.0000000000000000000, 0.0000000000000000000, 0.0000000000000000000, 0.0000000000000000000, 0.0000000000000000000, 0.0000000000000000000 ) ;
#684 = PRESENTATION_LAYER_ASSIGNMENT (  '', '', ( #69 ) ) ;
#685 =( NAMED_UNIT ( * ) PLANE_ANGLE_UNIT ( ) SI_UNIT ( $, .RADIAN. ) );
#686 = VECTOR ( 'NONE', #5055, 39.37007874015748143 ) ;
#687 = CARTESIAN_POINT ( 'NONE',  ( 0.1377952755905511306, 0.2559055118110236671, 0.0000000000000000000 ) ) ;
#688 = DIRECTION ( 'NONE',  ( -1.000000000000000000, 9.856383386231860060E-17, 0.0000000000000000000 ) ) ;
#689 = SURFACE_STYLE_FILL_AREA ( #3097 ) ;
#690 = FILL_AREA_STYLE ('',( #6128 ) ) ;
#691 = SURFACE_SIDE_STYLE ('',( #5579 ) ) ;
#692 = ORIENTED_EDGE ( 'NONE', *, *, #847, .F. ) ;
#693 = UNCERTAINTY_MEASURE_WITH_UNIT (LENGTH_MEASURE( 1.000000000000000082E-05 ), #3234, 'distance_accuracy_value', 'NONE');
#694 = EDGE_CURVE ( 'NONE', #3687, #2756, #2432, .T. ) ;
#695 = FACE_OUTER_BOUND ( 'NONE', #4946, .T. ) ;
#696 = PRESENTATION_LAYER_ASSIGNMENT (  '', '', ( #2670 ) ) ;
#697 = PLANE ( 'NONE',  #4868 ) ;
#698 = DIMENSIONAL_EXPONENTS ( 1.000000000000000000, 0.0000000000000000000, 0.0000000000000000000, 0.0000000000000000000, 0.0000000000000000000, 0.0000000000000000000, 0.0000000000000000000 ) ;
#699 = SURFACE_SIDE_STYLE ('',( #4617 ) ) ;
#700 = PRESENTATION_LAYER_ASSIGNMENT (  '', '', ( #270 ) ) ;
#701 = FILL_AREA_STYLE_COLOUR ( '', #2395 ) ;
#702 = CARTESIAN_POINT ( 'NONE',  ( 0.1771653543307086798, 0.1181102362204723838, -0.03937007874015751446 ) ) ;
#703 = ORIENTED_EDGE ( 'NONE', *, *, #5331, .F. ) ;
#704 = VECTOR ( 'NONE', #4524, 39.37007874015748143 ) ;
#705 = ORIENTED_EDGE ( 'NONE', *, *, #1687, .T. ) ;
#706 = LINE ( 'NONE', #4627, #3962 ) ;
#707 = DIRECTION ( 'NONE',  ( -1.000000000000000000, 0.0000000000000000000, 0.0000000000000000000 ) ) ;
#708 = CARTESIAN_POINT ( 'NONE',  ( 0.0000000000000000000, 0.2559055118110236671, 0.1113553986120547484 ) ) ;
#709 = ORIENTED_EDGE ( 'NONE', *, *, #1326, .F. ) ;
#710 = LENGTH_MEASURE_WITH_UNIT ( LENGTH_MEASURE( 0.02539999999999999897 ), #5133 );
#711 =( NAMED_UNIT ( * ) SI_UNIT ( $, .STERADIAN. ) SOLID_ANGLE_UNIT ( ) );
#712 = UNCERTAINTY_MEASURE_WITH_UNIT (LENGTH_MEASURE( 1.000000000000000082E-05 ), #2183, 'distance_accuracy_value', 'NONE');
#713 = VERTEX_POINT ( 'NONE', #5414 ) ;
#714 =( GEOMETRIC_REPRESENTATION_CONTEXT ( 3 ) GLOBAL_UNCERTAINTY_ASSIGNED_CONTEXT ( ( #1277 ) ) GLOBAL_UNIT_ASSIGNED_CONTEXT ( ( #1764, #1369, #6217 ) ) REPRESENTATION_CONTEXT ( 'NONE', 'WORKASPACE' ) );
#715 = PRESENTATION_STYLE_ASSIGNMENT (( #2697 ) ) ;
#716 = PRESENTATION_STYLE_ASSIGNMENT (( #4187 ) ) ;
#717 = COLOUR_RGB ( '',1.000000000000000000, 1.000000000000000000, 1.000000000000000000 ) ;
#718 = LINE ( 'NONE', #4607, #3397 ) ;
#719 = LINE ( 'NONE', #2272, #2293 ) ;
#720 = STYLED_ITEM ( 'NONE', ( #5089 ), #1080 ) ;
#721 = CARTESIAN_POINT ( 'NONE',  ( -0.04921259842519691563, 0.03937007873922650225, -0.3395669291338583307 ) ) ;
#722 = DIRECTION ( 'NONE',  ( 0.0000000000000000000, 0.0000000000000000000, 1.000000000000000000 ) ) ;
#723 = DIRECTION ( 'NONE',  ( 1.000000000000000000, 0.0000000000000000000, 0.0000000000000000000 ) ) ;
#724 = MECHANICAL_DESIGN_GEOMETRIC_PRESENTATION_REPRESENTATION (  '', ( #4411 ), #1021 ) ;
#725 = DIRECTION ( 'NONE',  ( -1.000000000000000000, -0.0000000000000000000, -0.0000000000000000000 ) ) ;
#726 = EDGE_LOOP ( 'NONE', ( #4328, #225 ) ) ;
#727 = DIMENSIONAL_EXPONENTS ( 1.000000000000000000, 0.0000000000000000000, 0.0000000000000000000, 0.0000000000000000000, 0.0000000000000000000, 0.0000000000000000000, 0.0000000000000000000 ) ;
#728 = FILL_AREA_STYLE ('',( #3103 ) ) ;
#729 = PRESENTATION_LAYER_ASSIGNMENT (  '', '', ( #4940 ) ) ;
#730 =( CONVERSION_BASED_UNIT ( 'INCH', #150 ) LENGTH_UNIT ( ) NAMED_UNIT ( #2558 ) );
#731 = DIRECTION ( 'NONE',  ( -1.000000000000000000, -0.0000000000000000000, -0.0000000000000000000 ) ) ;
#732 = FACE_OUTER_BOUND ( 'NONE', #126, .T. ) ;
#733 = DIRECTION ( 'NONE',  ( 0.0000000000000000000, 0.0000000000000000000, -1.000000000000000000 ) ) ;
#734 = CARTESIAN_POINT ( 'NONE',  ( 0.1929133858267716439, 0.1456692913385826682, -0.4035433070866140670 ) ) ;
#735 = EDGE_CURVE ( 'NONE', #4261, #6195, #6340, .T. ) ;
#736 = VERTEX_POINT ( 'NONE', #993 ) ;
#737 = EDGE_CURVE ( 'NONE', #4118, #5469, #1127, .T. ) ;
#738 = ORIENTED_EDGE ( 'NONE', *, *, #4787, .F. ) ;
#739 = LENGTH_MEASURE_WITH_UNIT ( LENGTH_MEASURE( 0.02539999999999999897 ), #2652 );
#740 = LINE ( 'NONE', #4143, #3141 ) ;
#741 = EDGE_LOOP ( 'NONE', ( #2749, #3885, #4238, #3361, #2589, #3144 ) ) ;
#742 = PRESENTATION_STYLE_ASSIGNMENT (( #2728 ) ) ;
#743 = ORIENTED_EDGE ( 'NONE', *, *, #2690, .T. ) ;
#744 = EDGE_CURVE ( 'NONE', #4697, #2993, #1231, .T. ) ;
#745 =( CONVERSION_BASED_UNIT ( 'INCH', #2791 ) LENGTH_UNIT ( ) NAMED_UNIT ( #3774 ) );
#746 = DIRECTION ( 'NONE',  ( -0.0000000000000000000, -0.0000000000000000000, -1.000000000000000000 ) ) ;
#747 = FILL_AREA_STYLE ('',( #322 ) ) ;
#748 =( GEOMETRIC_REPRESENTATION_CONTEXT ( 3 ) GLOBAL_UNCERTAINTY_ASSIGNED_CONTEXT ( ( #1023 ) ) GLOBAL_UNIT_ASSIGNED_CONTEXT ( ( #1580, #540, #1614 ) ) REPRESENTATION_CONTEXT ( 'NONE', 'WORKASPACE' ) );
#749 = DIRECTION ( 'NONE',  ( -1.224646799147352714E-16, 0.0000000000000000000, -1.000000000000000000 ) ) ;
#750 = PRESENTATION_LAYER_ASSIGNMENT (  '', '', ( #434 ) ) ;
#751 = FILL_AREA_STYLE_COLOUR ( '', #4471 ) ;
#752 = CARTESIAN_POINT ( 'NONE',  ( 0.05118110236220479309, 0.0000000000000000000, -0.5984251968503937480 ) ) ;
#753 = ORIENTED_EDGE ( 'NONE', *, *, #887, .F. ) ;
#754 = UNCERTAINTY_MEASURE_WITH_UNIT (LENGTH_MEASURE( 1.000000000000000082E-05 ), #1363, 'distance_accuracy_value', 'NONE');
#755 =( NAMED_UNIT ( * ) SI_UNIT ( $, .STERADIAN. ) SOLID_ANGLE_UNIT ( ) );
#756 = SURFACE_SIDE_STYLE ('',( #2219 ) ) ;
#757 = DIRECTION ( 'NONE',  ( 0.0000000000000000000, 0.0000000000000000000, -1.000000000000000000 ) ) ;
#758 = LINE ( 'NONE', #1347, #2187 ) ;
#759 = CIRCLE ( 'NONE', #4347, 0.04921259842519691563 ) ;
#760 = SURFACE_STYLE_USAGE ( .BOTH. , #3658 ) ;
#761 =( CONVERSION_BASED_UNIT ( 'INCH', #4106 ) LENGTH_UNIT ( ) NAMED_UNIT ( #3819 ) );
#762 = ORIENTED_EDGE ( 'NONE', *, *, #2075, .T. ) ;
#763 = ORIENTED_EDGE ( 'NONE', *, *, #4994, .F. ) ;
#764 = PLANE ( 'NONE',  #6220 ) ;
#765 =( CONVERSION_BASED_UNIT ( 'INCH', #250 ) LENGTH_UNIT ( ) NAMED_UNIT ( #4978 ) );
#766 = DIMENSIONAL_EXPONENTS ( 1.000000000000000000, 0.0000000000000000000, 0.0000000000000000000, 0.0000000000000000000, 0.0000000000000000000, 0.0000000000000000000, 0.0000000000000000000 ) ;
#767 = SURFACE_STYLE_USAGE ( .BOTH. , #800 ) ;
#768 = SURFACE_STYLE_FILL_AREA ( #3699 ) ;
#769 = SURFACE_STYLE_FILL_AREA ( #677 ) ;
#770 = PRESENTATION_LAYER_ASSIGNMENT (  '', '', ( #2220 ) ) ;
#771 = ORIENTED_EDGE ( 'NONE', *, *, #4381, .F. ) ;
#772 = ORIENTED_EDGE ( 'NONE', *, *, #2995, .T. ) ;
#773 = CARTESIAN_POINT ( 'NONE',  ( -0.05905511811023623353, -0.07874015748031495954, -0.5787401574803149318 ) ) ;
#774 = EDGE_CURVE ( 'NONE', #3323, #4875, #4829, .T. ) ;
#775 = STYLED_ITEM ( 'NONE', ( #5478 ), #4157 ) ;
#776 = FILL_AREA_STYLE ('',( #1269 ) ) ;
#777 = EDGE_CURVE ( 'NONE', #5613, #3422, #5139, .T. ) ;
#778 =( NAMED_UNIT ( * ) PLANE_ANGLE_UNIT ( ) SI_UNIT ( $, .RADIAN. ) );
#779 = CIRCLE ( 'NONE', #1186, 0.007874015748031482076 ) ;
#780 =( CONVERSION_BASED_UNIT ( 'INCH', #3679 ) LENGTH_UNIT ( ) NAMED_UNIT ( #4102 ) );
#781 = DIMENSIONAL_EXPONENTS ( 1.000000000000000000, 0.0000000000000000000, 0.0000000000000000000, 0.0000000000000000000, 0.0000000000000000000, 0.0000000000000000000, 0.0000000000000000000 ) ;
#782 = FILL_AREA_STYLE ('',( #3746 ) ) ;
#783 = DIRECTION ( 'NONE',  ( 0.0000000000000000000, 0.0000000000000000000, 1.000000000000000000 ) ) ;
#784 = ORIENTED_EDGE ( 'NONE', *, *, #2152, .F. ) ;
#785 = DIRECTION ( 'NONE',  ( 0.0000000000000000000, 0.0000000000000000000, 1.000000000000000000 ) ) ;
#786 = VECTOR ( 'NONE', #3526, 39.37007874015748143 ) ;
#787 = MECHANICAL_DESIGN_GEOMETRIC_PRESENTATION_REPRESENTATION (  '', ( #5921 ), #5825 ) ;
#788 = SURFACE_STYLE_FILL_AREA ( #4264 ) ;
#789 = SURFACE_STYLE_USAGE ( .BOTH. , #3265 ) ;
#790 = CARTESIAN_POINT ( 'NONE',  ( 8.055539600302798184E-19, 0.2775590551181102983, -0.5984251968503937480 ) ) ;
#791 =( GEOMETRIC_REPRESENTATION_CONTEXT ( 3 ) GLOBAL_UNCERTAINTY_ASSIGNED_CONTEXT ( ( #4361 ) ) GLOBAL_UNIT_ASSIGNED_CONTEXT ( ( #2610, #6059, #4258 ) ) REPRESENTATION_CONTEXT ( 'NONE', 'WORKASPACE' ) );
#792 =( GEOMETRIC_REPRESENTATION_CONTEXT ( 3 ) GLOBAL_UNCERTAINTY_ASSIGNED_CONTEXT ( ( #5101 ) ) GLOBAL_UNIT_ASSIGNED_CONTEXT ( ( #2062, #2587, #4527 ) ) REPRESENTATION_CONTEXT ( 'NONE', 'WORKASPACE' ) );
#793 = FACE_OUTER_BOUND ( 'NONE', #3576, .T. ) ;
#794 = DIRECTION ( 'NONE',  ( -1.865294060190115471E-16, -1.000000000000000000, 0.0000000000000000000 ) ) ;
#795 = EDGE_LOOP ( 'NONE', ( #439, #743 ) ) ;
#796 = ORIENTED_EDGE ( 'NONE', *, *, #5074, .T. ) ;
#797 = CIRCLE ( 'NONE', #4084, 0.02362204724409448786 ) ;
#798 = DIRECTION ( 'NONE',  ( -1.000000000000000000, 0.0000000000000000000, 0.0000000000000000000 ) ) ;
#799 = DIRECTION ( 'NONE',  ( 1.000000000000000000, 0.0000000000000000000, 0.0000000000000000000 ) ) ;
#800 = SURFACE_SIDE_STYLE ('',( #1221 ) ) ;
#801 = FILL_AREA_STYLE ('',( #401 ) ) ;
#802 = VERTEX_POINT ( 'NONE', #170 ) ;
#803 = DIRECTION ( 'NONE',  ( 9.856383386231857595E-17, -1.000000000000000000, 0.0000000000000000000 ) ) ;
#804 = ORIENTED_EDGE ( 'NONE', *, *, #563, .F. ) ;
#805 = LINE ( 'NONE', #4859, #4170 ) ;
#806 = VECTOR ( 'NONE', #2641, 39.37007874015748143 ) ;
#807 = FACE_OUTER_BOUND ( 'NONE', #3270, .T. ) ;
#808 = SURFACE_STYLE_USAGE ( .BOTH. , #4831 ) ;
#809 = DIMENSIONAL_EXPONENTS ( 1.000000000000000000, 0.0000000000000000000, 0.0000000000000000000, 0.0000000000000000000, 0.0000000000000000000, 0.0000000000000000000, 0.0000000000000000000 ) ;
#810 = VECTOR ( 'NONE', #3192, 39.37007874015748143 ) ;
#811 = EDGE_CURVE ( 'NONE', #5345, #5525, #4001, .T. ) ;
#812 = EDGE_CURVE ( 'NONE', #1242, #1541, #718, .T. ) ;
#813 = EDGE_CURVE ( 'NONE', #1419, #3586, #1337, .T. ) ;
#814 = LENGTH_MEASURE_WITH_UNIT ( LENGTH_MEASURE( 0.02539999999999999897 ), #1762 );
#815 =( GEOMETRIC_REPRESENTATION_CONTEXT ( 3 ) GLOBAL_UNCERTAINTY_ASSIGNED_CONTEXT ( ( #5516 ) ) GLOBAL_UNIT_ASSIGNED_CONTEXT ( ( #4900, #905, #1428 ) ) REPRESENTATION_CONTEXT ( 'NONE', 'WORKASPACE' ) );
#816 =( CONVERSION_BASED_UNIT ( 'INCH', #1795 ) LENGTH_UNIT ( ) NAMED_UNIT ( #5954 ) );
#817 =( NAMED_UNIT ( * ) PLANE_ANGLE_UNIT ( ) SI_UNIT ( $, .RADIAN. ) );
#818 =( CONVERSION_BASED_UNIT ( 'INCH', #4289 ) LENGTH_UNIT ( ) NAMED_UNIT ( #6152 ) );
#819 = ORIENTED_EDGE ( 'NONE', *, *, #4833, .T. ) ;
#820 = UNCERTAINTY_MEASURE_WITH_UNIT (LENGTH_MEASURE( 1.000000000000000082E-05 ), #4297, 'distance_accuracy_value', 'NONE');
#821 = VECTOR ( 'NONE', #3619, 39.37007874015748143 ) ;
#822 = EDGE_CURVE ( 'NONE', #5019, #3605, #5650, .T. ) ;
#823 = DIRECTION ( 'NONE',  ( 1.000000000000000000, 0.0000000000000000000, 0.0000000000000000000 ) ) ;
#824 = DIRECTION ( 'NONE',  ( 1.000000000000000000, 0.0000000000000000000, 0.0000000000000000000 ) ) ;
#825 = VECTOR ( 'NONE', #794, 39.37007874015748143 ) ;
#826 = CARTESIAN_POINT ( 'NONE',  ( 4.339299682018179909E-18, -0.09055118110236221041, -0.1929133858267716439 ) ) ;
#827 = CARTESIAN_POINT ( 'NONE',  ( 0.02362204724409448786, 0.2559055118110236671, -0.5944881889763780070 ) ) ;
#828 = ORIENTED_EDGE ( 'NONE', *, *, #5297, .T. ) ;
#829 = MECHANICAL_DESIGN_GEOMETRIC_PRESENTATION_REPRESENTATION (  '', ( #1449 ), #5164 ) ;
#830 = EDGE_LOOP ( 'NONE', ( #4764, #6205, #1079, #1170 ) ) ;
#831 = DIRECTION ( 'NONE',  ( 0.0000000000000000000, 0.0000000000000000000, -1.000000000000000000 ) ) ;
#832 = CARTESIAN_POINT ( 'NONE',  ( -0.09540646311852468697, 0.1968503937007873850, 0.0000000000000000000 ) ) ;
#833 = CARTESIAN_POINT ( 'NONE',  ( 0.04921259842519691563, 0.03937007874370235944, -0.3297244094488189226 ) ) ;
#834 = FACE_OUTER_BOUND ( 'NONE', #1931, .T. ) ;
#835 = CARTESIAN_POINT ( 'NONE',  ( 0.09842519685039369248, 0.1456692913385826682, -0.5019685039370078705 ) ) ;
#836 = VERTEX_POINT ( 'NONE', #5006 ) ;
#837 = ORIENTED_EDGE ( 'NONE', *, *, #1007, .F. ) ;
#838 = LENGTH_MEASURE_WITH_UNIT ( LENGTH_MEASURE( 0.02539999999999999897 ), #3739 );
#839 = VECTOR ( 'NONE', #6032, 39.37007874015748143 ) ;
#840 = CARTESIAN_POINT ( 'NONE',  ( -0.1614173228346456879, 0.1417322834645669549, -0.5629921259842519676 ) ) ;
#841 = EDGE_LOOP ( 'NONE', ( #36, #987, #919, #3100, #3278, #762, #3792, #4984 ) ) ;
#842 = PLANE ( 'NONE',  #5048 ) ;
#843 = MECHANICAL_DESIGN_GEOMETRIC_PRESENTATION_REPRESENTATION (  '', ( #1456 ), #2819 ) ;
#844 = CARTESIAN_POINT ( 'NONE',  ( 0.0000000000000000000, -0.09055118110236221041, -0.1220472440944882081 ) ) ;
#845 =( LENGTH_UNIT ( ) NAMED_UNIT ( * ) SI_UNIT ( $, .METRE. ) );
#846 = EDGE_CURVE ( 'NONE', #2715, #1242, #3521, .T. ) ;
#847 = EDGE_CURVE ( 'NONE', #247, #5550, #1162, .T. ) ;
#848 = FILL_AREA_STYLE_COLOUR ( '', #2117 ) ;
#849 = STYLED_ITEM ( 'NONE', ( #2275 ), #2723 ) ;
#850 = SURFACE_STYLE_FILL_AREA ( #3344 ) ;
#851 = ORIENTED_EDGE ( 'NONE', *, *, #813, .T. ) ;
#852 = DIRECTION ( 'NONE',  ( 0.0000000000000000000, 1.000000000000000000, 0.0000000000000000000 ) ) ;
#853 = AXIS2_PLACEMENT_3D ( 'NONE', #281, #6143, #1118 ) ;
#854 = SURFACE_STYLE_USAGE ( .BOTH. , #2775 ) ;
#855 = ADVANCED_FACE ( 'NONE', ( #3120, #5073 ), #6056, .T. ) ;
#856 = SURFACE_STYLE_FILL_AREA ( #2408 ) ;
#857 = EDGE_CURVE ( 'NONE', #3687, #5613, #1096, .T. ) ;
#858 = DIRECTION ( 'NONE',  ( 0.0000000000000000000, 0.0000000000000000000, -1.000000000000000000 ) ) ;
#859 = ORIENTED_EDGE ( 'NONE', *, *, #4342, .T. ) ;
#860 = FILL_AREA_STYLE_COLOUR ( '', #1621 ) ;
#861 = PLANE ( 'NONE',  #2978 ) ;
#862 = SURFACE_STYLE_FILL_AREA ( #1352 ) ;
#863 =( NAMED_UNIT ( * ) PLANE_ANGLE_UNIT ( ) SI_UNIT ( $, .RADIAN. ) );
#864 = VERTEX_POINT ( 'NONE', #1195 ) ;
#865 = DIRECTION ( 'NONE',  ( 0.0000000000000000000, 0.0000000000000000000, 1.000000000000000000 ) ) ;
#866 = CARTESIAN_POINT ( 'NONE',  ( -0.1771653543307086798, 0.4330708661417322913, 0.0000000000000000000 ) ) ;
#867 = VERTEX_POINT ( 'NONE', #4089 ) ;
#868 = CYLINDRICAL_SURFACE ( 'NONE', #4688, 0.1122047244094488277 ) ;
#869 = DIRECTION ( 'NONE',  ( -0.0000000000000000000, -1.000000000000000000, -0.0000000000000000000 ) ) ;
#870 = DIRECTION ( 'NONE',  ( 0.0000000000000000000, 0.0000000000000000000, -1.000000000000000000 ) ) ;
#871 = ORIENTED_EDGE ( 'NONE', *, *, #1199, .T. ) ;
#872 = COLOUR_RGB ( '',1.000000000000000000, 1.000000000000000000, 1.000000000000000000 ) ;
#873 = PRESENTATION_STYLE_ASSIGNMENT (( #5179 ) ) ;
#874 = SURFACE_SIDE_STYLE ('',( #903 ) ) ;
#875 =( GEOMETRIC_REPRESENTATION_CONTEXT ( 3 ) GLOBAL_UNCERTAINTY_ASSIGNED_CONTEXT ( ( #3114 ) ) GLOBAL_UNIT_ASSIGNED_CONTEXT ( ( #3960, #5834, #2429 ) ) REPRESENTATION_CONTEXT ( 'NONE', 'WORKASPACE' ) );
#876 = ORIENTED_EDGE ( 'NONE', *, *, #5484, .F. ) ;
#877 = UNCERTAINTY_MEASURE_WITH_UNIT (LENGTH_MEASURE( 1.000000000000000082E-05 ), #1500, 'distance_accuracy_value', 'NONE');
#878 = FACE_BOUND ( 'NONE', #402, .T. ) ;
#879 = CARTESIAN_POINT ( 'NONE',  ( 0.09842519685039369248, 0.1456692913385826682, -0.4035433070866140670 ) ) ;
#880 =( NAMED_UNIT ( * ) PLANE_ANGLE_UNIT ( ) SI_UNIT ( $, .RADIAN. ) );
#881 = CARTESIAN_POINT ( 'NONE',  ( 0.08450248831449320985, 0.3297244094488189226, -0.05413385826771659193 ) ) ;
#882 =( CONVERSION_BASED_UNIT ( 'INCH', #4752 ) LENGTH_UNIT ( ) NAMED_UNIT ( #1851 ) );
#883 = CARTESIAN_POINT ( 'NONE',  ( -0.1771653543307086798, 0.1181102362204723838, -0.03937007874015751446 ) ) ;
#884 = VERTEX_POINT ( 'NONE', #3090 ) ;
#885 = EDGE_CURVE ( 'NONE', #5276, #4906, #5045, .T. ) ;
#886 = FILL_AREA_STYLE ('',( #4302 ) ) ;
#887 = EDGE_CURVE ( 'NONE', #406, #5028, #2605, .T. ) ;
#888 = AXIS2_PLACEMENT_3D ( 'NONE', #999, #3899, #80 ) ;
#889 = DIMENSIONAL_EXPONENTS ( 1.000000000000000000, 0.0000000000000000000, 0.0000000000000000000, 0.0000000000000000000, 0.0000000000000000000, 0.0000000000000000000, 0.0000000000000000000 ) ;
#890 = LENGTH_MEASURE_WITH_UNIT ( LENGTH_MEASURE( 0.02539999999999999897 ), #5333 );
#891 = PLANE ( 'NONE',  #1026 ) ;
#892 = SURFACE_STYLE_FILL_AREA ( #1902 ) ;
#893 = EDGE_LOOP ( 'NONE', ( #1362, #1852, #635, #3058 ) ) ;
#894 = DIRECTION ( 'NONE',  ( -1.000000000000000000, 0.0000000000000000000, 0.0000000000000000000 ) ) ;
#895 = VECTOR ( 'NONE', #405, 39.37007874015748143 ) ;
#896 = UNCERTAINTY_MEASURE_WITH_UNIT (LENGTH_MEASURE( 1.000000000000000082E-05 ), #4322, 'distance_accuracy_value', 'NONE');
#897 = EDGE_LOOP ( 'NONE', ( #4413, #3555, #1905, #1844 ) ) ;
#898 = SURFACE_STYLE_FILL_AREA ( #2824 ) ;
#899 = PRESENTATION_STYLE_ASSIGNMENT (( #923 ) ) ;
#900 = CARTESIAN_POINT ( 'NONE',  ( -0.1417322834645669549, 0.1259842519685039353, -0.5019685039370078705 ) ) ;
#901 = VERTEX_POINT ( 'NONE', #3185 ) ;
#902 = CARTESIAN_POINT ( 'NONE',  ( 0.1599583576227024129, 0.2775590551181102428, -0.5629921259842519676 ) ) ;
#903 = SURFACE_STYLE_FILL_AREA ( #1339 ) ;
#904 = PRESENTATION_LAYER_ASSIGNMENT (  '', '', ( #4196 ) ) ;
#905 =( NAMED_UNIT ( * ) PLANE_ANGLE_UNIT ( ) SI_UNIT ( $, .RADIAN. ) );
#906 = ORIENTED_EDGE ( 'NONE', *, *, #226, .T. ) ;
#907 = VECTOR ( 'NONE', #3260, 39.37007874015748143 ) ;
#908 = LINE ( 'NONE', #2406, #786 ) ;
#909 = CARTESIAN_POINT ( 'NONE',  ( -0.1614173228346456601, 0.01574803149606299191, -0.5984251968503937480 ) ) ;
#910 = FILL_AREA_STYLE_COLOUR ( '', #3995 ) ;
#911 = VECTOR ( 'NONE', #650, 39.37007874015748143 ) ;
#912 = ORIENTED_EDGE ( 'NONE', *, *, #2324, .F. ) ;
#913 = CARTESIAN_POINT ( 'NONE',  ( -0.02559055118110236532, -0.08858267716535427050, -0.3395669291338583307 ) ) ;
#914 = DIRECTION ( 'NONE',  ( 1.000000000000000000, 0.0000000000000000000, 0.0000000000000000000 ) ) ;
#915 = SURFACE_SIDE_STYLE ('',( #3301 ) ) ;
#916 = EDGE_CURVE ( 'NONE', #4869, #4355, #2794, .T. ) ;
#917 = EDGE_CURVE ( 'NONE', #5766, #1518, #5252, .T. ) ;
#918 = LINE ( 'NONE', #4854, #1789 ) ;
#919 = ORIENTED_EDGE ( 'NONE', *, *, #2876, .T. ) ;
#920 = FILL_AREA_STYLE ('',( #4885 ) ) ;
#921 = VECTOR ( 'NONE', #5549, 39.37007874015748143 ) ;
#922 = ORIENTED_EDGE ( 'NONE', *, *, #6309, .T. ) ;
#923 = SURFACE_STYLE_USAGE ( .BOTH. , #4830 ) ;
#924 = AXIS2_PLACEMENT_3D ( 'NONE', #6151, #5479, #2206 ) ;
#925 =( NAMED_UNIT ( * ) PLANE_ANGLE_UNIT ( ) SI_UNIT ( $, .RADIAN. ) );
#926 = MECHANICAL_DESIGN_GEOMETRIC_PRESENTATION_REPRESENTATION (  '', ( #5264 ), #3221 ) ;
#927 = LENGTH_MEASURE_WITH_UNIT ( LENGTH_MEASURE( 0.02539999999999999897 ), #4768 );
#928 = DIMENSIONAL_EXPONENTS ( 1.000000000000000000, 0.0000000000000000000, 0.0000000000000000000, 0.0000000000000000000, 0.0000000000000000000, 0.0000000000000000000, 0.0000000000000000000 ) ;
#929 = ORIENTED_EDGE ( 'NONE', *, *, #1960, .T. ) ;
#930 = ADVANCED_FACE ( 'NONE', ( #4737 ), #3743, .T. ) ;
#931 = AXIS2_PLACEMENT_3D ( 'NONE', #2588, #6130, #2094 ) ;
#932 = VECTOR ( 'NONE', #5623, 39.37007874015748143 ) ;
#933 = DIRECTION ( 'NONE',  ( 0.0000000000000000000, -1.000000000000000000, 0.0000000000000000000 ) ) ;
#934 = FACE_OUTER_BOUND ( 'NONE', #458, .T. ) ;
#935 = STYLED_ITEM ( 'NONE', ( #716 ), #2204 ) ;
#936 =( LENGTH_UNIT ( ) NAMED_UNIT ( * ) SI_UNIT ( $, .METRE. ) );
#937 = PRESENTATION_STYLE_ASSIGNMENT (( #5415 ) ) ;
#938 = FILL_AREA_STYLE ('',( #4346 ) ) ;
#939 = ORIENTED_EDGE ( 'NONE', *, *, #3608, .T. ) ;
#940 = FACE_BOUND ( 'NONE', #5887, .T. ) ;
#941 = MECHANICAL_DESIGN_GEOMETRIC_PRESENTATION_REPRESENTATION (  '', ( #1267 ), #1368 ) ;
#942 = DIRECTION ( 'NONE',  ( 1.000000000000000000, 0.0000000000000000000, 0.0000000000000000000 ) ) ;
#943 = SURFACE_SIDE_STYLE ('',( #6318 ) ) ;
#944 = CARTESIAN_POINT ( 'NONE',  ( 0.04921259842519691563, 0.03937007874370235944, -0.3395669291338583307 ) ) ;
#945 = ORIENTED_EDGE ( 'NONE', *, *, #366, .F. ) ;
#946 = MECHANICAL_DESIGN_GEOMETRIC_PRESENTATION_REPRESENTATION (  '', ( #3733 ), #646 ) ;
#947 =( NAMED_UNIT ( * ) PLANE_ANGLE_UNIT ( ) SI_UNIT ( $, .RADIAN. ) );
#948 = PRESENTATION_STYLE_ASSIGNMENT (( #494 ) ) ;
#949 = PRESENTATION_LAYER_ASSIGNMENT (  '', '', ( #6100 ) ) ;
#950 = FILL_AREA_STYLE_COLOUR ( '', #5530 ) ;
#951 = ORIENTED_EDGE ( 'NONE', *, *, #4349, .F. ) ;
#952 = VERTEX_POINT ( 'NONE', #4676 ) ;
#953 = VECTOR ( 'NONE', #2254, 39.37007874015748143 ) ;
#954 = DIRECTION ( 'NONE',  ( 0.0000000000000000000, 0.0000000000000000000, -1.000000000000000000 ) ) ;
#955 = DIRECTION ( 'NONE',  ( -1.204669080539449344E-16, 1.000000000000000000, 0.0000000000000000000 ) ) ;
#956 = LENGTH_MEASURE_WITH_UNIT ( LENGTH_MEASURE( 0.02539999999999999897 ), #2915 );
#957 = SURFACE_SIDE_STYLE ('',( #1514 ) ) ;
#958 = VERTEX_POINT ( 'NONE', #4802 ) ;
#959 = EDGE_CURVE ( 'NONE', #2949, #4666, #3309, .T. ) ;
#960 = EDGE_CURVE ( 'NONE', #3323, #1419, #5741, .T. ) ;
#961 = VERTEX_POINT ( 'NONE', #4703 ) ;
#962 =( GEOMETRIC_REPRESENTATION_CONTEXT ( 3 ) GLOBAL_UNCERTAINTY_ASSIGNED_CONTEXT ( ( #2072 ) ) GLOBAL_UNIT_ASSIGNED_CONTEXT ( ( #5749, #880, #4814 ) ) REPRESENTATION_CONTEXT ( 'NONE', 'WORKASPACE' ) );
#963 = PRESENTATION_STYLE_ASSIGNMENT (( #3430 ) ) ;
#964 = DIMENSIONAL_EXPONENTS ( 1.000000000000000000, 0.0000000000000000000, 0.0000000000000000000, 0.0000000000000000000, 0.0000000000000000000, 0.0000000000000000000, 0.0000000000000000000 ) ;
#965 = ORIENTED_EDGE ( 'NONE', *, *, #181, .T. ) ;
#966 = LINE ( 'NONE', #4981, #5924 ) ;
#967 = PLANE ( 'NONE',  #6301 ) ;
#968 = CIRCLE ( 'NONE', #2533, 0.05314960629921260116 ) ;
#969 = CARTESIAN_POINT ( 'NONE',  ( 0.1929133858267716439, -0.08858267716535427050, -0.4527559055118109410 ) ) ;
#970 = FILL_AREA_STYLE ('',( #5844 ) ) ;
#971 =( CONVERSION_BASED_UNIT ( 'INCH', #2051 ) LENGTH_UNIT ( ) NAMED_UNIT ( #683 ) );
#972 = ORIENTED_EDGE ( 'NONE', *, *, #1039, .F. ) ;
#973 = COLOUR_RGB ( '',0.2509803921568627416, 0.2509803921568627416, 0.2509803921568627416 ) ;
#974 =( LENGTH_UNIT ( ) NAMED_UNIT ( * ) SI_UNIT ( $, .METRE. ) );
#975 = CARTESIAN_POINT ( 'NONE',  ( 0.09842519685030418075, 0.1614173228346456879, -0.4035433070866140670 ) ) ;
#976 =( CONVERSION_BASED_UNIT ( 'INCH', #560 ) LENGTH_UNIT ( ) NAMED_UNIT ( #392 ) );
#977 = FACE_OUTER_BOUND ( 'NONE', #6008, .T. ) ;
#978 =( CONVERSION_BASED_UNIT ( 'INCH', #4525 ) LENGTH_UNIT ( ) NAMED_UNIT ( #6187 ) );
#979 = ORIENTED_EDGE ( 'NONE', *, *, #5340, .T. ) ;
#980 = EDGE_LOOP ( 'NONE', ( #1014, #951, #2214, #922, #5317, #5589, #1674, #2073, #110 ) ) ;
#981 = STYLED_ITEM ( 'NONE', ( #1592 ), #5881 ) ;
#982 =( GEOMETRIC_REPRESENTATION_CONTEXT ( 3 ) GLOBAL_UNCERTAINTY_ASSIGNED_CONTEXT ( ( #712 ) ) GLOBAL_UNIT_ASSIGNED_CONTEXT ( ( #2183, #6214, #664 ) ) REPRESENTATION_CONTEXT ( 'NONE', 'WORKASPACE' ) );
#983 = DIRECTION ( 'NONE',  ( -1.000000000000000000, -0.0000000000000000000, -0.0000000000000000000 ) ) ;
#984 = DIRECTION ( 'NONE',  ( -1.000000000000000000, 0.0000000000000000000, 0.0000000000000000000 ) ) ;
#985 = AXIS2_PLACEMENT_3D ( 'NONE', #5168, #1264, #2787 ) ;
#986 = VECTOR ( 'NONE', #2981, 39.37007874015748143 ) ;
#987 = ORIENTED_EDGE ( 'NONE', *, *, #3839, .T. ) ;
#988 = COLOUR_RGB ( '',1.000000000000000000, 1.000000000000000000, 1.000000000000000000 ) ;
#989 = STYLED_ITEM ( 'NONE', ( #1638 ), #5603 ) ;
#990 = DIRECTION ( 'NONE',  ( 0.0000000000000000000, 0.0000000000000000000, -1.000000000000000000 ) ) ;
#991 = CYLINDRICAL_SURFACE ( 'NONE', #5106, 0.02362204724409448786 ) ;
#992 = ADVANCED_FACE ( 'NONE', ( #1791 ), #842, .T. ) ;
#993 = CARTESIAN_POINT ( 'NONE',  ( -0.1614173228346456879, 0.2559055118110236671, -0.1377952755905511584 ) ) ;
#994 = ADVANCED_FACE ( 'NONE', ( #1999 ), #565, .T. ) ;
#995 = LENGTH_MEASURE_WITH_UNIT ( LENGTH_MEASURE( 0.02539999999999999897 ), #2925 );
#996 = DIRECTION ( 'NONE',  ( -1.000000000000000000, 5.421010862427521554E-17, 0.0000000000000000000 ) ) ;
#997 = ADVANCED_FACE ( 'NONE', ( #2973 ), #24, .F. ) ;
#998 = VERTEX_POINT ( 'NONE', #532 ) ;
#999 = CARTESIAN_POINT ( 'NONE',  ( 0.03346456692913385433, 0.2559055118110236671, -0.5846456692913385433 ) ) ;
#1000 = COLOUR_RGB ( '',1.000000000000000000, 1.000000000000000000, 1.000000000000000000 ) ;
#1001 = LENGTH_MEASURE_WITH_UNIT ( LENGTH_MEASURE( 0.02539999999999999897 ), #3529 );
#1002 = DIRECTION ( 'NONE',  ( -1.000000000000000000, 0.0000000000000000000, 0.0000000000000000000 ) ) ;
#1003 = LINE ( 'NONE', #4983, #1328 ) ;
#1004 = SURFACE_STYLE_FILL_AREA ( #4482 ) ;
#1005 = ORIENTED_EDGE ( 'NONE', *, *, #5307, .F. ) ;
#1006 = UNCERTAINTY_MEASURE_WITH_UNIT (LENGTH_MEASURE( 1.000000000000000082E-05 ), #6320, 'distance_accuracy_value', 'NONE');
#1007 = EDGE_CURVE ( 'NONE', #2000, #2715, #1013, .T. ) ;
#1008 = CARTESIAN_POINT ( 'NONE',  ( 0.01574803149606299191, 0.08812960560922117326, -0.5708661417322834497 ) ) ;
#1009 = FACE_OUTER_BOUND ( 'NONE', #164, .T. ) ;
#1010 = DIMENSIONAL_EXPONENTS ( 1.000000000000000000, 0.0000000000000000000, 0.0000000000000000000, 0.0000000000000000000, 0.0000000000000000000, 0.0000000000000000000, 0.0000000000000000000 ) ;
#1011 =( LENGTH_UNIT ( ) NAMED_UNIT ( * ) SI_UNIT ( $, .METRE. ) );
#1012 = DIRECTION ( 'NONE',  ( 0.0000000000000000000, 0.0000000000000000000, 1.000000000000000000 ) ) ;
#1013 = LINE ( 'NONE', #3010, #5755 ) ;
#1014 = ORIENTED_EDGE ( 'NONE', *, *, #3762, .F. ) ;
#1015 = EDGE_LOOP ( 'NONE', ( #4963, #132, #12, #3992, #325, #4236, #2047, #2338, #467, #2295, #5494, #3166, #2919, #3485, #4623 ) ) ;
#1016 = VECTOR ( 'NONE', #3630, 39.37007874015748143 ) ;
#1017 =( CONVERSION_BASED_UNIT ( 'INCH', #3513 ) LENGTH_UNIT ( ) NAMED_UNIT ( #1431 ) );
#1018 = CARTESIAN_POINT ( 'NONE',  ( -0.1244991204790700245, 0.1968503937007874127, 0.0000000000000000000 ) ) ;
#1019 = FACE_OUTER_BOUND ( 'NONE', #3331, .T. ) ;
#1020 =( LENGTH_UNIT ( ) NAMED_UNIT ( * ) SI_UNIT ( $, .METRE. ) );
#1021 =( GEOMETRIC_REPRESENTATION_CONTEXT ( 3 ) GLOBAL_UNCERTAINTY_ASSIGNED_CONTEXT ( ( #180 ) ) GLOBAL_UNIT_ASSIGNED_CONTEXT ( ( #5136, #4639, #3214 ) ) REPRESENTATION_CONTEXT ( 'NONE', 'WORKASPACE' ) );
#1022 = EDGE_LOOP ( 'NONE', ( #4172, #5058, #2052, #1510 ) ) ;
#1023 = UNCERTAINTY_MEASURE_WITH_UNIT (LENGTH_MEASURE( 1.000000000000000082E-05 ), #1580, 'distance_accuracy_value', 'NONE');
#1024 =( GEOMETRIC_REPRESENTATION_CONTEXT ( 3 ) GLOBAL_UNCERTAINTY_ASSIGNED_CONTEXT ( ( #623 ) ) GLOBAL_UNIT_ASSIGNED_CONTEXT ( ( #2458, #3923, #544 ) ) REPRESENTATION_CONTEXT ( 'NONE', 'WORKASPACE' ) );
#1025 =( GEOMETRIC_REPRESENTATION_CONTEXT ( 3 ) GLOBAL_UNCERTAINTY_ASSIGNED_CONTEXT ( ( #4484 ) ) GLOBAL_UNIT_ASSIGNED_CONTEXT ( ( #602, #573, #3550 ) ) REPRESENTATION_CONTEXT ( 'NONE', 'WORKASPACE' ) );
#1026 = AXIS2_PLACEMENT_3D ( 'NONE', #4726, #313, #4242 ) ;
#1027 = SURFACE_STYLE_FILL_AREA ( #1524 ) ;
#1028 = CARTESIAN_POINT ( 'NONE',  ( 0.09540646311852465922, 0.3149606299212598381, 0.0000000000000000000 ) ) ;
#1029 = ORIENTED_EDGE ( 'NONE', *, *, #5375, .T. ) ;
#1030 = DIRECTION ( 'NONE',  ( -1.000000000000000000, 0.0000000000000000000, 0.0000000000000000000 ) ) ;
#1031 = EDGE_CURVE ( 'NONE', #1265, #2835, #2585, .T. ) ;
#1032 = STYLED_ITEM ( 'NONE', ( #3931 ), #6235 ) ;
#1033 =( GEOMETRIC_REPRESENTATION_CONTEXT ( 3 ) GLOBAL_UNCERTAINTY_ASSIGNED_CONTEXT ( ( #3292 ) ) GLOBAL_UNIT_ASSIGNED_CONTEXT ( ( #665, #1670, #3601 ) ) REPRESENTATION_CONTEXT ( 'NONE', 'WORKASPACE' ) );
#1034 =( CONVERSION_BASED_UNIT ( 'INCH', #1001 ) LENGTH_UNIT ( ) NAMED_UNIT ( #474 ) );
#1035 = CARTESIAN_POINT ( 'NONE',  ( -0.1771653543307086798, 0.1968503937007873850, -0.03937007874015750752 ) ) ;
#1036 = DIRECTION ( 'NONE',  ( -1.000000000000000000, 0.0000000000000000000, 0.0000000000000000000 ) ) ;
#1037 = SURFACE_STYLE_USAGE ( .BOTH. , #1463 ) ;
#1038 = ORIENTED_EDGE ( 'NONE', *, *, #1399, .F. ) ;
#1039 = EDGE_CURVE ( 'NONE', #4501, #4560, #4559, .T. ) ;
#1040 = CARTESIAN_POINT ( 'NONE',  ( -0.05118110236220467513, 0.03937007874015747977, -0.5019685039370078705 ) ) ;
#1041 = AXIS2_PLACEMENT_3D ( 'NONE', #1601, #1140, #1106 ) ;
#1042 = DIRECTION ( 'NONE',  ( 0.0000000000000000000, 0.0000000000000000000, -1.000000000000000000 ) ) ;
#1043 = DIRECTION ( 'NONE',  ( 0.0000000000000000000, 0.0000000000000000000, 1.000000000000000000 ) ) ;
#1044 = DIRECTION ( 'NONE',  ( 1.000000000000000000, 0.0000000000000000000, 0.0000000000000000000 ) ) ;
#1045 =( NAMED_UNIT ( * ) PLANE_ANGLE_UNIT ( ) SI_UNIT ( $, .RADIAN. ) );
#1046 = EDGE_CURVE ( 'NONE', #1755, #4666, #5658, .T. ) ;
#1047 = DIRECTION ( 'NONE',  ( -0.0000000000000000000, -0.0000000000000000000, -1.000000000000000000 ) ) ;
#1048 = CARTESIAN_POINT ( 'NONE',  ( -0.1772047244094487883, 0.3297244094488189226, -0.05413385826771655723 ) ) ;
#1049 = ORIENTED_EDGE ( 'NONE', *, *, #6278, .T. ) ;
#1050 = EDGE_LOOP ( 'NONE', ( #2688, #4203, #5795, #3175 ) ) ;
#1051 = FACE_BOUND ( 'NONE', #726, .T. ) ;
#1052 = DIRECTION ( 'NONE',  ( 0.0000000000000000000, 0.0000000000000000000, 1.000000000000000000 ) ) ;
#1053 = COLOUR_RGB ( '',0.2509803921568627416, 0.2509803921568627416, 0.2509803921568627416 ) ;
#1054 = LENGTH_MEASURE_WITH_UNIT ( LENGTH_MEASURE( 0.02539999999999999897 ), #3953 );
#1055 = CARTESIAN_POINT ( 'NONE',  ( -0.05905511811023623353, 0.2559055118110236671, -0.4035433070866141225 ) ) ;
#1056 = DIMENSIONAL_EXPONENTS ( 1.000000000000000000, 0.0000000000000000000, 0.0000000000000000000, 0.0000000000000000000, 0.0000000000000000000, 0.0000000000000000000, 0.0000000000000000000 ) ;
#1057 = ORIENTED_EDGE ( 'NONE', *, *, #4188, .F. ) ;
#1058 = LENGTH_MEASURE_WITH_UNIT ( LENGTH_MEASURE( 0.02539999999999999897 ), #2495 );
#1059 = MECHANICAL_DESIGN_GEOMETRIC_PRESENTATION_REPRESENTATION (  '', ( #5087 ), #1898 ) ;
#1060 =( NAMED_UNIT ( * ) SI_UNIT ( $, .STERADIAN. ) SOLID_ANGLE_UNIT ( ) );
#1061 = CARTESIAN_POINT ( 'NONE',  ( 0.01574803149606299191, 0.1417322834645669549, -0.5787401574803149318 ) ) ;
#1062 = VECTOR ( 'NONE', #4999, 39.37007874015748143 ) ;
#1063 = ORIENTED_EDGE ( 'NONE', *, *, #3587, .F. ) ;
#1064 = DIRECTION ( 'NONE',  ( 6.370453442852683715E-16, 0.0000000000000000000, -1.000000000000000000 ) ) ;
#1065 = CARTESIAN_POINT ( 'NONE',  ( -0.1614173228346456879, 0.1535433070866141780, -0.5019685039370078705 ) ) ;
#1066 = CARTESIAN_POINT ( 'NONE',  ( 4.339299682018181450E-18, 0.0000000000000000000, -0.1929133858267716439 ) ) ;
#1067 = COLOUR_RGB ( '',0.2509803921568627416, 0.2509803921568627416, 0.2509803921568627416 ) ;
#1068 = PRESENTATION_STYLE_ASSIGNMENT (( #5359 ) ) ;
#1069 = DIRECTION ( 'NONE',  ( -0.0000000000000000000, -0.0000000000000000000, -1.000000000000000000 ) ) ;
#1070 = VERTEX_POINT ( 'NONE', #4687 ) ;
#1071 = UNCERTAINTY_MEASURE_WITH_UNIT (LENGTH_MEASURE( 1.000000000000000082E-05 ), #5004, 'distance_accuracy_value', 'NONE');
#1072 = COLOUR_RGB ( '',0.2509803921568627416, 0.2509803921568627416, 0.2509803921568627416 ) ;
#1073 = CARTESIAN_POINT ( 'NONE',  ( 0.09842519685030418075, 0.1614173228346456879, -0.5019685039370078705 ) ) ;
#1074 = DIRECTION ( 'NONE',  ( -0.0000000000000000000, -0.0000000000000000000, -1.000000000000000000 ) ) ;
#1075 = CARTESIAN_POINT ( 'NONE',  ( 0.05118110236220479309, 0.03937007874015747977, -0.5629921259842519676 ) ) ;
#1076 = DIRECTION ( 'NONE',  ( 0.0000000000000000000, 0.0000000000000000000, 1.000000000000000000 ) ) ;
#1077 = EDGE_CURVE ( 'NONE', #3715, #1154, #1214, .T. ) ;
#1078 = CIRCLE ( 'NONE', #1821, 0.1122047244094488277 ) ;
#1079 = ORIENTED_EDGE ( 'NONE', *, *, #4000, .F. ) ;
#1080 = ADVANCED_FACE ( 'NONE', ( #1775, #2224, #1706 ), #1643, .F. ) ;
#1081 = SURFACE_STYLE_FILL_AREA ( #4076 ) ;
#1082 = SURFACE_STYLE_FILL_AREA ( #4747 ) ;
#1083 = ORIENTED_EDGE ( 'NONE', *, *, #3609, .F. ) ;
#1084 = EDGE_CURVE ( 'NONE', #2863, #1977, #245, .T. ) ;
#1085 = SURFACE_STYLE_FILL_AREA ( #3481 ) ;
#1086 = PRESENTATION_LAYER_ASSIGNMENT (  '', '', ( #1191 ) ) ;
#1087 = DIRECTION ( 'NONE',  ( 0.0000000000000000000, 0.0000000000000000000, -1.000000000000000000 ) ) ;
#1088 = LINE ( 'NONE', #3451, #3219 ) ;
#1089 = ORIENTED_EDGE ( 'NONE', *, *, #6125, .F. ) ;
#1090 = LINE ( 'NONE', #5502, #1728 ) ;
#1091 = UNCERTAINTY_MEASURE_WITH_UNIT (LENGTH_MEASURE( 1.000000000000000082E-05 ), #6060, 'distance_accuracy_value', 'NONE');
#1092 =( GEOMETRIC_REPRESENTATION_CONTEXT ( 3 ) GLOBAL_UNCERTAINTY_ASSIGNED_CONTEXT ( ( #644 ) ) GLOBAL_UNIT_ASSIGNED_CONTEXT ( ( #1899, #1809, #367 ) ) REPRESENTATION_CONTEXT ( 'NONE', 'WORKASPACE' ) );
#1093 = ORIENTED_EDGE ( 'NONE', *, *, #3527, .T. ) ;
#1094 = CARTESIAN_POINT ( 'NONE',  ( 0.0000000000000000000, -0.07874015748031495954, -0.5787401574803149318 ) ) ;
#1095 = MECHANICAL_DESIGN_GEOMETRIC_PRESENTATION_REPRESENTATION (  '', ( #1197 ), #581 ) ;
#1096 = LINE ( 'NONE', #2667, #911 ) ;
#1097 = FILL_AREA_STYLE_COLOUR ( '', #5424 ) ;
#1098 = CARTESIAN_POINT ( 'NONE',  ( 0.1771653543307086798, 0.3937007874015747699, -0.03937007874015747977 ) ) ;
#1099 = PRESENTATION_LAYER_ASSIGNMENT (  '', '', ( #981 ) ) ;
#1100 = DIMENSIONAL_EXPONENTS ( 1.000000000000000000, 0.0000000000000000000, 0.0000000000000000000, 0.0000000000000000000, 0.0000000000000000000, 0.0000000000000000000, 0.0000000000000000000 ) ;
#1101 = CIRCLE ( 'NONE', #4910, 0.1614173228346456879 ) ;
#1102 = CARTESIAN_POINT ( 'NONE',  ( 0.09540646311852465922, 0.3149606299212598381, -0.03937007874015750059 ) ) ;
#1103 = LINE ( 'NONE', #658, #7 ) ;
#1104 = ORIENTED_EDGE ( 'NONE', *, *, #142, .T. ) ;
#1105 = VECTOR ( 'NONE', #2483, 39.37007874015748143 ) ;
#1106 = DIRECTION ( 'NONE',  ( -1.000000000000000000, 0.0000000000000000000, 0.0000000000000000000 ) ) ;
#1107 =( NAMED_UNIT ( * ) PLANE_ANGLE_UNIT ( ) SI_UNIT ( $, .RADIAN. ) );
#1108 = CARTESIAN_POINT ( 'NONE',  ( 0.0000000000000000000, 0.03937007874015747977, -0.5019685039370078705 ) ) ;
#1109 = FILL_AREA_STYLE ('',( #5057 ) ) ;
#1110 = LINE ( 'NONE', #2617, #1750 ) ;
#1111 = STYLED_ITEM ( 'NONE', ( #1068 ), #416 ) ;
#1112 = ORIENTED_EDGE ( 'NONE', *, *, #5340, .F. ) ;
#1113 = LINE ( 'NONE', #3606, #277 ) ;
#1114 = ORIENTED_EDGE ( 'NONE', *, *, #5483, .T. ) ;
#1115 = DIRECTION ( 'NONE',  ( 0.0000000000000000000, 0.0000000000000000000, -1.000000000000000000 ) ) ;
#1116 = DIRECTION ( 'NONE',  ( 0.0000000000000000000, 0.0000000000000000000, -1.000000000000000000 ) ) ;
#1117 = STYLED_ITEM ( 'NONE', ( #2834 ), #608 ) ;
#1118 = DIRECTION ( 'NONE',  ( 1.000000000000000000, 0.0000000000000000000, 0.0000000000000000000 ) ) ;
#1119 = ADVANCED_FACE ( 'NONE', ( #6137 ), #1744, .F. ) ;
#1120 = EDGE_CURVE ( 'NONE', #6243, #2468, #5845, .T. ) ;
#1121 = CARTESIAN_POINT ( 'NONE',  ( -0.04921259842519691563, 0.03937007873922650225, -0.3297244094488189226 ) ) ;
#1122 = PLANE ( 'NONE',  #4220 ) ;
#1123 = DIRECTION ( 'NONE',  ( -1.204669080539449344E-16, 1.000000000000000000, 0.0000000000000000000 ) ) ;
#1124 = VERTEX_POINT ( 'NONE', #6289 ) ;
#1125 = DIRECTION ( 'NONE',  ( -1.421904488505579654E-16, 1.000000000000000000, 4.336808689942029569E-16 ) ) ;
#1126 = EDGE_LOOP ( 'NONE', ( #5864, #1492, #117, #4282 ) ) ;
#1127 =( BOUNDED_CURVE ( )  B_SPLINE_CURVE ( 3, ( #5867, #3428, #5384, #2015 ),
 .UNSPECIFIED., .F., .T. ) 
 B_SPLINE_CURVE_WITH_KNOTS ( ( 4, 4 ),
 ( 0.6608452958229670271, 0.8527764173964076377 ),
 .UNSPECIFIED. ) 
 CURVE ( )  GEOMETRIC_REPRESENTATION_ITEM ( )  RATIONAL_B_SPLINE_CURVE ( ( 1.000000000000000000, 0.9969325589035076263, 0.9969325589035076263, 1.000000000000000000 ) ) 
 REPRESENTATION_ITEM ( '' )  );
#1128 = CARTESIAN_POINT ( 'NONE',  ( -0.1771653543307086798, 0.3937007874015747699, -0.03937007874015747977 ) ) ;
#1129 = VECTOR ( 'NONE', #5588, 39.37007874015748143 ) ;
#1130 = EDGE_CURVE ( 'NONE', #3525, #5028, #4315, .T. ) ;
#1131 = CARTESIAN_POINT ( 'NONE',  ( 0.1771653543307086798, -0.08858267716535427050, -0.4527559055118109410 ) ) ;
#1132 = AXIS2_PLACEMENT_3D ( 'NONE', #2596, #603, #984 ) ;
#1133 = PLANE ( 'NONE',  #5092 ) ;
#1134 =( NAMED_UNIT ( * ) SI_UNIT ( $, .STERADIAN. ) SOLID_ANGLE_UNIT ( ) );
#1135 = COLOUR_RGB ( '',0.2509803921568627416, 0.2509803921568627416, 0.2509803921568627416 ) ;
#1136 = DIRECTION ( 'NONE',  ( -1.000000000000000000, 0.0000000000000000000, 0.0000000000000000000 ) ) ;
#1137 = VERTEX_POINT ( 'NONE', #1866 ) ;
#1138 = VECTOR ( 'NONE', #3744, 39.37007874015748143 ) ;
#1139 =( GEOMETRIC_REPRESENTATION_CONTEXT ( 3 ) GLOBAL_UNCERTAINTY_ASSIGNED_CONTEXT ( ( #5720 ) ) GLOBAL_UNIT_ASSIGNED_CONTEXT ( ( #5853, #4881, #4388 ) ) REPRESENTATION_CONTEXT ( 'NONE', 'WORKASPACE' ) );
#1140 = DIRECTION ( 'NONE',  ( 0.0000000000000000000, 0.0000000000000000000, -1.000000000000000000 ) ) ;
#1141 = FILL_AREA_STYLE ('',( #2509 ) ) ;
#1142 = SURFACE_SIDE_STYLE ('',( #1207 ) ) ;
#1143 = LENGTH_MEASURE_WITH_UNIT ( LENGTH_MEASURE( 0.02539999999999999897 ), #4655 );
#1144 = CARTESIAN_POINT ( 'NONE',  ( 0.05118110236220479309, 0.03937007874015747977, -0.5019685039370078705 ) ) ;
#1145 = FILL_AREA_STYLE ('',( #5556 ) ) ;
#1146 = AXIS2_PLACEMENT_3D ( 'NONE', #3692, #1211, #153 ) ;
#1147 = SURFACE_STYLE_USAGE ( .BOTH. , #2685 ) ;
#1148 = VERTEX_POINT ( 'NONE', #4782 ) ;
#1149 = ORIENTED_EDGE ( 'NONE', *, *, #3540, .F. ) ;
#1150 = PRESENTATION_STYLE_ASSIGNMENT (( #6142 ) ) ;
#1151 = CARTESIAN_POINT ( 'NONE',  ( -0.07677165354330708902, 0.01574803149606299885, -0.5629921259842519676 ) ) ;
#1152 = SURFACE_STYLE_USAGE ( .BOTH. , #1712 ) ;
#1153 = DIRECTION ( 'NONE',  ( 0.0000000000000000000, 1.000000000000000000, 1.239088197126290817E-16 ) ) ;
#1154 = VERTEX_POINT ( 'NONE', #4815 ) ;
#1155 = LINE ( 'NONE', #2199, #2549 ) ;
#1156 = FACE_OUTER_BOUND ( 'NONE', #2303, .T. ) ;
#1157 = UNCERTAINTY_MEASURE_WITH_UNIT (LENGTH_MEASURE( 1.000000000000000082E-05 ), #4986, 'distance_accuracy_value', 'NONE');
#1158 = VERTEX_POINT ( 'NONE', #5360 ) ;
#1159 = STYLED_ITEM ( 'NONE', ( #4967 ), #3037 ) ;
#1160 = DIRECTION ( 'NONE',  ( -0.0000000000000000000, -0.0000000000000000000, -1.000000000000000000 ) ) ;
#1161 =( LENGTH_UNIT ( ) NAMED_UNIT ( * ) SI_UNIT ( $, .METRE. ) );
#1162 = LINE ( 'NONE', #2171, #3602 ) ;
#1163 = EDGE_CURVE ( 'NONE', #3228, #6290, #2846, .T. ) ;
#1164 = DIRECTION ( 'NONE',  ( 0.0000000000000000000, 0.0000000000000000000, 1.000000000000000000 ) ) ;
#1165 = LINE ( 'NONE', #721, #5315 ) ;
#1166 = CARTESIAN_POINT ( 'NONE',  ( 0.1771653543307086798, 0.1614173228346456879, -0.5019685039370078705 ) ) ;
#1167 = CARTESIAN_POINT ( 'NONE',  ( 0.0000000000000000000, -0.09055118110236221041, -0.1574803149606299191 ) ) ;
#1168 = DIRECTION ( 'NONE',  ( 0.0000000000000000000, 0.0000000000000000000, -1.000000000000000000 ) ) ;
#1169 =( LENGTH_UNIT ( ) NAMED_UNIT ( * ) SI_UNIT ( $, .METRE. ) );
#1170 = ORIENTED_EDGE ( 'NONE', *, *, #1773, .F. ) ;
#1171 = TOROIDAL_SURFACE ( 'NONE', #5800, 0.03346456692913385433, 0.009842519685039369942 ) ;
#1172 = DIMENSIONAL_EXPONENTS ( 1.000000000000000000, 0.0000000000000000000, 0.0000000000000000000, 0.0000000000000000000, 0.0000000000000000000, 0.0000000000000000000, 0.0000000000000000000 ) ;
#1173 = DIRECTION ( 'NONE',  ( 0.0000000000000000000, 0.0000000000000000000, 1.000000000000000000 ) ) ;
#1174 = FILL_AREA_STYLE_COLOUR ( '', #5700 ) ;
#1175 = PRESENTATION_STYLE_ASSIGNMENT (( #3780 ) ) ;
#1176 = VECTOR ( 'NONE', #1380, 39.37007874015748143 ) ;
#1177 = CYLINDRICAL_SURFACE ( 'NONE', #3559, 0.02559055118110234450 ) ;
#1178 = DIRECTION ( 'NONE',  ( 1.000000000000000000, 0.0000000000000000000, 0.0000000000000000000 ) ) ;
#1179 = FILL_AREA_STYLE ('',( #2746 ) ) ;
#1180 = CARTESIAN_POINT ( 'NONE',  ( 0.1614173228346456879, 0.1988188976377952832, -0.5984251968503937480 ) ) ;
#1181 = EDGE_LOOP ( 'NONE', ( #6074, #199, #4602, #4511 ) ) ;
#1182 = VERTEX_POINT ( 'NONE', #1377 ) ;
#1183 = LENGTH_MEASURE_WITH_UNIT ( LENGTH_MEASURE( 0.02539999999999999897 ), #2653 );
#1184 = LENGTH_MEASURE_WITH_UNIT ( LENGTH_MEASURE( 0.02539999999999999897 ), #3170 );
#1185 = DIRECTION ( 'NONE',  ( 0.0000000000000000000, 0.0000000000000000000, 1.000000000000000000 ) ) ;
#1186 = AXIS2_PLACEMENT_3D ( 'NONE', #2343, #3838, #5744 ) ;
#1187 =( LENGTH_UNIT ( ) NAMED_UNIT ( * ) SI_UNIT ( $, .METRE. ) );
#1188 = ORIENTED_EDGE ( 'NONE', *, *, #3883, .F. ) ;
#1189 =( LENGTH_UNIT ( ) NAMED_UNIT ( * ) SI_UNIT ( $, .METRE. ) );
#1190 = ORIENTED_EDGE ( 'NONE', *, *, #5233, .T. ) ;
#1191 = STYLED_ITEM ( 'NONE', ( #2944 ), #4581 ) ;
#1192 = LINE ( 'NONE', #4700, #3830 ) ;
#1193 = SURFACE_STYLE_USAGE ( .BOTH. , #5678 ) ;
#1194 =( GEOMETRIC_REPRESENTATION_CONTEXT ( 3 ) GLOBAL_UNCERTAINTY_ASSIGNED_CONTEXT ( ( #1226 ) ) GLOBAL_UNIT_ASSIGNED_CONTEXT ( ( #1467, #21, #2445 ) ) REPRESENTATION_CONTEXT ( 'NONE', 'WORKASPACE' ) );
#1195 = CARTESIAN_POINT ( 'NONE',  ( -0.1244991204790700245, 0.1968503937007874127, -0.03937007874015750059 ) ) ;
#1196 = CARTESIAN_POINT ( 'NONE',  ( 0.0000000000000000000, -0.08858267716535427050, -0.3297244094488189226 ) ) ;
#1197 = STYLED_ITEM ( 'NONE', ( #742 ), #4899 ) ;
#1198 = CARTESIAN_POINT ( 'NONE',  ( -0.05905511811023623353, -0.07874015748031495954, -0.5787401574803149318 ) ) ;
#1199 = EDGE_CURVE ( 'NONE', #2756, #4682, #2164, .T. ) ;
#1200 = EDGE_CURVE ( 'NONE', #5232, #4697, #1405, .T. ) ;
#1201 = CARTESIAN_POINT ( 'NONE',  ( 8.055539600302783739E-19, 0.2775590551181102983, -0.5629921259842519676 ) ) ;
#1202 = PLANE ( 'NONE',  #1433 ) ;
#1203 =( GEOMETRIC_REPRESENTATION_CONTEXT ( 3 ) GLOBAL_UNCERTAINTY_ASSIGNED_CONTEXT ( ( #6241 ) ) GLOBAL_UNIT_ASSIGNED_CONTEXT ( ( #3312, #254, #4180 ) ) REPRESENTATION_CONTEXT ( 'NONE', 'WORKASPACE' ) );
#1204 =( CONVERSION_BASED_UNIT ( 'INCH', #2675 ) LENGTH_UNIT ( ) NAMED_UNIT ( #2852 ) );
#1205 = PRESENTATION_LAYER_ASSIGNMENT (  '', '', ( #2453 ) ) ;
#1206 = ORIENTED_EDGE ( 'NONE', *, *, #3875, .T. ) ;
#1207 = SURFACE_STYLE_FILL_AREA ( #1603 ) ;
#1208 = DIRECTION ( 'NONE',  ( 1.000000000000000000, 0.0000000000000000000, 0.0000000000000000000 ) ) ;
#1209 = VECTOR ( 'NONE', #3161, 39.37007874015748143 ) ;
#1210 =( NAMED_UNIT ( * ) SI_UNIT ( $, .STERADIAN. ) SOLID_ANGLE_UNIT ( ) );
#1211 = DIRECTION ( 'NONE',  ( 1.000000000000000000, -1.084202172485504311E-16, 0.0000000000000000000 ) ) ;
#1212 = FACE_OUTER_BOUND ( 'NONE', #1276, .T. ) ;
#1213 = ADVANCED_FACE ( 'NONE', ( #4327 ), #2291, .T. ) ;
#1214 = LINE ( 'NONE', #1180, #825 ) ;
#1215 = ORIENTED_EDGE ( 'NONE', *, *, #413, .T. ) ;
#1216 = VERTEX_POINT ( 'NONE', #6194 ) ;
#1217 = PRESENTATION_STYLE_ASSIGNMENT (( #5591 ) ) ;
#1218 = PLANE ( 'NONE',  #3169 ) ;
#1219 =( CONVERSION_BASED_UNIT ( 'INCH', #1184 ) LENGTH_UNIT ( ) NAMED_UNIT ( #4879 ) );
#1220 = DIMENSIONAL_EXPONENTS ( 1.000000000000000000, 0.0000000000000000000, 0.0000000000000000000, 0.0000000000000000000, 0.0000000000000000000, 0.0000000000000000000, 0.0000000000000000000 ) ;
#1221 = SURFACE_STYLE_FILL_AREA ( #6044 ) ;
#1222 = STYLED_ITEM ( 'NONE', ( #4298 ), #408 ) ;
#1223 =( NAMED_UNIT ( * ) SI_UNIT ( $, .STERADIAN. ) SOLID_ANGLE_UNIT ( ) );
#1224 = ORIENTED_EDGE ( 'NONE', *, *, #2443, .T. ) ;
#1225 = DIRECTION ( 'NONE',  ( 0.0000000000000000000, 0.0000000000000000000, 1.000000000000000000 ) ) ;
#1226 = UNCERTAINTY_MEASURE_WITH_UNIT (LENGTH_MEASURE( 1.000000000000000082E-05 ), #1467, 'distance_accuracy_value', 'NONE');
#1227 = ORIENTED_EDGE ( 'NONE', *, *, #917, .T. ) ;
#1228 = PRESENTATION_LAYER_ASSIGNMENT (  '', '', ( #4610 ) ) ;
#1229 = DIRECTION ( 'NONE',  ( 1.000000000000000000, 0.0000000000000000000, 0.0000000000000000000 ) ) ;
#1230 = SURFACE_SIDE_STYLE ('',( #5239 ) ) ;
#1231 = CIRCLE ( 'NONE', #3205, 0.007874015748031482076 ) ;
#1232 = CARTESIAN_POINT ( 'NONE',  ( 0.1772047244094487883, 0.1820866141732283006, -0.05413385826771659193 ) ) ;
#1233 = DIRECTION ( 'NONE',  ( -1.000000000000000000, -0.0000000000000000000, -0.0000000000000000000 ) ) ;
#1234 =( GEOMETRIC_REPRESENTATION_CONTEXT ( 3 ) GLOBAL_UNCERTAINTY_ASSIGNED_CONTEXT ( ( #5083 ) ) GLOBAL_UNIT_ASSIGNED_CONTEXT ( ( #6034, #3604, #3200 ) ) REPRESENTATION_CONTEXT ( 'NONE', 'WORKASPACE' ) );
#1235 = DIRECTION ( 'NONE',  ( 1.000000000000000000, 0.0000000000000000000, -1.224646799147353207E-16 ) ) ;
#1236 = CARTESIAN_POINT ( 'NONE',  ( 0.04921259842519691563, -0.08858267716535427050, -0.3395669291338583307 ) ) ;
#1237 = FILL_AREA_STYLE ('',( #5050 ) ) ;
#1238 = PLANE ( 'NONE',  #3302 ) ;
#1239 = EDGE_LOOP ( 'NONE', ( #568, #1383, #1532, #3918 ) ) ;
#1240 = CIRCLE ( 'NONE', #2169, 0.09055118110236218265 ) ;
#1241 = DIRECTION ( 'NONE',  ( 0.0000000000000000000, -1.000000000000000000, 0.0000000000000000000 ) ) ;
#1242 = VERTEX_POINT ( 'NONE', #5725 ) ;
#1243 = SURFACE_SIDE_STYLE ('',( #1082 ) ) ;
#1244 = EDGE_CURVE ( 'NONE', #5002, #5337, #4266, .T. ) ;
#1245 = CARTESIAN_POINT ( 'NONE',  ( 0.09842519685030418075, 0.1456692913385826682, -0.4035433070866140670 ) ) ;
#1246 = PRESENTATION_LAYER_ASSIGNMENT (  '', '', ( #6273 ) ) ;
#1247 = DIRECTION ( 'NONE',  ( 1.000000000000000000, 0.0000000000000000000, 0.0000000000000000000 ) ) ;
#1248 = LINE ( 'NONE', #2582, #932 ) ;
#1249 =( LENGTH_UNIT ( ) NAMED_UNIT ( * ) SI_UNIT ( $, .METRE. ) );
#1250 = SURFACE_STYLE_USAGE ( .BOTH. , #3694 ) ;
#1251 = ORIENTED_EDGE ( 'NONE', *, *, #4913, .T. ) ;
#1252 = MECHANICAL_DESIGN_GEOMETRIC_PRESENTATION_REPRESENTATION (  '', ( #2813 ), #1139 ) ;
#1253 = EDGE_CURVE ( 'NONE', #3957, #6227, #4754, .T. ) ;
#1254 = ORIENTED_EDGE ( 'NONE', *, *, #6003, .T. ) ;
#1255 = DIRECTION ( 'NONE',  ( -0.0000000000000000000, -0.0000000000000000000, -1.000000000000000000 ) ) ;
#1256 = EDGE_CURVE ( 'NONE', #445, #1766, #5751, .T. ) ;
#1257 = FACE_OUTER_BOUND ( 'NONE', #1283, .T. ) ;
#1258 =( GEOMETRIC_REPRESENTATION_CONTEXT ( 3 ) GLOBAL_UNCERTAINTY_ASSIGNED_CONTEXT ( ( #1754 ) ) GLOBAL_UNIT_ASSIGNED_CONTEXT ( ( #1493, #41, #5543 ) ) REPRESENTATION_CONTEXT ( 'NONE', 'WORKASPACE' ) );
#1259 = SURFACE_SIDE_STYLE ('',( #5096 ) ) ;
#1260 = AXIS2_PLACEMENT_3D ( 'NONE', #3720, #5187, #5217 ) ;
#1261 = CARTESIAN_POINT ( 'NONE',  ( -0.1771653543307086798, 0.1820866141732283006, -0.05413385826771659193 ) ) ;
#1262 = EDGE_LOOP ( 'NONE', ( #2419, #216, #4086, #6050 ) ) ;
#1263 = CARTESIAN_POINT ( 'NONE',  ( 0.1122047244094488277, 0.2559055118110236671, -0.8193313899813637891 ) ) ;
#1264 = DIRECTION ( 'NONE',  ( 0.0000000000000000000, 0.0000000000000000000, 1.000000000000000000 ) ) ;
#1265 = VERTEX_POINT ( 'NONE', #589 ) ;
#1266 = CARTESIAN_POINT ( 'NONE',  ( 0.0000000000000000000, 0.2559055118110236671, -0.8193313899813637891 ) ) ;
#1267 = STYLED_ITEM ( 'NONE', ( #2299 ), #2642 ) ;
#1268 = FACE_OUTER_BOUND ( 'NONE', #6321, .T. ) ;
#1269 = FILL_AREA_STYLE_COLOUR ( '', #5764 ) ;
#1270 = DIMENSIONAL_EXPONENTS ( 1.000000000000000000, 0.0000000000000000000, 0.0000000000000000000, 0.0000000000000000000, 0.0000000000000000000, 0.0000000000000000000, 0.0000000000000000000 ) ;
#1271 = AXIS2_PLACEMENT_3D ( 'NONE', #1266, #3282, #1688 ) ;
#1272 = PRESENTATION_STYLE_ASSIGNMENT (( #1726 ) ) ;
#1273 = FILL_AREA_STYLE ('',( #2246 ) ) ;
#1274 =( LENGTH_UNIT ( ) NAMED_UNIT ( * ) SI_UNIT ( $, .METRE. ) );
#1275 = CARTESIAN_POINT ( 'NONE',  ( -0.1417322834645669549, 0.1535433070866141780, -0.5413385826771652809 ) ) ;
#1276 = EDGE_LOOP ( 'NONE', ( #3390, #278, #4934, #5132 ) ) ;
#1277 = UNCERTAINTY_MEASURE_WITH_UNIT (LENGTH_MEASURE( 1.000000000000000082E-05 ), #1764, 'distance_accuracy_value', 'NONE');
#1278 = VECTOR ( 'NONE', #2808, 39.37007874015748143 ) ;
#1279 = DIMENSIONAL_EXPONENTS ( 1.000000000000000000, 0.0000000000000000000, 0.0000000000000000000, 0.0000000000000000000, 0.0000000000000000000, 0.0000000000000000000, 0.0000000000000000000 ) ;
#1280 = CARTESIAN_POINT ( 'NONE',  ( 0.01574803149606299191, 0.1165948038395977215, -0.5905511811023621549 ) ) ;
#1281 = PRESENTATION_LAYER_ASSIGNMENT (  '', '', ( #4047 ) ) ;
#1282 = CARTESIAN_POINT ( 'NONE',  ( 0.0000000000000000000, -0.07874015748031495954, -0.5629921259842519676 ) ) ;
#1283 = EDGE_LOOP ( 'NONE', ( #1982, #2367, #3364, #6237 ) ) ;
#1284 = ORIENTED_EDGE ( 'NONE', *, *, #5860, .T. ) ;
#1285 = CARTESIAN_POINT ( 'NONE',  ( 0.0000000000000000000, 0.2559055118110236671, -0.5787401574803149318 ) ) ;
#1286 = LENGTH_MEASURE_WITH_UNIT ( LENGTH_MEASURE( 0.02539999999999999897 ), #1779 );
#1287 = CARTESIAN_POINT ( 'NONE',  ( -0.1614173228346456879, 0.1535433070866141780, -0.5019685039370078705 ) ) ;
#1288 = FILL_AREA_STYLE_COLOUR ( '', #5171 ) ;
#1289 = EDGE_CURVE ( 'NONE', #3105, #6341, #4211, .T. ) ;
#1290 = ADVANCED_FACE ( 'NONE', ( #3000 ), #3904, .F. ) ;
#1291 = FILL_AREA_STYLE ('',( #283 ) ) ;
#1292 = CIRCLE ( 'NONE', #2112, 0.02362204724409448786 ) ;
#1293 = VERTEX_POINT ( 'NONE', #1958 ) ;
#1294 = LENGTH_MEASURE_WITH_UNIT ( LENGTH_MEASURE( 0.02539999999999999897 ), #2264 );
#1295 = SURFACE_STYLE_USAGE ( .BOTH. , #5257 ) ;
#1296 = VERTEX_POINT ( 'NONE', #5394 ) ;
#1297 = LINE ( 'NONE', #4150, #4648 ) ;
#1298 = PRESENTATION_LAYER_ASSIGNMENT (  '', '', ( #2861 ) ) ;
#1299 = LENGTH_MEASURE_WITH_UNIT ( LENGTH_MEASURE( 0.02539999999999999897 ), #1881 );
#1300 =( NAMED_UNIT ( * ) SI_UNIT ( $, .STERADIAN. ) SOLID_ANGLE_UNIT ( ) );
#1301 = EDGE_CURVE ( 'NONE', #802, #5758, #4911, .T. ) ;
#1302 =( GEOMETRIC_REPRESENTATION_CONTEXT ( 3 ) GLOBAL_UNCERTAINTY_ASSIGNED_CONTEXT ( ( #3787 ) ) GLOBAL_UNIT_ASSIGNED_CONTEXT ( ( #1017, #2980, #6331 ) ) REPRESENTATION_CONTEXT ( 'NONE', 'WORKASPACE' ) );
#1303 = SURFACE_STYLE_FILL_AREA ( #4189 ) ;
#1304 =( NAMED_UNIT ( * ) PLANE_ANGLE_UNIT ( ) SI_UNIT ( $, .RADIAN. ) );
#1305 = COLOUR_RGB ( '',1.000000000000000000, 1.000000000000000000, 1.000000000000000000 ) ;
#1306 = SURFACE_SIDE_STYLE ('',( #5718 ) ) ;
#1307 = ORIENTED_EDGE ( 'NONE', *, *, #6345, .F. ) ;
#1308 = LINE ( 'NONE', #4194, #6240 ) ;
#1309 = AXIS2_PLACEMENT_3D ( 'NONE', #5013, #4513, #654 ) ;
#1310 = DIRECTION ( 'NONE',  ( 0.0000000000000000000, 0.0000000000000000000, 1.000000000000000000 ) ) ;
#1311 = DIRECTION ( 'NONE',  ( -0.0000000000000000000, -0.0000000000000000000, -1.000000000000000000 ) ) ;
#1312 = AXIS2_PLACEMENT_3D ( 'NONE', #4771, #351, #5621 ) ;
#1313 =( LENGTH_UNIT ( ) NAMED_UNIT ( * ) SI_UNIT ( $, .METRE. ) );
#1314 = CARTESIAN_POINT ( 'NONE',  ( -0.1244991204790700107, 0.3149606299212598381, -0.03937007874015750059 ) ) ;
#1315 = ORIENTED_EDGE ( 'NONE', *, *, #4901, .F. ) ;
#1316 = VERTEX_POINT ( 'NONE', #2022 ) ;
#1317 = STYLED_ITEM ( 'NONE', ( #3977 ), #5197 ) ;
#1318 = CARTESIAN_POINT ( 'NONE',  ( 0.0000000000000000000, -0.08267716535433072833, -0.1574803149606299191 ) ) ;
#1319 = DIRECTION ( 'NONE',  ( 0.0000000000000000000, 0.0000000000000000000, 1.000000000000000000 ) ) ;
#1320 = DIRECTION ( 'NONE',  ( -1.000000000000000000, 0.0000000000000000000, 0.0000000000000000000 ) ) ;
#1321 = DIRECTION ( 'NONE',  ( 0.0000000000000000000, 1.000000000000000000, 0.0000000000000000000 ) ) ;
#1322 = AXIS2_PLACEMENT_3D ( 'NONE', #4200, #1608, #630 ) ;
#1323 = VERTEX_POINT ( 'NONE', #944 ) ;
#1324 = FILL_AREA_STYLE_COLOUR ( '', #4181 ) ;
#1325 = EDGE_LOOP ( 'NONE', ( #2442, #4277, #3584, #2454, #3924, #4855, #4393 ) ) ;
#1326 = EDGE_CURVE ( 'NONE', #5785, #6086, #2576, .T. ) ;
#1327 = EDGE_CURVE ( 'NONE', #6329, #1755, #4382, .T. ) ;
#1328 = VECTOR ( 'NONE', #4446, 39.37007874015748143 ) ;
#1329 = SURFACE_SIDE_STYLE ('',( #2860 ) ) ;
#1330 = DIRECTION ( 'NONE',  ( 0.0000000000000000000, 0.0000000000000000000, 1.000000000000000000 ) ) ;
#1331 = DIRECTION ( 'NONE',  ( 0.0000000000000000000, 0.7071067811865456854, -0.7071067811865493491 ) ) ;
#1332 = VECTOR ( 'NONE', #4225, 39.37007874015748143 ) ;
#1333 = APPLICATION_PROTOCOL_DEFINITION ( 'draft international standard', 'automotive_design', 1998, #6026 ) ;
#1334 = DIRECTION ( 'NONE',  ( 1.000000000000000000, -2.115516434118057216E-16, 0.0000000000000000000 ) ) ;
#1335 = LINE ( 'NONE', #1701, #1936 ) ;
#1336 = ADVANCED_FACE ( 'NONE', ( #87 ), #4516, .F. ) ;
#1337 = CIRCLE ( 'NONE', #4204, 0.05314960629921260116 ) ;
#1338 = LENGTH_MEASURE_WITH_UNIT ( LENGTH_MEASURE( 0.02539999999999999897 ), #845 );
#1339 = FILL_AREA_STYLE ('',( #6156 ) ) ;
#1340 = FILL_AREA_STYLE_COLOUR ( '', #2267 ) ;
#1341 = ORIENTED_EDGE ( 'NONE', *, *, #846, .F. ) ;
#1342 = UNCERTAINTY_MEASURE_WITH_UNIT (LENGTH_MEASURE( 1.000000000000000082E-05 ), #4997, 'distance_accuracy_value', 'NONE');
#1343 = LENGTH_MEASURE_WITH_UNIT ( LENGTH_MEASURE( 0.02539999999999999897 ), #1827 );
#1344 = AXIS2_PLACEMENT_3D ( 'NONE', #3532, #5965, #555 ) ;
#1345 = FILL_AREA_STYLE ('',( #3788 ) ) ;
#1346 =( LENGTH_UNIT ( ) NAMED_UNIT ( * ) SI_UNIT ( $, .METRE. ) );
#1347 = CARTESIAN_POINT ( 'NONE',  ( -0.1771653543307086798, 0.0000000000000000000, 0.0000000000000000000 ) ) ;
#1348 = PRESENTATION_STYLE_ASSIGNMENT (( #6261 ) ) ;
#1349 = ORIENTED_EDGE ( 'NONE', *, *, #453, .F. ) ;
#1350 = PRESENTATION_LAYER_ASSIGNMENT (  '', '', ( #4411 ) ) ;
#1351 = LINE ( 'NONE', #2781, #3666 ) ;
#1352 = FILL_AREA_STYLE ('',( #1839 ) ) ;
#1353 = DIMENSIONAL_EXPONENTS ( 1.000000000000000000, 0.0000000000000000000, 0.0000000000000000000, 0.0000000000000000000, 0.0000000000000000000, 0.0000000000000000000, 0.0000000000000000000 ) ;
#1354 = SURFACE_SIDE_STYLE ('',( #2817 ) ) ;
#1355 =( GEOMETRIC_REPRESENTATION_CONTEXT ( 3 ) GLOBAL_UNCERTAINTY_ASSIGNED_CONTEXT ( ( #3158 ) ) GLOBAL_UNIT_ASSIGNED_CONTEXT ( ( #5162, #4051, #1749 ) ) REPRESENTATION_CONTEXT ( 'NONE', 'WORKASPACE' ) );
#1356 = VERTEX_POINT ( 'NONE', #6027 ) ;
#1357 = LINE ( 'NONE', #342, #2872 ) ;
#1358 = ORIENTED_EDGE ( 'NONE', *, *, #3159, .T. ) ;
#1359 = DIRECTION ( 'NONE',  ( 1.000000000000000000, 0.0000000000000000000, 0.0000000000000000000 ) ) ;
#1360 =( CONVERSION_BASED_UNIT ( 'INCH', #956 ) LENGTH_UNIT ( ) NAMED_UNIT ( #3892 ) );
#1361 =( NAMED_UNIT ( * ) SI_UNIT ( $, .STERADIAN. ) SOLID_ANGLE_UNIT ( ) );
#1362 = ORIENTED_EDGE ( 'NONE', *, *, #1130, .F. ) ;
#1363 =( CONVERSION_BASED_UNIT ( 'INCH', #5173 ) LENGTH_UNIT ( ) NAMED_UNIT ( #3730 ) );
#1364 = COLOUR_RGB ( '',0.7529411764705882248, 0.7529411764705882248, 0.7529411764705882248 ) ;
#1365 = CARTESIAN_POINT ( 'NONE',  ( 0.05314960629921260116, 0.2559055118110236671, -0.5787401574803149318 ) ) ;
#1366 =( CONVERSION_BASED_UNIT ( 'INCH', #353 ) LENGTH_UNIT ( ) NAMED_UNIT ( #964 ) );
#1367 = EDGE_CURVE ( 'NONE', #4193, #4721, #3004, .T. ) ;
#1368 =( GEOMETRIC_REPRESENTATION_CONTEXT ( 3 ) GLOBAL_UNCERTAINTY_ASSIGNED_CONTEXT ( ( #4038 ) ) GLOBAL_UNIT_ASSIGNED_CONTEXT ( ( #2881, #4276, #3764 ) ) REPRESENTATION_CONTEXT ( 'NONE', 'WORKASPACE' ) );
#1369 =( NAMED_UNIT ( * ) PLANE_ANGLE_UNIT ( ) SI_UNIT ( $, .RADIAN. ) );
#1370 = ORIENTED_EDGE ( 'NONE', *, *, #5802, .F. ) ;
#1371 =( NAMED_UNIT ( * ) SI_UNIT ( $, .STERADIAN. ) SOLID_ANGLE_UNIT ( ) );
#1372 = EDGE_CURVE ( 'NONE', #4682, #3669, #5144, .T. ) ;
#1373 = AXIS2_PLACEMENT_3D ( 'NONE', #3253, #167, #6120 ) ;
#1374 =( NAMED_UNIT ( * ) PLANE_ANGLE_UNIT ( ) SI_UNIT ( $, .RADIAN. ) );
#1375 = CARTESIAN_POINT ( 'NONE',  ( 0.01574803149606299191, 0.1183070866141732458, -0.5770472440944881543 ) ) ;
#1376 = SURFACE_SIDE_STYLE ('',( #856 ) ) ;
#1377 = CARTESIAN_POINT ( 'NONE',  ( -0.1771653543307086798, 0.1820866141732283006, -0.05413385826771659193 ) ) ;
#1378 = ORIENTED_EDGE ( 'NONE', *, *, #4949, .T. ) ;
#1379 = CARTESIAN_POINT ( 'NONE',  ( -0.1771653543307086798, 0.2559055118110236671, 0.3961537755413013229 ) ) ;
#1380 = DIRECTION ( 'NONE',  ( -0.0000000000000000000, -1.000000000000000000, -0.0000000000000000000 ) ) ;
#1381 = SURFACE_STYLE_USAGE ( .BOTH. , #915 ) ;
#1382 = PRESENTATION_STYLE_ASSIGNMENT (( #4307 ) ) ;
#1383 = ORIENTED_EDGE ( 'NONE', *, *, #648, .F. ) ;
#1384 = SURFACE_STYLE_FILL_AREA ( #5200 ) ;
#1385 = AXIS2_PLACEMENT_3D ( 'NONE', #2739, #4804, #4772 ) ;
#1386 = ORIENTED_EDGE ( 'NONE', *, *, #4624, .F. ) ;
#1387 = DIRECTION ( 'NONE',  ( 0.0000000000000000000, 0.0000000000000000000, 1.000000000000000000 ) ) ;
#1388 =( CONVERSION_BASED_UNIT ( 'INCH', #1822 ) LENGTH_UNIT ( ) NAMED_UNIT ( #5572 ) );
#1389 = VECTOR ( 'NONE', #5365, 39.37007874015748143 ) ;
#1390 = DIMENSIONAL_EXPONENTS ( 1.000000000000000000, 0.0000000000000000000, 0.0000000000000000000, 0.0000000000000000000, 0.0000000000000000000, 0.0000000000000000000, 0.0000000000000000000 ) ;
#1391 = VERTEX_POINT ( 'NONE', #2145 ) ;
#1392 = VECTOR ( 'NONE', #1632, 39.37007874015748143 ) ;
#1393 = DIRECTION ( 'NONE',  ( 0.0000000000000000000, 0.0000000000000000000, -1.000000000000000000 ) ) ;
#1394 = CARTESIAN_POINT ( 'NONE',  ( -0.06692913385826770867, 0.01574803149606297803, -0.5787401574803149318 ) ) ;
#1395 = EDGE_LOOP ( 'NONE', ( #2686, #4182, #6017, #5719 ) ) ;
#1396 = LENGTH_MEASURE_WITH_UNIT ( LENGTH_MEASURE( 0.02539999999999999897 ), #5324 );
#1397 = EDGE_CURVE ( 'NONE', #43, #355, #3686, .T. ) ;
#1398 = VECTOR ( 'NONE', #3861, 39.37007874015748143 ) ;
#1399 = EDGE_CURVE ( 'NONE', #1977, #1242, #5513, .T. ) ;
#1400 = FACE_OUTER_BOUND ( 'NONE', #5515, .T. ) ;
#1401 = SURFACE_STYLE_USAGE ( .BOTH. , #4326 ) ;
#1402 = LINE ( 'NONE', #2931, #419 ) ;
#1403 = LINE ( 'NONE', #3823, #2888 ) ;
#1404 = MECHANICAL_DESIGN_GEOMETRIC_PRESENTATION_REPRESENTATION (  '', ( #270 ), #85 ) ;
#1405 = LINE ( 'NONE', #4847, #2373 ) ;
#1406 = MECHANICAL_DESIGN_GEOMETRIC_PRESENTATION_REPRESENTATION (  '', ( #3868 ), #3070 ) ;
#1407 = EDGE_LOOP ( 'NONE', ( #4494, #1736, #197, #344 ) ) ;
#1408 = CARTESIAN_POINT ( 'NONE',  ( -0.1771653543307086798, 0.3937007874015747699, -0.03937007874015747977 ) ) ;
#1409 = AXIS2_PLACEMENT_3D ( 'NONE', #2471, #44, #5930 ) ;
#1410 = SURFACE_SIDE_STYLE ('',( #5756 ) ) ;
#1411 = PRESENTATION_LAYER_ASSIGNMENT (  '', '', ( #5731 ) ) ;
#1412 = DIRECTION ( 'NONE',  ( -1.000000000000000000, 2.134811861556445723E-16, 0.0000000000000000000 ) ) ;
#1413 = EDGE_CURVE ( 'NONE', #2927, #135, #1103, .T. ) ;
#1414 = ORIENTED_EDGE ( 'NONE', *, *, #3285, .T. ) ;
#1415 = SURFACE_SIDE_STYLE ('',( #6299 ) ) ;
#1416 = COLOUR_RGB ( '',1.000000000000000000, 1.000000000000000000, 1.000000000000000000 ) ;
#1417 = PRODUCT_DEFINITION_CONTEXT ( 'detailed design', #6026, 'design' ) ;
#1418 =( GEOMETRIC_REPRESENTATION_CONTEXT ( 3 ) GLOBAL_UNCERTAINTY_ASSIGNED_CONTEXT ( ( #2012 ) ) GLOBAL_UNIT_ASSIGNED_CONTEXT ( ( #6042, #4111, #6171 ) ) REPRESENTATION_CONTEXT ( 'NONE', 'WORKASPACE' ) );
#1419 = VERTEX_POINT ( 'NONE', #4129 ) ;
#1420 = DIRECTION ( 'NONE',  ( 0.0000000000000000000, 0.0000000000000000000, 1.000000000000000000 ) ) ;
#1421 = FACE_OUTER_BOUND ( 'NONE', #5475, .T. ) ;
#1422 = FILL_AREA_STYLE_COLOUR ( '', #3511 ) ;
#1423 = COLOUR_RGB ( '',0.2509803921568627416, 0.2509803921568627416, 0.2509803921568627416 ) ;
#1424 = DIRECTION ( 'NONE',  ( 0.0000000000000000000, 0.0000000000000000000, 1.000000000000000000 ) ) ;
#1425 = ORIENTED_EDGE ( 'NONE', *, *, #4622, .F. ) ;
#1426 = CARTESIAN_POINT ( 'NONE',  ( -0.05118110236220467513, 0.0000000000000000000, -0.3415354330708661457 ) ) ;
#1427 = CARTESIAN_POINT ( 'NONE',  ( 0.0000000000000000000, 0.2559055118110236671, -0.03937007874015751446 ) ) ;
#1428 =( NAMED_UNIT ( * ) SI_UNIT ( $, .STERADIAN. ) SOLID_ANGLE_UNIT ( ) );
#1429 = ORIENTED_EDGE ( 'NONE', *, *, #5852, .F. ) ;
#1430 = PLANE ( 'NONE',  #2080 ) ;
#1431 = DIMENSIONAL_EXPONENTS ( 1.000000000000000000, 0.0000000000000000000, 0.0000000000000000000, 0.0000000000000000000, 0.0000000000000000000, 0.0000000000000000000, 0.0000000000000000000 ) ;
#1432 = ORIENTED_EDGE ( 'NONE', *, *, #2804, .T. ) ;
#1433 = AXIS2_PLACEMENT_3D ( 'NONE', #752, #4711, #3373 ) ;
#1434 = SURFACE_STYLE_FILL_AREA ( #1921 ) ;
#1435 = DIRECTION ( 'NONE',  ( 8.881784197001252323E-16, 1.000000000000000000, 1.521687259628778015E-16 ) ) ;
#1436 = FACE_OUTER_BOUND ( 'NONE', #642, .T. ) ;
#1437 = LENGTH_MEASURE_WITH_UNIT ( LENGTH_MEASURE( 0.02539999999999999897 ), #83 );
#1438 = AXIS2_PLACEMENT_3D ( 'NONE', #1232, #3776, #1331 ) ;
#1439 = CARTESIAN_POINT ( 'NONE',  ( 0.1771653543307086798, 0.1456692913385826960, -0.5019685039370078705 ) ) ;
#1440 = EDGE_LOOP ( 'NONE', ( #2484, #60, #5293, #972, #5627, #5634, #2812, #6298 ) ) ;
#1441 = AXIS2_PLACEMENT_3D ( 'NONE', #4007, #3939, #4036 ) ;
#1442 = DIRECTION ( 'NONE',  ( -3.523730138296318675E-31, 2.478176394252581338E-15, -1.000000000000000000 ) ) ;
#1443 = EDGE_CURVE ( 'NONE', #1807, #3757, #4650, .T. ) ;
#1444 = ORIENTED_EDGE ( 'NONE', *, *, #822, .F. ) ;
#1445 = AXIS2_PLACEMENT_3D ( 'NONE', #2461, #1553, #4402 ) ;
#1446 = ORIENTED_EDGE ( 'NONE', *, *, #4000, .T. ) ;
#1447 = EDGE_CURVE ( 'NONE', #4765, #436, #3099, .T. ) ;
#1448 = SURFACE_STYLE_USAGE ( .BOTH. , #3949 ) ;
#1449 = STYLED_ITEM ( 'NONE', ( #6334 ), #2290 ) ;
#1450 = CARTESIAN_POINT ( 'NONE',  ( 0.0000000000000000000, -0.07874015748031495954, -0.5629921259842519676 ) ) ;
#1451 = COLOUR_RGB ( '',0.2509803921568627416, 0.2509803921568627416, 0.2509803921568627416 ) ;
#1452 =( NAMED_UNIT ( * ) PLANE_ANGLE_UNIT ( ) SI_UNIT ( $, .RADIAN. ) );
#1453 = ORIENTED_EDGE ( 'NONE', *, *, #4313, .F. ) ;
#1454 =( GEOMETRIC_REPRESENTATION_CONTEXT ( 3 ) GLOBAL_UNCERTAINTY_ASSIGNED_CONTEXT ( ( #896 ) ) GLOBAL_UNIT_ASSIGNED_CONTEXT ( ( #4322, #2404, #1371 ) ) REPRESENTATION_CONTEXT ( 'NONE', 'WORKASPACE' ) );
#1455 = COLOUR_RGB ( '',0.2509803921568627416, 0.2509803921568627416, 0.2509803921568627416 ) ;
#1456 = STYLED_ITEM ( 'NONE', ( #5452 ), #2123 ) ;
#1457 = SURFACE_STYLE_FILL_AREA ( #1916 ) ;
#1458 = LINE ( 'NONE', #3347, #3620 ) ;
#1459 = ORIENTED_EDGE ( 'NONE', *, *, #3527, .F. ) ;
#1460 = AXIS2_PLACEMENT_3D ( 'NONE', #3599, #2796, #5999 ) ;
#1461 = FILL_AREA_STYLE ('',( #519 ) ) ;
#1462 = PRESENTATION_STYLE_ASSIGNMENT (( #6348 ) ) ;
#1463 = SURFACE_SIDE_STYLE ('',( #1004 ) ) ;
#1464 = VERTEX_POINT ( 'NONE', #4062 ) ;
#1465 = PRESENTATION_LAYER_ASSIGNMENT (  '', '', ( #429 ) ) ;
#1466 = CARTESIAN_POINT ( 'NONE',  ( 0.1771653543307086798, 0.0000000000000000000, -0.5019685039370078705 ) ) ;
#1467 =( CONVERSION_BASED_UNIT ( 'INCH', #5970 ) LENGTH_UNIT ( ) NAMED_UNIT ( #4023 ) );
#1468 = DIRECTION ( 'NONE',  ( 0.0000000000000000000, 1.000000000000000000, 4.336808689942011425E-15 ) ) ;
#1469 = DIMENSIONAL_EXPONENTS ( 1.000000000000000000, 0.0000000000000000000, 0.0000000000000000000, 0.0000000000000000000, 0.0000000000000000000, 0.0000000000000000000, 0.0000000000000000000 ) ;
#1470 = FILL_AREA_STYLE ('',( #5520 ) ) ;
#1471 = SURFACE_STYLE_FILL_AREA ( #2058 ) ;
#1472 = PRESENTATION_LAYER_ASSIGNMENT (  '', '', ( #546 ) ) ;
#1473 =( NAMED_UNIT ( * ) SI_UNIT ( $, .STERADIAN. ) SOLID_ANGLE_UNIT ( ) );
#1474 = FILL_AREA_STYLE ('',( #2090 ) ) ;
#1475 = ORIENTED_EDGE ( 'NONE', *, *, #4415, .F. ) ;
#1476 = DIRECTION ( 'NONE',  ( -1.000000000000000000, 0.0000000000000000000, 0.0000000000000000000 ) ) ;
#1477 = ORIENTED_EDGE ( 'NONE', *, *, #5740, .T. ) ;
#1478 = VECTOR ( 'NONE', #5554, 39.37007874015748143 ) ;
#1479 = FACE_OUTER_BOUND ( 'NONE', #521, .T. ) ;
#1480 = LINE ( 'NONE', #5979, #986 ) ;
#1481 = EDGE_CURVE ( 'NONE', #575, #2256, #5053, .T. ) ;
#1482 = ADVANCED_FACE ( 'NONE', ( #4582 ), #2643, .F. ) ;
#1483 = LINE ( 'NONE', #5069, #4409 ) ;
#1484 = EDGE_CURVE ( 'NONE', #43, #1786, #1240, .T. ) ;
#1485 =( GEOMETRIC_REPRESENTATION_CONTEXT ( 3 ) GLOBAL_UNCERTAINTY_ASSIGNED_CONTEXT ( ( #2985 ) ) GLOBAL_UNIT_ASSIGNED_CONTEXT ( ( #4577, #6023, #1730 ) ) REPRESENTATION_CONTEXT ( 'NONE', 'WORKASPACE' ) );
#1486 = ORIENTED_EDGE ( 'NONE', *, *, #380, .T. ) ;
#1487 = UNCERTAINTY_MEASURE_WITH_UNIT (LENGTH_MEASURE( 1.000000000000000082E-05 ), #1955, 'distance_accuracy_value', 'NONE');
#1488 = COLOUR_RGB ( '',1.000000000000000000, 1.000000000000000000, 1.000000000000000000 ) ;
#1489 =( LENGTH_UNIT ( ) NAMED_UNIT ( * ) SI_UNIT ( $, .METRE. ) );
#1490 = EDGE_CURVE ( 'NONE', #4728, #2802, #5443, .T. ) ;
#1491 = DIRECTION ( 'NONE',  ( 0.0000000000000000000, 0.8574929257125443183, 0.5144957554275264577 ) ) ;
#1492 = ORIENTED_EDGE ( 'NONE', *, *, #5336, .F. ) ;
#1493 =( CONVERSION_BASED_UNIT ( 'INCH', #3093 ) LENGTH_UNIT ( ) NAMED_UNIT ( #2273 ) );
#1494 = VERTEX_POINT ( 'NONE', #1128 ) ;
#1495 = LENGTH_MEASURE_WITH_UNIT ( LENGTH_MEASURE( 0.02539999999999999897 ), #3402 );
#1496 = STYLED_ITEM ( 'NONE', ( #6270 ), #4465 ) ;
#1497 = SURFACE_SIDE_STYLE ('',( #1925 ) ) ;
#1498 = CARTESIAN_POINT ( 'NONE',  ( 8.055539600302798184E-19, 0.2775590551181102983, -0.5019685039370078705 ) ) ;
#1499 = ORIENTED_EDGE ( 'NONE', *, *, #5077, .T. ) ;
#1500 =( CONVERSION_BASED_UNIT ( 'INCH', #3503 ) LENGTH_UNIT ( ) NAMED_UNIT ( #3932 ) );
#1501 = CARTESIAN_POINT ( 'NONE',  ( 0.0000000000000000000, 0.0000000000000000000, -0.1574803149606299191 ) ) ;
#1502 = FACE_OUTER_BOUND ( 'NONE', #5166, .T. ) ;
#1503 =( NAMED_UNIT ( * ) SI_UNIT ( $, .STERADIAN. ) SOLID_ANGLE_UNIT ( ) );
#1504 =( NAMED_UNIT ( * ) SI_UNIT ( $, .STERADIAN. ) SOLID_ANGLE_UNIT ( ) );
#1505 = PLANE ( 'NONE',  #4423 ) ;
#1506 = MECHANICAL_DESIGN_GEOMETRIC_PRESENTATION_REPRESENTATION (  '', ( #69 ), #4796 ) ;
#1507 = LENGTH_MEASURE_WITH_UNIT ( LENGTH_MEASURE( 0.02539999999999999897 ), #5883 );
#1508 = SURFACE_STYLE_FILL_AREA ( #1540 ) ;
#1509 = ORIENTED_EDGE ( 'NONE', *, *, #5535, .T. ) ;
#1510 = ORIENTED_EDGE ( 'NONE', *, *, #4148, .T. ) ;
#1511 = COLOUR_RGB ( '',0.2509803921568627416, 0.2509803921568627416, 0.2509803921568627416 ) ;
#1512 = CARTESIAN_POINT ( 'NONE',  ( -0.1614173228346456601, 0.01574803149606299191, -0.5984251968503937480 ) ) ;
#1513 = CARTESIAN_POINT ( 'NONE',  ( 0.03937007874015747977, 0.2559055118110236671, -0.09842519685039369248 ) ) ;
#1514 = SURFACE_STYLE_FILL_AREA ( #2595 ) ;
#1515 = AXIS2_PLACEMENT_3D ( 'NONE', #6252, #3222, #5209 ) ;
#1516 = DIMENSIONAL_EXPONENTS ( 1.000000000000000000, 0.0000000000000000000, 0.0000000000000000000, 0.0000000000000000000, 0.0000000000000000000, 0.0000000000000000000, 0.0000000000000000000 ) ;
#1517 = VECTOR ( 'NONE', #5629, 39.37007874015748143 ) ;
#1518 = VERTEX_POINT ( 'NONE', #3927 ) ;
#1519 = ADVANCED_FACE ( 'NONE', ( #1979 ), #5411, .F. ) ;
#1520 = EDGE_CURVE ( 'NONE', #3046, #1587, #5158, .T. ) ;
#1521 = DIRECTION ( 'NONE',  ( -1.000000000000000000, 0.0000000000000000000, 0.0000000000000000000 ) ) ;
#1522 = VECTOR ( 'NONE', #2584, 39.37007874015748143 ) ;
#1523 = ADVANCED_FACE ( 'NONE', ( #5042 ), #70, .F. ) ;
#1524 = FILL_AREA_STYLE ('',( #5385 ) ) ;
#1525 = ORIENTED_EDGE ( 'NONE', *, *, #3502, .F. ) ;
#1526 = ADVANCED_FACE ( 'NONE', ( #6088 ), #6121, .T. ) ;
#1527 = DIRECTION ( 'NONE',  ( 1.000000000000000000, 0.0000000000000000000, 0.0000000000000000000 ) ) ;
#1528 = MECHANICAL_DESIGN_GEOMETRIC_PRESENTATION_REPRESENTATION (  '', ( #1111 ), #195 ) ;
#1529 = FILL_AREA_STYLE ('',( #3466 ) ) ;
#1530 = DIRECTION ( 'NONE',  ( 1.000000000000000000, 0.0000000000000000000, 0.0000000000000000000 ) ) ;
#1531 = SURFACE_STYLE_FILL_AREA ( #4412 ) ;
#1532 = ORIENTED_EDGE ( 'NONE', *, *, #5696, .F. ) ;
#1533 = UNCERTAINTY_MEASURE_WITH_UNIT (LENGTH_MEASURE( 1.000000000000000082E-05 ), #207, 'distance_accuracy_value', 'NONE');
#1534 = AXIS2_PLACEMENT_3D ( 'NONE', #5350, #2991, #2954 ) ;
#1535 =( CONVERSION_BASED_UNIT ( 'INCH', #4878 ) LENGTH_UNIT ( ) NAMED_UNIT ( #513 ) );
#1536 = FILL_AREA_STYLE ('',( #3475 ) ) ;
#1537 =( NAMED_UNIT ( * ) PLANE_ANGLE_UNIT ( ) SI_UNIT ( $, .RADIAN. ) );
#1538 = DIRECTION ( 'NONE',  ( 0.0000000000000000000, 0.0000000000000000000, -1.000000000000000000 ) ) ;
#1539 = CARTESIAN_POINT ( 'NONE',  ( 0.04921259842519691563, 19685.03937007874265, -0.3395669291338583307 ) ) ;
#1540 = FILL_AREA_STYLE ('',( #5943 ) ) ;
#1541 = VERTEX_POINT ( 'NONE', #5205 ) ;
#1542 = FACE_OUTER_BOUND ( 'NONE', #3107, .T. ) ;
#1543 = ADVANCED_BREP_SHAPE_REPRESENTATION ( 'CUI_PJ-058AH', ( #416, #4807, #2559, #4581, #2598, #4966 ), #2485 ) ;
#1544 = ORIENTED_EDGE ( 'NONE', *, *, #2648, .F. ) ;
#1545 = VECTOR ( 'NONE', #4169, 39.37007874015748143 ) ;
#1546 = LINE ( 'NONE', #3110, #2215 ) ;
#1547 = DIRECTION ( 'NONE',  ( 0.0000000000000000000, 0.0000000000000000000, -1.000000000000000000 ) ) ;
#1548 = CARTESIAN_POINT ( 'NONE',  ( 0.09540646311852465922, 0.3149606299212598381, 0.0000000000000000000 ) ) ;
#1549 = STYLED_ITEM ( 'NONE', ( #177 ), #1482 ) ;
#1550 = ORIENTED_EDGE ( 'NONE', *, *, #25, .T. ) ;
#1551 = UNCERTAINTY_MEASURE_WITH_UNIT (LENGTH_MEASURE( 1.000000000000000082E-05 ), #4750, 'distance_accuracy_value', 'NONE');
#1552 = PRESENTATION_LAYER_ASSIGNMENT (  '', '', ( #5061 ) ) ;
#1553 = DIRECTION ( 'NONE',  ( 1.000000000000000000, 1.905951631219736475E-16, 0.0000000000000000000 ) ) ;
#1554 =( CONVERSION_BASED_UNIT ( 'INCH', #4404 ) LENGTH_UNIT ( ) NAMED_UNIT ( #2720 ) );
#1555 = CARTESIAN_POINT ( 'NONE',  ( 0.0000000000000000000, 0.2559055118110236671, -0.5846456692913385433 ) ) ;
#1556 = CARTESIAN_POINT ( 'NONE',  ( 0.1614173228346456601, 0.01574803149606299191, -0.5984251968503937480 ) ) ;
#1557 = DIMENSIONAL_EXPONENTS ( 1.000000000000000000, 0.0000000000000000000, 0.0000000000000000000, 0.0000000000000000000, 0.0000000000000000000, 0.0000000000000000000, 0.0000000000000000000 ) ;
#1558 = ORIENTED_EDGE ( 'NONE', *, *, #2156, .F. ) ;
#1559 = COLOUR_RGB ( '',1.000000000000000000, 1.000000000000000000, 1.000000000000000000 ) ;
#1560 = COLOUR_RGB ( '',1.000000000000000000, 1.000000000000000000, 1.000000000000000000 ) ;
#1561 =( LENGTH_UNIT ( ) NAMED_UNIT ( * ) SI_UNIT ( $, .METRE. ) );
#1562 = EDGE_CURVE ( 'NONE', #2949, #1778, #4572, .T. ) ;
#1563 = ADVANCED_FACE ( 'NONE', ( #1268 ), #2664, .T. ) ;
#1564 = LINE ( 'NONE', #6319, #4300 ) ;
#1565 = ADVANCED_FACE ( 'NONE', ( #2792, #3891 ), #5343, .T. ) ;
#1566 = ORIENTED_EDGE ( 'NONE', *, *, #3117, .F. ) ;
#1567 = DIRECTION ( 'NONE',  ( -1.000000000000000000, -0.0000000000000000000, -0.0000000000000000000 ) ) ;
#1568 = AXIS2_PLACEMENT_3D ( 'NONE', #681, #229, #5709 ) ;
#1569 = SURFACE_STYLE_FILL_AREA ( #4070 ) ;
#1570 = PLANE ( 'NONE',  #5710 ) ;
#1571 = LINE ( 'NONE', #1075, #320 ) ;
#1572 = SURFACE_SIDE_STYLE ('',( #464 ) ) ;
#1573 = CARTESIAN_POINT ( 'NONE',  ( 0.01574803149606299191, 0.07800173640789191676, -0.5877459237344989651 ) ) ;
#1574 = EDGE_LOOP ( 'NONE', ( #2785, #4290 ) ) ;
#1575 = COLOUR_RGB ( '',0.2509803921568627416, 0.2509803921568627416, 0.2509803921568627416 ) ;
#1576 = LINE ( 'NONE', #1645, #6136 ) ;
#1577 = EDGE_LOOP ( 'NONE', ( #771, #5283, #1215, #1432 ) ) ;
#1578 = DIRECTION ( 'NONE',  ( -1.173770394969625570E-15, -1.000000000000000000, 0.0000000000000000000 ) ) ;
#1579 = LINE ( 'NONE', #4965, #6339 ) ;
#1580 =( CONVERSION_BASED_UNIT ( 'INCH', #5889 ) LENGTH_UNIT ( ) NAMED_UNIT ( #2057 ) );
#1581 = MECHANICAL_DESIGN_GEOMETRIC_PRESENTATION_REPRESENTATION (  '', ( #546 ), #2732 ) ;
#1582 =( CONVERSION_BASED_UNIT ( 'INCH', #64 ) LENGTH_UNIT ( ) NAMED_UNIT ( #2383 ) );
#1583 = PRESENTATION_STYLE_ASSIGNMENT (( #5917 ) ) ;
#1584 = CARTESIAN_POINT ( 'NONE',  ( 0.02559055118110236532, -0.07874015748031495954, -0.5629921259842519676 ) ) ;
#1585 = EDGE_LOOP ( 'NONE', ( #5269, #1919, #3543, #2225 ) ) ;
#1586 = COLOUR_RGB ( '',1.000000000000000000, 1.000000000000000000, 1.000000000000000000 ) ;
#1587 = VERTEX_POINT ( 'NONE', #1907 ) ;
#1588 = CARTESIAN_POINT ( 'NONE',  ( 0.01574803149606299191, 0.1417322834645669549, -0.5787401574803149318 ) ) ;
#1589 = MECHANICAL_DESIGN_GEOMETRIC_PRESENTATION_REPRESENTATION (  '', ( #5898 ), #2417 ) ;
#1590 = DIRECTION ( 'NONE',  ( -1.000000000000000000, -0.0000000000000000000, -0.0000000000000000000 ) ) ;
#1591 =( GEOMETRIC_REPRESENTATION_CONTEXT ( 3 ) GLOBAL_UNCERTAINTY_ASSIGNED_CONTEXT ( ( #5039 ) ) GLOBAL_UNIT_ASSIGNED_CONTEXT ( ( #2513, #1537, #1504 ) ) REPRESENTATION_CONTEXT ( 'NONE', 'WORKASPACE' ) );
#1592 = PRESENTATION_STYLE_ASSIGNMENT (( #2672 ) ) ;
#1593 = CARTESIAN_POINT ( 'NONE',  ( 0.09540646311852468697, 0.1968503937007873850, 0.0000000000000000000 ) ) ;
#1594 = PRESENTATION_LAYER_ASSIGNMENT (  '', '', ( #775 ) ) ;
#1595 = SURFACE_STYLE_USAGE ( .BOTH. , #3032 ) ;
#1596 = EDGE_LOOP ( 'NONE', ( #6303, #1188, #5123, #668 ) ) ;
#1597 = UNCERTAINTY_MEASURE_WITH_UNIT (LENGTH_MEASURE( 1.000000000000000082E-05 ), #3796, 'distance_accuracy_value', 'NONE');
#1598 = ADVANCED_FACE ( 'NONE', ( #6333 ), #6246, .F. ) ;
#1599 = EDGE_CURVE ( 'NONE', #5276, #4141, #471, .T. ) ;
#1600 = AXIS2_PLACEMENT_3D ( 'NONE', #1986, #45, #3967 ) ;
#1601 = CARTESIAN_POINT ( 'NONE',  ( 0.0000000000000000000, 0.2559055118110236671, -0.5787401574803149318 ) ) ;
#1602 =( NAMED_UNIT ( * ) PLANE_ANGLE_UNIT ( ) SI_UNIT ( $, .RADIAN. ) );
#1603 = FILL_AREA_STYLE ('',( #1174 ) ) ;
#1604 = DIMENSIONAL_EXPONENTS ( 1.000000000000000000, 0.0000000000000000000, 0.0000000000000000000, 0.0000000000000000000, 0.0000000000000000000, 0.0000000000000000000, 0.0000000000000000000 ) ;
#1605 =( LENGTH_UNIT ( ) NAMED_UNIT ( * ) SI_UNIT ( $, .METRE. ) );
#1606 = FACE_OUTER_BOUND ( 'NONE', #4458, .T. ) ;
#1607 = LINE ( 'NONE', #4167, #415 ) ;
#1608 = DIRECTION ( 'NONE',  ( 1.000000000000000000, 0.0000000000000000000, 0.0000000000000000000 ) ) ;
#1609 = VECTOR ( 'NONE', #3816, 39.37007874015748143 ) ;
#1610 = ORIENTED_EDGE ( 'NONE', *, *, #6355, .T. ) ;
#1611 = EDGE_LOOP ( 'NONE', ( #5401, #3073, #1509, #6310 ) ) ;
#1612 = DIRECTION ( 'NONE',  ( 1.000000000000000000, 0.0000000000000000000, 0.0000000000000000000 ) ) ;
#1613 = EDGE_CURVE ( 'NONE', #1154, #253, #5982, .T. ) ;
#1614 =( NAMED_UNIT ( * ) SI_UNIT ( $, .STERADIAN. ) SOLID_ANGLE_UNIT ( ) );
#1615 = PRESENTATION_LAYER_ASSIGNMENT (  '', '', ( #3368 ) ) ;
#1616 = DIRECTION ( 'NONE',  ( -1.905951631219736475E-16, 1.000000000000000000, 0.0000000000000000000 ) ) ;
#1617 = FILL_AREA_STYLE ('',( #4535 ) ) ;
#1618 = ORIENTED_EDGE ( 'NONE', *, *, #885, .F. ) ;
#1619 = CARTESIAN_POINT ( 'NONE',  ( -0.1417322834645669549, 0.1535433070866141780, -0.5019685039370078705 ) ) ;
#1620 = UNCERTAINTY_MEASURE_WITH_UNIT (LENGTH_MEASURE( 1.000000000000000082E-05 ), #2616, 'distance_accuracy_value', 'NONE');
#1621 = COLOUR_RGB ( '',1.000000000000000000, 1.000000000000000000, 1.000000000000000000 ) ;
#1622 = ORIENTED_EDGE ( 'NONE', *, *, #3951, .F. ) ;
#1623 =( LENGTH_UNIT ( ) NAMED_UNIT ( * ) SI_UNIT ( $, .METRE. ) );
#1624 =( GEOMETRIC_REPRESENTATION_CONTEXT ( 3 ) GLOBAL_UNCERTAINTY_ASSIGNED_CONTEXT ( ( #1942 ) ) GLOBAL_UNIT_ASSIGNED_CONTEXT ( ( #5100, #5635, #711 ) ) REPRESENTATION_CONTEXT ( 'NONE', 'WORKASPACE' ) );
#1625 = VECTOR ( 'NONE', #6206, 39.37007874015748143 ) ;
#1626 =( LENGTH_UNIT ( ) NAMED_UNIT ( * ) SI_UNIT ( $, .METRE. ) );
#1627 = LINE ( 'NONE', #4473, #3825 ) ;
#1628 = STYLED_ITEM ( 'NONE', ( #548 ), #62 ) ;
#1629 = CIRCLE ( 'NONE', #2971, 0.02559055118110236532 ) ;
#1630 = FACE_OUTER_BOUND ( 'NONE', #4583, .T. ) ;
#1631 = FILL_AREA_STYLE_COLOUR ( '', #3257 ) ;
#1632 = DIRECTION ( 'NONE',  ( 1.084202172485504311E-16, 1.000000000000000000, 0.0000000000000000000 ) ) ;
#1633 = PRESENTATION_LAYER_ASSIGNMENT (  '', '', ( #3588 ) ) ;
#1634 = DIRECTION ( 'NONE',  ( 0.0000000000000000000, 0.0000000000000000000, -1.000000000000000000 ) ) ;
#1635 = CARTESIAN_POINT ( 'NONE',  ( -0.09055118110236218265, 0.2559055118110236671, -0.5787401574803149318 ) ) ;
#1636 = EDGE_LOOP ( 'NONE', ( #1709, #1429, #2651, #4085 ) ) ;
#1637 = CIRCLE ( 'NONE', #2054, 0.02559055118110236532 ) ;
#1638 = PRESENTATION_STYLE_ASSIGNMENT (( #4164 ) ) ;
#1639 = SURFACE_STYLE_USAGE ( .BOTH. , #756 ) ;
#1640 = SURFACE_STYLE_USAGE ( .BOTH. , #4071 ) ;
#1641 = SURFACE_STYLE_USAGE ( .BOTH. , #123 ) ;
#1642 = DIRECTION ( 'NONE',  ( -1.000000000000000000, 0.0000000000000000000, 0.0000000000000000000 ) ) ;
#1643 = PLANE ( 'NONE',  #5153 ) ;
#1644 = ORIENTED_EDGE ( 'NONE', *, *, #524, .T. ) ;
#1645 = CARTESIAN_POINT ( 'NONE',  ( 0.05118110236220486942, 0.03937007874015747977, -0.3277559055118110520 ) ) ;
#1646 = ORIENTED_EDGE ( 'NONE', *, *, #4552, .T. ) ;
#1647 = MECHANICAL_DESIGN_GEOMETRIC_PRESENTATION_REPRESENTATION (  '', ( #3598 ), #5244 ) ;
#1648 = PRESENTATION_STYLE_ASSIGNMENT (( #2654 ) ) ;
#1649 = DIRECTION ( 'NONE',  ( 0.0000000000000000000, 1.239088197126290817E-16, -1.000000000000000000 ) ) ;
#1650 = ADVANCED_FACE ( 'NONE', ( #5952 ), #4021, .F. ) ;
#1651 = VERTEX_POINT ( 'NONE', #4891 ) ;
#1652 = EDGE_CURVE ( 'NONE', #5145, #2372, #130, .T. ) ;
#1653 = AXIS2_PLACEMENT_3D ( 'NONE', #3491, #3021, #4975 ) ;
#1654 = LENGTH_MEASURE_WITH_UNIT ( LENGTH_MEASURE( 0.02539999999999999897 ), #1189 );
#1655 = ORIENTED_EDGE ( 'NONE', *, *, #3587, .T. ) ;
#1656 = LINE ( 'NONE', #5135, #1885 ) ;
#1657 = COLOUR_RGB ( '',1.000000000000000000, 1.000000000000000000, 1.000000000000000000 ) ;
#1658 = DIRECTION ( 'NONE',  ( 0.0000000000000000000, 0.0000000000000000000, 1.000000000000000000 ) ) ;
#1659 = LENGTH_MEASURE_WITH_UNIT ( LENGTH_MEASURE( 0.02539999999999999897 ), #1626 );
#1660 = STYLED_ITEM ( 'NONE', ( #3083 ), #2517 ) ;
#1661 = DIRECTION ( 'NONE',  ( 1.000000000000000000, 0.0000000000000000000, 0.0000000000000000000 ) ) ;
#1662 = VECTOR ( 'NONE', #2177, 39.37007874015748143 ) ;
#1663 = CARTESIAN_POINT ( 'NONE',  ( 0.1771653543307086798, 0.0000000000000000000, 0.0000000000000000000 ) ) ;
#1664 = SURFACE_STYLE_FILL_AREA ( #1237 ) ;
#1665 = CARTESIAN_POINT ( 'NONE',  ( 0.05118110236220479309, 0.0000000000000000000, -0.5984251968503937480 ) ) ;
#1666 = ORIENTED_EDGE ( 'NONE', *, *, #4470, .T. ) ;
#1667 = UNCERTAINTY_MEASURE_WITH_UNIT (LENGTH_MEASURE( 1.000000000000000082E-05 ), #4838, 'distance_accuracy_value', 'NONE');
#1668 =( GEOMETRIC_REPRESENTATION_CONTEXT ( 3 ) GLOBAL_UNCERTAINTY_ASSIGNED_CONTEXT ( ( #4683 ) ) GLOBAL_UNIT_ASSIGNED_CONTEXT ( ( #4630, #2656, #161 ) ) REPRESENTATION_CONTEXT ( 'NONE', 'WORKASPACE' ) );
#1669 =( NAMED_UNIT ( * ) SI_UNIT ( $, .STERADIAN. ) SOLID_ANGLE_UNIT ( ) );
#1670 =( NAMED_UNIT ( * ) PLANE_ANGLE_UNIT ( ) SI_UNIT ( $, .RADIAN. ) );
#1671 =( CONVERSION_BASED_UNIT ( 'INCH', #4105 ) LENGTH_UNIT ( ) NAMED_UNIT ( #5665 ) );
#1672 = MECHANICAL_DESIGN_GEOMETRIC_PRESENTATION_REPRESENTATION (  '', ( #522 ), #4646 ) ;
#1673 = CARTESIAN_POINT ( 'NONE',  ( 0.0000000000000000000, 0.2559055118110236671, -0.5629921259842519676 ) ) ;
#1674 = ORIENTED_EDGE ( 'NONE', *, *, #2393, .T. ) ;
#1675 = ORIENTED_EDGE ( 'NONE', *, *, #574, .T. ) ;
#1676 = FACE_OUTER_BOUND ( 'NONE', #4348, .T. ) ;
#1677 = LINE ( 'NONE', #2258, #136 ) ;
#1678 = DIMENSIONAL_EXPONENTS ( 1.000000000000000000, 0.0000000000000000000, 0.0000000000000000000, 0.0000000000000000000, 0.0000000000000000000, 0.0000000000000000000, 0.0000000000000000000 ) ;
#1679 = CARTESIAN_POINT ( 'NONE',  ( 0.09540646311852468697, 0.1968503937007873850, -0.03937007874015750059 ) ) ;
#1680 = FILL_AREA_STYLE_COLOUR ( '', #4015 ) ;
#1681 = CIRCLE ( 'NONE', #5786, 0.02559055118110234450 ) ;
#1682 = VERTEX_POINT ( 'NONE', #1974 ) ;
#1683 = UNCERTAINTY_MEASURE_WITH_UNIT (LENGTH_MEASURE( 1.000000000000000082E-05 ), #6230, 'distance_accuracy_value', 'NONE');
#1684 = ORIENTED_EDGE ( 'NONE', *, *, #5074, .F. ) ;
#1685 = ADVANCED_FACE ( 'NONE', ( #1019 ), #10, .T. ) ;
#1686 = MECHANICAL_DESIGN_GEOMETRIC_PRESENTATION_REPRESENTATION (  '', ( #429 ), #3929 ) ;
#1687 = EDGE_CURVE ( 'NONE', #3367, #4261, #3907, .T. ) ;
#1688 = DIRECTION ( 'NONE',  ( 1.000000000000000000, 0.0000000000000000000, 0.0000000000000000000 ) ) ;
#1689 = DIRECTION ( 'NONE',  ( -1.000000000000000000, 0.0000000000000000000, 0.0000000000000000000 ) ) ;
#1690 = PRESENTATION_LAYER_ASSIGNMENT (  '', '', ( #5084 ) ) ;
#1691 = LENGTH_MEASURE_WITH_UNIT ( LENGTH_MEASURE( 0.02539999999999999897 ), #3055 );
#1692 = CARTESIAN_POINT ( 'NONE',  ( 0.06692913385826770867, 0.01574803149606298150, -0.5787401574803149318 ) ) ;
#1693 = MECHANICAL_DESIGN_GEOMETRIC_PRESENTATION_REPRESENTATION (  '', ( #4669 ), #1901 ) ;
#1694 =( LENGTH_UNIT ( ) NAMED_UNIT ( * ) SI_UNIT ( $, .METRE. ) );
#1695 = EDGE_CURVE ( 'NONE', #1316, #3237, #5631, .T. ) ;
#1696 = DIRECTION ( 'NONE',  ( -9.856383386231860060E-17, -1.000000000000000000, 0.0000000000000000000 ) ) ;
#1697 = ORIENTED_EDGE ( 'NONE', *, *, #2725, .F. ) ;
#1698 = STYLED_ITEM ( 'NONE', ( #873 ), #3618 ) ;
#1699 =( NAMED_UNIT ( * ) SI_UNIT ( $, .STERADIAN. ) SOLID_ANGLE_UNIT ( ) );
#1700 = LENGTH_MEASURE_WITH_UNIT ( LENGTH_MEASURE( 0.02539999999999999897 ), #4133 );
#1701 = CARTESIAN_POINT ( 'NONE',  ( 0.1929133858267716439, 0.1614173228346456879, -0.5019685039370078705 ) ) ;
#1702 = PRESENTATION_LAYER_ASSIGNMENT (  '', '', ( #2634 ) ) ;
#1703 =( LENGTH_UNIT ( ) NAMED_UNIT ( * ) SI_UNIT ( $, .METRE. ) );
#1704 = LINE ( 'NONE', #4588, #839 ) ;
#1705 = PRESENTATION_STYLE_ASSIGNMENT (( #760 ) ) ;
#1706 = FACE_BOUND ( 'NONE', #4249, .T. ) ;
#1707 = ORIENTED_EDGE ( 'NONE', *, *, #4414, .T. ) ;
#1708 = COLOUR_RGB ( '',0.2509803921568627416, 0.2509803921568627416, 0.2509803921568627416 ) ;
#1709 = ORIENTED_EDGE ( 'NONE', *, *, #191, .F. ) ;
#1710 = CARTESIAN_POINT ( 'NONE',  ( 0.0000000000000000000, 0.2559055118110236671, -0.5787401574803149318 ) ) ;
#1711 = CYLINDRICAL_SURFACE ( 'NONE', #5125, 0.04921259842519689481 ) ;
#1712 = SURFACE_SIDE_STYLE ('',( #2783 ) ) ;
#1713 = FACE_BOUND ( 'NONE', #2910, .T. ) ;
#1714 = FILL_AREA_STYLE_COLOUR ( '', #5552 ) ;
#1715 = ORIENTED_EDGE ( 'NONE', *, *, #5296, .T. ) ;
#1716 = CYLINDRICAL_SURFACE ( 'NONE', #985, 0.1377952755905511306 ) ;
#1717 = VERTEX_POINT ( 'NONE', #5667 ) ;
#1718 = STYLED_ITEM ( 'NONE', ( #3793 ), #4636 ) ;
#1719 = CARTESIAN_POINT ( 'NONE',  ( 0.1244991204790699690, 0.1968503937007873017, -0.03937007874015750752 ) ) ;
#1720 = CARTESIAN_POINT ( 'NONE',  ( 0.0000000000000000000, 0.2559055118110236671, -0.4035433070866141225 ) ) ;
#1721 =( NAMED_UNIT ( * ) SI_UNIT ( $, .STERADIAN. ) SOLID_ANGLE_UNIT ( ) );
#1722 = PRESENTATION_LAYER_ASSIGNMENT (  '', '', ( #4808 ) ) ;
#1723 = DIMENSIONAL_EXPONENTS ( 1.000000000000000000, 0.0000000000000000000, 0.0000000000000000000, 0.0000000000000000000, 0.0000000000000000000, 0.0000000000000000000, 0.0000000000000000000 ) ;
#1724 = CIRCLE ( 'NONE', #6226, 0.05905511811023623353 ) ;
#1725 = ADVANCED_FACE ( 'NONE', ( #4695 ), #1122, .T. ) ;
#1726 = SURFACE_STYLE_USAGE ( .BOTH. , #3649 ) ;
#1727 = AXIS2_PLACEMENT_3D ( 'NONE', #2806, #3349, #823 ) ;
#1728 = VECTOR ( 'NONE', #3176, 39.37007874015748143 ) ;
#1729 = FILL_AREA_STYLE_COLOUR ( '', #5829 ) ;
#1730 =( NAMED_UNIT ( * ) SI_UNIT ( $, .STERADIAN. ) SOLID_ANGLE_UNIT ( ) );
#1731 = PRESENTATION_STYLE_ASSIGNMENT (( #6096 ) ) ;
#1732 = ADVANCED_FACE ( 'NONE', ( #3142, #1713 ), #4566, .F. ) ;
#1733 =( NAMED_UNIT ( * ) SI_UNIT ( $, .STERADIAN. ) SOLID_ANGLE_UNIT ( ) );
#1734 =( GEOMETRIC_REPRESENTATION_CONTEXT ( 3 ) GLOBAL_UNCERTAINTY_ASSIGNED_CONTEXT ( ( #377 ) ) GLOBAL_UNIT_ASSIGNED_CONTEXT ( ( #5682, #1304, #5642 ) ) REPRESENTATION_CONTEXT ( 'NONE', 'WORKASPACE' ) );
#1735 = COLOUR_RGB ( '',0.2509803921568627416, 0.2509803921568627416, 0.2509803921568627416 ) ;
#1736 = ORIENTED_EDGE ( 'NONE', *, *, #5737, .T. ) ;
#1737 = UNCERTAINTY_MEASURE_WITH_UNIT (LENGTH_MEASURE( 1.000000000000000082E-05 ), #4027, 'distance_accuracy_value', 'NONE');
#1738 = EDGE_CURVE ( 'NONE', #2391, #1858, #194, .T. ) ;
#1739 = MECHANICAL_DESIGN_GEOMETRIC_PRESENTATION_REPRESENTATION (  '', ( #2670 ), #2563 ) ;
#1740 = LINE ( 'NONE', #183, #1478 ) ;
#1741 = AXIS2_PLACEMENT_3D ( 'NONE', #4851, #3299, #2879 ) ;
#1742 = FILL_AREA_STYLE ('',( #2121 ) ) ;
#1743 = SURFACE_SIDE_STYLE ('',( #2713 ) ) ;
#1744 = PLANE ( 'NONE',  #5656 ) ;
#1745 = ORIENTED_EDGE ( 'NONE', *, *, #2076, .T. ) ;
#1746 = EDGE_LOOP ( 'NONE', ( #4651, #514 ) ) ;
#1747 = LINE ( 'NONE', #4596, #5519 ) ;
#1748 = CARTESIAN_POINT ( 'NONE',  ( 0.0000000000000000000, 0.2559055118110236671, -0.5629921259842519676 ) ) ;
#1749 =( NAMED_UNIT ( * ) SI_UNIT ( $, .STERADIAN. ) SOLID_ANGLE_UNIT ( ) );
#1750 = VECTOR ( 'NONE', #154, 39.37007874015748143 ) ;
#1751 = ORIENTED_EDGE ( 'NONE', *, *, #6087, .F. ) ;
#1752 = CARTESIAN_POINT ( 'NONE',  ( -0.06692913385826770867, 0.007874015748031497688, -0.5629921259842519676 ) ) ;
#1753 = CARTESIAN_POINT ( 'NONE',  ( 0.0000000000000000000, -0.09055118110236221041, -0.1574803149606299191 ) ) ;
#1754 = UNCERTAINTY_MEASURE_WITH_UNIT (LENGTH_MEASURE( 1.000000000000000082E-05 ), #1493, 'distance_accuracy_value', 'NONE');
#1755 = VERTEX_POINT ( 'NONE', #1812 ) ;
#1756 = LENGTH_MEASURE_WITH_UNIT ( LENGTH_MEASURE( 0.02539999999999999897 ), #6054 );
#1757 = CARTESIAN_POINT ( 'NONE',  ( 0.0000000000000000000, 0.2559055118110236671, -0.09842519685039369248 ) ) ;
#1758 = MECHANICAL_DESIGN_GEOMETRIC_PRESENTATION_REPRESENTATION (  '', ( #2793 ), #2271 ) ;
#1759 = CARTESIAN_POINT ( 'NONE',  ( 0.1614173228346456879, 0.1988188976377952832, -0.5984251968503937480 ) ) ;
#1760 = CARTESIAN_POINT ( 'NONE',  ( 3.857155272905049835E-18, -0.09055118110236221041, -0.1299212598425196763 ) ) ;
#1761 = AXIS2_PLACEMENT_3D ( 'NONE', #4235, #1835, #1896 ) ;
#1762 =( LENGTH_UNIT ( ) NAMED_UNIT ( * ) SI_UNIT ( $, .METRE. ) );
#1763 = PRESENTATION_STYLE_ASSIGNMENT (( #4288 ) ) ;
#1764 =( CONVERSION_BASED_UNIT ( 'INCH', #3313 ) LENGTH_UNIT ( ) NAMED_UNIT ( #2763 ) );
#1765 = STYLED_ITEM ( 'NONE', ( #116 ), #1336 ) ;
#1766 = VERTEX_POINT ( 'NONE', #2298 ) ;
#1767 = DIMENSIONAL_EXPONENTS ( 1.000000000000000000, 0.0000000000000000000, 0.0000000000000000000, 0.0000000000000000000, 0.0000000000000000000, 0.0000000000000000000, 0.0000000000000000000 ) ;
#1768 = ADVANCED_FACE ( 'NONE', ( #5306 ), #5280, .T. ) ;
#1769 = ADVANCED_FACE ( 'NONE', ( #3827 ), #891, .F. ) ;
#1770 = COLOUR_RGB ( '',1.000000000000000000, 1.000000000000000000, 1.000000000000000000 ) ;
#1771 = PRESENTATION_LAYER_ASSIGNMENT (  '', '', ( #3320 ) ) ;
#1772 = SURFACE_STYLE_FILL_AREA ( #5781 ) ;
#1773 = EDGE_CURVE ( 'NONE', #334, #5766, #6203, .T. ) ;
#1774 = CARTESIAN_POINT ( 'NONE',  ( 0.01574803149606299191, 0.08812960560922117326, -0.5905511811023621549 ) ) ;
#1775 = FACE_OUTER_BOUND ( 'NONE', #2940, .T. ) ;
#1776 = ORIENTED_EDGE ( 'NONE', *, *, #5307, .T. ) ;
#1777 = STYLED_ITEM ( 'NONE', ( #4713 ), #6078 ) ;
#1778 = VERTEX_POINT ( 'NONE', #5255 ) ;
#1779 =( LENGTH_UNIT ( ) NAMED_UNIT ( * ) SI_UNIT ( $, .METRE. ) );
#1780 = LINE ( 'NONE', #3729, #3138 ) ;
#1781 =( LENGTH_UNIT ( ) NAMED_UNIT ( * ) SI_UNIT ( $, .METRE. ) );
#1782 = MECHANICAL_DESIGN_GEOMETRIC_PRESENTATION_REPRESENTATION (  '', ( #935 ), #3124 ) ;
#1783 = ADVANCED_FACE ( 'NONE', ( #834 ), #337, .F. ) ;
#1784 = SURFACE_STYLE_USAGE ( .BOTH. , #2726 ) ;
#1785 = DIMENSIONAL_EXPONENTS ( 1.000000000000000000, 0.0000000000000000000, 0.0000000000000000000, 0.0000000000000000000, 0.0000000000000000000, 0.0000000000000000000, 0.0000000000000000000 ) ;
#1786 = VERTEX_POINT ( 'NONE', #5941 ) ;
#1787 = VERTEX_POINT ( 'NONE', #5972 ) ;
#1788 = FILL_AREA_STYLE ('',( #2268 ) ) ;
#1789 = VECTOR ( 'NONE', #372, 39.37007874015748143 ) ;
#1790 =( NAMED_UNIT ( * ) SI_UNIT ( $, .STERADIAN. ) SOLID_ANGLE_UNIT ( ) );
#1791 = FACE_OUTER_BOUND ( 'NONE', #545, .T. ) ;
#1792 = CIRCLE ( 'NONE', #1373, 0.1122047244094488277 ) ;
#1793 = DIRECTION ( 'NONE',  ( 0.0000000000000000000, 0.0000000000000000000, -1.000000000000000000 ) ) ;
#1794 = CARTESIAN_POINT ( 'NONE',  ( -8.837334222232346311E-18, 0.1988188976377953110, -0.5984251968503937480 ) ) ;
#1795 = LENGTH_MEASURE_WITH_UNIT ( LENGTH_MEASURE( 0.02539999999999999897 ), #1274 );
#1796 = AXIS2_PLACEMENT_3D ( 'NONE', #3759, #1319, #2906 ) ;
#1797 =( LENGTH_UNIT ( ) NAMED_UNIT ( * ) SI_UNIT ( $, .METRE. ) );
#1798 = FILL_AREA_STYLE ('',( #2799 ) ) ;
#1799 = ORIENTED_EDGE ( 'NONE', *, *, #1883, .F. ) ;
#1800 =( BOUNDED_CURVE ( )  B_SPLINE_CURVE ( 3, ( #394, #359, #4199, #881 ),
 .UNSPECIFIED., .F., .T. ) 
 B_SPLINE_CURVE_WITH_KNOTS ( ( 4, 4 ),
 ( 0.6608452958229641405, 0.8527764173964076377 ),
 .UNSPECIFIED. ) 
 CURVE ( )  GEOMETRIC_REPRESENTATION_ITEM ( )  RATIONAL_B_SPLINE_CURVE ( ( 1.000000000000000000, 0.9969325589035072932, 0.9969325589035072932, 1.000000000000000000 ) ) 
 REPRESENTATION_ITEM ( '' )  );
#1801 = PRESENTATION_STYLE_ASSIGNMENT (( #789 ) ) ;
#1802 = CARTESIAN_POINT ( 'NONE',  ( -0.1771653543307086798, 0.1181102362204723838, -0.03937007874015751446 ) ) ;
#1803 = DIRECTION ( 'NONE',  ( -1.000000000000000000, 0.0000000000000000000, 0.0000000000000000000 ) ) ;
#1804 = EDGE_CURVE ( 'NONE', #575, #3014, #6082, .T. ) ;
#1805 = ORIENTED_EDGE ( 'NONE', *, *, #3919, .T. ) ;
#1806 = EDGE_CURVE ( 'NONE', #4526, #4869, #1571, .T. ) ;
#1807 = VERTEX_POINT ( 'NONE', #4990 ) ;
#1808 =( GEOMETRIC_REPRESENTATION_CONTEXT ( 3 ) GLOBAL_UNCERTAINTY_ASSIGNED_CONTEXT ( ( #1620 ) ) GLOBAL_UNIT_ASSIGNED_CONTEXT ( ( #2616, #3656, #1210 ) ) REPRESENTATION_CONTEXT ( 'NONE', 'WORKASPACE' ) );
#1809 =( NAMED_UNIT ( * ) PLANE_ANGLE_UNIT ( ) SI_UNIT ( $, .RADIAN. ) );
#1810 = LINE ( 'NONE', #4272, #577 ) ;
#1811 = FILL_AREA_STYLE_COLOUR ( '', #1053 ) ;
#1812 = CARTESIAN_POINT ( 'NONE',  ( -8.837334222232346311E-18, 0.1988188976377953110, -0.5019685039370078705 ) ) ;
#1813 = CARTESIAN_POINT ( 'NONE',  ( 0.0000000000000000000, 0.2559055118110236671, -0.5846456692913385433 ) ) ;
#1814 = ORIENTED_EDGE ( 'NONE', *, *, #5233, .F. ) ;
#1815 = LINE ( 'NONE', #1843, #3378 ) ;
#1816 = DIRECTION ( 'NONE',  ( 0.0000000000000000000, -4.336808689942006692E-15, 1.000000000000000000 ) ) ;
#1817 = ORIENTED_EDGE ( 'NONE', *, *, #6234, .T. ) ;
#1818 = EDGE_CURVE ( 'NONE', #4550, #3237, #2938, .T. ) ;
#1819 =( CONVERSION_BASED_UNIT ( 'INCH', #2392 ) LENGTH_UNIT ( ) NAMED_UNIT ( #2018 ) );
#1820 = CARTESIAN_POINT ( 'NONE',  ( 0.0000000000000000000, 0.2559055118110236671, 0.0000000000000000000 ) ) ;
#1821 = AXIS2_PLACEMENT_3D ( 'NONE', #1427, #5866, #5349 ) ;
#1822 = LENGTH_MEASURE_WITH_UNIT ( LENGTH_MEASURE( 0.02539999999999999897 ), #411 );
#1823 = LINE ( 'NONE', #4314, #5260 ) ;
#1824 =( NAMED_UNIT ( * ) SI_UNIT ( $, .STERADIAN. ) SOLID_ANGLE_UNIT ( ) );
#1825 = LENGTH_MEASURE_WITH_UNIT ( LENGTH_MEASURE( 0.02539999999999999897 ), #3372 );
#1826 = ORIENTED_EDGE ( 'NONE', *, *, #5383, .F. ) ;
#1827 =( LENGTH_UNIT ( ) NAMED_UNIT ( * ) SI_UNIT ( $, .METRE. ) );
#1828 = MECHANICAL_DESIGN_GEOMETRIC_PRESENTATION_REPRESENTATION (  '', ( #4179 ), #2133 ) ;
#1829 = PRESENTATION_LAYER_ASSIGNMENT (  '', '', ( #1197 ) ) ;
#1830 =( LENGTH_UNIT ( ) NAMED_UNIT ( * ) SI_UNIT ( $, .METRE. ) );
#1831 = CARTESIAN_POINT ( 'NONE',  ( -0.1771653543307086798, 0.1181102362204723838, -0.03937007874015751446 ) ) ;
#1832 = FILL_AREA_STYLE ('',( #6257 ) ) ;
#1833 =( GEOMETRIC_REPRESENTATION_CONTEXT ( 3 ) GLOBAL_UNCERTAINTY_ASSIGNED_CONTEXT ( ( #2977 ) ) GLOBAL_UNIT_ASSIGNED_CONTEXT ( ( #3332, #376, #6176 ) ) REPRESENTATION_CONTEXT ( 'NONE', 'WORKASPACE' ) );
#1834 = CARTESIAN_POINT ( 'NONE',  ( 0.1771653543307086798, 0.1456692913385826682, -0.5019685039370078705 ) ) ;
#1835 = DIRECTION ( 'NONE',  ( 0.0000000000000000000, 0.0000000000000000000, 1.000000000000000000 ) ) ;
#1836 = ORIENTED_EDGE ( 'NONE', *, *, #6309, .F. ) ;
#1837 = VECTOR ( 'NONE', #1164, 39.37007874015748143 ) ;
#1838 = FACE_OUTER_BOUND ( 'NONE', #2727, .T. ) ;
#1839 = FILL_AREA_STYLE_COLOUR ( '', #138 ) ;
#1840 = CARTESIAN_POINT ( 'NONE',  ( -0.05118110236220467513, 0.03937007874015747977, -0.5019685039370078705 ) ) ;
#1841 = LENGTH_MEASURE_WITH_UNIT ( LENGTH_MEASURE( 0.02539999999999999897 ), #5820 );
#1842 = EDGE_LOOP ( 'NONE', ( #4658, #3208, #2365, #5636, #1882, #2198 ) ) ;
#1843 = CARTESIAN_POINT ( 'NONE',  ( 0.1929133858267716439, 0.1456692913385826960, -0.4035433070866140670 ) ) ;
#1844 = ORIENTED_EDGE ( 'NONE', *, *, #1256, .T. ) ;
#1845 = FACE_OUTER_BOUND ( 'NONE', #4863, .T. ) ;
#1846 = MECHANICAL_DESIGN_GEOMETRIC_PRESENTATION_REPRESENTATION (  '', ( #2147 ), #3487 ) ;
#1847 = LENGTH_MEASURE_WITH_UNIT ( LENGTH_MEASURE( 0.02539999999999999897 ), #3334 );
#1848 = ADVANCED_FACE ( 'NONE', ( #3539 ), #1505, .F. ) ;
#1849 = PRESENTATION_STYLE_ASSIGNMENT (( #5765 ) ) ;
#1850 = CARTESIAN_POINT ( 'NONE',  ( -0.1771653543307086798, 0.0000000000000000000, -0.5019685039370078705 ) ) ;
#1851 = DIMENSIONAL_EXPONENTS ( 1.000000000000000000, 0.0000000000000000000, 0.0000000000000000000, 0.0000000000000000000, 0.0000000000000000000, 0.0000000000000000000, 0.0000000000000000000 ) ;
#1852 = ORIENTED_EDGE ( 'NONE', *, *, #2436, .F. ) ;
#1853 = DIRECTION ( 'NONE',  ( 0.0000000000000000000, 0.0000000000000000000, 1.000000000000000000 ) ) ;
#1854 = FACE_OUTER_BOUND ( 'NONE', #3501, .T. ) ;
#1855 = CARTESIAN_POINT ( 'NONE',  ( 0.1122047244094488277, 0.2559055118110236671, -0.4232283464566929387 ) ) ;
#1856 = COLOUR_RGB ( '',0.2509803921568627416, 0.2509803921568627416, 0.2509803921568627416 ) ;
#1857 =( CONVERSION_BASED_UNIT ( 'INCH', #1825 ) LENGTH_UNIT ( ) NAMED_UNIT ( #889 ) );
#1858 = VERTEX_POINT ( 'NONE', #5152 ) ;
#1859 = UNCERTAINTY_MEASURE_WITH_UNIT (LENGTH_MEASURE( 1.000000000000000082E-05 ), #816, 'distance_accuracy_value', 'NONE');
#1860 = DIRECTION ( 'NONE',  ( 0.0000000000000000000, 0.0000000000000000000, -1.000000000000000000 ) ) ;
#1861 = STYLED_ITEM ( 'NONE', ( #5490 ), #997 ) ;
#1862 = DIRECTION ( 'NONE',  ( -1.000000000000000000, 0.0000000000000000000, 0.0000000000000000000 ) ) ;
#1863 = CARTESIAN_POINT ( 'NONE',  ( -0.06886951056903901913, 0.1673228346456692994, -0.03937007874015752834 ) ) ;
#1864 = VECTOR ( 'NONE', #3652, 39.37007874015748143 ) ;
#1865 =( NAMED_UNIT ( * ) PLANE_ANGLE_UNIT ( ) SI_UNIT ( $, .RADIAN. ) );
#1866 = CARTESIAN_POINT ( 'NONE',  ( 0.1771653543307086798, 0.3444881889763781180, -0.03937007874015749365 ) ) ;
#1867 = ORIENTED_EDGE ( 'NONE', *, *, #2840, .F. ) ;
#1868 = VECTOR ( 'NONE', #6302, 39.37007874015748143 ) ;
#1869 = MECHANICAL_DESIGN_GEOMETRIC_PRESENTATION_REPRESENTATION (  '', ( #3320 ), #1025 ) ;
#1870 = LENGTH_MEASURE_WITH_UNIT ( LENGTH_MEASURE( 0.02539999999999999897 ), #6292 );
#1871 = LENGTH_MEASURE_WITH_UNIT ( LENGTH_MEASURE( 0.02539999999999999897 ), #4660 );
#1872 = DIRECTION ( 'NONE',  ( 0.0000000000000000000, -1.000000000000000000, 0.0000000000000000000 ) ) ;
#1873 = FILL_AREA_STYLE_COLOUR ( '', #3325 ) ;
#1874 = DIRECTION ( 'NONE',  ( -1.000000000000000000, 0.0000000000000000000, 0.0000000000000000000 ) ) ;
#1875 = STYLED_ITEM ( 'NONE', ( #252 ), #1732 ) ;
#1876 = EDGE_LOOP ( 'NONE', ( #414, #1425, #2095, #6262 ) ) ;
#1877 = EDGE_LOOP ( 'NONE', ( #3818, #6208, #5071, #179 ) ) ;
#1878 = CARTESIAN_POINT ( 'NONE',  ( 0.0000000000000000000, 0.2559055118110236671, -0.5944881889763780070 ) ) ;
#1879 = MECHANICAL_DESIGN_GEOMETRIC_PRESENTATION_REPRESENTATION (  '', ( #1032 ), #1258 ) ;
#1880 = COLOUR_RGB ( '',1.000000000000000000, 1.000000000000000000, 1.000000000000000000 ) ;
#1881 =( LENGTH_UNIT ( ) NAMED_UNIT ( * ) SI_UNIT ( $, .METRE. ) );
#1882 = ORIENTED_EDGE ( 'NONE', *, *, #5043, .T. ) ;
#1883 = EDGE_CURVE ( 'NONE', #3113, #406, #4842, .T. ) ;
#1884 = EDGE_CURVE ( 'NONE', #2372, #3673, #4324, .T. ) ;
#1885 = VECTOR ( 'NONE', #4604, 39.37007874015748143 ) ;
#1886 = FILL_AREA_STYLE_COLOUR ( '', #3644 ) ;
#1887 = VECTOR ( 'NONE', #4926, 39.37007874015748143 ) ;
#1888 = ORIENTED_EDGE ( 'NONE', *, *, #3609, .T. ) ;
#1889 = LINE ( 'NONE', #5386, #3121 ) ;
#1890 = DIMENSIONAL_EXPONENTS ( 1.000000000000000000, 0.0000000000000000000, 0.0000000000000000000, 0.0000000000000000000, 0.0000000000000000000, 0.0000000000000000000, 0.0000000000000000000 ) ;
#1891 = EDGE_CURVE ( 'NONE', #3930, #2189, #6104, .T. ) ;
#1892 =( GEOMETRIC_REPRESENTATION_CONTEXT ( 3 ) GLOBAL_UNCERTAINTY_ASSIGNED_CONTEXT ( ( #134 ) ) GLOBAL_UNIT_ASSIGNED_CONTEXT ( ( #976, #2969, #6070 ) ) REPRESENTATION_CONTEXT ( 'NONE', 'WORKASPACE' ) );
#1893 = FILL_AREA_STYLE ('',( #6285 ) ) ;
#1894 = SURFACE_STYLE_FILL_AREA ( #2810 ) ;
#1895 = CARTESIAN_POINT ( 'NONE',  ( -0.03937007874015747977, 0.2559055118110236671, -0.09842519685039369248 ) ) ;
#1896 = DIRECTION ( 'NONE',  ( 1.000000000000000000, 0.0000000000000000000, 0.0000000000000000000 ) ) ;
#1897 = EDGE_LOOP ( 'NONE', ( #3832, #4316, #2201, #3025 ) ) ;
#1898 =( GEOMETRIC_REPRESENTATION_CONTEXT ( 3 ) GLOBAL_UNCERTAINTY_ASSIGNED_CONTEXT ( ( #578 ) ) GLOBAL_UNIT_ASSIGNED_CONTEXT ( ( #3027, #5931, #5477 ) ) REPRESENTATION_CONTEXT ( 'NONE', 'WORKASPACE' ) );
#1899 =( CONVERSION_BASED_UNIT ( 'INCH', #5753 ) LENGTH_UNIT ( ) NAMED_UNIT ( #1469 ) );
#1900 = DIRECTION ( 'NONE',  ( 0.0000000000000000000, 0.0000000000000000000, -1.000000000000000000 ) ) ;
#1901 =( GEOMETRIC_REPRESENTATION_CONTEXT ( 3 ) GLOBAL_UNCERTAINTY_ASSIGNED_CONTEXT ( ( #1091 ) ) GLOBAL_UNIT_ASSIGNED_CONTEXT ( ( #6060, #3189, #4093 ) ) REPRESENTATION_CONTEXT ( 'NONE', 'WORKASPACE' ) );
#1902 = FILL_AREA_STYLE ('',( #1939 ) ) ;
#1903 = VERTEX_POINT ( 'NONE', #1144 ) ;
#1904 = AXIS2_PLACEMENT_3D ( 'NONE', #4867, #3581, #4565 ) ;
#1905 = ORIENTED_EDGE ( 'NONE', *, *, #3150, .F. ) ;
#1906 = PLANE ( 'NONE',  #3246 ) ;
#1907 = CARTESIAN_POINT ( 'NONE',  ( -0.02559055118110236532, -0.07874015748031495954, -0.5787401574803149318 ) ) ;
#1908 = STYLED_ITEM ( 'NONE', ( #4359 ), #3873 ) ;
#1909 = SURFACE_STYLE_USAGE ( .BOTH. , #412 ) ;
#1910 = ORIENTED_EDGE ( 'NONE', *, *, #1289, .F. ) ;
#1911 = STYLED_ITEM ( 'NONE', ( #4351 ), #4066 ) ;
#1912 =( LENGTH_UNIT ( ) NAMED_UNIT ( * ) SI_UNIT ( $, .METRE. ) );
#1913 = EDGE_CURVE ( 'NONE', #1786, #4722, #1607, .T. ) ;
#1914 = LINE ( 'NONE', #2496, #4163 ) ;
#1915 = COLOUR_RGB ( '',1.000000000000000000, 1.000000000000000000, 1.000000000000000000 ) ;
#1916 = FILL_AREA_STYLE ('',( #2895 ) ) ;
#1917 = DIRECTION ( 'NONE',  ( 1.204669080539449344E-16, 1.000000000000000000, 0.0000000000000000000 ) ) ;
#1918 = DIRECTION ( 'NONE',  ( -1.204669080539449344E-16, -1.000000000000000000, 0.0000000000000000000 ) ) ;
#1919 = ORIENTED_EDGE ( 'NONE', *, *, #5852, .T. ) ;
#1920 = PRESENTATION_LAYER_ASSIGNMENT (  '', '', ( #5219 ) ) ;
#1921 = FILL_AREA_STYLE ('',( #4477 ) ) ;
#1922 = FACE_OUTER_BOUND ( 'NONE', #5098, .T. ) ;
#1923 = EDGE_CURVE ( 'NONE', #1966, #436, #594, .T. ) ;
#1924 =( NAMED_UNIT ( * ) SI_UNIT ( $, .STERADIAN. ) SOLID_ANGLE_UNIT ( ) );
#1925 = SURFACE_STYLE_FILL_AREA ( #1461 ) ;
#1926 =( CONVERSION_BASED_UNIT ( 'INCH', #3436 ) LENGTH_UNIT ( ) NAMED_UNIT ( #2347 ) );
#1927 = EDGE_CURVE ( 'NONE', #4906, #2835, #1704, .T. ) ;
#1928 =( GEOMETRIC_REPRESENTATION_CONTEXT ( 3 ) GLOBAL_UNCERTAINTY_ASSIGNED_CONTEXT ( ( #2265 ) ) GLOBAL_UNIT_ASSIGNED_CONTEXT ( ( #3820, #5839, #4407 ) ) REPRESENTATION_CONTEXT ( 'NONE', 'WORKASPACE' ) );
#1929 =( NAMED_UNIT ( * ) SI_UNIT ( $, .STERADIAN. ) SOLID_ANGLE_UNIT ( ) );
#1930 = PRESENTATION_LAYER_ASSIGNMENT (  '', '', ( #4693 ) ) ;
#1931 = EDGE_LOOP ( 'NONE', ( #4499, #5884, #3033, #5400 ) ) ;
#1932 = FACE_OUTER_BOUND ( 'NONE', #3553, .T. ) ;
#1933 = CARTESIAN_POINT ( 'NONE',  ( -0.1771653543307086798, 0.3937007874015747699, -0.03937007874015747977 ) ) ;
#1934 = TOROIDAL_SURFACE ( 'NONE', #6335, 0.04330708661417323468, 0.009842519685039369942 ) ;
#1935 = DIMENSIONAL_EXPONENTS ( 1.000000000000000000, 0.0000000000000000000, 0.0000000000000000000, 0.0000000000000000000, 0.0000000000000000000, 0.0000000000000000000, 0.0000000000000000000 ) ;
#1936 = VECTOR ( 'NONE', #731, 39.37007874015748143 ) ;
#1937 = CARTESIAN_POINT ( 'NONE',  ( 0.0000000000000000000, -0.08858267716535427050, -0.2573434003509834089 ) ) ;
#1938 = SURFACE_SIDE_STYLE ('',( #530 ) ) ;
#1939 = FILL_AREA_STYLE_COLOUR ( '', #5885 ) ;
#1940 = ORIENTED_EDGE ( 'NONE', *, *, #1695, .T. ) ;
#1941 = MECHANICAL_DESIGN_GEOMETRIC_PRESENTATION_REPRESENTATION (  '', ( #2557 ), #1203 ) ;
#1942 = UNCERTAINTY_MEASURE_WITH_UNIT (LENGTH_MEASURE( 1.000000000000000082E-05 ), #5100, 'distance_accuracy_value', 'NONE');
#1943 = ORIENTED_EDGE ( 'NONE', *, *, #5113, .F. ) ;
#1944 = DIRECTION ( 'NONE',  ( 0.0000000000000000000, 0.0000000000000000000, -1.000000000000000000 ) ) ;
#1945 = FILL_AREA_STYLE ('',( #6332 ) ) ;
#1946 = DIRECTION ( 'NONE',  ( 0.0000000000000000000, 1.000000000000000000, 0.0000000000000000000 ) ) ;
#1947 = ORIENTED_EDGE ( 'NONE', *, *, #4114, .F. ) ;
#1948 = CARTESIAN_POINT ( 'NONE',  ( 0.06886951056903875545, 0.3444881889763781180, -0.03937007874015750752 ) ) ;
#1949 = CARTESIAN_POINT ( 'NONE',  ( -0.01574803149606299885, 0.1417322834645669549, -0.5787401574803149318 ) ) ;
#1950 = EDGE_LOOP ( 'NONE', ( #5660, #5745 ) ) ;
#1951 = SURFACE_STYLE_FILL_AREA ( #5354 ) ;
#1952 = ORIENTED_EDGE ( 'NONE', *, *, #73, .T. ) ;
#1953 = AXIS2_PLACEMENT_3D ( 'NONE', #5775, #6281, #5804 ) ;
#1954 = DIRECTION ( 'NONE',  ( 0.0000000000000000000, 0.0000000000000000000, 1.000000000000000000 ) ) ;
#1955 =( CONVERSION_BASED_UNIT ( 'INCH', #4377 ) LENGTH_UNIT ( ) NAMED_UNIT ( #5418 ) );
#1956 = DIRECTION ( 'NONE',  ( 0.0000000000000000000, 0.0000000000000000000, -1.000000000000000000 ) ) ;
#1957 =( NAMED_UNIT ( * ) PLANE_ANGLE_UNIT ( ) SI_UNIT ( $, .RADIAN. ) );
#1958 = CARTESIAN_POINT ( 'NONE',  ( 0.01574803149606299191, 0.08641732283464564901, -0.5770472440944881543 ) ) ;
#1959 = ORIENTED_EDGE ( 'NONE', *, *, #1484, .F. ) ;
#1960 = EDGE_CURVE ( 'NONE', #6195, #3011, #1248, .T. ) ;
#1961 = EDGE_CURVE ( 'NONE', #498, #5785, #6134, .T. ) ;
#1962 = SURFACE_SIDE_STYLE ('',( #3473 ) ) ;
#1963 = ADVANCED_FACE ( 'NONE', ( #5521 ), #185, .T. ) ;
#1964 = SURFACE_SIDE_STYLE ('',( #3538 ) ) ;
#1965 = DIRECTION ( 'NONE',  ( 0.0000000000000000000, 0.0000000000000000000, -1.000000000000000000 ) ) ;
#1966 = VERTEX_POINT ( 'NONE', #2122 ) ;
#1967 = VECTOR ( 'NONE', #3700, 39.37007874015748143 ) ;
#1968 = SURFACE_STYLE_FILL_AREA ( #920 ) ;
#1969 = ORIENTED_EDGE ( 'NONE', *, *, #6277, .F. ) ;
#1970 =( NAMED_UNIT ( * ) PLANE_ANGLE_UNIT ( ) SI_UNIT ( $, .RADIAN. ) );
#1971 = DIRECTION ( 'NONE',  ( 1.000000000000000000, 0.0000000000000000000, 0.0000000000000000000 ) ) ;
#1972 = EDGE_CURVE ( 'NONE', #2226, #398, #4103, .T. ) ;
#1973 = CARTESIAN_POINT ( 'NONE',  ( -0.05905511811023623353, 0.2559055118110236671, -0.4035433070866141225 ) ) ;
#1974 = CARTESIAN_POINT ( 'NONE',  ( 0.06692913385826773642, 0.1949136480912218305, -0.5787401574803149318 ) ) ;
#1975 = CARTESIAN_POINT ( 'NONE',  ( 0.02362204724409448786, 0.2559055118110236671, -0.5787401574803149318 ) ) ;
#1976 = DIMENSIONAL_EXPONENTS ( 1.000000000000000000, 0.0000000000000000000, 0.0000000000000000000, 0.0000000000000000000, 0.0000000000000000000, 0.0000000000000000000, 0.0000000000000000000 ) ;
#1977 = VERTEX_POINT ( 'NONE', #3629 ) ;
#1978 = COLOUR_RGB ( '',1.000000000000000000, 1.000000000000000000, 1.000000000000000000 ) ;
#1979 = FACE_OUTER_BOUND ( 'NONE', #2742, .T. ) ;
#1980 = SURFACE_STYLE_USAGE ( .BOTH. , #5925 ) ;
#1981 = ORIENTED_EDGE ( 'NONE', *, *, #3385, .F. ) ;
#1982 = ORIENTED_EDGE ( 'NONE', *, *, #1927, .T. ) ;
#1983 = CARTESIAN_POINT ( 'NONE',  ( 0.09842519685039369248, 0.1614173228346456879, -0.4035433070866140670 ) ) ;
#1984 = PRESENTATION_STYLE_ASSIGNMENT (( #2961 ) ) ;
#1985 = AXIS2_PLACEMENT_3D ( 'NONE', #3556, #647, #2106 ) ;
#1986 = CARTESIAN_POINT ( 'NONE',  ( -0.1614173228346456601, 0.01574803149606299191, -0.5984251968503937480 ) ) ;
#1987 = DIRECTION ( 'NONE',  ( 1.000000000000000000, 0.0000000000000000000, 0.0000000000000000000 ) ) ;
#1988 = SURFACE_STYLE_FILL_AREA ( #970 ) ;
#1989 = FILL_AREA_STYLE_COLOUR ( '', #5052 ) ;
#1990 = ORIENTED_EDGE ( 'NONE', *, *, #3125, .T. ) ;
#1991 = CARTESIAN_POINT ( 'NONE',  ( 0.06692913385826770867, 0.01574803149606297803, -0.5629921259842519676 ) ) ;
#1992 = DIRECTION ( 'NONE',  ( -1.000000000000000000, 0.0000000000000000000, 0.0000000000000000000 ) ) ;
#1993 = FILL_AREA_STYLE_COLOUR ( '', #3934 ) ;
#1994 = FILL_AREA_STYLE ('',( #91 ) ) ;
#1995 =( NAMED_UNIT ( * ) PLANE_ANGLE_UNIT ( ) SI_UNIT ( $, .RADIAN. ) );
#1996 = ADVANCED_FACE ( 'NONE', ( #5586 ), #3163, .T. ) ;
#1997 = VECTOR ( 'NONE', #5064, 39.37007874015748143 ) ;
#1998 = EDGE_CURVE ( 'NONE', #5550, #2858, #2842, .T. ) ;
#1999 = FACE_OUTER_BOUND ( 'NONE', #3986, .T. ) ;
#2000 = VERTEX_POINT ( 'NONE', #6287 ) ;
#2001 = CARTESIAN_POINT ( 'NONE',  ( -0.04921259842519691563, 19685.03937007874265, -0.3297244094488189226 ) ) ;
#2002 = EDGE_LOOP ( 'NONE', ( #1453, #1477, #2063, #5258, #3864, #3471 ) ) ;
#2003 = STYLED_ITEM ( 'NONE', ( #4325 ), #3416 ) ;
#2004 = CARTESIAN_POINT ( 'NONE',  ( -0.1244991204790700245, 0.1968503937007874127, -0.03937007874015750059 ) ) ;
#2005 = CARTESIAN_POINT ( 'NONE',  ( 0.06692913385826773642, 0.1949136480912218305, -0.5629921259842519676 ) ) ;
#2006 = SURFACE_SIDE_STYLE ('',( #4998 ) ) ;
#2007 = FILL_AREA_STYLE_COLOUR ( '', #2807 ) ;
#2008 = CARTESIAN_POINT ( 'NONE',  ( -0.1614173228346456879, 0.2559055118110236671, -0.5629921259842519676 ) ) ;
#2009 = AXIS2_PLACEMENT_3D ( 'NONE', #5225, #5195, #5095 ) ;
#2010 = ORIENTED_EDGE ( 'NONE', *, *, #1599, .T. ) ;
#2011 = EDGE_CURVE ( 'NONE', #4448, #3001, #1800, .T. ) ;
#2012 = UNCERTAINTY_MEASURE_WITH_UNIT (LENGTH_MEASURE( 1.000000000000000082E-05 ), #6042, 'distance_accuracy_value', 'NONE');
#2013 = AXIS2_PLACEMENT_3D ( 'NONE', #3328, #1442, #4820 ) ;
#2014 = FILL_AREA_STYLE ('',( #5988 ) ) ;
#2015 = CARTESIAN_POINT ( 'NONE',  ( -0.08450248831449320985, 0.1820866141732283006, -0.05413385826771659193 ) ) ;
#2016 = DIRECTION ( 'NONE',  ( 0.0000000000000000000, 0.0000000000000000000, -1.000000000000000000 ) ) ;
#2017 = AXIS2_PLACEMENT_3D ( 'NONE', #969, #4908, #553 ) ;
#2018 = DIMENSIONAL_EXPONENTS ( 1.000000000000000000, 0.0000000000000000000, 0.0000000000000000000, 0.0000000000000000000, 0.0000000000000000000, 0.0000000000000000000, 0.0000000000000000000 ) ;
#2019 = ORIENTED_EDGE ( 'NONE', *, *, #2076, .F. ) ;
#2020 = SURFACE_SIDE_STYLE ('',( #82 ) ) ;
#2021 = DIRECTION ( 'NONE',  ( -1.000000000000000000, 0.0000000000000000000, 0.0000000000000000000 ) ) ;
#2022 = CARTESIAN_POINT ( 'NONE',  ( 0.09540646311852468697, 0.3149606299212598381, -0.05413385826771655723 ) ) ;
#2023 = ORIENTED_EDGE ( 'NONE', *, *, #5240, .T. ) ;
#2024 = VECTOR ( 'NONE', #569, 39.37007874015748143 ) ;
#2025 = DIRECTION ( 'NONE',  ( 0.0000000000000000000, -1.000000000000000000, 0.0000000000000000000 ) ) ;
#2026 = SURFACE_STYLE_USAGE ( .BOTH. , #6000 ) ;
#2027 = PLANE ( 'NONE',  #3749 ) ;
#2028 = DIRECTION ( 'NONE',  ( 0.0000000000000000000, 0.0000000000000000000, 1.000000000000000000 ) ) ;
#2029 = VECTOR ( 'NONE', #3439, 39.37007874015748143 ) ;
#2030 = CARTESIAN_POINT ( 'NONE',  ( 0.0000000000000000000, 0.2559055118110236671, -0.5846456692913385433 ) ) ;
#2031 = SURFACE_STYLE_USAGE ( .BOTH. , #57 ) ;
#2032 = VERTEX_POINT ( 'NONE', #3790 ) ;
#2033 = DIRECTION ( 'NONE',  ( 0.0000000000000000000, 0.0000000000000000000, -1.000000000000000000 ) ) ;
#2034 = ORIENTED_EDGE ( 'NONE', *, *, #2430, .F. ) ;
#2035 = CIRCLE ( 'NONE', #4905, 0.05905511811023623353 ) ;
#2036 = CARTESIAN_POINT ( 'NONE',  ( -0.04921259842519691563, 19685.03937007874265, -0.3395669291338583307 ) ) ;
#2037 = DIRECTION ( 'NONE',  ( -1.000000000000000000, 0.0000000000000000000, 0.0000000000000000000 ) ) ;
#2038 = FILL_AREA_STYLE_COLOUR ( '', #4033 ) ;
#2039 = CARTESIAN_POINT ( 'NONE',  ( -0.05118110236220467513, -1.111591794296984812E-20, -0.5629921259842519676 ) ) ;
#2040 = LINE ( 'NONE', #100, #3012 ) ;
#2041 = STYLED_ITEM ( 'NONE', ( #3585 ), #5923 ) ;
#2042 = STYLED_ITEM ( 'NONE', ( #3242 ), #5410 ) ;
#2043 = VERTEX_POINT ( 'NONE', #6163 ) ;
#2044 = EDGE_CURVE ( 'NONE', #6227, #2032, #758, .T. ) ;
#2045 = CIRCLE ( 'NONE', #1741, 0.02559055118110236532 ) ;
#2046 = ADVANCED_FACE ( 'NONE', ( #304 ), #6258, .T. ) ;
#2047 = ORIENTED_EDGE ( 'NONE', *, *, #2240, .T. ) ;
#2048 = SURFACE_SIDE_STYLE ('',( #1434 ) ) ;
#2049 = CARTESIAN_POINT ( 'NONE',  ( 0.1771653543307086798, -0.08858267716535427050, -0.4527559055118109410 ) ) ;
#2050 = CARTESIAN_POINT ( 'NONE',  ( 0.1929133858267716439, 0.1614173228346456879, -0.4035433070866140670 ) ) ;
#2051 = LENGTH_MEASURE_WITH_UNIT ( LENGTH_MEASURE( 0.02539999999999999897 ), #4447 );
#2052 = ORIENTED_EDGE ( 'NONE', *, *, #916, .T. ) ;
#2053 = UNCERTAINTY_MEASURE_WITH_UNIT (LENGTH_MEASURE( 1.000000000000000082E-05 ), #2131, 'distance_accuracy_value', 'NONE');
#2054 = AXIS2_PLACEMENT_3D ( 'NONE', #2082, #1634, #176 ) ;
#2055 = SURFACE_STYLE_USAGE ( .BOTH. , #4950 ) ;
#2056 = SURFACE_STYLE_USAGE ( .BOTH. , #1962 ) ;
#2057 = DIMENSIONAL_EXPONENTS ( 1.000000000000000000, 0.0000000000000000000, 0.0000000000000000000, 0.0000000000000000000, 0.0000000000000000000, 0.0000000000000000000, 0.0000000000000000000 ) ;
#2058 = FILL_AREA_STYLE ('',( #433 ) ) ;
#2059 = PRESENTATION_LAYER_ASSIGNMENT (  '', '', ( #301 ) ) ;
#2060 = CARTESIAN_POINT ( 'NONE',  ( 0.07677165354330708902, -6.669550765781892623E-20, -0.5629921259842519676 ) ) ;
#2061 = ORIENTED_EDGE ( 'NONE', *, *, #2804, .F. ) ;
#2062 =( CONVERSION_BASED_UNIT ( 'INCH', #157 ) LENGTH_UNIT ( ) NAMED_UNIT ( #4510 ) );
#2063 = ORIENTED_EDGE ( 'NONE', *, *, #1613, .F. ) ;
#2064 = AXIS2_PLACEMENT_3D ( 'NONE', #1573, #5908, #3508 ) ;
#2065 = CARTESIAN_POINT ( 'NONE',  ( 0.0000000000000000000, 0.2559055118110236671, -0.5787401574803149318 ) ) ;
#2066 = DIRECTION ( 'NONE',  ( 1.000000000000000000, -1.173770394969625570E-15, 0.0000000000000000000 ) ) ;
#2067 = FACE_BOUND ( 'NONE', #1950, .T. ) ;
#2068 =( NAMED_UNIT ( * ) PLANE_ANGLE_UNIT ( ) SI_UNIT ( $, .RADIAN. ) );
#2069 = CARTESIAN_POINT ( 'NONE',  ( 0.0000000000000000000, 0.2559055118110236671, -0.5944881889763780070 ) ) ;
#2070 = VECTOR ( 'NONE', #2168, 39.37007874015748143 ) ;
#2071 = ORIENTED_EDGE ( 'NONE', *, *, #3318, .F. ) ;
#2072 = UNCERTAINTY_MEASURE_WITH_UNIT (LENGTH_MEASURE( 1.000000000000000082E-05 ), #5749, 'distance_accuracy_value', 'NONE');
#2073 = ORIENTED_EDGE ( 'NONE', *, *, #3082, .T. ) ;
#2074 = PRESENTATION_LAYER_ASSIGNMENT (  '', '', ( #1660 ) ) ;
#2075 = EDGE_CURVE ( 'NONE', #4848, #1216, #3752, .T. ) ;
#2076 = EDGE_CURVE ( 'NONE', #1216, #4560, #5358, .T. ) ;
#2077 = AXIS2_PLACEMENT_3D ( 'NONE', #4619, #4656, #2222 ) ;
#2078 = DIRECTION ( 'NONE',  ( -1.000000000000000000, -0.0000000000000000000, -0.0000000000000000000 ) ) ;
#2079 = PLANE ( 'NONE',  #1515 ) ;
#2080 = AXIS2_PLACEMENT_3D ( 'NONE', #4935, #996, #479 ) ;
#2081 = MECHANICAL_DESIGN_GEOMETRIC_PRESENTATION_REPRESENTATION (  '', ( #3826 ), #4330 ) ;
#2082 = CARTESIAN_POINT ( 'NONE',  ( 0.0000000000000000000, -0.08858267716535427050, -0.3395669291338583307 ) ) ;
#2083 = ORIENTED_EDGE ( 'NONE', *, *, #5077, .F. ) ;
#2084 = EDGE_CURVE ( 'NONE', #3687, #3669, #1402, .T. ) ;
#2085 =( NAMED_UNIT ( * ) SI_UNIT ( $, .STERADIAN. ) SOLID_ANGLE_UNIT ( ) );
#2086 = MECHANICAL_DESIGN_GEOMETRIC_PRESENTATION_REPRESENTATION (  '', ( #2399 ), #236 ) ;
#2087 = CARTESIAN_POINT ( 'NONE',  ( 0.04921259842519691563, 0.03937007873922650225, -0.3297244094488189226 ) ) ;
#2088 =( CONVERSION_BASED_UNIT ( 'INCH', #3134 ) LENGTH_UNIT ( ) NAMED_UNIT ( #6313 ) );
#2089 = CARTESIAN_POINT ( 'NONE',  ( -0.05118110236220479309, 0.03937007874015751446, -0.5019685039370078705 ) ) ;
#2090 = FILL_AREA_STYLE_COLOUR ( '', #2795 ) ;
#2091 = VERTEX_POINT ( 'NONE', #1035 ) ;
#2092 = VECTOR ( 'NONE', #31, 39.37007874015748143 ) ;
#2093 = DIRECTION ( 'NONE',  ( 1.084202172485504311E-16, 1.000000000000000000, 0.0000000000000000000 ) ) ;
#2094 = DIRECTION ( 'NONE',  ( -1.000000000000000000, 0.0000000000000000000, 0.0000000000000000000 ) ) ;
#2095 = ORIENTED_EDGE ( 'NONE', *, *, #916, .F. ) ;
#2096 =( CONVERSION_BASED_UNIT ( 'INCH', #4142 ) LENGTH_UNIT ( ) NAMED_UNIT ( #2890 ) );
#2097 = CARTESIAN_POINT ( 'NONE',  ( 0.02559055118110236532, -0.07874015748031495954, -0.5787401574803149318 ) ) ;
#2098 = AXIS2_PLACEMENT_3D ( 'NONE', #2851, #1900, #5253 ) ;
#2099 = FILL_AREA_STYLE ('',( #3081 ) ) ;
#2100 = CARTESIAN_POINT ( 'NONE',  ( 0.1771653543307086798, 0.4330708661417322913, -0.5019685039370078705 ) ) ;
#2101 = DIMENSIONAL_EXPONENTS ( 1.000000000000000000, 0.0000000000000000000, 0.0000000000000000000, 0.0000000000000000000, 0.0000000000000000000, 0.0000000000000000000, 0.0000000000000000000 ) ;
#2102 = ORIENTED_EDGE ( 'NONE', *, *, #2687, .F. ) ;
#2103 =( LENGTH_UNIT ( ) NAMED_UNIT ( * ) SI_UNIT ( $, .METRE. ) );
#2104 = STYLED_ITEM ( 'NONE', ( #1801 ), #3351 ) ;
#2105 = ORIENTED_EDGE ( 'NONE', *, *, #1520, .F. ) ;
#2106 = DIRECTION ( 'NONE',  ( 0.0000000000000000000, 0.0000000000000000000, 1.000000000000000000 ) ) ;
#2107 = CARTESIAN_POINT ( 'NONE',  ( 0.05118110236220479309, 0.0000000000000000000, -0.5629921259842519676 ) ) ;
#2108 = CIRCLE ( 'NONE', #1904, 0.04330708661417323468 ) ;
#2109 = CARTESIAN_POINT ( 'NONE',  ( 0.1929133858267716439, 0.1456692913385826404, -0.5019685039370078705 ) ) ;
#2110 =( NAMED_UNIT ( * ) SI_UNIT ( $, .STERADIAN. ) SOLID_ANGLE_UNIT ( ) );
#2111 = PRESENTATION_LAYER_ASSIGNMENT (  '', '', ( #2744 ) ) ;
#2112 = AXIS2_PLACEMENT_3D ( 'NONE', #2150, #3198, #2184 ) ;
#2113 = LINE ( 'NONE', #4580, #4396 ) ;
#2114 = ORIENTED_EDGE ( 'NONE', *, *, #5235, .T. ) ;
#2115 = UNCERTAINTY_MEASURE_WITH_UNIT (LENGTH_MEASURE( 1.000000000000000082E-05 ), #745, 'distance_accuracy_value', 'NONE');
#2116 = EDGE_CURVE ( 'NONE', #2676, #3480, #2900, .T. ) ;
#2117 = COLOUR_RGB ( '',0.2509803921568627416, 0.2509803921568627416, 0.2509803921568627416 ) ;
#2118 = PLANE ( 'NONE',  #1985 ) ;
#2119 = SURFACE_STYLE_USAGE ( .BOTH. , #1142 ) ;
#2120 = SURFACE_STYLE_FILL_AREA ( #1994 ) ;
#2121 = FILL_AREA_STYLE_COLOUR ( '', #872 ) ;
#2122 = CARTESIAN_POINT ( 'NONE',  ( 0.05905511811023623353, -0.07874015748031495954, -0.5629921259842519676 ) ) ;
#2123 = ADVANCED_FACE ( 'NONE', ( #4942 ), #46, .F. ) ;
#2124 = DIRECTION ( 'NONE',  ( 0.0000000000000000000, 0.0000000000000000000, 1.000000000000000000 ) ) ;
#2125 = CARTESIAN_POINT ( 'NONE',  ( -0.05118110236220478615, 0.03937007874015747977, -0.3277559055118110520 ) ) ;
#2126 = COLOUR_RGB ( '',1.000000000000000000, 1.000000000000000000, 1.000000000000000000 ) ;
#2127 = ORIENTED_EDGE ( 'NONE', *, *, #6250, .T. ) ;
#2128 = EDGE_LOOP ( 'NONE', ( #5936, #1486, #2644, #1005 ) ) ;
#2129 = CARTESIAN_POINT ( 'NONE',  ( 0.02559055118110236532, -0.08858267716535427050, -0.3297244094488189226 ) ) ;
#2130 = MECHANICAL_DESIGN_GEOMETRIC_PRESENTATION_REPRESENTATION (  '', ( #4894 ), #169 ) ;
#2131 =( CONVERSION_BASED_UNIT ( 'INCH', #3247 ) LENGTH_UNIT ( ) NAMED_UNIT ( #1270 ) );
#2132 = ORIENTED_EDGE ( 'NONE', *, *, #6003, .F. ) ;
#2133 =( GEOMETRIC_REPRESENTATION_CONTEXT ( 3 ) GLOBAL_UNCERTAINTY_ASSIGNED_CONTEXT ( ( #2730 ) ) GLOBAL_UNIT_ASSIGNED_CONTEXT ( ( #5808, #1374, #5780 ) ) REPRESENTATION_CONTEXT ( 'NONE', 'WORKASPACE' ) );
#2134 = UNCERTAINTY_MEASURE_WITH_UNIT (LENGTH_MEASURE( 1.000000000000000082E-05 ), #2370, 'distance_accuracy_value', 'NONE');
#2135 = COLOUR_RGB ( '',0.2509803921568627416, 0.2509803921568627416, 0.2509803921568627416 ) ;
#2136 = EDGE_LOOP ( 'NONE', ( #4775, #5726, #5170, #6072 ) ) ;
#2137 = CARTESIAN_POINT ( 'NONE',  ( 0.05905511811023622659, 0.007874015748031499423, -0.5629921259842519676 ) ) ;
#2138 = LENGTH_MEASURE_WITH_UNIT ( LENGTH_MEASURE( 0.02539999999999999897 ), #1161 );
#2139 = COLOUR_RGB ( '',0.2509803921568627416, 0.2509803921568627416, 0.2509803921568627416 ) ;
#2140 = DIRECTION ( 'NONE',  ( 0.0000000000000000000, 0.0000000000000000000, 1.000000000000000000 ) ) ;
#2141 =( GEOMETRIC_REPRESENTATION_CONTEXT ( 3 ) GLOBAL_UNCERTAINTY_ASSIGNED_CONTEXT ( ( #1342 ) ) GLOBAL_UNIT_ASSIGNED_CONTEXT ( ( #4997, #4496, #3635 ) ) REPRESENTATION_CONTEXT ( 'NONE', 'WORKASPACE' ) );
#2142 = PRESENTATION_STYLE_ASSIGNMENT (( #6094 ) ) ;
#2143 = CARTESIAN_POINT ( 'NONE',  ( -0.05905511811023623353, -0.07874015748031495954, -0.5629921259842519676 ) ) ;
#2144 = CARTESIAN_POINT ( 'NONE',  ( 0.01574803149606299191, 0.1417322834645669549, -0.5629921259842519676 ) ) ;
#2145 = CARTESIAN_POINT ( 'NONE',  ( -0.1122047244094488416, 0.2559055118110236671, -0.06889763779527564858 ) ) ;
#2146 = ORIENTED_EDGE ( 'NONE', *, *, #3125, .F. ) ;
#2147 = STYLED_ITEM ( 'NONE', ( #1462 ), #446 ) ;
#2148 =( NAMED_UNIT ( * ) PLANE_ANGLE_UNIT ( ) SI_UNIT ( $, .RADIAN. ) );
#2149 = DIRECTION ( 'NONE',  ( 0.0000000000000000000, 0.0000000000000000000, 1.000000000000000000 ) ) ;
#2150 = CARTESIAN_POINT ( 'NONE',  ( 0.0000000000000000000, 0.2559055118110236671, -0.5787401574803149318 ) ) ;
#2151 = DIRECTION ( 'NONE',  ( 0.0000000000000000000, 0.0000000000000000000, 1.000000000000000000 ) ) ;
#2152 = EDGE_CURVE ( 'NONE', #4875, #269, #3231, .T. ) ;
#2153 = ORIENTED_EDGE ( 'NONE', *, *, #226, .F. ) ;
#2154 = EDGE_CURVE ( 'NONE', #5090, #5599, #4982, .T. ) ;
#2155 = VERTEX_POINT ( 'NONE', #4410 ) ;
#2156 = EDGE_CURVE ( 'NONE', #3431, #355, #5680, .T. ) ;
#2157 = SURFACE_STYLE_FILL_AREA ( #5662 ) ;
#2158 = SURFACE_STYLE_FILL_AREA ( #5192 ) ;
#2159 = PRESENTATION_LAYER_ASSIGNMENT (  '', '', ( #6260 ) ) ;
#2160 = PLANE ( 'NONE',  #3557 ) ;
#2161 = PRESENTATION_STYLE_ASSIGNMENT (( #3245 ) ) ;
#2162 = EDGE_LOOP ( 'NONE', ( #1049, #2231, #6300, #2525 ) ) ;
#2163 = FILL_AREA_STYLE_COLOUR ( '', #3672 ) ;
#2164 = CIRCLE ( 'NONE', #305, 0.04921259842519689481 ) ;
#2165 = SURFACE_STYLE_FILL_AREA ( #3211 ) ;
#2166 = ORIENTED_EDGE ( 'NONE', *, *, #1163, .T. ) ;
#2167 = PRODUCT ( 'CUI_PJ-058AH', 'CUI_PJ-058AH', '', ( #4738 ) ) ;
#2168 = DIRECTION ( 'NONE',  ( 0.0000000000000000000, -1.000000000000000000, 0.0000000000000000000 ) ) ;
#2169 = AXIS2_PLACEMENT_3D ( 'NONE', #2528, #105, #3089 ) ;
#2170 = DIRECTION ( 'NONE',  ( -1.000000000000000000, 0.0000000000000000000, 0.0000000000000000000 ) ) ;
#2171 = CARTESIAN_POINT ( 'NONE',  ( 0.09842519685039369248, 0.1614173228346456879, -0.5019685039370078705 ) ) ;
#2172 = AXIS2_PLACEMENT_3D ( 'NONE', #708, #6145, #2626 ) ;
#2173 = DIRECTION ( 'NONE',  ( 0.0000000000000000000, -1.000000000000000000, -1.239088197126290817E-16 ) ) ;
#2174 = VECTOR ( 'NONE', #4398, 39.37007874015748143 ) ;
#2175 =( LENGTH_UNIT ( ) NAMED_UNIT ( * ) SI_UNIT ( $, .METRE. ) );
#2176 = DIRECTION ( 'NONE',  ( 1.000000000000000000, 0.0000000000000000000, 0.0000000000000000000 ) ) ;
#2177 = DIRECTION ( 'NONE',  ( 0.0000000000000000000, 1.000000000000000000, 1.156482317317871331E-15 ) ) ;
#2178 = ORIENTED_EDGE ( 'NONE', *, *, #5297, .F. ) ;
#2179 = UNCERTAINTY_MEASURE_WITH_UNIT (LENGTH_MEASURE( 1.000000000000000082E-05 ), #3835, 'distance_accuracy_value', 'NONE');
#2180 = VECTOR ( 'NONE', #1590, 39.37007874015748143 ) ;
#2181 =( LENGTH_UNIT ( ) NAMED_UNIT ( * ) SI_UNIT ( $, .METRE. ) );
#2182 = FILL_AREA_STYLE_COLOUR ( '', #4341 ) ;
#2183 =( CONVERSION_BASED_UNIT ( 'INCH', #2341 ) LENGTH_UNIT ( ) NAMED_UNIT ( #3537 ) );
#2184 = DIRECTION ( 'NONE',  ( -1.000000000000000000, 0.0000000000000000000, 0.0000000000000000000 ) ) ;
#2185 = SURFACE_STYLE_FILL_AREA ( #2682 ) ;
#2186 = FACE_OUTER_BOUND ( 'NONE', #499, .T. ) ;
#2187 = VECTOR ( 'NONE', #824, 39.37007874015748143 ) ;
#2188 = DIRECTION ( 'NONE',  ( -1.000000000000000000, 0.0000000000000000000, 0.0000000000000000000 ) ) ;
#2189 = VERTEX_POINT ( 'NONE', #3902 ) ;
#2190 = ORIENTED_EDGE ( 'NONE', *, *, #2044, .T. ) ;
#2191 = SURFACE_STYLE_FILL_AREA ( #6075 ) ;
#2192 = PRESENTATION_STYLE_ASSIGNMENT (( #219 ) ) ;
#2193 = CARTESIAN_POINT ( 'NONE',  ( 0.0000000000000000000, -0.09055118110236221041, -0.1850393700787401619 ) ) ;
#2194 = ADVANCED_FACE ( 'NONE', ( #3968 ), #3435, .T. ) ;
#2195 = ADVANCED_FACE ( 'NONE', ( #5933 ), #2409, .T. ) ;
#2196 = FILL_AREA_STYLE ('',( #1680 ) ) ;
#2197 =( GEOMETRIC_REPRESENTATION_CONTEXT ( 3 ) GLOBAL_UNCERTAINTY_ASSIGNED_CONTEXT ( ( #1597 ) ) GLOBAL_UNIT_ASSIGNED_CONTEXT ( ( #3796, #3066, #2085 ) ) REPRESENTATION_CONTEXT ( 'NONE', 'WORKASPACE' ) );
#2198 = ORIENTED_EDGE ( 'NONE', *, *, #3384, .F. ) ;
#2199 = CARTESIAN_POINT ( 'NONE',  ( -8.837334222232346311E-18, 0.1988188976377953110, -0.5984251968503937480 ) ) ;
#2200 = UNCERTAINTY_MEASURE_WITH_UNIT (LENGTH_MEASURE( 1.000000000000000082E-05 ), #1535, 'distance_accuracy_value', 'NONE');
#2201 = ORIENTED_EDGE ( 'NONE', *, *, #4824, .T. ) ;
#2202 = PRESENTATION_LAYER_ASSIGNMENT (  '', '', ( #1159 ) ) ;
#2203 = CARTESIAN_POINT ( 'NONE',  ( -0.1771653543307086798, 0.1820866141732283006, -0.05413385826771659193 ) ) ;
#2204 = ADVANCED_FACE ( 'NONE', ( #3645, #321 ), #4736, .T. ) ;
#2205 =( NAMED_UNIT ( * ) PLANE_ANGLE_UNIT ( ) SI_UNIT ( $, .RADIAN. ) );
#2206 = DIRECTION ( 'NONE',  ( -1.000000000000000000, 0.0000000000000000000, 0.0000000000000000000 ) ) ;
#2207 = EDGE_CURVE ( 'NONE', #3052, #365, #4014, .T. ) ;
#2208 = FILL_AREA_STYLE_COLOUR ( '', #4806 ) ;
#2209 = DIRECTION ( 'NONE',  ( -0.0000000000000000000, -1.000000000000000000, -0.0000000000000000000 ) ) ;
#2210 = VECTOR ( 'NONE', #5993, 39.37007874015748854 ) ;
#2211 = FILL_AREA_STYLE_COLOUR ( '', #1586 ) ;
#2212 = SURFACE_STYLE_USAGE ( .BOTH. , #3594 ) ;
#2213 = CARTESIAN_POINT ( 'NONE',  ( -0.05118110236220468207, 0.01574803149606299191, -0.5984251968503937480 ) ) ;
#2214 = ORIENTED_EDGE ( 'NONE', *, *, #4454, .F. ) ;
#2215 = VECTOR ( 'NONE', #5065, 39.37007874015748143 ) ;
#2216 = DIRECTION ( 'NONE',  ( 1.000000000000000000, 0.0000000000000000000, 0.0000000000000000000 ) ) ;
#2217 = DIMENSIONAL_EXPONENTS ( 1.000000000000000000, 0.0000000000000000000, 0.0000000000000000000, 0.0000000000000000000, 0.0000000000000000000, 0.0000000000000000000, 0.0000000000000000000 ) ;
#2218 = SURFACE_SIDE_STYLE ('',( #5619 ) ) ;
#2219 = SURFACE_STYLE_FILL_AREA ( #6030 ) ;
#2220 = STYLED_ITEM ( 'NONE', ( #3360 ), #3915 ) ;
#2221 = CARTESIAN_POINT ( 'NONE',  ( 0.06692913385826773642, 0.1949136480912218305, -0.5787401574803149318 ) ) ;
#2222 = DIRECTION ( 'NONE',  ( -1.000000000000000000, 0.0000000000000000000, 0.0000000000000000000 ) ) ;
#2223 =( NAMED_UNIT ( * ) SI_UNIT ( $, .STERADIAN. ) SOLID_ANGLE_UNIT ( ) );
#2224 = FACE_BOUND ( 'NONE', #1897, .T. ) ;
#2225 = ORIENTED_EDGE ( 'NONE', *, *, #3767, .F. ) ;
#2226 = VERTEX_POINT ( 'NONE', #3741 ) ;
#2227 = DIRECTION ( 'NONE',  ( 0.0000000000000000000, 0.0000000000000000000, 1.000000000000000000 ) ) ;
#2228 = DIRECTION ( 'NONE',  ( 1.000000000000000000, -2.347540789939255084E-15, 0.0000000000000000000 ) ) ;
#2229 = FILL_AREA_STYLE_COLOUR ( '', #2738 ) ;
#2230 = ORIENTED_EDGE ( 'NONE', *, *, #2360, .T. ) ;
#2231 = ORIENTED_EDGE ( 'NONE', *, *, #3048, .F. ) ;
#2232 = AXIS2_PLACEMENT_3D ( 'NONE', #2065, #1944, #97 ) ;
#2233 =( NAMED_UNIT ( * ) SI_UNIT ( $, .STERADIAN. ) SOLID_ANGLE_UNIT ( ) );
#2234 = SURFACE_STYLE_FILL_AREA ( #4151 ) ;
#2235 = DIRECTION ( 'NONE',  ( 0.0000000000000000000, -1.000000000000000000, 0.0000000000000000000 ) ) ;
#2236 = PRESENTATION_LAYER_ASSIGNMENT (  '', '', ( #3785 ) ) ;
#2237 = COLOUR_RGB ( '',1.000000000000000000, 1.000000000000000000, 1.000000000000000000 ) ;
#2238 =( CONVERSION_BASED_UNIT ( 'INCH', #5640 ) LENGTH_UNIT ( ) NAMED_UNIT ( #3263 ) );
#2239 = EDGE_CURVE ( 'NONE', #476, #253, #3184, .T. ) ;
#2240 = EDGE_CURVE ( 'NONE', #4526, #3631, #5137, .T. ) ;
#2241 = CARTESIAN_POINT ( 'NONE',  ( -0.1417322834645669549, 0.1259842519685039353, -0.5019685039370078705 ) ) ;
#2242 = ADVANCED_FACE ( 'NONE', ( #3706 ), #2308, .F. ) ;
#2243 = AXIS2_PLACEMENT_3D ( 'NONE', #4907, #5389, #481 ) ;
#2244 = SURFACE_STYLE_FILL_AREA ( #5177 ) ;
#2245 = MECHANICAL_DESIGN_GEOMETRIC_PRESENTATION_REPRESENTATION (  '', ( #5731 ), #792 ) ;
#2246 = FILL_AREA_STYLE_COLOUR ( '', #3975 ) ;
#2247 = DIRECTION ( 'NONE',  ( 0.0000000000000000000, 0.0000000000000000000, 1.000000000000000000 ) ) ;
#2248 =( LENGTH_UNIT ( ) NAMED_UNIT ( * ) SI_UNIT ( $, .METRE. ) );
#2249 = MECHANICAL_DESIGN_GEOMETRIC_PRESENTATION_REPRESENTATION (  '', ( #4594 ), #1833 ) ;
#2250 = ORIENTED_EDGE ( 'NONE', *, *, #2998, .F. ) ;
#2251 = UNCERTAINTY_MEASURE_WITH_UNIT (LENGTH_MEASURE( 1.000000000000000082E-05 ), #1204, 'distance_accuracy_value', 'NONE');
#2252 = LINE ( 'NONE', #5977, #4285 ) ;
#2253 = PLANE ( 'NONE',  #2964 ) ;
#2254 = DIRECTION ( 'NONE',  ( 4.410313921974934235E-16, 0.0000000000000000000, 1.000000000000000000 ) ) ;
#2255 = EDGE_LOOP ( 'NONE', ( #4246, #2378, #4213, #6147 ) ) ;
#2256 = VERTEX_POINT ( 'NONE', #4337 ) ;
#2257 = FACE_OUTER_BOUND ( 'NONE', #18, .T. ) ;
#2258 = CARTESIAN_POINT ( 'NONE',  ( 0.1772047244094487883, 0.1968503937007873850, -0.05413385826771659193 ) ) ;
#2259 = DIMENSIONAL_EXPONENTS ( 1.000000000000000000, 0.0000000000000000000, 0.0000000000000000000, 0.0000000000000000000, 0.0000000000000000000, 0.0000000000000000000, 0.0000000000000000000 ) ;
#2260 =( CONVERSION_BASED_UNIT ( 'INCH', #3732 ) LENGTH_UNIT ( ) NAMED_UNIT ( #271 ) );
#2261 = AXIS2_PLACEMENT_3D ( 'NONE', #5935, #1036, #4005 ) ;
#2262 =( LENGTH_UNIT ( ) NAMED_UNIT ( * ) SI_UNIT ( $, .METRE. ) );
#2263 = EDGE_LOOP ( 'NONE', ( #4108, #1550, #4336, #4308 ) ) ;
#2264 =( LENGTH_UNIT ( ) NAMED_UNIT ( * ) SI_UNIT ( $, .METRE. ) );
#2265 = UNCERTAINTY_MEASURE_WITH_UNIT (LENGTH_MEASURE( 1.000000000000000082E-05 ), #3820, 'distance_accuracy_value', 'NONE');
#2266 = ORIENTED_EDGE ( 'NONE', *, *, #735, .T. ) ;
#2267 = COLOUR_RGB ( '',0.2509803921568627416, 0.2509803921568627416, 0.2509803921568627416 ) ;
#2268 = FILL_AREA_STYLE_COLOUR ( '', #5181 ) ;
#2269 = FILL_AREA_STYLE ('',( #3643 ) ) ;
#2270 =( LENGTH_UNIT ( ) NAMED_UNIT ( * ) SI_UNIT ( $, .METRE. ) );
#2271 =( GEOMETRIC_REPRESENTATION_CONTEXT ( 3 ) GLOBAL_UNCERTAINTY_ASSIGNED_CONTEXT ( ( #754 ) ) GLOBAL_UNIT_ASSIGNED_CONTEXT ( ( #1363, #3339, #1824 ) ) REPRESENTATION_CONTEXT ( 'NONE', 'WORKASPACE' ) );
#2272 = CARTESIAN_POINT ( 'NONE',  ( 0.09540646311852468697, 0.1968503937007873850, -0.03937007874015750059 ) ) ;
#2273 = DIMENSIONAL_EXPONENTS ( 1.000000000000000000, 0.0000000000000000000, 0.0000000000000000000, 0.0000000000000000000, 0.0000000000000000000, 0.0000000000000000000, 0.0000000000000000000 ) ;
#2274 = MECHANICAL_DESIGN_GEOMETRIC_PRESENTATION_REPRESENTATION (  '', ( #720 ), #1234 ) ;
#2275 = PRESENTATION_STYLE_ASSIGNMENT (( #4678 ) ) ;
#2276 = SURFACE_STYLE_USAGE ( .BOTH. , #5714 ) ;
#2277 = DIRECTION ( 'NONE',  ( 0.0000000000000000000, 0.0000000000000000000, -1.000000000000000000 ) ) ;
#2278 = EDGE_CURVE ( 'NONE', #5145, #1858, #3308, .T. ) ;
#2279 = EDGE_CURVE ( 'NONE', #2570, #3137, #5739, .T. ) ;
#2280 = DIRECTION ( 'NONE',  ( 0.0000000000000000000, 0.0000000000000000000, -1.000000000000000000 ) ) ;
#2281 =( NAMED_UNIT ( * ) SI_UNIT ( $, .STERADIAN. ) SOLID_ANGLE_UNIT ( ) );
#2282 = VECTOR ( 'NONE', #2614, 39.37007874015748143 ) ;
#2283 = ORIENTED_EDGE ( 'NONE', *, *, #3608, .F. ) ;
#2284 = LENGTH_MEASURE_WITH_UNIT ( LENGTH_MEASURE( 0.02539999999999999897 ), #4323 );
#2285 = VECTOR ( 'NONE', #65, 39.37007874015748143 ) ;
#2286 = STYLED_ITEM ( 'NONE', ( #3284 ), #1565 ) ;
#2287 = LINE ( 'NONE', #879, #5896 ) ;
#2288 = CARTESIAN_POINT ( 'NONE',  ( -0.05118110236220467513, 0.03937007874015747977, -0.3415354330708661457 ) ) ;
#2289 = CARTESIAN_POINT ( 'NONE',  ( 0.1929133858267716439, -0.08858267716535433989, -0.5019685039370078705 ) ) ;
#2290 = ADVANCED_FACE ( 'NONE', ( #4365 ), #6248, .T. ) ;
#2291 = PLANE ( 'NONE',  #1761 ) ;
#2292 = VERTEX_POINT ( 'NONE', #4862 ) ;
#2293 = VECTOR ( 'NONE', #4706, 39.37007874015748143 ) ;
#2294 = AXIS2_PLACEMENT_3D ( 'NONE', #5429, #2028, #2543 ) ;
#2295 = ORIENTED_EDGE ( 'NONE', *, *, #1046, .F. ) ;
#2296 = FILL_AREA_STYLE ('',( #2355 ) ) ;
#2297 =( NAMED_UNIT ( * ) SI_UNIT ( $, .STERADIAN. ) SOLID_ANGLE_UNIT ( ) );
#2298 = CARTESIAN_POINT ( 'NONE',  ( -0.09540646311852470085, 0.3149606299212598381, 0.0000000000000000000 ) ) ;
#2299 = PRESENTATION_STYLE_ASSIGNMENT (( #4727 ) ) ;
#2300 = ORIENTED_EDGE ( 'NONE', *, *, #4231, .F. ) ;
#2301 = DIRECTION ( 'NONE',  ( 0.0000000000000000000, 0.0000000000000000000, 1.000000000000000000 ) ) ;
#2302 = PLANE ( 'NONE',  #5417 ) ;
#2303 = EDGE_LOOP ( 'NONE', ( #551, #1943, #6255, #4483 ) ) ;
#2304 =( NAMED_UNIT ( * ) SI_UNIT ( $, .STERADIAN. ) SOLID_ANGLE_UNIT ( ) );
#2305 = LINE ( 'NONE', #3394, #4140 ) ;
#2306 = PRESENTATION_LAYER_ASSIGNMENT (  '', '', ( #534 ) ) ;
#2307 = CARTESIAN_POINT ( 'NONE',  ( -0.1771653543307086798, 0.0000000000000000000, -0.5019685039370078705 ) ) ;
#2308 = PLANE ( 'NONE',  #6068 ) ;
#2309 = DIMENSIONAL_EXPONENTS ( 1.000000000000000000, 0.0000000000000000000, 0.0000000000000000000, 0.0000000000000000000, 0.0000000000000000000, 0.0000000000000000000, 0.0000000000000000000 ) ;
#2310 = SURFACE_STYLE_FILL_AREA ( #747 ) ;
#2311 = AXIS2_PLACEMENT_3D ( 'NONE', #4463, #5404, #4889 ) ;
#2312 = LENGTH_MEASURE_WITH_UNIT ( LENGTH_MEASURE( 0.02539999999999999897 ), #2797 );
#2313 =( LENGTH_UNIT ( ) NAMED_UNIT ( * ) SI_UNIT ( $, .METRE. ) );
#2314 = CIRCLE ( 'NONE', #2098, 0.04921259842519691563 ) ;
#2315 = ORIENTED_EDGE ( 'NONE', *, *, #1891, .F. ) ;
#2316 = UNCERTAINTY_MEASURE_WITH_UNIT (LENGTH_MEASURE( 1.000000000000000082E-05 ), #4122, 'distance_accuracy_value', 'NONE');
#2317 = PRESENTATION_LAYER_ASSIGNMENT (  '', '', ( #4669 ) ) ;
#2318 = DIRECTION ( 'NONE',  ( -1.000000000000000000, 0.0000000000000000000, 0.0000000000000000000 ) ) ;
#2319 = CARTESIAN_POINT ( 'NONE',  ( 0.0000000000000000000, 0.2559055118110236671, -0.03937007874015751446 ) ) ;
#2320 = CARTESIAN_POINT ( 'NONE',  ( -0.02559055118110236532, -0.07874015748031495954, -0.5629921259842519676 ) ) ;
#2321 = CARTESIAN_POINT ( 'NONE',  ( 0.09842519685039369248, 0.1614173228346456879, -0.4035433070866140670 ) ) ;
#2322 = FILL_AREA_STYLE ('',( #362 ) ) ;
#2323 = ORIENTED_EDGE ( 'NONE', *, *, #4949, .F. ) ;
#2324 = EDGE_CURVE ( 'NONE', #836, #4625, #444, .T. ) ;
#2325 = ORIENTED_EDGE ( 'NONE', *, *, #3801, .T. ) ;
#2326 = CARTESIAN_POINT ( 'NONE',  ( 0.0000000000000000000, -0.08267716535433072833, -0.1574803149606299191 ) ) ;
#2327 = CARTESIAN_POINT ( 'NONE',  ( -0.05118110236220467513, 0.03937007874015747977, -0.5019685039370078705 ) ) ;
#2328 = EDGE_CURVE ( 'NONE', #1316, #2500, #1823, .T. ) ;
#2329 = PLANE ( 'NONE',  #3342 ) ;
#2330 = LINE ( 'NONE', #5791, #1389 ) ;
#2331 =( CONVERSION_BASED_UNIT ( 'INCH', #4761 ) LENGTH_UNIT ( ) NAMED_UNIT ( #4216 ) );
#2332 = ORIENTED_EDGE ( 'NONE', *, *, #3454, .F. ) ;
#2333 = CARTESIAN_POINT ( 'NONE',  ( 0.05905511811023623353, -0.07874015748031495954, -0.5629921259842519676 ) ) ;
#2334 = DIRECTION ( 'NONE',  ( 0.0000000000000000000, 0.0000000000000000000, 1.000000000000000000 ) ) ;
#2335 = ORIENTED_EDGE ( 'NONE', *, *, #2044, .F. ) ;
#2336 =( CONVERSION_BASED_UNIT ( 'INCH', #1847 ) LENGTH_UNIT ( ) NAMED_UNIT ( #2926 ) );
#2337 = PRESENTATION_LAYER_ASSIGNMENT (  '', '', ( #1496 ) ) ;
#2338 = ORIENTED_EDGE ( 'NONE', *, *, #296, .F. ) ;
#2339 = DIRECTION ( 'NONE',  ( -1.000000000000000000, -0.0000000000000000000, -0.0000000000000000000 ) ) ;
#2340 =( GEOMETRIC_REPRESENTATION_CONTEXT ( 3 ) GLOBAL_UNCERTAINTY_ASSIGNED_CONTEXT ( ( #3179 ) ) GLOBAL_UNIT_ASSIGNED_CONTEXT ( ( #2096, #6109, #5093 ) ) REPRESENTATION_CONTEXT ( 'NONE', 'WORKASPACE' ) );
#2341 = LENGTH_MEASURE_WITH_UNIT ( LENGTH_MEASURE( 0.02539999999999999897 ), #2313 );
#2342 = CIRCLE ( 'NONE', #5824, 0.03543307086614172485 ) ;
#2343 = CARTESIAN_POINT ( 'NONE',  ( -0.06692913385826770867, 0.007874015748031497688, -0.5629921259842519676 ) ) ;
#2344 = ORIENTED_EDGE ( 'NONE', *, *, #2853, .F. ) ;
#2345 = DIRECTION ( 'NONE',  ( 0.0000000000000000000, -1.000000000000000000, 0.0000000000000000000 ) ) ;
#2346 = AXIS2_PLACEMENT_3D ( 'NONE', #1983, #6315, #1527 ) ;
#2347 = DIMENSIONAL_EXPONENTS ( 1.000000000000000000, 0.0000000000000000000, 0.0000000000000000000, 0.0000000000000000000, 0.0000000000000000000, 0.0000000000000000000, 0.0000000000000000000 ) ;
#2348 = VECTOR ( 'NONE', #865, 39.37007874015748143 ) ;
#2349 = FACE_OUTER_BOUND ( 'NONE', #3965, .T. ) ;
#2350 = PRESENTATION_STYLE_ASSIGNMENT (( #1401 ) ) ;
#2351 = CARTESIAN_POINT ( 'NONE',  ( -0.02362204724409448786, 0.2559055118110236671, -0.5787401574803149318 ) ) ;
#2352 = SURFACE_STYLE_FILL_AREA ( #2322 ) ;
#2353 = ORIENTED_EDGE ( 'NONE', *, *, #774, .T. ) ;
#2354 = TOROIDAL_SURFACE ( 'NONE', #2671, 0.02755905511811023584, 0.007874015748031495954 ) ;
#2355 = FILL_AREA_STYLE_COLOUR ( '', #4476 ) ;
#2356 = PRESENTATION_STYLE_ASSIGNMENT (( #2415 ) ) ;
#2357 = PRESENTATION_STYLE_ASSIGNMENT (( #4852 ) ) ;
#2358 = SURFACE_STYLE_USAGE ( .BOTH. , #1354 ) ;
#2359 = DIRECTION ( 'NONE',  ( 0.0000000000000000000, 0.0000000000000000000, 1.000000000000000000 ) ) ;
#2360 = EDGE_CURVE ( 'NONE', #3115, #1541, #3772, .T. ) ;
#2361 = EDGE_CURVE ( 'NONE', #1265, #2943, #4022, .T. ) ;
#2362 = FACE_OUTER_BOUND ( 'NONE', #1325, .T. ) ;
#2363 = EDGE_LOOP ( 'NONE', ( #4053, #678, #4770, #94 ) ) ;
#2364 =( LENGTH_UNIT ( ) NAMED_UNIT ( * ) SI_UNIT ( $, .METRE. ) );
#2365 = ORIENTED_EDGE ( 'NONE', *, *, #373, .T. ) ;
#2366 = AXIS2_PLACEMENT_3D ( 'NONE', #5301, #3721, #5274 ) ;
#2367 = ORIENTED_EDGE ( 'NONE', *, *, #486, .T. ) ;
#2368 = EDGE_CURVE ( 'NONE', #3014, #146, #3111, .T. ) ;
#2369 =( GEOMETRIC_REPRESENTATION_CONTEXT ( 3 ) GLOBAL_UNCERTAINTY_ASSIGNED_CONTEXT ( ( #3534 ) ) GLOBAL_UNIT_ASSIGNED_CONTEXT ( ( #978, #93, #4424 ) ) REPRESENTATION_CONTEXT ( 'NONE', 'WORKASPACE' ) );
#2370 =( CONVERSION_BASED_UNIT ( 'INCH', #1338 ) LENGTH_UNIT ( ) NAMED_UNIT ( #2970 ) );
#2371 = DIRECTION ( 'NONE',  ( -1.000000000000000000, -1.936075308009831019E-17, 0.0000000000000000000 ) ) ;
#2372 = VERTEX_POINT ( 'NONE', #2008 ) ;
#2373 = VECTOR ( 'NONE', #3754, 39.37007874015748143 ) ;
#2374 = CARTESIAN_POINT ( 'NONE',  ( 0.0000000000000000000, 0.2559055118110236671, -0.5787401574803149318 ) ) ;
#2375 = COLOUR_RGB ( '',1.000000000000000000, 1.000000000000000000, 1.000000000000000000 ) ;
#2376 =( NAMED_UNIT ( * ) SI_UNIT ( $, .STERADIAN. ) SOLID_ANGLE_UNIT ( ) );
#2377 = CARTESIAN_POINT ( 'NONE',  ( 0.1771653543307086798, -0.08858267716535427050, -0.4527559055118109410 ) ) ;
#2378 = ORIENTED_EDGE ( 'NONE', *, *, #4381, .T. ) ;
#2379 = VECTOR ( 'NONE', #3806, 39.37007874015748143 ) ;
#2380 = AXIS2_PLACEMENT_3D ( 'NONE', #2424, #4364, #4253 ) ;
#2381 =( NAMED_UNIT ( * ) SI_UNIT ( $, .STERADIAN. ) SOLID_ANGLE_UNIT ( ) );
#2382 = SURFACE_SIDE_STYLE ('',( #862 ) ) ;
#2383 = DIMENSIONAL_EXPONENTS ( 1.000000000000000000, 0.0000000000000000000, 0.0000000000000000000, 0.0000000000000000000, 0.0000000000000000000, 0.0000000000000000000, 0.0000000000000000000 ) ;
#2384 = SURFACE_STYLE_FILL_AREA ( #4760 ) ;
#2385 =( LENGTH_UNIT ( ) NAMED_UNIT ( * ) SI_UNIT ( $, .METRE. ) );
#2386 = DIRECTION ( 'NONE',  ( -5.421010862427522170E-16, 1.000000000000000000, 0.0000000000000000000 ) ) ;
#2387 = VECTOR ( 'NONE', #1321, 39.37007874015748143 ) ;
#2388 = ORIENTED_EDGE ( 'NONE', *, *, #3951, .T. ) ;
#2389 = DIRECTION ( 'NONE',  ( -1.000000000000000000, 0.0000000000000000000, 0.0000000000000000000 ) ) ;
#2390 = DIRECTION ( 'NONE',  ( 0.0000000000000000000, -1.000000000000000000, -4.336808689942006692E-15 ) ) ;
#2391 = VERTEX_POINT ( 'NONE', #5440 ) ;
#2392 = LENGTH_MEASURE_WITH_UNIT ( LENGTH_MEASURE( 0.02539999999999999897 ), #6209 );
#2393 = EDGE_CURVE ( 'NONE', #2570, #4550, #1483, .T. ) ;
#2394 = STYLED_ITEM ( 'NONE', ( #963 ), #6165 ) ;
#2395 = COLOUR_RGB ( '',0.2509803921568627416, 0.2509803921568627416, 0.2509803921568627416 ) ;
#2396 = SURFACE_STYLE_FILL_AREA ( #4861 ) ;
#2397 = ORIENTED_EDGE ( 'NONE', *, *, #3159, .F. ) ;
#2398 = EDGE_CURVE ( 'NONE', #2621, #4930, #1088, .T. ) ;
#2399 = STYLED_ITEM ( 'NONE', ( #715 ), #2838 ) ;
#2400 = EDGE_CURVE ( 'NONE', #1293, #5785, #4498, .T. ) ;
#2401 = LINE ( 'NONE', #4343, #343 ) ;
#2402 = SURFACE_SIDE_STYLE ('',( #1457 ) ) ;
#2403 =( NAMED_UNIT ( * ) PLANE_ANGLE_UNIT ( ) SI_UNIT ( $, .RADIAN. ) );
#2404 =( NAMED_UNIT ( * ) PLANE_ANGLE_UNIT ( ) SI_UNIT ( $, .RADIAN. ) );
#2405 = STYLED_ITEM ( 'NONE', ( #4165 ), #3311 ) ;
#2406 = CARTESIAN_POINT ( 'NONE',  ( 0.07677165354330708902, 0.01574803149606299191, -0.5984251968503937480 ) ) ;
#2407 = DIRECTION ( 'NONE',  ( 1.000000000000000000, 0.0000000000000000000, 0.0000000000000000000 ) ) ;
#2408 = FILL_AREA_STYLE ('',( #425 ) ) ;
#2409 = PLANE ( 'NONE',  #5175 ) ;
#2410 =( NAMED_UNIT ( * ) SI_UNIT ( $, .STERADIAN. ) SOLID_ANGLE_UNIT ( ) );
#2411 = DIRECTION ( 'NONE',  ( 0.0000000000000000000, -1.000000000000000000, 0.0000000000000000000 ) ) ;
#2412 = EDGE_LOOP ( 'NONE', ( #1525, #2562, #3786, #5312 ) ) ;
#2413 =( GEOMETRIC_REPRESENTATION_CONTEXT ( 3 ) GLOBAL_UNCERTAINTY_ASSIGNED_CONTEXT ( ( #4971 ) ) GLOBAL_UNIT_ASSIGNED_CONTEXT ( ( #730, #2148, #5149 ) ) REPRESENTATION_CONTEXT ( 'NONE', 'WORKASPACE' ) );
#2414 = SURFACE_SIDE_STYLE ('',( #20 ) ) ;
#2415 = SURFACE_STYLE_USAGE ( .BOTH. , #2905 ) ;
#2416 = DIRECTION ( 'NONE',  ( -1.224646799147353207E-16, 1.000000000000000000, 0.0000000000000000000 ) ) ;
#2417 =( GEOMETRIC_REPRESENTATION_CONTEXT ( 3 ) GLOBAL_UNCERTAINTY_ASSIGNED_CONTEXT ( ( #4810 ) ) GLOBAL_UNIT_ASSIGNED_CONTEXT ( ( #1582, #2554, #5498 ) ) REPRESENTATION_CONTEXT ( 'NONE', 'WORKASPACE' ) );
#2418 = SURFACE_STYLE_USAGE ( .BOTH. , #2937 ) ;
#2419 = ORIENTED_EDGE ( 'NONE', *, *, #1007, .T. ) ;
#2420 = MECHANICAL_DESIGN_GEOMETRIC_PRESENTATION_REPRESENTATION (  '', ( #4873 ), #1808 ) ;
#2421 = ORIENTED_EDGE ( 'NONE', *, *, #5809, .T. ) ;
#2422 = FILL_AREA_STYLE_COLOUR ( '', #973 ) ;
#2423 = DIRECTION ( 'NONE',  ( 0.0000000000000000000, 0.0000000000000000000, 1.000000000000000000 ) ) ;
#2424 = CARTESIAN_POINT ( 'NONE',  ( -0.1244991204790700107, 0.3149606299212598381, -0.03937007874015750059 ) ) ;
#2425 = STYLED_ITEM ( 'NONE', ( #4479 ), #4191 ) ;
#2426 = FILL_AREA_STYLE_COLOUR ( '', #1770 ) ;
#2427 = DIMENSIONAL_EXPONENTS ( 1.000000000000000000, 0.0000000000000000000, 0.0000000000000000000, 0.0000000000000000000, 0.0000000000000000000, 0.0000000000000000000, 0.0000000000000000000 ) ;
#2428 = ORIENTED_EDGE ( 'NONE', *, *, #1084, .T. ) ;
#2429 =( NAMED_UNIT ( * ) SI_UNIT ( $, .STERADIAN. ) SOLID_ANGLE_UNIT ( ) );
#2430 = EDGE_CURVE ( 'NONE', #5388, #5892, #2040, .T. ) ;
#2431 = STYLED_ITEM ( 'NONE', ( #5683 ), #4376 ) ;
#2432 = LINE ( 'NONE', #4371, #2990 ) ;
#2433 = EDGE_CURVE ( 'NONE', #4077, #1587, #5953, .T. ) ;
#2434 =( NAMED_UNIT ( * ) SI_UNIT ( $, .STERADIAN. ) SOLID_ANGLE_UNIT ( ) );
#2435 = CARTESIAN_POINT ( 'NONE',  ( -0.06692913385826773642, 0.1949136480912218305, -0.5787401574803149318 ) ) ;
#2436 = EDGE_CURVE ( 'NONE', #5090, #3525, #5405, .T. ) ;
#2437 = ORIENTED_EDGE ( 'NONE', *, *, #1372, .F. ) ;
#2438 =( NAMED_UNIT ( * ) PLANE_ANGLE_UNIT ( ) SI_UNIT ( $, .RADIAN. ) );
#2439 = PLANE ( 'NONE',  #5289 ) ;
#2440 = SURFACE_SIDE_STYLE ('',( #1531 ) ) ;
#2441 = STYLED_ITEM ( 'NONE', ( #4442 ), #5779 ) ;
#2442 = ORIENTED_EDGE ( 'NONE', *, *, #5535, .F. ) ;
#2443 = EDGE_CURVE ( 'NONE', #5580, #3850, #4467, .T. ) ;
#2444 = DIRECTION ( 'NONE',  ( 0.0000000000000000000, 0.0000000000000000000, 1.000000000000000000 ) ) ;
#2445 =( NAMED_UNIT ( * ) SI_UNIT ( $, .STERADIAN. ) SOLID_ANGLE_UNIT ( ) );
#2446 = MECHANICAL_DESIGN_GEOMETRIC_PRESENTATION_REPRESENTATION (  '', ( #3778 ), #1734 ) ;
#2447 = PRESENTATION_STYLE_ASSIGNMENT (( #4987 ) ) ;
#2448 = VECTOR ( 'NONE', #3766, 39.37007874015748143 ) ;
#2449 = DIRECTION ( 'NONE',  ( 0.0000000000000000000, 0.0000000000000000000, -1.000000000000000000 ) ) ;
#2450 = CARTESIAN_POINT ( 'NONE',  ( -0.05905511811023623353, -0.07874015748031495954, -0.5629921259842519676 ) ) ;
#2451 = ORIENTED_EDGE ( 'NONE', *, *, #3195, .T. ) ;
#2452 = CARTESIAN_POINT ( 'NONE',  ( 0.05118110236220479309, 0.01574803149606299191, -0.5629921259842519676 ) ) ;
#2453 = STYLED_ITEM ( 'NONE', ( #592 ), #5160 ) ;
#2454 = ORIENTED_EDGE ( 'NONE', *, *, #3723, .T. ) ;
#2455 = CYLINDRICAL_SURFACE ( 'NONE', #4286, 0.05905511811023623353 ) ;
#2456 = FILL_AREA_STYLE ('',( #2038 ) ) ;
#2457 = AXIS2_PLACEMENT_3D ( 'NONE', #56, #5942, #1076 ) ;
#2458 =( CONVERSION_BASED_UNIT ( 'INCH', #5532 ) LENGTH_UNIT ( ) NAMED_UNIT ( #3689 ) );
#2459 = ORIENTED_EDGE ( 'NONE', *, *, #3728, .F. ) ;
#2460 = UNCERTAINTY_MEASURE_WITH_UNIT (LENGTH_MEASURE( 1.000000000000000082E-05 ), #1360, 'distance_accuracy_value', 'NONE');
#2461 = CARTESIAN_POINT ( 'NONE',  ( -0.06692913385826773642, 0.1949136480912218305, -0.5787401574803149318 ) ) ;
#2462 = DIRECTION ( 'NONE',  ( 0.0000000000000000000, 0.0000000000000000000, -1.000000000000000000 ) ) ;
#2463 = PRESENTATION_LAYER_ASSIGNMENT (  '', '', ( #2579 ) ) ;
#2464 = SURFACE_STYLE_USAGE ( .BOTH. , #2402 ) ;
#2465 = EDGE_LOOP ( 'NONE', ( #2421, #4374, #2896, #2428 ) ) ;
#2466 = CARTESIAN_POINT ( 'NONE',  ( -0.01574803149606299191, 0.1417322834645669549, -0.5787401574803149318 ) ) ;
#2467 = DIMENSIONAL_EXPONENTS ( 1.000000000000000000, 0.0000000000000000000, 0.0000000000000000000, 0.0000000000000000000, 0.0000000000000000000, 0.0000000000000000000, 0.0000000000000000000 ) ;
#2468 = VERTEX_POINT ( 'NONE', #1975 ) ;
#2469 = PRESENTATION_LAYER_ASSIGNMENT (  '', '', ( #2793 ) ) ;
#2470 = EDGE_CURVE ( 'NONE', #1356, #4632, #410, .T. ) ;
#2471 = CARTESIAN_POINT ( 'NONE',  ( 0.0000000000000000000, 0.2559055118110236671, -0.05413385826771659193 ) ) ;
#2472 = EDGE_CURVE ( 'NONE', #4632, #1356, #4836, .T. ) ;
#2473 =( CONVERSION_BASED_UNIT ( 'INCH', #3900 ) LENGTH_UNIT ( ) NAMED_UNIT ( #3976 ) );
#2474 = CARTESIAN_POINT ( 'NONE',  ( 0.0000000000000000000, 0.2559055118110236671, -0.5944881889763780070 ) ) ;
#2475 = CARTESIAN_POINT ( 'NONE',  ( -0.09540646311852470085, 0.3149606299212598381, -0.03937007874015750059 ) ) ;
#2476 = VERTEX_POINT ( 'NONE', #1584 ) ;
#2477 = PRESENTATION_STYLE_ASSIGNMENT (( #6323 ) ) ;
#2478 = PRESENTATION_LAYER_ASSIGNMENT (  '', '', ( #3807 ) ) ;
#2479 = DIRECTION ( 'NONE',  ( 0.0000000000000000000, -1.000000000000000000, 0.0000000000000000000 ) ) ;
#2480 = DIRECTION ( 'NONE',  ( -1.000000000000000000, -1.421904488505579654E-16, -0.0000000000000000000 ) ) ;
#2481 =( CONVERSION_BASED_UNIT ( 'INCH', #3441 ) LENGTH_UNIT ( ) NAMED_UNIT ( #311 ) );
#2482 = EDGE_CURVE ( 'NONE', #1518, #3011, #3551, .T. ) ;
#2483 = DIRECTION ( 'NONE',  ( -0.0000000000000000000, -0.0000000000000000000, -1.000000000000000000 ) ) ;
#2484 = ORIENTED_EDGE ( 'NONE', *, *, #6234, .F. ) ;
#2485 =( GEOMETRIC_REPRESENTATION_CONTEXT ( 3 ) GLOBAL_UNCERTAINTY_ASSIGNED_CONTEXT ( ( #3736 ) ) GLOBAL_UNIT_ASSIGNED_CONTEXT ( ( #4092, #5176, #4644 ) ) REPRESENTATION_CONTEXT ( 'NONE', 'WORKASPACE' ) );
#2486 = VECTOR ( 'NONE', #5565, 39.37007874015748143 ) ;
#2487 = CARTESIAN_POINT ( 'NONE',  ( 0.0000000000000000000, 0.2559055118110236671, -0.5787401574803149318 ) ) ;
#2488 = ORIENTED_EDGE ( 'NONE', *, *, #3683, .F. ) ;
#2489 = CARTESIAN_POINT ( 'NONE',  ( -0.1771653543307086798, 0.1673228346456692994, -0.03937007874015750752 ) ) ;
#2490 = SURFACE_SIDE_STYLE ('',( #501 ) ) ;
#2491 = DIRECTION ( 'NONE',  ( -0.0000000000000000000, -0.0000000000000000000, -1.000000000000000000 ) ) ;
#2492 = STYLED_ITEM ( 'NONE', ( #1849 ), #1598 ) ;
#2493 = CARTESIAN_POINT ( 'NONE',  ( -0.02559055118110236532, -0.07874015748031495954, -0.5629921259842519676 ) ) ;
#2494 = ORIENTED_EDGE ( 'NONE', *, *, #4866, .F. ) ;
#2495 =( LENGTH_UNIT ( ) NAMED_UNIT ( * ) SI_UNIT ( $, .METRE. ) );
#2496 = CARTESIAN_POINT ( 'NONE',  ( 0.03937007874015747977, 0.2559055118110236671, 0.1113553986120547484 ) ) ;
#2497 = AXIS2_PLACEMENT_3D ( 'NONE', #2474, #4845, #2997 ) ;
#2498 = ORIENTED_EDGE ( 'NONE', *, *, #1927, .F. ) ;
#2499 = FILL_AREA_STYLE ('',( #3998 ) ) ;
#2500 = VERTEX_POINT ( 'NONE', #1548 ) ;
#2501 = SURFACE_STYLE_FILL_AREA ( #423 ) ;
#2502 = VECTOR ( 'NONE', #1229, 39.37007874015748143 ) ;
#2503 =( CONVERSION_BASED_UNIT ( 'INCH', #1437 ) LENGTH_UNIT ( ) NAMED_UNIT ( #1220 ) );
#2504 = CARTESIAN_POINT ( 'NONE',  ( 0.05905511811023623353, -0.07874015748031495954, -0.5787401574803149318 ) ) ;
#2505 = FILL_AREA_STYLE ('',( #5481 ) ) ;
#2506 = VERTEX_POINT ( 'NONE', #5891 ) ;
#2507 = CIRCLE ( 'NONE', #4974, 0.1122047244094488277 ) ;
#2508 = DIRECTION ( 'NONE',  ( -6.370453442852683715E-16, 0.0000000000000000000, 1.000000000000000000 ) ) ;
#2509 = FILL_AREA_STYLE_COLOUR ( '', #5919 ) ;
#2510 = CARTESIAN_POINT ( 'NONE',  ( 0.09842519685039369248, 0.1614173228346456879, -0.5019685039370078705 ) ) ;
#2511 = DIMENSIONAL_EXPONENTS ( 1.000000000000000000, 0.0000000000000000000, 0.0000000000000000000, 0.0000000000000000000, 0.0000000000000000000, 0.0000000000000000000, 0.0000000000000000000 ) ;
#2512 =( NAMED_UNIT ( * ) PLANE_ANGLE_UNIT ( ) SI_UNIT ( $, .RADIAN. ) );
#2513 =( CONVERSION_BASED_UNIT ( 'INCH', #4954 ) LENGTH_UNIT ( ) NAMED_UNIT ( #1557 ) );
#2514 = DIRECTION ( 'NONE',  ( 1.000000000000000000, 0.0000000000000000000, 0.0000000000000000000 ) ) ;
#2515 = PRESENTATION_LAYER_ASSIGNMENT (  '', '', ( #5796 ) ) ;
#2516 = CARTESIAN_POINT ( 'NONE',  ( 0.02559055118110236532, -0.08858267716535427050, -0.2573434003509834089 ) ) ;
#2517 = ADVANCED_FACE ( 'NONE', ( #5500 ), #5001, .T. ) ;
#2518 = ORIENTED_EDGE ( 'NONE', *, *, #1163, .F. ) ;
#2519 = ORIENTED_EDGE ( 'NONE', *, *, #5957, .T. ) ;
#2520 = EDGE_CURVE ( 'NONE', #4912, #3367, #5163, .T. ) ;
#2521 = CIRCLE ( 'NONE', #4344, 0.1377952755905511306 ) ;
#2522 =( LENGTH_UNIT ( ) NAMED_UNIT ( * ) SI_UNIT ( $, .METRE. ) );
#2523 = DIRECTION ( 'NONE',  ( 0.0000000000000000000, 0.0000000000000000000, 1.000000000000000000 ) ) ;
#2524 = MECHANICAL_DESIGN_GEOMETRIC_PRESENTATION_REPRESENTATION (  '', ( #5194 ), #1485 ) ;
#2525 = ORIENTED_EDGE ( 'NONE', *, *, #1413, .T. ) ;
#2526 = UNCERTAINTY_MEASURE_WITH_UNIT (LENGTH_MEASURE( 1.000000000000000082E-05 ), #4916, 'distance_accuracy_value', 'NONE');
#2527 =( GEOMETRIC_REPRESENTATION_CONTEXT ( 3 ) GLOBAL_UNCERTAINTY_ASSIGNED_CONTEXT ( ( #6118 ) ) GLOBAL_UNIT_ASSIGNED_CONTEXT ( ( #251, #2691, #674 ) ) REPRESENTATION_CONTEXT ( 'NONE', 'WORKASPACE' ) );
#2528 = CARTESIAN_POINT ( 'NONE',  ( 0.0000000000000000000, 0.2559055118110236671, -0.5787401574803149318 ) ) ;
#2529 = LENGTH_MEASURE_WITH_UNIT ( LENGTH_MEASURE( 0.02539999999999999897 ), #936 );
#2530 = LINE ( 'NONE', #1098, #3230 ) ;
#2531 = ORIENTED_EDGE ( 'NONE', *, *, #5331, .T. ) ;
#2532 = CARTESIAN_POINT ( 'NONE',  ( -0.1417322834645669549, 0.1535433070866141780, -0.5019685039370078705 ) ) ;
#2533 = AXIS2_PLACEMENT_3D ( 'NONE', #4933, #3895, #5382 ) ;
#2534 = DIRECTION ( 'NONE',  ( 0.0000000000000000000, 0.0000000000000000000, 1.000000000000000000 ) ) ;
#2535 = CARTESIAN_POINT ( 'NONE',  ( 0.1771653543307086798, 0.1456692913385826960, -0.4035433070866140670 ) ) ;
#2536 = CARTESIAN_POINT ( 'NONE',  ( 0.01574803149606298844, 0.06299212598425195375, -0.5629921259842519676 ) ) ;
#2537 = ORIENTED_EDGE ( 'NONE', *, *, #4541, .F. ) ;
#2538 = MECHANICAL_DESIGN_GEOMETRIC_PRESENTATION_REPRESENTATION (  '', ( #1718 ), #1092 ) ;
#2539 = CARTESIAN_POINT ( 'NONE',  ( 0.1771653543307086798, -0.08858267716535433989, -0.5019685039370078705 ) ) ;
#2540 = FACE_OUTER_BOUND ( 'NONE', #5805, .T. ) ;
#2541 = CARTESIAN_POINT ( 'NONE',  ( -0.1771653543307086798, 0.2559055118110236671, -0.5019685039370078705 ) ) ;
#2542 = SURFACE_SIDE_STYLE ('',( #4011 ) ) ;
#2543 = DIRECTION ( 'NONE',  ( 1.000000000000000000, 0.0000000000000000000, 0.0000000000000000000 ) ) ;
#2544 = AXIS2_PLACEMENT_3D ( 'NONE', #2487, #3917, #5463 ) ;
#2545 = LENGTH_MEASURE_WITH_UNIT ( LENGTH_MEASURE( 0.02539999999999999897 ), #632 );
#2546 = ORIENTED_EDGE ( 'NONE', *, *, #3996, .F. ) ;
#2547 = DIRECTION ( 'NONE',  ( -1.421904488505579654E-16, 1.000000000000000000, 0.0000000000000000000 ) ) ;
#2548 = ORIENTED_EDGE ( 'NONE', *, *, #4939, .F. ) ;
#2549 = VECTOR ( 'NONE', #3145, 39.37007874015748143 ) ;
#2550 = CARTESIAN_POINT ( 'NONE',  ( 0.1771653543307086798, 0.1181102362204723838, -0.06889763779527563470 ) ) ;
#2551 = CARTESIAN_POINT ( 'NONE',  ( -0.1771653543307086798, 0.3937007874015747699, -0.06889763779527559306 ) ) ;
#2552 = EDGE_CURVE ( 'NONE', #1182, #4529, #3610, .T. ) ;
#2553 = EDGE_CURVE ( 'NONE', #3850, #5524, #4145, .T. ) ;
#2554 =( NAMED_UNIT ( * ) PLANE_ANGLE_UNIT ( ) SI_UNIT ( $, .RADIAN. ) );
#2555 =( NAMED_UNIT ( * ) SI_UNIT ( $, .STERADIAN. ) SOLID_ANGLE_UNIT ( ) );
#2556 = DIRECTION ( 'NONE',  ( 0.0000000000000000000, -0.8574929257125443183, 0.5144957554275263467 ) ) ;
#2557 = STYLED_ITEM ( 'NONE', ( #3288 ), #5922 ) ;
#2558 = DIMENSIONAL_EXPONENTS ( 1.000000000000000000, 0.0000000000000000000, 0.0000000000000000000, 0.0000000000000000000, 0.0000000000000000000, 0.0000000000000000000, 0.0000000000000000000 ) ;
#2559 = MANIFOLD_SOLID_BREP ( 'Cut-Extrude226', #2776 ) ;
#2560 =( GEOMETRIC_REPRESENTATION_CONTEXT ( 3 ) GLOBAL_UNCERTAINTY_ASSIGNED_CONTEXT ( ( #3554 ) ) GLOBAL_UNIT_ASSIGNED_CONTEXT ( ( #529, #2512, #1503 ) ) REPRESENTATION_CONTEXT ( 'NONE', 'WORKASPACE' ) );
#2561 = ORIENTED_EDGE ( 'NONE', *, *, #5336, .T. ) ;
#2562 = ORIENTED_EDGE ( 'NONE', *, *, #4865, .T. ) ;
#2563 =( GEOMETRIC_REPRESENTATION_CONTEXT ( 3 ) GLOBAL_UNCERTAINTY_ASSIGNED_CONTEXT ( ( #4098 ) ) GLOBAL_UNIT_ASSIGNED_CONTEXT ( ( #5574, #564, #1473 ) ) REPRESENTATION_CONTEXT ( 'NONE', 'WORKASPACE' ) );
#2564 = COLOUR_RGB ( '',0.2509803921568627416, 0.2509803921568627416, 0.2509803921568627416 ) ;
#2565 = SURFACE_SIDE_STYLE ('',( #6018 ) ) ;
#2566 = EDGE_CURVE ( 'NONE', #6282, #1391, #3143, .T. ) ;
#2567 = SURFACE_STYLE_USAGE ( .BOTH. , #6091 ) ;
#2568 = DIRECTION ( 'NONE',  ( 1.000000000000000000, 0.0000000000000000000, 0.0000000000000000000 ) ) ;
#2569 = CARTESIAN_POINT ( 'NONE',  ( 0.1771653543307086798, 0.0000000000000000000, -0.5019685039370078705 ) ) ;
#2570 = VERTEX_POINT ( 'NONE', #3174 ) ;
#2571 = LINE ( 'NONE', #4156, #468 ) ;
#2572 = FILL_AREA_STYLE ('',( #1631 ) ) ;
#2573 =( LENGTH_UNIT ( ) NAMED_UNIT ( * ) SI_UNIT ( $, .METRE. ) );
#2574 = LENGTH_MEASURE_WITH_UNIT ( LENGTH_MEASURE( 0.02539999999999999897 ), #6089 );
#2575 = LINE ( 'NONE', #4159, #806 ) ;
#2576 = LINE ( 'NONE', #2536, #2597 ) ;
#2577 = ORIENTED_EDGE ( 'NONE', *, *, #1481, .F. ) ;
#2578 = UNCERTAINTY_MEASURE_WITH_UNIT (LENGTH_MEASURE( 1.000000000000000082E-05 ), #472, 'distance_accuracy_value', 'NONE');
#2579 = STYLED_ITEM ( 'NONE', ( #5611 ), #607 ) ;
#2580 = DIRECTION ( 'NONE',  ( -5.421010862427522170E-16, 1.000000000000000000, 0.0000000000000000000 ) ) ;
#2581 = SURFACE_STYLE_USAGE ( .BOTH. , #492 ) ;
#2582 = CARTESIAN_POINT ( 'NONE',  ( 0.01574803149606299191, 0.1417322834645669549, -0.5787401574803149318 ) ) ;
#2583 = AXIS2_PLACEMENT_3D ( 'NONE', #3646, #4507, #5507 ) ;
#2584 = DIRECTION ( 'NONE',  ( 9.856383386231857595E-17, 1.000000000000000000, 0.0000000000000000000 ) ) ;
#2585 = LINE ( 'NONE', #3235, #4405 ) ;
#2586 = ORIENTED_EDGE ( 'NONE', *, *, #1031, .F. ) ;
#2587 =( NAMED_UNIT ( * ) PLANE_ANGLE_UNIT ( ) SI_UNIT ( $, .RADIAN. ) );
#2588 = CARTESIAN_POINT ( 'NONE',  ( 0.0000000000000000000, 0.2559055118110236671, -0.09842519685039369248 ) ) ;
#2589 = ORIENTED_EDGE ( 'NONE', *, *, #5802, .T. ) ;
#2590 = VECTOR ( 'NONE', #4945, 39.37007874015748143 ) ;
#2591 = PLANE ( 'NONE',  #4578 ) ;
#2592 = DIRECTION ( 'NONE',  ( 0.0000000000000000000, 0.0000000000000000000, 1.000000000000000000 ) ) ;
#2593 = CARTESIAN_POINT ( 'NONE',  ( -0.1614173228346456879, 0.1259842519685039353, -0.5019685039370078705 ) ) ;
#2594 = CARTESIAN_POINT ( 'NONE',  ( 0.01574803149606299191, 0.1417322834645669549, -0.5629921259842519676 ) ) ;
#2595 = FILL_AREA_STYLE ('',( #5890 ) ) ;
#2596 = CARTESIAN_POINT ( 'NONE',  ( 0.0000000000000000000, 0.2559055118110236671, -0.5944881889763780070 ) ) ;
#2597 = VECTOR ( 'NONE', #3970, 39.37007874015748143 ) ;
#2598 = MANIFOLD_SOLID_BREP ( 'Cut-Extrude227', #6146 ) ;
#2599 = EDGE_LOOP ( 'NONE', ( #1149, #5455, #5070, #4612, #3898, #703 ) ) ;
#2600 = UNCERTAINTY_MEASURE_WITH_UNIT (LENGTH_MEASURE( 1.000000000000000082E-05 ), #4952, 'distance_accuracy_value', 'NONE');
#2601 = ORIENTED_EDGE ( 'NONE', *, *, #4340, .T. ) ;
#2602 = AXIS2_PLACEMENT_3D ( 'NONE', #2069, #4969, #2983 ) ;
#2603 =( NAMED_UNIT ( * ) SI_UNIT ( $, .STERADIAN. ) SOLID_ANGLE_UNIT ( ) );
#2604 = SURFACE_STYLE_USAGE ( .BOTH. , #2988 ) ;
#2605 = LINE ( 'NONE', #2109, #6055 ) ;
#2606 = COLOUR_RGB ( '',0.2509803921568627416, 0.2509803921568627416, 0.2509803921568627416 ) ;
#2607 = EDGE_CURVE ( 'NONE', #3696, #5580, #4696, .T. ) ;
#2608 = SURFACE_STYLE_FILL_AREA ( #2499 ) ;
#2609 = ADVANCED_FACE ( 'NONE', ( #2362 ), #4245, .F. ) ;
#2610 =( CONVERSION_BASED_UNIT ( 'INCH', #6022 ) LENGTH_UNIT ( ) NAMED_UNIT ( #781 ) );
#2611 = AXIS2_PLACEMENT_3D ( 'NONE', #5423, #6347, #1002 ) ;
#2612 = CYLINDRICAL_SURFACE ( 'NONE', #3061, 0.03937007874015747977 ) ;
#2613 = CARTESIAN_POINT ( 'NONE',  ( -0.05118110236220467513, 0.03937007874015747977, -0.5019685039370078705 ) ) ;
#2614 = DIRECTION ( 'NONE',  ( -0.0000000000000000000, -0.0000000000000000000, -1.000000000000000000 ) ) ;
#2615 = ORIENTED_EDGE ( 'NONE', *, *, #1599, .F. ) ;
#2616 =( CONVERSION_BASED_UNIT ( 'INCH', #629 ) LENGTH_UNIT ( ) NAMED_UNIT ( #3494 ) );
#2617 = CARTESIAN_POINT ( 'NONE',  ( 0.1614173228346456601, 0.01574803149606299191, -0.5019685039370078705 ) ) ;
#2618 = EDGE_LOOP ( 'NONE', ( #945, #5462, #6129, #3212 ) ) ;
#2619 = VECTOR ( 'NONE', #5033, 39.37007874015748143 ) ;
#2620 = SURFACE_STYLE_USAGE ( .BOTH. , #6007 ) ;
#2621 = VERTEX_POINT ( 'NONE', #3828 ) ;
#2622 = FACE_OUTER_BOUND ( 'NONE', #4828, .T. ) ;
#2623 = SURFACE_SIDE_STYLE ('',( #5159 ) ) ;
#2624 = DIRECTION ( 'NONE',  ( -1.000000000000000000, 0.0000000000000000000, 0.0000000000000000000 ) ) ;
#2625 = MECHANICAL_DESIGN_GEOMETRIC_PRESENTATION_REPRESENTATION (  '', ( #5084 ), #4766 ) ;
#2626 = DIRECTION ( 'NONE',  ( -1.000000000000000000, 0.0000000000000000000, 0.0000000000000000000 ) ) ;
#2627 = ORIENTED_EDGE ( 'NONE', *, *, #5497, .F. ) ;
#2628 = FILL_AREA_STYLE_COLOUR ( '', #2139 ) ;
#2629 = COLOUR_RGB ( '',1.000000000000000000, 1.000000000000000000, 1.000000000000000000 ) ;
#2630 = EDGE_LOOP ( 'NONE', ( #772, #1254, #876, #1386 ) ) ;
#2631 = VECTOR ( 'NONE', #2247, 39.37007874015748143 ) ;
#2632 = FILL_AREA_STYLE ('',( #233 ) ) ;
#2633 =( CONVERSION_BASED_UNIT ( 'INCH', #4609 ) LENGTH_UNIT ( ) NAMED_UNIT ( #4263 ) );
#2634 = STYLED_ITEM ( 'NONE', ( #5701 ), #3840 ) ;
#2635 = CARTESIAN_POINT ( 'NONE',  ( 0.09842519685039369248, 0.1456692913385826682, -0.5019685039370078705 ) ) ;
#2636 = DIRECTION ( 'NONE',  ( 1.000000000000000000, 0.0000000000000000000, 0.0000000000000000000 ) ) ;
#2637 = EDGE_CURVE ( 'NONE', #6243, #1070, #3335, .T. ) ;
#2638 = EDGE_CURVE ( 'NONE', #4728, #3631, #918, .T. ) ;
#2639 = LINE ( 'NONE', #5644, #5000 ) ;
#2640 = AXIS2_PLACEMENT_3D ( 'NONE', #3321, #3877, #4296 ) ;
#2641 = DIRECTION ( 'NONE',  ( -1.000000000000000000, 0.0000000000000000000, 0.0000000000000000000 ) ) ;
#2642 = ADVANCED_FACE ( 'NONE', ( #5309 ), #5282, .F. ) ;
#2643 = PLANE ( 'NONE',  #2901 ) ;
#2644 = ORIENTED_EDGE ( 'NONE', *, *, #2995, .F. ) ;
#2645 = UNCERTAINTY_MEASURE_WITH_UNIT (LENGTH_MEASURE( 1.000000000000000082E-05 ), #761, 'distance_accuracy_value', 'NONE');
#2646 = FILL_AREA_STYLE_COLOUR ( '', #2135 ) ;
#2647 = PRESENTATION_STYLE_ASSIGNMENT (( #1641 ) ) ;
#2648 = EDGE_CURVE ( 'NONE', #4625, #3957, #2908, .T. ) ;
#2649 = LENGTH_MEASURE_WITH_UNIT ( LENGTH_MEASURE( 0.02539999999999999897 ), #3659 );
#2650 = ORIENTED_EDGE ( 'NONE', *, *, #2470, .F. ) ;
#2651 = ORIENTED_EDGE ( 'NONE', *, *, #4824, .F. ) ;
#2652 =( LENGTH_UNIT ( ) NAMED_UNIT ( * ) SI_UNIT ( $, .METRE. ) );
#2653 =( LENGTH_UNIT ( ) NAMED_UNIT ( * ) SI_UNIT ( $, .METRE. ) );
#2654 = SURFACE_STYLE_USAGE ( .BOTH. , #5561 ) ;
#2655 = AXIS2_PLACEMENT_3D ( 'NONE', #1040, #5903, #2508 ) ;
#2656 =( NAMED_UNIT ( * ) PLANE_ANGLE_UNIT ( ) SI_UNIT ( $, .RADIAN. ) );
#2657 = ORIENTED_EDGE ( 'NONE', *, *, #3116, .T. ) ;
#2658 = FACE_OUTER_BOUND ( 'NONE', #1239, .T. ) ;
#2659 =( GEOMETRIC_REPRESENTATION_CONTEXT ( 3 ) GLOBAL_UNCERTAINTY_ASSIGNED_CONTEXT ( ( #6177 ) ) GLOBAL_UNIT_ASSIGNED_CONTEXT ( ( #2929, #2438, #3464 ) ) REPRESENTATION_CONTEXT ( 'NONE', 'WORKASPACE' ) );
#2660 = CYLINDRICAL_SURFACE ( 'NONE', #6140, 0.03543307086614172485 ) ;
#2661 = UNCERTAINTY_MEASURE_WITH_UNIT (LENGTH_MEASURE( 1.000000000000000082E-05 ), #3445, 'distance_accuracy_value', 'NONE');
#2662 = ORIENTED_EDGE ( 'NONE', *, *, #1367, .T. ) ;
#2663 = DIRECTION ( 'NONE',  ( 1.000000000000000000, 0.0000000000000000000, 0.0000000000000000000 ) ) ;
#2664 = CYLINDRICAL_SURFACE ( 'NONE', #5165, 0.03543307086614172485 ) ;
#2665 = VECTOR ( 'NONE', #5721, 39.37007874015748143 ) ;
#2666 = PRESENTATION_LAYER_ASSIGNMENT (  '', '', ( #2042 ) ) ;
#2667 = CARTESIAN_POINT ( 'NONE',  ( 0.1929133858267716439, 0.1456692913385826682, -0.4035433070866140670 ) ) ;
#2668 = LINE ( 'NONE', #1692, #1837 ) ;
#2669 = FILL_AREA_STYLE_COLOUR ( '', #1364 ) ;
#2670 = STYLED_ITEM ( 'NONE', ( #4544 ), #103 ) ;
#2671 = AXIS2_PLACEMENT_3D ( 'NONE', #1318, #5251, #831 ) ;
#2672 = SURFACE_STYLE_USAGE ( .BOTH. , #175 ) ;
#2673 = LENGTH_MEASURE_WITH_UNIT ( LENGTH_MEASURE( 0.02539999999999999897 ), #655 );
#2674 = DIRECTION ( 'NONE',  ( 1.000000000000000000, 0.0000000000000000000, 0.0000000000000000000 ) ) ;
#2675 = LENGTH_MEASURE_WITH_UNIT ( LENGTH_MEASURE( 0.02539999999999999897 ), #1169 );
#2676 = VERTEX_POINT ( 'NONE', #4825 ) ;
#2677 = DIMENSIONAL_EXPONENTS ( 1.000000000000000000, 0.0000000000000000000, 0.0000000000000000000, 0.0000000000000000000, 0.0000000000000000000, 0.0000000000000000000, 0.0000000000000000000 ) ;
#2678 = EDGE_CURVE ( 'NONE', #1356, #1070, #3926, .T. ) ;
#2679 = ADVANCED_FACE ( 'NONE', ( #4763 ), #4221, .T. ) ;
#2680 = LINE ( 'NONE', #5085, #1209 ) ;
#2681 = CARTESIAN_POINT ( 'NONE',  ( 0.1771653543307086798, 0.1614173228346456879, -0.4035433070866140670 ) ) ;
#2682 = FILL_AREA_STYLE ('',( #701 ) ) ;
#2683 =( LENGTH_UNIT ( ) NAMED_UNIT ( * ) SI_UNIT ( $, .METRE. ) );
#2684 = MECHANICAL_DESIGN_GEOMETRIC_PRESENTATION_REPRESENTATION (  '', ( #2579 ), #3489 ) ;
#2685 = SURFACE_SIDE_STYLE ('',( #6166 ) ) ;
#2686 = ORIENTED_EDGE ( 'NONE', *, *, #737, .F. ) ;
#2687 = EDGE_CURVE ( 'NONE', #1786, #1682, #4435, .T. ) ;
#2688 = ORIENTED_EDGE ( 'NONE', *, *, #373, .F. ) ;
#2689 = DIRECTION ( 'NONE',  ( -1.000000000000000000, 0.0000000000000000000, 0.0000000000000000000 ) ) ;
#2690 = EDGE_CURVE ( 'NONE', #3605, #5019, #1681, .T. ) ;
#2691 =( NAMED_UNIT ( * ) PLANE_ANGLE_UNIT ( ) SI_UNIT ( $, .RADIAN. ) );
#2692 = SURFACE_STYLE_USAGE ( .BOTH. , #5129 ) ;
#2693 = ORIENTED_EDGE ( 'NONE', *, *, #4195, .T. ) ;
#2694 = MECHANICAL_DESIGN_GEOMETRIC_PRESENTATION_REPRESENTATION (  '', ( #3807 ), #6263 ) ;
#2695 =( NAMED_UNIT ( * ) SI_UNIT ( $, .STERADIAN. ) SOLID_ANGLE_UNIT ( ) );
#2696 = EDGE_LOOP ( 'NONE', ( #1622, #4333, #5330, #3462 ) ) ;
#2697 = SURFACE_STYLE_USAGE ( .BOTH. , #201 ) ;
#2698 = AXIS2_PLACEMENT_3D ( 'NONE', #231, #3705, #3740 ) ;
#2699 = FILL_AREA_STYLE_COLOUR ( '', #2914 ) ;
#2700 = DIRECTION ( 'NONE',  ( 0.0000000000000000000, 0.0000000000000000000, -1.000000000000000000 ) ) ;
#2701 = DIRECTION ( 'NONE',  ( -1.000000000000000000, 0.0000000000000000000, 0.0000000000000000000 ) ) ;
#2702 = VECTOR ( 'NONE', #504, 39.37007874015748143 ) ;
#2703 = VECTOR ( 'NONE', #6114, 39.37007874015748143 ) ;
#2704 = DIRECTION ( 'NONE',  ( 0.0000000000000000000, 0.0000000000000000000, 1.000000000000000000 ) ) ;
#2705 =( NAMED_UNIT ( * ) SI_UNIT ( $, .STERADIAN. ) SOLID_ANGLE_UNIT ( ) );
#2706 = PRESENTATION_LAYER_ASSIGNMENT (  '', '', ( #1875 ) ) ;
#2707 = DIRECTION ( 'NONE',  ( 0.0000000000000000000, 0.0000000000000000000, -1.000000000000000000 ) ) ;
#2708 = VERTEX_POINT ( 'NONE', #2765 ) ;
#2709 = UNCERTAINTY_MEASURE_WITH_UNIT (LENGTH_MEASURE( 1.000000000000000082E-05 ), #1671, 'distance_accuracy_value', 'NONE');
#2710 = SURFACE_STYLE_USAGE ( .BOTH. , #210 ) ;
#2711 = LINE ( 'NONE', #4654, #4079 ) ;
#2712 = SURFACE_STYLE_FILL_AREA ( #1742 ) ;
#2713 = SURFACE_STYLE_FILL_AREA ( #1145 ) ;
#2714 = DIRECTION ( 'NONE',  ( 0.0000000000000000000, 1.000000000000000000, 0.0000000000000000000 ) ) ;
#2715 = VERTEX_POINT ( 'NONE', #3130 ) ;
#2716 =( GEOMETRIC_REPRESENTATION_CONTEXT ( 3 ) GLOBAL_UNCERTAINTY_ASSIGNED_CONTEXT ( ( #6219 ) ) GLOBAL_UNIT_ASSIGNED_CONTEXT ( ( #4665, #5702, #1223 ) ) REPRESENTATION_CONTEXT ( 'NONE', 'WORKASPACE' ) );
#2717 = ORIENTED_EDGE ( 'NONE', *, *, #2553, .F. ) ;
#2718 = CARTESIAN_POINT ( 'NONE',  ( 0.0000000000000000000, 0.2559055118110236671, -0.4035433070866141225 ) ) ;
#2719 = CARTESIAN_POINT ( 'NONE',  ( 0.1771653543307086798, 0.3937007874015747699, -0.03937007874015747977 ) ) ;
#2720 = DIMENSIONAL_EXPONENTS ( 1.000000000000000000, 0.0000000000000000000, 0.0000000000000000000, 0.0000000000000000000, 0.0000000000000000000, 0.0000000000000000000, 0.0000000000000000000 ) ;
#2721 = FILL_AREA_STYLE_COLOUR ( '', #1067 ) ;
#2722 = DIRECTION ( 'NONE',  ( -1.000000000000000000, 0.0000000000000000000, 0.0000000000000000000 ) ) ;
#2723 = ADVANCED_FACE ( 'NONE', ( #292 ), #2118, .T. ) ;
#2724 = PRESENTATION_LAYER_ASSIGNMENT (  '', '', ( #3632 ) ) ;
#2725 = EDGE_CURVE ( 'NONE', #5550, #2943, #5895, .T. ) ;
#2726 = SURFACE_SIDE_STYLE ('',( #4115 ) ) ;
#2727 = EDGE_LOOP ( 'NONE', ( #3338, #4008, #4202, #3633, #1817, #4970, #4171, #3841 ) ) ;
#2728 = SURFACE_STYLE_USAGE ( .BOTH. , #5167 ) ;
#2729 = EDGE_CURVE ( 'NONE', #4906, #802, #5236, .T. ) ;
#2730 = UNCERTAINTY_MEASURE_WITH_UNIT (LENGTH_MEASURE( 1.000000000000000082E-05 ), #5808, 'distance_accuracy_value', 'NONE');
#2731 = ORIENTED_EDGE ( 'NONE', *, *, #5651, .F. ) ;
#2732 =( GEOMETRIC_REPRESENTATION_CONTEXT ( 3 ) GLOBAL_UNCERTAINTY_ASSIGNED_CONTEXT ( ( #4500 ) ) GLOBAL_UNIT_ASSIGNED_CONTEXT ( ( #5971, #3005, #3411 ) ) REPRESENTATION_CONTEXT ( 'NONE', 'WORKASPACE' ) );
#2733 = DIRECTION ( 'NONE',  ( 1.000000000000000000, 0.0000000000000000000, 0.0000000000000000000 ) ) ;
#2734 = PRESENTATION_LAYER_ASSIGNMENT (  '', '', ( #2003 ) ) ;
#2735 = DIRECTION ( 'NONE',  ( 1.000000000000000000, 0.0000000000000000000, 0.0000000000000000000 ) ) ;
#2736 = CARTESIAN_POINT ( 'NONE',  ( 8.055539600302798184E-19, 0.2775590551181102983, -0.5019685039370078705 ) ) ;
#2737 = SURFACE_SIDE_STYLE ('',( #2244 ) ) ;
#2738 = COLOUR_RGB ( '',0.2509803921568627416, 0.2509803921568627416, 0.2509803921568627416 ) ;
#2739 = CARTESIAN_POINT ( 'NONE',  ( 0.09842519685039369248, 0.1456692913385826682, -0.5019685039370078705 ) ) ;
#2740 =( CONVERSION_BASED_UNIT ( 'INCH', #656 ) LENGTH_UNIT ( ) NAMED_UNIT ( #4338 ) );
#2741 = SURFACE_STYLE_USAGE ( .BOTH. , #5081 ) ;
#2742 = EDGE_LOOP ( 'NONE', ( #5184, #1083, #3797, #4321 ) ) ;
#2743 = AXIS2_PLACEMENT_3D ( 'NONE', #5801, #1393, #3370 ) ;
#2744 = STYLED_ITEM ( 'NONE', ( #4452 ), #3952 ) ;
#2745 = DIRECTION ( 'NONE',  ( -1.000000000000000000, -0.0000000000000000000, -0.0000000000000000000 ) ) ;
#2746 = FILL_AREA_STYLE_COLOUR ( '', #89 ) ;
#2747 = EDGE_LOOP ( 'NONE', ( #4383, #556, #4406, #3298 ) ) ;
#2748 = AXIS2_PLACEMENT_3D ( 'NONE', #4780, #1311, #3267 ) ;
#2749 = ORIENTED_EDGE ( 'NONE', *, *, #2883, .T. ) ;
#2750 =( NAMED_UNIT ( * ) SI_UNIT ( $, .STERADIAN. ) SOLID_ANGLE_UNIT ( ) );
#2751 = CARTESIAN_POINT ( 'NONE',  ( 0.09540646311852468697, 0.1968503937007873850, 0.0000000000000000000 ) ) ;
#2752 =( CONVERSION_BASED_UNIT ( 'INCH', #6080 ) LENGTH_UNIT ( ) NAMED_UNIT ( #1976 ) );
#2753 = STYLED_ITEM ( 'NONE', ( #3928 ), #4455 ) ;
#2754 = ORIENTED_EDGE ( 'NONE', *, *, #4541, .T. ) ;
#2755 = CARTESIAN_POINT ( 'NONE',  ( -0.04921259842519691563, 19685.03937007874265, -0.3395669291338583307 ) ) ;
#2756 = VERTEX_POINT ( 'NONE', #3674 ) ;
#2757 = EDGE_CURVE ( 'NONE', #3605, #1124, #1192, .T. ) ;
#2758 = STYLED_ITEM ( 'NONE', ( #1150 ), #4584 ) ;
#2759 = EDGE_CURVE ( 'NONE', #1154, #5432, #1297, .T. ) ;
#2760 = CARTESIAN_POINT ( 'NONE',  ( 0.1771653543307086798, 0.2559055118110236671, -0.5019685039370078705 ) ) ;
#2761 =( CONVERSION_BASED_UNIT ( 'INCH', #1756 ) LENGTH_UNIT ( ) NAMED_UNIT ( #6066 ) );
#2762 = LENGTH_MEASURE_WITH_UNIT ( LENGTH_MEASURE( 0.02539999999999999897 ), #2270 );
#2763 = DIMENSIONAL_EXPONENTS ( 1.000000000000000000, 0.0000000000000000000, 0.0000000000000000000, 0.0000000000000000000, 0.0000000000000000000, 0.0000000000000000000, 0.0000000000000000000 ) ;
#2764 = VECTOR ( 'NONE', #4426, 39.37007874015748143 ) ;
#2765 = CARTESIAN_POINT ( 'NONE',  ( 0.09842519685039369248, 0.1456692913385826404, -0.5019685039370078705 ) ) ;
#2766 = VECTOR ( 'NONE', #3628, 39.37007874015748143 ) ;
#2767 = PLANE ( 'NONE',  #473 ) ;
#2768 = EDGE_CURVE ( 'NONE', #2927, #1494, #1656, .T. ) ;
#2769 = DIRECTION ( 'NONE',  ( 1.000000000000000000, 0.0000000000000000000, 0.0000000000000000000 ) ) ;
#2770 = PLANE ( 'NONE',  #3562 ) ;
#2771 = CIRCLE ( 'NONE', #4595, 0.05905511811023623353 ) ;
#2772 = ORIENTED_EDGE ( 'NONE', *, *, #1077, .F. ) ;
#2773 = UNCERTAINTY_MEASURE_WITH_UNIT (LENGTH_MEASURE( 1.000000000000000082E-05 ), #2481, 'distance_accuracy_value', 'NONE');
#2774 = DIRECTION ( 'NONE',  ( -1.000000000000000000, -1.204669080539449344E-16, 0.0000000000000000000 ) ) ;
#2775 = SURFACE_SIDE_STYLE ('',( #788 ) ) ;
#2776 = CLOSED_SHELL ( 'NONE', ( #2123, #3915, #855, #4543, #3961, #6079, #2195, #3952 ) ) ;
#2777 = CARTESIAN_POINT ( 'NONE',  ( 0.1771653543307086798, 0.4330708661417322913, 0.0000000000000000000 ) ) ;
#2778 =( LENGTH_UNIT ( ) NAMED_UNIT ( * ) SI_UNIT ( $, .METRE. ) );
#2779 = ORIENTED_EDGE ( 'NONE', *, *, #141, .T. ) ;
#2780 = ORIENTED_EDGE ( 'NONE', *, *, #4064, .T. ) ;
#2781 = CARTESIAN_POINT ( 'NONE',  ( 0.04921259842519691563, -0.08858267716535427050, -0.2573434003509834089 ) ) ;
#2782 = FACE_OUTER_BOUND ( 'NONE', #1262, .T. ) ;
#2783 = SURFACE_STYLE_FILL_AREA ( #5161 ) ;
#2784 = SURFACE_SIDE_STYLE ('',( #892 ) ) ;
#2785 = ORIENTED_EDGE ( 'NONE', *, *, #2470, .T. ) ;
#2786 = SURFACE_SIDE_STYLE ('',( #1384 ) ) ;
#2787 = DIRECTION ( 'NONE',  ( 1.000000000000000000, 0.0000000000000000000, 0.0000000000000000000 ) ) ;
#2788 = VERTEX_POINT ( 'NONE', #1719 ) ;
#2789 = COLOUR_RGB ( '',0.2509803921568627416, 0.2509803921568627416, 0.2509803921568627416 ) ;
#2790 = SURFACE_SIDE_STYLE ('',( #407 ) ) ;
#2791 = LENGTH_MEASURE_WITH_UNIT ( LENGTH_MEASURE( 0.02539999999999999897 ), #5172 );
#2792 = FACE_OUTER_BOUND ( 'NONE', #5838, .T. ) ;
#2793 = STYLED_ITEM ( 'NONE', ( #2830 ), #930 ) ;
#2794 = LINE ( 'NONE', #350, #5750 ) ;
#2795 = COLOUR_RGB ( '',1.000000000000000000, 1.000000000000000000, 1.000000000000000000 ) ;
#2796 = DIRECTION ( 'NONE',  ( 0.0000000000000000000, 0.0000000000000000000, 1.000000000000000000 ) ) ;
#2797 =( LENGTH_UNIT ( ) NAMED_UNIT ( * ) SI_UNIT ( $, .METRE. ) );
#2798 = EDGE_CURVE ( 'NONE', #5469, #1182, #288, .T. ) ;
#2799 = FILL_AREA_STYLE_COLOUR ( '', #2789 ) ;
#2800 = STYLED_ITEM ( 'NONE', ( #4083 ), #2559 ) ;
#2801 = PRESENTATION_LAYER_ASSIGNMENT (  '', '', ( #1765 ) ) ;
#2802 = VERTEX_POINT ( 'NONE', #6053 ) ;
#2803 = CARTESIAN_POINT ( 'NONE',  ( -0.05905511811023623353, -0.07874015748031495954, -0.5629921259842519676 ) ) ;
#2804 = EDGE_CURVE ( 'NONE', #2984, #2506, #4334, .T. ) ;
#2805 = DIMENSIONAL_EXPONENTS ( 1.000000000000000000, 0.0000000000000000000, 0.0000000000000000000, 0.0000000000000000000, 0.0000000000000000000, 0.0000000000000000000, 0.0000000000000000000 ) ;
#2806 = CARTESIAN_POINT ( 'NONE',  ( 0.0000000000000000000, 0.2559055118110236671, -0.5787401574803149318 ) ) ;
#2807 = COLOUR_RGB ( '',1.000000000000000000, 1.000000000000000000, 1.000000000000000000 ) ;
#2808 = DIRECTION ( 'NONE',  ( 0.0000000000000000000, 0.0000000000000000000, 1.000000000000000000 ) ) ;
#2809 = DIRECTION ( 'NONE',  ( 0.0000000000000000000, -1.000000000000000000, 0.0000000000000000000 ) ) ;
#2810 = FILL_AREA_STYLE ('',( #6192 ) ) ;
#2811 = DIRECTION ( 'NONE',  ( 0.0000000000000000000, 0.0000000000000000000, 1.000000000000000000 ) ) ;
#2812 = ORIENTED_EDGE ( 'NONE', *, *, #3683, .T. ) ;
#2813 = STYLED_ITEM ( 'NONE', ( #3882 ), #1848 ) ;
#2814 = ORIENTED_EDGE ( 'NONE', *, *, #6155, .T. ) ;
#2815 = FILL_AREA_STYLE_COLOUR ( '', #5608 ) ;
#2816 = DIRECTION ( 'NONE',  ( 0.0000000000000000000, -1.000000000000000000, 0.0000000000000000000 ) ) ;
#2817 = SURFACE_STYLE_FILL_AREA ( #4880 ) ;
#2818 = SURFACE_STYLE_FILL_AREA ( #4853 ) ;
#2819 =( GEOMETRIC_REPRESENTATION_CONTEXT ( 3 ) GLOBAL_UNCERTAINTY_ASSIGNED_CONTEXT ( ( #4947 ) ) GLOBAL_UNIT_ASSIGNED_CONTEXT ( ( #2503, #3467, #4445 ) ) REPRESENTATION_CONTEXT ( 'NONE', 'WORKASPACE' ) );
#2820 = DIRECTION ( 'NONE',  ( 0.0000000000000000000, 0.0000000000000000000, -1.000000000000000000 ) ) ;
#2821 = ORIENTED_EDGE ( 'NONE', *, *, #563, .T. ) ;
#2822 = CARTESIAN_POINT ( 'NONE',  ( -0.06692913385826770867, 0.007874015748031497688, -0.5787401574803149318 ) ) ;
#2823 = VERTEX_POINT ( 'NONE', #773 ) ;
#2824 = FILL_AREA_STYLE ('',( #2422 ) ) ;
#2825 = CARTESIAN_POINT ( 'NONE',  ( 0.01574803149606299191, 0.08641732283464564901, -0.5770472440944881543 ) ) ;
#2826 = MECHANICAL_DESIGN_GEOMETRIC_PRESENTATION_REPRESENTATION (  '', ( #534 ), #2716 ) ;
#2827 = FILL_AREA_STYLE_COLOUR ( '', #5670 ) ;
#2828 = CARTESIAN_POINT ( 'NONE',  ( 0.1244991204790699690, 0.3149606299212598381, -0.03937007874015750059 ) ) ;
#2829 = EDGE_LOOP ( 'NONE', ( #5960, #3296 ) ) ;
#2830 = PRESENTATION_STYLE_ASSIGNMENT (( #4256 ) ) ;
#2831 = LENGTH_MEASURE_WITH_UNIT ( LENGTH_MEASURE( 0.02539999999999999897 ), #5770 );
#2832 = FACE_OUTER_BOUND ( 'NONE', #1876, .T. ) ;
#2833 = SURFACE_STYLE_USAGE ( .BOTH. , #4773 ) ;
#2834 = PRESENTATION_STYLE_ASSIGNMENT (( #2741 ) ) ;
#2835 = VERTEX_POINT ( 'NONE', #2760 ) ;
#2836 = UNCERTAINTY_MEASURE_WITH_UNIT (LENGTH_MEASURE( 1.000000000000000082E-05 ), #2740, 'distance_accuracy_value', 'NONE');
#2837 = STYLED_ITEM ( 'NONE', ( #4101 ), #3341 ) ;
#2838 = ADVANCED_FACE ( 'NONE', ( #807 ), #4183, .F. ) ;
#2839 = SURFACE_STYLE_USAGE ( .BOTH. , #2218 ) ;
#2840 = EDGE_CURVE ( 'NONE', #2292, #1391, #1792, .T. ) ;
#2841 = DIRECTION ( 'NONE',  ( 1.776356839400250465E-15, -1.000000000000000000, -1.521687259628778015E-16 ) ) ;
#2842 = LINE ( 'NONE', #2321, #4229 ) ;
#2843 = EDGE_CURVE ( 'NONE', #2993, #4765, #5204, .T. ) ;
#2844 = PRESENTATION_LAYER_ASSIGNMENT (  '', '', ( #6108 ) ) ;
#2845 = LENGTH_MEASURE_WITH_UNIT ( LENGTH_MEASURE( 0.02539999999999999897 ), #1249 );
#2846 = LINE ( 'NONE', #397, #5344 ) ;
#2847 = ORIENTED_EDGE ( 'NONE', *, *, #694, .F. ) ;
#2848 = COLOUR_RGB ( '',1.000000000000000000, 1.000000000000000000, 1.000000000000000000 ) ;
#2849 = SURFACE_STYLE_FILL_AREA ( #3273 ) ;
#2850 = CARTESIAN_POINT ( 'NONE',  ( -0.08450248831449320985, 0.1820866141732283006, -0.05413385826771659193 ) ) ;
#2851 = CARTESIAN_POINT ( 'NONE',  ( 0.0000000000000000000, -0.08858267716535427050, -0.3297244094488189226 ) ) ;
#2852 = DIMENSIONAL_EXPONENTS ( 1.000000000000000000, 0.0000000000000000000, 0.0000000000000000000, 0.0000000000000000000, 0.0000000000000000000, 0.0000000000000000000, 0.0000000000000000000 ) ;
#2853 = EDGE_CURVE ( 'NONE', #6282, #5054, #4547, .T. ) ;
#2854 = AXIS2_PLACEMENT_3D ( 'NONE', #4872, #2534, #3404 ) ;
#2855 = ORIENTED_EDGE ( 'NONE', *, *, #6312, .F. ) ;
#2856 = CARTESIAN_POINT ( 'NONE',  ( -0.1614173228346456879, 0.1259842519685039353, -0.5019685039370078705 ) ) ;
#2857 = PRESENTATION_STYLE_ASSIGNMENT (( #1295 ) ) ;
#2858 = VERTEX_POINT ( 'NONE', #3642 ) ;
#2859 =( NAMED_UNIT ( * ) PLANE_ANGLE_UNIT ( ) SI_UNIT ( $, .RADIAN. ) );
#2860 = SURFACE_STYLE_FILL_AREA ( #1945 ) ;
#2861 = STYLED_ITEM ( 'NONE', ( #618 ), #4269 ) ;
#2862 = SURFACE_STYLE_FILL_AREA ( #5288 ) ;
#2863 = VERTEX_POINT ( 'NONE', #5600 ) ;
#2864 = DIRECTION ( 'NONE',  ( 1.000000000000000000, 0.0000000000000000000, 0.0000000000000000000 ) ) ;
#2865 = SURFACE_STYLE_FILL_AREA ( #5772 ) ;
#2866 = ORIENTED_EDGE ( 'NONE', *, *, #4903, .F. ) ;
#2867 = FACE_OUTER_BOUND ( 'NONE', #6029, .T. ) ;
#2868 = PRESENTATION_LAYER_ASSIGNMENT (  '', '', ( #5412 ) ) ;
#2869 = PRESENTATION_LAYER_ASSIGNMENT (  '', '', ( #2966 ) ) ;
#2870 = SURFACE_STYLE_FILL_AREA ( #1345 ) ;
#2871 = DIRECTION ( 'NONE',  ( 1.000000000000000000, 0.0000000000000000000, 0.0000000000000000000 ) ) ;
#2872 = VECTOR ( 'NONE', #2334, 39.37007874015748143 ) ;
#2873 = MECHANICAL_DESIGN_GEOMETRIC_PRESENTATION_REPRESENTATION (  '', ( #3183 ), #3985 ) ;
#2874 =( NAMED_UNIT ( * ) SI_UNIT ( $, .STERADIAN. ) SOLID_ANGLE_UNIT ( ) );
#2875 = ORIENTED_EDGE ( 'NONE', *, *, #4992, .F. ) ;
#2876 = EDGE_CURVE ( 'NONE', #961, #1182, #4638, .T. ) ;
#2877 = COLOUR_RGB ( '',1.000000000000000000, 1.000000000000000000, 1.000000000000000000 ) ;
#2878 = SURFACE_STYLE_USAGE ( .BOTH. , #5816 ) ;
#2879 = DIRECTION ( 'NONE',  ( -1.000000000000000000, 0.0000000000000000000, 0.0000000000000000000 ) ) ;
#2880 = DIRECTION ( 'NONE',  ( -1.000000000000000000, -0.0000000000000000000, -0.0000000000000000000 ) ) ;
#2881 =( CONVERSION_BASED_UNIT ( 'INCH', #6326 ) LENGTH_UNIT ( ) NAMED_UNIT ( #2259 ) );
#2882 = VECTOR ( 'NONE', #496, 39.37007874015748143 ) ;
#2883 = EDGE_CURVE ( 'NONE', #2500, #1766, #2507, .T. ) ;
#2884 = ORIENTED_EDGE ( 'NONE', *, *, #4663, .T. ) ;
#2885 = CARTESIAN_POINT ( 'NONE',  ( 0.1771653543307086798, 0.2559055118110236671, -0.1377952755905511584 ) ) ;
#2886 = ORIENTED_EDGE ( 'NONE', *, *, #525, .T. ) ;
#2887 = ADVANCED_FACE ( 'NONE', ( #5861 ), #3804, .F. ) ;
#2888 = VECTOR ( 'NONE', #3322, 39.37007874015748143 ) ;
#2889 = CARTESIAN_POINT ( 'NONE',  ( 0.09842519685039369248, 0.1456692913385826682, -0.5019685039370078705 ) ) ;
#2890 = DIMENSIONAL_EXPONENTS ( 1.000000000000000000, 0.0000000000000000000, 0.0000000000000000000, 0.0000000000000000000, 0.0000000000000000000, 0.0000000000000000000, 0.0000000000000000000 ) ;
#2891 = EDGE_LOOP ( 'NONE', ( #1684, #6266, #2967, #3129 ) ) ;
#2892 = VECTOR ( 'NONE', #510, 39.37007874015748143 ) ;
#2893 = CARTESIAN_POINT ( 'NONE',  ( 0.0000000000000000000, -0.08858267716535427050, -0.3395669291338583307 ) ) ;
#2894 = DIRECTION ( 'NONE',  ( -1.000000000000000000, 0.0000000000000000000, 0.0000000000000000000 ) ) ;
#2895 = FILL_AREA_STYLE_COLOUR ( '', #5949 ) ;
#2896 = ORIENTED_EDGE ( 'NONE', *, *, #3388, .T. ) ;
#2897 = MECHANICAL_DESIGN_GEOMETRIC_PRESENTATION_REPRESENTATION (  '', ( #3210 ), #6164 ) ;
#2898 = CARTESIAN_POINT ( 'NONE',  ( 0.09540646311852468697, 0.1968503937007873850, -0.03937007874015750059 ) ) ;
#2899 = FACE_OUTER_BOUND ( 'NONE', #5228, .T. ) ;
#2900 = LINE ( 'NONE', #4378, #5778 ) ;
#2901 = AXIS2_PLACEMENT_3D ( 'NONE', #1588, #137, #5505 ) ;
#2902 = CARTESIAN_POINT ( 'NONE',  ( 0.0000000000000000000, 0.2559055118110236671, -0.5019685039370078705 ) ) ;
#2903 = DIRECTION ( 'NONE',  ( 1.000000000000000000, 0.0000000000000000000, 0.0000000000000000000 ) ) ;
#2904 = EDGE_LOOP ( 'NONE', ( #979, #5310, #4783, #5978 ) ) ;
#2905 = SURFACE_SIDE_STYLE ('',( #399 ) ) ;
#2906 = DIRECTION ( 'NONE',  ( 1.000000000000000000, 0.0000000000000000000, 0.0000000000000000000 ) ) ;
#2907 =( NAMED_UNIT ( * ) PLANE_ANGLE_UNIT ( ) SI_UNIT ( $, .RADIAN. ) );
#2908 = LINE ( 'NONE', #5227, #3131 ) ;
#2909 = VECTOR ( 'NONE', #1918, 39.37007874015748143 ) ;
#2910 = EDGE_LOOP ( 'NONE', ( #1867, #4755 ) ) ;
#2911 = VERTEX_POINT ( 'NONE', #5372 ) ;
#2912 = DIRECTION ( 'NONE',  ( 0.0000000000000000000, 0.0000000000000000000, 1.000000000000000000 ) ) ;
#2913 = COLOUR_RGB ( '',0.2509803921568627416, 0.2509803921568627416, 0.2509803921568627416 ) ;
#2914 = COLOUR_RGB ( '',1.000000000000000000, 1.000000000000000000, 1.000000000000000000 ) ;
#2915 =( LENGTH_UNIT ( ) NAMED_UNIT ( * ) SI_UNIT ( $, .METRE. ) );
#2916 = ADVANCED_FACE ( 'NONE', ( #1421 ), #1906, .T. ) ;
#2917 = EDGE_CURVE ( 'NONE', #2788, #79, #2305, .T. ) ;
#2918 =( LENGTH_UNIT ( ) NAMED_UNIT ( * ) SI_UNIT ( $, .METRE. ) );
#2919 = ORIENTED_EDGE ( 'NONE', *, *, #6154, .F. ) ;
#2920 = DIRECTION ( 'NONE',  ( 0.0000000000000000000, 0.0000000000000000000, -1.000000000000000000 ) ) ;
#2921 = LENGTH_MEASURE_WITH_UNIT ( LENGTH_MEASURE( 0.02539999999999999897 ), #1489 );
#2922 = EDGE_CURVE ( 'NONE', #2043, #498, #4252, .T. ) ;
#2923 =( GEOMETRIC_REPRESENTATION_CONTEXT ( 3 ) GLOBAL_UNCERTAINTY_ASSIGNED_CONTEXT ( ( #3615 ) ) GLOBAL_UNIT_ASSIGNED_CONTEXT ( ( #1219, #3636, #3206 ) ) REPRESENTATION_CONTEXT ( 'NONE', 'WORKASPACE' ) );
#2924 = PRESENTATION_STYLE_ASSIGNMENT (( #2464 ) ) ;
#2925 =( LENGTH_UNIT ( ) NAMED_UNIT ( * ) SI_UNIT ( $, .METRE. ) );
#2926 = DIMENSIONAL_EXPONENTS ( 1.000000000000000000, 0.0000000000000000000, 0.0000000000000000000, 0.0000000000000000000, 0.0000000000000000000, 0.0000000000000000000, 0.0000000000000000000 ) ;
#2927 = VERTEX_POINT ( 'NONE', #2551 ) ;
#2928 = AXIS2_PLACEMENT_3D ( 'NONE', #663, #4554, #3566 ) ;
#2929 =( CONVERSION_BASED_UNIT ( 'INCH', #1495 ) LENGTH_UNIT ( ) NAMED_UNIT ( #5198 ) );
#2930 = DIRECTION ( 'NONE',  ( 0.0000000000000000000, 0.0000000000000000000, 1.000000000000000000 ) ) ;
#2931 = CARTESIAN_POINT ( 'NONE',  ( 0.1771653543307086798, 0.1456692913385826682, -0.4035433070866140670 ) ) ;
#2932 = DIRECTION ( 'NONE',  ( 0.0000000000000000000, 0.0000000000000000000, 1.000000000000000000 ) ) ;
#2933 = VERTEX_POINT ( 'NONE', #5438 ) ;
#2934 = AXIS2_PLACEMENT_3D ( 'NONE', #1375, #5273, #1862 ) ;
#2935 = DIRECTION ( 'NONE',  ( 0.0000000000000000000, 0.0000000000000000000, 1.000000000000000000 ) ) ;
#2936 = CARTESIAN_POINT ( 'NONE',  ( -0.1614173228346456879, 0.2559055118110236671, 0.3961537755413013229 ) ) ;
#2937 = SURFACE_SIDE_STYLE ('',( #2384 ) ) ;
#2938 = LINE ( 'NONE', #3506, #4637 ) ;
#2939 = LINE ( 'NONE', #2516, #1105 ) ;
#2940 = EDGE_LOOP ( 'NONE', ( #1558, #6350, #101, #5762, #4400, #680, #4936, #4993, #1566, #5694 ) ) ;
#2941 = CYLINDRICAL_SURFACE ( 'NONE', #2544, 0.09055118110236218265 ) ;
#2942 = VECTOR ( 'NONE', #3719, 39.37007874015748143 ) ;
#2943 = VERTEX_POINT ( 'NONE', #3016 ) ;
#2944 = PRESENTATION_STYLE_ASSIGNMENT (( #500 ) ) ;
#2945 = CARTESIAN_POINT ( 'NONE',  ( 0.0000000000000000000, -0.07874015748031495954, -0.5629921259842519676 ) ) ;
#2946 = CARTESIAN_POINT ( 'NONE',  ( 0.01574803149606299191, 0.1417322834645669549, -0.5787401574803149318 ) ) ;
#2947 = COLOUR_RGB ( '',1.000000000000000000, 1.000000000000000000, 1.000000000000000000 ) ;
#2948 =( NAMED_UNIT ( * ) SI_UNIT ( $, .STERADIAN. ) SOLID_ANGLE_UNIT ( ) );
#2949 = VERTEX_POINT ( 'NONE', #3989 ) ;
#2950 = EDGE_CURVE ( 'NONE', #1216, #2927, #5980, .T. ) ;
#2951 = EDGE_CURVE ( 'NONE', #5189, #3115, #5528, .T. ) ;
#2952 = CARTESIAN_POINT ( 'NONE',  ( 0.1614173228346456879, 0.1417322834645669549, -0.5629921259842519676 ) ) ;
#2953 = AXIS2_PLACEMENT_3D ( 'NONE', #2004, #1578, #5913 ) ;
#2954 = DIRECTION ( 'NONE',  ( 1.000000000000000000, 0.0000000000000000000, 0.0000000000000000000 ) ) ;
#2955 = ORIENTED_EDGE ( 'NONE', *, *, #3693, .T. ) ;
#2956 = DIRECTION ( 'NONE',  ( 0.0000000000000000000, 0.0000000000000000000, 1.000000000000000000 ) ) ;
#2957 = ORIENTED_EDGE ( 'NONE', *, *, #5860, .F. ) ;
#2958 = EDGE_CURVE ( 'NONE', #1148, #3228, #570, .T. ) ;
#2959 = PRESENTATION_LAYER_ASSIGNMENT (  '', '', ( #4894 ) ) ;
#2960 = SURFACE_STYLE_USAGE ( .BOTH. , #2048 ) ;
#2961 = SURFACE_STYLE_USAGE ( .BOTH. , #5390 ) ;
#2962 = SURFACE_STYLE_FILL_AREA ( #4941 ) ;
#2963 = SURFACE_STYLE_USAGE ( .BOTH. , #943 ) ;
#2964 = AXIS2_PLACEMENT_3D ( 'NONE', #6161, #2318, #1310 ) ;
#2965 = DIRECTION ( 'NONE',  ( -1.224646799147353454E-16, -1.000000000000000000, 0.0000000000000000000 ) ) ;
#2966 = STYLED_ITEM ( 'NONE', ( #1175 ), #5147 ) ;
#2967 = ORIENTED_EDGE ( 'NONE', *, *, #3682, .T. ) ;
#2968 = SURFACE_STYLE_FILL_AREA ( #2296 ) ;
#2969 =( NAMED_UNIT ( * ) PLANE_ANGLE_UNIT ( ) SI_UNIT ( $, .RADIAN. ) );
#2970 = DIMENSIONAL_EXPONENTS ( 1.000000000000000000, 0.0000000000000000000, 0.0000000000000000000, 0.0000000000000000000, 0.0000000000000000000, 0.0000000000000000000, 0.0000000000000000000 ) ;
#2971 = AXIS2_PLACEMENT_3D ( 'NONE', #2945, #5496, #2037 ) ;
#2972 = FILL_AREA_STYLE ('',( #493 ) ) ;
#2973 = FACE_OUTER_BOUND ( 'NONE', #5501, .T. ) ;
#2974 = ORIENTED_EDGE ( 'NONE', *, *, #5196, .F. ) ;
#2975 =( NAMED_UNIT ( * ) SI_UNIT ( $, .STERADIAN. ) SOLID_ANGLE_UNIT ( ) );
#2976 = PRESENTATION_LAYER_ASSIGNMENT (  '', '', ( #1628 ) ) ;
#2977 = UNCERTAINTY_MEASURE_WITH_UNIT (LENGTH_MEASURE( 1.000000000000000082E-05 ), #3332, 'distance_accuracy_value', 'NONE');
#2978 = AXIS2_PLACEMENT_3D ( 'NONE', #1933, #90, #3003 ) ;
#2979 = VERTEX_POINT ( 'NONE', #502 ) ;
#2980 =( NAMED_UNIT ( * ) PLANE_ANGLE_UNIT ( ) SI_UNIT ( $, .RADIAN. ) );
#2981 = DIRECTION ( 'NONE',  ( -0.0000000000000000000, -0.0000000000000000000, -1.000000000000000000 ) ) ;
#2982 = SURFACE_STYLE_USAGE ( .BOTH. , #2006 ) ;
#2983 = DIRECTION ( 'NONE',  ( -1.000000000000000000, 0.0000000000000000000, 0.0000000000000000000 ) ) ;
#2984 = VERTEX_POINT ( 'NONE', #61 ) ;
#2985 = UNCERTAINTY_MEASURE_WITH_UNIT (LENGTH_MEASURE( 1.000000000000000082E-05 ), #4577, 'distance_accuracy_value', 'NONE');
#2986 = CIRCLE ( 'NONE', #482, 0.1614173228346456879 ) ;
#2987 = CARTESIAN_POINT ( 'NONE',  ( 0.09842519685039369248, 0.1614173228346456879, -0.4035433070866140670 ) ) ;
#2988 = SURFACE_SIDE_STYLE ('',( #609 ) ) ;
#2989 = FILL_AREA_STYLE ('',( #4370 ) ) ;
#2990 = VECTOR ( 'NONE', #3459, 39.37007874015748143 ) ;
#2991 = DIRECTION ( 'NONE',  ( 0.0000000000000000000, 0.0000000000000000000, 1.000000000000000000 ) ) ;
#2992 = DIRECTION ( 'NONE',  ( -1.000000000000000000, -1.936075308009831019E-17, 0.0000000000000000000 ) ) ;
#2993 = VERTEX_POINT ( 'NONE', #600 ) ;
#2994 =( LENGTH_UNIT ( ) NAMED_UNIT ( * ) SI_UNIT ( $, .METRE. ) );
#2995 = EDGE_CURVE ( 'NONE', #736, #5899, #3080, .T. ) ;
#2996 = FILL_AREA_STYLE_COLOUR ( '', #1072 ) ;
#2997 = DIRECTION ( 'NONE',  ( -1.000000000000000000, 0.0000000000000000000, 0.0000000000000000000 ) ) ;
#2998 = EDGE_CURVE ( 'NONE', #3444, #4930, #5915, .T. ) ;
#2999 = PRESENTATION_LAYER_ASSIGNMENT (  '', '', ( #1861 ) ) ;
#3000 = FACE_OUTER_BOUND ( 'NONE', #4517, .T. ) ;
#3001 = VERTEX_POINT ( 'NONE', #6011 ) ;
#3002 = DIRECTION ( 'NONE',  ( -1.000000000000000000, -0.0000000000000000000, -0.0000000000000000000 ) ) ;
#3003 = DIRECTION ( 'NONE',  ( 0.0000000000000000000, -1.000000000000000000, -1.239088197126290817E-16 ) ) ;
#3004 = CIRCLE ( 'NONE', #5865, 0.03543307086614172485 ) ;
#3005 =( NAMED_UNIT ( * ) PLANE_ANGLE_UNIT ( ) SI_UNIT ( $, .RADIAN. ) );
#3006 = FILL_AREA_STYLE_COLOUR ( '', #6141 ) ;
#3007 = CARTESIAN_POINT ( 'NONE',  ( -0.1417322834645669549, 0.1259842519685039353, -0.5019685039370078705 ) ) ;
#3008 = DIRECTION ( 'NONE',  ( 0.0000000000000000000, 0.0000000000000000000, 1.000000000000000000 ) ) ;
#3009 = LINE ( 'NONE', #4957, #3191 ) ;
#3010 = CARTESIAN_POINT ( 'NONE',  ( 0.05118110236220479309, 0.0000000000000000000, -0.5019685039370078705 ) ) ;
#3011 = VERTEX_POINT ( 'NONE', #2946 ) ;
#3012 = VECTOR ( 'NONE', #1123, 39.37007874015748143 ) ;
#3013 = PRESENTATION_STYLE_ASSIGNMENT (( #3510 ) ) ;
#3014 = VERTEX_POINT ( 'NONE', #1973 ) ;
#3015 = PLANE ( 'NONE',  #280 ) ;
#3016 = CARTESIAN_POINT ( 'NONE',  ( 0.1771653543307086798, 0.1614173228346456879, -0.4035433070866140670 ) ) ;
#3017 = DIMENSIONAL_EXPONENTS ( 1.000000000000000000, 0.0000000000000000000, 0.0000000000000000000, 0.0000000000000000000, 0.0000000000000000000, 0.0000000000000000000, 0.0000000000000000000 ) ;
#3018 = ORIENTED_EDGE ( 'NONE', *, *, #5740, .F. ) ;
#3019 = AXIS2_PLACEMENT_3D ( 'NONE', #6045, #1649, #1153 ) ;
#3020 = PRESENTATION_LAYER_ASSIGNMENT (  '', '', ( #4127 ) ) ;
#3021 = DIRECTION ( 'NONE',  ( -0.0000000000000000000, -1.000000000000000000, -0.0000000000000000000 ) ) ;
#3022 = SURFACE_SIDE_STYLE ('',( #1027 ) ) ;
#3023 = MECHANICAL_DESIGN_GEOMETRIC_PRESENTATION_REPRESENTATION (  '', ( #3239 ), #2197 ) ;
#3024 = CARTESIAN_POINT ( 'NONE',  ( 0.02362204724409448786, 0.2559055118110236671, -0.5846456692913385433 ) ) ;
#3025 = ORIENTED_EDGE ( 'NONE', *, *, #2922, .T. ) ;
#3026 = CARTESIAN_POINT ( 'NONE',  ( 0.0000000000000000000, -0.08858267716535427050, -0.3395669291338583307 ) ) ;
#3027 =( CONVERSION_BASED_UNIT ( 'INCH', #5961 ) LENGTH_UNIT ( ) NAMED_UNIT ( #3377 ) );
#3028 = VECTOR ( 'NONE', #5097, 39.37007874015748143 ) ;
#3029 = CARTESIAN_POINT ( 'NONE',  ( 0.1614173228346456879, 0.1988188976377952832, -0.5019685039370078705 ) ) ;
#3030 = DIRECTION ( 'NONE',  ( 0.0000000000000000000, 0.0000000000000000000, -1.000000000000000000 ) ) ;
#3031 = DIRECTION ( 'NONE',  ( 1.000000000000000000, 0.0000000000000000000, 0.0000000000000000000 ) ) ;
#3032 = SURFACE_SIDE_STYLE ('',( #487 ) ) ;
#3033 = ORIENTED_EDGE ( 'NONE', *, *, #5421, .T. ) ;
#3034 = UNCERTAINTY_MEASURE_WITH_UNIT (LENGTH_MEASURE( 1.000000000000000082E-05 ), #4153, 'distance_accuracy_value', 'NONE');
#3035 = EDGE_CURVE ( 'NONE', #1966, #6006, #4762, .T. ) ;
#3036 = VECTOR ( 'NONE', #4497, 39.37007874015748854 ) ;
#3037 = ADVANCED_FACE ( 'NONE', ( #1 ), #5950, .F. ) ;
#3038 = SURFACE_STYLE_FILL_AREA ( #886 ) ;
#3039 = FILL_AREA_STYLE ('',( #1993 ) ) ;
#3040 = SURFACE_SIDE_STYLE ('',( #2120 ) ) ;
#3041 = DIRECTION ( 'NONE',  ( 0.0000000000000000000, 0.0000000000000000000, -1.000000000000000000 ) ) ;
#3042 = DIRECTION ( 'NONE',  ( 1.000000000000000000, 0.0000000000000000000, 0.0000000000000000000 ) ) ;
#3043 = MECHANICAL_DESIGN_GEOMETRIC_PRESENTATION_REPRESENTATION (  '', ( #5796 ), #1892 ) ;
#3044 = DIRECTION ( 'NONE',  ( 0.0000000000000000000, 0.0000000000000000000, 1.000000000000000000 ) ) ;
#3045 = EDGE_LOOP ( 'NONE', ( #1751, #828, #6343, #3018 ) ) ;
#3046 = VERTEX_POINT ( 'NONE', #2097 ) ;
#3047 = LENGTH_MEASURE_WITH_UNIT ( LENGTH_MEASURE( 0.02539999999999999897 ), #4395 );
#3048 = EDGE_CURVE ( 'NONE', #1494, #1158, #4049, .T. ) ;
#3049 = CARTESIAN_POINT ( 'NONE',  ( -0.1771653543307086798, 0.3937007874015747699, -0.06889763779527559306 ) ) ;
#3050 = DIRECTION ( 'NONE',  ( 0.0000000000000000000, 0.0000000000000000000, -1.000000000000000000 ) ) ;
#3051 = VECTOR ( 'NONE', #5715, 39.37007874015748143 ) ;
#3052 = VERTEX_POINT ( 'NONE', #1513 ) ;
#3053 = UNCERTAINTY_MEASURE_WITH_UNIT (LENGTH_MEASURE( 1.000000000000000082E-05 ), #6175, 'distance_accuracy_value', 'NONE');
#3054 =( GEOMETRIC_REPRESENTATION_CONTEXT ( 3 ) GLOBAL_UNCERTAINTY_ASSIGNED_CONTEXT ( ( #2526 ) ) GLOBAL_UNIT_ASSIGNED_CONTEXT ( ( #4916, #1995, #5906 ) ) REPRESENTATION_CONTEXT ( 'NONE', 'WORKASPACE' ) );
#3055 =( LENGTH_UNIT ( ) NAMED_UNIT ( * ) SI_UNIT ( $, .METRE. ) );
#3056 = DIRECTION ( 'NONE',  ( -5.421010862427521554E-17, -1.000000000000000000, 0.0000000000000000000 ) ) ;
#3057 = DIMENSIONAL_EXPONENTS ( 1.000000000000000000, 0.0000000000000000000, 0.0000000000000000000, 0.0000000000000000000, 0.0000000000000000000, 0.0000000000000000000, 0.0000000000000000000 ) ;
#3058 = ORIENTED_EDGE ( 'NONE', *, *, #4937, .F. ) ;
#3059 = FILL_AREA_STYLE ('',( #1729 ) ) ;
#3060 = FACE_OUTER_BOUND ( 'NONE', #3202, .T. ) ;
#3061 = AXIS2_PLACEMENT_3D ( 'NONE', #6061, #237, #4094 ) ;
#3062 = CARTESIAN_POINT ( 'NONE',  ( -0.04921259842519691563, 19685.03937007874265, -0.3297244094488189226 ) ) ;
#3063 = SURFACE_SIDE_STYLE ('',( #1988 ) ) ;
#3064 = ORIENTED_EDGE ( 'NONE', *, *, #447, .T. ) ;
#3065 = COLOUR_RGB ( '',0.7529411764705882248, 0.7529411764705882248, 0.7529411764705882248 ) ;
#3066 =( NAMED_UNIT ( * ) PLANE_ANGLE_UNIT ( ) SI_UNIT ( $, .RADIAN. ) );
#3067 = FILL_AREA_STYLE_COLOUR ( '', #4353 ) ;
#3068 = DIRECTION ( 'NONE',  ( 0.0000000000000000000, 0.0000000000000000000, 1.000000000000000000 ) ) ;
#3069 = COLOUR_RGB ( '',0.2509803921568627416, 0.2509803921568627416, 0.2509803921568627416 ) ;
#3070 =( GEOMETRIC_REPRESENTATION_CONTEXT ( 3 ) GLOBAL_UNCERTAINTY_ASSIGNED_CONTEXT ( ( #1157 ) ) GLOBAL_UNIT_ASSIGNED_CONTEXT ( ( #4986, #947, #5457 ) ) REPRESENTATION_CONTEXT ( 'NONE', 'WORKASPACE' ) );
#3071 = ADVANCED_FACE ( 'NONE', ( #3483, #2067 ), #4174, .T. ) ;
#3072 = CARTESIAN_POINT ( 'NONE',  ( 0.06692913385826770867, 0.007874015748031497688, -0.5787401574803149318 ) ) ;
#3073 = ORIENTED_EDGE ( 'NONE', *, *, #4937, .T. ) ;
#3074 = DIRECTION ( 'NONE',  ( 0.0000000000000000000, 0.0000000000000000000, 1.000000000000000000 ) ) ;
#3075 = ORIENTED_EDGE ( 'NONE', *, *, #2759, .F. ) ;
#3076 = PRESENTATION_LAYER_ASSIGNMENT (  '', '', ( #5729 ) ) ;
#3077 =( GEOMETRIC_REPRESENTATION_CONTEXT ( 3 ) GLOBAL_UNCERTAINTY_ASSIGNED_CONTEXT ( ( #3053 ) ) GLOBAL_UNIT_ASSIGNED_CONTEXT ( ( #6175, #4210, #3735 ) ) REPRESENTATION_CONTEXT ( 'NONE', 'WORKASPACE' ) );
#3078 = CARTESIAN_POINT ( 'NONE',  ( 0.05118110236220479309, 0.03937007874015747977, -0.5019685039370078705 ) ) ;
#3079 = CARTESIAN_POINT ( 'NONE',  ( 0.0000000000000000000, 0.2559055118110236671, -0.1377952755905511584 ) ) ;
#3080 = LINE ( 'NONE', #128, #6188 ) ;
#3081 = FILL_AREA_STYLE_COLOUR ( '', #3943 ) ;
#3082 = EDGE_CURVE ( 'NONE', #4550, #4501, #3140, .T. ) ;
#3083 = PRESENTATION_STYLE_ASSIGNMENT (( #34 ) ) ;
#3084 = ORIENTED_EDGE ( 'NONE', *, *, #4705, .F. ) ;
#3085 =( CONVERSION_BASED_UNIT ( 'INCH', #710 ) LENGTH_UNIT ( ) NAMED_UNIT ( #4840 ) );
#3086 = EDGE_CURVE ( 'NONE', #385, #961, #1677, .T. ) ;
#3087 = DIRECTION ( 'NONE',  ( -1.000000000000000000, 0.0000000000000000000, 0.0000000000000000000 ) ) ;
#3088 = ORIENTED_EDGE ( 'NONE', *, *, #1443, .T. ) ;
#3089 = DIRECTION ( 'NONE',  ( -1.000000000000000000, 0.0000000000000000000, 0.0000000000000000000 ) ) ;
#3090 = CARTESIAN_POINT ( 'NONE',  ( 0.07677165354330708902, 0.01574803149606298150, -0.5629921259842519676 ) ) ;
#3091 = VECTOR ( 'NONE', #3417, 39.37007874015748143 ) ;
#3092 = SURFACE_SIDE_STYLE ('',( #4091 ) ) ;
#3093 = LENGTH_MEASURE_WITH_UNIT ( LENGTH_MEASURE( 0.02539999999999999897 ), #3591 );
#3094 = FACE_OUTER_BOUND ( 'NONE', #2128, .T. ) ;
#3095 =( GEOMETRIC_REPRESENTATION_CONTEXT ( 3 ) GLOBAL_UNCERTAINTY_ASSIGNED_CONTEXT ( ( #2709 ) ) GLOBAL_UNIT_ASSIGNED_CONTEXT ( ( #1671, #3571, #2223 ) ) REPRESENTATION_CONTEXT ( 'NONE', 'WORKASPACE' ) );
#3096 = LINE ( 'NONE', #1663, #6105 ) ;
#3097 = FILL_AREA_STYLE ('',( #751 ) ) ;
#3098 = CARTESIAN_POINT ( 'NONE',  ( 0.05905511811023623353, 0.2559055118110236671, -0.4035433070866141225 ) ) ;
#3099 = LINE ( 'NONE', #3128, #921 ) ;
#3100 = ORIENTED_EDGE ( 'NONE', *, *, #2552, .T. ) ;
#3101 = UNCERTAINTY_MEASURE_WITH_UNIT (LENGTH_MEASURE( 1.000000000000000082E-05 ), #2260, 'distance_accuracy_value', 'NONE');
#3102 = MECHANICAL_DESIGN_GEOMETRIC_PRESENTATION_REPRESENTATION (  '', ( #4610 ), #294 ) ;
#3103 = FILL_AREA_STYLE_COLOUR ( '', #67 ) ;
#3104 = FACE_BOUND ( 'NONE', #5473, .T. ) ;
#3105 = VERTEX_POINT ( 'NONE', #2193 ) ;
#3106 = CARTESIAN_POINT ( 'NONE',  ( 0.05314960629921260116, 0.2559055118110236671, -0.5944881889763780070 ) ) ;
#3107 = EDGE_LOOP ( 'NONE', ( #1959, #3201, #4147, #3306 ) ) ;
#3108 = FACE_OUTER_BOUND ( 'NONE', #980, .T. ) ;
#3109 = DIRECTION ( 'NONE',  ( -1.000000000000000000, 0.0000000000000000000, 0.0000000000000000000 ) ) ;
#3110 = CARTESIAN_POINT ( 'NONE',  ( 0.1771653543307086798, 0.3149606299212598381, -0.05413385826771655723 ) ) ;
#3111 = LINE ( 'NONE', #1055, #2285 ) ;
#3112 = VECTOR ( 'NONE', #6064, 39.37007874015748143 ) ;
#3113 = VERTEX_POINT ( 'NONE', #4082 ) ;
#3114 = UNCERTAINTY_MEASURE_WITH_UNIT (LENGTH_MEASURE( 1.000000000000000082E-05 ), #3960, 'distance_accuracy_value', 'NONE');
#3115 = VERTEX_POINT ( 'NONE', #3243 ) ;
#3116 = EDGE_CURVE ( 'NONE', #1778, #1296, #1780, .T. ) ;
#3117 = EDGE_CURVE ( 'NONE', #4722, #5232, #4437, .T. ) ;
#3118 = VECTOR ( 'NONE', #1946, 39.37007874015748143 ) ;
#3119 =( NAMED_UNIT ( * ) PLANE_ANGLE_UNIT ( ) SI_UNIT ( $, .RADIAN. ) );
#3120 = FACE_BOUND ( 'NONE', #6275, .T. ) ;
#3121 = VECTOR ( 'NONE', #4777, 39.37007874015748143 ) ;
#3122 = STYLED_ITEM ( 'NONE', ( #948 ), #1783 ) ;
#3123 = CARTESIAN_POINT ( 'NONE',  ( 0.0000000000000000000, 0.2559055118110236671, -0.5944881889763780070 ) ) ;
#3124 =( GEOMETRIC_REPRESENTATION_CONTEXT ( 3 ) GLOBAL_UNCERTAINTY_ASSIGNED_CONTEXT ( ( #2316 ) ) GLOBAL_UNIT_ASSIGNED_CONTEXT ( ( #4122, #4606, #1721 ) ) REPRESENTATION_CONTEXT ( 'NONE', 'WORKASPACE' ) );
#3125 = EDGE_CURVE ( 'NONE', #4016, #2949, #740, .T. ) ;
#3126 = CARTESIAN_POINT ( 'NONE',  ( -0.01574803149606299885, 0.07800173640789191676, -0.5877459237344989651 ) ) ;
#3127 = DIRECTION ( 'NONE',  ( 0.0000000000000000000, 0.0000000000000000000, 1.000000000000000000 ) ) ;
#3128 = CARTESIAN_POINT ( 'NONE',  ( 0.05905511811023623353, -0.07874015748031495954, -0.5787401574803149318 ) ) ;
#3129 = ORIENTED_EDGE ( 'NONE', *, *, #4901, .T. ) ;
#3130 = CARTESIAN_POINT ( 'NONE',  ( 0.05118110236220486942, 0.0000000000000000000, -0.3277559055118110520 ) ) ;
#3131 = VECTOR ( 'NONE', #5335, 39.37007874015748143 ) ;
#3132 =( CONVERSION_BASED_UNIT ( 'INCH', #3232 ) LENGTH_UNIT ( ) NAMED_UNIT ( #2511 ) );
#3133 = DIRECTION ( 'NONE',  ( -1.000000000000000000, 0.0000000000000000000, 0.0000000000000000000 ) ) ;
#3134 = LENGTH_MEASURE_WITH_UNIT ( LENGTH_MEASURE( 0.02539999999999999897 ), #1605 );
#3135 = CARTESIAN_POINT ( 'NONE',  ( 0.05905511811023623353, -0.07874015748031495954, -0.5629921259842519676 ) ) ;
#3136 = FILL_AREA_STYLE ('',( #5557 ) ) ;
#3137 = VERTEX_POINT ( 'NONE', #638 ) ;
#3138 = VECTOR ( 'NONE', #6111, 39.37007874015748143 ) ;
#3139 = ORIENTED_EDGE ( 'NONE', *, *, #484, .F. ) ;
#3140 = LINE ( 'NONE', #2719, #5281 ) ;
#3141 = VECTOR ( 'NONE', #5094, 39.37007874015748143 ) ;
#3142 = FACE_OUTER_BOUND ( 'NONE', #5901, .T. ) ;
#3143 = LINE ( 'NONE', #4598, #3028 ) ;
#3144 = ORIENTED_EDGE ( 'NONE', *, *, #2328, .T. ) ;
#3145 = DIRECTION ( 'NONE',  ( 0.0000000000000000000, 0.0000000000000000000, 1.000000000000000000 ) ) ;
#3146 = SURFACE_STYLE_USAGE ( .BOTH. , #227 ) ;
#3147 = PRESENTATION_LAYER_ASSIGNMENT (  '', '', ( #2104 ) ) ;
#3148 = ORIENTED_EDGE ( 'NONE', *, *, #1077, .T. ) ;
#3149 = DIRECTION ( 'NONE',  ( -1.000000000000000000, 0.0000000000000000000, 0.0000000000000000000 ) ) ;
#3150 = EDGE_CURVE ( 'NONE', #445, #5002, #192, .T. ) ;
#3151 = DIRECTION ( 'NONE',  ( 0.0000000000000000000, 0.0000000000000000000, -1.000000000000000000 ) ) ;
#3152 = ADVANCED_FACE ( 'NONE', ( #3698 ), #3665, .F. ) ;
#3153 = VECTOR ( 'NONE', #2480, 39.37007874015748143 ) ;
#3154 = SURFACE_STYLE_FILL_AREA ( #3059 ) ;
#3155 = PRESENTATION_LAYER_ASSIGNMENT (  '', '', ( #3450 ) ) ;
#3156 = SURFACE_SIDE_STYLE ('',( #115 ) ) ;
#3157 = ORIENTED_EDGE ( 'NONE', *, *, #5610, .T. ) ;
#3158 = UNCERTAINTY_MEASURE_WITH_UNIT (LENGTH_MEASURE( 1.000000000000000082E-05 ), #5162, 'distance_accuracy_value', 'NONE');
#3159 = EDGE_CURVE ( 'NONE', #3607, #5191, #2314, .T. ) ;
#3160 = MECHANICAL_DESIGN_GEOMETRIC_PRESENTATION_REPRESENTATION (  '', ( #5504 ), #3455 ) ;
#3161 = DIRECTION ( 'NONE',  ( -0.0000000000000000000, -0.0000000000000000000, -1.000000000000000000 ) ) ;
#3162 = DIRECTION ( 'NONE',  ( -1.000000000000000000, -0.0000000000000000000, -0.0000000000000000000 ) ) ;
#3163 = PLANE ( 'NONE',  #1260 ) ;
#3164 = FILL_AREA_STYLE_COLOUR ( '', #1657 ) ;
#3165 = VECTOR ( 'NONE', #671, 39.37007874015748143 ) ;
#3166 = ORIENTED_EDGE ( 'NONE', *, *, #6199, .F. ) ;
#3167 = ORIENTED_EDGE ( 'NONE', *, *, #5893, .T. ) ;
#3168 = LINE ( 'NONE', #4691, #1517 ) ;
#3169 = AXIS2_PLACEMENT_3D ( 'NONE', #1408, #3387, #5754 ) ;
#3170 =( LENGTH_UNIT ( ) NAMED_UNIT ( * ) SI_UNIT ( $, .METRE. ) );
#3171 = DIMENSIONAL_EXPONENTS ( 1.000000000000000000, 0.0000000000000000000, 0.0000000000000000000, 0.0000000000000000000, 0.0000000000000000000, 0.0000000000000000000, 0.0000000000000000000 ) ;
#3172 = CARTESIAN_POINT ( 'NONE',  ( -0.05118110236220467513, 0.01574803149606299885, -0.5019685039370078705 ) ) ;
#3173 = FILL_AREA_STYLE_COLOUR ( '', #1451 ) ;
#3174 = CARTESIAN_POINT ( 'NONE',  ( 0.1244991204790699690, 0.3149606299212598381, -0.03937007874015750059 ) ) ;
#3175 = ORIENTED_EDGE ( 'NONE', *, *, #3086, .F. ) ;
#3176 = DIRECTION ( 'NONE',  ( 0.0000000000000000000, 0.0000000000000000000, 1.000000000000000000 ) ) ;
#3177 = VECTOR ( 'NONE', #3650, 39.37007874015748143 ) ;
#3178 =( NAMED_UNIT ( * ) PLANE_ANGLE_UNIT ( ) SI_UNIT ( $, .RADIAN. ) );
#3179 = UNCERTAINTY_MEASURE_WITH_UNIT (LENGTH_MEASURE( 1.000000000000000082E-05 ), #2096, 'distance_accuracy_value', 'NONE');
#3180 = VECTOR ( 'NONE', #3702, 39.37007874015748143 ) ;
#3181 = VERTEX_POINT ( 'NONE', #832 ) ;
#3182 = DIRECTION ( 'NONE',  ( 0.0000000000000000000, 0.0000000000000000000, 1.000000000000000000 ) ) ;
#3183 = STYLED_ITEM ( 'NONE', ( #2192 ), #5449 ) ;
#3184 = LINE ( 'NONE', #4673, #4218 ) ;
#3185 = CARTESIAN_POINT ( 'NONE',  ( -0.01574803149606299885, 0.08641732283464564901, -0.5770472440944881543 ) ) ;
#3186 = STYLED_ITEM ( 'NONE', ( #937 ), #29 ) ;
#3187 = PRESENTATION_LAYER_ASSIGNMENT (  '', '', ( #989 ) ) ;
#3188 = CARTESIAN_POINT ( 'NONE',  ( -0.01574803149606300232, 0.06299212598425195375, -0.5787401574803149318 ) ) ;
#3189 =( NAMED_UNIT ( * ) PLANE_ANGLE_UNIT ( ) SI_UNIT ( $, .RADIAN. ) );
#3190 = LENGTH_MEASURE_WITH_UNIT ( LENGTH_MEASURE( 0.02539999999999999897 ), #4611 );
#3191 = VECTOR ( 'NONE', #5430, 39.37007874015748143 ) ;
#3192 = DIRECTION ( 'NONE',  ( 0.0000000000000000000, 0.0000000000000000000, 1.000000000000000000 ) ) ;
#3193 = DIRECTION ( 'NONE',  ( 0.0000000000000000000, 0.0000000000000000000, 1.000000000000000000 ) ) ;
#3194 = ORIENTED_EDGE ( 'NONE', *, *, #1998, .T. ) ;
#3195 = EDGE_CURVE ( 'NONE', #713, #269, #37, .T. ) ;
#3196 = FACE_OUTER_BOUND ( 'NONE', #2162, .T. ) ;
#3197 = CARTESIAN_POINT ( 'NONE',  ( 0.0000000000000000000, 0.2559055118110236671, -0.5846456692913385433 ) ) ;
#3198 = DIRECTION ( 'NONE',  ( 0.0000000000000000000, 0.0000000000000000000, 1.000000000000000000 ) ) ;
#3199 = DIRECTION ( 'NONE',  ( -0.0000000000000000000, -0.0000000000000000000, -1.000000000000000000 ) ) ;
#3200 =( NAMED_UNIT ( * ) SI_UNIT ( $, .STERADIAN. ) SOLID_ANGLE_UNIT ( ) );
#3201 = ORIENTED_EDGE ( 'NONE', *, *, #1397, .T. ) ;
#3202 = EDGE_LOOP ( 'NONE', ( #3734, #2957, #2731, #5685 ) ) ;
#3203 = CARTESIAN_POINT ( 'NONE',  ( -0.1771653543307086798, 0.4330708661417322913, -0.1377952755905511584 ) ) ;
#3204 = SURFACE_SIDE_STYLE ('',( #2158 ) ) ;
#3205 = AXIS2_PLACEMENT_3D ( 'NONE', #4438, #3963, #1521 ) ;
#3206 =( NAMED_UNIT ( * ) SI_UNIT ( $, .STERADIAN. ) SOLID_ANGLE_UNIT ( ) );
#3207 =( NAMED_UNIT ( * ) SI_UNIT ( $, .STERADIAN. ) SOLID_ANGLE_UNIT ( ) );
#3208 = ORIENTED_EDGE ( 'NONE', *, *, #737, .T. ) ;
#3209 = FILL_AREA_STYLE ('',( #2163 ) ) ;
#3210 = STYLED_ITEM ( 'NONE', ( #1348 ), #1213 ) ;
#3211 = FILL_AREA_STYLE ('',( #2628 ) ) ;
#3212 = ORIENTED_EDGE ( 'NONE', *, *, #5602, .T. ) ;
#3213 = CARTESIAN_POINT ( 'NONE',  ( 0.1772047244094487883, 0.1820866141732283006, -0.05413385826771659193 ) ) ;
#3214 =( NAMED_UNIT ( * ) SI_UNIT ( $, .STERADIAN. ) SOLID_ANGLE_UNIT ( ) );
#3215 = MECHANICAL_DESIGN_GEOMETRIC_PRESENTATION_REPRESENTATION (  '', ( #5347 ), #6169 ) ;
#3216 =( NAMED_UNIT ( * ) PLANE_ANGLE_UNIT ( ) SI_UNIT ( $, .RADIAN. ) );
#3217 = DIMENSIONAL_EXPONENTS ( 1.000000000000000000, 0.0000000000000000000, 0.0000000000000000000, 0.0000000000000000000, 0.0000000000000000000, 0.0000000000000000000, 0.0000000000000000000 ) ;
#3218 = SURFACE_SIDE_STYLE ('',( #2310 ) ) ;
#3219 = VECTOR ( 'NONE', #3, 39.37007874015748143 ) ;
#3220 =( NAMED_UNIT ( * ) PLANE_ANGLE_UNIT ( ) SI_UNIT ( $, .RADIAN. ) );
#3221 =( GEOMETRIC_REPRESENTATION_CONTEXT ( 3 ) GLOBAL_UNCERTAINTY_ASSIGNED_CONTEXT ( ( #3972 ) ) GLOBAL_UNIT_ASSIGNED_CONTEXT ( ( #3449, #2068, #2555 ) ) REPRESENTATION_CONTEXT ( 'NONE', 'WORKASPACE' ) );
#3222 = DIRECTION ( 'NONE',  ( 0.0000000000000000000, -1.000000000000000000, 0.0000000000000000000 ) ) ;
#3223 = SURFACE_STYLE_FILL_AREA ( #352 ) ;
#3224 = CARTESIAN_POINT ( 'NONE',  ( -0.01574803149606299191, 0.1417322834645669549, -0.5787401574803149318 ) ) ;
#3225 = VECTOR ( 'NONE', #6002, 39.37007874015748143 ) ;
#3226 = FILL_AREA_STYLE_COLOUR ( '', #4822 ) ;
#3227 = EDGE_LOOP ( 'NONE', ( #5256, #1814, #3800, #3946 ) ) ;
#3228 = VERTEX_POINT ( 'NONE', #5789 ) ;
#3229 = UNCERTAINTY_MEASURE_WITH_UNIT (LENGTH_MEASURE( 1.000000000000000082E-05 ), #86, 'distance_accuracy_value', 'NONE');
#3230 = VECTOR ( 'NONE', #76, 39.37007874015748143 ) ;
#3231 = CIRCLE ( 'NONE', #2497, 0.04330708661417323468 ) ;
#3232 = LENGTH_MEASURE_WITH_UNIT ( LENGTH_MEASURE( 0.02539999999999999897 ), #4653 );
#3233 = DIRECTION ( 'NONE',  ( 1.000000000000000000, 0.0000000000000000000, 0.0000000000000000000 ) ) ;
#3234 =( CONVERSION_BASED_UNIT ( 'INCH', #6223 ) LENGTH_UNIT ( ) NAMED_UNIT ( #727 ) );
#3235 = CARTESIAN_POINT ( 'NONE',  ( 0.1771653543307086798, 0.0000000000000000000, -0.5019685039370078705 ) ) ;
#3236 = ADVANCED_FACE ( 'NONE', ( #5730 ), #2329, .F. ) ;
#3237 = VERTEX_POINT ( 'NONE', #4273 ) ;
#3238 = EDGE_CURVE ( 'NONE', #5019, #5776, #5305, .T. ) ;
#3239 = STYLED_ITEM ( 'NONE', ( #1382 ), #2679 ) ;
#3240 = ORIENTED_EDGE ( 'NONE', *, *, #2482, .F. ) ;
#3241 = SURFACE_SIDE_STYLE ('',( #2191 ) ) ;
#3242 = PRESENTATION_STYLE_ASSIGNMENT (( #3663 ) ) ;
#3243 = CARTESIAN_POINT ( 'NONE',  ( -0.1771653543307086798, 0.0000000000000000000, -0.5019685039370078705 ) ) ;
#3244 =( LENGTH_UNIT ( ) NAMED_UNIT ( * ) SI_UNIT ( $, .METRE. ) );
#3245 = SURFACE_STYLE_USAGE ( .BOTH. , #1259 ) ;
#3246 = AXIS2_PLACEMENT_3D ( 'NONE', #442, #3862, #5827 ) ;
#3247 = LENGTH_MEASURE_WITH_UNIT ( LENGTH_MEASURE( 0.02539999999999999897 ), #2262 );
#3248 = ORIENTED_EDGE ( 'NONE', *, *, #6037, .T. ) ;
#3249 = CARTESIAN_POINT ( 'NONE',  ( 0.1772047244094487883, 0.1968503937007873850, -0.03937007874015752834 ) ) ;
#3250 = ORIENTED_EDGE ( 'NONE', *, *, #2729, .T. ) ;
#3251 = ADVANCED_FACE ( 'NONE', ( #2782 ), #3327, .F. ) ;
#3252 = PRESENTATION_LAYER_ASSIGNMENT (  '', '', ( #2405 ) ) ;
#3253 = CARTESIAN_POINT ( 'NONE',  ( 0.0000000000000000000, 0.2559055118110236671, -0.06889763779527564858 ) ) ;
#3254 =( NAMED_UNIT ( * ) SI_UNIT ( $, .STERADIAN. ) SOLID_ANGLE_UNIT ( ) );
#3255 =( GEOMETRIC_REPRESENTATION_CONTEXT ( 3 ) GLOBAL_UNCERTAINTY_ASSIGNED_CONTEXT ( ( #3993 ) ) GLOBAL_UNIT_ASSIGNED_CONTEXT ( ( #4232, #3846, #6221 ) ) REPRESENTATION_CONTEXT ( 'NONE', 'WORKASPACE' ) );
#3256 = CARTESIAN_POINT ( 'NONE',  ( 0.01574803149606299191, 0.08641732283464564901, -0.5770472440944881543 ) ) ;
#3257 = COLOUR_RGB ( '',0.2509803921568627416, 0.2509803921568627416, 0.2509803921568627416 ) ;
#3258 = CARTESIAN_POINT ( 'NONE',  ( 3.375010863791918221E-18, -0.08267716535433072833, -0.1299212598425196763 ) ) ;
#3259 = LINE ( 'NONE', #5803, #1609 ) ;
#3260 = DIRECTION ( 'NONE',  ( 0.0000000000000000000, 1.000000000000000000, 1.239088197126290817E-16 ) ) ;
#3261 = ORIENTED_EDGE ( 'NONE', *, *, #1961, .F. ) ;
#3262 = MECHANICAL_DESIGN_GEOMETRIC_PRESENTATION_REPRESENTATION (  '', ( #2220 ), #4155 ) ;
#3263 = DIMENSIONAL_EXPONENTS ( 1.000000000000000000, 0.0000000000000000000, 0.0000000000000000000, 0.0000000000000000000, 0.0000000000000000000, 0.0000000000000000000, 0.0000000000000000000 ) ;
#3264 = SURFACE_STYLE_USAGE ( .BOTH. , #4197 ) ;
#3265 = SURFACE_SIDE_STYLE ('',( #4749 ) ) ;
#3266 =( GEOMETRIC_REPRESENTATION_CONTEXT ( 3 ) GLOBAL_UNCERTAINTY_ASSIGNED_CONTEXT ( ( #3486 ) ) GLOBAL_UNIT_ASSIGNED_CONTEXT ( ( #1034, #5015, #587 ) ) REPRESENTATION_CONTEXT ( 'NONE', 'WORKASPACE' ) );
#3267 = DIRECTION ( 'NONE',  ( 1.000000000000000000, 0.0000000000000000000, 0.0000000000000000000 ) ) ;
#3268 = SURFACE_SIDE_STYLE ('',( #1894 ) ) ;
#3269 = DIRECTION ( 'NONE',  ( 0.0000000000000000000, 0.0000000000000000000, 1.000000000000000000 ) ) ;
#3270 = EDGE_LOOP ( 'NONE', ( #3420, #5199, #1251, #228 ) ) ;
#3271 = STYLED_ITEM ( 'NONE', ( #1763 ), #4280 ) ;
#3272 = VERTEX_POINT ( 'NONE', #1073 ) ;
#3273 = FILL_AREA_STYLE ('',( #2815 ) ) ;
#3274 = DIRECTION ( 'NONE',  ( 0.0000000000000000000, 0.0000000000000000000, -1.000000000000000000 ) ) ;
#3275 = CARTESIAN_POINT ( 'NONE',  ( 0.01574803149606299191, 0.1165948038395977215, -0.5708661417322834497 ) ) ;
#3276 = MECHANICAL_DESIGN_GEOMETRIC_PRESENTATION_REPRESENTATION (  '', ( #3368 ), #2340 ) ;
#3277 = DIMENSIONAL_EXPONENTS ( 1.000000000000000000, 0.0000000000000000000, 0.0000000000000000000, 0.0000000000000000000, 0.0000000000000000000, 0.0000000000000000000, 0.0000000000000000000 ) ;
#3278 = ORIENTED_EDGE ( 'NONE', *, *, #3762, .T. ) ;
#3279 = CARTESIAN_POINT ( 'NONE',  ( 0.0000000000000000000, -0.07874015748031495954, -0.5787401574803149318 ) ) ;
#3280 = ORIENTED_EDGE ( 'NONE', *, *, #6037, .F. ) ;
#3281 = CARTESIAN_POINT ( 'NONE',  ( 0.0000000000000000000, 0.2559055118110236671, -0.8193313899813637891 ) ) ;
#3282 = DIRECTION ( 'NONE',  ( 0.0000000000000000000, 0.0000000000000000000, 1.000000000000000000 ) ) ;
#3283 = ADVANCED_FACE ( 'NONE', ( #3910 ), #5364, .F. ) ;
#3284 = PRESENTATION_STYLE_ASSIGNMENT (( #808 ) ) ;
#3285 = EDGE_CURVE ( 'NONE', #2708, #247, #5904, .T. ) ;
#3286 = AXIS2_PLACEMENT_3D ( 'NONE', #1008, #3002, #3973 ) ;
#3287 = AXIS2_PLACEMENT_3D ( 'NONE', #4134, #3655, #6102 ) ;
#3288 = PRESENTATION_STYLE_ASSIGNMENT (( #2276 ) ) ;
#3289 = SURFACE_STYLE_USAGE ( .BOTH. , #1306 ) ;
#3290 = VECTOR ( 'NONE', #4530, 39.37007874015748143 ) ;
#3291 = ORIENTED_EDGE ( 'NONE', *, *, #6090, .F. ) ;
#3292 = UNCERTAINTY_MEASURE_WITH_UNIT (LENGTH_MEASURE( 1.000000000000000082E-05 ), #665, 'distance_accuracy_value', 'NONE');
#3293 = CARTESIAN_POINT ( 'NONE',  ( 0.01574803149606299191, 0.08812960560922117326, -0.5708661417322834497 ) ) ;
#3294 = PLANE ( 'NONE',  #2934 ) ;
#3295 = LENGTH_MEASURE_WITH_UNIT ( LENGTH_MEASURE( 0.02539999999999999897 ), #5246 );
#3296 = ORIENTED_EDGE ( 'NONE', *, *, #2207, .F. ) ;
#3297 = CIRCLE ( 'NONE', #4090, 0.1122047244094488277 ) ;
#3298 = ORIENTED_EDGE ( 'NONE', *, *, #1923, .T. ) ;
#3299 = DIRECTION ( 'NONE',  ( 0.0000000000000000000, 0.0000000000000000000, -1.000000000000000000 ) ) ;
#3300 = DIMENSIONAL_EXPONENTS ( 1.000000000000000000, 0.0000000000000000000, 0.0000000000000000000, 0.0000000000000000000, 0.0000000000000000000, 0.0000000000000000000, 0.0000000000000000000 ) ;
#3301 = SURFACE_STYLE_FILL_AREA ( #4821 ) ;
#3302 = AXIS2_PLACEMENT_3D ( 'NONE', #1102, #3651, #3127 ) ;
#3303 = ORIENTED_EDGE ( 'NONE', *, *, #5201, .F. ) ;
#3304 = DIRECTION ( 'NONE',  ( 0.0000000000000000000, 0.0000000000000000000, -1.000000000000000000 ) ) ;
#3305 = LINE ( 'NONE', #866, #895 ) ;
#3306 = ORIENTED_EDGE ( 'NONE', *, *, #1913, .F. ) ;
#3307 = FILL_AREA_STYLE_COLOUR ( '', #4244 ) ;
#3308 = LINE ( 'NONE', #840, #1868 ) ;
#3309 = LINE ( 'NONE', #1759, #495 ) ;
#3310 = ADVANCED_FACE ( 'NONE', ( #1502 ), #6296, .T. ) ;
#3311 = ADVANCED_FACE ( 'NONE', ( #461 ), #5117, .F. ) ;
#3312 =( CONVERSION_BASED_UNIT ( 'INCH', #2312 ) LENGTH_UNIT ( ) NAMED_UNIT ( #1604 ) );
#3313 = LENGTH_MEASURE_WITH_UNIT ( LENGTH_MEASURE( 0.02539999999999999897 ), #4192 );
#3314 = PRESENTATION_LAYER_ASSIGNMENT (  '', '', ( #2800 ) ) ;
#3315 = VECTOR ( 'NONE', #2965, 39.37007874015748143 ) ;
#3316 = EDGE_LOOP ( 'NONE', ( #6119, #3769, #536, #5031, #2132, #5832, #5646, #2586, #2283, #28, #1284, #5727, #1981, #2855 ) ) ;
#3317 = SURFACE_STYLE_FILL_AREA ( #938 ) ;
#3318 = EDGE_CURVE ( 'NONE', #1682, #5232, #1740, .T. ) ;
#3319 =( CONVERSION_BASED_UNIT ( 'INCH', #2284 ) LENGTH_UNIT ( ) NAMED_UNIT ( #5790 ) );
#3320 = STYLED_ITEM ( 'NONE', ( #1583 ), #1650 ) ;
#3321 = CARTESIAN_POINT ( 'NONE',  ( 0.0000000000000000000, 0.2559055118110236671, 0.0000000000000000000 ) ) ;
#3322 = DIRECTION ( 'NONE',  ( -1.000000000000000000, 0.0000000000000000000, 0.0000000000000000000 ) ) ;
#3323 = VERTEX_POINT ( 'NONE', #6133 ) ;
#3324 = PRESENTATION_LAYER_ASSIGNMENT (  '', '', ( #1777 ) ) ;
#3325 = COLOUR_RGB ( '',0.2509803921568627416, 0.2509803921568627416, 0.2509803921568627416 ) ;
#3326 = DIRECTION ( 'NONE',  ( -0.0000000000000000000, -0.0000000000000000000, -1.000000000000000000 ) ) ;
#3327 = PLANE ( 'NONE',  #4441 ) ;
#3328 = CARTESIAN_POINT ( 'NONE',  ( -0.1417322834645669549, 0.1535433070866141780, -0.5413385826771652809 ) ) ;
#3329 = AXIS2_PLACEMENT_3D ( 'NONE', #3405, #426, #1987 ) ;
#3330 = DIRECTION ( 'NONE',  ( -0.0000000000000000000, -1.000000000000000000, -0.0000000000000000000 ) ) ;
#3331 = EDGE_LOOP ( 'NONE', ( #5420, #2451, #784, #6358 ) ) ;
#3332 =( CONVERSION_BASED_UNIT ( 'INCH', #5761 ) LENGTH_UNIT ( ) NAMED_UNIT ( #3277 ) );
#3333 = ORIENTED_EDGE ( 'NONE', *, *, #1031, .T. ) ;
#3334 =( LENGTH_UNIT ( ) NAMED_UNIT ( * ) SI_UNIT ( $, .METRE. ) );
#3335 = CIRCLE ( 'NONE', #131, 0.02362204724409448786 ) ;
#3336 = CARTESIAN_POINT ( 'NONE',  ( 0.0000000000000000000, -0.09055118110236221041, -0.1574803149606299191 ) ) ;
#3337 = DIMENSIONAL_EXPONENTS ( 1.000000000000000000, 0.0000000000000000000, 0.0000000000000000000, 0.0000000000000000000, 0.0000000000000000000, 0.0000000000000000000, 0.0000000000000000000 ) ;
#3338 = ORIENTED_EDGE ( 'NONE', *, *, #5768, .T. ) ;
#3339 =( NAMED_UNIT ( * ) PLANE_ANGLE_UNIT ( ) SI_UNIT ( $, .RADIAN. ) );
#3340 =( NAMED_UNIT ( * ) SI_UNIT ( $, .STERADIAN. ) SOLID_ANGLE_UNIT ( ) );
#3341 = ADVANCED_FACE ( 'NONE', ( #5653, #5583, #5620, #3104 ), #697, .T. ) ;
#3342 = AXIS2_PLACEMENT_3D ( 'NONE', #5699, #1872, #3274 ) ;
#3343 = EDGE_CURVE ( 'NONE', #2858, #2226, #2287, .T. ) ;
#3344 = FILL_AREA_STYLE ('',( #1340 ) ) ;
#3345 = ORIENTED_EDGE ( 'NONE', *, *, #1652, .T. ) ;
#3346 = UNCERTAINTY_MEASURE_WITH_UNIT (LENGTH_MEASURE( 1.000000000000000082E-05 ), #3634, 'distance_accuracy_value', 'NONE');
#3347 = CARTESIAN_POINT ( 'NONE',  ( 0.01574803149606299191, 0.1183070866141732458, -0.5770472440944881543 ) ) ;
#3348 = MECHANICAL_DESIGN_GEOMETRIC_PRESENTATION_REPRESENTATION (  '', ( #2104 ), #3255 ) ;
#3349 = DIRECTION ( 'NONE',  ( 0.0000000000000000000, 0.0000000000000000000, 1.000000000000000000 ) ) ;
#3350 = CARTESIAN_POINT ( 'NONE',  ( -0.01574803149606299885, 0.1165948038395977215, -0.5905511811023621549 ) ) ;
#3351 = ADVANCED_FACE ( 'NONE', ( #1400 ), #3294, .F. ) ;
#3352 =( LENGTH_UNIT ( ) NAMED_UNIT ( * ) SI_UNIT ( $, .METRE. ) );
#3353 = DIRECTION ( 'NONE',  ( -1.000000000000000000, 0.0000000000000000000, 0.0000000000000000000 ) ) ;
#3354 = EDGE_CURVE ( 'NONE', #445, #4448, #440, .T. ) ;
#3355 = SURFACE_SIDE_STYLE ('',( #2352 ) ) ;
#3356 = ORIENTED_EDGE ( 'NONE', *, *, #1562, .F. ) ;
#3357 =( CONVERSION_BASED_UNIT ( 'INCH', #1870 ) LENGTH_UNIT ( ) NAMED_UNIT ( #2467 ) );
#3358 =( NAMED_UNIT ( * ) PLANE_ANGLE_UNIT ( ) SI_UNIT ( $, .RADIAN. ) );
#3359 =( NAMED_UNIT ( * ) PLANE_ANGLE_UNIT ( ) SI_UNIT ( $, .RADIAN. ) );
#3360 = PRESENTATION_STYLE_ASSIGNMENT (( #2418 ) ) ;
#3361 = ORIENTED_EDGE ( 'NONE', *, *, #2011, .T. ) ;
#3362 = LINE ( 'NONE', #6238, #1625 ) ;
#3363 = UNCERTAINTY_MEASURE_WITH_UNIT (LENGTH_MEASURE( 1.000000000000000082E-05 ), #780, 'distance_accuracy_value', 'NONE');
#3364 = ORIENTED_EDGE ( 'NONE', *, *, #1301, .F. ) ;
#3365 = PRESENTATION_STYLE_ASSIGNMENT (( #5736 ) ) ;
#3366 = LENGTH_MEASURE_WITH_UNIT ( LENGTH_MEASURE( 0.02539999999999999897 ), #2918 );
#3367 = VERTEX_POINT ( 'NONE', #3350 ) ;
#3368 = STYLED_ITEM ( 'NONE', ( #1217 ), #4589 ) ;
#3369 =( CONVERSION_BASED_UNIT ( 'INCH', #814 ) LENGTH_UNIT ( ) NAMED_UNIT ( #3300 ) );
#3370 = DIRECTION ( 'NONE',  ( -1.000000000000000000, 0.0000000000000000000, 0.0000000000000000000 ) ) ;
#3371 = COLOUR_RGB ( '',0.7529411764705882248, 0.7529411764705882248, 0.7529411764705882248 ) ;
#3372 =( LENGTH_UNIT ( ) NAMED_UNIT ( * ) SI_UNIT ( $, .METRE. ) );
#3373 = DIRECTION ( 'NONE',  ( 0.0000000000000000000, 0.0000000000000000000, 1.000000000000000000 ) ) ;
#3374 = VERTEX_POINT ( 'NONE', #909 ) ;
#3375 = LINE ( 'NONE', #4292, #418 ) ;
#3376 = PRESENTATION_LAYER_ASSIGNMENT (  '', '', ( #3969 ) ) ;
#3377 = DIMENSIONAL_EXPONENTS ( 1.000000000000000000, 0.0000000000000000000, 0.0000000000000000000, 0.0000000000000000000, 0.0000000000000000000, 0.0000000000000000000, 0.0000000000000000000 ) ;
#3378 = VECTOR ( 'NONE', #2301, 39.37007874015748143 ) ;
#3379 = FACE_OUTER_BOUND ( 'NONE', #1611, .T. ) ;
#3380 = PRESENTATION_LAYER_ASSIGNMENT (  '', '', ( #4594 ) ) ;
#3381 = STYLED_ITEM ( 'NONE', ( #5436 ), #5373 ) ;
#3382 = DIRECTION ( 'NONE',  ( 0.0000000000000000000, 0.0000000000000000000, -1.000000000000000000 ) ) ;
#3383 = ORIENTED_EDGE ( 'NONE', *, *, #3385, .T. ) ;
#3384 = EDGE_CURVE ( 'NONE', #1651, #3518, #393, .T. ) ;
#3385 = EDGE_CURVE ( 'NONE', #2000, #4712, #274, .T. ) ;
#3386 = DIRECTION ( 'NONE',  ( 0.0000000000000000000, 0.0000000000000000000, -1.000000000000000000 ) ) ;
#3387 = DIRECTION ( 'NONE',  ( 0.0000000000000000000, -1.239088197126290817E-16, 1.000000000000000000 ) ) ;
#3388 = EDGE_CURVE ( 'NONE', #1903, #2863, #3822, .T. ) ;
#3389 =( NAMED_UNIT ( * ) PLANE_ANGLE_UNIT ( ) SI_UNIT ( $, .RADIAN. ) );
#3390 = ORIENTED_EDGE ( 'NONE', *, *, #2084, .F. ) ;
#3391 = EDGE_LOOP ( 'NONE', ( #4536, #2459, #4026, #3333, #2498, #1618, #2010, #1459, #4540, #5062 ) ) ;
#3392 =( NAMED_UNIT ( * ) PLANE_ANGLE_UNIT ( ) SI_UNIT ( $, .RADIAN. ) );
#3393 = CIRCLE ( 'NONE', #5538, 0.02559055118110234450 ) ;
#3394 = CARTESIAN_POINT ( 'NONE',  ( 0.1244991204790699690, 0.1968503937007873017, -0.03937007874015750059 ) ) ;
#3395 = DIRECTION ( 'NONE',  ( 1.000000000000000000, 1.421904488505579654E-16, 0.0000000000000000000 ) ) ;
#3396 = ORIENTED_EDGE ( 'NONE', *, *, #5383, .T. ) ;
#3397 = VECTOR ( 'NONE', #4123, 39.37007874015748143 ) ;
#3398 = DIRECTION ( 'NONE',  ( 0.0000000000000000000, -1.000000000000000000, -1.239088197126290817E-16 ) ) ;
#3399 = CARTESIAN_POINT ( 'NONE',  ( 0.01574803149606299191, 0.1417322834645669549, -0.5629921259842519676 ) ) ;
#3400 = EDGE_LOOP ( 'NONE', ( #5323, #4469, #2190, #1093 ) ) ;
#3401 = ORIENTED_EDGE ( 'NONE', *, *, #5651, .T. ) ;
#3402 =( LENGTH_UNIT ( ) NAMED_UNIT ( * ) SI_UNIT ( $, .METRE. ) );
#3403 = CARTESIAN_POINT ( 'NONE',  ( -0.1771653543307086798, 0.0000000000000000000, -0.5019685039370078705 ) ) ;
#3404 = DIRECTION ( 'NONE',  ( 1.000000000000000000, 0.0000000000000000000, 0.0000000000000000000 ) ) ;
#3405 = CARTESIAN_POINT ( 'NONE',  ( 0.0000000000000000000, 0.2559055118110236671, -0.09842519685039372024 ) ) ;
#3406 = AXIS2_PLACEMENT_3D ( 'NONE', #1094, #990, #3959 ) ;
#3407 = DIRECTION ( 'NONE',  ( 0.0000000000000000000, -1.000000000000000000, -4.336808689942016158E-15 ) ) ;
#3408 = ORIENTED_EDGE ( 'NONE', *, *, #2278, .F. ) ;
#3409 = VECTOR ( 'NONE', #3484, 39.37007874015748143 ) ;
#3410 = CARTESIAN_POINT ( 'NONE',  ( -0.05118110236220468207, 0.01574803149606299191, -0.5629921259842519676 ) ) ;
#3411 =( NAMED_UNIT ( * ) SI_UNIT ( $, .STERADIAN. ) SOLID_ANGLE_UNIT ( ) );
#3412 = DIMENSIONAL_EXPONENTS ( 1.000000000000000000, 0.0000000000000000000, 0.0000000000000000000, 0.0000000000000000000, 0.0000000000000000000, 0.0000000000000000000, 0.0000000000000000000 ) ;
#3413 =( CONVERSION_BASED_UNIT ( 'INCH', #3856 ) LENGTH_UNIT ( ) NAMED_UNIT ( #5378 ) );
#3414 = CARTESIAN_POINT ( 'NONE',  ( -0.1417322834645669549, 0.1259842519685039353, -0.5019685039370078705 ) ) ;
#3415 = EDGE_CURVE ( 'NONE', #4848, #4501, #4198, .T. ) ;
#3416 = ADVANCED_FACE ( 'NONE', ( #2349, #4295 ), #5298, .T. ) ;
#3417 = DIRECTION ( 'NONE',  ( 0.0000000000000000000, -1.000000000000000000, 0.0000000000000000000 ) ) ;
#3418 = VECTOR ( 'NONE', #3056, 39.37007874015748143 ) ;
#3419 = STYLED_ITEM ( 'NONE', ( #4332 ), #1769 ) ;
#3420 = ORIENTED_EDGE ( 'NONE', *, *, #2566, .F. ) ;
#3421 = CARTESIAN_POINT ( 'NONE',  ( 0.06692913385826770867, 0.007874015748031497688, -0.5629921259842519676 ) ) ;
#3422 = VERTEX_POINT ( 'NONE', #3528 ) ;
#3423 = AXIS2_PLACEMENT_3D ( 'NONE', #5327, #1956, #2021 ) ;
#3424 = CARTESIAN_POINT ( 'NONE',  ( -0.01574803149606299885, 0.1165948038395977215, -0.5708661417322834497 ) ) ;
#3425 = FILL_AREA_STYLE ('',( #2426 ) ) ;
#3426 = ORIENTED_EDGE ( 'NONE', *, *, #2075, .F. ) ;
#3427 = AXIS2_PLACEMENT_3D ( 'NONE', #6204, #314, #6297 ) ;
#3428 = CARTESIAN_POINT ( 'NONE',  ( -0.07454548415198222755, 0.1717356785014765852, -0.04378292259596484187 ) ) ;
#3429 = CYLINDRICAL_SURFACE ( 'NONE', #5738, 0.02559055118110236532 ) ;
#3430 = SURFACE_STYLE_USAGE ( .BOTH. , #5746 ) ;
#3431 = VERTEX_POINT ( 'NONE', #3465 ) ;
#3432 = PLANE ( 'NONE',  #2243 ) ;
#3433 = SURFACE_STYLE_FILL_AREA ( #6346 ) ;
#3434 = FACE_OUTER_BOUND ( 'NONE', #3858, .T. ) ;
#3435 = SPHERICAL_SURFACE ( 'NONE', #3329, 0.03937007874015747977 ) ;
#3436 = LENGTH_MEASURE_WITH_UNIT ( LENGTH_MEASURE( 0.02539999999999999897 ), #5964 );
#3437 = ORIENTED_EDGE ( 'NONE', *, *, #1046, .T. ) ;
#3438 = CARTESIAN_POINT ( 'NONE',  ( 0.0000000000000000000, 0.2559055118110236671, -0.4232283464566929387 ) ) ;
#3439 = DIRECTION ( 'NONE',  ( 0.0000000000000000000, 0.0000000000000000000, 1.000000000000000000 ) ) ;
#3440 = LINE ( 'NONE', #3007, #3153 ) ;
#3441 = LENGTH_MEASURE_WITH_UNIT ( LENGTH_MEASURE( 0.02539999999999999897 ), #4955 );
#3442 = CARTESIAN_POINT ( 'NONE',  ( 0.09842519685039369248, 0.1614173228346456879, -0.5019685039370078705 ) ) ;
#3443 =( CONVERSION_BASED_UNIT ( 'INCH', #2545 ) LENGTH_UNIT ( ) NAMED_UNIT ( #348 ) );
#3444 = VERTEX_POINT ( 'NONE', #517 ) ;
#3445 =( CONVERSION_BASED_UNIT ( 'INCH', #535 ) LENGTH_UNIT ( ) NAMED_UNIT ( #3855 ) );
#3446 = ORIENTED_EDGE ( 'NONE', *, *, #6239, .T. ) ;
#3447 = DIRECTION ( 'NONE',  ( 1.000000000000000000, 0.0000000000000000000, 0.0000000000000000000 ) ) ;
#3448 = CARTESIAN_POINT ( 'NONE',  ( -0.1771653543307086798, 0.0000000000000000000, -0.5019685039370078705 ) ) ;
#3449 =( CONVERSION_BASED_UNIT ( 'INCH', #503 ) LENGTH_UNIT ( ) NAMED_UNIT ( #6112 ) );
#3450 = STYLED_ITEM ( 'NONE', ( #2350 ), #4149 ) ;
#3451 = CARTESIAN_POINT ( 'NONE',  ( -0.1614173228346456601, 0.01574803149606299191, -0.5019685039370078705 ) ) ;
#3452 = DIMENSIONAL_EXPONENTS ( 1.000000000000000000, 0.0000000000000000000, 0.0000000000000000000, 0.0000000000000000000, 0.0000000000000000000, 0.0000000000000000000, 0.0000000000000000000 ) ;
#3453 = EDGE_LOOP ( 'NONE', ( #4161, #5944, #2780, #604 ) ) ;
#3454 = EDGE_CURVE ( 'NONE', #1464, #3444, #454, .T. ) ;
#3455 =( GEOMETRIC_REPRESENTATION_CONTEXT ( 3 ) GLOBAL_UNCERTAINTY_ASSIGNED_CONTEXT ( ( #2836 ) ) GLOBAL_UNIT_ASSIGNED_CONTEXT ( ( #2740, #4647, #2705 ) ) REPRESENTATION_CONTEXT ( 'NONE', 'WORKASPACE' ) );
#3456 = EDGE_CURVE ( 'NONE', #1391, #2292, #4255, .T. ) ;
#3457 = CARTESIAN_POINT ( 'NONE',  ( 0.0000000000000000000, 0.2559055118110236671, -0.4035433070866141225 ) ) ;
#3458 = VECTOR ( 'NONE', #3770, 39.37007874015748143 ) ;
#3459 = DIRECTION ( 'NONE',  ( 0.0000000000000000000, -1.000000000000000000, 0.0000000000000000000 ) ) ;
#3460 = ORIENTED_EDGE ( 'NONE', *, *, #2430, .T. ) ;
#3461 = PLANE ( 'NONE',  #5563 ) ;
#3462 = ORIENTED_EDGE ( 'NONE', *, *, #5571, .F. ) ;
#3463 = COLOUR_RGB ( '',1.000000000000000000, 1.000000000000000000, 1.000000000000000000 ) ;
#3464 =( NAMED_UNIT ( * ) SI_UNIT ( $, .STERADIAN. ) SOLID_ANGLE_UNIT ( ) );
#3465 = CARTESIAN_POINT ( 'NONE',  ( -0.06692913385826773642, 0.1949136480912218305, -0.5629921259842519676 ) ) ;
#3466 = FILL_AREA_STYLE_COLOUR ( '', #669 ) ;
#3467 =( NAMED_UNIT ( * ) PLANE_ANGLE_UNIT ( ) SI_UNIT ( $, .RADIAN. ) );
#3468 = LENGTH_MEASURE_WITH_UNIT ( LENGTH_MEASURE( 0.02539999999999999897 ), #48 );
#3469 = MECHANICAL_DESIGN_GEOMETRIC_PRESENTATION_REPRESENTATION (  '', ( #3969 ), #1928 ) ;
#3470 = AXIS2_PLACEMENT_3D ( 'NONE', #323, #4953, #1043 ) ;
#3471 = ORIENTED_EDGE ( 'NONE', *, *, #2638, .F. ) ;
#3472 =( NAMED_UNIT ( * ) PLANE_ANGLE_UNIT ( ) SI_UNIT ( $, .RADIAN. ) );
#3473 = SURFACE_STYLE_FILL_AREA ( #4385 ) ;
#3474 = PRESENTATION_LAYER_ASSIGNMENT (  '', '', ( #3778 ) ) ;
#3475 = FILL_AREA_STYLE_COLOUR ( '', #5286 ) ;
#3476 = AXIS2_PLACEMENT_3D ( 'NONE', #3950, #127, #2523 ) ;
#3477 = SURFACE_STYLE_USAGE ( .BOTH. , #1964 ) ;
#3478 = EDGE_LOOP ( 'NONE', ( #804, #4460 ) ) ;
#3479 = VECTOR ( 'NONE', #5788, 39.37007874015748143 ) ;
#3480 = VERTEX_POINT ( 'NONE', #1065 ) ;
#3481 = FILL_AREA_STYLE ('',( #4964 ) ) ;
#3482 = CARTESIAN_POINT ( 'NONE',  ( 0.1771653543307086798, 0.4330708661417322913, -0.1377952755905511584 ) ) ;
#3483 = FACE_OUTER_BOUND ( 'NONE', #308, .T. ) ;
#3484 = DIRECTION ( 'NONE',  ( 0.0000000000000000000, 0.8574929257125444293, 0.5144957554275261247 ) ) ;
#3485 = ORIENTED_EDGE ( 'NONE', *, *, #4833, .F. ) ;
#3486 = UNCERTAINTY_MEASURE_WITH_UNIT (LENGTH_MEASURE( 1.000000000000000082E-05 ), #1034, 'distance_accuracy_value', 'NONE');
#3487 =( GEOMETRIC_REPRESENTATION_CONTEXT ( 3 ) GLOBAL_UNCERTAINTY_ASSIGNED_CONTEXT ( ( #5581 ) ) GLOBAL_UNIT_ASSIGNED_CONTEXT ( ( #1926, #1957, #3903 ) ) REPRESENTATION_CONTEXT ( 'NONE', 'WORKASPACE' ) );
#3488 =( NAMED_UNIT ( * ) PLANE_ANGLE_UNIT ( ) SI_UNIT ( $, .RADIAN. ) );
#3489 =( GEOMETRIC_REPRESENTATION_CONTEXT ( 3 ) GLOBAL_UNCERTAINTY_ASSIGNED_CONTEXT ( ( #1533 ) ) GLOBAL_UNIT_ASSIGNED_CONTEXT ( ( #207, #3563, #1733 ) ) REPRESENTATION_CONTEXT ( 'NONE', 'WORKASPACE' ) );
#3490 = ADVANCED_FACE ( 'NONE', ( #5841 ), #967, .F. ) ;
#3491 = CARTESIAN_POINT ( 'NONE',  ( -0.04330708661417323468, 0.2559055118110236671, -0.5846456692913385433 ) ) ;
#3492 = ADVANCED_FACE ( 'NONE', ( #1922, #940 ), #2439, .T. ) ;
#3493 = ORIENTED_EDGE ( 'NONE', *, *, #1413, .F. ) ;
#3494 = DIMENSIONAL_EXPONENTS ( 1.000000000000000000, 0.0000000000000000000, 0.0000000000000000000, 0.0000000000000000000, 0.0000000000000000000, 0.0000000000000000000, 0.0000000000000000000 ) ;
#3495 = ORIENTED_EDGE ( 'NONE', *, *, #4231, .T. ) ;
#3496 = STYLED_ITEM ( 'NONE', ( #3542 ), #994 ) ;
#3497 = LINE ( 'NONE', #2532, #6229 ) ;
#3498 = CARTESIAN_POINT ( 'NONE',  ( -0.1771653543307086798, 0.1181102362204723838, -0.06889763779527563470 ) ) ;
#3499 = PRESENTATION_LAYER_ASSIGNMENT (  '', '', ( #720 ) ) ;
#3500 =( NAMED_UNIT ( * ) PLANE_ANGLE_UNIT ( ) SI_UNIT ( $, .RADIAN. ) );
#3501 = EDGE_LOOP ( 'NONE', ( #6157, #4362, #2353, #670 ) ) ;
#3502 = EDGE_CURVE ( 'NONE', #1787, #2570, #2521, .T. ) ;
#3503 = LENGTH_MEASURE_WITH_UNIT ( LENGTH_MEASURE( 0.02539999999999999897 ), #5397 );
#3504 = MECHANICAL_DESIGN_GEOMETRIC_PRESENTATION_REPRESENTATION (  '', ( #1549 ), #5760 ) ;
#3505 = PRESENTATION_STYLE_ASSIGNMENT (( #2581 ) ) ;
#3506 = CARTESIAN_POINT ( 'NONE',  ( 0.1771653543307086798, 0.3149606299212598381, -0.03937007874015750059 ) ) ;
#3507 = LINE ( 'NONE', #2060, #704 ) ;
#3508 = DIRECTION ( 'NONE',  ( 0.0000000000000000000, -0.8574929257125464277, 0.5144957554275226830 ) ) ;
#3509 = ORIENTED_EDGE ( 'NONE', *, *, #4663, .F. ) ;
#3510 = SURFACE_STYLE_USAGE ( .BOTH. , #4962 ) ;
#3511 = COLOUR_RGB ( '',0.2509803921568627416, 0.2509803921568627416, 0.2509803921568627416 ) ;
#3512 = ORIENTED_EDGE ( 'NONE', *, *, #1372, .T. ) ;
#3513 = LENGTH_MEASURE_WITH_UNIT ( LENGTH_MEASURE( 0.02539999999999999897 ), #5495 );
#3514 = CARTESIAN_POINT ( 'NONE',  ( 0.09842519685039369248, 0.1614173228346456879, -0.4035433070866140670 ) ) ;
#3515 = SURFACE_STYLE_USAGE ( .BOTH. , #957 ) ;
#3516 = COLOUR_RGB ( '',0.2509803921568627416, 0.2509803921568627416, 0.2509803921568627416 ) ;
#3517 = CARTESIAN_POINT ( 'NONE',  ( -0.05118110236220468207, 0.01574803149606299191, -0.5984251968503937480 ) ) ;
#3518 = VERTEX_POINT ( 'NONE', #1593 ) ;
#3519 = MECHANICAL_DESIGN_GEOMETRIC_PRESENTATION_REPRESENTATION (  '', ( #2394 ), #14 ) ;
#3520 = PRESENTATION_STYLE_ASSIGNMENT (( #4895 ) ) ;
#3521 = LINE ( 'NONE', #4057, #6361 ) ;
#3522 = CARTESIAN_POINT ( 'NONE',  ( -0.09055118110236218265, 0.2559055118110236671, -0.5787401574803149318 ) ) ;
#3523 = VECTOR ( 'NONE', #5102, 39.37007874015748143 ) ;
#3524 = LINE ( 'NONE', #1061, #3418 ) ;
#3525 = VERTEX_POINT ( 'NONE', #1166 ) ;
#3526 = DIRECTION ( 'NONE',  ( 0.0000000000000000000, 0.0000000000000000000, -1.000000000000000000 ) ) ;
#3527 = EDGE_CURVE ( 'NONE', #2032, #4141, #3096, .T. ) ;
#3528 = CARTESIAN_POINT ( 'NONE',  ( 0.09842519685030418075, 0.1456692913385826404, -0.5019685039370078705 ) ) ;
#3529 =( LENGTH_UNIT ( ) NAMED_UNIT ( * ) SI_UNIT ( $, .METRE. ) );
#3530 = PRESENTATION_STYLE_ASSIGNMENT (( #5963 ) ) ;
#3531 = FILL_AREA_STYLE_COLOUR ( '', #3889 ) ;
#3532 = CARTESIAN_POINT ( 'NONE',  ( 0.1929133858267716439, 0.1614173228346456879, -0.5019685039370078705 ) ) ;
#3533 = ORIENTED_EDGE ( 'NONE', *, *, #3647, .T. ) ;
#3534 = UNCERTAINTY_MEASURE_WITH_UNIT (LENGTH_MEASURE( 1.000000000000000082E-05 ), #978, 'distance_accuracy_value', 'NONE');
#3535 = AXIS2_PLACEMENT_3D ( 'NONE', #3197, #6101, #3133 ) ;
#3536 = EDGE_CURVE ( 'NONE', #2468, #390, #547, .T. ) ;
#3537 = DIMENSIONAL_EXPONENTS ( 1.000000000000000000, 0.0000000000000000000, 0.0000000000000000000, 0.0000000000000000000, 0.0000000000000000000, 0.0000000000000000000, 0.0000000000000000000 ) ;
#3538 = SURFACE_STYLE_FILL_AREA ( #2972 ) ;
#3539 = FACE_OUTER_BOUND ( 'NONE', #5533, .T. ) ;
#3540 = EDGE_CURVE ( 'NONE', #5873, #6290, #235, .T. ) ;
#3541 = AXIS2_PLACEMENT_3D ( 'NONE', #3403, #483, #2930 ) ;
#3542 = PRESENTATION_STYLE_ASSIGNMENT (( #2031 ) ) ;
#3543 = ORIENTED_EDGE ( 'NONE', *, *, #4034, .F. ) ;
#3544 = CARTESIAN_POINT ( 'NONE',  ( -0.01574803149606299191, 0.1417322834645669549, -0.5629921259842519676 ) ) ;
#3545 = LENGTH_MEASURE_WITH_UNIT ( LENGTH_MEASURE( 0.02539999999999999897 ), #5146 );
#3546 = EDGE_LOOP ( 'NONE', ( #6269, #3408, #1969, #6106 ) ) ;
#3547 = PRESENTATION_LAYER_ASSIGNMENT (  '', '', ( #1698 ) ) ;
#3548 = PRESENTATION_STYLE_ASSIGNMENT (( #1448 ) ) ;
#3549 = CARTESIAN_POINT ( 'NONE',  ( 0.01574803149606299191, 0.07800173640789191676, -0.5877459237344989651 ) ) ;
#3550 =( NAMED_UNIT ( * ) SI_UNIT ( $, .STERADIAN. ) SOLID_ANGLE_UNIT ( ) );
#3551 = LINE ( 'NONE', #3991, #3409 ) ;
#3552 = MECHANICAL_DESIGN_GEOMETRIC_PRESENTATION_REPRESENTATION (  '', ( #2744 ), #1591 ) ;
#3553 = EDGE_LOOP ( 'NONE', ( #2166, #2531, #2866, #4979 ) ) ;
#3554 = UNCERTAINTY_MEASURE_WITH_UNIT (LENGTH_MEASURE( 1.000000000000000082E-05 ), #529, 'distance_accuracy_value', 'NONE');
#3555 = ORIENTED_EDGE ( 'NONE', *, *, #1244, .F. ) ;
#3556 = CARTESIAN_POINT ( 'NONE',  ( -0.1771653543307086798, 0.4330708661417322913, -0.5019685039370078705 ) ) ;
#3557 = AXIS2_PLACEMENT_3D ( 'NONE', #1679, #4694, #3637 ) ;
#3558 = CARTESIAN_POINT ( 'NONE',  ( 0.1244991204790699690, 0.1968503937007873017, 0.0000000000000000000 ) ) ;
#3559 = AXIS2_PLACEMENT_3D ( 'NONE', #4684, #1247, #4618 ) ;
#3560 = LINE ( 'NONE', #5509, #4223 ) ;
#3561 = PRESENTATION_STYLE_ASSIGNMENT (( #5607 ) ) ;
#3562 = AXIS2_PLACEMENT_3D ( 'NONE', #3782, #2280, #2894 ) ;
#3563 =( NAMED_UNIT ( * ) PLANE_ANGLE_UNIT ( ) SI_UNIT ( $, .RADIAN. ) );
#3564 = ORIENTED_EDGE ( 'NONE', *, *, #5484, .T. ) ;
#3565 = COLOUR_RGB ( '',1.000000000000000000, 1.000000000000000000, 1.000000000000000000 ) ;
#3566 = DIRECTION ( 'NONE',  ( 0.0000000000000000000, 0.0000000000000000000, 1.000000000000000000 ) ) ;
#3567 = DIRECTION ( 'NONE',  ( 0.0000000000000000000, 0.0000000000000000000, 1.000000000000000000 ) ) ;
#3568 = SURFACE_STYLE_FILL_AREA ( #5025 ) ;
#3569 =( LENGTH_UNIT ( ) NAMED_UNIT ( * ) SI_UNIT ( $, .METRE. ) );
#3570 = COLOUR_RGB ( '',0.2509803921568627416, 0.2509803921568627416, 0.2509803921568627416 ) ;
#3571 =( NAMED_UNIT ( * ) PLANE_ANGLE_UNIT ( ) SI_UNIT ( $, .RADIAN. ) );
#3572 =( LENGTH_UNIT ( ) NAMED_UNIT ( * ) SI_UNIT ( $, .METRE. ) );
#3573 = ADVANCED_FACE ( 'NONE', ( #5143 ), #1133, .T. ) ;
#3574 = EDGE_LOOP ( 'NONE', ( #4794, #2325 ) ) ;
#3575 = DIRECTION ( 'NONE',  ( 0.0000000000000000000, 0.0000000000000000000, 1.000000000000000000 ) ) ;
#3576 = EDGE_LOOP ( 'NONE', ( #2127, #5707, #374, #5567, #1227, #5115 ) ) ;
#3577 = ADVANCED_FACE ( 'NONE', ( #3060 ), #586, .F. ) ;
#3578 = CIRCLE ( 'NONE', #5514, 0.007874015748031482076 ) ;
#3579 = FACE_OUTER_BOUND ( 'NONE', #1015, .T. ) ;
#3580 = CARTESIAN_POINT ( 'NONE',  ( -0.1771653543307086798, 0.3937007874015747699, -0.03937007874015747977 ) ) ;
#3581 = DIRECTION ( 'NONE',  ( 0.0000000000000000000, 0.0000000000000000000, -1.000000000000000000 ) ) ;
#3582 =( GEOMETRIC_REPRESENTATION_CONTEXT ( 3 ) GLOBAL_UNCERTAINTY_ASSIGNED_CONTEXT ( ( #1667 ) ) GLOBAL_UNIT_ASSIGNED_CONTEXT ( ( #4838, #2403, #2434 ) ) REPRESENTATION_CONTEXT ( 'NONE', 'WORKASPACE' ) );
#3583 = AXIS2_PLACEMENT_3D ( 'NONE', #3988, #6010, #1612 ) ;
#3584 = ORIENTED_EDGE ( 'NONE', *, *, #2154, .T. ) ;
#3585 = PRESENTATION_STYLE_ASSIGNMENT (( #3146 ) ) ;
#3586 = VERTEX_POINT ( 'NONE', #1365 ) ;
#3587 = EDGE_CURVE ( 'NONE', #2911, #4592, #42, .T. ) ;
#3588 = STYLED_ITEM ( 'NONE', ( #23 ), #256 ) ;
#3589 =( NAMED_UNIT ( * ) SI_UNIT ( $, .STERADIAN. ) SOLID_ANGLE_UNIT ( ) );
#3590 = DIRECTION ( 'NONE',  ( 0.0000000000000000000, 1.000000000000000000, 0.0000000000000000000 ) ) ;
#3591 =( LENGTH_UNIT ( ) NAMED_UNIT ( * ) SI_UNIT ( $, .METRE. ) );
#3592 =( CONVERSION_BASED_UNIT ( 'INCH', #5142 ) LENGTH_UNIT ( ) NAMED_UNIT ( #1100 ) );
#3593 = SURFACE_SIDE_STYLE ('',( #4514 ) ) ;
#3594 = SURFACE_SIDE_STYLE ('',( #689 ) ) ;
#3595 = FACE_OUTER_BOUND ( 'NONE', #5122, .T. ) ;
#3596 = FILL_AREA_STYLE ('',( #238 ) ) ;
#3597 = ORIENTED_EDGE ( 'NONE', *, *, #142, .F. ) ;
#3598 = STYLED_ITEM ( 'NONE', ( #2924 ), #661 ) ;
#3599 = CARTESIAN_POINT ( 'NONE',  ( 0.0000000000000000000, 0.2559055118110236671, -0.5984251968503937480 ) ) ;
#3600 = PRESENTATION_STYLE_ASSIGNMENT (( #1640 ) ) ;
#3601 =( NAMED_UNIT ( * ) SI_UNIT ( $, .STERADIAN. ) SOLID_ANGLE_UNIT ( ) );
#3602 = VECTOR ( 'NONE', #1658, 39.37007874015748143 ) ;
#3603 = CARTESIAN_POINT ( 'NONE',  ( 0.04330708661417323468, 0.2559055118110236671, -0.5944881889763780070 ) ) ;
#3604 =( NAMED_UNIT ( * ) PLANE_ANGLE_UNIT ( ) SI_UNIT ( $, .RADIAN. ) );
#3605 = VERTEX_POINT ( 'NONE', #388 ) ;
#3606 = CARTESIAN_POINT ( 'NONE',  ( -0.1614173228346456601, 0.01574803149606299191, -0.5019685039370078705 ) ) ;
#3607 = VERTEX_POINT ( 'NONE', #6279 ) ;
#3608 = EDGE_CURVE ( 'NONE', #247, #1265, #5743, .T. ) ;
#3609 = EDGE_CURVE ( 'NONE', #6149, #3431, #3837, .T. ) ;
#3610 = LINE ( 'NONE', #1261, #114 ) ;
#3611 = PRESENTATION_LAYER_ASSIGNMENT (  '', '', ( #1449 ) ) ;
#3612 = STYLED_ITEM ( 'NONE', ( #4932 ), #1523 ) ;
#3613 = VERTEX_POINT ( 'NONE', #1236 ) ;
#3614 =( CONVERSION_BASED_UNIT ( 'INCH', #6016 ) LENGTH_UNIT ( ) NAMED_UNIT ( #2101 ) );
#3615 = UNCERTAINTY_MEASURE_WITH_UNIT (LENGTH_MEASURE( 1.000000000000000082E-05 ), #1219, 'distance_accuracy_value', 'NONE');
#3616 = AXIS2_PLACEMENT_3D ( 'NONE', #3424, #3667, #1185 ) ;
#3617 = CARTESIAN_POINT ( 'NONE',  ( 0.0000000000000000000, 0.2559055118110236671, -0.4232283464566929387 ) ) ;
#3618 = ADVANCED_FACE ( 'NONE', ( #6183 ), #5210, .F. ) ;
#3619 = DIRECTION ( 'NONE',  ( 0.0000000000000000000, -1.000000000000000000, 0.0000000000000000000 ) ) ;
#3620 = VECTOR ( 'NONE', #2345, 39.37007874015748143 ) ;
#3621 = AXIS2_PLACEMENT_3D ( 'NONE', #3275, #2880, #2359 ) ;
#3622 = FILL_AREA_STYLE ('',( #1097 ) ) ;
#3623 = CARTESIAN_POINT ( 'NONE',  ( 0.0000000000000000000, 0.2559055118110236671, -0.5787401574803149318 ) ) ;
#3624 = FACE_OUTER_BOUND ( 'NONE', #1577, .T. ) ;
#3625 = CARTESIAN_POINT ( 'NONE',  ( 0.07677165354330710290, 0.1417322834645669549, -0.5984251968503937480 ) ) ;
#3626 = DIRECTION ( 'NONE',  ( 0.0000000000000000000, 1.000000000000000000, 0.0000000000000000000 ) ) ;
#3627 = ORIENTED_EDGE ( 'NONE', *, *, #3996, .T. ) ;
#3628 = DIRECTION ( 'NONE',  ( 0.0000000000000000000, 1.000000000000000000, 0.0000000000000000000 ) ) ;
#3629 = CARTESIAN_POINT ( 'NONE',  ( -0.05118110236220478615, 0.03937007874015747977, -0.3277559055118110520 ) ) ;
#3630 = DIRECTION ( 'NONE',  ( 0.0000000000000000000, 0.0000000000000000000, -1.000000000000000000 ) ) ;
#3631 = VERTEX_POINT ( 'NONE', #6215 ) ;
#3632 = STYLED_ITEM ( 'NONE', ( #1648 ), #3071 ) ;
#3633 = ORIENTED_EDGE ( 'NONE', *, *, #3048, .T. ) ;
#3634 =( CONVERSION_BASED_UNIT ( 'INCH', #739 ) LENGTH_UNIT ( ) NAMED_UNIT ( #3452 ) );
#3635 =( NAMED_UNIT ( * ) SI_UNIT ( $, .STERADIAN. ) SOLID_ANGLE_UNIT ( ) );
#3636 =( NAMED_UNIT ( * ) PLANE_ANGLE_UNIT ( ) SI_UNIT ( $, .RADIAN. ) );
#3637 = DIRECTION ( 'NONE',  ( 1.000000000000000000, -2.347540789939255084E-15, 0.0000000000000000000 ) ) ;
#3638 =( LENGTH_UNIT ( ) NAMED_UNIT ( * ) SI_UNIT ( $, .METRE. ) );
#3639 = ORIENTED_EDGE ( 'NONE', *, *, #5577, .F. ) ;
#3640 = SURFACE_SIDE_STYLE ('',( #2165 ) ) ;
#3641 = ORIENTED_EDGE ( 'NONE', *, *, #2958, .F. ) ;
#3642 = CARTESIAN_POINT ( 'NONE',  ( 0.09842519685039369248, 0.1456692913385826682, -0.4035433070866140670 ) ) ;
#3643 = FILL_AREA_STYLE_COLOUR ( '', #1135 ) ;
#3644 = COLOUR_RGB ( '',0.2509803921568627416, 0.2509803921568627416, 0.2509803921568627416 ) ;
#3645 = FACE_BOUND ( 'NONE', #1574, .T. ) ;
#3646 = CARTESIAN_POINT ( 'NONE',  ( -0.04921259842519691563, 19685.03937007874265, -0.3297244094488189226 ) ) ;
#3647 = EDGE_CURVE ( 'NONE', #2476, #3046, #3781, .T. ) ;
#3648 =( NAMED_UNIT ( * ) PLANE_ANGLE_UNIT ( ) SI_UNIT ( $, .RADIAN. ) );
#3649 = SURFACE_SIDE_STYLE ('',( #1303 ) ) ;
#3650 = DIRECTION ( 'NONE',  ( 9.856383386231857595E-17, 1.000000000000000000, 0.0000000000000000000 ) ) ;
#3651 = DIRECTION ( 'NONE',  ( 0.0000000000000000000, 1.000000000000000000, 0.0000000000000000000 ) ) ;
#3652 = DIRECTION ( 'NONE',  ( 0.0000000000000000000, 0.0000000000000000000, 1.000000000000000000 ) ) ;
#3653 = EDGE_LOOP ( 'NONE', ( #5793, #4902, #1104, #4146, #1644, #3460, #26, #3345, #5037, #2388, #3748, #1990, #5302, #2657, #6178 ) ) ;
#3654 = SURFACE_STYLE_FILL_AREA ( #1141 ) ;
#3655 = DIRECTION ( 'NONE',  ( 0.0000000000000000000, 0.0000000000000000000, 1.000000000000000000 ) ) ;
#3656 =( NAMED_UNIT ( * ) PLANE_ANGLE_UNIT ( ) SI_UNIT ( $, .RADIAN. ) );
#3657 = SURFACE_STYLE_FILL_AREA ( #1109 ) ;
#3658 = SURFACE_SIDE_STYLE ('',( #4657 ) ) ;
#3659 =( LENGTH_UNIT ( ) NAMED_UNIT ( * ) SI_UNIT ( $, .METRE. ) );
#3660 = ORIENTED_EDGE ( 'NONE', *, *, #2361, .T. ) ;
#3661 = ORIENTED_EDGE ( 'NONE', *, *, #2951, .T. ) ;
#3662 = DIRECTION ( 'NONE',  ( -1.000000000000000000, 0.0000000000000000000, 0.0000000000000000000 ) ) ;
#3663 = SURFACE_STYLE_USAGE ( .BOTH. , #3204 ) ;
#3664 = AXIS2_PLACEMENT_3D ( 'NONE', #6067, #626, #4518 ) ;
#3665 = PLANE ( 'NONE',  #1796 ) ;
#3666 = VECTOR ( 'NONE', #3326, 39.37007874015748143 ) ;
#3667 = DIRECTION ( 'NONE',  ( 1.000000000000000000, 0.0000000000000000000, 0.0000000000000000000 ) ) ;
#3668 = SURFACE_SIDE_STYLE ('',( #769 ) ) ;
#3669 = VERTEX_POINT ( 'NONE', #160 ) ;
#3670 = AXIS2_PLACEMENT_3D ( 'NONE', #3026, #4841, #1030 ) ;
#3671 = UNCERTAINTY_MEASURE_WITH_UNIT (LENGTH_MEASURE( 1.000000000000000082E-05 ), #3357, 'distance_accuracy_value', 'NONE');
#3672 = COLOUR_RGB ( '',0.2509803921568627416, 0.2509803921568627416, 0.2509803921568627416 ) ;
#3673 = VERTEX_POINT ( 'NONE', #902 ) ;
#3674 = CARTESIAN_POINT ( 'NONE',  ( 0.1771653543307086798, -0.08858267716535427050, -0.4035433070866140670 ) ) ;
#3675 = CARTESIAN_POINT ( 'NONE',  ( 0.1614173228346456879, 0.2559055118110236671, -0.5629921259842519676 ) ) ;
#3676 = STYLED_ITEM ( 'NONE', ( #4633 ), #5956 ) ;
#3677 = MECHANICAL_DESIGN_GEOMETRIC_PRESENTATION_REPRESENTATION (  '', ( #3381 ), #2141 ) ;
#3678 = DIRECTION ( 'NONE',  ( 0.0000000000000000000, 0.0000000000000000000, 1.000000000000000000 ) ) ;
#3679 = LENGTH_MEASURE_WITH_UNIT ( LENGTH_MEASURE( 0.02539999999999999897 ), #4575 );
#3680 =( GEOMETRIC_REPRESENTATION_CONTEXT ( 3 ) GLOBAL_UNCERTAINTY_ASSIGNED_CONTEXT ( ( #50 ) ) GLOBAL_UNIT_ASSIGNED_CONTEXT ( ( #5140, #3648, #234 ) ) REPRESENTATION_CONTEXT ( 'NONE', 'WORKASPACE' ) );
#3681 = STYLED_ITEM ( 'NONE', ( #5116 ), #5615 ) ;
#3682 = EDGE_CURVE ( 'NONE', #2189, #958, #5529, .T. ) ;
#3683 = EDGE_CURVE ( 'NONE', #3237, #239, #1546, .T. ) ;
#3684 = FACE_OUTER_BOUND ( 'NONE', #5379, .T. ) ;
#3685 = ORIENTED_EDGE ( 'NONE', *, *, #3693, .F. ) ;
#3686 = LINE ( 'NONE', #1635, #1864 ) ;
#3687 = VERTEX_POINT ( 'NONE', #6012 ) ;
#3688 = CARTESIAN_POINT ( 'NONE',  ( -0.1614173228346456879, 0.2559055118110236671, -0.5019685039370078705 ) ) ;
#3689 = DIMENSIONAL_EXPONENTS ( 1.000000000000000000, 0.0000000000000000000, 0.0000000000000000000, 0.0000000000000000000, 0.0000000000000000000, 0.0000000000000000000, 0.0000000000000000000 ) ;
#3690 = STYLED_ITEM ( 'NONE', ( #666 ), #326 ) ;
#3691 =( CONVERSION_BASED_UNIT ( 'INCH', #4132 ) LENGTH_UNIT ( ) NAMED_UNIT ( #1010 ) );
#3692 = CARTESIAN_POINT ( 'NONE',  ( -0.01574803149606299191, 0.1417322834645669549, -0.5787401574803149318 ) ) ;
#3693 = EDGE_CURVE ( 'NONE', #3613, #2933, #759, .T. ) ;
#3694 = SURFACE_SIDE_STYLE ('',( #5692 ) ) ;
#3695 = ORIENTED_EDGE ( 'NONE', *, *, #5968, .F. ) ;
#3696 = VERTEX_POINT ( 'NONE', #2039 ) ;
#3697 = CARTESIAN_POINT ( 'NONE',  ( 8.055539600302798184E-19, 0.2775590551181102983, -0.5629921259842519676 ) ) ;
#3698 = FACE_OUTER_BOUND ( 'NONE', #5955, .T. ) ;
#3699 = FILL_AREA_STYLE ('',( #3173 ) ) ;
#3700 = DIRECTION ( 'NONE',  ( 0.0000000000000000000, 1.000000000000000000, 0.0000000000000000000 ) ) ;
#3701 = ORIENTED_EDGE ( 'NONE', *, *, #2436, .T. ) ;
#3702 = DIRECTION ( 'NONE',  ( -1.421904488505579654E-16, 1.000000000000000000, 0.0000000000000000000 ) ) ;
#3703 = COLOUR_RGB ( '',0.2509803921568627416, 0.2509803921568627416, 0.2509803921568627416 ) ;
#3704 = ORIENTED_EDGE ( 'NONE', *, *, #2637, .F. ) ;
#3705 = DIRECTION ( 'NONE',  ( 0.0000000000000000000, 1.000000000000000000, 0.0000000000000000000 ) ) ;
#3706 = FACE_OUTER_BOUND ( 'NONE', #6039, .T. ) ;
#3707 = AXIS2_PLACEMENT_3D ( 'NONE', #1757, #4152, #2170 ) ;
#3708 =( LENGTH_UNIT ( ) NAMED_UNIT ( * ) SI_UNIT ( $, .METRE. ) );
#3709 = PRESENTATION_LAYER_ASSIGNMENT (  '', '', ( #5264 ) ) ;
#3710 = FACE_OUTER_BOUND ( 'NONE', #2618, .T. ) ;
#3711 =( NAMED_UNIT ( * ) SI_UNIT ( $, .STERADIAN. ) SOLID_ANGLE_UNIT ( ) );
#3712 = FACE_OUTER_BOUND ( 'NONE', #5976, .T. ) ;
#3713 = MECHANICAL_DESIGN_GEOMETRIC_PRESENTATION_REPRESENTATION (  '', ( #6081 ), #1454 ) ;
#3714 =( NAMED_UNIT ( * ) PLANE_ANGLE_UNIT ( ) SI_UNIT ( $, .RADIAN. ) );
#3715 = VERTEX_POINT ( 'NONE', #4532 ) ;
#3716 = UNCERTAINTY_MEASURE_WITH_UNIT (LENGTH_MEASURE( 1.000000000000000082E-05 ), #6033, 'distance_accuracy_value', 'NONE');
#3717 = FACE_OUTER_BOUND ( 'NONE', #5285, .T. ) ;
#3718 = CARTESIAN_POINT ( 'NONE',  ( -0.1771653543307086798, 0.0000000000000000000, -0.5019685039370078705 ) ) ;
#3719 = DIRECTION ( 'NONE',  ( -1.905951631219736475E-16, -1.000000000000000000, 0.0000000000000000000 ) ) ;
#3720 = CARTESIAN_POINT ( 'NONE',  ( 0.0000000000000000000, 0.2559055118110236671, -0.5984251968503937480 ) ) ;
#3721 = DIRECTION ( 'NONE',  ( -1.000000000000000000, 0.0000000000000000000, 0.0000000000000000000 ) ) ;
#3722 = ORIENTED_EDGE ( 'NONE', *, *, #3682, .F. ) ;
#3723 = EDGE_CURVE ( 'NONE', #5599, #5613, #5320, .T. ) ;
#3724 = VECTOR ( 'NONE', #2386, 39.37007874015748143 ) ;
#3725 = ORIENTED_EDGE ( 'NONE', *, *, #5109, .F. ) ;
#3726 = PLANE ( 'NONE',  #469 ) ;
#3727 = FILL_AREA_STYLE ('',( #4357 ) ) ;
#3728 = EDGE_CURVE ( 'NONE', #2943, #2226, #5833, .T. ) ;
#3729 = CARTESIAN_POINT ( 'NONE',  ( 0.1614173228346456879, 0.1417322834645669549, -0.5629921259842519676 ) ) ;
#3730 = DIMENSIONAL_EXPONENTS ( 1.000000000000000000, 0.0000000000000000000, 0.0000000000000000000, 0.0000000000000000000, 0.0000000000000000000, 0.0000000000000000000, 0.0000000000000000000 ) ;
#3731 = DIRECTION ( 'NONE',  ( 0.0000000000000000000, 4.336808689942029569E-16, -1.000000000000000000 ) ) ;
#3732 = LENGTH_MEASURE_WITH_UNIT ( LENGTH_MEASURE( 0.02539999999999999897 ), #2385 );
#3733 = STYLED_ITEM ( 'NONE', ( #899 ), #2916 ) ;
#3734 = ORIENTED_EDGE ( 'NONE', *, *, #1972, .T. ) ;
#3735 =( NAMED_UNIT ( * ) SI_UNIT ( $, .STERADIAN. ) SOLID_ANGLE_UNIT ( ) );
#3736 = UNCERTAINTY_MEASURE_WITH_UNIT (LENGTH_MEASURE( 1.000000000000000082E-05 ), #4092, 'distance_accuracy_value', 'NONE');
#3737 = ORIENTED_EDGE ( 'NONE', *, *, #2368, .T. ) ;
#3738 = VECTOR ( 'NONE', #1468, 39.37007874015748143 ) ;
#3739 =( LENGTH_UNIT ( ) NAMED_UNIT ( * ) SI_UNIT ( $, .METRE. ) );
#3740 = DIRECTION ( 'NONE',  ( 0.0000000000000000000, 0.0000000000000000000, 1.000000000000000000 ) ) ;
#3741 = CARTESIAN_POINT ( 'NONE',  ( 0.1771653543307086798, 0.1456692913385826682, -0.4035433070866140670 ) ) ;
#3742 = VECTOR ( 'NONE', #2871, 39.37007874015748143 ) ;
#3743 = PLANE ( 'NONE',  #1438 ) ;
#3744 = DIRECTION ( 'NONE',  ( 0.0000000000000000000, 0.0000000000000000000, 1.000000000000000000 ) ) ;
#3745 = MECHANICAL_DESIGN_GEOMETRIC_PRESENTATION_REPRESENTATION (  '', ( #1698 ), #147 ) ;
#3746 = FILL_AREA_STYLE_COLOUR ( '', #4904 ) ;
#3747 = DIRECTION ( 'NONE',  ( 0.0000000000000000000, 0.0000000000000000000, -1.000000000000000000 ) ) ;
#3748 = ORIENTED_EDGE ( 'NONE', *, *, #5408, .T. ) ;
#3749 = AXIS2_PLACEMENT_3D ( 'NONE', #3979, #1044, #3041 ) ;
#3750 = LENGTH_MEASURE_WITH_UNIT ( LENGTH_MEASURE( 0.02539999999999999897 ), #1830 );
#3751 = LENGTH_MEASURE_WITH_UNIT ( LENGTH_MEASURE( 0.02539999999999999897 ), #5245 );
#3752 = LINE ( 'NONE', #1802, #4429 ) ;
#3753 = FACE_OUTER_BOUND ( 'NONE', #893, .T. ) ;
#3754 = DIRECTION ( 'NONE',  ( -1.905951631219736475E-16, -1.000000000000000000, 0.0000000000000000000 ) ) ;
#3755 = VERTEX_POINT ( 'NONE', #5981 ) ;
#3756 = MECHANICAL_DESIGN_GEOMETRIC_PRESENTATION_REPRESENTATION (  '', ( #3271 ), #4363 ) ;
#3757 = VERTEX_POINT ( 'NONE', #1426 ) ;
#3758 = FACE_OUTER_BOUND ( 'NONE', #246, .T. ) ;
#3759 = CARTESIAN_POINT ( 'NONE',  ( 0.1771653543307086798, 0.4330708661417322913, -0.1377952755905511861 ) ) ;
#3760 = FACE_OUTER_BOUND ( 'NONE', #3824, .T. ) ;
#3761 = CARTESIAN_POINT ( 'NONE',  ( 0.01574803149606299191, 0.1165948038395977215, -0.5905511811023621549 ) ) ;
#3762 = EDGE_CURVE ( 'NONE', #4529, #4848, #4834, .T. ) ;
#3763 = ADVANCED_FACE ( 'NONE', ( #639 ), #1171, .T. ) ;
#3764 =( NAMED_UNIT ( * ) SI_UNIT ( $, .STERADIAN. ) SOLID_ANGLE_UNIT ( ) );
#3765 = ORIENTED_EDGE ( 'NONE', *, *, #576, .F. ) ;
#3766 = DIRECTION ( 'NONE',  ( -1.000000000000000000, 0.0000000000000000000, 0.0000000000000000000 ) ) ;
#3767 = EDGE_CURVE ( 'NONE', #498, #4120, #129, .T. ) ;
#3768 = FILL_AREA_STYLE ('',( #4212 ) ) ;
#3769 = ORIENTED_EDGE ( 'NONE', *, *, #3883, .T. ) ;
#3770 = DIRECTION ( 'NONE',  ( 0.0000000000000000000, 1.000000000000000000, 4.336808689942011425E-15 ) ) ;
#3771 = DIRECTION ( 'NONE',  ( 1.000000000000000000, 0.0000000000000000000, 0.0000000000000000000 ) ) ;
#3772 = LINE ( 'NONE', #1850, #2379 ) ;
#3773 = COLOUR_RGB ( '',0.2509803921568627416, 0.2509803921568627416, 0.2509803921568627416 ) ;
#3774 = DIMENSIONAL_EXPONENTS ( 1.000000000000000000, 0.0000000000000000000, 0.0000000000000000000, 0.0000000000000000000, 0.0000000000000000000, 0.0000000000000000000, 0.0000000000000000000 ) ;
#3775 = AXIS2_PLACEMENT_3D ( 'NONE', #3813, #2149, #1208 ) ;
#3776 = DIRECTION ( 'NONE',  ( 0.0000000000000000000, -0.7071067811865493491, -0.7071067811865456854 ) ) ;
#3777 = EDGE_CURVE ( 'NONE', #952, #3431, #2401, .T. ) ;
#3778 = STYLED_ITEM ( 'NONE', ( #5178 ), #5882 ) ;
#3779 = VECTOR ( 'NONE', #983, 39.37007874015748143 ) ;
#3780 = SURFACE_STYLE_USAGE ( .BOTH. , #699 ) ;
#3781 = LINE ( 'NONE', #4709, #3849 ) ;
#3782 = CARTESIAN_POINT ( 'NONE',  ( 0.0000000000000000000, 0.2559055118110236671, -0.5629921259842519676 ) ) ;
#3783 = CARTESIAN_POINT ( 'NONE',  ( 0.1771653543307086798, 0.3937007874015747699, -0.06889763779527559306 ) ) ;
#3784 = AXIS2_PLACEMENT_3D ( 'NONE', #3123, #4125, #2568 ) ;
#3785 = STYLED_ITEM ( 'NONE', ( #5485 ), #5569 ) ;
#3786 = ORIENTED_EDGE ( 'NONE', *, *, #5121, .T. ) ;
#3787 = UNCERTAINTY_MEASURE_WITH_UNIT (LENGTH_MEASURE( 1.000000000000000082E-05 ), #1017, 'distance_accuracy_value', 'NONE');
#3788 = FILL_AREA_STYLE_COLOUR ( '', #276 ) ;
#3789 = DIRECTION ( 'NONE',  ( -1.000000000000000000, 0.0000000000000000000, 0.0000000000000000000 ) ) ;
#3790 = CARTESIAN_POINT ( 'NONE',  ( 0.1771653543307086798, 0.0000000000000000000, 0.0000000000000000000 ) ) ;
#3791 = DIRECTION ( 'NONE',  ( -0.0000000000000000000, -1.000000000000000000, -0.0000000000000000000 ) ) ;
#3792 = ORIENTED_EDGE ( 'NONE', *, *, #2950, .T. ) ;
#3793 = PRESENTATION_STYLE_ASSIGNMENT (( #2878 ) ) ;
#3794 = LINE ( 'NONE', #1379, #5322 ) ;
#3795 = LINE ( 'NONE', #5279, #5294 ) ;
#3796 =( CONVERSION_BASED_UNIT ( 'INCH', #1841 ) LENGTH_UNIT ( ) NAMED_UNIT ( #2805 ) );
#3797 = ORIENTED_EDGE ( 'NONE', *, *, #6155, .F. ) ;
#3798 = PRESENTATION_STYLE_ASSIGNMENT (( #5759 ) ) ;
#3799 = FACE_OUTER_BOUND ( 'NONE', #5537, .T. ) ;
#3800 = ORIENTED_EDGE ( 'NONE', *, *, #5577, .T. ) ;
#3801 = EDGE_CURVE ( 'NONE', #269, #4875, #2108, .T. ) ;
#3802 = SURFACE_SIDE_STYLE ('',( #898 ) ) ;
#3803 = EDGE_CURVE ( 'NONE', #355, #4722, #5487, .T. ) ;
#3804 = PLANE ( 'NONE',  #32 ) ;
#3805 = DIRECTION ( 'NONE',  ( 0.0000000000000000000, -1.000000000000000000, 0.0000000000000000000 ) ) ;
#3806 = DIRECTION ( 'NONE',  ( 1.000000000000000000, 0.0000000000000000000, 0.0000000000000000000 ) ) ;
#3807 = STYLED_ITEM ( 'NONE', ( #186 ), #1119 ) ;
#3808 = ORIENTED_EDGE ( 'NONE', *, *, #2950, .F. ) ;
#3809 = SURFACE_STYLE_FILL_AREA ( #4283 ) ;
#3810 = EDGE_CURVE ( 'NONE', #3480, #1464, #6113, .T. ) ;
#3811 = COLOUR_RGB ( '',0.2509803921568627416, 0.2509803921568627416, 0.2509803921568627416 ) ;
#3812 = DIRECTION ( 'NONE',  ( -2.115516434118057216E-16, -1.000000000000000000, 0.0000000000000000000 ) ) ;
#3813 = CARTESIAN_POINT ( 'NONE',  ( 0.0000000000000000000, 0.2559055118110236671, 0.0000000000000000000 ) ) ;
#3814 = ADVANCED_FACE ( 'NONE', ( #1257 ), #5562, .F. ) ;
#3815 = CARTESIAN_POINT ( 'NONE',  ( 0.0000000000000000000, -0.08858267716535427050, -0.3297244094488189226 ) ) ;
#3816 = DIRECTION ( 'NONE',  ( 1.000000000000000000, 0.0000000000000000000, 0.0000000000000000000 ) ) ;
#3817 = VECTOR ( 'NONE', #1233, 39.37007874015748143 ) ;
#3818 = ORIENTED_EDGE ( 'NONE', *, *, #5893, .F. ) ;
#3819 = DIMENSIONAL_EXPONENTS ( 1.000000000000000000, 0.0000000000000000000, 0.0000000000000000000, 0.0000000000000000000, 0.0000000000000000000, 0.0000000000000000000, 0.0000000000000000000 ) ;
#3820 =( CONVERSION_BASED_UNIT ( 'INCH', #4293 ) LENGTH_UNIT ( ) NAMED_UNIT ( #698 ) );
#3821 = AXIS2_PLACEMENT_3D ( 'NONE', #243, #1178, #733 ) ;
#3822 = LINE ( 'NONE', #357, #953 ) ;
#3823 = CARTESIAN_POINT ( 'NONE',  ( 0.1614173228346456879, 0.1417322834645669549, -0.5984251968503937480 ) ) ;
#3824 = EDGE_LOOP ( 'NONE', ( #2153, #1063, #187, #4433 ) ) ;
#3825 = VECTOR ( 'NONE', #6020, 39.37007874015748143 ) ;
#3826 = STYLED_ITEM ( 'NONE', ( #5811 ), #1996 ) ;
#3827 = FACE_OUTER_BOUND ( 'NONE', #2696, .T. ) ;
#3828 = CARTESIAN_POINT ( 'NONE',  ( -0.1614173228346456601, 0.01574803149606299191, -0.5019685039370078705 ) ) ;
#3829 = ORIENTED_EDGE ( 'NONE', *, *, #2156, .T. ) ;
#3830 = VECTOR ( 'NONE', #2733, 39.37007874015748143 ) ;
#3831 = CARTESIAN_POINT ( 'NONE',  ( -0.1244991204790700107, 0.3149606299212598381, -0.03937007874015750059 ) ) ;
#3832 = ORIENTED_EDGE ( 'NONE', *, *, #1961, .T. ) ;
#3833 = FILL_AREA_STYLE ('',( #318 ) ) ;
#3834 = MECHANICAL_DESIGN_GEOMETRIC_PRESENTATION_REPRESENTATION (  '', ( #1159 ), #748 ) ;
#3835 =( CONVERSION_BASED_UNIT ( 'INCH', #1299 ) LENGTH_UNIT ( ) NAMED_UNIT ( #5138 ) );
#3836 = ORIENTED_EDGE ( 'NONE', *, *, #3728, .T. ) ;
#3837 = LINE ( 'NONE', #265, #2631 ) ;
#3838 = DIRECTION ( 'NONE',  ( 0.0000000000000000000, 0.0000000000000000000, 1.000000000000000000 ) ) ;
#3839 = EDGE_CURVE ( 'NONE', #2091, #961, #5666, .T. ) ;
#3840 = ADVANCED_FACE ( 'NONE', ( #5593 ), #2160, .F. ) ;
#3841 = ORIENTED_EDGE ( 'NONE', *, *, #3150, .T. ) ;
#3842 = DIRECTION ( 'NONE',  ( -1.000000000000000000, 0.0000000000000000000, 0.0000000000000000000 ) ) ;
#3843 = PRODUCT_DEFINITION ( 'UNKNOWN', '', #5362, #1417 ) ;
#3844 = PRESENTATION_LAYER_ASSIGNMENT (  '', '', ( #2837 ) ) ;
#3845 =( NAMED_UNIT ( * ) SI_UNIT ( $, .STERADIAN. ) SOLID_ANGLE_UNIT ( ) );
#3846 =( NAMED_UNIT ( * ) PLANE_ANGLE_UNIT ( ) SI_UNIT ( $, .RADIAN. ) );
#3847 = DIRECTION ( 'NONE',  ( 1.000000000000000000, 0.0000000000000000000, 0.0000000000000000000 ) ) ;
#3848 =( NAMED_UNIT ( * ) SI_UNIT ( $, .STERADIAN. ) SOLID_ANGLE_UNIT ( ) );
#3849 = VECTOR ( 'NONE', #3747, 39.37007874015748143 ) ;
#3850 = VERTEX_POINT ( 'NONE', #3172 ) ;
#3851 = MECHANICAL_DESIGN_GEOMETRIC_PRESENTATION_REPRESENTATION (  '', ( #2634 ), #2527 ) ;
#3852 = SURFACE_STYLE_FILL_AREA ( #4301 ) ;
#3853 =( CONVERSION_BASED_UNIT ( 'INCH', #1871 ) LENGTH_UNIT ( ) NAMED_UNIT ( #35 ) );
#3854 = LENGTH_MEASURE_WITH_UNIT ( LENGTH_MEASURE( 0.02539999999999999897 ), #431 );
#3855 = DIMENSIONAL_EXPONENTS ( 1.000000000000000000, 0.0000000000000000000, 0.0000000000000000000, 0.0000000000000000000, 0.0000000000000000000, 0.0000000000000000000, 0.0000000000000000000 ) ;
#3856 = LENGTH_MEASURE_WITH_UNIT ( LENGTH_MEASURE( 0.02539999999999999897 ), #4789 );
#3857 = SURFACE_STYLE_USAGE ( .BOTH. , #5226 ) ;
#3858 = EDGE_LOOP ( 'NONE', ( #5491, #2250, #2332, #5503, #819, #3280, #5157, #5918, #763, #2114 ) ) ;
#3859 = UNCERTAINTY_MEASURE_WITH_UNIT (LENGTH_MEASURE( 1.000000000000000082E-05 ), #3614, 'distance_accuracy_value', 'NONE');
#3860 = ORIENTED_EDGE ( 'NONE', *, *, #3343, .F. ) ;
#3861 = DIRECTION ( 'NONE',  ( -1.000000000000000000, 0.0000000000000000000, 0.0000000000000000000 ) ) ;
#3862 = DIRECTION ( 'NONE',  ( 0.0000000000000000000, 0.0000000000000000000, -1.000000000000000000 ) ) ;
#3863 = DIRECTION ( 'NONE',  ( 1.421904488505579654E-16, -1.000000000000000000, 0.0000000000000000000 ) ) ;
#3864 = ORIENTED_EDGE ( 'NONE', *, *, #296, .T. ) ;
#3865 =( GEOMETRIC_REPRESENTATION_CONTEXT ( 3 ) GLOBAL_UNCERTAINTY_ASSIGNED_CONTEXT ( ( #4119 ) ) GLOBAL_UNIT_ASSIGNED_CONTEXT ( ( #5826, #2859, #345 ) ) REPRESENTATION_CONTEXT ( 'NONE', 'WORKASPACE' ) );
#3866 = DIRECTION ( 'NONE',  ( -1.000000000000000000, 0.0000000000000000000, 0.0000000000000000000 ) ) ;
#3867 = MECHANICAL_DESIGN_GEOMETRIC_PRESENTATION_REPRESENTATION (  '', ( #5729 ), #6021 ) ;
#3868 = STYLED_ITEM ( 'NONE', ( #4914 ), #4674 ) ;
#3869 = SURFACE_SIDE_STYLE ('',( #5445 ) ) ;
#3870 = LINE ( 'NONE', #4372, #2909 ) ;
#3871 = AXIS2_PLACEMENT_3D ( 'NONE', #1752, #6148, #5284 ) ;
#3872 = ORIENTED_EDGE ( 'NONE', *, *, #1913, .T. ) ;
#3873 = ADVANCED_FACE ( 'NONE', ( #4629 ), #4144, .F. ) ;
#3874 = FACE_OUTER_BOUND ( 'NONE', #4299, .T. ) ;
#3875 = EDGE_CURVE ( 'NONE', #4869, #1807, #2330, .T. ) ;
#3876 = DIRECTION ( 'NONE',  ( 0.0000000000000000000, -1.000000000000000000, -2.478176394252581338E-15 ) ) ;
#3877 = DIRECTION ( 'NONE',  ( 0.0000000000000000000, 0.0000000000000000000, 1.000000000000000000 ) ) ;
#3878 = PRESENTATION_LAYER_ASSIGNMENT (  '', '', ( #2041 ) ) ;
#3879 = VECTOR ( 'NONE', #955, 39.37007874015748143 ) ;
#3880 = DIRECTION ( 'NONE',  ( -0.0000000000000000000, -0.0000000000000000000, -1.000000000000000000 ) ) ;
#3881 = ORIENTED_EDGE ( 'NONE', *, *, #191, .T. ) ;
#3882 = PRESENTATION_STYLE_ASSIGNMENT (( #3944 ) ) ;
#3883 = EDGE_CURVE ( 'NONE', #209, #1541, #371, .T. ) ;
#3884 = DIRECTION ( 'NONE',  ( -1.000000000000000000, 0.0000000000000000000, 0.0000000000000000000 ) ) ;
#3885 = ORIENTED_EDGE ( 'NONE', *, *, #1256, .F. ) ;
#3886 = FACE_OUTER_BOUND ( 'NONE', #6218, .T. ) ;
#3887 = ORIENTED_EDGE ( 'NONE', *, *, #2433, .F. ) ;
#3888 = FILL_AREA_STYLE_COLOUR ( '', #3065 ) ;
#3889 = COLOUR_RGB ( '',0.7529411764705882248, 0.7529411764705882248, 0.7529411764705882248 ) ;
#3890 =( NAMED_UNIT ( * ) PLANE_ANGLE_UNIT ( ) SI_UNIT ( $, .RADIAN. ) );
#3891 = FACE_BOUND ( 'NONE', #1746, .T. ) ;
#3892 = DIMENSIONAL_EXPONENTS ( 1.000000000000000000, 0.0000000000000000000, 0.0000000000000000000, 0.0000000000000000000, 0.0000000000000000000, 0.0000000000000000000, 0.0000000000000000000 ) ;
#3893 = ORIENTED_EDGE ( 'NONE', *, *, #6035, .F. ) ;
#3894 = CIRCLE ( 'NONE', #4401, 0.05314960629921260116 ) ;
#3895 = DIRECTION ( 'NONE',  ( 0.0000000000000000000, 0.0000000000000000000, 1.000000000000000000 ) ) ;
#3896 = CARTESIAN_POINT ( 'NONE',  ( 0.07677165354330710290, 0.1417322834645669549, -0.5629921259842519676 ) ) ;
#3897 = PRESENTATION_LAYER_ASSIGNMENT (  '', '', ( #5548 ) ) ;
#3898 = ORIENTED_EDGE ( 'NONE', *, *, #2520, .F. ) ;
#3899 = DIRECTION ( 'NONE',  ( -1.224646799147353207E-16, 1.000000000000000000, 0.0000000000000000000 ) ) ;
#3900 = LENGTH_MEASURE_WITH_UNIT ( LENGTH_MEASURE( 0.02539999999999999897 ), #6190 );
#3901 = MECHANICAL_DESIGN_GEOMETRIC_PRESENTATION_REPRESENTATION (  '', ( #19 ), #4850 ) ;
#3902 = CARTESIAN_POINT ( 'NONE',  ( -0.04921259842519691563, 0.03937007874370235944, -0.3297244094488189226 ) ) ;
#3903 =( NAMED_UNIT ( * ) SI_UNIT ( $, .STERADIAN. ) SOLID_ANGLE_UNIT ( ) );
#3904 = PLANE ( 'NONE',  #1344 ) ;
#3905 = ORIENTED_EDGE ( 'NONE', *, *, #300, .T. ) ;
#3906 = VECTOR ( 'NONE', #4399, 39.37007874015748143 ) ;
#3907 = CIRCLE ( 'NONE', #3616, 0.01968503937007875723 ) ;
#3908 = PRESENTATION_STYLE_ASSIGNMENT (( #4485 ) ) ;
#3909 = DIRECTION ( 'NONE',  ( 1.000000000000000000, 5.421010862427522170E-16, 0.0000000000000000000 ) ) ;
#3910 = FACE_OUTER_BOUND ( 'NONE', #2630, .T. ) ;
#3911 = CARTESIAN_POINT ( 'NONE',  ( -0.1771653543307086798, 0.4330708661417322913, 0.0000000000000000000 ) ) ;
#3912 = LINE ( 'NONE', #4918, #2882 ) ;
#3913 = AXIS2_PLACEMENT_3D ( 'NONE', #1196, #1793, #1661 ) ;
#3914 = PRESENTATION_LAYER_ASSIGNMENT (  '', '', ( #2813 ) ) ;
#3915 = ADVANCED_FACE ( 'NONE', ( #3760 ), #5818, .F. ) ;
#3916 = ORIENTED_EDGE ( 'NONE', *, *, #3086, .T. ) ;
#3917 = DIRECTION ( 'NONE',  ( 0.0000000000000000000, 0.0000000000000000000, 1.000000000000000000 ) ) ;
#3918 = ORIENTED_EDGE ( 'NONE', *, *, #2116, .T. ) ;
#3919 = EDGE_CURVE ( 'NONE', #864, #5370, #5254, .T. ) ;
#3920 = LINE ( 'NONE', #1018, #6031 ) ;
#3921 = PRESENTATION_LAYER_ASSIGNMENT (  '', '', ( #3826 ) ) ;
#3922 =( LENGTH_UNIT ( ) NAMED_UNIT ( * ) SI_UNIT ( $, .METRE. ) );
#3923 =( NAMED_UNIT ( * ) PLANE_ANGLE_UNIT ( ) SI_UNIT ( $, .RADIAN. ) );
#3924 = ORIENTED_EDGE ( 'NONE', *, *, #857, .F. ) ;
#3925 = UNCERTAINTY_MEASURE_WITH_UNIT (LENGTH_MEASURE( 1.000000000000000082E-05 ), #4069, 'distance_accuracy_value', 'NONE');
#3926 = CIRCLE ( 'NONE', #4856, 0.009842519685039378616 ) ;
#3927 = CARTESIAN_POINT ( 'NONE',  ( 0.01574803149606299191, 0.1267226730409271029, -0.5877459237344989651 ) ) ;
#3928 = PRESENTATION_STYLE_ASSIGNMENT (( #1980 ) ) ;
#3929 =( GEOMETRIC_REPRESENTATION_CONTEXT ( 3 ) GLOBAL_UNCERTAINTY_ASSIGNED_CONTEXT ( ( #68 ) ) GLOBAL_UNIT_ASSIGNED_CONTEXT ( ( #2336, #3890, #4312 ) ) REPRESENTATION_CONTEXT ( 'NONE', 'WORKASPACE' ) );
#3930 = VERTEX_POINT ( 'NONE', #833 ) ;
#3931 = PRESENTATION_STYLE_ASSIGNMENT (( #5474 ) ) ;
#3932 = DIMENSIONAL_EXPONENTS ( 1.000000000000000000, 0.0000000000000000000, 0.0000000000000000000, 0.0000000000000000000, 0.0000000000000000000, 0.0000000000000000000, 0.0000000000000000000 ) ;
#3933 = EDGE_LOOP ( 'NONE', ( #59, #906, #2886, #5912 ) ) ;
#3934 = COLOUR_RGB ( '',1.000000000000000000, 1.000000000000000000, 1.000000000000000000 ) ;
#3935 = DIRECTION ( 'NONE',  ( 0.0000000000000000000, 0.7071067811865507924, 0.7071067811865441310 ) ) ;
#3936 = SURFACE_SIDE_STYLE ('',( #2501 ) ) ;
#3937 = SURFACE_STYLE_USAGE ( .BOTH. , #2020 ) ;
#3938 = PRESENTATION_STYLE_ASSIGNMENT (( #2963 ) ) ;
#3939 = DIRECTION ( 'NONE',  ( 0.0000000000000000000, -1.000000000000000000, 0.0000000000000000000 ) ) ;
#3940 = ORIENTED_EDGE ( 'NONE', *, *, #1447, .T. ) ;
#3941 = PRESENTATION_LAYER_ASSIGNMENT (  '', '', ( #5087 ) ) ;
#3942 = SURFACE_STYLE_FILL_AREA ( #3039 ) ;
#3943 = COLOUR_RGB ( '',1.000000000000000000, 1.000000000000000000, 1.000000000000000000 ) ;
#3944 = SURFACE_STYLE_USAGE ( .BOTH. , #1938 ) ;
#3945 = LINE ( 'NONE', #2450, #1522 ) ;
#3946 = ORIENTED_EDGE ( 'NONE', *, *, #4994, .T. ) ;
#3947 = DIRECTION ( 'NONE',  ( 0.0000000000000000000, -1.000000000000000000, 0.0000000000000000000 ) ) ;
#3948 = ORIENTED_EDGE ( 'NONE', *, *, #1695, .F. ) ;
#3949 = SURFACE_SIDE_STYLE ('',( #1085 ) ) ;
#3950 = CARTESIAN_POINT ( 'NONE',  ( -0.01574803149606299885, 0.08812960560922117326, -0.5708661417322834497 ) ) ;
#3951 = EDGE_CURVE ( 'NONE', #3673, #4268, #3795, .T. ) ;
#3952 = ADVANCED_FACE ( 'NONE', ( #977 ), #5488, .T. ) ;
#3953 =( LENGTH_UNIT ( ) NAMED_UNIT ( * ) SI_UNIT ( $, .METRE. ) );
#3954 = MECHANICAL_DESIGN_GEOMETRIC_PRESENTATION_REPRESENTATION (  '', ( #775 ), #3266 ) ;
#3955 = CARTESIAN_POINT ( 'NONE',  ( 0.1771653543307086798, 0.1614173228346456879, -0.5019685039370078705 ) ) ;
#3956 = EDGE_CURVE ( 'NONE', #298, #4930, #3440, .T. ) ;
#3957 = VERTEX_POINT ( 'NONE', #3911 ) ;
#3958 = AXIS2_PLACEMENT_3D ( 'NONE', #5609, #5716, #6216 ) ;
#3959 = DIRECTION ( 'NONE',  ( -1.000000000000000000, 0.0000000000000000000, 0.0000000000000000000 ) ) ;
#3960 =( CONVERSION_BASED_UNIT ( 'INCH', #2921 ) LENGTH_UNIT ( ) NAMED_UNIT ( #1890 ) );
#3961 = ADVANCED_FACE ( 'NONE', ( #1606 ), #2027, .T. ) ;
#3962 = VECTOR ( 'NONE', #3662, 39.37007874015748143 ) ;
#3963 = DIRECTION ( 'NONE',  ( 0.0000000000000000000, 0.0000000000000000000, 1.000000000000000000 ) ) ;
#3964 = PLANE ( 'NONE',  #5130 ) ;
#3965 = EDGE_LOOP ( 'NONE', ( #912, #3564, #3661, #3064, #5897, #1544 ) ) ;
#3966 = DIRECTION ( 'NONE',  ( 1.000000000000000000, 0.0000000000000000000, 0.0000000000000000000 ) ) ;
#3967 = DIRECTION ( 'NONE',  ( -1.421904488505579654E-16, 1.000000000000000000, 0.0000000000000000000 ) ) ;
#3968 = FACE_OUTER_BOUND ( 'NONE', #2829, .T. ) ;
#3969 = STYLED_ITEM ( 'NONE', ( #4717 ), #5693 ) ;
#3970 = DIRECTION ( 'NONE',  ( -1.000000000000000000, 0.0000000000000000000, 0.0000000000000000000 ) ) ;
#3971 = ORIENTED_EDGE ( 'NONE', *, *, #2917, .F. ) ;
#3972 = UNCERTAINTY_MEASURE_WITH_UNIT (LENGTH_MEASURE( 1.000000000000000082E-05 ), #3449, 'distance_accuracy_value', 'NONE');
#3973 = DIRECTION ( 'NONE',  ( 0.0000000000000000000, 0.0000000000000000000, 1.000000000000000000 ) ) ;
#3974 =( NAMED_UNIT ( * ) SI_UNIT ( $, .STERADIAN. ) SOLID_ANGLE_UNIT ( ) );
#3975 = COLOUR_RGB ( '',1.000000000000000000, 1.000000000000000000, 1.000000000000000000 ) ;
#3976 = DIMENSIONAL_EXPONENTS ( 1.000000000000000000, 0.0000000000000000000, 0.0000000000000000000, 0.0000000000000000000, 0.0000000000000000000, 0.0000000000000000000, 0.0000000000000000000 ) ;
#3977 = PRESENTATION_STYLE_ASSIGNMENT (( #2026 ) ) ;
#3978 = MECHANICAL_DESIGN_GEOMETRIC_PRESENTATION_REPRESENTATION (  '', ( #2042 ), #1418 ) ;
#3979 = CARTESIAN_POINT ( 'NONE',  ( 0.04921259842519691563, 19685.03937007874265, -0.3297244094488189226 ) ) ;
#3980 = SURFACE_SIDE_STYLE ('',( #1471 ) ) ;
#3981 = LINE ( 'NONE', #4012, #4384 ) ;
#3982 = SURFACE_STYLE_USAGE ( .BOTH. , #5523 ) ;
#3983 = ORIENTED_EDGE ( 'NONE', *, *, #1039, .T. ) ;
#3984 = STYLED_ITEM ( 'NONE', ( #4029 ), #63 ) ;
#3985 =( GEOMETRIC_REPRESENTATION_CONTEXT ( 3 ) GLOBAL_UNCERTAINTY_ASSIGNED_CONTEXT ( ( #4634 ) ) GLOBAL_UNIT_ASSIGNED_CONTEXT ( ( #3853, #3358, #2381 ) ) REPRESENTATION_CONTEXT ( 'NONE', 'WORKASPACE' ) );
#3986 = EDGE_LOOP ( 'NONE', ( #1370, #6117, #2488, #3948 ) ) ;
#3987 = CARTESIAN_POINT ( 'NONE',  ( -0.02362204724409448786, 0.2559055118110236671, -0.5944881889763780070 ) ) ;
#3988 = CARTESIAN_POINT ( 'NONE',  ( 0.0000000000000000000, 0.2559055118110236671, 0.0000000000000000000 ) ) ;
#3989 = CARTESIAN_POINT ( 'NONE',  ( 0.1614173228346456879, 0.1988188976377952832, -0.5629921259842519676 ) ) ;
#3990 = CARTESIAN_POINT ( 'NONE',  ( 0.1771653543307086798, 0.1614173228346456879, -0.4035433070866140670 ) ) ;
#3991 = CARTESIAN_POINT ( 'NONE',  ( 0.01574803149606299191, 0.1417322834645669549, -0.5787401574803149318 ) ) ;
#3992 = ORIENTED_EDGE ( 'NONE', *, *, #4470, .F. ) ;
#3993 = UNCERTAINTY_MEASURE_WITH_UNIT (LENGTH_MEASURE( 1.000000000000000082E-05 ), #4232, 'distance_accuracy_value', 'NONE');
#3994 = ADVANCED_FACE ( 'NONE', ( #4989, #4489 ), #1570, .T. ) ;
#3995 = COLOUR_RGB ( '',1.000000000000000000, 1.000000000000000000, 1.000000000000000000 ) ;
#3996 = EDGE_CURVE ( 'NONE', #1682, #4659, #5119, .T. ) ;
#3997 = ORIENTED_EDGE ( 'NONE', *, *, #6125, .T. ) ;
#3998 = FILL_AREA_STYLE_COLOUR ( '', #2606 ) ;
#3999 = ORIENTED_EDGE ( 'NONE', *, *, #960, .T. ) ;
#4000 = EDGE_CURVE ( 'NONE', #5766, #3367, #5689, .T. ) ;
#4001 = CIRCLE ( 'NONE', #6058, 0.03543307086614172485 ) ;
#4002 = CARTESIAN_POINT ( 'NONE',  ( 0.01574803149606299191, 0.1165948038395977215, -0.5905511811023621549 ) ) ;
#4003 =( NAMED_UNIT ( * ) SI_UNIT ( $, .STERADIAN. ) SOLID_ANGLE_UNIT ( ) );
#4004 = DIRECTION ( 'NONE',  ( -1.000000000000000000, -0.0000000000000000000, -0.0000000000000000000 ) ) ;
#4005 = DIRECTION ( 'NONE',  ( 0.0000000000000000000, 0.0000000000000000000, 1.000000000000000000 ) ) ;
#4006 = PRESENTATION_LAYER_ASSIGNMENT (  '', '', ( #3210 ) ) ;
#4007 = CARTESIAN_POINT ( 'NONE',  ( 0.0000000000000000000, -0.09055118110236221041, -0.1574803149606299191 ) ) ;
#4008 = ORIENTED_EDGE ( 'NONE', *, *, #4939, .T. ) ;
#4009 = PRESENTATION_LAYER_ASSIGNMENT (  '', '', ( #3612 ) ) ;
#4010 = CARTESIAN_POINT ( 'NONE',  ( 0.0000000000000000000, 0.2559055118110236671, -0.8193313899813637891 ) ) ;
#4011 = SURFACE_STYLE_FILL_AREA ( #1470 ) ;
#4012 = CARTESIAN_POINT ( 'NONE',  ( -0.07677165354330710290, 0.1417322834645669549, -0.5629921259842519676 ) ) ;
#4013 = ORIENTED_EDGE ( 'NONE', *, *, #2239, .F. ) ;
#4014 = CIRCLE ( 'NONE', #3707, 0.03937007874015747977 ) ;
#4015 = COLOUR_RGB ( '',0.2509803921568627416, 0.2509803921568627416, 0.2509803921568627416 ) ;
#4016 = VERTEX_POINT ( 'NONE', #5056 ) ;
#4017 = FILL_AREA_STYLE ('',( #3888 ) ) ;
#4018 = LINE ( 'NONE', #6362, #3879 ) ;
#4019 = CARTESIAN_POINT ( 'NONE',  ( 0.01574803149606299191, 0.1417322834645669549, -0.5629921259842519676 ) ) ;
#4020 = CARTESIAN_POINT ( 'NONE',  ( 0.0000000000000000000, 0.2559055118110236671, -0.5846456692913385433 ) ) ;
#4021 = CYLINDRICAL_SURFACE ( 'NONE', #511, 0.02559055118110236532 ) ;
#4022 = LINE ( 'NONE', #5984, #3906 ) ;
#4023 = DIMENSIONAL_EXPONENTS ( 1.000000000000000000, 0.0000000000000000000, 0.0000000000000000000, 0.0000000000000000000, 0.0000000000000000000, 0.0000000000000000000, 0.0000000000000000000 ) ;
#4024 = ORIENTED_EDGE ( 'NONE', *, *, #2638, .T. ) ;
#4025 = VECTOR ( 'NONE', #3199, 39.37007874015748143 ) ;
#4026 = ORIENTED_EDGE ( 'NONE', *, *, #2361, .F. ) ;
#4027 =( CONVERSION_BASED_UNIT ( 'INCH', #38 ) LENGTH_UNIT ( ) NAMED_UNIT ( #3337 ) );
#4028 = DIRECTION ( 'NONE',  ( -0.0000000000000000000, -0.0000000000000000000, -1.000000000000000000 ) ) ;
#4029 = PRESENTATION_STYLE_ASSIGNMENT (( #5604 ) ) ;
#4030 = LINE ( 'NONE', #5991, #2180 ) ;
#4031 = FILL_AREA_STYLE_COLOUR ( '', #3773 ) ;
#4032 = EDGE_CURVE ( 'NONE', #390, #2468, #1292, .T. ) ;
#4033 = COLOUR_RGB ( '',0.2509803921568627416, 0.2509803921568627416, 0.2509803921568627416 ) ;
#4034 = EDGE_CURVE ( 'NONE', #4120, #606, #4557, .T. ) ;
#4035 = CARTESIAN_POINT ( 'NONE',  ( 0.1929133858267716439, -0.08858267716535427050, -0.4527559055118109410 ) ) ;
#4036 = DIRECTION ( 'NONE',  ( 0.0000000000000000000, 0.0000000000000000000, -1.000000000000000000 ) ) ;
#4037 = ORIENTED_EDGE ( 'NONE', *, *, #5268, .T. ) ;
#4038 = UNCERTAINTY_MEASURE_WITH_UNIT (LENGTH_MEASURE( 1.000000000000000082E-05 ), #2881, 'distance_accuracy_value', 'NONE');
#4039 = CYLINDRICAL_SURFACE ( 'NONE', #1727, 0.09055118110236218265 ) ;
#4040 = CARTESIAN_POINT ( 'NONE',  ( 0.07677165354330708902, 0.01574803149606299885, -0.5984251968503937480 ) ) ;
#4041 = ADVANCED_FACE ( 'NONE', ( #732 ), #1177, .F. ) ;
#4042 = CARTESIAN_POINT ( 'NONE',  ( -0.1772047244094487883, 0.3149606299212598381, -0.05413385826771655723 ) ) ;
#4043 = ORIENTED_EDGE ( 'NONE', *, *, #846, .T. ) ;
#4044 = PRESENTATION_STYLE_ASSIGNMENT (( #2620 ) ) ;
#4045 = PLANE ( 'NONE',  #5974 ) ;
#4046 = ORIENTED_EDGE ( 'NONE', *, *, #223, .F. ) ;
#4047 = STYLED_ITEM ( 'NONE', ( #4177 ), #3814 ) ;
#4048 = CARTESIAN_POINT ( 'NONE',  ( -0.1417322834645669549, 0.1259842519685039353, -0.5413385826771652809 ) ) ;
#4049 = LINE ( 'NONE', #3580, #2092 ) ;
#4050 = DIRECTION ( 'NONE',  ( 0.0000000000000000000, -0.8574929257125443183, -0.5144957554275264577 ) ) ;
#4051 =( NAMED_UNIT ( * ) PLANE_ANGLE_UNIT ( ) SI_UNIT ( $, .RADIAN. ) );
#4052 = DIRECTION ( 'NONE',  ( 1.000000000000000000, 0.0000000000000000000, 0.0000000000000000000 ) ) ;
#4053 = ORIENTED_EDGE ( 'NONE', *, *, #3647, .F. ) ;
#4054 = UNCERTAINTY_MEASURE_WITH_UNIT (LENGTH_MEASURE( 1.000000000000000082E-05 ), #4241, 'distance_accuracy_value', 'NONE');
#4055 = VECTOR ( 'NONE', #2809, 39.37007874015748143 ) ;
#4056 = FILL_AREA_STYLE_COLOUR ( '', #4519 ) ;
#4057 = CARTESIAN_POINT ( 'NONE',  ( -0.05118110236220478615, 0.0000000000000000000, -0.3277559055118110520 ) ) ;
#4058 =( GEOMETRIC_REPRESENTATION_CONTEXT ( 3 ) GLOBAL_UNCERTAINTY_ASSIGNED_CONTEXT ( ( #5470 ) ) GLOBAL_UNIT_ASSIGNED_CONTEXT ( ( #1366, #817, #5292 ) ) REPRESENTATION_CONTEXT ( 'NONE', 'WORKASPACE' ) );
#4059 =( GEOMETRIC_REPRESENTATION_CONTEXT ( 3 ) GLOBAL_UNCERTAINTY_ASSIGNED_CONTEXT ( ( #5598 ) ) GLOBAL_UNIT_ASSIGNED_CONTEXT ( ( #1819, #3392, #2304 ) ) REPRESENTATION_CONTEXT ( 'NONE', 'WORKASPACE' ) );
#4060 = DIRECTION ( 'NONE',  ( -1.865294060190115471E-16, -1.000000000000000000, 0.0000000000000000000 ) ) ;
#4061 = LINE ( 'NONE', #1665, #200 ) ;
#4062 = CARTESIAN_POINT ( 'NONE',  ( -0.1614173228346456879, 0.1535433070866141780, -0.5413385826771652809 ) ) ;
#4063 = ORIENTED_EDGE ( 'NONE', *, *, #4081, .F. ) ;
#4064 = EDGE_CURVE ( 'NONE', #2256, #146, #4466, .T. ) ;
#4065 =( GEOMETRIC_REPRESENTATION_CONTEXT ( 3 ) GLOBAL_UNCERTAINTY_ASSIGNED_CONTEXT ( ( #877 ) ) GLOBAL_UNIT_ASSIGNED_CONTEXT ( ( #1500, #3472, #5850 ) ) REPRESENTATION_CONTEXT ( 'NONE', 'WORKASPACE' ) );
#4066 = ADVANCED_FACE ( 'NONE', ( #4844 ), #6286, .F. ) ;
#4067 = FILL_AREA_STYLE_COLOUR ( '', #5369 ) ;
#4068 = SURFACE_SIDE_STYLE ('',( #3654 ) ) ;
#4069 =( CONVERSION_BASED_UNIT ( 'INCH', #1700 ) LENGTH_UNIT ( ) NAMED_UNIT ( #5458 ) );
#4070 = FILL_AREA_STYLE ('',( #3006 ) ) ;
#4071 = SURFACE_SIDE_STYLE ('',( #2712 ) ) ;
#4072 = DIRECTION ( 'NONE',  ( 0.0000000000000000000, 0.0000000000000000000, -1.000000000000000000 ) ) ;
#4073 =( GEOMETRIC_REPRESENTATION_CONTEXT ( 3 ) GLOBAL_UNCERTAINTY_ASSIGNED_CONTEXT ( ( #5920 ) ) GLOBAL_UNIT_ASSIGNED_CONTEXT ( ( #3319, #273, #3845 ) ) REPRESENTATION_CONTEXT ( 'NONE', 'WORKASPACE' ) );
#4074 = CARTESIAN_POINT ( 'NONE',  ( 0.01574803149606298844, 0.06299212598425195375, -0.5787401574803149318 ) ) ;
#4075 = EDGE_LOOP ( 'NONE', ( #1414, #5355, #3194, #3401 ) ) ;
#4076 = FILL_AREA_STYLE ('',( #5060 ) ) ;
#4077 = VERTEX_POINT ( 'NONE', #2320 ) ;
#4078 = CIRCLE ( 'NONE', #77, 0.007874015748031499423 ) ;
#4079 = VECTOR ( 'NONE', #184, 39.37007874015748143 ) ;
#4080 = LINE ( 'NONE', #6041, #3165 ) ;
#4081 = EDGE_CURVE ( 'NONE', #79, #5823, #5713, .T. ) ;
#4082 = CARTESIAN_POINT ( 'NONE',  ( 0.1929133858267716439, -0.08858267716535427050, -0.4035433070866140670 ) ) ;
#4083 = PRESENTATION_STYLE_ASSIGNMENT (( #5632 ) ) ;
#4084 = AXIS2_PLACEMENT_3D ( 'NONE', #1555, #2016, #5353 ) ;
#4085 = ORIENTED_EDGE ( 'NONE', *, *, #155, .F. ) ;
#4086 = ORIENTED_EDGE ( 'NONE', *, *, #3388, .F. ) ;
#4087 =( GEOMETRIC_REPRESENTATION_CONTEXT ( 3 ) GLOBAL_UNCERTAINTY_ASSIGNED_CONTEXT ( ( #3716 ) ) GLOBAL_UNIT_ASSIGNED_CONTEXT ( ( #6033, #5625, #5188 ) ) REPRESENTATION_CONTEXT ( 'NONE', 'WORKASPACE' ) );
#4088 = DIRECTION ( 'NONE',  ( 0.0000000000000000000, 0.0000000000000000000, -1.000000000000000000 ) ) ;
#4089 = CARTESIAN_POINT ( 'NONE',  ( 0.1929133858267716439, 0.1456692913385826960, -0.4035433070866140670 ) ) ;
#4090 = AXIS2_PLACEMENT_3D ( 'NONE', #395, #6259, #360 ) ;
#4091 = SURFACE_STYLE_FILL_AREA ( #3622 ) ;
#4092 =( CONVERSION_BASED_UNIT ( 'INCH', #5076 ) LENGTH_UNIT ( ) NAMED_UNIT ( #4555 ) );
#4093 =( NAMED_UNIT ( * ) SI_UNIT ( $, .STERADIAN. ) SOLID_ANGLE_UNIT ( ) );
#4094 = DIRECTION ( 'NONE',  ( -1.000000000000000000, 0.0000000000000000000, 0.0000000000000000000 ) ) ;
#4095 = LINE ( 'NONE', #2613, #5437 ) ;
#4096 = CARTESIAN_POINT ( 'NONE',  ( -0.05118110236220467513, 0.0000000000000000000, -0.3415354330708661457 ) ) ;
#4097 = ORIENTED_EDGE ( 'NONE', *, *, #5240, .F. ) ;
#4098 = UNCERTAINTY_MEASURE_WITH_UNIT (LENGTH_MEASURE( 1.000000000000000082E-05 ), #5574, 'distance_accuracy_value', 'NONE');
#4099 = VECTOR ( 'NONE', #3678, 39.37007874015748143 ) ;
#4100 = PLANE ( 'NONE',  #384 ) ;
#4101 = PRESENTATION_STYLE_ASSIGNMENT (( #2119 ) ) ;
#4102 = DIMENSIONAL_EXPONENTS ( 1.000000000000000000, 0.0000000000000000000, 0.0000000000000000000, 0.0000000000000000000, 0.0000000000000000000, 0.0000000000000000000, 0.0000000000000000000 ) ;
#4103 = LINE ( 'NONE', #5555, #4025 ) ;
#4104 =( GEOMETRIC_REPRESENTATION_CONTEXT ( 3 ) GLOBAL_UNCERTAINTY_ASSIGNED_CONTEXT ( ( #240 ) ) GLOBAL_UNIT_ASSIGNED_CONTEXT ( ( #971, #457, #520 ) ) REPRESENTATION_CONTEXT ( 'NONE', 'WORKASPACE' ) );
#4105 = LENGTH_MEASURE_WITH_UNIT ( LENGTH_MEASURE( 0.02539999999999999897 ), #2683 );
#4106 = LENGTH_MEASURE_WITH_UNIT ( LENGTH_MEASURE( 0.02539999999999999897 ), #667 );
#4107 = EDGE_LOOP ( 'NONE', ( #5836, #4024, #4689, #6337, #1206, #5879 ) ) ;
#4108 = ORIENTED_EDGE ( 'NONE', *, *, #4552, .F. ) ;
#4109 = COLOUR_RGB ( '',0.2509803921568627416, 0.2509803921568627416, 0.2509803921568627416 ) ;
#4110 =( NAMED_UNIT ( * ) PLANE_ANGLE_UNIT ( ) SI_UNIT ( $, .RADIAN. ) );
#4111 =( NAMED_UNIT ( * ) PLANE_ANGLE_UNIT ( ) SI_UNIT ( $, .RADIAN. ) );
#4112 = FILL_AREA_STYLE_COLOUR ( '', #1575 ) ;
#4113 = DIRECTION ( 'NONE',  ( 0.0000000000000000000, 0.0000000000000000000, -1.000000000000000000 ) ) ;
#4114 = EDGE_CURVE ( 'NONE', #5054, #6282, #4876, .T. ) ;
#4115 = SURFACE_STYLE_FILL_AREA ( #1291 ) ;
#4116 = MECHANICAL_DESIGN_GEOMETRIC_PRESENTATION_REPRESENTATION (  '', ( #4940 ), #5868 ) ;
#4117 = MECHANICAL_DESIGN_GEOMETRIC_PRESENTATION_REPRESENTATION (  '', ( #3612 ), #615 ) ;
#4118 = VERTEX_POINT ( 'NONE', #1863 ) ;
#4119 = UNCERTAINTY_MEASURE_WITH_UNIT (LENGTH_MEASURE( 1.000000000000000082E-05 ), #5826, 'distance_accuracy_value', 'NONE');
#4120 = VERTEX_POINT ( 'NONE', #5216 ) ;
#4121 = VECTOR ( 'NONE', #5439, 39.37007874015748143 ) ;
#4122 =( CONVERSION_BASED_UNIT ( 'INCH', #2762 ) LENGTH_UNIT ( ) NAMED_UNIT ( #1767 ) );
#4123 = DIRECTION ( 'NONE',  ( 6.370453442852683715E-16, 0.0000000000000000000, -1.000000000000000000 ) ) ;
#4124 = MECHANICAL_DESIGN_GEOMETRIC_PRESENTATION_REPRESENTATION (  '', ( #3419 ), #5068 ) ;
#4125 = DIRECTION ( 'NONE',  ( 0.0000000000000000000, 0.0000000000000000000, 1.000000000000000000 ) ) ;
#4126 = LINE ( 'NONE', #112, #368 ) ;
#4127 = STYLED_ITEM ( 'NONE', ( #3938 ), #2195 ) ;
#4128 = DIRECTION ( 'NONE',  ( 1.000000000000000000, 0.0000000000000000000, 0.0000000000000000000 ) ) ;
#4129 = CARTESIAN_POINT ( 'NONE',  ( -0.05314960629921260116, 0.2559055118110236671, -0.5787401574803149318 ) ) ;
#4130 = ORIENTED_EDGE ( 'NONE', *, *, #812, .F. ) ;
#4131 = COLOUR_RGB ( '',0.2509803921568627416, 0.2509803921568627416, 0.2509803921568627416 ) ;
#4132 = LENGTH_MEASURE_WITH_UNIT ( LENGTH_MEASURE( 0.02539999999999999897 ), #2181 );
#4133 =( LENGTH_UNIT ( ) NAMED_UNIT ( * ) SI_UNIT ( $, .METRE. ) );
#4134 = CARTESIAN_POINT ( 'NONE',  ( 0.0000000000000000000, 0.2559055118110236671, 0.0000000000000000000 ) ) ;
#4135 = DIRECTION ( 'NONE',  ( 0.0000000000000000000, 0.0000000000000000000, 1.000000000000000000 ) ) ;
#4136 = SURFACE_SIDE_STYLE ('',( #2185 ) ) ;
#4137 = CYLINDRICAL_SURFACE ( 'NONE', #5847, 0.05905511811023623353 ) ;
#4138 = CARTESIAN_POINT ( 'NONE',  ( -8.837334222232346311E-18, 0.1988188976377953110, -0.5019685039370078705 ) ) ;
#4139 = ORIENTED_EDGE ( 'NONE', *, *, #4787, .T. ) ;
#4140 = VECTOR ( 'NONE', #2423, 39.37007874015748143 ) ;
#4141 = VERTEX_POINT ( 'NONE', #2777 ) ;
#4142 = LENGTH_MEASURE_WITH_UNIT ( LENGTH_MEASURE( 0.02539999999999999897 ), #248 );
#4143 = CARTESIAN_POINT ( 'NONE',  ( -8.837334222232346311E-18, 0.1988188976377953110, -0.5629921259842519676 ) ) ;
#4144 = PLANE ( 'NONE',  #2013 ) ;
#4145 = LINE ( 'NONE', #6115, #2486 ) ;
#4146 = ORIENTED_EDGE ( 'NONE', *, *, #2607, .T. ) ;
#4147 = ORIENTED_EDGE ( 'NONE', *, *, #3803, .T. ) ;
#4148 = EDGE_CURVE ( 'NONE', #4355, #3757, #5326, .T. ) ;
#4149 = ADVANCED_FACE ( 'NONE', ( #2899 ), #6222, .F. ) ;
#4150 = CARTESIAN_POINT ( 'NONE',  ( 0.1614173228346456601, 0.01574803149606299191, -0.5984251968503937480 ) ) ;
#4151 = FILL_AREA_STYLE ('',( #202 ) ) ;
#4152 = DIRECTION ( 'NONE',  ( -0.0000000000000000000, -0.0000000000000000000, -1.000000000000000000 ) ) ;
#4153 =( CONVERSION_BASED_UNIT ( 'INCH', #1691 ) LENGTH_UNIT ( ) NAMED_UNIT ( #5747 ) );
#4154 =( LENGTH_UNIT ( ) NAMED_UNIT ( * ) SI_UNIT ( $, .METRE. ) );
#4155 =( GEOMETRIC_REPRESENTATION_CONTEXT ( 3 ) GLOBAL_UNCERTAINTY_ASSIGNED_CONTEXT ( ( #4054 ) ) GLOBAL_UNIT_ASSIGNED_CONTEXT ( ( #4241, #863, #6295 ) ) REPRESENTATION_CONTEXT ( 'NONE', 'WORKASPACE' ) );
#4156 = CARTESIAN_POINT ( 'NONE',  ( -0.01574803149606299885, 0.1417322834645669549, -0.5629921259842519676 ) ) ;
#4157 = ADVANCED_FACE ( 'NONE', ( #1436 ), #456, .T. ) ;
#4158 = VECTOR ( 'NONE', #4060, 39.37007874015748143 ) ;
#4159 = CARTESIAN_POINT ( 'NONE',  ( -0.05118110236220468207, 0.01574803149606299191, -0.5629921259842519676 ) ) ;
#4160 = CARTESIAN_POINT ( 'NONE',  ( 0.1771653543307086798, 0.1614173228346456879, -0.5019685039370078705 ) ) ;
#4161 = ORIENTED_EDGE ( 'NONE', *, *, #1804, .F. ) ;
#4162 = UNCERTAINTY_MEASURE_WITH_UNIT (LENGTH_MEASURE( 1.000000000000000082E-05 ), #882, 'distance_accuracy_value', 'NONE');
#4163 = VECTOR ( 'NONE', #9, 39.37007874015748143 ) ;
#4164 = SURFACE_STYLE_USAGE ( .BOTH. , #4068 ) ;
#4165 = PRESENTATION_STYLE_ASSIGNMENT (( #1639 ) ) ;
#4166 =( CONVERSION_BASED_UNIT ( 'INCH', #1143 ) LENGTH_UNIT ( ) NAMED_UNIT ( #1935 ) );
#4167 = CARTESIAN_POINT ( 'NONE',  ( 0.09055118110236218265, 0.2559055118110236671, -0.5787401574803149318 ) ) ;
#4168 = CARTESIAN_POINT ( 'NONE',  ( -0.1417322834645669549, 0.1259842519685039353, -0.5019685039370078705 ) ) ;
#4169 = DIRECTION ( 'NONE',  ( -1.000000000000000000, -0.0000000000000000000, -0.0000000000000000000 ) ) ;
#4170 = VECTOR ( 'NONE', #1387, 39.37007874015748143 ) ;
#4171 = ORIENTED_EDGE ( 'NONE', *, *, #3354, .F. ) ;
#4172 = ORIENTED_EDGE ( 'NONE', *, *, #1443, .F. ) ;
#4173 = DIRECTION ( 'NONE',  ( -1.000000000000000000, 0.0000000000000000000, 0.0000000000000000000 ) ) ;
#4174 = PLANE ( 'NONE',  #853 ) ;
#4175 = DIMENSIONAL_EXPONENTS ( 1.000000000000000000, 0.0000000000000000000, 0.0000000000000000000, 0.0000000000000000000, 0.0000000000000000000, 0.0000000000000000000, 0.0000000000000000000 ) ;
#4176 = PRESENTATION_LAYER_ASSIGNMENT (  '', '', ( #3868 ) ) ;
#4177 = PRESENTATION_STYLE_ASSIGNMENT (( #767 ) ) ;
#4178 = ORIENTED_EDGE ( 'NONE', *, *, #4740, .F. ) ;
#4179 = STYLED_ITEM ( 'NONE', ( #4812 ), #5652 ) ;
#4180 =( NAMED_UNIT ( * ) SI_UNIT ( $, .STERADIAN. ) SOLID_ANGLE_UNIT ( ) );
#4181 = COLOUR_RGB ( '',1.000000000000000000, 1.000000000000000000, 1.000000000000000000 ) ;
#4182 = ORIENTED_EDGE ( 'NONE', *, *, #4349, .T. ) ;
#4183 = CYLINDRICAL_SURFACE ( 'NONE', #1271, 0.1122047244094488277 ) ;
#4184 = PRESENTATION_STYLE_ASSIGNMENT (( #168 ) ) ;
#4185 = PRESENTATION_LAYER_ASSIGNMENT (  '', '', ( #3676 ) ) ;
#4186 = COLOUR_RGB ( '',1.000000000000000000, 1.000000000000000000, 1.000000000000000000 ) ;
#4187 = SURFACE_STYLE_USAGE ( .BOTH. , #1230 ) ;
#4188 = EDGE_CURVE ( 'NONE', #1124, #5776, #4779, .T. ) ;
#4189 = FILL_AREA_STYLE ('',( #2669 ) ) ;
#4190 = SURFACE_STYLE_FILL_AREA ( #782 ) ;
#4191 = ADVANCED_FACE ( 'NONE', ( #3434 ), #4444, .F. ) ;
#4192 =( LENGTH_UNIT ( ) NAMED_UNIT ( * ) SI_UNIT ( $, .METRE. ) );
#4193 = VERTEX_POINT ( 'NONE', #1066 ) ;
#4194 = CARTESIAN_POINT ( 'NONE',  ( 0.1771653543307086798, -0.08858267716535427050, -0.4035433070866140670 ) ) ;
#4195 = EDGE_CURVE ( 'NONE', #4666, #5432, #5932, .T. ) ;
#4196 = STYLED_ITEM ( 'NONE', ( #1705 ), #264 ) ;
#4197 = SURFACE_SIDE_STYLE ('',( #2870 ) ) ;
#4198 = LINE ( 'NONE', #1831, #244 ) ;
#4199 = CARTESIAN_POINT ( 'NONE',  ( 0.07977251032870712188, 0.3351389431557955656, -0.04871932456074008072 ) ) ;
#4200 = CARTESIAN_POINT ( 'NONE',  ( 0.1771653543307086798, 0.04330708661417324162, -0.4035433070866140670 ) ) ;
#4201 = FILL_AREA_STYLE ('',( #3164 ) ) ;
#4202 = ORIENTED_EDGE ( 'NONE', *, *, #6307, .F. ) ;
#4203 = ORIENTED_EDGE ( 'NONE', *, *, #2798, .T. ) ;
#4204 = AXIS2_PLACEMENT_3D ( 'NONE', #5104, #6122, #5573 ) ;
#4205 = SURFACE_STYLE_FILL_AREA ( #5127 ) ;
#4206 = CARTESIAN_POINT ( 'NONE',  ( -0.1771653543307086798, 0.1968503937007873850, -0.03937007874015752834 ) ) ;
#4207 =( NAMED_UNIT ( * ) SI_UNIT ( $, .STERADIAN. ) SOLID_ANGLE_UNIT ( ) );
#4208 =( NAMED_UNIT ( * ) SI_UNIT ( $, .STERADIAN. ) SOLID_ANGLE_UNIT ( ) );
#4209 = ORIENTED_EDGE ( 'NONE', *, *, #2154, .F. ) ;
#4210 =( NAMED_UNIT ( * ) PLANE_ANGLE_UNIT ( ) SI_UNIT ( $, .RADIAN. ) );
#4211 = CIRCLE ( 'NONE', #1441, 0.02755905511811023931 ) ;
#4212 = FILL_AREA_STYLE_COLOUR ( '', #1416 ) ;
#4213 = ORIENTED_EDGE ( 'NONE', *, *, #4415, .T. ) ;
#4214 = SURFACE_SIDE_STYLE ('',( #5638 ) ) ;
#4215 =( GEOMETRIC_REPRESENTATION_CONTEXT ( 3 ) GLOBAL_UNCERTAINTY_ASSIGNED_CONTEXT ( ( #5649 ) ) GLOBAL_UNIT_ASSIGNED_CONTEXT ( ( #5878, #3500, #5612 ) ) REPRESENTATION_CONTEXT ( 'NONE', 'WORKASPACE' ) );
#4216 = DIMENSIONAL_EXPONENTS ( 1.000000000000000000, 0.0000000000000000000, 0.0000000000000000000, 0.0000000000000000000, 0.0000000000000000000, 0.0000000000000000000, 0.0000000000000000000 ) ;
#4217 = CARTESIAN_POINT ( 'NONE',  ( -0.05314960629921260116, 0.2559055118110236671, -0.5944881889763780070 ) ) ;
#4218 = VECTOR ( 'NONE', #259, 39.37007874015748143 ) ;
#4219 = CARTESIAN_POINT ( 'NONE',  ( 0.05118110236220479309, 0.03937007874015747977, -0.5019685039370078705 ) ) ;
#4220 = AXIS2_PLACEMENT_3D ( 'NONE', #675, #4664, #707 ) ;
#4221 = CYLINDRICAL_SURFACE ( 'NONE', #1460, 0.1614173228346456879 ) ;
#4222 = CARTESIAN_POINT ( 'NONE',  ( 0.09842519685039369248, 0.1614173228346456879, -0.5019685039370078705 ) ) ;
#4223 = VECTOR ( 'NONE', #2140, 39.37007874015748143 ) ;
#4224 = VECTOR ( 'NONE', #5757, 39.37007874015748143 ) ;
#4225 = DIRECTION ( 'NONE',  ( -1.000000000000000000, -1.421904488505579654E-16, -0.0000000000000000000 ) ) ;
#4226 = ORIENTED_EDGE ( 'NONE', *, *, #3238, .F. ) ;
#4227 = UNCERTAINTY_MEASURE_WITH_UNIT (LENGTH_MEASURE( 1.000000000000000082E-05 ), #1388, 'distance_accuracy_value', 'NONE');
#4228 = FILL_AREA_STYLE_COLOUR ( '', #2913 ) ;
#4229 = VECTOR ( 'NONE', #4751, 39.37007874015748143 ) ;
#4230 = EDGE_CURVE ( 'NONE', #5873, #6195, #6127, .T. ) ;
#4231 = EDGE_CURVE ( 'NONE', #4682, #406, #2639, .T. ) ;
#4232 =( CONVERSION_BASED_UNIT ( 'INCH', #3751 ) LENGTH_UNIT ( ) NAMED_UNIT ( #3412 ) );
#4233 = DIRECTION ( 'NONE',  ( -9.856383386231860060E-17, 1.000000000000000000, 0.0000000000000000000 ) ) ;
#4234 = DIRECTION ( 'NONE',  ( 0.0000000000000000000, 1.000000000000000000, 0.0000000000000000000 ) ) ;
#4235 = CARTESIAN_POINT ( 'NONE',  ( -0.05118110236220467513, 0.03937007874015747977, -0.3415354330708661457 ) ) ;
#4236 = ORIENTED_EDGE ( 'NONE', *, *, #5156, .T. ) ;
#4237 = MECHANICAL_DESIGN_GEOMETRIC_PRESENTATION_REPRESENTATION (  '', ( #849 ), #5277 ) ;
#4238 = ORIENTED_EDGE ( 'NONE', *, *, #3354, .T. ) ;
#4239 = CARTESIAN_POINT ( 'NONE',  ( 0.03346456692913385433, 0.2559055118110236671, -0.5944881889763778959 ) ) ;
#4240 =( LENGTH_UNIT ( ) NAMED_UNIT ( * ) SI_UNIT ( $, .METRE. ) );
#4241 =( CONVERSION_BASED_UNIT ( 'INCH', #890 ) LENGTH_UNIT ( ) NAMED_UNIT ( #2427 ) );
#4242 = DIRECTION ( 'NONE',  ( -1.000000000000000000, 2.134811861556445723E-16, 0.0000000000000000000 ) ) ;
#4243 = ADVANCED_FACE ( 'NONE', ( #3624 ), #2612, .T. ) ;
#4244 = COLOUR_RGB ( '',0.2509803921568627416, 0.2509803921568627416, 0.2509803921568627416 ) ;
#4245 = PLANE ( 'NONE',  #3427 ) ;
#4246 = ORIENTED_EDGE ( 'NONE', *, *, #6051, .T. ) ;
#4247 = LINE ( 'NONE', #2755, #5120 ) ;
#4248 = CARTESIAN_POINT ( 'NONE',  ( 0.1929133858267716439, 0.1456692913385826404, -0.5019685039370078705 ) ) ;
#4249 = EDGE_LOOP ( 'NONE', ( #4037, #4690 ) ) ;
#4250 = VECTOR ( 'NONE', #799, 39.37007874015748143 ) ;
#4251 = FACE_OUTER_BOUND ( 'NONE', #1842, .T. ) ;
#4252 = LINE ( 'NONE', #4019, #1887 ) ;
#4253 = DIRECTION ( 'NONE',  ( 0.0000000000000000000, 0.0000000000000000000, 1.000000000000000000 ) ) ;
#4254 = SURFACE_STYLE_FILL_AREA ( #3425 ) ;
#4255 = CIRCLE ( 'NONE', #4769, 0.1122047244094488277 ) ;
#4256 = SURFACE_STYLE_USAGE ( .BOTH. , #3218 ) ;
#4257 = VECTOR ( 'NONE', #3398, 39.37007874015748143 ) ;
#4258 =( NAMED_UNIT ( * ) SI_UNIT ( $, .STERADIAN. ) SOLID_ANGLE_UNIT ( ) );
#4259 = LINE ( 'NONE', #5585, #475 ) ;
#4260 = FACE_OUTER_BOUND ( 'NONE', #3653, .T. ) ;
#4261 = VERTEX_POINT ( 'NONE', #143 ) ;
#4262 = PRESENTATION_STYLE_ASSIGNMENT (( #421 ) ) ;
#4263 = DIMENSIONAL_EXPONENTS ( 1.000000000000000000, 0.0000000000000000000, 0.0000000000000000000, 0.0000000000000000000, 0.0000000000000000000, 0.0000000000000000000, 0.0000000000000000000 ) ;
#4264 = FILL_AREA_STYLE ('',( #5214 ) ) ;
#4265 = SURFACE_STYLE_USAGE ( .BOTH. , #1376 ) ;
#4266 = LINE ( 'NONE', #1314, #4 ) ;
#4267 = EDGE_CURVE ( 'NONE', #6341, #3105, #5717, .T. ) ;
#4268 = VERTEX_POINT ( 'NONE', #1201 ) ;
#4269 = ADVANCED_FACE ( 'NONE', ( #3684 ), #5080, .F. ) ;
#4270 =( GEOMETRIC_REPRESENTATION_CONTEXT ( 3 ) GLOBAL_UNCERTAINTY_ASSIGNED_CONTEXT ( ( #506 ) ) GLOBAL_UNIT_ASSIGNED_CONTEXT ( ( #206, #4579, #1134 ) ) REPRESENTATION_CONTEXT ( 'NONE', 'WORKASPACE' ) );
#4271 = SURFACE_SIDE_STYLE ('',( #3852 ) ) ;
#4272 = CARTESIAN_POINT ( 'NONE',  ( 0.1929133858267716439, 0.1614173228346456879, -0.4035433070866140670 ) ) ;
#4273 = CARTESIAN_POINT ( 'NONE',  ( 0.1771653543307086798, 0.3149606299212598381, -0.05413385826771655723 ) ) ;
#4274 = DIRECTION ( 'NONE',  ( 0.0000000000000000000, 0.0000000000000000000, 1.000000000000000000 ) ) ;
#4275 = PRESENTATION_STYLE_ASSIGNMENT (( #3857 ) ) ;
#4276 =( NAMED_UNIT ( * ) PLANE_ANGLE_UNIT ( ) SI_UNIT ( $, .RADIAN. ) );
#4277 = ORIENTED_EDGE ( 'NONE', *, *, #257, .T. ) ;
#4278 = CARTESIAN_POINT ( 'NONE',  ( -0.1417322834645669549, 0.1535433070866141780, -0.5019685039370078705 ) ) ;
#4279 = ORIENTED_EDGE ( 'NONE', *, *, #4913, .F. ) ;
#4280 = ADVANCED_FACE ( 'NONE', ( #4260 ), #2770, .T. ) ;
#4281 = MECHANICAL_DESIGN_GEOMETRIC_PRESENTATION_REPRESENTATION (  '', ( #3785 ), #1194 ) ;
#4282 = ORIENTED_EDGE ( 'NONE', *, *, #4740, .T. ) ;
#4283 = FILL_AREA_STYLE ('',( #260 ) ) ;
#4284 = CARTESIAN_POINT ( 'NONE',  ( 0.0000000000000000000, 0.0000000000000000000, 0.0000000000000000000 ) ) ;
#4285 = VECTOR ( 'NONE', #785, 39.37007874015748143 ) ;
#4286 = AXIS2_PLACEMENT_3D ( 'NONE', #2718, #672, #4173 ) ;
#4287 = CARTESIAN_POINT ( 'NONE',  ( -0.1614173228346456879, 0.2559055118110236671, -0.5019685039370078705 ) ) ;
#4288 = SURFACE_STYLE_USAGE ( .BOTH. , #874 ) ;
#4289 = LENGTH_MEASURE_WITH_UNIT ( LENGTH_MEASURE( 0.02539999999999999897 ), #2248 );
#4290 = ORIENTED_EDGE ( 'NONE', *, *, #2472, .T. ) ;
#4291 = UNCERTAINTY_MEASURE_WITH_UNIT (LENGTH_MEASURE( 1.000000000000000082E-05 ), #2473, 'distance_accuracy_value', 'NONE');
#4292 = CARTESIAN_POINT ( 'NONE',  ( 0.1599583576227024129, 0.2775590551181102428, -0.5984251968503937480 ) ) ;
#4293 = LENGTH_MEASURE_WITH_UNIT ( LENGTH_MEASURE( 0.02539999999999999897 ), #6189 );
#4294 = VECTOR ( 'NONE', #5907, 39.37007874015748143 ) ;
#4295 = FACE_BOUND ( 'NONE', #841, .T. ) ;
#4296 = DIRECTION ( 'NONE',  ( 1.000000000000000000, 0.0000000000000000000, 0.0000000000000000000 ) ) ;
#4297 =( CONVERSION_BASED_UNIT ( 'INCH', #3295 ) LENGTH_UNIT ( ) NAMED_UNIT ( #766 ) );
#4298 = PRESENTATION_STYLE_ASSIGNMENT (( #5691 ) ) ;
#4299 = EDGE_LOOP ( 'NONE', ( #2772, #1826, #3356, #5752, #2693, #3075 ) ) ;
#4300 = VECTOR ( 'NONE', #3880, 39.37007874015748143 ) ;
#4301 = FILL_AREA_STYLE ('',( #860 ) ) ;
#4302 = FILL_AREA_STYLE_COLOUR ( '', #2564 ) ;
#4303 = DIMENSIONAL_EXPONENTS ( 1.000000000000000000, 0.0000000000000000000, 0.0000000000000000000, 0.0000000000000000000, 0.0000000000000000000, 0.0000000000000000000, 0.0000000000000000000 ) ;
#4304 = FILL_AREA_STYLE_COLOUR ( '', #4677 ) ;
#4305 =( NAMED_UNIT ( * ) SI_UNIT ( $, .STERADIAN. ) SOLID_ANGLE_UNIT ( ) );
#4306 = MECHANICAL_DESIGN_GEOMETRIC_PRESENTATION_REPRESENTATION (  '', ( #6356 ), #815 ) ;
#4307 = SURFACE_STYLE_USAGE ( .BOTH. , #4791 ) ;
#4308 = ORIENTED_EDGE ( 'NONE', *, *, #3536, .T. ) ;
#4309 = LINE ( 'NONE', #3249, #2448 ) ;
#4310 = ORIENTED_EDGE ( 'NONE', *, *, #811, .T. ) ;
#4311 = PRESENTATION_LAYER_ASSIGNMENT (  '', '', ( #3496 ) ) ;
#4312 =( NAMED_UNIT ( * ) SI_UNIT ( $, .STERADIAN. ) SOLID_ANGLE_UNIT ( ) );
#4313 = EDGE_CURVE ( 'NONE', #884, #4728, #4319, .T. ) ;
#4314 = CARTESIAN_POINT ( 'NONE',  ( 0.09540646311852465922, 0.3149606299212598381, -0.03937007874015750059 ) ) ;
#4315 = CIRCLE ( 'NONE', #611, 0.01574803149606299885 ) ;
#4316 = ORIENTED_EDGE ( 'NONE', *, *, #1326, .T. ) ;
#4317 =( LENGTH_UNIT ( ) NAMED_UNIT ( * ) SI_UNIT ( $, .METRE. ) );
#4318 = PRESENTATION_STYLE_ASSIGNMENT (( #5546 ) ) ;
#4319 = LINE ( 'NONE', #4805, #676 ) ;
#4320 = VECTOR ( 'NONE', #2235, 39.37007874015748143 ) ;
#4321 = ORIENTED_EDGE ( 'NONE', *, *, #4503, .T. ) ;
#4322 =( CONVERSION_BASED_UNIT ( 'INCH', #1396 ) LENGTH_UNIT ( ) NAMED_UNIT ( #1785 ) );
#4323 =( LENGTH_UNIT ( ) NAMED_UNIT ( * ) SI_UNIT ( $, .METRE. ) );
#4324 = CIRCLE ( 'NONE', #2077, 0.1614173228346456879 ) ;
#4325 = PRESENTATION_STYLE_ASSIGNMENT (( #5215 ) ) ;
#4326 = SURFACE_SIDE_STYLE ('',( #358 ) ) ;
#4327 = FACE_OUTER_BOUND ( 'NONE', #1022, .T. ) ;
#4328 = ORIENTED_EDGE ( 'NONE', *, *, #5708, .F. ) ;
#4329 = CIRCLE ( 'NONE', #931, 0.03937007874015747977 ) ;
#4330 =( GEOMETRIC_REPRESENTATION_CONTEXT ( 3 ) GLOBAL_UNCERTAINTY_ASSIGNED_CONTEXT ( ( #693 ) ) GLOBAL_UNIT_ASSIGNED_CONTEXT ( ( #3234, #330, #3848 ) ) REPRESENTATION_CONTEXT ( 'NONE', 'WORKASPACE' ) );
#4331 = PRESENTATION_STYLE_ASSIGNMENT (( #6170 ) ) ;
#4332 = PRESENTATION_STYLE_ASSIGNMENT (( #1381 ) ) ;
#4333 = ORIENTED_EDGE ( 'NONE', *, *, #6090, .T. ) ;
#4334 = CIRCLE ( 'NONE', #1568, 0.03937007874015747977 ) ;
#4335 = CARTESIAN_POINT ( 'NONE',  ( 0.09055118110236218265, 0.2559055118110236671, -0.5629921259842519676 ) ) ;
#4336 = ORIENTED_EDGE ( 'NONE', *, *, #1120, .T. ) ;
#4337 = CARTESIAN_POINT ( 'NONE',  ( 0.05905511811023623353, 0.2559055118110236671, -0.4232283464566929387 ) ) ;
#4338 = DIMENSIONAL_EXPONENTS ( 1.000000000000000000, 0.0000000000000000000, 0.0000000000000000000, 0.0000000000000000000, 0.0000000000000000000, 0.0000000000000000000, 0.0000000000000000000 ) ;
#4339 = ORIENTED_EDGE ( 'NONE', *, *, #4034, .T. ) ;
#4340 = EDGE_CURVE ( 'NONE', #2979, #952, #779, .T. ) ;
#4341 = COLOUR_RGB ( '',0.2509803921568627416, 0.2509803921568627416, 0.2509803921568627416 ) ;
#4342 = EDGE_CURVE ( 'NONE', #4625, #5276, #3259, .T. ) ;
#4343 = CARTESIAN_POINT ( 'NONE',  ( -0.06692913385826773642, 0.1949136480912218305, -0.5629921259842519676 ) ) ;
#4344 = AXIS2_PLACEMENT_3D ( 'NONE', #5108, #2704, #2636 ) ;
#4345 = DIRECTION ( 'NONE',  ( 0.0000000000000000000, 0.0000000000000000000, 1.000000000000000000 ) ) ;
#4346 = FILL_AREA_STYLE_COLOUR ( '', #1559 ) ;
#4347 = AXIS2_PLACEMENT_3D ( 'NONE', #2893, #2920, #3866 ) ;
#4348 = EDGE_LOOP ( 'NONE', ( #1799, #3893, #871, #3495 ) ) ;
#4349 = EDGE_CURVE ( 'NONE', #4118, #4529, #4835, .T. ) ;
#4350 = CARTESIAN_POINT ( 'NONE',  ( 0.0000000000000000000, 0.2559055118110236671, -0.03937007874015750059 ) ) ;
#4351 = PRESENTATION_STYLE_ASSIGNMENT (( #4265 ) ) ;
#4352 = FILL_AREA_STYLE ('',( #16 ) ) ;
#4353 = COLOUR_RGB ( '',0.2509803921568627416, 0.2509803921568627416, 0.2509803921568627416 ) ;
#4354 = LENGTH_MEASURE_WITH_UNIT ( LENGTH_MEASURE( 0.02539999999999999897 ), #2778 );
#4355 = VERTEX_POINT ( 'NONE', #6184 ) ;
#4356 =( GEOMETRIC_REPRESENTATION_CONTEXT ( 3 ) GLOBAL_UNCERTAINTY_ASSIGNED_CONTEXT ( ( #1551 ) ) GLOBAL_UNIT_ASSIGNED_CONTEXT ( ( #4750, #5842, #1924 ) ) REPRESENTATION_CONTEXT ( 'NONE', 'WORKASPACE' ) );
#4357 = FILL_AREA_STYLE_COLOUR ( '', #4795 ) ;
#4358 =( NAMED_UNIT ( * ) SI_UNIT ( $, .STERADIAN. ) SOLID_ANGLE_UNIT ( ) );
#4359 = PRESENTATION_STYLE_ASSIGNMENT (( #2358 ) ) ;
#4360 =( NAMED_UNIT ( * ) PLANE_ANGLE_UNIT ( ) SI_UNIT ( $, .RADIAN. ) );
#4361 = UNCERTAINTY_MEASURE_WITH_UNIT (LENGTH_MEASURE( 1.000000000000000082E-05 ), #2610, 'distance_accuracy_value', 'NONE');
#4362 = ORIENTED_EDGE ( 'NONE', *, *, #141, .F. ) ;
#4363 =( GEOMETRIC_REPRESENTATION_CONTEXT ( 3 ) GLOBAL_UNCERTAINTY_ASSIGNED_CONTEXT ( ( #6049 ) ) GLOBAL_UNIT_ASSIGNED_CONTEXT ( ( #1857, #417, #5267 ) ) REPRESENTATION_CONTEXT ( 'NONE', 'WORKASPACE' ) );
#4364 = DIRECTION ( 'NONE',  ( 0.0000000000000000000, 1.000000000000000000, 0.0000000000000000000 ) ) ;
#4365 = FACE_OUTER_BOUND ( 'NONE', #2136, .T. ) ;
#4366 = VERTEX_POINT ( 'NONE', #1394 ) ;
#4367 = MECHANICAL_DESIGN_GEOMETRIC_PRESENTATION_REPRESENTATION (  '', ( #2758 ), #4890 ) ;
#4368 = PRESENTATION_LAYER_ASSIGNMENT (  '', '', ( #2441 ) ) ;
#4369 = TOROIDAL_SURFACE ( 'NONE', #272, 0.02755905511811023584, 0.007874015748031495954 ) ;
#4370 = FILL_AREA_STYLE_COLOUR ( '', #1915 ) ;
#4371 = CARTESIAN_POINT ( 'NONE',  ( 0.1771653543307086798, 0.1614173228346456879, -0.4035433070866140670 ) ) ;
#4372 = CARTESIAN_POINT ( 'NONE',  ( 0.07677165354330710290, 0.1417322834645669549, -0.5629921259842519676 ) ) ;
#4373 = DIMENSIONAL_EXPONENTS ( 1.000000000000000000, 0.0000000000000000000, 0.0000000000000000000, 0.0000000000000000000, 0.0000000000000000000, 0.0000000000000000000, 0.0000000000000000000 ) ;
#4374 = ORIENTED_EDGE ( 'NONE', *, *, #539, .T. ) ;
#4375 = FILL_AREA_STYLE_COLOUR ( '', #2629 ) ;
#4376 = ADVANCED_FACE ( 'NONE', ( #3712 ), #295, .F. ) ;
#4377 = LENGTH_MEASURE_WITH_UNIT ( LENGTH_MEASURE( 0.02539999999999999897 ), #2573 );
#4378 = CARTESIAN_POINT ( 'NONE',  ( -0.1417322834645669549, 0.1535433070866141780, -0.5019685039370078705 ) ) ;
#4379 = PRESENTATION_LAYER_ASSIGNMENT (  '', '', ( #3186 ) ) ;
#4380 = PRESENTATION_LAYER_ASSIGNMENT (  '', '', ( #1317 ) ) ;
#4381 = EDGE_CURVE ( 'NONE', #3052, #2506, #1914, .T. ) ;
#4382 = LINE ( 'NONE', #1498, #3315 ) ;
#4383 = ORIENTED_EDGE ( 'NONE', *, *, #1447, .F. ) ;
#4384 = VECTOR ( 'NONE', #1047, 39.37007874015748143 ) ;
#4385 = FILL_AREA_STYLE ('',( #4418 ) ) ;
#4386 = DIRECTION ( 'NONE',  ( -4.410313921974935221E-16, 0.0000000000000000000, -1.000000000000000000 ) ) ;
#4387 = DIRECTION ( 'NONE',  ( -1.000000000000000000, 0.0000000000000000000, 0.0000000000000000000 ) ) ;
#4388 =( NAMED_UNIT ( * ) SI_UNIT ( $, .STERADIAN. ) SOLID_ANGLE_UNIT ( ) );
#4389 = CARTESIAN_POINT ( 'NONE',  ( 0.1771653543307086798, 0.3297244094488189226, -0.05413385826771655723 ) ) ;
#4390 = PRESENTATION_LAYER_ASSIGNMENT (  '', '', ( #3690 ) ) ;
#4391 = ORIENTED_EDGE ( 'NONE', *, *, #2998, .T. ) ;
#4392 =( LENGTH_UNIT ( ) NAMED_UNIT ( * ) SI_UNIT ( $, .METRE. ) );
#4393 = ORIENTED_EDGE ( 'NONE', *, *, #6035, .T. ) ;
#4394 =( CONVERSION_BASED_UNIT ( 'INCH', #4887 ) LENGTH_UNIT ( ) NAMED_UNIT ( #3057 ) );
#4395 =( LENGTH_UNIT ( ) NAMED_UNIT ( * ) SI_UNIT ( $, .METRE. ) );
#4396 = VECTOR ( 'NONE', #1136, 39.37007874015748143 ) ;
#4397 = DIRECTION ( 'NONE',  ( 0.0000000000000000000, 1.000000000000000000, 1.239088197126290817E-16 ) ) ;
#4398 = DIRECTION ( 'NONE',  ( -1.000000000000000000, -1.936075308009831019E-17, 0.0000000000000000000 ) ) ;
#4399 = DIRECTION ( 'NONE',  ( 0.0000000000000000000, 0.0000000000000000000, 1.000000000000000000 ) ) ;
#4400 = ORIENTED_EDGE ( 'NONE', *, *, #3035, .F. ) ;
#4401 = AXIS2_PLACEMENT_3D ( 'NONE', #144, #6062, #4649 ) ;
#4402 = DIRECTION ( 'NONE',  ( -1.905951631219736475E-16, 1.000000000000000000, 0.0000000000000000000 ) ) ;
#4403 = AXIS2_PLACEMENT_3D ( 'NONE', #1131, #4640, #3151 ) ;
#4404 = LENGTH_MEASURE_WITH_UNIT ( LENGTH_MEASURE( 0.02539999999999999897 ), #74 );
#4405 = VECTOR ( 'NONE', #2714, 39.37007874015748143 ) ;
#4406 = ORIENTED_EDGE ( 'NONE', *, *, #5034, .T. ) ;
#4407 =( NAMED_UNIT ( * ) SI_UNIT ( $, .STERADIAN. ) SOLID_ANGLE_UNIT ( ) );
#4408 = CARTESIAN_POINT ( 'NONE',  ( 0.1771653543307086798, 0.4330708661417322913, -0.5019685039370078705 ) ) ;
#4409 = VECTOR ( 'NONE', #4052, 39.37007874015748143 ) ;
#4410 = CARTESIAN_POINT ( 'NONE',  ( -0.07677165354330708902, 0.01574803149606299885, -0.5984251968503937480 ) ) ;
#4411 = STYLED_ITEM ( 'NONE', ( #4605 ), #1526 ) ;
#4412 = FILL_AREA_STYLE ('',( #3531 ) ) ;
#4413 = ORIENTED_EDGE ( 'NONE', *, *, #5201, .T. ) ;
#4414 = EDGE_CURVE ( 'NONE', #713, #3323, #968, .T. ) ;
#4415 = EDGE_CURVE ( 'NONE', #2506, #2984, #5605, .T. ) ;
#4416 = MECHANICAL_DESIGN_GEOMETRIC_PRESENTATION_REPRESENTATION (  '', ( #5061 ), #212 ) ;
#4417 = FILL_AREA_STYLE_COLOUR ( '', #2237 ) ;
#4418 = FILL_AREA_STYLE_COLOUR ( '', #3069 ) ;
#4419 = DIMENSIONAL_EXPONENTS ( 1.000000000000000000, 0.0000000000000000000, 0.0000000000000000000, 0.0000000000000000000, 0.0000000000000000000, 0.0000000000000000000, 0.0000000000000000000 ) ;
#4420 = DIRECTION ( 'NONE',  ( 1.000000000000000000, 0.0000000000000000000, 0.0000000000000000000 ) ) ;
#4421 = SURFACE_STYLE_USAGE ( .BOTH. , #2542 ) ;
#4422 = DIRECTION ( 'NONE',  ( -1.000000000000000000, 0.0000000000000000000, 0.0000000000000000000 ) ) ;
#4423 = AXIS2_PLACEMENT_3D ( 'NONE', #4917, #3008, #2514 ) ;
#4424 =( NAMED_UNIT ( * ) SI_UNIT ( $, .STERADIAN. ) SOLID_ANGLE_UNIT ( ) );
#4425 = ORIENTED_EDGE ( 'NONE', *, *, #2757, .T. ) ;
#4426 = DIRECTION ( 'NONE',  ( 0.0000000000000000000, 0.0000000000000000000, -1.000000000000000000 ) ) ;
#4427 = ORIENTED_EDGE ( 'NONE', *, *, #4707, .T. ) ;
#4428 = DIRECTION ( 'NONE',  ( 0.0000000000000000000, 0.0000000000000000000, 1.000000000000000000 ) ) ;
#4429 = VECTOR ( 'NONE', #3030, 39.37007874015748143 ) ;
#4430 = EDGE_CURVE ( 'NONE', #5339, #3444, #509, .T. ) ;
#4431 = CARTESIAN_POINT ( 'NONE',  ( 0.0000000000000000000, 0.2559055118110236671, -0.5846456692913385433 ) ) ;
#4432 = DIRECTION ( 'NONE',  ( 0.0000000000000000000, 0.0000000000000000000, 1.000000000000000000 ) ) ;
#4433 = ORIENTED_EDGE ( 'NONE', *, *, #5708, .T. ) ;
#4434 = UNCERTAINTY_MEASURE_WITH_UNIT (LENGTH_MEASURE( 1.000000000000000082E-05 ), #2088, 'distance_accuracy_value', 'NONE');
#4435 = CIRCLE ( 'NONE', #1041, 0.09055118110236218265 ) ;
#4436 = SURFACE_STYLE_FILL_AREA ( #2989 ) ;
#4437 = CIRCLE ( 'NONE', #5190, 0.09055118110236218265 ) ;
#4438 = CARTESIAN_POINT ( 'NONE',  ( 0.06692913385826770867, 0.007874015748031497688, -0.5629921259842519676 ) ) ;
#4439 = DIRECTION ( 'NONE',  ( -1.936075308009831019E-17, 1.000000000000000000, 0.0000000000000000000 ) ) ;
#4440 = EDGE_LOOP ( 'NONE', ( #1190, #4046, #2034, #5220 ) ) ;
#4441 = AXIS2_PLACEMENT_3D ( 'NONE', #5939, #22, #4386 ) ;
#4442 = PRESENTATION_STYLE_ASSIGNMENT (( #2960 ) ) ;
#4443 = SURFACE_STYLE_USAGE ( .BOTH. , #3936 ) ;
#4444 = PLANE ( 'NONE',  #1600 ) ;
#4445 =( NAMED_UNIT ( * ) SI_UNIT ( $, .STERADIAN. ) SOLID_ANGLE_UNIT ( ) );
#4446 = DIRECTION ( 'NONE',  ( -0.0000000000000000000, -0.0000000000000000000, -1.000000000000000000 ) ) ;
#4447 =( LENGTH_UNIT ( ) NAMED_UNIT ( * ) SI_UNIT ( $, .METRE. ) );
#4448 = VERTEX_POINT ( 'NONE', #1948 ) ;
#4449 = DIRECTION ( 'NONE',  ( 1.000000000000000000, 0.0000000000000000000, 0.0000000000000000000 ) ) ;
#4450 =( LENGTH_UNIT ( ) NAMED_UNIT ( * ) SI_UNIT ( $, .METRE. ) );
#4451 =( GEOMETRIC_REPRESENTATION_CONTEXT ( 3 ) GLOBAL_UNCERTAINTY_ASSIGNED_CONTEXT ( ( #2134 ) ) GLOBAL_UNIT_ASSIGNED_CONTEXT ( ( #2370, #5266, #3340 ) ) REPRESENTATION_CONTEXT ( 'NONE', 'WORKASPACE' ) );
#4452 = PRESENTATION_STYLE_ASSIGNMENT (( #3477 ) ) ;
#4453 =( NAMED_UNIT ( * ) SI_UNIT ( $, .STERADIAN. ) SOLID_ANGLE_UNIT ( ) );
#4454 = EDGE_CURVE ( 'NONE', #1651, #4118, #1078, .T. ) ;
#4455 = ADVANCED_FACE ( 'NONE', ( #934 ), #991, .F. ) ;
#4456 = PLANE ( 'NONE',  #2457 ) ;
#4457 = DIRECTION ( 'NONE',  ( -1.000000000000000000, 0.0000000000000000000, 0.0000000000000000000 ) ) ;
#4458 = EDGE_LOOP ( 'NONE', ( #1715, #2884, #598, #3157 ) ) ;
#4459 = AXIS2_PLACEMENT_3D ( 'NONE', #1937, #6202, #1320 ) ;
#4460 = ORIENTED_EDGE ( 'NONE', *, *, #813, .F. ) ;
#4461 = DIRECTION ( 'NONE',  ( -1.000000000000000000, 0.0000000000000000000, 0.0000000000000000000 ) ) ;
#4462 = CARTESIAN_POINT ( 'NONE',  ( 4.339299682018179909E-18, -0.08267716535433072833, -0.1220472440944882081 ) ) ;
#4463 = CARTESIAN_POINT ( 'NONE',  ( 0.0000000000000000000, -0.07874015748031495954, -0.5629921259842519676 ) ) ;
#4464 = CARTESIAN_POINT ( 'NONE',  ( -0.1614173228346456879, 0.2559055118110236671, -0.5629921259842519676 ) ) ;
#4465 = ADVANCED_FACE ( 'NONE', ( #4251 ), #868, .F. ) ;
#4466 = CIRCLE ( 'NONE', #258, 0.05905511811023623353 ) ;
#4467 = LINE ( 'NONE', #3517, #211 ) ;
#4468 = DIMENSIONAL_EXPONENTS ( 1.000000000000000000, 0.0000000000000000000, 0.0000000000000000000, 0.0000000000000000000, 0.0000000000000000000, 0.0000000000000000000, 0.0000000000000000000 ) ;
#4469 = ORIENTED_EDGE ( 'NONE', *, *, #1253, .T. ) ;
#4470 = EDGE_CURVE ( 'NONE', #3850, #2621, #381, .T. ) ;
#4471 = COLOUR_RGB ( '',1.000000000000000000, 1.000000000000000000, 1.000000000000000000 ) ;
#4472 = FACE_OUTER_BOUND ( 'NONE', #1585, .T. ) ;
#4473 = CARTESIAN_POINT ( 'NONE',  ( 8.055539600302798184E-19, 0.2775590551181102983, -0.5019685039370078705 ) ) ;
#4474 = ORIENTED_EDGE ( 'NONE', *, *, #447, .F. ) ;
#4475 = VECTOR ( 'NONE', #1992, 39.37007874015748143 ) ;
#4476 = COLOUR_RGB ( '',0.2509803921568627416, 0.2509803921568627416, 0.2509803921568627416 ) ;
#4477 = FILL_AREA_STYLE_COLOUR ( '', #580 ) ;
#4478 = DIRECTION ( 'NONE',  ( 0.0000000000000000000, -1.239088197126290817E-16, 1.000000000000000000 ) ) ;
#4479 = PRESENTATION_STYLE_ASSIGNMENT (( #518 ) ) ;
#4480 = SURFACE_STYLE_USAGE ( .BOTH. , #1497 ) ;
#4481 = MECHANICAL_DESIGN_GEOMETRIC_PRESENTATION_REPRESENTATION (  '', ( #2441 ), #2659 ) ;
#4482 = FILL_AREA_STYLE ('',( #1989 ) ) ;
#4483 = ORIENTED_EDGE ( 'NONE', *, *, #4081, .T. ) ;
#4484 = UNCERTAINTY_MEASURE_WITH_UNIT (LENGTH_MEASURE( 1.000000000000000082E-05 ), #602, 'distance_accuracy_value', 'NONE');
#4485 = SURFACE_STYLE_USAGE ( .BOTH. , #2414 ) ;
#4486 = CIRCLE ( 'NONE', #5318, 0.01968503937007875723 ) ;
#4487 = SURFACE_STYLE_FILL_AREA ( #1536 ) ;
#4488 = FACE_OUTER_BOUND ( 'NONE', #741, .T. ) ;
#4489 = FACE_BOUND ( 'NONE', #1440, .T. ) ;
#4490 = DIRECTION ( 'NONE',  ( -1.000000000000000000, 0.0000000000000000000, 0.0000000000000000000 ) ) ;
#4491 =( NAMED_UNIT ( * ) SI_UNIT ( $, .STERADIAN. ) SOLID_ANGLE_UNIT ( ) );
#4492 = ORIENTED_EDGE ( 'NONE', *, *, #6154, .T. ) ;
#4493 = MECHANICAL_DESIGN_GEOMETRIC_PRESENTATION_REPRESENTATION (  '', ( #3681 ), #5131 ) ;
#4494 = ORIENTED_EDGE ( 'NONE', *, *, #2472, .F. ) ;
#4495 = SURFACE_SIDE_STYLE ('',( #5859 ) ) ;
#4496 =( NAMED_UNIT ( * ) PLANE_ANGLE_UNIT ( ) SI_UNIT ( $, .RADIAN. ) );
#4497 = DIRECTION ( 'NONE',  ( 0.0000000000000000000, 0.8574929257125463167, -0.5144957554275227940 ) ) ;
#4498 = LINE ( 'NONE', #6014, #5351 ) ;
#4499 = ORIENTED_EDGE ( 'NONE', *, *, #5035, .T. ) ;
#4500 = UNCERTAINTY_MEASURE_WITH_UNIT (LENGTH_MEASURE( 1.000000000000000082E-05 ), #5971, 'distance_accuracy_value', 'NONE');
#4501 = VERTEX_POINT ( 'NONE', #5287 ) ;
#4502 = MECHANICAL_DESIGN_GEOMETRIC_PRESENTATION_REPRESENTATION (  '', ( #3690 ), #5241 ) ;
#4503 = EDGE_CURVE ( 'NONE', #4366, #952, #805, .T. ) ;
#4504 = EDGE_CURVE ( 'NONE', #3422, #3272, #5763, .T. ) ;
#4505 = ADVANCED_FACE ( 'NONE', ( #1845 ), #6244, .F. ) ;
#4506 = PRESENTATION_LAYER_ASSIGNMENT (  '', '', ( #3598 ) ) ;
#4507 = DIRECTION ( 'NONE',  ( 0.0000000000000000000, 0.0000000000000000000, 1.000000000000000000 ) ) ;
#4508 = CARTESIAN_POINT ( 'NONE',  ( 0.0000000000000000000, -0.07874015748031495954, -0.5629921259842519676 ) ) ;
#4509 = DIRECTION ( 'NONE',  ( 0.0000000000000000000, 1.000000000000000000, 0.0000000000000000000 ) ) ;
#4510 = DIMENSIONAL_EXPONENTS ( 1.000000000000000000, 0.0000000000000000000, 0.0000000000000000000, 0.0000000000000000000, 0.0000000000000000000, 0.0000000000000000000, 0.0000000000000000000 ) ;
#4511 = ORIENTED_EDGE ( 'NONE', *, *, #648, .T. ) ;
#4512 = AXIS2_PLACEMENT_3D ( 'NONE', #5263, #2735, #1853 ) ;
#4513 = DIRECTION ( 'NONE',  ( -0.0000000000000000000, -0.0000000000000000000, -1.000000000000000000 ) ) ;
#4514 = SURFACE_STYLE_FILL_AREA ( #2572 ) ;
#4515 = CARTESIAN_POINT ( 'NONE',  ( -0.01574803149606299885, 0.1183070866141732458, -0.5770472440944881543 ) ) ;
#4516 = PLANE ( 'NONE',  #5553 ) ;
#4517 = EDGE_LOOP ( 'NONE', ( #4209, #3701, #1499, #4427 ) ) ;
#4518 = DIRECTION ( 'NONE',  ( 1.000000000000000000, 0.0000000000000000000, 0.0000000000000000000 ) ) ;
#4519 = COLOUR_RGB ( '',1.000000000000000000, 1.000000000000000000, 1.000000000000000000 ) ;
#4520 =( LENGTH_UNIT ( ) NAMED_UNIT ( * ) SI_UNIT ( $, .METRE. ) );
#4521 = CARTESIAN_POINT ( 'NONE',  ( -0.04921259842519691563, -0.08858267716535427050, -0.3297244094488189226 ) ) ;
#4522 =( LENGTH_UNIT ( ) NAMED_UNIT ( * ) SI_UNIT ( $, .METRE. ) );
#4523 = DIRECTION ( 'NONE',  ( -5.421010862427521554E-17, -1.000000000000000000, 0.0000000000000000000 ) ) ;
#4524 = DIRECTION ( 'NONE',  ( -1.000000000000000000, 4.343758703868206842E-19, 0.0000000000000000000 ) ) ;
#4525 = LENGTH_MEASURE_WITH_UNIT ( LENGTH_MEASURE( 0.02539999999999999897 ), #3572 );
#4526 = VERTEX_POINT ( 'NONE', #3078 ) ;
#4527 =( NAMED_UNIT ( * ) SI_UNIT ( $, .STERADIAN. ) SOLID_ANGLE_UNIT ( ) );
#4528 =( NAMED_UNIT ( * ) SI_UNIT ( $, .STERADIAN. ) SOLID_ANGLE_UNIT ( ) );
#4529 = VERTEX_POINT ( 'NONE', #2489 ) ;
#4530 = DIRECTION ( 'NONE',  ( 0.0000000000000000000, -1.000000000000000000, 0.0000000000000000000 ) ) ;
#4531 = CARTESIAN_POINT ( 'NONE',  ( 0.0000000000000000000, 0.2559055118110236671, -0.03937007874015750059 ) ) ;
#4532 = CARTESIAN_POINT ( 'NONE',  ( 0.1614173228346456879, 0.1417322834645669549, -0.5984251968503937480 ) ) ;
#4533 =( GEOMETRIC_REPRESENTATION_CONTEXT ( 3 ) GLOBAL_UNCERTAINTY_ASSIGNED_CONTEXT ( ( #5230 ) ) GLOBAL_UNIT_ASSIGNED_CONTEXT ( ( #5493, #597, #4528 ) ) REPRESENTATION_CONTEXT ( 'NONE', 'WORKASPACE' ) );
#4534 = STYLED_ITEM ( 'NONE', ( #2647 ), #1963 ) ;
#4535 = FILL_AREA_STYLE_COLOUR ( '', #4733 ) ;
#4536 = ORIENTED_EDGE ( 'NONE', *, *, #1972, .F. ) ;
#4537 =( NAMED_UNIT ( * ) PLANE_ANGLE_UNIT ( ) SI_UNIT ( $, .RADIAN. ) );
#4538 = PRESENTATION_LAYER_ASSIGNMENT (  '', '', ( #522 ) ) ;
#4539 = PRESENTATION_LAYER_ASSIGNMENT (  '', '', ( #935 ) ) ;
#4540 = ORIENTED_EDGE ( 'NONE', *, *, #182, .F. ) ;
#4541 = EDGE_CURVE ( 'NONE', #6149, #43, #5005, .T. ) ;
#4542 = CARTESIAN_POINT ( 'NONE',  ( 0.09842519685039369248, 0.1456692913385826682, -0.5019685039370078705 ) ) ;
#4543 = ADVANCED_FACE ( 'NONE', ( #1051, #1479 ), #2591, .T. ) ;
#4544 = PRESENTATION_STYLE_ASSIGNMENT (( #613 ) ) ;
#4545 = PRESENTATION_LAYER_ASSIGNMENT (  '', '', ( #3239 ) ) ;
#4546 = CARTESIAN_POINT ( 'NONE',  ( 0.0000000000000000000, 0.2559055118110236671, -0.4035433070866141225 ) ) ;
#4547 = CIRCLE ( 'NONE', #6095, 0.1122047244094488277 ) ;
#4548 = DIRECTION ( 'NONE',  ( -1.000000000000000000, 0.0000000000000000000, 0.0000000000000000000 ) ) ;
#4549 = SURFACE_STYLE_USAGE ( .BOTH. , #691 ) ;
#4550 = VERTEX_POINT ( 'NONE', #5947 ) ;
#4551 = UNCERTAINTY_MEASURE_WITH_UNIT (LENGTH_MEASURE( 1.000000000000000082E-05 ), #3369, 'distance_accuracy_value', 'NONE');
#4552 = EDGE_CURVE ( 'NONE', #1070, #390, #5435, .T. ) ;
#4553 = CARTESIAN_POINT ( 'NONE',  ( 0.1771653543307086798, -0.08858267716535427050, -0.4527559055118109410 ) ) ;
#4554 = DIRECTION ( 'NONE',  ( 0.0000000000000000000, 1.000000000000000000, 0.0000000000000000000 ) ) ;
#4555 = DIMENSIONAL_EXPONENTS ( 1.000000000000000000, 0.0000000000000000000, 0.0000000000000000000, 0.0000000000000000000, 0.0000000000000000000, 0.0000000000000000000, 0.0000000000000000000 ) ;
#4556 = FACE_OUTER_BOUND ( 'NONE', #830, .T. ) ;
#4557 = LINE ( 'NONE', #5151, #4680 ) ;
#4558 = MECHANICAL_DESIGN_GEOMETRIC_PRESENTATION_REPRESENTATION (  '', ( #2003 ), #5381 ) ;
#4559 = LINE ( 'NONE', #702, #1016 ) ;
#4560 = VERTEX_POINT ( 'NONE', #2550 ) ;
#4561 = ORIENTED_EDGE ( 'NONE', *, *, #811, .F. ) ;
#4562 = MECHANICAL_DESIGN_GEOMETRIC_PRESENTATION_REPRESENTATION (  '', ( #6108 ), #4451 ) ;
#4563 = FILL_AREA_STYLE_COLOUR ( '', #2126 ) ;
#4564 = SURFACE_SIDE_STYLE ('',( #5664 ) ) ;
#4565 = DIRECTION ( 'NONE',  ( -1.000000000000000000, 0.0000000000000000000, 0.0000000000000000000 ) ) ;
#4566 = PLANE ( 'NONE',  #3019 ) ;
#4567 = CARTESIAN_POINT ( 'NONE',  ( -0.01574803149606299885, 0.1165948038395977215, -0.5905511811023621549 ) ) ;
#4568 = ORIENTED_EDGE ( 'NONE', *, *, #5848, .T. ) ;
#4569 = UNCERTAINTY_MEASURE_WITH_UNIT (LENGTH_MEASURE( 1.000000000000000082E-05 ), #6228, 'distance_accuracy_value', 'NONE');
#4570 = VERTEX_POINT ( 'NONE', #537 ) ;
#4571 = MECHANICAL_DESIGN_GEOMETRIC_PRESENTATION_REPRESENTATION (  '', ( #1911 ), #4356 ) ;
#4572 = LINE ( 'NONE', #3675, #2070 ) ;
#4573 = SURFACE_STYLE_FILL_AREA ( #2632 ) ;
#4574 = AXIS2_PLACEMENT_3D ( 'NONE', #3457, #4345, #6306 ) ;
#4575 =( LENGTH_UNIT ( ) NAMED_UNIT ( * ) SI_UNIT ( $, .METRE. ) );
#4576 = DIRECTION ( 'NONE',  ( 1.000000000000000000, 0.0000000000000000000, 0.0000000000000000000 ) ) ;
#4577 =( CONVERSION_BASED_UNIT ( 'INCH', #2673 ) LENGTH_UNIT ( ) NAMED_UNIT ( #4468 ) );
#4578 = AXIS2_PLACEMENT_3D ( 'NONE', #2036, #954, #4461 ) ;
#4579 =( NAMED_UNIT ( * ) PLANE_ANGLE_UNIT ( ) SI_UNIT ( $, .RADIAN. ) );
#4580 = CARTESIAN_POINT ( 'NONE',  ( 0.1771653543307086798, 0.2559055118110236671, -0.5019685039370078705 ) ) ;
#4581 = MANIFOLD_SOLID_BREP ( 'Fillet151', #5030 ) ;
#4582 = FACE_OUTER_BOUND ( 'NONE', #6107, .T. ) ;
#4583 = EDGE_LOOP ( 'NONE', ( #5009, #6098 ) ) ;
#4584 = ADVANCED_FACE ( 'NONE', ( #3579 ), #764, .F. ) ;
#4585 = SURFACE_STYLE_FILL_AREA ( #728 ) ;
#4586 = FILL_AREA_STYLE ('',( #2646 ) ) ;
#4587 =( NAMED_UNIT ( * ) SI_UNIT ( $, .STERADIAN. ) SOLID_ANGLE_UNIT ( ) );
#4588 = CARTESIAN_POINT ( 'NONE',  ( 0.1771653543307086798, 0.2559055118110236671, 0.3961537755413013229 ) ) ;
#4589 = ADVANCED_FACE ( 'NONE', ( #2622 ), #5126, .T. ) ;
#4590 = PRESENTATION_LAYER_ASSIGNMENT (  '', '', ( #4179 ) ) ;
#4591 = DIRECTION ( 'NONE',  ( 0.0000000000000000000, 0.0000000000000000000, -1.000000000000000000 ) ) ;
#4592 = VERTEX_POINT ( 'NONE', #2129 ) ;
#4593 = EDGE_LOOP ( 'NONE', ( #633, #5946, #5814, #4279 ) ) ;
#4594 = STYLED_ITEM ( 'NONE', ( #2857 ), #5998 ) ;
#4595 = AXIS2_PLACEMENT_3D ( 'NONE', #5428, #562, #5518 ) ;
#4596 = CARTESIAN_POINT ( 'NONE',  ( 0.1614173228346456879, 0.1417322834645669549, -0.5629921259842519676 ) ) ;
#4597 = FILL_AREA_STYLE ('',( #4661 ) ) ;
#4598 = CARTESIAN_POINT ( 'NONE',  ( -0.1122047244094488277, 0.2559055118110236671, -0.8193313899813637891 ) ) ;
#4599 =( GEOMETRIC_REPRESENTATION_CONTEXT ( 3 ) GLOBAL_UNCERTAINTY_ASSIGNED_CONTEXT ( ( #118 ) ) GLOBAL_UNIT_ASSIGNED_CONTEXT ( ( #2633, #6019, #5007 ) ) REPRESENTATION_CONTEXT ( 'NONE', 'WORKASPACE' ) );
#4600 = ORIENTED_EDGE ( 'NONE', *, *, #2690, .F. ) ;
#4601 = DIRECTION ( 'NONE',  ( 0.0000000000000000000, 1.000000000000000000, 0.0000000000000000000 ) ) ;
#4602 = ORIENTED_EDGE ( 'NONE', *, *, #5421, .F. ) ;
#4603 = CIRCLE ( 'NONE', #387, 0.01574803149606299885 ) ;
#4604 = DIRECTION ( 'NONE',  ( 0.0000000000000000000, 0.0000000000000000000, 1.000000000000000000 ) ) ;
#4605 = PRESENTATION_STYLE_ASSIGNMENT (( #1193 ) ) ;
#4606 =( NAMED_UNIT ( * ) PLANE_ANGLE_UNIT ( ) SI_UNIT ( $, .RADIAN. ) );
#4607 = CARTESIAN_POINT ( 'NONE',  ( -0.05118110236220467513, 0.0000000000000000000, -0.5019685039370078705 ) ) ;
#4608 = VECTOR ( 'NONE', #1642, 39.37007874015748143 ) ;
#4609 = LENGTH_MEASURE_WITH_UNIT ( LENGTH_MEASURE( 0.02539999999999999897 ), #652 );
#4610 = STYLED_ITEM ( 'NONE', ( #6185 ), #616 ) ;
#4611 =( LENGTH_UNIT ( ) NAMED_UNIT ( * ) SI_UNIT ( $, .METRE. ) );
#4612 = ORIENTED_EDGE ( 'NONE', *, *, #1687, .F. ) ;
#4613 = UNCERTAINTY_MEASURE_WITH_UNIT (LENGTH_MEASURE( 1.000000000000000082E-05 ), #5377, 'distance_accuracy_value', 'NONE');
#4614 = COLOUR_RGB ( '',0.2509803921568627416, 0.2509803921568627416, 0.2509803921568627416 ) ;
#4615 = LINE ( 'NONE', #2087, #6247 ) ;
#4616 =( NAMED_UNIT ( * ) PLANE_ANGLE_UNIT ( ) SI_UNIT ( $, .RADIAN. ) );
#4617 = SURFACE_STYLE_FILL_AREA ( #4586 ) ;
#4618 = DIRECTION ( 'NONE',  ( 0.0000000000000000000, 0.0000000000000000000, -1.000000000000000000 ) ) ;
#4619 = CARTESIAN_POINT ( 'NONE',  ( 0.0000000000000000000, 0.2559055118110236671, -0.5629921259842519676 ) ) ;
#4620 = VECTOR ( 'NONE', #5813, 39.37007874015748143 ) ;
#4621 = LINE ( 'NONE', #4074, #4608 ) ;
#4622 = EDGE_CURVE ( 'NONE', #4355, #5524, #4080, .T. ) ;
#4623 = ORIENTED_EDGE ( 'NONE', *, *, #2116, .F. ) ;
#4624 = EDGE_CURVE ( 'NONE', #736, #836, #706, .T. ) ;
#4625 = VERTEX_POINT ( 'NONE', #3203 ) ;
#4626 = AXIS2_PLACEMENT_3D ( 'NONE', #1720, #746, #3149 ) ;
#4627 = CARTESIAN_POINT ( 'NONE',  ( -0.1614173228346456879, 0.2559055118110236671, -0.1377952755905511584 ) ) ;
#4628 = CARTESIAN_POINT ( 'NONE',  ( 0.1771653543307086798, -0.08858267716535427050, -0.4527559055118109410 ) ) ;
#4629 = FACE_OUTER_BOUND ( 'NONE', #1181, .T. ) ;
#4630 =( CONVERSION_BASED_UNIT ( 'INCH', #5067 ) LENGTH_UNIT ( ) NAMED_UNIT ( #2309 ) );
#4631 = COLOUR_RGB ( '',1.000000000000000000, 1.000000000000000000, 1.000000000000000000 ) ;
#4632 = VERTEX_POINT ( 'NONE', #4239 ) ;
#4633 = PRESENTATION_STYLE_ASSIGNMENT (( #133 ) ) ;
#4634 = UNCERTAINTY_MEASURE_WITH_UNIT (LENGTH_MEASURE( 1.000000000000000082E-05 ), #3853, 'distance_accuracy_value', 'NONE');
#4635 = ORIENTED_EDGE ( 'NONE', *, *, #1818, .F. ) ;
#4636 = ADVANCED_FACE ( 'NONE', ( #2257 ), #4369, .T. ) ;
#4637 = VECTOR ( 'NONE', #2449, 39.37007874015748143 ) ;
#4638 = LINE ( 'NONE', #2203, #5186 ) ;
#4639 =( NAMED_UNIT ( * ) PLANE_ANGLE_UNIT ( ) SI_UNIT ( $, .RADIAN. ) );
#4640 = DIRECTION ( 'NONE',  ( 1.000000000000000000, 0.0000000000000000000, 0.0000000000000000000 ) ) ;
#4641 = PRESENTATION_LAYER_ASSIGNMENT (  '', '', ( #1032 ) ) ;
#4642 = PRESENTATION_LAYER_ASSIGNMENT (  '', '', ( #19 ) ) ;
#4643 = FACE_OUTER_BOUND ( 'NONE', #2263, .T. ) ;
#4644 =( NAMED_UNIT ( * ) SI_UNIT ( $, .STERADIAN. ) SOLID_ANGLE_UNIT ( ) );
#4645 =( NAMED_UNIT ( * ) PLANE_ANGLE_UNIT ( ) SI_UNIT ( $, .RADIAN. ) );
#4646 =( GEOMETRIC_REPRESENTATION_CONTEXT ( 3 ) GLOBAL_UNCERTAINTY_ASSIGNED_CONTEXT ( ( #3363 ) ) GLOBAL_UNIT_ASSIGNED_CONTEXT ( ( #780, #3220, #262 ) ) REPRESENTATION_CONTEXT ( 'NONE', 'WORKASPACE' ) );
#4647 =( NAMED_UNIT ( * ) PLANE_ANGLE_UNIT ( ) SI_UNIT ( $, .RADIAN. ) );
#4648 = VECTOR ( 'NONE', #3182, 39.37007874015748143 ) ;
#4649 = DIRECTION ( 'NONE',  ( -1.000000000000000000, 0.0000000000000000000, 0.0000000000000000000 ) ) ;
#4650 = LINE ( 'NONE', #4096, #5661 ) ;
#4651 = ORIENTED_EDGE ( 'NONE', *, *, #5602, .F. ) ;
#4652 = VECTOR ( 'NONE', #4397, 39.37007874015748143 ) ;
#4653 =( LENGTH_UNIT ( ) NAMED_UNIT ( * ) SI_UNIT ( $, .METRE. ) );
#4654 = CARTESIAN_POINT ( 'NONE',  ( 0.01574803149606299191, 0.1267226730409271029, -0.5877459237344989651 ) ) ;
#4655 =( LENGTH_UNIT ( ) NAMED_UNIT ( * ) SI_UNIT ( $, .METRE. ) );
#4656 = DIRECTION ( 'NONE',  ( 0.0000000000000000000, 0.0000000000000000000, -1.000000000000000000 ) ) ;
#4657 = SURFACE_STYLE_FILL_AREA ( #1179 ) ;
#4658 = ORIENTED_EDGE ( 'NONE', *, *, #4454, .T. ) ;
#4659 = VERTEX_POINT ( 'NONE', #5250 ) ;
#4660 =( LENGTH_UNIT ( ) NAMED_UNIT ( * ) SI_UNIT ( $, .METRE. ) );
#4661 = FILL_AREA_STYLE_COLOUR ( '', #5472 ) ;
#4662 =( GEOMETRIC_REPRESENTATION_CONTEXT ( 3 ) GLOBAL_UNCERTAINTY_ASSIGNED_CONTEXT ( ( #6 ) ) GLOBAL_UNIT_ASSIGNED_CONTEXT ( ( #765, #4788, #4358 ) ) REPRESENTATION_CONTEXT ( 'NONE', 'WORKASPACE' ) );
#4663 = EDGE_CURVE ( 'NONE', #3607, #3613, #1351, .T. ) ;
#4664 = DIRECTION ( 'NONE',  ( 0.0000000000000000000, 0.0000000000000000000, -1.000000000000000000 ) ) ;
#4665 =( CONVERSION_BASED_UNIT ( 'INCH', #224 ) LENGTH_UNIT ( ) NAMED_UNIT ( #809 ) );
#4666 = VERTEX_POINT ( 'NONE', #5278 ) ;
#4667 = SURFACE_STYLE_FILL_AREA ( #3209 ) ;
#4668 = FILL_AREA_STYLE ('',( #5038 ) ) ;
#4669 = STYLED_ITEM ( 'NONE', ( #1984 ), #3492 ) ;
#4670 = ORIENTED_EDGE ( 'NONE', *, *, #2678, .T. ) ;
#4671 = ADVANCED_FACE ( 'NONE', ( #3758 ), #3726, .T. ) ;
#4672 = VECTOR ( 'NONE', #4050, 39.37007874015748143 ) ;
#4673 = CARTESIAN_POINT ( 'NONE',  ( 0.07677165354330710290, 0.1417322834645669549, -0.5984251968503937480 ) ) ;
#4674 = ADVANCED_FACE ( 'NONE', ( #4723 ), #309, .F. ) ;
#4675 = DIMENSIONAL_EXPONENTS ( 1.000000000000000000, 0.0000000000000000000, 0.0000000000000000000, 0.0000000000000000000, 0.0000000000000000000, 0.0000000000000000000, 0.0000000000000000000 ) ;
#4676 = CARTESIAN_POINT ( 'NONE',  ( -0.06692913385826770867, 0.01574803149606298150, -0.5629921259842519676 ) ) ;
#4677 = COLOUR_RGB ( '',1.000000000000000000, 1.000000000000000000, 1.000000000000000000 ) ;
#4678 = SURFACE_STYLE_USAGE ( .BOTH. , #2737 ) ;
#4679 = CARTESIAN_POINT ( 'NONE',  ( -0.07677165354330710290, 0.1417322834645669549, -0.5629921259842519676 ) ) ;
#4680 = VECTOR ( 'NONE', #3162, 39.37007874015748143 ) ;
#4681 = FACE_OUTER_BOUND ( 'NONE', #4593, .T. ) ;
#4682 = VERTEX_POINT ( 'NONE', #2539 ) ;
#4683 = UNCERTAINTY_MEASURE_WITH_UNIT (LENGTH_MEASURE( 1.000000000000000082E-05 ), #4630, 'distance_accuracy_value', 'NONE');
#4684 = CARTESIAN_POINT ( 'NONE',  ( 0.1771653543307086798, -0.08858267716535427050, -0.4527559055118109410 ) ) ;
#4685 = CARTESIAN_POINT ( 'NONE',  ( 0.05905511811023623353, -0.07874015748031495954, -0.5629921259842519676 ) ) ;
#4686 = DIRECTION ( 'NONE',  ( -1.000000000000000000, 0.0000000000000000000, 0.0000000000000000000 ) ) ;
#4687 = CARTESIAN_POINT ( 'NONE',  ( -0.02362204724409448786, 0.2559055118110236671, -0.5846456692913385433 ) ) ;
#4688 = AXIS2_PLACEMENT_3D ( 'NONE', #3281, #2912, #5314 ) ;
#4689 = ORIENTED_EDGE ( 'NONE', *, *, #2240, .F. ) ;
#4690 = ORIENTED_EDGE ( 'NONE', *, *, #576, .T. ) ;
#4691 = CARTESIAN_POINT ( 'NONE',  ( -0.1417322834645669549, 0.1535433070866141780, -0.5413385826771652809 ) ) ;
#4692 = AXIS2_PLACEMENT_3D ( 'NONE', #4350, #1954, #3966 ) ;
#4693 = STYLED_ITEM ( 'NONE', ( #3908 ), #4704 ) ;
#4694 = DIRECTION ( 'NONE',  ( -2.347540789939255084E-15, -1.000000000000000000, 0.0000000000000000000 ) ) ;
#4695 = FACE_OUTER_BOUND ( 'NONE', #1050, .T. ) ;
#4696 = LINE ( 'NONE', #163, #3724 ) ;
#4697 = VERTEX_POINT ( 'NONE', #1991 ) ;
#4698 = CARTESIAN_POINT ( 'NONE',  ( -0.01574803149606299885, 0.08812960560922117326, -0.5905511811023621549 ) ) ;
#4699 = VERTEX_POINT ( 'NONE', #913 ) ;
#4700 = CARTESIAN_POINT ( 'NONE',  ( 0.1771653543307086798, -0.08858267716535427050, -0.4271653543307086243 ) ) ;
#4701 = PRESENTATION_LAYER_ASSIGNMENT (  '', '', ( #3381 ) ) ;
#4702 = SURFACE_STYLE_FILL_AREA ( #776 ) ;
#4703 = CARTESIAN_POINT ( 'NONE',  ( -0.1771653543307086798, 0.1968503937007873850, -0.05413385826771659193 ) ) ;
#4704 = ADVANCED_FACE ( 'NONE', ( #1932 ), #5363, .T. ) ;
#4705 = EDGE_CURVE ( 'NONE', #5525, #3105, #463, .T. ) ;
#4706 = DIRECTION ( 'NONE',  ( 1.000000000000000000, -2.347540789939255084E-15, 0.0000000000000000000 ) ) ;
#4707 = EDGE_CURVE ( 'NONE', #3272, #5599, #4877, .T. ) ;
#4708 = SURFACE_STYLE_FILL_AREA ( #1273 ) ;
#4709 = CARTESIAN_POINT ( 'NONE',  ( 0.02559055118110236532, -0.07874015748031495954, -0.5629921259842519676 ) ) ;
#4710 = CARTESIAN_POINT ( 'NONE',  ( 0.1772047244094487883, 0.1673228346456692994, -0.03937007874015751446 ) ) ;
#4711 = DIRECTION ( 'NONE',  ( -1.000000000000000000, 0.0000000000000000000, 0.0000000000000000000 ) ) ;
#4712 = VERTEX_POINT ( 'NONE', #1466 ) ;
#4713 = PRESENTATION_STYLE_ASSIGNMENT (( #5614 ) ) ;
#4714 = DIMENSIONAL_EXPONENTS ( 1.000000000000000000, 0.0000000000000000000, 0.0000000000000000000, 0.0000000000000000000, 0.0000000000000000000, 0.0000000000000000000, 0.0000000000000000000 ) ;
#4715 = EDGE_CURVE ( 'NONE', #146, #2256, #1724, .T. ) ;
#4716 = PRESENTATION_LAYER_ASSIGNMENT (  '', '', ( #1111 ) ) ;
#4717 = PRESENTATION_STYLE_ASSIGNMENT (( #854 ) ) ;
#4718 = LENGTH_MEASURE_WITH_UNIT ( LENGTH_MEASURE( 0.02539999999999999897 ), #1346 );
#4719 = SURFACE_STYLE_USAGE ( .BOTH. , #3268 ) ;
#4720 = LINE ( 'NONE', #826, #595 ) ;
#4721 = VERTEX_POINT ( 'NONE', #52 ) ;
#4722 = VERTEX_POINT ( 'NONE', #4335 ) ;
#4723 = FACE_OUTER_BOUND ( 'NONE', #1596, .T. ) ;
#4724 =( NAMED_UNIT ( * ) PLANE_ANGLE_UNIT ( ) SI_UNIT ( $, .RADIAN. ) );
#4725 = SURFACE_STYLE_USAGE ( .BOTH. , #2382 ) ;
#4726 = CARTESIAN_POINT ( 'NONE',  ( 8.055539600302798184E-19, 0.2775590551181102983, -0.5984251968503937480 ) ) ;
#4727 = SURFACE_STYLE_USAGE ( .BOTH. , #2784 ) ;
#4728 = VERTEX_POINT ( 'NONE', #2452 ) ;
#4729 = LINE ( 'NONE', #4278, #5624 ) ;
#4730 = MECHANICAL_DESIGN_GEOMETRIC_PRESENTATION_REPRESENTATION (  '', ( #5548 ), #4104 ) ;
#4731 = ORIENTED_EDGE ( 'NONE', *, *, #2328, .F. ) ;
#4732 =( NAMED_UNIT ( * ) SI_UNIT ( $, .STERADIAN. ) SOLID_ANGLE_UNIT ( ) );
#4733 = COLOUR_RGB ( '',1.000000000000000000, 1.000000000000000000, 1.000000000000000000 ) ;
#4734 =( NAMED_UNIT ( * ) PLANE_ANGLE_UNIT ( ) SI_UNIT ( $, .RADIAN. ) );
#4735 = MECHANICAL_DESIGN_GEOMETRIC_PRESENTATION_REPRESENTATION (  '', ( #1765 ), #4215 ) ;
#4736 = PLANE ( 'NONE',  #924 ) ;
#4737 = FACE_OUTER_BOUND ( 'NONE', #1395, .T. ) ;
#4738 = PRODUCT_CONTEXT ( 'NONE', #5376, 'mechanical' ) ;
#4739 = SURFACE_SIDE_STYLE ('',( #3223 ) ) ;
#4740 = EDGE_CURVE ( 'NONE', #2979, #3755, #5822, .T. ) ;
#4741 = ADVANCED_FACE ( 'NONE', ( #3886 ), #567, .F. ) ;
#4742 = MECHANICAL_DESIGN_GEOMETRIC_PRESENTATION_REPRESENTATION (  '', ( #1777 ), #4533 ) ;
#4743 = VECTOR ( 'NONE', #4523, 39.37007874015748143 ) ;
#4744 = FACE_BOUND ( 'NONE', #255, .T. ) ;
#4745 = EDGE_LOOP ( 'NONE', ( #2847, #6198, #2437, #659 ) ) ;
#4746 = UNCERTAINTY_MEASURE_WITH_UNIT (LENGTH_MEASURE( 1.000000000000000082E-05 ), #5639, 'distance_accuracy_value', 'NONE');
#4747 = FILL_AREA_STYLE ('',( #4228 ) ) ;
#4748 = AXIS2_PLACEMENT_3D ( 'NONE', #4685, #275, #4233 ) ;
#4749 = SURFACE_STYLE_FILL_AREA ( #1893 ) ;
#4750 =( CONVERSION_BASED_UNIT ( 'INCH', #4718 ) LENGTH_UNIT ( ) NAMED_UNIT ( #5872 ) );
#4751 = DIRECTION ( 'NONE',  ( 0.0000000000000000000, -1.000000000000000000, 0.0000000000000000000 ) ) ;
#4752 = LENGTH_MEASURE_WITH_UNIT ( LENGTH_MEASURE( 0.02539999999999999897 ), #1313 );
#4753 = ADVANCED_FACE ( 'NONE', ( #1542 ), #2941, .T. ) ;
#4754 = LINE ( 'NONE', #6225, #6063 ) ;
#4755 = ORIENTED_EDGE ( 'NONE', *, *, #3456, .F. ) ;
#4756 = AXIS2_PLACEMENT_3D ( 'NONE', #835, #3884, #435 ) ;
#4757 = ORIENTED_EDGE ( 'NONE', *, *, #4032, .T. ) ;
#4758 = FILL_AREA_STYLE ('',( #1811 ) ) ;
#4759 = DIMENSIONAL_EXPONENTS ( 1.000000000000000000, 0.0000000000000000000, 0.0000000000000000000, 0.0000000000000000000, 0.0000000000000000000, 0.0000000000000000000, 0.0000000000000000000 ) ;
#4760 = FILL_AREA_STYLE ('',( #4304 ) ) ;
#4761 = LENGTH_MEASURE_WITH_UNIT ( LENGTH_MEASURE( 0.02539999999999999897 ), #1781 );
#4762 = CIRCLE ( 'NONE', #2311, 0.05905511811023623353 ) ;
#4763 = FACE_OUTER_BOUND ( 'NONE', #5958, .T. ) ;
#4764 = ORIENTED_EDGE ( 'NONE', *, *, #4903, .T. ) ;
#4765 = VERTEX_POINT ( 'NONE', #466 ) ;
#4766 =( GEOMETRIC_REPRESENTATION_CONTEXT ( 3 ) GLOBAL_UNCERTAINTY_ASSIGNED_CONTEXT ( ( #1683 ) ) GLOBAL_UNIT_ASSIGNED_CONTEXT ( ( #6230, #3359, #6264 ) ) REPRESENTATION_CONTEXT ( 'NONE', 'WORKASPACE' ) );
#4767 = DIRECTION ( 'NONE',  ( 0.0000000000000000000, 0.8574929257125443183, -0.5144957554275263467 ) ) ;
#4768 =( LENGTH_UNIT ( ) NAMED_UNIT ( * ) SI_UNIT ( $, .METRE. ) );
#4769 = AXIS2_PLACEMENT_3D ( 'NONE', #5876, #4478, #1435 ) ;
#4770 = ORIENTED_EDGE ( 'NONE', *, *, #2433, .T. ) ;
#4771 = CARTESIAN_POINT ( 'NONE',  ( 0.0000000000000000000, 0.2559055118110236671, -0.03937007874015750059 ) ) ;
#4772 = DIRECTION ( 'NONE',  ( 0.0000000000000000000, 0.0000000000000000000, -1.000000000000000000 ) ) ;
#4773 = SURFACE_SIDE_STYLE ('',( #2865 ) ) ;
#4774 = SURFACE_STYLE_USAGE ( .BOTH. , #268 ) ;
#4775 = ORIENTED_EDGE ( 'NONE', *, *, #4504, .F. ) ;
#4776 = VECTOR ( 'NONE', #5128, 39.37007874015748143 ) ;
#4777 = DIRECTION ( 'NONE',  ( 1.000000000000000000, 0.0000000000000000000, 0.0000000000000000000 ) ) ;
#4778 = DIRECTION ( 'NONE',  ( 1.000000000000000000, 0.0000000000000000000, 0.0000000000000000000 ) ) ;
#4779 = CIRCLE ( 'NONE', #2017, 0.02559055118110234450 ) ;
#4780 = CARTESIAN_POINT ( 'NONE',  ( 0.0000000000000000000, 0.2559055118110236671, -0.4232283464566929387 ) ) ;
#4781 = CARTESIAN_POINT ( 'NONE',  ( -0.09540646311852468697, 0.1968503937007873850, -0.05413385826771659193 ) ) ;
#4782 = CARTESIAN_POINT ( 'NONE',  ( 0.01574803149606298844, 0.06299212598425195375, -0.5787401574803149318 ) ) ;
#4783 = ORIENTED_EDGE ( 'NONE', *, *, #5768, .F. ) ;
#4784 = EDGE_CURVE ( 'NONE', #2189, #5191, #5886, .T. ) ;
#4785 = MECHANICAL_DESIGN_GEOMETRIC_PRESENTATION_REPRESENTATION (  '', ( #2431 ), #4058 ) ;
#4786 = LINE ( 'NONE', #6293, #3479 ) ;
#4787 = EDGE_CURVE ( 'NONE', #713, #3586, #5911, .T. ) ;
#4788 =( NAMED_UNIT ( * ) PLANE_ANGLE_UNIT ( ) SI_UNIT ( $, .RADIAN. ) );
#4789 =( LENGTH_UNIT ( ) NAMED_UNIT ( * ) SI_UNIT ( $, .METRE. ) );
#4790 =( NAMED_UNIT ( * ) PLANE_ANGLE_UNIT ( ) SI_UNIT ( $, .RADIAN. ) );
#4791 = SURFACE_SIDE_STYLE ('',( #6236 ) ) ;
#4792 = ORIENTED_EDGE ( 'NONE', *, *, #1998, .F. ) ;
#4793 = CARTESIAN_POINT ( 'NONE',  ( -0.1614173228346456601, 0.01574803149606299191, -0.5984251968503937480 ) ) ;
#4794 = ORIENTED_EDGE ( 'NONE', *, *, #2152, .T. ) ;
#4795 = COLOUR_RGB ( '',0.2509803921568627416, 0.2509803921568627416, 0.2509803921568627416 ) ;
#4796 =( GEOMETRIC_REPRESENTATION_CONTEXT ( 3 ) GLOBAL_UNCERTAINTY_ASSIGNED_CONTEXT ( ( #2661 ) ) GLOBAL_UNIT_ASSIGNED_CONTEXT ( ( #3445, #4360, #2975 ) ) REPRESENTATION_CONTEXT ( 'NONE', 'WORKASPACE' ) );
#4797 = DIRECTION ( 'NONE',  ( 0.0000000000000000000, 1.000000000000000000, 0.0000000000000000000 ) ) ;
#4798 = DIRECTION ( 'NONE',  ( 0.0000000000000000000, 0.0000000000000000000, 1.000000000000000000 ) ) ;
#4799 = CIRCLE ( 'NONE', #4692, 0.1377952755905511306 ) ;
#4800 = DIMENSIONAL_EXPONENTS ( 1.000000000000000000, 0.0000000000000000000, 0.0000000000000000000, 0.0000000000000000000, 0.0000000000000000000, 0.0000000000000000000, 0.0000000000000000000 ) ;
#4801 = ORIENTED_EDGE ( 'NONE', *, *, #6123, .T. ) ;
#4802 = CARTESIAN_POINT ( 'NONE',  ( -0.04921259842519691563, 0.03937007874370235944, -0.3395669291338583307 ) ) ;
#4803 = COLOUR_RGB ( '',0.2509803921568627416, 0.2509803921568627416, 0.2509803921568627416 ) ;
#4804 = DIRECTION ( 'NONE',  ( 0.0000000000000000000, -1.000000000000000000, 0.0000000000000000000 ) ) ;
#4805 = CARTESIAN_POINT ( 'NONE',  ( 0.1614173228346456601, 0.01574803149606299191, -0.5629921259842519676 ) ) ;
#4806 = COLOUR_RGB ( '',1.000000000000000000, 1.000000000000000000, 1.000000000000000000 ) ;
#4807 = MANIFOLD_SOLID_BREP ( 'Extrude315', #5517 ) ;
#4808 = STYLED_ITEM ( 'NONE', ( #2356 ), #5531 ) ;
#4809 = ORIENTED_EDGE ( 'NONE', *, *, #885, .T. ) ;
#4810 = UNCERTAINTY_MEASURE_WITH_UNIT (LENGTH_MEASURE( 1.000000000000000082E-05 ), #1582, 'distance_accuracy_value', 'NONE');
#4811 = FACE_OUTER_BOUND ( 'NONE', #315, .T. ) ;
#4812 = PRESENTATION_STYLE_ASSIGNMENT (( #2839 ) ) ;
#4813 = SURFACE_SIDE_STYLE ('',( #1772 ) ) ;
#4814 =( NAMED_UNIT ( * ) SI_UNIT ( $, .STERADIAN. ) SOLID_ANGLE_UNIT ( ) );
#4815 = CARTESIAN_POINT ( 'NONE',  ( 0.1614173228346456601, 0.01574803149606299191, -0.5984251968503937480 ) ) ;
#4816 = ORIENTED_EDGE ( 'NONE', *, *, #6250, .F. ) ;
#4817 = AXIS2_PLACEMENT_3D ( 'NONE', #2535, #2932, #3031 ) ;
#4818 =( NAMED_UNIT ( * ) PLANE_ANGLE_UNIT ( ) SI_UNIT ( $, .RADIAN. ) );
#4819 = DIRECTION ( 'NONE',  ( -0.0000000000000000000, -0.0000000000000000000, -1.000000000000000000 ) ) ;
#4820 = DIRECTION ( 'NONE',  ( 0.0000000000000000000, 1.000000000000000000, 2.478176394252581338E-15 ) ) ;
#4821 = FILL_AREA_STYLE ('',( #1873 ) ) ;
#4822 = COLOUR_RGB ( '',0.2509803921568627416, 0.2509803921568627416, 0.2509803921568627416 ) ;
#4823 = EDGE_CURVE ( 'NONE', #2863, #2715, #1576, .T. ) ;
#4824 = EDGE_CURVE ( 'NONE', #6086, #2043, #5029, .T. ) ;
#4825 = CARTESIAN_POINT ( 'NONE',  ( -0.1417322834645669549, 0.1535433070866141780, -0.5019685039370078705 ) ) ;
#4826 = ORIENTED_EDGE ( 'NONE', *, *, #3117, .T. ) ;
#4827 = UNCERTAINTY_MEASURE_WITH_UNIT (LENGTH_MEASURE( 1.000000000000000082E-05 ), #5271, 'distance_accuracy_value', 'NONE');
#4828 = EDGE_LOOP ( 'NONE', ( #6036, #2537, #1888, #3829 ) ) ;
#4829 = CIRCLE ( 'NONE', #1653, 0.009842519685039378616 ) ;
#4830 = SURFACE_SIDE_STYLE ('',( #6272 ) ) ;
#4831 = SURFACE_SIDE_STYLE ('',( #2862 ) ) ;
#4832 = EDGE_LOOP ( 'NONE', ( #3765, #3533, #6186, #3887 ) ) ;
#4833 = EDGE_CURVE ( 'NONE', #3480, #1717, #1113, .T. ) ;
#4834 = LINE ( 'NONE', #5348, #4257 ) ;
#4835 = LINE ( 'NONE', #4710, #5815 ) ;
#4836 = CIRCLE ( 'NONE', #2602, 0.03346456692913385433 ) ;
#4837 = MECHANICAL_DESIGN_GEOMETRIC_PRESENTATION_REPRESENTATION (  '', ( #6273 ), #1355 ) ;
#4838 =( CONVERSION_BASED_UNIT ( 'INCH', #995 ) LENGTH_UNIT ( ) NAMED_UNIT ( #4303 ) );
#4839 = LINE ( 'NONE', #2435, #6280 ) ;
#4840 = DIMENSIONAL_EXPONENTS ( 1.000000000000000000, 0.0000000000000000000, 0.0000000000000000000, 0.0000000000000000000, 0.0000000000000000000, 0.0000000000000000000, 0.0000000000000000000 ) ;
#4841 = DIRECTION ( 'NONE',  ( 0.0000000000000000000, 0.0000000000000000000, -1.000000000000000000 ) ) ;
#4842 = CIRCLE ( 'NONE', #3821, 0.04921259842519689481 ) ;
#4843 =( NAMED_UNIT ( * ) PLANE_ANGLE_UNIT ( ) SI_UNIT ( $, .RADIAN. ) );
#4844 = FACE_OUTER_BOUND ( 'NONE', #488, .T. ) ;
#4845 = DIRECTION ( 'NONE',  ( 0.0000000000000000000, 0.0000000000000000000, -1.000000000000000000 ) ) ;
#4846 = SURFACE_STYLE_FILL_AREA ( #427 ) ;
#4847 = CARTESIAN_POINT ( 'NONE',  ( 0.06692913385826773642, 0.1949136480912218305, -0.5629921259842519676 ) ) ;
#4848 = VERTEX_POINT ( 'NONE', #5492 ) ;
#4849 = PRESENTATION_LAYER_ASSIGNMENT (  '', '', ( #6081 ) ) ;
#4850 =( GEOMETRIC_REPRESENTATION_CONTEXT ( 3 ) GLOBAL_UNCERTAINTY_ASSIGNED_CONTEXT ( ( #820 ) ) GLOBAL_UNIT_ASSIGNED_CONTEXT ( ( #4297, #5723, #5782 ) ) REPRESENTATION_CONTEXT ( 'NONE', 'WORKASPACE' ) );
#4851 = CARTESIAN_POINT ( 'NONE',  ( 0.0000000000000000000, -0.07874015748031495954, -0.5787401574803149318 ) ) ;
#4852 = SURFACE_STYLE_USAGE ( .BOTH. , #1410 ) ;
#4853 = FILL_AREA_STYLE ('',( #1288 ) ) ;
#4854 = CARTESIAN_POINT ( 'NONE',  ( 0.05118110236220479309, 0.01574803149606299191, -0.5984251968503937480 ) ) ;
#4855 = ORIENTED_EDGE ( 'NONE', *, *, #694, .T. ) ;
#4856 = AXIS2_PLACEMENT_3D ( 'NONE', #5855, #3330, #2820 ) ;
#4857 = FILL_AREA_STYLE_COLOUR ( '', #1305 ) ;
#4858 = ORIENTED_EDGE ( 'NONE', *, *, #3536, .F. ) ;
#4859 = CARTESIAN_POINT ( 'NONE',  ( -0.06692913385826770867, 0.01574803149606298150, -0.5787401574803149318 ) ) ;
#4860 = AXIS2_PLACEMENT_3D ( 'NONE', #4531, #5466, #99 ) ;
#4861 = FILL_AREA_STYLE ('',( #1422 ) ) ;
#4862 = CARTESIAN_POINT ( 'NONE',  ( 0.1122047244094488416, 0.2559055118110236671, -0.06889763779527564858 ) ) ;
#4863 = EDGE_LOOP ( 'NONE', ( #2023, #6139, #3916, #5447, #2548, #1805 ) ) ;
#4864 = DIRECTION ( 'NONE',  ( 0.0000000000000000000, 0.0000000000000000000, 1.000000000000000000 ) ) ;
#4865 = EDGE_CURVE ( 'NONE', #1787, #5823, #1090, .T. ) ;
#4866 = EDGE_CURVE ( 'NONE', #4016, #1755, #1155, .T. ) ;
#4867 = CARTESIAN_POINT ( 'NONE',  ( 0.0000000000000000000, 0.2559055118110236671, -0.5944881889763780070 ) ) ;
#4868 = AXIS2_PLACEMENT_3D ( 'NONE', #2374, #302, #3789 ) ;
#4869 = VERTEX_POINT ( 'NONE', #5099 ) ;
#4870 = CARTESIAN_POINT ( 'NONE',  ( -0.06692913385826773642, 0.1949136480912218305, -0.5787401574803149318 ) ) ;
#4871 = ORIENTED_EDGE ( 'NONE', *, *, #5571, .T. ) ;
#4872 = CARTESIAN_POINT ( 'NONE',  ( 0.0000000000000000000, 0.2559055118110236671, -0.5944881889763780070 ) ) ;
#4873 = STYLED_ITEM ( 'NONE', ( #5622 ), #3994 ) ;
#4874 = LINE ( 'NONE', #5017, #5431 ) ;
#4875 = VERTEX_POINT ( 'NONE', #679 ) ;
#4876 = CIRCLE ( 'NONE', #2748, 0.1122047244094488277 ) ;
#4877 = LINE ( 'NONE', #460, #364 ) ;
#4878 = LENGTH_MEASURE_WITH_UNIT ( LENGTH_MEASURE( 0.02539999999999999897 ), #559 );
#4879 = DIMENSIONAL_EXPONENTS ( 1.000000000000000000, 0.0000000000000000000, 0.0000000000000000000, 0.0000000000000000000, 0.0000000000000000000, 0.0000000000000000000, 0.0000000000000000000 ) ;
#4880 = FILL_AREA_STYLE ('',( #5630 ) ) ;
#4881 =( NAMED_UNIT ( * ) PLANE_ANGLE_UNIT ( ) SI_UNIT ( $, .RADIAN. ) );
#4882 = LINE ( 'NONE', #1539, #3091 ) ;
#4883 = COLOUR_RGB ( '',0.2509803921568627416, 0.2509803921568627416, 0.2509803921568627416 ) ;
#4884 = ORIENTED_EDGE ( 'NONE', *, *, #3116, .F. ) ;
#4885 = FILL_AREA_STYLE_COLOUR ( '', #3463 ) ;
#4886 = ORIENTED_EDGE ( 'NONE', *, *, #4823, .T. ) ;
#4887 = LENGTH_MEASURE_WITH_UNIT ( LENGTH_MEASURE( 0.02539999999999999897 ), #2522 );
#4888 = FACE_OUTER_BOUND ( 'NONE', #3453, .T. ) ;
#4889 = DIRECTION ( 'NONE',  ( -1.000000000000000000, 0.0000000000000000000, 0.0000000000000000000 ) ) ;
#4890 =( GEOMETRIC_REPRESENTATION_CONTEXT ( 3 ) GLOBAL_UNCERTAINTY_ASSIGNED_CONTEXT ( ( #3346 ) ) GLOBAL_UNIT_ASSIGNED_CONTEXT ( ( #3634, #4110, #5526 ) ) REPRESENTATION_CONTEXT ( 'NONE', 'WORKASPACE' ) );
#4891 = CARTESIAN_POINT ( 'NONE',  ( 0.09540646311852468697, 0.1968503937007873850, -0.03937007874015750059 ) ) ;
#4892 = DIRECTION ( 'NONE',  ( 0.0000000000000000000, 0.0000000000000000000, 1.000000000000000000 ) ) ;
#4893 = EDGE_LOOP ( 'NONE', ( #3660, #1697, #692, #939 ) ) ;
#4894 = STYLED_ITEM ( 'NONE', ( #5338 ), #4741 ) ;
#4895 = SURFACE_STYLE_USAGE ( .BOTH. , #2565 ) ;
#4896 = VECTOR ( 'NONE', #4576, 39.37007874015748143 ) ;
#4897 = CIRCLE ( 'NONE', #3775, 0.1377952755905511306 ) ;
#4898 = DIRECTION ( 'NONE',  ( 0.0000000000000000000, -1.000000000000000000, 0.0000000000000000000 ) ) ;
#4899 = ADVANCED_FACE ( 'NONE', ( #2658 ), #5597, .F. ) ;
#4900 =( CONVERSION_BASED_UNIT ( 'INCH', #2529 ) LENGTH_UNIT ( ) NAMED_UNIT ( #4175 ) );
#4901 = EDGE_CURVE ( 'NONE', #958, #2933, #4247, .T. ) ;
#4902 = ORIENTED_EDGE ( 'NONE', *, *, #1490, .T. ) ;
#4903 = EDGE_CURVE ( 'NONE', #334, #4912, #3362, .T. ) ;
#4904 = COLOUR_RGB ( '',0.2509803921568627416, 0.2509803921568627416, 0.2509803921568627416 ) ;
#4905 = AXIS2_PLACEMENT_3D ( 'NONE', #3279, #3304, #894 ) ;
#4906 = VERTEX_POINT ( 'NONE', #2885 ) ;
#4907 = CARTESIAN_POINT ( 'NONE',  ( 0.1614173228346456879, 0.1988188976377952832, -0.5984251968503937480 ) ) ;
#4908 = DIRECTION ( 'NONE',  ( 1.000000000000000000, 0.0000000000000000000, 0.0000000000000000000 ) ) ;
#4909 = PRESENTATION_LAYER_ASSIGNMENT (  '', '', ( #3984 ) ) ;
#4910 = AXIS2_PLACEMENT_3D ( 'NONE', #3079, #2592, #3447 ) ;
#4911 = LINE ( 'NONE', #5018, #6268 ) ;
#4912 = VERTEX_POINT ( 'NONE', #4698 ) ;
#4913 = EDGE_CURVE ( 'NONE', #5054, #2292, #5672, .T. ) ;
#4914 = PRESENTATION_STYLE_ASSIGNMENT (( #2055 ) ) ;
#4915 =( NAMED_UNIT ( * ) PLANE_ANGLE_UNIT ( ) SI_UNIT ( $, .RADIAN. ) );
#4916 =( CONVERSION_BASED_UNIT ( 'INCH', #6354 ) LENGTH_UNIT ( ) NAMED_UNIT ( #78 ) );
#4917 = CARTESIAN_POINT ( 'NONE',  ( -0.05118110236220478615, 0.03937007874015747977, -0.3277559055118110520 ) ) ;
#4918 = CARTESIAN_POINT ( 'NONE',  ( 0.1771653543307086798, 0.0000000000000000000, -0.5019685039370078705 ) ) ;
#4919 = MECHANICAL_DESIGN_GEOMETRIC_PRESENTATION_REPRESENTATION (  '', ( #4196 ), #3095 ) ;
#4920 = SURFACE_STYLE_FILL_AREA ( #1474 ) ;
#4921 = ORIENTED_EDGE ( 'NONE', *, *, #524, .F. ) ;
#4922 =( CONVERSION_BASED_UNIT ( 'INCH', #27 ) LENGTH_UNIT ( ) NAMED_UNIT ( #4419 ) );
#4923 = EDGE_LOOP ( 'NONE', ( #3639, #2519, #4921, #1224, #1666, #5155 ) ) ;
#4924 =( NAMED_UNIT ( * ) SI_UNIT ( $, .STERADIAN. ) SOLID_ANGLE_UNIT ( ) );
#4925 = FILL_AREA_STYLE ('',( #5403 ) ) ;
#4926 = DIRECTION ( 'NONE',  ( 1.000000000000000000, 0.0000000000000000000, 0.0000000000000000000 ) ) ;
#4927 = SURFACE_SIDE_STYLE ('',( #2 ) ) ;
#4928 = SURFACE_STYLE_FILL_AREA ( #1617 ) ;
#4929 = DIMENSIONAL_EXPONENTS ( 1.000000000000000000, 0.0000000000000000000, 0.0000000000000000000, 0.0000000000000000000, 0.0000000000000000000, 0.0000000000000000000, 0.0000000000000000000 ) ;
#4930 = VERTEX_POINT ( 'NONE', #2856 ) ;
#4931 = COLOUR_RGB ( '',0.2509803921568627416, 0.2509803921568627416, 0.2509803921568627416 ) ;
#4932 = PRESENTATION_STYLE_ASSIGNMENT (( #2604 ) ) ;
#4933 = CARTESIAN_POINT ( 'NONE',  ( 0.0000000000000000000, 0.2559055118110236671, -0.5846456692913385433 ) ) ;
#4934 = ORIENTED_EDGE ( 'NONE', *, *, #777, .T. ) ;
#4935 = CARTESIAN_POINT ( 'NONE',  ( 0.01574803149606299191, 0.1417322834645669549, -0.5787401574803149318 ) ) ;
#4936 = ORIENTED_EDGE ( 'NONE', *, *, #744, .F. ) ;
#4937 = EDGE_CURVE ( 'NONE', #5028, #867, #1815, .T. ) ;
#4938 = DIRECTION ( 'NONE',  ( 0.0000000000000000000, 4.336808689942029569E-16, -1.000000000000000000 ) ) ;
#4939 = EDGE_CURVE ( 'NONE', #864, #2091, #4309, .T. ) ;
#4940 = STYLED_ITEM ( 'NONE', ( #3530 ), #2242 ) ;
#4941 = FILL_AREA_STYLE ('',( #2996 ) ) ;
#4942 = FACE_OUTER_BOUND ( 'NONE', #3933, .T. ) ;
#4943 = VECTOR ( 'NONE', #33, 39.37007874015748143 ) ;
#4944 = FACE_OUTER_BOUND ( 'NONE', #2599, .T. ) ;
#4945 = DIRECTION ( 'NONE',  ( 0.0000000000000000000, 0.0000000000000000000, 1.000000000000000000 ) ) ;
#4946 = EDGE_LOOP ( 'NONE', ( #2102, #3872, #4826, #2071 ) ) ;
#4947 = UNCERTAINTY_MEASURE_WITH_UNIT (LENGTH_MEASURE( 1.000000000000000082E-05 ), #2503, 'distance_accuracy_value', 'NONE');
#4948 =( GEOMETRIC_REPRESENTATION_CONTEXT ( 3 ) GLOBAL_UNCERTAINTY_ASSIGNED_CONTEXT ( ( #2179 ) ) GLOBAL_UNIT_ASSIGNED_CONTEXT ( ( #3835, #925, #443 ) ) REPRESENTATION_CONTEXT ( 'NONE', 'WORKASPACE' ) );
#4949 = EDGE_CURVE ( 'NONE', #3755, #4366, #3578, .T. ) ;
#4950 = SURFACE_SIDE_STYLE ('',( #2968 ) ) ;
#4951 = CARTESIAN_POINT ( 'NONE',  ( 8.055539600302798184E-19, 0.2775590551181102983, -0.5984251968503937480 ) ) ;
#4952 =( CONVERSION_BASED_UNIT ( 'INCH', #6294 ) LENGTH_UNIT ( ) NAMED_UNIT ( #928 ) );
#4953 = DIRECTION ( 'NONE',  ( 0.0000000000000000000, 1.000000000000000000, 0.0000000000000000000 ) ) ;
#4954 = LENGTH_MEASURE_WITH_UNIT ( LENGTH_MEASURE( 0.02539999999999999897 ), #462 );
#4955 =( LENGTH_UNIT ( ) NAMED_UNIT ( * ) SI_UNIT ( $, .METRE. ) );
#4956 = ADVANCED_FACE ( 'NONE', ( #5733 ), #5311, .F. ) ;
#4957 = CARTESIAN_POINT ( 'NONE',  ( -0.01574803149606299885, 0.1183070866141732458, -0.5770472440944881543 ) ) ;
#4958 = VECTOR ( 'NONE', #2078, 39.37007874015748143 ) ;
#4959 = PRESENTATION_LAYER_ASSIGNMENT (  '', '', ( #3122 ) ) ;
#4960 = DIRECTION ( 'NONE',  ( 0.0000000000000000000, 0.7071067811865442421, -0.7071067811865509034 ) ) ;
#4961 = EDGE_LOOP ( 'NONE', ( #3597, #1675, #3088, #3139 ) ) ;
#4962 = SURFACE_SIDE_STYLE ('',( #1968 ) ) ;
#4963 = ORIENTED_EDGE ( 'NONE', *, *, #5035, .F. ) ;
#4964 = FILL_AREA_STYLE_COLOUR ( '', #3565 ) ;
#4965 = CARTESIAN_POINT ( 'NONE',  ( -0.05905511811023623353, -0.07874015748031495954, -0.5629921259842519676 ) ) ;
#4966 = AXIS2_PLACEMENT_3D ( 'NONE', #4284, #4864, #5799 ) ;
#4967 = PRESENTATION_STYLE_ASSIGNMENT (( #2982 ) ) ;
#4968 =( LENGTH_UNIT ( ) NAMED_UNIT ( * ) SI_UNIT ( $, .METRE. ) );
#4969 = DIRECTION ( 'NONE',  ( 0.0000000000000000000, 0.0000000000000000000, 1.000000000000000000 ) ) ;
#4970 = ORIENTED_EDGE ( 'NONE', *, *, #6123, .F. ) ;
#4971 = UNCERTAINTY_MEASURE_WITH_UNIT (LENGTH_MEASURE( 1.000000000000000082E-05 ), #730, 'distance_accuracy_value', 'NONE');
#4972 = COLOUR_RGB ( '',0.7529411764705882248, 0.7529411764705882248, 0.7529411764705882248 ) ;
#4973 =( NAMED_UNIT ( * ) SI_UNIT ( $, .STERADIAN. ) SOLID_ANGLE_UNIT ( ) );
#4974 = AXIS2_PLACEMENT_3D ( 'NONE', #1820, #346, #3771 ) ;
#4975 = DIRECTION ( 'NONE',  ( 0.0000000000000000000, 0.0000000000000000000, -1.000000000000000000 ) ) ;
#4976 = SURFACE_STYLE_USAGE ( .BOTH. , #3022 ) ;
#4977 =( NAMED_UNIT ( * ) PLANE_ANGLE_UNIT ( ) SI_UNIT ( $, .RADIAN. ) );
#4978 = DIMENSIONAL_EXPONENTS ( 1.000000000000000000, 0.0000000000000000000, 0.0000000000000000000, 0.0000000000000000000, 0.0000000000000000000, 0.0000000000000000000, 0.0000000000000000000 ) ;
#4979 = ORIENTED_EDGE ( 'NONE', *, *, #6040, .F. ) ;
#4980 = MECHANICAL_DESIGN_GEOMETRIC_PRESENTATION_REPRESENTATION (  '', ( #6100 ), #4662 ) ;
#4981 = CARTESIAN_POINT ( 'NONE',  ( 0.1771653543307086798, 0.3297244094488189226, -0.05413385826771655723 ) ) ;
#4982 = LINE ( 'NONE', #2050, #6085 ) ;
#4983 = CARTESIAN_POINT ( 'NONE',  ( -0.02559055118110236532, -0.08858267716535427050, -0.2573434003509834089 ) ) ;
#4984 = ORIENTED_EDGE ( 'NONE', *, *, #2768, .T. ) ;
#4985 = AXIS2_PLACEMENT_3D ( 'NONE', #3623, #722, #5014 ) ;
#4986 =( CONVERSION_BASED_UNIT ( 'INCH', #490 ) LENGTH_UNIT ( ) NAMED_UNIT ( #1056 ) );
#4987 = SURFACE_STYLE_USAGE ( .BOTH. , #6352 ) ;
#4988 = AXIS2_PLACEMENT_3D ( 'NONE', #3815, #2277, #2864 ) ;
#4989 = FACE_OUTER_BOUND ( 'NONE', #3391, .T. ) ;
#4990 = CARTESIAN_POINT ( 'NONE',  ( 0.05118110236220479309, 0.0000000000000000000, -0.3415354330708661457 ) ) ;
#4991 = FILL_AREA_STYLE ('',( #950 ) ) ;
#4992 = EDGE_CURVE ( 'NONE', #436, #2823, #2035, .T. ) ;
#4993 = ORIENTED_EDGE ( 'NONE', *, *, #1200, .F. ) ;
#4994 = EDGE_CURVE ( 'NONE', #3374, #1858, #341, .T. ) ;
#4995 =( NAMED_UNIT ( * ) SI_UNIT ( $, .STERADIAN. ) SOLID_ANGLE_UNIT ( ) );
#4996 = ORIENTED_EDGE ( 'NONE', *, *, #2757, .F. ) ;
#4997 =( CONVERSION_BASED_UNIT ( 'INCH', #3047 ) LENGTH_UNIT ( ) NAMED_UNIT ( #5332 ) );
#4998 = SURFACE_STYLE_FILL_AREA ( #2456 ) ;
#4999 = DIRECTION ( 'NONE',  ( 0.0000000000000000000, -1.000000000000000000, 0.0000000000000000000 ) ) ;
#5000 = VECTOR ( 'NONE', #4128, 39.37007874015748143 ) ;
#5001 = CYLINDRICAL_SURFACE ( 'NONE', #2172, 0.03937007874015747977 ) ;
#5002 = VERTEX_POINT ( 'NONE', #3831 ) ;
#5003 = MECHANICAL_DESIGN_GEOMETRIC_PRESENTATION_REPRESENTATION (  '', ( #2861 ), #4270 ) ;
#5004 =( CONVERSION_BASED_UNIT ( 'INCH', #1058 ) LENGTH_UNIT ( ) NAMED_UNIT ( #4800 ) );
#5005 = CIRCLE ( 'NONE', #2232, 0.09055118110236218265 ) ;
#5006 = CARTESIAN_POINT ( 'NONE',  ( -0.1771653543307086798, 0.2559055118110236671, -0.1377952755905511584 ) ) ;
#5007 =( NAMED_UNIT ( * ) SI_UNIT ( $, .STERADIAN. ) SOLID_ANGLE_UNIT ( ) );
#5008 = LINE ( 'NONE', #2569, #624 ) ;
#5009 = ORIENTED_EDGE ( 'NONE', *, *, #1289, .T. ) ;
#5010 = VECTOR ( 'NONE', #914, 39.37007874015748143 ) ;
#5011 = PRODUCT_DEFINITION_SHAPE ( 'NONE', 'NONE',  #3843 ) ;
#5012 = PRESENTATION_LAYER_ASSIGNMENT (  '', '', ( #5921 ) ) ;
#5013 = CARTESIAN_POINT ( 'NONE',  ( 0.0000000000000000000, 0.2559055118110236671, 0.3961537755413013229 ) ) ;
#5014 = DIRECTION ( 'NONE',  ( -1.000000000000000000, 0.0000000000000000000, 0.0000000000000000000 ) ) ;
#5015 =( NAMED_UNIT ( * ) PLANE_ANGLE_UNIT ( ) SI_UNIT ( $, .RADIAN. ) );
#5016 = DIRECTION ( 'NONE',  ( 0.0000000000000000000, 0.0000000000000000000, 1.000000000000000000 ) ) ;
#5017 = CARTESIAN_POINT ( 'NONE',  ( -0.1771653543307086798, 0.0000000000000000000, -0.5019685039370078705 ) ) ;
#5018 = CARTESIAN_POINT ( 'NONE',  ( 0.1614173228346456879, 0.2559055118110236671, 0.3961537755413013229 ) ) ;
#5019 = VERTEX_POINT ( 'NONE', #375 ) ;
#5020 = UNCERTAINTY_MEASURE_WITH_UNIT (LENGTH_MEASURE( 1.000000000000000082E-05 ), #1554, 'distance_accuracy_value', 'NONE');
#5021 = PLANE ( 'NONE',  #5633 ) ;
#5022 =( GEOMETRIC_REPRESENTATION_CONTEXT ( 3 ) GLOBAL_UNCERTAINTY_ASSIGNED_CONTEXT ( ( #3859 ) ) GLOBAL_UNIT_ASSIGNED_CONTEXT ( ( #3614, #3178, #2695 ) ) REPRESENTATION_CONTEXT ( 'NONE', 'WORKASPACE' ) );
#5023 = CYLINDRICAL_SURFACE ( 'NONE', #5734, 0.1122047244094488277 ) ;
#5024 = MECHANICAL_DESIGN_GEOMETRIC_PRESENTATION_REPRESENTATION (  '', ( #2453 ), #2560 ) ;
#5025 = FILL_AREA_STYLE ('',( #3067 ) ) ;
#5026 = CARTESIAN_POINT ( 'NONE',  ( -0.04921259842519691563, 0.03937007873922650225, -0.3297244094488189226 ) ) ;
#5027 = DIRECTION ( 'NONE',  ( 4.410313921974934235E-16, 0.0000000000000000000, 1.000000000000000000 ) ) ;
#5028 = VERTEX_POINT ( 'NONE', #5794 ) ;
#5029 = LINE ( 'NONE', #3544, #72 ) ;
#5030 = CLOSED_SHELL ( 'NONE', ( #616, #3037, #5373, #2517, #1563, #4636, #5531, #5923, #2194, #4243, #1526, #5956, #2838, #1565, #3492, #3071, #5449, #5160, #4465, #2723, #3994, #3416, #3490, #651, #5568, #1732, #5615, #1119, #607, #3840, #3618, #1598, #4505, #992, #994, #930, #1725, #3152, #3814, #5849, #3283, #3577, #5693, #1523, #2642, #4674, #1848, #3251, #3311, #5881 ) ) ;
#5031 = ORIENTED_EDGE ( 'NONE', *, *, #2951, .F. ) ;
#5032 = DIRECTION ( 'NONE',  ( 0.0000000000000000000, 0.0000000000000000000, 1.000000000000000000 ) ) ;
#5033 = DIRECTION ( 'NONE',  ( -0.0000000000000000000, -1.000000000000000000, -0.0000000000000000000 ) ) ;
#5034 = EDGE_CURVE ( 'NONE', #2993, #1966, #5229, .T. ) ;
#5035 = EDGE_CURVE ( 'NONE', #298, #2676, #4729, .T. ) ;
#5036 = DIRECTION ( 'NONE',  ( -1.000000000000000000, 0.0000000000000000000, 0.0000000000000000000 ) ) ;
#5037 = ORIENTED_EDGE ( 'NONE', *, *, #1884, .T. ) ;
#5038 = FILL_AREA_STYLE_COLOUR ( '', #4803 ) ;
#5039 = UNCERTAINTY_MEASURE_WITH_UNIT (LENGTH_MEASURE( 1.000000000000000082E-05 ), #2513, 'distance_accuracy_value', 'NONE');
#5040 = ORIENTED_EDGE ( 'NONE', *, *, #1804, .T. ) ;
#5041 = PRESENTATION_LAYER_ASSIGNMENT (  '', '', ( #2147 ) ) ;
#5042 = FACE_OUTER_BOUND ( 'NONE', #4893, .T. ) ;
#5043 = EDGE_CURVE ( 'NONE', #3181, #3518, #6028, .T. ) ;
#5044 = AXIS2_PLACEMENT_3D ( 'NONE', #5994, #1168, #4548 ) ;
#5045 = LINE ( 'NONE', #612, #821 ) ;
#5046 = SURFACE_SIDE_STYLE ('',( #5075 ) ) ;
#5047 = DIRECTION ( 'NONE',  ( 0.0000000000000000000, 1.000000000000000000, 0.0000000000000000000 ) ) ;
#5048 = AXIS2_PLACEMENT_3D ( 'NONE', #1048, #4960, #497 ) ;
#5049 = DIRECTION ( 'NONE',  ( 0.0000000000000000000, 1.000000000000000000, 0.0000000000000000000 ) ) ;
#5050 = FILL_AREA_STYLE_COLOUR ( '', #5810 ) ;
#5051 = SURFACE_STYLE_FILL_AREA ( #5182 ) ;
#5052 = COLOUR_RGB ( '',1.000000000000000000, 1.000000000000000000, 1.000000000000000000 ) ;
#5053 = LINE ( 'NONE', #621, #2282 ) ;
#5054 = VERTEX_POINT ( 'NONE', #1855 ) ;
#5055 = DIRECTION ( 'NONE',  ( 1.000000000000000000, 0.0000000000000000000, 0.0000000000000000000 ) ) ;
#5056 = CARTESIAN_POINT ( 'NONE',  ( -8.837334222232346311E-18, 0.1988188976377953110, -0.5629921259842519676 ) ) ;
#5057 = FILL_AREA_STYLE_COLOUR ( '', #1978 ) ;
#5058 = ORIENTED_EDGE ( 'NONE', *, *, #3875, .F. ) ;
#5059 = AXIS2_PLACEMENT_3D ( 'NONE', #2889, #5828, #4892 ) ;
#5060 = FILL_AREA_STYLE_COLOUR ( '', #3371 ) ;
#5061 = STYLED_ITEM ( 'NONE', ( #4184 ), #1563 ) ;
#5062 = ORIENTED_EDGE ( 'NONE', *, *, #6271, .T. ) ;
#5063 = FILL_AREA_STYLE_COLOUR ( '', #4186 ) ;
#5064 = DIRECTION ( 'NONE',  ( -1.000000000000000000, -0.0000000000000000000, -0.0000000000000000000 ) ) ;
#5065 = DIRECTION ( 'NONE',  ( 0.0000000000000000000, 1.000000000000000000, 0.0000000000000000000 ) ) ;
#5066 = VECTOR ( 'NONE', #2173, 39.37007874015748143 ) ;
#5067 = LENGTH_MEASURE_WITH_UNIT ( LENGTH_MEASURE( 0.02539999999999999897 ), #640 );
#5068 =( GEOMETRIC_REPRESENTATION_CONTEXT ( 3 ) GLOBAL_UNCERTAINTY_ASSIGNED_CONTEXT ( ( #3101 ) ) GLOBAL_UNIT_ASSIGNED_CONTEXT ( ( #2260, #4790, #4305 ) ) REPRESENTATION_CONTEXT ( 'NONE', 'WORKASPACE' ) );
#5069 = CARTESIAN_POINT ( 'NONE',  ( -0.1772047244094487883, 0.3149606299212598381, -0.03937007874015750059 ) ) ;
#5070 = ORIENTED_EDGE ( 'NONE', *, *, #735, .F. ) ;
#5071 = ORIENTED_EDGE ( 'NONE', *, *, #4705, .T. ) ;
#5072 =( NAMED_UNIT ( * ) PLANE_ANGLE_UNIT ( ) SI_UNIT ( $, .RADIAN. ) );
#5073 = FACE_OUTER_BOUND ( 'NONE', #104, .T. ) ;
#5074 = EDGE_CURVE ( 'NONE', #5191, #2933, #4259, .T. ) ;
#5075 = SURFACE_STYLE_FILL_AREA ( #109 ) ;
#5076 = LENGTH_MEASURE_WITH_UNIT ( LENGTH_MEASURE( 0.02539999999999999897 ), #3708 );
#5077 = EDGE_CURVE ( 'NONE', #3525, #3272, #1335, .T. ) ;
#5078 = SURFACE_STYLE_FILL_AREA ( #113 ) ;
#5079 = VECTOR ( 'NONE', #1052, 39.37007874015748143 ) ;
#5080 = PLANE ( 'NONE',  #3958 ) ;
#5081 = SURFACE_SIDE_STYLE ('',( #5051 ) ) ;
#5082 = ORIENTED_EDGE ( 'NONE', *, *, #1130, .T. ) ;
#5083 = UNCERTAINTY_MEASURE_WITH_UNIT (LENGTH_MEASURE( 1.000000000000000082E-05 ), #6034, 'distance_accuracy_value', 'NONE');
#5084 = STYLED_ITEM ( 'NONE', ( #2357 ), #3236 ) ;
#5085 = CARTESIAN_POINT ( 'NONE',  ( 0.09842519685039369248, 0.1456692913385826682, -0.5019685039370078705 ) ) ;
#5086 = LENGTH_MEASURE_WITH_UNIT ( LENGTH_MEASURE( 0.02539999999999999897 ), #3569 );
#5087 = STYLED_ITEM ( 'NONE', ( #5900 ), #3490 ) ;
#5088 = SURFACE_STYLE_USAGE ( .BOTH. , #1743 ) ;
#5089 = PRESENTATION_STYLE_ASSIGNMENT (( #1147 ) ) ;
#5090 = VERTEX_POINT ( 'NONE', #2681 ) ;
#5091 = ORIENTED_EDGE ( 'NONE', *, *, #4188, .T. ) ;
#5092 = AXIS2_PLACEMENT_3D ( 'NONE', #2143, #688, #1696 ) ;
#5093 =( NAMED_UNIT ( * ) SI_UNIT ( $, .STERADIAN. ) SOLID_ANGLE_UNIT ( ) );
#5094 = DIRECTION ( 'NONE',  ( 1.000000000000000000, -2.115516434118057216E-16, 0.0000000000000000000 ) ) ;
#5095 = DIRECTION ( 'NONE',  ( 0.0000000000000000000, 0.0000000000000000000, -1.000000000000000000 ) ) ;
#5096 = SURFACE_STYLE_FILL_AREA ( #2196 ) ;
#5097 = DIRECTION ( 'NONE',  ( 0.0000000000000000000, 0.0000000000000000000, 1.000000000000000000 ) ) ;
#5098 = EDGE_LOOP ( 'NONE', ( #5659, #5040 ) ) ;
#5099 = CARTESIAN_POINT ( 'NONE',  ( 0.05118110236220479309, 0.03937007874015747977, -0.3415354330708661457 ) ) ;
#5100 =( CONVERSION_BASED_UNIT ( 'INCH', #1654 ) LENGTH_UNIT ( ) NAMED_UNIT ( #5150 ) );
#5101 = UNCERTAINTY_MEASURE_WITH_UNIT (LENGTH_MEASURE( 1.000000000000000082E-05 ), #2062, 'distance_accuracy_value', 'NONE');
#5102 = DIRECTION ( 'NONE',  ( -1.000000000000000000, 0.0000000000000000000, 0.0000000000000000000 ) ) ;
#5103 = PRESENTATION_LAYER_ASSIGNMENT (  '', '', ( #1911 ) ) ;
#5104 = CARTESIAN_POINT ( 'NONE',  ( 0.0000000000000000000, 0.2559055118110236671, -0.5787401574803149318 ) ) ;
#5105 = DIRECTION ( 'NONE',  ( 0.0000000000000000000, 0.0000000000000000000, -1.000000000000000000 ) ) ;
#5106 = AXIS2_PLACEMENT_3D ( 'NONE', #1878, #1420, #1359 ) ;
#5107 = LINE ( 'NONE', #1198, #3177 ) ;
#5108 = CARTESIAN_POINT ( 'NONE',  ( 0.0000000000000000000, 0.2559055118110236671, -0.03937007874015750059 ) ) ;
#5109 = EDGE_CURVE ( 'NONE', #5345, #4721, #6253, .T. ) ;
#5110 = STYLED_ITEM ( 'NONE', ( #3548 ), #4543 ) ;
#5111 = EDGE_CURVE ( 'NONE', #1518, #4261, #2711, .T. ) ;
#5112 =( LENGTH_UNIT ( ) NAMED_UNIT ( * ) SI_UNIT ( $, .METRE. ) );
#5113 = EDGE_CURVE ( 'NONE', #2788, #1787, #6336, .T. ) ;
#5114 = DIRECTION ( 'NONE',  ( 1.000000000000000000, 0.0000000000000000000, 0.0000000000000000000 ) ) ;
#5115 = ORIENTED_EDGE ( 'NONE', *, *, #2482, .T. ) ;
#5116 = PRESENTATION_STYLE_ASSIGNMENT (( #2710 ) ) ;
#5117 = PLANE ( 'NONE',  #2928 ) ;
#5118 = DIRECTION ( 'NONE',  ( -0.0000000000000000000, -0.0000000000000000000, -1.000000000000000000 ) ) ;
#5119 = LINE ( 'NONE', #2221, #2942 ) ;
#5120 = VECTOR ( 'NONE', #5704, 39.37007874015748143 ) ;
#5121 = EDGE_CURVE ( 'NONE', #5823, #3137, #4897, .T. ) ;
#5122 = EDGE_LOOP ( 'NONE', ( #3446, #4731, #1940, #4635, #5566, #5732 ) ) ;
#5123 = ORIENTED_EDGE ( 'NONE', *, *, #5809, .F. ) ;
#5124 = MECHANICAL_DESIGN_GEOMETRIC_PRESENTATION_REPRESENTATION (  '', ( #981 ), #791 ) ;
#5125 = AXIS2_PLACEMENT_3D ( 'NONE', #4628, #249, #1116 ) ;
#5126 = CYLINDRICAL_SURFACE ( 'NONE', #5916, 0.09055118110236218265 ) ;
#5127 = FILL_AREA_STYLE ('',( #4112 ) ) ;
#5128 = DIRECTION ( 'NONE',  ( 0.0000000000000000000, 0.0000000000000000000, -1.000000000000000000 ) ) ;
#5129 = SURFACE_SIDE_STYLE ('',( #768 ) ) ;
#5130 = AXIS2_PLACEMENT_3D ( 'NONE', #3896, #5926, #1917 ) ;
#5131 =( GEOMETRIC_REPRESENTATION_CONTEXT ( 3 ) GLOBAL_UNCERTAINTY_ASSIGNED_CONTEXT ( ( #5169 ) ) GLOBAL_UNIT_ASSIGNED_CONTEXT ( ( #3132, #1602, #755 ) ) REPRESENTATION_CONTEXT ( 'NONE', 'WORKASPACE' ) );
#5132 = ORIENTED_EDGE ( 'NONE', *, *, #5483, .F. ) ;
#5133 =( LENGTH_UNIT ( ) NAMED_UNIT ( * ) SI_UNIT ( $, .METRE. ) );
#5134 = ORIENTED_EDGE ( 'NONE', *, *, #2725, .T. ) ;
#5135 = CARTESIAN_POINT ( 'NONE',  ( -0.1771653543307086798, 0.3937007874015747699, -0.03937007874015747977 ) ) ;
#5136 =( CONVERSION_BASED_UNIT ( 'INCH', #2138 ) LENGTH_UNIT ( ) NAMED_UNIT ( #3171 ) );
#5137 = LINE ( 'NONE', #289, #4320 ) ;
#5138 = DIMENSIONAL_EXPONENTS ( 1.000000000000000000, 0.0000000000000000000, 0.0000000000000000000, 0.0000000000000000000, 0.0000000000000000000, 0.0000000000000000000, 0.0000000000000000000 ) ;
#5139 = LINE ( 'NONE', #4542, #396 ) ;
#5140 =( CONVERSION_BASED_UNIT ( 'INCH', #5542 ) LENGTH_UNIT ( ) NAMED_UNIT ( #5712 ) );
#5141 = LINE ( 'NONE', #2241, #1138 ) ;
#5142 = LENGTH_MEASURE_WITH_UNIT ( LENGTH_MEASURE( 0.02539999999999999897 ), #1694 );
#5143 = FACE_OUTER_BOUND ( 'NONE', #1126, .T. ) ;
#5144 = LINE ( 'NONE', #4160, #1662 ) ;
#5145 = VERTEX_POINT ( 'NONE', #5265 ) ;
#5146 =( LENGTH_UNIT ( ) NAMED_UNIT ( * ) SI_UNIT ( $, .METRE. ) );
#5147 = ADVANCED_FACE ( 'NONE', ( #2832 ), #213, .T. ) ;
#5148 = CARTESIAN_POINT ( 'NONE',  ( -0.1771653543307086798, 0.3937007874015747699, -0.03937007874015747977 ) ) ;
#5149 =( NAMED_UNIT ( * ) SI_UNIT ( $, .STERADIAN. ) SOLID_ANGLE_UNIT ( ) );
#5150 = DIMENSIONAL_EXPONENTS ( 1.000000000000000000, 0.0000000000000000000, 0.0000000000000000000, 0.0000000000000000000, 0.0000000000000000000, 0.0000000000000000000, 0.0000000000000000000 ) ;
#5151 = CARTESIAN_POINT ( 'NONE',  ( 0.01574803149606299191, 0.1183070866141732458, -0.5770472440944881543 ) ) ;
#5152 = CARTESIAN_POINT ( 'NONE',  ( -0.1614173228346456879, 0.1417322834645669549, -0.5984251968503937480 ) ) ;
#5153 = AXIS2_PLACEMENT_3D ( 'NONE', #1673, #4591, #2188 ) ;
#5154 = CARTESIAN_POINT ( 'NONE',  ( 0.1771653543307086798, 0.1456692913385826960, -0.4035433070866140670 ) ) ;
#5155 = ORIENTED_EDGE ( 'NONE', *, *, #5235, .F. ) ;
#5156 = EDGE_CURVE ( 'NONE', #5524, #4526, #628, .T. ) ;
#5157 = ORIENTED_EDGE ( 'NONE', *, *, #1652, .F. ) ;
#5158 = CIRCLE ( 'NONE', #3406, 0.02559055118110236532 ) ;
#5159 = SURFACE_STYLE_FILL_AREA ( #637 ) ;
#5160 = ADVANCED_FACE ( 'NONE', ( #4488 ), #5023, .F. ) ;
#5161 = FILL_AREA_STYLE ('',( #2721 ) ) ;
#5162 =( CONVERSION_BASED_UNIT ( 'INCH', #5594 ) LENGTH_UNIT ( ) NAMED_UNIT ( #232 ) );
#5163 = LINE ( 'NONE', #4567, #1967 ) ;
#5164 =( GEOMETRIC_REPRESENTATION_CONTEXT ( 3 ) GLOBAL_UNCERTAINTY_ASSIGNED_CONTEXT ( ( #4613 ) ) GLOBAL_UNIT_ASSIGNED_CONTEXT ( ( #5377, #5262, #2948 ) ) REPRESENTATION_CONTEXT ( 'NONE', 'WORKASPACE' ) );
#5165 = AXIS2_PLACEMENT_3D ( 'NONE', #3336, #4797, #1330 ) ;
#5166 = EDGE_LOOP ( 'NONE', ( #6138, #2650, #4670, #3704 ) ) ;
#5167 = SURFACE_SIDE_STYLE ('',( #4667 ) ) ;
#5168 = CARTESIAN_POINT ( 'NONE',  ( 0.0000000000000000000, 0.2559055118110236671, -0.03937007874015750059 ) ) ;
#5169 = UNCERTAINTY_MEASURE_WITH_UNIT (LENGTH_MEASURE( 1.000000000000000082E-05 ), #3132, 'distance_accuracy_value', 'NONE');
#5170 = ORIENTED_EDGE ( 'NONE', *, *, #3723, .F. ) ;
#5171 = COLOUR_RGB ( '',1.000000000000000000, 1.000000000000000000, 1.000000000000000000 ) ;
#5172 =( LENGTH_UNIT ( ) NAMED_UNIT ( * ) SI_UNIT ( $, .METRE. ) );
#5173 = LENGTH_MEASURE_WITH_UNIT ( LENGTH_MEASURE( 0.02539999999999999897 ), #5291 );
#5174 = COLOUR_RGB ( '',1.000000000000000000, 1.000000000000000000, 1.000000000000000000 ) ;
#5175 = AXIS2_PLACEMENT_3D ( 'NONE', #3062, #1689, #5016 ) ;
#5176 =( NAMED_UNIT ( * ) PLANE_ANGLE_UNIT ( ) SI_UNIT ( $, .RADIAN. ) );
#5177 = FILL_AREA_STYLE ('',( #4067 ) ) ;
#5178 = PRESENTATION_STYLE_ASSIGNMENT (( #5742 ) ) ;
#5179 = SURFACE_STYLE_USAGE ( .BOTH. , #4739 ) ;
#5180 = SURFACE_SIDE_STYLE ('',( #1664 ) ) ;
#5181 = COLOUR_RGB ( '',0.2509803921568627416, 0.2509803921568627416, 0.2509803921568627416 ) ;
#5182 = FILL_AREA_STYLE ('',( #3226 ) ) ;
#5183 = ORIENTED_EDGE ( 'NONE', *, *, #3384, .T. ) ;
#5184 = ORIENTED_EDGE ( 'NONE', *, *, #3777, .T. ) ;
#5185 = DIRECTION ( 'NONE',  ( 1.000000000000000000, 0.0000000000000000000, 0.0000000000000000000 ) ) ;
#5186 = VECTOR ( 'NONE', #869, 39.37007874015748143 ) ;
#5187 = DIRECTION ( 'NONE',  ( 0.0000000000000000000, 0.0000000000000000000, -1.000000000000000000 ) ) ;
#5188 =( NAMED_UNIT ( * ) SI_UNIT ( $, .STERADIAN. ) SOLID_ANGLE_UNIT ( ) );
#5189 = VERTEX_POINT ( 'NONE', #2541 ) ;
#5190 = AXIS2_PLACEMENT_3D ( 'NONE', #1748, #6077, #3109 ) ;
#5191 = VERTEX_POINT ( 'NONE', #4521 ) ;
#5192 = FILL_AREA_STYLE ('',( #5063 ) ) ;
#5193 = SURFACE_STYLE_USAGE ( .BOTH. , #4564 ) ;
#5194 = STYLED_ITEM ( 'NONE', ( #3561 ), #3573 ) ;
#5195 = DIRECTION ( 'NONE',  ( 0.0000000000000000000, -1.000000000000000000, 0.0000000000000000000 ) ) ;
#5196 = EDGE_CURVE ( 'NONE', #3014, #575, #2771, .T. ) ;
#5197 = ADVANCED_FACE ( 'NONE', ( #4556 ), #3015, .F. ) ;
#5198 = DIMENSIONAL_EXPONENTS ( 1.000000000000000000, 0.0000000000000000000, 0.0000000000000000000, 0.0000000000000000000, 0.0000000000000000000, 0.0000000000000000000, 0.0000000000000000000 ) ;
#5199 = ORIENTED_EDGE ( 'NONE', *, *, #2853, .T. ) ;
#5200 = FILL_AREA_STYLE ('',( #1324 ) ) ;
#5201 = EDGE_CURVE ( 'NONE', #1766, #5337, #5888, .T. ) ;
#5202 = PRESENTATION_LAYER_ASSIGNMENT (  '', '', ( #5194 ) ) ;
#5203 = ORIENTED_EDGE ( 'NONE', *, *, #5610, .F. ) ;
#5204 = LINE ( 'NONE', #2137, #327 ) ;
#5205 = CARTESIAN_POINT ( 'NONE',  ( -0.05118110236220467513, 0.0000000000000000000, -0.5019685039370078705 ) ) ;
#5206 =( GEOMETRIC_REPRESENTATION_CONTEXT ( 3 ) GLOBAL_UNCERTAINTY_ASSIGNED_CONTEXT ( ( #356 ) ) GLOBAL_UNIT_ASSIGNED_CONTEXT ( ( #3413, #3389, #6324 ) ) REPRESENTATION_CONTEXT ( 'NONE', 'WORKASPACE' ) );
#5207 = DIRECTION ( 'NONE',  ( 0.0000000000000000000, 0.0000000000000000000, 1.000000000000000000 ) ) ;
#5208 = PRESENTATION_LAYER_ASSIGNMENT (  '', '', ( #2425 ) ) ;
#5209 = DIRECTION ( 'NONE',  ( 0.0000000000000000000, 0.0000000000000000000, -1.000000000000000000 ) ) ;
#5210 = CYLINDRICAL_SURFACE ( 'NONE', #660, 0.1377952755905511306 ) ;
#5211 = DIRECTION ( 'NONE',  ( -1.000000000000000000, 0.0000000000000000000, 0.0000000000000000000 ) ) ;
#5212 = FACE_OUTER_BOUND ( 'NONE', #3400, .T. ) ;
#5213 = ORIENTED_EDGE ( 'NONE', *, *, #1891, .T. ) ;
#5214 = FILL_AREA_STYLE_COLOUR ( '', #3570 ) ;
#5215 = SURFACE_STYLE_USAGE ( .BOTH. , #4813 ) ;
#5216 = CARTESIAN_POINT ( 'NONE',  ( 0.01574803149606299191, 0.1183070866141732458, -0.5770472440944881543 ) ) ;
#5217 = DIRECTION ( 'NONE',  ( -1.000000000000000000, 0.0000000000000000000, 0.0000000000000000000 ) ) ;
#5218 =( NAMED_UNIT ( * ) PLANE_ANGLE_UNIT ( ) SI_UNIT ( $, .RADIAN. ) );
#5219 = STYLED_ITEM ( 'NONE', ( #3365 ), #4505 ) ;
#5220 = ORIENTED_EDGE ( 'NONE', *, *, #5957, .F. ) ;
#5221 = ORIENTED_EDGE ( 'NONE', *, *, #5043, .F. ) ;
#5222 = CARTESIAN_POINT ( 'NONE',  ( 0.1771653543307086798, -0.08858267716535427050, -0.4783464566929133133 ) ) ;
#5223 = DIMENSIONAL_EXPONENTS ( 1.000000000000000000, 0.0000000000000000000, 0.0000000000000000000, 0.0000000000000000000, 0.0000000000000000000, 0.0000000000000000000, 0.0000000000000000000 ) ;
#5224 = MECHANICAL_DESIGN_GEOMETRIC_PRESENTATION_REPRESENTATION (  '', ( #4693 ), #4065 ) ;
#5225 = CARTESIAN_POINT ( 'NONE',  ( 0.1771653543307086798, 0.2559055118110236671, 0.3961537755413013229 ) ) ;
#5226 = SURFACE_SIDE_STYLE ('',( #2818 ) ) ;
#5227 = CARTESIAN_POINT ( 'NONE',  ( -0.1771653543307086798, 0.4330708661417322913, -0.5019685039370078705 ) ) ;
#5228 = EDGE_LOOP ( 'NONE', ( #4600, #4425, #5091, #4226 ) ) ;
#5229 = LINE ( 'NONE', #2333, #5316 ) ;
#5230 = UNCERTAINTY_MEASURE_WITH_UNIT (LENGTH_MEASURE( 1.000000000000000082E-05 ), #5493, 'distance_accuracy_value', 'NONE');
#5231 = STYLED_ITEM ( 'NONE', ( #3798 ), #4956 ) ;
#5232 = VERTEX_POINT ( 'NONE', #2005 ) ;
#5233 = EDGE_CURVE ( 'NONE', #2155, #2391, #4018, .T. ) ;
#5234 = CARTESIAN_POINT ( 'NONE',  ( -0.05118110236220468207, 0.01574803149606299191, -0.5019685039370078705 ) ) ;
#5235 = EDGE_CURVE ( 'NONE', #3374, #2621, #5371, .T. ) ;
#5236 = LINE ( 'NONE', #6150, #230 ) ;
#5237 = MECHANICAL_DESIGN_GEOMETRIC_PRESENTATION_REPRESENTATION (  '', ( #1628 ), #3680 ) ;
#5238 = CIRCLE ( 'NONE', #3583, 0.1377952755905511306 ) ;
#5239 = SURFACE_STYLE_FILL_AREA ( #5711 ) ;
#5240 = EDGE_CURVE ( 'NONE', #5370, #3181, #3920, .T. ) ;
#5241 =( GEOMETRIC_REPRESENTATION_CONTEXT ( 3 ) GLOBAL_UNCERTAINTY_ASSIGNED_CONTEXT ( ( #6158 ) ) GLOBAL_UNIT_ASSIGNED_CONTEXT ( ( #5247, #1865, #2410 ) ) REPRESENTATION_CONTEXT ( 'NONE', 'WORKASPACE' ) );
#5242 = PLANE ( 'NONE',  #1534 ) ;
#5243 = ORIENTED_EDGE ( 'NONE', *, *, #155, .T. ) ;
#5244 =( GEOMETRIC_REPRESENTATION_CONTEXT ( 3 ) GLOBAL_UNCERTAINTY_ASSIGNED_CONTEXT ( ( #5020 ) ) GLOBAL_UNIT_ASSIGNED_CONTEXT ( ( #1554, #6308, #5835 ) ) REPRESENTATION_CONTEXT ( 'NONE', 'WORKASPACE' ) );
#5245 =( LENGTH_UNIT ( ) NAMED_UNIT ( * ) SI_UNIT ( $, .METRE. ) );
#5246 =( LENGTH_UNIT ( ) NAMED_UNIT ( * ) SI_UNIT ( $, .METRE. ) );
#5247 =( CONVERSION_BASED_UNIT ( 'INCH', #2845 ) LENGTH_UNIT ( ) NAMED_UNIT ( #5617 ) );
#5248 = ORIENTED_EDGE ( 'NONE', *, *, #4148, .F. ) ;
#5249 = ORIENTED_EDGE ( 'NONE', *, *, #453, .T. ) ;
#5250 = CARTESIAN_POINT ( 'NONE',  ( 0.06692913385826770867, 0.01574803149606297803, -0.5787401574803149318 ) ) ;
#5251 = DIRECTION ( 'NONE',  ( 0.0000000000000000000, -1.000000000000000000, 0.0000000000000000000 ) ) ;
#5252 = CIRCLE ( 'NONE', #4512, 0.01968503937007875723 ) ;
#5253 = DIRECTION ( 'NONE',  ( 1.000000000000000000, 0.0000000000000000000, 0.0000000000000000000 ) ) ;
#5254 = LINE ( 'NONE', #6233, #5595 ) ;
#5255 = CARTESIAN_POINT ( 'NONE',  ( 0.1614173228346456879, 0.1417322834645669549, -0.5629921259842519676 ) ) ;
#5256 = ORIENTED_EDGE ( 'NONE', *, *, #1738, .F. ) ;
#5257 = SURFACE_SIDE_STYLE ('',( #285 ) ) ;
#5258 = ORIENTED_EDGE ( 'NONE', *, *, #2759, .T. ) ;
#5259 = SURFACE_STYLE_USAGE ( .BOTH. , #1329 ) ;
#5260 = VECTOR ( 'NONE', #4798, 39.37007874015748143 ) ;
#5261 = SURFACE_SIDE_STYLE ('',( #2396 ) ) ;
#5262 =( NAMED_UNIT ( * ) PLANE_ANGLE_UNIT ( ) SI_UNIT ( $, .RADIAN. ) );
#5263 = CARTESIAN_POINT ( 'NONE',  ( 0.01574803149606299191, 0.1165948038395977215, -0.5708661417322834497 ) ) ;
#5264 = STYLED_ITEM ( 'NONE', ( #5499 ), #1685 ) ;
#5265 = CARTESIAN_POINT ( 'NONE',  ( -0.1614173228346456879, 0.1417322834645669549, -0.5629921259842519676 ) ) ;
#5266 =( NAMED_UNIT ( * ) PLANE_ANGLE_UNIT ( ) SI_UNIT ( $, .RADIAN. ) );
#5267 =( NAMED_UNIT ( * ) SI_UNIT ( $, .STERADIAN. ) SOLID_ANGLE_UNIT ( ) );
#5268 = EDGE_CURVE ( 'NONE', #4077, #2476, #1629, .T. ) ;
#5269 = ORIENTED_EDGE ( 'NONE', *, *, #2922, .F. ) ;
#5270 = UNCERTAINTY_MEASURE_WITH_UNIT (LENGTH_MEASURE( 1.000000000000000082E-05 ), #3691, 'distance_accuracy_value', 'NONE');
#5271 =( CONVERSION_BASED_UNIT ( 'INCH', #1343 ) LENGTH_UNIT ( ) NAMED_UNIT ( #5584 ) );
#5272 = PRESENTATION_LAYER_ASSIGNMENT (  '', '', ( #1456 ) ) ;
#5273 = DIRECTION ( 'NONE',  ( 0.0000000000000000000, 0.0000000000000000000, -1.000000000000000000 ) ) ;
#5274 = DIRECTION ( 'NONE',  ( 0.0000000000000000000, 0.0000000000000000000, 1.000000000000000000 ) ) ;
#5275 = DIRECTION ( 'NONE',  ( -1.000000000000000000, -0.0000000000000000000, -0.0000000000000000000 ) ) ;
#5276 = VERTEX_POINT ( 'NONE', #3482 ) ;
#5277 =( GEOMETRIC_REPRESENTATION_CONTEXT ( 3 ) GLOBAL_UNCERTAINTY_ASSIGNED_CONTEXT ( ( #4551 ) ) GLOBAL_UNIT_ASSIGNED_CONTEXT ( ( #3369, #5072, #2603 ) ) REPRESENTATION_CONTEXT ( 'NONE', 'WORKASPACE' ) );
#5278 = CARTESIAN_POINT ( 'NONE',  ( 0.1614173228346456879, 0.1988188976377952832, -0.5019685039370078705 ) ) ;
#5279 = CARTESIAN_POINT ( 'NONE',  ( 8.055539600302798184E-19, 0.2775590551181102983, -0.5629921259842519676 ) ) ;
#5280 = CYLINDRICAL_SURFACE ( 'NONE', #3621, 0.01968503937007875723 ) ;
#5281 = VECTOR ( 'NONE', #6172, 39.37007874015748143 ) ;
#5282 = PLANE ( 'NONE',  #4756 ) ;
#5283 = ORIENTED_EDGE ( 'NONE', *, *, #2207, .T. ) ;
#5284 = DIRECTION ( 'NONE',  ( -1.000000000000000000, 0.0000000000000000000, 0.0000000000000000000 ) ) ;
#5285 = EDGE_LOOP ( 'NONE', ( #3836, #3860, #4792, #5134 ) ) ;
#5286 = COLOUR_RGB ( '',0.2509803921568627416, 0.2509803921568627416, 0.2509803921568627416 ) ;
#5287 = CARTESIAN_POINT ( 'NONE',  ( 0.1771653543307086798, 0.1181102362204723838, -0.03937007874015751446 ) ) ;
#5288 = FILL_AREA_STYLE ('',( #2827 ) ) ;
#5289 = AXIS2_PLACEMENT_3D ( 'NONE', #4546, #140, #2176 ) ;
#5290 = ORIENTED_EDGE ( 'NONE', *, *, #4504, .T. ) ;
#5291 =( LENGTH_UNIT ( ) NAMED_UNIT ( * ) SI_UNIT ( $, .METRE. ) );
#5292 =( NAMED_UNIT ( * ) SI_UNIT ( $, .STERADIAN. ) SOLID_ANGLE_UNIT ( ) );
#5293 = ORIENTED_EDGE ( 'NONE', *, *, #610, .F. ) ;
#5294 = VECTOR ( 'NONE', #1412, 39.37007874015748143 ) ;
#5295 = DIMENSIONAL_EXPONENTS ( 1.000000000000000000, 0.0000000000000000000, 0.0000000000000000000, 0.0000000000000000000, 0.0000000000000000000, 0.0000000000000000000, 0.0000000000000000000 ) ;
#5296 = EDGE_CURVE ( 'NONE', #3930, #3607, #5465, .T. ) ;
#5297 = EDGE_CURVE ( 'NONE', #1296, #476, #1480, .T. ) ;
#5298 = PLANE ( 'NONE',  #3541 ) ;
#5299 = AXIS2_PLACEMENT_3D ( 'NONE', #790, #303, #329 ) ;
#5300 = SURFACE_STYLE_USAGE ( .BOTH. , #4136 ) ;
#5301 = CARTESIAN_POINT ( 'NONE',  ( 0.01574803149606299191, 0.1165948038395977215, -0.5708661417322834497 ) ) ;
#5302 = ORIENTED_EDGE ( 'NONE', *, *, #1562, .T. ) ;
#5303 = DIRECTION ( 'NONE',  ( 0.0000000000000000000, -1.000000000000000000, 0.0000000000000000000 ) ) ;
#5304 = CARTESIAN_POINT ( 'NONE',  ( 0.0000000000000000000, -0.08267716535433072833, -0.1929133858267716439 ) ) ;
#5305 = LINE ( 'NONE', #5222, #4250 ) ;
#5306 = FACE_OUTER_BOUND ( 'NONE', #6168, .T. ) ;
#5307 = EDGE_CURVE ( 'NONE', #802, #736, #1101, .T. ) ;
#5308 = PRESENTATION_LAYER_ASSIGNMENT (  '', '', ( #1718 ) ) ;
#5309 = FACE_OUTER_BOUND ( 'NONE', #4075, .T. ) ;
#5310 = ORIENTED_EDGE ( 'NONE', *, *, #3919, .F. ) ;
#5311 = CYLINDRICAL_SURFACE ( 'NONE', #3871, 0.007874015748031482076 ) ;
#5312 = ORIENTED_EDGE ( 'NONE', *, *, #2279, .F. ) ;
#5313 = VECTOR ( 'NONE', #3947, 39.37007874015748143 ) ;
#5314 = DIRECTION ( 'NONE',  ( 1.000000000000000000, 0.0000000000000000000, 0.0000000000000000000 ) ) ;
#5315 = VECTOR ( 'NONE', #5576, 39.37007874015748143 ) ;
#5316 = VECTOR ( 'NONE', #803, 39.37007874015748143 ) ;
#5317 = ORIENTED_EDGE ( 'NONE', *, *, #5113, .T. ) ;
#5318 = AXIS2_PLACEMENT_3D ( 'NONE', #3293, #5185, #3074 ) ;
#5319 =( GEOMETRIC_REPRESENTATION_CONTEXT ( 3 ) GLOBAL_UNCERTAINTY_ASSIGNED_CONTEXT ( ( #4434 ) ) GLOBAL_UNIT_ASSIGNED_CONTEXT ( ( #2088, #5486, #5940 ) ) REPRESENTATION_CONTEXT ( 'NONE', 'WORKASPACE' ) );
#5320 = LINE ( 'NONE', #3514, #550 ) ;
#5321 = MECHANICAL_DESIGN_GEOMETRIC_PRESENTATION_REPRESENTATION (  '', ( #3984 ), #4599 ) ;
#5322 = VECTOR ( 'NONE', #4819, 39.37007874015748143 ) ;
#5323 = ORIENTED_EDGE ( 'NONE', *, *, #5968, .T. ) ;
#5324 =( LENGTH_UNIT ( ) NAMED_UNIT ( * ) SI_UNIT ( $, .METRE. ) );
#5325 = DIRECTION ( 'NONE',  ( 0.0000000000000000000, 1.239088197126290817E-16, -1.000000000000000000 ) ) ;
#5326 = LINE ( 'NONE', #2288, #4055 ) ;
#5327 = CARTESIAN_POINT ( 'NONE',  ( 0.0000000000000000000, 0.2559055118110236671, -0.5629921259842519676 ) ) ;
#5328 = DIRECTION ( 'NONE',  ( 0.0000000000000000000, 0.0000000000000000000, 1.000000000000000000 ) ) ;
#5329 =( NAMED_UNIT ( * ) PLANE_ANGLE_UNIT ( ) SI_UNIT ( $, .RADIAN. ) );
#5330 = ORIENTED_EDGE ( 'NONE', *, *, #6199, .T. ) ;
#5331 = EDGE_CURVE ( 'NONE', #6290, #4912, #178, .T. ) ;
#5332 = DIMENSIONAL_EXPONENTS ( 1.000000000000000000, 0.0000000000000000000, 0.0000000000000000000, 0.0000000000000000000, 0.0000000000000000000, 0.0000000000000000000, 0.0000000000000000000 ) ;
#5333 =( LENGTH_UNIT ( ) NAMED_UNIT ( * ) SI_UNIT ( $, .METRE. ) );
#5334 = COLOUR_RGB ( '',0.2509803921568627416, 0.2509803921568627416, 0.2509803921568627416 ) ;
#5335 = DIRECTION ( 'NONE',  ( 0.0000000000000000000, 0.0000000000000000000, 1.000000000000000000 ) ) ;
#5336 = EDGE_CURVE ( 'NONE', #6006, #2823, #1579, .T. ) ;
#5337 = VERTEX_POINT ( 'NONE', #470 ) ;
#5338 = PRESENTATION_STYLE_ASSIGNMENT (( #6328 ) ) ;
#5339 = VERTEX_POINT ( 'NONE', #4048 ) ;
#5340 = EDGE_CURVE ( 'NONE', #5337, #5370, #5238, .T. ) ;
#5341 = SURFACE_STYLE_USAGE ( .BOTH. , #2790 ) ;
#5342 = FILL_AREA_STYLE ('',( #3307 ) ) ;
#5343 = PLANE ( 'NONE',  #6073 ) ;
#5344 = VECTOR ( 'NONE', #5275, 39.37007874015748143 ) ;
#5345 = VERTEX_POINT ( 'NONE', #4462 ) ;
#5346 = SHAPE_DEFINITION_REPRESENTATION ( #5011, #1543 ) ;
#5347 = STYLED_ITEM ( 'NONE', ( #3520 ), #1519 ) ;
#5348 = CARTESIAN_POINT ( 'NONE',  ( -0.1771653543307086798, 0.3937007874015747699, -0.03937007874015747977 ) ) ;
#5349 = DIRECTION ( 'NONE',  ( 0.0000000000000000000, -1.000000000000000000, -1.521687259628778015E-16 ) ) ;
#5350 = CARTESIAN_POINT ( 'NONE',  ( 0.1771653543307086798, 0.4330708661417322913, 0.0000000000000000000 ) ) ;
#5351 = VECTOR ( 'NONE', #2556, 39.37007874015748143 ) ;
#5352 = PRESENTATION_LAYER_ASSIGNMENT (  '', '', ( #2286 ) ) ;
#5353 = DIRECTION ( 'NONE',  ( -1.000000000000000000, 0.0000000000000000000, 0.0000000000000000000 ) ) ;
#5354 = FILL_AREA_STYLE ('',( #6342 ) ) ;
#5355 = ORIENTED_EDGE ( 'NONE', *, *, #847, .T. ) ;
#5356 = AXIS2_PLACEMENT_3D ( 'NONE', #614, #5047, #5416 ) ;
#5357 = MECHANICAL_DESIGN_GEOMETRIC_PRESENTATION_REPRESENTATION (  '', ( #516 ), #6179 ) ;
#5358 = LINE ( 'NONE', #3498, #5975 ) ;
#5359 = SURFACE_STYLE_USAGE ( .BOTH. , #2440 ) ;
#5360 = CARTESIAN_POINT ( 'NONE',  ( 0.1771653543307086798, 0.3937007874015747699, -0.03937007874015747977 ) ) ;
#5361 = ORIENTED_EDGE ( 'NONE', *, *, #1960, .F. ) ;
#5362 = PRODUCT_DEFINITION_FORMATION_WITH_SPECIFIED_SOURCE ( 'ANY', '', #2167, .NOT_KNOWN. ) ;
#5363 = CYLINDRICAL_SURFACE ( 'NONE', #3286, 0.01968503937007875723 ) ;
#5364 = PLANE ( 'NONE',  #649 ) ;
#5365 = DIRECTION ( 'NONE',  ( 0.0000000000000000000, -1.000000000000000000, 0.0000000000000000000 ) ) ;
#5366 = FILL_AREA_STYLE_COLOUR ( '', #3516 ) ;
#5367 = PLANE ( 'NONE',  #1322 ) ;
#5368 = ORIENTED_EDGE ( 'NONE', *, *, #6239, .F. ) ;
#5369 = COLOUR_RGB ( '',0.2509803921568627416, 0.2509803921568627416, 0.2509803921568627416 ) ;
#5370 = VERTEX_POINT ( 'NONE', #538 ) ;
#5371 = LINE ( 'NONE', #1512, #6242 ) ;
#5372 = CARTESIAN_POINT ( 'NONE',  ( -0.02559055118110236532, -0.08858267716535427050, -0.3297244094488189226 ) ) ;
#5373 = ADVANCED_FACE ( 'NONE', ( #4888 ), #2455, .T. ) ;
#5374 = COLOUR_RGB ( '',1.000000000000000000, 1.000000000000000000, 1.000000000000000000 ) ;
#5375 = EDGE_CURVE ( 'NONE', #3518, #79, #5663, .T. ) ;
#5376 = APPLICATION_CONTEXT ( 'automotive_design' ) ;
#5377 =( CONVERSION_BASED_UNIT ( 'INCH', #3366 ) LENGTH_UNIT ( ) NAMED_UNIT ( #3217 ) );
#5378 = DIMENSIONAL_EXPONENTS ( 1.000000000000000000, 0.0000000000000000000, 0.0000000000000000000, 0.0000000000000000000, 0.0000000000000000000, 0.0000000000000000000, 0.0000000000000000000 ) ;
#5379 = EDGE_LOOP ( 'NONE', ( #6047, #333, #2546, #5648 ) ) ;
#5380 = AXIS2_PLACEMENT_3D ( 'NONE', #6200, #2416, #369 ) ;
#5381 =( GEOMETRIC_REPRESENTATION_CONTEXT ( 3 ) GLOBAL_UNCERTAINTY_ASSIGNED_CONTEXT ( ( #4291 ) ) GLOBAL_UNIT_ASSIGNED_CONTEXT ( ( #2473, #4843, #4003 ) ) REPRESENTATION_CONTEXT ( 'NONE', 'WORKASPACE' ) );
#5382 = DIRECTION ( 'NONE',  ( -1.000000000000000000, 0.0000000000000000000, 0.0000000000000000000 ) ) ;
#5383 = EDGE_CURVE ( 'NONE', #1778, #3715, #1747, .T. ) ;
#5384 = CARTESIAN_POINT ( 'NONE',  ( -0.07977251032870719127, 0.1766720804662517963, -0.04871932456074012235 ) ) ;
#5385 = FILL_AREA_STYLE_COLOUR ( '', #988 ) ;
#5386 = CARTESIAN_POINT ( 'NONE',  ( -0.1772047244094487883, 0.3444881889763781180, -0.03937007874015747977 ) ) ;
#5387 = PRESENTATION_LAYER_ASSIGNMENT (  '', '', ( #5898 ) ) ;
#5388 = VERTEX_POINT ( 'NONE', #1151 ) ;
#5389 = DIRECTION ( 'NONE',  ( -1.000000000000000000, 1.865294060190115471E-16, 0.0000000000000000000 ) ) ;
#5390 = SURFACE_SIDE_STYLE ('',( #3433 ) ) ;
#5391 =( NAMED_UNIT ( * ) SI_UNIT ( $, .STERADIAN. ) SOLID_ANGLE_UNIT ( ) );
#5392 = DIRECTION ( 'NONE',  ( 0.0000000000000000000, -1.734723475976805615E-16, -1.000000000000000000 ) ) ;
#5393 =( NAMED_UNIT ( * ) PLANE_ANGLE_UNIT ( ) SI_UNIT ( $, .RADIAN. ) );
#5394 = CARTESIAN_POINT ( 'NONE',  ( 0.07677165354330710290, 0.1417322834645669549, -0.5629921259842519676 ) ) ;
#5395 = ORIENTED_EDGE ( 'NONE', *, *, #5121, .F. ) ;
#5396 = PRESENTATION_LAYER_ASSIGNMENT (  '', '', ( #6213 ) ) ;
#5397 =( LENGTH_UNIT ( ) NAMED_UNIT ( * ) SI_UNIT ( $, .METRE. ) );
#5398 = CARTESIAN_POINT ( 'NONE',  ( -0.05118110236220468207, 0.01574803149606299191, -0.5984251968503937480 ) ) ;
#5399 = PRESENTATION_LAYER_ASSIGNMENT (  '', '', ( #2753 ) ) ;
#5400 = ORIENTED_EDGE ( 'NONE', *, *, #6345, .T. ) ;
#5401 = ORIENTED_EDGE ( 'NONE', *, *, #887, .T. ) ;
#5402 = FILL_AREA_STYLE_COLOUR ( '', #266 ) ;
#5403 = FILL_AREA_STYLE_COLOUR ( '', #477 ) ;
#5404 = DIRECTION ( 'NONE',  ( 0.0000000000000000000, 0.0000000000000000000, -1.000000000000000000 ) ) ;
#5405 = LINE ( 'NONE', #3955, #2702 ) ;
#5406 = ORIENTED_EDGE ( 'NONE', *, *, #3767, .T. ) ;
#5407 = UNCERTAINTY_MEASURE_WITH_UNIT (LENGTH_MEASURE( 1.000000000000000082E-05 ), #4922, 'distance_accuracy_value', 'NONE');
#5408 = EDGE_CURVE ( 'NONE', #4268, #4016, #190, .T. ) ;
#5409 = AXIS2_PLACEMENT_3D ( 'NONE', #3421, #2033, #1476 ) ;
#5410 = ADVANCED_FACE ( 'NONE', ( #1676 ), #1711, .T. ) ;
#5411 = PLANE ( 'NONE',  #1445 ) ;
#5412 = STYLED_ITEM ( 'NONE', ( #6284 ), #5655 ) ;
#5413 = DIRECTION ( 'NONE',  ( -1.000000000000000000, -1.421904488505579654E-16, -0.0000000000000000000 ) ) ;
#5414 = CARTESIAN_POINT ( 'NONE',  ( 0.05314960629921260116, 0.2559055118110236671, -0.5846456692913385433 ) ) ;
#5415 = SURFACE_STYLE_USAGE ( .BOTH. , #3869 ) ;
#5416 = DIRECTION ( 'NONE',  ( 0.0000000000000000000, 0.0000000000000000000, -1.000000000000000000 ) ) ;
#5417 = AXIS2_PLACEMENT_3D ( 'NONE', #4248, #1816, #2390 ) ;
#5418 = DIMENSIONAL_EXPONENTS ( 1.000000000000000000, 0.0000000000000000000, 0.0000000000000000000, 0.0000000000000000000, 0.0000000000000000000, 0.0000000000000000000, 0.0000000000000000000 ) ;
#5419 = VECTOR ( 'NONE', #6110, 39.37007874015748143 ) ;
#5420 = ORIENTED_EDGE ( 'NONE', *, *, #4414, .F. ) ;
#5421 = EDGE_CURVE ( 'NONE', #4570, #5339, #3168, .T. ) ;
#5422 = SURFACE_SIDE_STYLE ('',( #2962 ) ) ;
#5423 = CARTESIAN_POINT ( 'NONE',  ( 0.0000000000000000000, -0.08858267716535427050, -0.2573434003509834089 ) ) ;
#5424 = COLOUR_RGB ( '',0.2509803921568627416, 0.2509803921568627416, 0.2509803921568627416 ) ;
#5425 = PLANE ( 'NONE',  #2261 ) ;
#5426 = EDGE_LOOP ( 'NONE', ( #3983, #2019, #3426, #5929 ) ) ;
#5427 = DIRECTION ( 'NONE',  ( 0.0000000000000000000, 0.0000000000000000000, -1.000000000000000000 ) ) ;
#5428 = CARTESIAN_POINT ( 'NONE',  ( 0.0000000000000000000, 0.2559055118110236671, -0.4035433070866141225 ) ) ;
#5429 = CARTESIAN_POINT ( 'NONE',  ( 0.0000000000000000000, 0.2559055118110236671, -0.4035433070866141225 ) ) ;
#5430 = DIRECTION ( 'NONE',  ( 0.0000000000000000000, -1.000000000000000000, 0.0000000000000000000 ) ) ;
#5431 = VECTOR ( 'NONE', #588, 39.37007874015748143 ) ;
#5432 = VERTEX_POINT ( 'NONE', #5527 ) ;
#5433 = FILL_AREA_STYLE ('',( #4857 ) ) ;
#5434 = ORIENTED_EDGE ( 'NONE', *, *, #2687, .T. ) ;
#5435 = LINE ( 'NONE', #3987, #2024 ) ;
#5436 = PRESENTATION_STYLE_ASSIGNMENT (( #5948 ) ) ;
#5437 = VECTOR ( 'NONE', #723, 39.37007874015748143 ) ;
#5438 = CARTESIAN_POINT ( 'NONE',  ( -0.04921259842519691563, -0.08858267716535427050, -0.3395669291338583307 ) ) ;
#5439 = DIRECTION ( 'NONE',  ( 0.0000000000000000000, 1.000000000000000000, 0.0000000000000000000 ) ) ;
#5440 = CARTESIAN_POINT ( 'NONE',  ( -0.07677165354330710290, 0.1417322834645669549, -0.5984251968503937480 ) ) ;
#5441 = ORIENTED_EDGE ( 'NONE', *, *, #2011, .F. ) ;
#5442 =( GEOMETRIC_REPRESENTATION_CONTEXT ( 3 ) GLOBAL_UNCERTAINTY_ASSIGNED_CONTEXT ( ( #3034 ) ) GLOBAL_UNIT_ASSIGNED_CONTEXT ( ( #4153, #685, #1060 ) ) REPRESENTATION_CONTEXT ( 'NONE', 'WORKASPACE' ) );
#5443 = LINE ( 'NONE', #2107, #6069 ) ;
#5444 =( GEOMETRIC_REPRESENTATION_CONTEXT ( 3 ) GLOBAL_UNCERTAINTY_ASSIGNED_CONTEXT ( ( #5456 ) ) GLOBAL_UNIT_ASSIGNED_CONTEXT ( ( #3443, #6005, #4491 ) ) REPRESENTATION_CONTEXT ( 'NONE', 'WORKASPACE' ) );
#5445 = SURFACE_STYLE_FILL_AREA ( #450 ) ;
#5446 = PRESENTATION_LAYER_ASSIGNMENT (  '', '', ( #1549 ) ) ;
#5447 = ORIENTED_EDGE ( 'NONE', *, *, #3839, .F. ) ;
#5448 = CARTESIAN_POINT ( 'NONE',  ( -0.1614173228346456879, 0.1535433070866141780, -0.5413385826771652809 ) ) ;
#5449 = ADVANCED_FACE ( 'NONE', ( #3108 ), #1218, .F. ) ;
#5450 = VECTOR ( 'NONE', #1424, 39.37007874015748143 ) ;
#5451 =( NAMED_UNIT ( * ) PLANE_ANGLE_UNIT ( ) SI_UNIT ( $, .RADIAN. ) );
#5452 = PRESENTATION_STYLE_ASSIGNMENT (( #4480 ) ) ;
#5453 = AXIS2_PLACEMENT_3D ( 'NONE', #4431, #4113, #2722 ) ;
#5454 = EDGE_CURVE ( 'NONE', #1587, #3046, #2045, .T. ) ;
#5455 = ORIENTED_EDGE ( 'NONE', *, *, #4230, .T. ) ;
#5456 = UNCERTAINTY_MEASURE_WITH_UNIT (LENGTH_MEASURE( 1.000000000000000082E-05 ), #3443, 'distance_accuracy_value', 'NONE');
#5457 =( NAMED_UNIT ( * ) SI_UNIT ( $, .STERADIAN. ) SOLID_ANGLE_UNIT ( ) );
#5458 = DIMENSIONAL_EXPONENTS ( 1.000000000000000000, 0.0000000000000000000, 0.0000000000000000000, 0.0000000000000000000, 0.0000000000000000000, 0.0000000000000000000, 0.0000000000000000000 ) ;
#5459 = LENGTH_MEASURE_WITH_UNIT ( LENGTH_MEASURE( 0.02539999999999999897 ), #55 );
#5460 = CARTESIAN_POINT ( 'NONE',  ( 0.1771653543307086798, 0.3937007874015747699, -0.06889763779527559306 ) ) ;
#5461 = MECHANICAL_DESIGN_GEOMETRIC_PRESENTATION_REPRESENTATION (  '', ( #4127 ), #631 ) ;
#5462 = ORIENTED_EDGE ( 'NONE', *, *, #6197, .T. ) ;
#5463 = DIRECTION ( 'NONE',  ( 1.000000000000000000, 0.0000000000000000000, 0.0000000000000000000 ) ) ;
#5464 = ORIENTED_EDGE ( 'NONE', *, *, #4503, .F. ) ;
#5465 = LINE ( 'NONE', #599, #3290 ) ;
#5466 = DIRECTION ( 'NONE',  ( 0.0000000000000000000, 0.0000000000000000000, 1.000000000000000000 ) ) ;
#5467 = SURFACE_STYLE_USAGE ( .BOTH. , #542 ) ;
#5468 = SURFACE_SIDE_STYLE ('',( #4928 ) ) ;
#5469 = VERTEX_POINT ( 'NONE', #2850 ) ;
#5470 = UNCERTAINTY_MEASURE_WITH_UNIT (LENGTH_MEASURE( 1.000000000000000082E-05 ), #1366, 'distance_accuracy_value', 'NONE');
#5471 =( NAMED_UNIT ( * ) PLANE_ANGLE_UNIT ( ) SI_UNIT ( $, .RADIAN. ) );
#5472 = COLOUR_RGB ( '',0.2509803921568627416, 0.2509803921568627416, 0.2509803921568627416 ) ;
#5473 = EDGE_LOOP ( 'NONE', ( #349, #2105 ) ) ;
#5474 = SURFACE_STYLE_USAGE ( .BOTH. , #5959 ) ;
#5475 = EDGE_LOOP ( 'NONE', ( #4013, #307, #3148, #5697 ) ) ;
#5476 = CYLINDRICAL_SURFACE ( 'NONE', #1309, 0.1614173228346456879 ) ;
#5477 =( NAMED_UNIT ( * ) SI_UNIT ( $, .STERADIAN. ) SOLID_ANGLE_UNIT ( ) );
#5478 = PRESENTATION_STYLE_ASSIGNMENT (( #3937 ) ) ;
#5479 = DIRECTION ( 'NONE',  ( 0.0000000000000000000, 0.0000000000000000000, -1.000000000000000000 ) ) ;
#5480 =( NAMED_UNIT ( * ) SI_UNIT ( $, .STERADIAN. ) SOLID_ANGLE_UNIT ( ) );
#5481 = FILL_AREA_STYLE_COLOUR ( '', #4109 ) ;
#5482 = ORIENTED_EDGE ( 'NONE', *, *, #2648, .T. ) ;
#5483 = EDGE_CURVE ( 'NONE', #3669, #3422, #4786, .T. ) ;
#5484 = EDGE_CURVE ( 'NONE', #836, #5189, #3794, .T. ) ;
#5485 = PRESENTATION_STYLE_ASSIGNMENT (( #2056 ) ) ;
#5486 =( NAMED_UNIT ( * ) PLANE_ANGLE_UNIT ( ) SI_UNIT ( $, .RADIAN. ) );
#5487 = CIRCLE ( 'NONE', #2743, 0.09055118110236218265 ) ;
#5488 = CYLINDRICAL_SURFACE ( 'NONE', #6116, 0.04921259842519691563 ) ;
#5489 = FILL_AREA_STYLE ('',( #5366 ) ) ;
#5490 = PRESENTATION_STYLE_ASSIGNMENT (( #3982 ) ) ;
#5491 = ORIENTED_EDGE ( 'NONE', *, *, #2398, .T. ) ;
#5492 = CARTESIAN_POINT ( 'NONE',  ( -0.1771653543307086798, 0.1181102362204723838, -0.03937007874015751446 ) ) ;
#5493 =( CONVERSION_BASED_UNIT ( 'INCH', #3545 ) LENGTH_UNIT ( ) NAMED_UNIT ( #5544 ) );
#5494 = ORIENTED_EDGE ( 'NONE', *, *, #1327, .F. ) ;
#5495 =( LENGTH_UNIT ( ) NAMED_UNIT ( * ) SI_UNIT ( $, .METRE. ) );
#5496 = DIRECTION ( 'NONE',  ( 0.0000000000000000000, 0.0000000000000000000, -1.000000000000000000 ) ) ;
#5497 = EDGE_CURVE ( 'NONE', #3001, #239, #5817, .T. ) ;
#5498 =( NAMED_UNIT ( * ) SI_UNIT ( $, .STERADIAN. ) SOLID_ANGLE_UNIT ( ) );
#5499 = PRESENTATION_STYLE_ASSIGNMENT (( #3515 ) ) ;
#5500 = FACE_OUTER_BOUND ( 'NONE', #2255, .T. ) ;
#5501 = EDGE_LOOP ( 'NONE', ( #3905, #6167, #2518, #3641 ) ) ;
#5502 = CARTESIAN_POINT ( 'NONE',  ( 0.1377952755905511306, 0.2559055118110236671, -0.03937007874015750059 ) ) ;
#5503 = ORIENTED_EDGE ( 'NONE', *, *, #3810, .F. ) ;
#5504 = STYLED_ITEM ( 'NONE', ( #1731 ), #4243 ) ;
#5505 = DIRECTION ( 'NONE',  ( 0.0000000000000000000, -0.8574929257125444293, -0.5144957554275260136 ) ) ;
#5506 =( GEOMETRIC_REPRESENTATION_CONTEXT ( 3 ) GLOBAL_UNCERTAINTY_ASSIGNED_CONTEXT ( ( #5986 ) ) GLOBAL_UNIT_ASSIGNED_CONTEXT ( ( #4394, #1970, #4924 ) ) REPRESENTATION_CONTEXT ( 'NONE', 'WORKASPACE' ) );
#5507 = DIRECTION ( 'NONE',  ( 1.000000000000000000, 0.0000000000000000000, 0.0000000000000000000 ) ) ;
#5508 = FACE_OUTER_BOUND ( 'NONE', #4961, .T. ) ;
#5509 = CARTESIAN_POINT ( 'NONE',  ( 0.1771653543307086798, 0.3937007874015747699, -0.03937007874015747977 ) ) ;
#5510 = LINE ( 'NONE', #2635, #4896 ) ;
#5511 = FACE_OUTER_BOUND ( 'NONE', #4107, .T. ) ;
#5512 = MECHANICAL_DESIGN_GEOMETRIC_PRESENTATION_REPRESENTATION (  '', ( #2041 ), #1624 ) ;
#5513 = LINE ( 'NONE', #5647, #3112 ) ;
#5514 = AXIS2_PLACEMENT_3D ( 'NONE', #2822, #6267, #2389 ) ;
#5515 = EDGE_LOOP ( 'NONE', ( #4339, #3881, #5985, #1089 ) ) ;
#5516 = UNCERTAINTY_MEASURE_WITH_UNIT (LENGTH_MEASURE( 1.000000000000000082E-05 ), #4900, 'distance_accuracy_value', 'NONE');
#5517 = CLOSED_SHELL ( 'NONE', ( #4149, #4041, #264, #5998, #1290, #2609, #5655, #2290, #256, #408, #5410 ) ) ;
#5518 = DIRECTION ( 'NONE',  ( 1.000000000000000000, 0.0000000000000000000, 0.0000000000000000000 ) ) ;
#5519 = VECTOR ( 'NONE', #1255, 39.37007874015748143 ) ;
#5520 = FILL_AREA_STYLE_COLOUR ( '', #1488 ) ;
#5521 = FACE_OUTER_BOUND ( 'NONE', #1636, .T. ) ;
#5522 = DIRECTION ( 'NONE',  ( 0.0000000000000000000, 1.734723475976805615E-16, 1.000000000000000000 ) ) ;
#5523 = SURFACE_SIDE_STYLE ('',( #4920 ) ) ;
#5524 = VERTEX_POINT ( 'NONE', #2327 ) ;
#5525 = VERTEX_POINT ( 'NONE', #5304 ) ;
#5526 =( NAMED_UNIT ( * ) SI_UNIT ( $, .STERADIAN. ) SOLID_ANGLE_UNIT ( ) );
#5527 = CARTESIAN_POINT ( 'NONE',  ( 0.1614173228346456601, 0.01574803149606299191, -0.5019685039370078705 ) ) ;
#5528 = LINE ( 'NONE', #3448, #2619 ) ;
#5529 = LINE ( 'NONE', #1121, #5997 ) ;
#5530 = COLOUR_RGB ( '',1.000000000000000000, 1.000000000000000000, 1.000000000000000000 ) ;
#5531 = ADVANCED_FACE ( 'NONE', ( #5728 ), #2354, .T. ) ;
#5532 = LENGTH_MEASURE_WITH_UNIT ( LENGTH_MEASURE( 0.02539999999999999897 ), #1020 );
#5533 = EDGE_LOOP ( 'NONE', ( #4043, #1038, #5671, #4886 ) ) ;
#5534 =( NAMED_UNIT ( * ) SI_UNIT ( $, .STERADIAN. ) SOLID_ANGLE_UNIT ( ) );
#5535 = EDGE_CURVE ( 'NONE', #867, #3113, #1810, .T. ) ;
#5536 = UNCERTAINTY_MEASURE_WITH_UNIT (LENGTH_MEASURE( 1.000000000000000082E-05 ), #4166, 'distance_accuracy_value', 'NONE');
#5537 = EDGE_LOOP ( 'NONE', ( #2083, #5082, #753, #2300, #3512, #1114, #5290 ) ) ;
#5538 = AXIS2_PLACEMENT_3D ( 'NONE', #4035, #2674, #2707 ) ;
#5539 = FILL_AREA_STYLE ('',( #4056 ) ) ;
#5540 = MECHANICAL_DESIGN_GEOMETRIC_PRESENTATION_REPRESENTATION (  '', ( #1117 ), #714 ) ;
#5541 = DIRECTION ( 'NONE',  ( -1.000000000000000000, -0.0000000000000000000, -0.0000000000000000000 ) ) ;
#5542 = LENGTH_MEASURE_WITH_UNIT ( LENGTH_MEASURE( 0.02539999999999999897 ), #4154 );
#5543 =( NAMED_UNIT ( * ) SI_UNIT ( $, .STERADIAN. ) SOLID_ANGLE_UNIT ( ) );
#5544 = DIMENSIONAL_EXPONENTS ( 1.000000000000000000, 0.0000000000000000000, 0.0000000000000000000, 0.0000000000000000000, 0.0000000000000000000, 0.0000000000000000000, 0.0000000000000000000 ) ;
#5545 = DIRECTION ( 'NONE',  ( 0.0000000000000000000, -0.8574929257125443183, -0.5144957554275264577 ) ) ;
#5546 = SURFACE_STYLE_USAGE ( .BOTH. , #3593 ) ;
#5547 = LENGTH_MEASURE_WITH_UNIT ( LENGTH_MEASURE( 0.02539999999999999897 ), #6025 );
#5548 = STYLED_ITEM ( 'NONE', ( #5995 ), #1290 ) ;
#5549 = DIRECTION ( 'NONE',  ( 9.856383386231857595E-17, -1.000000000000000000, 0.0000000000000000000 ) ) ;
#5550 = VERTEX_POINT ( 'NONE', #335 ) ;
#5551 = DIRECTION ( 'NONE',  ( 0.0000000000000000000, 0.0000000000000000000, 1.000000000000000000 ) ) ;
#5552 = COLOUR_RGB ( '',0.7529411764705882248, 0.7529411764705882248, 0.7529411764705882248 ) ;
#5553 = AXIS2_PLACEMENT_3D ( 'NONE', #2213, #3626, #3193 ) ;
#5554 = DIRECTION ( 'NONE',  ( 0.0000000000000000000, 0.0000000000000000000, 1.000000000000000000 ) ) ;
#5555 = CARTESIAN_POINT ( 'NONE',  ( 0.1771653543307086798, 0.1456692913385826682, -0.5019685039370078705 ) ) ;
#5556 = FILL_AREA_STYLE_COLOUR ( '', #290 ) ;
#5557 = FILL_AREA_STYLE_COLOUR ( '', #106 ) ;
#5558 = ORIENTED_EDGE ( 'NONE', *, *, #4230, .F. ) ;
#5559 =( GEOMETRIC_REPRESENTATION_CONTEXT ( 3 ) GLOBAL_UNCERTAINTY_ASSIGNED_CONTEXT ( ( #4227 ) ) GLOBAL_UNIT_ASSIGNED_CONTEXT ( ( #1388, #4734, #383 ) ) REPRESENTATION_CONTEXT ( 'NONE', 'WORKASPACE' ) );
#5560 = ORIENTED_EDGE ( 'NONE', *, *, #2400, .T. ) ;
#5561 = SURFACE_SIDE_STYLE ('',( #4205 ) ) ;
#5562 = PLANE ( 'NONE',  #2009 ) ;
#5563 = AXIS2_PLACEMENT_3D ( 'NONE', #1556, #4439, #2992 ) ;
#5564 = PRESENTATION_LAYER_ASSIGNMENT (  '', '', ( #4534 ) ) ;
#5565 = DIRECTION ( 'NONE',  ( 0.0000000000000000000, 1.000000000000000000, 0.0000000000000000000 ) ) ;
#5566 = ORIENTED_EDGE ( 'NONE', *, *, #2393, .F. ) ;
#5567 = ORIENTED_EDGE ( 'NONE', *, *, #1773, .T. ) ;
#5568 = ADVANCED_FACE ( 'NONE', ( #1838 ), #861, .F. ) ;
#5569 = ADVANCED_FACE ( 'NONE', ( #2540 ), #5021, .F. ) ;
#5570 =( NAMED_UNIT ( * ) SI_UNIT ( $, .STERADIAN. ) SOLID_ANGLE_UNIT ( ) );
#5571 = EDGE_CURVE ( 'NONE', #4268, #6329, #5880, .T. ) ;
#5572 = DIMENSIONAL_EXPONENTS ( 1.000000000000000000, 0.0000000000000000000, 0.0000000000000000000, 0.0000000000000000000, 0.0000000000000000000, 0.0000000000000000000, 0.0000000000000000000 ) ;
#5573 = DIRECTION ( 'NONE',  ( -1.000000000000000000, 0.0000000000000000000, 0.0000000000000000000 ) ) ;
#5574 =( CONVERSION_BASED_UNIT ( 'INCH', #1659 ) LENGTH_UNIT ( ) NAMED_UNIT ( #1353 ) );
#5575 = LINE ( 'NONE', #204, #5066 ) ;
#5576 = DIRECTION ( 'NONE',  ( 1.000000000000000000, 0.0000000000000000000, 0.0000000000000000000 ) ) ;
#5577 = EDGE_CURVE ( 'NONE', #2155, #3374, #5851, .T. ) ;
#5578 = DIRECTION ( 'NONE',  ( 0.0000000000000000000, 0.0000000000000000000, 1.000000000000000000 ) ) ;
#5579 = SURFACE_STYLE_FILL_AREA ( #3596 ) ;
#5580 = VERTEX_POINT ( 'NONE', #3410 ) ;
#5581 = UNCERTAINTY_MEASURE_WITH_UNIT (LENGTH_MEASURE( 1.000000000000000082E-05 ), #1926, 'distance_accuracy_value', 'NONE');
#5582 = DIRECTION ( 'NONE',  ( 0.0000000000000000000, 1.000000000000000000, 0.0000000000000000000 ) ) ;
#5583 = FACE_BOUND ( 'NONE', #480, .T. ) ;
#5584 = DIMENSIONAL_EXPONENTS ( 1.000000000000000000, 0.0000000000000000000, 0.0000000000000000000, 0.0000000000000000000, 0.0000000000000000000, 0.0000000000000000000, 0.0000000000000000000 ) ;
#5585 = CARTESIAN_POINT ( 'NONE',  ( -0.04921259842519691563, -0.08858267716535427050, -0.2573434003509834089 ) ) ;
#5586 = FACE_OUTER_BOUND ( 'NONE', #3227, .T. ) ;
#5587 = COLOUR_RGB ( '',0.2509803921568627416, 0.2509803921568627416, 0.2509803921568627416 ) ;
#5588 = DIRECTION ( 'NONE',  ( 1.000000000000000000, -2.115516434118057216E-16, 0.0000000000000000000 ) ) ;
#5589 = ORIENTED_EDGE ( 'NONE', *, *, #3502, .T. ) ;
#5590 = ORIENTED_EDGE ( 'NONE', *, *, #5296, .F. ) ;
#5591 = SURFACE_STYLE_USAGE ( .BOTH. , #3241 ) ;
#5592 =( LENGTH_UNIT ( ) NAMED_UNIT ( * ) SI_UNIT ( $, .METRE. ) );
#5593 = FACE_OUTER_BOUND ( 'NONE', #66, .T. ) ;
#5594 = LENGTH_MEASURE_WITH_UNIT ( LENGTH_MEASURE( 0.02539999999999999897 ), #3638 );
#5595 = VECTOR ( 'NONE', #4274, 39.37007874015748143 ) ;
#5596 = ORIENTED_EDGE ( 'NONE', *, *, #5111, .T. ) ;
#5597 = PLANE ( 'NONE',  #6232 ) ;
#5598 = UNCERTAINTY_MEASURE_WITH_UNIT (LENGTH_MEASURE( 1.000000000000000082E-05 ), #1819, 'distance_accuracy_value', 'NONE');
#5599 = VERTEX_POINT ( 'NONE', #975 ) ;
#5600 = CARTESIAN_POINT ( 'NONE',  ( 0.05118110236220486942, 0.03937007874015747977, -0.3277559055118110520 ) ) ;
#5601 = AXIS2_PLACEMENT_3D ( 'NONE', #2049, #942, #485 ) ;
#5602 = EDGE_CURVE ( 'NONE', #4721, #4193, #2342, .T. ) ;
#5603 = ADVANCED_FACE ( 'NONE', ( #1009 ), #527, .T. ) ;
#5604 = SURFACE_STYLE_USAGE ( .BOTH. , #5046 ) ;
#5605 = CIRCLE ( 'NONE', #4574, 0.03937007874015747977 ) ;
#5606 = SURFACE_SIDE_STYLE ('',( #3154 ) ) ;
#5607 = SURFACE_STYLE_USAGE ( .BOTH. , #617 ) ;
#5608 = COLOUR_RGB ( '',0.2509803921568627416, 0.2509803921568627416, 0.2509803921568627416 ) ;
#5609 = CARTESIAN_POINT ( 'NONE',  ( 0.06692913385826773642, 0.1949136480912218305, -0.5787401574803149318 ) ) ;
#5610 = EDGE_CURVE ( 'NONE', #1323, #3930, #4615, .T. ) ;
#5611 = PRESENTATION_STYLE_ASSIGNMENT (( #5645 ) ) ;
#5612 =( NAMED_UNIT ( * ) SI_UNIT ( $, .STERADIAN. ) SOLID_ANGLE_UNIT ( ) );
#5613 = VERTEX_POINT ( 'NONE', #1245 ) ;
#5614 = SURFACE_STYLE_USAGE ( .BOTH. , #1243 ) ;
#5615 = ADVANCED_FACE ( 'NONE', ( #3196 ), #4100, .F. ) ;
#5616 = MECHANICAL_DESIGN_GEOMETRIC_PRESENTATION_REPRESENTATION (  '', ( #989 ), #5934 ) ;
#5617 = DIMENSIONAL_EXPONENTS ( 1.000000000000000000, 0.0000000000000000000, 0.0000000000000000000, 0.0000000000000000000, 0.0000000000000000000, 0.0000000000000000000, 0.0000000000000000000 ) ;
#5618 = AXIS2_PLACEMENT_3D ( 'NONE', #5937, #1567, #2935 ) ;
#5619 = SURFACE_STYLE_FILL_AREA ( #662 ) ;
#5620 = FACE_BOUND ( 'NONE', #3478, .T. ) ;
#5621 = DIRECTION ( 'NONE',  ( 1.000000000000000000, 0.0000000000000000000, 0.0000000000000000000 ) ) ;
#5622 = PRESENTATION_STYLE_ASSIGNMENT (( #214 ) ) ;
#5623 = DIRECTION ( 'NONE',  ( 1.000000000000000000, 0.0000000000000000000, 0.0000000000000000000 ) ) ;
#5624 = VECTOR ( 'NONE', #316, 39.37007874015748143 ) ;
#5625 =( NAMED_UNIT ( * ) PLANE_ANGLE_UNIT ( ) SI_UNIT ( $, .RADIAN. ) );
#5626 = ORIENTED_EDGE ( 'NONE', *, *, #5111, .F. ) ;
#5627 = ORIENTED_EDGE ( 'NONE', *, *, #3082, .F. ) ;
#5628 = MECHANICAL_DESIGN_GEOMETRIC_PRESENTATION_REPRESENTATION (  '', ( #1317 ), #5319 ) ;
#5629 = DIRECTION ( 'NONE',  ( 0.0000000000000000000, -1.000000000000000000, -2.478176394252581338E-15 ) ) ;
#5630 = FILL_AREA_STYLE_COLOUR ( '', #554 ) ;
#5631 = LINE ( 'NONE', #6144, #2703 ) ;
#5632 = SURFACE_STYLE_USAGE ( .BOTH. , #3668 ) ;
#5633 = AXIS2_PLACEMENT_3D ( 'NONE', #591, #3909, #2580 ) ;
#5634 = ORIENTED_EDGE ( 'NONE', *, *, #1818, .T. ) ;
#5635 =( NAMED_UNIT ( * ) PLANE_ANGLE_UNIT ( ) SI_UNIT ( $, .RADIAN. ) );
#5636 = ORIENTED_EDGE ( 'NONE', *, *, #328, .T. ) ;
#5637 = DIRECTION ( 'NONE',  ( -1.000000000000000000, 0.0000000000000000000, 0.0000000000000000000 ) ) ;
#5638 = SURFACE_STYLE_FILL_AREA ( #2269 ) ;
#5639 =( CONVERSION_BASED_UNIT ( 'INCH', #2574 ) LENGTH_UNIT ( ) NAMED_UNIT ( #1723 ) );
#5640 = LENGTH_MEASURE_WITH_UNIT ( LENGTH_MEASURE( 0.02539999999999999897 ), #4317 );
#5641 = VECTOR ( 'NONE', #3269, 39.37007874015748143 ) ;
#5642 =( NAMED_UNIT ( * ) SI_UNIT ( $, .STERADIAN. ) SOLID_ANGLE_UNIT ( ) );
#5643 = LENGTH_MEASURE_WITH_UNIT ( LENGTH_MEASURE( 0.02539999999999999897 ), #2994 );
#5644 = CARTESIAN_POINT ( 'NONE',  ( 0.1771653543307086798, -0.08858267716535433989, -0.5019685039370078705 ) ) ;
#5645 = SURFACE_STYLE_USAGE ( .BOTH. , #3156 ) ;
#5646 = ORIENTED_EDGE ( 'NONE', *, *, #486, .F. ) ;
#5647 = CARTESIAN_POINT ( 'NONE',  ( -0.05118110236220478615, 0.03937007874015747977, -0.3277559055118110520 ) ) ;
#5648 = ORIENTED_EDGE ( 'NONE', *, *, #3318, .T. ) ;
#5649 = UNCERTAINTY_MEASURE_WITH_UNIT (LENGTH_MEASURE( 1.000000000000000082E-05 ), #5878, 'distance_accuracy_value', 'NONE');
#5650 = CIRCLE ( 'NONE', #4403, 0.02559055118110234450 ) ;
#5651 = EDGE_CURVE ( 'NONE', #2858, #2708, #2680, .T. ) ;
#5652 = ADVANCED_FACE ( 'NONE', ( #695 ), #4039, .T. ) ;
#5653 = FACE_OUTER_BOUND ( 'NONE', #75, .T. ) ;
#5654 = CARTESIAN_POINT ( 'NONE',  ( 0.01574803149606299191, 0.1417322834645669549, -0.5629921259842519676 ) ) ;
#5655 = ADVANCED_FACE ( 'NONE', ( #3379, #878 ), #2253, .F. ) ;
#5656 = AXIS2_PLACEMENT_3D ( 'NONE', #883, #2411, #858 ) ;
#5657 = DIRECTION ( 'NONE',  ( 0.0000000000000000000, 1.000000000000000000, -1.734723475976805615E-16 ) ) ;
#5658 = LINE ( 'NONE', #4138, #1129 ) ;
#5659 = ORIENTED_EDGE ( 'NONE', *, *, #5196, .T. ) ;
#5660 = ORIENTED_EDGE ( 'NONE', *, *, #4715, .F. ) ;
#5661 = VECTOR ( 'NONE', #725, 39.37007874015748143 ) ;
#5662 = FILL_AREA_STYLE ('',( #5402 ) ) ;
#5663 = LINE ( 'NONE', #2751, #583 ) ;
#5664 = SURFACE_STYLE_FILL_AREA ( #4597 ) ;
#5665 = DIMENSIONAL_EXPONENTS ( 1.000000000000000000, 0.0000000000000000000, 0.0000000000000000000, 0.0000000000000000000, 0.0000000000000000000, 0.0000000000000000000, 0.0000000000000000000 ) ;
#5666 = LINE ( 'NONE', #4206, #4776 ) ;
#5667 = CARTESIAN_POINT ( 'NONE',  ( -0.1614173228346456879, 0.2559055118110236671, -0.5019685039370078705 ) ) ;
#5668 = DIRECTION ( 'NONE',  ( 0.0000000000000000000, -0.7071067811865456854, 0.7071067811865493491 ) ) ;
#5669 = MECHANICAL_DESIGN_GEOMETRIC_PRESENTATION_REPRESENTATION (  '', ( #1660 ), #1024 ) ;
#5670 = COLOUR_RGB ( '',0.2509803921568627416, 0.2509803921568627416, 0.2509803921568627416 ) ;
#5671 = ORIENTED_EDGE ( 'NONE', *, *, #1084, .F. ) ;
#5672 = LINE ( 'NONE', #1263, #2348 ) ;
#5673 = DIRECTION ( 'NONE',  ( 0.0000000000000000000, 0.0000000000000000000, -1.000000000000000000 ) ) ;
#5674 = ORIENTED_EDGE ( 'NONE', *, *, #4430, .T. ) ;
#5675 = AXIS2_PLACEMENT_3D ( 'NONE', #391, #1860, #3842 ) ;
#5676 = AXIS2_PLACEMENT_3D ( 'NONE', #3414, #3042, #1538 ) ;
#5677 = SURFACE_STYLE_FILL_AREA ( #1788 ) ;
#5678 = SURFACE_SIDE_STYLE ('',( #2234 ) ) ;
#5679 = SURFACE_SIDE_STYLE ('',( #3809 ) ) ;
#5680 = CIRCLE ( 'NONE', #3423, 0.09055118110236218265 ) ;
#5681 = DIRECTION ( 'NONE',  ( 1.000000000000000000, 0.0000000000000000000, 0.0000000000000000000 ) ) ;
#5682 =( CONVERSION_BASED_UNIT ( 'INCH', #2831 ) LENGTH_UNIT ( ) NAMED_UNIT ( #1279 ) );
#5683 = PRESENTATION_STYLE_ASSIGNMENT (( #2833 ) ) ;
#5684 = LINE ( 'NONE', #1275, #1332 ) ;
#5685 = ORIENTED_EDGE ( 'NONE', *, *, #3343, .T. ) ;
#5686 = FACE_OUTER_BOUND ( 'NONE', #4440, .T. ) ;
#5687 = PLANE ( 'NONE',  #2346 ) ;
#5688 = DIRECTION ( 'NONE',  ( 1.000000000000000000, 0.0000000000000000000, 0.0000000000000000000 ) ) ;
#5689 = LINE ( 'NONE', #1280, #6211 ) ;
#5690 = PRESENTATION_STYLE_ASSIGNMENT (( #4719 ) ) ;
#5691 = SURFACE_STYLE_USAGE ( .BOTH. , #5783 ) ;
#5692 = SURFACE_STYLE_FILL_AREA ( #3136 ) ;
#5693 = ADVANCED_FACE ( 'NONE', ( #3717 ), #5687, .F. ) ;
#5694 = ORIENTED_EDGE ( 'NONE', *, *, #3803, .F. ) ;
#5695 =( GEOMETRIC_REPRESENTATION_CONTEXT ( 3 ) GLOBAL_UNCERTAINTY_ASSIGNED_CONTEXT ( ( #3925 ) ) GLOBAL_UNIT_ASSIGNED_CONTEXT ( ( #4069, #4616, #1669 ) ) REPRESENTATION_CONTEXT ( 'NONE', 'WORKASPACE' ) );
#5696 = EDGE_CURVE ( 'NONE', #2676, #4570, #3497, .T. ) ;
#5697 = ORIENTED_EDGE ( 'NONE', *, *, #1613, .T. ) ;
#5698 = DIRECTION ( 'NONE',  ( 0.0000000000000000000, 0.0000000000000000000, -1.000000000000000000 ) ) ;
#5699 = CARTESIAN_POINT ( 'NONE',  ( -0.1614173228346456879, 0.1417322834645669549, -0.5629921259842519676 ) ) ;
#5700 = COLOUR_RGB ( '',1.000000000000000000, 1.000000000000000000, 1.000000000000000000 ) ;
#5701 = PRESENTATION_STYLE_ASSIGNMENT (( #1152 ) ) ;
#5702 =( NAMED_UNIT ( * ) PLANE_ANGLE_UNIT ( ) SI_UNIT ( $, .RADIAN. ) );
#5703 = ORIENTED_EDGE ( 'NONE', *, *, #4032, .F. ) ;
#5704 = DIRECTION ( 'NONE',  ( 0.0000000000000000000, -1.000000000000000000, 0.0000000000000000000 ) ) ;
#5705 = LINE ( 'NONE', #3688, #2665 ) ;
#5706 = MECHANICAL_DESIGN_GEOMETRIC_PRESENTATION_REPRESENTATION (  '', ( #4047 ), #6207 ) ;
#5707 = ORIENTED_EDGE ( 'NONE', *, *, #2958, .T. ) ;
#5708 = EDGE_CURVE ( 'NONE', #4699, #998, #71, .T. ) ;
#5709 = DIRECTION ( 'NONE',  ( 1.000000000000000000, 0.0000000000000000000, 0.0000000000000000000 ) ) ;
#5710 = AXIS2_PLACEMENT_3D ( 'NONE', #242, #3233, #757 ) ;
#5711 = FILL_AREA_STYLE ('',( #2699 ) ) ;
#5712 = DIMENSIONAL_EXPONENTS ( 1.000000000000000000, 0.0000000000000000000, 0.0000000000000000000, 0.0000000000000000000, 0.0000000000000000000, 0.0000000000000000000, 0.0000000000000000000 ) ;
#5713 = CIRCLE ( 'NONE', #2640, 0.1377952755905511306 ) ;
#5714 = SURFACE_SIDE_STYLE ('',( #4708 ) ) ;
#5715 = DIRECTION ( 'NONE',  ( 1.000000000000000000, 0.0000000000000000000, 0.0000000000000000000 ) ) ;
#5716 = DIRECTION ( 'NONE',  ( -1.000000000000000000, 1.905951631219736475E-16, 0.0000000000000000000 ) ) ;
#5717 = CIRCLE ( 'NONE', #6322, 0.02755905511811023931 ) ;
#5718 = SURFACE_STYLE_FILL_AREA ( #1798 ) ;
#5719 = ORIENTED_EDGE ( 'NONE', *, *, #2798, .F. ) ;
#5720 = UNCERTAINTY_MEASURE_WITH_UNIT (LENGTH_MEASURE( 1.000000000000000082E-05 ), #5853, 'distance_accuracy_value', 'NONE');
#5721 = DIRECTION ( 'NONE',  ( -1.000000000000000000, 0.0000000000000000000, 0.0000000000000000000 ) ) ;
#5722 = LENGTH_MEASURE_WITH_UNIT ( LENGTH_MEASURE( 0.02539999999999999897 ), #6191 );
#5723 =( NAMED_UNIT ( * ) PLANE_ANGLE_UNIT ( ) SI_UNIT ( $, .RADIAN. ) );
#5724 = CYLINDRICAL_SURFACE ( 'NONE', #4817, 0.01574803149606299885 ) ;
#5725 = CARTESIAN_POINT ( 'NONE',  ( -0.05118110236220478615, 0.0000000000000000000, -0.3277559055118110520 ) ) ;
#5726 = ORIENTED_EDGE ( 'NONE', *, *, #777, .F. ) ;
#5727 = ORIENTED_EDGE ( 'NONE', *, *, #6271, .F. ) ;
#5728 = FACE_OUTER_BOUND ( 'NONE', #1877, .T. ) ;
#5729 = STYLED_ITEM ( 'NONE', ( #2142 ), #5849 ) ;
#5730 = FACE_OUTER_BOUND ( 'NONE', #3546, .T. ) ;
#5731 = STYLED_ITEM ( 'NONE', ( #4044 ), #4807 ) ;
#5732 = ORIENTED_EDGE ( 'NONE', *, *, #2279, .T. ) ;
#5733 = FACE_OUTER_BOUND ( 'NONE', #6314, .T. ) ;
#5734 = AXIS2_PLACEMENT_3D ( 'NONE', #4010, #3567, #4420 ) ;
#5735 = ORIENTED_EDGE ( 'NONE', *, *, #2400, .F. ) ;
#5736 = SURFACE_STYLE_USAGE ( .BOTH. , #3802 ) ;
#5737 = EDGE_CURVE ( 'NONE', #4632, #6243, #173, .T. ) ;
#5738 = AXIS2_PLACEMENT_3D ( 'NONE', #4508, #5105, #2701 ) ;
#5739 = LINE ( 'NONE', #2828, #5450 ) ;
#5740 = EDGE_CURVE ( 'NONE', #884, #253, #908, .T. ) ;
#5741 = LINE ( 'NONE', #4217, #4099 ) ;
#5742 = SURFACE_STYLE_USAGE ( .BOTH. , #263 ) ;
#5743 = LINE ( 'NONE', #4222, #3051 ) ;
#5744 = DIRECTION ( 'NONE',  ( -1.000000000000000000, 0.0000000000000000000, 0.0000000000000000000 ) ) ;
#5745 = ORIENTED_EDGE ( 'NONE', *, *, #4064, .F. ) ;
#5746 = SURFACE_SIDE_STYLE ('',( #1951 ) ) ;
#5747 = DIMENSIONAL_EXPONENTS ( 1.000000000000000000, 0.0000000000000000000, 0.0000000000000000000, 0.0000000000000000000, 0.0000000000000000000, 0.0000000000000000000, 0.0000000000000000000 ) ;
#5748 = CIRCLE ( 'NONE', #5044, 0.02559055118110236532 ) ;
#5749 =( CONVERSION_BASED_UNIT ( 'INCH', #5722 ) LENGTH_UNIT ( ) NAMED_UNIT ( #5295 ) );
#5750 = VECTOR ( 'NONE', #2339, 39.37007874015748143 ) ;
#5751 = LINE ( 'NONE', #2475, #2590 ) ;
#5752 = ORIENTED_EDGE ( 'NONE', *, *, #959, .T. ) ;
#5753 = LENGTH_MEASURE_WITH_UNIT ( LENGTH_MEASURE( 0.02539999999999999897 ), #5787 );
#5754 = DIRECTION ( 'NONE',  ( 0.0000000000000000000, -1.000000000000000000, -1.239088197126290817E-16 ) ) ;
#5755 = VECTOR ( 'NONE', #5027, 39.37007874015748143 ) ;
#5756 = SURFACE_STYLE_FILL_AREA ( #4758 ) ;
#5757 = DIRECTION ( 'NONE',  ( -1.000000000000000000, -0.0000000000000000000, -0.0000000000000000000 ) ) ;
#5758 = VERTEX_POINT ( 'NONE', #422 ) ;
#5759 = SURFACE_STYLE_USAGE ( .BOTH. , #2786 ) ;
#5760 =( GEOMETRIC_REPRESENTATION_CONTEXT ( 3 ) GLOBAL_UNCERTAINTY_ASSIGNED_CONTEXT ( ( #2251 ) ) GLOBAL_UNIT_ASSIGNED_CONTEXT ( ( #1204, #5471, #4973 ) ) REPRESENTATION_CONTEXT ( 'NONE', 'WORKASPACE' ) );
#5761 = LENGTH_MEASURE_WITH_UNIT ( LENGTH_MEASURE( 0.02539999999999999897 ), #2364 );
#5762 = ORIENTED_EDGE ( 'NONE', *, *, #111, .F. ) ;
#5763 = LINE ( 'NONE', #441, #3458 ) ;
#5764 = COLOUR_RGB ( '',0.2509803921568627416, 0.2509803921568627416, 0.2509803921568627416 ) ;
#5765 = SURFACE_STYLE_USAGE ( .BOTH. , #5261 ) ;
#5766 = VERTEX_POINT ( 'NONE', #4002 ) ;
#5767 = SURFACE_STYLE_USAGE ( .BOTH. , #5679 ) ;
#5768 = EDGE_CURVE ( 'NONE', #5002, #864, #4799, .T. ) ;
#5769 = EDGE_CURVE ( 'NONE', #239, #1137, #966, .T. ) ;
#5770 =( LENGTH_UNIT ( ) NAMED_UNIT ( * ) SI_UNIT ( $, .METRE. ) );
#5771 = CARTESIAN_POINT ( 'NONE',  ( 0.0000000000000000000, 0.2559055118110236671, -0.03937007874015750059 ) ) ;
#5772 = FILL_AREA_STYLE ('',( #848 ) ) ;
#5773 = CIRCLE ( 'NONE', #5675, 0.1614173228346456879 ) ;
#5774 = MECHANICAL_DESIGN_GEOMETRIC_PRESENTATION_REPRESENTATION (  '', ( #3122 ), #6276 ) ;
#5775 = CARTESIAN_POINT ( 'NONE',  ( 0.0000000000000000000, 0.2559055118110236671, -0.8193313899813637891 ) ) ;
#5776 = VERTEX_POINT ( 'NONE', #552 ) ;
#5777 = UNCERTAINTY_MEASURE_WITH_UNIT (LENGTH_MEASURE( 1.000000000000000082E-05 ), #2752, 'distance_accuracy_value', 'NONE');
#5778 = VECTOR ( 'NONE', #5843, 39.37007874015748143 ) ;
#5779 = ADVANCED_FACE ( 'NONE', ( #3874 ), #3432, .F. ) ;
#5780 =( NAMED_UNIT ( * ) SI_UNIT ( $, .STERADIAN. ) SOLID_ANGLE_UNIT ( ) );
#5781 = FILL_AREA_STYLE ('',( #6162 ) ) ;
#5782 =( NAMED_UNIT ( * ) SI_UNIT ( $, .STERADIAN. ) SOLID_ANGLE_UNIT ( ) );
#5783 = SURFACE_SIDE_STYLE ('',( #4846 ) ) ;
#5784 = DIRECTION ( 'NONE',  ( 0.0000000000000000000, 4.336808689942006692E-15, -1.000000000000000000 ) ) ;
#5785 = VERTEX_POINT ( 'NONE', #13 ) ;
#5786 = AXIS2_PLACEMENT_3D ( 'NONE', #4553, #5681, #148 ) ;
#5787 =( LENGTH_UNIT ( ) NAMED_UNIT ( * ) SI_UNIT ( $, .METRE. ) );
#5788 = DIRECTION ( 'NONE',  ( -1.000000000000000000, -0.0000000000000000000, -0.0000000000000000000 ) ) ;
#5789 = CARTESIAN_POINT ( 'NONE',  ( 0.01574803149606299191, 0.07800173640789190288, -0.5877459237344989651 ) ) ;
#5790 = DIMENSIONAL_EXPONENTS ( 1.000000000000000000, 0.0000000000000000000, 0.0000000000000000000, 0.0000000000000000000, 0.0000000000000000000, 0.0000000000000000000, 0.0000000000000000000 ) ;
#5791 = CARTESIAN_POINT ( 'NONE',  ( 0.05118110236220479309, 0.03937007874015747977, -0.3415354330708661457 ) ) ;
#5792 =( LENGTH_UNIT ( ) NAMED_UNIT ( * ) SI_UNIT ( $, .METRE. ) );
#5793 = ORIENTED_EDGE ( 'NONE', *, *, #4313, .T. ) ;
#5794 = CARTESIAN_POINT ( 'NONE',  ( 0.1929133858267716439, 0.1456692913385826960, -0.5019685039370078705 ) ) ;
#5795 = ORIENTED_EDGE ( 'NONE', *, *, #2876, .F. ) ;
#5796 = STYLED_ITEM ( 'NONE', ( #2447 ), #3310 ) ;
#5797 = MECHANICAL_DESIGN_GEOMETRIC_PRESENTATION_REPRESENTATION (  '', ( #2837 ), #2413 ) ;
#5798 = ORIENTED_EDGE ( 'NONE', *, *, #4715, .T. ) ;
#5799 = DIRECTION ( 'NONE',  ( 1.000000000000000000, 0.0000000000000000000, 0.0000000000000000000 ) ) ;
#5800 = AXIS2_PLACEMENT_3D ( 'NONE', #4020, #1087, #601 ) ;
#5801 = CARTESIAN_POINT ( 'NONE',  ( 0.0000000000000000000, 0.2559055118110236671, -0.5629921259842519676 ) ) ;
#5802 = EDGE_CURVE ( 'NONE', #3001, #1316, #6330, .T. ) ;
#5803 = CARTESIAN_POINT ( 'NONE',  ( 0.1771653543307086798, 0.4330708661417322913, -0.1377952755905511584 ) ) ;
#5804 = DIRECTION ( 'NONE',  ( 1.000000000000000000, 0.0000000000000000000, 0.0000000000000000000 ) ) ;
#5805 = EDGE_LOOP ( 'NONE', ( #284, #5856, #5248, #6174, #2717, #5987 ) ) ;
#5806 = MECHANICAL_DESIGN_GEOMETRIC_PRESENTATION_REPRESENTATION (  '', ( #6311 ), #3054 ) ;
#5807 = PLANE ( 'NONE',  #515 ) ;
#5808 =( CONVERSION_BASED_UNIT ( 'INCH', #3750 ) LENGTH_UNIT ( ) NAMED_UNIT ( #3017 ) );
#5809 = EDGE_CURVE ( 'NONE', #1977, #209, #4126, .T. ) ;
#5810 = COLOUR_RGB ( '',1.000000000000000000, 1.000000000000000000, 1.000000000000000000 ) ;
#5811 = PRESENTATION_STYLE_ASSIGNMENT (( #5300 ) ) ;
#5812 = EDGE_CURVE ( 'NONE', #958, #1323, #1165, .T. ) ;
#5813 = DIRECTION ( 'NONE',  ( 0.0000000000000000000, 0.0000000000000000000, 1.000000000000000000 ) ) ;
#5814 = ORIENTED_EDGE ( 'NONE', *, *, #3456, .T. ) ;
#5815 = VECTOR ( 'NONE', #5211, 39.37007874015748143 ) ;
#5816 = SURFACE_SIDE_STYLE ('',( #2849 ) ) ;
#5817 = LINE ( 'NONE', #430, #5010 ) ;
#5818 = CYLINDRICAL_SURFACE ( 'NONE', #4459, 0.02559055118110236532 ) ;
#5819 = PRESENTATION_LAYER_ASSIGNMENT (  '', '', ( #5110 ) ) ;
#5820 =( LENGTH_UNIT ( ) NAMED_UNIT ( * ) SI_UNIT ( $, .METRE. ) );
#5821 = ORIENTED_EDGE ( 'NONE', *, *, #1120, .F. ) ;
#5822 = LINE ( 'NONE', #5945, #2764 ) ;
#5823 = VERTEX_POINT ( 'NONE', #687 ) ;
#5824 = AXIS2_PLACEMENT_3D ( 'NONE', #1501, #2025, #5427 ) ;
#5825 =( GEOMETRIC_REPRESENTATION_CONTEXT ( 3 ) GLOBAL_UNCERTAINTY_ASSIGNED_CONTEXT ( ( #3671 ) ) GLOBAL_UNIT_ASSIGNED_CONTEXT ( ( #3357, #4818, #2750 ) ) REPRESENTATION_CONTEXT ( 'NONE', 'WORKASPACE' ) );
#5826 =( CONVERSION_BASED_UNIT ( 'INCH', #838 ) LENGTH_UNIT ( ) NAMED_UNIT ( #6274 ) );
#5827 = DIRECTION ( 'NONE',  ( -1.000000000000000000, 0.0000000000000000000, 0.0000000000000000000 ) ) ;
#5828 = DIRECTION ( 'NONE',  ( -1.000000000000000000, 0.0000000000000000000, 0.0000000000000000000 ) ) ;
#5829 = COLOUR_RGB ( '',0.2509803921568627416, 0.2509803921568627416, 0.2509803921568627416 ) ;
#5830 = DIMENSIONAL_EXPONENTS ( 1.000000000000000000, 0.0000000000000000000, 0.0000000000000000000, 0.0000000000000000000, 0.0000000000000000000, 0.0000000000000000000, 0.0000000000000000000 ) ;
#5831 = MECHANICAL_DESIGN_GEOMETRIC_PRESENTATION_REPRESENTATION (  '', ( #5231 ), #3077 ) ;
#5832 = ORIENTED_EDGE ( 'NONE', *, *, #380, .F. ) ;
#5833 = LINE ( 'NONE', #3990, #1062 ) ;
#5834 =( NAMED_UNIT ( * ) PLANE_ANGLE_UNIT ( ) SI_UNIT ( $, .RADIAN. ) );
#5835 =( NAMED_UNIT ( * ) SI_UNIT ( $, .STERADIAN. ) SOLID_ANGLE_UNIT ( ) );
#5836 = ORIENTED_EDGE ( 'NONE', *, *, #1490, .F. ) ;
#5837 = DIRECTION ( 'NONE',  ( -1.905951631219736475E-16, 1.000000000000000000, 0.0000000000000000000 ) ) ;
#5838 = EDGE_LOOP ( 'NONE', ( #4130, #1341, #837, #3383, #286, #2335, #4474, #2230 ) ) ;
#5839 =( NAMED_UNIT ( * ) PLANE_ANGLE_UNIT ( ) SI_UNIT ( $, .RADIAN. ) );
#5840 = CIRCLE ( 'NONE', #188, 0.05314960629921260116 ) ;
#5841 = FACE_OUTER_BOUND ( 'NONE', #3316, .T. ) ;
#5842 =( NAMED_UNIT ( * ) PLANE_ANGLE_UNIT ( ) SI_UNIT ( $, .RADIAN. ) );
#5843 = DIRECTION ( 'NONE',  ( -1.000000000000000000, -1.421904488505579654E-16, -0.0000000000000000000 ) ) ;
#5844 = FILL_AREA_STYLE_COLOUR ( '', #1000 ) ;
#5845 = LINE ( 'NONE', #827, #4620 ) ;
#5846 = ORIENTED_EDGE ( 'NONE', *, *, #959, .F. ) ;
#5847 = AXIS2_PLACEMENT_3D ( 'NONE', #1282, #3382, #3353 ) ;
#5848 = EDGE_CURVE ( 'NONE', #2823, #3755, #5107, .T. ) ;
#5849 = ADVANCED_FACE ( 'NONE', ( #3094 ), #5476, .T. ) ;
#5850 =( NAMED_UNIT ( * ) SI_UNIT ( $, .STERADIAN. ) SOLID_ANGLE_UNIT ( ) );
#5851 = LINE ( 'NONE', #5398, #4475 ) ;
#5852 = EDGE_CURVE ( 'NONE', #2043, #606, #2571, .T. ) ;
#5853 =( CONVERSION_BASED_UNIT ( 'INCH', #5459 ) LENGTH_UNIT ( ) NAMED_UNIT ( #5223 ) );
#5854 = PRESENTATION_LAYER_ASSIGNMENT (  '', '', ( #1117 ) ) ;
#5855 = CARTESIAN_POINT ( 'NONE',  ( -0.03346456692913385433, 0.2559055118110236671, -0.5846456692913385433 ) ) ;
#5856 = ORIENTED_EDGE ( 'NONE', *, *, #484, .T. ) ;
#5857 = ORIENTED_EDGE ( 'NONE', *, *, #5812, .F. ) ;
#5858 = MECHANICAL_DESIGN_GEOMETRIC_PRESENTATION_REPRESENTATION (  '', ( #3496 ), #2369 ) ;
#5859 = SURFACE_STYLE_FILL_AREA ( #4017 ) ;
#5860 = EDGE_CURVE ( 'NONE', #2708, #398, #5510, .T. ) ;
#5861 = FACE_OUTER_BOUND ( 'NONE', #189, .T. ) ;
#5862 = FILL_AREA_STYLE ('',( #2007 ) ) ;
#5863 = MECHANICAL_DESIGN_GEOMETRIC_PRESENTATION_REPRESENTATION (  '', ( #1861 ), #5444 ) ;
#5864 = ORIENTED_EDGE ( 'NONE', *, *, #5848, .F. ) ;
#5865 = AXIS2_PLACEMENT_3D ( 'NONE', #6097, #1241, #208 ) ;
#5866 = DIRECTION ( 'NONE',  ( 0.0000000000000000000, 1.239088197126290817E-16, -1.000000000000000000 ) ) ;
#5867 = CARTESIAN_POINT ( 'NONE',  ( -0.06886951056903901913, 0.1673228346456692994, -0.03937007874015752834 ) ) ;
#5868 =( GEOMETRIC_REPRESENTATION_CONTEXT ( 3 ) GLOBAL_UNCERTAINTY_ASSIGNED_CONTEXT ( ( #2578 ) ) GLOBAL_UNIT_ASSIGNED_CONTEXT ( ( #472, #1452, #1361 ) ) REPRESENTATION_CONTEXT ( 'NONE', 'WORKASPACE' ) );
#5869 = MECHANICAL_DESIGN_GEOMETRIC_PRESENTATION_REPRESENTATION (  '', ( #2492 ), #4948 ) ;
#5870 = FACE_OUTER_BOUND ( 'NONE', #2363, .T. ) ;
#5871 = SURFACE_SIDE_STYLE ('',( #3317 ) ) ;
#5872 = DIMENSIONAL_EXPONENTS ( 1.000000000000000000, 0.0000000000000000000, 0.0000000000000000000, 0.0000000000000000000, 0.0000000000000000000, 0.0000000000000000000, 0.0000000000000000000 ) ;
#5873 = VERTEX_POINT ( 'NONE', #3188 ) ;
#5874 = VECTOR ( 'NONE', #2209, 39.37007874015748143 ) ;
#5875 = PRESENTATION_LAYER_ASSIGNMENT (  '', '', ( #516 ) ) ;
#5876 = CARTESIAN_POINT ( 'NONE',  ( 0.0000000000000000000, 0.2559055118110236671, -0.06889763779527564858 ) ) ;
#5877 = CARTESIAN_POINT ( 'NONE',  ( -0.09540646311852470085, 0.3149606299212598381, -0.03937007874015750059 ) ) ;
#5878 =( CONVERSION_BASED_UNIT ( 'INCH', #17 ) LENGTH_UNIT ( ) NAMED_UNIT ( #1678 ) );
#5879 = ORIENTED_EDGE ( 'NONE', *, *, #574, .F. ) ;
#5880 = LINE ( 'NONE', #4951, #2029 ) ;
#5881 = ADVANCED_FACE ( 'NONE', ( #1630 ), #2079, .T. ) ;
#5882 = ADVANCED_FACE ( 'NONE', ( #293 ), #2767, .F. ) ;
#5883 =( LENGTH_UNIT ( ) NAMED_UNIT ( * ) SI_UNIT ( $, .METRE. ) );
#5884 = ORIENTED_EDGE ( 'NONE', *, *, #5696, .T. ) ;
#5885 = COLOUR_RGB ( '',0.2509803921568627416, 0.2509803921568627416, 0.2509803921568627416 ) ;
#5886 = LINE ( 'NONE', #2001, #5313 ) ;
#5887 = EDGE_LOOP ( 'NONE', ( #2061, #1475 ) ) ;
#5888 = LINE ( 'NONE', #98, #3779 ) ;
#5889 = LENGTH_MEASURE_WITH_UNIT ( LENGTH_MEASURE( 0.02539999999999999897 ), #3922 );
#5890 = FILL_AREA_STYLE_COLOUR ( '', #4631 ) ;
#5891 = CARTESIAN_POINT ( 'NONE',  ( 0.03937007874015747977, 0.2559055118110236671, -0.4035433070866141225 ) ) ;
#5892 = VERTEX_POINT ( 'NONE', #4679 ) ;
#5893 = EDGE_CURVE ( 'NONE', #5345, #6341, #4078, .T. ) ;
#5894 =( GEOMETRIC_REPRESENTATION_CONTEXT ( 3 ) GLOBAL_UNCERTAINTY_ASSIGNED_CONTEXT ( ( #2600 ) ) GLOBAL_UNIT_ASSIGNED_CONTEXT ( ( #4952, #4915, #528 ) ) REPRESENTATION_CONTEXT ( 'NONE', 'WORKASPACE' ) );
#5895 = LINE ( 'NONE', #2987, #2502 ) ;
#5896 = VECTOR ( 'NONE', #5688, 39.37007874015748143 ) ;
#5897 = ORIENTED_EDGE ( 'NONE', *, *, #1253, .F. ) ;
#5898 = STYLED_ITEM ( 'NONE', ( #572 ), #3763 ) ;
#5899 = VERTEX_POINT ( 'NONE', #4287 ) ;
#5900 = PRESENTATION_STYLE_ASSIGNMENT (( #4443 ) ) ;
#5901 = EDGE_LOOP ( 'NONE', ( #533, #3493, #3808, #1745 ) ) ;
#5902 = MECHANICAL_DESIGN_GEOMETRIC_PRESENTATION_REPRESENTATION (  '', ( #6213 ), #6317 ) ;
#5903 = DIRECTION ( 'NONE',  ( -1.000000000000000000, 0.0000000000000000000, -6.370453442852683715E-16 ) ) ;
#5904 = LINE ( 'NONE', #2510, #3738 ) ;
#5905 = DIMENSIONAL_EXPONENTS ( 1.000000000000000000, 0.0000000000000000000, 0.0000000000000000000, 0.0000000000000000000, 0.0000000000000000000, 0.0000000000000000000, 0.0000000000000000000 ) ;
#5906 =( NAMED_UNIT ( * ) SI_UNIT ( $, .STERADIAN. ) SOLID_ANGLE_UNIT ( ) );
#5907 = DIRECTION ( 'NONE',  ( 0.0000000000000000000, -0.8574929257125443183, 0.5144957554275263467 ) ) ;
#5908 = DIRECTION ( 'NONE',  ( 0.0000000000000000000, 0.5144957554275227940, 0.8574929257125465387 ) ) ;
#5909 = PRESENTATION_LAYER_ASSIGNMENT (  '', '', ( #5504 ) ) ;
#5910 = ORIENTED_EDGE ( 'NONE', *, *, #4342, .F. ) ;
#5911 = LINE ( 'NONE', #3106, #6132 ) ;
#5912 = ORIENTED_EDGE ( 'NONE', *, *, #409, .F. ) ;
#5913 = DIRECTION ( 'NONE',  ( 1.000000000000000000, -1.173770394969625570E-15, 0.0000000000000000000 ) ) ;
#5914 = DIRECTION ( 'NONE',  ( 0.0000000000000000000, 0.0000000000000000000, -1.000000000000000000 ) ) ;
#5915 = LINE ( 'NONE', #2593, #5079 ) ;
#5916 = AXIS2_PLACEMENT_3D ( 'NONE', #1710, #2227, #636 ) ;
#5917 = SURFACE_STYLE_USAGE ( .BOTH. , #4927 ) ;
#5918 = ORIENTED_EDGE ( 'NONE', *, *, #2278, .T. ) ;
#5919 = COLOUR_RGB ( '',1.000000000000000000, 1.000000000000000000, 1.000000000000000000 ) ;
#5920 = UNCERTAINTY_MEASURE_WITH_UNIT (LENGTH_MEASURE( 1.000000000000000082E-05 ), #3319, 'distance_accuracy_value', 'NONE');
#5921 = STYLED_ITEM ( 'NONE', ( #4331 ), #4671 ) ;
#5922 = ADVANCED_FACE ( 'NONE', ( #1854 ), #1934, .T. ) ;
#5923 = ADVANCED_FACE ( 'NONE', ( #3710 ), #2660, .T. ) ;
#5924 = VECTOR ( 'NONE', #3935, 39.37007874015748854 ) ;
#5925 = SURFACE_SIDE_STYLE ('',( #4436 ) ) ;
#5926 = DIRECTION ( 'NONE',  ( 1.000000000000000000, -1.204669080539449344E-16, 0.0000000000000000000 ) ) ;
#5927 = LINE ( 'NONE', #1028, #4958 ) ;
#5928 = PRESENTATION_LAYER_ASSIGNMENT (  '', '', ( #2557 ) ) ;
#5929 = ORIENTED_EDGE ( 'NONE', *, *, #3415, .T. ) ;
#5930 = DIRECTION ( 'NONE',  ( -1.000000000000000000, 0.0000000000000000000, 0.0000000000000000000 ) ) ;
#5931 =( NAMED_UNIT ( * ) PLANE_ANGLE_UNIT ( ) SI_UNIT ( $, .RADIAN. ) );
#5932 = LINE ( 'NONE', #3029, #4158 ) ;
#5933 = FACE_OUTER_BOUND ( 'NONE', #2891, .T. ) ;
#5934 =( GEOMETRIC_REPRESENTATION_CONTEXT ( 3 ) GLOBAL_UNCERTAINTY_ASSIGNED_CONTEXT ( ( #5270 ) ) GLOBAL_UNIT_ASSIGNED_CONTEXT ( ( #3691, #1107, #1699 ) ) REPRESENTATION_CONTEXT ( 'NONE', 'WORKASPACE' ) );
#5935 = CARTESIAN_POINT ( 'NONE',  ( -0.01574803149606299885, 0.1165948038395977215, -0.5708661417322834497 ) ) ;
#5936 = ORIENTED_EDGE ( 'NONE', *, *, #1301, .T. ) ;
#5937 = CARTESIAN_POINT ( 'NONE',  ( 0.0000000000000000000, -0.08267716535433072833, -0.1850393700787401619 ) ) ;
#5938 =( LENGTH_UNIT ( ) NAMED_UNIT ( * ) SI_UNIT ( $, .METRE. ) );
#5939 = CARTESIAN_POINT ( 'NONE',  ( 0.05118110236220479309, 0.03937007874015747977, -0.5019685039370078705 ) ) ;
#5940 =( NAMED_UNIT ( * ) SI_UNIT ( $, .STERADIAN. ) SOLID_ANGLE_UNIT ( ) );
#5941 = CARTESIAN_POINT ( 'NONE',  ( 0.09055118110236218265, 0.2559055118110236671, -0.5787401574803149318 ) ) ;
#5942 = DIRECTION ( 'NONE',  ( 0.0000000000000000000, 1.000000000000000000, 0.0000000000000000000 ) ) ;
#5943 = FILL_AREA_STYLE_COLOUR ( '', #4614 ) ;
#5944 = ORIENTED_EDGE ( 'NONE', *, *, #1481, .T. ) ;
#5945 = CARTESIAN_POINT ( 'NONE',  ( -0.05905511811023622659, 0.007874015748031499423, -0.5629921259842519676 ) ) ;
#5946 = ORIENTED_EDGE ( 'NONE', *, *, #2566, .T. ) ;
#5947 = CARTESIAN_POINT ( 'NONE',  ( 0.1771653543307086798, 0.3149606299212598381, -0.03937007874015749365 ) ) ;
#5948 = SURFACE_STYLE_USAGE ( .BOTH. , #2490 ) ;
#5949 = COLOUR_RGB ( '',1.000000000000000000, 1.000000000000000000, 1.000000000000000000 ) ;
#5950 = CYLINDRICAL_SURFACE ( 'NONE', #4860, 0.1377952755905511306 ) ;
#5951 = SURFACE_STYLE_FILL_AREA ( #2099 ) ;
#5952 = FACE_OUTER_BOUND ( 'NONE', #4832, .T. ) ;
#5953 = LINE ( 'NONE', #2493, #5962 ) ;
#5954 = DIMENSIONAL_EXPONENTS ( 1.000000000000000000, 0.0000000000000000000, 0.0000000000000000000, 0.0000000000000000000, 0.0000000000000000000, 0.0000000000000000000, 0.0000000000000000000 ) ;
#5955 = EDGE_LOOP ( 'NONE', ( #4809, #3250, #1776, #645, #465, #859 ) ) ;
#5956 = ADVANCED_FACE ( 'NONE', ( #1156 ), #1716, .F. ) ;
#5957 = EDGE_CURVE ( 'NONE', #2155, #5388, #1357, .T. ) ;
#5958 = EDGE_LOOP ( 'NONE', ( #156, #3248, #4492, #3291 ) ) ;
#5959 = SURFACE_SIDE_STYLE ('',( #2608 ) ) ;
#5960 = ORIENTED_EDGE ( 'NONE', *, *, #6051, .F. ) ;
#5961 = LENGTH_MEASURE_WITH_UNIT ( LENGTH_MEASURE( 0.02539999999999999897 ), #1561 );
#5962 = VECTOR ( 'NONE', #3050, 39.37007874015748143 ) ;
#5963 = SURFACE_STYLE_USAGE ( .BOTH. , #6181 ) ;
#5964 =( LENGTH_UNIT ( ) NAMED_UNIT ( * ) SI_UNIT ( $, .METRE. ) );
#5965 = DIRECTION ( 'NONE',  ( 0.0000000000000000000, -1.000000000000000000, 0.0000000000000000000 ) ) ;
#5966 = ORIENTED_EDGE ( 'NONE', *, *, #366, .T. ) ;
#5967 = UNCERTAINTY_MEASURE_WITH_UNIT (LENGTH_MEASURE( 1.000000000000000082E-05 ), #2238, 'distance_accuracy_value', 'NONE');
#5968 = EDGE_CURVE ( 'NONE', #4141, #3957, #3305, .T. ) ;
#5969 = FILL_AREA_STYLE ('',( #4417 ) ) ;
#5970 = LENGTH_MEASURE_WITH_UNIT ( LENGTH_MEASURE( 0.02539999999999999897 ), #5938 );
#5971 =( CONVERSION_BASED_UNIT ( 'INCH', #121 ) LENGTH_UNIT ( ) NAMED_UNIT ( #4373 ) );
#5972 = CARTESIAN_POINT ( 'NONE',  ( 0.1377952755905511306, 0.2559055118110236671, -0.03937007874015750059 ) ) ;
#5973 = FACE_OUTER_BOUND ( 'NONE', #4745, .T. ) ;
#5974 = AXIS2_PLACEMENT_3D ( 'NONE', #6159, #2774, #241 ) ;
#5975 = VECTOR ( 'NONE', #1530, 39.37007874015748143 ) ;
#5976 = EDGE_LOOP ( 'NONE', ( #379, #2178, #4884, #3396 ) ) ;
#5977 = CARTESIAN_POINT ( 'NONE',  ( -0.1614173228346456879, 0.2559055118110236671, -0.5984251968503937480 ) ) ;
#5978 = ORIENTED_EDGE ( 'NONE', *, *, #1244, .T. ) ;
#5979 = CARTESIAN_POINT ( 'NONE',  ( 0.07677165354330710290, 0.1417322834645669549, -0.5629921259842519676 ) ) ;
#5980 = LINE ( 'NONE', #3049, #4652 ) ;
#5981 = CARTESIAN_POINT ( 'NONE',  ( -0.05905511811023622659, 0.007874015748031499423, -0.5787401574803149318 ) ) ;
#5982 = LINE ( 'NONE', #543, #2174 ) ;
#5983 = PRESENTATION_LAYER_ASSIGNMENT (  '', '', ( #2399 ) ) ;
#5984 = CARTESIAN_POINT ( 'NONE',  ( 0.1771653543307086798, 0.1614173228346456879, -0.5019685039370078705 ) ) ;
#5985 = ORIENTED_EDGE ( 'NONE', *, *, #6355, .F. ) ;
#5986 = UNCERTAINTY_MEASURE_WITH_UNIT (LENGTH_MEASURE( 1.000000000000000082E-05 ), #4394, 'distance_accuracy_value', 'NONE');
#5987 = ORIENTED_EDGE ( 'NONE', *, *, #2443, .F. ) ;
#5988 = FILL_AREA_STYLE_COLOUR ( '', #3811 ) ;
#5989 = MECHANICAL_DESIGN_GEOMETRIC_PRESENTATION_REPRESENTATION (  '', ( #2405 ), #5695 ) ;
#5990 = CARTESIAN_POINT ( 'NONE',  ( 0.0000000000000000000, -0.08267716535433072833, -0.1574803149606299191 ) ) ;
#5991 = CARTESIAN_POINT ( 'NONE',  ( -0.1614173228346456879, 0.1417322834645669549, -0.5629921259842519676 ) ) ;
#5992 = FILL_AREA_STYLE ('',( #4031 ) ) ;
#5993 = DIRECTION ( 'NONE',  ( 0.0000000000000000000, 0.8574929257125463167, -0.5144957554275227940 ) ) ;
#5994 = CARTESIAN_POINT ( 'NONE',  ( 0.0000000000000000000, -0.07874015748031495954, -0.5629921259842519676 ) ) ;
#5995 = PRESENTATION_STYLE_ASSIGNMENT (( #1037 ) ) ;
#5996 = EDGE_LOOP ( 'NONE', ( #2577, #2974, #3737, #5798 ) ) ;
#5997 = VECTOR ( 'NONE', #6305, 39.37007874015748143 ) ;
#5998 = ADVANCED_FACE ( 'NONE', ( #3799 ), #2302, .F. ) ;
#5999 = DIRECTION ( 'NONE',  ( 1.000000000000000000, 0.0000000000000000000, 0.0000000000000000000 ) ) ;
#6000 = SURFACE_SIDE_STYLE ('',( #1569 ) ) ;
#6001 = CARTESIAN_POINT ( 'NONE',  ( 0.0000000000000000000, -0.08858267716535427050, -0.2573434003509834089 ) ) ;
#6002 = DIRECTION ( 'NONE',  ( -1.000000000000000000, 0.0000000000000000000, 0.0000000000000000000 ) ) ;
#6003 = EDGE_CURVE ( 'NONE', #5899, #5189, #5705, .T. ) ;
#6004 = FACE_BOUND ( 'NONE', #795, .T. ) ;
#6005 =( NAMED_UNIT ( * ) PLANE_ANGLE_UNIT ( ) SI_UNIT ( $, .RADIAN. ) );
#6006 = VERTEX_POINT ( 'NONE', #2803 ) ;
#6007 = SURFACE_SIDE_STYLE ('',( #1081 ) ) ;
#6008 = EDGE_LOOP ( 'NONE', ( #1358, #796, #3685, #3509 ) ) ;
#6009 = SURFACE_SIDE_STYLE ('',( #2157 ) ) ;
#6010 = DIRECTION ( 'NONE',  ( 0.0000000000000000000, 0.0000000000000000000, 1.000000000000000000 ) ) ;
#6011 = CARTESIAN_POINT ( 'NONE',  ( 0.08450248831449320985, 0.3297244094488189226, -0.05413385826771659193 ) ) ;
#6012 = CARTESIAN_POINT ( 'NONE',  ( 0.1771653543307086798, 0.1456692913385826682, -0.4035433070866140670 ) ) ;
#6013 = PRESENTATION_LAYER_ASSIGNMENT (  '', '', ( #2431 ) ) ;
#6014 = CARTESIAN_POINT ( 'NONE',  ( 0.01574803149606299191, 0.08641732283464564901, -0.5770472440944881543 ) ) ;
#6015 = ORIENTED_EDGE ( 'NONE', *, *, #960, .F. ) ;
#6016 = LENGTH_MEASURE_WITH_UNIT ( LENGTH_MEASURE( 0.02539999999999999897 ), #2103 );
#6017 = ORIENTED_EDGE ( 'NONE', *, *, #2552, .F. ) ;
#6018 = SURFACE_STYLE_FILL_AREA ( #5539 ) ;
#6019 =( NAMED_UNIT ( * ) PLANE_ANGLE_UNIT ( ) SI_UNIT ( $, .RADIAN. ) );
#6020 = DIRECTION ( 'NONE',  ( -1.000000000000000000, 2.134811861556445229E-16, 0.0000000000000000000 ) ) ;
#6021 =( GEOMETRIC_REPRESENTATION_CONTEXT ( 3 ) GLOBAL_UNCERTAINTY_ASSIGNED_CONTEXT ( ( #438 ) ) GLOBAL_UNIT_ASSIGNED_CONTEXT ( ( #3592, #4645, #585 ) ) REPRESENTATION_CONTEXT ( 'NONE', 'WORKASPACE' ) );
#6022 = LENGTH_MEASURE_WITH_UNIT ( LENGTH_MEASURE( 0.02539999999999999897 ), #2175 );
#6023 =( NAMED_UNIT ( * ) PLANE_ANGLE_UNIT ( ) SI_UNIT ( $, .RADIAN. ) );
#6024 = DIRECTION ( 'NONE',  ( 0.0000000000000000000, -1.000000000000000000, 0.0000000000000000000 ) ) ;
#6025 =( LENGTH_UNIT ( ) NAMED_UNIT ( * ) SI_UNIT ( $, .METRE. ) );
#6026 = APPLICATION_CONTEXT ( 'automotive_design' ) ;
#6027 = CARTESIAN_POINT ( 'NONE',  ( -0.03346456692913385433, 0.2559055118110236671, -0.5944881889763778959 ) ) ;
#6028 = CIRCLE ( 'NONE', #3287, 0.1122047244094488277 ) ;
#6029 = EDGE_LOOP ( 'NONE', ( #3261, #5406, #3997, #5560 ) ) ;
#6030 = FILL_AREA_STYLE ('',( #2182 ) ) ;
#6031 = VECTOR ( 'NONE', #2066, 39.37007874015748143 ) ;
#6032 = DIRECTION ( 'NONE',  ( -0.0000000000000000000, -0.0000000000000000000, -1.000000000000000000 ) ) ;
#6033 =( CONVERSION_BASED_UNIT ( 'INCH', #1507 ) LENGTH_UNIT ( ) NAMED_UNIT ( #4714 ) );
#6034 =( CONVERSION_BASED_UNIT ( 'INCH', #2649 ) LENGTH_UNIT ( ) NAMED_UNIT ( #1172 ) );
#6035 = EDGE_CURVE ( 'NONE', #2756, #3113, #1308, .T. ) ;
#6036 = ORIENTED_EDGE ( 'NONE', *, *, #1397, .F. ) ;
#6037 = EDGE_CURVE ( 'NONE', #2372, #1717, #2252, .T. ) ;
#6038 = MECHANICAL_DESIGN_GEOMETRIC_PRESENTATION_REPRESENTATION (  '', ( #3588 ), #4087 ) ;
#6039 = EDGE_LOOP ( 'NONE', ( #4391, #505, #1307, #5674 ) ) ;
#6040 = EDGE_CURVE ( 'NONE', #3228, #334, #4486, .T. ) ;
#6041 = CARTESIAN_POINT ( 'NONE',  ( -0.05118110236220467513, 0.03937007874015747977, -0.5629921259842519676 ) ) ;
#6042 =( CONVERSION_BASED_UNIT ( 'INCH', #1183 ) LENGTH_UNIT ( ) NAMED_UNIT ( #1516 ) );
#6043 = PRESENTATION_STYLE_ASSIGNMENT (( #5193 ) ) ;
#6044 = FILL_AREA_STYLE ('',( #2229 ) ) ;
#6045 = CARTESIAN_POINT ( 'NONE',  ( -0.1771653543307086798, 0.3937007874015747699, -0.06889763779527559306 ) ) ;
#6046 = AXIS2_PLACEMENT_3D ( 'NONE', #734, #5657, #5522 ) ;
#6047 = ORIENTED_EDGE ( 'NONE', *, *, #1200, .T. ) ;
#6048 = SURFACE_STYLE_FILL_AREA ( #4668 ) ;
#6049 = UNCERTAINTY_MEASURE_WITH_UNIT (LENGTH_MEASURE( 1.000000000000000082E-05 ), #1857, 'distance_accuracy_value', 'NONE');
#6050 = ORIENTED_EDGE ( 'NONE', *, *, #6312, .T. ) ;
#6051 = EDGE_CURVE ( 'NONE', #365, #3052, #4329, .T. ) ;
#6052 = AXIS2_PLACEMENT_3D ( 'NONE', #3399, #449, #1491 ) ;
#6053 = CARTESIAN_POINT ( 'NONE',  ( 0.05118110236220479309, -5.557958971484914130E-20, -0.5629921259842519676 ) ) ;
#6054 =( LENGTH_UNIT ( ) NAMED_UNIT ( * ) SI_UNIT ( $, .METRE. ) );
#6055 = VECTOR ( 'NONE', #203, 39.37007874015748143 ) ;
#6056 = PLANE ( 'NONE',  #2583 ) ;
#6057 = LINE ( 'NONE', #4219, #5874 ) ;
#6058 = AXIS2_PLACEMENT_3D ( 'NONE', #5990, #3590, #2700 ) ;
#6059 =( NAMED_UNIT ( * ) PLANE_ANGLE_UNIT ( ) SI_UNIT ( $, .RADIAN. ) );
#6060 =( CONVERSION_BASED_UNIT ( 'INCH', #5643 ) LENGTH_UNIT ( ) NAMED_UNIT ( #1390 ) );
#6061 = CARTESIAN_POINT ( 'NONE',  ( 0.0000000000000000000, 0.2559055118110236671, 0.1113553986120547484 ) ) ;
#6062 = DIRECTION ( 'NONE',  ( 0.0000000000000000000, 0.0000000000000000000, -1.000000000000000000 ) ) ;
#6063 = VECTOR ( 'NONE', #3791, 39.37007874015748143 ) ;
#6064 = DIRECTION ( 'NONE',  ( -0.0000000000000000000, -1.000000000000000000, -0.0000000000000000000 ) ) ;
#6065 = ORIENTED_EDGE ( 'NONE', *, *, #5769, .F. ) ;
#6066 = DIMENSIONAL_EXPONENTS ( 1.000000000000000000, 0.0000000000000000000, 0.0000000000000000000, 0.0000000000000000000, 0.0000000000000000000, 0.0000000000000000000, 0.0000000000000000000 ) ;
#6067 = CARTESIAN_POINT ( 'NONE',  ( 0.0000000000000000000, 0.2559055118110236671, -0.5944881889763780070 ) ) ;
#6068 = AXIS2_PLACEMENT_3D ( 'NONE', #900, #3863, #3395 ) ;
#6069 = VECTOR ( 'NONE', #8, 39.37007874015748143 ) ;
#6070 =( NAMED_UNIT ( * ) SI_UNIT ( $, .STERADIAN. ) SOLID_ANGLE_UNIT ( ) );
#6071 =( NAMED_UNIT ( * ) PLANE_ANGLE_UNIT ( ) SI_UNIT ( $, .RADIAN. ) );
#6072 = ORIENTED_EDGE ( 'NONE', *, *, #4707, .F. ) ;
#6073 = AXIS2_PLACEMENT_3D ( 'NONE', #2307, #3805, #870 ) ;
#6074 = ORIENTED_EDGE ( 'NONE', *, *, #3454, .T. ) ;
#6075 = FILL_AREA_STYLE ('',( #4563 ) ) ;
#6076 = FILL_AREA_STYLE_COLOUR ( '', #1735 ) ;
#6077 = DIRECTION ( 'NONE',  ( 0.0000000000000000000, 0.0000000000000000000, -1.000000000000000000 ) ) ;
#6078 = ADVANCED_FACE ( 'NONE', ( #5686 ), #4045, .F. ) ;
#6079 = ADVANCED_FACE ( 'NONE', ( #4811 ), #5807, .T. ) ;
#6080 = LENGTH_MEASURE_WITH_UNIT ( LENGTH_MEASURE( 0.02539999999999999897 ), #3244 );
#6081 = STYLED_ITEM ( 'NONE', ( #4262 ), #6079 ) ;
#6082 = CIRCLE ( 'NONE', #2294, 0.05905511811023623353 ) ;
#6083 = PRESENTATION_STYLE_ASSIGNMENT (( #1784 ) ) ;
#6084 = ORIENTED_EDGE ( 'NONE', *, *, #1484, .T. ) ;
#6085 = VECTOR ( 'NONE', #4004, 39.37007874015748143 ) ;
#6086 = VERTEX_POINT ( 'NONE', #6256 ) ;
#6087 = EDGE_CURVE ( 'NONE', #1296, #884, #3870, .T. ) ;
#6088 = FACE_OUTER_BOUND ( 'NONE', #5996, .T. ) ;
#6089 =( LENGTH_UNIT ( ) NAMED_UNIT ( * ) SI_UNIT ( $, .METRE. ) );
#6090 = EDGE_CURVE ( 'NONE', #3673, #6249, #3375, .T. ) ;
#6091 = SURFACE_SIDE_STYLE ('',( #4573 ) ) ;
#6092 =( GEOMETRIC_REPRESENTATION_CONTEXT ( 3 ) GLOBAL_UNCERTAINTY_ASSIGNED_CONTEXT ( ( #2053 ) ) GLOBAL_UNIT_ASSIGNED_CONTEXT ( ( #2131, #196, #4208 ) ) REPRESENTATION_CONTEXT ( 'NONE', 'WORKASPACE' ) );
#6093 = LINE ( 'NONE', #3256, #3817 ) ;
#6094 = SURFACE_STYLE_USAGE ( .BOTH. , #5606 ) ;
#6095 = AXIS2_PLACEMENT_3D ( 'NONE', #3617, #1160, #2663 ) ;
#6096 = SURFACE_STYLE_USAGE ( .BOTH. , #5180 ) ;
#6097 = CARTESIAN_POINT ( 'NONE',  ( 0.0000000000000000000, 0.0000000000000000000, -0.1574803149606299191 ) ) ;
#6098 = ORIENTED_EDGE ( 'NONE', *, *, #4267, .T. ) ;
#6099 = UNCERTAINTY_MEASURE_WITH_UNIT (LENGTH_MEASURE( 1.000000000000000082E-05 ), #2331, 'distance_accuracy_value', 'NONE');
#6100 = STYLED_ITEM ( 'NONE', ( #6043 ), #3152 ) ;
#6101 = DIRECTION ( 'NONE',  ( 0.0000000000000000000, 0.0000000000000000000, -1.000000000000000000 ) ) ;
#6102 = DIRECTION ( 'NONE',  ( 1.000000000000000000, 0.0000000000000000000, 0.0000000000000000000 ) ) ;
#6103 = SURFACE_SIDE_STYLE ('',( #3568 ) ) ;
#6104 = LINE ( 'NONE', #5026, #3225 ) ;
#6105 = VECTOR ( 'NONE', #5049, 39.37007874015748143 ) ;
#6106 = ORIENTED_EDGE ( 'NONE', *, *, #223, .T. ) ;
#6107 = EDGE_LOOP ( 'NONE', ( #5596, #2266, #929, #3240 ) ) ;
#6108 = STYLED_ITEM ( 'NONE', ( #4318 ), #3577 ) ;
#6109 =( NAMED_UNIT ( * ) PLANE_ANGLE_UNIT ( ) SI_UNIT ( $, .RADIAN. ) );
#6110 = DIRECTION ( 'NONE',  ( -1.224646799147353700E-16, -1.000000000000000000, 0.0000000000000000000 ) ) ;
#6111 = DIRECTION ( 'NONE',  ( -1.000000000000000000, 0.0000000000000000000, 0.0000000000000000000 ) ) ;
#6112 = DIMENSIONAL_EXPONENTS ( 1.000000000000000000, 0.0000000000000000000, 0.0000000000000000000, 0.0000000000000000000, 0.0000000000000000000, 0.0000000000000000000, 0.0000000000000000000 ) ;
#6113 = LINE ( 'NONE', #1287, #6304 ) ;
#6114 = DIRECTION ( 'NONE',  ( 1.000000000000000000, 0.0000000000000000000, 0.0000000000000000000 ) ) ;
#6115 = CARTESIAN_POINT ( 'NONE',  ( -0.05118110236220467513, 0.2559055118110236671, -0.5019685039370078705 ) ) ;
#6116 = AXIS2_PLACEMENT_3D ( 'NONE', #6001, #1074, #4387 ) ;
#6117 = ORIENTED_EDGE ( 'NONE', *, *, #5497, .T. ) ;
#6118 = UNCERTAINTY_MEASURE_WITH_UNIT (LENGTH_MEASURE( 1.000000000000000082E-05 ), #251, 'distance_accuracy_value', 'NONE');
#6119 = ORIENTED_EDGE ( 'NONE', *, *, #539, .F. ) ;
#6120 = DIRECTION ( 'NONE',  ( 8.881784197001252323E-16, 1.000000000000000000, 1.521687259628778015E-16 ) ) ;
#6121 = CYLINDRICAL_SURFACE ( 'NONE', #4626, 0.05905511811023623353 ) ;
#6122 = DIRECTION ( 'NONE',  ( 0.0000000000000000000, 0.0000000000000000000, -1.000000000000000000 ) ) ;
#6123 = EDGE_CURVE ( 'NONE', #4448, #1137, #1889, .T. ) ;
#6124 = COLOUR_RGB ( '',0.2509803921568627416, 0.2509803921568627416, 0.2509803921568627416 ) ;
#6125 = EDGE_CURVE ( 'NONE', #4120, #1293, #1458, .T. ) ;
#6126 = PRESENTATION_LAYER_ASSIGNMENT (  '', '', ( #2758 ) ) ;
#6127 = LINE ( 'NONE', #3224, #1392 ) ;
#6128 = FILL_AREA_STYLE_COLOUR ( '', #5334 ) ;
#6129 = ORIENTED_EDGE ( 'NONE', *, *, #5109, .T. ) ;
#6130 = DIRECTION ( 'NONE',  ( -0.0000000000000000000, -0.0000000000000000000, -1.000000000000000000 ) ) ;
#6131 = PRESENTATION_LAYER_ASSIGNMENT (  '', '', ( #3681 ) ) ;
#6132 = VECTOR ( 'NONE', #3575, 39.37007874015748143 ) ;
#6133 = CARTESIAN_POINT ( 'NONE',  ( -0.05314960629921260116, 0.2559055118110236671, -0.5846456692913385433 ) ) ;
#6134 = LINE ( 'NONE', #5654, #4743 ) ;
#6135 = MECHANICAL_DESIGN_GEOMETRIC_PRESENTATION_REPRESENTATION (  '', ( #5412 ), #4073 ) ;
#6136 = VECTOR ( 'NONE', #95, 39.37007874015748143 ) ;
#6137 = FACE_OUTER_BOUND ( 'NONE', #5426, .T. ) ;
#6138 = ORIENTED_EDGE ( 'NONE', *, *, #5737, .F. ) ;
#6139 = ORIENTED_EDGE ( 'NONE', *, *, #328, .F. ) ;
#6140 = AXIS2_PLACEMENT_3D ( 'NONE', #1753, #4601, #1225 ) ;
#6141 = COLOUR_RGB ( '',1.000000000000000000, 1.000000000000000000, 1.000000000000000000 ) ;
#6142 = SURFACE_STYLE_USAGE ( .BOTH. , #6009 ) ;
#6143 = DIRECTION ( 'NONE',  ( 0.0000000000000000000, 0.0000000000000000000, 1.000000000000000000 ) ) ;
#6144 = CARTESIAN_POINT ( 'NONE',  ( -0.1772047244094487883, 0.3149606299212598381, -0.05413385826771655723 ) ) ;
#6145 = DIRECTION ( 'NONE',  ( -0.0000000000000000000, -0.0000000000000000000, -1.000000000000000000 ) ) ;
#6146 = CLOSED_SHELL ( 'NONE', ( #2679, #1769, #4066, #5882, #608, #103, #5569, #1996, #5779, #6235, #1336, #4191, #2916, #4584, #4280, #6078, #29, #3236, #4376, #5147, #1213, #2242, #3873, #4899, #1783 ) ) ;
#6147 = ORIENTED_EDGE ( 'NONE', *, *, #413, .F. ) ;
#6148 = DIRECTION ( 'NONE',  ( 0.0000000000000000000, 0.0000000000000000000, -1.000000000000000000 ) ) ;
#6149 = VERTEX_POINT ( 'NONE', #4870 ) ;
#6150 = CARTESIAN_POINT ( 'NONE',  ( 0.1771653543307086798, 0.2559055118110236671, -0.1377952755905511584 ) ) ;
#6151 = CARTESIAN_POINT ( 'NONE',  ( 0.0000000000000000000, 0.2559055118110236671, -0.5944881889763780070 ) ) ;
#6152 = DIMENSIONAL_EXPONENTS ( 1.000000000000000000, 0.0000000000000000000, 0.0000000000000000000, 0.0000000000000000000, 0.0000000000000000000, 0.0000000000000000000, 0.0000000000000000000 ) ;
#6153 =( NAMED_UNIT ( * ) PLANE_ANGLE_UNIT ( ) SI_UNIT ( $, .RADIAN. ) );
#6154 = EDGE_CURVE ( 'NONE', #1717, #6249, #5773, .T. ) ;
#6155 = EDGE_CURVE ( 'NONE', #4366, #6149, #4839, .T. ) ;
#6156 = FILL_AREA_STYLE_COLOUR ( '', #4883 ) ;
#6157 = ORIENTED_EDGE ( 'NONE', *, *, #3195, .F. ) ;
#6158 = UNCERTAINTY_MEASURE_WITH_UNIT (LENGTH_MEASURE( 1.000000000000000082E-05 ), #5247, 'distance_accuracy_value', 'NONE');
#6159 = CARTESIAN_POINT ( 'NONE',  ( -0.07677165354330710290, 0.1417322834645669549, -0.5629921259842519676 ) ) ;
#6160 = MECHANICAL_DESIGN_GEOMETRIC_PRESENTATION_REPRESENTATION (  '', ( #6260 ), #605 ) ;
#6161 = CARTESIAN_POINT ( 'NONE',  ( 0.1929133858267716439, 0.1456692913385826682, -0.4035433070866140670 ) ) ;
#6162 = FILL_AREA_STYLE_COLOUR ( '', #5587 ) ;
#6163 = CARTESIAN_POINT ( 'NONE',  ( -0.01574803149606299885, 0.1417322834645669549, -0.5629921259842519676 ) ) ;
#6164 =( GEOMETRIC_REPRESENTATION_CONTEXT ( 3 ) GLOBAL_UNCERTAINTY_ASSIGNED_CONTEXT ( ( #1006 ) ) GLOBAL_UNIT_ASSIGNED_CONTEXT ( ( #6320, #5329, #1929 ) ) REPRESENTATION_CONTEXT ( 'NONE', 'WORKASPACE' ) );
#6165 = ADVANCED_FACE ( 'NONE', ( #2867 ), #1430, .T. ) ;
#6166 = SURFACE_STYLE_FILL_AREA ( #4201 ) ;
#6167 = ORIENTED_EDGE ( 'NONE', *, *, #3540, .T. ) ;
#6168 = EDGE_LOOP ( 'NONE', ( #1446, #705, #5626, #49 ) ) ;
#6169 =( GEOMETRIC_REPRESENTATION_CONTEXT ( 3 ) GLOBAL_UNCERTAINTY_ASSIGNED_CONTEXT ( ( #1737 ) ) GLOBAL_UNIT_ASSIGNED_CONTEXT ( ( #4027, #3488, #3589 ) ) REPRESENTATION_CONTEXT ( 'NONE', 'WORKASPACE' ) );
#6170 = SURFACE_STYLE_USAGE ( .BOTH. , #4271 ) ;
#6171 =( NAMED_UNIT ( * ) SI_UNIT ( $, .STERADIAN. ) SOLID_ANGLE_UNIT ( ) );
#6172 = DIRECTION ( 'NONE',  ( 0.0000000000000000000, -1.000000000000000000, -1.239088197126290817E-16 ) ) ;
#6173 = PRESENTATION_LAYER_ASSIGNMENT (  '', '', ( #2492 ) ) ;
#6174 = ORIENTED_EDGE ( 'NONE', *, *, #4622, .T. ) ;
#6175 =( CONVERSION_BASED_UNIT ( 'INCH', #1294 ) LENGTH_UNIT ( ) NAMED_UNIT ( #4929 ) );
#6176 =( NAMED_UNIT ( * ) SI_UNIT ( $, .STERADIAN. ) SOLID_ANGLE_UNIT ( ) );
#6177 = UNCERTAINTY_MEASURE_WITH_UNIT (LENGTH_MEASURE( 1.000000000000000082E-05 ), #2929, 'distance_accuracy_value', 'NONE');
#6178 = ORIENTED_EDGE ( 'NONE', *, *, #6087, .T. ) ;
#6179 =( GEOMETRIC_REPRESENTATION_CONTEXT ( 3 ) GLOBAL_UNCERTAINTY_ASSIGNED_CONTEXT ( ( #6099 ) ) GLOBAL_UNIT_ASSIGNED_CONTEXT ( ( #2331, #2907, #4207 ) ) REPRESENTATION_CONTEXT ( 'NONE', 'WORKASPACE' ) );
#6180 =( NAMED_UNIT ( * ) PLANE_ANGLE_UNIT ( ) SI_UNIT ( $, .RADIAN. ) );
#6181 = SURFACE_SIDE_STYLE ('',( #4702 ) ) ;
#6182 = CARTESIAN_POINT ( 'NONE',  ( -0.01574803149606299885, 0.07800173640789190288, -0.5877459237344989651 ) ) ;
#6183 = FACE_OUTER_BOUND ( 'NONE', #2904, .T. ) ;
#6184 = CARTESIAN_POINT ( 'NONE',  ( -0.05118110236220467513, 0.03937007874015747977, -0.3415354330708661457 ) ) ;
#6185 = PRESENTATION_STYLE_ASSIGNMENT (( #4774 ) ) ;
#6186 = ORIENTED_EDGE ( 'NONE', *, *, #1520, .T. ) ;
#6187 = DIMENSIONAL_EXPONENTS ( 1.000000000000000000, 0.0000000000000000000, 0.0000000000000000000, 0.0000000000000000000, 0.0000000000000000000, 0.0000000000000000000, 0.0000000000000000000 ) ;
#6188 = VECTOR ( 'NONE', #2491, 39.37007874015748143 ) ;
#6189 =( LENGTH_UNIT ( ) NAMED_UNIT ( * ) SI_UNIT ( $, .METRE. ) );
#6190 =( LENGTH_UNIT ( ) NAMED_UNIT ( * ) SI_UNIT ( $, .METRE. ) );
#6191 =( LENGTH_UNIT ( ) NAMED_UNIT ( * ) SI_UNIT ( $, .METRE. ) );
#6192 = FILL_AREA_STYLE_COLOUR ( '', #1560 ) ;
#6193 = LINE ( 'NONE', #6288, #5641 ) ;
#6194 = CARTESIAN_POINT ( 'NONE',  ( -0.1771653543307086798, 0.1181102362204723838, -0.06889763779527564858 ) ) ;
#6195 = VERTEX_POINT ( 'NONE', #2466 ) ;
#6196 = MECHANICAL_DESIGN_GEOMETRIC_PRESENTATION_REPRESENTATION (  '', ( #434 ), #5894 ) ;
#6197 = EDGE_CURVE ( 'NONE', #5525, #5345, #221, .T. ) ;
#6198 = ORIENTED_EDGE ( 'NONE', *, *, #2084, .T. ) ;
#6199 = EDGE_CURVE ( 'NONE', #6249, #6329, #1627, .T. ) ;
#6200 = CARTESIAN_POINT ( 'NONE',  ( 0.04330708661417323468, 0.2559055118110236671, -0.5846456692913385433 ) ) ;
#6201 = COLOUR_RGB ( '',0.2509803921568627416, 0.2509803921568627416, 0.2509803921568627416 ) ;
#6202 = DIRECTION ( 'NONE',  ( -0.0000000000000000000, -0.0000000000000000000, -1.000000000000000000 ) ) ;
#6203 = LINE ( 'NONE', #3761, #2387 ) ;
#6204 = CARTESIAN_POINT ( 'NONE',  ( 0.1929133858267716439, 0.1614173228346456879, -0.4035433070866140670 ) ) ;
#6205 = ORIENTED_EDGE ( 'NONE', *, *, #2520, .T. ) ;
#6206 = DIRECTION ( 'NONE',  ( -1.000000000000000000, -0.0000000000000000000, -0.0000000000000000000 ) ) ;
#6207 =( GEOMETRIC_REPRESENTATION_CONTEXT ( 3 ) GLOBAL_UNCERTAINTY_ASSIGNED_CONTEXT ( ( #5777 ) ) GLOBAL_UNIT_ASSIGNED_CONTEXT ( ( #2752, #220, #3207 ) ) REPRESENTATION_CONTEXT ( 'NONE', 'WORKASPACE' ) );
#6208 = ORIENTED_EDGE ( 'NONE', *, *, #6197, .F. ) ;
#6209 =( LENGTH_UNIT ( ) NAMED_UNIT ( * ) SI_UNIT ( $, .METRE. ) );
#6210 =( NAMED_UNIT ( * ) PLANE_ANGLE_UNIT ( ) SI_UNIT ( $, .RADIAN. ) );
#6211 = VECTOR ( 'NONE', #2745, 39.37007874015748143 ) ;
#6212 = CARTESIAN_POINT ( 'NONE',  ( -0.1771653543307086798, 0.4330708661417322913, -0.1377952755905511584 ) ) ;
#6213 = STYLED_ITEM ( 'NONE', ( #3600 ), #4041 ) ;
#6214 =( NAMED_UNIT ( * ) PLANE_ANGLE_UNIT ( ) SI_UNIT ( $, .RADIAN. ) );
#6215 = CARTESIAN_POINT ( 'NONE',  ( 0.05118110236220479309, 0.01574803149606299885, -0.5019685039370078705 ) ) ;
#6216 = DIRECTION ( 'NONE',  ( -1.905951631219736475E-16, -1.000000000000000000, 0.0000000000000000000 ) ) ;
#6217 =( NAMED_UNIT ( * ) SI_UNIT ( $, .STERADIAN. ) SOLID_ANGLE_UNIT ( ) );
#6218 = EDGE_LOOP ( 'NONE', ( #165, #1952, #317, #279 ) ) ;
#6219 = UNCERTAINTY_MEASURE_WITH_UNIT (LENGTH_MEASURE( 1.000000000000000082E-05 ), #4665, 'distance_accuracy_value', 'NONE');
#6220 = AXIS2_PLACEMENT_3D ( 'NONE', #218, #1115, #2689 ) ;
#6221 =( NAMED_UNIT ( * ) SI_UNIT ( $, .STERADIAN. ) SOLID_ANGLE_UNIT ( ) );
#6222 = CYLINDRICAL_SURFACE ( 'NONE', #5601, 0.02559055118110234450 ) ;
#6223 = LENGTH_MEASURE_WITH_UNIT ( LENGTH_MEASURE( 0.02539999999999999897 ), #3352 );
#6224 = PLANE ( 'NONE',  #2366 ) ;
#6225 = CARTESIAN_POINT ( 'NONE',  ( -0.1771653543307086798, 0.0000000000000000000, 0.0000000000000000000 ) ) ;
#6226 = AXIS2_PLACEMENT_3D ( 'NONE', #3438, #526, #4449 ) ;
#6227 = VERTEX_POINT ( 'NONE', #11 ) ;
#6228 =( CONVERSION_BASED_UNIT ( 'INCH', #1286 ) LENGTH_UNIT ( ) NAMED_UNIT ( #5830 ) );
#6229 = VECTOR ( 'NONE', #4938, 39.37007874015748143 ) ;
#6230 =( CONVERSION_BASED_UNIT ( 'INCH', #3854 ) LENGTH_UNIT ( ) NAMED_UNIT ( #6353 ) );
#6231 = DIMENSIONAL_EXPONENTS ( 1.000000000000000000, 0.0000000000000000000, 0.0000000000000000000, 0.0000000000000000000, 0.0000000000000000000, 0.0000000000000000000, 0.0000000000000000000 ) ;
#6232 = AXIS2_PLACEMENT_3D ( 'NONE', #1619, #1125, #403 ) ;
#6233 = CARTESIAN_POINT ( 'NONE',  ( -0.1244991204790700245, 0.1968503937007874127, -0.03937007874015750059 ) ) ;
#6234 = EDGE_CURVE ( 'NONE', #1158, #1137, #2530, .T. ) ;
#6235 = ADVANCED_FACE ( 'NONE', ( #512 ), #3461, .F. ) ;
#6236 = SURFACE_STYLE_FILL_AREA ( #801 ) ;
#6237 = ORIENTED_EDGE ( 'NONE', *, *, #2729, .F. ) ;
#6238 = CARTESIAN_POINT ( 'NONE',  ( 0.01574803149606299191, 0.08812960560922117326, -0.5905511811023621549 ) ) ;
#6239 = EDGE_CURVE ( 'NONE', #3137, #2500, #5927, .T. ) ;
#6240 = VECTOR ( 'NONE', #2216, 39.37007874015748143 ) ;
#6241 = UNCERTAINTY_MEASURE_WITH_UNIT (LENGTH_MEASURE( 1.000000000000000082E-05 ), #3312, 'distance_accuracy_value', 'NONE');
#6242 = VECTOR ( 'NONE', #4428, 39.37007874015748143 ) ;
#6243 = VERTEX_POINT ( 'NONE', #3024 ) ;
#6244 = PLANE ( 'NONE',  #2953 ) ;
#6245 = PRESENTATION_STYLE_ASSIGNMENT (( #5259 ) ) ;
#6246 = PLANE ( 'NONE',  #2380 ) ;
#6247 = VECTOR ( 'NONE', #5551, 39.37007874015748143 ) ;
#6248 = PLANE ( 'NONE',  #5059 ) ;
#6249 = VERTEX_POINT ( 'NONE', #549 ) ;
#6250 = EDGE_CURVE ( 'NONE', #3011, #1148, #3524, .T. ) ;
#6251 = AXIS2_PLACEMENT_3D ( 'NONE', #3072, #1012, #4422 ) ;
#6252 = CARTESIAN_POINT ( 'NONE',  ( 0.0000000000000000000, -0.09055118110236221041, -0.1574803149606299191 ) ) ;
#6253 = LINE ( 'NONE', #844, #2766 ) ;
#6254 = MECHANICAL_DESIGN_GEOMETRIC_PRESENTATION_REPRESENTATION (  '', ( #1222 ), #389 ) ;
#6255 = ORIENTED_EDGE ( 'NONE', *, *, #2917, .T. ) ;
#6256 = CARTESIAN_POINT ( 'NONE',  ( -0.01574803149606299885, 0.06299212598425195375, -0.5629921259842519676 ) ) ;
#6257 = FILL_AREA_STYLE_COLOUR ( '', #2947 ) ;
#6258 = PLANE ( 'NONE',  #4748 ) ;
#6259 = DIRECTION ( 'NONE',  ( 0.0000000000000000000, 0.0000000000000000000, -1.000000000000000000 ) ) ;
#6260 = STYLED_ITEM ( 'NONE', ( #386 ), #992 ) ;
#6261 = SURFACE_STYLE_USAGE ( .BOTH. , #3355 ) ;
#6262 = ORIENTED_EDGE ( 'NONE', *, *, #1806, .F. ) ;
#6263 =( GEOMETRIC_REPRESENTATION_CONTEXT ( 3 ) GLOBAL_UNCERTAINTY_ASSIGNED_CONTEXT ( ( #2645 ) ) GLOBAL_UNIT_ASSIGNED_CONTEXT ( ( #761, #5218, #2874 ) ) REPRESENTATION_CONTEXT ( 'NONE', 'WORKASPACE' ) );
#6264 =( NAMED_UNIT ( * ) SI_UNIT ( $, .STERADIAN. ) SOLID_ANGLE_UNIT ( ) );
#6265 = CARTESIAN_POINT ( 'NONE',  ( -0.1614173228346456879, 0.1417322834645669549, -0.5984251968503937480 ) ) ;
#6266 = ORIENTED_EDGE ( 'NONE', *, *, #4784, .F. ) ;
#6267 = DIRECTION ( 'NONE',  ( 0.0000000000000000000, 0.0000000000000000000, 1.000000000000000000 ) ) ;
#6268 = VECTOR ( 'NONE', #1069, 39.37007874015748143 ) ;
#6269 = ORIENTED_EDGE ( 'NONE', *, *, #1738, .T. ) ;
#6270 = PRESENTATION_STYLE_ASSIGNMENT (( #5341 ) ) ;
#6271 = EDGE_CURVE ( 'NONE', #4712, #398, #5008, .T. ) ;
#6272 = SURFACE_STYLE_FILL_AREA ( #5342 ) ;
#6273 = STYLED_ITEM ( 'NONE', ( #2161 ), #1725 ) ;
#6274 = DIMENSIONAL_EXPONENTS ( 1.000000000000000000, 0.0000000000000000000, 0.0000000000000000000, 0.0000000000000000000, 0.0000000000000000000, 0.0000000000000000000, 0.0000000000000000000 ) ;
#6275 = EDGE_LOOP ( 'NONE', ( #1655, #125 ) ) ;
#6276 =( GEOMETRIC_REPRESENTATION_CONTEXT ( 3 ) GLOBAL_UNCERTAINTY_ASSIGNED_CONTEXT ( ( #2773 ) ) GLOBAL_UNIT_ASSIGNED_CONTEXT ( ( #2481, #1045, #4453 ) ) REPRESENTATION_CONTEXT ( 'NONE', 'WORKASPACE' ) );
#6277 = EDGE_CURVE ( 'NONE', #5892, #5145, #4030, .T. ) ;
#6278 = EDGE_CURVE ( 'NONE', #135, #1158, #3560, .T. ) ;
#6279 = CARTESIAN_POINT ( 'NONE',  ( 0.04921259842519691563, -0.08858267716535427050, -0.3297244094488189226 ) ) ;
#6280 = VECTOR ( 'NONE', #5837, 39.37007874015748143 ) ;
#6281 = DIRECTION ( 'NONE',  ( 0.0000000000000000000, 0.0000000000000000000, 1.000000000000000000 ) ) ;
#6282 = VERTEX_POINT ( 'NONE', #291 ) ;
#6283 = DIRECTION ( 'NONE',  ( 0.0000000000000000000, 0.0000000000000000000, 1.000000000000000000 ) ) ;
#6284 = PRESENTATION_STYLE_ASSIGNMENT (( #3264 ) ) ;
#6285 = FILL_AREA_STYLE_COLOUR ( '', #653 ) ;
#6286 = PLANE ( 'NONE',  #5299 ) ;
#6287 = CARTESIAN_POINT ( 'NONE',  ( 0.05118110236220479309, 0.0000000000000000000, -0.5019685039370078705 ) ) ;
#6288 = CARTESIAN_POINT ( 'NONE',  ( -0.09540646311852468697, 0.1968503937007873850, -0.03937007874015750059 ) ) ;
#6289 = CARTESIAN_POINT ( 'NONE',  ( 0.1929133858267716439, -0.08858267716535427050, -0.4271653543307086243 ) ) ;
#6290 = VERTEX_POINT ( 'NONE', #6182 ) ;
#6291 = MECHANICAL_DESIGN_GEOMETRIC_PRESENTATION_REPRESENTATION (  '', ( #3632 ), #2923 ) ;
#6292 =( LENGTH_UNIT ( ) NAMED_UNIT ( * ) SI_UNIT ( $, .METRE. ) );
#6293 = CARTESIAN_POINT ( 'NONE',  ( 0.1929133858267716439, 0.1456692913385826404, -0.5019685039370078705 ) ) ;
#6294 = LENGTH_MEASURE_WITH_UNIT ( LENGTH_MEASURE( 0.02539999999999999897 ), #4240 );
#6295 =( NAMED_UNIT ( * ) SI_UNIT ( $, .STERADIAN. ) SOLID_ANGLE_UNIT ( ) );
#6296 = TOROIDAL_SURFACE ( 'NONE', #3535, 0.03346456692913385433, 0.009842519685039369942 ) ;
#6297 = DIRECTION ( 'NONE',  ( -1.000000000000000000, 0.0000000000000000000, 0.0000000000000000000 ) ) ;
#6298 = ORIENTED_EDGE ( 'NONE', *, *, #5769, .T. ) ;
#6299 = SURFACE_STYLE_FILL_AREA ( #5433 ) ;
#6300 = ORIENTED_EDGE ( 'NONE', *, *, #2768, .F. ) ;
#6301 = AXIS2_PLACEMENT_3D ( 'NONE', #4408, #81, #2407 ) ;
#6302 = DIRECTION ( 'NONE',  ( -0.0000000000000000000, -0.0000000000000000000, -1.000000000000000000 ) ) ;
#6303 = ORIENTED_EDGE ( 'NONE', *, *, #812, .T. ) ;
#6304 = VECTOR ( 'NONE', #3731, 39.37007874015748143 ) ;
#6305 = DIRECTION ( 'NONE',  ( 0.0000000000000000000, 0.0000000000000000000, -1.000000000000000000 ) ) ;
#6306 = DIRECTION ( 'NONE',  ( 1.000000000000000000, 0.0000000000000000000, 0.0000000000000000000 ) ) ;
#6307 = EDGE_CURVE ( 'NONE', #1494, #2091, #5575, .T. ) ;
#6308 =( NAMED_UNIT ( * ) PLANE_ANGLE_UNIT ( ) SI_UNIT ( $, .RADIAN. ) );
#6309 = EDGE_CURVE ( 'NONE', #1651, #2788, #719, .T. ) ;
#6310 = ORIENTED_EDGE ( 'NONE', *, *, #1883, .T. ) ;
#6311 = STYLED_ITEM ( 'NONE', ( #593 ), #3961 ) ;
#6312 = EDGE_CURVE ( 'NONE', #1903, #2000, #6057, .T. ) ;
#6313 = DIMENSIONAL_EXPONENTS ( 1.000000000000000000, 0.0000000000000000000, 0.0000000000000000000, 0.0000000000000000000, 0.0000000000000000000, 0.0000000000000000000, 0.0000000000000000000 ) ;
#6314 = EDGE_LOOP ( 'NONE', ( #2323, #4178, #2601, #5464 ) ) ;
#6315 = DIRECTION ( 'NONE',  ( 0.0000000000000000000, 0.0000000000000000000, 1.000000000000000000 ) ) ;
#6316 = FILL_AREA_STYLE_COLOUR ( '', #6201 ) ;
#6317 =( GEOMETRIC_REPRESENTATION_CONTEXT ( 3 ) GLOBAL_UNCERTAINTY_ASSIGNED_CONTEXT ( ( #5536 ) ) GLOBAL_UNIT_ASSIGNED_CONTEXT ( ( #4166, #6071, #4587 ) ) REPRESENTATION_CONTEXT ( 'NONE', 'WORKASPACE' ) );
#6318 = SURFACE_STYLE_FILL_AREA ( #4352 ) ;
#6319 = CARTESIAN_POINT ( 'NONE',  ( -0.03937007874015747977, 0.2559055118110236671, 0.1113553986120547484 ) ) ;
#6320 =( CONVERSION_BASED_UNIT ( 'INCH', #4354 ) LENGTH_UNIT ( ) NAMED_UNIT ( #2677 ) );
#6321 = EDGE_LOOP ( 'NONE', ( #4310, #5966, #2662, #3725 ) ) ;
#6322 = AXIS2_PLACEMENT_3D ( 'NONE', #1167, #6024, #267 ) ;
#6323 = SURFACE_STYLE_USAGE ( .BOTH. , #53 ) ;
#6324 =( NAMED_UNIT ( * ) SI_UNIT ( $, .STERADIAN. ) SOLID_ANGLE_UNIT ( ) );
#6325 = MECHANICAL_DESIGN_GEOMETRIC_PRESENTATION_REPRESENTATION (  '', ( #5110 ), #1302 ) ;
#6326 = LENGTH_MEASURE_WITH_UNIT ( LENGTH_MEASURE( 0.02539999999999999897 ), #5792 );
#6327 = ORIENTED_EDGE ( 'NONE', *, *, #5812, .T. ) ;
#6328 = SURFACE_STYLE_USAGE ( .BOTH. , #1415 ) ;
#6329 = VERTEX_POINT ( 'NONE', #2736 ) ;
#6330 = CIRCLE ( 'NONE', #1409, 0.1122047244094488277 ) ;
#6331 =( NAMED_UNIT ( * ) SI_UNIT ( $, .STERADIAN. ) SOLID_ANGLE_UNIT ( ) );
#6332 = FILL_AREA_STYLE_COLOUR ( '', #5374 ) ;
#6333 = FACE_OUTER_BOUND ( 'NONE', #897, .T. ) ;
#6334 = PRESENTATION_STYLE_ASSIGNMENT (( #1909 ) ) ;
#6335 = AXIS2_PLACEMENT_3D ( 'NONE', #643, #5673, #3087 ) ;
#6336 = CIRCLE ( 'NONE', #1312, 0.1377952755905511306 ) ;
#6337 = ORIENTED_EDGE ( 'NONE', *, *, #1806, .T. ) ;
#6338 = MECHANICAL_DESIGN_GEOMETRIC_PRESENTATION_REPRESENTATION (  '', ( #3186 ), #3582 ) ;
#6339 = VECTOR ( 'NONE', #5914, 39.37007874015748143 ) ;
#6340 = LINE ( 'NONE', #1949, #2892 ) ;
#6341 = VERTEX_POINT ( 'NONE', #1760 ) ;
#6342 = FILL_AREA_STYLE_COLOUR ( '', #5174 ) ;
#6343 = ORIENTED_EDGE ( 'NONE', *, *, #2239, .T. ) ;
#6344 = EDGE_CURVE ( 'NONE', #4592, #2911, #319, .T. ) ;
#6345 = EDGE_CURVE ( 'NONE', #5339, #298, #5141, .T. ) ;
#6346 = FILL_AREA_STYLE ('',( #4375 ) ) ;
#6347 = DIRECTION ( 'NONE',  ( -0.0000000000000000000, -0.0000000000000000000, -1.000000000000000000 ) ) ;
#6348 = SURFACE_STYLE_USAGE ( .BOTH. , #3063 ) ;
#6349 =( LENGTH_UNIT ( ) NAMED_UNIT ( * ) SI_UNIT ( $, .METRE. ) );
#6350 = ORIENTED_EDGE ( 'NONE', *, *, #3777, .F. ) ;
#6351 = PRESENTATION_LAYER_ASSIGNMENT (  '', '', ( #1222 ) ) ;
#6352 = SURFACE_SIDE_STYLE ('',( #3942 ) ) ;
#6353 = DIMENSIONAL_EXPONENTS ( 1.000000000000000000, 0.0000000000000000000, 0.0000000000000000000, 0.0000000000000000000, 0.0000000000000000000, 0.0000000000000000000, 0.0000000000000000000 ) ;
#6354 = LENGTH_MEASURE_WITH_UNIT ( LENGTH_MEASURE( 0.02539999999999999897 ), #4522 );
#6355 = EDGE_CURVE ( 'NONE', #1293, #901, #6093, .T. ) ;
#6356 = STYLED_ITEM ( 'NONE', ( #324 ), #651 ) ;
#6357 = SURFACE_STYLE_USAGE ( .BOTH. , #1572 ) ;
#6358 = ORIENTED_EDGE ( 'NONE', *, *, #774, .F. ) ;
#6359 =( NAMED_UNIT ( * ) PLANE_ANGLE_UNIT ( ) SI_UNIT ( $, .RADIAN. ) );
#6360 = ORIENTED_EDGE ( 'NONE', *, *, #4992, .T. ) ;
#6361 = VECTOR ( 'NONE', #5541, 39.37007874015748143 ) ;
#6362 = CARTESIAN_POINT ( 'NONE',  ( -0.07677165354330711677, 0.2559055118110236671, -0.5984251968503937480 ) ) ;
ENDSEC;
END-ISO-10303-21;
