ISO-10303-21;
HEADER;
FILE_DESCRIPTION (( 'STEP AP214' ),
    '1' );
FILE_NAME ('436500315.STEP',
    '2024-03-21T14:31:31',
    ( 'LENOVO' ),
    ( '' ),
    'SwSTEP 2.0',
    'SolidWorks 2021',
    '' );
FILE_SCHEMA (( 'AUTOMOTIVE_DESIGN' ));
ENDSEC;

DATA;
#1 = CARTESIAN_POINT ( 'NONE',  ( -4.925000000000000711, 9.900000000000000355, 1.106672683832354716E-15 ) ) ;
#2 = ORIENTED_EDGE ( 'NONE', *, *, #3220, .F. ) ;
#3 = DIRECTION ( 'NONE',  ( 0.000000000000000000, 1.801998070613027504E-16, -1.000000000000000000 ) ) ;
#4 = ORIENTED_EDGE ( 'NONE', *, *, #1728, .T. ) ;
#5 = DIRECTION ( 'NONE',  ( 0.000000000000000000, 2.744815626545581052E-16, -1.000000000000000000 ) ) ;
#6 = VERTEX_POINT ( 'NONE', #5618 ) ;
#7 = LINE ( 'NONE', #2993, #3846 ) ;
#8 = FACE_OUTER_BOUND ( 'NONE', #3250, .T. ) ;
#9 = AXIS2_PLACEMENT_3D ( 'NONE', #20, #3959, #4791 ) ;
#10 = ORIENTED_EDGE ( 'NONE', *, *, #4873, .F. ) ;
#11 = ORIENTED_EDGE ( 'NONE', *, *, #4577, .F. ) ;
#12 = DIRECTION ( 'NONE',  ( -0.000000000000000000, 0.000000000000000000, 1.000000000000000000 ) ) ;
#13 = CARTESIAN_POINT ( 'NONE',  ( 5.389999999999999680, 0.000000000000000000, 2.784999999999999698 ) ) ;
#14 = CARTESIAN_POINT ( 'NONE',  ( 3.137727272727271366, 7.446818181818184001, 0.1772727272727274150 ) ) ;
#15 = ORIENTED_EDGE ( 'NONE', *, *, #1718, .F. ) ;
#16 = ADVANCED_FACE ( 'NONE', ( #4571 ), #4749, .F. ) ;
#17 = EDGE_CURVE ( 'NONE', #125, #4131, #443, .T. ) ;
#18 = LINE ( 'NONE', #4133, #5812 ) ;
#19 = CARTESIAN_POINT ( 'NONE',  ( 1.269999999999999130, 9.900000000000000355, 1.584999999999999076 ) ) ;
#20 = CARTESIAN_POINT ( 'NONE',  ( -0.3200000000000008948, 1.350000000000000089, -1.585000000000000409 ) ) ;
#21 = VECTOR ( 'NONE', #3472, 1000.000000000000000 ) ;
#22 = PLANE ( 'NONE',  #3462 ) ;
#23 = DIRECTION ( 'NONE',  ( 0.000000000000000000, 0.000000000000000000, -1.000000000000000000 ) ) ;
#24 = EDGE_CURVE ( 'NONE', #3257, #5190, #2461, .T. ) ;
#25 = EDGE_LOOP ( 'NONE', ( #5049, #5731, #1871, #3268 ) ) ;
#26 = ORIENTED_EDGE ( 'NONE', *, *, #5408, .F. ) ;
#27 = ORIENTED_EDGE ( 'NONE', *, *, #4745, .F. ) ;
#28 = EDGE_CURVE ( 'NONE', #103, #2220, #639, .T. ) ;
#29 = ORIENTED_EDGE ( 'NONE', *, *, #1165, .T. ) ;
#30 = VECTOR ( 'NONE', #3417, 1000.000000000000114 ) ;
#31 = EDGE_CURVE ( 'NONE', #3116, #2141, #2470, .T. ) ;
#32 = CARTESIAN_POINT ( 'NONE',  ( -6.325000000000001066, -1.449999999999999956, 1.884999999999999787 ) ) ;
#33 = VECTOR ( 'NONE', #4470, 1000.000000000000000 ) ;
#34 = CARTESIAN_POINT ( 'NONE',  ( 3.319999999999998952, 7.500000000000001776, 0.6349999999999992317 ) ) ;
#35 = DIRECTION ( 'NONE',  ( -1.000000000000000000, 0.000000000000000000, 0.000000000000000000 ) ) ;
#36 = CARTESIAN_POINT ( 'NONE',  ( 0.3199999999999991185, 6.899999999999995026, 0.6349999999999992317 ) ) ;
#37 = DIRECTION ( 'NONE',  ( -1.000000000000000000, 0.000000000000000000, 4.494102269369968727E-16 ) ) ;
#38 = ORIENTED_EDGE ( 'NONE', *, *, #5464, .T. ) ;
#39 = VERTEX_POINT ( 'NONE', #2121 ) ;
#40 = ORIENTED_EDGE ( 'NONE', *, *, #2795, .F. ) ;
#41 =( GEOMETRIC_REPRESENTATION_CONTEXT ( 3 ) GLOBAL_UNCERTAINTY_ASSIGNED_CONTEXT ( ( #414 ) ) GLOBAL_UNIT_ASSIGNED_CONTEXT ( ( #1351, #5883, #444 ) ) REPRESENTATION_CONTEXT ( 'NONE', 'WORKASPACE' ) );
#42 = VECTOR ( 'NONE', #3529, 1000.000000000000000 ) ;
#43 = EDGE_CURVE ( 'NONE', #1179, #4593, #4429, .T. ) ;
#44 = FACE_OUTER_BOUND ( 'NONE', #1203, .T. ) ;
#45 = CARTESIAN_POINT ( 'NONE',  ( -1.270000000000001128, 3.300000000000000711, -0.9550000000000004041 ) ) ;
#46 = PLANE ( 'NONE',  #5717 ) ;
#47 = VERTEX_POINT ( 'NONE', #4335 ) ;
#48 = DIRECTION ( 'NONE',  ( -1.000000000000000000, 0.000000000000000000, -0.000000000000000000 ) ) ;
#49 = ORIENTED_EDGE ( 'NONE', *, *, #1063, .F. ) ;
#50 = PLANE ( 'NONE',  #2152 ) ;
#51 = ORIENTED_EDGE ( 'NONE', *, *, #689, .F. ) ;
#52 = DIRECTION ( 'NONE',  ( 0.000000000000000000, 2.744815626545581052E-16, -1.000000000000000000 ) ) ;
#53 = ORIENTED_EDGE ( 'NONE', *, *, #1814, .T. ) ;
#54 = LINE ( 'NONE', #3831, #4098 ) ;
#55 = FACE_OUTER_BOUND ( 'NONE', #4849, .T. ) ;
#56 = VERTEX_POINT ( 'NONE', #2069 ) ;
#57 = ORIENTED_EDGE ( 'NONE', *, *, #4757, .F. ) ;
#58 = CARTESIAN_POINT ( 'NONE',  ( -1.270000000000001128, 9.900000000000000355, 1.584999999999999520 ) ) ;
#59 = DIRECTION ( 'NONE',  ( 1.000000000000000000, -0.000000000000000000, -1.707404996040164018E-16 ) ) ;
#60 = CARTESIAN_POINT ( 'NONE',  ( 1.250000000000001110, 1.849999999999999201, 2.774999999999998135 ) ) ;
#61 = VECTOR ( 'NONE', #5312, 1000.000000000000000 ) ;
#62 = PLANE ( 'NONE',  #5594 ) ;
#63 = CARTESIAN_POINT ( 'NONE',  ( 0.3199999999999991185, 7.500000000000001776, 0.6349999999999992317 ) ) ;
#64 = LINE ( 'NONE', #811, #21 ) ;
#65 = CARTESIAN_POINT ( 'NONE',  ( 2.679999999999999272, 7.500000000000001776, 0.6349999999999992317 ) ) ;
#66 = DIRECTION ( 'NONE',  ( 0.9486832980505147672, 0.3162277660168352766, -0.000000000000000000 ) ) ;
#67 = ADVANCED_FACE ( 'NONE', ( #649 ), #3890, .F. ) ;
#68 = EDGE_CURVE ( 'NONE', #5041, #5651, #2620, .T. ) ;
#69 = EDGE_LOOP ( 'NONE', ( #3689, #2523, #571 ) ) ;
#70 = VERTEX_POINT ( 'NONE', #1202 ) ;
#71 = ADVANCED_FACE ( 'NONE', ( #4446 ), #1988, .F. ) ;
#72 = VECTOR ( 'NONE', #3427, 1000.000000000000000 ) ;
#73 = CARTESIAN_POINT ( 'NONE',  ( -2.680000000000001048, 0.6699999999999997069, -0.9549999999999952971 ) ) ;
#74 = LINE ( 'NONE', #3537, #2028 ) ;
#75 = CARTESIAN_POINT ( 'NONE',  ( 2.679999999999999272, -2.579999999999992966, -0.005000000000001723552 ) ) ;
#76 = CARTESIAN_POINT ( 'NONE',  ( 5.974999999999999645, -1.449999999999999956, 2.184999999999999609 ) ) ;
#77 = DIRECTION ( 'NONE',  ( 0.000000000000000000, -1.801998070613027504E-16, 1.000000000000000000 ) ) ;
#78 = DIRECTION ( 'NONE',  ( 0.000000000000000000, 0.000000000000000000, -1.000000000000000000 ) ) ;
#79 = ORIENTED_EDGE ( 'NONE', *, *, #985, .F. ) ;
#80 = VERTEX_POINT ( 'NONE', #2513 ) ;
#81 = EDGE_CURVE ( 'NONE', #3635, #3867, #527, .T. ) ;
#82 = VECTOR ( 'NONE', #3406, 1000.000000000000000 ) ;
#83 = VECTOR ( 'NONE', #5008, 1000.000000000000114 ) ;
#84 = VECTOR ( 'NONE', #229, 1000.000000000000000 ) ;
#85 = DIRECTION ( 'NONE',  ( 2.247051134684983870E-16, 0.000000000000000000, 1.000000000000000000 ) ) ;
#86 = ORIENTED_EDGE ( 'NONE', *, *, #5779, .F. ) ;
#87 = DIRECTION ( 'NONE',  ( 0.000000000000000000, 1.000000000000000000, 1.801998070613027504E-16 ) ) ;
#88 = ORIENTED_EDGE ( 'NONE', *, *, #4016, .T. ) ;
#89 = CARTESIAN_POINT ( 'NONE',  ( -6.325000000000001066, 1.269999999999999796, 1.190000000000006386 ) ) ;
#90 = ORIENTED_EDGE ( 'NONE', *, *, #68, .F. ) ;
#91 = PLANE ( 'NONE',  #1012 ) ;
#92 = ORIENTED_EDGE ( 'NONE', *, *, #4300, .F. ) ;
#93 = CARTESIAN_POINT ( 'NONE',  ( 4.269999999999999574, 3.300000000000000711, -0.9550000000000007372 ) ) ;
#94 = VECTOR ( 'NONE', #3494, 1000.000000000000227 ) ;
#95 = FACE_OUTER_BOUND ( 'NONE', #3997, .T. ) ;
#96 = EDGE_CURVE ( 'NONE', #1459, #3365, #4771, .T. ) ;
#97 = LINE ( 'NONE', #924, #250 ) ;
#98 = EDGE_CURVE ( 'NONE', #5416, #4836, #833, .T. ) ;
#99 = ORIENTED_EDGE ( 'NONE', *, *, #5417, .T. ) ;
#100 = DIRECTION ( 'NONE',  ( 0.000000000000000000, -0.000000000000000000, 1.000000000000000000 ) ) ;
#101 = CARTESIAN_POINT ( 'NONE',  ( -3.320000000000000728, 1.349999999999999645, 0.6349999999999990097 ) ) ;
#102 = CARTESIAN_POINT ( 'NONE',  ( -5.389999999999999680, 1.699999999999998623, -1.584999999999999964 ) ) ;
#103 = VERTEX_POINT ( 'NONE', #3636 ) ;
#104 = EDGE_CURVE ( 'NONE', #413, #2771, #743, .T. ) ;
#105 = SURFACE_STYLE_FILL_AREA ( #1579 ) ;
#106 = CARTESIAN_POINT ( 'NONE',  ( -5.389999999999997904, 0.000000000000000000, 2.024999999999999023 ) ) ;
#107 = DIRECTION ( 'NONE',  ( -1.000000000000000000, 0.000000000000000000, 1.280553747030123075E-16 ) ) ;
#108 = LINE ( 'NONE', #2301, #4193 ) ;
#109 = DIRECTION ( 'NONE',  ( -1.000000000000000000, -0.000000000000000000, -0.000000000000000000 ) ) ;
#110 = VECTOR ( 'NONE', #4495, 1000.000000000000000 ) ;
#111 = EDGE_CURVE ( 'NONE', #70, #3258, #4780, .T. ) ;
#112 = CLOSED_SHELL ( 'NONE', ( #2853, #5607, #4918, #362, #5503, #954, #2223, #5439, #3896, #700 ) ) ;
#113 = ADVANCED_FACE ( 'NONE', ( #2726 ), #3294, .T. ) ;
#114 = ORIENTED_EDGE ( 'NONE', *, *, #4173, .F. ) ;
#115 = EDGE_LOOP ( 'NONE', ( #2281, #554, #978, #531 ) ) ;
#116 = LINE ( 'NONE', #3212, #2068 ) ;
#117 = VECTOR ( 'NONE', #1892, 1000.000000000000000 ) ;
#118 = CARTESIAN_POINT ( 'NONE',  ( 3.319999999999998952, 1.349999999999999423, 2.024999999999999023 ) ) ;
#119 = DIRECTION ( 'NONE',  ( -0.000000000000000000, -0.000000000000000000, 1.000000000000000000 ) ) ;
#120 = DIRECTION ( 'NONE',  ( 0.000000000000000000, 1.000000000000000000, 1.801998070613027504E-16 ) ) ;
#121 = VECTOR ( 'NONE', #2675, 1000.000000000000000 ) ;
#122 = EDGE_CURVE ( 'NONE', #409, #3635, #819, .T. ) ;
#123 = EDGE_LOOP ( 'NONE', ( #5477, #10, #5847, #1927 ) ) ;
#124 = ORIENTED_EDGE ( 'NONE', *, *, #2719, .T. ) ;
#125 = VERTEX_POINT ( 'NONE', #3025 ) ;
#126 = ADVANCED_FACE ( 'NONE', ( #4645 ), #5261, .F. ) ;
#127 = LINE ( 'NONE', #4343, #2120 ) ;
#128 = VECTOR ( 'NONE', #152, 1000.000000000000000 ) ;
#129 = VECTOR ( 'NONE', #2776, 1000.000000000000000 ) ;
#130 = DIRECTION ( 'NONE',  ( 1.000000000000000000, 0.000000000000000000, 4.336808689942018229E-16 ) ) ;
#131 = ORIENTED_EDGE ( 'NONE', *, *, #17, .F. ) ;
#132 = DIRECTION ( 'NONE',  ( 0.000000000000000000, -1.801998070613027504E-16, 1.000000000000000000 ) ) ;
#133 = DIRECTION ( 'NONE',  ( -0.000000000000000000, 0.000000000000000000, 1.000000000000000000 ) ) ;
#134 = LINE ( 'NONE', #3485, #4085 ) ;
#135 = LINE ( 'NONE', #3645, #4150 ) ;
#136 = LINE ( 'NONE', #4453, #2084 ) ;
#137 = ORIENTED_EDGE ( 'NONE', *, *, #104, .T. ) ;
#138 = ORIENTED_EDGE ( 'NONE', *, *, #1618, .T. ) ;
#139 = ORIENTED_EDGE ( 'NONE', *, *, #3477, .T. ) ;
#140 = LINE ( 'NONE', #4329, #4074 ) ;
#141 = DIRECTION ( 'NONE',  ( 1.000000000000000000, 0.000000000000000000, 0.000000000000000000 ) ) ;
#142 = EDGE_CURVE ( 'NONE', #2432, #4263, #4658, .T. ) ;
#143 = PLANE ( 'NONE',  #2236 ) ;
#144 = LINE ( 'NONE', #2142, #2113 ) ;
#145 = CARTESIAN_POINT ( 'NONE',  ( -6.325000000000001066, -1.199999999999996181, 1.884999999999999787 ) ) ;
#146 = FACE_BOUND ( 'NONE', #2692, .T. ) ;
#147 = ORIENTED_EDGE ( 'NONE', *, *, #2591, .F. ) ;
#148 = ORIENTED_EDGE ( 'NONE', *, *, #1867, .T. ) ;
#149 = LINE ( 'NONE', #1649, #207 ) ;
#150 = VECTOR ( 'NONE', #2190, 1000.000000000000000 ) ;
#151 = CARTESIAN_POINT ( 'NONE',  ( 1.269999999999999130, 3.300000000000000711, -0.9550000000000007372 ) ) ;
#152 = DIRECTION ( 'NONE',  ( 1.000000000000000000, -0.000000000000000000, -4.494102269369968727E-16 ) ) ;
#153 = LINE ( 'NONE', #1909, #129 ) ;
#154 = CARTESIAN_POINT ( 'NONE',  ( 2.679999999999999272, 0.000000000000000000, 2.024999999999999023 ) ) ;
#155 = ORIENTED_EDGE ( 'NONE', *, *, #730, .F. ) ;
#156 = ADVANCED_FACE ( 'NONE', ( #774 ), #3487, .F. ) ;
#157 = ORIENTED_EDGE ( 'NONE', *, *, #827, .F. ) ;
#158 = EDGE_CURVE ( 'NONE', #4507, #1057, #2758, .T. ) ;
#159 = VECTOR ( 'NONE', #2538, 1000.000000000000000 ) ;
#160 = LINE ( 'NONE', #1899, #2131 ) ;
#161 = LINE ( 'NONE', #4065, #263 ) ;
#162 = CARTESIAN_POINT ( 'NONE',  ( 4.925000000000000711, 9.900000000000000355, -0.9550000000000007372 ) ) ;
#163 = CARTESIAN_POINT ( 'NONE',  ( 6.325000000000000178, 1.850000000000000089, 2.784999999999999698 ) ) ;
#164 = EDGE_LOOP ( 'NONE', ( #4800, #4946, #4803, #4169 ) ) ;
#165 = ORIENTED_EDGE ( 'NONE', *, *, #1470, .T. ) ;
#166 = DIRECTION ( 'NONE',  ( 0.000000000000000000, 1.000000000000000000, -3.236424395479117765E-16 ) ) ;
#167 = EDGE_CURVE ( 'NONE', #5452, #5844, #843, .T. ) ;
#168 = ADVANCED_FACE ( 'NONE', ( #4684 ), #2168, .F. ) ;
#169 = LINE ( 'NONE', #4880, #30 ) ;
#170 = AXIS2_PLACEMENT_3D ( 'NONE', #3602, #5035, #5891 ) ;
#171 = LINE ( 'NONE', #4268, #150 ) ;
#172 = FACE_OUTER_BOUND ( 'NONE', #4686, .T. ) ;
#173 = CLOSED_SHELL ( 'NONE', ( #4510, #2167, #1816, #4706, #4113, #3343, #5636, #168, #1948, #5137 ) ) ;
#174 = CARTESIAN_POINT ( 'NONE',  ( -6.325000000000001954, 0.6699999999999998179, -0.5599999999999937250 ) ) ;
#175 = ORIENTED_EDGE ( 'NONE', *, *, #5707, .T. ) ;
#176 = AXIS2_PLACEMENT_3D ( 'NONE', #5658, #4796, #2156 ) ;
#177 = DIRECTION ( 'NONE',  ( -0.000000000000000000, 1.000000000000000000, 0.000000000000000000 ) ) ;
#178 = DIRECTION ( 'NONE',  ( 0.000000000000000000, 0.000000000000000000, -1.000000000000000000 ) ) ;
#179 = FACE_OUTER_BOUND ( 'NONE', #631, .T. ) ;
#180 = EDGE_CURVE ( 'NONE', #2695, #3257, #853, .T. ) ;
#181 = CARTESIAN_POINT ( 'NONE',  ( -6.325000000000001066, 1.269999999999999796, 1.190000000000006386 ) ) ;
#182 = VECTOR ( 'NONE', #3794, 1000.000000000000000 ) ;
#183 = DIRECTION ( 'NONE',  ( -1.000000000000000000, 0.000000000000000000, 1.280553747030123075E-16 ) ) ;
#184 = DIRECTION ( 'NONE',  ( 0.000000000000000000, 1.000000000000000000, 0.000000000000000000 ) ) ;
#185 = VECTOR ( 'NONE', #2915, 1000.000000000000000 ) ;
#186 = ORIENTED_EDGE ( 'NONE', *, *, #694, .F. ) ;
#187 = ORIENTED_EDGE ( 'NONE', *, *, #311, .T. ) ;
#188 = EDGE_LOOP ( 'NONE', ( #5506, #4250, #4182, #5681 ) ) ;
#189 =( NAMED_UNIT ( * ) SI_UNIT ( $, .STERADIAN. ) SOLID_ANGLE_UNIT ( ) );
#190 = FACE_OUTER_BOUND ( 'NONE', #1270, .T. ) ;
#191 = CARTESIAN_POINT ( 'NONE',  ( 3.319999999999999840, 0.6699999999999998179, 1.190000000000002167 ) ) ;
#192 = VECTOR ( 'NONE', #3740, 1000.000000000000000 ) ;
#193 = ORIENTED_EDGE ( 'NONE', *, *, #2510, .F. ) ;
#194 = CARTESIAN_POINT ( 'NONE',  ( 0.3199999999999991185, 0.6699999999999998179, 1.190000000000006608 ) ) ;
#195 = VERTEX_POINT ( 'NONE', #5443 ) ;
#196 = LINE ( 'NONE', #569, #2182 ) ;
#197 = DIRECTION ( 'NONE',  ( 0.000000000000000000, -0.000000000000000000, 1.000000000000000000 ) ) ;
#198 = VECTOR ( 'NONE', #4722, 1000.000000000000000 ) ;
#199 = CARTESIAN_POINT ( 'NONE',  ( -5.674999999999999822, -1.449999999999999956, 1.884999999999999787 ) ) ;
#200 = DIRECTION ( 'NONE',  ( 0.000000000000000000, -1.000000000000000000, 0.000000000000000000 ) ) ;
#201 = ORIENTED_EDGE ( 'NONE', *, *, #1542, .T. ) ;
#202 = DIRECTION ( 'NONE',  ( 0.9486832980505146562, -0.3162277660168354432, 0.000000000000000000 ) ) ;
#203 = ADVANCED_FACE ( 'NONE', ( #862 ), #3222, .F. ) ;
#204 = ORIENTED_EDGE ( 'NONE', *, *, #408, .T. ) ;
#205 = DIRECTION ( 'NONE',  ( 1.000000000000000000, 0.000000000000000000, 0.000000000000000000 ) ) ;
#206 = DIRECTION ( 'NONE',  ( -0.000000000000000000, -0.000000000000000000, 1.000000000000000000 ) ) ;
#207 = VECTOR ( 'NONE', #4316, 1000.000000000000000 ) ;
#208 = FACE_OUTER_BOUND ( 'NONE', #4320, .T. ) ;
#209 = FACE_OUTER_BOUND ( 'NONE', #4358, .T. ) ;
#210 = LINE ( 'NONE', #1951, #4112 ) ;
#211 = EDGE_LOOP ( 'NONE', ( #1364, #3850, #5470, #5078 ) ) ;
#212 = EDGE_CURVE ( 'NONE', #1761, #2796, #4702, .T. ) ;
#213 = ORIENTED_EDGE ( 'NONE', *, *, #3632, .T. ) ;
#214 = CARTESIAN_POINT ( 'NONE',  ( -5.389999999999999680, 0.6699999999999997069, 1.585000000000006182 ) ) ;
#215 = ADVANCED_FACE ( 'NONE', ( #754 ), #3788, .F. ) ;
#216 = DIRECTION ( 'NONE',  ( -1.000000000000000000, 0.000000000000000000, 0.000000000000000000 ) ) ;
#217 = DIRECTION ( 'NONE',  ( 0.000000000000000000, 0.000000000000000000, -1.000000000000000000 ) ) ;
#218 = LINE ( 'NONE', #1781, #2206 ) ;
#219 = CARTESIAN_POINT ( 'NONE',  ( 1.269999999999999130, 9.900000000000000355, -0.9550000000000007372 ) ) ;
#220 = DIRECTION ( 'NONE',  ( 0.000000000000000000, -2.744815626545581052E-16, 1.000000000000000000 ) ) ;
#221 = VECTOR ( 'NONE', #5336, 1000.000000000000000 ) ;
#222 = ORIENTED_EDGE ( 'NONE', *, *, #3215, .T. ) ;
#223 = AXIS2_PLACEMENT_3D ( 'NONE', #894, #4386, #1399 ) ;
#224 = LINE ( 'NONE', #4404, #159 ) ;
#225 = CARTESIAN_POINT ( 'NONE',  ( 2.879999999999999893, -3.180000000000000160, 0.4349999999999979994 ) ) ;
#226 = ADVANCED_FACE ( 'NONE', ( #4801 ), #3357, .T. ) ;
#227 = VECTOR ( 'NONE', #1434, 1000.000000000000000 ) ;
#228 = CARTESIAN_POINT ( 'NONE',  ( -6.324999999999998401, 1.850000000000000089, 2.785000000000001474 ) ) ;
#229 = DIRECTION ( 'NONE',  ( 1.000000000000000000, -0.000000000000000000, -4.494102269369968727E-16 ) ) ;
#230 = VECTOR ( 'NONE', #1564, 1000.000000000000000 ) ;
#231 = CARTESIAN_POINT ( 'NONE',  ( -5.975000000000004974, -1.449999999999999956, 2.784999999999999698 ) ) ;
#232 = EDGE_CURVE ( 'NONE', #1307, #3266, #783, .T. ) ;
#233 = ORIENTED_EDGE ( 'NONE', *, *, #3826, .F. ) ;
#234 = ORIENTED_EDGE ( 'NONE', *, *, #1306, .T. ) ;
#235 = VECTOR ( 'NONE', #4297, 1000.000000000000000 ) ;
#236 = VECTOR ( 'NONE', #2883, 1000.000000000000000 ) ;
#237 = CARTESIAN_POINT ( 'NONE',  ( -6.325000000000001066, 0.6699999999999998179, 1.190000000000006608 ) ) ;
#238 = VECTOR ( 'NONE', #4951, 1000.000000000000000 ) ;
#239 = EDGE_CURVE ( 'NONE', #5810, #2874, #4607, .T. ) ;
#240 = CARTESIAN_POINT ( 'NONE',  ( -0.3200000000000008393, 1.349999999999999867, -0.005000000000001014917 ) ) ;
#241 = ORIENTED_EDGE ( 'NONE', *, *, #3252, .T. ) ;
#242 = AXIS2_PLACEMENT_3D ( 'NONE', #3316, #3812, #5296 ) ;
#243 = ORIENTED_EDGE ( 'NONE', *, *, #2320, .F. ) ;
#244 = PLANE ( 'NONE',  #3528 ) ;
#245 = ORIENTED_EDGE ( 'NONE', *, *, #4555, .T. ) ;
#246 = VECTOR ( 'NONE', #183, 1000.000000000000000 ) ;
#247 = LINE ( 'NONE', #3686, #4036 ) ;
#248 = AXIS2_PLACEMENT_3D ( 'NONE', #3096, #5817, #37 ) ;
#249 = AXIS2_PLACEMENT_3D ( 'NONE', #4893, #3288, #3254 ) ;
#250 = VECTOR ( 'NONE', #4005, 1000.000000000000000 ) ;
#251 = FACE_OUTER_BOUND ( 'NONE', #3214, .T. ) ;
#252 = EDGE_CURVE ( 'NONE', #5180, #4957, #2633, .T. ) ;
#253 = AXIS2_PLACEMENT_3D ( 'NONE', #648, #3844, #4756 ) ;
#254 = ORIENTED_EDGE ( 'NONE', *, *, #1497, .F. ) ;
#255 = ADVANCED_FACE ( 'NONE', ( #2643 ), #1168, .F. ) ;
#256 = VERTEX_POINT ( 'NONE', #5678 ) ;
#257 = CARTESIAN_POINT ( 'NONE',  ( 2.679999999999999272, -1.318004915248548448E-16, 1.585000000000002629 ) ) ;
#258 = DIRECTION ( 'NONE',  ( -0.7071067811865495711, 0.7071067811865454633, 1.588905095008682906E-16 ) ) ;
#259 = LINE ( 'NONE', #1914, #2222 ) ;
#260 = PLANE ( 'NONE',  #2997 ) ;
#261 = ORIENTED_EDGE ( 'NONE', *, *, #1870, .T. ) ;
#262 = CARTESIAN_POINT ( 'NONE',  ( -6.325000000000001954, 0.6699999999999998179, -0.5599999999999937250 ) ) ;
#263 = VECTOR ( 'NONE', #5172, 1000.000000000000000 ) ;
#264 = PLANE ( 'NONE',  #5858 ) ;
#265 = CARTESIAN_POINT ( 'NONE',  ( 6.325000000000000178, 0.6700000000000021494, -1.585000000000002629 ) ) ;
#266 = FACE_OUTER_BOUND ( 'NONE', #1076, .T. ) ;
#267 = AXIS2_PLACEMENT_3D ( 'NONE', #3683, #455, #3751 ) ;
#268 = AXIS2_PLACEMENT_3D ( 'NONE', #5307, #258, #735 ) ;
#269 = VERTEX_POINT ( 'NONE', #2529 ) ;
#270 = LINE ( 'NONE', #5276, #4183 ) ;
#271 = LINE ( 'NONE', #4310, #4077 ) ;
#272 = CARTESIAN_POINT ( 'NONE',  ( 3.319999999999998952, -1.081363123647113125E-15, -1.584999999999999964 ) ) ;
#273 = CARTESIAN_POINT ( 'NONE',  ( 6.000000000000000000, -3.180000000000000160, 0.000000000000000000 ) ) ;
#274 = ORIENTED_EDGE ( 'NONE', *, *, #3703, .T. ) ;
#275 = PLANE ( 'NONE',  #4663 ) ;
#276 = VERTEX_POINT ( 'NONE', #225 ) ;
#277 = ORIENTED_EDGE ( 'NONE', *, *, #5715, .F. ) ;
#278 = LINE ( 'NONE', #3574, #426 ) ;
#279 = EDGE_CURVE ( 'NONE', #2481, #1228, #4622, .T. ) ;
#280 = LINE ( 'NONE', #4191, #4123 ) ;
#281 = DIRECTION ( 'NONE',  ( 0.000000000000000000, -1.000000000000000000, -1.807003620809174385E-16 ) ) ;
#282 = LINE ( 'NONE', #329, #110 ) ;
#283 = DIRECTION ( 'NONE',  ( 0.000000000000000000, 0.000000000000000000, 1.000000000000000000 ) ) ;
#284 = VERTEX_POINT ( 'NONE', #4976 ) ;
#285 = EDGE_LOOP ( 'NONE', ( #5634, #1171, #2504, #1125 ) ) ;
#286 = VERTEX_POINT ( 'NONE', #2700 ) ;
#287 = DIRECTION ( 'NONE',  ( 0.000000000000000000, 1.000000000000000000, 0.000000000000000000 ) ) ;
#288 = LINE ( 'NONE', #2641, #2371 ) ;
#289 = FACE_OUTER_BOUND ( 'NONE', #4105, .T. ) ;
#290 = AXIS2_PLACEMENT_3D ( 'NONE', #2827, #1450, #5633 ) ;
#291 = VECTOR ( 'NONE', #5896, 1000.000000000000000 ) ;
#292 = EDGE_CURVE ( 'NONE', #1286, #4247, #685, .T. ) ;
#293 = LINE ( 'NONE', #4255, #2184 ) ;
#294 = ORIENTED_EDGE ( 'NONE', *, *, #3999, .T. ) ;
#295 = CARTESIAN_POINT ( 'NONE',  ( 3.319999999999998952, 0.000000000000000000, 2.024999999999999023 ) ) ;
#296 = CARTESIAN_POINT ( 'NONE',  ( -0.3200000000000008948, 0.000000000000000000, 2.024999999999999023 ) ) ;
#297 = ORIENTED_EDGE ( 'NONE', *, *, #2225, .F. ) ;
#298 = LINE ( 'NONE', #5386, #4322 ) ;
#299 = LINE ( 'NONE', #4575, #4243 ) ;
#300 = CARTESIAN_POINT ( 'NONE',  ( 6.324999999999999289, 9.900000000000002132, 1.584999999999997966 ) ) ;
#301 = PLANE ( 'NONE',  #223 ) ;
#302 = CARTESIAN_POINT ( 'NONE',  ( -4.939999999999999503, -1.081363123647113125E-15, -1.584999999999999964 ) ) ;
#303 = AXIS2_PLACEMENT_3D ( 'NONE', #5252, #1714, #4778 ) ;
#304 = LINE ( 'NONE', #5430, #4253 ) ;
#305 = ORIENTED_EDGE ( 'NONE', *, *, #1858, .F. ) ;
#306 = ADVANCED_FACE ( 'NONE', ( #2733 ), #3509, .F. ) ;
#307 = EDGE_LOOP ( 'NONE', ( #469, #2798, #2465, #2016 ) ) ;
#308 = FACE_OUTER_BOUND ( 'NONE', #1514, .T. ) ;
#309 = LINE ( 'NONE', #14, #2297 ) ;
#310 = CARTESIAN_POINT ( 'NONE',  ( 4.269999999999999574, 9.900000000000000355, -0.9550000000000007372 ) ) ;
#311 = EDGE_CURVE ( 'NONE', #4859, #1881, #695, .T. ) ;
#312 = PLANE ( 'NONE',  #1736 ) ;
#313 = DIRECTION ( 'NONE',  ( -2.247051134684983870E-16, -0.000000000000000000, 1.000000000000000000 ) ) ;
#314 = DIRECTION ( 'NONE',  ( 0.000000000000000000, 0.000000000000000000, -1.000000000000000000 ) ) ;
#315 = CARTESIAN_POINT ( 'NONE',  ( -3.080454545454546444, 7.618636363636364095, 0.3954545454545448924 ) ) ;
#316 = CARTESIAN_POINT ( 'NONE',  ( -2.680000000000001048, 1.269999999999999796, -0.5599999999999952793 ) ) ;
#317 = EDGE_CURVE ( 'NONE', #5041, #1971, #2663, .T. ) ;
#318 = ORIENTED_EDGE ( 'NONE', *, *, #1430, .T. ) ;
#319 = DIRECTION ( 'NONE',  ( 0.9486832980505147672, 0.3162277660168352766, -0.000000000000000000 ) ) ;
#320 = ORIENTED_EDGE ( 'NONE', *, *, #2954, .F. ) ;
#321 = VECTOR ( 'NONE', #3597, 1000.000000000000000 ) ;
#322 = LINE ( 'NONE', #2847, #2287 ) ;
#323 = EDGE_CURVE ( 'NONE', #2220, #3841, #4670, .T. ) ;
#324 = ORIENTED_EDGE ( 'NONE', *, *, #537, .T. ) ;
#325 = AXIS2_PLACEMENT_3D ( 'NONE', #3680, #1698, #5122 ) ;
#326 = DIRECTION ( 'NONE',  ( 1.000000000000000000, -0.000000000000000000, -4.494102269369968727E-16 ) ) ;
#327 = CARTESIAN_POINT ( 'NONE',  ( 4.925000000000000711, 8.499999999999992895, -0.9550000000000007372 ) ) ;
#328 = VERTEX_POINT ( 'NONE', #4477 ) ;
#329 = CARTESIAN_POINT ( 'NONE',  ( -6.325000000000001954, 1.269999999999999796, -0.5599999999999936140 ) ) ;
#330 = ORIENTED_EDGE ( 'NONE', *, *, #4783, .T. ) ;
#331 = DIRECTION ( 'NONE',  ( 0.000000000000000000, 0.000000000000000000, -1.000000000000000000 ) ) ;
#332 = AXIS2_PLACEMENT_3D ( 'NONE', #3568, #5497, #5125 ) ;
#333 = ORIENTED_EDGE ( 'NONE', *, *, #2601, .T. ) ;
#334 = AXIS2_PLACEMENT_3D ( 'NONE', #3436, #4723, #141 ) ;
#335 = DIRECTION ( 'NONE',  ( 1.000000000000000000, 0.000000000000000000, -4.494102269369968727E-16 ) ) ;
#336 = LINE ( 'NONE', #4703, #4289 ) ;
#337 = LINE ( 'NONE', #5620, #404 ) ;
#338 = EDGE_CURVE ( 'NONE', #1005, #4507, #793, .T. ) ;
#339 = ORIENTED_EDGE ( 'NONE', *, *, #2812, .T. ) ;
#340 = CARTESIAN_POINT ( 'NONE',  ( 6.325000000000000178, 0.000000000000000000, 2.784999999999999698 ) ) ;
#341 = ORIENTED_EDGE ( 'NONE', *, *, #5553, .T. ) ;
#342 = CARTESIAN_POINT ( 'NONE',  ( -6.325000000000001066, -3.252606517456513302E-16, 1.585000000000006848 ) ) ;
#343 = DIRECTION ( 'NONE',  ( 1.000000000000000000, 0.000000000000000000, 0.000000000000000000 ) ) ;
#344 = ORIENTED_EDGE ( 'NONE', *, *, #3227, .T. ) ;
#345 = LINE ( 'NONE', #1258, #2381 ) ;
#346 = VECTOR ( 'NONE', #3838, 1000.000000000000000 ) ;
#347 = CARTESIAN_POINT ( 'NONE',  ( -1.300000000000000044, 7.400000000000000355, -2.085000000000000853 ) ) ;
#348 = CARTESIAN_POINT ( 'NONE',  ( -4.939999999999999503, 0.000000000000000000, 2.024999999999999023 ) ) ;
#349 = PLANE ( 'NONE',  #1441 ) ;
#350 = ORIENTED_EDGE ( 'NONE', *, *, #4833, .T. ) ;
#351 = ORIENTED_EDGE ( 'NONE', *, *, #2138, .F. ) ;
#352 = FACE_OUTER_BOUND ( 'NONE', #5687, .T. ) ;
#353 = FACE_OUTER_BOUND ( 'NONE', #4041, .T. ) ;
#354 = DIRECTION ( 'NONE',  ( 0.000000000000000000, 1.000000000000000000, 0.000000000000000000 ) ) ;
#355 = ADVANCED_FACE ( 'NONE', ( #4855 ), #3151, .F. ) ;
#356 = CARTESIAN_POINT ( 'NONE',  ( 3.319999999999998952, 7.500000000000001776, -0.005000000000000663636 ) ) ;
#357 = DIRECTION ( 'NONE',  ( 0.000000000000000000, 0.000000000000000000, -1.000000000000000000 ) ) ;
#358 = FACE_OUTER_BOUND ( 'NONE', #3179, .T. ) ;
#359 = DIRECTION ( 'NONE',  ( -0.000000000000000000, -1.000000000000000000, -0.000000000000000000 ) ) ;
#360 = VERTEX_POINT ( 'NONE', #742 ) ;
#361 = EDGE_CURVE ( 'NONE', #863, #2820, #5013, .T. ) ;
#362 = ADVANCED_FACE ( 'NONE', ( #1027 ), #5348, .F. ) ;
#363 = CARTESIAN_POINT ( 'NONE',  ( 4.939999999999999503, 1.699999999999999956, 2.024999999999999023 ) ) ;
#364 = EDGE_LOOP ( 'NONE', ( #1730, #5186, #3248, #5758 ) ) ;
#365 = ORIENTED_EDGE ( 'NONE', *, *, #408, .F. ) ;
#366 = FACE_OUTER_BOUND ( 'NONE', #285, .T. ) ;
#367 = LINE ( 'NONE', #3728, #436 ) ;
#368 = VERTEX_POINT ( 'NONE', #4637 ) ;
#369 = PLANE ( 'NONE',  #1190 ) ;
#370 = ORIENTED_EDGE ( 'NONE', *, *, #4530, .T. ) ;
#371 = CARTESIAN_POINT ( 'NONE',  ( 1.729999999999998872, 3.300000000000000711, 1.584999999999999520 ) ) ;
#372 = EDGE_CURVE ( 'NONE', #688, #3133, #5033, .T. ) ;
#373 = VERTEX_POINT ( 'NONE', #5746 ) ;
#374 = DIRECTION ( 'NONE',  ( 0.000000000000000000, -1.000000000000000000, -3.388131789017201849E-16 ) ) ;
#375 = LINE ( 'NONE', #2077, #4354 ) ;
#376 = VECTOR ( 'NONE', #3804, 1000.000000000000000 ) ;
#377 = VERTEX_POINT ( 'NONE', #310 ) ;
#378 = ORIENTED_EDGE ( 'NONE', *, *, #111, .F. ) ;
#379 = AXIS2_PLACEMENT_3D ( 'NONE', #5750, #5395, #747 ) ;
#380 = CARTESIAN_POINT ( 'NONE',  ( 2.679999999999999272, -7.265096679918780609, 0.6349999999999974554 ) ) ;
#381 = ORIENTED_EDGE ( 'NONE', *, *, #3734, .F. ) ;
#382 = FACE_OUTER_BOUND ( 'NONE', #5525, .T. ) ;
#383 = LINE ( 'NONE', #2155, #2361 ) ;
#384 = CARTESIAN_POINT ( 'NONE',  ( 3.319999999999999840, 0.6699999999999997069, 1.585000000000005960 ) ) ;
#385 = CARTESIAN_POINT ( 'NONE',  ( -6.324999999999998401, 1.850000000000000089, 2.785000000000001474 ) ) ;
#386 = EDGE_CURVE ( 'NONE', #2796, #269, #3064, .T. ) ;
#387 = ORIENTED_EDGE ( 'NONE', *, *, #4527, .T. ) ;
#388 = EDGE_CURVE ( 'NONE', #5665, #1102, #2861, .T. ) ;
#389 = ORIENTED_EDGE ( 'NONE', *, *, #1390, .F. ) ;
#390 = ORIENTED_EDGE ( 'NONE', *, *, #4080, .F. ) ;
#391 = VECTOR ( 'NONE', #5632, 1000.000000000000000 ) ;
#392 = LINE ( 'NONE', #3582, #448 ) ;
#393 = EDGE_CURVE ( 'NONE', #2078, #3484, #2926, .T. ) ;
#394 = CARTESIAN_POINT ( 'NONE',  ( 2.679999999999999272, -2.579999999999992966, -0.005000000000001723552 ) ) ;
#395 = CARTESIAN_POINT ( 'NONE',  ( -1.300000000000000044, 6.899999999999999467, -2.085000000000000853 ) ) ;
#396 = DIRECTION ( 'NONE',  ( -0.000000000000000000, 1.000000000000000000, -0.000000000000000000 ) ) ;
#397 = VECTOR ( 'NONE', #2517, 1000.000000000000000 ) ;
#398 = PLANE ( 'NONE',  #780 ) ;
#399 = EDGE_CURVE ( 'NONE', #3266, #4332, #892, .T. ) ;
#400 = ORIENTED_EDGE ( 'NONE', *, *, #1538, .F. ) ;
#401 = EDGE_LOOP ( 'NONE', ( #2712, #2199, #805, #4450 ) ) ;
#402 = ORIENTED_EDGE ( 'NONE', *, *, #3713, .F. ) ;
#403 = LINE ( 'NONE', #5115, #2276 ) ;
#404 = VECTOR ( 'NONE', #132, 1000.000000000000000 ) ;
#405 = PLANE ( 'NONE',  #3649 ) ;
#406 = ORIENTED_EDGE ( 'NONE', *, *, #5656, .T. ) ;
#407 = ADVANCED_FACE ( 'NONE', ( #4969 ), #1820, .T. ) ;
#408 = EDGE_CURVE ( 'NONE', #5159, #1971, #1034, .T. ) ;
#409 = VERTEX_POINT ( 'NONE', #4323 ) ;
#410 = CARTESIAN_POINT ( 'NONE',  ( 0.3199999999999991185, -2.579999999999992966, -0.005000000000002567495 ) ) ;
#411 = LINE ( 'NONE', #2332, #4242 ) ;
#412 = LINE ( 'NONE', #5187, #427 ) ;
#413 = VERTEX_POINT ( 'NONE', #720 ) ;
#414 = UNCERTAINTY_MEASURE_WITH_UNIT (LENGTH_MEASURE( 1.000000000000000082E-05 ), #1351, 'distance_accuracy_value', 'NONE');
#415 = ORIENTED_EDGE ( 'NONE', *, *, #5281, .F. ) ;
#416 = DIRECTION ( 'NONE',  ( 1.000000000000000000, -0.000000000000000000, -1.707404996040164018E-16 ) ) ;
#417 = VECTOR ( 'NONE', #422, 1000.000000000000000 ) ;
#418 = CARTESIAN_POINT ( 'NONE',  ( -3.320000000000000728, -7.265096679918780609, -0.005000000000002567495 ) ) ;
#419 = ORIENTED_EDGE ( 'NONE', *, *, #3985, .T. ) ;
#420 = DIRECTION ( 'NONE',  ( 0.7071067811865495711, 0.7071067811865454633, 1.588905095008682906E-16 ) ) ;
#421 = CARTESIAN_POINT ( 'NONE',  ( -6.325000000000001066, 1.269999999999999796, 1.190000000000006386 ) ) ;
#422 = DIRECTION ( 'NONE',  ( 0.000000000000000000, 1.000000000000000000, 0.000000000000000000 ) ) ;
#423 = ORIENTED_EDGE ( 'NONE', *, *, #3796, .T. ) ;
#424 = VERTEX_POINT ( 'NONE', #1138 ) ;
#425 = ORIENTED_EDGE ( 'NONE', *, *, #3954, .T. ) ;
#426 = VECTOR ( 'NONE', #4511, 1000.000000000000000 ) ;
#427 = VECTOR ( 'NONE', #1625, 1000.000000000000000 ) ;
#428 = ORIENTED_EDGE ( 'NONE', *, *, #1935, .T. ) ;
#429 = EDGE_CURVE ( 'NONE', #2554, #4634, #4841, .T. ) ;
#430 = CARTESIAN_POINT ( 'NONE',  ( -4.925000000000000711, 9.900000000000000355, -0.9550000000000007372 ) ) ;
#431 = DIRECTION ( 'NONE',  ( 1.000000000000000000, -0.000000000000000000, -0.000000000000000000 ) ) ;
#432 = DIRECTION ( 'NONE',  ( 0.000000000000000000, 1.000000000000000000, 0.000000000000000000 ) ) ;
#433 = VERTEX_POINT ( 'NONE', #5737 ) ;
#434 = PLANE ( 'NONE',  #769 ) ;
#435 = FACE_OUTER_BOUND ( 'NONE', #500, .T. ) ;
#436 = VECTOR ( 'NONE', #605, 1000.000000000000000 ) ;
#437 = EDGE_LOOP ( 'NONE', ( #3082, #664, #1210, #1381 ) ) ;
#438 = AXIS2_PLACEMENT_3D ( 'NONE', #5086, #2791, #3299 ) ;
#439 = ADVANCED_FACE ( 'NONE', ( #2957 ), #1664, .T. ) ;
#440 = CARTESIAN_POINT ( 'NONE',  ( -2.680000000000001048, 6.899999999999995026, 0.6349999999999992317 ) ) ;
#441 = VERTEX_POINT ( 'NONE', #1524 ) ;
#442 = DIRECTION ( 'NONE',  ( -2.247051134684983870E-16, -0.000000000000000000, 1.000000000000000000 ) ) ;
#443 = LINE ( 'NONE', #732, #4561 ) ;
#444 =( NAMED_UNIT ( * ) SI_UNIT ( $, .STERADIAN. ) SOLID_ANGLE_UNIT ( ) );
#445 = EDGE_LOOP ( 'NONE', ( #5436, #175, #187, #4051, #979 ) ) ;
#446 = DIRECTION ( 'NONE',  ( -0.3015113445777614087, -0.9045340337332923308, 0.3015113445777614087 ) ) ;
#447 = FACE_OUTER_BOUND ( 'NONE', #3833, .T. ) ;
#448 = VECTOR ( 'NONE', #4163, 1000.000000000000000 ) ;
#449 = ORIENTED_EDGE ( 'NONE', *, *, #111, .T. ) ;
#450 = EDGE_CURVE ( 'NONE', #1411, #4393, #3041, .T. ) ;
#451 = LINE ( 'NONE', #296, #397 ) ;
#452 = EDGE_CURVE ( 'NONE', #2982, #1158, #940, .T. ) ;
#453 = EDGE_LOOP ( 'NONE', ( #2089, #415, #4668, #898 ) ) ;
#454 = ADVANCED_FACE ( 'NONE', ( #3020 ), #2387, .T. ) ;
#455 = DIRECTION ( 'NONE',  ( 0.000000000000000000, 1.000000000000000000, 0.000000000000000000 ) ) ;
#456 = ORIENTED_EDGE ( 'NONE', *, *, #3968, .F. ) ;
#457 = LINE ( 'NONE', #2259, #2454 ) ;
#458 = VECTOR ( 'NONE', #5299, 1000.000000000000000 ) ;
#459 = EDGE_CURVE ( 'NONE', #1750, #2867, #917, .T. ) ;
#460 = CARTESIAN_POINT ( 'NONE',  ( 6.325000000000000178, 1.850000000000000089, 2.784999999999999698 ) ) ;
#461 = ORIENTED_EDGE ( 'NONE', *, *, #3724, .F. ) ;
#462 = CARTESIAN_POINT ( 'NONE',  ( -6.325000000000001066, 0.6699999999999998179, 1.190000000000006608 ) ) ;
#463 = DIRECTION ( 'NONE',  ( 0.000000000000000000, -0.000000000000000000, -1.000000000000000000 ) ) ;
#464 = AXIS2_PLACEMENT_3D ( 'NONE', #4614, #3372, #5628 ) ;
#465 = LINE ( 'NONE', #4861, #2308 ) ;
#466 = ORIENTED_EDGE ( 'NONE', *, *, #1354, .F. ) ;
#467 = ORIENTED_EDGE ( 'NONE', *, *, #3594, .F. ) ;
#468 = ADVANCED_FACE ( 'NONE', ( #2888 ), #2431, .F. ) ;
#469 = ORIENTED_EDGE ( 'NONE', *, *, #4707, .F. ) ;
#470 = AXIS2_PLACEMENT_3D ( 'NONE', #4309, #1544, #1455 ) ;
#471 = FACE_OUTER_BOUND ( 'NONE', #2395, .T. ) ;
#472 = VECTOR ( 'NONE', #5583, 1000.000000000000000 ) ;
#473 = EDGE_CURVE ( 'NONE', #1325, #1179, #5022, .T. ) ;
#474 = CARTESIAN_POINT ( 'NONE',  ( -6.325000000000001954, -3.252606517456513302E-16, -0.9549999999999938538 ) ) ;
#475 = DIRECTION ( 'NONE',  ( -2.247051134684983870E-16, 0.000000000000000000, -1.000000000000000000 ) ) ;
#476 = DIRECTION ( 'NONE',  ( -4.494102269369968727E-16, 1.618212197739558636E-16, -1.000000000000000000 ) ) ;
#477 = DIRECTION ( 'NONE',  ( -1.000000000000000000, 0.000000000000000000, 1.280553747030123075E-16 ) ) ;
#478 = LINE ( 'NONE', #3435, #4317 ) ;
#479 = ORIENTED_EDGE ( 'NONE', *, *, #180, .F. ) ;
#480 = DIRECTION ( 'NONE',  ( -0.4619344188369650106, -0.000000000000000000, -0.8869140841669814757 ) ) ;
#481 = VERTEX_POINT ( 'NONE', #5690 ) ;
#482 = ORIENTED_EDGE ( 'NONE', *, *, #4500, .T. ) ;
#483 = VECTOR ( 'NONE', #3056, 1000.000000000000000 ) ;
#484 = LINE ( 'NONE', #3880, #2464 ) ;
#485 = ORIENTED_EDGE ( 'NONE', *, *, #4591, .F. ) ;
#486 = AXIS2_PLACEMENT_3D ( 'NONE', #3902, #3380, #2691 ) ;
#487 = EDGE_CURVE ( 'NONE', #3216, #3266, #4937, .T. ) ;
#488 = DIRECTION ( 'NONE',  ( 0.000000000000000000, 1.000000000000000000, 1.344746880602175966E-16 ) ) ;
#489 = VECTOR ( 'NONE', #2123, 1000.000000000000000 ) ;
#490 = DIRECTION ( 'NONE',  ( -0.000000000000000000, -0.000000000000000000, 1.000000000000000000 ) ) ;
#491 = ORIENTED_EDGE ( 'NONE', *, *, #1485, .T. ) ;
#492 = PLANE ( 'NONE',  #4325 ) ;
#493 = VECTOR ( 'NONE', #3088, 1000.000000000000000 ) ;
#494 = DIRECTION ( 'NONE',  ( 1.000000000000000000, 0.000000000000000000, 0.000000000000000000 ) ) ;
#495 = ORIENTED_EDGE ( 'NONE', *, *, #3550, .T. ) ;
#496 = DIRECTION ( 'NONE',  ( -1.000000000000000000, -0.000000000000000000, -0.000000000000000000 ) ) ;
#497 = PLANE ( 'NONE',  #3756 ) ;
#498 = VECTOR ( 'NONE', #2046, 1000.000000000000000 ) ;
#499 = VECTOR ( 'NONE', #442, 1000.000000000000000 ) ;
#500 = EDGE_LOOP ( 'NONE', ( #5032, #3237, #5155, #1757 ) ) ;
#501 = ADVANCED_FACE ( 'NONE', ( #1011 ), #923, .F. ) ;
#502 = ORIENTED_EDGE ( 'NONE', *, *, #96, .T. ) ;
#503 = EDGE_CURVE ( 'NONE', #2982, #3515, #931, .T. ) ;
#504 = VERTEX_POINT ( 'NONE', #5461 ) ;
#505 = DIRECTION ( 'NONE',  ( 0.000000000000000000, -0.7682212795973777375, 0.6401843996644777102 ) ) ;
#506 = DIRECTION ( 'NONE',  ( -0.000000000000000000, -1.000000000000000000, -0.000000000000000000 ) ) ;
#507 = ORIENTED_EDGE ( 'NONE', *, *, #3067, .F. ) ;
#508 = LINE ( 'NONE', #1715, #4522 ) ;
#509 = DIRECTION ( 'NONE',  ( -0.6092076990801716940, -0.5076730825668087643, -0.6092076990801716940 ) ) ;
#510 = VERTEX_POINT ( 'NONE', #2285 ) ;
#511 = DIRECTION ( 'NONE',  ( 0.000000000000000000, -1.000000000000000000, -2.017120320903263949E-16 ) ) ;
#512 = CARTESIAN_POINT ( 'NONE',  ( -0.1200000000000003147, 7.500000000000001776, 0.000000000000000000 ) ) ;
#513 = VECTOR ( 'NONE', #1666, 1000.000000000000000 ) ;
#514 = EDGE_LOOP ( 'NONE', ( #4857, #2186, #4624, #739 ) ) ;
#515 = ADVANCED_FACE ( 'NONE', ( #5042 ), #2242, .T. ) ;
#516 = EDGE_CURVE ( 'NONE', #3867, #1731, #4868, .T. ) ;
#517 = LINE ( 'NONE', #812, #2569 ) ;
#518 = ORIENTED_EDGE ( 'NONE', *, *, #2405, .F. ) ;
#519 = CARTESIAN_POINT ( 'NONE',  ( -0.3200000000000008393, 7.500000000000001776, 0.6349999999999992317 ) ) ;
#520 = CARTESIAN_POINT ( 'NONE',  ( 2.679999999999998384, 0.6699999999999998179, 1.190000000000006608 ) ) ;
#521 = PLANE ( 'NONE',  #4156 ) ;
#522 = DIRECTION ( 'NONE',  ( -1.000000000000000000, -0.000000000000000000, 0.000000000000000000 ) ) ;
#523 = FACE_OUTER_BOUND ( 'NONE', #551, .T. ) ;
#524 = CARTESIAN_POINT ( 'NONE',  ( 5.389999999999999680, 0.000000000000000000, -1.584999999999999964 ) ) ;
#525 = ORIENTED_EDGE ( 'NONE', *, *, #2839, .F. ) ;
#526 = CARTESIAN_POINT ( 'NONE',  ( 3.319999999999998952, -2.579999999999992966, -0.005000000000002567495 ) ) ;
#527 = LINE ( 'NONE', #2999, #704 ) ;
#528 = AXIS2_PLACEMENT_3D ( 'NONE', #3803, #5095, #200 ) ;
#529 = EDGE_LOOP ( 'NONE', ( #5143, #5218, #3676, #3043 ) ) ;
#530 = VECTOR ( 'NONE', #5791, 1000.000000000000000 ) ;
#531 = ORIENTED_EDGE ( 'NONE', *, *, #2165, .F. ) ;
#532 = CARTESIAN_POINT ( 'NONE',  ( 2.679999999999999272, 1.349999999999999423, 2.024999999999999023 ) ) ;
#533 = LINE ( 'NONE', #356, #2340 ) ;
#534 = CARTESIAN_POINT ( 'NONE',  ( 2.250000000000001332, 8.300000000000000711, 2.774999999999999467 ) ) ;
#535 = ORIENTED_EDGE ( 'NONE', *, *, #1429, .T. ) ;
#536 = CARTESIAN_POINT ( 'NONE',  ( 0.1199999999999985800, 7.500000000000001776, 0.000000000000000000 ) ) ;
#537 = EDGE_CURVE ( 'NONE', #2076, #377, #2873, .T. ) ;
#538 = ORIENTED_EDGE ( 'NONE', *, *, #1163, .T. ) ;
#539 = CARTESIAN_POINT ( 'NONE',  ( 0.3199999999999991740, 1.349999999999999423, 2.024999999999999023 ) ) ;
#540 = ORIENTED_EDGE ( 'NONE', *, *, #3914, .F. ) ;
#541 = DIRECTION ( 'NONE',  ( -1.000000000000000000, 0.000000000000000000, 0.000000000000000000 ) ) ;
#542 = VECTOR ( 'NONE', #1426, 1000.000000000000114 ) ;
#543 = ORIENTED_EDGE ( 'NONE', *, *, #450, .F. ) ;
#544 = EDGE_CURVE ( 'NONE', #3966, #1263, #5051, .T. ) ;
#545 = EDGE_CURVE ( 'NONE', #510, #4967, #4901, .T. ) ;
#546 = ORIENTED_EDGE ( 'NONE', *, *, #4898, .T. ) ;
#547 = ORIENTED_EDGE ( 'NONE', *, *, #24, .F. ) ;
#548 = AXIS2_PLACEMENT_3D ( 'NONE', #2646, #3051, #1002 ) ;
#549 = DIRECTION ( 'NONE',  ( 1.000000000000000000, 0.000000000000000000, 0.000000000000000000 ) ) ;
#550 = CARTESIAN_POINT ( 'NONE',  ( -6.325000000000001954, 1.269999999999999796, -0.5599999999999936140 ) ) ;
#551 = EDGE_LOOP ( 'NONE', ( #5724, #1882, #3767, #1789 ) ) ;
#552 = LINE ( 'NONE', #231, #576 ) ;
#553 = DIRECTION ( 'NONE',  ( 1.000000000000000000, 0.000000000000000000, -0.000000000000000000 ) ) ;
#554 = ORIENTED_EDGE ( 'NONE', *, *, #3703, .F. ) ;
#555 = PLANE ( 'NONE',  #438 ) ;
#556 = DIRECTION ( 'NONE',  ( -1.000000000000000000, 0.000000000000000000, 0.000000000000000000 ) ) ;
#557 = AXIS2_PLACEMENT_3D ( 'NONE', #4840, #2985, #5721 ) ;
#558 = ADVANCED_FACE ( 'NONE', ( #2914, #4888, #952, #965 ), #1724, .T. ) ;
#559 = LINE ( 'NONE', #822, #613 ) ;
#560 =( GEOMETRIC_REPRESENTATION_CONTEXT ( 3 ) GLOBAL_UNCERTAINTY_ASSIGNED_CONTEXT ( ( #4200 ) ) GLOBAL_UNIT_ASSIGNED_CONTEXT ( ( #2736, #3173, #3560 ) ) REPRESENTATION_CONTEXT ( 'NONE', 'WORKASPACE' ) );
#561 = ORIENTED_EDGE ( 'NONE', *, *, #4913, .F. ) ;
#562 = EDGE_CURVE ( 'NONE', #1119, #2312, #4916, .T. ) ;
#563 = VERTEX_POINT ( 'NONE', #3469 ) ;
#564 = CLOSED_SHELL ( 'NONE', ( #1335, #3626, #3426, #4795, #3949, #4659, #5012, #4741, #4021, #4754 ) ) ;
#565 = VECTOR ( 'NONE', #789, 1000.000000000000114 ) ;
#566 = ORIENTED_EDGE ( 'NONE', *, *, #2079, .F. ) ;
#567 = CARTESIAN_POINT ( 'NONE',  ( 2.679999999999999272, 0.6699999999999997069, -0.9549999999999977396 ) ) ;
#568 = CARTESIAN_POINT ( 'NONE',  ( -0.3200000000000008393, 1.349999999999999645, 0.6349999999999990097 ) ) ;
#569 = CARTESIAN_POINT ( 'NONE',  ( -2.738181818181818272, -2.754545454545446415, 0.5768181818181810083 ) ) ;
#570 = DIRECTION ( 'NONE',  ( 1.000000000000000000, 0.000000000000000000, 0.000000000000000000 ) ) ;
#571 = ORIENTED_EDGE ( 'NONE', *, *, #5846, .F. ) ;
#572 = ADVANCED_FACE ( 'NONE', ( #2949 ), #5153, .F. ) ;
#573 = AXIS2_PLACEMENT_3D ( 'NONE', #3390, #3765, #4283 ) ;
#574 = ORIENTED_EDGE ( 'NONE', *, *, #5101, .F. ) ;
#575 = ORIENTED_EDGE ( 'NONE', *, *, #2976, .T. ) ;
#576 = VECTOR ( 'NONE', #1546, 1000.000000000000000 ) ;
#577 = VERTEX_POINT ( 'NONE', #295 ) ;
#578 = DIRECTION ( 'NONE',  ( 0.000000000000000000, 2.017120320903263949E-16, -1.000000000000000000 ) ) ;
#579 = MANIFOLD_SOLID_BREP ( 'LPattern2[1]', #112 ) ;
#580 = ORIENTED_EDGE ( 'NONE', *, *, #2240, .F. ) ;
#581 = CARTESIAN_POINT ( 'NONE',  ( 3.319999999999998952, 3.300000000000000711, 0.6349999999999992317 ) ) ;
#582 = EDGE_LOOP ( 'NONE', ( #2086, #4493, #4514, #4804 ) ) ;
#583 = DIRECTION ( 'NONE',  ( 1.000000000000000000, 0.000000000000000000, 0.000000000000000000 ) ) ;
#584 = CARTESIAN_POINT ( 'NONE',  ( 0.3199999999999991185, -2.579999999999992966, 0.6349999999999983435 ) ) ;
#585 = ORIENTED_EDGE ( 'NONE', *, *, #913, .T. ) ;
#586 = CARTESIAN_POINT ( 'NONE',  ( 3.319999999999998952, 0.000000000000000000, 2.024999999999999023 ) ) ;
#587 = VECTOR ( 'NONE', #78, 1000.000000000000000 ) ;
#588 = CLOSED_SHELL ( 'NONE', ( #2916, #3269, #1685, #2061, #1910, #5228, #203, #3499, #4318, #1608 ) ) ;
#589 = ORIENTED_EDGE ( 'NONE', *, *, #3996, .F. ) ;
#590 = EDGE_LOOP ( 'NONE', ( #213, #2249, #4900, #4981, #5010, #2829, #792, #4736, #3031, #2995, #3040, #5092 ) ) ;
#591 = DIRECTION ( 'NONE',  ( 1.000000000000000000, 0.000000000000000000, 0.000000000000000000 ) ) ;
#592 = CARTESIAN_POINT ( 'NONE',  ( 5.389999999999998792, 0.6699999999999997069, 1.585000000000001297 ) ) ;
#593 = EDGE_LOOP ( 'NONE', ( #1482, #3660, #3907, #2064 ) ) ;
#594 = LINE ( 'NONE', #1682, #498 ) ;
#595 = ORIENTED_EDGE ( 'NONE', *, *, #323, .F. ) ;
#596 = CARTESIAN_POINT ( 'NONE',  ( -2.680000000000001048, 1.269999999999999796, 1.190000000000005720 ) ) ;
#597 = DIRECTION ( 'NONE',  ( -1.000000000000000000, 0.000000000000000000, 0.000000000000000000 ) ) ;
#598 = CARTESIAN_POINT ( 'NONE',  ( -6.325000000000001954, 0.6699999999999998179, -0.5599999999999937250 ) ) ;
#599 = EDGE_CURVE ( 'NONE', #1183, #2516, #3175, .T. ) ;
#600 = ORIENTED_EDGE ( 'NONE', *, *, #81, .T. ) ;
#601 = EDGE_LOOP ( 'NONE', ( #5468, #4097, #482, #3533 ) ) ;
#602 = ORIENTED_EDGE ( 'NONE', *, *, #4195, .F. ) ;
#603 = LINE ( 'NONE', #4878, #4441 ) ;
#604 = VERTEX_POINT ( 'NONE', #327 ) ;
#605 = DIRECTION ( 'NONE',  ( 0.000000000000000000, 0.000000000000000000, -1.000000000000000000 ) ) ;
#606 = FACE_OUTER_BOUND ( 'NONE', #2459, .T. ) ;
#607 = CARTESIAN_POINT ( 'NONE',  ( 1.300000000000000044, 8.149999999999998579, -2.785000000000001030 ) ) ;
#608 = ORIENTED_EDGE ( 'NONE', *, *, #279, .F. ) ;
#609 = DIRECTION ( 'NONE',  ( 1.000000000000000000, 0.000000000000000000, 0.000000000000000000 ) ) ;
#610 = VERTEX_POINT ( 'NONE', #3122 ) ;
#611 = FACE_OUTER_BOUND ( 'NONE', #1595, .T. ) ;
#612 = EDGE_CURVE ( 'NONE', #1511, #883, #5235, .T. ) ;
#613 = VECTOR ( 'NONE', #1711, 1000.000000000000000 ) ;
#614 = ORIENTED_EDGE ( 'NONE', *, *, #1114, .F. ) ;
#615 = CARTESIAN_POINT ( 'NONE',  ( -5.389999999999999680, 1.269999999999999796, -0.5599999999999940581 ) ) ;
#616 = ADVANCED_FACE ( 'NONE', ( #3296 ), #2817, .F. ) ;
#617 = EDGE_CURVE ( 'NONE', #4559, #5820, #1295, .T. ) ;
#618 = AXIS2_PLACEMENT_3D ( 'NONE', #3061, #3875, #5755 ) ;
#619 = VERTEX_POINT ( 'NONE', #101 ) ;
#620 = DIRECTION ( 'NONE',  ( -0.000000000000000000, -1.000000000000000000, -0.000000000000000000 ) ) ;
#621 = DIRECTION ( 'NONE',  ( 0.000000000000000000, 0.000000000000000000, 1.000000000000000000 ) ) ;
#622 = ORIENTED_EDGE ( 'NONE', *, *, #612, .T. ) ;
#623 = PLANE ( 'NONE',  #4154 ) ;
#624 = PLANE ( 'NONE',  #804 ) ;
#625 = VECTOR ( 'NONE', #3110, 1000.000000000000000 ) ;
#626 = ORIENTED_EDGE ( 'NONE', *, *, #3457, .F. ) ;
#627 = EDGE_CURVE ( 'NONE', #1296, #4629, #5099, .T. ) ;
#628 = FACE_OUTER_BOUND ( 'NONE', #3163, .T. ) ;
#629 = ORIENTED_EDGE ( 'NONE', *, *, #3784, .F. ) ;
#630 = DIRECTION ( 'NONE',  ( 0.000000000000000000, 1.000000000000000000, -3.614007241618348771E-16 ) ) ;
#631 = EDGE_LOOP ( 'NONE', ( #2, #3194, #1936, #1775 ) ) ;
#632 = SURFACE_STYLE_USAGE ( .BOTH. , #5212 ) ;
#633 = VECTOR ( 'NONE', #5502, 1000.000000000000000 ) ;
#634 = ORIENTED_EDGE ( 'NONE', *, *, #1723, .F. ) ;
#635 = CARTESIAN_POINT ( 'NONE',  ( -2.680000000000001048, 7.500000000000001776, 0.6349999999999992317 ) ) ;
#636 = EDGE_CURVE ( 'NONE', #1164, #3188, #5077, .T. ) ;
#637 = CARTESIAN_POINT ( 'NONE',  ( -3.320000000000000728, -2.579999999999992966, 0.6349999999999974554 ) ) ;
#638 = ORIENTED_EDGE ( 'NONE', *, *, #4898, .F. ) ;
#639 = LINE ( 'NONE', #174, #4581 ) ;
#640 = ORIENTED_EDGE ( 'NONE', *, *, #4444, .T. ) ;
#641 = FACE_OUTER_BOUND ( 'NONE', #873, .T. ) ;
#642 = ORIENTED_EDGE ( 'NONE', *, *, #450, .T. ) ;
#643 = DIRECTION ( 'NONE',  ( -1.000000000000000000, 0.000000000000000000, 4.494102269369968727E-16 ) ) ;
#644 = DIRECTION ( 'NONE',  ( -0.000000000000000000, -1.000000000000000000, -0.000000000000000000 ) ) ;
#645 = CARTESIAN_POINT ( 'NONE',  ( 3.000000000000000000, 1.349999999999999867, 4.573977915173221831E-16 ) ) ;
#646 = DIRECTION ( 'NONE',  ( 0.000000000000000000, 0.000000000000000000, -1.000000000000000000 ) ) ;
#647 = VERTEX_POINT ( 'NONE', #1019 ) ;
#648 = CARTESIAN_POINT ( 'NONE',  ( -5.364999999999993108, 9.900000000000000355, 2.274999999999999467 ) ) ;
#649 = FACE_OUTER_BOUND ( 'NONE', #4321, .T. ) ;
#650 = EDGE_LOOP ( 'NONE', ( #945, #2101, #2756 ) ) ;
#651 = VECTOR ( 'NONE', #4066, 1000.000000000000000 ) ;
#652 = VERTEX_POINT ( 'NONE', #1532 ) ;
#653 = CARTESIAN_POINT ( 'NONE',  ( 1.250000000000001110, 8.300000000000000711, 2.274999999999999467 ) ) ;
#654 = ORIENTED_EDGE ( 'NONE', *, *, #2628, .F. ) ;
#655 = CARTESIAN_POINT ( 'NONE',  ( 1.729999999999998872, 3.300000000000000711, 1.584999999999999520 ) ) ;
#656 = CARTESIAN_POINT ( 'NONE',  ( 2.679999999999999272, 7.500000000000001776, 0.6349999999999992317 ) ) ;
#657 = DIRECTION ( 'NONE',  ( -1.000000000000000000, 0.000000000000000000, 0.000000000000000000 ) ) ;
#658 = ORIENTED_EDGE ( 'NONE', *, *, #5417, .F. ) ;
#659 = CARTESIAN_POINT ( 'NONE',  ( -1.270000000000001128, 3.300000000000000711, -0.9550000000000004041 ) ) ;
#660 = DIRECTION ( 'NONE',  ( 1.000000000000000000, 0.000000000000000000, 0.000000000000000000 ) ) ;
#661 = ORIENTED_EDGE ( 'NONE', *, *, #1538, .T. ) ;
#662 = ORIENTED_EDGE ( 'NONE', *, *, #5089, .F. ) ;
#663 = ADVANCED_FACE ( 'NONE', ( #1220 ), #5488, .F. ) ;
#664 = ORIENTED_EDGE ( 'NONE', *, *, #5232, .F. ) ;
#665 = PLANE ( 'NONE',  #1558 ) ;
#666 = EDGE_LOOP ( 'NONE', ( #4787, #2832, #5028, #3231 ) ) ;
#667 = DIRECTION ( 'NONE',  ( 0.000000000000000000, 0.000000000000000000, 1.000000000000000000 ) ) ;
#668 = ORIENTED_EDGE ( 'NONE', *, *, #5424, .F. ) ;
#669 = DIRECTION ( 'NONE',  ( 0.000000000000000000, 0.000000000000000000, -1.000000000000000000 ) ) ;
#670 = PLANE ( 'NONE',  #1673 ) ;
#671 = EDGE_LOOP ( 'NONE', ( #5742, #5866, #1888, #1997 ) ) ;
#672 = EDGE_CURVE ( 'NONE', #4206, #1000, #1174, .T. ) ;
#673 = VECTOR ( 'NONE', #630, 1000.000000000000000 ) ;
#674 = ORIENTED_EDGE ( 'NONE', *, *, #5157, .F. ) ;
#675 = ORIENTED_EDGE ( 'NONE', *, *, #516, .T. ) ;
#676 = DIRECTION ( 'NONE',  ( 1.000000000000000000, -0.000000000000000000, -1.707404996040164018E-16 ) ) ;
#677 = AXIS2_PLACEMENT_3D ( 'NONE', #1967, #2462, #1308 ) ;
#678 = DIRECTION ( 'NONE',  ( 0.000000000000000000, -2.744815626545581052E-16, -1.000000000000000000 ) ) ;
#679 = CARTESIAN_POINT ( 'NONE',  ( 2.738181818181816496, -2.754545454545446415, 0.5768181818181810083 ) ) ;
#680 = LINE ( 'NONE', #526, #4537 ) ;
#681 = DIRECTION ( 'NONE',  ( 0.000000000000000000, 0.000000000000000000, -1.000000000000000000 ) ) ;
#682 = EDGE_CURVE ( 'NONE', #1127, #413, #1312, .T. ) ;
#683 = EDGE_LOOP ( 'NONE', ( #243, #330, #378, #964 ) ) ;
#684 = PLANE ( 'NONE',  #3466 ) ;
#685 = LINE ( 'NONE', #3209, #2654 ) ;
#686 = EDGE_CURVE ( 'NONE', #4333, #1200, #5188, .T. ) ;
#687 = ORIENTED_EDGE ( 'NONE', *, *, #827, .T. ) ;
#688 = VERTEX_POINT ( 'NONE', #968 ) ;
#689 = EDGE_CURVE ( 'NONE', #3116, #2335, #3091, .T. ) ;
#690 =( GEOMETRIC_REPRESENTATION_CONTEXT ( 3 ) GLOBAL_UNCERTAINTY_ASSIGNED_CONTEXT ( ( #5874 ) ) GLOBAL_UNIT_ASSIGNED_CONTEXT ( ( #2971, #5569, #189 ) ) REPRESENTATION_CONTEXT ( 'NONE', 'WORKASPACE' ) );
#691 = FILL_AREA_STYLE ('',( #2397 ) ) ;
#692 = ORIENTED_EDGE ( 'NONE', *, *, #3215, .F. ) ;
#693 = CARTESIAN_POINT ( 'NONE',  ( 5.102731958762884545, -2.218556701030926170, 1.562731958762883400 ) ) ;
#694 = EDGE_CURVE ( 'NONE', #5309, #807, #1161, .T. ) ;
#695 = LINE ( 'NONE', #5508, #4710 ) ;
#696 = DIRECTION ( 'NONE',  ( 1.000000000000000000, -0.000000000000000000, -4.494102269369968727E-16 ) ) ;
#697 = CARTESIAN_POINT ( 'NONE',  ( -6.324999999999999289, 1.850000000000000089, 1.774999999999997469 ) ) ;
#698 = ORIENTED_EDGE ( 'NONE', *, *, #4685, .T. ) ;
#699 = VERTEX_POINT ( 'NONE', #534 ) ;
#700 = ADVANCED_FACE ( 'NONE', ( #3193 ), #3433, .F. ) ;
#701 = LINE ( 'NONE', #4040, #711 ) ;
#702 = ORIENTED_EDGE ( 'NONE', *, *, #5854, .F. ) ;
#703 = AXIS2_PLACEMENT_3D ( 'NONE', #237, #1622, #3121 ) ;
#704 = VECTOR ( 'NONE', #3432, 1000.000000000000000 ) ;
#705 = EDGE_CURVE ( 'NONE', #3906, #2500, #5257, .T. ) ;
#706 = EDGE_LOOP ( 'NONE', ( #4587, #51, #5081, #4249 ) ) ;
#707 = ORIENTED_EDGE ( 'NONE', *, *, #516, .F. ) ;
#708 = CARTESIAN_POINT ( 'NONE',  ( -2.680000000000001048, 1.269999999999999796, -0.5599999999999952793 ) ) ;
#709 = CARTESIAN_POINT ( 'NONE',  ( 4.269999999999999574, 3.300000000000000711, 1.584999999999999076 ) ) ;
#710 = DIRECTION ( 'NONE',  ( 0.000000000000000000, 2.744815626545581052E-16, 1.000000000000000000 ) ) ;
#711 = VECTOR ( 'NONE', #3992, 1000.000000000000000 ) ;
#712 = CARTESIAN_POINT ( 'NONE',  ( -0.1200000000000003147, -3.180000000000000160, 0.1949999999999985911 ) ) ;
#713 = VECTOR ( 'NONE', #908, 1000.000000000000000 ) ;
#714 = ORIENTED_EDGE ( 'NONE', *, *, #926, .F. ) ;
#715 = VECTOR ( 'NONE', #3468, 1000.000000000000000 ) ;
#716 = VERTEX_POINT ( 'NONE', #2170 ) ;
#717 = ORIENTED_EDGE ( 'NONE', *, *, #4073, .F. ) ;
#718 = CARTESIAN_POINT ( 'NONE',  ( 0.000000000000000000, 0.000000000000000000, 0.000000000000000000 ) ) ;
#719 = EDGE_CURVE ( 'NONE', #1700, #1492, #1333, .T. ) ;
#720 = CARTESIAN_POINT ( 'NONE',  ( 5.389999999999999680, 0.000000000000000000, 2.784999999999999698 ) ) ;
#721 = DIRECTION ( 'NONE',  ( 1.000000000000000000, -0.000000000000000000, -1.707404996040164018E-16 ) ) ;
#722 = FACE_OUTER_BOUND ( 'NONE', #4330, .T. ) ;
#723 = CARTESIAN_POINT ( 'NONE',  ( 5.674999999999999822, -1.200000000000001510, 2.784999999999999698 ) ) ;
#724 = ORIENTED_EDGE ( 'NONE', *, *, #338, .T. ) ;
#725 = CARTESIAN_POINT ( 'NONE',  ( -5.975000000000004974, -1.449999999999999956, 2.185000000000004494 ) ) ;
#726 = CARTESIAN_POINT ( 'NONE',  ( 0.3199999999999991740, 0.000000000000000000, 2.024999999999999023 ) ) ;
#727 = VECTOR ( 'NONE', #4019, 1000.000000000000000 ) ;
#728 = ORIENTED_EDGE ( 'NONE', *, *, #5424, .T. ) ;
#729 = ORIENTED_EDGE ( 'NONE', *, *, #4302, .T. ) ;
#730 = EDGE_CURVE ( 'NONE', #5222, #2771, #1184, .T. ) ;
#731 = VECTOR ( 'NONE', #3698, 1000.000000000000000 ) ;
#732 = CARTESIAN_POINT ( 'NONE',  ( -4.270000000000001350, 9.900000000000000355, 1.584999999999999520 ) ) ;
#733 = FILL_AREA_STYLE ('',( #1875 ) ) ;
#734 = ORIENTED_EDGE ( 'NONE', *, *, #5359, .T. ) ;
#735 = DIRECTION ( 'NONE',  ( -2.247051134684983870E-16, 0.000000000000000000, -1.000000000000000000 ) ) ;
#736 = DIRECTION ( 'NONE',  ( 0.000000000000000000, 1.000000000000000000, -0.000000000000000000 ) ) ;
#737 = DIRECTION ( 'NONE',  ( 0.000000000000000000, 0.000000000000000000, -1.000000000000000000 ) ) ;
#738 = VERTEX_POINT ( 'NONE', #257 ) ;
#739 = ORIENTED_EDGE ( 'NONE', *, *, #5779, .T. ) ;
#740 = MANIFOLD_SOLID_BREP ( 'Chamfer6', #564 ) ;
#741 = EDGE_LOOP ( 'NONE', ( #3422, #5769, #1507, #3213 ) ) ;
#742 = CARTESIAN_POINT ( 'NONE',  ( -5.389999999999999680, -1.320169249480846743E-15, -1.584999999999999964 ) ) ;
#743 = LINE ( 'NONE', #340, #2672 ) ;
#744 = ORIENTED_EDGE ( 'NONE', *, *, #1001, .F. ) ;
#745 = DIRECTION ( 'NONE',  ( 0.000000000000000000, -2.995465716473998555E-16, -1.000000000000000000 ) ) ;
#746 = ORIENTED_EDGE ( 'NONE', *, *, #544, .T. ) ;
#747 = DIRECTION ( 'NONE',  ( 1.000000000000000000, 0.000000000000000000, -0.000000000000000000 ) ) ;
#748 = CARTESIAN_POINT ( 'NONE',  ( 0.000000000000000000, 0.000000000000000000, 0.000000000000000000 ) ) ;
#749 = EDGE_CURVE ( 'NONE', #5483, #5230, #2922, .T. ) ;
#750 = ADVANCED_FACE ( 'NONE', ( #3053 ), #771, .T. ) ;
#751 = CARTESIAN_POINT ( 'NONE',  ( 2.679999999999999272, -7.265096679918780609, -0.005000000000002567495 ) ) ;
#752 = ORIENTED_EDGE ( 'NONE', *, *, #3238, .T. ) ;
#753 = EDGE_CURVE ( 'NONE', #1127, #286, #911, .T. ) ;
#754 = FACE_OUTER_BOUND ( 'NONE', #2492, .T. ) ;
#755 = ORIENTED_EDGE ( 'NONE', *, *, #3848, .T. ) ;
#756 = PLANE ( 'NONE',  #703 ) ;
#757 = EDGE_CURVE ( 'NONE', #368, #2695, #933, .T. ) ;
#758 = DIRECTION ( 'NONE',  ( 0.000000000000000000, 0.000000000000000000, -1.000000000000000000 ) ) ;
#759 = CARTESIAN_POINT ( 'NONE',  ( 3.319999999999998952, 3.300000000000000711, 0.6349999999999992317 ) ) ;
#760 = VECTOR ( 'NONE', #5397, 1000.000000000000000 ) ;
#761 = MECHANICAL_DESIGN_GEOMETRIC_PRESENTATION_REPRESENTATION (  '', ( #5589 ), #4227 ) ;
#762 = ORIENTED_EDGE ( 'NONE', *, *, #5805, .F. ) ;
#763 = DIRECTION ( 'NONE',  ( 4.494102269369968727E-16, 3.614007241618348278E-16, 1.000000000000000000 ) ) ;
#764 = VECTOR ( 'NONE', #2557, 1000.000000000000000 ) ;
#765 = ORIENTED_EDGE ( 'NONE', *, *, #3848, .F. ) ;
#766 = ORIENTED_EDGE ( 'NONE', *, *, #2165, .T. ) ;
#767 = AXIS2_PLACEMENT_3D ( 'NONE', #3425, #1626, #3840 ) ;
#768 = EDGE_CURVE ( 'NONE', #2841, #1521, #4983, .T. ) ;
#769 = AXIS2_PLACEMENT_3D ( 'NONE', #1756, #480, #5515 ) ;
#770 = DIRECTION ( 'NONE',  ( 4.494102269369968727E-16, 3.236424395479117272E-16, 1.000000000000000000 ) ) ;
#771 = PLANE ( 'NONE',  #5300 ) ;
#772 = VERTEX_POINT ( 'NONE', #4774 ) ;
#773 = CARTESIAN_POINT ( 'NONE',  ( -0.3200000000000008393, 0.6699999999999997069, -0.9549999999999964073 ) ) ;
#774 = FACE_OUTER_BOUND ( 'NONE', #4104, .T. ) ;
#775 = PLANE ( 'NONE',  #2757 ) ;
#776 = PLANE ( 'NONE',  #5458 ) ;
#777 = VERTEX_POINT ( 'NONE', #1610 ) ;
#778 = CARTESIAN_POINT ( 'NONE',  ( 1.300000000000000044, 7.400000000000000355, -2.785000000000001030 ) ) ;
#779 = ORIENTED_EDGE ( 'NONE', *, *, #4454, .F. ) ;
#780 = AXIS2_PLACEMENT_3D ( 'NONE', #1962, #3202, #3548 ) ;
#781 = EDGE_CURVE ( 'NONE', #3808, #977, #5006, .T. ) ;
#782 = EDGE_LOOP ( 'NONE', ( #858, #318, #642, #2430 ) ) ;
#783 = LINE ( 'NONE', #4347, #2717 ) ;
#784 = ORIENTED_EDGE ( 'NONE', *, *, #2954, .T. ) ;
#785 = CARTESIAN_POINT ( 'NONE',  ( -0.3200000000000008948, 1.350000000000000089, -1.585000000000000409 ) ) ;
#786 = CARTESIAN_POINT ( 'NONE',  ( 2.250000000000001332, 8.300000000000000711, 2.274999999999999467 ) ) ;
#787 = VERTEX_POINT ( 'NONE', #2531 ) ;
#788 = PLANE ( 'NONE',  #1422 ) ;
#789 = DIRECTION ( 'NONE',  ( -0.3015113445777614087, -0.9045340337332923308, 0.3015113445777614087 ) ) ;
#790 = DIRECTION ( 'NONE',  ( 1.000000000000000000, 0.000000000000000000, 0.000000000000000000 ) ) ;
#791 = PLANE ( 'NONE',  #677 ) ;
#792 = ORIENTED_EDGE ( 'NONE', *, *, #4225, .T. ) ;
#793 = LINE ( 'NONE', #2609, #3049 ) ;
#794 = ORIENTED_EDGE ( 'NONE', *, *, #1430, .F. ) ;
#795 = ORIENTED_EDGE ( 'NONE', *, *, #5224, .T. ) ;
#796 = CARTESIAN_POINT ( 'NONE',  ( -4.939999999999999503, 1.269999999999999796, -0.5599999999999942801 ) ) ;
#797 = CARTESIAN_POINT ( 'NONE',  ( 4.269999999999999574, 9.900000000000000355, 1.584999999999999076 ) ) ;
#798 = DIRECTION ( 'NONE',  ( 0.000000000000000000, -2.995465716473998555E-16, -1.000000000000000000 ) ) ;
#799 = ADVANCED_FACE ( 'NONE', ( #1072 ), #4872, .F. ) ;
#800 = PLANE ( 'NONE',  #176 ) ;
#801 = LINE ( 'NONE', #1449, #902 ) ;
#802 = ORIENTED_EDGE ( 'NONE', *, *, #4315, .T. ) ;
#803 = CARTESIAN_POINT ( 'NONE',  ( 4.269999999999999574, 9.900000000000000355, 1.584999999999999076 ) ) ;
#804 = AXIS2_PLACEMENT_3D ( 'NONE', #1840, #4096, #5493 ) ;
#805 = ORIENTED_EDGE ( 'NONE', *, *, #5718, .F. ) ;
#806 = EDGE_CURVE ( 'NONE', #3787, #286, #947, .T. ) ;
#807 = VERTEX_POINT ( 'NONE', #4962 ) ;
#808 = VECTOR ( 'NONE', #2987, 1000.000000000000000 ) ;
#809 = PLANE ( 'NONE',  #332 ) ;
#810 = ORIENTED_EDGE ( 'NONE', *, *, #1150, .F. ) ;
#811 = CARTESIAN_POINT ( 'NONE',  ( -0.1200000000000003147, -3.180000000000000160, 0.000000000000000000 ) ) ;
#812 = CARTESIAN_POINT ( 'NONE',  ( 3.000000000000000000, -3.180000000000000160, 0.4349999999999979994 ) ) ;
#813 = ORIENTED_EDGE ( 'NONE', *, *, #3351, .F. ) ;
#814 = CARTESIAN_POINT ( 'NONE',  ( -5.389999999999999680, 0.6699999999999998179, 1.190000000000006164 ) ) ;
#815 = ORIENTED_EDGE ( 'NONE', *, *, #2309, .F. ) ;
#816 = AXIS2_PLACEMENT_3D ( 'NONE', #3657, #3547, #3695 ) ;
#817 = LINE ( 'NONE', #2625, #4899 ) ;
#818 = ORIENTED_EDGE ( 'NONE', *, *, #5586, .T. ) ;
#819 = LINE ( 'NONE', #4360, #4760 ) ;
#820 = ADVANCED_FACE ( 'NONE', ( #4933 ), #4032, .F. ) ;
#821 = EDGE_CURVE ( 'NONE', #4926, #1411, #5046, .T. ) ;
#822 = CARTESIAN_POINT ( 'NONE',  ( -5.389999999999997904, 0.000000000000000000, 2.024999999999999023 ) ) ;
#823 = CARTESIAN_POINT ( 'NONE',  ( -3.320000000000000728, 7.500000000000001776, 0.6349999999999992317 ) ) ;
#824 = ORIENTED_EDGE ( 'NONE', *, *, #1163, .F. ) ;
#825 = DIRECTION ( 'NONE',  ( 0.000000000000000000, -0.000000000000000000, 1.000000000000000000 ) ) ;
#826 = CARTESIAN_POINT ( 'NONE',  ( -4.270000000000001350, 3.300000000000000711, 1.584999999999999520 ) ) ;
#827 = EDGE_CURVE ( 'NONE', #4634, #716, #5017, .T. ) ;
#828 = CARTESIAN_POINT ( 'NONE',  ( -0.3200000000000008948, 0.000000000000000000, 2.024999999999999023 ) ) ;
#829 = FACE_OUTER_BOUND ( 'NONE', #4696, .T. ) ;
#830 = VECTOR ( 'NONE', #1233, 1000.000000000000000 ) ;
#831 = ORIENTED_EDGE ( 'NONE', *, *, #2253, .F. ) ;
#832 = EDGE_CURVE ( 'NONE', #5303, #5778, #4959, .T. ) ;
#833 = LINE ( 'NONE', #3039, #715 ) ;
#834 = ORIENTED_EDGE ( 'NONE', *, *, #2049, .F. ) ;
#835 = AXIS2_PLACEMENT_3D ( 'NONE', #718, #1652, #197 ) ;
#836 = ORIENTED_EDGE ( 'NONE', *, *, #5441, .T. ) ;
#837 = DIRECTION ( 'NONE',  ( 1.707404996040164265E-16, 0.000000000000000000, 1.000000000000000000 ) ) ;
#838 = VECTOR ( 'NONE', #5655, 1000.000000000000000 ) ;
#839 = CARTESIAN_POINT ( 'NONE',  ( 4.269999999999999574, 3.300000000000000711, 1.584999999999999076 ) ) ;
#840 = AXIS2_PLACEMENT_3D ( 'NONE', #5320, #5684, #1520 ) ;
#841 = ORIENTED_EDGE ( 'NONE', *, *, #2309, .T. ) ;
#842 = CARTESIAN_POINT ( 'NONE',  ( -6.325000000000000178, 0.000000000000000000, -1.584999999999999964 ) ) ;
#843 = LINE ( 'NONE', #2213, #2709 ) ;
#844 = EDGE_CURVE ( 'NONE', #772, #2874, #4850, .T. ) ;
#845 = EDGE_LOOP ( 'NONE', ( #5713, #1945, #1348, #3877 ) ) ;
#846 = ORIENTED_EDGE ( 'NONE', *, *, #5843, .T. ) ;
#847 = ADVANCED_FACE ( 'NONE', ( #4973 ), #3071, .F. ) ;
#848 = LINE ( 'NONE', #1584, #2813 ) ;
#849 = VECTOR ( 'NONE', #758, 1000.000000000000000 ) ;
#850 =( LENGTH_UNIT ( ) NAMED_UNIT ( * ) SI_UNIT ( .MILLI., .METRE. ) );
#851 = ORIENTED_EDGE ( 'NONE', *, *, #844, .F. ) ;
#852 = DIRECTION ( 'NONE',  ( 1.000000000000000000, 0.000000000000000000, 0.000000000000000000 ) ) ;
#853 = LINE ( 'NONE', #1395, #727 ) ;
#854 = DIRECTION ( 'NONE',  ( 1.000000000000000000, 0.000000000000000000, 0.000000000000000000 ) ) ;
#855 = DIRECTION ( 'NONE',  ( -1.000000000000000000, 0.000000000000000000, 0.000000000000000000 ) ) ;
#856 = PLANE ( 'NONE',  #5419 ) ;
#857 = AXIS2_PLACEMENT_3D ( 'NONE', #5270, #4212, #3813 ) ;
#858 = ORIENTED_EDGE ( 'NONE', *, *, #4186, .F. ) ;
#859 = ORIENTED_EDGE ( 'NONE', *, *, #3991, .T. ) ;
#860 = VECTOR ( 'NONE', #283, 1000.000000000000000 ) ;
#861 = EDGE_LOOP ( 'NONE', ( #370, #2958, #3196, #3021 ) ) ;
#862 = FACE_OUTER_BOUND ( 'NONE', #1930, .T. ) ;
#863 = VERTEX_POINT ( 'NONE', #4407 ) ;
#864 = DIRECTION ( 'NONE',  ( 0.000000000000000000, 0.000000000000000000, -1.000000000000000000 ) ) ;
#865 = DIRECTION ( 'NONE',  ( 1.000000000000000000, 0.000000000000000000, 0.000000000000000000 ) ) ;
#866 = VERTEX_POINT ( 'NONE', #4887 ) ;
#867 = CARTESIAN_POINT ( 'NONE',  ( 1.300000000000000044, 9.350000000000001421, -1.585000000000000187 ) ) ;
#868 = CARTESIAN_POINT ( 'NONE',  ( -6.324999999999999289, -1.199999999999996181, 2.784999999999999698 ) ) ;
#869 = ORIENTED_EDGE ( 'NONE', *, *, #1542, .F. ) ;
#870 = VECTOR ( 'NONE', #4821, 1000.000000000000000 ) ;
#871 = ORIENTED_EDGE ( 'NONE', *, *, #1239, .F. ) ;
#872 = ORIENTED_EDGE ( 'NONE', *, *, #5054, .F. ) ;
#873 = EDGE_LOOP ( 'NONE', ( #3101, #5132, #3786, #1708 ) ) ;
#874 = DIRECTION ( 'NONE',  ( 4.494102269369968727E-16, 3.236424395479117272E-16, 1.000000000000000000 ) ) ;
#875 = DIRECTION ( 'NONE',  ( -1.000000000000000000, -0.000000000000000000, -0.000000000000000000 ) ) ;
#876 = LINE ( 'NONE', #3546, #4785 ) ;
#877 = CARTESIAN_POINT ( 'NONE',  ( 2.679999999999999272, 1.349999999999999867, -0.005000000000001014917 ) ) ;
#878 = EDGE_CURVE ( 'NONE', #3330, #2432, #1051, .T. ) ;
#879 = LINE ( 'NONE', #4367, #830 ) ;
#880 = ORIENTED_EDGE ( 'NONE', *, *, #2530, .F. ) ;
#881 = PLANE ( 'NONE',  #3610 ) ;
#882 = VECTOR ( 'NONE', #5784, 1000.000000000000000 ) ;
#883 = VERTEX_POINT ( 'NONE', #2515 ) ;
#884 = ORIENTED_EDGE ( 'NONE', *, *, #4648, .T. ) ;
#885 = ORIENTED_EDGE ( 'NONE', *, *, #4908, .F. ) ;
#886 = LINE ( 'NONE', #5547, #2857 ) ;
#887 = FACE_OUTER_BOUND ( 'NONE', #1943, .T. ) ;
#888 = DIRECTION ( 'NONE',  ( -0.000000000000000000, 1.000000000000000000, -0.000000000000000000 ) ) ;
#889 = VERTEX_POINT ( 'NONE', #3002 ) ;
#890 = AXIS2_PLACEMENT_3D ( 'NONE', #2751, #120, #77 ) ;
#891 = DIRECTION ( 'NONE',  ( 1.000000000000000000, -0.000000000000000000, -0.000000000000000000 ) ) ;
#892 = LINE ( 'NONE', #474, #882 ) ;
#893 = DIRECTION ( 'NONE',  ( 0.7071067811865454633, 0.7071067811865495711, -0.000000000000000000 ) ) ;
#894 = CARTESIAN_POINT ( 'NONE',  ( -5.389999999999997904, 1.849999999999999201, 2.024999999999999023 ) ) ;
#895 = DIRECTION ( 'NONE',  ( 4.494102269369968727E-16, 3.614007241618348278E-16, 1.000000000000000000 ) ) ;
#896 = ORIENTED_EDGE ( 'NONE', *, *, #1606, .T. ) ;
#897 = ADVANCED_FACE ( 'NONE', ( #5029 ), #3928, .F. ) ;
#898 = ORIENTED_EDGE ( 'NONE', *, *, #2266, .T. ) ;
#899 = LINE ( 'NONE', #118, #4920 ) ;
#900 = ADVANCED_FACE ( 'NONE', ( #921 ), #2056, .F. ) ;
#901 = EDGE_CURVE ( 'NONE', #5651, #3407, #3006, .T. ) ;
#902 = VECTOR ( 'NONE', #3524, 1000.000000000000000 ) ;
#903 = ORIENTED_EDGE ( 'NONE', *, *, #3346, .F. ) ;
#904 = VECTOR ( 'NONE', #5654, 1000.000000000000000 ) ;
#905 = EDGE_CURVE ( 'NONE', #5698, #4915, #958, .T. ) ;
#906 = DIRECTION ( 'NONE',  ( 2.247051134684983870E-16, -0.000000000000000000, -1.000000000000000000 ) ) ;
#907 = ORIENTED_EDGE ( 'NONE', *, *, #5650, .T. ) ;
#908 = DIRECTION ( 'NONE',  ( -1.000000000000000000, 0.000000000000000000, 0.000000000000000000 ) ) ;
#909 = ORIENTED_EDGE ( 'NONE', *, *, #1390, .T. ) ;
#910 = CARTESIAN_POINT ( 'NONE',  ( -3.120000000000000551, 7.500000000000001776, 0.000000000000000000 ) ) ;
#911 = LINE ( 'NONE', #342, #1130 ) ;
#912 = CARTESIAN_POINT ( 'NONE',  ( -2.680000000000001048, 1.349999999999999423, 2.024999999999999023 ) ) ;
#913 = EDGE_CURVE ( 'NONE', #5222, #409, #4882, .T. ) ;
#914 = CARTESIAN_POINT ( 'NONE',  ( -2.680000000000001048, -7.265096679918780609, -0.005000000000002567495 ) ) ;
#915 = VECTOR ( 'NONE', #4324, 1000.000000000000000 ) ;
#916 = ORIENTED_EDGE ( 'NONE', *, *, #1377, .F. ) ;
#917 = LINE ( 'NONE', #2943, #5001 ) ;
#918 = EDGE_LOOP ( 'NONE', ( #2539, #365, #3667, #1687, #186 ) ) ;
#919 = ORIENTED_EDGE ( 'NONE', *, *, #5507, .F. ) ;
#920 = ORIENTED_EDGE ( 'NONE', *, *, #617, .T. ) ;
#921 = FACE_OUTER_BOUND ( 'NONE', #2979, .T. ) ;
#922 = AXIS2_PLACEMENT_3D ( 'NONE', #5350, #5747, #2610 ) ;
#923 = PLANE ( 'NONE',  #5346 ) ;
#924 = CARTESIAN_POINT ( 'NONE',  ( 4.939999999999999503, 1.699999999999999956, -1.584999999999999964 ) ) ;
#925 = LINE ( 'NONE', #5619, #2772 ) ;
#926 = EDGE_CURVE ( 'NONE', #652, #604, #3047, .T. ) ;
#927 = DIRECTION ( 'NONE',  ( 0.000000000000000000, 0.000000000000000000, -1.000000000000000000 ) ) ;
#928 = VECTOR ( 'NONE', #2961, 1000.000000000000000 ) ;
#929 = ORIENTED_EDGE ( 'NONE', *, *, #4340, .T. ) ;
#930 = PLANE ( 'NONE',  #5160 ) ;
#931 = LINE ( 'NONE', #5326, #1100 ) ;
#932 = ORIENTED_EDGE ( 'NONE', *, *, #4902, .T. ) ;
#933 = LINE ( 'NONE', #3973, #2909 ) ;
#934 = AXIS2_PLACEMENT_3D ( 'NONE', #4219, #4655, #1512 ) ;
#935 = VECTOR ( 'NONE', #2311, 1000.000000000000000 ) ;
#936 = VECTOR ( 'NONE', #2388, 1000.000000000000000 ) ;
#937 = CARTESIAN_POINT ( 'NONE',  ( 0.000000000000000000, -1.449999999999999956, 2.484999999999999876 ) ) ;
#938 = ORIENTED_EDGE ( 'NONE', *, *, #2466, .T. ) ;
#939 = CARTESIAN_POINT ( 'NONE',  ( -4.939999999999999503, 0.6699999999999998179, -0.5599999999999937250 ) ) ;
#940 = LINE ( 'NONE', #4790, #3001 ) ;
#941 = DIRECTION ( 'NONE',  ( 0.000000000000000000, 0.000000000000000000, -1.000000000000000000 ) ) ;
#942 = CARTESIAN_POINT ( 'NONE',  ( 3.319999999999998952, 1.350000000000000089, -1.585000000000000409 ) ) ;
#943 = DIRECTION ( 'NONE',  ( -1.000000000000000000, 0.000000000000000000, 0.000000000000000000 ) ) ;
#944 = ORIENTED_EDGE ( 'NONE', *, *, #705, .F. ) ;
#945 = ORIENTED_EDGE ( 'NONE', *, *, #5281, .T. ) ;
#946 = ADVANCED_FACE ( 'NONE', ( #993 ), #756, .F. ) ;
#947 = LINE ( 'NONE', #3545, #1142 ) ;
#948 = LINE ( 'NONE', #914, #4810 ) ;
#949 = LINE ( 'NONE', #4282, #808 ) ;
#950 = LINE ( 'NONE', #4654, #2924 ) ;
#951 = ORIENTED_EDGE ( 'NONE', *, *, #393, .T. ) ;
#952 = FACE_OUTER_BOUND ( 'NONE', #3201, .T. ) ;
#953 = VERTEX_POINT ( 'NONE', #1380 ) ;
#954 = ADVANCED_FACE ( 'NONE', ( #5071 ), #1760, .T. ) ;
#955 = VERTEX_POINT ( 'NONE', #3622 ) ;
#956 = CARTESIAN_POINT ( 'NONE',  ( -6.325000000000001954, 0.6699999999999997069, -0.9549999999999937428 ) ) ;
#957 = ORIENTED_EDGE ( 'NONE', *, *, #2394, .F. ) ;
#958 = LINE ( 'NONE', #1973, #2933 ) ;
#959 = CARTESIAN_POINT ( 'NONE',  ( -3.320000000000000728, -8.926487835092497510E-16, -0.9549999999999949640 ) ) ;
#960 = ADVANCED_FACE ( 'NONE', ( #1095 ), #2322, .T. ) ;
#961 = DIRECTION ( 'NONE',  ( 0.000000000000000000, 0.000000000000000000, -1.000000000000000000 ) ) ;
#962 = VECTOR ( 'NONE', #678, 1000.000000000000000 ) ;
#963 = FACE_OUTER_BOUND ( 'NONE', #5020, .T. ) ;
#964 = ORIENTED_EDGE ( 'NONE', *, *, #1947, .F. ) ;
#965 = FACE_BOUND ( 'NONE', #4544, .T. ) ;
#966 = ORIENTED_EDGE ( 'NONE', *, *, #3985, .F. ) ;
#967 = LINE ( 'NONE', #4627, #5058 ) ;
#968 = CARTESIAN_POINT ( 'NONE',  ( -0.1200000000000003147, -3.180000000000000160, 0.4349999999999979994 ) ) ;
#969 = DIRECTION ( 'NONE',  ( 4.060429536519128522E-32, -1.000000000000000000, -1.807003620809174139E-16 ) ) ;
#970 = CARTESIAN_POINT ( 'NONE',  ( -2.880000000000001670, -3.180000000000000160, 0.1949999999999985911 ) ) ;
#971 = CARTESIAN_POINT ( 'NONE',  ( 3.000000000000000000, 7.500000000000001776, 0.4349999999999987765 ) ) ;
#972 = VECTOR ( 'NONE', #1347, 1000.000000000000000 ) ;
#973 = EDGE_LOOP ( 'NONE', ( #88, #11, #4072, #26 ) ) ;
#974 = DIRECTION ( 'NONE',  ( 0.000000000000000000, 0.000000000000000000, -1.000000000000000000 ) ) ;
#975 = VECTOR ( 'NONE', #4412, 1000.000000000000000 ) ;
#976 = EDGE_CURVE ( 'NONE', #4584, #2746, #1104, .T. ) ;
#977 = VERTEX_POINT ( 'NONE', #1423 ) ;
#978 = ORIENTED_EDGE ( 'NONE', *, *, #821, .F. ) ;
#979 = ORIENTED_EDGE ( 'NONE', *, *, #68, .T. ) ;
#980 = COLOUR_RGB ( '',0.7921568627450980005, 0.8196078431372548767, 0.9333333333333333481 ) ;
#981 = VECTOR ( 'NONE', #3321, 1000.000000000000000 ) ;
#982 = CARTESIAN_POINT ( 'NONE',  ( 4.925000000000000711, 9.900000000000000355, 1.044999999999999263 ) ) ;
#983 = EDGE_LOOP ( 'NONE', ( #903, #4458, #907, #3211 ) ) ;
#984 = DIRECTION ( 'NONE',  ( 0.000000000000000000, -3.388131789017201849E-16, 1.000000000000000000 ) ) ;
#985 = EDGE_CURVE ( 'NONE', #2546, #1268, #4949, .T. ) ;
#986 = PLANE ( 'NONE',  #470 ) ;
#987 = DIRECTION ( 'NONE',  ( 1.233548213626064722E-31, 1.000000000000000000, 2.744815626545581052E-16 ) ) ;
#988 = DIRECTION ( 'NONE',  ( -0.000000000000000000, 1.000000000000000000, 1.801998070613027504E-16 ) ) ;
#989 = VERTEX_POINT ( 'NONE', #4142 ) ;
#990 = CARTESIAN_POINT ( 'NONE',  ( -2.680000000000001048, 0.6699999999999997069, -0.9549999999999952971 ) ) ;
#991 = AXIS2_PLACEMENT_3D ( 'NONE', #3912, #4709, #643 ) ;
#992 = ORIENTED_EDGE ( 'NONE', *, *, #2266, .F. ) ;
#993 = FACE_OUTER_BOUND ( 'NONE', #2775, .T. ) ;
#994 = EDGE_CURVE ( 'NONE', #1127, #4226, #2965, .T. ) ;
#995 = AXIS2_PLACEMENT_3D ( 'NONE', #4911, #1362, #1772 ) ;
#996 = VECTOR ( 'NONE', #644, 1000.000000000000000 ) ;
#997 = VERTEX_POINT ( 'NONE', #3327 ) ;
#998 = AXIS2_PLACEMENT_3D ( 'NONE', #1657, #4940, #1320 ) ;
#999 = SURFACE_STYLE_FILL_AREA ( #691 ) ;
#1000 = VERTEX_POINT ( 'NONE', #3358 ) ;
#1001 = EDGE_CURVE ( 'NONE', #1511, #2842, #4870, .T. ) ;
#1002 = DIRECTION ( 'NONE',  ( 1.000000000000000000, 0.000000000000000000, -4.494102269369968727E-16 ) ) ;
#1003 = DIRECTION ( 'NONE',  ( 0.000000000000000000, 1.000000000000000000, 0.000000000000000000 ) ) ;
#1004 = CARTESIAN_POINT ( 'NONE',  ( -6.325000000000001066, 1.269999999999999796, 1.190000000000006386 ) ) ;
#1005 = VERTEX_POINT ( 'NONE', #2789 ) ;
#1006 = DIRECTION ( 'NONE',  ( 0.000000000000000000, 0.000000000000000000, -1.000000000000000000 ) ) ;
#1007 = ADVANCED_FACE ( 'NONE', ( #2983 ), #1543, .F. ) ;
#1008 = CARTESIAN_POINT ( 'NONE',  ( -6.325000000000000178, 0.000000000000000000, -1.584999999999999964 ) ) ;
#1009 = LINE ( 'NONE', #971, #4914 ) ;
#1010 = VERTEX_POINT ( 'NONE', #1924 ) ;
#1011 = FACE_OUTER_BOUND ( 'NONE', #5111, .T. ) ;
#1012 = AXIS2_PLACEMENT_3D ( 'NONE', #1501, #570, #2849 ) ;
#1013 = EDGE_LOOP ( 'NONE', ( #1904, #3742, #1777, #1872 ) ) ;
#1014 = ADVANCED_FACE ( 'NONE', ( #4994 ), #2376, .F. ) ;
#1015 = EDGE_CURVE ( 'NONE', #510, #5899, #1060, .T. ) ;
#1016 = ORIENTED_EDGE ( 'NONE', *, *, #4073, .T. ) ;
#1017 = CARTESIAN_POINT ( 'NONE',  ( -5.674999999999999822, -1.449999999999999956, 2.784999999999999698 ) ) ;
#1018 = VECTOR ( 'NONE', #3717, 1000.000000000000000 ) ;
#1019 = CARTESIAN_POINT ( 'NONE',  ( -5.389999999999997904, 1.849999999999999201, 2.261979166666663321 ) ) ;
#1020 = CARTESIAN_POINT ( 'NONE',  ( 2.679999999999999272, 6.899999999999995026, 0.6349999999999992317 ) ) ;
#1021 = ADVANCED_FACE ( 'NONE', ( #4906 ), #2749, .F. ) ;
#1022 = CARTESIAN_POINT ( 'NONE',  ( 1.300000000000000044, 8.149999999999998579, -2.785000000000001030 ) ) ;
#1023 = VECTOR ( 'NONE', #657, 1000.000000000000000 ) ;
#1024 = ORIENTED_EDGE ( 'NONE', *, *, #5697, .T. ) ;
#1025 = PLANE ( 'NONE',  #2329 ) ;
#1026 = CARTESIAN_POINT ( 'NONE',  ( 1.269999999999999130, 9.900000000000000355, 0.9349999999999945022 ) ) ;
#1027 = FACE_OUTER_BOUND ( 'NONE', #4475, .T. ) ;
#1028 = VERTEX_POINT ( 'NONE', #939 ) ;
#1029 = EDGE_LOOP ( 'NONE', ( #872, #535, #4568, #2951 ) ) ;
#1030 = FACE_OUTER_BOUND ( 'NONE', #514, .T. ) ;
#1031 =( NAMED_UNIT ( * ) SI_UNIT ( $, .STERADIAN. ) SOLID_ANGLE_UNIT ( ) );
#1032 = EDGE_LOOP ( 'NONE', ( #155, #585, #2208, #2034, #2549, #137 ) ) ;
#1033 = DIRECTION ( 'NONE',  ( -0.000000000000000000, 1.000000000000000000, 1.801998070613027504E-16 ) ) ;
#1034 = LINE ( 'NONE', #1937, #4956 ) ;
#1035 = DIRECTION ( 'NONE',  ( 0.000000000000000000, -2.995465716473998555E-16, -1.000000000000000000 ) ) ;
#1036 = ADVANCED_BREP_SHAPE_REPRESENTATION ( '436500315', ( #1551, #740, #579, #1071, #4826, #1984, #1483, #1385 ), #5592 ) ;
#1037 = DIRECTION ( 'NONE',  ( 4.494102269369968727E-16, 3.236424395479117272E-16, 1.000000000000000000 ) ) ;
#1038 = CARTESIAN_POINT ( 'NONE',  ( -6.325000000000001954, 1.269999999999999796, -0.5599999999999936140 ) ) ;
#1039 = CARTESIAN_POINT ( 'NONE',  ( -6.325000000000000178, 0.000000000000000000, -1.584999999999999964 ) ) ;
#1040 = ORIENTED_EDGE ( 'NONE', *, *, #429, .F. ) ;
#1041 = VECTOR ( 'NONE', #676, 1000.000000000000000 ) ;
#1042 = LINE ( 'NONE', #828, #3008 ) ;
#1043 = EDGE_CURVE ( 'NONE', #360, #5719, #2953, .T. ) ;
#1044 = COLOUR_RGB ( '',0.7921568627450980005, 0.8196078431372548767, 0.9333333333333333481 ) ;
#1045 = ORIENTED_EDGE ( 'NONE', *, *, #5553, .F. ) ;
#1046 = VECTOR ( 'NONE', #3104, 1000.000000000000000 ) ;
#1047 = VERTEX_POINT ( 'NONE', #4549 ) ;
#1048 = CARTESIAN_POINT ( 'NONE',  ( -6.325000000000001954, 0.6699999999999998179, -0.5599999999999937250 ) ) ;
#1049 = ORIENTED_EDGE ( 'NONE', *, *, #2253, .T. ) ;
#1050 = CARTESIAN_POINT ( 'NONE',  ( 6.325000000000000178, 0.6700000000000021494, -1.584999999999997522 ) ) ;
#1051 = LINE ( 'NONE', #5365, #3099 ) ;
#1052 = CARTESIAN_POINT ( 'NONE',  ( 2.679999999999999272, 1.349999999999999423, 2.024999999999999023 ) ) ;
#1053 = PLANE ( 'NONE',  #2407 ) ;
#1054 = VECTOR ( 'NONE', #1414, 1000.000000000000000 ) ;
#1055 = ORIENTED_EDGE ( 'NONE', *, *, #3410, .F. ) ;
#1056 = VECTOR ( 'NONE', #5388, 1000.000000000000000 ) ;
#1057 = VERTEX_POINT ( 'NONE', #2880 ) ;
#1058 = ORIENTED_EDGE ( 'NONE', *, *, #3059, .F. ) ;
#1059 =( NAMED_UNIT ( * ) SI_UNIT ( $, .STERADIAN. ) SOLID_ANGLE_UNIT ( ) );
#1060 = LINE ( 'NONE', #5084, #3024 ) ;
#1061 = PLANE ( 'NONE',  #4028 ) ;
#1062 = LINE ( 'NONE', #5102, #3026 ) ;
#1063 = EDGE_CURVE ( 'NONE', #481, #4661, #967, .T. ) ;
#1064 = CARTESIAN_POINT ( 'NONE',  ( -3.320000000000000728, 0.000000000000000000, 2.024999999999999023 ) ) ;
#1065 = CARTESIAN_POINT ( 'NONE',  ( 0.3199999999999991185, 0.6699999999999997069, -0.9549999999999967404 ) ) ;
#1066 = FACE_OUTER_BOUND ( 'NONE', #1983, .T. ) ;
#1067 = EDGE_LOOP ( 'NONE', ( #4094, #4708, #859, #4675 ) ) ;
#1068 = CARTESIAN_POINT ( 'NONE',  ( -0.3200000000000008393, 3.300000000000000711, 0.6349999999999992317 ) ) ;
#1069 = EDGE_CURVE ( 'NONE', #1828, #577, #899, .T. ) ;
#1070 = ORIENTED_EDGE ( 'NONE', *, *, #4977, .F. ) ;
#1071 = MANIFOLD_SOLID_BREP ( 'LPattern4[1]', #3333 ) ;
#1072 = FACE_OUTER_BOUND ( 'NONE', #1407, .T. ) ;
#1073 = EDGE_CURVE ( 'NONE', #1774, #1511, #3106, .T. ) ;
#1074 = ADVANCED_FACE ( 'NONE', ( #5124 ), #3640, .F. ) ;
#1075 = EDGE_CURVE ( 'NONE', #1164, #2602, #1343, .T. ) ;
#1076 = EDGE_LOOP ( 'NONE', ( #5057, #4955, #938, #2304 ) ) ;
#1077 = DIRECTION ( 'NONE',  ( 0.000000000000000000, 1.000000000000000000, 0.000000000000000000 ) ) ;
#1078 = VECTOR ( 'NONE', #5225, 1000.000000000000000 ) ;
#1079 = PLANE ( 'NONE',  #1444 ) ;
#1080 = CARTESIAN_POINT ( 'NONE',  ( 6.325000000000001066, -1.449999999999999956, 1.884999999999999787 ) ) ;
#1081 = DIRECTION ( 'NONE',  ( -0.6092076990801715830, 0.5076730825668090974, -0.6092076990801715830 ) ) ;
#1082 = EDGE_LOOP ( 'NONE', ( #1607, #2305, #4121, #3983, #5811, #333, #3898, #3576, #5407, #5590, #4361, #4114, #5539, #2149, #139, #1701, #4482, #3677 ) ) ;
#1083 = VERTEX_POINT ( 'NONE', #4523 ) ;
#1084 = AXIS2_PLACEMENT_3D ( 'NONE', #4669, #4701, #2884 ) ;
#1085 = VECTOR ( 'NONE', #5760, 1000.000000000000114 ) ;
#1086 = AXIS2_PLACEMENT_3D ( 'NONE', #4008, #1834, #5524 ) ;
#1087 = EDGE_CURVE ( 'NONE', #4153, #2272, #5259, .T. ) ;
#1088 = VECTOR ( 'NONE', #1238, 1000.000000000000000 ) ;
#1089 = VERTEX_POINT ( 'NONE', #4038 ) ;
#1090 = VECTOR ( 'NONE', #5316, 1000.000000000000000 ) ;
#1091 = ORIENTED_EDGE ( 'NONE', *, *, #2839, .T. ) ;
#1092 = PLANE ( 'NONE',  #528 ) ;
#1093 = ORIENTED_EDGE ( 'NONE', *, *, #1571, .T. ) ;
#1094 = PLANE ( 'NONE',  #3938 ) ;
#1095 = FACE_OUTER_BOUND ( 'NONE', #445, .T. ) ;
#1096 = CARTESIAN_POINT ( 'NONE',  ( -0.3200000000000008393, 0.6699999999999998179, 1.190000000000006608 ) ) ;
#1097 = AXIS2_PLACEMENT_3D ( 'NONE', #1120, #1077, #2833 ) ;
#1098 = EDGE_CURVE ( 'NONE', #3618, #1260, #3143, .T. ) ;
#1099 = ORIENTED_EDGE ( 'NONE', *, *, #5271, .F. ) ;
#1100 = VECTOR ( 'NONE', #4978, 1000.000000000000000 ) ;
#1101 = VERTEX_POINT ( 'NONE', #4265 ) ;
#1102 = VERTEX_POINT ( 'NONE', #1172 ) ;
#1103 = ORIENTED_EDGE ( 'NONE', *, *, #393, .F. ) ;
#1104 = LINE ( 'NONE', #1484, #1116 ) ;
#1105 = VERTEX_POINT ( 'NONE', #2572 ) ;
#1106 = CARTESIAN_POINT ( 'NONE',  ( 2.679999999999999272, -7.265096679918780609, -0.005000000000002567495 ) ) ;
#1107 = CARTESIAN_POINT ( 'NONE',  ( -6.325000000000001066, 0.6699999999999997069, 1.585000000000006626 ) ) ;
#1108 = LINE ( 'NONE', #2769, #5116 ) ;
#1109 = DIRECTION ( 'NONE',  ( 0.000000000000000000, -0.000000000000000000, 1.000000000000000000 ) ) ;
#1110 = ORIENTED_EDGE ( 'NONE', *, *, #5646, .F. ) ;
#1111 = CARTESIAN_POINT ( 'NONE',  ( -0.3200000000000008948, 1.350000000000000089, -1.585000000000000409 ) ) ;
#1112 = VECTOR ( 'NONE', #4003, 1000.000000000000000 ) ;
#1113 = ORIENTED_EDGE ( 'NONE', *, *, #4149, .F. ) ;
#1114 = EDGE_CURVE ( 'NONE', #2481, #5777, #3307, .T. ) ;
#1115 = ORIENTED_EDGE ( 'NONE', *, *, #2889, .F. ) ;
#1116 = VECTOR ( 'NONE', #1033, 1000.000000000000000 ) ;
#1117 = DIRECTION ( 'NONE',  ( 4.494102269369968727E-16, 3.614007241618348278E-16, 1.000000000000000000 ) ) ;
#1118 = VECTOR ( 'NONE', #4535, 1000.000000000000000 ) ;
#1119 = VERTEX_POINT ( 'NONE', #5428 ) ;
#1120 = CARTESIAN_POINT ( 'NONE',  ( 3.000000000000000000, 3.300000000000000711, 0.000000000000000000 ) ) ;
#1121 = VECTOR ( 'NONE', #5595, 999.9999999999998863 ) ;
#1122 = CARTESIAN_POINT ( 'NONE',  ( -3.757474226804124573, 0.3979381443298961596, 4.702525773195875836 ) ) ;
#1123 = ORIENTED_EDGE ( 'NONE', *, *, #2537, .T. ) ;
#1124 = DIRECTION ( 'NONE',  ( -1.000000000000000000, 0.000000000000000000, 4.494102269369968727E-16 ) ) ;
#1125 = ORIENTED_EDGE ( 'NONE', *, *, #1242, .T. ) ;
#1126 = ORIENTED_EDGE ( 'NONE', *, *, #5271, .T. ) ;
#1127 = VERTEX_POINT ( 'NONE', #1755 ) ;
#1128 = EDGE_CURVE ( 'NONE', #4584, #3133, #3181, .T. ) ;
#1129 = CARTESIAN_POINT ( 'NONE',  ( -5.389999999999999680, 1.699999999999998623, 2.024999999999999023 ) ) ;
#1130 = VECTOR ( 'NONE', #1699, 1000.000000000000000 ) ;
#1131 = UNCERTAINTY_MEASURE_WITH_UNIT (LENGTH_MEASURE( 1.000000000000000082E-05 ), #1633, 'distance_accuracy_value', 'NONE');
#1132 = ADVANCED_FACE ( 'NONE', ( #1272 ), #665, .T. ) ;
#1133 = ORIENTED_EDGE ( 'NONE', *, *, #2002, .F. ) ;
#1134 = VECTOR ( 'NONE', #1328, 1000.000000000000000 ) ;
#1135 = CARTESIAN_POINT ( 'NONE',  ( -4.925000000000000711, 8.499999999999992895, -0.9550000000000007372 ) ) ;
#1136 = ORIENTED_EDGE ( 'NONE', *, *, #1931, .F. ) ;
#1137 = ORIENTED_EDGE ( 'NONE', *, *, #3450, .F. ) ;
#1138 = CARTESIAN_POINT ( 'NONE',  ( 0.3199999999999991185, 0.6699999999999998179, -0.5599999999999943912 ) ) ;
#1139 = PLANE ( 'NONE',  #5278 ) ;
#1140 = VERTEX_POINT ( 'NONE', #3791 ) ;
#1141 = CARTESIAN_POINT ( 'NONE',  ( 0.3199999999999991185, 1.269999999999999796, 1.190000000000006386 ) ) ;
#1142 = VECTOR ( 'NONE', #906, 1000.000000000000000 ) ;
#1143 = DIRECTION ( 'NONE',  ( 1.000000000000000000, -0.000000000000000000, -4.494102269369968727E-16 ) ) ;
#1144 = AXIS2_PLACEMENT_3D ( 'NONE', #4078, #4565, #1370 ) ;
#1145 = PLANE ( 'NONE',  #5863 ) ;
#1146 = LINE ( 'NONE', #877, #1054 ) ;
#1147 = VERTEX_POINT ( 'NONE', #2652 ) ;
#1148 = VECTOR ( 'NONE', #59, 1000.000000000000000 ) ;
#1149 = ORIENTED_EDGE ( 'NONE', *, *, #4594, .T. ) ;
#1150 = EDGE_CURVE ( 'NONE', #1459, #4333, #5285, .T. ) ;
#1151 = VERTEX_POINT ( 'NONE', #4442 ) ;
#1152 = CARTESIAN_POINT ( 'NONE',  ( -6.325000000000001066, 0.6699999999999997069, 1.585000000000006626 ) ) ;
#1153 = CARTESIAN_POINT ( 'NONE',  ( 3.319999999999998952, 0.000000000000000000, 2.024999999999999023 ) ) ;
#1154 = EDGE_CURVE ( 'NONE', #5044, #56, #5114, .T. ) ;
#1155 = DIRECTION ( 'NONE',  ( 0.000000000000000000, 0.000000000000000000, -1.000000000000000000 ) ) ;
#1156 = CARTESIAN_POINT ( 'NONE',  ( 0.3199999999999991185, 0.6699999999999998179, -0.5599999999999937250 ) ) ;
#1157 = VECTOR ( 'NONE', #4576, 1000.000000000000000 ) ;
#1158 = VERTEX_POINT ( 'NONE', #191 ) ;
#1159 = DIRECTION ( 'NONE',  ( -0.000000000000000000, 1.000000000000000000, -0.000000000000000000 ) ) ;
#1160 = CARTESIAN_POINT ( 'NONE',  ( -6.325000000000001066, 0.6699999999999998179, 1.190000000000006608 ) ) ;
#1161 = LINE ( 'NONE', #5521, #1148 ) ;
#1162 = ORIENTED_EDGE ( 'NONE', *, *, #1784, .F. ) ;
#1163 = EDGE_CURVE ( 'NONE', #953, #2315, #5275, .T. ) ;
#1164 = VERTEX_POINT ( 'NONE', #1406 ) ;
#1165 = EDGE_CURVE ( 'NONE', #5076, #4572, #1326, .T. ) ;
#1166 = LINE ( 'NONE', #5052, #3208 ) ;
#1167 = ORIENTED_EDGE ( 'NONE', *, *, #3856, .F. ) ;
#1168 = PLANE ( 'NONE',  #2082 ) ;
#1169 = FACE_OUTER_BOUND ( 'NONE', #1032, .T. ) ;
#1170 = FILL_AREA_STYLE ('',( #3186 ) ) ;
#1171 = ORIENTED_EDGE ( 'NONE', *, *, #3497, .F. ) ;
#1172 = CARTESIAN_POINT ( 'NONE',  ( 5.364999999999989555, 9.460000000000009734, 2.274999999999999467 ) ) ;
#1173 = AXIS2_PLACEMENT_3D ( 'NONE', #1811, #3646, #2640 ) ;
#1174 = LINE ( 'NONE', #5559, #3283 ) ;
#1175 = AXIS2_PLACEMENT_3D ( 'NONE', #4764, #1509, #216 ) ;
#1176 = ORIENTED_EDGE ( 'NONE', *, *, #4617, .T. ) ;
#1177 = PLANE ( 'NONE',  #3302 ) ;
#1178 = EDGE_CURVE ( 'NONE', #3352, #2437, #1356, .T. ) ;
#1179 = VERTEX_POINT ( 'NONE', #2192 ) ;
#1180 = ADVANCED_FACE ( 'NONE', ( #1237 ), #398, .F. ) ;
#1181 = LINE ( 'NONE', #4567, #3191 ) ;
#1182 = LINE ( 'NONE', #1880, #4999 ) ;
#1183 = VERTEX_POINT ( 'NONE', #4929 ) ;
#1184 = LINE ( 'NONE', #5669, #1134 ) ;
#1185 = DIRECTION ( 'NONE',  ( 1.000000000000000000, 0.000000000000000000, 0.000000000000000000 ) ) ;
#1186 = ORIENTED_EDGE ( 'NONE', *, *, #3575, .F. ) ;
#1187 = ORIENTED_EDGE ( 'NONE', *, *, #2542, .F. ) ;
#1188 = DIRECTION ( 'NONE',  ( -0.000000000000000000, 1.000000000000000000, -0.000000000000000000 ) ) ;
#1189 = CARTESIAN_POINT ( 'NONE',  ( -1.250000000000001110, 0.000000000000000000, 0.000000000000000000 ) ) ;
#1190 = AXIS2_PLACEMENT_3D ( 'NONE', #1726, #3916, #1349 ) ;
#1191 = VERTEX_POINT ( 'NONE', #4485 ) ;
#1192 = VECTOR ( 'NONE', #1573, 1000.000000000000000 ) ;
#1193 = DIRECTION ( 'NONE',  ( 2.247051134684983870E-16, 0.000000000000000000, 1.000000000000000000 ) ) ;
#1194 = ADVANCED_FACE ( 'NONE', ( #5195 ), #2932, .F. ) ;
#1195 = CARTESIAN_POINT ( 'NONE',  ( 2.679999999999999272, 7.500000000000001776, 0.6349999999999992317 ) ) ;
#1196 = VECTOR ( 'NONE', #4653, 1000.000000000000000 ) ;
#1197 = ORIENTED_EDGE ( 'NONE', *, *, #4666, .T. ) ;
#1198 = ORIENTED_EDGE ( 'NONE', *, *, #2980, .F. ) ;
#1199 = ORIENTED_EDGE ( 'NONE', *, *, #2671, .F. ) ;
#1200 = VERTEX_POINT ( 'NONE', #5640 ) ;
#1201 = VECTOR ( 'NONE', #359, 1000.000000000000000 ) ;
#1202 = CARTESIAN_POINT ( 'NONE',  ( 2.679999999999999272, -1.081363123647113125E-15, -1.584999999999999964 ) ) ;
#1203 = EDGE_LOOP ( 'NONE', ( #4339, #2580, #241, #4402 ) ) ;
#1204 = SURFACE_SIDE_STYLE ('',( #999 ) ) ;
#1205 = DIRECTION ( 'NONE',  ( 1.000000000000000000, 0.000000000000000000, 0.000000000000000000 ) ) ;
#1206 = VECTOR ( 'NONE', #1869, 1000.000000000000000 ) ;
#1207 = DIRECTION ( 'NONE',  ( 0.000000000000000000, 1.000000000000000000, 0.000000000000000000 ) ) ;
#1208 = EDGE_CURVE ( 'NONE', #4629, #2586, #1246, .T. ) ;
#1209 = CARTESIAN_POINT ( 'NONE',  ( -0.1200000000000003147, 7.500000000000001776, 0.1949999999999998679 ) ) ;
#1210 = ORIENTED_EDGE ( 'NONE', *, *, #1287, .T. ) ;
#1211 = CARTESIAN_POINT ( 'NONE',  ( 5.389999999999999680, 1.699999999999999956, 2.024999999999999023 ) ) ;
#1212 = CARTESIAN_POINT ( 'NONE',  ( -4.925000000000000711, 8.499999999999992895, -0.9550000000000007372 ) ) ;
#1213 = VERTEX_POINT ( 'NONE', #5357 ) ;
#1214 = ORIENTED_EDGE ( 'NONE', *, *, #1604, .F. ) ;
#1215 = ORIENTED_EDGE ( 'NONE', *, *, #2638, .F. ) ;
#1216 = EDGE_LOOP ( 'NONE', ( #1972, #3678, #2511, #2939 ) ) ;
#1217 = VECTOR ( 'NONE', #5, 1000.000000000000000 ) ;
#1218 = ORIENTED_EDGE ( 'NONE', *, *, #5101, .T. ) ;
#1219 = EDGE_CURVE ( 'NONE', #4464, #2770, #3284, .T. ) ;
#1220 = FACE_OUTER_BOUND ( 'NONE', #2261, .T. ) ;
#1221 = CARTESIAN_POINT ( 'NONE',  ( 1.729999999999998872, 3.300000000000000711, 1.584999999999999520 ) ) ;
#1222 = ORIENTED_EDGE ( 'NONE', *, *, #1128, .F. ) ;
#1223 = DIRECTION ( 'NONE',  ( 0.000000000000000000, 0.000000000000000000, -1.000000000000000000 ) ) ;
#1224 = ORIENTED_EDGE ( 'NONE', *, *, #31, .F. ) ;
#1225 = CARTESIAN_POINT ( 'NONE',  ( 6.325000000000000178, 8.499999999999992895, -0.9550000000000007372 ) ) ;
#1226 = VECTOR ( 'NONE', #2456, 1000.000000000000000 ) ;
#1227 = LINE ( 'NONE', #2328, #3115 ) ;
#1228 = VERTEX_POINT ( 'NONE', #1304 ) ;
#1229 = CARTESIAN_POINT ( 'NONE',  ( -0.3200000000000008393, -2.579999999999992966, -0.005000000000001723552 ) ) ;
#1230 = ORIENTED_EDGE ( 'NONE', *, *, #3856, .T. ) ;
#1231 = EDGE_LOOP ( 'NONE', ( #406, #566, #456, #4532 ) ) ;
#1232 = DIRECTION ( 'NONE',  ( 0.000000000000000000, -0.000000000000000000, -1.000000000000000000 ) ) ;
#1233 = DIRECTION ( 'NONE',  ( 1.000000000000000000, 0.000000000000000000, 0.000000000000000000 ) ) ;
#1234 = ORIENTED_EDGE ( 'NONE', *, *, #2759, .T. ) ;
#1235 = DIRECTION ( 'NONE',  ( 0.000000000000000000, 0.000000000000000000, 1.000000000000000000 ) ) ;
#1236 = ADVANCED_FACE ( 'NONE', ( #3166 ), #2616, .T. ) ;
#1237 = FACE_OUTER_BOUND ( 'NONE', #5119, .T. ) ;
#1238 = DIRECTION ( 'NONE',  ( 0.000000000000000000, -2.744815626545581052E-16, 1.000000000000000000 ) ) ;
#1239 = EDGE_CURVE ( 'NONE', #2695, #195, #1262, .T. ) ;
#1240 = DIRECTION ( 'NONE',  ( 0.000000000000000000, -1.000000000000000000, -1.618212197739558882E-16 ) ) ;
#1241 = DIRECTION ( 'NONE',  ( 0.000000000000000000, 0.000000000000000000, -1.000000000000000000 ) ) ;
#1242 = EDGE_CURVE ( 'NONE', #5210, #4084, #3155, .T. ) ;
#1243 = LINE ( 'NONE', #3493, #5075 ) ;
#1244 = ORIENTED_EDGE ( 'NONE', *, *, #5793, .F. ) ;
#1245 = ORIENTED_EDGE ( 'NONE', *, *, #1439, .T. ) ;
#1246 = LINE ( 'NONE', #867, #1289 ) ;
#1247 = DIRECTION ( 'NONE',  ( 0.000000000000000000, -2.744815626545581052E-16, 1.000000000000000000 ) ) ;
#1248 = LINE ( 'NONE', #1500, #5438 ) ;
#1249 = AXIS2_PLACEMENT_3D ( 'NONE', #1, #5865, #475 ) ;
#1250 = SURFACE_STYLE_USAGE ( .BOTH. , #5557 ) ;
#1251 = CARTESIAN_POINT ( 'NONE',  ( 1.729999999999998872, 3.300000000000000711, 1.584999999999999520 ) ) ;
#1252 = ADVANCED_FACE ( 'NONE', ( #3315 ), #1465, .T. ) ;
#1253 = LINE ( 'NONE', #4643, #3219 ) ;
#1254 = EDGE_CURVE ( 'NONE', #1355, #195, #5139, .T. ) ;
#1255 = CARTESIAN_POINT ( 'NONE',  ( -3.619999999999994778, 9.900000000000000355, 1.584999999999999298 ) ) ;
#1256 = DIRECTION ( 'NONE',  ( 1.000000000000000000, -0.000000000000000000, -4.494102269369968727E-16 ) ) ;
#1257 = ORIENTED_EDGE ( 'NONE', *, *, #5232, .T. ) ;
#1258 = CARTESIAN_POINT ( 'NONE',  ( -4.939999999999999503, 1.269999999999999796, 1.190000000000005720 ) ) ;
#1259 = ORIENTED_EDGE ( 'NONE', *, *, #399, .T. ) ;
#1260 = VERTEX_POINT ( 'NONE', #3310 ) ;
#1261 = ORIENTED_EDGE ( 'NONE', *, *, #1560, .T. ) ;
#1262 = LINE ( 'NONE', #2901, #5211 ) ;
#1263 = VERTEX_POINT ( 'NONE', #959 ) ;
#1264 = EDGE_CURVE ( 'NONE', #4972, #3515, #5093, .T. ) ;
#1265 = FACE_OUTER_BOUND ( 'NONE', #2584, .T. ) ;
#1266 = ORIENTED_EDGE ( 'NONE', *, *, #4847, .F. ) ;
#1267 = CARTESIAN_POINT ( 'NONE',  ( 0.3199999999999991740, 0.000000000000000000, 0.000000000000000000 ) ) ;
#1268 = VERTEX_POINT ( 'NONE', #4680 ) ;
#1269 = CARTESIAN_POINT ( 'NONE',  ( -2.680000000000001048, -7.265096679918780609, 0.6349999999999974554 ) ) ;
#1270 = EDGE_LOOP ( 'NONE', ( #5265, #3185, #3476, #1365 ) ) ;
#1271 = ORIENTED_EDGE ( 'NONE', *, *, #4671, .T. ) ;
#1272 = FACE_OUTER_BOUND ( 'NONE', #706, .T. ) ;
#1273 = LINE ( 'NONE', #4338, #1409 ) ;
#1274 = EDGE_LOOP ( 'NONE', ( #4319, #99, #4729, #698, #4059, #4187, #4276, #2453, #2194, #2404, #2386, #4556, #4216, #449, #2710, #2368, #626, #4647, #2269, #2673, #485, #2468, #2810, #2343, #661, #4712 ) ) ;
#1275 = PRESENTATION_STYLE_ASSIGNMENT (( #1250 ) ) ;
#1276 = ORIENTED_EDGE ( 'NONE', *, *, #5581, .F. ) ;
#1277 = ORIENTED_EDGE ( 'NONE', *, *, #4636, .F. ) ;
#1278 = DIRECTION ( 'NONE',  ( 0.000000000000000000, 1.801998070613027504E-16, -1.000000000000000000 ) ) ;
#1279 = VECTOR ( 'NONE', #5250, 1000.000000000000000 ) ;
#1280 = DIRECTION ( 'NONE',  ( 0.000000000000000000, 0.000000000000000000, 1.000000000000000000 ) ) ;
#1281 = ORIENTED_EDGE ( 'NONE', *, *, #252, .T. ) ;
#1282 = CARTESIAN_POINT ( 'NONE',  ( 4.939999999999999503, 1.699999999999999956, -1.584999999999999964 ) ) ;
#1283 = EDGE_LOOP ( 'NONE', ( #5059, #5478, #3149, #3982 ) ) ;
#1284 = VERTEX_POINT ( 'NONE', #2274 ) ;
#1285 = ORIENTED_EDGE ( 'NONE', *, *, #913, .F. ) ;
#1286 = VERTEX_POINT ( 'NONE', #2724 ) ;
#1287 = EDGE_CURVE ( 'NONE', #4919, #4520, #1166, .T. ) ;
#1288 = ADVANCED_FACE ( 'NONE', ( #3233 ), #3245, .F. ) ;
#1289 = VECTOR ( 'NONE', #4401, 1000.000000000000000 ) ;
#1290 = DIRECTION ( 'NONE',  ( 1.000000000000000000, -0.000000000000000000, -0.000000000000000000 ) ) ;
#1291 = DIRECTION ( 'NONE',  ( -4.336808689942017736E-16, -0.000000000000000000, -1.000000000000000000 ) ) ;
#1292 = CARTESIAN_POINT ( 'NONE',  ( 1.300000000000000044, 6.899999999999999467, -1.585000000000000187 ) ) ;
#1293 = DIRECTION ( 'NONE',  ( 0.000000000000000000, 0.000000000000000000, -1.000000000000000000 ) ) ;
#1294 = DIRECTION ( 'NONE',  ( 0.000000000000000000, 0.000000000000000000, 1.000000000000000000 ) ) ;
#1295 = LINE ( 'NONE', #4651, #3102 ) ;
#1296 = VERTEX_POINT ( 'NONE', #607 ) ;
#1297 = LINE ( 'NONE', #5229, #3259 ) ;
#1298 = VERTEX_POINT ( 'NONE', #4245 ) ;
#1299 = CARTESIAN_POINT ( 'NONE',  ( 0.3199999999999991185, -2.579999999999992966, -0.005000000000002567495 ) ) ;
#1300 = CARTESIAN_POINT ( 'NONE',  ( 0.3199999999999991185, 3.300000000000000711, 0.6349999999999992317 ) ) ;
#1301 = DIRECTION ( 'NONE',  ( -1.000000000000000000, 0.000000000000000000, -0.000000000000000000 ) ) ;
#1302 = CARTESIAN_POINT ( 'NONE',  ( -3.320000000000000728, 1.269999999999999796, 1.190000000000006386 ) ) ;
#1303 = CARTESIAN_POINT ( 'NONE',  ( 4.939999999999999503, 1.285879139104718760E-16, 1.585000000000001741 ) ) ;
#1304 = CARTESIAN_POINT ( 'NONE',  ( -1.730000000000000870, 9.900000000000000355, 1.584999999999999076 ) ) ;
#1305 = DIRECTION ( 'NONE',  ( -1.000000000000000000, 0.000000000000000000, 4.494102269369968727E-16 ) ) ;
#1306 = EDGE_CURVE ( 'NONE', #269, #1010, #3134, .T. ) ;
#1307 = VERTEX_POINT ( 'NONE', #524 ) ;
#1308 = DIRECTION ( 'NONE',  ( -1.000000000000000000, 0.000000000000000000, 0.000000000000000000 ) ) ;
#1309 = VECTOR ( 'NONE', #1783, 1000.000000000000000 ) ;
#1310 = EDGE_LOOP ( 'NONE', ( #1137, #2003, #5065, #5293 ) ) ;
#1311 = VECTOR ( 'NONE', #583, 1000.000000000000000 ) ;
#1312 = LINE ( 'NONE', #13, #1339 ) ;
#1313 = DIRECTION ( 'NONE',  ( 0.000000000000000000, -1.000000000000000000, -1.807003620809174385E-16 ) ) ;
#1314 = EDGE_CURVE ( 'NONE', #3845, #3365, #1181, .T. ) ;
#1315 = VERTEX_POINT ( 'NONE', #1052 ) ;
#1316 = DIRECTION ( 'NONE',  ( -0.000000000000000000, 1.000000000000000000, 1.801998070613027504E-16 ) ) ;
#1317 = EDGE_LOOP ( 'NONE', ( #157, #425, #1458, #1955 ) ) ;
#1318 = CARTESIAN_POINT ( 'NONE',  ( 2.679999999999999272, 1.269999999999999796, -0.5599999999999977218 ) ) ;
#1319 = AXIS2_PLACEMENT_3D ( 'NONE', #5800, #4364, #4002 ) ;
#1320 = DIRECTION ( 'NONE',  ( 0.000000000000000000, 0.000000000000000000, -1.000000000000000000 ) ) ;
#1321 = CARTESIAN_POINT ( 'NONE',  ( 4.925000000000000711, 9.900000000000000355, -0.9550000000000007372 ) ) ;
#1322 = DIRECTION ( 'NONE',  ( 1.000000000000000000, -0.000000000000000000, -1.707404996040164018E-16 ) ) ;
#1323 = VECTOR ( 'NONE', #4721, 1000.000000000000000 ) ;
#1324 = EDGE_CURVE ( 'NONE', #5719, #4728, #5202, .T. ) ;
#1325 = VERTEX_POINT ( 'NONE', #3279 ) ;
#1326 = LINE ( 'NONE', #1371, #1201 ) ;
#1327 = DIRECTION ( 'NONE',  ( 1.000000000000000000, 0.000000000000000000, 0.000000000000000000 ) ) ;
#1328 = DIRECTION ( 'NONE',  ( -0.000000000000000000, 1.000000000000000000, -0.000000000000000000 ) ) ;
#1329 = DIRECTION ( 'NONE',  ( -0.000000000000000000, 1.000000000000000000, 1.801998070613027504E-16 ) ) ;
#1330 = CARTESIAN_POINT ( 'NONE',  ( -3.320000000000000728, 3.300000000000000711, 0.6349999999999992317 ) ) ;
#1331 = VECTOR ( 'NONE', #2289, 1000.000000000000000 ) ;
#1332 = CARTESIAN_POINT ( 'NONE',  ( -2.250000000000001332, 1.849999999999999201, 2.774999999999998135 ) ) ;
#1333 = LINE ( 'NONE', #3853, #5166 ) ;
#1334 = VERTEX_POINT ( 'NONE', #3616 ) ;
#1335 = ADVANCED_FACE ( 'NONE', ( #3251 ), #4164, .F. ) ;
#1336 = VECTOR ( 'NONE', #432, 1000.000000000000000 ) ;
#1337 = EDGE_CURVE ( 'NONE', #2746, #1286, #1297, .T. ) ;
#1338 = DIRECTION ( 'NONE',  ( 0.000000000000000000, 1.000000000000000000, 0.000000000000000000 ) ) ;
#1339 = VECTOR ( 'NONE', #490, 1000.000000000000000 ) ;
#1340 = DIRECTION ( 'NONE',  ( -0.000000000000000000, -0.000000000000000000, 1.000000000000000000 ) ) ;
#1341 = DIRECTION ( 'NONE',  ( -1.000000000000000000, -0.000000000000000000, -0.000000000000000000 ) ) ;
#1342 = DIRECTION ( 'NONE',  ( 2.247051134684983870E-16, 0.000000000000000000, 1.000000000000000000 ) ) ;
#1343 = LINE ( 'NONE', #75, #5082 ) ;
#1344 = EDGE_CURVE ( 'NONE', #699, #80, #5231, .T. ) ;
#1345 = VECTOR ( 'NONE', #1911, 1000.000000000000000 ) ;
#1346 = DIRECTION ( 'NONE',  ( 0.000000000000000000, 0.000000000000000000, -1.000000000000000000 ) ) ;
#1347 = DIRECTION ( 'NONE',  ( 0.3015113445777613532, -0.9045340337332925529, 0.3015113445777610757 ) ) ;
#1348 = ORIENTED_EDGE ( 'NONE', *, *, #2247, .F. ) ;
#1349 = DIRECTION ( 'NONE',  ( 0.000000000000000000, -0.000000000000000000, 1.000000000000000000 ) ) ;
#1350 = VECTOR ( 'NONE', #1716, 1000.000000000000000 ) ;
#1351 =( LENGTH_UNIT ( ) NAMED_UNIT ( * ) SI_UNIT ( .MILLI., .METRE. ) );
#1352 = DIRECTION ( 'NONE',  ( 4.494102269369968727E-16, 3.614007241618348278E-16, 1.000000000000000000 ) ) ;
#1353 = FACE_OUTER_BOUND ( 'NONE', #1216, .T. ) ;
#1354 = EDGE_CURVE ( 'NONE', #2516, #2566, #3267, .T. ) ;
#1355 = VERTEX_POINT ( 'NONE', #2351 ) ;
#1356 = LINE ( 'NONE', #316, #1192 ) ;
#1357 = LINE ( 'NONE', #32, #5305 ) ;
#1358 = DIRECTION ( 'NONE',  ( 1.000000000000000000, 0.000000000000000000, -0.000000000000000000 ) ) ;
#1359 = DIRECTION ( 'NONE',  ( 0.000000000000000000, 0.000000000000000000, -1.000000000000000000 ) ) ;
#1360 = DIRECTION ( 'NONE',  ( 0.000000000000000000, 0.000000000000000000, -1.000000000000000000 ) ) ;
#1361 = CARTESIAN_POINT ( 'NONE',  ( 1.250000000000001110, 8.300000000000000711, 2.274999999999999467 ) ) ;
#1362 = DIRECTION ( 'NONE',  ( -4.494102269369968727E-16, 1.807003620809174139E-16, -1.000000000000000000 ) ) ;
#1363 = LINE ( 'NONE', #4808, #1368 ) ;
#1364 = ORIENTED_EDGE ( 'NONE', *, *, #2781, .F. ) ;
#1365 = ORIENTED_EDGE ( 'NONE', *, *, #5495, .T. ) ;
#1366 = FACE_OUTER_BOUND ( 'NONE', #3174, .T. ) ;
#1367 = EDGE_CURVE ( 'NONE', #2623, #4590, #5533, .T. ) ;
#1368 = VECTOR ( 'NONE', #2448, 1000.000000000000114 ) ;
#1369 = CARTESIAN_POINT ( 'NONE',  ( -2.680000000000001048, 0.000000000000000000, 2.024999999999999023 ) ) ;
#1370 = DIRECTION ( 'NONE',  ( 0.000000000000000000, -1.000000000000000000, -2.017120320903263949E-16 ) ) ;
#1371 = CARTESIAN_POINT ( 'NONE',  ( -0.3200000000000008393, 7.500000000000001776, 0.6349999999999992317 ) ) ;
#1372 = EDGE_CURVE ( 'NONE', #738, #4023, #5294, .T. ) ;
#1373 = ORIENTED_EDGE ( 'NONE', *, *, #232, .F. ) ;
#1374 = ADVANCED_FACE ( 'NONE', ( #3714 ), #91, .F. ) ;
#1375 = CARTESIAN_POINT ( 'NONE',  ( 2.679999999999999272, 1.349999999999999423, 2.024999999999999023 ) ) ;
#1376 = VECTOR ( 'NONE', #2215, 1000.000000000000227 ) ;
#1377 = EDGE_CURVE ( 'NONE', #195, #5190, #5614, .T. ) ;
#1378 = VECTOR ( 'NONE', #2486, 1000.000000000000000 ) ;
#1379 = AXIS2_PLACEMENT_3D ( 'NONE', #5722, #3592, #2702 ) ;
#1380 = CARTESIAN_POINT ( 'NONE',  ( -2.680000000000001048, 1.349999999999999423, 2.024999999999999023 ) ) ;
#1381 = ORIENTED_EDGE ( 'NONE', *, *, #3532, .T. ) ;
#1382 = ORIENTED_EDGE ( 'NONE', *, *, #104, .F. ) ;
#1383 = DIRECTION ( 'NONE',  ( 0.000000000000000000, -1.000000000000000000, 0.000000000000000000 ) ) ;
#1384 = DIRECTION ( 'NONE',  ( 1.000000000000000000, 0.000000000000000000, 0.000000000000000000 ) ) ;
#1385 = AXIS2_PLACEMENT_3D ( 'NONE', #2877, #4349, #591 ) ;
#1386 = FACE_OUTER_BOUND ( 'NONE', #2294, .T. ) ;
#1387 = ADVANCED_FACE ( 'NONE', ( #5666 ), #4369, .F. ) ;
#1388 = CARTESIAN_POINT ( 'NONE',  ( -4.939999999999999503, 1.269999999999999796, 1.190000000000006386 ) ) ;
#1389 = CARTESIAN_POINT ( 'NONE',  ( -2.738181818181818272, -2.754545454545446415, 0.05318181818181551279 ) ) ;
#1390 = EDGE_CURVE ( 'NONE', #3484, #4296, #5151, .T. ) ;
#1391 = VECTOR ( 'NONE', #893, 1000.000000000000227 ) ;
#1392 = AXIS2_PLACEMENT_3D ( 'NONE', #1719, #1467, #3661 ) ;
#1393 = VERTEX_POINT ( 'NONE', #5766 ) ;
#1394 = ORIENTED_EDGE ( 'NONE', *, *, #5519, .F. ) ;
#1395 = CARTESIAN_POINT ( 'NONE',  ( -2.680000000000001048, 1.269999999999999796, 1.190000000000004610 ) ) ;
#1396 = COLOUR_RGB ( '',0.7921568627450980005, 0.8196078431372548767, 0.9333333333333333481 ) ;
#1397 = CARTESIAN_POINT ( 'NONE',  ( 2.250000000000001332, 8.300000000000000711, 2.274999999999999467 ) ) ;
#1398 = DIRECTION ( 'NONE',  ( 0.000000000000000000, -0.000000000000000000, 1.000000000000000000 ) ) ;
#1399 = DIRECTION ( 'NONE',  ( 0.000000000000000000, -0.000000000000000000, 1.000000000000000000 ) ) ;
#1400 = EDGE_CURVE ( 'NONE', #4226, #1334, #3029, .T. ) ;
#1401 = VERTEX_POINT ( 'NONE', #839 ) ;
#1402 = VECTOR ( 'NONE', #416, 1000.000000000000000 ) ;
#1403 = VECTOR ( 'NONE', #696, 1000.000000000000000 ) ;
#1404 = CARTESIAN_POINT ( 'NONE',  ( -6.325000000000001066, 0.6699999999999997069, 1.585000000000006626 ) ) ;
#1405 = ADVANCED_FACE ( 'NONE', ( #1066 ), #5405, .T. ) ;
#1406 = CARTESIAN_POINT ( 'NONE',  ( 2.679999999999999272, -2.579999999999992966, -0.005000000000001723552 ) ) ;
#1407 = EDGE_LOOP ( 'NONE', ( #5120, #2863, #3262, #4472 ) ) ;
#1408 = DIRECTION ( 'NONE',  ( 1.000000000000000000, 0.000000000000000000, -4.638298064109109804E-16 ) ) ;
#1409 = VECTOR ( 'NONE', #3348, 1000.000000000000000 ) ;
#1410 = ADVANCED_FACE ( 'NONE', ( #1030 ), #800, .F. ) ;
#1411 = VERTEX_POINT ( 'NONE', #3030 ) ;
#1412 = DIRECTION ( 'NONE',  ( 0.000000000000000000, -0.000000000000000000, 1.000000000000000000 ) ) ;
#1413 = ADVANCED_FACE ( 'NONE', ( #3172 ), #2059, .F. ) ;
#1414 = DIRECTION ( 'NONE',  ( 1.000000000000000000, 0.000000000000000000, 0.000000000000000000 ) ) ;
#1415 = EDGE_CURVE ( 'NONE', #5483, #4464, #2990, .T. ) ;
#1416 = VECTOR ( 'NONE', #3534, 1000.000000000000000 ) ;
#1417 = CARTESIAN_POINT ( 'NONE',  ( 4.939999999999999503, 1.285879139104718760E-16, -1.584999999999999964 ) ) ;
#1418 = LINE ( 'NONE', #5338, #1403 ) ;
#1419 = ORIENTED_EDGE ( 'NONE', *, *, #3711, .T. ) ;
#1420 = CARTESIAN_POINT ( 'NONE',  ( 0.2618181818181816167, -2.754545454545446415, 0.5768181818181810083 ) ) ;
#1421 = CARTESIAN_POINT ( 'NONE',  ( -6.324999999999998401, -1.199999999999996181, 2.785000000000001474 ) ) ;
#1422 = AXIS2_PLACEMENT_3D ( 'NONE', #5831, #3989, #2273 ) ;
#1423 = CARTESIAN_POINT ( 'NONE',  ( 0.3199999999999991740, 1.349999999999999423, 2.024999999999999023 ) ) ;
#1424 = CARTESIAN_POINT ( 'NONE',  ( 3.319999999999998952, 1.349999999999999423, 2.024999999999999023 ) ) ;
#1425 = PLANE ( 'NONE',  #2806 ) ;
#1426 = DIRECTION ( 'NONE',  ( -0.8869140841669800324, -0.000000000000000000, -0.4619344188369675086 ) ) ;
#1427 = ORIENTED_EDGE ( 'NONE', *, *, #3145, .F. ) ;
#1428 = ORIENTED_EDGE ( 'NONE', *, *, #4465, .F. ) ;
#1429 = EDGE_CURVE ( 'NONE', #997, #5222, #3076, .T. ) ;
#1430 = EDGE_CURVE ( 'NONE', #2444, #1411, #3010, .T. ) ;
#1431 = FACE_OUTER_BOUND ( 'NONE', #1721, .T. ) ;
#1432 = DIRECTION ( 'NONE',  ( 0.000000000000000000, 0.000000000000000000, 1.000000000000000000 ) ) ;
#1433 = DIRECTION ( 'NONE',  ( 0.000000000000000000, -0.3162277660168354432, 0.9486832980505146562 ) ) ;
#1434 = DIRECTION ( 'NONE',  ( 0.000000000000000000, 1.000000000000000000, -3.236424395479117765E-16 ) ) ;
#1435 = CARTESIAN_POINT ( 'NONE',  ( 0.2618181818181816167, -2.754545454545446415, 0.05318181818181551279 ) ) ;
#1436 = EDGE_CURVE ( 'NONE', #4372, #1005, #4965, .T. ) ;
#1437 = ORIENTED_EDGE ( 'NONE', *, *, #1776, .F. ) ;
#1438 = CARTESIAN_POINT ( 'NONE',  ( -0.3200000000000008393, 0.6699999999999997069, -0.9549999999999964073 ) ) ;
#1439 = EDGE_CURVE ( 'NONE', #4967, #5886, #1243, .T. ) ;
#1440 = VECTOR ( 'NONE', #4862, 1000.000000000000000 ) ;
#1441 = AXIS2_PLACEMENT_3D ( 'NONE', #512, #2600, #1705 ) ;
#1442 = ADVANCED_FACE ( 'NONE', ( #5105 ), #244, .F. ) ;
#1443 = VERTEX_POINT ( 'NONE', #1979 ) ;
#1444 = AXIS2_PLACEMENT_3D ( 'NONE', #1516, #5214, #3987 ) ;
#1445 = ORIENTED_EDGE ( 'NONE', *, *, #5060, .F. ) ;
#1446 = CARTESIAN_POINT ( 'NONE',  ( -6.325000000000001954, 0.6699999999999997069, -0.9549999999999937428 ) ) ;
#1447 = EDGE_CURVE ( 'NONE', #5192, #4941, #5009, .T. ) ;
#1448 = DIRECTION ( 'NONE',  ( -0.3015113445777614087, -0.9045340337332923308, 0.3015113445777614087 ) ) ;
#1449 = CARTESIAN_POINT ( 'NONE',  ( 2.679999999999998384, 1.269999999999999796, 1.190000000000002167 ) ) ;
#1450 = DIRECTION ( 'NONE',  ( -1.000000000000000000, 0.000000000000000000, -2.247051134684983870E-16 ) ) ;
#1451 = ORIENTED_EDGE ( 'NONE', *, *, #2619, .T. ) ;
#1452 = ADVANCED_FACE ( 'NONE', ( #1169 ), #2112, .F. ) ;
#1453 = DIRECTION ( 'NONE',  ( -1.000000000000000000, -0.000000000000000000, -0.000000000000000000 ) ) ;
#1454 = FACE_OUTER_BOUND ( 'NONE', #3068, .T. ) ;
#1455 = DIRECTION ( 'NONE',  ( 0.000000000000000000, -2.744815626545581052E-16, 1.000000000000000000 ) ) ;
#1456 = CARTESIAN_POINT ( 'NONE',  ( 0.3199999999999991185, 1.269999999999999796, 1.190000000000005720 ) ) ;
#1457 = CARTESIAN_POINT ( 'NONE',  ( 4.269999999999999574, 3.300000000000000711, -0.9550000000000007372 ) ) ;
#1458 = ORIENTED_EDGE ( 'NONE', *, *, #5217, .F. ) ;
#1459 = VERTEX_POINT ( 'NONE', #3882 ) ;
#1460 = LINE ( 'NONE', #5445, #5535 ) ;
#1461 = CARTESIAN_POINT ( 'NONE',  ( 0.000000000000000000, 0.000000000000000000, 0.000000000000000000 ) ) ;
#1462 = DIRECTION ( 'NONE',  ( 0.000000000000000000, 2.744815626545581052E-16, -1.000000000000000000 ) ) ;
#1463 = DIRECTION ( 'NONE',  ( 2.247051134684983870E-16, 0.000000000000000000, -1.000000000000000000 ) ) ;
#1464 = DIRECTION ( 'NONE',  ( 0.000000000000000000, 1.000000000000000000, 1.807003620809174385E-16 ) ) ;
#1465 = PLANE ( 'NONE',  #2624 ) ;
#1466 = ORIENTED_EDGE ( 'NONE', *, *, #5846, .T. ) ;
#1467 = DIRECTION ( 'NONE',  ( 0.000000000000000000, 1.000000000000000000, -0.000000000000000000 ) ) ;
#1468 = LINE ( 'NONE', #1703, #3451 ) ;
#1469 = CARTESIAN_POINT ( 'NONE',  ( 1.250000000000001110, 8.300000000000000711, 2.274999999999999467 ) ) ;
#1470 = EDGE_CURVE ( 'NONE', #1200, #3858, #3038, .T. ) ;
#1471 = ORIENTED_EDGE ( 'NONE', *, *, #3584, .F. ) ;
#1472 = DIRECTION ( 'NONE',  ( 0.000000000000000000, -1.000000000000000000, -1.807003620809174385E-16 ) ) ;
#1473 = ORIENTED_EDGE ( 'NONE', *, *, #1436, .T. ) ;
#1474 = PLANE ( 'NONE',  #1887 ) ;
#1475 = FILL_AREA_STYLE_COLOUR ( '', #1044 ) ;
#1476 = CARTESIAN_POINT ( 'NONE',  ( -6.325000000000001954, 0.6699999999999998179, -0.5599999999999937250 ) ) ;
#1477 = DIRECTION ( 'NONE',  ( -0.9486832980505147672, 0.3162277660168352766, 0.000000000000000000 ) ) ;
#1478 = PLANE ( 'NONE',  #1832 ) ;
#1479 = VECTOR ( 'NONE', #3503, 1000.000000000000000 ) ;
#1480 = ADVANCED_FACE ( 'NONE', ( #3204 ), #4416, .F. ) ;
#1481 = ORIENTED_EDGE ( 'NONE', *, *, #4069, .F. ) ;
#1482 = ORIENTED_EDGE ( 'NONE', *, *, #1491, .T. ) ;
#1483 = MANIFOLD_SOLID_BREP ( 'LPattern2[2]', #4938 ) ;
#1484 = CARTESIAN_POINT ( 'NONE',  ( -0.3200000000000008393, -7.265096679918780609, -0.005000000000002567495 ) ) ;
#1485 = EDGE_CURVE ( 'NONE', #1923, #997, #4988, .T. ) ;
#1486 = DIRECTION ( 'NONE',  ( 0.000000000000000000, -2.744815626545581052E-16, 1.000000000000000000 ) ) ;
#1487 = CARTESIAN_POINT ( 'NONE',  ( -6.835927835051542445, -0.7742268041237103660, 1.374072164948456187 ) ) ;
#1488 = LINE ( 'NONE', #3643, #1504 ) ;
#1489 = ADVANCED_FACE ( 'NONE', ( #3126 ), #3671, .F. ) ;
#1490 = DIRECTION ( 'NONE',  ( -1.000000000000000000, -0.000000000000000000, -0.000000000000000000 ) ) ;
#1491 = EDGE_CURVE ( 'NONE', #1521, #5076, #3146, .T. ) ;
#1492 = VERTEX_POINT ( 'NONE', #970 ) ;
#1493 = ADVANCED_FACE ( 'NONE', ( #1265 ), #5435, .T. ) ;
#1494 = EDGE_CURVE ( 'NONE', #3188, #2100, #1146, .T. ) ;
#1495 = ORIENTED_EDGE ( 'NONE', *, *, #5472, .T. ) ;
#1496 = AXIS2_PLACEMENT_3D ( 'NONE', #430, #4563, #1821 ) ;
#1497 = EDGE_CURVE ( 'NONE', #4728, #2220, #1182, .T. ) ;
#1498 = VECTOR ( 'NONE', #5381, 1000.000000000000000 ) ;
#1499 = DIRECTION ( 'NONE',  ( 0.000000000000000000, 0.000000000000000000, -1.000000000000000000 ) ) ;
#1500 = CARTESIAN_POINT ( 'NONE',  ( 1.269999999999999130, 3.300000000000000711, -0.9550000000000007372 ) ) ;
#1501 = CARTESIAN_POINT ( 'NONE',  ( -2.250000000000001332, 0.000000000000000000, 0.000000000000000000 ) ) ;
#1502 = EDGE_LOOP ( 'NONE', ( #2164, #5374, #1896, #3940, #3789, #1893, #53, #1548, #3811, #1769, #5764, #4157, #5788, #1913 ) ) ;
#1503 = DIRECTION ( 'NONE',  ( 0.000000000000000000, -1.801998070613027504E-16, 1.000000000000000000 ) ) ;
#1504 = VECTOR ( 'NONE', #4107, 1000.000000000000000 ) ;
#1505 = EDGE_CURVE ( 'NONE', #1164, #4705, #1227, .T. ) ;
#1506 = CARTESIAN_POINT ( 'NONE',  ( -1.730000000000000870, 3.300000000000000711, -0.9550000000000007372 ) ) ;
#1507 = ORIENTED_EDGE ( 'NONE', *, *, #4220, .T. ) ;
#1508 = DIRECTION ( 'NONE',  ( 1.000000000000000000, 0.000000000000000000, 0.000000000000000000 ) ) ;
#1509 = DIRECTION ( 'NONE',  ( -0.000000000000000000, -0.7682212795973774044, -0.6401843996644779322 ) ) ;
#1511 = VERTEX_POINT ( 'NONE', #2821 ) ;
#1510 = DIRECTION ( 'NONE',  ( -0.000000000000000000, 2.744815626545581052E-16, 1.000000000000000000 ) ) ;
#1512 = DIRECTION ( 'NONE',  ( 0.000000000000000000, -0.000000000000000000, 1.000000000000000000 ) ) ;
#1513 = LINE ( 'NONE', #4667, #1531 ) ;
#1514 = EDGE_LOOP ( 'NONE', ( #3823, #3971, #1428, #3130 ) ) ;
#1515 = APPLICATION_PROTOCOL_DEFINITION ( 'draft international standard', 'automotive_design', 1998, #5711 ) ;
#1516 = CARTESIAN_POINT ( 'NONE',  ( -6.325000000000001066, 1.269999999999999796, 1.190000000000006386 ) ) ;
#1517 = CARTESIAN_POINT ( 'NONE',  ( 4.269999999999999574, 3.300000000000000711, -0.9550000000000007372 ) ) ;
#1518 = CARTESIAN_POINT ( 'NONE',  ( -0.3200000000000008393, 7.500000000000001776, -0.005000000000000663636 ) ) ;
#1519 = FACE_OUTER_BOUND ( 'NONE', #1895, .T. ) ;
#1520 = DIRECTION ( 'NONE',  ( 0.000000000000000000, -0.000000000000000000, -1.000000000000000000 ) ) ;
#1521 = VERTEX_POINT ( 'NONE', #4128 ) ;
#1522 = EDGE_CURVE ( 'NONE', #2820, #1263, #3062, .T. ) ;
#1523 = FACE_OUTER_BOUND ( 'NONE', #3919, .T. ) ;
#1524 = CARTESIAN_POINT ( 'NONE',  ( -3.120000000000000551, 7.500000000000001776, 0.4349999999999987765 ) ) ;
#1525 = CARTESIAN_POINT ( 'NONE',  ( -4.939999999999999503, 0.6699999999999998179, 1.190000000000005942 ) ) ;
#1526 = DIRECTION ( 'NONE',  ( 0.000000000000000000, 1.000000000000000000, -3.614007241618348771E-16 ) ) ;
#1527 = CARTESIAN_POINT ( 'NONE',  ( 1.269999999999999130, 3.300000000000000711, 1.584999999999999076 ) ) ;
#1528 = ORIENTED_EDGE ( 'NONE', *, *, #2942, .T. ) ;
#1529 = ADVANCED_FACE ( 'NONE', ( #5019 ), #62, .F. ) ;
#1530 = CARTESIAN_POINT ( 'NONE',  ( 2.679999999999999272, 7.500000000000001776, -0.005000000000000663636 ) ) ;
#1531 = VECTOR ( 'NONE', #5680, 1000.000000000000000 ) ;
#1532 = CARTESIAN_POINT ( 'NONE',  ( 4.925000000000000711, 9.900000000000000355, -0.9550000000000007372 ) ) ;
#1533 = ORIENTED_EDGE ( 'NONE', *, *, #1497, .T. ) ;
#1534 = DIRECTION ( 'NONE',  ( 1.000000000000000000, -0.000000000000000000, -4.494102269369968727E-16 ) ) ;
#1535 = EDGE_CURVE ( 'NONE', #977, #4397, #5048, .T. ) ;
#1536 = CARTESIAN_POINT ( 'NONE',  ( -6.325000000000000178, 0.000000000000000000, -1.584999999999999964 ) ) ;
#1537 = DIRECTION ( 'NONE',  ( 0.000000000000000000, 0.000000000000000000, 1.000000000000000000 ) ) ;
#1538 = EDGE_CURVE ( 'NONE', #4218, #360, #3087, .T. ) ;
#1539 = LINE ( 'NONE', #1122, #1547 ) ;
#1540 = EDGE_CURVE ( 'NONE', #4488, #4332, #5096, .T. ) ;
#1541 = ORIENTED_EDGE ( 'NONE', *, *, #5904, .T. ) ;
#1542 = EDGE_CURVE ( 'NONE', #2315, #5516, #5131, .T. ) ;
#1543 = PLANE ( 'NONE',  #2697 ) ;
#1544 = DIRECTION ( 'NONE',  ( 1.233548213626064722E-31, 1.000000000000000000, 2.744815626545581052E-16 ) ) ;
#1545 = PLANE ( 'NONE',  #1919 ) ;
#1546 = DIRECTION ( 'NONE',  ( 0.000000000000000000, 0.000000000000000000, 1.000000000000000000 ) ) ;
#1547 = VECTOR ( 'NONE', #509, 1000.000000000000114 ) ;
#1548 = ORIENTED_EDGE ( 'NONE', *, *, #1219, .F. ) ;
#1549 = EDGE_CURVE ( 'NONE', #4633, #5159, #5335, .T. ) ;
#1550 = ORIENTED_EDGE ( 'NONE', *, *, #399, .F. ) ;
#1551 = MANIFOLD_SOLID_BREP ( 'Chamfer5', #588 ) ;
#1552 = DIRECTION ( 'NONE',  ( -1.000000000000000000, 0.000000000000000000, 4.494102269369968727E-16 ) ) ;
#1553 = CARTESIAN_POINT ( 'NONE',  ( -1.250000000000001110, 8.300000000000000711, 2.774999999999999467 ) ) ;
#1554 = DIRECTION ( 'NONE',  ( 0.000000000000000000, 0.000000000000000000, 1.000000000000000000 ) ) ;
#1555 = DIRECTION ( 'NONE',  ( -0.3015113445777613532, 0.9045340337332925529, 0.3015113445777610757 ) ) ;
#1556 = DIRECTION ( 'NONE',  ( -1.000000000000000000, 0.000000000000000000, -0.000000000000000000 ) ) ;
#1557 = ORIENTED_EDGE ( 'NONE', *, *, #5625, .T. ) ;
#1558 = AXIS2_PLACEMENT_3D ( 'NONE', #5014, #3990, #3948 ) ;
#1559 = DIRECTION ( 'NONE',  ( 0.000000000000000000, 0.000000000000000000, 1.000000000000000000 ) ) ;
#1560 = EDGE_CURVE ( 'NONE', #256, #3585, #3247, .T. ) ;
#1561 = VECTOR ( 'NONE', #2750, 1000.000000000000000 ) ;
#1562 = DIRECTION ( 'NONE',  ( 1.000000000000000000, 0.000000000000000000, -4.494102269369968727E-16 ) ) ;
#1563 = VERTEX_POINT ( 'NONE', #1566 ) ;
#1564 = DIRECTION ( 'NONE',  ( 0.000000000000000000, -2.995465716473998555E-16, -1.000000000000000000 ) ) ;
#1565 = ADVANCED_FACE ( 'NONE', ( #1353 ), #260, .T. ) ;
#1566 = CARTESIAN_POINT ( 'NONE',  ( 3.319999999999998952, -2.579999999999992966, 0.6349999999999983435 ) ) ;
#1567 = CARTESIAN_POINT ( 'NONE',  ( -2.680000000000001048, 7.500000000000001776, 0.6349999999999992317 ) ) ;
#1568 = DIRECTION ( 'NONE',  ( 0.000000000000000000, -2.744815626545581052E-16, -1.000000000000000000 ) ) ;
#1569 = DIRECTION ( 'NONE',  ( -0.9486832980505147672, 0.3162277660168352766, 0.000000000000000000 ) ) ;
#1570 = LINE ( 'NONE', #2598, #3496 ) ;
#1571 = EDGE_CURVE ( 'NONE', #2931, #1298, #1273, .T. ) ;
#1572 = ORIENTED_EDGE ( 'NONE', *, *, #4016, .F. ) ;
#1573 = DIRECTION ( 'NONE',  ( 0.000000000000000000, -1.000000000000000000, -1.807003620809174385E-16 ) ) ;
#1574 = VECTOR ( 'NONE', #52, 1000.000000000000000 ) ;
#1575 = DIRECTION ( 'NONE',  ( 0.000000000000000000, 1.000000000000000000, 0.000000000000000000 ) ) ;
#1576 = DIRECTION ( 'NONE',  ( 0.000000000000000000, -1.000000000000000000, 0.000000000000000000 ) ) ;
#1577 = VECTOR ( 'NONE', #941, 1000.000000000000000 ) ;
#1578 = EDGE_CURVE ( 'NONE', #1263, #4681, #3347, .T. ) ;
#1579 = FILL_AREA_STYLE ('',( #1686 ) ) ;
#1580 = ORIENTED_EDGE ( 'NONE', *, *, #2067, .F. ) ;
#1581 = DIRECTION ( 'NONE',  ( -4.494102269369968727E-16, 1.807003620809174139E-16, -1.000000000000000000 ) ) ;
#1582 = SURFACE_STYLE_FILL_AREA ( #2341 ) ;
#1583 = DIRECTION ( 'NONE',  ( 0.000000000000000000, -1.000000000000000000, -1.618212197739558882E-16 ) ) ;
#1584 = CARTESIAN_POINT ( 'NONE',  ( -6.325000000000000178, 0.000000000000000000, -1.584999999999999964 ) ) ;
#1585 = CARTESIAN_POINT ( 'NONE',  ( -6.325000000000001066, 1.269999999999999796, 1.190000000000006386 ) ) ;
#1586 = CARTESIAN_POINT ( 'NONE',  ( -6.325000000000000178, 8.499999999999992895, -1.585000000000000187 ) ) ;
#1587 = AXIS2_PLACEMENT_3D ( 'NONE', #5070, #5691, #2202 ) ;
#1588 = EDGE_LOOP ( 'NONE', ( #5273, #1110, #5165, #5856 ) ) ;
#1589 = DIRECTION ( 'NONE',  ( -0.3015113445777614087, -0.9045340337332923308, -0.3015113445777614087 ) ) ;
#1590 = LINE ( 'NONE', #3666, #3596 ) ;
#1591 = VECTOR ( 'NONE', #35, 1000.000000000000000 ) ;
#1592 = EDGE_CURVE ( 'NONE', #1147, #256, #3261, .T. ) ;
#1593 = ADVANCED_FACE ( 'NONE', ( #5321 ), #4215, .F. ) ;
#1594 = CARTESIAN_POINT ( 'NONE',  ( -6.325000000000001066, 0.6699999999999998179, 1.190000000000006608 ) ) ;
#1595 = EDGE_LOOP ( 'NONE', ( #5034, #1281, #3876, #3103 ) ) ;
#1596 = DIRECTION ( 'NONE',  ( 0.000000000000000000, 0.000000000000000000, -1.000000000000000000 ) ) ;
#1597 = EDGE_CURVE ( 'NONE', #2657, #4131, #3282, .T. ) ;
#1598 = DIRECTION ( 'NONE',  ( 1.000000000000000000, 0.000000000000000000, 0.000000000000000000 ) ) ;
#1600 = ORIENTED_EDGE ( 'NONE', *, *, #2510, .T. ) ;
#1599 = CARTESIAN_POINT ( 'NONE',  ( 4.939999999999999503, 1.269999999999999796, -0.5599999999999987210 ) ) ;
#1601 = CARTESIAN_POINT ( 'NONE',  ( -3.619999999999994778, 3.300000000000000711, 1.584999999999999298 ) ) ;
#1602 = CARTESIAN_POINT ( 'NONE',  ( 4.925000000000000711, 9.900000000000000355, -1.585000000000000187 ) ) ;
#1603 = VECTOR ( 'NONE', #3795, 1000.000000000000000 ) ;
#1604 = EDGE_CURVE ( 'NONE', #4332, #2872, #5196, .T. ) ;
#1605 = VECTOR ( 'NONE', #553, 1000.000000000000000 ) ;
#1606 = EDGE_CURVE ( 'NONE', #2315, #2484, #3379, .T. ) ;
#1607 = ORIENTED_EDGE ( 'NONE', *, *, #2138, .T. ) ;
#1608 = ADVANCED_FACE ( 'NONE', ( #5205 ), #2959, .F. ) ;
#1609 = ORIENTED_EDGE ( 'NONE', *, *, #2676, .T. ) ;
#1610 = CARTESIAN_POINT ( 'NONE',  ( 2.679999999999999272, 1.350000000000000089, -1.585000000000000409 ) ) ;
#1611 = AXIS2_PLACEMENT_3D ( 'NONE', #5818, #5130, #5898 ) ;
#1612 = VECTOR ( 'NONE', #4531, 1000.000000000000114 ) ;
#1613 = DIRECTION ( 'NONE',  ( -1.000000000000000000, 0.000000000000000000, 4.494102269369968727E-16 ) ) ;
#1614 = PLANE ( 'NONE',  #379 ) ;
#1615 = AXIS2_PLACEMENT_3D ( 'NONE', #395, #3157, #3480 ) ;
#1616 = CARTESIAN_POINT ( 'NONE',  ( 6.324999999999995737, 0.6699999999999998179, 1.190000000000001057 ) ) ;
#1617 = VECTOR ( 'NONE', #1035, 1000.000000000000000 ) ;
#1618 = EDGE_CURVE ( 'NONE', #2335, #4082, #3370, .T. ) ;
#1619 = PLANE ( 'NONE',  #2385 ) ;
#1620 = ORIENTED_EDGE ( 'NONE', *, *, #4159, .F. ) ;
#1621 = VECTOR ( 'NONE', #3329, 1000.000000000000114 ) ;
#1622 = DIRECTION ( 'NONE',  ( 1.233548213626064722E-31, 1.000000000000000000, 2.744815626545581052E-16 ) ) ;
#1623 = LINE ( 'NONE', #3277, #5568 ) ;
#1624 = AXIS2_PLACEMENT_3D ( 'NONE', #3138, #2636, #3501 ) ;
#1625 = DIRECTION ( 'NONE',  ( 1.000000000000000000, -0.000000000000000000, -4.494102269369968727E-16 ) ) ;
#1626 = DIRECTION ( 'NONE',  ( 0.000000000000000000, 0.000000000000000000, -1.000000000000000000 ) ) ;
#1627 = ORIENTED_EDGE ( 'NONE', *, *, #2067, .T. ) ;
#1628 = CARTESIAN_POINT ( 'NONE',  ( 1.250000000000001110, 1.849999999999999201, 2.274999999999999467 ) ) ;
#1629 = ORIENTED_EDGE ( 'NONE', *, *, #3519, .F. ) ;
#1630 = VECTOR ( 'NONE', #4001, 1000.000000000000000 ) ;
#1631 = LINE ( 'NONE', #1753, #1683 ) ;
#1632 = CARTESIAN_POINT ( 'NONE',  ( -1.270000000000001128, 3.300000000000000711, 1.584999999999999520 ) ) ;
#1633 =( LENGTH_UNIT ( ) NAMED_UNIT ( * ) SI_UNIT ( .MILLI., .METRE. ) );
#1634 = ORIENTED_EDGE ( 'NONE', *, *, #4674, .F. ) ;
#1635 = DIRECTION ( 'NONE',  ( -1.000000000000000000, -0.000000000000000000, -0.000000000000000000 ) ) ;
#1636 = EDGE_CURVE ( 'NONE', #4681, #5044, #5328, .T. ) ;
#1637 = DIRECTION ( 'NONE',  ( 0.000000000000000000, -0.000000000000000000, 1.000000000000000000 ) ) ;
#1638 = DIRECTION ( 'NONE',  ( 0.000000000000000000, 0.000000000000000000, 1.000000000000000000 ) ) ;
#1639 = LINE ( 'NONE', #635, #1603 ) ;
#1640 = VECTOR ( 'NONE', #3309, 1000.000000000000000 ) ;
#1641 = ADVANCED_FACE ( 'NONE', ( #5298 ), #2563, .T. ) ;
#1642 = EDGE_LOOP ( 'NONE', ( #5759, #5868, #1965, #1857 ) ) ;
#1643 = EDGE_CURVE ( 'NONE', #284, #2546, #3304, .T. ) ;
#1644 = LINE ( 'NONE', #58, #3673 ) ;
#1645 = DIRECTION ( 'NONE',  ( 1.000000000000000000, 0.000000000000000000, 0.000000000000000000 ) ) ;
#1646 = DIRECTION ( 'NONE',  ( 0.000000000000000000, 1.000000000000000000, -3.236424395479117765E-16 ) ) ;
#1647 = DIRECTION ( 'NONE',  ( 0.000000000000000000, -0.000000000000000000, 1.000000000000000000 ) ) ;
#1648 = LINE ( 'NONE', #228, #5606 ) ;
#1649 = CARTESIAN_POINT ( 'NONE',  ( -4.924999999999999822, 9.900000000000000355, 2.274999999999999467 ) ) ;
#1650 = VERTEX_POINT ( 'NONE', #5240 ) ;
#1651 = VECTOR ( 'NONE', #3958, 1000.000000000000000 ) ;
#1652 = DIRECTION ( 'NONE',  ( 0.000000000000000000, 1.000000000000000000, 0.000000000000000000 ) ) ;
#1653 = AXIS2_PLACEMENT_3D ( 'NONE', #5354, #4829, #2534 ) ;
#1654 = LINE ( 'NONE', #4596, #5695 ) ;
#1655 = CARTESIAN_POINT ( 'NONE',  ( -3.619999999999994778, 9.900000000000000355, 1.584999999999999298 ) ) ;
#1656 = CARTESIAN_POINT ( 'NONE',  ( 4.939999999999999503, 0.6699999999999997069, 1.585000000000006626 ) ) ;
#1657 = CARTESIAN_POINT ( 'NONE',  ( 2.679999999999999272, 0.000000000000000000, 0.000000000000000000 ) ) ;
#1658 = EDGE_LOOP ( 'NONE', ( #2617, #831, #138, #2369 ) ) ;
#1659 = DIRECTION ( 'NONE',  ( -4.494102269369968727E-16, 1.618212197739558636E-16, -1.000000000000000000 ) ) ;
#1660 = EDGE_CURVE ( 'NONE', #481, #2251, #1418, .T. ) ;
#1661 = VECTOR ( 'NONE', #4763, 1000.000000000000000 ) ;
#1662 = FACE_OUTER_BOUND ( 'NONE', #4720, .T. ) ;
#1663 = EDGE_CURVE ( 'NONE', #1151, #1083, #3374, .T. ) ;
#1664 = PLANE ( 'NONE',  #242 ) ;
#1665 = EDGE_LOOP ( 'NONE', ( #419, #305, #2596, #4348 ) ) ;
#1666 = DIRECTION ( 'NONE',  ( -1.000000000000000000, -0.000000000000000000, -0.000000000000000000 ) ) ;
#1667 = EDGE_CURVE ( 'NONE', #286, #1334, #5279, .T. ) ;
#1668 = CARTESIAN_POINT ( 'NONE',  ( 6.000000000000000000, 3.300000000000000711, 0.000000000000000000 ) ) ;
#1669 = CARTESIAN_POINT ( 'NONE',  ( -5.975000000000004974, -1.449999999999999956, 2.484999999999996323 ) ) ;
#1670 = CARTESIAN_POINT ( 'NONE',  ( -1.730000000000000870, 9.900000000000000355, -0.9550000000000007372 ) ) ;
#1671 = LINE ( 'NONE', #1487, #5706 ) ;
#1672 = VECTOR ( 'NONE', #5829, 1000.000000000000000 ) ;
#1673 = AXIS2_PLACEMENT_3D ( 'NONE', #2975, #5287, #4779 ) ;
#1674 = ORIENTED_EDGE ( 'NONE', *, *, #5517, .T. ) ;
#1675 = PRESENTATION_LAYER_ASSIGNMENT (  '', '', ( #2331 ) ) ;
#1676 = CARTESIAN_POINT ( 'NONE',  ( 5.364999999999989555, 9.900000000000000355, 2.274999999999999467 ) ) ;
#1677 = ORIENTED_EDGE ( 'NONE', *, *, #5531, .T. ) ;
#1678 = EDGE_CURVE ( 'NONE', #4753, #5098, #1363, .T. ) ;
#1679 = VECTOR ( 'NONE', #3300, 1000.000000000000000 ) ;
#1680 = DIRECTION ( 'NONE',  ( -1.000000000000000000, 0.000000000000000000, -0.000000000000000000 ) ) ;
#1681 = CARTESIAN_POINT ( 'NONE',  ( 0.3199999999999991740, -1.081363123647113125E-15, -1.584999999999999964 ) ) ;
#1682 = CARTESIAN_POINT ( 'NONE',  ( 0.3199999999999991185, 7.500000000000001776, -0.005000000000000663636 ) ) ;
#1683 = VECTOR ( 'NONE', #4396, 1000.000000000000000 ) ;
#1684 = PLANE ( 'NONE',  #3792 ) ;
#1685 = ADVANCED_FACE ( 'NONE', ( #5306 ), #2406, .F. ) ;
#1686 = FILL_AREA_STYLE_COLOUR ( '', #3944 ) ;
#1687 = ORIENTED_EDGE ( 'NONE', *, *, #4173, .T. ) ;
#1688 = LINE ( 'NONE', #3604, #3650 ) ;
#1689 = DIRECTION ( 'NONE',  ( 2.247051134684983870E-16, 0.000000000000000000, -1.000000000000000000 ) ) ;
#1690 = VECTOR ( 'NONE', #5318, 1000.000000000000000 ) ;
#1691 = CARTESIAN_POINT ( 'NONE',  ( -6.325000000000000178, 8.499999999999992895, -0.9550000000000007372 ) ) ;
#1692 = CARTESIAN_POINT ( 'NONE',  ( 6.324999999999999289, 8.499999999999992895, 2.274999999999999467 ) ) ;
#1693 = DIRECTION ( 'NONE',  ( 0.000000000000000000, 1.000000000000000000, -3.614007241618348771E-16 ) ) ;
#1694 = VERTEX_POINT ( 'NONE', #3404 ) ;
#1695 = DIRECTION ( 'NONE',  ( 0.000000000000000000, 0.000000000000000000, -1.000000000000000000 ) ) ;
#1696 = FACE_OUTER_BOUND ( 'NONE', #2441, .T. ) ;
#1697 = LINE ( 'NONE', #1890, #5736 ) ;
#1698 = DIRECTION ( 'NONE',  ( 1.000000000000000000, 0.000000000000000000, 0.000000000000000000 ) ) ;
#1699 = DIRECTION ( 'NONE',  ( 1.000000000000000000, -0.000000000000000000, -4.494102269369968727E-16 ) ) ;
#1700 = VERTEX_POINT ( 'NONE', #5308 ) ;
#1701 = ORIENTED_EDGE ( 'NONE', *, *, #1540, .T. ) ;
#1702 = PLANE ( 'NONE',  #2698 ) ;
#1703 = CARTESIAN_POINT ( 'NONE',  ( -3.320000000000000728, 6.899999999999995026, 0.6349999999999992317 ) ) ;
#1704 = DIRECTION ( 'NONE',  ( 1.000000000000000000, -0.000000000000000000, 0.000000000000000000 ) ) ;
#1705 = DIRECTION ( 'NONE',  ( 0.000000000000000000, 0.000000000000000000, 1.000000000000000000 ) ) ;
#1706 = CARTESIAN_POINT ( 'NONE',  ( 2.679999999999999272, -2.579999999999992966, 0.6349999999999974554 ) ) ;
#1707 = LINE ( 'NONE', #3974, #1402 ) ;
#1708 = ORIENTED_EDGE ( 'NONE', *, *, #705, .T. ) ;
#1709 = ORIENTED_EDGE ( 'NONE', *, *, #1075, .F. ) ;
#1710 = ORIENTED_EDGE ( 'NONE', *, *, #3776, .F. ) ;
#1711 = DIRECTION ( 'NONE',  ( 1.000000000000000000, 0.000000000000000000, 0.000000000000000000 ) ) ;
#1712 = VECTOR ( 'NONE', #5129, 1000.000000000000000 ) ;
#1713 = DIRECTION ( 'NONE',  ( 0.000000000000000000, 0.000000000000000000, -1.000000000000000000 ) ) ;
#1714 = DIRECTION ( 'NONE',  ( 0.000000000000000000, 1.801998070613027504E-16, -1.000000000000000000 ) ) ;
#1715 = CARTESIAN_POINT ( 'NONE',  ( -6.325000000000001066, 1.269999999999999796, 1.190000000000006386 ) ) ;
#1716 = DIRECTION ( 'NONE',  ( 0.000000000000000000, -1.000000000000000000, 0.000000000000000000 ) ) ;
#1717 = LINE ( 'NONE', #93, #3710 ) ;
#1718 = EDGE_CURVE ( 'NONE', #3216, #4488, #5345, .T. ) ;
#1719 = CARTESIAN_POINT ( 'NONE',  ( 0.000000000000000000, 8.499999999999992895, 0.000000000000000000 ) ) ;
#1720 = ORIENTED_EDGE ( 'NONE', *, *, #4373, .F. ) ;
#1721 = EDGE_LOOP ( 'NONE', ( #5103, #4359, #2380, #4932 ) ) ;
#1722 = VECTOR ( 'NONE', #5253, 1000.000000000000000 ) ;
#1723 = EDGE_CURVE ( 'NONE', #5423, #5192, #5360, .T. ) ;
#1724 = PLANE ( 'NONE',  #4819 ) ;
#1725 = PLANE ( 'NONE',  #4061 ) ;
#1726 = CARTESIAN_POINT ( 'NONE',  ( 5.389999999999999680, 1.699999999999999956, -1.584999999999999964 ) ) ;
#1727 = ADVANCED_FACE ( 'NONE', ( #1431 ), #3094, .F. ) ;
#1728 = EDGE_CURVE ( 'NONE', #2950, #5230, #5313, .T. ) ;
#1729 = DIRECTION ( 'NONE',  ( 0.000000000000000000, 2.744815626545581052E-16, 1.000000000000000000 ) ) ;
#1730 = ORIENTED_EDGE ( 'NONE', *, *, #3632, .F. ) ;
#1731 = VERTEX_POINT ( 'NONE', #4426 ) ;
#1732 = CARTESIAN_POINT ( 'NONE',  ( 3.319999999999998952, 3.300000000000000711, -0.005000000000000663636 ) ) ;
#1733 = ORIENTED_EDGE ( 'NONE', *, *, #3396, .T. ) ;
#1734 = EDGE_CURVE ( 'NONE', #4406, #2872, #3461, .T. ) ;
#1735 = VECTOR ( 'NONE', #488, 1000.000000000000000 ) ;
#1736 = AXIS2_PLACEMENT_3D ( 'NONE', #2721, #3613, #4116 ) ;
#1737 = VECTOR ( 'NONE', #865, 1000.000000000000000 ) ;
#1738 = EDGE_CURVE ( 'NONE', #2347, #3128, #5462, .T. ) ;
#1739 = DIRECTION ( 'NONE',  ( 0.000000000000000000, 0.3162277660168349991, 0.9486832980505148782 ) ) ;
#1740 = VERTEX_POINT ( 'NONE', #3930 ) ;
#1741 = ORIENTED_EDGE ( 'NONE', *, *, #2079, .T. ) ;
#1742 = PLANE ( 'NONE',  #5168 ) ;
#1743 = CARTESIAN_POINT ( 'NONE',  ( -6.325000000000001954, 1.269999999999999796, -0.5599999999999936140 ) ) ;
#1744 = CARTESIAN_POINT ( 'NONE',  ( -0.3200000000000008948, -1.081363123647113125E-15, -1.584999999999999964 ) ) ;
#1745 = CARTESIAN_POINT ( 'NONE',  ( -6.325000000000001954, 1.269999999999999796, -0.5599999999999936140 ) ) ;
#1746 = VECTOR ( 'NONE', #4738, 1000.000000000000000 ) ;
#1747 = LINE ( 'NONE', #5867, #3709 ) ;
#1748 = EDGE_CURVE ( 'NONE', #4661, #3216, #5429, .T. ) ;
#1749 = ORIENTED_EDGE ( 'NONE', *, *, #2812, .F. ) ;
#1750 = VERTEX_POINT ( 'NONE', #1809 ) ;
#1751 = DIRECTION ( 'NONE',  ( 0.6401843996644790424, -0.7682212795973765163, 0.000000000000000000 ) ) ;
#1752 = LINE ( 'NONE', #4232, #1712 ) ;
#1753 = CARTESIAN_POINT ( 'NONE',  ( -6.325000000000001954, 0.6699999999999998179, -0.5599999999999937250 ) ) ;
#1754 = VECTOR ( 'NONE', #4875, 1000.000000000000000 ) ;
#1755 = CARTESIAN_POINT ( 'NONE',  ( 5.389999999999999680, 0.000000000000000000, 1.585000000000001741 ) ) ;
#1756 = CARTESIAN_POINT ( 'NONE',  ( 6.324999999999999289, 9.900000000000000355, 1.774999999999999245 ) ) ;
#1757 = ORIENTED_EDGE ( 'NONE', *, *, #1372, .F. ) ;
#1758 = ORIENTED_EDGE ( 'NONE', *, *, #1219, .T. ) ;
#1759 = LINE ( 'NONE', #5683, #3682 ) ;
#1760 = PLANE ( 'NONE',  #3007 ) ;
#1761 = VERTEX_POINT ( 'NONE', #4025 ) ;
#1762 = ORIENTED_EDGE ( 'NONE', *, *, #5198, .T. ) ;
#1763 = CARTESIAN_POINT ( 'NONE',  ( 4.925000000000000711, 8.499999999999992895, -0.9550000000000007372 ) ) ;
#1764 = EDGE_CURVE ( 'NONE', #4590, #4730, #3478, .T. ) ;
#1765 = VECTOR ( 'NONE', #281, 1000.000000000000000 ) ;
#1766 = VECTOR ( 'NONE', #2349, 1000.000000000000000 ) ;
#1767 = ADVANCED_FACE ( 'NONE', ( #3403 ), #4506, .T. ) ;
#1768 = CARTESIAN_POINT ( 'NONE',  ( -5.389999999999997904, 1.849999999999999201, 2.274999999999999467 ) ) ;
#1769 = ORIENTED_EDGE ( 'NONE', *, *, #1314, .T. ) ;
#1770 = CARTESIAN_POINT ( 'NONE',  ( 3.319999999999999840, 1.269999999999999796, 1.190000000000005720 ) ) ;
#1771 = CARTESIAN_POINT ( 'NONE',  ( -6.325000000000000178, 9.900000000000000355, -1.584999999999999964 ) ) ;
#1772 = DIRECTION ( 'NONE',  ( -1.000000000000000000, 0.000000000000000000, 4.494102269369968727E-16 ) ) ;
#1773 = FACE_OUTER_BOUND ( 'NONE', #4115, .T. ) ;
#1774 = VERTEX_POINT ( 'NONE', #1770 ) ;
#1775 = ORIENTED_EDGE ( 'NONE', *, *, #1494, .T. ) ;
#1776 = EDGE_CURVE ( 'NONE', #4593, #284, #5552, .T. ) ;
#1777 = ORIENTED_EDGE ( 'NONE', *, *, #672, .T. ) ;
#1778 = CARTESIAN_POINT ( 'NONE',  ( -2.680000000000001048, 1.349999999999999645, 0.6349999999999990097 ) ) ;
#1779 = LINE ( 'NONE', #5529, #5841 ) ;
#1780 = DIRECTION ( 'NONE',  ( 0.000000000000000000, 3.388131789017201849E-16, -1.000000000000000000 ) ) ;
#1781 = CARTESIAN_POINT ( 'NONE',  ( -6.325000000000001066, -3.252606517456513302E-16, 1.585000000000006848 ) ) ;
#1782 = LINE ( 'NONE', #2801, #5876 ) ;
#1783 = DIRECTION ( 'NONE',  ( -0.000000000000000000, -1.000000000000000000, -2.017120320903263949E-16 ) ) ;
#1784 = EDGE_CURVE ( 'NONE', #1856, #1151, #1468, .T. ) ;
#1785 = CARTESIAN_POINT ( 'NONE',  ( 1.269999999999999130, 9.900000000000000355, 0.9349999999999945022 ) ) ;
#1786 = VERTEX_POINT ( 'NONE', #5415 ) ;
#1787 = VERTEX_POINT ( 'NONE', #2175 ) ;
#1788 = EDGE_CURVE ( 'NONE', #2667, #1694, #3471, .T. ) ;
#1789 = ORIENTED_EDGE ( 'NONE', *, *, #2001, .T. ) ;
#1790 = AXIS2_PLACEMENT_3D ( 'NONE', #2324, #177, #3739 ) ;
#1791 = VECTOR ( 'NONE', #3323, 1000.000000000000000 ) ;
#1792 = CARTESIAN_POINT ( 'NONE',  ( -6.325000000000001066, 0.6699999999999997069, 1.585000000000006626 ) ) ;
#1793 = LINE ( 'NONE', #568, #5728 ) ;
#1794 = DIRECTION ( 'NONE',  ( -0.000000000000000000, 0.000000000000000000, 1.000000000000000000 ) ) ;
#1795 = CARTESIAN_POINT ( 'NONE',  ( -0.3200000000000008948, 1.349999999999999423, 2.024999999999999023 ) ) ;
#1796 = CARTESIAN_POINT ( 'NONE',  ( -6.325000000000001954, -3.252606517456513302E-16, -0.9549999999999938538 ) ) ;
#1797 = ORIENTED_EDGE ( 'NONE', *, *, #5074, .F. ) ;
#1798 = PRESENTATION_LAYER_ASSIGNMENT (  '', '', ( #5860 ) ) ;
#1799 = DIRECTION ( 'NONE',  ( -0.3015113445777613532, -0.9045340337332925529, 0.3015113445777610757 ) ) ;
#1800 = ORIENTED_EDGE ( 'NONE', *, *, #429, .T. ) ;
#1801 = EDGE_CURVE ( 'NONE', #863, #3966, #3441, .T. ) ;
#1802 = AXIS2_PLACEMENT_3D ( 'NONE', #410, #1569, #3674 ) ;
#1803 = ORIENTED_EDGE ( 'NONE', *, *, #5304, .T. ) ;
#1804 = VECTOR ( 'NONE', #4540, 1000.000000000000000 ) ;
#1805 = LINE ( 'NONE', #4518, #5757 ) ;
#1806 = CARTESIAN_POINT ( 'NONE',  ( -2.680000000000001048, -1.081363123647113125E-15, -1.584999999999999964 ) ) ;
#1807 = ORIENTED_EDGE ( 'NONE', *, *, #2895, .T. ) ;
#1808 =( NAMED_UNIT ( * ) PLANE_ANGLE_UNIT ( ) SI_UNIT ( $, .RADIAN. ) );
#1809 = CARTESIAN_POINT ( 'NONE',  ( 4.924999999999999822, 8.499999999999992895, 1.044999999999999263 ) ) ;
#1810 = CARTESIAN_POINT ( 'NONE',  ( -6.325000000000001066, 0.6699999999999998179, 1.190000000000006608 ) ) ;
#1811 = CARTESIAN_POINT ( 'NONE',  ( 6.025000000000000355, -1.449999999999999956, 1.353848308647702893E-15 ) ) ;
#1812 = ORIENTED_EDGE ( 'NONE', *, *, #1718, .T. ) ;
#1813 = LINE ( 'NONE', #2740, #1929 ) ;
#1814 = EDGE_CURVE ( 'NONE', #1102, #2770, #5513, .T. ) ;
#1815 = LINE ( 'NONE', #5393, #3783 ) ;
#1816 = ADVANCED_FACE ( 'NONE', ( #5418 ), #3228, .F. ) ;
#1817 = EDGE_LOOP ( 'NONE', ( #640, #2127, #1845, #4208 ) ) ;
#1818 = EDGE_LOOP ( 'NONE', ( #1912, #3324, #1427, #1198 ) ) ;
#1819 = ORIENTED_EDGE ( 'NONE', *, *, #2895, .F. ) ;
#1820 = PLANE ( 'NONE',  #2907 ) ;
#1821 = DIRECTION ( 'NONE',  ( 1.000000000000000000, 0.000000000000000000, -0.000000000000000000 ) ) ;
#1822 = DIRECTION ( 'NONE',  ( 1.000000000000000000, -0.000000000000000000, -4.494102269369968727E-16 ) ) ;
#1823 = CARTESIAN_POINT ( 'NONE',  ( -5.364999999999993108, 1.849999999999999201, 2.274999999999999467 ) ) ;
#1824 = DIRECTION ( 'NONE',  ( 0.000000000000000000, -1.000000000000000000, 0.000000000000000000 ) ) ;
#1825 = EDGE_CURVE ( 'NONE', #989, #3688, #1460, .T. ) ;
#1826 = CARTESIAN_POINT ( 'NONE',  ( -5.389999999999999680, -1.320169249480846743E-15, 1.585000000000006182 ) ) ;
#1827 = ORIENTED_EDGE ( 'NONE', *, *, #2537, .F. ) ;
#1828 = VERTEX_POINT ( 'NONE', #1424 ) ;
#1829 = LINE ( 'NONE', #3732, #1898 ) ;
#1830 = CARTESIAN_POINT ( 'NONE',  ( -0.3200000000000008393, 1.269999999999999796, -0.5599999999999963896 ) ) ;
#1831 = LINE ( 'NONE', #3572, #5807 ) ;
#1832 = AXIS2_PLACEMENT_3D ( 'NONE', #2333, #4692, #23 ) ;
#1833 = DIRECTION ( 'NONE',  ( -0.3015113445777614087, 0.9045340337332923308, 0.3015113445777614087 ) ) ;
#1834 = DIRECTION ( 'NONE',  ( 0.000000000000000000, -1.000000000000000000, 0.000000000000000000 ) ) ;
#1835 = EDGE_CURVE ( 'NONE', #772, #1147, #5440, .T. ) ;
#1836 = PLANE ( 'NONE',  #2879 ) ;
#1837 = ORIENTED_EDGE ( 'NONE', *, *, #1879, .F. ) ;
#1838 = ORIENTED_EDGE ( 'NONE', *, *, #1075, .T. ) ;
#1839 = DIRECTION ( 'NONE',  ( 0.000000000000000000, 0.000000000000000000, -1.000000000000000000 ) ) ;
#1840 = CARTESIAN_POINT ( 'NONE',  ( -6.325000000000000178, 9.900000000000000355, -1.584999999999999964 ) ) ;
#1841 = VERTEX_POINT ( 'NONE', #2257 ) ;
#1842 = FACE_OUTER_BOUND ( 'NONE', #4678, .T. ) ;
#1843 = ORIENTED_EDGE ( 'NONE', *, *, #1801, .F. ) ;
#1844 = CARTESIAN_POINT ( 'NONE',  ( 0.000000000000000000, 0.000000000000000000, 0.000000000000000000 ) ) ;
#1845 = ORIENTED_EDGE ( 'NONE', *, *, #1491, .F. ) ;
#1846 = DIRECTION ( 'NONE',  ( 0.000000000000000000, -0.000000000000000000, 1.000000000000000000 ) ) ;
#1847 = FILL_AREA_STYLE_COLOUR ( '', #5544 ) ;
#1848 = DIRECTION ( 'NONE',  ( -0.000000000000000000, 1.000000000000000000, 1.801998070613027504E-16 ) ) ;
#1849 = PLANE ( 'NONE',  #1611 ) ;
#1850 = ORIENTED_EDGE ( 'NONE', *, *, #2980, .T. ) ;
#1851 = VECTOR ( 'NONE', #1322, 1000.000000000000000 ) ;
#1852 = ADVANCED_FACE ( 'NONE', ( #1523 ), #775, .F. ) ;
#1853 = LINE ( 'NONE', #1953, #3957 ) ;
#1854 = EDGE_CURVE ( 'NONE', #5069, #3841, #5473, .T. ) ;
#1855 = UNCERTAINTY_MEASURE_WITH_UNIT (LENGTH_MEASURE( 1.000000000000000082E-05 ), #4628, 'distance_accuracy_value', 'NONE');
#1856 = VERTEX_POINT ( 'NONE', #2300 ) ;
#1857 = ORIENTED_EDGE ( 'NONE', *, *, #3711, .F. ) ;
#1858 = EDGE_CURVE ( 'NONE', #3089, #3415, #1488, .T. ) ;
#1859 = ORIENTED_EDGE ( 'NONE', *, *, #753, .F. ) ;
#1860 = DIRECTION ( 'NONE',  ( 0.000000000000000000, -0.000000000000000000, 1.000000000000000000 ) ) ;
#1861 = CARTESIAN_POINT ( 'NONE',  ( -4.939999999999999503, 0.6699999999999997069, 1.585000000000006626 ) ) ;
#1862 = LINE ( 'NONE', #4896, #3809 ) ;
#1863 = CARTESIAN_POINT ( 'NONE',  ( 3.319999999999998952, -7.265096679918780609, 0.6349999999999974554 ) ) ;
#1864 = DIRECTION ( 'NONE',  ( 1.000000000000000000, -0.000000000000000000, -4.494102269369968727E-16 ) ) ;
#1865 = DIRECTION ( 'NONE',  ( 0.000000000000000000, 1.000000000000000000, 1.618212197739558882E-16 ) ) ;
#1866 = VECTOR ( 'NONE', #2714, 1000.000000000000000 ) ;
#1867 = EDGE_CURVE ( 'NONE', #4296, #772, #1570, .T. ) ;
#1868 = ADVANCED_FACE ( 'NONE', ( #5402 ), #5641, .T. ) ;
#1869 = DIRECTION ( 'NONE',  ( -0.000000000000000000, -0.000000000000000000, 1.000000000000000000 ) ) ;
#1870 = EDGE_CURVE ( 'NONE', #4218, #4828, #1513, .T. ) ;
#1871 = ORIENTED_EDGE ( 'NONE', *, *, #1660, .T. ) ;
#1872 = ORIENTED_EDGE ( 'NONE', *, *, #2460, .T. ) ;
#1873 = ORIENTED_EDGE ( 'NONE', *, *, #976, .F. ) ;
#1874 = LINE ( 'NONE', #2964, #1885 ) ;
#1875 = FILL_AREA_STYLE_COLOUR ( '', #3148 ) ;
#1876 = AXIS2_PLACEMENT_3D ( 'NONE', #5254, #2574, #1305 ) ;
#1877 = VECTOR ( 'NONE', #2639, 1000.000000000000000 ) ;
#1878 = DIRECTION ( 'NONE',  ( -1.000000000000000000, -0.000000000000000000, -0.000000000000000000 ) ) ;
#1879 = EDGE_CURVE ( 'NONE', #1151, #510, #3531, .T. ) ;
#1880 = CARTESIAN_POINT ( 'NONE',  ( -5.389999999999999680, 0.6699999999999998179, -0.5599999999999937250 ) ) ;
#1881 = VERTEX_POINT ( 'NONE', #151 ) ;
#1882 = ORIENTED_EDGE ( 'NONE', *, *, #1505, .T. ) ;
#1883 = CARTESIAN_POINT ( 'NONE',  ( 5.389999999999998792, 1.269999999999999796, 1.190000000000006386 ) ) ;
#1884 = ORIENTED_EDGE ( 'NONE', *, *, #3465, .T. ) ;
#1885 = VECTOR ( 'NONE', #4656, 1000.000000000000000 ) ;
#1886 = LINE ( 'NONE', #3607, #3970 ) ;
#1887 = AXIS2_PLACEMENT_3D ( 'NONE', #2362, #5630, #178 ) ;
#1888 = ORIENTED_EDGE ( 'NONE', *, *, #1306, .F. ) ;
#1889 = DIRECTION ( 'NONE',  ( 0.000000000000000000, 1.000000000000000000, -3.236424395479117765E-16 ) ) ;
#1890 = CARTESIAN_POINT ( 'NONE',  ( -4.939999999999999503, -1.081363123647113125E-15, -1.584999999999999964 ) ) ;
#1891 = ORIENTED_EDGE ( 'NONE', *, *, #2527, .F. ) ;
#1892 = DIRECTION ( 'NONE',  ( 0.000000000000000000, -1.000000000000000000, 0.000000000000000000 ) ) ;
#1893 = ORIENTED_EDGE ( 'NONE', *, *, #388, .T. ) ;
#1894 = LINE ( 'NONE', #3178, #5795 ) ;
#1895 = EDGE_LOOP ( 'NONE', ( #5347, #1149, #2042, #5117 ) ) ;
#1896 = ORIENTED_EDGE ( 'NONE', *, *, #31, .T. ) ;
#1897 = DIRECTION ( 'NONE',  ( 0.000000000000000000, 2.744815626545581052E-16, -1.000000000000000000 ) ) ;
#1898 = VECTOR ( 'NONE', #1589, 1000.000000000000114 ) ;
#1899 = CARTESIAN_POINT ( 'NONE',  ( -2.680000000000001048, 3.300000000000000711, 0.6349999999999992317 ) ) ;
#1900 = ADVANCED_FACE ( 'NONE', ( #3536 ), #2974, .F. ) ;
#1901 = CARTESIAN_POINT ( 'NONE',  ( 0.000000000000000000, -1.449999999999999956, 0.000000000000000000 ) ) ;
#1902 = LINE ( 'NONE', #4809, #1866 ) ;
#1903 = CARTESIAN_POINT ( 'NONE',  ( 5.389999999999999680, 1.699999999999999956, -1.584999999999999964 ) ) ;
#1904 = ORIENTED_EDGE ( 'NONE', *, *, #5344, .F. ) ;
#1905 = EDGE_LOOP ( 'NONE', ( #5798, #1580, #5446, #4267 ) ) ;
#1906 = VECTOR ( 'NONE', #3746, 1000.000000000000000 ) ;
#1907 = DIRECTION ( 'NONE',  ( -0.000000000000000000, 0.000000000000000000, 1.000000000000000000 ) ) ;
#1908 = LINE ( 'NONE', #5384, #5859 ) ;
#1909 = CARTESIAN_POINT ( 'NONE',  ( -0.3200000000000008393, 3.300000000000000711, -0.005000000000000663636 ) ) ;
#1910 = ADVANCED_FACE ( 'NONE', ( #1519 ), #3298, .F. ) ;
#1911 = DIRECTION ( 'NONE',  ( -0.000000000000000000, -1.000000000000000000, -2.017120320903263949E-16 ) ) ;
#1912 = ORIENTED_EDGE ( 'NONE', *, *, #1854, .T. ) ;
#1913 = ORIENTED_EDGE ( 'NONE', *, *, #1571, .F. ) ;
#1914 = CARTESIAN_POINT ( 'NONE',  ( 3.261818181818181728, -2.754545454545446415, 0.05318181818181551279 ) ) ;
#1915 = CARTESIAN_POINT ( 'NONE',  ( 0.000000000000000000, -3.180000000000000160, 0.000000000000000000 ) ) ;
#1916 = ORIENTED_EDGE ( 'NONE', *, *, #2247, .T. ) ;
#1917 = VECTOR ( 'NONE', #4455, 1000.000000000000000 ) ;
#1918 = LINE ( 'NONE', #4428, #5774 ) ;
#1919 = AXIS2_PLACEMENT_3D ( 'NONE', #3719, #1037, #2934 ) ;
#1920 = CARTESIAN_POINT ( 'NONE',  ( 0.000000000000000000, 0.000000000000000000, 0.000000000000000000 ) ) ;
#1921 = ORIENTED_EDGE ( 'NONE', *, *, #1324, .T. ) ;
#1922 = PRODUCT_CONTEXT ( 'NONE', #5711, 'mechanical' ) ;
#1923 = VERTEX_POINT ( 'NONE', #76 ) ;
#1924 = CARTESIAN_POINT ( 'NONE',  ( 0.1199999999999985800, -3.180000000000000160, 0.1949999999999985911 ) ) ;
#1925 = CARTESIAN_POINT ( 'NONE',  ( -6.325000000000001066, 1.269999999999999796, 1.190000000000006386 ) ) ;
#1926 = DIRECTION ( 'NONE',  ( 0.000000000000000000, 0.000000000000000000, 1.000000000000000000 ) ) ;
#1927 = ORIENTED_EDGE ( 'NONE', *, *, #5409, .F. ) ;
#1928 = EDGE_CURVE ( 'NONE', #4748, #1010, #3408, .T. ) ;
#1929 = VECTOR ( 'NONE', #3563, 1000.000000000000000 ) ;
#1930 = EDGE_LOOP ( 'NONE', ( #5213, #1837, #3234, #1394 ) ) ;
#1931 = EDGE_CURVE ( 'NONE', #4153, #4941, #3520, .T. ) ;
#1932 = ORIENTED_EDGE ( 'NONE', *, *, #4594, .F. ) ;
#1933 = ORIENTED_EDGE ( 'NONE', *, *, #4542, .F. ) ;
#1934 = ORIENTED_EDGE ( 'NONE', *, *, #1367, .F. ) ;
#1935 = EDGE_CURVE ( 'NONE', #2444, #3089, #1539, .T. ) ;
#1936 = ORIENTED_EDGE ( 'NONE', *, *, #636, .T. ) ;
#1937 = CARTESIAN_POINT ( 'NONE',  ( 1.269999999999999130, 9.900000000000000355, -0.9550000000000007372 ) ) ;
#1938 = DIRECTION ( 'NONE',  ( 1.000000000000000000, 0.000000000000000000, 0.000000000000000000 ) ) ;
#1939 = VECTOR ( 'NONE', #3920, 1000.000000000000000 ) ;
#1940 = CARTESIAN_POINT ( 'NONE',  ( -5.389999999999999680, 1.269999999999999796, 1.190000000000006386 ) ) ;
#1941 = CARTESIAN_POINT ( 'NONE',  ( 0.000000000000000000, 1.349999999999999867, 4.573977915173221831E-16 ) ) ;
#1942 = CARTESIAN_POINT ( 'NONE',  ( -3.320000000000000728, 1.269999999999999796, -0.5599999999999949463 ) ) ;
#1943 = EDGE_LOOP ( 'NONE', ( #4287, #3964, #1277, #3013 ) ) ;
#1944 = ORIENTED_EDGE ( 'NONE', *, *, #1928, .F. ) ;
#1945 = ORIENTED_EDGE ( 'NONE', *, *, #2819, .F. ) ;
#1946 = VECTOR ( 'NONE', #1799, 1000.000000000000000 ) ;
#1947 = EDGE_CURVE ( 'NONE', #4304, #70, #5504, .T. ) ;
#1948 = ADVANCED_FACE ( 'NONE', ( #3394 ), #2458, .F. ) ;
#1949 = CARTESIAN_POINT ( 'NONE',  ( -6.325000000000001066, 1.269999999999999796, 1.190000000000006386 ) ) ;
#1950 = VECTOR ( 'NONE', #1510, 1000.000000000000000 ) ;
#1951 = CARTESIAN_POINT ( 'NONE',  ( -1.300000000000000044, 8.149999999999998579, -2.785000000000001030 ) ) ;
#1952 = DIRECTION ( 'NONE',  ( 7.272411110183510209E-32, 1.000000000000000000, -3.236424395479117765E-16 ) ) ;
#1953 = CARTESIAN_POINT ( 'NONE',  ( -2.680000000000001048, 1.269999999999999796, 1.190000000000006386 ) ) ;
#1954 = ORIENTED_EDGE ( 'NONE', *, *, #5598, .F. ) ;
#1955 = ORIENTED_EDGE ( 'NONE', *, *, #4517, .T. ) ;
#1956 = CARTESIAN_POINT ( 'NONE',  ( -6.325000000000001066, 0.6699999999999998179, 1.190000000000006608 ) ) ;
#1957 = ORIENTED_EDGE ( 'NONE', *, *, #3362, .T. ) ;
#1958 = LINE ( 'NONE', #4813, #82 ) ;
#1959 = FACE_OUTER_BOUND ( 'NONE', #1013, .T. ) ;
#1960 = ADVANCED_FACE ( 'NONE', ( #3502 ), #986, .F. ) ;
#1961 = ORIENTED_EDGE ( 'NONE', *, *, #3842, .T. ) ;
#1962 = CARTESIAN_POINT ( 'NONE',  ( -6.324999999999998401, 1.850000000000000089, 2.785000000000001474 ) ) ;
#1963 = DIRECTION ( 'NONE',  ( 0.000000000000000000, -0.000000000000000000, 1.000000000000000000 ) ) ;
#1964 = DIRECTION ( 'NONE',  ( -0.000000000000000000, 1.000000000000000000, -0.000000000000000000 ) ) ;
#1965 = ORIENTED_EDGE ( 'NONE', *, *, #1854, .F. ) ;
#1966 = VECTOR ( 'NONE', #660, 1000.000000000000000 ) ;
#1967 = CARTESIAN_POINT ( 'NONE',  ( -3.320000000000000728, -2.579999999999992966, -0.005000000000001723552 ) ) ;
#1968 = LINE ( 'NONE', #2449, #3981 ) ;
#1969 = EDGE_CURVE ( 'NONE', #1923, #3867, #5522, .T. ) ;
#1970 = ORIENTED_EDGE ( 'NONE', *, *, #4149, .T. ) ;
#1971 = VERTEX_POINT ( 'NONE', #5538 ) ;
#1972 = ORIENTED_EDGE ( 'NONE', *, *, #4923, .T. ) ;
#1973 = CARTESIAN_POINT ( 'NONE',  ( -0.3200000000000008393, 1.269999999999999796, -0.5599999999999963896 ) ) ;
#1974 = ORIENTED_EDGE ( 'NONE', *, *, #5284, .F. ) ;
#1975 = CARTESIAN_POINT ( 'NONE',  ( 2.879999999999999893, -3.180000000000000160, 0.1949999999999985911 ) ) ;
#1976 = LINE ( 'NONE', #842, #2203 ) ;
#1977 = PLANE ( 'NONE',  #5903 ) ;
#1978 = LINE ( 'NONE', #5142, #3862 ) ;
#1979 = CARTESIAN_POINT ( 'NONE',  ( -3.320000000000000728, 0.6699999999999998179, -0.5599999999999943912 ) ) ;
#1980 = LINE ( 'NONE', #4027, #2020 ) ;
#1981 = CARTESIAN_POINT ( 'NONE',  ( -5.674999999999999822, 0.000000000000000000, 1.884999999999999787 ) ) ;
#1982 = ORIENTED_EDGE ( 'NONE', *, *, #1522, .T. ) ;
#1983 = EDGE_LOOP ( 'NONE', ( #2037, #2573, #2761, #2129, #4869, #2662, #932, #2825, #2118, #734, #3273, #818 ) ) ;
#1984 = MANIFOLD_SOLID_BREP ( '3 ', #2666 ) ;
#1985 = ORIENTED_EDGE ( 'NONE', *, *, #3398, .F. ) ;
#1986 = ORIENTED_EDGE ( 'NONE', *, *, #537, .F. ) ;
#1987 = FACE_OUTER_BOUND ( 'NONE', #2119, .T. ) ;
#1988 = PLANE ( 'NONE',  #2814 ) ;
#1989 = LINE ( 'NONE', #5740, #1877 ) ;
#1990 = EDGE_CURVE ( 'NONE', #1183, #3759, #1697, .T. ) ;
#1991 = CARTESIAN_POINT ( 'NONE',  ( -1.250000000000001110, 8.300000000000000711, 2.774999999999999467 ) ) ;
#1992 = ORIENTED_EDGE ( 'NONE', *, *, #4273, .F. ) ;
#1993 = ORIENTED_EDGE ( 'NONE', *, *, #3036, .T. ) ;
#1994 = CARTESIAN_POINT ( 'NONE',  ( 1.269999999999999130, 3.300000000000000711, -0.9550000000000007372 ) ) ;
#1995 = CARTESIAN_POINT ( 'NONE',  ( 3.319999999999998952, -2.579999999999992966, 0.6349999999999983435 ) ) ;
#1996 = ORIENTED_EDGE ( 'NONE', *, *, #686, .T. ) ;
#1997 = ORIENTED_EDGE ( 'NONE', *, *, #386, .F. ) ;
#1998 = VECTOR ( 'NONE', #1240, 1000.000000000000000 ) ;
#1999 = ADVANCED_FACE ( 'NONE', ( #3663 ), #1079, .F. ) ;
#2000 = VECTOR ( 'NONE', #3932, 1000.000000000000000 ) ;
#2001 = EDGE_CURVE ( 'NONE', #1786, #3188, #5616, .T. ) ;
#2002 = EDGE_CURVE ( 'NONE', #6, #1841, #3752, .T. ) ;
#2003 = ORIENTED_EDGE ( 'NONE', *, *, #98, .F. ) ;
#2004 = ORIENTED_EDGE ( 'NONE', *, *, #4383, .F. ) ;
#2005 = DIRECTION ( 'NONE',  ( 0.000000000000000000, 1.000000000000000000, 0.000000000000000000 ) ) ;
#2006 = ORIENTED_EDGE ( 'NONE', *, *, #1470, .F. ) ;
#2007 = CARTESIAN_POINT ( 'NONE',  ( -0.3200000000000008948, 0.000000000000000000, 2.024999999999999023 ) ) ;
#2008 = PLANE ( 'NONE',  #4739 ) ;
#2009 = ORIENTED_EDGE ( 'NONE', *, *, #2442, .T. ) ;
#2010 = EDGE_CURVE ( 'NONE', #5820, #256, #3631, .T. ) ;
#2011 = AXIS2_PLACEMENT_3D ( 'NONE', #1017, #5520, #12 ) ;
#2012 = CARTESIAN_POINT ( 'NONE',  ( -4.270000000000001350, 3.300000000000000711, 0.9350000000000017186 ) ) ;
#2013 = ADVANCED_FACE ( 'NONE', ( #5629 ), #3900, .F. ) ;
#2014 = EDGE_CURVE ( 'NONE', #1101, #3190, #3761, .T. ) ;
#2015 = ORIENTED_EDGE ( 'NONE', *, *, #1667, .F. ) ;
#2016 = ORIENTED_EDGE ( 'NONE', *, *, #5291, .T. ) ;
#2017 = DIRECTION ( 'NONE',  ( 0.000000000000000000, -1.000000000000000000, 0.000000000000000000 ) ) ;
#2018 = DIRECTION ( 'NONE',  ( 0.000000000000000000, 1.000000000000000000, 0.000000000000000000 ) ) ;
#2019 = DIRECTION ( 'NONE',  ( -0.3015113445777614087, 0.9045340337332923308, -0.3015113445777614087 ) ) ;
#2020 = VECTOR ( 'NONE', #3230, 1000.000000000000000 ) ;
#2021 = CARTESIAN_POINT ( 'NONE',  ( -0.3200000000000008393, 3.300000000000000711, -0.005000000000000663636 ) ) ;
#2022 = EDGE_CURVE ( 'NONE', #424, #5090, #1631, .T. ) ;
#2023 = ORIENTED_EDGE ( 'NONE', *, *, #1447, .T. ) ;
#2024 = ORIENTED_EDGE ( 'NONE', *, *, #167, .F. ) ;
#2025 = ORIENTED_EDGE ( 'NONE', *, *, #3351, .T. ) ;
#2026 = LINE ( 'NONE', #2146, #2145 ) ;
#2027 = DIRECTION ( 'NONE',  ( 1.233548213626064722E-31, 1.000000000000000000, 2.744815626545581052E-16 ) ) ;
#2028 = VECTOR ( 'NONE', #4953, 1000.000000000000000 ) ;
#2029 =( NAMED_UNIT ( * ) PLANE_ANGLE_UNIT ( ) SI_UNIT ( $, .RADIAN. ) );
#2030 = PLANE ( 'NONE',  #857 ) ;
#2031 = DIRECTION ( 'NONE',  ( -0.000000000000000000, -1.000000000000000000, -0.000000000000000000 ) ) ;
#2032 = DIRECTION ( 'NONE',  ( 0.000000000000000000, -2.744815626545581052E-16, -1.000000000000000000 ) ) ;
#2033 = EDGE_LOOP ( 'NONE', ( #4007, #3492, #1245, #1932 ) ) ;
#2034 = ORIENTED_EDGE ( 'NONE', *, *, #1738, .F. ) ;
#2035 = CARTESIAN_POINT ( 'NONE',  ( -3.320000000000000728, 1.350000000000000089, -1.585000000000000409 ) ) ;
#2036 = DIRECTION ( 'NONE',  ( 0.7071067811865454633, -0.7071067811865495711, 0.000000000000000000 ) ) ;
#2037 = ORIENTED_EDGE ( 'NONE', *, *, #1372, .T. ) ;
#2038 = EDGE_CURVE ( 'NONE', #4397, #4503, #3642, .T. ) ;
#2039 = LINE ( 'NONE', #3176, #1998 ) ;
#2040 = LINE ( 'NONE', #1302, #2267 ) ;
#2041 = CARTESIAN_POINT ( 'NONE',  ( -0.3200000000000008948, 1.349999999999999423, 2.024999999999999023 ) ) ;
#2042 = ORIENTED_EDGE ( 'NONE', *, *, #5646, .T. ) ;
#2043 = VERTEX_POINT ( 'NONE', #3015 ) ;
#2044 = PLANE ( 'NONE',  #5072 ) ;
#2045 = ORIENTED_EDGE ( 'NONE', *, *, #1178, .F. ) ;
#2046 = DIRECTION ( 'NONE',  ( -0.000000000000000000, -1.000000000000000000, -0.000000000000000000 ) ) ;
#2047 = EDGE_LOOP ( 'NONE', ( #4917, #2960, #4445, #2622, #5546, #2653, #746, #5121, #3953, #4011, #3669, #4606 ) ) ;
#2048 = FACE_OUTER_BOUND ( 'NONE', #601, .T. ) ;
#2049 = EDGE_CURVE ( 'NONE', #5452, #3330, #1648, .T. ) ;
#2050 = ADVANCED_FACE ( 'NONE', ( #5596 ), #3199, .F. ) ;
#2051 = CARTESIAN_POINT ( 'NONE',  ( 3.000000000000000000, 7.500000000000001776, 0.1949999999999998679 ) ) ;
#2052 = LINE ( 'NONE', #3873, #2060 ) ;
#2053 = FACE_OUTER_BOUND ( 'NONE', #1905, .T. ) ;
#2054 = ORIENTED_EDGE ( 'NONE', *, *, #4555, .F. ) ;
#2055 = ORIENTED_EDGE ( 'NONE', *, *, #3447, .F. ) ;
#2056 = PLANE ( 'NONE',  #3167 ) ;
#2057 = ORIENTED_EDGE ( 'NONE', *, *, #719, .T. ) ;
#2058 = LINE ( 'NONE', #1763, #4033 ) ;
#2059 = PLANE ( 'NONE',  #5790 ) ;
#2060 = VECTOR ( 'NONE', #314, 1000.000000000000000 ) ;
#2061 = ADVANCED_FACE ( 'NONE', ( #5668 ), #2044, .F. ) ;
#2062 = FACE_OUTER_BOUND ( 'NONE', #2413, .T. ) ;
#2063 = CARTESIAN_POINT ( 'NONE',  ( -2.250000000000001332, 8.300000000000000711, 2.274999999999999467 ) ) ;
#2064 = ORIENTED_EDGE ( 'NONE', *, *, #2619, .F. ) ;
#2065 = ORIENTED_EDGE ( 'NONE', *, *, #2014, .F. ) ;
#2066 = EDGE_LOOP ( 'NONE', ( #3712, #5734, #3489, #5339 ) ) ;
#2067 = EDGE_CURVE ( 'NONE', #1740, #47, #3652, .T. ) ;
#2068 = VECTOR ( 'NONE', #2366, 1000.000000000000000 ) ;
#2069 = CARTESIAN_POINT ( 'NONE',  ( -4.939999999999999503, 1.699999999999998623, -1.584999999999999964 ) ) ;
#2070 = LINE ( 'NONE', #4231, #2235 ) ;
#2071 = CARTESIAN_POINT ( 'NONE',  ( -4.925000000000000711, 9.900000000000000355, -0.9550000000000007372 ) ) ;
#2072 = LINE ( 'NONE', #5434, #4194 ) ;
#2073 = EDGE_CURVE ( 'NONE', #2272, #4263, #3589, .T. ) ;
#2074 = CARTESIAN_POINT ( 'NONE',  ( -6.325000000000000178, 8.499999999999992895, -0.9550000000000007372 ) ) ;
#2075 = UNCERTAINTY_MEASURE_WITH_UNIT (LENGTH_MEASURE( 1.000000000000000082E-05 ), #850, 'distance_accuracy_value', 'NONE');
#2076 = VERTEX_POINT ( 'NONE', #4351 ) ;
#2077 = CARTESIAN_POINT ( 'NONE',  ( -4.270000000000001350, 3.300000000000000711, -0.9550000000000004041 ) ) ;
#2078 = VERTEX_POINT ( 'NONE', #2649 ) ;
#2079 = EDGE_CURVE ( 'NONE', #3951, #3549, #5648, .T. ) ;
#2080 = ORIENTED_EDGE ( 'NONE', *, *, #43, .F. ) ;
#2081 = FACE_OUTER_BOUND ( 'NONE', #2768, .T. ) ;
#2082 = AXIS2_PLACEMENT_3D ( 'NONE', #3409, #1117, #4303 ) ;
#2083 = FACE_OUTER_BOUND ( 'NONE', #5091, .T. ) ;
#2084 = VECTOR ( 'NONE', #4939, 1000.000000000000000 ) ;
#2085 = DIRECTION ( 'NONE',  ( 0.000000000000000000, -3.388131789017201849E-16, 1.000000000000000000 ) ) ;
#2086 = ORIENTED_EDGE ( 'NONE', *, *, #3293, .F. ) ;
#2087 = AXIS2_PLACEMENT_3D ( 'NONE', #937, #505, #4995 ) ;
#2088 = DIRECTION ( 'NONE',  ( 0.000000000000000000, 0.000000000000000000, -1.000000000000000000 ) ) ;
#2089 = ORIENTED_EDGE ( 'NONE', *, *, #158, .F. ) ;
#2090 = DIRECTION ( 'NONE',  ( 0.000000000000000000, -0.000000000000000000, 1.000000000000000000 ) ) ;
#2091 = AXIS2_PLACEMENT_3D ( 'NONE', #5852, #4952, #2677 ) ;
#2092 = CARTESIAN_POINT ( 'NONE',  ( -6.325000000000001066, 0.6699999999999997069, 1.585000000000006626 ) ) ;
#2093 = DIRECTION ( 'NONE',  ( 0.000000000000000000, -1.000000000000000000, -1.801998070613027504E-16 ) ) ;
#2094 = ORIENTED_EDGE ( 'NONE', *, *, #1928, .T. ) ;
#2095 = PRESENTATION_STYLE_ASSIGNMENT (( #4357 ) ) ;
#2096 = EDGE_CURVE ( 'NONE', #3206, #4590, #3675, .T. ) ;
#2097 = AXIS2_PLACEMENT_3D ( 'NONE', #4285, #4205, #5588 ) ;
#2098 = LINE ( 'NONE', #4630, #4056 ) ;
#2099 = VECTOR ( 'NONE', #875, 1000.000000000000000 ) ;
#2100 = VERTEX_POINT ( 'NONE', #2533 ) ;
#2101 = ORIENTED_EDGE ( 'NONE', *, *, #338, .F. ) ;
#2102 = DIRECTION ( 'NONE',  ( -3.969618938162030311E-16, 0.000000000000000000, -1.000000000000000000 ) ) ;
#2103 = ORIENTED_EDGE ( 'NONE', *, *, #3252, .F. ) ;
#2104 =( GEOMETRIC_REPRESENTATION_CONTEXT ( 3 ) GLOBAL_UNCERTAINTY_ASSIGNED_CONTEXT ( ( #3367 ) ) GLOBAL_UNIT_ASSIGNED_CONTEXT ( ( #5537, #1808, #5571 ) ) REPRESENTATION_CONTEXT ( 'NONE', 'WORKASPACE' ) );
#2105 = CARTESIAN_POINT ( 'NONE',  ( 0.000000000000000000, 9.900000000000000355, 0.000000000000000000 ) ) ;
#2106 = CARTESIAN_POINT ( 'NONE',  ( 1.300000000000000044, 8.149999999999998579, -2.785000000000001030 ) ) ;
#2107 = AXIS2_PLACEMENT_3D ( 'NONE', #5561, #1508, #3670 ) ;
#2108 = LINE ( 'NONE', #194, #4015 ) ;
#2109 = PLANE ( 'NONE',  #4553 ) ;
#2110 = ADVANCED_FACE ( 'NONE', ( #1773 ), #3443, .F. ) ;
#2111 = EDGE_CURVE ( 'NONE', #577, #5778, #3747, .T. ) ;
#2112 = PLANE ( 'NONE',  #767 ) ;
#2113 = VECTOR ( 'NONE', #1576, 1000.000000000000000 ) ;
#2114 = DIRECTION ( 'NONE',  ( 0.000000000000000000, -0.000000000000000000, 1.000000000000000000 ) ) ;
#2115 = LINE ( 'NONE', #60, #4211 ) ;
#2116 = DIRECTION ( 'NONE',  ( -1.000000000000000000, -0.000000000000000000, -0.000000000000000000 ) ) ;
#2117 = ORIENTED_EDGE ( 'NONE', *, *, #768, .T. ) ;
#2118 = ORIENTED_EDGE ( 'NONE', *, *, #4731, .T. ) ;
#2119 = EDGE_LOOP ( 'NONE', ( #4100, #5617, #3697, #575 ) ) ;
#2120 = VECTOR ( 'NONE', #3820, 1000.000000000000000 ) ;
#2121 = CARTESIAN_POINT ( 'NONE',  ( 5.674999999999999822, 0.000000000000000000, 1.884999999999999787 ) ) ;
#2122 = LINE ( 'NONE', #36, #291 ) ;
#2123 = DIRECTION ( 'NONE',  ( 2.247051134684983870E-16, 0.000000000000000000, 1.000000000000000000 ) ) ;
#2124 = FACE_OUTER_BOUND ( 'NONE', #1274, .T. ) ;
#2125 = DIRECTION ( 'NONE',  ( 0.000000000000000000, 0.000000000000000000, -1.000000000000000000 ) ) ;
#2126 = EDGE_CURVE ( 'NONE', #5169, #4286, #3700, .T. ) ;
#2127 = ORIENTED_EDGE ( 'NONE', *, *, #2741, .F. ) ;
#2128 = DIRECTION ( 'NONE',  ( -1.280553747030123322E-16, 0.000000000000000000, -1.000000000000000000 ) ) ;
#2129 = ORIENTED_EDGE ( 'NONE', *, *, #3594, .T. ) ;
#2130 = ORIENTED_EDGE ( 'NONE', *, *, #2735, .T. ) ;
#2131 = VECTOR ( 'NONE', #1006, 1000.000000000000000 ) ;
#2132 = VECTOR ( 'NONE', #5682, 1000.000000000000000 ) ;
#2133 = LINE ( 'NONE', #693, #192 ) ;
#2134 = DIRECTION ( 'NONE',  ( 0.000000000000000000, 0.000000000000000000, -1.000000000000000000 ) ) ;
#2135 = AXIS2_PLACEMENT_3D ( 'NONE', #4579, #66, #3630 ) ;
#2136 = DIRECTION ( 'NONE',  ( 1.000000000000000000, -0.000000000000000000, -0.000000000000000000 ) ) ;
#2137 = ORIENTED_EDGE ( 'NONE', *, *, #5517, .F. ) ;
#2138 = EDGE_CURVE ( 'NONE', #4406, #4752, #5560, .T. ) ;
#2139 = DIRECTION ( 'NONE',  ( -1.000000000000000000, 0.000000000000000000, 0.000000000000000000 ) ) ;
#2140 = CARTESIAN_POINT ( 'NONE',  ( -4.270000000000001350, 3.300000000000000711, 0.9350000000000017186 ) ) ;
#2141 = VERTEX_POINT ( 'NONE', #786 ) ;
#2142 = CARTESIAN_POINT ( 'NONE',  ( 1.300000000000000044, 9.350000000000001421, -1.585000000000000187 ) ) ;
#2143 = DIRECTION ( 'NONE',  ( -0.000000000000000000, 1.000000000000000000, -0.000000000000000000 ) ) ;
#2144 = CARTESIAN_POINT ( 'NONE',  ( -4.939999999999999503, -1.081363123647113125E-15, -1.584999999999999964 ) ) ;
#2145 = VECTOR ( 'NONE', #2977, 1000.000000000000000 ) ;
#2146 = CARTESIAN_POINT ( 'NONE',  ( 2.679999999999999272, -1.081363123647113125E-15, -1.584999999999999964 ) ) ;
#2147 = VECTOR ( 'NONE', #3481, 1000.000000000000000 ) ;
#2148 = LINE ( 'NONE', #102, #2268 ) ;
#2149 = ORIENTED_EDGE ( 'NONE', *, *, #3690, .T. ) ;
#2150 = ORIENTED_EDGE ( 'NONE', *, *, #3773, .F. ) ;
#2151 = DIRECTION ( 'NONE',  ( -0.000000000000000000, -0.000000000000000000, 1.000000000000000000 ) ) ;
#2152 = AXIS2_PLACEMENT_3D ( 'NONE', #3200, #522, #3615 ) ;
#2153 = DIRECTION ( 'NONE',  ( -1.000000000000000000, -0.000000000000000000, -0.000000000000000000 ) ) ;
#2154 = EDGE_LOOP ( 'NONE', ( #3864, #3634, #2323, #2568 ) ) ;
#2155 = CARTESIAN_POINT ( 'NONE',  ( -6.325000000000001066, -1.199999999999996181, 1.884999999999999787 ) ) ;
#2156 = DIRECTION ( 'NONE',  ( 1.000000000000000000, 0.000000000000000000, 0.000000000000000000 ) ) ;
#2157 = VECTOR ( 'NONE', #3158, 1000.000000000000000 ) ;
#2158 = LINE ( 'NONE', #5403, #2099 ) ;
#2159 = CARTESIAN_POINT ( 'NONE',  ( -0.3200000000000008393, 7.500000000000001776, -0.005000000000000663636 ) ) ;
#2160 = LINE ( 'NONE', #2648, #2173 ) ;
#2161 = EDGE_CURVE ( 'NONE', #4131, #4753, #5638, .T. ) ;
#2162 = EDGE_LOOP ( 'NONE', ( #5532, #3839, #5797, #3687 ) ) ;
#2163 = ORIENTED_EDGE ( 'NONE', *, *, #4908, .T. ) ;
#2164 = ORIENTED_EDGE ( 'NONE', *, *, #5851, .F. ) ;
#2165 = EDGE_CURVE ( 'NONE', #2043, #4926, #3605, .T. ) ;
#2166 = LINE ( 'NONE', #265, #61 ) ;
#2167 = ADVANCED_FACE ( 'NONE', ( #3684 ), #5548, .F. ) ;
#2168 = PLANE ( 'NONE',  #3785 ) ;
#2169 = FACE_OUTER_BOUND ( 'NONE', #2645, .T. ) ;
#2170 = CARTESIAN_POINT ( 'NONE',  ( 4.939999999999999503, 1.285879139104718760E-16, -0.9549999999999988498 ) ) ;
#2171 = DIRECTION ( 'NONE',  ( -0.000000000000000000, -0.000000000000000000, 1.000000000000000000 ) ) ;
#2172 = LINE ( 'NONE', #3373, #4119 ) ;
#2173 = VECTOR ( 'NONE', #5352, 1000.000000000000000 ) ;
#2174 = EDGE_CURVE ( 'NONE', #1774, #3412, #5577, .T. ) ;
#2175 = CARTESIAN_POINT ( 'NONE',  ( 3.119999999999998774, -3.180000000000000160, 0.4349999999999979994 ) ) ;
#2176 = CARTESIAN_POINT ( 'NONE',  ( 5.674999999999999822, -1.449999999999999956, 2.484999999999999876 ) ) ;
#2177 = ORIENTED_EDGE ( 'NONE', *, *, #4987, .T. ) ;
#2178 = CARTESIAN_POINT ( 'NONE',  ( 5.674999999999999822, -1.200000000000001510, 2.784999999999999698 ) ) ;
#2179 = EDGE_CURVE ( 'NONE', #1183, #1393, #1747, .T. ) ;
#2180 = ORIENTED_EDGE ( 'NONE', *, *, #4069, .T. ) ;
#2181 = VECTOR ( 'NONE', #5549, 1000.000000000000000 ) ;
#2182 = VECTOR ( 'NONE', #5427, 1000.000000000000000 ) ;
#2183 = PRODUCT_DEFINITION_FORMATION_WITH_SPECIFIED_SOURCE ( 'ANY', '', #3418, .NOT_KNOWN. ) ;
#2184 = VECTOR ( 'NONE', #5238, 1000.000000000000000 ) ;
#2185 = EDGE_CURVE ( 'NONE', #2912, #2567, #5708, .T. ) ;
#2186 = ORIENTED_EDGE ( 'NONE', *, *, #2212, .T. ) ;
#2187 = CARTESIAN_POINT ( 'NONE',  ( -3.120000000000000551, 7.500000000000001776, 0.000000000000000000 ) ) ;
#2188 = CARTESIAN_POINT ( 'NONE',  ( 0.3199999999999991740, 0.000000000000000000, 2.024999999999999023 ) ) ;
#2189 = ORIENTED_EDGE ( 'NONE', *, *, #317, .F. ) ;
#2190 = DIRECTION ( 'NONE',  ( 1.000000000000000000, -0.000000000000000000, -4.494102269369968727E-16 ) ) ;
#2191 = PLANE ( 'NONE',  #3527 ) ;
#2192 = CARTESIAN_POINT ( 'NONE',  ( -2.680000000000001048, -2.579999999999992966, -0.005000000000001723552 ) ) ;
#2193 = VECTOR ( 'NONE', #2036, 1000.000000000000000 ) ;
#2194 = ORIENTED_EDGE ( 'NONE', *, *, #4236, .T. ) ;
#2195 = CARTESIAN_POINT ( 'NONE',  ( -5.389999999999999680, 1.699999999999998623, -1.584999999999999964 ) ) ;
#2196 = LINE ( 'NONE', #2342, #236 ) ;
#2197 = LINE ( 'NONE', #1251, #121 ) ;
#2198 = AXIS2_PLACEMENT_3D ( 'NONE', #4534, #5881, #1412 ) ;
#2199 = ORIENTED_EDGE ( 'NONE', *, *, #3796, .F. ) ;
#2200 = VERTEX_POINT ( 'NONE', #3694 ) ;
#2201 = ORIENTED_EDGE ( 'NONE', *, *, #5060, .T. ) ;
#2202 = DIRECTION ( 'NONE',  ( -1.000000000000000000, 0.000000000000000000, 4.494102269369968727E-16 ) ) ;
#2203 = VECTOR ( 'NONE', #4370, 1000.000000000000000 ) ;
#2204 = PLANE ( 'NONE',  #4625 ) ;
#2205 = FILL_AREA_STYLE_COLOUR ( '', #5387 ) ;
#2206 = VECTOR ( 'NONE', #1864, 1000.000000000000000 ) ;
#2207 = LINE ( 'NONE', #1397, #238 ) ;
#2208 = ORIENTED_EDGE ( 'NONE', *, *, #2601, .F. ) ;
#2209 = EDGE_LOOP ( 'NONE', ( #602, #4761, #2310, #3952 ) ) ;
#2210 = ORIENTED_EDGE ( 'NONE', *, *, #292, .T. ) ;
#2211 = VECTOR ( 'NONE', #5256, 1000.000000000000000 ) ;
#2212 = EDGE_CURVE ( 'NONE', #3635, #997, #1654, .T. ) ;
#2213 = CARTESIAN_POINT ( 'NONE',  ( -6.324999999999998401, 1.850000000000000089, 2.785000000000001474 ) ) ;
#2214 = FACE_OUTER_BOUND ( 'NONE', #1658, .T. ) ;
#2215 = DIRECTION ( 'NONE',  ( -0.7071067811865454633, 0.7071067811865495711, 0.000000000000000000 ) ) ;
#2216 = CARTESIAN_POINT ( 'NONE',  ( 3.261818181818181728, -2.754545454545446415, 0.5768181818181810083 ) ) ;
#2217 = FACE_OUTER_BOUND ( 'NONE', #2805, .T. ) ;
#2218 = CARTESIAN_POINT ( 'NONE',  ( -4.925000000000000711, 9.900000000000000355, -0.9550000000000007372 ) ) ;
#2219 = DIRECTION ( 'NONE',  ( 1.000000000000000000, 0.000000000000000000, -4.494102269369968727E-16 ) ) ;
#2220 = VERTEX_POINT ( 'NONE', #2764 ) ;
#2221 = ORIENTED_EDGE ( 'NONE', *, *, #1549, .T. ) ;
#2222 = VECTOR ( 'NONE', #3745, 1000.000000000000000 ) ;
#2223 = ADVANCED_FACE ( 'NONE', ( #1662 ), #521, .F. ) ;
#2224 = FACE_OUTER_BOUND ( 'NONE', #164, .T. ) ;
#2225 = EDGE_CURVE ( 'NONE', #2770, #3137, #1623, .T. ) ;
#2226 = LINE ( 'NONE', #1446, #2237 ) ;
#2227 = ORIENTED_EDGE ( 'NONE', *, *, #5826, .F. ) ;
#2228 = CARTESIAN_POINT ( 'NONE',  ( -5.389999999999997904, 0.000000000000000000, 2.785000000000001030 ) ) ;
#2229 = CARTESIAN_POINT ( 'NONE',  ( 2.679999999999999272, 3.300000000000000711, 0.6349999999999992317 ) ) ;
#2230 = ORIENTED_EDGE ( 'NONE', *, *, #3346, .T. ) ;
#2231 = CARTESIAN_POINT ( 'NONE',  ( -4.939999999999999503, -1.081363123647113125E-15, -1.584999999999999964 ) ) ;
#2232 = CARTESIAN_POINT ( 'NONE',  ( -4.939999999999999503, -1.081363123647113125E-15, -1.584999999999999964 ) ) ;
#2233 = LINE ( 'NONE', #2753, #417 ) ;
#2234 = CARTESIAN_POINT ( 'NONE',  ( 5.389999999999998792, 0.6699999999999997069, 1.585000000000006626 ) ) ;
#2235 = VECTOR ( 'NONE', #5612, 1000.000000000000000 ) ;
#2236 = AXIS2_PLACEMENT_3D ( 'NONE', #1022, #2866, #2824 ) ;
#2237 = VECTOR ( 'NONE', #3625, 1000.000000000000000 ) ;
#2238 = ORIENTED_EDGE ( 'NONE', *, *, #1154, .F. ) ;
#2239 = ORIENTED_EDGE ( 'NONE', *, *, #1560, .F. ) ;
#2240 = EDGE_CURVE ( 'NONE', #1028, #863, #3621, .T. ) ;
#2241 = ORIENTED_EDGE ( 'NONE', *, *, #4807, .T. ) ;
#2242 = PLANE ( 'NONE',  #1379 ) ;
#2243 = LINE ( 'NONE', #1039, #2286 ) ;
#2244 = EDGE_CURVE ( 'NONE', #4876, #2746, #1793, .T. ) ;
#2245 = VECTOR ( 'NONE', #1964, 1000.000000000000000 ) ;
#2246 = CARTESIAN_POINT ( 'NONE',  ( 6.324999999999996625, 0.6699999999999997069, -0.9549999999999994049 ) ) ;
#2247 = EDGE_CURVE ( 'NONE', #2100, #1089, #1782, .T. ) ;
#2248 = ORIENTED_EDGE ( 'NONE', *, *, #1870, .F. ) ;
#2249 = ORIENTED_EDGE ( 'NONE', *, *, #1254, .T. ) ;
#2250 = AXIS2_PLACEMENT_3D ( 'NONE', #3276, #1751, #4964 ) ;
#2251 = VERTEX_POINT ( 'NONE', #4639 ) ;
#2252 = VECTOR ( 'NONE', #1159, 1000.000000000000000 ) ;
#2253 = EDGE_CURVE ( 'NONE', #2335, #699, #1978, .T. ) ;
#2254 = LINE ( 'NONE', #4737, #2147 ) ;
#2255 = DIRECTION ( 'NONE',  ( 0.000000000000000000, 1.000000000000000000, 0.000000000000000000 ) ) ;
#2256 = CARTESIAN_POINT ( 'NONE',  ( 3.319999999999999840, 1.269999999999999796, 1.190000000000006386 ) ) ;
#2257 = CARTESIAN_POINT ( 'NONE',  ( -3.320000000000000728, 0.6699999999999998179, 1.190000000000005276 ) ) ;
#2258 = CARTESIAN_POINT ( 'NONE',  ( 6.325000000000000178, 1.850000000000000089, 2.784999999999999698 ) ) ;
#2259 = CARTESIAN_POINT ( 'NONE',  ( -3.320000000000000728, 3.300000000000000711, -0.005000000000000663636 ) ) ;
#2260 = ORIENTED_EDGE ( 'NONE', *, *, #5112, .T. ) ;
#2261 = EDGE_LOOP ( 'NONE', ( #4350, #389, #1103, #1045 ) ) ;
#2262 = ADVANCED_FACE ( 'NONE', ( #5905 ), #2722, .F. ) ;
#2263 = EDGE_LOOP ( 'NONE', ( #1996, #2282, #5005, #4805 ) ) ;
#2264 = PRESENTATION_LAYER_ASSIGNMENT (  '', '', ( #5002 ) ) ;
#2265 = LINE ( 'NONE', #1670, #246 ) ;
#2266 = EDGE_CURVE ( 'NONE', #5230, #1057, #3801, .T. ) ;
#2267 = VECTOR ( 'NONE', #669, 1000.000000000000000 ) ;
#2268 = VECTOR ( 'NONE', #1878, 1000.000000000000000 ) ;
#2269 = ORIENTED_EDGE ( 'NONE', *, *, #5862, .T. ) ;
#2270 = CARTESIAN_POINT ( 'NONE',  ( 5.389999999999999680, 1.849999999999999201, 2.261979166666660657 ) ) ;
#2271 = CARTESIAN_POINT ( 'NONE',  ( 3.000000000000000000, 7.500000000000001776, 0.1949999999999998679 ) ) ;
#2272 = VERTEX_POINT ( 'NONE', #5097 ) ;
#2273 = DIRECTION ( 'NONE',  ( -0.000000000000000000, 0.000000000000000000, 1.000000000000000000 ) ) ;
#2274 = CARTESIAN_POINT ( 'NONE',  ( 6.324999999999996625, 0.6699999999999998179, -0.5599999999999993872 ) ) ;
#2275 = ORIENTED_EDGE ( 'NONE', *, *, #2744, .T. ) ;
#2276 = VECTOR ( 'NONE', #5602, 1000.000000000000000 ) ;
#2277 = VECTOR ( 'NONE', #2898, 1000.000000000000000 ) ;
#2278 = ADVANCED_FACE ( 'NONE', ( #5745 ), #312, .T. ) ;
#2279 = CARTESIAN_POINT ( 'NONE',  ( -5.674999999999999822, -1.449999999999999956, 2.784999999999999698 ) ) ;
#2280 = LINE ( 'NONE', #1153, #230 ) ;
#2281 = ORIENTED_EDGE ( 'NONE', *, *, #5564, .T. ) ;
#2282 = ORIENTED_EDGE ( 'NONE', *, *, #2605, .F. ) ;
#2283 = CARTESIAN_POINT ( 'NONE',  ( -5.389999999999999680, -1.320169249480846743E-15, -0.9549999999999942979 ) ) ;
#2284 = ORIENTED_EDGE ( 'NONE', *, *, #386, .T. ) ;
#2285 = CARTESIAN_POINT ( 'NONE',  ( -2.680000000000001048, 6.899999999999995026, -0.005000000000000663636 ) ) ;
#2286 = VECTOR ( 'NONE', #1490, 1000.000000000000000 ) ;
#2287 = VECTOR ( 'NONE', #4968, 1000.000000000000000 ) ;
#2288 = DIRECTION ( 'NONE',  ( -0.3015113445777614087, 0.9045340337332923308, 0.3015113445777614087 ) ) ;
#2289 = DIRECTION ( 'NONE',  ( 0.000000000000000000, 0.000000000000000000, -1.000000000000000000 ) ) ;
#2290 = CARTESIAN_POINT ( 'NONE',  ( -6.325000000000001954, 1.269999999999999796, -0.5599999999999936140 ) ) ;
#2291 = CARTESIAN_POINT ( 'NONE',  ( -4.924999999999999822, 8.499999999999992895, 1.044999999999999263 ) ) ;
#2292 = ORIENTED_EDGE ( 'NONE', *, *, #167, .T. ) ;
#2293 = EDGE_CURVE ( 'NONE', #4393, #1140, #1805, .T. ) ;
#2294 = EDGE_LOOP ( 'NONE', ( #3421, #4478, #5362, #608 ) ) ;
#2295 = ORIENTED_EDGE ( 'NONE', *, *, #3113, .F. ) ;
#2296 = LINE ( 'NONE', #4095, #4362 ) ;
#2297 = VECTOR ( 'NONE', #2288, 1000.000000000000114 ) ;
#2298 = DIRECTION ( 'NONE',  ( 0.3015113445777613532, 0.9045340337332925529, 0.3015113445777610757 ) ) ;
#2299 = PLANE ( 'NONE',  #5526 ) ;
#2300 = CARTESIAN_POINT ( 'NONE',  ( -3.320000000000000728, 6.899999999999995026, 0.6349999999999992317 ) ) ;
#2301 = CARTESIAN_POINT ( 'NONE',  ( 1.269999999999999130, 9.900000000000000355, 0.9349999999999945022 ) ) ;
#2302 = DIRECTION ( 'NONE',  ( -1.000000000000000000, 0.000000000000000000, 0.000000000000000000 ) ) ;
#2303 = EDGE_LOOP ( 'NONE', ( #4580, #4635, #2221, #2731 ) ) ;
#2304 = ORIENTED_EDGE ( 'NONE', *, *, #5586, .F. ) ;
#2305 = ORIENTED_EDGE ( 'NONE', *, *, #5391, .F. ) ;
#2306 = LINE ( 'NONE', #3377, #4233 ) ;
#2307 = LINE ( 'NONE', #2945, #2277 ) ;
#2308 = VECTOR ( 'NONE', #5815, 1000.000000000000000 ) ;
#2309 = EDGE_CURVE ( 'NONE', #4672, #1296, #1815, .T. ) ;
#2310 = ORIENTED_EDGE ( 'NONE', *, *, #503, .T. ) ;
#2311 = DIRECTION ( 'NONE',  ( 1.000000000000000000, -0.000000000000000000, -4.494102269369968727E-16 ) ) ;
#2312 = VERTEX_POINT ( 'NONE', #4437 ) ;
#2313 = PLANE ( 'NONE',  #1144 ) ;
#2314 = DIRECTION ( 'NONE',  ( 1.000000000000000000, 0.000000000000000000, 0.000000000000000000 ) ) ;
#2315 = VERTEX_POINT ( 'NONE', #1369 ) ;
#2316 = FACE_OUTER_BOUND ( 'NONE', #211, .T. ) ;
#2317 = DIRECTION ( 'NONE',  ( -0.000000000000000000, 1.000000000000000000, 1.801998070613027504E-16 ) ) ;
#2318 = EDGE_CURVE ( 'NONE', #4206, #1740, #5782, .T. ) ;
#2319 = ORIENTED_EDGE ( 'NONE', *, *, #1043, .F. ) ;
#2320 = EDGE_CURVE ( 'NONE', #5123, #4304, #2160, .T. ) ;
#2321 = ORIENTED_EDGE ( 'NONE', *, *, #562, .F. ) ;
#2322 = PLANE ( 'NONE',  #1097 ) ;
#2323 = ORIENTED_EDGE ( 'NONE', *, *, #4134, .F. ) ;
#2324 = CARTESIAN_POINT ( 'NONE',  ( -5.389999999999999680, 1.699999999999998623, -1.584999999999999964 ) ) ;
#2325 = LINE ( 'NONE', #3516, #4279 ) ;
#2326 = CARTESIAN_POINT ( 'NONE',  ( 3.119999999999998774, 7.500000000000001776, 0.000000000000000000 ) ) ;
#2327 = ADVANCED_FACE ( 'NONE', ( #251 ), #4924, .T. ) ;
#2328 = CARTESIAN_POINT ( 'NONE',  ( 2.679999999999999272, -2.579999999999992966, 0.6349999999999974554 ) ) ;
#2329 = AXIS2_PLACEMENT_3D ( 'NONE', #5203, #1477, #974 ) ;
#2330 = CARTESIAN_POINT ( 'NONE',  ( 0.000000000000000000, 0.000000000000000000, 0.000000000000000000 ) ) ;
#2331 = STYLED_ITEM ( 'NONE', ( #5246 ), #1551 ) ;
#2332 = CARTESIAN_POINT ( 'NONE',  ( -6.325000000000000178, 0.000000000000000000, -1.584999999999999964 ) ) ;
#2333 = CARTESIAN_POINT ( 'NONE',  ( -1.300000000000000044, 6.899999999999999467, -2.085000000000000853 ) ) ;
#2334 = EDGE_CURVE ( 'NONE', #1047, #1700, #4336, .T. ) ;
#2335 = VERTEX_POINT ( 'NONE', #5786 ) ;
#2336 = ORIENTED_EDGE ( 'NONE', *, *, #4542, .T. ) ;
#2337 = LINE ( 'NONE', #1332, #4251 ) ;
#2338 = LINE ( 'NONE', #2433, #4252 ) ;
#2339 = DIRECTION ( 'NONE',  ( -1.280553747030123322E-16, 0.000000000000000000, -1.000000000000000000 ) ) ;
#2340 = VECTOR ( 'NONE', #5453, 1000.000000000000000 ) ;
#2341 = FILL_AREA_STYLE ('',( #1847 ) ) ;
#2342 = CARTESIAN_POINT ( 'NONE',  ( 5.389999999999999680, 1.849999999999999201, 2.024999999999999023 ) ) ;
#2343 = ORIENTED_EDGE ( 'NONE', *, *, #3888, .T. ) ;
#2344 = EDGE_CURVE ( 'NONE', #4296, #4559, #533, .T. ) ;
#2345 = LINE ( 'NONE', #4912, #2252 ) ;
#2346 = FACE_OUTER_BOUND ( 'NONE', #4854, .T. ) ;
#2347 = VERTEX_POINT ( 'NONE', #3511 ) ;
#2348 = DIRECTION ( 'NONE',  ( 0.000000000000000000, 0.000000000000000000, -1.000000000000000000 ) ) ;
#2349 = DIRECTION ( 'NONE',  ( 0.000000000000000000, -2.744815626545581052E-16, -1.000000000000000000 ) ) ;
#2350 = ORIENTED_EDGE ( 'NONE', *, *, #2671, .T. ) ;
#2351 = CARTESIAN_POINT ( 'NONE',  ( -0.3200000000000008393, 0.6699999999999997069, 1.585000000000005960 ) ) ;
#2352 = ORIENTED_EDGE ( 'NONE', *, *, #4980, .F. ) ;
#2353 = FACE_OUTER_BOUND ( 'NONE', #1642, .T. ) ;
#2354 = LINE ( 'NONE', #679, #2412 ) ;
#2355 = CARTESIAN_POINT ( 'NONE',  ( 5.974999999999999645, -1.449999999999999956, 2.484999999999999876 ) ) ;
#2356 = LINE ( 'NONE', #3003, #4275 ) ;
#2357 = ORIENTED_EDGE ( 'NONE', *, *, #4833, .F. ) ;
#2358 =( NAMED_UNIT ( * ) PLANE_ANGLE_UNIT ( ) SI_UNIT ( $, .RADIAN. ) );
#2359 = CARTESIAN_POINT ( 'NONE',  ( -2.250000000000001332, 8.300000000000000711, 2.774999999999999467 ) ) ;
#2360 = VECTOR ( 'NONE', #5466, 1000.000000000000000 ) ;
#2361 = VECTOR ( 'NONE', #5369, 1000.000000000000000 ) ;
#2362 = CARTESIAN_POINT ( 'NONE',  ( -3.320000000000000728, -7.265096679918780609, 0.6349999999999974554 ) ) ;
#2363 = DIRECTION ( 'NONE',  ( 0.000000000000000000, 0.000000000000000000, 1.000000000000000000 ) ) ;
#2364 = EDGE_CURVE ( 'NONE', #4397, #955, #559, .T. ) ;
#2365 = CARTESIAN_POINT ( 'NONE',  ( 4.925000000000000711, 9.900000000000000355, 2.274999999999999467 ) ) ;
#2366 = DIRECTION ( 'NONE',  ( -0.3015113445777613532, 0.9045340337332925529, 0.3015113445777610757 ) ) ;
#2367 = CARTESIAN_POINT ( 'NONE',  ( 3.319999999999995843, -3.252606517456513302E-16, -0.9549999999999981837 ) ) ;
#2368 = ORIENTED_EDGE ( 'NONE', *, *, #3260, .F. ) ;
#2369 = ORIENTED_EDGE ( 'NONE', *, *, #3815, .T. ) ;
#2370 = ORIENTED_EDGE ( 'NONE', *, *, #1748, .F. ) ;
#2371 = VECTOR ( 'NONE', #5449, 1000.000000000000000 ) ;
#2372 = LINE ( 'NONE', #4202, #4290 ) ;
#2373 = ADVANCED_FACE ( 'NONE', ( #628 ), #3242, .T. ) ;
#2374 = DIRECTION ( 'NONE',  ( 0.000000000000000000, 2.744815626545581052E-16, -1.000000000000000000 ) ) ;
#2375 = SURFACE_SIDE_STYLE ('',( #5399 ) ) ;
#2376 = PLANE ( 'NONE',  #4171 ) ;
#2377 = CARTESIAN_POINT ( 'NONE',  ( 2.679999999999999272, 1.349999999999999867, -0.005000000000001014917 ) ) ;
#2378 = PLANE ( 'NONE',  #1084 ) ;
#2379 = VERTEX_POINT ( 'NONE', #785 ) ;
#2380 = ORIENTED_EDGE ( 'NONE', *, *, #901, .F. ) ;
#2381 = VECTOR ( 'NONE', #3438, 1000.000000000000000 ) ;
#2382 = FACE_OUTER_BOUND ( 'NONE', #4867, .T. ) ;
#2383 = EDGE_CURVE ( 'NONE', #5145, #1164, #4604, .T. ) ;
#2384 = EDGE_CURVE ( 'NONE', #3066, #441, #4884, .T. ) ;
#2385 = AXIS2_PLACEMENT_3D ( 'NONE', #637, #319, #3385 ) ;
#2386 = ORIENTED_EDGE ( 'NONE', *, *, #2014, .T. ) ;
#2387 = PLANE ( 'NONE',  #2472 ) ;
#2388 = DIRECTION ( 'NONE',  ( 1.000000000000000000, -0.000000000000000000, -4.494102269369968727E-16 ) ) ;
#2389 = EDGE_LOOP ( 'NONE', ( #491, #2658, #600, #2891 ) ) ;
#2390 = DIRECTION ( 'NONE',  ( 2.247051134684983870E-16, -2.744815626545581052E-16, -1.000000000000000000 ) ) ;
#2391 = DIRECTION ( 'NONE',  ( 0.000000000000000000, -1.000000000000000000, -3.388131789017201849E-16 ) ) ;
#2392 = VECTOR ( 'NONE', #2963, 1000.000000000000000 ) ;
#2393 = EDGE_CURVE ( 'NONE', #368, #1355, #2923, .T. ) ;
#2394 = EDGE_CURVE ( 'NONE', #4372, #3845, #4852, .T. ) ;
#2395 = EDGE_LOOP ( 'NONE', ( #5573, #2284, #1123, #2210 ) ) ;
#2396 = ORIENTED_EDGE ( 'NONE', *, *, #2865, .T. ) ;
#2397 = FILL_AREA_STYLE_COLOUR ( '', #4928 ) ;
#2398 = AXIS2_PLACEMENT_3D ( 'NONE', #3046, #2565, #4342 ) ;
#2399 = UNCERTAINTY_MEASURE_WITH_UNIT (LENGTH_MEASURE( 1.000000000000000082E-05 ), #3905, 'distance_accuracy_value', 'NONE');
#2400 = ORIENTED_EDGE ( 'NONE', *, *, #4685, .F. ) ;
#2401 = MECHANICAL_DESIGN_GEOMETRIC_PRESENTATION_REPRESENTATION (  '', ( #2331 ), #560 ) ;
#2402 = FACE_OUTER_BOUND ( 'NONE', #2592, .T. ) ;
#2403 = LINE ( 'NONE', #89, #4410 ) ;
#2404 = ORIENTED_EDGE ( 'NONE', *, *, #5217, .T. ) ;
#2405 = EDGE_CURVE ( 'NONE', #3515, #5303, #876, .T. ) ;
#2406 = PLANE ( 'NONE',  #4538 ) ;
#2407 = AXIS2_PLACEMENT_3D ( 'NONE', #5148, #133, #609 ) ;
#2408 = CARTESIAN_POINT ( 'NONE',  ( 0.3199999999999991185, 0.6699999999999997069, -0.9549999999999967404 ) ) ;
#2409 = DIRECTION ( 'NONE',  ( 0.000000000000000000, -0.000000000000000000, 1.000000000000000000 ) ) ;
#2410 = ORIENTED_EDGE ( 'NONE', *, *, #4671, .F. ) ;
#2411 = VECTOR ( 'NONE', #5358, 1000.000000000000000 ) ;
#2412 = VECTOR ( 'NONE', #1555, 1000.000000000000000 ) ;
#2413 = EDGE_LOOP ( 'NONE', ( #2163, #589, #1629, #5220 ) ) ;
#2414 = AXIS2_PLACEMENT_3D ( 'NONE', #5380, #3929, #4907 ) ;
#2415 = DIRECTION ( 'NONE',  ( 0.000000000000000000, 1.000000000000000000, 0.000000000000000000 ) ) ;
#2416 = EDGE_CURVE ( 'NONE', #1268, #619, #2754, .T. ) ;
#2417 = DIRECTION ( 'NONE',  ( -0.000000000000000000, -0.000000000000000000, 1.000000000000000000 ) ) ;
#2418 = FACE_OUTER_BOUND ( 'NONE', #4903, .T. ) ;
#2419 = CARTESIAN_POINT ( 'NONE',  ( 6.325000000000000178, 1.850000000000000089, 2.784999999999999698 ) ) ;
#2420 = DIRECTION ( 'NONE',  ( 2.247051134684983870E-16, 0.000000000000000000, -1.000000000000000000 ) ) ;
#2421 = ORIENTED_EDGE ( 'NONE', *, *, #1114, .T. ) ;
#2422 = DIRECTION ( 'NONE',  ( -1.233548213626064722E-31, 1.000000000000000000, -2.744815626545581052E-16 ) ) ;
#2423 = ORIENTED_EDGE ( 'NONE', *, *, #1535, .F. ) ;
#2424 = EDGE_LOOP ( 'NONE', ( #1187, #547, #1091, #4420 ) ) ;
#2425 = LINE ( 'NONE', #2826, #2360 ) ;
#2426 = LINE ( 'NONE', #5264, #4261 ) ;
#2427 = VERTEX_POINT ( 'NONE', #2270 ) ;
#2428 = ADVANCED_FACE ( 'NONE', ( #829 ), #4480, .T. ) ;
#2429 = VECTOR ( 'NONE', #3107, 1000.000000000000000 ) ;
#2430 = ORIENTED_EDGE ( 'NONE', *, *, #2293, .T. ) ;
#2431 = PLANE ( 'NONE',  #3715 ) ;
#2432 = VERTEX_POINT ( 'NONE', #2228 ) ;
#2433 = CARTESIAN_POINT ( 'NONE',  ( -3.320000000000000728, -2.579999999999992966, 0.6349999999999974554 ) ) ;
#2434 = CARTESIAN_POINT ( 'NONE',  ( -5.389999999999999680, 0.6699999999999997069, -0.9549999999999941869 ) ) ;
#2435 = LINE ( 'NONE', #3933, #2594 ) ;
#2436 = FACE_OUTER_BOUND ( 'NONE', #25, .T. ) ;
#2437 = VERTEX_POINT ( 'NONE', #3655 ) ;
#2438 = PLANE ( 'NONE',  #253 ) ;
#2439 = VECTOR ( 'NONE', #3092, 1000.000000000000000 ) ;
#2440 = ORIENTED_EDGE ( 'NONE', *, *, #5879, .F. ) ;
#2441 = EDGE_LOOP ( 'NONE', ( #3658, #4792, #5197, #1244 ) ) ;
#2442 = EDGE_CURVE ( 'NONE', #652, #2667, #4897, .T. ) ;
#2443 = CARTESIAN_POINT ( 'NONE',  ( -3.320000000000000728, -2.579999999999992966, -0.005000000000001723552 ) ) ;
#2444 = VERTEX_POINT ( 'NONE', #4595 ) ;
#2445 = VECTOR ( 'NONE', #4471, 1000.000000000000000 ) ;
#2446 = VECTOR ( 'NONE', #2390, 1000.000000000000000 ) ;
#2447 = ORIENTED_EDGE ( 'NONE', *, *, #2903, .T. ) ;
#2448 = DIRECTION ( 'NONE',  ( 0.7071067811865522357, -0.000000000000000000, 0.7071067811865426878 ) ) ;
#2449 = CARTESIAN_POINT ( 'NONE',  ( 6.324999999999999289, 1.849999999999999201, 1.774999999999999245 ) ) ;
#2450 = LINE ( 'NONE', #1292, #513 ) ;
#2451 = ORIENTED_EDGE ( 'NONE', *, *, #2364, .T. ) ;
#2452 = ORIENTED_EDGE ( 'NONE', *, *, #1354, .T. ) ;
#2453 = ORIENTED_EDGE ( 'NONE', *, *, #5718, .T. ) ;
#2454 = VECTOR ( 'NONE', #2715, 1000.000000000000000 ) ;
#2455 = LINE ( 'NONE', #1141, #376 ) ;
#2456 = DIRECTION ( 'NONE',  ( 0.000000000000000000, -1.000000000000000000, 3.236424395479117765E-16 ) ) ;
#2457 = VECTOR ( 'NONE', #4024, 1000.000000000000000 ) ;
#2458 = PLANE ( 'NONE',  #4462 ) ;
#2459 = EDGE_LOOP ( 'NONE', ( #27, #2632, #1215, #4673, #1891 ) ) ;
#2460 = EDGE_CURVE ( 'NONE', #1000, #866, #2885, .T. ) ;
#2461 = LINE ( 'NONE', #1949, #4395 ) ;
#2462 = DIRECTION ( 'NONE',  ( 0.000000000000000000, 0.3162277660168349991, 0.9486832980505148782 ) ) ;
#2463 = VECTOR ( 'NONE', #4109, 1000.000000000000000 ) ;
#2464 = VECTOR ( 'NONE', #4368, 1000.000000000000000 ) ;
#2465 = ORIENTED_EDGE ( 'NONE', *, *, #3724, .T. ) ;
#2466 = EDGE_CURVE ( 'NONE', #4503, #738, #4823, .T. ) ;
#2467 = EDGE_CURVE ( 'NONE', #4915, #4084, #4766, .T. ) ;
#2468 = ORIENTED_EDGE ( 'NONE', *, *, #1636, .T. ) ;
#2469 = DIRECTION ( 'NONE',  ( 0.000000000000000000, -1.000000000000000000, 0.000000000000000000 ) ) ;
#2470 = LINE ( 'NONE', #653, #2480 ) ;
#2471 = PLANE ( 'NONE',  #573 ) ;
#2472 = AXIS2_PLACEMENT_3D ( 'NONE', #162, #130, #3454 ) ;
#2473 = VECTOR ( 'NONE', #3141, 1000.000000000000114 ) ;
#2474 = ORIENTED_EDGE ( 'NONE', *, *, #4394, .T. ) ;
#2475 = ADVANCED_FACE ( 'NONE', ( #2838 ), #46, .T. ) ;
#2476 = CARTESIAN_POINT ( 'NONE',  ( -6.325000000000001066, 1.269999999999999796, 1.190000000000006386 ) ) ;
#2477 = PRESENTATION_LAYER_ASSIGNMENT (  '', '', ( #3721 ) ) ;
#2478 = ORIENTED_EDGE ( 'NONE', *, *, #3999, .F. ) ;
#2479 = EDGE_CURVE ( 'NONE', #1010, #1761, #4837, .T. ) ;
#2480 = VECTOR ( 'NONE', #1290, 1000.000000000000000 ) ;
#2481 = VERTEX_POINT ( 'NONE', #5263 ) ;
#2482 = CARTESIAN_POINT ( 'NONE',  ( 1.300000000000000044, 8.149999999999998579, -2.785000000000001030 ) ) ;
#2483 = LINE ( 'NONE', #4509, #542 ) ;
#2484 = VERTEX_POINT ( 'NONE', #5509 ) ;
#2485 = DIRECTION ( 'NONE',  ( 0.000000000000000000, 0.000000000000000000, -1.000000000000000000 ) ) ;
#2486 = DIRECTION ( 'NONE',  ( 1.000000000000000000, -0.000000000000000000, -4.494102269369968727E-16 ) ) ;
#2487 = DIRECTION ( 'NONE',  ( -1.000000000000000000, 0.000000000000000000, 0.000000000000000000 ) ) ;
#2488 = CARTESIAN_POINT ( 'NONE',  ( -1.250000000000001110, 8.300000000000000711, 2.774999999999999467 ) ) ;
#2489 = FACE_OUTER_BOUND ( 'NONE', #4839, .T. ) ;
#2490 = CARTESIAN_POINT ( 'NONE',  ( -0.3200000000000008393, -2.579999999999992966, -0.005000000000001723552 ) ) ;
#2491 = ORIENTED_EDGE ( 'NONE', *, *, #3059, .T. ) ;
#2492 = EDGE_LOOP ( 'NONE', ( #3000, #869, #896, #2966 ) ) ;
#2493 = VECTOR ( 'NONE', #943, 1000.000000000000000 ) ;
#2494 = ORIENTED_EDGE ( 'NONE', *, *, #3888, .F. ) ;
#2495 = CARTESIAN_POINT ( 'NONE',  ( 0.000000000000000000, 7.500000000000001776, 0.000000000000000000 ) ) ;
#2496 = PLANE ( 'NONE',  #3836 ) ;
#2497 = EDGE_LOOP ( 'NONE', ( #2103, #1762, #1473, #5333, #5134, #5819, #2180, #4054, #1807, #1419, #1850, #1884, #1176, #3921, #3139, #5107, #1970, #2024 ) ) ;
#2498 = ORIENTED_EDGE ( 'NONE', *, *, #4602, .T. ) ;
#2499 = LINE ( 'NONE', #826, #625 ) ;
#2500 = VERTEX_POINT ( 'NONE', #3308 ) ;
#2501 = EDGE_CURVE ( 'NONE', #4023, #504, #4910, .T. ) ;
#2502 = ORIENTED_EDGE ( 'NONE', *, *, #627, .F. ) ;
#2503 = CARTESIAN_POINT ( 'NONE',  ( -2.680000000000001048, 1.349999999999999867, -0.005000000000001014917 ) ) ;
#2504 = ORIENTED_EDGE ( 'NONE', *, *, #5089, .T. ) ;
#2505 = DIRECTION ( 'NONE',  ( 0.000000000000000000, -0.000000000000000000, 1.000000000000000000 ) ) ;
#2506 = ADVANCED_FACE ( 'NONE', ( #2782 ), #3693, .F. ) ;
#2507 = ORIENTED_EDGE ( 'NONE', *, *, #5414, .T. ) ;
#2508 = FACE_OUTER_BOUND ( 'NONE', #3474, .T. ) ;
#2509 = ORIENTED_EDGE ( 'NONE', *, *, #4707, .T. ) ;
#2510 = EDGE_CURVE ( 'NONE', #4226, #5180, #886, .T. ) ;
#2511 = ORIENTED_EDGE ( 'NONE', *, *, #5391, .T. ) ;
#2512 = EDGE_LOOP ( 'NONE', ( #2201, #3925, #2057, #5704 ) ) ;
#2513 = CARTESIAN_POINT ( 'NONE',  ( 2.250000000000001332, 1.849999999999999201, 2.774999999999998135 ) ) ;
#2514 = LINE ( 'NONE', #1457, #2445 ) ;
#2515 = CARTESIAN_POINT ( 'NONE',  ( 3.319999999999998952, 0.6699999999999998179, -0.5599999999999943912 ) ) ;
#2516 = VERTEX_POINT ( 'NONE', #1861 ) ;
#2517 = DIRECTION ( 'NONE',  ( 0.000000000000000000, -2.995465716473998555E-16, -1.000000000000000000 ) ) ;
#2518 = ADVANCED_FACE ( 'NONE', ( #4864 ), #1092, .T. ) ;
#2519 = CARTESIAN_POINT ( 'NONE',  ( -6.325000000000001954, 0.6699999999999997069, -0.9549999999999937428 ) ) ;
#2520 = PLANE ( 'NONE',  #5126 ) ;
#2521 = CARTESIAN_POINT ( 'NONE',  ( 3.319999999999998952, -1.318004915248549927E-16, 1.585000000000002185 ) ) ;
#2522 = VECTOR ( 'NONE', #2656, 1000.000000000000000 ) ;
#2523 = ORIENTED_EDGE ( 'NONE', *, *, #2597, .F. ) ;
#2524 = EDGE_LOOP ( 'NONE', ( #5828, #1533, #3748, #1819 ) ) ;
#2525 = ORIENTED_EDGE ( 'NONE', *, *, #5523, .F. ) ;
#2526 = LINE ( 'NONE', #1745, #651 ) ;
#2527 = EDGE_CURVE ( 'NONE', #433, #610, #2910, .T. ) ;
#2528 = ORIENTED_EDGE ( 'NONE', *, *, #3575, .T. ) ;
#2529 = CARTESIAN_POINT ( 'NONE',  ( 0.3199999999999991185, -2.579999999999992966, -0.005000000000001723552 ) ) ;
#2530 = EDGE_CURVE ( 'NONE', #883, #2554, #949, .T. ) ;
#2531 = CARTESIAN_POINT ( 'NONE',  ( 0.3199999999999991185, 0.6699999999999997069, 1.585000000000005960 ) ) ;
#2532 = LINE ( 'NONE', #5833, #2522 ) ;
#2533 = CARTESIAN_POINT ( 'NONE',  ( 3.319999999999998952, 1.349999999999999867, -0.005000000000001014917 ) ) ;
#2534 = DIRECTION ( 'NONE',  ( 1.000000000000000000, -0.000000000000000000, 0.000000000000000000 ) ) ;
#2535 = CARTESIAN_POINT ( 'NONE',  ( 6.325000000000000178, 8.499999999999992895, -0.9550000000000007372 ) ) ;
#2536 = EDGE_LOOP ( 'NONE', ( #1186, #5178, #3093, #3806, #1749, #3192 ) ) ;
#2537 = EDGE_CURVE ( 'NONE', #269, #1286, #925, .T. ) ;
#2538 = DIRECTION ( 'NONE',  ( -0.000000000000000000, 1.000000000000000000, -0.000000000000000000 ) ) ;
#2539 = ORIENTED_EDGE ( 'NONE', *, *, #5753, .F. ) ;
#2540 = VECTOR ( 'NONE', #3513, 1000.000000000000000 ) ;
#2541 = ORIENTED_EDGE ( 'NONE', *, *, #5469, .T. ) ;
#2542 = EDGE_CURVE ( 'NONE', #5190, #5698, #4746, .T. ) ;
#2543 = LINE ( 'NONE', #868, #2611 ) ;
#2544 = ORIENTED_EDGE ( 'NONE', *, *, #3917, .F. ) ;
#2545 = CARTESIAN_POINT ( 'NONE',  ( -1.250000000000001110, 8.300000000000000711, 2.774999999999999467 ) ) ;
#2546 = VERTEX_POINT ( 'NONE', #2503 ) ;
#2547 = PLANE ( 'NONE',  #3539 ) ;
#2548 = DIRECTION ( 'NONE',  ( 0.9486832980505146562, -0.3162277660168354432, 0.000000000000000000 ) ) ;
#2549 = ORIENTED_EDGE ( 'NONE', *, *, #5715, .T. ) ;
#2550 = LINE ( 'NONE', #2176, #2493 ) ;
#2551 = VERTEX_POINT ( 'NONE', #5141 ) ;
#2552 = CARTESIAN_POINT ( 'NONE',  ( 6.324999999999996625, -3.252606517456513302E-16, -0.9549999999999995159 ) ) ;
#2553 = EDGE_CURVE ( 'NONE', #2272, #5317, #848, .T. ) ;
#2554 = VERTEX_POINT ( 'NONE', #3727 ) ;
#2555 = VERTEX_POINT ( 'NONE', #2897 ) ;
#2556 = ADVANCED_FACE ( 'NONE', ( #2911 ), #1139, .T. ) ;
#2557 = DIRECTION ( 'NONE',  ( -1.000000000000000000, -0.000000000000000000, -0.000000000000000000 ) ) ;
#2558 = ORIENTED_EDGE ( 'NONE', *, *, #3815, .F. ) ;
#2559 = LINE ( 'NONE', #315, #565 ) ;
#2560 = DIRECTION ( 'NONE',  ( 0.000000000000000000, 1.000000000000000000, 2.017120320903263949E-16 ) ) ;
#2561 = ORIENTED_EDGE ( 'NONE', *, *, #3160, .T. ) ;
#2562 = DIRECTION ( 'NONE',  ( 4.494102269369968727E-16, 3.614007241618348278E-16, 1.000000000000000000 ) ) ;
#2563 = PLANE ( 'NONE',  #1175 ) ;
#2564 = CARTESIAN_POINT ( 'NONE',  ( 4.925000000000000711, 9.900000000000000355, 1.106672683832354716E-15 ) ) ;
#2565 = DIRECTION ( 'NONE',  ( -1.233548213626064722E-31, 1.000000000000000000, -2.744815626545581052E-16 ) ) ;
#2566 = VERTEX_POINT ( 'NONE', #1525 ) ;
#2567 = VERTEX_POINT ( 'NONE', #567 ) ;
#2568 = ORIENTED_EDGE ( 'NONE', *, *, #3842, .F. ) ;
#2569 = VECTOR ( 'NONE', #2302, 1000.000000000000000 ) ;
#2570 = CARTESIAN_POINT ( 'NONE',  ( 0.000000000000000000, 1.699999999999999956, 2.024999999999999023 ) ) ;
#2571 = CARTESIAN_POINT ( 'NONE',  ( 0.000000000000000000, -1.449999999999999956, 2.185000000000004494 ) ) ;
#2572 = CARTESIAN_POINT ( 'NONE',  ( 3.119999999999998774, -3.180000000000000160, 0.1949999999999985911 ) ) ;
#2573 = ORIENTED_EDGE ( 'NONE', *, *, #2501, .T. ) ;
#2574 = DIRECTION ( 'NONE',  ( -4.494102269369968727E-16, 1.807003620809174139E-16, -1.000000000000000000 ) ) ;
#2575 = ORIENTED_EDGE ( 'NONE', *, *, #24, .T. ) ;
#2576 = EDGE_CURVE ( 'NONE', #1028, #1443, #4838, .T. ) ;
#2577 = PLANE ( 'NONE',  #618 ) ;
#2578 = ORIENTED_EDGE ( 'NONE', *, *, #142, .T. ) ;
#2579 = LINE ( 'NONE', #709, #587 ) ;
#2580 = ORIENTED_EDGE ( 'NONE', *, *, #2795, .T. ) ;
#2581 = DIRECTION ( 'NONE',  ( 0.6092076990801719161, 0.5076730825668088753, -0.6092076990801714720 ) ) ;
#2582 = ORIENTED_EDGE ( 'NONE', *, *, #3713, .T. ) ;
#2583 = CARTESIAN_POINT ( 'NONE',  ( -0.3200000000000008393, 6.899999999999995026, 0.6349999999999992317 ) ) ;
#2584 = EDGE_LOOP ( 'NONE', ( #2760, #2786, #675, #728 ) ) ;
#2585 = DIRECTION ( 'NONE',  ( 0.000000000000000000, -0.000000000000000000, 1.000000000000000000 ) ) ;
#2586 = VERTEX_POINT ( 'NONE', #4677 ) ;
#2587 = VECTOR ( 'NONE', #2143, 1000.000000000000000 ) ;
#2588 = ORIENTED_EDGE ( 'NONE', *, *, #781, .T. ) ;
#2589 = DIRECTION ( 'NONE',  ( 0.000000000000000000, -0.000000000000000000, 1.000000000000000000 ) ) ;
#2590 = ORIENTED_EDGE ( 'NONE', *, *, #1485, .F. ) ;
#2591 = EDGE_CURVE ( 'NONE', #2950, #2937, #4935, .T. ) ;
#2592 = EDGE_LOOP ( 'NONE', ( #1528, #2784, #815, #546 ) ) ;
#2593 = ORIENTED_EDGE ( 'NONE', *, *, #2747, .F. ) ;
#2594 = VECTOR ( 'NONE', #5385, 1000.000000000000000 ) ;
#2595 = DIRECTION ( 'NONE',  ( 0.000000000000000000, 1.000000000000000000, 0.000000000000000000 ) ) ;
#2596 = ORIENTED_EDGE ( 'NONE', *, *, #1935, .F. ) ;
#2597 = EDGE_CURVE ( 'NONE', #3137, #1750, #4735, .T. ) ;
#2598 = CARTESIAN_POINT ( 'NONE',  ( 3.319999999999998952, 6.899999999999995026, 0.6349999999999992317 ) ) ;
#2599 = CARTESIAN_POINT ( 'NONE',  ( 4.939999999999999503, 0.6699999999999998179, -0.5599999999999937250 ) ) ;
#2600 = DIRECTION ( 'NONE',  ( 0.9486832980505146562, -0.3162277660168354432, 0.000000000000000000 ) ) ;
#2601 = EDGE_CURVE ( 'NONE', #3128, #409, #2840, .T. ) ;
#2602 = VERTEX_POINT ( 'NONE', #1975 ) ;
#2603 = ORIENTED_EDGE ( 'NONE', *, *, #4902, .F. ) ;
#2604 = ADVANCED_FACE ( 'NONE', ( #887 ), #4130, .F. ) ;
#2605 = EDGE_CURVE ( 'NONE', #5053, #1200, #4885, .T. ) ;
#2606 = ORIENTED_EDGE ( 'NONE', *, *, #3641, .F. ) ;
#2607 = VECTOR ( 'NONE', #988, 1000.000000000000000 ) ;
#2608 = ORIENTED_EDGE ( 'NONE', *, *, #757, .F. ) ;
#2609 = CARTESIAN_POINT ( 'NONE',  ( -4.924999999999999822, 8.499999999999992895, 1.044999999999999263 ) ) ;
#2610 = DIRECTION ( 'NONE',  ( 0.000000000000000000, 2.744815626545581052E-16, 1.000000000000000000 ) ) ;
#2611 = VECTOR ( 'NONE', #1342, 1000.000000000000000 ) ;
#2612 = DIRECTION ( 'NONE',  ( 0.000000000000000000, -1.000000000000000000, 0.000000000000000000 ) ) ;
#2613 = PLANE ( 'NONE',  #303 ) ;
#2614 = AXIS2_PLACEMENT_3D ( 'NONE', #1863, #3, #87 ) ;
#2615 = CARTESIAN_POINT ( 'NONE',  ( -1.270000000000001128, 3.300000000000000711, 1.584999999999999520 ) ) ;
#2616 = PLANE ( 'NONE',  #3937 ) ;
#2617 = ORIENTED_EDGE ( 'NONE', *, *, #1344, .F. ) ;
#2618 = CARTESIAN_POINT ( 'NONE',  ( -0.3200000000000008393, -7.265096679918780609, -0.005000000000002567495 ) ) ;
#2619 = EDGE_CURVE ( 'NONE', #1521, #1740, #1009, .T. ) ;
#2620 = LINE ( 'NONE', #1632, #493 ) ;
#2621 = DIRECTION ( 'NONE',  ( 0.000000000000000000, -1.801998070613027504E-16, 1.000000000000000000 ) ) ;
#2622 = ORIENTED_EDGE ( 'NONE', *, *, #3341, .T. ) ;
#2623 = VERTEX_POINT ( 'NONE', #4452 ) ;
#2624 = AXIS2_PLACEMENT_3D ( 'NONE', #1901, #1824, #2767 ) ;
#2625 = CARTESIAN_POINT ( 'NONE',  ( -5.389999999999997904, 1.850000000000000089, 2.785000000000001030 ) ) ;
#2626 = ORIENTED_EDGE ( 'NONE', *, *, #2185, .F. ) ;
#2627 = CARTESIAN_POINT ( 'NONE',  ( -6.325000000000000178, 9.900000000000000355, -1.584999999999999964 ) ) ;
#2628 = EDGE_CURVE ( 'NONE', #2141, #699, #4727, .T. ) ;
#2629 = DIRECTION ( 'NONE',  ( 1.000000000000000000, 0.000000000000000000, 0.000000000000000000 ) ) ;
#2630 = PLANE ( 'NONE',  #3240 ) ;
#2631 = VECTOR ( 'NONE', #2694, 1000.000000000000000 ) ;
#2632 = ORIENTED_EDGE ( 'NONE', *, *, #388, .F. ) ;
#2633 = LINE ( 'NONE', #5639, #673 ) ;
#2634 = ORIENTED_EDGE ( 'NONE', *, *, #1436, .F. ) ;
#2635 = ORIENTED_EDGE ( 'NONE', *, *, #4454, .T. ) ;
#2636 = DIRECTION ( 'NONE',  ( -1.000000000000000000, 0.000000000000000000, 3.969618938162030804E-16 ) ) ;
#2637 = CARTESIAN_POINT ( 'NONE',  ( 4.925000000000000711, 9.900000000000000355, 2.274999999999999467 ) ) ;
#2638 = EDGE_CURVE ( 'NONE', #2427, #5665, #4827, .T. ) ;
#2639 = DIRECTION ( 'NONE',  ( 4.956352788505163268E-16, -0.000000000000000000, 1.000000000000000000 ) ) ;
#2640 = DIRECTION ( 'NONE',  ( 2.247051134684983870E-16, 0.000000000000000000, -1.000000000000000000 ) ) ;
#2641 = CARTESIAN_POINT ( 'NONE',  ( -1.730000000000000870, 3.300000000000000711, 1.584999999999999076 ) ) ;
#2642 = ORIENTED_EDGE ( 'NONE', *, *, #452, .F. ) ;
#2643 = FACE_OUTER_BOUND ( 'NONE', #983, .T. ) ;
#2644 = ORIENTED_EDGE ( 'NONE', *, *, #3171, .T. ) ;
#2645 = EDGE_LOOP ( 'NONE', ( #4993, #2972, #4759, #4122 ) ) ;
#2646 = CARTESIAN_POINT ( 'NONE',  ( -6.325000000000001066, 0.6699999999999997069, 1.585000000000006626 ) ) ;
#2647 = LINE ( 'NONE', #1785, #2699 ) ;
#2648 = CARTESIAN_POINT ( 'NONE',  ( -6.325000000000001954, -3.252606517456513302E-16, -0.9549999999999938538 ) ) ;
#2649 = CARTESIAN_POINT ( 'NONE',  ( 2.879999999999999893, 7.500000000000001776, 0.1949999999999998679 ) ) ;
#2650 = CARTESIAN_POINT ( 'NONE',  ( -5.389999999999997904, 1.850000000000000089, 2.785000000000001030 ) ) ;
#2651 = CARTESIAN_POINT ( 'NONE',  ( 4.939999999999999503, 0.6699999999999998179, -0.5599999999999937250 ) ) ;
#2652 = CARTESIAN_POINT ( 'NONE',  ( 2.679999999999999272, 6.899999999999995026, 0.6349999999999992317 ) ) ;
#2653 = ORIENTED_EDGE ( 'NONE', *, *, #2781, .T. ) ;
#2654 = VECTOR ( 'NONE', #2085, 1000.000000000000000 ) ;
#2655 = ADVANCED_FACE ( 'NONE', ( #4769 ), #3879, .F. ) ;
#2656 = DIRECTION ( 'NONE',  ( -1.000000000000000000, -0.000000000000000000, -0.000000000000000000 ) ) ;
#2657 = VERTEX_POINT ( 'NONE', #1655 ) ;
#2658 = ORIENTED_EDGE ( 'NONE', *, *, #2212, .F. ) ;
#2659 = DIRECTION ( 'NONE',  ( -0.000000000000000000, -1.000000000000000000, -0.000000000000000000 ) ) ;
#2660 = AXIS2_PLACEMENT_3D ( 'NONE', #63, #5631, #3376 ) ;
#2661 = DIRECTION ( 'NONE',  ( 1.000000000000000000, -0.000000000000000000, -4.494102269369968727E-16 ) ) ;
#2662 = ORIENTED_EDGE ( 'NONE', *, *, #3331, .T. ) ;
#2663 = LINE ( 'NONE', #45, #2693 ) ;
#2664 = PLANE ( 'NONE',  #5432 ) ;
#2665 = FILL_AREA_STYLE ('',( #2205 ) ) ;
#2666 = CLOSED_SHELL ( 'NONE', ( #4058, #2373, #2968, #407, #1767, #3637, #1489, #1014, #1442, #3757, #4331, #215, #3805, #3564, #1007, #3235, #1960, #4557, #255, #1900, #1593, #5480, #5562, #5080, #799, #3218, #5193, #5442, #2655, #1021, #5361, #946, #4045, #3280, #5026, #5239, #306, #2262, #355, #2730, #572, #126, #71, #3183, #5471, #4466, #3586, #2703, #156, #5269, #1529, #5556, #67, #3679, #2013, #4515, #5864, #1194, #4616, #4608, #558, #2506, #3180, #3060, #1452, #2899, #4006, #1180, #4664, #1999, #4858, #900, #897, #5685, #4102, #3009, #3386, #616, #4982, #3723, #1480, #1410, #1493, #2050, #5725, #1252, #2278, #5314, #4262, #2428, #5822, #750, #5451, #1641, #3849, #3814, #3865, #3355, #3456, #1413, #5872, #1868, #1405, #2745, #3125, #2475, #2110, #2604, #501, #5037, #1288, #1727, #960, #4301, #4166, #4649, #4963, #5177, #2797, #113, #4569, #454, #2793, #5796, #1565, #2327, #515, #439, #4213, #5771, #468, #2556, #1374, #3395, #5649, #1132, #820, #2518, #226 ) ) ;
#2667 = VERTEX_POINT ( 'NONE', #3123 ) ;
#2668 = CARTESIAN_POINT ( 'NONE',  ( 2.919545454545453556, 7.618636363636364095, 0.3954545454545448924 ) ) ;
#2669 = EDGE_CURVE ( 'NONE', #504, #3551, #801, .T. ) ;
#2670 = ORIENTED_EDGE ( 'NONE', *, *, #4302, .F. ) ;
#2671 = EDGE_CURVE ( 'NONE', #3759, #2312, #879, .T. ) ;
#2672 = VECTOR ( 'NONE', #4139, 1000.000000000000000 ) ;
#2673 = ORIENTED_EDGE ( 'NONE', *, *, #5138, .F. ) ;
#2674 = ORIENTED_EDGE ( 'NONE', *, *, #5441, .F. ) ;
#2675 = DIRECTION ( 'NONE',  ( -0.000000000000000000, -0.000000000000000000, 1.000000000000000000 ) ) ;
#2676 = EDGE_CURVE ( 'NONE', #1296, #3034, #2871, .T. ) ;
#2677 = DIRECTION ( 'NONE',  ( 1.000000000000000000, 0.000000000000000000, -1.707404996040164265E-16 ) ) ;
#2678 = CARTESIAN_POINT ( 'NONE',  ( 4.939999999999999503, 1.269999999999999796, 1.190000000000006386 ) ) ;
#2679 = CARTESIAN_POINT ( 'NONE',  ( -4.924999999999999822, 9.900000000000000355, 1.044999999999999263 ) ) ;
#2680 = AXIS2_PLACEMENT_3D ( 'NONE', #1152, #770, #1562 ) ;
#2681 = EDGE_LOOP ( 'NONE', ( #5611, #4140, #4238, #4049 ) ) ;
#2682 = AXIS2_PLACEMENT_3D ( 'NONE', #2290, #3255, #3629 ) ;
#2683 = VERTEX_POINT ( 'NONE', #5492 ) ;
#2684 = ORIENTED_EDGE ( 'NONE', *, *, #599, .F. ) ;
#2685 = AXIS2_PLACEMENT_3D ( 'NONE', #1267, #1645, #2088 ) ;
#2686 = EDGE_CURVE ( 'NONE', #3330, #647, #817, .T. ) ;
#2687 = AXIS2_PLACEMENT_3D ( 'NONE', #3311, #5015, #1408 ) ;
#2688 = CARTESIAN_POINT ( 'NONE',  ( -5.499240397477541009, 9.325759602522456504, 2.205083126313776898 ) ) ;
#2689 = CARTESIAN_POINT ( 'NONE',  ( -6.325000000000001954, 0.6699999999999997069, -0.9549999999999937428 ) ) ;
#2690 = CARTESIAN_POINT ( 'NONE',  ( 4.939999999999999503, 1.269999999999999796, -0.5599999999999987210 ) ) ;
#2691 = DIRECTION ( 'NONE',  ( -1.000000000000000000, 0.000000000000000000, -0.000000000000000000 ) ) ;
#2692 = EDGE_LOOP ( 'NONE', ( #4623, #4031, #4461, #2644 ) ) ;
#2693 = VECTOR ( 'NONE', #3984, 1000.000000000000000 ) ;
#2694 = DIRECTION ( 'NONE',  ( -0.000000000000000000, 1.000000000000000000, -0.000000000000000000 ) ) ;
#2695 = VERTEX_POINT ( 'NONE', #4843 ) ;
#2696 = EDGE_LOOP ( 'NONE', ( #3931, #1541, #1803, #3771 ) ) ;
#2697 = AXIS2_PLACEMENT_3D ( 'NONE', #4189, #5475, #1846 ) ;
#2698 = AXIS2_PLACEMENT_3D ( 'NONE', #5413, #2562, #3042 ) ;
#2699 = VECTOR ( 'NONE', #4487, 1000.000000000000114 ) ;
#2700 = CARTESIAN_POINT ( 'NONE',  ( 6.324999999999997513, -3.252606517456513302E-16, 1.585000000000001075 ) ) ;
#2701 = VERTEX_POINT ( 'NONE', #3490 ) ;
#2702 = DIRECTION ( 'NONE',  ( -1.000000000000000000, 0.000000000000000000, 0.000000000000000000 ) ) ;
#2703 = ADVANCED_FACE ( 'NONE', ( #4758 ), #3915, .F. ) ;
#2704 = SURFACE_SIDE_STYLE ('',( #3270 ) ) ;
#2705 = ORIENTED_EDGE ( 'NONE', *, *, #878, .T. ) ;
#2706 = ORIENTED_EDGE ( 'NONE', *, *, #3612, .F. ) ;
#2707 = AXIS2_PLACEMENT_3D ( 'NONE', #5808, #3080, #2114 ) ;
#2708 = ORIENTED_EDGE ( 'NONE', *, *, #3954, .F. ) ;
#2709 = VECTOR ( 'NONE', #4992, 1000.000000000000000 ) ;
#2710 = ORIENTED_EDGE ( 'NONE', *, *, #5854, .T. ) ;
#2711 = DIRECTION ( 'NONE',  ( 0.000000000000000000, 1.000000000000000000, -3.212450881438528789E-16 ) ) ;
#2712 = ORIENTED_EDGE ( 'NONE', *, *, #2126, .T. ) ;
#2713 = DIRECTION ( 'NONE',  ( 0.000000000000000000, 0.000000000000000000, -1.000000000000000000 ) ) ;
#2714 = DIRECTION ( 'NONE',  ( 0.000000000000000000, 1.000000000000000000, 0.000000000000000000 ) ) ;
#2715 = DIRECTION ( 'NONE',  ( -1.000000000000000000, -0.000000000000000000, -0.000000000000000000 ) ) ;
#2716 = ORIENTED_EDGE ( 'NONE', *, *, #2605, .T. ) ;
#2717 = VECTOR ( 'NONE', #2970, 1000.000000000000000 ) ;
#2718 = ORIENTED_EDGE ( 'NONE', *, *, #4186, .T. ) ;
#2719 = EDGE_CURVE ( 'NONE', #2950, #1005, #4874, .T. ) ;
#2720 = ORIENTED_EDGE ( 'NONE', *, *, #5337, .T. ) ;
#2721 = CARTESIAN_POINT ( 'NONE',  ( -6.024999999999995026, -1.449999999999999956, 1.353848308647701710E-15 ) ) ;
#2722 = PLANE ( 'NONE',  #3079 ) ;
#2723 = PLANE ( 'NONE',  #3507 ) ;
#2724 = CARTESIAN_POINT ( 'NONE',  ( 0.3199999999999991185, 1.349999999999999867, -0.005000000000001014917 ) ) ;
#2725 = ORIENTED_EDGE ( 'NONE', *, *, #686, .F. ) ;
#2726 = FACE_OUTER_BOUND ( 'NONE', #4554, .T. ) ;
#2727 = CARTESIAN_POINT ( 'NONE',  ( 0.3199999999999991185, 1.349999999999999645, 0.6349999999999990097 ) ) ;
#2728 = ORIENTED_EDGE ( 'NONE', *, *, #3402, .F. ) ;
#2729 = ORIENTED_EDGE ( 'NONE', *, *, #81, .F. ) ;
#2730 = ADVANCED_FACE ( 'NONE', ( #2803 ), #1836, .F. ) ;
#2731 = ORIENTED_EDGE ( 'NONE', *, *, #4315, .F. ) ;
#2732 = DIRECTION ( 'NONE',  ( 0.000000000000000000, 0.000000000000000000, 1.000000000000000000 ) ) ;
#2733 = FACE_OUTER_BOUND ( 'NONE', #1283, .T. ) ;
#2734 = DIRECTION ( 'NONE',  ( -4.336808689942017736E-16, 0.000000000000000000, 1.000000000000000000 ) ) ;
#2735 = EDGE_CURVE ( 'NONE', #4584, #4748, #4775, .T. ) ;
#2736 =( LENGTH_UNIT ( ) NAMED_UNIT ( * ) SI_UNIT ( .MILLI., .METRE. ) );
#2737 = EDGE_LOOP ( 'NONE', ( #165, #692, #5241, #2716 ) ) ;
#2738 = ORIENTED_EDGE ( 'NONE', *, *, #1764, .F. ) ;
#2739 = CARTESIAN_POINT ( 'NONE',  ( 4.939999999999999503, 1.285879139104718760E-16, -1.584999999999999964 ) ) ;
#2740 = CARTESIAN_POINT ( 'NONE',  ( 0.000000000000000000, 1.699999999999998623, 2.024999999999999023 ) ) ;
#2741 = EDGE_CURVE ( 'NONE', #5076, #2921, #2815, .T. ) ;
#2742 = LINE ( 'NONE', #1438, #760 ) ;
#2743 = ORIENTED_EDGE ( 'NONE', *, *, #5707, .F. ) ;
#2744 = EDGE_CURVE ( 'NONE', #2796, #4247, #4945, .T. ) ;
#2745 = ADVANCED_FACE ( 'NONE', ( #2766 ), #1725, .F. ) ;
#2746 = VERTEX_POINT ( 'NONE', #240 ) ;
#2747 = EDGE_CURVE ( 'NONE', #2657, #1228, #2946, .T. ) ;
#2748 = ORIENTED_EDGE ( 'NONE', *, *, #2096, .T. ) ;
#2749 = PLANE ( 'NONE',  #267 ) ;
#2750 = DIRECTION ( 'NONE',  ( -1.000000000000000000, -0.000000000000000000, -0.000000000000000000 ) ) ;
#2751 = CARTESIAN_POINT ( 'NONE',  ( 2.679999999999999272, 1.350000000000000089, -1.585000000000000409 ) ) ;
#2752 = PLANE ( 'NONE',  #248 ) ;
#2753 = CARTESIAN_POINT ( 'NONE',  ( -6.324999999999999289, 9.900000000000000355, 1.774999999999997469 ) ) ;
#2754 = LINE ( 'NONE', #1778, #2896 ) ;
#2755 = VECTOR ( 'NONE', #5226, 1000.000000000000000 ) ;
#2756 = ORIENTED_EDGE ( 'NONE', *, *, #5710, .F. ) ;
#2757 = AXIS2_PLACEMENT_3D ( 'NONE', #4550, #854, #1360 ) ;
#2758 = LINE ( 'NONE', #1135, #2807 ) ;
#2759 = EDGE_CURVE ( 'NONE', #3906, #328, #2859, .T. ) ;
#2760 = ORIENTED_EDGE ( 'NONE', *, *, #5157, .T. ) ;
#2761 = ORIENTED_EDGE ( 'NONE', *, *, #2669, .T. ) ;
#2762 = VECTOR ( 'NONE', #2944, 1000.000000000000000 ) ;
#2763 = CARTESIAN_POINT ( 'NONE',  ( 4.925000000000000711, 9.900000000000000355, 1.106672683832354716E-15 ) ) ;
#2764 = CARTESIAN_POINT ( 'NONE',  ( -5.389999999999999680, 0.6699999999999998179, -0.5599999999999937250 ) ) ;
#2765 = CARTESIAN_POINT ( 'NONE',  ( 3.319999999999999840, 0.6699999999999997069, 1.585000000000002185 ) ) ;
#2766 = FACE_OUTER_BOUND ( 'NONE', #2892, .T. ) ;
#2767 = DIRECTION ( 'NONE',  ( 0.000000000000000000, -0.000000000000000000, -1.000000000000000000 ) ) ;
#2768 = EDGE_LOOP ( 'NONE', ( #5459, #5324, #5487, #2080 ) ) ;
#2769 = CARTESIAN_POINT ( 'NONE',  ( -2.880000000000001670, -3.180000000000000160, 0.000000000000000000 ) ) ;
#2770 = VERTEX_POINT ( 'NONE', #2365 ) ;
#2771 = VERTEX_POINT ( 'NONE', #4257 ) ;
#2772 = VECTOR ( 'NONE', #4199, 1000.000000000000000 ) ;
#2773 = PLANE ( 'NONE',  #2011 ) ;
#2774 = VECTOR ( 'NONE', #3764, 1000.000000000000000 ) ;
#2775 = EDGE_LOOP ( 'NONE', ( #1133, #1276, #2452, #1218 ) ) ;
#2776 = DIRECTION ( 'NONE',  ( -1.000000000000000000, -0.000000000000000000, -0.000000000000000000 ) ) ;
#2777 = VERTEX_POINT ( 'NONE', #697 ) ;
#2778 = DIRECTION ( 'NONE',  ( 0.000000000000000000, 1.000000000000000000, 0.000000000000000000 ) ) ;
#2779 = ORIENTED_EDGE ( 'NONE', *, *, #926, .T. ) ;
#2780 = DIRECTION ( 'NONE',  ( 0.000000000000000000, 1.000000000000000000, -3.212450881438528789E-16 ) ) ;
#2781 = EDGE_CURVE ( 'NONE', #1443, #3966, #4866, .T. ) ;
#2782 = FACE_OUTER_BOUND ( 'NONE', #1317, .T. ) ;
#2783 = VECTOR ( 'NONE', #4494, 1000.000000000000000 ) ;
#2784 = ORIENTED_EDGE ( 'NONE', *, *, #2676, .F. ) ;
#2785 = DIRECTION ( 'NONE',  ( -1.000000000000000000, -0.000000000000000000, -0.000000000000000000 ) ) ;
#2786 = ORIENTED_EDGE ( 'NONE', *, *, #1969, .T. ) ;
#2787 = DIRECTION ( 'NONE',  ( 1.707404996040164265E-16, 0.000000000000000000, 1.000000000000000000 ) ) ;
#2788 = ORIENTED_EDGE ( 'NONE', *, *, #2096, .F. ) ;
#2789 = CARTESIAN_POINT ( 'NONE',  ( -6.325000000000000178, 8.499999999999992895, 1.044999999999999263 ) ) ;
#2790 = SURFACE_SIDE_STYLE ('',( #1582 ) ) ;
#2791 = DIRECTION ( 'NONE',  ( 0.000000000000000000, 1.000000000000000000, 0.000000000000000000 ) ) ;
#2792 = PLANE ( 'NONE',  #4460 ) ;
#2793 = ADVANCED_FACE ( 'NONE', ( #2900 ), #2520, .T. ) ;
#2794 = LINE ( 'NONE', #1375, #4883 ) ;
#2795 = EDGE_CURVE ( 'NONE', #647, #2777, #950, .T. ) ;
#2796 = VERTEX_POINT ( 'NONE', #584 ) ;
#2797 = ADVANCED_FACE ( 'NONE', ( #963 ), #143, .F. ) ;
#2798 = ORIENTED_EDGE ( 'NONE', *, *, #2530, .T. ) ;
#2799 = VECTOR ( 'NONE', #5184, 1000.000000000000000 ) ;
#2800 = CARTESIAN_POINT ( 'NONE',  ( 6.324999999999999289, 9.900000000000000355, 1.774999999999999245 ) ) ;
#2801 = CARTESIAN_POINT ( 'NONE',  ( 3.319999999999998952, 1.349999999999999867, -0.005000000000001014917 ) ) ;
#2802 = DIRECTION ( 'NONE',  ( 0.000000000000000000, 0.000000000000000000, -1.000000000000000000 ) ) ;
#2803 = FACE_OUTER_BOUND ( 'NONE', #5901, .T. ) ;
#2804 = CARTESIAN_POINT ( 'NONE',  ( 1.300000000000000044, 7.400000000000000355, -2.085000000000000853 ) ) ;
#2805 = EDGE_LOOP ( 'NONE', ( #1437, #4170, #38, #3730 ) ) ;
#2806 = AXIS2_PLACEMENT_3D ( 'NONE', #1810, #3264, #5574 ) ;
#2807 = VECTOR ( 'NONE', #3566, 1000.000000000000000 ) ;
#2808 = CARTESIAN_POINT ( 'NONE',  ( -3.320000000000000728, 3.300000000000000711, 0.6349999999999992317 ) ) ;
#2809 = ORIENTED_EDGE ( 'NONE', *, *, #5322, .F. ) ;
#2810 = ORIENTED_EDGE ( 'NONE', *, *, #1154, .T. ) ;
#2811 = EDGE_LOOP ( 'NONE', ( #5662, #1600, #3272, #3822 ) ) ;
#2812 = EDGE_CURVE ( 'NONE', #1140, #2432, #4925, .T. ) ;
#2813 = VECTOR ( 'NONE', #85, 1000.000000000000000 ) ;
#2814 = AXIS2_PLACEMENT_3D ( 'NONE', #1594, #2027, #1247 ) ;
#2815 = LINE ( 'NONE', #2583, #849 ) ;
#2816 = VERTEX_POINT ( 'NONE', #5527 ) ;
#2817 = PLANE ( 'NONE',  #1790 ) ;
#2818 = PLANE ( 'NONE',  #2107 ) ;
#2819 = EDGE_CURVE ( 'NONE', #1089, #1786, #4954, .T. ) ;
#2820 = VERTEX_POINT ( 'NONE', #4619 ) ;
#2821 = CARTESIAN_POINT ( 'NONE',  ( 3.319999999999998952, 1.269999999999999796, -0.5599999999999980549 ) ) ;
#2822 = PRODUCT_DEFINITION ( 'UNKNOWN', '', #2183, #4547 ) ;
#2823 = ORIENTED_EDGE ( 'NONE', *, *, #1535, .T. ) ;
#2824 = DIRECTION ( 'NONE',  ( 0.000000000000000000, -0.7071067811865477948, -0.7071067811865473507 ) ) ;
#2825 = ORIENTED_EDGE ( 'NONE', *, *, #1947, .T. ) ;
#2826 = CARTESIAN_POINT ( 'NONE',  ( -3.619999999999994778, 9.900000000000000355, 1.584999999999999298 ) ) ;
#2827 = CARTESIAN_POINT ( 'NONE',  ( 6.325000000000000178, 9.900000000000000355, -1.584999999999999964 ) ) ;
#2828 = VECTOR ( 'NONE', #1554, 1000.000000000000000 ) ;
#2829 = ORIENTED_EDGE ( 'NONE', *, *, #2467, .T. ) ;
#2830 = VECTOR ( 'NONE', #2298, 1000.000000000000000 ) ;
#2831 = ORIENTED_EDGE ( 'NONE', *, *, #4527, .F. ) ;
#2832 = ORIENTED_EDGE ( 'NONE', *, *, #5697, .F. ) ;
#2833 = DIRECTION ( 'NONE',  ( 0.000000000000000000, -0.000000000000000000, 1.000000000000000000 ) ) ;
#2834 = CARTESIAN_POINT ( 'NONE',  ( -3.320000000000000728, 6.899999999999995026, -0.005000000000000663636 ) ) ;
#2835 = CARTESIAN_POINT ( 'NONE',  ( -6.325000000000001066, 1.269999999999999796, 1.190000000000006386 ) ) ;
#2836 = STYLED_ITEM ( 'NONE', ( #4942 ), #1071 ) ;
#2837 = PLANE ( 'NONE',  #2996 ) ;
#2838 = FACE_OUTER_BOUND ( 'NONE', #590, .T. ) ;
#2839 = EDGE_CURVE ( 'NONE', #3257, #3352, #1853, .T. ) ;
#2840 = LINE ( 'NONE', #163, #996 ) ;
#2841 = VERTEX_POINT ( 'NONE', #1209 ) ;
#2842 = VERTEX_POINT ( 'NONE', #1599 ) ;
#2843 = ORIENTED_EDGE ( 'NONE', *, *, #5653, .F. ) ;
#2844 = ORIENTED_EDGE ( 'NONE', *, *, #2942, .F. ) ;
#2845 = VECTOR ( 'NONE', #5827, 1000.000000000000000 ) ;
#2846 = DIRECTION ( 'NONE',  ( 0.000000000000000000, 0.000000000000000000, -1.000000000000000000 ) ) ;
#2847 = CARTESIAN_POINT ( 'NONE',  ( -6.325000000000001954, 0.6699999999999998179, -0.5599999999999937250 ) ) ;
#2848 = VECTOR ( 'NONE', #2153, 1000.000000000000000 ) ;
#2849 = DIRECTION ( 'NONE',  ( 0.000000000000000000, 0.000000000000000000, -1.000000000000000000 ) ) ;
#2850 = ORIENTED_EDGE ( 'NONE', *, *, #4530, .F. ) ;
#2851 = VECTOR ( 'NONE', #2732, 1000.000000000000000 ) ;
#2852 = EDGE_CURVE ( 'NONE', #424, #2912, #3821, .T. ) ;
#2853 = ADVANCED_FACE ( 'NONE', ( #1959 ), #3779, .F. ) ;
#2854 = DIRECTION ( 'NONE',  ( -1.000000000000000000, 0.000000000000000000, -0.000000000000000000 ) ) ;
#2855 = ORIENTED_EDGE ( 'NONE', *, *, #4449, .F. ) ;
#2856 = ORIENTED_EDGE ( 'NONE', *, *, #1678, .T. ) ;
#2857 = VECTOR ( 'NONE', #1462, 1000.000000000000000 ) ;
#2858 = CARTESIAN_POINT ( 'NONE',  ( 4.939999999999999503, 1.285879139104718760E-16, 2.024999999999999023 ) ) ;
#2859 = LINE ( 'NONE', #5367, #2886 ) ;
#2860 = EDGE_LOOP ( 'NONE', ( #2447, #2525, #4793, #2507 ) ) ;
#2861 = LINE ( 'NONE', #1676, #1056 ) ;
#2862 = CARTESIAN_POINT ( 'NONE',  ( -2.250000000000001332, 1.849999999999999201, 2.774999999999998135 ) ) ;
#2863 = ORIENTED_EDGE ( 'NONE', *, *, #2852, .T. ) ;
#2864 = CARTESIAN_POINT ( 'NONE',  ( 0.000000000000000000, 8.499999999999992895, 0.000000000000000000 ) ) ;
#2865 = EDGE_CURVE ( 'NONE', #1298, #5053, #3895, .T. ) ;
#2866 = DIRECTION ( 'NONE',  ( 0.000000000000000000, -0.7071067811865473507, 0.7071067811865477948 ) ) ;
#2867 = VERTEX_POINT ( 'NONE', #3004 ) ;
#2868 = PLANE ( 'NONE',  #934 ) ;
#2869 = CARTESIAN_POINT ( 'NONE',  ( -4.939999999999999503, 1.699999999999998623, 2.024999999999999023 ) ) ;
#2870 = VECTOR ( 'NONE', #2661, 1000.000000000000000 ) ;
#2871 = LINE ( 'NONE', #2106, #2848 ) ;
#2872 = VERTEX_POINT ( 'NONE', #4724 ) ;
#2873 = LINE ( 'NONE', #797, #3078 ) ;
#2874 = VERTEX_POINT ( 'NONE', #3437 ) ;
#2875 = DIRECTION ( 'NONE',  ( 0.000000000000000000, -0.000000000000000000, 1.000000000000000000 ) ) ;
#2876 = EDGE_LOOP ( 'NONE', ( #324, #4486, #2137, #2474 ) ) ;
#2877 = CARTESIAN_POINT ( 'NONE',  ( 0.000000000000000000, 0.000000000000000000, 0.000000000000000000 ) ) ;
#2878 = ORIENTED_EDGE ( 'NONE', *, *, #1678, .F. ) ;
#2879 = AXIS2_PLACEMENT_3D ( 'NONE', #2330, #2778, #3289 ) ;
#2880 = CARTESIAN_POINT ( 'NONE',  ( -4.925000000000000711, 8.499999999999992895, -0.9550000000000007372 ) ) ;
#2881 = VECTOR ( 'NONE', #3913, 1000.000000000000000 ) ;
#2882 = CARTESIAN_POINT ( 'NONE',  ( 3.319999999999998952, -2.579999999999992966, 0.6349999999999983435 ) ) ;
#2883 = DIRECTION ( 'NONE',  ( -0.000000000000000000, -0.000000000000000000, 1.000000000000000000 ) ) ;
#2884 = DIRECTION ( 'NONE',  ( 0.000000000000000000, 2.744815626545581052E-16, 1.000000000000000000 ) ) ;
#2885 = LINE ( 'NONE', #1300, #4732 ) ;
#2886 = VECTOR ( 'NONE', #798, 1000.000000000000000 ) ;
#2887 = ORIENTED_EDGE ( 'NONE', *, *, #4340, .F. ) ;
#2888 = FACE_OUTER_BOUND ( 'NONE', #2263, .T. ) ;
#2889 = EDGE_CURVE ( 'NONE', #2912, #5123, #3946, .T. ) ;
#2890 = EDGE_LOOP ( 'NONE', ( #2720, #2856, #795, #2421, #1677 ) ) ;
#2891 = ORIENTED_EDGE ( 'NONE', *, *, #1969, .F. ) ;
#2892 = EDGE_LOOP ( 'NONE', ( #4180, #5248, #2150, #2065, #2708, #1040, #880, #4188, #4820, #762, #2642, #2055 ) ) ;
#2893 = VECTOR ( 'NONE', #2581, 1000.000000000000000 ) ;
#2894 = DIRECTION ( 'NONE',  ( -1.233548213626064722E-31, 1.000000000000000000, -2.744815626545581052E-16 ) ) ;
#2895 = EDGE_CURVE ( 'NONE', #3995, #103, #5893, .T. ) ;
#2896 = VECTOR ( 'NONE', #2139, 1000.000000000000000 ) ;
#2897 = CARTESIAN_POINT ( 'NONE',  ( 1.729999999999998872, 9.900000000000000355, -0.9550000000000004041 ) ) ;
#2898 = DIRECTION ( 'NONE',  ( 1.000000000000000000, -0.000000000000000000, -0.000000000000000000 ) ) ;
#2899 = ADVANCED_FACE ( 'NONE', ( #44 ), #5565, .T. ) ;
#2900 = FACE_OUTER_BOUND ( 'NONE', #69, .T. ) ;
#2901 = CARTESIAN_POINT ( 'NONE',  ( -6.325000000000001066, 0.6699999999999998179, 1.190000000000006608 ) ) ;
#2902 = ORIENTED_EDGE ( 'NONE', *, *, #2501, .F. ) ;
#2903 = EDGE_CURVE ( 'NONE', #377, #2555, #3911, .T. ) ;
#2904 = VECTOR ( 'NONE', #3210, 1000.000000000000000 ) ;
#2905 = ORIENTED_EDGE ( 'NONE', *, *, #1636, .F. ) ;
#2906 = ORIENTED_EDGE ( 'NONE', *, *, #5851, .T. ) ;
#2907 = AXIS2_PLACEMENT_3D ( 'NONE', #2763, #3274, #3654 ) ;
#2908 = ORIENTED_EDGE ( 'NONE', *, *, #5074, .T. ) ;
#2909 = VECTOR ( 'NONE', #2374, 1000.000000000000000 ) ;
#2910 = LINE ( 'NONE', #2800, #838 ) ;
#2911 = FACE_OUTER_BOUND ( 'NONE', #3147, .T. ) ;
#2912 = VERTEX_POINT ( 'NONE', #2408 ) ;
#2913 = AXIS2_PLACEMENT_3D ( 'NONE', #1925, #1575, #3359 ) ;
#2914 = FACE_BOUND ( 'NONE', #918, .T. ) ;
#2915 = DIRECTION ( 'NONE',  ( 0.000000000000000000, -1.000000000000000000, 3.236424395479117765E-16 ) ) ;
#2916 = ADVANCED_FACE ( 'NONE', ( #8 ), #5601, .F. ) ;
#2917 = ORIENTED_EDGE ( 'NONE', *, *, #1835, .T. ) ;
#2918 = EDGE_CURVE ( 'NONE', #610, #2427, #1968, .T. ) ;
#2919 = CARTESIAN_POINT ( 'NONE',  ( -3.320000000000000728, 1.349999999999999867, -0.005000000000001014917 ) ) ;
#2920 = DIRECTION ( 'NONE',  ( -0.8869140841669813646, -0.000000000000000000, 0.4619344188369649551 ) ) ;
#2921 = VERTEX_POINT ( 'NONE', #3504 ) ;
#2922 = LINE ( 'NONE', #2071, #4895 ) ;
#2923 = LINE ( 'NONE', #1404, #935 ) ;
#2924 = VECTOR ( 'NONE', #3405, 1000.000000000000114 ) ;
#2925 = ORIENTED_EDGE ( 'NONE', *, *, #2111, .T. ) ;
#2926 = LINE ( 'NONE', #5825, #4816 ) ;
#2927 = AXIS2_PLACEMENT_3D ( 'NONE', #4424, #2894, #4277 ) ;
#2928 = ORIENTED_EDGE ( 'NONE', *, *, #2010, .F. ) ;
#2929 = ORIENTED_EDGE ( 'NONE', *, *, #5507, .T. ) ;
#2930 = EDGE_CURVE ( 'NONE', #1307, #1191, #1831, .T. ) ;
#2931 = VERTEX_POINT ( 'NONE', #5340 ) ;
#2932 = PLANE ( 'NONE',  #486 ) ;
#2933 = VECTOR ( 'NONE', #1313, 1000.000000000000000 ) ;
#2934 = DIRECTION ( 'NONE',  ( 1.000000000000000000, 0.000000000000000000, -4.494102269369968727E-16 ) ) ;
#2935 = CARTESIAN_POINT ( 'NONE',  ( 6.325000000000000178, 1.270000000000002016, -1.584999999999999964 ) ) ;
#2936 = CARTESIAN_POINT ( 'NONE',  ( -5.389999999999999680, 0.6699999999999997069, -0.9549999999999941869 ) ) ;
#2937 = VERTEX_POINT ( 'NONE', #4508 ) ;
#2938 = VECTOR ( 'NONE', #4922, 1000.000000000000000 ) ;
#2939 = ORIENTED_EDGE ( 'NONE', *, *, #3776, .T. ) ;
#2940 = VECTOR ( 'NONE', #2417, 1000.000000000000000 ) ;
#2941 = CARTESIAN_POINT ( 'NONE',  ( 6.325000000000000178, -1.200000000000001510, 2.784999999999999698 ) ) ;
#2942 = EDGE_CURVE ( 'NONE', #4730, #3034, #1902, .T. ) ;
#2943 = CARTESIAN_POINT ( 'NONE',  ( 4.924999999999999822, 8.499999999999992895, 1.044999999999999263 ) ) ;
#2944 = DIRECTION ( 'NONE',  ( 0.000000000000000000, 2.744815626545581052E-16, -1.000000000000000000 ) ) ;
#2945 = CARTESIAN_POINT ( 'NONE',  ( 2.679999999999999272, 1.350000000000000089, -1.585000000000000409 ) ) ;
#2946 = LINE ( 'NONE', #4890, #4853 ) ;
#2947 = DIRECTION ( 'NONE',  ( -0.000000000000000000, 0.000000000000000000, 1.000000000000000000 ) ) ;
#2948 = ORIENTED_EDGE ( 'NONE', *, *, #3924, .T. ) ;
#2949 = FACE_OUTER_BOUND ( 'NONE', #5832, .T. ) ;
#2950 = VERTEX_POINT ( 'NONE', #2074 ) ;
#2951 = ORIENTED_EDGE ( 'NONE', *, *, #5004, .T. ) ;
#2952 = ORIENTED_EDGE ( 'NONE', *, *, #3396, .F. ) ;
#2953 = LINE ( 'NONE', #4062, #2940 ) ;
#2954 = EDGE_CURVE ( 'NONE', #3759, #4601, #5783, .T. ) ;
#2955 = DIRECTION ( 'NONE',  ( 1.000000000000000000, -0.000000000000000000, -4.494102269369968727E-16 ) ) ;
#2956 = ORIENTED_EDGE ( 'NONE', *, *, #4815, .T. ) ;
#2957 = FACE_OUTER_BOUND ( 'NONE', #453, .T. ) ;
#2958 = ORIENTED_EDGE ( 'NONE', *, *, #1835, .F. ) ;
#2959 = PLANE ( 'NONE',  #334 ) ;
#2960 = ORIENTED_EDGE ( 'NONE', *, *, #2002, .T. ) ;
#2961 = DIRECTION ( 'NONE',  ( 0.000000000000000000, -2.744815626545581052E-16, -1.000000000000000000 ) ) ;
#2962 = ORIENTED_EDGE ( 'NONE', *, *, #5862, .F. ) ;
#2963 = DIRECTION ( 'NONE',  ( 1.000000000000000000, -0.000000000000000000, -4.494102269369968727E-16 ) ) ;
#2964 = CARTESIAN_POINT ( 'NONE',  ( 0.000000000000000000, 7.500000000000001776, 0.4349999999999987765 ) ) ;
#2965 = LINE ( 'NONE', #592, #3014 ) ;
#2966 = ORIENTED_EDGE ( 'NONE', *, *, #3387, .T. ) ;
#2967 = PRESENTATION_STYLE_ASSIGNMENT (( #3434 ) ) ;
#2968 = ADVANCED_FACE ( 'NONE', ( #5877 ), #5853, .T. ) ;
#2969 = ORIENTED_EDGE ( 'NONE', *, *, #1098, .T. ) ;
#2970 = DIRECTION ( 'NONE',  ( -0.000000000000000000, -0.000000000000000000, 1.000000000000000000 ) ) ;
#2971 =( LENGTH_UNIT ( ) NAMED_UNIT ( * ) SI_UNIT ( .MILLI., .METRE. ) );
#2972 = ORIENTED_EDGE ( 'NONE', *, *, #2161, .T. ) ;
#2973 = VECTOR ( 'NONE', #2017, 1000.000000000000000 ) ;
#2974 = PLANE ( 'NONE',  #2913 ) ;
#2975 = CARTESIAN_POINT ( 'NONE',  ( 3.319999999999998952, -2.579999999999992966, -0.005000000000002567495 ) ) ;
#2976 = EDGE_CURVE ( 'NONE', #2842, #3412, #3827, .T. ) ;
#2977 = DIRECTION ( 'NONE',  ( 0.000000000000000000, 1.000000000000000000, -3.212450881438528789E-16 ) ) ;
#2978 = VECTOR ( 'NONE', #3074, 1000.000000000000000 ) ;
#2979 = EDGE_LOOP ( 'NONE', ( #744, #622, #2509, #4546 ) ) ;
#2980 = EDGE_CURVE ( 'NONE', #5069, #4411, #1989, .T. ) ;
#2981 = ORIENTED_EDGE ( 'NONE', *, *, #1578, .F. ) ;
#2982 = VERTEX_POINT ( 'NONE', #384 ) ;
#2983 = FACE_OUTER_BOUND ( 'NONE', #683, .T. ) ;
#2984 = LINE ( 'NONE', #2690, #4950 ) ;
#2985 = DIRECTION ( 'NONE',  ( 0.000000000000000000, 1.000000000000000000, -0.000000000000000000 ) ) ;
#2986 = EDGE_CURVE ( 'NONE', #3128, #610, #3936, .T. ) ;
#2987 = DIRECTION ( 'NONE',  ( 0.000000000000000000, -2.744815626545581052E-16, -1.000000000000000000 ) ) ;
#2988 = CARTESIAN_POINT ( 'NONE',  ( 2.679999999999998384, 1.269999999999999796, 1.190000000000006386 ) ) ;
#2989 = AXIS2_PLACEMENT_3D ( 'NONE', #1920, #2415, #2875 ) ;
#2990 = LINE ( 'NONE', #3391, #5164 ) ;
#2991 = EDGE_LOOP ( 'NONE', ( #3889, #5062, #1471, #5679 ) ) ;
#2992 = CARTESIAN_POINT ( 'NONE',  ( -0.3200000000000008393, 7.500000000000001776, 0.6349999999999992317 ) ) ;
#2993 = CARTESIAN_POINT ( 'NONE',  ( 3.119999999999998774, 7.500000000000001776, 0.000000000000000000 ) ) ;
#2994 = ORIENTED_EDGE ( 'NONE', *, *, #1990, .F. ) ;
#2995 = ORIENTED_EDGE ( 'NONE', *, *, #4636, .T. ) ;
#2996 = AXIS2_PLACEMENT_3D ( 'NONE', #1038, #4631, #1124 ) ;
#2997 = AXIS2_PLACEMENT_3D ( 'NONE', #2864, #736, #3741 ) ;
#2998 = EDGE_CURVE ( 'NONE', #688, #4748, #64, .T. ) ;
#2999 = CARTESIAN_POINT ( 'NONE',  ( 6.835927835051547774, -0.7742268041237130305, 1.374072164948451080 ) ) ;
#3000 = ORIENTED_EDGE ( 'NONE', *, *, #4292, .F. ) ;
#3001 = VECTOR ( 'NONE', #1897, 1000.000000000000000 ) ;
#3002 = CARTESIAN_POINT ( 'NONE',  ( -3.320000000000000728, 1.269999999999999796, 1.190000000000005720 ) ) ;
#3003 = CARTESIAN_POINT ( 'NONE',  ( -3.320000000000000728, 1.349999999999999423, 2.024999999999999023 ) ) ;
#3004 = CARTESIAN_POINT ( 'NONE',  ( 6.324999999999999289, 8.499999999999992895, 1.044999999999999263 ) ) ;
#3005 = ORIENTED_EDGE ( 'NONE', *, *, #2852, .F. ) ;
#3006 = LINE ( 'NONE', #5652, #1041 ) ;
#3007 = AXIS2_PLACEMENT_3D ( 'NONE', #4044, #5021, #3253 ) ;
#3008 = VECTOR ( 'NONE', #4120, 1000.000000000000000 ) ;
#3009 = ADVANCED_FACE ( 'NONE', ( #5835 ), #301, .F. ) ;
#3010 = LINE ( 'NONE', #5371, #5031 ) ;
#3011 = ORIENTED_EDGE ( 'NONE', *, *, #3052, .F. ) ;
#3012 = ORIENTED_EDGE ( 'NONE', *, *, #2010, .T. ) ;
#3013 = ORIENTED_EDGE ( 'NONE', *, *, #3260, .T. ) ;
#3014 = VECTOR ( 'NONE', #1889, 1000.000000000000000 ) ;
#3015 = CARTESIAN_POINT ( 'NONE',  ( -6.024999999999995026, -1.449999999999999956, 2.185000000000004494 ) ) ;
#3016 = CARTESIAN_POINT ( 'NONE',  ( -0.3200000000000008393, 3.300000000000000711, 0.6349999999999992317 ) ) ;
#3017 = SURFACE_SIDE_STYLE ('',( #105 ) ) ;
#3018 = VECTOR ( 'NONE', #5727, 1000.000000000000000 ) ;
#3019 = ORIENTED_EDGE ( 'NONE', *, *, #1867, .F. ) ;
#3020 = FACE_OUTER_BOUND ( 'NONE', #3852, .T. ) ;
#3021 = ORIENTED_EDGE ( 'NONE', *, *, #239, .F. ) ;
#3022 = EDGE_CURVE ( 'NONE', #2937, #4196, #5824, .T. ) ;
#3023 = EDGE_LOOP ( 'NONE', ( #2779, #1710, #561 ) ) ;
#3024 = VECTOR ( 'NONE', #506, 1000.000000000000000 ) ;
#3025 = CARTESIAN_POINT ( 'NONE',  ( -4.270000000000001350, 9.900000000000000355, -0.9550000000000004041 ) ) ;
#3026 = VECTOR ( 'NONE', #1503, 1000.000000000000000 ) ;
#3027 = CARTESIAN_POINT ( 'NONE',  ( 6.324999999999999289, 1.849999999999999201, 1.774999999999999245 ) ) ;
#3028 = CARTESIAN_POINT ( 'NONE',  ( -2.680000000000001048, -7.265096679918780609, 0.6349999999999974554 ) ) ;
#3029 = LINE ( 'NONE', #3962, #3221 ) ;
#3030 = CARTESIAN_POINT ( 'NONE',  ( -5.674999999999999822, -1.199999999999996181, 1.884999999999999787 ) ) ;
#3031 = ORIENTED_EDGE ( 'NONE', *, *, #3457, .T. ) ;
#3032 = VECTOR ( 'NONE', #1188, 1000.000000000000000 ) ;
#3033 = DIRECTION ( 'NONE',  ( -1.000000000000000000, 0.000000000000000000, 1.280553747030123075E-16 ) ) ;
#3034 = VERTEX_POINT ( 'NONE', #3140 ) ;
#3035 = ORIENTED_EDGE ( 'NONE', *, *, #2344, .F. ) ;
#3036 = EDGE_CURVE ( 'NONE', #4247, #4876, #1908, .T. ) ;
#3037 = SURFACE_STYLE_FILL_AREA ( #4698 ) ;
#3038 = LINE ( 'NONE', #5330, #3018 ) ;
#3039 = CARTESIAN_POINT ( 'NONE',  ( -3.320000000000000728, 3.300000000000000711, 0.6349999999999992317 ) ) ;
#3040 = ORIENTED_EDGE ( 'NONE', *, *, #3784, .T. ) ;
#3041 = LINE ( 'NONE', #199, #3032 ) ;
#3042 = DIRECTION ( 'NONE',  ( 1.000000000000000000, 0.000000000000000000, -4.494102269369968727E-16 ) ) ;
#3043 = ORIENTED_EDGE ( 'NONE', *, *, #3497, .T. ) ;
#3044 = DIRECTION ( 'NONE',  ( 0.000000000000000000, 0.000000000000000000, -1.000000000000000000 ) ) ;
#3045 = EDGE_LOOP ( 'NONE', ( #3439, #5830, #1812, #3774 ) ) ;
#3046 = CARTESIAN_POINT ( 'NONE',  ( -6.325000000000001954, 0.6699999999999998179, -0.5599999999999937250 ) ) ;
#3047 = LINE ( 'NONE', #5325, #2973 ) ;
#3048 = EDGE_LOOP ( 'NONE', ( #2743, #1985, #114, #4777 ) ) ;
#3049 = VECTOR ( 'NONE', #4392, 1000.000000000000000 ) ;
#3050 = ORIENTED_EDGE ( 'NONE', *, *, #545, .T. ) ;
#3051 = DIRECTION ( 'NONE',  ( 4.494102269369968727E-16, 3.236424395479117272E-16, 1.000000000000000000 ) ) ;
#3052 = EDGE_CURVE ( 'NONE', #2078, #5810, #1980, .T. ) ;
#3053 = FACE_OUTER_BOUND ( 'NONE', #4693, .T. ) ;
#3054 = DIRECTION ( 'NONE',  ( 0.000000000000000000, 3.388131789017201849E-16, -1.000000000000000000 ) ) ;
#3055 = DIRECTION ( 'NONE',  ( 0.000000000000000000, 1.000000000000000000, 0.000000000000000000 ) ) ;
#3056 = DIRECTION ( 'NONE',  ( 0.000000000000000000, 2.744815626545581052E-16, 1.000000000000000000 ) ) ;
#3057 = CARTESIAN_POINT ( 'NONE',  ( -1.730000000000000870, 3.300000000000000711, 1.584999999999999076 ) ) ;
#3058 = DIRECTION ( 'NONE',  ( -0.000000000000000000, -0.000000000000000000, 1.000000000000000000 ) ) ;
#3059 = EDGE_CURVE ( 'NONE', #2623, #4672, #1886, .T. ) ;
#3060 = ADVANCED_FACE ( 'NONE', ( #55 ), #776, .F. ) ;
#3061 = CARTESIAN_POINT ( 'NONE',  ( -3.320000000000000728, -7.265096679918780609, -0.005000000000002567495 ) ) ;
#3062 = LINE ( 'NONE', #1796, #5040 ) ;
#3063 = ORIENTED_EDGE ( 'NONE', *, *, #5061, .T. ) ;
#3064 = LINE ( 'NONE', #1299, #2938 ) ;
#3065 = ORIENTED_EDGE ( 'NONE', *, *, #2735, .F. ) ;
#3066 = VERTEX_POINT ( 'NONE', #5702 ) ;
#3067 = EDGE_CURVE ( 'NONE', #80, #4989, #1918, .T. ) ;
#3068 = EDGE_LOOP ( 'NONE', ( #2887, #909, #4699, #920 ) ) ;
#3069 = VECTOR ( 'NONE', #4305, 1000.000000000000000 ) ;
#3070 = VECTOR ( 'NONE', #3244, 1000.000000000000000 ) ;
#3071 = PLANE ( 'NONE',  #4391 ) ;
#3072 = CARTESIAN_POINT ( 'NONE',  ( -6.325000000000001954, -3.252606517456513302E-16, -0.9549999999999938538 ) ) ;
#3073 = CARTESIAN_POINT ( 'NONE',  ( -3.320000000000000728, 1.349999999999999423, 2.024999999999999023 ) ) ;
#3074 = DIRECTION ( 'NONE',  ( -0.8869140841669813646, -0.000000000000000000, 0.4619344188369649551 ) ) ;
#3075 = DIRECTION ( 'NONE',  ( 1.000000000000000000, 0.000000000000000000, -4.494102269369968727E-16 ) ) ;
#3076 = LINE ( 'NONE', #723, #3136 ) ;
#3077 = ORIENTED_EDGE ( 'NONE', *, *, #4617, .F. ) ;
#3078 = VECTOR ( 'NONE', #1346, 1000.000000000000000 ) ;
#3079 = AXIS2_PLACEMENT_3D ( 'NONE', #4564, #476, #3656 ) ;
#3080 = DIRECTION ( 'NONE',  ( 0.000000000000000000, 1.000000000000000000, 0.000000000000000000 ) ) ;
#3081 = ORIENTED_EDGE ( 'NONE', *, *, #3220, .T. ) ;
#3082 = ORIENTED_EDGE ( 'NONE', *, *, #3341, .F. ) ;
#3083 = EDGE_LOOP ( 'NONE', ( #5555, #4197, #1674, #3926 ) ) ;
#3084 = EDGE_CURVE ( 'NONE', #4661, #1284, #3887, .T. ) ;
#3085 = ORIENTED_EDGE ( 'NONE', *, *, #3271, .F. ) ;
#3086 = VECTOR ( 'NONE', #984, 1000.000000000000000 ) ;
#3087 = LINE ( 'NONE', #5563, #1157 ) ;
#3088 = DIRECTION ( 'NONE',  ( -0.000000000000000000, -0.000000000000000000, 1.000000000000000000 ) ) ;
#3089 = VERTEX_POINT ( 'NONE', #1669 ) ;
#3090 = CARTESIAN_POINT ( 'NONE',  ( 3.000000000000000000, 7.500000000000001776, 0.4349999999999987765 ) ) ;
#3091 = LINE ( 'NONE', #4126, #5247 ) ;
#3092 = DIRECTION ( 'NONE',  ( -2.247051134684983870E-16, 0.000000000000000000, -1.000000000000000000 ) ) ;
#3093 = ORIENTED_EDGE ( 'NONE', *, *, #2073, .T. ) ;
#3094 = PLANE ( 'NONE',  #2091 ) ;
#3095 = EDGE_LOOP ( 'NONE', ( #3165, #2023, #1136, #3077 ) ) ;
#3096 = CARTESIAN_POINT ( 'NONE',  ( -6.325000000000001954, 0.6699999999999997069, -0.9549999999999937428 ) ) ;
#3097 = EDGE_LOOP ( 'NONE', ( #2130, #3498, #3384, #1222 ) ) ;
#3098 = PLANE ( 'NONE',  #4536 ) ;
#3099 = VECTOR ( 'NONE', #3363, 1000.000000000000000 ) ;
#3100 = VECTOR ( 'NONE', #4327, 1000.000000000000000 ) ;
#3101 = ORIENTED_EDGE ( 'NONE', *, *, #4225, .F. ) ;
#3102 = VECTOR ( 'NONE', #4688, 1000.000000000000000 ) ;
#3103 = ORIENTED_EDGE ( 'NONE', *, *, #4152, .F. ) ;
#3104 = DIRECTION ( 'NONE',  ( 0.000000000000000000, -1.000000000000000000, -1.618212197739558882E-16 ) ) ;
#3105 = VERTEX_POINT ( 'NONE', #2599 ) ;
#3106 = LINE ( 'NONE', #2256, #3275 ) ;
#3107 = DIRECTION ( 'NONE',  ( 0.000000000000000000, 0.000000000000000000, -1.000000000000000000 ) ) ;
#3108 = DIRECTION ( 'NONE',  ( 0.000000000000000000, 2.744815626545581052E-16, -1.000000000000000000 ) ) ;
#3109 = DIRECTION ( 'NONE',  ( 0.000000000000000000, 1.000000000000000000, 0.000000000000000000 ) ) ;
#3110 = DIRECTION ( 'NONE',  ( -0.000000000000000000, -0.000000000000000000, 1.000000000000000000 ) ) ;
#3111 = CARTESIAN_POINT ( 'NONE',  ( 6.000000000000000000, 3.300000000000000711, 0.000000000000000000 ) ) ;
#3112 = DIRECTION ( 'NONE',  ( 0.000000000000000000, -1.801998070613027504E-16, 1.000000000000000000 ) ) ;
#3113 = EDGE_CURVE ( 'NONE', #4464, #3845, #74, .T. ) ;
#3114 =( NAMED_UNIT ( * ) PLANE_ANGLE_UNIT ( ) SI_UNIT ( $, .RADIAN. ) );
#3115 = VECTOR ( 'NONE', #2363, 1000.000000000000000 ) ;
#3116 = VERTEX_POINT ( 'NONE', #1361 ) ;
#3117 = VECTOR ( 'NONE', #3668, 1000.000000000000000 ) ;
#3118 = VERTEX_POINT ( 'NONE', #1744 ) ;
#3119 = ORIENTED_EDGE ( 'NONE', *, *, #5288, .F. ) ;
#3120 = VECTOR ( 'NONE', #790, 1000.000000000000000 ) ;
#3121 = DIRECTION ( 'NONE',  ( 0.000000000000000000, -2.744815626545581052E-16, 1.000000000000000000 ) ) ;
#3122 = CARTESIAN_POINT ( 'NONE',  ( 6.325000000000000178, 1.850000000000000089, 1.774999999999999245 ) ) ;
#3123 = CARTESIAN_POINT ( 'NONE',  ( 4.924999999999999822, 9.900000000000000355, -1.584999999999999964 ) ) ;
#3124 = DIRECTION ( 'NONE',  ( 1.000000000000000000, 0.000000000000000000, -0.000000000000000000 ) ) ;
#3125 = ADVANCED_FACE ( 'NONE', ( #4000 ), #5540, .F. ) ;
#3126 = FACE_OUTER_BOUND ( 'NONE', #2876, .T. ) ;
#3127 = CARTESIAN_POINT ( 'NONE',  ( 2.879999999999999893, 7.500000000000001776, 0.000000000000000000 ) ) ;
#3128 = VERTEX_POINT ( 'NONE', #2419 ) ;
#3129 = CARTESIAN_POINT ( 'NONE',  ( -0.3200000000000008393, 1.349999999999999645, 0.6349999999999990097 ) ) ;
#3130 = ORIENTED_EDGE ( 'NONE', *, *, #473, .F. ) ;
#3131 = CARTESIAN_POINT ( 'NONE',  ( 3.757474226804116579, 0.3979381443298916077, 4.702525773195882941 ) ) ;
#3132 = ORIENTED_EDGE ( 'NONE', *, *, #821, .T. ) ;
#3133 = VERTEX_POINT ( 'NONE', #3754 ) ;
#3134 = LINE ( 'NONE', #1435, #3217 ) ;
#3135 = EDGE_CURVE ( 'NONE', #3635, #3787, #3802, .T. ) ;
#3136 = VECTOR ( 'NONE', #1280, 1000.000000000000000 ) ;
#3137 = VERTEX_POINT ( 'NONE', #3382 ) ;
#3138 = CARTESIAN_POINT ( 'NONE',  ( -5.389999999999997904, 1.850000000000000089, 2.785000000000001030 ) ) ;
#3139 = ORIENTED_EDGE ( 'NONE', *, *, #2553, .T. ) ;
#3140 = CARTESIAN_POINT ( 'NONE',  ( -1.300000000000000044, 8.149999999999998579, -2.785000000000001030 ) ) ;
#3141 = DIRECTION ( 'NONE',  ( -0.3015113445777614087, -0.9045340337332923308, -0.3015113445777614087 ) ) ;
#3142 = ORIENTED_EDGE ( 'NONE', *, *, #3052, .T. ) ;
#3143 = LINE ( 'NONE', #5792, #5249 ) ;
#3144 = EDGE_CURVE ( 'NONE', #1841, #889, #2070, .T. ) ;
#3145 = EDGE_CURVE ( 'NONE', #4411, #5423, #4118, .T. ) ;
#3146 = LINE ( 'NONE', #3704, #5175 ) ;
#3147 = EDGE_LOOP ( 'NONE', ( #752, #2025, #1093, #2396 ) ) ;
#3148 = COLOUR_RGB ( '',0.7921568627450980005, 0.8196078431372548767, 0.9333333333333333481 ) ;
#3149 = ORIENTED_EDGE ( 'NONE', *, *, #599, .T. ) ;
#3150 = VERTEX_POINT ( 'NONE', #1517 ) ;
#3151 = PLANE ( 'NONE',  #5149 ) ;
#3152 = EDGE_CURVE ( 'NONE', #2200, #4206, #2122, .T. ) ;
#3153 = ORIENTED_EDGE ( 'NONE', *, *, #317, .T. ) ;
#3154 = AXIS2_PLACEMENT_3D ( 'NONE', #4646, #578, #2560 ) ;
#3155 = LINE ( 'NONE', #4203, #5243 ) ;
#3156 = DIRECTION ( 'NONE',  ( 0.6635381078444683167, 0.6635381078444720915, 0.3455927645023263439 ) ) ;
#3157 = DIRECTION ( 'NONE',  ( -1.000000000000000000, -0.000000000000000000, -0.000000000000000000 ) ) ;
#3158 = DIRECTION ( 'NONE',  ( 0.000000000000000000, -2.744815626545581052E-16, -1.000000000000000000 ) ) ;
#3159 = PRESENTATION_LAYER_ASSIGNMENT (  '', '', ( #3651 ) ) ;
#3160 = EDGE_CURVE ( 'NONE', #3618, #2427, #2196, .T. ) ;
#3161 = CARTESIAN_POINT ( 'NONE',  ( 6.324999999999999289, 9.900000000000002132, 1.189999999999997504 ) ) ;
#3162 = VECTOR ( 'NONE', #5158, 999.9999999999998863 ) ;
#3163 = EDGE_LOOP ( 'NONE', ( #4473, #5663, #2634, #5604, #2295 ) ) ;
#3164 = VECTOR ( 'NONE', #5761, 1000.000000000000000 ) ;
#3165 = ORIENTED_EDGE ( 'NONE', *, *, #3584, .T. ) ;
#3166 = FACE_OUTER_BOUND ( 'NONE', #3633, .T. ) ;
#3167 = AXIS2_PLACEMENT_3D ( 'NONE', #5223, #1581, #1552 ) ;
#3168 = CARTESIAN_POINT ( 'NONE',  ( 6.024999999999999467, -1.449999999999999956, 2.784999999999999698 ) ) ;
#3169 = DIRECTION ( 'NONE',  ( 1.000000000000000000, 0.000000000000000000, 0.000000000000000000 ) ) ;
#3170 = CARTESIAN_POINT ( 'NONE',  ( 3.119999999999998774, 7.500000000000001776, 0.1949999999999998679 ) ) ;
#3171 = EDGE_CURVE ( 'NONE', #2586, #3206, #4184, .T. ) ;
#3172 = FACE_OUTER_BOUND ( 'NONE', #5003, .T. ) ;
#3173 =( NAMED_UNIT ( * ) PLANE_ANGLE_UNIT ( ) SI_UNIT ( $, .RADIAN. ) );
#3174 = EDGE_LOOP ( 'NONE', ( #3453, #3226, #4145, #5363 ) ) ;
#3175 = LINE ( 'NONE', #4889, #3164 ) ;
#3176 = CARTESIAN_POINT ( 'NONE',  ( 2.679999999999999272, 0.6699999999999997069, -0.9549999999999977396 ) ) ;
#3177 = ORIENTED_EDGE ( 'NONE', *, *, #1087, .F. ) ;
#3178 = CARTESIAN_POINT ( 'NONE',  ( -5.389999999999997904, 1.849999999999999201, 2.024999999999999023 ) ) ;
#3179 = EDGE_LOOP ( 'NONE', ( #1957, #5837, #3909, #1445 ) ) ;
#3180 = ADVANCED_FACE ( 'NONE', ( #2083 ), #555, .T. ) ;
#3181 = LINE ( 'NONE', #4970, #3301 ) ;
#3182 = ORIENTED_EDGE ( 'NONE', *, *, #1063, .T. ) ;
#3183 = ADVANCED_FACE ( 'NONE', ( #4137 ), #4700, .F. ) ;
#3184 = PRESENTATION_STYLE_ASSIGNMENT (( #4048 ) ) ;
#3185 = ORIENTED_EDGE ( 'NONE', *, *, #1879, .T. ) ;
#3186 = FILL_AREA_STYLE_COLOUR ( '', #1396 ) ;
#3187 = CARTESIAN_POINT ( 'NONE',  ( -3.788917525773194406, -3.313402061855665437, 0.2489175257731901514 ) ) ;
#3188 = VERTEX_POINT ( 'NONE', #2377 ) ;
#3189 = CARTESIAN_POINT ( 'NONE',  ( -5.389999999999999680, 1.269999999999999796, 1.190000000000006386 ) ) ;
#3190 = VERTEX_POINT ( 'NONE', #942 ) ;
#3191 = VECTOR ( 'NONE', #4714, 1000.000000000000000 ) ;
#3192 = ORIENTED_EDGE ( 'NONE', *, *, #2293, .F. ) ;
#3193 = FACE_OUTER_BOUND ( 'NONE', #593, .T. ) ;
#3194 = ORIENTED_EDGE ( 'NONE', *, *, #2383, .T. ) ;
#3195 = ORIENTED_EDGE ( 'NONE', *, *, #3450, .T. ) ;
#3196 = ORIENTED_EDGE ( 'NONE', *, *, #844, .T. ) ;
#3197 = EDGE_CURVE ( 'NONE', #4859, #4633, #108, .T. ) ;
#3198 = DIRECTION ( 'NONE',  ( 0.000000000000000000, -1.000000000000000000, 3.236424395479117765E-16 ) ) ;
#3199 = PLANE ( 'NONE',  #3923 ) ;
#3200 = CARTESIAN_POINT ( 'NONE',  ( -2.680000000000001048, -7.265096679918780609, -0.005000000000002567495 ) ) ;
#3201 = EDGE_LOOP ( 'NONE', ( #3738, #5500, #4093, #5382, #1758, #4597, #402, #2009 ) ) ;
#3202 = DIRECTION ( 'NONE',  ( -4.638298064109109804E-16, 0.000000000000000000, -1.000000000000000000 ) ) ;
#3203 = CARTESIAN_POINT ( 'NONE',  ( 4.939999999999999503, 1.285879139104718760E-16, -1.584999999999999964 ) ) ;
#3204 = FACE_OUTER_BOUND ( 'NONE', #1029, .T. ) ;
#3205 = ORIENTED_EDGE ( 'NONE', *, *, #361, .T. ) ;
#3206 = VERTEX_POINT ( 'NONE', #4108 ) ;
#3207 = ORIENTED_EDGE ( 'NONE', *, *, #4050, .F. ) ;
#3208 = VECTOR ( 'NONE', #3369, 1000.000000000000000 ) ;
#3209 = CARTESIAN_POINT ( 'NONE',  ( 0.3199999999999991185, 1.349999999999999867, -0.005000000000001014917 ) ) ;
#3210 = DIRECTION ( 'NONE',  ( 0.000000000000000000, -1.000000000000000000, -1.618212197739558882E-16 ) ) ;
#3211 = ORIENTED_EDGE ( 'NONE', *, *, #2669, .F. ) ;
#3212 = CARTESIAN_POINT ( 'NONE',  ( -3.261818181818183504, -2.754545454545446415, 0.5768181818181810083 ) ) ;
#3213 = ORIENTED_EDGE ( 'NONE', *, *, #985, .T. ) ;
#3214 = EDGE_LOOP ( 'NONE', ( #2410, #992, #4770 ) ) ;
#3215 = EDGE_CURVE ( 'NONE', #2683, #3858, #247, .T. ) ;
#3216 = VERTEX_POINT ( 'NONE', #4552 ) ;
#3217 = VECTOR ( 'NONE', #5189, 1000.000000000000000 ) ;
#3218 = ADVANCED_FACE ( 'NONE', ( #4087 ), #1545, .F. ) ;
#3219 = VECTOR ( 'NONE', #5302, 1000.000000000000000 ) ;
#3220 = EDGE_CURVE ( 'NONE', #5145, #2100, #280, .T. ) ;
#3221 = VECTOR ( 'NONE', #4848, 1000.000000000000000 ) ;
#3222 = PLANE ( 'NONE',  #170 ) ;
#3223 = ORIENTED_EDGE ( 'NONE', *, *, #2179, .T. ) ;
#3224 = CARTESIAN_POINT ( 'NONE',  ( -2.880000000000001670, 7.500000000000001776, 0.4349999999999987765 ) ) ;
#3225 = CARTESIAN_POINT ( 'NONE',  ( 4.269999999999999574, 3.300000000000000711, -0.9550000000000007372 ) ) ;
#3226 = ORIENTED_EDGE ( 'NONE', *, *, #4605, .T. ) ;
#3227 = EDGE_CURVE ( 'NONE', #4206, #5076, #161, .T. ) ;
#3228 = PLANE ( 'NONE',  #5528 ) ;
#3229 = ORIENTED_EDGE ( 'NONE', *, *, #2976, .F. ) ;
#3230 = DIRECTION ( 'NONE',  ( 0.000000000000000000, 0.000000000000000000, 1.000000000000000000 ) ) ;
#3231 = ORIENTED_EDGE ( 'NONE', *, *, #3510, .T. ) ;
#3232 = PRESENTATION_LAYER_ASSIGNMENT (  '', '', ( #5589 ) ) ;
#3233 = FACE_OUTER_BOUND ( 'NONE', #2303, .T. ) ;
#3234 = ORIENTED_EDGE ( 'NONE', *, *, #5472, .F. ) ;
#3235 = ADVANCED_FACE ( 'NONE', ( #2224 ), #1425, .F. ) ;
#3236 = VECTOR ( 'NONE', #620, 1000.000000000000000 ) ;
#3237 = ORIENTED_EDGE ( 'NONE', *, *, #3392, .T. ) ;
#3238 = EDGE_CURVE ( 'NONE', #5053, #2683, #135, .T. ) ;
#3239 = VERTEX_POINT ( 'NONE', #1456 ) ;
#3240 = AXIS2_PLACEMENT_3D ( 'NONE', #4014, #374, #4418 ) ;
#3241 = VECTOR ( 'NONE', #1865, 1000.000000000000000 ) ;
#3242 = PLANE ( 'NONE',  #1249 ) ;
#3243 = DIRECTION ( 'NONE',  ( -1.000000000000000000, 0.000000000000000000, 0.000000000000000000 ) ) ;
#3244 = DIRECTION ( 'NONE',  ( 0.000000000000000000, -1.000000000000000000, 0.000000000000000000 ) ) ;
#3245 = PLANE ( 'NONE',  #4755 ) ;
#3246 = CARTESIAN_POINT ( 'NONE',  ( -6.325000000000001954, 0.6699999999999997069, -0.9549999999999937428 ) ) ;
#3247 = LINE ( 'NONE', #5491, #3312 ) ;
#3248 = ORIENTED_EDGE ( 'NONE', *, *, #3612, .T. ) ;
#3249 = VERTEX_POINT ( 'NONE', #4146 ) ;
#3250 = EDGE_LOOP ( 'NONE', ( #5280, #3050, #5154, #3195 ) ) ;
#3251 = FACE_OUTER_BOUND ( 'NONE', #4891, .T. ) ;
#3252 = EDGE_CURVE ( 'NONE', #2777, #5452, #2098, .T. ) ;
#3253 = DIRECTION ( 'NONE',  ( 0.000000000000000000, -0.000000000000000000, -1.000000000000000000 ) ) ;
#3254 = DIRECTION ( 'NONE',  ( 0.000000000000000000, 0.000000000000000000, -1.000000000000000000 ) ) ;
#3255 = DIRECTION ( 'NONE',  ( -4.494102269369968727E-16, 1.807003620809174139E-16, -1.000000000000000000 ) ) ;
#3256 = PLANE ( 'NONE',  #4237 ) ;
#3257 = VERTEX_POINT ( 'NONE', #596 ) ;
#3258 = VERTEX_POINT ( 'NONE', #1681 ) ;
#3259 = VECTOR ( 'NONE', #5585, 1000.000000000000000 ) ;
#3260 = EDGE_CURVE ( 'NONE', #2379, #3617, #4043, .T. ) ;
#3261 = LINE ( 'NONE', #656, #3236 ) ;
#3262 = ORIENTED_EDGE ( 'NONE', *, *, #2185, .T. ) ;
#3263 = CARTESIAN_POINT ( 'NONE',  ( -6.325000000000000178, 9.900000000000000355, -1.584999999999999964 ) ) ;
#3264 = DIRECTION ( 'NONE',  ( 1.233548213626064722E-31, 1.000000000000000000, 2.744815626545581052E-16 ) ) ;
#3265 = DIRECTION ( 'NONE',  ( -1.000000000000000000, -0.000000000000000000, 0.000000000000000000 ) ) ;
#3266 = VERTEX_POINT ( 'NONE', #5643 ) ;
#3267 = LINE ( 'NONE', #4642, #1574 ) ;
#3268 = ORIENTED_EDGE ( 'NONE', *, *, #5609, .F. ) ;
#3269 = ADVANCED_FACE ( 'NONE', ( #190 ), #1614, .F. ) ;
#3270 = SURFACE_STYLE_FILL_AREA ( #2665 ) ;
#3271 = EDGE_CURVE ( 'NONE', #3118, #328, #4067, .T. ) ;
#3272 = ORIENTED_EDGE ( 'NONE', *, *, #5146, .T. ) ;
#3273 = ORIENTED_EDGE ( 'NONE', *, *, #4214, .T. ) ;
#3274 = DIRECTION ( 'NONE',  ( 0.7071067811865495711, 0.7071067811865454633, 1.588905095008682906E-16 ) ) ;
#3275 = VECTOR ( 'NONE', #2713, 1000.000000000000000 ) ;
#3276 = CARTESIAN_POINT ( 'NONE',  ( -5.975000000000004974, -1.449999999999999956, 0.000000000000000000 ) ) ;
#3277 = CARTESIAN_POINT ( 'NONE',  ( 4.925000000000000711, 9.900000000000000355, -1.585000000000000409 ) ) ;
#3278 = DIRECTION ( 'NONE',  ( 0.000000000000000000, 1.000000000000000000, -3.236424395479117765E-16 ) ) ;
#3279 = CARTESIAN_POINT ( 'NONE',  ( -2.680000000000001048, -2.579999999999992966, 0.6349999999999983435 ) ) ;
#3280 = ADVANCED_FACE ( 'NONE', ( #4101 ), #2496, .F. ) ;
#3281 = DIRECTION ( 'NONE',  ( 0.000000000000000000, 0.000000000000000000, 1.000000000000000000 ) ) ;
#3282 = LINE ( 'NONE', #1255, #5255 ) ;
#3283 = VECTOR ( 'NONE', #4254, 1000.000000000000000 ) ;
#3284 = LINE ( 'NONE', #5752, #3120 ) ;
#3285 = CARTESIAN_POINT ( 'NONE',  ( -3.320000000000000728, 1.269999999999999796, -0.5599999999999949463 ) ) ;
#3286 = DIRECTION ( 'NONE',  ( -0.9486832980505146562, -0.3162277660168354432, -0.000000000000000000 ) ) ;
#3287 = EDGE_CURVE ( 'NONE', #4629, #3249, #144, .T. ) ;
#3288 = DIRECTION ( 'NONE',  ( 1.000000000000000000, 0.000000000000000000, 0.000000000000000000 ) ) ;
#3289 = DIRECTION ( 'NONE',  ( 0.000000000000000000, -0.000000000000000000, 1.000000000000000000 ) ) ;
#3290 = CARTESIAN_POINT ( 'NONE',  ( 1.300000000000000044, 9.350000000000001421, -1.584999999999999964 ) ) ;
#3291 = EDGE_CURVE ( 'NONE', #1393, #6, #271, .T. ) ;
#3292 = VECTOR ( 'NONE', #3696, 1000.000000000000000 ) ;
#3293 = EDGE_CURVE ( 'NONE', #1158, #4972, #171, .T. ) ;
#3294 = PLANE ( 'NONE',  #325 ) ;
#3295 = EDGE_CURVE ( 'NONE', #2602, #1105, #2254, .T. ) ;
#3296 = FACE_OUTER_BOUND ( 'NONE', #4438, .T. ) ;
#3297 = CARTESIAN_POINT ( 'NONE',  ( -1.730000000000000870, 3.300000000000000711, 1.584999999999999076 ) ) ;
#3298 = PLANE ( 'NONE',  #4613 ) ;
#3299 = DIRECTION ( 'NONE',  ( 0.000000000000000000, -0.000000000000000000, 1.000000000000000000 ) ) ;
#3300 = DIRECTION ( 'NONE',  ( 0.000000000000000000, -2.995465716473998555E-16, -1.000000000000000000 ) ) ;
#3301 = VECTOR ( 'NONE', #5870, 1000.000000000000000 ) ;
#3302 = AXIS2_PLACEMENT_3D ( 'NONE', #3720, #5613, #5644 ) ;
#3303 = AXIS2_PLACEMENT_3D ( 'NONE', #2689, #5454, #1613 ) ;
#3304 = LINE ( 'NONE', #2919, #3356 ) ;
#3305 = ORIENTED_EDGE ( 'NONE', *, *, #4948, .T. ) ;
#3306 = DIRECTION ( 'NONE',  ( -0.3015113445777614087, -0.9045340337332923308, -0.3015113445777614087 ) ) ;
#3307 = LINE ( 'NONE', #3057, #5181 ) ;
#3308 = CARTESIAN_POINT ( 'NONE',  ( -0.3200000000000008948, -8.926487835092503426E-16, -0.9549999999999966294 ) ) ;
#3309 = DIRECTION ( 'NONE',  ( 1.000000000000000000, -0.000000000000000000, -4.494102269369968727E-16 ) ) ;
#3310 = CARTESIAN_POINT ( 'NONE',  ( -5.389999999999997904, 1.849999999999999201, 2.024999999999999023 ) ) ;
#3311 = CARTESIAN_POINT ( 'NONE',  ( 1.152617068931110746E-15, -1.449999999999999956, 2.484999999999993214 ) ) ;
#3312 = VECTOR ( 'NONE', #1598, 1000.000000000000000 ) ;
#3313 = ADVANCED_FACE ( 'NONE', ( #4210 ), #4398, .F. ) ;
#3314 = ORIENTED_EDGE ( 'NONE', *, *, #4500, .F. ) ;
#3315 = FACE_OUTER_BOUND ( 'NONE', #5024, .T. ) ;
#3316 = CARTESIAN_POINT ( 'NONE',  ( -4.925000000000000711, 9.900000000000000355, -0.9550000000000007372 ) ) ;
#3317 = LINE ( 'NONE', #982, #1376 ) ;
#3318 = CARTESIAN_POINT ( 'NONE',  ( -5.364999999999993108, 9.460000000000006182, 2.274999999999999467 ) ) ;
#3319 = ADVANCED_FACE ( 'NONE', ( #95 ), #2613, .F. ) ;
#3320 = DIRECTION ( 'NONE',  ( -1.233548213626064722E-31, 1.000000000000000000, -2.744815626545581052E-16 ) ) ;
#3321 = DIRECTION ( 'NONE',  ( 1.000000000000000000, 0.000000000000000000, -4.638298064109109804E-16 ) ) ;
#3322 = CARTESIAN_POINT ( 'NONE',  ( 4.939999999999999503, 0.6699999999999998179, 1.190000000000001501 ) ) ;
#3323 = DIRECTION ( 'NONE',  ( 0.000000000000000000, -1.801998070613027504E-16, 1.000000000000000000 ) ) ;
#3324 = ORIENTED_EDGE ( 'NONE', *, *, #3521, .T. ) ;
#3325 = EDGE_CURVE ( 'NONE', #4572, #1000, #4111, .T. ) ;
#3326 = VECTOR ( 'NONE', #166, 1000.000000000000000 ) ;
#3327 = CARTESIAN_POINT ( 'NONE',  ( 5.674999999999999822, -1.200000000000001510, 1.884999999999999787 ) ) ;
#3328 = DIRECTION ( 'NONE',  ( 0.000000000000000000, -1.000000000000000000, 0.000000000000000000 ) ) ;
#3329 = DIRECTION ( 'NONE',  ( -0.3015113445777614087, 0.9045340337332923308, 0.3015113445777614087 ) ) ;
#3330 = VERTEX_POINT ( 'NONE', #2650 ) ;
#3331 = EDGE_CURVE ( 'NONE', #5090, #2567, #4174, .T. ) ;
#3332 = VECTOR ( 'NONE', #4909, 1000.000000000000000 ) ;
#3333 = CLOSED_SHELL ( 'NONE', ( #3541, #3319, #5404, #5282, #1852, #4459, #4562, #847, #3313, #4599 ) ) ;
#3334 = CARTESIAN_POINT ( 'NONE',  ( -0.3200000000000008948, 0.000000000000000000, 0.000000000000000000 ) ) ;
#3335 = DIRECTION ( 'NONE',  ( 0.000000000000000000, -1.000000000000000000, -3.388131789017201849E-16 ) ) ;
#3336 = CARTESIAN_POINT ( 'NONE',  ( -0.3200000000000008393, 1.269999999999999796, 1.190000000000003721 ) ) ;
#3337 = AXIS2_PLACEMENT_3D ( 'NONE', #2564, #420, #5447 ) ;
#3338 = CARTESIAN_POINT ( 'NONE',  ( -2.880000000000001670, -3.180000000000000160, 0.4349999999999979994 ) ) ;
#3339 = VECTOR ( 'NONE', #4293, 1000.000000000000000 ) ;
#3340 = ORIENTED_EDGE ( 'NONE', *, *, #3532, .F. ) ;
#3341 = EDGE_CURVE ( 'NONE', #889, #5732, #2040, .T. ) ;
#3342 = ORIENTED_EDGE ( 'NONE', *, *, #3084, .T. ) ;
#3343 = ADVANCED_FACE ( 'NONE', ( #4223 ), #3413, .F. ) ;
#3344 = CARTESIAN_POINT ( 'NONE',  ( 3.319999999999998952, 1.269999999999999796, -0.5599999999999980549 ) ) ;
#3345 = CARTESIAN_POINT ( 'NONE',  ( 6.024999999999999467, -1.449999999999999956, 2.184999999999999609 ) ) ;
#3346 = EDGE_CURVE ( 'NONE', #563, #504, #4017, .T. ) ;
#3347 = LINE ( 'NONE', #1064, #3339 ) ;
#3348 = DIRECTION ( 'NONE',  ( -0.000000000000000000, 1.000000000000000000, 1.344746880602175966E-16 ) ) ;
#3349 = CARTESIAN_POINT ( 'NONE',  ( 0.000000000000000000, 1.850000000000000089, 0.000000000000000000 ) ) ;
#3350 = CARTESIAN_POINT ( 'NONE',  ( 5.389999999999999680, 0.6699999999999998179, -0.5599999999999937250 ) ) ;
#3351 = EDGE_CURVE ( 'NONE', #2683, #2931, #2052, .T. ) ;
#3352 = VERTEX_POINT ( 'NONE', #708 ) ;
#3353 = VECTOR ( 'NONE', #1453, 1000.000000000000000 ) ;
#3354 = VERTEX_POINT ( 'NONE', #4352 ) ;
#3355 = ADVANCED_FACE ( 'NONE', ( #2169 ), #788, .F. ) ;
#3356 = VECTOR ( 'NONE', #4384, 1000.000000000000000 ) ;
#3357 = PLANE ( 'NONE',  #4733 ) ;
#3358 = CARTESIAN_POINT ( 'NONE',  ( 0.3199999999999991185, 3.300000000000000711, 0.6349999999999992317 ) ) ;
#3359 = DIRECTION ( 'NONE',  ( 0.000000000000000000, -0.000000000000000000, 1.000000000000000000 ) ) ;
#3360 = CARTESIAN_POINT ( 'NONE',  ( -0.3200000000000008393, -7.265096679918780609, 0.6349999999999974554 ) ) ;
#3361 = ORIENTED_EDGE ( 'NONE', *, *, #487, .T. ) ;
#3362 = EDGE_CURVE ( 'NONE', #4431, #1325, #196, .T. ) ;
#3363 = DIRECTION ( 'NONE',  ( -0.000000000000000000, -1.000000000000000000, -0.000000000000000000 ) ) ;
#3364 = DIRECTION ( 'NONE',  ( 0.000000000000000000, 0.000000000000000000, -1.000000000000000000 ) ) ;
#3365 = VERTEX_POINT ( 'NONE', #1823 ) ;
#3366 = ORIENTED_EDGE ( 'NONE', *, *, #2073, .F. ) ;
#3367 = UNCERTAINTY_MEASURE_WITH_UNIT (LENGTH_MEASURE( 1.000000000000000082E-05 ), #5537, 'distance_accuracy_value', 'NONE');
#3368 = PRESENTATION_STYLE_ASSIGNMENT (( #3870 ) ) ;
#3369 = DIRECTION ( 'NONE',  ( 0.000000000000000000, 0.000000000000000000, -1.000000000000000000 ) ) ;
#3370 = LINE ( 'NONE', #3857, #1345 ) ;
#3371 = ORIENTED_EDGE ( 'NONE', *, *, #1337, .T. ) ;
#3372 = DIRECTION ( 'NONE',  ( 0.000000000000000000, -0.3162277660168354432, 0.9486832980505146562 ) ) ;
#3373 = CARTESIAN_POINT ( 'NONE',  ( 4.939999999999999503, 0.6699999999999997069, -0.9549999999999988498 ) ) ;
#3374 = LINE ( 'NONE', #5739, #5368 ) ;
#3375 = STYLED_ITEM ( 'NONE', ( #2095 ), #4826 ) ;
#3376 = DIRECTION ( 'NONE',  ( 0.000000000000000000, 0.000000000000000000, 1.000000000000000000 ) ) ;
#3377 = CARTESIAN_POINT ( 'NONE',  ( 0.000000000000000000, -3.180000000000000160, 0.4349999999999979994 ) ) ;
#3378 = ORIENTED_EDGE ( 'NONE', *, *, #4674, .T. ) ;
#3379 = LINE ( 'NONE', #5671, #5233 ) ;
#3380 = DIRECTION ( 'NONE',  ( 0.000000000000000000, 0.000000000000000000, -1.000000000000000000 ) ) ;
#3381 = CARTESIAN_POINT ( 'NONE',  ( 3.000000000000000000, -3.180000000000000160, 0.1949999999999985911 ) ) ;
#3382 = CARTESIAN_POINT ( 'NONE',  ( 4.924999999999999822, 9.900000000000000355, 1.044999999999999263 ) ) ;
#3383 = CARTESIAN_POINT ( 'NONE',  ( 6.000000000000000000, 7.500000000000001776, 0.1949999999999998679 ) ) ;
#3384 = ORIENTED_EDGE ( 'NONE', *, *, #372, .T. ) ;
#3385 = DIRECTION ( 'NONE',  ( 0.000000000000000000, 0.000000000000000000, 1.000000000000000000 ) ) ;
#3386 = ADVANCED_FACE ( 'NONE', ( #209 ), #2723, .F. ) ;
#3387 = EDGE_CURVE ( 'NONE', #2484, #4772, #218, .T. ) ;
#3388 = ORIENTED_EDGE ( 'NONE', *, *, #976, .T. ) ;
#3389 = DIRECTION ( 'NONE',  ( 1.000000000000000000, 0.000000000000000000, 0.000000000000000000 ) ) ;
#3390 = CARTESIAN_POINT ( 'NONE',  ( 0.000000000000000000, 0.000000000000000000, 0.000000000000000000 ) ) ;
#3391 = CARTESIAN_POINT ( 'NONE',  ( -4.924999999999999822, 9.900000000000000355, 2.274999999999999467 ) ) ;
#3392 = EDGE_CURVE ( 'NONE', #4503, #787, #4162, .T. ) ;
#3393 = CARTESIAN_POINT ( 'NONE',  ( 1.300000000000000044, 6.899999999999999467, -2.085000000000000853 ) ) ;
#3394 = FACE_OUTER_BOUND ( 'NONE', #973, .T. ) ;
#3395 = ADVANCED_FACE ( 'NONE', ( #2214 ), #2313, .T. ) ;
#3396 = EDGE_CURVE ( 'NONE', #5777, #2816, #4984, .T. ) ;
#3397 = ORIENTED_EDGE ( 'NONE', *, *, #3690, .F. ) ;
#3398 = EDGE_CURVE ( 'NONE', #807, #3407, #5094, .T. ) ;
#3399 = MECHANICAL_DESIGN_GEOMETRIC_PRESENTATION_REPRESENTATION (  '', ( #3721 ), #690 ) ;
#3400 = LINE ( 'NONE', #1942, #3644 ) ;
#3401 = CARTESIAN_POINT ( 'NONE',  ( 5.674999999999999822, 0.000000000000000000, 1.884999999999999787 ) ) ;
#3402 = EDGE_CURVE ( 'NONE', #3105, #2842, #2984, .T. ) ;
#3403 = FACE_OUTER_BOUND ( 'NONE', #3083, .T. ) ;
#3404 = CARTESIAN_POINT ( 'NONE',  ( -4.925000000000000711, 9.900000000000000355, -1.584999999999999964 ) ) ;
#3405 = DIRECTION ( 'NONE',  ( -0.8869140841669800324, 0.000000000000000000, -0.4619344188369675086 ) ) ;
#3406 = DIRECTION ( 'NONE',  ( -0.000000000000000000, -1.000000000000000000, -0.000000000000000000 ) ) ;
#3407 = VERTEX_POINT ( 'NONE', #5511 ) ;
#3408 = LINE ( 'NONE', #3381, #1605 ) ;
#3409 = CARTESIAN_POINT ( 'NONE',  ( -6.325000000000001066, 1.269999999999999796, 1.190000000000006386 ) ) ;
#3410 = EDGE_CURVE ( 'NONE', #1881, #5041, #1248, .T. ) ;
#3411 = CARTESIAN_POINT ( 'NONE',  ( -6.325000000000001066, 0.6699999999999997069, 1.585000000000006626 ) ) ;
#3412 = VERTEX_POINT ( 'NONE', #4483 ) ;
#3413 = PLANE ( 'NONE',  #3768 ) ;
#3414 = CARTESIAN_POINT ( 'NONE',  ( 0.3199999999999991185, 1.269999999999999796, -0.5599999999999967226 ) ) ;
#3415 = VERTEX_POINT ( 'NONE', #5050 ) ;
#3416 = LINE ( 'NONE', #1768, #3353 ) ;
#3417 = DIRECTION ( 'NONE',  ( 0.6635381078444688718, -0.6635381078444726466, -0.3455927645023241790 ) ) ;
#3418 = PRODUCT ( '436500315', '436500315', '', ( #1922 ) ) ;
#3419 = EDGE_LOOP ( 'NONE', ( #3314, #4070, #5887, #1961 ) ) ;
#3420 = CARTESIAN_POINT ( 'NONE',  ( -6.325000000000001066, 1.269999999999999796, 1.190000000000006386 ) ) ;
#3421 = ORIENTED_EDGE ( 'NONE', *, *, #5224, .F. ) ;
#3422 = ORIENTED_EDGE ( 'NONE', *, *, #5304, .F. ) ;
#3423 = CARTESIAN_POINT ( 'NONE',  ( 0.000000000000000000, 0.000000000000000000, 0.000000000000000000 ) ) ;
#3424 = CARTESIAN_POINT ( 'NONE',  ( 1.729999999999998872, 9.900000000000000355, 1.584999999999999520 ) ) ;
#3425 = CARTESIAN_POINT ( 'NONE',  ( 6.325000000000000178, 1.850000000000000089, 2.784999999999999698 ) ) ;
#3426 = ADVANCED_FACE ( 'NONE', ( #3448 ), #50, .F. ) ;
#3427 = DIRECTION ( 'NONE',  ( 0.000000000000000000, -1.801998070613027504E-16, 1.000000000000000000 ) ) ;
#3428 = CARTESIAN_POINT ( 'NONE',  ( 6.325000000000000178, 8.499999999999992895, -1.584999999999999964 ) ) ;
#3429 = VECTOR ( 'NONE', #3571, 1000.000000000000000 ) ;
#3430 = ORIENTED_EDGE ( 'NONE', *, *, #4923, .F. ) ;
#3431 = ORIENTED_EDGE ( 'NONE', *, *, #2903, .F. ) ;
#3432 = DIRECTION ( 'NONE',  ( -0.6092076990801721381, -0.5076730825668076541, 0.6092076990801723602 ) ) ;
#3433 = PLANE ( 'NONE',  #3475 ) ;
#3434 = SURFACE_STYLE_USAGE ( .BOTH. , #1204 ) ;
#3435 = CARTESIAN_POINT ( 'NONE',  ( -4.939999999999999503, 1.699999999999998623, -1.584999999999999964 ) ) ;
#3436 = CARTESIAN_POINT ( 'NONE',  ( 0.000000000000000000, 7.500000000000001776, 0.4349999999999987765 ) ) ;
#3437 = CARTESIAN_POINT ( 'NONE',  ( 3.119999999999998774, 7.500000000000001776, 0.4349999999999987765 ) ) ;
#3438 = DIRECTION ( 'NONE',  ( 0.000000000000000000, 1.000000000000000000, -3.614007241618348771E-16 ) ) ;
#3439 = ORIENTED_EDGE ( 'NONE', *, *, #3084, .F. ) ;
#3440 = LINE ( 'NONE', #73, #3467 ) ;
#3441 = LINE ( 'NONE', #3606, #3543 ) ;
#3442 = CARTESIAN_POINT ( 'NONE',  ( -1.730000000000000870, 3.300000000000000711, 1.584999999999999076 ) ) ;
#3443 = PLANE ( 'NONE',  #2685 ) ;
#3444 = CARTESIAN_POINT ( 'NONE',  ( 2.679999999999999272, 0.6699999999999998179, -0.5599999999999937250 ) ) ;
#3445 = CARTESIAN_POINT ( 'NONE',  ( 0.3199999999999991185, -7.265096679918780609, -0.005000000000002567495 ) ) ;
#3446 = ORIENTED_EDGE ( 'NONE', *, *, #1540, .F. ) ;
#3447 = EDGE_CURVE ( 'NONE', #5176, #2982, #5341, .T. ) ;
#3448 = FACE_OUTER_BOUND ( 'NONE', #741, .T. ) ;
#3449 = CARTESIAN_POINT ( 'NONE',  ( -1.300000000000000044, 7.400000000000000355, -2.785000000000001030 ) ) ;
#3450 = EDGE_CURVE ( 'NONE', #4836, #5899, #160, .T. ) ;
#3451 = VECTOR ( 'NONE', #2125, 1000.000000000000000 ) ;
#3452 = EDGE_CURVE ( 'NONE', #4593, #1700, #4099, .T. ) ;
#3453 = ORIENTED_EDGE ( 'NONE', *, *, #2111, .F. ) ;
#3454 = DIRECTION ( 'NONE',  ( 4.336808689942018229E-16, 0.000000000000000000, -1.000000000000000000 ) ) ;
#3455 = DIRECTION ( 'NONE',  ( 0.000000000000000000, 1.000000000000000000, 1.801998070613027504E-16 ) ) ;
#3456 = ADVANCED_FACE ( 'NONE', ( #208 ), #4641, .F. ) ;
#3457 = EDGE_CURVE ( 'NONE', #3118, #2379, #392, .T. ) ;
#3458 = CARTESIAN_POINT ( 'NONE',  ( -1.730000000000000870, 3.300000000000000711, 1.584999999999999076 ) ) ;
#3459 = CARTESIAN_POINT ( 'NONE',  ( -2.680000000000001048, 3.300000000000000711, 0.6349999999999992317 ) ) ;
#3460 = DIRECTION ( 'NONE',  ( -0.000000000000000000, 1.000000000000000000, -0.000000000000000000 ) ) ;
#3461 = LINE ( 'NONE', #5775, #1479 ) ;
#3462 = AXIS2_PLACEMENT_3D ( 'NONE', #65, #4539, #1839 ) ;
#3463 = AXIS2_PLACEMENT_3D ( 'NONE', #4618, #1384, #927 ) ;
#3464 = ORIENTED_EDGE ( 'NONE', *, *, #3295, .T. ) ;
#3465 = EDGE_CURVE ( 'NONE', #4411, #4856, #2403, .T. ) ;
#3466 = AXIS2_PLACEMENT_3D ( 'NONE', #1195, #1241, #2854 ) ;
#3467 = VECTOR ( 'NONE', #5813, 1000.000000000000000 ) ;
#3468 = DIRECTION ( 'NONE',  ( 1.000000000000000000, 0.000000000000000000, 0.000000000000000000 ) ) ;
#3469 = CARTESIAN_POINT ( 'NONE',  ( 0.3199999999999991185, 0.6699999999999998179, 1.190000000000003499 ) ) ;
#3470 = CARTESIAN_POINT ( 'NONE',  ( -6.325000000000000178, 0.000000000000000000, -1.584999999999999964 ) ) ;
#3471 = LINE ( 'NONE', #3263, #1561 ) ;
#3472 = DIRECTION ( 'NONE',  ( 0.000000000000000000, 0.000000000000000000, -1.000000000000000000 ) ) ;
#3473 = CARTESIAN_POINT ( 'NONE',  ( -6.325000000000001066, 0.6699999999999998179, 1.190000000000006608 ) ) ;
#3474 = EDGE_LOOP ( 'NONE', ( #755, #707, #2729, #4436 ) ) ;
#3475 = AXIS2_PLACEMENT_3D ( 'NONE', #3090, #3500, #1327 ) ;
#3476 = ORIENTED_EDGE ( 'NONE', *, *, #1015, .T. ) ;
#3477 = EDGE_CURVE ( 'NONE', #1284, #4488, #4345, .T. ) ;
#3478 = LINE ( 'NONE', #347, #1577 ) ;
#3479 = CARTESIAN_POINT ( 'NONE',  ( -5.389999999999999680, 1.269999999999999796, -0.5599999999999940581 ) ) ;
#3480 = DIRECTION ( 'NONE',  ( 0.000000000000000000, 0.000000000000000000, -1.000000000000000000 ) ) ;
#3481 = DIRECTION ( 'NONE',  ( 1.000000000000000000, 0.000000000000000000, -0.000000000000000000 ) ) ;
#3482 = CARTESIAN_POINT ( 'NONE',  ( 2.679999999999999272, 1.350000000000000089, -1.585000000000000409 ) ) ;
#3483 = DIRECTION ( 'NONE',  ( 0.000000000000000000, 0.000000000000000000, -1.000000000000000000 ) ) ;
#3484 = VERTEX_POINT ( 'NONE', #5011 ) ;
#3485 = CARTESIAN_POINT ( 'NONE',  ( 1.250000000000001110, 1.849999999999999201, 2.774999999999998135 ) ) ;
#3486 =( GEOMETRIC_REPRESENTATION_CONTEXT ( 3 ) GLOBAL_UNCERTAINTY_ASSIGNED_CONTEXT ( ( #2399 ) ) GLOBAL_UNIT_ASSIGNED_CONTEXT ( ( #3905, #3114, #3518 ) ) REPRESENTATION_CONTEXT ( 'NONE', 'WORKASPACE' ) );
#3487 = PLANE ( 'NONE',  #991 ) ;
#3488 = CARTESIAN_POINT ( 'NONE',  ( 4.939999999999999503, 1.285879139104718760E-16, -1.584999999999999964 ) ) ;
#3489 = ORIENTED_EDGE ( 'NONE', *, *, #3939, .T. ) ;
#3490 = CARTESIAN_POINT ( 'NONE',  ( 4.939999999999999503, 1.285879139104718760E-16, -1.584999999999999964 ) ) ;
#3491 = CARTESIAN_POINT ( 'NONE',  ( 6.325000000000000178, 9.900000000000000355, -0.5599999999999980549 ) ) ;
#3492 = ORIENTED_EDGE ( 'NONE', *, *, #5221, .F. ) ;
#3493 = CARTESIAN_POINT ( 'NONE',  ( -2.919545454545455332, 7.618636363636364095, 0.3954545454545448924 ) ) ;
#3494 = DIRECTION ( 'NONE',  ( 0.7071067811865454633, -0.7071067811865495711, 0.000000000000000000 ) ) ;
#3495 = CARTESIAN_POINT ( 'NONE',  ( 0.3199999999999991740, -1.318004915248545737E-16, 1.585000000000003517 ) ) ;
#3496 = VECTOR ( 'NONE', #667, 1000.000000000000000 ) ;
#3497 = EDGE_CURVE ( 'NONE', #2437, #4915, #322, .T. ) ;
#3498 = ORIENTED_EDGE ( 'NONE', *, *, #2998, .F. ) ;
#3499 = ADVANCED_FACE ( 'NONE', ( #289 ), #4521, .F. ) ;
#3500 = DIRECTION ( 'NONE',  ( 0.000000000000000000, -0.3162277660168354432, -0.9486832980505146562 ) ) ;
#3501 = DIRECTION ( 'NONE',  ( 3.969618938162030804E-16, 0.000000000000000000, 1.000000000000000000 ) ) ;
#3502 = FACE_OUTER_BOUND ( 'NONE', #5494, .T. ) ;
#3503 = DIRECTION ( 'NONE',  ( -0.000000000000000000, -1.000000000000000000, -0.000000000000000000 ) ) ;
#3504 = CARTESIAN_POINT ( 'NONE',  ( -0.3200000000000008393, 6.899999999999995026, -0.005000000000000663636 ) ) ;
#3505 = CARTESIAN_POINT ( 'NONE',  ( -2.836363636363641305, 8.350909090909087951, 0.4786363636363594187 ) ) ;
#3506 = DIRECTION ( 'NONE',  ( 1.000000000000000000, 0.000000000000000000, -0.000000000000000000 ) ) ;
#3507 = AXIS2_PLACEMENT_3D ( 'NONE', #2231, #4598, #2802 ) ;
#3508 = ORIENTED_EDGE ( 'NONE', *, *, #1643, .F. ) ;
#3509 = PLANE ( 'NONE',  #548 ) ;
#3510 = EDGE_CURVE ( 'NONE', #777, #3190, #2307, .T. ) ;
#3511 = CARTESIAN_POINT ( 'NONE',  ( 5.389999999999999680, 1.850000000000000089, 2.784999999999999698 ) ) ;
#3512 = CARTESIAN_POINT ( 'NONE',  ( -0.3200000000000008948, 1.350000000000000089, -1.585000000000000409 ) ) ;
#3513 = DIRECTION ( 'NONE',  ( -0.000000000000000000, -1.000000000000000000, -0.000000000000000000 ) ) ;
#3514 = DIRECTION ( 'NONE',  ( 0.000000000000000000, -1.000000000000000000, 0.000000000000000000 ) ) ;
#3515 = VERTEX_POINT ( 'NONE', #1656 ) ;
#3516 = CARTESIAN_POINT ( 'NONE',  ( -4.924999999999999822, 9.900000000000000355, 1.044999999999999263 ) ) ;
#3517 = EDGE_CURVE ( 'NONE', #563, #3239, #2372, .T. ) ;
#3518 =( NAMED_UNIT ( * ) SI_UNIT ( $, .STERADIAN. ) SOLID_ANGLE_UNIT ( ) );
#3519 = EDGE_CURVE ( 'NONE', #4740, #1119, #337, .T. ) ;
#3520 = LINE ( 'NONE', #3411, #5410 ) ;
#3521 = EDGE_CURVE ( 'NONE', #3841, #5423, #4222, .T. ) ;
#3522 = CARTESIAN_POINT ( 'NONE',  ( 5.389999999999998792, 1.269999999999999796, 1.190000000000006386 ) ) ;
#3523 = ORIENTED_EDGE ( 'NONE', *, *, #1505, .F. ) ;
#3524 = DIRECTION ( 'NONE',  ( 0.000000000000000000, 1.000000000000000000, -3.614007241618348771E-16 ) ) ;
#3525 = DIRECTION ( 'NONE',  ( 0.000000000000000000, 0.000000000000000000, -1.000000000000000000 ) ) ;
#3526 = DIRECTION ( 'NONE',  ( 0.000000000000000000, 0.000000000000000000, 1.000000000000000000 ) ) ;
#3527 = AXIS2_PLACEMENT_3D ( 'NONE', #3445, #3265, #3979 ) ;
#3528 = AXIS2_PLACEMENT_3D ( 'NONE', #371, #1556, #2947 ) ;
#3529 = DIRECTION ( 'NONE',  ( -1.000000000000000000, -0.000000000000000000, -0.000000000000000000 ) ) ;
#3530 = PLANE ( 'NONE',  #4543 ) ;
#3531 = LINE ( 'NONE', #2834, #5457 ) ;
#3532 = EDGE_CURVE ( 'NONE', #4520, #5732, #412, .T. ) ;
#3533 = ORIENTED_EDGE ( 'NONE', *, *, #4134, .T. ) ;
#3534 = DIRECTION ( 'NONE',  ( 0.000000000000000000, 1.000000000000000000, -3.212450881438528789E-16 ) ) ;
#3535 = PLANE ( 'NONE',  #5878 ) ;
#3536 = FACE_OUTER_BOUND ( 'NONE', #2424, .T. ) ;
#3537 = CARTESIAN_POINT ( 'NONE',  ( -4.925000000000000711, 9.900000000000000355, 2.274999999999999467 ) ) ;
#3538 = PLANE ( 'NONE',  #995 ) ;
#3539 = AXIS2_PLACEMENT_3D ( 'NONE', #3028, #1278, #3455 ) ;
#3540 = ORIENTED_EDGE ( 'NONE', *, *, #3160, .F. ) ;
#3541 = ADVANCED_FACE ( 'NONE', ( #4363 ), #1977, .F. ) ;
#3542 = VECTOR ( 'NONE', #4609, 1000.000000000000227 ) ;
#3543 = VECTOR ( 'NONE', #4586, 1000.000000000000000 ) ;
#3544 = PLANE ( 'NONE',  #557 ) ;
#3545 = CARTESIAN_POINT ( 'NONE',  ( 6.325000000000000178, 0.000000000000000000, -1.584999999999999964 ) ) ;
#3546 = CARTESIAN_POINT ( 'NONE',  ( 4.939999999999999503, 0.6699999999999997069, 1.585000000000001519 ) ) ;
#3547 = DIRECTION ( 'NONE',  ( -1.280553747030123322E-16, 0.000000000000000000, -1.000000000000000000 ) ) ;
#3548 = DIRECTION ( 'NONE',  ( -1.000000000000000000, 0.000000000000000000, 4.638298064109109804E-16 ) ) ;
#3549 = VERTEX_POINT ( 'NONE', #3424 ) ;
#3550 = EDGE_CURVE ( 'NONE', #276, #4705, #2354, .T. ) ;
#3551 = VERTEX_POINT ( 'NONE', #4679 ) ;
#3552 = DIRECTION ( 'NONE',  ( 0.000000000000000000, -1.000000000000000000, 0.000000000000000000 ) ) ;
#3553 = LINE ( 'NONE', #3360, #1722 ) ;
#3554 = VECTOR ( 'NONE', #5127, 1000.000000000000000 ) ;
#3555 = CARTESIAN_POINT ( 'NONE',  ( 5.389999999999999680, 1.699999999999999956, -1.584999999999999964 ) ) ;
#3556 = ORIENTED_EDGE ( 'NONE', *, *, #4980, .T. ) ;
#3557 = DIRECTION ( 'NONE',  ( 0.000000000000000000, 1.000000000000000000, 0.000000000000000000 ) ) ;
#3558 = DIRECTION ( 'NONE',  ( 0.000000000000000000, 0.000000000000000000, -1.000000000000000000 ) ) ;
#3559 = CARTESIAN_POINT ( 'NONE',  ( -0.3200000000000008948, 1.349999999999999423, 2.024999999999999023 ) ) ;
#3560 =( NAMED_UNIT ( * ) SI_UNIT ( $, .STERADIAN. ) SOLID_ANGLE_UNIT ( ) );
#3561 = EDGE_CURVE ( 'NONE', #4593, #1650, #2338, .T. ) ;
#3562 = VECTOR ( 'NONE', #2659, 1000.000000000000000 ) ;
#3563 = DIRECTION ( 'NONE',  ( -1.000000000000000000, 0.000000000000000000, 0.000000000000000000 ) ) ;
#3564 = ADVANCED_FACE ( 'NONE', ( #2382 ), #2471, .F. ) ;
#3565 = ORIENTED_EDGE ( 'NONE', *, *, #2930, .F. ) ;
#3566 = DIRECTION ( 'NONE',  ( -4.336808689942017736E-16, -0.000000000000000000, -1.000000000000000000 ) ) ;
#3567 = LINE ( 'NONE', #3383, #5621 ) ;
#3568 = CARTESIAN_POINT ( 'NONE',  ( 4.925000000000000711, 9.900000000000000355, -0.9550000000000007372 ) ) ;
#3569 = CARTESIAN_POINT ( 'NONE',  ( -2.880000000000001670, 7.500000000000001776, 0.1949999999999998679 ) ) ;
#3570 = VECTOR ( 'NONE', #1680, 1000.000000000000000 ) ;
#3571 = DIRECTION ( 'NONE',  ( 1.000000000000000000, -0.000000000000000000, -0.000000000000000000 ) ) ;
#3572 = CARTESIAN_POINT ( 'NONE',  ( 5.389999999999999680, 0.000000000000000000, -1.584999999999999964 ) ) ;
#3573 = CARTESIAN_POINT ( 'NONE',  ( 6.000000000000000000, -3.180000000000000160, 0.4349999999999979994 ) ) ;
#3574 = CARTESIAN_POINT ( 'NONE',  ( -3.320000000000000728, 6.899999999999995026, 0.6349999999999992317 ) ) ;
#3575 = EDGE_CURVE ( 'NONE', #5317, #4393, #4270, .T. ) ;
#3576 = ORIENTED_EDGE ( 'NONE', *, *, #3135, .T. ) ;
#3577 = EDGE_CURVE ( 'NONE', #3239, #989, #2455, .T. ) ;
#3578 = LINE ( 'NONE', #532, #5550 ) ;
#3579 = EDGE_CURVE ( 'NONE', #1228, #2816, #367, .T. ) ;
#3580 = CARTESIAN_POINT ( 'NONE',  ( -6.325000000000001066, -3.252606517456513302E-16, 1.585000000000006848 ) ) ;
#3581 = DIRECTION ( 'NONE',  ( 0.000000000000000000, 0.000000000000000000, 1.000000000000000000 ) ) ;
#3582 = CARTESIAN_POINT ( 'NONE',  ( -0.3200000000000008948, -1.081363123647113125E-15, -1.584999999999999964 ) ) ;
#3583 = ORIENTED_EDGE ( 'NONE', *, *, #1738, .T. ) ;
#3584 = EDGE_CURVE ( 'NONE', #4856, #5192, #2426, .T. ) ;
#3585 = VERTEX_POINT ( 'NONE', #759 ) ;
#3586 = ADVANCED_FACE ( 'NONE', ( #2436 ), #1094, .F. ) ;
#3587 = PLANE ( 'NONE',  #1392 ) ;
#3588 = FACE_OUTER_BOUND ( 'NONE', #5675, .T. ) ;
#3589 = LINE ( 'NONE', #5426, #1672 ) ;
#3590 = FACE_OUTER_BOUND ( 'NONE', #1588, .T. ) ;
#3591 = ORIENTED_EDGE ( 'NONE', *, *, #672, .F. ) ;
#3592 = DIRECTION ( 'NONE',  ( -0.000000000000000000, 0.000000000000000000, -1.000000000000000000 ) ) ;
#3593 = PLANE ( 'NONE',  #2198 ) ;
#3594 = EDGE_CURVE ( 'NONE', #3551, #3688, #4400, .T. ) ;
#3595 = DIRECTION ( 'NONE',  ( 0.000000000000000000, 2.744815626545581052E-16, 1.000000000000000000 ) ) ;
#3596 = VECTOR ( 'NONE', #5400, 1000.000000000000000 ) ;
#3597 = DIRECTION ( 'NONE',  ( -1.000000000000000000, 0.000000000000000000, 0.000000000000000000 ) ) ;
#3598 = PLANE ( 'NONE',  #5600 ) ;
#3599 = VECTOR ( 'NONE', #3108, 1000.000000000000000 ) ;
#3600 = ORIENTED_EDGE ( 'NONE', *, *, #4873, .T. ) ;
#3601 = ORIENTED_EDGE ( 'NONE', *, *, #5198, .F. ) ;
#3602 = CARTESIAN_POINT ( 'NONE',  ( 0.000000000000000000, 7.500000000000001776, 0.1949999999999998679 ) ) ;
#3603 = LINE ( 'NONE', #4490, #3542 ) ;
#3604 = CARTESIAN_POINT ( 'NONE',  ( 3.319999999999999840, 1.269999999999999796, 1.190000000000001945 ) ) ;
#3605 = LINE ( 'NONE', #3945, #3726 ) ;
#3606 = CARTESIAN_POINT ( 'NONE',  ( -6.325000000000001954, 0.6699999999999997069, -0.9549999999999937428 ) ) ;
#3607 = CARTESIAN_POINT ( 'NONE',  ( 1.300000000000000044, 7.400000000000000355, -2.085000000000000853 ) ) ;
#3608 = PLANE ( 'NONE',  #4610 ) ;
#3609 = ORIENTED_EDGE ( 'NONE', *, *, #2638, .T. ) ;
#3610 = AXIS2_PLACEMENT_3D ( 'NONE', #2992, #5372, #5767 ) ;
#3611 = VECTOR ( 'NONE', #343, 1000.000000000000000 ) ;
#3612 = EDGE_CURVE ( 'NONE', #2484, #368, #4280, .T. ) ;
#3613 = DIRECTION ( 'NONE',  ( -0.6401843996644794865, -0.7682212795973761832, 1.438527081673693899E-16 ) ) ;
#3614 = CARTESIAN_POINT ( 'NONE',  ( -4.939999999999999503, 0.6699999999999998179, -0.5599999999999937250 ) ) ;
#3615 = DIRECTION ( 'NONE',  ( 0.000000000000000000, 0.000000000000000000, 1.000000000000000000 ) ) ;
#3616 = CARTESIAN_POINT ( 'NONE',  ( 6.324999999999995737, 0.6699999999999997069, 1.585000000000000853 ) ) ;
#3617 = VERTEX_POINT ( 'NONE', #5692 ) ;
#3618 = VERTEX_POINT ( 'NONE', #4846 ) ;
#3619 = DIRECTION ( 'NONE',  ( 1.000000000000000000, -0.000000000000000000, -4.494102269369968727E-16 ) ) ;
#3620 = FACE_OUTER_BOUND ( 'NONE', #3023, .T. ) ;
#3621 = LINE ( 'NONE', #3614, #1766 ) ;
#3622 = CARTESIAN_POINT ( 'NONE',  ( 2.679999999999999272, 0.000000000000000000, 2.024999999999999023 ) ) ;
#3623 = ORIENTED_EDGE ( 'NONE', *, *, #5650, .F. ) ;
#3624 = ORIENTED_EDGE ( 'NONE', *, *, #4913, .T. ) ;
#3625 = DIRECTION ( 'NONE',  ( 1.000000000000000000, -0.000000000000000000, -4.494102269369968727E-16 ) ) ;
#3626 = ADVANCED_FACE ( 'NONE', ( #4422 ), #2547, .F. ) ;
#3627 = SURFACE_SIDE_STYLE ('',( #4974 ) ) ;
#3628 = LINE ( 'NONE', #5799, #1612 ) ;
#3629 = DIRECTION ( 'NONE',  ( -1.000000000000000000, 0.000000000000000000, 4.494102269369968727E-16 ) ) ;
#3630 = DIRECTION ( 'NONE',  ( 0.000000000000000000, 0.000000000000000000, 1.000000000000000000 ) ) ;
#3631 = LINE ( 'NONE', #2229, #5587 ) ;
#3632 = EDGE_CURVE ( 'NONE', #4772, #1355, #484, .T. ) ;
#3633 = EDGE_LOOP ( 'NONE', ( #233, #2239, #2928, #4947 ) ) ;
#3634 = ORIENTED_EDGE ( 'NONE', *, *, #3325, .F. ) ;
#3635 = VERTEX_POINT ( 'NONE', #5329 ) ;
#3636 = CARTESIAN_POINT ( 'NONE',  ( -6.325000000000001954, 0.6699999999999998179, -0.5599999999999937250 ) ) ;
#3637 = ADVANCED_FACE ( 'NONE', ( #353 ), #2109, .F. ) ;
#3638 = LINE ( 'NONE', #3420, #5693 ) ;
#3639 = CARTESIAN_POINT ( 'NONE',  ( 2.879999999999999893, 7.500000000000001776, 0.4349999999999987765 ) ) ;
#3640 = PLANE ( 'NONE',  #3664 ) ;
#3641 = EDGE_CURVE ( 'NONE', #2867, #433, #4433, .T. ) ;
#3642 = LINE ( 'NONE', #2188, #3692 ) ;
#3643 = CARTESIAN_POINT ( 'NONE',  ( -6.325000000000000178, -1.449999999999999956, 2.484999999999996323 ) ) ;
#3644 = VECTOR ( 'NONE', #4246, 1000.000000000000000 ) ;
#3645 = CARTESIAN_POINT ( 'NONE',  ( -1.250000000000001110, 8.300000000000000711, 2.774999999999999467 ) ) ;
#3646 = DIRECTION ( 'NONE',  ( 0.6401843996644781543, -0.7682212795973772934, 1.438527081673690941E-16 ) ) ;
#3647 = AXIS2_PLACEMENT_3D ( 'NONE', #5378, #2595, #100 ) ;
#3648 = ORIENTED_EDGE ( 'NONE', *, *, #4745, .T. ) ;
#3649 = AXIS2_PLACEMENT_3D ( 'NONE', #1792, #874, #4124 ) ;
#3650 = VECTOR ( 'NONE', #5412, 1000.000000000000000 ) ;
#3651 = STYLED_ITEM ( 'NONE', ( #5489 ), #1984 ) ;
#3652 = LINE ( 'NONE', #5353, #5677 ) ;
#3653 = EDGE_CURVE ( 'NONE', #619, #284, #299, .T. ) ;
#3654 = DIRECTION ( 'NONE',  ( -2.247051134684983870E-16, 0.000000000000000000, 1.000000000000000000 ) ) ;
#3655 = CARTESIAN_POINT ( 'NONE',  ( -2.680000000000001048, 0.6699999999999998179, -0.5599999999999943912 ) ) ;
#3656 = DIRECTION ( 'NONE',  ( -1.000000000000000000, 0.000000000000000000, 4.494102269369968727E-16 ) ) ;
#3657 = CARTESIAN_POINT ( 'NONE',  ( -1.730000000000000870, 3.300000000000000711, -0.9550000000000007372 ) ) ;
#3658 = ORIENTED_EDGE ( 'NONE', *, *, #1825, .F. ) ;
#3659 = CARTESIAN_POINT ( 'NONE',  ( 4.939999999999999503, 0.6699999999999998179, 1.190000000000006608 ) ) ;
#3660 = ORIENTED_EDGE ( 'NONE', *, *, #3227, .F. ) ;
#3661 = DIRECTION ( 'NONE',  ( 0.000000000000000000, 0.000000000000000000, 1.000000000000000000 ) ) ;
#3662 = LINE ( 'NONE', #4312, #1621 ) ;
#3663 = FACE_OUTER_BOUND ( 'NONE', #582, .T. ) ;
#3664 = AXIS2_PLACEMENT_3D ( 'NONE', #34, #4106, #4585 ) ;
#3665 = EDGE_CURVE ( 'NONE', #4296, #3778, #309, .T. ) ;
#3666 = CARTESIAN_POINT ( 'NONE',  ( 1.729999999999998872, 9.900000000000000355, 1.584999999999999520 ) ) ;
#3667 = ORIENTED_EDGE ( 'NONE', *, *, #1549, .F. ) ;
#3668 = DIRECTION ( 'NONE',  ( -0.000000000000000000, 1.000000000000000000, 1.801998070613027504E-16 ) ) ;
#3669 = ORIENTED_EDGE ( 'NONE', *, *, #562, .T. ) ;
#3670 = DIRECTION ( 'NONE',  ( 0.000000000000000000, 0.000000000000000000, -1.000000000000000000 ) ) ;
#3671 = PLANE ( 'NONE',  #3463 ) ;
#3672 = CARTESIAN_POINT ( 'NONE',  ( -0.3200000000000008393, -2.579999999999992966, -0.005000000000001723552 ) ) ;
#3673 = VECTOR ( 'NONE', #2151, 1000.000000000000000 ) ;
#3674 = DIRECTION ( 'NONE',  ( 0.000000000000000000, 0.000000000000000000, -1.000000000000000000 ) ) ;
#3675 = CIRCLE ( 'NONE', #1615, 0.5000000000000004441 ) ;
#3676 = ORIENTED_EDGE ( 'NONE', *, *, #1178, .T. ) ;
#3677 = ORIENTED_EDGE ( 'NONE', *, *, #1734, .F. ) ;
#3678 = ORIENTED_EDGE ( 'NONE', *, *, #459, .T. ) ;
#3679 = ADVANCED_FACE ( 'NONE', ( #2346 ), #492, .F. ) ;
#3680 = CARTESIAN_POINT ( 'NONE',  ( 1.300000000000000044, 6.899999999999999467, -2.085000000000000853 ) ) ;
#3681 = VECTOR ( 'NONE', #1693, 1000.000000000000000 ) ;
#3682 = VECTOR ( 'NONE', #1223, 1000.000000000000000 ) ;
#3683 = CARTESIAN_POINT ( 'NONE',  ( 0.000000000000000000, 0.000000000000000000, 0.000000000000000000 ) ) ;
#3684 = FACE_OUTER_BOUND ( 'NONE', #2066, .T. ) ;
#3685 =( NAMED_UNIT ( * ) PLANE_ANGLE_UNIT ( ) SI_UNIT ( $, .RADIAN. ) );
#3686 = CARTESIAN_POINT ( 'NONE',  ( -1.250000000000001110, 1.849999999999999201, 2.774999999999998135 ) ) ;
#3687 = ORIENTED_EDGE ( 'NONE', *, *, #4248, .T. ) ;
#3688 = VERTEX_POINT ( 'NONE', #1318 ) ;
#3689 = ORIENTED_EDGE ( 'NONE', *, *, #459, .F. ) ;
#3690 = EDGE_CURVE ( 'NONE', #2251, #1284, #4299, .T. ) ;
#3691 = LINE ( 'NONE', #2935, #5584 ) ;
#3692 = VECTOR ( 'NONE', #745, 1000.000000000000000 ) ;
#3693 = PLANE ( 'NONE',  #4662 ) ;
#3694 = CARTESIAN_POINT ( 'NONE',  ( 0.3199999999999991185, 6.899999999999995026, -0.005000000000000663636 ) ) ;
#3695 = DIRECTION ( 'NONE',  ( -1.000000000000000000, 0.000000000000000000, 1.280553747030123322E-16 ) ) ;
#3696 = DIRECTION ( 'NONE',  ( 0.000000000000000000, -2.744815626545581052E-16, 1.000000000000000000 ) ) ;
#3697 = ORIENTED_EDGE ( 'NONE', *, *, #1001, .T. ) ;
#3698 = DIRECTION ( 'NONE',  ( 8.120859073038257045E-32, 1.000000000000000000, -3.614007241618348278E-16 ) ) ;
#3699 = VECTOR ( 'NONE', #5216, 1000.000000000000000 ) ;
#3700 = LINE ( 'NONE', #2570, #3570 ) ;
#3701 = CARTESIAN_POINT ( 'NONE',  ( 5.974999999999999645, -1.449999999999999956, 0.000000000000000000 ) ) ;
#3702 = EDGE_LOOP ( 'NONE', ( #1230, #1921, #1992, #1974 ) ) ;
#3703 = EDGE_CURVE ( 'NONE', #1411, #5016, #383, .T. ) ;
#3704 = CARTESIAN_POINT ( 'NONE',  ( -0.08045454545454631956, 7.618636363636364095, 0.3954545454545448924 ) ) ;
#3705 = DIRECTION ( 'NONE',  ( -0.000000000000000000, -0.000000000000000000, 1.000000000000000000 ) ) ;
#3706 = FACE_OUTER_BOUND ( 'NONE', #4574, .T. ) ;
#3707 = CARTESIAN_POINT ( 'NONE',  ( 2.250000000000001332, 1.849999999999999201, 2.274999999999998579 ) ) ;
#3708 = CARTESIAN_POINT ( 'NONE',  ( 4.939999999999999503, 0.000000000000000000, 2.024999999999999023 ) ) ;
#3709 = VECTOR ( 'NONE', #1822, 1000.000000000000000 ) ;
#3710 = VECTOR ( 'NONE', #3033, 1000.000000000000000 ) ;
#3711 = EDGE_CURVE ( 'NONE', #103, #5069, #282, .T. ) ;
#3712 = ORIENTED_EDGE ( 'NONE', *, *, #4476, .F. ) ;
#3713 = EDGE_CURVE ( 'NONE', #652, #3137, #2072, .T. ) ;
#3714 = FACE_OUTER_BOUND ( 'NONE', #5768, .T. ) ;
#3715 = AXIS2_PLACEMENT_3D ( 'NONE', #1553, #2469, #1232 ) ;
#3716 = LINE ( 'NONE', #154, #1679 ) ;
#3717 = DIRECTION ( 'NONE',  ( 1.000000000000000000, -0.000000000000000000, -4.494102269369968727E-16 ) ) ;
#3718 = VECTOR ( 'NONE', #2612, 1000.000000000000000 ) ;
#3719 = CARTESIAN_POINT ( 'NONE',  ( -6.325000000000001066, 0.6699999999999997069, 1.585000000000006626 ) ) ;
#3720 = CARTESIAN_POINT ( 'NONE',  ( 6.000000000000000000, 7.500000000000001776, 0.000000000000000000 ) ) ;
#3721 = STYLED_ITEM ( 'NONE', ( #3368 ), #1036 ) ;
#3722 = ORIENTED_EDGE ( 'NONE', *, *, #2479, .T. ) ;
#3723 = ADVANCED_FACE ( 'NONE', ( #4165 ), #369, .F. ) ;
#3724 = EDGE_CURVE ( 'NONE', #2554, #2551, #2226, .T. ) ;
#3725 = LINE ( 'NONE', #3414, #5699 ) ;
#3726 = VECTOR ( 'NONE', #5394, 1000.000000000000000 ) ;
#3727 = CARTESIAN_POINT ( 'NONE',  ( 3.319999999999998952, 0.6699999999999997069, -0.9549999999999980727 ) ) ;
#3728 = CARTESIAN_POINT ( 'NONE',  ( -1.730000000000000870, 9.900000000000000355, 1.584999999999999076 ) ) ;
#3729 = DIRECTION ( 'NONE',  ( 1.000000000000000000, -0.000000000000000000, -4.494102269369968727E-16 ) ) ;
#3730 = ORIENTED_EDGE ( 'NONE', *, *, #3653, .T. ) ;
#3731 = PRESENTATION_LAYER_ASSIGNMENT (  '', '', ( #2836 ) ) ;
#3732 = CARTESIAN_POINT ( 'NONE',  ( 0.1636363636363588614, 8.350909090909087951, 0.4786363636363594187 ) ) ;
#3733 = FACE_OUTER_BOUND ( 'NONE', #2524, .T. ) ;
#3734 = EDGE_CURVE ( 'NONE', #2200, #47, #4046, .T. ) ;
#3735 = VECTOR ( 'NONE', #313, 1000.000000000000000 ) ;
#3736 = LINE ( 'NONE', #1903, #3790 ) ;
#3737 = PRODUCT_DEFINITION_SHAPE ( 'NONE', 'NONE',  #2822 ) ;
#3738 = ORIENTED_EDGE ( 'NONE', *, *, #1788, .T. ) ;
#3739 = DIRECTION ( 'NONE',  ( 0.000000000000000000, -0.000000000000000000, 1.000000000000000000 ) ) ;
#3740 = DIRECTION ( 'NONE',  ( -0.6092076990801718051, -0.5076730825668076541, -0.6092076990801726932 ) ) ;
#3741 = DIRECTION ( 'NONE',  ( 0.000000000000000000, 0.000000000000000000, 1.000000000000000000 ) ) ;
#3742 = ORIENTED_EDGE ( 'NONE', *, *, #3152, .T. ) ;
#3743 = DIRECTION ( 'NONE',  ( 0.000000000000000000, -1.000000000000000000, -1.618212197739558882E-16 ) ) ;
#3744 = LINE ( 'NONE', #4716, #5857 ) ;
#3745 = DIRECTION ( 'NONE',  ( -0.3015113445777613532, -0.9045340337332925529, 0.3015113445777610757 ) ) ;
#3746 = DIRECTION ( 'NONE',  ( 0.000000000000000000, -1.000000000000000000, 0.000000000000000000 ) ) ;
#3747 = LINE ( 'NONE', #3871, #1737 ) ;
#3748 = ORIENTED_EDGE ( 'NONE', *, *, #28, .F. ) ;
#3749 = ORIENTED_EDGE ( 'NONE', *, *, #1931, .T. ) ;
#3750 = VECTOR ( 'NONE', #5603, 1000.000000000000000 ) ;
#3751 = DIRECTION ( 'NONE',  ( 0.000000000000000000, -0.000000000000000000, 1.000000000000000000 ) ) ;
#3752 = LINE ( 'NONE', #4035, #3599 ) ;
#3753 = CARTESIAN_POINT ( 'NONE',  ( 2.679999999999999272, 0.000000000000000000, 2.024999999999999023 ) ) ;
#3754 = CARTESIAN_POINT ( 'NONE',  ( -0.3200000000000008393, -2.579999999999992966, 0.6349999999999983435 ) ) ;
#3755 = CARTESIAN_POINT ( 'NONE',  ( 1.729999999999998872, 3.300000000000000711, -0.9550000000000004041 ) ) ;
#3756 = AXIS2_PLACEMENT_3D ( 'NONE', #1915, #184, #2409 ) ;
#3757 = ADVANCED_FACE ( 'NONE', ( #146, #2124 ), #2204, .F. ) ;
#3758 = ORIENTED_EDGE ( 'NONE', *, *, #4987, .F. ) ;
#3759 = VERTEX_POINT ( 'NONE', #5025 ) ;
#3760 = LINE ( 'NONE', #3708, #1906 ) ;
#3761 = LINE ( 'NONE', #272, #1690 ) ;
#3762 = CARTESIAN_POINT ( 'NONE',  ( -3.757474226804124129, 0.3979381443298978804, -0.03252577319587607318 ) ) ;
#3763 = DIRECTION ( 'NONE',  ( -1.000000000000000000, 0.000000000000000000, 1.280553747030123075E-16 ) ) ;
#3764 = DIRECTION ( 'NONE',  ( -2.247051134684983870E-16, 0.000000000000000000, -1.000000000000000000 ) ) ;
#3765 = DIRECTION ( 'NONE',  ( 0.000000000000000000, 1.000000000000000000, 0.000000000000000000 ) ) ;
#3766 = ORIENTED_EDGE ( 'NONE', *, *, #3577, .T. ) ;
#3767 = ORIENTED_EDGE ( 'NONE', *, *, #4476, .T. ) ;
#3768 = AXIS2_PLACEMENT_3D ( 'NONE', #273, #3055, #2090 ) ;
#3769 = ADVANCED_FACE ( 'NONE', ( #172 ), #2664, .F. ) ;
#3770 = PLANE ( 'NONE',  #2097 ) ;
#3771 = ORIENTED_EDGE ( 'NONE', *, *, #2416, .T. ) ;
#3772 = FACE_OUTER_BOUND ( 'NONE', #2497, .T. ) ;
#3773 = EDGE_CURVE ( 'NONE', #3190, #1828, #136, .T. ) ;
#3774 = ORIENTED_EDGE ( 'NONE', *, *, #3477, .F. ) ;
#3775 = DIRECTION ( 'NONE',  ( 0.000000000000000000, 1.000000000000000000, 1.618212197739558882E-16 ) ) ;
#3776 = EDGE_CURVE ( 'NONE', #4752, #604, #2158, .T. ) ;
#3777 = CARTESIAN_POINT ( 'NONE',  ( -3.320000000000000728, 7.500000000000001776, 0.6349999999999992317 ) ) ;
#3778 = VERTEX_POINT ( 'NONE', #3170 ) ;
#3779 = PLANE ( 'NONE',  #2660 ) ;
#3780 = FACE_OUTER_BOUND ( 'NONE', #845, .T. ) ;
#3781 = CARTESIAN_POINT ( 'NONE',  ( -0.3200000000000008393, 6.899999999999995026, 0.6349999999999992317 ) ) ;
#3782 = PLANE ( 'NONE',  #2135 ) ;
#3783 = VECTOR ( 'NONE', #1338, 1000.000000000000000 ) ;
#3784 = EDGE_CURVE ( 'NONE', #3808, #5516, #4030, .T. ) ;
#3785 = AXIS2_PLACEMENT_3D ( 'NONE', #4548, #1739, #5849 ) ;
#3786 = ORIENTED_EDGE ( 'NONE', *, *, #5879, .T. ) ;
#3787 = VERTEX_POINT ( 'NONE', #5463 ) ;
#3788 = PLANE ( 'NONE',  #2989 ) ;
#3789 = ORIENTED_EDGE ( 'NONE', *, *, #4143, .F. ) ;
#3790 = VECTOR ( 'NONE', #206, 1000.000000000000000 ) ;
#3791 = CARTESIAN_POINT ( 'NONE',  ( -5.674999999999999822, 0.000000000000000000, 2.785000000000001030 ) ) ;
#3792 = AXIS2_PLACEMENT_3D ( 'NONE', #2618, #3112, #2093 ) ;
#3793 = DIRECTION ( 'NONE',  ( 1.000000000000000000, -0.000000000000000000, -4.494102269369968727E-16 ) ) ;
#3794 = DIRECTION ( 'NONE',  ( 1.000000000000000000, 0.000000000000000000, 0.000000000000000000 ) ) ;
#3795 = DIRECTION ( 'NONE',  ( -0.000000000000000000, -1.000000000000000000, -0.000000000000000000 ) ) ;
#3796 = EDGE_CURVE ( 'NONE', #4489, #4286, #97, .T. ) ;
#3797 = ORIENTED_EDGE ( 'NONE', *, *, #682, .F. ) ;
#3798 = ORIENTED_EDGE ( 'NONE', *, *, #3914, .T. ) ;
#3799 = ORIENTED_EDGE ( 'NONE', *, *, #43, .T. ) ;
#3800 = LINE ( 'NONE', #1389, #1946 ) ;
#3801 = LINE ( 'NONE', #5510, #3922 ) ;
#3802 = LINE ( 'NONE', #1080, #2245 ) ;
#3803 = CARTESIAN_POINT ( 'NONE',  ( -3.619999999999994778, 3.300000000000000711, 1.584999999999999298 ) ) ;
#3804 = DIRECTION ( 'NONE',  ( 0.000000000000000000, 0.000000000000000000, -1.000000000000000000 ) ) ;
#3805 = ADVANCED_FACE ( 'NONE', ( #266 ), #3593, .F. ) ;
#3806 = ORIENTED_EDGE ( 'NONE', *, *, #142, .F. ) ;
#3807 = CARTESIAN_POINT ( 'NONE',  ( -5.389999999999999680, 0.6699999999999998179, 1.190000000000006608 ) ) ;
#3808 = VERTEX_POINT ( 'NONE', #1795 ) ;
#3809 = VECTOR ( 'NONE', #2116, 1000.000000000000000 ) ;
#3810 = ORIENTED_EDGE ( 'NONE', *, *, #806, .F. ) ;
#3811 = ORIENTED_EDGE ( 'NONE', *, *, #3113, .T. ) ;
#3812 = DIRECTION ( 'NONE',  ( -1.000000000000000000, 0.000000000000000000, 4.336808689942018229E-16 ) ) ;
#3813 = DIRECTION ( 'NONE',  ( 0.000000000000000000, -1.801998070613027504E-16, 1.000000000000000000 ) ) ;
#3814 = ADVANCED_FACE ( 'NONE', ( #4235 ), #2818, .F. ) ;
#3815 = EDGE_CURVE ( 'NONE', #4082, #80, #2115, .T. ) ;
#3816 = ORIENTED_EDGE ( 'NONE', *, *, #4958, .T. ) ;
#3817 = CARTESIAN_POINT ( 'NONE',  ( 4.924999999999999822, 9.900000000000000355, 1.044999999999999263 ) ) ;
#3818 = FACE_OUTER_BOUND ( 'NONE', #4064, .T. ) ;
#3819 = CARTESIAN_POINT ( 'NONE',  ( 0.3199999999999973976, -3.252606517456513302E-16, -0.9549999999999968514 ) ) ;
#3820 = DIRECTION ( 'NONE',  ( 0.000000000000000000, 0.000000000000000000, -1.000000000000000000 ) ) ;
#3821 = LINE ( 'NONE', #1156, #3863 ) ;
#3822 = ORIENTED_EDGE ( 'NONE', *, *, #4676, .F. ) ;
#3823 = ORIENTED_EDGE ( 'NONE', *, *, #3362, .F. ) ;
#3824 = CARTESIAN_POINT ( 'NONE',  ( 1.269999999999999130, 3.300000000000000711, 0.9349999999999945022 ) ) ;
#3825 = FACE_OUTER_BOUND ( 'NONE', #4427, .T. ) ;
#3826 = EDGE_CURVE ( 'NONE', #3585, #4559, #4176, .T. ) ;
#3827 = LINE ( 'NONE', #2678, #3847 ) ;
#3828 = CARTESIAN_POINT ( 'NONE',  ( -6.325000000000001066, 0.6699999999999998179, 1.190000000000006608 ) ) ;
#3829 = DIRECTION ( 'NONE',  ( 1.000000000000000000, 0.000000000000000000, -0.000000000000000000 ) ) ;
#3830 = CARTESIAN_POINT ( 'NONE',  ( -4.925000000000000711, 9.900000000000000355, -0.9550000000000007372 ) ) ;
#3831 = CARTESIAN_POINT ( 'NONE',  ( -6.325000000000001954, 0.6699999999999998179, -0.5599999999999937250 ) ) ;
#3832 = ORIENTED_EDGE ( 'NONE', *, *, #3295, .F. ) ;
#3833 = EDGE_LOOP ( 'NONE', ( #2981, #5135, #1099, #2905 ) ) ;
#3834 = FACE_OUTER_BOUND ( 'NONE', #2991, .T. ) ;
#3835 = VECTOR ( 'NONE', #3044, 1000.000000000000000 ) ;
#3836 = AXIS2_PLACEMENT_3D ( 'NONE', #4877, #3109, #825 ) ;
#3837 = CARTESIAN_POINT ( 'NONE',  ( 0.1199999999999985800, -3.180000000000000160, 0.000000000000000000 ) ) ;
#3838 = DIRECTION ( 'NONE',  ( 0.000000000000000000, 0.000000000000000000, -1.000000000000000000 ) ) ;
#3839 = ORIENTED_EDGE ( 'NONE', *, *, #1784, .T. ) ;
#3840 = DIRECTION ( 'NONE',  ( -1.000000000000000000, 0.000000000000000000, -0.000000000000000000 ) ) ;
#3841 = VERTEX_POINT ( 'NONE', #615 ) ;
#3842 = EDGE_CURVE ( 'NONE', #866, #4447, #153, .T. ) ;
#3843 = DIRECTION ( 'NONE',  ( -4.336808689942017736E-16, 0.000000000000000000, 1.000000000000000000 ) ) ;
#3844 = DIRECTION ( 'NONE',  ( 0.4619344188369675641, 0.000000000000000000, -0.8869140841669801434 ) ) ;
#3845 = VERTEX_POINT ( 'NONE', #3318 ) ;
#3846 = VECTOR ( 'NONE', #1695, 1000.000000000000000 ) ;
#3847 = VECTOR ( 'NONE', #1637, 1000.000000000000000 ) ;
#3848 = EDGE_CURVE ( 'NONE', #409, #1731, #2133, .T. ) ;
#3849 = ADVANCED_FACE ( 'NONE', ( #4057 ), #4615, .T. ) ;
#3850 = ORIENTED_EDGE ( 'NONE', *, *, #2576, .F. ) ;
#3851 = CARTESIAN_POINT ( 'NONE',  ( -5.389999999999997904, 1.849999999999999201, 2.274999999999999467 ) ) ;
#3852 = EDGE_LOOP ( 'NONE', ( #3430, #714, #2582, #4687 ) ) ;
#3853 = CARTESIAN_POINT ( 'NONE',  ( 0.000000000000000000, -3.180000000000000160, 0.1949999999999985911 ) ) ;
#3854 =( LENGTH_UNIT ( ) NAMED_UNIT ( * ) SI_UNIT ( .MILLI., .METRE. ) );
#3855 = CARTESIAN_POINT ( 'NONE',  ( 2.679999999999998384, 0.6699999999999997069, 1.585000000000005960 ) ) ;
#3856 = EDGE_CURVE ( 'NONE', #1213, #5719, #4018, .T. ) ;
#3857 = CARTESIAN_POINT ( 'NONE',  ( 1.250000000000001110, 8.300000000000000711, 2.774999999999999467 ) ) ;
#3858 = VERTEX_POINT ( 'NONE', #2862 ) ;
#3859 = LINE ( 'NONE', #5809, #1939 ) ;
#3860 = DIRECTION ( 'NONE',  ( -1.000000000000000000, 0.000000000000000000, 1.280553747030123322E-16 ) ) ;
#3861 = CARTESIAN_POINT ( 'NONE',  ( 1.300000000000000044, 7.400000000000000355, -2.785000000000001030 ) ) ;
#3862 = VECTOR ( 'NONE', #431, 1000.000000000000000 ) ;
#3863 = VECTOR ( 'NONE', #2032, 1000.000000000000000 ) ;
#3864 = ORIENTED_EDGE ( 'NONE', *, *, #2460, .F. ) ;
#3865 = ADVANCED_FACE ( 'NONE', ( #2062 ), #2030, .F. ) ;
#3866 = DIRECTION ( 'NONE',  ( -0.000000000000000000, 1.000000000000000000, -0.000000000000000000 ) ) ;
#3867 = VERTEX_POINT ( 'NONE', #3345 ) ;
#3868 = LINE ( 'NONE', #586, #3750 ) ;
#3869 = EDGE_CURVE ( 'NONE', #3412, #4972, #4103, .T. ) ;
#3870 = SURFACE_STYLE_USAGE ( .BOTH. , #2375 ) ;
#3871 = CARTESIAN_POINT ( 'NONE',  ( -5.389999999999997904, 0.000000000000000000, 2.024999999999999023 ) ) ;
#3872 = VECTOR ( 'NONE', #3743, 1000.000000000000000 ) ;
#3873 = CARTESIAN_POINT ( 'NONE',  ( -1.250000000000001110, 1.849999999999999201, 2.774999999999998135 ) ) ;
#3874 = DIRECTION ( 'NONE',  ( -0.000000000000000000, -0.7682212795973764052, -0.6401843996644793755 ) ) ;
#3875 = DIRECTION ( 'NONE',  ( 0.000000000000000000, -1.801998070613027504E-16, 1.000000000000000000 ) ) ;
#3876 = ORIENTED_EDGE ( 'NONE', *, *, #5334, .T. ) ;
#3877 = ORIENTED_EDGE ( 'NONE', *, *, #1494, .F. ) ;
#3878 = CYLINDRICAL_SURFACE ( 'NONE', #4271, 0.5000000000000004441 ) ;
#3879 = PLANE ( 'NONE',  #1587 ) ;
#3880 = CARTESIAN_POINT ( 'NONE',  ( -0.3200000000000008393, 0.6699999999999997069, 1.585000000000003961 ) ) ;
#3881 = EDGE_LOOP ( 'NONE', ( #765, #1285, #779, #668 ) ) ;
#3882 = CARTESIAN_POINT ( 'NONE',  ( -2.250000000000001332, 1.849999999999999201, 2.274999999999999467 ) ) ;
#3883 = ORIENTED_EDGE ( 'NONE', *, *, #1776, .T. ) ;
#3884 = PLANE ( 'NONE',  #1802 ) ;
#3885 = ORIENTED_EDGE ( 'NONE', *, *, #4220, .F. ) ;
#3886 = LINE ( 'NONE', #1995, #1966 ) ;
#3887 = LINE ( 'NONE', #262, #3988 ) ;
#3888 = EDGE_CURVE ( 'NONE', #56, #4218, #2148, .T. ) ;
#3889 = ORIENTED_EDGE ( 'NONE', *, *, #3145, .T. ) ;
#3890 = PLANE ( 'NONE',  #2680 ) ;
#3891 = ORIENTED_EDGE ( 'NONE', *, *, #4958, .F. ) ;
#3892 = CARTESIAN_POINT ( 'NONE',  ( -6.024999999999995026, -1.449999999999999956, 1.884999999999999787 ) ) ;
#3893 = FACE_OUTER_BOUND ( 'NONE', #2512, .T. ) ;
#3894 = CARTESIAN_POINT ( 'NONE',  ( -2.680000000000001048, 1.350000000000000089, -1.585000000000000409 ) ) ;
#3895 = LINE ( 'NONE', #1991, #5814 ) ;
#3896 = ADVANCED_FACE ( 'NONE', ( #2053 ), #1061, .F. ) ;
#3897 = ORIENTED_EDGE ( 'NONE', *, *, #1128, .T. ) ;
#3898 = ORIENTED_EDGE ( 'NONE', *, *, #122, .T. ) ;
#3899 = FACE_OUTER_BOUND ( 'NONE', #2681, .T. ) ;
#3900 = PLANE ( 'NONE',  #3303 ) ;
#3901 = DIRECTION ( 'NONE',  ( -0.000000000000000000, 1.000000000000000000, 1.801998070613027504E-16 ) ) ;
#3902 = CARTESIAN_POINT ( 'NONE',  ( -6.324999999999999289, 9.900000000000000355, 2.274999999999999467 ) ) ;
#3903 = CARTESIAN_POINT ( 'NONE',  ( -6.325000000000001954, 0.6699999999999997069, -0.9549999999999937428 ) ) ;
#3904 = EDGE_CURVE ( 'NONE', #3034, #2586, #210, .T. ) ;
#3905 =( LENGTH_UNIT ( ) NAMED_UNIT ( * ) SI_UNIT ( .MILLI., .METRE. ) );
#3906 = VERTEX_POINT ( 'NONE', #4689 ) ;
#3907 = ORIENTED_EDGE ( 'NONE', *, *, #2318, .T. ) ;
#3908 = EDGE_CURVE ( 'NONE', #787, #4023, #4138, .T. ) ;
#3909 = ORIENTED_EDGE ( 'NONE', *, *, #4948, .F. ) ;
#3910 = VECTOR ( 'NONE', #4944, 1000.000000000000000 ) ;
#3911 = LINE ( 'NONE', #5242, #5842 ) ;
#3912 = CARTESIAN_POINT ( 'NONE',  ( -6.325000000000001954, 1.269999999999999796, -0.5599999999999936140 ) ) ;
#3913 = DIRECTION ( 'NONE',  ( -0.000000000000000000, -0.000000000000000000, 1.000000000000000000 ) ) ;
#3914 = EDGE_CURVE ( 'NONE', #4941, #4263, #4039, .T. ) ;
#3915 = PLANE ( 'NONE',  #5570 ) ;
#3916 = DIRECTION ( 'NONE',  ( 0.000000000000000000, 1.000000000000000000, 0.000000000000000000 ) ) ;
#3917 = EDGE_CURVE ( 'NONE', #716, #2551, #2172, .T. ) ;
#3918 = ORIENTED_EDGE ( 'NONE', *, *, #3939, .F. ) ;
#3919 = EDGE_LOOP ( 'NONE', ( #1873, #3897, #1557, #3943 ) ) ;
#3920 = DIRECTION ( 'NONE',  ( -0.000000000000000000, 1.000000000000000000, 1.801998070613027504E-16 ) ) ;
#3921 = ORIENTED_EDGE ( 'NONE', *, *, #1087, .T. ) ;
#3922 = VECTOR ( 'NONE', #4117, 1000.000000000000000 ) ;
#3923 = AXIS2_PLACEMENT_3D ( 'NONE', #5712, #3581, #4519 ) ;
#3924 = EDGE_CURVE ( 'NONE', #1147, #3484, #4125, .T. ) ;
#3925 = ORIENTED_EDGE ( 'NONE', *, *, #2334, .T. ) ;
#3926 = ORIENTED_EDGE ( 'NONE', *, *, #4378, .T. ) ;
#3927 = CARTESIAN_POINT ( 'NONE',  ( -6.325000000000001954, -3.252606517456513302E-16, -0.9549999999999938538 ) ) ;
#3928 = PLANE ( 'NONE',  #2927 ) ;
#3929 = DIRECTION ( 'NONE',  ( -4.494102269369968727E-16, 1.618212197739558636E-16, -1.000000000000000000 ) ) ;
#3930 = CARTESIAN_POINT ( 'NONE',  ( 0.1199999999999985800, 7.500000000000001776, 0.4349999999999987765 ) ) ;
#3931 = ORIENTED_EDGE ( 'NONE', *, *, #5464, .F. ) ;
#3932 = DIRECTION ( 'NONE',  ( -0.000000000000000000, -1.000000000000000000, -0.000000000000000000 ) ) ;
#3933 = CARTESIAN_POINT ( 'NONE',  ( -4.925000000000000711, 9.900000000000000355, -1.585000000000000187 ) ) ;
#3934 = FACE_OUTER_BOUND ( 'NONE', #5389, .T. ) ;
#3935 = CARTESIAN_POINT ( 'NONE',  ( 3.319999999999998952, -2.579999999999992966, -0.005000000000001723552 ) ) ;
#3936 = LINE ( 'NONE', #2258, #3835 ) ;
#3937 = AXIS2_PLACEMENT_3D ( 'NONE', #3111, #3514, #4600 ) ;
#3938 = AXIS2_PLACEMENT_3D ( 'NONE', #1585, #2018, #2505 ) ;
#3939 = EDGE_CURVE ( 'NONE', #1563, #1089, #293, .T. ) ;
#3940 = ORIENTED_EDGE ( 'NONE', *, *, #3991, .F. ) ;
#3941 = ORIENTED_EDGE ( 'NONE', *, *, #5656, .F. ) ;
#3942 = ORIENTED_EDGE ( 'NONE', *, *, #1592, .F. ) ;
#3943 = ORIENTED_EDGE ( 'NONE', *, *, #2244, .T. ) ;
#3944 = COLOUR_RGB ( '',0.7921568627450980005, 0.8196078431372548767, 0.9333333333333333481 ) ;
#3945 = CARTESIAN_POINT ( 'NONE',  ( -5.674999999999999822, -1.449999999999999956, 2.185000000000004494 ) ) ;
#3946 = LINE ( 'NONE', #1065, #3872 ) ;
#3947 = CARTESIAN_POINT ( 'NONE',  ( -1.270000000000001128, 9.900000000000000355, 1.584999999999999520 ) ) ;
#3948 = DIRECTION ( 'NONE',  ( 0.000000000000000000, 0.000000000000000000, -1.000000000000000000 ) ) ;
#3949 = ADVANCED_FACE ( 'NONE', ( #2217 ), #1474, .F. ) ;
#3950 = DIRECTION ( 'NONE',  ( 0.000000000000000000, 0.000000000000000000, -1.000000000000000000 ) ) ;
#3951 = VERTEX_POINT ( 'NONE', #655 ) ;
#3952 = ORIENTED_EDGE ( 'NONE', *, *, #2405, .T. ) ;
#3953 = ORIENTED_EDGE ( 'NONE', *, *, #4591, .T. ) ;
#3954 = EDGE_CURVE ( 'NONE', #4634, #1101, #2280, .T. ) ;
#3955 = VERTEX_POINT ( 'NONE', #3569 ) ;
#3956 = FACE_OUTER_BOUND ( 'NONE', #5179, .T. ) ;
#3957 = VECTOR ( 'NONE', #5672, 1000.000000000000000 ) ;
#3958 = DIRECTION ( 'NONE',  ( 0.000000000000000000, 0.000000000000000000, -1.000000000000000000 ) ) ;
#3959 = DIRECTION ( 'NONE',  ( 0.000000000000000000, 1.000000000000000000, 1.801998070613027504E-16 ) ) ;
#3960 = CARTESIAN_POINT ( 'NONE',  ( -6.325000000000001066, 0.6699999999999997069, 1.585000000000006626 ) ) ;
#3961 = ORIENTED_EDGE ( 'NONE', *, *, #5564, .F. ) ;
#3962 = CARTESIAN_POINT ( 'NONE',  ( -6.325000000000001066, 0.6699999999999997069, 1.585000000000006626 ) ) ;
#3963 = ORIENTED_EDGE ( 'NONE', *, *, #4394, .F. ) ;
#3964 = ORIENTED_EDGE ( 'NONE', *, *, #781, .F. ) ;
#3965 = CARTESIAN_POINT ( 'NONE',  ( -6.325000000000001954, 0.6699999999999997069, -0.9549999999999937428 ) ) ;
#3966 = VERTEX_POINT ( 'NONE', #4382 ) ;
#3967 = LINE ( 'NONE', #1212, #3980 ) ;
#3968 = EDGE_CURVE ( 'NONE', #5036, #3951, #2197, .T. ) ;
#3969 = UNCERTAINTY_MEASURE_WITH_UNIT (LENGTH_MEASURE( 1.000000000000000082E-05 ), #3854, 'distance_accuracy_value', 'NONE');
#3970 = VECTOR ( 'NONE', #3978, 1000.000000000000000 ) ;
#3971 = ORIENTED_EDGE ( 'NONE', *, *, #4291, .F. ) ;
#3972 = ORIENTED_EDGE ( 'NONE', *, *, #5625, .F. ) ;
#3973 = CARTESIAN_POINT ( 'NONE',  ( -2.680000000000001048, 0.6699999999999998179, 1.190000000000006608 ) ) ;
#3974 = CARTESIAN_POINT ( 'NONE',  ( 4.269999999999999574, 3.300000000000000711, 1.584999999999999076 ) ) ;
#3975 = ORIENTED_EDGE ( 'NONE', *, *, #5542, .F. ) ;
#3976 = DIRECTION ( 'NONE',  ( -1.000000000000000000, -0.000000000000000000, 0.000000000000000000 ) ) ;
#3977 = ORIENTED_EDGE ( 'NONE', *, *, #2442, .F. ) ;
#3978 = DIRECTION ( 'NONE',  ( 0.000000000000000000, 0.000000000000000000, -1.000000000000000000 ) ) ;
#3979 = DIRECTION ( 'NONE',  ( 0.000000000000000000, 0.000000000000000000, 1.000000000000000000 ) ) ;
#3980 = VECTOR ( 'NONE', #5674, 1000.000000000000000 ) ;
#3981 = VECTOR ( 'NONE', #2920, 1000.000000000000000 ) ;
#3982 = ORIENTED_EDGE ( 'NONE', *, *, #5581, .T. ) ;
#3983 = ORIENTED_EDGE ( 'NONE', *, *, #2527, .T. ) ;
#3984 = DIRECTION ( 'NONE',  ( -0.000000000000000000, 1.000000000000000000, -0.000000000000000000 ) ) ;
#3985 = EDGE_CURVE ( 'NONE', #5844, #3415, #4151, .T. ) ;
#3986 = LINE ( 'NONE', #5331, #42 ) ;
#3987 = DIRECTION ( 'NONE',  ( 1.000000000000000000, 0.000000000000000000, -4.494102269369968727E-16 ) ) ;
#3988 = VECTOR ( 'NONE', #1256, 1000.000000000000000 ) ;
#3989 = DIRECTION ( 'NONE',  ( -1.000000000000000000, 0.000000000000000000, -0.000000000000000000 ) ) ;
#3990 = DIRECTION ( 'NONE',  ( -1.000000000000000000, 0.000000000000000000, 0.000000000000000000 ) ) ;
#3991 = EDGE_CURVE ( 'NONE', #4989, #2141, #2207, .T. ) ;
#3992 = DIRECTION ( 'NONE',  ( 1.000000000000000000, -0.000000000000000000, -4.494102269369968727E-16 ) ) ;
#3993 = EDGE_LOOP ( 'NONE', ( #5136, #638, #1058, #4762 ) ) ;
#3994 = ORIENTED_EDGE ( 'NONE', *, *, #2986, .T. ) ;
#3995 = VERTEX_POINT ( 'NONE', #5850 ) ;
#3996 = EDGE_CURVE ( 'NONE', #1119, #953, #2356, .T. ) ;
#3997 = EDGE_LOOP ( 'NONE', ( #3972, #3600, #2275, #1993 ) ) ;
#3998 = LINE ( 'NONE', #1321, #94 ) ;
#3999 = EDGE_CURVE ( 'NONE', #56, #4601, #478, .T. ) ;
#4000 = FACE_OUTER_BOUND ( 'NONE', #666, .T. ) ;
#4001 = DIRECTION ( 'NONE',  ( -1.000000000000000000, 0.000000000000000000, 0.000000000000000000 ) ) ;
#4002 = DIRECTION ( 'NONE',  ( 1.000000000000000000, 0.000000000000000000, 0.000000000000000000 ) ) ;
#4003 = DIRECTION ( 'NONE',  ( -2.247051134684983870E-16, 0.000000000000000000, 1.000000000000000000 ) ) ;
#4004 = CARTESIAN_POINT ( 'NONE',  ( 2.250000000000001332, 8.300000000000000711, 2.774999999999999467 ) ) ;
#4005 = DIRECTION ( 'NONE',  ( -0.000000000000000000, -0.000000000000000000, 1.000000000000000000 ) ) ;
#4006 = ADVANCED_FACE ( 'NONE', ( #2418 ), #4337, .F. ) ;
#4007 = ORIENTED_EDGE ( 'NONE', *, *, #5383, .T. ) ;
#4008 = CARTESIAN_POINT ( 'NONE',  ( 0.000000000000000000, -1.449999999999999956, 0.000000000000000000 ) ) ;
#4009 = ORIENTED_EDGE ( 'NONE', *, *, #3521, .F. ) ;
#4010 = AXIS2_PLACEMENT_3D ( 'NONE', #1994, #2128, #3860 ) ;
#4011 = ORIENTED_EDGE ( 'NONE', *, *, #3519, .T. ) ;
#4012 = AXIS2_PLACEMENT_3D ( 'NONE', #181, #1207, #1109 ) ;
#4013 = CARTESIAN_POINT ( 'NONE',  ( -0.3200000000000008393, 0.6699999999999998179, -0.5599999999999943912 ) ) ;
#4014 = CARTESIAN_POINT ( 'NONE',  ( 6.000000000000000000, 1.349999999999999867, 4.573977915173221831E-16 ) ) ;
#4015 = VECTOR ( 'NONE', #4985, 1000.000000000000000 ) ;
#4016 = EDGE_CURVE ( 'NONE', #1787, #1563, #4284, .T. ) ;
#4017 = LINE ( 'NONE', #3828, #84 ) ;
#4018 = LINE ( 'NONE', #5597, #4089 ) ;
#4019 = DIRECTION ( 'NONE',  ( 0.000000000000000000, 1.000000000000000000, -3.614007241618348771E-16 ) ) ;
#4020 = ORIENTED_EDGE ( 'NONE', *, *, #487, .F. ) ;
#4021 = ADVANCED_FACE ( 'NONE', ( #358 ), #1742, .F. ) ;
#4022 = CARTESIAN_POINT ( 'NONE',  ( 2.679999999999999272, 3.300000000000000711, -0.005000000000000663636 ) ) ;
#4023 = VERTEX_POINT ( 'NONE', #3855 ) ;
#4024 = DIRECTION ( 'NONE',  ( 0.3015113445777613532, 0.9045340337332925529, 0.3015113445777610757 ) ) ;
#4025 = CARTESIAN_POINT ( 'NONE',  ( 0.1199999999999985800, -3.180000000000000160, 0.4349999999999979994 ) ) ;
#4026 = ORIENTED_EDGE ( 'NONE', *, *, #5408, .T. ) ;
#4027 = CARTESIAN_POINT ( 'NONE',  ( 2.879999999999999893, 7.500000000000001776, 0.000000000000000000 ) ) ;
#4028 = AXIS2_PLACEMENT_3D ( 'NONE', #536, #3286, #4177 ) ;
#4029 = LINE ( 'NONE', #4798, #72 ) ;
#4030 = LINE ( 'NONE', #3559, #4185 ) ;
#4031 = ORIENTED_EDGE ( 'NONE', *, *, #3287, .F. ) ;
#4032 = PLANE ( 'NONE',  #5087 ) ;
#4033 = VECTOR ( 'NONE', #3843, 1000.000000000000000 ) ;
#4034 = DIRECTION ( 'NONE',  ( -0.000000000000000000, -0.000000000000000000, 1.000000000000000000 ) ) ;
#4035 = CARTESIAN_POINT ( 'NONE',  ( -3.320000000000000728, 0.6699999999999998179, 1.190000000000006608 ) ) ;
#4036 = VECTOR ( 'NONE', #5215, 1000.000000000000000 ) ;
#4037 = CARTESIAN_POINT ( 'NONE',  ( 0.3199999999999991185, 0.6699999999999997069, 1.585000000000003517 ) ) ;
#4038 = CARTESIAN_POINT ( 'NONE',  ( 3.319999999999998952, 1.349999999999999645, 0.6349999999999990097 ) ) ;
#4039 = LINE ( 'NONE', #214, #185 ) ;
#4040 = CARTESIAN_POINT ( 'NONE',  ( -6.325000000000001066, -3.252606517456513302E-16, 1.585000000000006848 ) ) ;
#4041 = EDGE_LOOP ( 'NONE', ( #2336, #3963, #2227, #1741 ) ) ;
#4042 = LINE ( 'NONE', #5162, #321 ) ;
#4043 = LINE ( 'NONE', #3512, #2132 ) ;
#4044 = CARTESIAN_POINT ( 'NONE',  ( 3.000000000000000000, 3.300000000000000711, 0.000000000000000000 ) ) ;
#4045 = ADVANCED_FACE ( 'NONE', ( #4328 ), #1702, .F. ) ;
#4046 = LINE ( 'NONE', #4414, #4068 ) ;
#4047 = DIRECTION ( 'NONE',  ( 0.000000000000000000, 0.000000000000000000, 1.000000000000000000 ) ) ;
#4048 = SURFACE_STYLE_USAGE ( .BOTH. , #3627 ) ;
#4049 = ORIENTED_EDGE ( 'NONE', *, *, #1264, .T. ) ;
#4050 = EDGE_CURVE ( 'NONE', #2500, #3118, #451, .T. ) ;
#4051 = ORIENTED_EDGE ( 'NONE', *, *, #3410, .T. ) ;
#4052 = CARTESIAN_POINT ( 'NONE',  ( -2.680000000000001048, 6.899999999999995026, 0.6349999999999992317 ) ) ;
#4053 = CARTESIAN_POINT ( 'NONE',  ( -4.924999999999999822, 9.900000000000000355, 2.274999999999999467 ) ) ;
#4054 = ORIENTED_EDGE ( 'NONE', *, *, #5284, .T. ) ;
#4055 = LINE ( 'NONE', #4742, #4158 ) ;
#4056 = VECTOR ( 'NONE', #5128, 1000.000000000000000 ) ;
#4057 = FACE_OUTER_BOUND ( 'NONE', #2047, .T. ) ;
#4058 = ADVANCED_FACE ( 'NONE', ( #4346 ), #4806, .T. ) ;
#4059 = ORIENTED_EDGE ( 'NONE', *, *, #1734, .T. ) ;
#4060 = EDGE_LOOP ( 'NONE', ( #2878, #4621, #4155, #1070 ) ) ;
#4061 = AXIS2_PLACEMENT_3D ( 'NONE', #5297, #3169, #3558 ) ;
#4062 = CARTESIAN_POINT ( 'NONE',  ( -5.389999999999999680, -1.320169249480846743E-15, -1.584999999999999964 ) ) ;
#4063 = CARTESIAN_POINT ( 'NONE',  ( 2.679999999999999272, 6.899999999999995026, 0.6349999999999992317 ) ) ;
#4064 = EDGE_LOOP ( 'NONE', ( #916, #871, #5055, #2575 ) ) ;
#4065 = CARTESIAN_POINT ( 'NONE',  ( -0.3200000000000008393, 6.899999999999995026, 0.6349999999999992317 ) ) ;
#4066 = DIRECTION ( 'NONE',  ( 1.000000000000000000, -0.000000000000000000, -4.494102269369968727E-16 ) ) ;
#4067 = LINE ( 'NONE', #4439, #4201 ) ;
#4068 = VECTOR ( 'NONE', #1833, 1000.000000000000114 ) ;
#4069 = EDGE_CURVE ( 'NONE', #4196, #1213, #4380, .T. ) ;
#4070 = ORIENTED_EDGE ( 'NONE', *, *, #4080, .T. ) ;
#4071 = ORIENTED_EDGE ( 'NONE', *, *, #3826, .T. ) ;
#4072 = ORIENTED_EDGE ( 'NONE', *, *, #3550, .F. ) ;
#4073 = EDGE_CURVE ( 'NONE', #3415, #2043, #4390, .T. ) ;
#4074 = VECTOR ( 'NONE', #2629, 1000.000000000000000 ) ;
#4075 = CARTESIAN_POINT ( 'NONE',  ( 0.08045454545454458484, 7.618636363636364095, 0.3954545454545448924 ) ) ;
#4076 = DIRECTION ( 'NONE',  ( 0.000000000000000000, -3.388131789017201849E-16, 1.000000000000000000 ) ) ;
#4077 = VECTOR ( 'NONE', #1646, 1000.000000000000000 ) ;
#4078 = CARTESIAN_POINT ( 'NONE',  ( 1.250000000000001110, 8.300000000000000711, 2.774999999999999467 ) ) ;
#4079 = VECTOR ( 'NONE', #2485, 1000.000000000000000 ) ;
#4080 = EDGE_CURVE ( 'NONE', #2921, #2200, #465, .T. ) ;
#4081 = CARTESIAN_POINT ( 'NONE',  ( 0.3199999999999991185, 6.899999999999995026, 0.6349999999999992317 ) ) ;
#4082 = VERTEX_POINT ( 'NONE', #5738 ) ;
#4083 = ORIENTED_EDGE ( 'NONE', *, *, #5112, .F. ) ;
#4084 = VERTEX_POINT ( 'NONE', #773 ) ;
#4085 = VECTOR ( 'NONE', #3950, 1000.000000000000000 ) ;
#4086 = VECTOR ( 'NONE', #3278, 1000.000000000000000 ) ;
#4087 = FACE_OUTER_BOUND ( 'NONE', #364, .T. ) ;
#4088 = MECHANICAL_DESIGN_GEOMETRIC_PRESENTATION_REPRESENTATION (  '', ( #3651 ), #5664 ) ;
#4089 = VECTOR ( 'NONE', #5200, 1000.000000000000000 ) ;
#4090 = DIRECTION ( 'NONE',  ( -1.000000000000000000, 0.000000000000000000, -0.000000000000000000 ) ) ;
#4091 = EDGE_CURVE ( 'NONE', #3249, #3206, #2450, .T. ) ;
#4092 = DIRECTION ( 'NONE',  ( 1.000000000000000000, -0.000000000000000000, -4.494102269369968727E-16 ) ) ;
#4093 = ORIENTED_EDGE ( 'NONE', *, *, #749, .F. ) ;
#4094 = ORIENTED_EDGE ( 'NONE', *, *, #1344, .T. ) ;
#4095 = CARTESIAN_POINT ( 'NONE',  ( 3.119999999999998774, -3.180000000000000160, 0.000000000000000000 ) ) ;
#4096 = DIRECTION ( 'NONE',  ( 1.000000000000000000, 0.000000000000000000, -2.247051134684983870E-16 ) ) ;
#4097 = ORIENTED_EDGE ( 'NONE', *, *, #2741, .T. ) ;
#4098 = VECTOR ( 'NONE', #5323, 1000.000000000000000 ) ;
#4099 = LINE ( 'NONE', #5484, #2181 ) ;
#4100 = ORIENTED_EDGE ( 'NONE', *, *, #2174, .F. ) ;
#4101 = FACE_OUTER_BOUND ( 'NONE', #437, .T. ) ;
#4102 = ADVANCED_FACE ( 'NONE', ( #2489 ), #4425, .F. ) ;
#4103 = LINE ( 'NONE', #4652, #4204 ) ;
#4104 = EDGE_LOOP ( 'NONE', ( #5283, #3182, #3342, #3397 ) ) ;
#4105 = EDGE_LOOP ( 'NONE', ( #1495, #1162, #5855, #5191 ) ) ;
#4106 = DIRECTION ( 'NONE',  ( -1.000000000000000000, 0.000000000000000000, 0.000000000000000000 ) ) ;
#4107 = DIRECTION ( 'NONE',  ( -1.000000000000000000, 0.000000000000000000, 4.638298064109109804E-16 ) ) ;
#4108 = CARTESIAN_POINT ( 'NONE',  ( -1.300000000000000044, 6.899999999999999467, -1.584999999999999964 ) ) ;
#4109 = DIRECTION ( 'NONE',  ( -1.000000000000000000, 0.000000000000000000, 0.000000000000000000 ) ) ;
#4110 = LINE ( 'NONE', #2051, #2211 ) ;
#4111 = LINE ( 'NONE', #3016, #182 ) ;
#4112 = VECTOR ( 'NONE', #5109, 999.9999999999998863 ) ;
#4113 = ADVANCED_FACE ( 'NONE', ( #523 ), #3535, .F. ) ;
#4114 = ORIENTED_EDGE ( 'NONE', *, *, #4152, .T. ) ;
#4115 = EDGE_LOOP ( 'NONE', ( #5045, #2423, #92, #702, #4239, #1115, #3005, #3975, #4814, #4387, #2357, #5000 ) ) ;
#4116 = DIRECTION ( 'NONE',  ( 2.247051134684983870E-16, 0.000000000000000000, 1.000000000000000000 ) ) ;
#4117 = DIRECTION ( 'NONE',  ( 0.000000000000000000, -1.000000000000000000, 0.000000000000000000 ) ) ;
#4118 = LINE ( 'NONE', #2835, #128 ) ;
#4119 = VECTOR ( 'NONE', #3775, 1000.000000000000000 ) ;
#4120 = DIRECTION ( 'NONE',  ( 0.000000000000000000, -2.995465716473998555E-16, -1.000000000000000000 ) ) ;
#4121 = ORIENTED_EDGE ( 'NONE', *, *, #3641, .T. ) ;
#4122 = ORIENTED_EDGE ( 'NONE', *, *, #5140, .T. ) ;
#4123 = VECTOR ( 'NONE', #1848, 1000.000000000000000 ) ;
#4124 = DIRECTION ( 'NONE',  ( 1.000000000000000000, 0.000000000000000000, -4.494102269369968727E-16 ) ) ;
#4125 = LINE ( 'NONE', #1020, #198 ) ;
#4126 = CARTESIAN_POINT ( 'NONE',  ( 1.250000000000001110, 8.300000000000000711, 2.774999999999999467 ) ) ;
#4127 = DIRECTION ( 'NONE',  ( 1.000000000000000000, -0.000000000000000000, -0.000000000000000000 ) ) ;
#4128 = CARTESIAN_POINT ( 'NONE',  ( -0.1200000000000003147, 7.500000000000001776, 0.4349999999999987765 ) ) ;
#4129 = ORIENTED_EDGE ( 'NONE', *, *, #3325, .T. ) ;
#4130 = PLANE ( 'NONE',  #9 ) ;
#4131 = VERTEX_POINT ( 'NONE', #5056 ) ;
#4132 = DIRECTION ( 'NONE',  ( 0.000000000000000000, 0.000000000000000000, 1.000000000000000000 ) ) ;
#4133 = CARTESIAN_POINT ( 'NONE',  ( -3.320000000000000728, -1.081363123647113125E-15, -1.584999999999999964 ) ) ;
#4134 = EDGE_CURVE ( 'NONE', #4447, #4572, #304, .T. ) ;
#4135 = LINE ( 'NONE', #1602, #2193 ) ;
#4136 = ORIENTED_EDGE ( 'NONE', *, *, #878, .F. ) ;
#4137 = FACE_OUTER_BOUND ( 'NONE', #3095, .T. ) ;
#4138 = LINE ( 'NONE', #1107, #4224 ) ;
#4139 = DIRECTION ( 'NONE',  ( 1.000000000000000000, -0.000000000000000000, -0.000000000000000000 ) ) ;
#4140 = ORIENTED_EDGE ( 'NONE', *, *, #452, .T. ) ;
#4141 = DIRECTION ( 'NONE',  ( 1.000000000000000000, 0.000000000000000000, -1.707404996040164265E-16 ) ) ;
#4142 = CARTESIAN_POINT ( 'NONE',  ( 0.3199999999999991185, 1.269999999999999796, -0.5599999999999967226 ) ) ;
#4143 = EDGE_CURVE ( 'NONE', #5665, #4989, #2532, .T. ) ;
#4144 =( NAMED_UNIT ( * ) SI_UNIT ( $, .STERADIAN. ) SOLID_ANGLE_UNIT ( ) );
#4145 = ORIENTED_EDGE ( 'NONE', *, *, #4195, .T. ) ;
#4146 = CARTESIAN_POINT ( 'NONE',  ( 1.300000000000000044, 6.899999999999999467, -1.585000000000000187 ) ) ;
#4147 = DIRECTION ( 'NONE',  ( 0.000000000000000000, -1.000000000000000000, -1.807003620809174385E-16 ) ) ;
#4148 = FACE_OUTER_BOUND ( 'NONE', #4419, .T. ) ;
#4149 = EDGE_CURVE ( 'NONE', #5016, #5844, #2543, .T. ) ;
#4150 = VECTOR ( 'NONE', #511, 1000.000000000000000 ) ;
#4151 = LINE ( 'NONE', #3187, #221 ) ;
#4152 = EDGE_CURVE ( 'NONE', #5315, #3354, #4496, .T. ) ;
#4153 = VERTEX_POINT ( 'NONE', #5873 ) ;
#4154 = AXIS2_PLACEMENT_3D ( 'NONE', #2739, #541, #4691 ) ;
#4155 = ORIENTED_EDGE ( 'NONE', *, *, #1597, .F. ) ;
#4156 = AXIS2_PLACEMENT_3D ( 'NONE', #2271, #1433, #3243 ) ;
#4157 = ORIENTED_EDGE ( 'NONE', *, *, #1150, .T. ) ;
#4158 = VECTOR ( 'NONE', #5290, 1000.000000000000000 ) ;
#4159 = EDGE_CURVE ( 'NONE', #1563, #5145, #680, .T. ) ;
#4160 = DIRECTION ( 'NONE',  ( 0.000000000000000000, -0.000000000000000000, 1.000000000000000000 ) ) ;
#4161 = DIRECTION ( 'NONE',  ( 1.000000000000000000, -0.000000000000000000, -4.494102269369968727E-16 ) ) ;
#4162 = LINE ( 'NONE', #4037, #227 ) ;
#4163 = DIRECTION ( 'NONE',  ( 0.000000000000000000, 1.000000000000000000, -3.212450881438528789E-16 ) ) ;
#4164 = PLANE ( 'NONE',  #5801 ) ;
#4165 = FACE_OUTER_BOUND ( 'NONE', #401, .T. ) ;
#4166 = ADVANCED_FACE ( 'NONE', ( #606 ), #434, .F. ) ;
#4167 = DIRECTION ( 'NONE',  ( -1.000000000000000000, -0.000000000000000000, -0.000000000000000000 ) ) ;
#4168 = ORIENTED_EDGE ( 'NONE', *, *, #1324, .F. ) ;
#4169 = ORIENTED_EDGE ( 'NONE', *, *, #1239, .T. ) ;
#4170 = ORIENTED_EDGE ( 'NONE', *, *, #3561, .T. ) ;
#4171 = AXIS2_PLACEMENT_3D ( 'NONE', #3225, #2339, #5894 ) ;
#4172 = FACE_OUTER_BOUND ( 'NONE', #3993, .T. ) ;
#4173 = EDGE_CURVE ( 'NONE', #4633, #807, #2647, .T. ) ;
#4174 = LINE ( 'NONE', #3444, #2157 ) ;
#4175 = DIRECTION ( 'NONE',  ( -0.6401843996644777102, -0.7682212795973777375, 0.000000000000000000 ) ) ;
#4176 = LINE ( 'NONE', #581, #4079 ) ;
#4177 = DIRECTION ( 'NONE',  ( 0.000000000000000000, 0.000000000000000000, -1.000000000000000000 ) ) ;
#4178 = CARTESIAN_POINT ( 'NONE',  ( 6.325000000000000178, 9.900000000000000355, -0.9549999999999980727 ) ) ;
#4179 = VERTEX_POINT ( 'NONE', #2355 ) ;
#4180 = ORIENTED_EDGE ( 'NONE', *, *, #4605, .F. ) ;
#4181 = CARTESIAN_POINT ( 'NONE',  ( 1.300000000000000044, 6.899999999999999467, -2.085000000000000853 ) ) ;
#4182 = ORIENTED_EDGE ( 'NONE', *, *, #292, .F. ) ;
#4183 = VECTOR ( 'NONE', #5673, 1000.000000000000000 ) ;
#4184 = LINE ( 'NONE', #4588, #117 ) ;
#4185 = VECTOR ( 'NONE', #1383, 1000.000000000000000 ) ;
#4186 = EDGE_CURVE ( 'NONE', #2444, #1140, #4592, .T. ) ;
#4187 = ORIENTED_EDGE ( 'NONE', *, *, #4991, .T. ) ;
#4188 = ORIENTED_EDGE ( 'NONE', *, *, #612, .F. ) ;
#4189 = CARTESIAN_POINT ( 'NONE',  ( 0.000000000000000000, 0.000000000000000000, 0.000000000000000000 ) ) ;
#4190 = CARTESIAN_POINT ( 'NONE',  ( 0.000000000000000000, 3.300000000000000711, 0.000000000000000000 ) ) ;
#4191 = CARTESIAN_POINT ( 'NONE',  ( 3.319999999999998952, -7.265096679918780609, -0.005000000000002567495 ) ) ;
#4192 = FACE_OUTER_BOUND ( 'NONE', #4491, .T. ) ;
#4193 = VECTOR ( 'NONE', #5501, 1000.000000000000000 ) ;
#4194 = VECTOR ( 'NONE', #2734, 1000.000000000000000 ) ;
#4195 = EDGE_CURVE ( 'NONE', #5176, #5303, #701, .T. ) ;
#4196 = VERTEX_POINT ( 'NONE', #1008 ) ;
#4197 = ORIENTED_EDGE ( 'NONE', *, *, #5826, .T. ) ;
#4198 = FACE_OUTER_BOUND ( 'NONE', #5398, .T. ) ;
#4199 = DIRECTION ( 'NONE',  ( -0.000000000000000000, 1.000000000000000000, 1.801998070613027504E-16 ) ) ;
#4200 = UNCERTAINTY_MEASURE_WITH_UNIT (LENGTH_MEASURE( 1.000000000000000082E-05 ), #2736, 'distance_accuracy_value', 'NONE');
#4201 = VECTOR ( 'NONE', #5789, 1000.000000000000000 ) ;
#4202 = CARTESIAN_POINT ( 'NONE',  ( 0.3199999999999991185, 1.269999999999999796, 1.190000000000003277 ) ) ;
#4203 = CARTESIAN_POINT ( 'NONE',  ( -6.325000000000001954, 0.6699999999999997069, -0.9549999999999937428 ) ) ;
#4204 = VECTOR ( 'NONE', #5670, 1000.000000000000000 ) ;
#4205 = DIRECTION ( 'NONE',  ( -0.9486832980505146562, -0.3162277660168354432, -0.000000000000000000 ) ) ;
#4206 = VERTEX_POINT ( 'NONE', #4081 ) ;
#4207 = AXIS2_PLACEMENT_3D ( 'NONE', #3349, #4217, #5161 ) ;
#4208 = ORIENTED_EDGE ( 'NONE', *, *, #768, .F. ) ;
#4209 = LINE ( 'NONE', #2035, #235 ) ;
#4210 = FACE_OUTER_BOUND ( 'NONE', #123, .T. ) ;
#4211 = VECTOR ( 'NONE', #4127, 1000.000000000000000 ) ;
#4212 = DIRECTION ( 'NONE',  ( 0.000000000000000000, 1.000000000000000000, 1.801998070613027504E-16 ) ) ;
#4213 = ADVANCED_FACE ( 'NONE', ( #722 ), #3587, .T. ) ;
#4214 = EDGE_CURVE ( 'NONE', #1315, #955, #2794, .T. ) ;
#4215 = PLANE ( 'NONE',  #4012 ) ;
#4216 = ORIENTED_EDGE ( 'NONE', *, *, #4731, .F. ) ;
#4217 = DIRECTION ( 'NONE',  ( 0.000000000000000000, 1.000000000000000000, 0.000000000000000000 ) ) ;
#4218 = VERTEX_POINT ( 'NONE', #2195 ) ;
#4219 = CARTESIAN_POINT ( 'NONE',  ( 1.300000000000000044, 7.400000000000000355, -2.085000000000000853 ) ) ;
#4220 = EDGE_CURVE ( 'NONE', #1179, #2546, #948, .T. ) ;
#4221 = FACE_OUTER_BOUND ( 'NONE', #4683, .T. ) ;
#4222 = LINE ( 'NONE', #1940, #4234 ) ;
#4223 = FACE_OUTER_BOUND ( 'NONE', #4307, .T. ) ;
#4224 = VECTOR ( 'NONE', #1534, 1000.000000000000000 ) ;
#4225 = EDGE_CURVE ( 'NONE', #4084, #2500, #2742, .T. ) ;
#4226 = VERTEX_POINT ( 'NONE', #2234 ) ;
#4227 =( GEOMETRIC_REPRESENTATION_CONTEXT ( 3 ) GLOBAL_UNCERTAINTY_ASSIGNED_CONTEXT ( ( #3969 ) ) GLOBAL_UNIT_ASSIGNED_CONTEXT ( ( #3854, #2358, #5700 ) ) REPRESENTATION_CONTEXT ( 'NONE', 'WORKASPACE' ) );
#4228 = ORIENTED_EDGE ( 'NONE', *, *, #3665, .T. ) ;
#4229 = DIRECTION ( 'NONE',  ( 0.000000000000000000, -0.000000000000000000, -1.000000000000000000 ) ) ;
#4230 = ORIENTED_EDGE ( 'NONE', *, *, #5770, .F. ) ;
#4231 = CARTESIAN_POINT ( 'NONE',  ( -3.320000000000000728, 1.269999999999999796, 1.190000000000005054 ) ) ;
#4232 = CARTESIAN_POINT ( 'NONE',  ( -1.730000000000000870, 3.300000000000000711, -0.9550000000000007372 ) ) ;
#4233 = VECTOR ( 'NONE', #5741, 1000.000000000000000 ) ;
#4234 = VECTOR ( 'NONE', #2585, 1000.000000000000000 ) ;
#4235 = FACE_OUTER_BOUND ( 'NONE', #4512, .T. ) ;
#4236 = EDGE_CURVE ( 'NONE', #4489, #2701, #4822, .T. ) ;
#4237 = AXIS2_PLACEMENT_3D ( 'NONE', #3965, #1659, #5030 ) ;
#4238 = ORIENTED_EDGE ( 'NONE', *, *, #3293, .T. ) ;
#4239 = ORIENTED_EDGE ( 'NONE', *, *, #4783, .F. ) ;
#4240 = CARTESIAN_POINT ( 'NONE',  ( -5.389999999999997904, 0.000000000000000000, 2.785000000000001030 ) ) ;
#4241 = ORIENTED_EDGE ( 'NONE', *, *, #4815, .F. ) ;
#4242 = VECTOR ( 'NONE', #496, 1000.000000000000000 ) ;
#4243 = VECTOR ( 'NONE', #5490, 1000.000000000000000 ) ;
#4244 = CARTESIAN_POINT ( 'NONE',  ( -5.674999999999999822, 0.000000000000000000, 1.884999999999999787 ) ) ;
#4245 = CARTESIAN_POINT ( 'NONE',  ( -1.250000000000001110, 8.300000000000000711, 2.274999999999999467 ) ) ;
#4246 = DIRECTION ( 'NONE',  ( 0.000000000000000000, -1.000000000000000000, -1.807003620809174385E-16 ) ) ;
#4247 = VERTEX_POINT ( 'NONE', #2727 ) ;
#4248 = EDGE_CURVE ( 'NONE', #1083, #5416, #5104, .T. ) ;
#4249 = ORIENTED_EDGE ( 'NONE', *, *, #4802, .F. ) ;
#4250 = ORIENTED_EDGE ( 'NONE', *, *, #3036, .F. ) ;
#4251 = VECTOR ( 'NONE', #4865, 1000.000000000000000 ) ;
#4252 = VECTOR ( 'NONE', #1235, 1000.000000000000000 ) ;
#4253 = VECTOR ( 'NONE', #5486, 1000.000000000000000 ) ;
#4254 = DIRECTION ( 'NONE',  ( -0.000000000000000000, -1.000000000000000000, -0.000000000000000000 ) ) ;
#4255 = CARTESIAN_POINT ( 'NONE',  ( 3.319999999999998952, -7.265096679918780609, 0.6349999999999974554 ) ) ;
#4256 = DIRECTION ( 'NONE',  ( 1.000000000000000000, -0.000000000000000000, 0.000000000000000000 ) ) ;
#4257 = CARTESIAN_POINT ( 'NONE',  ( 5.674999999999999822, 0.000000000000000000, 2.784999999999999698 ) ) ;
#4258 = ORIENTED_EDGE ( 'NONE', *, *, #239, .T. ) ;
#4259 = CARTESIAN_POINT ( 'NONE',  ( -6.325000000000001954, 1.269999999999999796, -0.5599999999999936140 ) ) ;
#4260 = FACE_OUTER_BOUND ( 'NONE', #1310, .T. ) ;
#4261 = VECTOR ( 'NONE', #4713, 1000.000000000000000 ) ;
#4262 = ADVANCED_FACE ( 'NONE', ( #5018 ), #4526, .T. ) ;
#4263 = VERTEX_POINT ( 'NONE', #1826 ) ;
#4264 = EDGE_LOOP ( 'NONE', ( #3035, #148, #4894, #4071 ) ) ;
#4265 = CARTESIAN_POINT ( 'NONE',  ( 3.319999999999998952, -1.081363123647113125E-15, -1.584999999999999964 ) ) ;
#4266 = DIRECTION ( 'NONE',  ( 0.000000000000000000, 0.3162277660168349991, -0.9486832980505148782 ) ) ;
#4267 = ORIENTED_EDGE ( 'NONE', *, *, #3152, .F. ) ;
#4268 = CARTESIAN_POINT ( 'NONE',  ( -6.325000000000001066, 0.6699999999999998179, 1.190000000000006608 ) ) ;
#4269 = VECTOR ( 'NONE', #3058, 1000.000000000000000 ) ;
#4270 = LINE ( 'NONE', #4244, #472 ) ;
#4271 = AXIS2_PLACEMENT_3D ( 'NONE', #4181, #109, #1537 ) ;
#4272 = PLANE ( 'NONE',  #1876 ) ;
#4273 = EDGE_CURVE ( 'NONE', #3995, #4728, #4961, .T. ) ;
#4274 = CARTESIAN_POINT ( 'NONE',  ( -0.3200000000000008948, -1.318004915248544750E-16, 1.585000000000003961 ) ) ;
#4275 = VECTOR ( 'NONE', #891, 1000.000000000000000 ) ;
#4276 = ORIENTED_EDGE ( 'NONE', *, *, #2930, .T. ) ;
#4277 = DIRECTION ( 'NONE',  ( 0.000000000000000000, 2.744815626545581052E-16, 1.000000000000000000 ) ) ;
#4278 = ORIENTED_EDGE ( 'NONE', *, *, #2383, .F. ) ;
#4279 = VECTOR ( 'NONE', #4403, 1000.000000000000000 ) ;
#4280 = LINE ( 'NONE', #4326, #458 ) ;
#4281 = CARTESIAN_POINT ( 'NONE',  ( 3.319999999999998952, 0.6699999999999997069, -0.9549999999999980727 ) ) ;
#4282 = CARTESIAN_POINT ( 'NONE',  ( 3.319999999999998952, 0.6699999999999998179, -0.5599999999999937250 ) ) ;
#4283 = DIRECTION ( 'NONE',  ( 0.000000000000000000, -0.000000000000000000, 1.000000000000000000 ) ) ;
#4284 = LINE ( 'NONE', #2216, #2457 ) ;
#4285 = CARTESIAN_POINT ( 'NONE',  ( -2.880000000000001670, 7.500000000000001776, 0.000000000000000000 ) ) ;
#4286 = VERTEX_POINT ( 'NONE', #363 ) ;
#4287 = ORIENTED_EDGE ( 'NONE', *, *, #4300, .T. ) ;
#4288 = ORIENTED_EDGE ( 'NONE', *, *, #252, .F. ) ;
#4289 = VECTOR ( 'NONE', #5575, 1000.000000000000000 ) ;
#4290 = VECTOR ( 'NONE', #1526, 1000.000000000000000 ) ;
#4291 = EDGE_CURVE ( 'NONE', #1492, #4431, #1108, .T. ) ;
#4292 = EDGE_CURVE ( 'NONE', #5516, #4772, #1042, .T. ) ;
#4293 = DIRECTION ( 'NONE',  ( 0.000000000000000000, -2.995465716473998555E-16, -1.000000000000000000 ) ) ;
#4294 = ORIENTED_EDGE ( 'NONE', *, *, #4236, .F. ) ;
#4295 = DIRECTION ( 'NONE',  ( -1.000000000000000000, 0.000000000000000000, -0.000000000000000000 ) ) ;
#4296 = VERTEX_POINT ( 'NONE', #4603 ) ;
#4297 = DIRECTION ( 'NONE',  ( 1.000000000000000000, -0.000000000000000000, -0.000000000000000000 ) ) ;
#4298 = LINE ( 'NONE', #4812, #2392 ) ;
#4299 = LINE ( 'NONE', #3491, #4314 ) ;
#4300 = EDGE_CURVE ( 'NONE', #3617, #977, #1062, .T. ) ;
#4301 = ADVANCED_FACE ( 'NONE', ( #5150 ), #2438, .F. ) ;
#4302 = EDGE_CURVE ( 'NONE', #3249, #2623, #5173, .T. ) ;
#4303 = DIRECTION ( 'NONE',  ( 1.000000000000000000, 0.000000000000000000, -4.494102269369968727E-16 ) ) ;
#4304 = VERTEX_POINT ( 'NONE', #4799 ) ;
#4305 = DIRECTION ( 'NONE',  ( 0.000000000000000000, 0.000000000000000000, 1.000000000000000000 ) ) ;
#4306 = APPLICATION_CONTEXT ( 'automotive_design' ) ;
#4307 = EDGE_LOOP ( 'NONE', ( #4026, #3378, #3464, #2177 ) ) ;
#4308 = AXIS2_PLACEMENT_3D ( 'NONE', #2571, #3874, #5396 ) ;
#4309 = CARTESIAN_POINT ( 'NONE',  ( -6.325000000000001066, 0.6699999999999998179, 1.190000000000006608 ) ) ;
#4310 = CARTESIAN_POINT ( 'NONE',  ( -3.320000000000000728, 0.6699999999999997069, 1.585000000000005294 ) ) ;
#4311 = AXIS2_PLACEMENT_3D ( 'NONE', #1668, #4997, #1398 ) ;
#4312 = CARTESIAN_POINT ( 'NONE',  ( -2.862272727272729078, 7.446818181818184001, 0.1772727272727274150 ) ) ;
#4313 = FACE_OUTER_BOUND ( 'NONE', #4516, .T. ) ;
#4314 = VECTOR ( 'NONE', #969, 1000.000000000000000 ) ;
#4315 = EDGE_CURVE ( 'NONE', #1881, #5159, #1253, .T. ) ;
#4316 = DIRECTION ( 'NONE',  ( 2.247051134684983870E-16, 0.000000000000000000, 1.000000000000000000 ) ) ;
#4317 = VECTOR ( 'NONE', #2171, 1000.000000000000000 ) ;
#4318 = ADVANCED_FACE ( 'NONE', ( #3590 ), #3770, .F. ) ;
#4319 = ORIENTED_EDGE ( 'NONE', *, *, #3022, .F. ) ;
#4320 = EDGE_LOOP ( 'NONE', ( #2908, #5379, #4469, #1733 ) ) ;
#4321 = EDGE_LOOP ( 'NONE', ( #1859, #5889, #5743, #2015 ) ) ;
#4322 = VECTOR ( 'NONE', #1568, 1000.000000000000000 ) ;
#4323 = CARTESIAN_POINT ( 'NONE',  ( 6.325000000000000178, -1.200000000000001510, 2.784999999999999698 ) ) ;
#4324 = DIRECTION ( 'NONE',  ( 1.000000000000000000, -0.000000000000000000, -4.494102269369968727E-16 ) ) ;
#4325 = AXIS2_PLACEMENT_3D ( 'NONE', #3960, #5763, #3075 ) ;
#4326 = CARTESIAN_POINT ( 'NONE',  ( -2.680000000000001048, 0.6699999999999997069, 1.585000000000004849 ) ) ;
#4327 = DIRECTION ( 'NONE',  ( 1.000000000000000000, 0.000000000000000000, 0.000000000000000000 ) ) ;
#4328 = FACE_OUTER_BOUND ( 'NONE', #4375, .T. ) ;
#4329 = CARTESIAN_POINT ( 'NONE',  ( 0.3199999999999991185, -2.579999999999992966, 0.6349999999999983435 ) ) ;
#4330 = EDGE_LOOP ( 'NONE', ( #1271, #124, #724, #5194 ) ) ;
#4331 = ADVANCED_FACE ( 'NONE', ( #5376 ), #1053, .T. ) ;
#4332 = VERTEX_POINT ( 'NONE', #2552 ) ;
#4333 = VERTEX_POINT ( 'NONE', #2063 ) ;
#4334 = LINE ( 'NONE', #3903, #2411 ) ;
#4335 = CARTESIAN_POINT ( 'NONE',  ( 0.1199999999999985800, 7.500000000000001776, 0.1949999999999998679 ) ) ;
#4336 = LINE ( 'NONE', #5047, #2429 ) ;
#4337 = PLANE ( 'NONE',  #1624 ) ;
#4338 = CARTESIAN_POINT ( 'NONE',  ( -1.250000000000001110, 8.300000000000000711, 2.274999999999999467 ) ) ;
#4339 = ORIENTED_EDGE ( 'NONE', *, *, #2686, .T. ) ;
#4340 = EDGE_CURVE ( 'NONE', #3484, #5820, #5505, .T. ) ;
#4341 = ORIENTED_EDGE ( 'NONE', *, *, #5370, .F. ) ;
#4342 = DIRECTION ( 'NONE',  ( 0.000000000000000000, 2.744815626545581052E-16, 1.000000000000000000 ) ) ;
#4343 = CARTESIAN_POINT ( 'NONE',  ( 2.879999999999999893, -3.180000000000000160, 0.000000000000000000 ) ) ;
#4344 = LINE ( 'NONE', #2144, #4269 ) ;
#4345 = LINE ( 'NONE', #1050, #2446 ) ;
#4346 = FACE_OUTER_BOUND ( 'NONE', #4640, .T. ) ;
#4347 = CARTESIAN_POINT ( 'NONE',  ( 5.389999999999999680, 0.000000000000000000, -1.584999999999999964 ) ) ;
#4348 = ORIENTED_EDGE ( 'NONE', *, *, #5469, .F. ) ;
#4349 = DIRECTION ( 'NONE',  ( 0.000000000000000000, 0.000000000000000000, 1.000000000000000000 ) ) ;
#4350 = ORIENTED_EDGE ( 'NONE', *, *, #3665, .F. ) ;
#4351 = CARTESIAN_POINT ( 'NONE',  ( 4.269999999999999574, 9.900000000000000355, 1.584999999999999076 ) ) ;
#4352 = CARTESIAN_POINT ( 'NONE',  ( 6.324999999999995737, 1.269999999999999796, 1.190000000000000835 ) ) ;
#4353 = CARTESIAN_POINT ( 'NONE',  ( -6.325000000000001066, 0.000000000000000000, 1.884999999999999787 ) ) ;
#4354 = VECTOR ( 'NONE', #4767, 1000.000000000000000 ) ;
#4355 = PLANE ( 'NONE',  #840 ) ;
#4356 = ADVANCED_FACE ( 'NONE', ( #1454 ), #1145, .F. ) ;
#4357 = SURFACE_STYLE_USAGE ( .BOTH. , #3017 ) ;
#4358 = EDGE_LOOP ( 'NONE', ( #5266, #784, #2478, #2238, #1126, #4904, #580, #2843, #4434, #5079, #466, #2684 ) ) ;
#4359 = ORIENTED_EDGE ( 'NONE', *, *, #3398, .T. ) ;
#4360 = CARTESIAN_POINT ( 'NONE',  ( 6.324999999999999289, -1.200000000000001510, 1.884999999999999787 ) ) ;
#4361 = ORIENTED_EDGE ( 'NONE', *, *, #4676, .T. ) ;
#4362 = VECTOR ( 'NONE', #4132, 1000.000000000000000 ) ;
#4363 = FACE_OUTER_BOUND ( 'NONE', #188, .T. ) ;
#4364 = DIRECTION ( 'NONE',  ( 0.000000000000000000, -0.3162277660168354432, -0.9486832980505146562 ) ) ;
#4365 = EDGE_LOOP ( 'NONE', ( #966, #1113, #3961, #717 ) ) ;
#4366 = CARTESIAN_POINT ( 'NONE',  ( 5.389999999999999680, 0.6699999999999997069, -0.9549999999999990719 ) ) ;
#4367 = CARTESIAN_POINT ( 'NONE',  ( -5.389999999999997904, 0.000000000000000000, 2.024999999999999023 ) ) ;
#4368 = DIRECTION ( 'NONE',  ( 0.000000000000000000, 1.000000000000000000, -3.236424395479117765E-16 ) ) ;
#4369 = PLANE ( 'NONE',  #5421 ) ;
#4370 = DIRECTION ( 'NONE',  ( -1.000000000000000000, -0.000000000000000000, -0.000000000000000000 ) ) ;
#4371 = CARTESIAN_POINT ( 'NONE',  ( -6.325000000000001066, 1.269999999999999796, 1.190000000000006386 ) ) ;
#4372 = VERTEX_POINT ( 'NONE', #5696 ) ;
#4373 = EDGE_CURVE ( 'NONE', #5732, #1443, #3400, .T. ) ;
#4374 = VERTEX_POINT ( 'NONE', #1628 ) ;
#4375 = EDGE_LOOP ( 'NONE', ( #4930, #574, #3063, #1257 ) ) ;
#4376 = LINE ( 'NONE', #2615, #2587 ) ;
#4377 = EDGE_LOOP ( 'NONE', ( #3977, #3624, #351, #2400 ) ) ;
#4378 = EDGE_CURVE ( 'NONE', #3150, #5036, #1717, .T. ) ;
#4379 = DIRECTION ( 'NONE',  ( -1.000000000000000000, 0.000000000000000000, 0.000000000000000000 ) ) ;
#4380 = LINE ( 'NONE', #3470, #489 ) ;
#4381 = CARTESIAN_POINT ( 'NONE',  ( 2.679999999999999272, 1.269999999999999796, -0.5599999999999977218 ) ) ;
#4382 = CARTESIAN_POINT ( 'NONE',  ( -3.320000000000000728, 0.6699999999999997069, -0.9549999999999950751 ) ) ;
#4383 = EDGE_CURVE ( 'NONE', #1191, #5169, #3736, .T. ) ;
#4384 = DIRECTION ( 'NONE',  ( 1.000000000000000000, 0.000000000000000000, 0.000000000000000000 ) ) ;
#4385 = ORIENTED_EDGE ( 'NONE', *, *, #3904, .F. ) ;
#4386 = DIRECTION ( 'NONE',  ( -0.000000000000000000, 1.000000000000000000, 0.000000000000000000 ) ) ;
#4387 = ORIENTED_EDGE ( 'NONE', *, *, #3517, .F. ) ;
#4388 = ORIENTED_EDGE ( 'NONE', *, *, #3579, .F. ) ;
#4389 = LINE ( 'NONE', #3473, #391 ) ;
#4390 = LINE ( 'NONE', #3892, #2439 ) ;
#4391 = AXIS2_PLACEMENT_3D ( 'NONE', #1229, #4788, #5295 ) ;
#4392 = DIRECTION ( 'NONE',  ( 1.000000000000000000, -0.000000000000000000, -0.000000000000000000 ) ) ;
#4393 = VERTEX_POINT ( 'NONE', #1981 ) ;
#4394 = EDGE_CURVE ( 'NONE', #1401, #2076, #3744, .T. ) ;
#4395 = VECTOR ( 'NONE', #5627, 1000.000000000000000 ) ;
#4396 = DIRECTION ( 'NONE',  ( 1.000000000000000000, -0.000000000000000000, -4.494102269369968727E-16 ) ) ;
#4397 = VERTEX_POINT ( 'NONE', #726 ) ;
#4398 = PLANE ( 'NONE',  #1653 ) ;
#4399 = FACE_OUTER_BOUND ( 'NONE', #115, .T. ) ;
#4400 = LINE ( 'NONE', #2988, #346 ) ;
#4401 = DIRECTION ( 'NONE',  ( -1.000000000000000000, -0.000000000000000000, -0.000000000000000000 ) ) ;
#4402 = ORIENTED_EDGE ( 'NONE', *, *, #2049, .T. ) ;
#4403 = DIRECTION ( 'NONE',  ( 0.000000000000000000, -1.000000000000000000, 0.000000000000000000 ) ) ;
#4404 = CARTESIAN_POINT ( 'NONE',  ( 5.389999999999999680, 1.849999999999999201, 2.024999999999999023 ) ) ;
#4405 = ORIENTED_EDGE ( 'NONE', *, *, #832, .F. ) ;
#4406 = VERTEX_POINT ( 'NONE', #3428 ) ;
#4407 = CARTESIAN_POINT ( 'NONE',  ( -4.939999999999999503, 0.6699999999999997069, -0.9549999999999944089 ) ) ;
#4408 = CARTESIAN_POINT ( 'NONE',  ( 3.080454545454544668, 7.618636363636364095, 0.3954545454545448924 ) ) ;
#4409 = LINE ( 'NONE', #3505, #2473 ) ;
#4410 = VECTOR ( 'NONE', #5144, 1000.000000000000000 ) ;
#4411 = VERTEX_POINT ( 'NONE', #2476 ) ;
#4412 = DIRECTION ( 'NONE',  ( 0.000000000000000000, -1.000000000000000000, 0.000000000000000000 ) ) ;
#4413 = DIRECTION ( 'NONE',  ( 0.000000000000000000, -0.000000000000000000, 1.000000000000000000 ) ) ;
#4414 = CARTESIAN_POINT ( 'NONE',  ( 0.1377272727272711439, 7.446818181818184001, 0.1772727272727274150 ) ) ;
#4415 = ADVANCED_FACE ( 'NONE', ( #1842 ), #684, .F. ) ;
#4416 = PLANE ( 'NONE',  #249 ) ;
#4417 = CARTESIAN_POINT ( 'NONE',  ( 1.269999999999999130, 3.300000000000000711, 0.9349999999999945022 ) ) ;
#4418 = DIRECTION ( 'NONE',  ( 0.000000000000000000, 3.388131789017201849E-16, -1.000000000000000000 ) ) ;
#4419 = EDGE_LOOP ( 'NONE', ( #5845, #5794, #3305, #5437 ) ) ;
#4420 = ORIENTED_EDGE ( 'NONE', *, *, #5481, .T. ) ;
#4421 = FACE_OUTER_BOUND ( 'NONE', #1817, .T. ) ;
#4422 = FACE_OUTER_BOUND ( 'NONE', #2696, .T. ) ;
#4423 = ORIENTED_EDGE ( 'NONE', *, *, #4457, .T. ) ;
#4424 = CARTESIAN_POINT ( 'NONE',  ( -6.325000000000001954, 0.6699999999999998179, -0.5599999999999937250 ) ) ;
#4425 = PLANE ( 'NONE',  #2414 ) ;
#4426 = CARTESIAN_POINT ( 'NONE',  ( 6.024999999999999467, -1.449999999999999956, 2.484999999999999876 ) ) ;
#4427 = EDGE_LOOP ( 'NONE', ( #2788, #5237, #4385, #2844, #2738 ) ) ;
#4428 = CARTESIAN_POINT ( 'NONE',  ( 2.250000000000001332, 1.849999999999999201, 2.774999999999998135 ) ) ;
#4429 = LINE ( 'NONE', #2443, #4479 ) ;
#4430 = CARTESIAN_POINT ( 'NONE',  ( 5.389999999999998792, 0.6699999999999998179, 1.190000000000001279 ) ) ;
#4431 = VERTEX_POINT ( 'NONE', #3338 ) ;
#4432 = LINE ( 'NONE', #5448, #633 ) ;
#4433 = LINE ( 'NONE', #1692, #499 ) ;
#4434 = ORIENTED_EDGE ( 'NONE', *, *, #1287, .F. ) ;
#4435 = DIRECTION ( 'NONE',  ( -1.000000000000000000, 0.000000000000000000, -0.000000000000000000 ) ) ;
#4436 = ORIENTED_EDGE ( 'NONE', *, *, #122, .F. ) ;
#4437 = CARTESIAN_POINT ( 'NONE',  ( -3.320000000000000728, 0.000000000000000000, 2.024999999999999023 ) ) ;
#4438 = EDGE_LOOP ( 'NONE', ( #4423, #2248, #2494, #294 ) ) ;
#4439 = CARTESIAN_POINT ( 'NONE',  ( -6.325000000000000178, 0.000000000000000000, -1.584999999999999964 ) ) ;
#4440 = DIRECTION ( 'NONE',  ( 0.000000000000000000, -2.995465716473998555E-16, -1.000000000000000000 ) ) ;
#4441 = VECTOR ( 'NONE', #4440, 1000.000000000000000 ) ;
#4442 = CARTESIAN_POINT ( 'NONE',  ( -3.320000000000000728, 6.899999999999995026, -0.005000000000000663636 ) ) ;
#4443 = EDGE_LOOP ( 'NONE', ( #3142, #4258, #4990, #341 ) ) ;
#4444 = EDGE_CURVE ( 'NONE', #2841, #2921, #1829, .T. ) ;
#4445 = ORIENTED_EDGE ( 'NONE', *, *, #3144, .T. ) ;
#4446 = FACE_OUTER_BOUND ( 'NONE', #2811, .T. ) ;
#4447 = VERTEX_POINT ( 'NONE', #2021 ) ;
#4448 = LINE ( 'NONE', #1269, #4492 ) ;
#4449 = EDGE_CURVE ( 'NONE', #2874, #3778, #7, .T. ) ;
#4450 = ORIENTED_EDGE ( 'NONE', *, *, #4383, .T. ) ;
#4451 = CARTESIAN_POINT ( 'NONE',  ( -3.320000000000000728, 0.6699999999999997069, -0.9549999999999950751 ) ) ;
#4452 = CARTESIAN_POINT ( 'NONE',  ( 1.300000000000000044, 7.400000000000000355, -2.085000000000000853 ) ) ;
#4453 = CARTESIAN_POINT ( 'NONE',  ( 3.319999999999998952, 1.350000000000000089, -1.585000000000000409 ) ) ;
#4454 = EDGE_CURVE ( 'NONE', #4179, #5222, #5744, .T. ) ;
#4455 = DIRECTION ( 'NONE',  ( -0.000000000000000000, -0.000000000000000000, 1.000000000000000000 ) ) ;
#4456 = ORIENTED_EDGE ( 'NONE', *, *, #1208, .F. ) ;
#4457 = EDGE_CURVE ( 'NONE', #4601, #4828, #1813, .T. ) ;
#4458 = ORIENTED_EDGE ( 'NONE', *, *, #3517, .T. ) ;
#4459 = ADVANCED_FACE ( 'NONE', ( #5772 ), #3598, .F. ) ;
#4460 = AXIS2_PLACEMENT_3D ( 'NONE', #1518, #1926, #3829 ) ;
#4461 = ORIENTED_EDGE ( 'NONE', *, *, #1208, .T. ) ;
#4462 = AXIS2_PLACEMENT_3D ( 'NONE', #2882, #4266, #5171 ) ;
#4463 = LINE ( 'NONE', #3482, #4566 ) ;
#4464 = VERTEX_POINT ( 'NONE', #4053 ) ;
#4465 = EDGE_CURVE ( 'NONE', #1179, #1492, #3800, .T. ) ;
#4466 = ADVANCED_FACE ( 'NONE', ( #3834 ), #3530, .F. ) ;
#4467 = CARTESIAN_POINT ( 'NONE',  ( -2.680000000000001048, -2.579999999999992966, 0.6349999999999983435 ) ) ;
#4468 = DIRECTION ( 'NONE',  ( 0.000000000000000000, 0.000000000000000000, 1.000000000000000000 ) ) ;
#4469 = ORIENTED_EDGE ( 'NONE', *, *, #5531, .F. ) ;
#4470 = DIRECTION ( 'NONE',  ( 0.000000000000000000, 1.000000000000000000, 0.000000000000000000 ) ) ;
#4471 = DIRECTION ( 'NONE',  ( -0.000000000000000000, 1.000000000000000000, -0.000000000000000000 ) ) ;
#4472 = ORIENTED_EDGE ( 'NONE', *, *, #3331, .F. ) ;
#4473 = ORIENTED_EDGE ( 'NONE', *, *, #1415, .F. ) ;
#4474 = LINE ( 'NONE', #4927, #2540 ) ;
#4475 = EDGE_LOOP ( 'NONE', ( #3591, #344, #29, #4129 ) ) ;
#4476 = EDGE_CURVE ( 'NONE', #4705, #1786, #3859, .T. ) ;
#4477 = CARTESIAN_POINT ( 'NONE',  ( -2.680000000000001048, -1.081363123647113125E-15, -1.584999999999999964 ) ) ;
#4478 = ORIENTED_EDGE ( 'NONE', *, *, #4977, .T. ) ;
#4479 = VECTOR ( 'NONE', #4379, 1000.000000000000000 ) ;
#4480 = PLANE ( 'NONE',  #2250 ) ;
#4481 = CARTESIAN_POINT ( 'NONE',  ( 2.679999999999999272, 1.349999999999999645, 0.6349999999999990097 ) ) ;
#4482 = ORIENTED_EDGE ( 'NONE', *, *, #1604, .T. ) ;
#4483 = CARTESIAN_POINT ( 'NONE',  ( 4.939999999999999503, 1.269999999999999796, 1.190000000000006386 ) ) ;
#4484 = FACE_OUTER_BOUND ( 'NONE', #5754, .T. ) ;
#4485 = CARTESIAN_POINT ( 'NONE',  ( 5.389999999999999680, 1.699999999999999956, -1.584999999999999964 ) ) ;
#4486 = ORIENTED_EDGE ( 'NONE', *, *, #5414, .F. ) ;
#4487 = DIRECTION ( 'NONE',  ( -0.7071067811865426878, -0.000000000000000000, 0.7071067811865522357 ) ) ;
#4488 = VERTEX_POINT ( 'NONE', #2246 ) ;
#4489 = VERTEX_POINT ( 'NONE', #1282 ) ;
#4490 = CARTESIAN_POINT ( 'NONE',  ( -4.925000000000000711, 9.900000000000000355, 1.044999999999999263 ) ) ;
#4491 = EDGE_LOOP ( 'NONE', ( #204, #2189, #1055, #802 ) ) ;
#4492 = VECTOR ( 'NONE', #3901, 1000.000000000000000 ) ;
#4493 = ORIENTED_EDGE ( 'NONE', *, *, #5805, .T. ) ;
#4494 = DIRECTION ( 'NONE',  ( -1.000000000000000000, -0.000000000000000000, -0.000000000000000000 ) ) ;
#4495 = DIRECTION ( 'NONE',  ( -0.000000000000000000, 1.000000000000000000, 1.807003620809173892E-16 ) ) ;
#4496 = LINE ( 'NONE', #3161, #731 ) ;
#4497 = CARTESIAN_POINT ( 'NONE',  ( 5.389999999999999680, 1.850000000000000089, 2.784999999999999698 ) ) ;
#4498 = ORIENTED_EDGE ( 'NONE', *, *, #1264, .F. ) ;
#4499 = ORIENTED_EDGE ( 'NONE', *, *, #1592, .T. ) ;
#4500 = EDGE_CURVE ( 'NONE', #2921, #4447, #5834, .T. ) ;
#4501 = EDGE_LOOP ( 'NONE', ( #131, #1797, #4388, #2593, #5642 ) ) ;
#4502 = LINE ( 'NONE', #2535, #530 ) ;
#4503 = VERTEX_POINT ( 'NONE', #3495 ) ;
#4504 = PLANE ( 'NONE',  #2087 ) ;
#4505 = DIRECTION ( 'NONE',  ( 0.000000000000000000, 0.3162277660168349991, -0.9486832980505148782 ) ) ;
#4506 = PLANE ( 'NONE',  #4311 ) ;
#4507 = VERTEX_POINT ( 'NONE', #2291 ) ;
#4508 = CARTESIAN_POINT ( 'NONE',  ( -6.325000000000000178, 8.499999999999992895, -1.584999999999999964 ) ) ;
#4509 = CARTESIAN_POINT ( 'NONE',  ( -5.364999999999993108, 1.849999999999999201, 2.274999999999999467 ) ) ;
#4510 = ADVANCED_FACE ( 'NONE', ( #3780 ), #2630, .F. ) ;
#4511 = DIRECTION ( 'NONE',  ( -1.000000000000000000, 0.000000000000000000, 0.000000000000000000 ) ) ;
#4512 = EDGE_LOOP ( 'NONE', ( #4905, #824, #885, #2962, #5821, #2440, #662, #2045, #525, #479, #2608, #2706 ) ) ;
#4513 = FACE_OUTER_BOUND ( 'NONE', #4443, .T. ) ;
#4514 = ORIENTED_EDGE ( 'NONE', *, *, #2174, .T. ) ;
#4515 = ADVANCED_FACE ( 'NONE', ( #5875 ), #3256, .F. ) ;
#4516 = EDGE_LOOP ( 'NONE', ( #3942, #2948, #929, #3012 ) ) ;
#4517 = EDGE_CURVE ( 'NONE', #2701, #716, #5765, .T. ) ;
#4518 = CARTESIAN_POINT ( 'NONE',  ( -5.674999999999999822, 0.000000000000000000, 2.784999999999999698 ) ) ;
#4519 = DIRECTION ( 'NONE',  ( 1.000000000000000000, 0.000000000000000000, -0.000000000000000000 ) ) ;
#4520 = VERTEX_POINT ( 'NONE', #5332 ) ;
#4521 = PLANE ( 'NONE',  #5390 ) ;
#4522 = VECTOR ( 'NONE', #5319, 1000.000000000000000 ) ;
#4523 = CARTESIAN_POINT ( 'NONE',  ( -3.320000000000000728, 3.300000000000000711, -0.005000000000000663636 ) ) ;
#4524 = ORIENTED_EDGE ( 'NONE', *, *, #3869, .F. ) ;
#4525 = EDGE_CURVE ( 'NONE', #1298, #4333, #1862, .T. ) ;
#4526 = PLANE ( 'NONE',  #2687 ) ;
#4527 = EDGE_CURVE ( 'NONE', #1260, #647, #1894, .T. ) ;
#4528 = ORIENTED_EDGE ( 'NONE', *, *, #3579, .T. ) ;
#4529 = ORIENTED_EDGE ( 'NONE', *, *, #4648, .F. ) ;
#4530 = EDGE_CURVE ( 'NONE', #5810, #1147, #5823, .T. ) ;
#4531 = DIRECTION ( 'NONE',  ( 0.7071067811865426878, -0.000000000000000000, -0.7071067811865522357 ) ) ;
#4532 = ORIENTED_EDGE ( 'NONE', *, *, #5523, .T. ) ;
#4533 = LINE ( 'NONE', #2651, #483 ) ;
#4534 = CARTESIAN_POINT ( 'NONE',  ( 0.000000000000000000, 0.000000000000000000, 0.000000000000000000 ) ) ;
#4535 = DIRECTION ( 'NONE',  ( 0.000000000000000000, -1.000000000000000000, 0.000000000000000000 ) ) ;
#4536 = AXIS2_PLACEMENT_3D ( 'NONE', #778, #1294, #3506 ) ;
#4537 = VECTOR ( 'NONE', #961, 1000.000000000000000 ) ;
#4538 = AXIS2_PLACEMENT_3D ( 'NONE', #3777, #4256, #1155 ) ;
#4539 = DIRECTION ( 'NONE',  ( 1.000000000000000000, -0.000000000000000000, 0.000000000000000000 ) ) ;
#4540 = DIRECTION ( 'NONE',  ( -0.6092076990801723602, 0.5076730825668073210, 0.6092076990801723602 ) ) ;
#4541 = ORIENTED_EDGE ( 'NONE', *, *, #3287, .T. ) ;
#4542 = EDGE_CURVE ( 'NONE', #3549, #2076, #5890, .T. ) ;
#4543 = AXIS2_PLACEMENT_3D ( 'NONE', #4371, #763, #335 ) ;
#4544 = EDGE_LOOP ( 'NONE', ( #3941, #3431, #1986, #1933 ) ) ;
#4545 = LINE ( 'NONE', #4589, #2607 ) ;
#4546 = ORIENTED_EDGE ( 'NONE', *, *, #3402, .T. ) ;
#4547 = PRODUCT_DEFINITION_CONTEXT ( 'detailed design', #4306, 'design' ) ;
#4548 = CARTESIAN_POINT ( 'NONE',  ( 2.679999999999999272, -2.579999999999992966, -0.005000000000001723552 ) ) ;
#4549 = CARTESIAN_POINT ( 'NONE',  ( -3.120000000000000551, -3.180000000000000160, 0.4349999999999979994 ) ) ;
#4550 = CARTESIAN_POINT ( 'NONE',  ( -0.3200000000000008393, -7.265096679918780609, 0.6349999999999974554 ) ) ;
#4551 = ORIENTED_EDGE ( 'NONE', *, *, #1858, .T. ) ;
#4552 = CARTESIAN_POINT ( 'NONE',  ( 5.389999999999999680, 0.6699999999999997069, -0.9549999999999990719 ) ) ;
#4553 = AXIS2_PLACEMENT_3D ( 'NONE', #5839, #837, #5067 ) ;
#4554 = EDGE_LOOP ( 'NONE', ( #729, #2491, #841, #4784, #4541 ) ) ;
#4555 = EDGE_CURVE ( 'NONE', #2427, #2347, #5726, .T. ) ;
#4556 = ORIENTED_EDGE ( 'NONE', *, *, #3510, .F. ) ;
#4557 = ADVANCED_FACE ( 'NONE', ( #3818 ), #930, .F. ) ;
#4558 = LINE ( 'NONE', #5541, #5534 ) ;
#4559 = VERTEX_POINT ( 'NONE', #1732 ) ;
#4560 = ORIENTED_EDGE ( 'NONE', *, *, #1314, .F. ) ;
#4561 = VECTOR ( 'NONE', #5234, 1000.000000000000000 ) ;
#4562 = ADVANCED_FACE ( 'NONE', ( #5804 ), #3884, .F. ) ;
#4563 = DIRECTION ( 'NONE',  ( 0.000000000000000000, 0.000000000000000000, 1.000000000000000000 ) ) ;
#4564 = CARTESIAN_POINT ( 'NONE',  ( -6.325000000000001954, 0.6699999999999997069, -0.9549999999999937428 ) ) ;
#4565 = DIRECTION ( 'NONE',  ( 0.000000000000000000, -2.017120320903263949E-16, 1.000000000000000000 ) ) ;
#4566 = VECTOR ( 'NONE', #5714, 1000.000000000000000 ) ;
#4567 = CARTESIAN_POINT ( 'NONE',  ( -5.364999999999993108, 9.900000000000000355, 2.274999999999999467 ) ) ;
#4568 = ORIENTED_EDGE ( 'NONE', *, *, #730, .T. ) ;
#4569 = ADVANCED_FACE ( 'NONE', ( #3825 ), #1478, .F. ) ;
#4570 = EDGE_LOOP ( 'NONE', ( #543, #274, #846, #2528 ) ) ;
#4571 = FACE_OUTER_BOUND ( 'NONE', #861, .T. ) ;
#4572 = VERTEX_POINT ( 'NONE', #1068 ) ;
#4573 = LINE ( 'NONE', #3573, #2463 ) ;
#4574 = EDGE_LOOP ( 'NONE', ( #654, #1224, #4797, #1049 ) ) ;
#4575 = CARTESIAN_POINT ( 'NONE',  ( -3.320000000000000728, 1.349999999999999645, 0.6349999999999990097 ) ) ;
#4576 = DIRECTION ( 'NONE',  ( -0.000000000000000000, -1.000000000000000000, -0.000000000000000000 ) ) ;
#4577 = EDGE_CURVE ( 'NONE', #4705, #1563, #3886, .T. ) ;
#4578 = CARTESIAN_POINT ( 'NONE',  ( 1.729999999999998872, 3.300000000000000711, -0.9550000000000004041 ) ) ;
#4579 = CARTESIAN_POINT ( 'NONE',  ( -0.3200000000000008393, -2.579999999999992966, 0.6349999999999974554 ) ) ;
#4580 = ORIENTED_EDGE ( 'NONE', *, *, #311, .F. ) ;
#4581 = VECTOR ( 'NONE', #2955, 1000.000000000000000 ) ;
#4582 = ORIENTED_EDGE ( 'NONE', *, *, #2686, .F. ) ;
#4583 = FACE_OUTER_BOUND ( 'NONE', #529, .T. ) ;
#4584 = VERTEX_POINT ( 'NONE', #2490 ) ;
#4585 = DIRECTION ( 'NONE',  ( 0.000000000000000000, 0.000000000000000000, 1.000000000000000000 ) ) ;
#4586 = DIRECTION ( 'NONE',  ( 1.000000000000000000, -0.000000000000000000, -4.494102269369968727E-16 ) ) ;
#4587 = ORIENTED_EDGE ( 'NONE', *, *, #1618, .F. ) ;
#4588 = CARTESIAN_POINT ( 'NONE',  ( -1.300000000000000044, 9.350000000000001421, -1.585000000000000187 ) ) ;
#4589 = CARTESIAN_POINT ( 'NONE',  ( -3.320000000000000728, -7.265096679918780609, 0.6349999999999974554 ) ) ;
#4590 = VERTEX_POINT ( 'NONE', #5204 ) ;
#4591 = EDGE_CURVE ( 'NONE', #4681, #4740, #18, .T. ) ;
#4592 = LINE ( 'NONE', #2279, #2631 ) ;
#4593 = VERTEX_POINT ( 'NONE', #4620 ) ;
#4594 = EDGE_CURVE ( 'NONE', #441, #5886, #1874, .T. ) ;
#4595 = CARTESIAN_POINT ( 'NONE',  ( -5.674999999999999822, -1.199999999999996181, 2.784999999999999698 ) ) ;
#4596 = CARTESIAN_POINT ( 'NONE',  ( 5.674999999999999822, -1.200000000000001510, 1.884999999999999787 ) ) ;
#4597 = ORIENTED_EDGE ( 'NONE', *, *, #2225, .T. ) ;
#4598 = DIRECTION ( 'NONE',  ( 1.000000000000000000, -0.000000000000000000, 0.000000000000000000 ) ) ;
#4599 = ADVANCED_FACE ( 'NONE', ( #5902 ), #3782, .F. ) ;
#4600 = DIRECTION ( 'NONE',  ( 0.000000000000000000, -0.000000000000000000, -1.000000000000000000 ) ) ;
#4601 = VERTEX_POINT ( 'NONE', #2869 ) ;
#4602 = EDGE_CURVE ( 'NONE', #1260, #4828, #1779, .T. ) ;
#4603 = CARTESIAN_POINT ( 'NONE',  ( 3.319999999999998952, 6.899999999999995026, -0.005000000000000663636 ) ) ;
#4604 = LINE ( 'NONE', #394, #713 ) ;
#4605 = EDGE_CURVE ( 'NONE', #577, #5176, #3868, .T. ) ;
#4606 = ORIENTED_EDGE ( 'NONE', *, *, #5322, .T. ) ;
#4607 = LINE ( 'NONE', #5608, #870 ) ;
#4608 = ADVANCED_FACE ( 'NONE', ( #5882 ), #5073, .F. ) ;
#4609 = DIRECTION ( 'NONE',  ( -0.7071067811865454633, -0.7071067811865495711, 0.000000000000000000 ) ) ;
#4610 = AXIS2_PLACEMENT_3D ( 'NONE', #5039, #5897, #463 ) ;
#4611 = ORIENTED_EDGE ( 'NONE', *, *, #3917, .T. ) ;
#4612 = ORIENTED_EDGE ( 'NONE', *, *, #4802, .T. ) ;
#4613 = AXIS2_PLACEMENT_3D ( 'NONE', #2495, #3328, #4229 ) ;
#4614 = CARTESIAN_POINT ( 'NONE',  ( 6.000000000000000000, 7.500000000000001776, 0.1949999999999998679 ) ) ;
#4615 = PLANE ( 'NONE',  #4844 ) ;
#4616 = ADVANCED_FACE ( 'NONE', ( #3772 ), #624, .F. ) ;
#4617 = EDGE_CURVE ( 'NONE', #4856, #4153, #5848, .T. ) ;
#4618 = CARTESIAN_POINT ( 'NONE',  ( 4.269999999999999574, 3.300000000000000711, 1.584999999999999076 ) ) ;
#4619 = CARTESIAN_POINT ( 'NONE',  ( -4.939999999999999503, -1.081363123647113125E-15, -0.9549999999999945199 ) ) ;
#4620 = CARTESIAN_POINT ( 'NONE',  ( -3.320000000000000728, -2.579999999999992966, -0.005000000000001723552 ) ) ;
#4621 = ORIENTED_EDGE ( 'NONE', *, *, #2161, .F. ) ;
#4622 = LINE ( 'NONE', #3442, #4694 ) ;
#4623 = ORIENTED_EDGE ( 'NONE', *, *, #4091, .F. ) ;
#4624 = ORIENTED_EDGE ( 'NONE', *, *, #5054, .T. ) ;
#4625 = AXIS2_PLACEMENT_3D ( 'NONE', #2627, #4047, #3124 ) ;
#4626 = DIRECTION ( 'NONE',  ( 0.000000000000000000, -0.000000000000000000, 1.000000000000000000 ) ) ;
#4627 = CARTESIAN_POINT ( 'NONE',  ( 5.389999999999999680, 1.269999999999999796, -0.5599999999999989431 ) ) ;
#4628 =( LENGTH_UNIT ( ) NAMED_UNIT ( * ) SI_UNIT ( .MILLI., .METRE. ) );
#4629 = VERTEX_POINT ( 'NONE', #3290 ) ;
#4630 = CARTESIAN_POINT ( 'NONE',  ( -6.324999999999998401, 1.850000000000000089, 2.785000000000001474 ) ) ;
#4631 = DIRECTION ( 'NONE',  ( -4.494102269369968727E-16, 1.807003620809174139E-16, -1.000000000000000000 ) ) ;
#4632 = VECTOR ( 'NONE', #2102, 1000.000000000000000 ) ;
#4633 = VERTEX_POINT ( 'NONE', #1026 ) ;
#4634 = VERTEX_POINT ( 'NONE', #2367 ) ;
#4635 = ORIENTED_EDGE ( 'NONE', *, *, #3197, .T. ) ;
#4636 = EDGE_CURVE ( 'NONE', #2379, #3808, #5735, .T. ) ;
#4637 = CARTESIAN_POINT ( 'NONE',  ( -2.680000000000001048, 0.6699999999999997069, 1.585000000000005960 ) ) ;
#4638 = CARTESIAN_POINT ( 'NONE',  ( -0.3200000000000008393, 1.269999999999999796, 1.190000000000006386 ) ) ;
#4639 = CARTESIAN_POINT ( 'NONE',  ( 6.324999999999996625, 1.269999999999999796, -0.5599999999999992761 ) ) ;
#4640 = EDGE_LOOP ( 'NONE', ( #147, #4, #57, #658 ) ) ;
#4641 = PLANE ( 'NONE',  #816 ) ;
#4642 = CARTESIAN_POINT ( 'NONE',  ( -4.939999999999999503, 0.6699999999999998179, 1.190000000000006608 ) ) ;
#4643 = CARTESIAN_POINT ( 'NONE',  ( 1.269999999999999130, 3.300000000000000711, -0.9550000000000007372 ) ) ;
#4644 = ORIENTED_EDGE ( 'NONE', *, *, #3904, .T. ) ;
#4645 = FACE_OUTER_BOUND ( 'NONE', #4660, .T. ) ;
#4646 = CARTESIAN_POINT ( 'NONE',  ( -1.250000000000001110, 8.300000000000000711, 2.774999999999999467 ) ) ;
#4647 = ORIENTED_EDGE ( 'NONE', *, *, #3271, .T. ) ;
#4648 = EDGE_CURVE ( 'NONE', #4286, #5778, #3760, .T. ) ;
#4649 = ADVANCED_FACE ( 'NONE', ( #3934 ), #3878, .F. ) ;
#4650 = ORIENTED_EDGE ( 'NONE', *, *, #4517, .F. ) ;
#4651 = CARTESIAN_POINT ( 'NONE',  ( 2.679999999999999272, 3.300000000000000711, -0.005000000000000663636 ) ) ;
#4652 = CARTESIAN_POINT ( 'NONE',  ( 4.939999999999999503, 1.269999999999999796, 1.190000000000001279 ) ) ;
#4653 = DIRECTION ( 'NONE',  ( 3.636205555091755105E-32, -1.000000000000000000, -1.618212197739558882E-16 ) ) ;
#4654 = CARTESIAN_POINT ( 'NONE',  ( -5.364999999999993108, 1.849999999999999201, 2.274999999999999467 ) ) ;
#4655 = DIRECTION ( 'NONE',  ( -0.000000000000000000, 1.000000000000000000, 0.000000000000000000 ) ) ;
#4656 = DIRECTION ( 'NONE',  ( 1.000000000000000000, 0.000000000000000000, 0.000000000000000000 ) ) ;
#4657 = EDGE_LOOP ( 'NONE', ( #2606, #1466, #297, #5900, #3648 ) ) ;
#4658 = LINE ( 'NONE', #4240, #4632 ) ;
#4659 = ADVANCED_FACE ( 'NONE', ( #3893 ), #497, .F. ) ;
#4660 = EDGE_LOOP ( 'NONE', ( #1266, #5152, #1167, #1481 ) ) ;
#4661 = VERTEX_POINT ( 'NONE', #3350 ) ;
#4662 = AXIS2_PLACEMENT_3D ( 'NONE', #3423, #1003, #4160 ) ;
#4663 = AXIS2_PLACEMENT_3D ( 'NONE', #751, #2621, #4835 ) ;
#4664 = ADVANCED_FACE ( 'NONE', ( #3899 ), #5245, .F. ) ;
#4665 = DIRECTION ( 'NONE',  ( 0.000000000000000000, -1.000000000000000000, -1.807003620809174385E-16 ) ) ;
#4666 = EDGE_CURVE ( 'NONE', #1856, #5416, #1958, .T. ) ;
#4667 = CARTESIAN_POINT ( 'NONE',  ( -5.389999999999999680, 1.699999999999998623, -1.584999999999999964 ) ) ;
#4668 = ORIENTED_EDGE ( 'NONE', *, *, #749, .T. ) ;
#4669 = CARTESIAN_POINT ( 'NONE',  ( -6.325000000000001954, 0.6699999999999998179, -0.5599999999999937250 ) ) ;
#4670 = LINE ( 'NONE', #3479, #4719 ) ;
#4671 = EDGE_CURVE ( 'NONE', #1057, #2950, #3967, .T. ) ;
#4672 = VERTEX_POINT ( 'NONE', #3861 ) ;
#4673 = ORIENTED_EDGE ( 'NONE', *, *, #2918, .F. ) ;
#4674 = EDGE_CURVE ( 'NONE', #276, #2602, #127, .T. ) ;
#4675 = ORIENTED_EDGE ( 'NONE', *, *, #2628, .T. ) ;
#4676 = EDGE_CURVE ( 'NONE', #1334, #5315, #2166, .T. ) ;
#4677 = CARTESIAN_POINT ( 'NONE',  ( -1.300000000000000044, 9.350000000000001421, -1.585000000000000187 ) ) ;
#4678 = EDGE_LOOP ( 'NONE', ( #4341, #2917, #4499, #1261 ) ) ;
#4679 = CARTESIAN_POINT ( 'NONE',  ( 2.679999999999998384, 1.269999999999999796, 1.190000000000005720 ) ) ;
#4680 = CARTESIAN_POINT ( 'NONE',  ( -2.680000000000001048, 1.349999999999999645, 0.6349999999999990097 ) ) ;
#4681 = VERTEX_POINT ( 'NONE', #4768 ) ;
#4682 = DIRECTION ( 'NONE',  ( -0.000000000000000000, -1.000000000000000000, -0.000000000000000000 ) ) ;
#4683 = EDGE_LOOP ( 'NONE', ( #4498, #4524, #3229, #2728, #4773, #2544, #4650, #4294, #423, #884, #4405, #518 ) ) ;
#4684 = FACE_OUTER_BOUND ( 'NONE', #5545, .T. ) ;
#4685 = EDGE_CURVE ( 'NONE', #2667, #4406, #4135, .T. ) ;
#4686 = EDGE_LOOP ( 'NONE', ( #4228, #2855, #851, #3019 ) ) ;
#4687 = ORIENTED_EDGE ( 'NONE', *, *, #2597, .T. ) ;
#4688 = DIRECTION ( 'NONE',  ( -1.000000000000000000, -0.000000000000000000, -0.000000000000000000 ) ) ;
#4689 = CARTESIAN_POINT ( 'NONE',  ( -2.680000000000001048, -8.926487835092499482E-16, -0.9549999999999952971 ) ) ;
#4690 = CARTESIAN_POINT ( 'NONE',  ( 6.325000000000000178, 0.000000000000000000, -1.584999999999999964 ) ) ;
#4691 = DIRECTION ( 'NONE',  ( 0.000000000000000000, 0.000000000000000000, 1.000000000000000000 ) ) ;
#4692 = DIRECTION ( 'NONE',  ( 1.000000000000000000, 0.000000000000000000, 0.000000000000000000 ) ) ;
#4693 = EDGE_LOOP ( 'NONE', ( #2635, #4818, #2590, #674 ) ) ;
#4694 = VECTOR ( 'NONE', #3866, 1000.000000000000000 ) ;
#4695 = ORIENTED_EDGE ( 'NONE', *, *, #1447, .F. ) ;
#4696 = EDGE_LOOP ( 'NONE', ( #3132, #794, #428, #919 ) ) ;
#4697 = DIRECTION ( 'NONE',  ( -0.7071067811865523467, -0.000000000000000000, -0.7071067811865426878 ) ) ;
#4698 = FILL_AREA_STYLE ('',( #5170 ) ) ;
#4699 = ORIENTED_EDGE ( 'NONE', *, *, #2344, .T. ) ;
#4700 = PLANE ( 'NONE',  #5207 ) ;
#4701 = DIRECTION ( 'NONE',  ( -1.233548213626064722E-31, 1.000000000000000000, -2.744815626545581052E-16 ) ) ;
#4702 = LINE ( 'NONE', #1420, #2830 ) ;
#4703 = CARTESIAN_POINT ( 'NONE',  ( -6.325000000000001066, 1.269999999999999796, 1.190000000000006386 ) ) ;
#4704 = ORIENTED_EDGE ( 'NONE', *, *, #1098, .F. ) ;
#4705 = VERTEX_POINT ( 'NONE', #5703 ) ;
#4706 = ADVANCED_FACE ( 'NONE', ( #179 ), #275, .F. ) ;
#4707 = EDGE_CURVE ( 'NONE', #883, #3105, #54, .T. ) ;
#4708 = ORIENTED_EDGE ( 'NONE', *, *, #3067, .T. ) ;
#4709 = DIRECTION ( 'NONE',  ( -4.494102269369968727E-16, 1.807003620809174139E-16, -1.000000000000000000 ) ) ;
#4710 = VECTOR ( 'NONE', #2134, 1000.000000000000000 ) ;
#4711 = CARTESIAN_POINT ( 'NONE',  ( 4.924999999999999822, 9.900000000000000355, 1.044999999999999263 ) ) ;
#4712 = ORIENTED_EDGE ( 'NONE', *, *, #4847, .T. ) ;
#4713 = DIRECTION ( 'NONE',  ( 1.000000000000000000, -0.000000000000000000, -4.494102269369968727E-16 ) ) ;
#4714 = DIRECTION ( 'NONE',  ( 0.000000000000000000, -1.000000000000000000, 0.000000000000000000 ) ) ;
#4715 = ORIENTED_EDGE ( 'NONE', *, *, #279, .T. ) ;
#4716 = CARTESIAN_POINT ( 'NONE',  ( 4.269999999999999574, 3.300000000000000711, 1.584999999999999076 ) ) ;
#4717 = VECTOR ( 'NONE', #3156, 1000.000000000000114 ) ;
#4718 = EDGE_LOOP ( 'NONE', ( #5787, #1843, #3205, #1982 ) ) ;
#4719 = VECTOR ( 'NONE', #5709, 1000.000000000000000 ) ;
#4720 = EDGE_LOOP ( 'NONE', ( #381, #390, #5749, #5720 ) ) ;
#4721 = DIRECTION ( 'NONE',  ( -0.000000000000000000, -0.000000000000000000, 1.000000000000000000 ) ) ;
#4722 = DIRECTION ( 'NONE',  ( 0.000000000000000000, 0.000000000000000000, -1.000000000000000000 ) ) ;
#4723 = DIRECTION ( 'NONE',  ( 0.000000000000000000, -0.3162277660168354432, -0.9486832980505146562 ) ) ;
#4724 = CARTESIAN_POINT ( 'NONE',  ( 6.325000000000000178, 0.000000000000000000, -1.584999999999999964 ) ) ;
#4725 = PLANE ( 'NONE',  #2398 ) ;
#4726 = DIRECTION ( 'NONE',  ( 0.000000000000000000, -1.000000000000000000, 0.000000000000000000 ) ) ;
#4727 = LINE ( 'NONE', #4004, #4747 ) ;
#4728 = VERTEX_POINT ( 'NONE', #2936 ) ;
#4729 = ORIENTED_EDGE ( 'NONE', *, *, #1788, .F. ) ;
#4730 = VERTEX_POINT ( 'NONE', #3449 ) ;
#4731 = EDGE_CURVE ( 'NONE', #70, #777, #2026, .T. ) ;
#4732 = VECTOR ( 'NONE', #864, 1000.000000000000000 ) ;
#4733 = AXIS2_PLACEMENT_3D ( 'NONE', #3824, #4697, #5209 ) ;
#4734 = APPLICATION_PROTOCOL_DEFINITION ( 'draft international standard', 'automotive_design', 1998, #4306 ) ;
#4735 = LINE ( 'NONE', #4711, #2755 ) ;
#4736 = ORIENTED_EDGE ( 'NONE', *, *, #4050, .T. ) ;
#4737 = CARTESIAN_POINT ( 'NONE',  ( 6.000000000000000000, -3.180000000000000160, 0.1949999999999985911 ) ) ;
#4738 = DIRECTION ( 'NONE',  ( 1.000000000000000000, -0.000000000000000000, -4.494102269369968727E-16 ) ) ;
#4739 = AXIS2_PLACEMENT_3D ( 'NONE', #598, #2422, #710 ) ;
#4740 = VERTEX_POINT ( 'NONE', #5219 ) ;
#4741 = ADVANCED_FACE ( 'NONE', ( #2081 ), #791, .F. ) ;
#4742 = CARTESIAN_POINT ( 'NONE',  ( 0.3199999999999991740, 0.000000000000000000, 2.024999999999999023 ) ) ;
#4743 = ORIENTED_EDGE ( 'NONE', *, *, #4214, .F. ) ;
#4744 = MECHANICAL_DESIGN_GEOMETRIC_PRESENTATION_REPRESENTATION (  '', ( #5860 ), #41 ) ;
#4745 = EDGE_CURVE ( 'NONE', #1102, #433, #169, .T. ) ;
#4746 = LINE ( 'NONE', #4638, #2799 ) ;
#4747 = VECTOR ( 'NONE', #5327, 1000.000000000000000 ) ;
#4748 = VERTEX_POINT ( 'NONE', #712 ) ;
#4749 = PLANE ( 'NONE',  #1319 ) ;
#4750 = DIRECTION ( 'NONE',  ( 1.000000000000000000, 0.000000000000000000, 0.000000000000000000 ) ) ;
#4751 = CARTESIAN_POINT ( 'NONE',  ( -0.3200000000000008393, 0.6699999999999998179, -0.5599999999999937250 ) ) ;
#4752 = VERTEX_POINT ( 'NONE', #1225 ) ;
#4753 = VERTEX_POINT ( 'NONE', #2012 ) ;
#4754 = ADVANCED_FACE ( 'NONE', ( #4148 ), #1619, .F. ) ;
#4755 = AXIS2_PLACEMENT_3D ( 'NONE', #1527, #2314, #646 ) ;
#4756 = DIRECTION ( 'NONE',  ( 0.000000000000000000, -1.000000000000000000, 0.000000000000000000 ) ) ;
#4757 = EDGE_CURVE ( 'NONE', #1694, #5230, #149, .T. ) ;
#4758 = FACE_OUTER_BOUND ( 'NONE', #1818, .T. ) ;
#4759 = ORIENTED_EDGE ( 'NONE', *, *, #5337, .F. ) ;
#4760 = VECTOR ( 'NONE', #1689, 1000.000000000000000 ) ;
#4761 = ORIENTED_EDGE ( 'NONE', *, *, #3447, .T. ) ;
#4762 = ORIENTED_EDGE ( 'NONE', *, *, #1367, .T. ) ;
#4763 = DIRECTION ( 'NONE',  ( 0.000000000000000000, -1.000000000000000000, -1.807003620809174385E-16 ) ) ;
#4764 = CARTESIAN_POINT ( 'NONE',  ( 0.000000000000000000, -1.449999999999999956, 2.184999999999999609 ) ) ;
#4765 = CARTESIAN_POINT ( 'NONE',  ( -6.324999999999998401, 0.000000000000000000, 2.785000000000001474 ) ) ;
#4766 = LINE ( 'NONE', #4751, #962 ) ;
#4767 = DIRECTION ( 'NONE',  ( -0.000000000000000000, 1.000000000000000000, -0.000000000000000000 ) ) ;
#4768 = CARTESIAN_POINT ( 'NONE',  ( -3.320000000000000728, -1.081363123647113125E-15, -1.584999999999999964 ) ) ;
#4769 = FACE_OUTER_BOUND ( 'NONE', #5635, .T. ) ;
#4770 = ORIENTED_EDGE ( 'NONE', *, *, #1728, .F. ) ;
#4771 = LINE ( 'NONE', #3851, #764 ) ;
#4772 = VERTEX_POINT ( 'NONE', #4274 ) ;
#4773 = ORIENTED_EDGE ( 'NONE', *, *, #5291, .F. ) ;
#4774 = CARTESIAN_POINT ( 'NONE',  ( 3.319999999999998952, 6.899999999999995026, 0.6349999999999992317 ) ) ;
#4775 = LINE ( 'NONE', #3672, #972 ) ;
#4776 = CARTESIAN_POINT ( 'NONE',  ( 6.325000000000001066, -1.449999999999999956, 2.184999999999999609 ) ) ;
#4777 = ORIENTED_EDGE ( 'NONE', *, *, #3197, .F. ) ;
#4778 = DIRECTION ( 'NONE',  ( 0.000000000000000000, 1.000000000000000000, 1.801998070613027504E-16 ) ) ;
#4779 = DIRECTION ( 'NONE',  ( 0.000000000000000000, 0.000000000000000000, -1.000000000000000000 ) ) ;
#4780 = LINE ( 'NONE', #5411, #4789 ) ;
#4781 = EDGE_LOOP ( 'NONE', ( #957, #3601, #40, #2674, #4560 ) ) ;
#4782 = EDGE_LOOP ( 'NONE', ( #2561, #3609, #5733, #507, #2558, #4612, #2906, #813, #222, #2260, #502, #836, #2831, #4704 ) ) ;
#4783 = EDGE_CURVE ( 'NONE', #5123, #3258, #4055, .T. ) ;
#4784 = ORIENTED_EDGE ( 'NONE', *, *, #627, .T. ) ;
#4785 = VECTOR ( 'NONE', #3198, 1000.000000000000000 ) ;
#4786 = VECTOR ( 'NONE', #1316, 1000.000000000000000 ) ;
#4787 = ORIENTED_EDGE ( 'NONE', *, *, #3773, .T. ) ;
#4788 = DIRECTION ( 'NONE',  ( 0.000000000000000000, 0.3162277660168349991, 0.9486832980505148782 ) ) ;
#4789 = VECTOR ( 'NONE', #2785, 1000.000000000000000 ) ;
#4790 = CARTESIAN_POINT ( 'NONE',  ( 3.319999999999999840, 0.6699999999999998179, 1.190000000000006608 ) ) ;
#4791 = DIRECTION ( 'NONE',  ( 0.000000000000000000, -1.801998070613027504E-16, 1.000000000000000000 ) ) ;
#4792 = ORIENTED_EDGE ( 'NONE', *, *, #5542, .T. ) ;
#4793 = ORIENTED_EDGE ( 'NONE', *, *, #4378, .F. ) ;
#4794 = DIRECTION ( 'NONE',  ( 0.000000000000000000, 3.388131789017201849E-16, -1.000000000000000000 ) ) ;
#4795 = ADVANCED_FACE ( 'NONE', ( #3956 ), #2577, .F. ) ;
#4796 = DIRECTION ( 'NONE',  ( -0.000000000000000000, 0.000000000000000000, 1.000000000000000000 ) ) ;
#4797 = ORIENTED_EDGE ( 'NONE', *, *, #689, .T. ) ;
#4798 = CARTESIAN_POINT ( 'NONE',  ( -2.680000000000001048, 1.350000000000000089, -1.585000000000000409 ) ) ;
#4799 = CARTESIAN_POINT ( 'NONE',  ( 2.679999999999999272, -8.926487835092505399E-16, -0.9549999999999975175 ) ) ;
#4800 = ORIENTED_EDGE ( 'NONE', *, *, #1254, .F. ) ;
#4801 = FACE_OUTER_BOUND ( 'NONE', #3048, .T. ) ;
#4802 = EDGE_CURVE ( 'NONE', #4082, #4374, #134, .T. ) ;
#4803 = ORIENTED_EDGE ( 'NONE', *, *, #757, .T. ) ;
#4804 = ORIENTED_EDGE ( 'NONE', *, *, #3869, .T. ) ;
#4805 = ORIENTED_EDGE ( 'NONE', *, *, #4525, .T. ) ;
#4806 = PLANE ( 'NONE',  #268 ) ;
#4807 = EDGE_CURVE ( 'NONE', #47, #2841, #4110, .T. ) ;
#4808 = CARTESIAN_POINT ( 'NONE',  ( -2.602499999999972502, 3.300000000000000711, 2.602500000000007585 ) ) ;
#4809 = CARTESIAN_POINT ( 'NONE',  ( -1.300000000000000044, 7.400000000000000355, -2.785000000000001030 ) ) ;
#4810 = VECTOR ( 'NONE', #2317, 1000.000000000000000 ) ;
#4811 = VECTOR ( 'NONE', #1432, 1000.000000000000000 ) ;
#4812 = CARTESIAN_POINT ( 'NONE',  ( -6.325000000000001066, 0.6699999999999998179, 1.190000000000006608 ) ) ;
#4813 = CARTESIAN_POINT ( 'NONE',  ( -3.320000000000000728, 7.500000000000001776, 0.6349999999999992317 ) ) ;
#4814 = ORIENTED_EDGE ( 'NONE', *, *, #3577, .F. ) ;
#4815 = EDGE_CURVE ( 'NONE', #5169, #3618, #224, .T. ) ;
#4816 = VECTOR ( 'NONE', #3306, 1000.000000000000114 ) ;
#4817 = ORIENTED_EDGE ( 'NONE', *, *, #2126, .F. ) ;
#4818 = ORIENTED_EDGE ( 'NONE', *, *, #1429, .F. ) ;
#4819 = AXIS2_PLACEMENT_3D ( 'NONE', #2105, #3557, #5802 ) ;
#4820 = ORIENTED_EDGE ( 'NONE', *, *, #1073, .F. ) ;
#4821 = DIRECTION ( 'NONE',  ( 1.000000000000000000, 0.000000000000000000, 0.000000000000000000 ) ) ;
#4822 = LINE ( 'NONE', #3203, #5088 ) ;
#4823 = LINE ( 'NONE', #3580, #915 ) ;
#4824 = CARTESIAN_POINT ( 'NONE',  ( -0.1200000000000003147, 7.500000000000001776, 0.000000000000000000 ) ) ;
#4825 = AXIS2_PLACEMENT_3D ( 'NONE', #748, #5356, #1647 ) ;
#4826 = MANIFOLD_SOLID_BREP ( 'LPattern4[2]', #173 ) ;
#4827 = LINE ( 'NONE', #3027, #2978 ) ;
#4828 = VERTEX_POINT ( 'NONE', #1129 ) ;
#4829 = DIRECTION ( 'NONE',  ( 0.000000000000000000, 0.3162277660168349991, -0.9486832980505148782 ) ) ;
#4830 = PLANE ( 'NONE',  #4308 ) ;
#4831 = VECTOR ( 'NONE', #1583, 1000.000000000000000 ) ;
#4832 = ORIENTED_EDGE ( 'NONE', *, *, #1069, .T. ) ;
#4833 = EDGE_CURVE ( 'NONE', #787, #563, #2108, .T. ) ;
#4834 = AXIS2_PLACEMENT_3D ( 'NONE', #3393, #4167, #5267 ) ;
#4835 = DIRECTION ( 'NONE',  ( 0.000000000000000000, -1.000000000000000000, -1.801998070613027504E-16 ) ) ;
#4836 = VERTEX_POINT ( 'NONE', #3459 ) ;
#4837 = LINE ( 'NONE', #3837, #2828 ) ;
#4838 = LINE ( 'NONE', #1048, #936 ) ;
#4839 = EDGE_LOOP ( 'NONE', ( #461, #1800, #687, #4611 ) ) ;
#4840 = CARTESIAN_POINT ( 'NONE',  ( 1.250000000000001110, 8.300000000000000711, 2.774999999999999467 ) ) ;
#4841 = LINE ( 'NONE', #4281, #1078 ) ;
#4842 = MECHANICAL_DESIGN_GEOMETRIC_PRESENTATION_REPRESENTATION (  '', ( #2836 ), #2104 ) ;
#4843 = CARTESIAN_POINT ( 'NONE',  ( -2.680000000000001048, 0.6699999999999998179, 1.190000000000004832 ) ) ;
#4845 = ORIENTED_EDGE ( 'NONE', *, *, #3996, .T. ) ;
#4844 = AXIS2_PLACEMENT_3D ( 'NONE', #5156, #1205, #1596 ) ;
#4846 = CARTESIAN_POINT ( 'NONE',  ( 5.389999999999999680, 1.849999999999999201, 2.024999999999999023 ) ) ;
#4847 = EDGE_CURVE ( 'NONE', #360, #4196, #1976, .T. ) ;
#4848 = DIRECTION ( 'NONE',  ( 1.000000000000000000, -0.000000000000000000, -4.494102269369968727E-16 ) ) ;
#4849 = EDGE_LOOP ( 'NONE', ( #4241, #2004, #3565, #5566, #4020, #2370, #49, #4230, #4288, #193, #5688, #5530, #277, #2054, #3540 ) ) ;
#4850 = LINE ( 'NONE', #4408, #1085 ) ;
#4851 = PLANE ( 'NONE',  #2707 ) ;
#4852 = LINE ( 'NONE', #2688, #4717 ) ;
#4853 = VECTOR ( 'NONE', #721, 1000.000000000000000 ) ;
#4854 = EDGE_LOOP ( 'NONE', ( #3749, #3798, #3366, #3177 ) ) ;
#4855 = FACE_OUTER_BOUND ( 'NONE', #2536, .T. ) ;
#4856 = VERTEX_POINT ( 'NONE', #4943 ) ;
#4857 = ORIENTED_EDGE ( 'NONE', *, *, #3135, .F. ) ;
#4858 = ADVANCED_FACE ( 'NONE', ( #1987 ), #4851, .F. ) ;
#4859 = VERTEX_POINT ( 'NONE', #4417 ) ;
#4860 = VECTOR ( 'NONE', #2136, 1000.000000000000000 ) ;
#4861 = CARTESIAN_POINT ( 'NONE',  ( -0.3200000000000008393, 6.899999999999995026, -0.005000000000000663636 ) ) ;
#4862 = DIRECTION ( 'NONE',  ( 2.247051134684983870E-16, -0.000000000000000000, -1.000000000000000000 ) ) ;
#4863 = DIRECTION ( 'NONE',  ( 0.000000000000000000, 1.000000000000000000, 0.000000000000000000 ) ) ;
#4864 = FACE_OUTER_BOUND ( 'NONE', #4060, .T. ) ;
#4865 = DIRECTION ( 'NONE',  ( 0.000000000000000000, 0.000000000000000000, -1.000000000000000000 ) ) ;
#4866 = LINE ( 'NONE', #5113, #928 ) ;
#4867 = EDGE_LOOP ( 'NONE', ( #3207, #944, #1234, #3085 ) ) ;
#4868 = LINE ( 'NONE', #3168, #1112 ) ;
#4869 = ORIENTED_EDGE ( 'NONE', *, *, #5793, .T. ) ;
#4870 = LINE ( 'NONE', #550, #1018 ) ;
#4871 = AXIS2_PLACEMENT_3D ( 'NONE', #1160, #5277, #220 ) ;
#4872 = PLANE ( 'NONE',  #922 ) ;
#4873 = EDGE_CURVE ( 'NONE', #3133, #2796, #140, .T. ) ;
#4874 = LINE ( 'NONE', #1691, #860 ) ;
#4875 = DIRECTION ( 'NONE',  ( -0.000000000000000000, 1.000000000000000000, -0.000000000000000000 ) ) ;
#4876 = VERTEX_POINT ( 'NONE', #3129 ) ;
#4877 = CARTESIAN_POINT ( 'NONE',  ( -6.325000000000001066, 1.269999999999999796, 1.190000000000006386 ) ) ;
#4878 = CARTESIAN_POINT ( 'NONE',  ( -3.320000000000000728, 0.000000000000000000, 2.024999999999999023 ) ) ;
#4879 = DIRECTION ( 'NONE',  ( 0.3015113445777613532, -0.9045340337332925529, 0.3015113445777610757 ) ) ;
#4880 = CARTESIAN_POINT ( 'NONE',  ( 5.499240397477537456, 9.325759602522460057, 2.205083126313777786 ) ) ;
#4881 = ORIENTED_EDGE ( 'NONE', *, *, #5753, .T. ) ;
#4882 = LINE ( 'NONE', #2941, #5038 ) ;
#4883 = VECTOR ( 'NONE', #3552, 1000.000000000000000 ) ;
#4884 = LINE ( 'NONE', #2187, #4811 ) ;
#4885 = LINE ( 'NONE', #2545, #2783 ) ;
#4886 = ORIENTED_EDGE ( 'NONE', *, *, #3924, .F. ) ;
#4887 = CARTESIAN_POINT ( 'NONE',  ( 0.3199999999999991185, 3.300000000000000711, -0.005000000000000663636 ) ) ;
#4888 = FACE_BOUND ( 'NONE', #4501, .T. ) ;
#4889 = CARTESIAN_POINT ( 'NONE',  ( -4.939999999999999503, 0.6699999999999997069, 1.585000000000005960 ) ) ;
#4890 = CARTESIAN_POINT ( 'NONE',  ( -1.730000000000000870, 9.900000000000000355, 1.584999999999999076 ) ) ;
#4891 = EDGE_LOOP ( 'NONE', ( #5840, #5871, #79, #3508 ) ) ;
#4892 = DIRECTION ( 'NONE',  ( -0.9486832980505146562, -0.3162277660168354432, -0.000000000000000000 ) ) ;
#4893 = CARTESIAN_POINT ( 'NONE',  ( 5.674999999999999822, -1.449999999999999956, 2.784999999999999698 ) ) ;
#4894 = ORIENTED_EDGE ( 'NONE', *, *, #5370, .T. ) ;
#4895 = VECTOR ( 'NONE', #1291, 1000.000000000000000 ) ;
#4896 = CARTESIAN_POINT ( 'NONE',  ( -1.250000000000001110, 8.300000000000000711, 2.274999999999999467 ) ) ;
#4897 = LINE ( 'NONE', #5425, #2845 ) ;
#4898 = EDGE_CURVE ( 'NONE', #4672, #4730, #3986, .T. ) ;
#4899 = VECTOR ( 'NONE', #5401, 1000.000000000000000 ) ;
#4900 = ORIENTED_EDGE ( 'NONE', *, *, #1377, .T. ) ;
#4901 = LINE ( 'NONE', #440, #2851 ) ;
#4902 = EDGE_CURVE ( 'NONE', #2567, #4304, #2039, .T. ) ;
#4903 = EDGE_LOOP ( 'NONE', ( #2705, #2578, #540, #4695, #634, #4009, #595, #254, #4168, #2319, #400, #261, #5624, #387, #4582 ) ) ;
#4904 = ORIENTED_EDGE ( 'NONE', *, *, #361, .F. ) ;
#4905 = ORIENTED_EDGE ( 'NONE', *, *, #1606, .F. ) ;
#4906 = FACE_OUTER_BOUND ( 'NONE', #5518, .T. ) ;
#4907 = DIRECTION ( 'NONE',  ( -1.000000000000000000, 0.000000000000000000, 4.494102269369968727E-16 ) ) ;
#4908 = EDGE_CURVE ( 'NONE', #5100, #953, #4029, .T. ) ;
#4909 = DIRECTION ( 'NONE',  ( 0.000000000000000000, -1.000000000000000000, 3.614007241618348771E-16 ) ) ;
#4910 = LINE ( 'NONE', #520, #2762 ) ;
#4911 = CARTESIAN_POINT ( 'NONE',  ( -6.325000000000001954, 1.269999999999999796, -0.5599999999999936140 ) ) ;
#4912 = CARTESIAN_POINT ( 'NONE',  ( 5.674999999999999822, -1.449999999999999956, 1.884999999999999787 ) ) ;
#4913 = EDGE_CURVE ( 'NONE', #652, #4752, #3998, .T. ) ;
#4914 = VECTOR ( 'NONE', #494, 1000.000000000000000 ) ;
#4915 = VERTEX_POINT ( 'NONE', #4013 ) ;
#4916 = LINE ( 'NONE', #3073, #975 ) ;
#4917 = ORIENTED_EDGE ( 'NONE', *, *, #3291, .T. ) ;
#4918 = ADVANCED_FACE ( 'NONE', ( #2048 ), #881, .F. ) ;
#4919 = VERTEX_POINT ( 'NONE', #1388 ) ;
#4920 = VECTOR ( 'NONE', #5498, 1000.000000000000000 ) ;
#4921 = VECTOR ( 'NONE', #396, 1000.000000000000000 ) ;
#4922 = DIRECTION ( 'NONE',  ( 0.000000000000000000, 0.000000000000000000, -1.000000000000000000 ) ) ;
#4923 = EDGE_CURVE ( 'NONE', #604, #1750, #2058, .T. ) ;
#4924 = PLANE ( 'NONE',  #1496 ) ;
#4925 = LINE ( 'NONE', #4765, #981 ) ;
#4926 = VERTEX_POINT ( 'NONE', #725 ) ;
#4927 = CARTESIAN_POINT ( 'NONE',  ( 3.319999999999998952, 7.500000000000001776, 0.6349999999999992317 ) ) ;
#4928 = COLOUR_RGB ( '',0.7921568627450980005, 0.8196078431372548767, 0.9333333333333333481 ) ;
#4929 = CARTESIAN_POINT ( 'NONE',  ( -4.939999999999999503, -1.081363123647113125E-15, 1.585000000000006182 ) ) ;
#4930 = ORIENTED_EDGE ( 'NONE', *, *, #3144, .F. ) ;
#4931 = DIRECTION ( 'NONE',  ( -0.000000000000000000, -1.000000000000000000, -0.000000000000000000 ) ) ;
#4932 = ORIENTED_EDGE ( 'NONE', *, *, #5288, .T. ) ;
#4933 = FACE_OUTER_BOUND ( 'NONE', #1067, .T. ) ;
#4934 = VECTOR ( 'NONE', #3619, 1000.000000000000000 ) ;
#4935 = LINE ( 'NONE', #5582, #2774 ) ;
#4936 = ORIENTED_EDGE ( 'NONE', *, *, #2889, .T. ) ;
#4937 = LINE ( 'NONE', #4366, #4831 ) ;
#4938 = CLOSED_SHELL ( 'NONE', ( #1074, #4356, #4971, #4415, #5514, #1236, #663, #1387, #3769, #16 ) ) ;
#4939 = DIRECTION ( 'NONE',  ( 0.000000000000000000, -1.801998070613027504E-16, 1.000000000000000000 ) ) ;
#4940 = DIRECTION ( 'NONE',  ( 1.000000000000000000, 0.000000000000000000, 0.000000000000000000 ) ) ;
#4941 = VERTEX_POINT ( 'NONE', #5301 ) ;
#4942 = PRESENTATION_STYLE_ASSIGNMENT (( #632 ) ) ;
#4943 = CARTESIAN_POINT ( 'NONE',  ( -6.325000000000001066, 0.6699999999999998179, 1.190000000000006608 ) ) ;
#4944 = DIRECTION ( 'NONE',  ( -0.000000000000000000, -0.000000000000000000, 1.000000000000000000 ) ) ;
#4945 = LINE ( 'NONE', #5762, #4786 ) ;
#4946 = ORIENTED_EDGE ( 'NONE', *, *, #2393, .F. ) ;
#4947 = ORIENTED_EDGE ( 'NONE', *, *, #617, .F. ) ;
#4948 = EDGE_CURVE ( 'NONE', #1047, #1650, #116, .T. ) ;
#4949 = LINE ( 'NONE', #5610, #3086 ) ;
#4950 = VECTOR ( 'NONE', #1464, 1000.000000000000000 ) ;
#4951 = DIRECTION ( 'NONE',  ( 0.000000000000000000, 1.000000000000000000, 1.344746880602175966E-16 ) ) ;
#4952 = DIRECTION ( 'NONE',  ( 1.707404996040164265E-16, 0.000000000000000000, 1.000000000000000000 ) ) ;
#4953 = DIRECTION ( 'NONE',  ( -0.7071067811865454633, -0.7071067811865495711, 0.000000000000000000 ) ) ;
#4954 = LINE ( 'NONE', #5274, #1023 ) ;
#4955 = ORIENTED_EDGE ( 'NONE', *, *, #2038, .T. ) ;
#4956 = VECTOR ( 'NONE', #3763, 1000.000000000000000 ) ;
#4957 = VERTEX_POINT ( 'NONE', #1883 ) ;
#4958 = EDGE_CURVE ( 'NONE', #269, #4584, #4042, .T. ) ;
#4959 = LINE ( 'NONE', #3488, #2881 ) ;
#4960 = CARTESIAN_POINT ( 'NONE',  ( -4.939999999999999503, 0.6699999999999997069, -0.9549999999999944089 ) ) ;
#4961 = LINE ( 'NONE', #3246, #4934 ) ;
#4962 = CARTESIAN_POINT ( 'NONE',  ( 0.6200000000000032152, 9.900000000000000355, 1.584999999999999298 ) ) ;
#4963 = ADVANCED_FACE ( 'NONE', ( #4172 ), #2868, .F. ) ;
#4964 = DIRECTION ( 'NONE',  ( 0.000000000000000000, 0.000000000000000000, -1.000000000000000000 ) ) ;
#4965 = LINE ( 'NONE', #1586, #5185 ) ;
#4966 = DIRECTION ( 'NONE',  ( 1.000000000000000000, 0.000000000000000000, -4.638298064109109804E-16 ) ) ;
#4967 = VERTEX_POINT ( 'NONE', #4052 ) ;
#4968 = DIRECTION ( 'NONE',  ( 1.000000000000000000, -0.000000000000000000, -4.494102269369968727E-16 ) ) ;
#4969 = FACE_OUTER_BOUND ( 'NONE', #4377, .T. ) ;
#4970 = CARTESIAN_POINT ( 'NONE',  ( -0.3200000000000008393, -2.579999999999992966, 0.6349999999999974554 ) ) ;
#4971 = ADVANCED_FACE ( 'NONE', ( #4313 ), #22, .F. ) ;
#4972 = VERTEX_POINT ( 'NONE', #3322 ) ;
#4973 = FACE_OUTER_BOUND ( 'NONE', #5645, .T. ) ;
#4974 = SURFACE_STYLE_FILL_AREA ( #5465 ) ;
#4975 = ORIENTED_EDGE ( 'NONE', *, *, #3908, .F. ) ;
#4976 = CARTESIAN_POINT ( 'NONE',  ( -3.320000000000000728, 1.349999999999999867, -0.005000000000001014917 ) ) ;
#4977 = EDGE_CURVE ( 'NONE', #5098, #2657, #2425, .T. ) ;
#4978 = DIRECTION ( 'NONE',  ( 1.000000000000000000, -0.000000000000000000, -4.494102269369968727E-16 ) ) ;
#4979 = EDGE_LOOP ( 'NONE', ( #1954, #5591, #1197, #5258 ) ) ;
#4980 = EDGE_CURVE ( 'NONE', #5145, #1105, #259, .T. ) ;
#4981 = ORIENTED_EDGE ( 'NONE', *, *, #2542, .T. ) ;
#4982 = ADVANCED_FACE ( 'NONE', ( #4221 ), #623, .F. ) ;
#4983 = LINE ( 'NONE', #4824, #3069 ) ;
#4984 = LINE ( 'NONE', #5455, #4921 ) ;
#4985 = DIRECTION ( 'NONE',  ( 0.000000000000000000, 2.744815626545581052E-16, -1.000000000000000000 ) ) ;
#4986 = DIRECTION ( 'NONE',  ( 1.000000000000000000, 0.000000000000000000, -4.494102269369968727E-16 ) ) ;
#4987 = EDGE_CURVE ( 'NONE', #1105, #1787, #2296, .T. ) ;
#4988 = LINE ( 'NONE', #5027, #3162 ) ;
#4989 = VERTEX_POINT ( 'NONE', #3707 ) ;
#4990 = ORIENTED_EDGE ( 'NONE', *, *, #4449, .T. ) ;
#4991 = EDGE_CURVE ( 'NONE', #2872, #1307, #411, .T. ) ;
#4992 = DIRECTION ( 'NONE',  ( -0.000000000000000000, -1.000000000000000000, -0.000000000000000000 ) ) ;
#4993 = ORIENTED_EDGE ( 'NONE', *, *, #17, .T. ) ;
#4994 = FACE_OUTER_BOUND ( 'NONE', #2860, .T. ) ;
#4995 = DIRECTION ( 'NONE',  ( 1.000000000000000000, 0.000000000000000000, 0.000000000000000000 ) ) ;
#4996 = CARTESIAN_POINT ( 'NONE',  ( -2.680000000000001048, -2.579999999999992966, 0.6349999999999983435 ) ) ;
#4997 = DIRECTION ( 'NONE',  ( 0.000000000000000000, 1.000000000000000000, 0.000000000000000000 ) ) ;
#4998 = PLANE ( 'NONE',  #1173 ) ;
#4999 = VECTOR ( 'NONE', #1729, 1000.000000000000000 ) ;
#5000 = ORIENTED_EDGE ( 'NONE', *, *, #3392, .F. ) ;
#5001 = VECTOR ( 'NONE', #4750, 1000.000000000000000 ) ;
#5002 = STYLED_ITEM ( 'NONE', ( #1275 ), #740 ) ;
#5003 = EDGE_LOOP ( 'NONE', ( #4528, #2952, #614, #4715 ) ) ;
#5004 = EDGE_CURVE ( 'NONE', #2771, #39, #403, .T. ) ;
#5005 = ORIENTED_EDGE ( 'NONE', *, *, #2865, .F. ) ;
#5006 = LINE ( 'NONE', #2041, #4860 ) ;
#5007 = CARTESIAN_POINT ( 'NONE',  ( 2.250000000000001332, 0.000000000000000000, -0.000000000000000000 ) ) ;
#5008 = DIRECTION ( 'NONE',  ( -0.3015113445777614087, 0.9045340337332923308, -0.3015113445777614087 ) ) ;
#5009 = LINE ( 'NONE', #3807, #1088 ) ;
#5010 = ORIENTED_EDGE ( 'NONE', *, *, #905, .T. ) ;
#5011 = CARTESIAN_POINT ( 'NONE',  ( 2.679999999999999272, 6.899999999999995026, -0.005000000000000663636 ) ) ;
#5012 = ADVANCED_FACE ( 'NONE', ( #308 ), #1025, .F. ) ;
#5013 = LINE ( 'NONE', #4960, #1046 ) ;
#5014 = CARTESIAN_POINT ( 'NONE',  ( 1.250000000000001110, 0.000000000000000000, 0.000000000000000000 ) ) ;
#5015 = DIRECTION ( 'NONE',  ( 2.969366061636605237E-16, -0.7682212795973767383, 0.6401843996644789314 ) ) ;
#5016 = VERTEX_POINT ( 'NONE', #145 ) ;
#5017 = LINE ( 'NONE', #3072, #2870 ) ;
#5018 = FACE_OUTER_BOUND ( 'NONE', #1665, .T. ) ;
#5019 = FACE_OUTER_BOUND ( 'NONE', #3045, .T. ) ;
#5020 = EDGE_LOOP ( 'NONE', ( #4644, #4456, #2502, #1609 ) ) ;
#5021 = DIRECTION ( 'NONE',  ( 0.000000000000000000, -1.000000000000000000, 0.000000000000000000 ) ) ;
#5022 = LINE ( 'NONE', #5262, #904 ) ;
#5023 = CARTESIAN_POINT ( 'NONE',  ( -1.270000000000001128, 3.300000000000000711, 1.584999999999999520 ) ) ;
#5024 = EDGE_LOOP ( 'NONE', ( #766, #2929, #4551, #1016 ) ) ;
#5025 = CARTESIAN_POINT ( 'NONE',  ( -4.939999999999999503, 0.000000000000000000, 2.024999999999999023 ) ) ;
#5026 = ADVANCED_FACE ( 'NONE', ( #382 ), #5884, .F. ) ;
#5027 = CARTESIAN_POINT ( 'NONE',  ( 5.164072164948451338, -0.7742268041237134746, 1.374072164948451746 ) ) ;
#5028 = ORIENTED_EDGE ( 'NONE', *, *, #5359, .F. ) ;
#5029 = FACE_OUTER_BOUND ( 'NONE', #307, .T. ) ;
#5030 = DIRECTION ( 'NONE',  ( -1.000000000000000000, 0.000000000000000000, 4.494102269369968727E-16 ) ) ;
#5031 = VECTOR ( 'NONE', #331, 1000.000000000000000 ) ;
#5032 = ORIENTED_EDGE ( 'NONE', *, *, #2466, .F. ) ;
#5033 = LINE ( 'NONE', #5422, #1090 ) ;
#5034 = ORIENTED_EDGE ( 'NONE', *, *, #5146, .F. ) ;
#5035 = DIRECTION ( 'NONE',  ( 0.000000000000000000, -0.3162277660168354432, 0.9486832980505146562 ) ) ;
#5036 = VERTEX_POINT ( 'NONE', #4578 ) ;
#5037 = ADVANCED_FACE ( 'NONE', ( #4192 ), #5342, .F. ) ;
#5038 = VECTOR ( 'NONE', #1185, 1000.000000000000000 ) ;
#5039 = CARTESIAN_POINT ( 'NONE',  ( 3.000000000000000000, 7.500000000000001776, 0.000000000000000000 ) ) ;
#5040 = VECTOR ( 'NONE', #4092, 1000.000000000000000 ) ;
#5041 = VERTEX_POINT ( 'NONE', #659 ) ;
#5042 = FACE_OUTER_BOUND ( 'NONE', #650, .T. ) ;
#5043 = ORIENTED_EDGE ( 'NONE', *, *, #1643, .T. ) ;
#5044 = VERTEX_POINT ( 'NONE', #302 ) ;
#5045 = ORIENTED_EDGE ( 'NONE', *, *, #2038, .F. ) ;
#5046 = LINE ( 'NONE', #3762, #2893 ) ;
#5047 = CARTESIAN_POINT ( 'NONE',  ( -3.120000000000000551, -3.180000000000000160, 0.000000000000000000 ) ) ;
#5048 = LINE ( 'NONE', #539, #1118 ) ;
#5049 = ORIENTED_EDGE ( 'NONE', *, *, #5334, .F. ) ;
#5050 = CARTESIAN_POINT ( 'NONE',  ( -6.024999999999995026, -1.449999999999999956, 2.484999999999996323 ) ) ;
#5051 = LINE ( 'NONE', #4451, #2904 ) ;
#5052 = CARTESIAN_POINT ( 'NONE',  ( -4.939999999999999503, 1.269999999999999796, 1.190000000000006386 ) ) ;
#5053 = VERTEX_POINT ( 'NONE', #2488 ) ;
#5054 = EDGE_CURVE ( 'NONE', #997, #39, #2345, .T. ) ;
#5055 = ORIENTED_EDGE ( 'NONE', *, *, #180, .T. ) ;
#5056 = CARTESIAN_POINT ( 'NONE',  ( -4.270000000000001350, 9.900000000000000355, 0.9350000000000017186 ) ) ;
#5057 = ORIENTED_EDGE ( 'NONE', *, *, #2364, .F. ) ;
#5058 = VECTOR ( 'NONE', #4665, 1000.000000000000000 ) ;
#5059 = ORIENTED_EDGE ( 'NONE', *, *, #3291, .F. ) ;
#5060 = EDGE_CURVE ( 'NONE', #4431, #1047, #2306, .T. ) ;
#5061 = EDGE_CURVE ( 'NONE', #2566, #4919, #345, .T. ) ;
#5062 = ORIENTED_EDGE ( 'NONE', *, *, #1723, .T. ) ;
#5063 = DIRECTION ( 'NONE',  ( 1.000000000000000000, -0.000000000000000000, -0.000000000000000000 ) ) ;
#5064 = VECTOR ( 'NONE', #5377, 1000.000000000000000 ) ;
#5065 = ORIENTED_EDGE ( 'NONE', *, *, #4248, .F. ) ;
#5066 = EDGE_LOOP ( 'NONE', ( #201, #629, #2588, #2823, #2451, #4743, #1024, #4832, #2925, #4529, #4817, #2956, #2969, #2498, #5292, #320, #2350, #2321, #4845, #538 ) ) ;
#5067 = DIRECTION ( 'NONE',  ( 1.000000000000000000, 0.000000000000000000, -1.707404996040164265E-16 ) ) ;
#5068 = SURFACE_STYLE_USAGE ( .BOTH. , #2704 ) ;
#5069 = VERTEX_POINT ( 'NONE', #4259 ) ;
#5070 = CARTESIAN_POINT ( 'NONE',  ( -6.325000000000001954, 0.6699999999999997069, -0.9549999999999937428 ) ) ;
#5071 = FACE_OUTER_BOUND ( 'NONE', #2154, .T. ) ;
#5072 = AXIS2_PLACEMENT_3D ( 'NONE', #823, #357, #1301 ) ;
#5073 = PLANE ( 'NONE',  #290 ) ;
#5074 = EDGE_CURVE ( 'NONE', #2816, #125, #2265, .T. ) ;
#5075 = VECTOR ( 'NONE', #2019, 1000.000000000000114 ) ;
#5076 = VERTEX_POINT ( 'NONE', #3781 ) ;
#5077 = LINE ( 'NONE', #1106, #3117 ) ;
#5078 = ORIENTED_EDGE ( 'NONE', *, *, #1801, .T. ) ;
#5079 = ORIENTED_EDGE ( 'NONE', *, *, #5061, .F. ) ;
#5080 = ADVANCED_FACE ( 'NONE', ( #366 ), #4725, .F. ) ;
#5081 = ORIENTED_EDGE ( 'NONE', *, *, #5730, .F. ) ;
#5082 = VECTOR ( 'NONE', #4879, 1000.000000000000000 ) ;
#5083 = PLANE ( 'NONE',  #5785 ) ;
#5084 = CARTESIAN_POINT ( 'NONE',  ( -2.680000000000001048, 7.500000000000001776, -0.005000000000000663636 ) ) ;
#5085 = CARTESIAN_POINT ( 'NONE',  ( 3.319999999999998952, -7.265096679918780609, -0.005000000000002567495 ) ) ;
#5086 = CARTESIAN_POINT ( 'NONE',  ( 0.000000000000000000, 1.850000000000000089, 0.000000000000000000 ) ) ;
#5087 = AXIS2_PLACEMENT_3D ( 'NONE', #5007, #5861, #3364 ) ;
#5088 = VECTOR ( 'NONE', #4931, 1000.000000000000000 ) ;
#5089 = EDGE_CURVE ( 'NONE', #2437, #5210, #298, .T. ) ;
#5090 = VERTEX_POINT ( 'NONE', #5311 ) ;
#5091 = EDGE_LOOP ( 'NONE', ( #3994, #5431, #245, #3583 ) ) ;
#5092 = ORIENTED_EDGE ( 'NONE', *, *, #4292, .T. ) ;
#5093 = LINE ( 'NONE', #3659, #3292 ) ;
#5094 = LINE ( 'NONE', #5869, #3070 ) ;
#5095 = DIRECTION ( 'NONE',  ( 0.7071067811865426878, 0.000000000000000000, -0.7071067811865523467 ) ) ;
#5096 = LINE ( 'NONE', #4178, #1196 ) ;
#5097 = CARTESIAN_POINT ( 'NONE',  ( -6.325000000000001066, -3.252606517456513302E-16, 1.585000000000006848 ) ) ;
#5098 = VERTEX_POINT ( 'NONE', #1601 ) ;
#5099 = LINE ( 'NONE', #2482, #1121 ) ;
#5100 = VERTEX_POINT ( 'NONE', #3894 ) ;
#5101 = EDGE_CURVE ( 'NONE', #2566, #1841, #4298, .T. ) ;
#5102 = CARTESIAN_POINT ( 'NONE',  ( 0.3199999999999991740, 1.350000000000000089, -1.585000000000000409 ) ) ;
#5103 = ORIENTED_EDGE ( 'NONE', *, *, #694, .T. ) ;
#5104 = LINE ( 'NONE', #2808, #1206 ) ;
#5105 = FACE_OUTER_BOUND ( 'NONE', #1231, .T. ) ;
#5106 = ORIENTED_EDGE ( 'NONE', *, *, #4991, .F. ) ;
#5107 = ORIENTED_EDGE ( 'NONE', *, *, #5843, .F. ) ;
#5108 = DIRECTION ( 'NONE',  ( 0.000000000000000000, 0.000000000000000000, 1.000000000000000000 ) ) ;
#5109 = DIRECTION ( 'NONE',  ( 0.000000000000000000, 0.7071067811865477948, 0.7071067811865473507 ) ) ;
#5110 = CARTESIAN_POINT ( 'NONE',  ( -6.325000000000001954, 0.6699999999999998179, -0.5599999999999937250 ) ) ;
#5111 = EDGE_LOOP ( 'NONE', ( #4881, #3119, #90, #3153 ) ) ;
#5112 = EDGE_CURVE ( 'NONE', #3858, #1459, #2337, .T. ) ;
#5113 = CARTESIAN_POINT ( 'NONE',  ( -3.320000000000000728, 0.6699999999999998179, -0.5599999999999937250 ) ) ;
#5114 = LINE ( 'NONE', #2232, #1336 ) ;
#5115 = CARTESIAN_POINT ( 'NONE',  ( 5.674999999999999822, 0.000000000000000000, 2.784999999999999698 ) ) ;
#5116 = VECTOR ( 'NONE', #3281, 1000.000000000000000 ) ;
#5117 = ORIENTED_EDGE ( 'NONE', *, *, #5519, .T. ) ;
#5118 = SURFACE_STYLE_FILL_AREA ( #733 ) ;
#5119 = EDGE_LOOP ( 'NONE', ( #2292, #2541, #2718, #339, #4136, #834 ) ) ;
#5120 = ORIENTED_EDGE ( 'NONE', *, *, #2022, .F. ) ;
#5121 = ORIENTED_EDGE ( 'NONE', *, *, #1578, .T. ) ;
#5122 = DIRECTION ( 'NONE',  ( 0.000000000000000000, 0.000000000000000000, -1.000000000000000000 ) ) ;
#5123 = VERTEX_POINT ( 'NONE', #3819 ) ;
#5124 = FACE_OUTER_BOUND ( 'NONE', #4264, .T. ) ;
#5125 = DIRECTION ( 'NONE',  ( 1.000000000000000000, 0.000000000000000000, 0.000000000000000000 ) ) ;
#5126 = AXIS2_PLACEMENT_3D ( 'NONE', #3817, #217, #4295 ) ;
#5127 = DIRECTION ( 'NONE',  ( 1.000000000000000000, 0.000000000000000000, 0.000000000000000000 ) ) ;
#5128 = DIRECTION ( 'NONE',  ( 3.969618938162029325E-16, -0.000000000000000000, 1.000000000000000000 ) ) ;
#5129 = DIRECTION ( 'NONE',  ( -1.000000000000000000, 0.000000000000000000, 1.280553747030123075E-16 ) ) ;
#5130 = DIRECTION ( 'NONE',  ( 4.494102269369968727E-16, 3.236424395479117272E-16, 1.000000000000000000 ) ) ;
#5131 = LINE ( 'NONE', #106, #1311 ) ;
#5132 = ORIENTED_EDGE ( 'NONE', *, *, #1242, .F. ) ;
#5133 = VECTOR ( 'NONE', #1472, 1000.000000000000000 ) ;
#5134 = ORIENTED_EDGE ( 'NONE', *, *, #2591, .T. ) ;
#5135 = ORIENTED_EDGE ( 'NONE', *, *, #1522, .F. ) ;
#5136 = ORIENTED_EDGE ( 'NONE', *, *, #1764, .T. ) ;
#5137 = ADVANCED_FACE ( 'NONE', ( #4198 ), #264, .F. ) ;
#5138 = EDGE_CURVE ( 'NONE', #4740, #5100, #4209, .T. ) ;
#5139 = LINE ( 'NONE', #1096, #1217 ) ;
#5140 = EDGE_CURVE ( 'NONE', #373, #125, #375, .T. ) ;
#5141 = CARTESIAN_POINT ( 'NONE',  ( 4.939999999999999503, 0.6699999999999997069, -0.9549999999999988498 ) ) ;
#5142 = CARTESIAN_POINT ( 'NONE',  ( 1.250000000000001110, 8.300000000000000711, 2.774999999999999467 ) ) ;
#5143 = ORIENTED_EDGE ( 'NONE', *, *, #905, .F. ) ;
#5144 = DIRECTION ( 'NONE',  ( 0.000000000000000000, -1.000000000000000000, 3.614007241618347785E-16 ) ) ;
#5145 = VERTEX_POINT ( 'NONE', #3935 ) ;
#5146 = EDGE_CURVE ( 'NONE', #5180, #5315, #4389, .T. ) ;
#5147 = ORIENTED_EDGE ( 'NONE', *, *, #4091, .T. ) ;
#5148 = CARTESIAN_POINT ( 'NONE',  ( 0.000000000000000000, 0.000000000000000000, 2.024999999999999023 ) ) ;
#5149 = AXIS2_PLACEMENT_3D ( 'NONE', #1461, #354, #1860 ) ;
#5150 = FACE_OUTER_BOUND ( 'NONE', #4781, .T. ) ;
#5151 = LINE ( 'NONE', #5694, #3100 ) ;
#5152 = ORIENTED_EDGE ( 'NONE', *, *, #1043, .T. ) ;
#5153 = PLANE ( 'NONE',  #3647 ) ;
#5154 = ORIENTED_EDGE ( 'NONE', *, *, #5598, .T. ) ;
#5155 = ORIENTED_EDGE ( 'NONE', *, *, #3908, .T. ) ;
#5156 = CARTESIAN_POINT ( 'NONE',  ( -3.320000000000000728, 0.000000000000000000, 0.000000000000000000 ) ) ;
#5157 = EDGE_CURVE ( 'NONE', #4179, #1923, #270, .T. ) ;
#5158 = DIRECTION ( 'NONE',  ( -0.6092076990801726932, 0.5076730825668074321, -0.6092076990801719161 ) ) ;
#5159 = VERTEX_POINT ( 'NONE', #219 ) ;
#5160 = AXIS2_PLACEMENT_3D ( 'NONE', #5467, #1352, #4986 ) ;
#5161 = DIRECTION ( 'NONE',  ( 0.000000000000000000, -0.000000000000000000, 1.000000000000000000 ) ) ;
#5162 = CARTESIAN_POINT ( 'NONE',  ( -0.3200000000000008393, -2.579999999999992966, -0.005000000000001723552 ) ) ;
#5163 = DIRECTION ( 'NONE',  ( 0.000000000000000000, -2.744815626545581052E-16, 1.000000000000000000 ) ) ;
#5164 = VECTOR ( 'NONE', #1193, 1000.000000000000000 ) ;
#5165 = ORIENTED_EDGE ( 'NONE', *, *, #1439, .F. ) ;
#5166 = VECTOR ( 'NONE', #1358, 1000.000000000000000 ) ;
#5167 = EDGE_LOOP ( 'NONE', ( #15, #3361, #1259, #3446 ) ) ;
#5168 = AXIS2_PLACEMENT_3D ( 'NONE', #4996, #4505, #5444 ) ;
#5169 = VERTEX_POINT ( 'NONE', #1211 ) ;
#5170 = FILL_AREA_STYLE_COLOUR ( '', #980 ) ;
#5171 = DIRECTION ( 'NONE',  ( 1.000000000000000000, -0.000000000000000000, 0.000000000000000000 ) ) ;
#5172 = DIRECTION ( 'NONE',  ( -1.000000000000000000, 0.000000000000000000, 0.000000000000000000 ) ) ;
#5173 = CIRCLE ( 'NONE', #4834, 0.5000000000000004441 ) ;
#5174 = CARTESIAN_POINT ( 'NONE',  ( -6.325000000000001066, 0.6699999999999997069, 1.585000000000006626 ) ) ;
#5175 = VECTOR ( 'NONE', #1448, 1000.000000000000114 ) ;
#5176 = VERTEX_POINT ( 'NONE', #2521 ) ;
#5177 = ADVANCED_FACE ( 'NONE', ( #2402 ), #3098, .F. ) ;
#5178 = ORIENTED_EDGE ( 'NONE', *, *, #2553, .F. ) ;
#5179 = EDGE_LOOP ( 'NONE', ( #3885, #3799, #3883, #5043 ) ) ;
#5180 = VERTEX_POINT ( 'NONE', #4430 ) ;
#5181 = VECTOR ( 'NONE', #3483, 1000.000000000000000 ) ;
#5182 = ORIENTED_EDGE ( 'NONE', *, *, #2576, .T. ) ;
#5183 = PRESENTATION_LAYER_ASSIGNMENT (  '', '', ( #3375 ) ) ;
#5184 = DIRECTION ( 'NONE',  ( 0.000000000000000000, 0.000000000000000000, -1.000000000000000000 ) ) ;
#5185 = VECTOR ( 'NONE', #5806, 1000.000000000000000 ) ;
#5186 = ORIENTED_EDGE ( 'NONE', *, *, #3387, .F. ) ;
#5187 = CARTESIAN_POINT ( 'NONE',  ( -6.325000000000001954, 1.269999999999999796, -0.5599999999999936140 ) ) ;
#5188 = LINE ( 'NONE', #2359, #1323 ) ;
#5189 = DIRECTION ( 'NONE',  ( -0.3015113445777613532, -0.9045340337332925529, 0.3015113445777610757 ) ) ;
#5190 = VERTEX_POINT ( 'NONE', #5776 ) ;
#5191 = ORIENTED_EDGE ( 'NONE', *, *, #2384, .F. ) ;
#5192 = VERTEX_POINT ( 'NONE', #814 ) ;
#5193 = ADVANCED_FACE ( 'NONE', ( #435 ), #1849, .F. ) ;
#5194 = ORIENTED_EDGE ( 'NONE', *, *, #158, .T. ) ;
#5195 = FACE_OUTER_BOUND ( 'NONE', #1502, .T. ) ;
#5196 = LINE ( 'NONE', #4690, #1440 ) ;
#5197 = ORIENTED_EDGE ( 'NONE', *, *, #2022, .T. ) ;
#5198 = EDGE_CURVE ( 'NONE', #2777, #4372, #2233, .T. ) ;
#5199 = ORIENTED_EDGE ( 'NONE', *, *, #753, .T. ) ;
#5200 = DIRECTION ( 'NONE',  ( 1.000000000000000000, -0.000000000000000000, -4.494102269369968727E-16 ) ) ;
#5201 = EDGE_LOOP ( 'NONE', ( #3623, #3766, #5208, #467 ) ) ;
#5202 = LINE ( 'NONE', #2434, #3241 ) ;
#5203 = CARTESIAN_POINT ( 'NONE',  ( -2.680000000000001048, -2.579999999999992966, -0.005000000000002567495 ) ) ;
#5204 = CARTESIAN_POINT ( 'NONE',  ( -1.300000000000000044, 7.400000000000000355, -2.085000000000000853 ) ) ;
#5205 = FACE_OUTER_BOUND ( 'NONE', #2033, .T. ) ;
#5206 = ORIENTED_EDGE ( 'NONE', *, *, #2320, .T. ) ;
#5207 = AXIS2_PLACEMENT_3D ( 'NONE', #462, #987, #1486 ) ;
#5208 = ORIENTED_EDGE ( 'NONE', *, *, #1825, .T. ) ;
#5209 = DIRECTION ( 'NONE',  ( 0.000000000000000000, -1.000000000000000000, 0.000000000000000000 ) ) ;
#5210 = VERTEX_POINT ( 'NONE', #990 ) ;
#5211 = VECTOR ( 'NONE', #3729, 1000.000000000000000 ) ;
#5212 = SURFACE_SIDE_STYLE ('',( #3037 ) ) ;
#5213 = ORIENTED_EDGE ( 'NONE', *, *, #5579, .F. ) ;
#5214 = DIRECTION ( 'NONE',  ( 4.494102269369968727E-16, 3.614007241618348278E-16, 1.000000000000000000 ) ) ;
#5215 = DIRECTION ( 'NONE',  ( -1.000000000000000000, -0.000000000000000000, -0.000000000000000000 ) ) ;
#5216 = DIRECTION ( 'NONE',  ( -0.000000000000000000, 1.000000000000000000, -0.000000000000000000 ) ) ;
#5217 = EDGE_CURVE ( 'NONE', #2701, #1101, #2243, .T. ) ;
#5218 = ORIENTED_EDGE ( 'NONE', *, *, #5481, .F. ) ;
#5219 = CARTESIAN_POINT ( 'NONE',  ( -3.320000000000000728, 1.350000000000000089, -1.585000000000000409 ) ) ;
#5220 = ORIENTED_EDGE ( 'NONE', *, *, #5138, .T. ) ;
#5221 = EDGE_CURVE ( 'NONE', #4967, #1856, #278, .T. ) ;
#5222 = VERTEX_POINT ( 'NONE', #2178 ) ;
#5223 = CARTESIAN_POINT ( 'NONE',  ( -6.325000000000001954, 1.269999999999999796, -0.5599999999999936140 ) ) ;
#5224 = EDGE_CURVE ( 'NONE', #5098, #2481, #288, .T. ) ;
#5225 = DIRECTION ( 'NONE',  ( 0.000000000000000000, -1.000000000000000000, -1.618212197739558882E-16 ) ) ;
#5226 = DIRECTION ( 'NONE',  ( 0.000000000000000000, -1.000000000000000000, 0.000000000000000000 ) ) ;
#5227 = DIRECTION ( 'NONE',  ( 0.000000000000000000, 0.000000000000000000, 1.000000000000000000 ) ) ;
#5228 = ADVANCED_FACE ( 'NONE', ( #4260 ), #4355, .T. ) ;
#5229 = CARTESIAN_POINT ( 'NONE',  ( -0.3200000000000008393, 1.349999999999999867, -0.005000000000001014917 ) ) ;
#5230 = VERTEX_POINT ( 'NONE', #3830 ) ;
#5231 = LINE ( 'NONE', #5622, #1309 ) ;
#5232 = EDGE_CURVE ( 'NONE', #4919, #889, #336, .T. ) ;
#5233 = VECTOR ( 'NONE', #5272, 1000.000000000000000 ) ;
#5234 = DIRECTION ( 'NONE',  ( -0.000000000000000000, -0.000000000000000000, 1.000000000000000000 ) ) ;
#5235 = LINE ( 'NONE', #3344, #5133 ) ;
#5236 = EDGE_LOOP ( 'NONE', ( #5880, #5349, #2094, #3722 ) ) ;
#5237 = ORIENTED_EDGE ( 'NONE', *, *, #3171, .F. ) ;
#5238 = DIRECTION ( 'NONE',  ( -0.000000000000000000, 1.000000000000000000, 1.801998070613027504E-16 ) ) ;
#5239 = ADVANCED_FACE ( 'NONE', ( #2316 ), #2008, .F. ) ;
#5240 = CARTESIAN_POINT ( 'NONE',  ( -3.320000000000000728, -2.579999999999992966, 0.6349999999999983435 ) ) ;
#5241 = ORIENTED_EDGE ( 'NONE', *, *, #3238, .F. ) ;
#5242 = CARTESIAN_POINT ( 'NONE',  ( 4.269999999999999574, 9.900000000000000355, -0.9550000000000007372 ) ) ;
#5243 = VECTOR ( 'NONE', #1143, 1000.000000000000000 ) ;
#5244 = DIRECTION ( 'NONE',  ( 0.9486832980505147672, 0.3162277660168352766, -0.000000000000000000 ) ) ;
#5245 = PLANE ( 'NONE',  #4871 ) ;
#5246 = PRESENTATION_STYLE_ASSIGNMENT (( #5068 ) ) ;
#5247 = VECTOR ( 'NONE', #5108, 1000.000000000000000 ) ;
#5248 = ORIENTED_EDGE ( 'NONE', *, *, #1069, .F. ) ;
#5249 = VECTOR ( 'NONE', #1341, 1000.000000000000000 ) ;
#5250 = DIRECTION ( 'NONE',  ( -0.000000000000000000, 1.000000000000000000, 1.344746880602175966E-16 ) ) ;
#5251 = SURFACE_STYLE_USAGE ( .BOTH. , #2790 ) ;
#5252 = CARTESIAN_POINT ( 'NONE',  ( 0.3199999999999991185, -7.265096679918780609, 0.6349999999999974554 ) ) ;
#5253 = DIRECTION ( 'NONE',  ( -0.000000000000000000, 1.000000000000000000, 1.801998070613027504E-16 ) ) ;
#5254 = CARTESIAN_POINT ( 'NONE',  ( -6.325000000000001954, 1.269999999999999796, -0.5599999999999936140 ) ) ;
#5255 = VECTOR ( 'NONE', #5599, 1000.000000000000114 ) ;
#5256 = DIRECTION ( 'NONE',  ( -1.000000000000000000, 0.000000000000000000, 0.000000000000000000 ) ) ;
#5257 = LINE ( 'NONE', #3927, #5064 ) ;
#5258 = ORIENTED_EDGE ( 'NONE', *, *, #98, .T. ) ;
#5259 = LINE ( 'NONE', #2092, #1226 ) ;
#5260 = EDGE_LOOP ( 'NONE', ( #951, #4886, #2850, #3011 ) ) ;
#5261 = PLANE ( 'NONE',  #835 ) ;
#5262 = CARTESIAN_POINT ( 'NONE',  ( -2.680000000000001048, -2.579999999999992966, -0.005000000000002567495 ) ) ;
#5263 = CARTESIAN_POINT ( 'NONE',  ( -1.730000000000000870, 3.300000000000000711, 1.584999999999999076 ) ) ;
#5264 = CARTESIAN_POINT ( 'NONE',  ( -6.325000000000001066, 0.6699999999999998179, 1.190000000000006608 ) ) ;
#5265 = ORIENTED_EDGE ( 'NONE', *, *, #1663, .F. ) ;
#5266 = ORIENTED_EDGE ( 'NONE', *, *, #1990, .T. ) ;
#5267 = DIRECTION ( 'NONE',  ( 0.000000000000000000, 0.000000000000000000, -1.000000000000000000 ) ) ;
#5268 = VECTOR ( 'NONE', #1635, 1000.000000000000000 ) ;
#5269 = ADVANCED_FACE ( 'NONE', ( #2353 ), #4272, .F. ) ;
#5270 = CARTESIAN_POINT ( 'NONE',  ( -3.320000000000000728, 1.350000000000000089, -1.585000000000000409 ) ) ;
#5271 = EDGE_CURVE ( 'NONE', #5044, #2820, #4344, .T. ) ;
#5272 = DIRECTION ( 'NONE',  ( 0.000000000000000000, -2.995465716473998555E-16, -1.000000000000000000 ) ) ;
#5273 = ORIENTED_EDGE ( 'NONE', *, *, #5579, .T. ) ;
#5274 = CARTESIAN_POINT ( 'NONE',  ( 3.319999999999998952, 1.349999999999999645, 0.6349999999999990097 ) ) ;
#5275 = LINE ( 'NONE', #912, #1350 ) ;
#5276 = CARTESIAN_POINT ( 'NONE',  ( 5.974999999999999645, -1.449999999999999956, 1.884999999999999787 ) ) ;
#5277 = DIRECTION ( 'NONE',  ( 1.233548213626064722E-31, 1.000000000000000000, 2.744815626545581052E-16 ) ) ;
#5278 = AXIS2_PLACEMENT_3D ( 'NONE', #1189, #1938, #2846 ) ;
#5279 = LINE ( 'NONE', #300, #5289 ) ;
#5280 = ORIENTED_EDGE ( 'NONE', *, *, #1015, .F. ) ;
#5281 = EDGE_CURVE ( 'NONE', #5483, #4507, #2325, .T. ) ;
#5282 = ADVANCED_FACE ( 'NONE', ( #352 ), #1684, .F. ) ;
#5283 = ORIENTED_EDGE ( 'NONE', *, *, #1660, .F. ) ;
#5284 = EDGE_CURVE ( 'NONE', #1213, #3995, #4334, .T. ) ;
#5285 = LINE ( 'NONE', #5456, #1279 ) ;
#5286 = VECTOR ( 'NONE', #549, 1000.000000000000000 ) ;
#5287 = DIRECTION ( 'NONE',  ( -0.9486832980505147672, 0.3162277660168352766, 0.000000000000000000 ) ) ;
#5288 = EDGE_CURVE ( 'NONE', #5651, #5309, #4376, .T. ) ;
#5289 = VECTOR ( 'NONE', #1952, 1000.000000000000000 ) ;
#5290 = DIRECTION ( 'NONE',  ( 0.000000000000000000, -2.995465716473998555E-16, -1.000000000000000000 ) ) ;
#5291 = EDGE_CURVE ( 'NONE', #2551, #3105, #4533, .T. ) ;
#5292 = ORIENTED_EDGE ( 'NONE', *, *, #4457, .F. ) ;
#5293 = ORIENTED_EDGE ( 'NONE', *, *, #5495, .F. ) ;
#5294 = LINE ( 'NONE', #5485, #3326 ) ;
#5295 = DIRECTION ( 'NONE',  ( -1.000000000000000000, 0.000000000000000000, 0.000000000000000000 ) ) ;
#5296 = DIRECTION ( 'NONE',  ( 4.336808689942018229E-16, 0.000000000000000000, 1.000000000000000000 ) ) ;
#5297 = CARTESIAN_POINT ( 'NONE',  ( 3.319999999999998952, 0.000000000000000000, 0.000000000000000000 ) ) ;
#5298 = FACE_OUTER_BOUND ( 'NONE', #2389, .T. ) ;
#5299 = DIRECTION ( 'NONE',  ( 0.000000000000000000, 1.000000000000000000, -3.236424395479117765E-16 ) ) ;
#5300 = AXIS2_PLACEMENT_3D ( 'NONE', #3701, #4175, #1907 ) ;
#5301 = CARTESIAN_POINT ( 'NONE',  ( -5.389999999999999680, 0.6699999999999997069, 1.585000000000006626 ) ) ;
#5302 = DIRECTION ( 'NONE',  ( -0.000000000000000000, 1.000000000000000000, -0.000000000000000000 ) ) ;
#5303 = VERTEX_POINT ( 'NONE', #1303 ) ;
#5304 = EDGE_CURVE ( 'NONE', #1325, #1268, #4448, .T. ) ;
#5305 = VECTOR ( 'NONE', #888, 1000.000000000000000 ) ;
#5306 = FACE_OUTER_BOUND ( 'NONE', #2162, .T. ) ;
#5307 = CARTESIAN_POINT ( 'NONE',  ( -4.925000000000000711, 9.900000000000000355, 1.106672683832354716E-15 ) ) ;
#5308 = CARTESIAN_POINT ( 'NONE',  ( -3.120000000000000551, -3.180000000000000160, 0.1949999999999985911 ) ) ;
#5309 = VERTEX_POINT ( 'NONE', #3947 ) ;
#5310 = CARTESIAN_POINT ( 'NONE',  ( 5.389999999999999680, 1.850000000000000089, 2.784999999999999698 ) ) ;
#5311 = CARTESIAN_POINT ( 'NONE',  ( 2.679999999999999272, 0.6699999999999998179, -0.5599999999999943912 ) ) ;
#5312 = DIRECTION ( 'NONE',  ( 2.247051134684983870E-16, 2.744815626545581052E-16, -1.000000000000000000 ) ) ;
#5313 = LINE ( 'NONE', #2218, #1391 ) ;
#5314 = ADVANCED_FACE ( 'NONE', ( #4399 ), #4830, .T. ) ;
#5315 = VERTEX_POINT ( 'NONE', #1616 ) ;
#5316 = DIRECTION ( 'NONE',  ( -0.3015113445777613532, 0.9045340337332925529, 0.3015113445777610757 ) ) ;
#5317 = VERTEX_POINT ( 'NONE', #4353 ) ;
#5318 = DIRECTION ( 'NONE',  ( 0.000000000000000000, 1.000000000000000000, -3.212450881438528789E-16 ) ) ;
#5319 = DIRECTION ( 'NONE',  ( 1.000000000000000000, -0.000000000000000000, -4.494102269369968727E-16 ) ) ;
#5320 = CARTESIAN_POINT ( 'NONE',  ( 0.000000000000000000, 3.300000000000000711, 0.000000000000000000 ) ) ;
#5321 = FACE_OUTER_BOUND ( 'NONE', #5201, .T. ) ;
#5322 = EDGE_CURVE ( 'NONE', #2312, #1393, #603, .T. ) ;
#5323 = DIRECTION ( 'NONE',  ( 1.000000000000000000, -0.000000000000000000, -4.494102269369968727E-16 ) ) ;
#5324 = ORIENTED_EDGE ( 'NONE', *, *, #719, .F. ) ;
#5325 = CARTESIAN_POINT ( 'NONE',  ( 4.925000000000000711, 9.900000000000000355, -0.9550000000000007372 ) ) ;
#5326 = CARTESIAN_POINT ( 'NONE',  ( -6.325000000000001066, 0.6699999999999997069, 1.585000000000006626 ) ) ;
#5327 = DIRECTION ( 'NONE',  ( 0.000000000000000000, 0.000000000000000000, 1.000000000000000000 ) ) ;
#5328 = LINE ( 'NONE', #1536, #5268 ) ;
#5329 = CARTESIAN_POINT ( 'NONE',  ( 6.325000000000001066, -1.200000000000001510, 1.884999999999999787 ) ) ;
#5330 = CARTESIAN_POINT ( 'NONE',  ( -2.250000000000001332, 8.300000000000000711, 2.774999999999999467 ) ) ;
#5331 = CARTESIAN_POINT ( 'NONE',  ( 1.300000000000000044, 7.400000000000000355, -2.785000000000001030 ) ) ;
#5332 = CARTESIAN_POINT ( 'NONE',  ( -4.939999999999999503, 1.269999999999999796, -0.5599999999999942801 ) ) ;
#5333 = ORIENTED_EDGE ( 'NONE', *, *, #2719, .F. ) ;
#5334 = EDGE_CURVE ( 'NONE', #4957, #3354, #508, .T. ) ;
#5335 = LINE ( 'NONE', #19, #1331 ) ;
#5336 = DIRECTION ( 'NONE',  ( 0.6092076990801710279, -0.5076730825668087643, -0.6092076990801724712 ) ) ;
#5337 = EDGE_CURVE ( 'NONE', #373, #4753, #2499, .T. ) ;
#5338 = CARTESIAN_POINT ( 'NONE',  ( -6.325000000000001954, 1.269999999999999796, -0.5599999999999936140 ) ) ;
#5339 = ORIENTED_EDGE ( 'NONE', *, *, #2819, .T. ) ;
#5340 = CARTESIAN_POINT ( 'NONE',  ( -1.250000000000001110, 1.849999999999999201, 2.274999999999999467 ) ) ;
#5341 = LINE ( 'NONE', #2765, #4086 ) ;
#5342 = PLANE ( 'NONE',  #4010 ) ;
#5343 = LINE ( 'NONE', #5536, #5375 ) ;
#5344 = EDGE_CURVE ( 'NONE', #2200, #866, #594, .T. ) ;
#5345 = LINE ( 'NONE', #2519, #1378 ) ;
#5346 = AXIS2_PLACEMENT_3D ( 'NONE', #5023, #4090, #1794 ) ;
#5347 = ORIENTED_EDGE ( 'NONE', *, *, #2384, .T. ) ;
#5348 = PLANE ( 'NONE',  #5780 ) ;
#5349 = ORIENTED_EDGE ( 'NONE', *, *, #2998, .T. ) ;
#5350 = CARTESIAN_POINT ( 'NONE',  ( -6.325000000000001954, 0.6699999999999998179, -0.5599999999999937250 ) ) ;
#5351 = VECTOR ( 'NONE', #5551, 1000.000000000000000 ) ;
#5352 = DIRECTION ( 'NONE',  ( 1.000000000000000000, -0.000000000000000000, -4.494102269369968727E-16 ) ) ;
#5353 = CARTESIAN_POINT ( 'NONE',  ( 0.1199999999999985800, 7.500000000000001776, 0.000000000000000000 ) ) ;
#5354 = CARTESIAN_POINT ( 'NONE',  ( 0.3199999999999991185, -2.579999999999992966, 0.6349999999999983435 ) ) ;
#5355 = AXIS2_PLACEMENT_3D ( 'NONE', #4190, #2005, #1963 ) ;
#5356 = DIRECTION ( 'NONE',  ( 0.000000000000000000, 1.000000000000000000, 0.000000000000000000 ) ) ;
#5357 = CARTESIAN_POINT ( 'NONE',  ( -6.325000000000000178, 0.000000000000000000, -0.9549999999999938538 ) ) ;
#5358 = DIRECTION ( 'NONE',  ( -0.000000000000000000, 1.000000000000000000, 1.618212197739558882E-16 ) ) ;
#5359 = EDGE_CURVE ( 'NONE', #777, #1315, #4463, .T. ) ;
#5360 = LINE ( 'NONE', #5701, #3332 ) ;
#5361 = ADVANCED_FACE ( 'NONE', ( #447 ), #5751, .F. ) ;
#5362 = ORIENTED_EDGE ( 'NONE', *, *, #2747, .T. ) ;
#5363 = ORIENTED_EDGE ( 'NONE', *, *, #832, .T. ) ;
#5364 = SHAPE_DEFINITION_REPRESENTATION ( #3737, #1036 ) ;
#5365 = CARTESIAN_POINT ( 'NONE',  ( -5.389999999999997904, 1.850000000000000089, 2.785000000000001030 ) ) ;
#5366 = MECHANICAL_DESIGN_GEOMETRIC_PRESENTATION_REPRESENTATION (  '', ( #5002 ), #5729 ) ;
#5367 = CARTESIAN_POINT ( 'NONE',  ( -2.680000000000001048, 0.000000000000000000, 2.024999999999999023 ) ) ;
#5368 = VECTOR ( 'NONE', #2031, 1000.000000000000000 ) ;
#5369 = DIRECTION ( 'NONE',  ( -1.000000000000000000, 0.000000000000000000, 0.000000000000000000 ) ) ;
#5370 = EDGE_CURVE ( 'NONE', #772, #3585, #4474, .T. ) ;
#5371 = CARTESIAN_POINT ( 'NONE',  ( -5.674999999999999822, -1.199999999999996181, 1.884999999999999787 ) ) ;
#5372 = DIRECTION ( 'NONE',  ( 1.000000000000000000, -0.000000000000000000, 0.000000000000000000 ) ) ;
#5373 = DIRECTION ( 'NONE',  ( -0.000000000000000000, -0.000000000000000000, 1.000000000000000000 ) ) ;
#5374 = ORIENTED_EDGE ( 'NONE', *, *, #5730, .T. ) ;
#5375 = VECTOR ( 'NONE', #2711, 1000.000000000000000 ) ;
#5376 = FACE_OUTER_BOUND ( 'NONE', #5066, .T. ) ;
#5377 = DIRECTION ( 'NONE',  ( 1.000000000000000000, -0.000000000000000000, -4.494102269369968727E-16 ) ) ;
#5378 = CARTESIAN_POINT ( 'NONE',  ( 0.000000000000000000, 0.000000000000000000, 0.000000000000000000 ) ) ;
#5379 = ORIENTED_EDGE ( 'NONE', *, *, #5140, .F. ) ;
#5380 = CARTESIAN_POINT ( 'NONE',  ( -6.325000000000001954, 0.6699999999999997069, -0.9549999999999937428 ) ) ;
#5381 = DIRECTION ( 'NONE',  ( 0.000000000000000000, -2.744815626545581052E-16, -1.000000000000000000 ) ) ;
#5382 = ORIENTED_EDGE ( 'NONE', *, *, #1415, .T. ) ;
#5383 = EDGE_CURVE ( 'NONE', #441, #1856, #2559, .T. ) ;
#5384 = CARTESIAN_POINT ( 'NONE',  ( 0.3199999999999991185, 1.349999999999999645, 0.6349999999999990097 ) ) ;
#5385 = DIRECTION ( 'NONE',  ( 0.7071067811865454633, 0.7071067811865495711, -0.000000000000000000 ) ) ;
#5386 = CARTESIAN_POINT ( 'NONE',  ( -2.680000000000001048, 0.6699999999999998179, -0.5599999999999937250 ) ) ;
#5387 = COLOUR_RGB ( '',0.7921568627450980005, 0.8196078431372548767, 0.9333333333333333481 ) ;
#5388 = DIRECTION ( 'NONE',  ( 0.000000000000000000, 1.000000000000000000, 0.000000000000000000 ) ) ;
#5389 = EDGE_LOOP ( 'NONE', ( #2748, #1934, #2670, #5147 ) ) ;
#5390 = AXIS2_PLACEMENT_3D ( 'NONE', #910, #202, #5227 ) ;
#5391 = EDGE_CURVE ( 'NONE', #2867, #4752, #4502, .T. ) ;
#5392 = LINE ( 'NONE', #1806, #1416 ) ;
#5393 = CARTESIAN_POINT ( 'NONE',  ( 1.300000000000000044, 7.400000000000000355, -2.785000000000001030 ) ) ;
#5394 = DIRECTION ( 'NONE',  ( 1.000000000000000000, 0.000000000000000000, 0.000000000000000000 ) ) ;
#5395 = DIRECTION ( 'NONE',  ( 0.000000000000000000, 0.000000000000000000, 1.000000000000000000 ) ) ;
#5396 = DIRECTION ( 'NONE',  ( -1.000000000000000000, 0.000000000000000000, 0.000000000000000000 ) ) ;
#5397 = DIRECTION ( 'NONE',  ( 0.000000000000000000, -1.000000000000000000, -1.618212197739558882E-16 ) ) ;
#5398 = EDGE_LOOP ( 'NONE', ( #1838, #1634, #495, #3523 ) ) ;
#5399 = SURFACE_STYLE_FILL_AREA ( #1170 ) ;
#5400 = DIRECTION ( 'NONE',  ( -0.000000000000000000, -0.000000000000000000, 1.000000000000000000 ) ) ;
#5401 = DIRECTION ( 'NONE',  ( -3.969618938162030311E-16, 0.000000000000000000, -1.000000000000000000 ) ) ;
#5402 = FACE_OUTER_BOUND ( 'NONE', #2890, .T. ) ;
#5403 = CARTESIAN_POINT ( 'NONE',  ( 4.925000000000000711, 8.499999999999992895, -0.9550000000000007372 ) ) ;
#5404 = ADVANCED_FACE ( 'NONE', ( #471 ), #2191, .F. ) ;
#5405 = PLANE ( 'NONE',  #998 ) ;
#5406 = CARTESIAN_POINT ( 'NONE',  ( 3.000000000000000000, -3.180000000000000160, 0.000000000000000000 ) ) ;
#5407 = ORIENTED_EDGE ( 'NONE', *, *, #806, .T. ) ;
#5408 = EDGE_CURVE ( 'NONE', #1787, #276, #4573, .T. ) ;
#5409 = EDGE_CURVE ( 'NONE', #1761, #688, #517, .T. ) ;
#5410 = VECTOR ( 'NONE', #3793, 1000.000000000000000 ) ;
#5411 = CARTESIAN_POINT ( 'NONE',  ( -6.325000000000000178, 0.000000000000000000, -1.584999999999999964 ) ) ;
#5412 = DIRECTION ( 'NONE',  ( 0.000000000000000000, 1.000000000000000000, -3.614007241618348771E-16 ) ) ;
#5413 = CARTESIAN_POINT ( 'NONE',  ( -6.325000000000001066, 1.269999999999999796, 1.190000000000006386 ) ) ;
#5414 = EDGE_CURVE ( 'NONE', #3150, #377, #2514, .T. ) ;
#5415 = CARTESIAN_POINT ( 'NONE',  ( 2.679999999999999272, 1.349999999999999645, 0.6349999999999990097 ) ) ;
#5416 = VERTEX_POINT ( 'NONE', #1330 ) ;
#5417 = EDGE_CURVE ( 'NONE', #2937, #1694, #2435, .T. ) ;
#5418 = FACE_OUTER_BOUND ( 'NONE', #5580, .T. ) ;
#5419 = AXIS2_PLACEMENT_3D ( 'NONE', #421, #895, #2219 ) ;
#5420 = ORIENTED_EDGE ( 'NONE', *, *, #5004, .F. ) ;
#5421 = AXIS2_PLACEMENT_3D ( 'NONE', #3127, #2548, #3526 ) ;
#5422 = CARTESIAN_POINT ( 'NONE',  ( -0.2618181818181833931, -2.754545454545446415, 0.5768181818181810083 ) ) ;
#5423 = VERTEX_POINT ( 'NONE', #3189 ) ;
#5424 = EDGE_CURVE ( 'NONE', #1731, #4179, #2550, .T. ) ;
#5425 = CARTESIAN_POINT ( 'NONE',  ( 4.925000000000000711, 9.900000000000000355, -1.585000000000000409 ) ) ;
#5426 = CARTESIAN_POINT ( 'NONE',  ( -6.325000000000001066, -3.252606517456513302E-16, 1.585000000000006848 ) ) ;
#5427 = DIRECTION ( 'NONE',  ( 0.3015113445777613532, 0.9045340337332925529, 0.3015113445777610757 ) ) ;
#5428 = CARTESIAN_POINT ( 'NONE',  ( -3.320000000000000728, 1.349999999999999423, 2.024999999999999023 ) ) ;
#5429 = LINE ( 'NONE', #5895, #1498 ) ;
#5430 = CARTESIAN_POINT ( 'NONE',  ( -0.3200000000000008393, 3.300000000000000711, 0.6349999999999992317 ) ) ;
#5431 = ORIENTED_EDGE ( 'NONE', *, *, #2918, .T. ) ;
#5432 = AXIS2_PLACEMENT_3D ( 'NONE', #2326, #4892, #3525 ) ;
#5433 = LINE ( 'NONE', #4467, #5286 ) ;
#5434 = CARTESIAN_POINT ( 'NONE',  ( 4.925000000000000711, 9.900000000000000355, -0.9550000000000007372 ) ) ;
#5435 = PLANE ( 'NONE',  #1086 ) ;
#5436 = ORIENTED_EDGE ( 'NONE', *, *, #901, .T. ) ;
#5437 = ORIENTED_EDGE ( 'NONE', *, *, #3561, .F. ) ;
#5438 = VECTOR ( 'NONE', #477, 1000.000000000000000 ) ;
#5439 = ADVANCED_FACE ( 'NONE', ( #4421 ), #349, .F. ) ;
#5440 = LINE ( 'NONE', #4063, #1591 ) ;
#5441 = EDGE_CURVE ( 'NONE', #3365, #647, #2483, .T. ) ;
#5442 = ADVANCED_FACE ( 'NONE', ( #641 ), #2752, .F. ) ;
#5443 = CARTESIAN_POINT ( 'NONE',  ( -0.3200000000000008393, 0.6699999999999998179, 1.190000000000003944 ) ) ;
#5444 = DIRECTION ( 'NONE',  ( 1.000000000000000000, -0.000000000000000000, 0.000000000000000000 ) ) ;
#5445 = CARTESIAN_POINT ( 'NONE',  ( -6.325000000000001954, 1.269999999999999796, -0.5599999999999936140 ) ) ;
#5446 = ORIENTED_EDGE ( 'NONE', *, *, #2318, .F. ) ;
#5447 = DIRECTION ( 'NONE',  ( -2.247051134684983870E-16, 0.000000000000000000, 1.000000000000000000 ) ) ;
#5448 = CARTESIAN_POINT ( 'NONE',  ( -5.674999999999999822, -1.199999999999996181, 2.785000000000001030 ) ) ;
#5449 = DIRECTION ( 'NONE',  ( 1.000000000000000000, -0.000000000000000000, -1.707404996040164018E-16 ) ) ;
#5450 = VECTOR ( 'NONE', #5476, 1000.000000000000000 ) ;
#5451 = ADVANCED_FACE ( 'NONE', ( #2508 ), #4998, .T. ) ;
#5452 = VERTEX_POINT ( 'NONE', #385 ) ;
#5453 = DIRECTION ( 'NONE',  ( -0.000000000000000000, -1.000000000000000000, -0.000000000000000000 ) ) ;
#5454 = DIRECTION ( 'NONE',  ( -4.494102269369968727E-16, 1.618212197739558636E-16, -1.000000000000000000 ) ) ;
#5455 = CARTESIAN_POINT ( 'NONE',  ( -1.730000000000000870, 3.300000000000000711, -0.9550000000000007372 ) ) ;
#5456 = CARTESIAN_POINT ( 'NONE',  ( -2.250000000000001332, 8.300000000000000711, 2.274999999999999467 ) ) ;
#5457 = VECTOR ( 'NONE', #5572, 1000.000000000000000 ) ;
#5458 = AXIS2_PLACEMENT_3D ( 'NONE', #5310, #1704, #737 ) ;
#5459 = ORIENTED_EDGE ( 'NONE', *, *, #4465, .T. ) ;
#5460 = CARTESIAN_POINT ( 'NONE',  ( 5.389999999999999680, 1.850000000000000089, 2.784999999999999698 ) ) ;
#5461 = CARTESIAN_POINT ( 'NONE',  ( 2.679999999999998384, 0.6699999999999998179, 1.190000000000002389 ) ) ;
#5462 = LINE ( 'NONE', #460, #3429 ) ;
#5463 = CARTESIAN_POINT ( 'NONE',  ( 6.325000000000001066, 0.000000000000000000, 1.884999999999999787 ) ) ;
#5464 = EDGE_CURVE ( 'NONE', #1650, #619, #4545, .T. ) ;
#5465 = FILL_AREA_STYLE ('',( #1475 ) ) ;
#5466 = DIRECTION ( 'NONE',  ( 0.000000000000000000, 1.000000000000000000, 0.000000000000000000 ) ) ;
#5467 = CARTESIAN_POINT ( 'NONE',  ( -6.325000000000001066, 1.269999999999999796, 1.190000000000006386 ) ) ;
#5468 = ORIENTED_EDGE ( 'NONE', *, *, #1165, .F. ) ;
#5469 = EDGE_CURVE ( 'NONE', #5844, #2444, #4432, .T. ) ;
#5470 = ORIENTED_EDGE ( 'NONE', *, *, #2240, .T. ) ;
#5471 = ADVANCED_FACE ( 'NONE', ( #611 ), #856, .F. ) ;
#5472 = EDGE_CURVE ( 'NONE', #3066, #1151, #4409, .T. ) ;
#5473 = LINE ( 'NONE', #1743, #5450 ) ;
#5474 = CARTESIAN_POINT ( 'NONE',  ( -2.680000000000001048, 3.300000000000000711, -0.005000000000000663636 ) ) ;
#5475 = DIRECTION ( 'NONE',  ( 0.000000000000000000, 1.000000000000000000, 0.000000000000000000 ) ) ;
#5476 = DIRECTION ( 'NONE',  ( 1.000000000000000000, -0.000000000000000000, -4.494102269369968727E-16 ) ) ;
#5477 = ORIENTED_EDGE ( 'NONE', *, *, #212, .T. ) ;
#5478 = ORIENTED_EDGE ( 'NONE', *, *, #2179, .F. ) ;
#5479 = VECTOR ( 'NONE', #5499, 1000.000000000000000 ) ;
#5480 = ADVANCED_FACE ( 'NONE', ( #4583 ), #3538, .F. ) ;
#5481 = EDGE_CURVE ( 'NONE', #3352, #5698, #2526, .T. ) ;
#5482 = ORIENTED_EDGE ( 'NONE', *, *, #4159, .T. ) ;
#5483 = VERTEX_POINT ( 'NONE', #2679 ) ;
#5484 = CARTESIAN_POINT ( 'NONE',  ( -3.320000000000000728, -2.579999999999992966, -0.005000000000001723552 ) ) ;
#5485 = CARTESIAN_POINT ( 'NONE',  ( 2.679999999999998384, 0.6699999999999997069, 1.585000000000002407 ) ) ;
#5486 = DIRECTION ( 'NONE',  ( -0.000000000000000000, -0.000000000000000000, 1.000000000000000000 ) ) ;
#5487 = ORIENTED_EDGE ( 'NONE', *, *, #3452, .F. ) ;
#5488 = PLANE ( 'NONE',  #464 ) ;
#5489 = PRESENTATION_STYLE_ASSIGNMENT (( #5251 ) ) ;
#5490 = DIRECTION ( 'NONE',  ( 0.000000000000000000, 3.388131789017201849E-16, -1.000000000000000000 ) ) ;
#5491 = CARTESIAN_POINT ( 'NONE',  ( 2.679999999999999272, 3.300000000000000711, 0.6349999999999992317 ) ) ;
#5492 = CARTESIAN_POINT ( 'NONE',  ( -1.250000000000001110, 1.849999999999999201, 2.774999999999998135 ) ) ;
#5493 = DIRECTION ( 'NONE',  ( -2.247051134684983870E-16, 0.000000000000000000, -1.000000000000000000 ) ) ;
#5494 = EDGE_LOOP ( 'NONE', ( #4975, #350, #2230, #2902 ) ) ;
#5495 = EDGE_CURVE ( 'NONE', #5899, #1083, #457, .T. ) ;
#5496 = VECTOR ( 'NONE', #1329, 1000.000000000000000 ) ;
#5497 = DIRECTION ( 'NONE',  ( -0.000000000000000000, 0.000000000000000000, 1.000000000000000000 ) ) ;
#5498 = DIRECTION ( 'NONE',  ( 0.000000000000000000, -1.000000000000000000, 0.000000000000000000 ) ) ;
#5499 = DIRECTION ( 'NONE',  ( -0.7071067811865454633, 0.7071067811865495711, 0.000000000000000000 ) ) ;
#5500 = ORIENTED_EDGE ( 'NONE', *, *, #4757, .T. ) ;
#5501 = DIRECTION ( 'NONE',  ( 0.000000000000000000, 1.000000000000000000, 0.000000000000000000 ) ) ;
#5502 = DIRECTION ( 'NONE',  ( 1.000000000000000000, 0.000000000000000000, -4.638298064109109804E-16 ) ) ;
#5503 = ADVANCED_FACE ( 'NONE', ( #4484 ), #3608, .F. ) ;
#5504 = LINE ( 'NONE', #3753, #1617 ) ;
#5505 = LINE ( 'NONE', #1530, #5578 ) ;
#5506 = ORIENTED_EDGE ( 'NONE', *, *, #2244, .F. ) ;
#5507 = EDGE_CURVE ( 'NONE', #4926, #3089, #552, .T. ) ;
#5508 = CARTESIAN_POINT ( 'NONE',  ( 1.269999999999999130, 3.300000000000000711, 1.584999999999999076 ) ) ;
#5509 = CARTESIAN_POINT ( 'NONE',  ( -2.680000000000001048, -1.318004915248542039E-16, 1.585000000000004849 ) ) ;
#5510 = CARTESIAN_POINT ( 'NONE',  ( -4.925000000000000711, 9.900000000000000355, -0.9550000000000007372 ) ) ;
#5511 = CARTESIAN_POINT ( 'NONE',  ( 0.6200000000000032152, 3.300000000000000711, 1.584999999999999298 ) ) ;
#5512 = DIRECTION ( 'NONE',  ( 0.000000000000000000, 3.388131789017201849E-16, -1.000000000000000000 ) ) ;
#5513 = LINE ( 'NONE', #2637, #5479 ) ;
#5514 = ADVANCED_FACE ( 'NONE', ( #4513 ), #1177, .F. ) ;
#5515 = DIRECTION ( 'NONE',  ( 0.000000000000000000, -1.000000000000000000, 0.000000000000000000 ) ) ;
#5516 = VERTEX_POINT ( 'NONE', #2007 ) ;
#5517 = EDGE_CURVE ( 'NONE', #1401, #3150, #2579, .T. ) ;
#5518 = EDGE_LOOP ( 'NONE', ( #2809, #1199, #2994, #3223 ) ) ;
#5519 = EDGE_CURVE ( 'NONE', #3955, #3066, #4558, .T. ) ;
#5520 = DIRECTION ( 'NONE',  ( -1.000000000000000000, 0.000000000000000000, -0.000000000000000000 ) ) ;
#5521 = CARTESIAN_POINT ( 'NONE',  ( 1.269999999999999130, 9.900000000000000355, 1.584999999999999076 ) ) ;
#5522 = LINE ( 'NONE', #4776, #3554 ) ;
#5523 = EDGE_CURVE ( 'NONE', #5036, #2555, #5543, .T. ) ;
#5524 = DIRECTION ( 'NONE',  ( 0.000000000000000000, -0.000000000000000000, -1.000000000000000000 ) ) ;
#5525 = EDGE_LOOP ( 'NONE', ( #1720, #3340, #5836, #5182 ) ) ;
#5526 = AXIS2_PLACEMENT_3D ( 'NONE', #1844, #2255, #4626 ) ;
#5527 = CARTESIAN_POINT ( 'NONE',  ( -1.730000000000000870, 9.900000000000000355, -0.9550000000000007372 ) ) ;
#5528 = AXIS2_PLACEMENT_3D ( 'NONE', #5085, #3976, #4468 ) ;
#5529 = CARTESIAN_POINT ( 'NONE',  ( -5.389999999999997904, 1.849999999999999201, 2.024999999999999023 ) ) ;
#5530 = ORIENTED_EDGE ( 'NONE', *, *, #682, .T. ) ;
#5531 = EDGE_CURVE ( 'NONE', #5777, #373, #1752, .T. ) ;
#5532 = ORIENTED_EDGE ( 'NONE', *, *, #4666, .F. ) ;
#5533 = LINE ( 'NONE', #2804, #5351 ) ;
#5534 = VECTOR ( 'NONE', #597, 1000.000000000000000 ) ;
#5535 = VECTOR ( 'NONE', #5816, 1000.000000000000000 ) ;
#5536 = CARTESIAN_POINT ( 'NONE',  ( 0.3199999999999991740, -1.081363123647113125E-15, -1.584999999999999964 ) ) ;
#5537 =( LENGTH_UNIT ( ) NAMED_UNIT ( * ) SI_UNIT ( .MILLI., .METRE. ) );
#5538 = CARTESIAN_POINT ( 'NONE',  ( -1.270000000000001128, 9.900000000000000355, -0.9550000000000004041 ) ) ;
#5539 = ORIENTED_EDGE ( 'NONE', *, *, #5609, .T. ) ;
#5540 = PLANE ( 'NONE',  #890 ) ;
#5541 = CARTESIAN_POINT ( 'NONE',  ( 0.000000000000000000, 7.500000000000001776, 0.1949999999999998679 ) ) ;
#5542 = EDGE_CURVE ( 'NONE', #989, #424, #3725, .T. ) ;
#5543 = LINE ( 'NONE', #3755, #3699 ) ;
#5544 = COLOUR_RGB ( '',0.2509803921568627416, 0.2509803921568627416, 0.2509803921568627416 ) ;
#5545 = EDGE_LOOP ( 'NONE', ( #3556, #3832, #1709, #4278 ) ) ;
#5546 = ORIENTED_EDGE ( 'NONE', *, *, #4373, .T. ) ;
#5547 = CARTESIAN_POINT ( 'NONE',  ( 5.389999999999998792, 0.6699999999999998179, 1.190000000000006608 ) ) ;
#5548 = PLANE ( 'NONE',  #2614 ) ;
#5549 = DIRECTION ( 'NONE',  ( 0.3015113445777613532, -0.9045340337332925529, 0.3015113445777610757 ) ) ;
#5550 = VECTOR ( 'NONE', #5063, 1000.000000000000000 ) ;
#5551 = DIRECTION ( 'NONE',  ( -1.000000000000000000, -0.000000000000000000, -0.000000000000000000 ) ) ;
#5552 = LINE ( 'NONE', #418, #5496 ) ;
#5553 = EDGE_CURVE ( 'NONE', #3778, #2078, #3567, .T. ) ;
#5554 = CARTESIAN_POINT ( 'NONE',  ( 2.679999999999999272, 7.500000000000001776, -0.005000000000000663636 ) ) ;
#5555 = ORIENTED_EDGE ( 'NONE', *, *, #3968, .T. ) ;
#5556 = ADVANCED_FACE ( 'NONE', ( #3733 ), #2378, .F. ) ;
#5557 = SURFACE_SIDE_STYLE ('',( #5118 ) ) ;
#5558 = FACE_OUTER_BOUND ( 'NONE', #2209, .T. ) ;
#5559 = CARTESIAN_POINT ( 'NONE',  ( 0.3199999999999991185, 7.500000000000001776, 0.6349999999999992317 ) ) ;
#5560 = LINE ( 'NONE', #5748, #3735 ) ;
#5561 = CARTESIAN_POINT ( 'NONE',  ( -2.680000000000001048, 0.000000000000000000, 0.000000000000000000 ) ) ;
#5562 = ADVANCED_FACE ( 'NONE', ( #1696 ), #2837, .F. ) ;
#5563 = CARTESIAN_POINT ( 'NONE',  ( -5.389999999999999680, -1.320169249480846743E-15, -1.584999999999999964 ) ) ;
#5564 = EDGE_CURVE ( 'NONE', #2043, #5016, #1671, .T. ) ;
#5565 = PLANE ( 'NONE',  #4207 ) ;
#5566 = ORIENTED_EDGE ( 'NONE', *, *, #232, .T. ) ;
#5567 = LINE ( 'NONE', #3555, #1630 ) ;
#5568 = VECTOR ( 'NONE', #1463, 1000.000000000000000 ) ;
#5569 =( NAMED_UNIT ( * ) PLANE_ANGLE_UNIT ( ) SI_UNIT ( $, .RADIAN. ) );
#5570 = AXIS2_PLACEMENT_3D ( 'NONE', #5723, #5803, #4413 ) ;
#5571 =( NAMED_UNIT ( * ) SI_UNIT ( $, .STERADIAN. ) SOLID_ANGLE_UNIT ( ) );
#5572 = DIRECTION ( 'NONE',  ( 1.000000000000000000, 0.000000000000000000, 0.000000000000000000 ) ) ;
#5573 = ORIENTED_EDGE ( 'NONE', *, *, #2744, .F. ) ;
#5574 = DIRECTION ( 'NONE',  ( 0.000000000000000000, -2.744815626545581052E-16, 1.000000000000000000 ) ) ;
#5575 = DIRECTION ( 'NONE',  ( 1.000000000000000000, -0.000000000000000000, -4.494102269369968727E-16 ) ) ;
#5576 = LINE ( 'NONE', #1469, #1735 ) ;
#5577 = LINE ( 'NONE', #1004, #5659 ) ;
#5578 = VECTOR ( 'NONE', #4682, 1000.000000000000000 ) ;
#5579 = EDGE_CURVE ( 'NONE', #510, #3955, #3662, .T. ) ;
#5580 = EDGE_LOOP ( 'NONE', ( #3918, #5482, #3081, #1916 ) ) ;
#5581 = EDGE_CURVE ( 'NONE', #2516, #6, #5657, .T. ) ;
#5582 = CARTESIAN_POINT ( 'NONE',  ( -6.325000000000000178, 8.499999999999992895, -1.585000000000000187 ) ) ;
#5583 = DIRECTION ( 'NONE',  ( 1.000000000000000000, -0.000000000000000000, -0.000000000000000000 ) ) ;
#5584 = VECTOR ( 'NONE', #2420, 1000.000000000000000 ) ;
#5585 = DIRECTION ( 'NONE',  ( 1.000000000000000000, 0.000000000000000000, 0.000000000000000000 ) ) ;
#5586 = EDGE_CURVE ( 'NONE', #955, #738, #3716, .T. ) ;
#5587 = VECTOR ( 'NONE', #1340, 1000.000000000000000 ) ;
#5588 = DIRECTION ( 'NONE',  ( 0.000000000000000000, 0.000000000000000000, -1.000000000000000000 ) ) ;
#5589 = STYLED_ITEM ( 'NONE', ( #2967 ), #579 ) ;
#5590 = ORIENTED_EDGE ( 'NONE', *, *, #1667, .T. ) ;
#5591 = ORIENTED_EDGE ( 'NONE', *, *, #5221, .T. ) ;
#5592 =( GEOMETRIC_REPRESENTATION_CONTEXT ( 3 ) GLOBAL_UNCERTAINTY_ASSIGNED_CONTEXT ( ( #2075 ) ) GLOBAL_UNIT_ASSIGNED_CONTEXT ( ( #850, #5892, #1031 ) ) REPRESENTATION_CONTEXT ( 'NONE', 'WORKASPACE' ) );
#5593 = LINE ( 'NONE', #3522, #1651 ) ;
#5594 = AXIS2_PLACEMENT_3D ( 'NONE', #5110, #3320, #3595 ) ;
#5595 = DIRECTION ( 'NONE',  ( 0.000000000000000000, 0.7071067811865477948, 0.7071067811865473507 ) ) ;
#5596 = FACE_OUTER_BOUND ( 'NONE', #4570, .T. ) ;
#5597 = CARTESIAN_POINT ( 'NONE',  ( -6.325000000000001954, -3.252606517456513302E-16, -0.9549999999999938538 ) ) ;
#5598 = EDGE_CURVE ( 'NONE', #4967, #4836, #1639, .T. ) ;
#5599 = DIRECTION ( 'NONE',  ( -0.7071067811865522357, 0.000000000000000000, -0.7071067811865426878 ) ) ;
#5600 = AXIS2_PLACEMENT_3D ( 'NONE', #5406, #287, #2589 ) ;
#5601 = PLANE ( 'NONE',  #5705 ) ;
#5602 = DIRECTION ( 'NONE',  ( 0.000000000000000000, 0.000000000000000000, -1.000000000000000000 ) ) ;
#5603 = DIRECTION ( 'NONE',  ( 0.000000000000000000, -2.995465716473998555E-16, -1.000000000000000000 ) ) ;
#5604 = ORIENTED_EDGE ( 'NONE', *, *, #2394, .T. ) ;
#5605 = LINE ( 'NONE', #4381, #1661 ) ;
#5606 = VECTOR ( 'NONE', #4966, 1000.000000000000000 ) ;
#5607 = ADVANCED_FACE ( 'NONE', ( #5686 ), #2792, .F. ) ;
#5608 = CARTESIAN_POINT ( 'NONE',  ( 6.000000000000000000, 7.500000000000001776, 0.4349999999999987765 ) ) ;
#5609 = EDGE_CURVE ( 'NONE', #3354, #2251, #3691, .T. ) ;
#5610 = CARTESIAN_POINT ( 'NONE',  ( -2.680000000000001048, 1.349999999999999867, -0.005000000000001014917 ) ) ;
#5611 = ORIENTED_EDGE ( 'NONE', *, *, #503, .F. ) ;
#5612 = DIRECTION ( 'NONE',  ( 0.000000000000000000, 1.000000000000000000, -3.614007241618348771E-16 ) ) ;
#5613 = DIRECTION ( 'NONE',  ( 0.000000000000000000, -1.000000000000000000, 0.000000000000000000 ) ) ;
#5614 = LINE ( 'NONE', #3336, #3681 ) ;
#5615 = LINE ( 'NONE', #5460, #3562 ) ;
#5616 = LINE ( 'NONE', #4481, #5623 ) ;
#5617 = ORIENTED_EDGE ( 'NONE', *, *, #1073, .T. ) ;
#5618 = CARTESIAN_POINT ( 'NONE',  ( -3.320000000000000728, 0.6699999999999997069, 1.585000000000005960 ) ) ;
#5619 = CARTESIAN_POINT ( 'NONE',  ( 0.3199999999999991185, -7.265096679918780609, -0.005000000000002567495 ) ) ;
#5620 = CARTESIAN_POINT ( 'NONE',  ( -3.320000000000000728, 1.350000000000000089, -1.585000000000000409 ) ) ;
#5621 = VECTOR ( 'NONE', #556, 1000.000000000000000 ) ;
#5622 = CARTESIAN_POINT ( 'NONE',  ( 2.250000000000001332, 8.300000000000000711, 2.774999999999999467 ) ) ;
#5623 = VECTOR ( 'NONE', #3054, 1000.000000000000000 ) ;
#5624 = ORIENTED_EDGE ( 'NONE', *, *, #4602, .F. ) ;
#5625 = EDGE_CURVE ( 'NONE', #3133, #4876, #3553, .T. ) ;
#5626 = LINE ( 'NONE', #3401, #3611 ) ;
#5627 = DIRECTION ( 'NONE',  ( 1.000000000000000000, -0.000000000000000000, -4.494102269369968727E-16 ) ) ;
#5628 = DIRECTION ( 'NONE',  ( -1.000000000000000000, 0.000000000000000000, 0.000000000000000000 ) ) ;
#5629 = FACE_OUTER_BOUND ( 'NONE', #5167, .T. ) ;
#5630 = DIRECTION ( 'NONE',  ( 1.000000000000000000, 0.000000000000000000, 0.000000000000000000 ) ) ;
#5631 = DIRECTION ( 'NONE',  ( -1.000000000000000000, 0.000000000000000000, 0.000000000000000000 ) ) ;
#5632 = DIRECTION ( 'NONE',  ( 1.000000000000000000, -0.000000000000000000, -4.494102269369968727E-16 ) ) ;
#5633 = DIRECTION ( 'NONE',  ( -2.247051134684983870E-16, 0.000000000000000000, 1.000000000000000000 ) ) ;
#5634 = ORIENTED_EDGE ( 'NONE', *, *, #2467, .F. ) ;
#5635 = EDGE_LOOP ( 'NONE', ( #2626, #4936, #5206, #2603 ) ) ;
#5636 = ADVANCED_FACE ( 'NONE', ( #3588 ), #670, .F. ) ;
#5637 = FACE_OUTER_BOUND ( 'NONE', #3881, .T. ) ;
#5638 = LINE ( 'NONE', #2140, #3718 ) ;
#5639 = CARTESIAN_POINT ( 'NONE',  ( 5.389999999999998792, 1.269999999999999796, 1.190000000000001279 ) ) ;
#5640 = CARTESIAN_POINT ( 'NONE',  ( -2.250000000000001332, 8.300000000000000711, 2.774999999999999467 ) ) ;
#5641 = PLANE ( 'NONE',  #5355 ) ;
#5642 = ORIENTED_EDGE ( 'NONE', *, *, #1597, .T. ) ;
#5643 = CARTESIAN_POINT ( 'NONE',  ( 5.389999999999999680, 0.000000000000000000, -0.9549999999999990719 ) ) ;
#5644 = DIRECTION ( 'NONE',  ( 0.000000000000000000, -0.000000000000000000, -1.000000000000000000 ) ) ;
#5645 = EDGE_LOOP ( 'NONE', ( #234, #1944, #3065, #3891 ) ) ;
#5646 = EDGE_CURVE ( 'NONE', #5886, #3955, #1759, .T. ) ;
#5647 = LINE ( 'NONE', #796, #1765 ) ;
#5648 = LINE ( 'NONE', #1221, #1754 ) ;
#5649 = ADVANCED_FACE ( 'NONE', ( #3706 ), #3544, .T. ) ;
#5650 = EDGE_CURVE ( 'NONE', #3239, #3551, #3638, .T. ) ;
#5651 = VERTEX_POINT ( 'NONE', #5689 ) ;
#5652 = CARTESIAN_POINT ( 'NONE',  ( 1.269999999999999130, 3.300000000000000711, 1.584999999999999076 ) ) ;
#5653 = EDGE_CURVE ( 'NONE', #4520, #1028, #5647, .T. ) ;
#5654 = DIRECTION ( 'NONE',  ( 0.000000000000000000, 0.000000000000000000, -1.000000000000000000 ) ) ;
#5655 = DIRECTION ( 'NONE',  ( 0.000000000000000000, -1.000000000000000000, 0.000000000000000000 ) ) ;
#5656 = EDGE_CURVE ( 'NONE', #2555, #3549, #1590, .T. ) ;
#5657 = LINE ( 'NONE', #5174, #1746 ) ;
#5658 = CARTESIAN_POINT ( 'NONE',  ( 5.674999999999999822, -1.449999999999999956, 1.884999999999999787 ) ) ;
#5659 = VECTOR ( 'NONE', #4161, 1000.000000000000000 ) ;
#5660 = DIRECTION ( 'NONE',  ( 1.000000000000000000, 0.000000000000000000, -0.000000000000000000 ) ) ;
#5661 = PRODUCT_RELATED_PRODUCT_CATEGORY ( 'part', '', ( #3418 ) ) ;
#5662 = ORIENTED_EDGE ( 'NONE', *, *, #1400, .F. ) ;
#5663 = ORIENTED_EDGE ( 'NONE', *, *, #5710, .T. ) ;
#5664 =( GEOMETRIC_REPRESENTATION_CONTEXT ( 3 ) GLOBAL_UNCERTAINTY_ASSIGNED_CONTEXT ( ( #1855 ) ) GLOBAL_UNIT_ASSIGNED_CONTEXT ( ( #4628, #3685, #4144 ) ) REPRESENTATION_CONTEXT ( 'NONE', 'WORKASPACE' ) );
#5665 = VERTEX_POINT ( 'NONE', #5838 ) ;
#5666 = FACE_OUTER_BOUND ( 'NONE', #5260, .T. ) ;
#5667 = FACE_OUTER_BOUND ( 'NONE', #2737, .T. ) ;
#5668 = FACE_OUTER_BOUND ( 'NONE', #4979, .T. ) ;
#5669 = CARTESIAN_POINT ( 'NONE',  ( 5.674999999999999822, -1.449999999999999956, 2.784999999999999698 ) ) ;
#5670 = DIRECTION ( 'NONE',  ( 0.000000000000000000, -1.000000000000000000, 3.614007241618348771E-16 ) ) ;
#5671 = CARTESIAN_POINT ( 'NONE',  ( -2.680000000000001048, 0.000000000000000000, 2.024999999999999023 ) ) ;
#5672 = DIRECTION ( 'NONE',  ( 0.000000000000000000, 0.000000000000000000, -1.000000000000000000 ) ) ;
#5673 = DIRECTION ( 'NONE',  ( 0.000000000000000000, 0.000000000000000000, -1.000000000000000000 ) ) ;
#5674 = DIRECTION ( 'NONE',  ( -1.000000000000000000, 0.000000000000000000, 0.000000000000000000 ) ) ;
#5675 = EDGE_LOOP ( 'NONE', ( #1572, #3758, #2352, #1620 ) ) ;
#5676 = FACE_OUTER_BOUND ( 'NONE', #782, .T. ) ;
#5677 = VECTOR ( 'NONE', #1713, 1000.000000000000000 ) ;
#5678 = CARTESIAN_POINT ( 'NONE',  ( 2.679999999999999272, 3.300000000000000711, 0.6349999999999992317 ) ) ;
#5679 = ORIENTED_EDGE ( 'NONE', *, *, #3465, .F. ) ;
#5680 = DIRECTION ( 'NONE',  ( -0.000000000000000000, -0.000000000000000000, 1.000000000000000000 ) ) ;
#5681 = ORIENTED_EDGE ( 'NONE', *, *, #1337, .F. ) ;
#5682 = DIRECTION ( 'NONE',  ( 1.000000000000000000, -0.000000000000000000, -0.000000000000000000 ) ) ;
#5683 = CARTESIAN_POINT ( 'NONE',  ( -2.880000000000001670, 7.500000000000001776, 0.000000000000000000 ) ) ;
#5684 = DIRECTION ( 'NONE',  ( 0.000000000000000000, -1.000000000000000000, 0.000000000000000000 ) ) ;
#5685 = ADVANCED_FACE ( 'NONE', ( #5558 ), #405, .F. ) ;
#5686 = FACE_OUTER_BOUND ( 'NONE', #3419, .T. ) ;
#5687 = EDGE_LOOP ( 'NONE', ( #1827, #3816, #3388, #3371 ) ) ;
#5688 = ORIENTED_EDGE ( 'NONE', *, *, #994, .F. ) ;
#5689 = CARTESIAN_POINT ( 'NONE',  ( -1.270000000000001128, 3.300000000000000711, 1.584999999999999520 ) ) ;
#5690 = CARTESIAN_POINT ( 'NONE',  ( 5.389999999999999680, 1.269999999999999796, -0.5599999999999989431 ) ) ;
#5691 = DIRECTION ( 'NONE',  ( -4.494102269369968727E-16, 1.618212197739558636E-16, -1.000000000000000000 ) ) ;
#5692 = CARTESIAN_POINT ( 'NONE',  ( 0.3199999999999991740, 1.350000000000000089, -1.585000000000000409 ) ) ;
#5693 = VECTOR ( 'NONE', #326, 1000.000000000000000 ) ;
#5694 = CARTESIAN_POINT ( 'NONE',  ( 2.679999999999999272, 6.899999999999995026, -0.005000000000000663636 ) ) ;
#5695 = VECTOR ( 'NONE', #48, 1000.000000000000000 ) ;
#5696 = CARTESIAN_POINT ( 'NONE',  ( -6.324999999999999289, 8.499999999999992895, 1.774999999999997247 ) ) ;
#5697 = EDGE_CURVE ( 'NONE', #1315, #1828, #3578, .T. ) ;
#5698 = VERTEX_POINT ( 'NONE', #1830 ) ;
#5699 = VECTOR ( 'NONE', #4147, 1000.000000000000000 ) ;
#5700 =( NAMED_UNIT ( * ) SI_UNIT ( $, .STERADIAN. ) SOLID_ANGLE_UNIT ( ) );
#5701 = CARTESIAN_POINT ( 'NONE',  ( -5.389999999999999680, 1.269999999999999796, 1.190000000000005942 ) ) ;
#5702 = CARTESIAN_POINT ( 'NONE',  ( -3.120000000000000551, 7.500000000000001776, 0.1949999999999998679 ) ) ;
#5703 = CARTESIAN_POINT ( 'NONE',  ( 2.679999999999999272, -2.579999999999992966, 0.6349999999999983435 ) ) ;
#5704 = ORIENTED_EDGE ( 'NONE', *, *, #4291, .T. ) ;
#5705 = AXIS2_PLACEMENT_3D ( 'NONE', #1567, #2487, #621 ) ;
#5706 = VECTOR ( 'NONE', #1081, 1000.000000000000114 ) ;
#5707 = EDGE_CURVE ( 'NONE', #3407, #4859, #3628, .T. ) ;
#5708 = LINE ( 'NONE', #956, #1640 ) ;
#5709 = DIRECTION ( 'NONE',  ( 0.000000000000000000, 1.000000000000000000, 1.807003620809174385E-16 ) ) ;
#5710 = EDGE_CURVE ( 'NONE', #5483, #1005, #3603, .T. ) ;
#5711 = APPLICATION_CONTEXT ( 'automotive_design' ) ;
#5712 = CARTESIAN_POINT ( 'NONE',  ( -5.674999999999999822, -1.449999999999999956, 1.884999999999999787 ) ) ;
#5713 = ORIENTED_EDGE ( 'NONE', *, *, #2001, .F. ) ;
#5714 = DIRECTION ( 'NONE',  ( 0.000000000000000000, -1.801998070613027504E-16, 1.000000000000000000 ) ) ;
#5715 = EDGE_CURVE ( 'NONE', #2347, #413, #5615, .T. ) ;
#5716 = VECTOR ( 'NONE', #5163, 1000.000000000000000 ) ;
#5717 = AXIS2_PLACEMENT_3D ( 'NONE', #3334, #3389, #1499 ) ;
#5718 = EDGE_CURVE ( 'NONE', #1191, #4489, #5567, .T. ) ;
#5719 = VERTEX_POINT ( 'NONE', #2283 ) ;
#5720 = ORIENTED_EDGE ( 'NONE', *, *, #4807, .F. ) ;
#5721 = DIRECTION ( 'NONE',  ( 0.000000000000000000, 0.000000000000000000, 1.000000000000000000 ) ) ;
#5722 = CARTESIAN_POINT ( 'NONE',  ( -4.924999999999999822, 9.900000000000000355, 1.044999999999999263 ) ) ;
#5723 = CARTESIAN_POINT ( 'NONE',  ( -6.325000000000001066, 1.269999999999999796, 1.190000000000006386 ) ) ;
#5724 = ORIENTED_EDGE ( 'NONE', *, *, #636, .F. ) ;
#5725 = ADVANCED_FACE ( 'NONE', ( #5676 ), #2773, .F. ) ;
#5726 = LINE ( 'NONE', #4497, #3910 ) ;
#5727 = DIRECTION ( 'NONE',  ( 0.000000000000000000, -1.000000000000000000, -2.017120320903263949E-16 ) ) ;
#5728 = VECTOR ( 'NONE', #1780, 1000.000000000000000 ) ;
#5729 =( GEOMETRIC_REPRESENTATION_CONTEXT ( 3 ) GLOBAL_UNCERTAINTY_ASSIGNED_CONTEXT ( ( #1131 ) ) GLOBAL_UNIT_ASSIGNED_CONTEXT ( ( #1633, #2029, #1059 ) ) REPRESENTATION_CONTEXT ( 'NONE', 'WORKASPACE' ) );
#5730 = EDGE_CURVE ( 'NONE', #4374, #3116, #5576, .T. ) ;
#5731 = ORIENTED_EDGE ( 'NONE', *, *, #5770, .T. ) ;
#5732 = VERTEX_POINT ( 'NONE', #3285 ) ;
#5733 = ORIENTED_EDGE ( 'NONE', *, *, #4143, .T. ) ;
#5734 = ORIENTED_EDGE ( 'NONE', *, *, #4577, .T. ) ;
#5735 = LINE ( 'NONE', #1111, #1791 ) ;
#5736 = VECTOR ( 'NONE', #119, 1000.000000000000000 ) ;
#5737 = CARTESIAN_POINT ( 'NONE',  ( 6.324999999999999289, 8.499999999999992895, 1.774999999999999245 ) ) ;
#5738 = CARTESIAN_POINT ( 'NONE',  ( 1.250000000000001110, 1.849999999999999201, 2.774999999999998135 ) ) ;
#5739 = CARTESIAN_POINT ( 'NONE',  ( -3.320000000000000728, 7.500000000000001776, -0.005000000000000663636 ) ) ;
#5740 = CARTESIAN_POINT ( 'NONE',  ( -6.325000000000001066, 1.269999999999999796, 1.190000000000006386 ) ) ;
#5741 = DIRECTION ( 'NONE',  ( -1.000000000000000000, 0.000000000000000000, 0.000000000000000000 ) ) ;
#5742 = ORIENTED_EDGE ( 'NONE', *, *, #212, .F. ) ;
#5743 = ORIENTED_EDGE ( 'NONE', *, *, #1400, .T. ) ;
#5744 = LINE ( 'NONE', #3131, #1804 ) ;
#5745 = FACE_OUTER_BOUND ( 'NONE', #4365, .T. ) ;
#5746 = CARTESIAN_POINT ( 'NONE',  ( -4.270000000000001350, 3.300000000000000711, -0.9550000000000004041 ) ) ;
#5747 = DIRECTION ( 'NONE',  ( -1.233548213626064722E-31, 1.000000000000000000, -2.744815626545581052E-16 ) ) ;
#5748 = CARTESIAN_POINT ( 'NONE',  ( 6.324999999999999289, 8.499999999999992895, 2.274999999999999467 ) ) ;
#5749 = ORIENTED_EDGE ( 'NONE', *, *, #4444, .F. ) ;
#5750 = CARTESIAN_POINT ( 'NONE',  ( -3.320000000000000728, 7.500000000000001776, -0.005000000000000663636 ) ) ;
#5751 = PLANE ( 'NONE',  #4825 ) ;
#5752 = CARTESIAN_POINT ( 'NONE',  ( -6.324999999999999289, 9.900000000000000355, 2.274999999999999467 ) ) ;
#5753 = EDGE_CURVE ( 'NONE', #1971, #5309, #1644, .T. ) ;
#5754 = EDGE_LOOP ( 'NONE', ( #2117, #1451, #1627, #2241 ) ) ;
#5755 = DIRECTION ( 'NONE',  ( 0.000000000000000000, -1.000000000000000000, -1.801998070613027504E-16 ) ) ;
#5756 = VECTOR ( 'NONE', #446, 1000.000000000000114 ) ;
#5757 = VECTOR ( 'NONE', #4034, 1000.000000000000000 ) ;
#5758 = ORIENTED_EDGE ( 'NONE', *, *, #2393, .T. ) ;
#5759 = ORIENTED_EDGE ( 'NONE', *, *, #28, .T. ) ;
#5760 = DIRECTION ( 'NONE',  ( -0.3015113445777614087, 0.9045340337332923308, -0.3015113445777614087 ) ) ;
#5761 = DIRECTION ( 'NONE',  ( 0.000000000000000000, 1.000000000000000000, -3.236424395479117765E-16 ) ) ;
#5762 = CARTESIAN_POINT ( 'NONE',  ( 0.3199999999999991185, -7.265096679918780609, 0.6349999999999974554 ) ) ;
#5763 = DIRECTION ( 'NONE',  ( 4.494102269369968727E-16, 3.236424395479117272E-16, 1.000000000000000000 ) ) ;
#5764 = ORIENTED_EDGE ( 'NONE', *, *, #96, .F. ) ;
#5765 = LINE ( 'NONE', #1417, #1917 ) ;
#5766 = CARTESIAN_POINT ( 'NONE',  ( -3.320000000000000728, -1.318004915248540806E-16, 1.585000000000005294 ) ) ;
#5767 = DIRECTION ( 'NONE',  ( 0.000000000000000000, 0.000000000000000000, -1.000000000000000000 ) ) ;
#5768 = EDGE_LOOP ( 'NONE', ( #2006, #2725, #810, #4083 ) ) ;
#5769 = ORIENTED_EDGE ( 'NONE', *, *, #473, .T. ) ;
#5770 = EDGE_CURVE ( 'NONE', #4957, #481, #5593, .T. ) ;
#5771 = ADVANCED_FACE ( 'NONE', ( #5667 ), #5773, .F. ) ;
#5772 = FACE_OUTER_BOUND ( 'NONE', #5236, .T. ) ;
#5773 = PLANE ( 'NONE',  #3154 ) ;
#5774 = VECTOR ( 'NONE', #1293, 1000.000000000000000 ) ;
#5775 = CARTESIAN_POINT ( 'NONE',  ( 6.325000000000000178, 9.900000000000000355, -1.584999999999999964 ) ) ;
#5776 = CARTESIAN_POINT ( 'NONE',  ( -0.3200000000000008393, 1.269999999999999796, 1.190000000000005720 ) ) ;
#5777 = VERTEX_POINT ( 'NONE', #1506 ) ;
#5778 = VERTEX_POINT ( 'NONE', #2858 ) ;
#5779 = EDGE_CURVE ( 'NONE', #39, #3787, #5626, .T. ) ;
#5780 = AXIS2_PLACEMENT_3D ( 'NONE', #519, #2348, #4435 ) ;
#5781 = VECTOR ( 'NONE', #5885, 1000.000000000000000 ) ;
#5782 = LINE ( 'NONE', #4075, #83 ) ;
#5783 = LINE ( 'NONE', #348, #33 ) ;
#5784 = DIRECTION ( 'NONE',  ( 1.000000000000000000, -0.000000000000000000, -4.494102269369968727E-16 ) ) ;
#5785 = AXIS2_PLACEMENT_3D ( 'NONE', #3297, #2787, #4141 ) ;
#5786 = CARTESIAN_POINT ( 'NONE',  ( 1.250000000000001110, 8.300000000000000711, 2.774999999999999467 ) ) ;
#5787 = ORIENTED_EDGE ( 'NONE', *, *, #544, .F. ) ;
#5788 = ORIENTED_EDGE ( 'NONE', *, *, #4525, .F. ) ;
#5789 = DIRECTION ( 'NONE',  ( -1.000000000000000000, -0.000000000000000000, -0.000000000000000000 ) ) ;
#5790 = AXIS2_PLACEMENT_3D ( 'NONE', #3458, #205, #681 ) ;
#5791 = DIRECTION ( 'NONE',  ( -0.000000000000000000, -0.000000000000000000, -1.000000000000000000 ) ) ;
#5792 = CARTESIAN_POINT ( 'NONE',  ( -5.389999999999997904, 1.849999999999999201, 2.024999999999999023 ) ) ;
#5793 = EDGE_CURVE ( 'NONE', #3688, #5090, #5605, .T. ) ;
#5794 = ORIENTED_EDGE ( 'NONE', *, *, #2334, .F. ) ;
#5795 = VECTOR ( 'NONE', #5373, 1000.000000000000000 ) ;
#5796 = ADVANCED_FACE ( 'NONE', ( #3620 ), #809, .T. ) ;
#5797 = ORIENTED_EDGE ( 'NONE', *, *, #1663, .T. ) ;
#5798 = ORIENTED_EDGE ( 'NONE', *, *, #3734, .T. ) ;
#5799 = CARTESIAN_POINT ( 'NONE',  ( 2.602499999999984936, 3.300000000000000711, -0.3975000000000095679 ) ) ;
#5800 = CARTESIAN_POINT ( 'NONE',  ( 6.000000000000000000, 7.500000000000001776, 0.4349999999999987765 ) ) ;
#5801 = AXIS2_PLACEMENT_3D ( 'NONE', #1941, #2391, #5512 ) ;
#5802 = DIRECTION ( 'NONE',  ( 0.000000000000000000, -0.000000000000000000, 1.000000000000000000 ) ) ;
#5803 = DIRECTION ( 'NONE',  ( 0.000000000000000000, 1.000000000000000000, 0.000000000000000000 ) ) ;
#5804 = FACE_OUTER_BOUND ( 'NONE', #671, .T. ) ;
#5805 = EDGE_CURVE ( 'NONE', #1158, #1774, #1688, .T. ) ;
#5806 = DIRECTION ( 'NONE',  ( -2.247051134684983870E-16, 0.000000000000000000, -1.000000000000000000 ) ) ;
#5807 = VECTOR ( 'NONE', #4863, 1000.000000000000000 ) ;
#5808 = CARTESIAN_POINT ( 'NONE',  ( -6.325000000000001066, 1.269999999999999796, 1.190000000000006386 ) ) ;
#5809 = CARTESIAN_POINT ( 'NONE',  ( 2.679999999999999272, -7.265096679918780609, 0.6349999999999974554 ) ) ;
#5810 = VERTEX_POINT ( 'NONE', #3639 ) ;
#5811 = ORIENTED_EDGE ( 'NONE', *, *, #2986, .F. ) ;
#5812 = VECTOR ( 'NONE', #2780, 1000.000000000000000 ) ;
#5813 = DIRECTION ( 'NONE',  ( 0.000000000000000000, -1.000000000000000000, -1.618212197739558882E-16 ) ) ;
#5814 = VECTOR ( 'NONE', #3705, 1000.000000000000000 ) ;
#5815 = DIRECTION ( 'NONE',  ( 1.000000000000000000, 0.000000000000000000, 0.000000000000000000 ) ) ;
#5816 = DIRECTION ( 'NONE',  ( 1.000000000000000000, -0.000000000000000000, -4.494102269369968727E-16 ) ) ;
#5817 = DIRECTION ( 'NONE',  ( -4.494102269369968727E-16, 1.618212197739558636E-16, -1.000000000000000000 ) ) ;
#5818 = CARTESIAN_POINT ( 'NONE',  ( -6.325000000000001066, 0.6699999999999997069, 1.585000000000006626 ) ) ;
#5819 = ORIENTED_EDGE ( 'NONE', *, *, #3022, .T. ) ;
#5820 = VERTEX_POINT ( 'NONE', #4022 ) ;
#5821 = ORIENTED_EDGE ( 'NONE', *, *, #2759, .F. ) ;
#5822 = ADVANCED_FACE ( 'NONE', ( #5637 ), #4504, .T. ) ;
#5823 = LINE ( 'NONE', #2668, #5756 ) ;
#5824 = LINE ( 'NONE', #1771, #2000 ) ;
#5825 = CARTESIAN_POINT ( 'NONE',  ( 3.163636363636359139, 8.350909090909087951, 0.4786363636363594187 ) ) ;
#5826 = EDGE_CURVE ( 'NONE', #3951, #1401, #1707, .T. ) ;
#5827 = DIRECTION ( 'NONE',  ( 2.247051134684983870E-16, 0.000000000000000000, -1.000000000000000000 ) ) ;
#5828 = ORIENTED_EDGE ( 'NONE', *, *, #4273, .T. ) ;
#5829 = DIRECTION ( 'NONE',  ( 1.000000000000000000, -0.000000000000000000, -4.494102269369968727E-16 ) ) ;
#5830 = ORIENTED_EDGE ( 'NONE', *, *, #1748, .T. ) ;
#5831 = CARTESIAN_POINT ( 'NONE',  ( -4.270000000000001350, 3.300000000000000711, 1.584999999999999520 ) ) ;
#5832 = EDGE_LOOP ( 'NONE', ( #1550, #1373, #5106, #1214 ) ) ;
#5833 = CARTESIAN_POINT ( 'NONE',  ( -5.389999999999997904, 1.849999999999999201, 2.274999999999999467 ) ) ;
#5834 = LINE ( 'NONE', #2159, #5781 ) ;
#5835 = FACE_OUTER_BOUND ( 'NONE', #4782, .T. ) ;
#5836 = ORIENTED_EDGE ( 'NONE', *, *, #5653, .T. ) ;
#5837 = ORIENTED_EDGE ( 'NONE', *, *, #5904, .F. ) ;
#5838 = CARTESIAN_POINT ( 'NONE',  ( 5.364999999999988667, 1.849999999999999201, 2.274999999999999467 ) ) ;
#5839 = CARTESIAN_POINT ( 'NONE',  ( 4.269999999999999574, 3.300000000000000711, 1.584999999999999076 ) ) ;
#5840 = ORIENTED_EDGE ( 'NONE', *, *, #3653, .F. ) ;
#5841 = VECTOR ( 'NONE', #4726, 1000.000000000000000 ) ;
#5842 = VECTOR ( 'NONE', #107, 1000.000000000000000 ) ;
#5843 = EDGE_CURVE ( 'NONE', #5016, #5317, #1357, .T. ) ;
#5844 = VERTEX_POINT ( 'NONE', #1421 ) ;
#5845 = ORIENTED_EDGE ( 'NONE', *, *, #3452, .T. ) ;
#5846 = EDGE_CURVE ( 'NONE', #2867, #3137, #3317, .T. ) ;
#5847 = ORIENTED_EDGE ( 'NONE', *, *, #372, .F. ) ;
#5848 = LINE ( 'NONE', #1956, #5716 ) ;
#5849 = DIRECTION ( 'NONE',  ( -1.000000000000000000, 0.000000000000000000, 0.000000000000000000 ) ) ;
#5850 = CARTESIAN_POINT ( 'NONE',  ( -6.325000000000001954, 0.6699999999999997069, -0.9549999999999937428 ) ) ;
#5851 = EDGE_CURVE ( 'NONE', #4374, #2931, #3416, .T. ) ;
#5852 = CARTESIAN_POINT ( 'NONE',  ( 1.269999999999999130, 3.300000000000000711, 1.584999999999999076 ) ) ;
#5853 = PLANE ( 'NONE',  #3337 ) ;
#5854 = EDGE_CURVE ( 'NONE', #3258, #3617, #5343, .T. ) ;
#5855 = ORIENTED_EDGE ( 'NONE', *, *, #5383, .F. ) ;
#5856 = ORIENTED_EDGE ( 'NONE', *, *, #545, .F. ) ;
#5857 = VECTOR ( 'NONE', #3460, 1000.000000000000000 ) ;
#5858 = AXIS2_PLACEMENT_3D ( 'NONE', #1706, #5244, #1638 ) ;
#5859 = VECTOR ( 'NONE', #855, 1000.000000000000000 ) ;
#5860 = STYLED_ITEM ( 'NONE', ( #3184 ), #1483 ) ;
#5861 = DIRECTION ( 'NONE',  ( -1.000000000000000000, 0.000000000000000000, 0.000000000000000000 ) ) ;
#5862 = EDGE_CURVE ( 'NONE', #328, #5100, #5392, .T. ) ;
#5864 = ADVANCED_FACE ( 'NONE', ( #1366 ), #2299, .F. ) ;
#5863 = AXIS2_PLACEMENT_3D ( 'NONE', #5554, #1559, #5660 ) ;
#5865 = DIRECTION ( 'NONE',  ( -0.7071067811865495711, 0.7071067811865454633, 1.588905095008682906E-16 ) ) ;
#5866 = ORIENTED_EDGE ( 'NONE', *, *, #2479, .F. ) ;
#5867 = CARTESIAN_POINT ( 'NONE',  ( -6.325000000000001066, -3.252606517456513302E-16, 1.585000000000006848 ) ) ;
#5868 = ORIENTED_EDGE ( 'NONE', *, *, #323, .T. ) ;
#5869 = CARTESIAN_POINT ( 'NONE',  ( 0.6200000000000032152, 3.300000000000000711, 1.584999999999999298 ) ) ;
#5870 = DIRECTION ( 'NONE',  ( 0.000000000000000000, 0.000000000000000000, 1.000000000000000000 ) ) ;
#5871 = ORIENTED_EDGE ( 'NONE', *, *, #2416, .F. ) ;
#5872 = ADVANCED_FACE ( 'NONE', ( #1386 ), #5083, .F. ) ;
#5873 = CARTESIAN_POINT ( 'NONE',  ( -6.325000000000001066, 0.6699999999999997069, 1.585000000000006626 ) ) ;
#5874 = UNCERTAINTY_MEASURE_WITH_UNIT (LENGTH_MEASURE( 1.000000000000000082E-05 ), #2971, 'distance_accuracy_value', 'NONE');
#5875 = FACE_OUTER_BOUND ( 'NONE', #3702, .T. ) ;
#5876 = VECTOR ( 'NONE', #4076, 1000.000000000000000 ) ;
#5877 = FACE_OUTER_BOUND ( 'NONE', #4657, .T. ) ;
#5878 = AXIS2_PLACEMENT_3D ( 'NONE', #380, #852, #1359 ) ;
#5879 = EDGE_CURVE ( 'NONE', #5210, #3906, #3440, .T. ) ;
#5880 = ORIENTED_EDGE ( 'NONE', *, *, #5409, .T. ) ;
#5881 = DIRECTION ( 'NONE',  ( 0.000000000000000000, 1.000000000000000000, 0.000000000000000000 ) ) ;
#5882 = FACE_OUTER_BOUND ( 'NONE', #1082, .T. ) ;
#5883 =( NAMED_UNIT ( * ) PLANE_ANGLE_UNIT ( ) SI_UNIT ( $, .RADIAN. ) );
#5884 = PLANE ( 'NONE',  #2682 ) ;
#5885 = DIRECTION ( 'NONE',  ( -0.000000000000000000, -1.000000000000000000, -0.000000000000000000 ) ) ;
#5886 = VERTEX_POINT ( 'NONE', #3224 ) ;
#5887 = ORIENTED_EDGE ( 'NONE', *, *, #5344, .T. ) ;
#5888 = MECHANICAL_DESIGN_GEOMETRIC_PRESENTATION_REPRESENTATION (  '', ( #3375 ), #3486 ) ;
#5889 = ORIENTED_EDGE ( 'NONE', *, *, #994, .T. ) ;
#5890 = LINE ( 'NONE', #803, #1851 ) ;
#5891 = DIRECTION ( 'NONE',  ( -1.000000000000000000, 0.000000000000000000, 0.000000000000000000 ) ) ;
#5892 =( NAMED_UNIT ( * ) PLANE_ANGLE_UNIT ( ) SI_UNIT ( $, .RADIAN. ) );
#5893 = LINE ( 'NONE', #1476, #1950 ) ;
#5894 = DIRECTION ( 'NONE',  ( -1.000000000000000000, 0.000000000000000000, 1.280553747030123322E-16 ) ) ;
#5895 = CARTESIAN_POINT ( 'NONE',  ( 5.389999999999999680, 0.6699999999999998179, -0.5599999999999937250 ) ) ;
#5896 = DIRECTION ( 'NONE',  ( 0.000000000000000000, 0.000000000000000000, 1.000000000000000000 ) ) ;
#5897 = DIRECTION ( 'NONE',  ( 0.000000000000000000, -1.000000000000000000, 0.000000000000000000 ) ) ;
#5898 = DIRECTION ( 'NONE',  ( 1.000000000000000000, 0.000000000000000000, -4.494102269369968727E-16 ) ) ;
#5899 = VERTEX_POINT ( 'NONE', #5474 ) ;
#5900 = ORIENTED_EDGE ( 'NONE', *, *, #1814, .F. ) ;
#5901 = EDGE_LOOP ( 'NONE', ( #5420, #1382, #3797, #5199, #3810, #86 ) ) ;
#5902 = FACE_OUTER_BOUND ( 'NONE', #3097, .T. ) ;
#5903 = AXIS2_PLACEMENT_3D ( 'NONE', #645, #3335, #4794 ) ;
#5904 = EDGE_CURVE ( 'NONE', #1650, #1325, #5433, .T. ) ;
#5905 = FACE_OUTER_BOUND ( 'NONE', #4718, .T. ) ;
ENDSEC;
END-ISO-10303-21;
